normalized_label,labels,editions,candidate_company_ids,catalogue_sources,existing_ats,configured_portals,existing_world_jobs,existing_france_jobs,profiles,identity_status
"","国际名品运用于","cn","","","","","","","https://cn.fashionjobs.com/%E6%8B%9B%E8%81%98/%E5%9B%BD%E9%99%85%E5%90%8D%E5%93%81%E8%BF%90%E7%94%A8%E4%BA%8E.html","CANDIDATE_NOT_CERTIFIED"
"032C","032C","de","","","","","","","https://de.fashionjobs.com/karriere-arbeitspl%C3%A4tze/032c.html","CANDIDATE_NOT_CERTIFIED"
"100 SISTERS","100% SISTERS","be","","","","","","","https://be.fashionjobs.com/recrutement/100-sisters.html","CANDIDATE_NOT_CERTIFIED"
"16PARIS","16PARIS","fr","","","","","","","https://fr.fashionjobs.com/recrutement/16paris.html","CANDIDATE_NOT_CERTIFIED"
"19TH STREET","19TH STREET","it","","","","","","","https://it.fashionjobs.com/lavora-con-noi/19th-street.html","CANDIDATE_NOT_CERTIFIED"
"2 MAI PARIS","2 MAI PARIS","fr","cmtkdw2sg1u8znf2bjpd9lgvr","","","","","","https://fr.fashionjobs.com/recrutement/2-mai-paris.html","CANDIDATE_NOT_CERTIFIED"
"23 MAI PARIS","23 MAI PARIS","fr","cmtkdvxpe1sronf2b4pgv8aru","","","","","","https://fr.fashionjobs.com/recrutement/23-mai-paris.html","CANDIDATE_NOT_CERTIFIED"
"24BOTTLES","24BOTTLES","it","","","","","","","https://it.fashionjobs.com/lavora-con-noi/24bottles.html","CANDIDATE_NOT_CERTIFIED"
"360 TALENT LONDON","360 TALENT LONDON","ca | de | dk | fr | it | mc | uk | us","cmtkdw0aw1tgrnf2bke9mhl7g","fashionjobs:PAUSED","fashionjobs","","2","2","https://ca.fashionjobs.com/careers/360-talent-london.html | https://de.fashionjobs.com/karriere-arbeitspl%C3%A4tze/360-talent-london.html | https://dk.fashionjobs.com/careers/360-talent-london.html | https://fr.fashionjobs.com/recrutement/360-talent-london.html | https://it.fashionjobs.com/lavora-con-noi/360-talent-london.html | https://mc.fashionjobs.com/recrutement/360-talent-london.html | https://uk.fashionjobs.com/careers/360-talent-london.html | https://us.fashionjobs.com/careers/360-talent-london.html","CANDIDATE_NOT_CERTIFIED"
"3D TRADE","3D TRADE","fr","cmtlq3uh81lzzpg2bs51mn11d","","","","","","https://fr.fashionjobs.com/recrutement/3d-trade.html","CANDIDATE_NOT_CERTIFIED"
"58 FACETTES","58 FACETTES","fr","cmtkdvzx21td0nf2bpm258lmx","fashionjobs:PAUSED","fashionjobs","","1","1","https://fr.fashionjobs.com/recrutement/58-facettes.html","CANDIDATE_NOT_CERTIFIED"
"A DISTINCT NOISE","A DISTINCT NOISE","fr","cmtkdvwk31sfsnf2bq61mln8j","","","","","","https://fr.fashionjobs.com/recrutement/a-distinct-noise.html","CANDIDATE_NOT_CERTIFIED"
"A LA SOURCE","A LA SOURCE...","fr","","","","","","","https://fr.fashionjobs.com/recrutement/a-la-source-.html","CANDIDATE_NOT_CERTIFIED"
"A MAGAZINE CURATED BY","A MAGAZINE CURATED BY","fr","","","","","","","https://fr.fashionjobs.com/recrutement/a-magazine-curated-by.html","CANDIDATE_NOT_CERTIFIED"
"A P C","A.P.C | A.P.C.","fr","cmtkdvwgc1sednf2bnfwm5tv7","a-p-c:PAUSED | wttj-sector:ACTIVE","wttj | wttj-sector","","22","22","https://fr.fashionjobs.com/recrutement/a-p-c.html | https://fr.fashionjobs.com/recrutement/a-p-c-.html","CANDIDATE_NOT_CERTIFIED"
"ABANUC","ABANUC","es","","","","","","","https://es.fashionjobs.com/careers-empleo/abanuc.html","CANDIDATE_NOT_CERTIFIED"
"ABERCROMBIE AND FITCH","ABERCROMBIE AND FITCH","ae | at | be | ca | cn | de | hk | ie | jp | kw | nl | ph | pl | sg | uk | us","cmtp1v3vg01b0qq4zderk1xev","abercrombie:ACTIVE","smartrecruiters-whitelabel","","8","0","https://ae.fashionjobs.com/careers/abercrombie-and-fitch.html | https://at.fashionjobs.com/karriere-arbeitspl%C3%A4tze/abercrombie-and-fitch.html | https://be.fashionjobs.com/recrutement/abercrombie-and-fitch.html | https://ca.fashionjobs.com/careers/abercrombie-and-fitch.html | https://cn.fashionjobs.com/%E6%8B%9B%E8%81%98/abercrombie-and-fitch.html | https://de.fashionjobs.com/karriere-arbeitspl%C3%A4tze/abercrombie-and-fitch.html | https://hk.fashionjobs.com/careers/abercrombie-and-fitch.html | https://ie.fashionjobs.com/careers/abercrombie-and-fitch.html | https://jp.fashionjobs.com/%E3%83%AA%E3%82%AF%E3%83%AB%E3%83%BC%E3%83%88/abercrombie-and-fitch.html | https://kw.fashionjobs.com/careers/abercrombie-and-fitch.html | https://nl.fashionjobs.com/vacatures-careers/abercrombie-and-fitch.html | https://ph.fashionjobs.com/careers/abercrombie-and-fitch.html | https://pl.fashionjobs.com/en-pl/careers/abercrombie-and-fitch.html | https://sg.fashionjobs.com/careers/abercrombie-and-fitch.html | https://uk.fashionjobs.com/careers/abercrombie-and-fitch.html | https://us.fashionjobs.com/careers/abercrombie-and-fitch.html","CANDIDATE_NOT_CERTIFIED"
"ABOUT YOU","ABOUT YOU","de | us","","","","","","","https://de.fashionjobs.com/karriere-arbeitspl%C3%A4tze/about-you.html | https://us.fashionjobs.com/careers/about-you.html","CANDIDATE_NOT_CERTIFIED"
"ABRAHAM INDUSTRIES SRL","ABRAHAM INDUSTRIES SRL","it","","","","","","","https://it.fashionjobs.com/lavora-con-noi/abraham-industries-srl.html","CANDIDATE_NOT_CERTIFIED"
"ABSOLUT CASHMERE","ABSOLUT CASHMERE","fr","cmtkdvzgn1t83nf2ba9rhyuip","","","","","","https://fr.fashionjobs.com/recrutement/absolut-cashmere.html","CANDIDATE_NOT_CERTIFIED"
"ACE AND TATE","ACE & TATE","at | ch | de | nl | uk","","","","","","","https://at.fashionjobs.com/karriere-arbeitspl%C3%A4tze/ace-tate.html | https://ch.fashionjobs.com/recrutement/ace-tate.html | https://de.fashionjobs.com/karriere-arbeitspl%C3%A4tze/ace-tate.html | https://nl.fashionjobs.com/vacatures-careers/ace-tate.html | https://uk.fashionjobs.com/careers/ace-tate.html","CANDIDATE_NOT_CERTIFIED"
"ACQUA DI PARMA","ACQUA DI PARMA","us","cmtk4969e1j8tny2bqz2ta2m1","lvmh:ACTIVE","lvmh_algolia","","10","0","https://us.fashionjobs.com/careers/acqua-di-parma.html","CANDIDATE_NOT_CERTIFIED"
"ADECCO","ADECCO","mx","","","","","","","https://mx.fashionjobs.com/careers-empleo/adecco.html","CANDIDATE_NOT_CERTIFIED"
"ADECCO S P A","ADECCO S.P.A","it","","","","","","","https://it.fashionjobs.com/lavora-con-noi/adecco-s-p-a.html","CANDIDATE_NOT_CERTIFIED"
"ADELE ALTMAN","ADELE ALTMAN","it","","","","","","","https://it.fashionjobs.com/lavora-con-noi/adele-altman.html","CANDIDATE_NOT_CERTIFIED"
"ADIDAS","ADIDAS","ae | at | au | be | bg | br | ca | ch | cl | cn | co | cz | de | eg | fr | gr | hk | hr | hu | id | ie | il | in | it | jo | jp | kr | kz | ma | mx | nl | nz | pe | ph | pl | pt | ro | sa | sg | th | tr | tw | ua | uk | us | vn | za","cmtkdvv771rzinf2b3bt9vqu4","adidas:ACTIVE","successfactors","https://jobs.adidas-group.com","1106","52","https://ae.fashionjobs.com/careers/adidas.html | https://at.fashionjobs.com/karriere-arbeitspl%C3%A4tze/adidas.html | https://au.fashionjobs.com/careers/adidas.html | https://be.fashionjobs.com/recrutement/adidas.html | https://bg.fashionjobs.com/careers/adidas.html | https://br.fashionjobs.com/recrutamento-careers/adidas.html | https://ca.fashionjobs.com/careers/adidas.html | https://ch.fashionjobs.com/recrutement/adidas.html | https://cl.fashionjobs.com/careers-empleo/adidas.html | https://cn.fashionjobs.com/%E6%8B%9B%E8%81%98/adidas.html | https://co.fashionjobs.com/careers-empleo/adidas.html | https://cz.fashionjobs.com/karriere-arbeitspl%C3%A4tze/adidas.html | https://de.fashionjobs.com/karriere-arbeitspl%C3%A4tze/adidas.html | https://eg.fashionjobs.com/careers/adidas.html | https://fr.fashionjobs.com/recrutement/adidas.html | https://gr.fashionjobs.com/careers/adidas.html | https://hk.fashionjobs.com/careers/adidas.html | https://hr.fashionjobs.com/careers/adidas.html | https://hu.fashionjobs.com/careers/adidas.html | https://id.fashionjobs.com/careers/adidas.html | https://ie.fashionjobs.com/careers/adidas.html | https://il.fashionjobs.com/careers/adidas.html | https://in.fashionjobs.com/careers/adidas.html | https://it.fashionjobs.com/lavora-con-noi/adidas.html | https://jo.fashionjobs.com/careers/adidas.html | https://jp.fashionjobs.com/%E3%83%AA%E3%82%AF%E3%83%AB%E3%83%BC%E3%83%88/adidas.html | https://kr.fashionjobs.com/careers/adidas.html | https://kz.fashionjobs.com/careers/adidas.html | https://ma.fashionjobs.com/recrutement/adidas.html | https://mx.fashionjobs.com/careers-empleo/adidas.html | https://nl.fashionjobs.com/vacatures-careers/adidas.html | https://nz.fashionjobs.com/careers/adidas.html | https://pe.fashionjobs.com/careers-empleo/adidas.html | https://ph.fashionjobs.com/careers/adidas.html | https://pl.fashionjobs.com/en-pl/careers/adidas.html | https://pt.fashionjobs.com/recrutamento-careers/adidas.html | https://ro.fashionjobs.com/careers/adidas.html | https://sa.fashionjobs.com/careers/adidas.html | https://sg.fashionjobs.com/careers/adidas.html | https://th.fashionjobs.com/careers/adidas.html | https://tr.fashionjobs.com/i%C5%9Fe-al%C4%B1m/adidas.html | https://tw.fashionjobs.com/careers/adidas.html | https://ua.fashionjobs.com/%D0%BF%D0%BE%D0%B4%D0%B1%D0%BE%D1%80-%D0%BF%D0%B5%D1%80%D1%81%D0%BE%D0%BD%D0%B0%D0%BB%D0%B0/adidas.html | https://uk.fashionjobs.com/careers/adidas.html | https://us.fashionjobs.com/careers/adidas.html | https://vn.fashionjobs.com/careers/adidas.html | https://za.fashionjobs.com/careers/adidas.html","CANDIDATE_NOT_CERTIFIED"
"ADOPT PARFUMS","ADOPT PARFUMS","be | fr | it","cmtt3jq6q00003nx9kegbxkdh","adopt-parfums:ACTIVE","flatchr","https://adopt.flatchr.io/fr/company/adopt/","121","82","https://be.fashionjobs.com/recrutement/adopt-parfums.html | https://fr.fashionjobs.com/recrutement/adopt-parfums.html | https://it.fashionjobs.com/lavora-con-noi/adopt-parfums.html","OFFICIAL_SOURCE_REVIEWED_20260908"
"AERIE","AERIE","ca | mx | us","","","","","","","https://ca.fashionjobs.com/careers/aerie.html | https://mx.fashionjobs.com/careers-empleo/aerie.html | https://us.fashionjobs.com/careers/aerie.html","CANDIDATE_NOT_CERTIFIED"
"AEROPOSTALE","AEROPOSTALE","us","cmtptzvf303fpl35murd5wim1","aeropostale:ACTIVE","icims","https://careers-aeropostale.icims.com","18","0","https://us.fashionjobs.com/careers/aeropostale.html","CANDIDATE_NOT_CERTIFIED"
"AESOP","AESOP","au | cn | jp | nl | uk | us","","","","","","","https://au.fashionjobs.com/careers/aesop.html | https://cn.fashionjobs.com/%E6%8B%9B%E8%81%98/aesop.html | https://jp.fashionjobs.com/%E3%83%AA%E3%82%AF%E3%83%AB%E3%83%BC%E3%83%88/aesop.html | https://nl.fashionjobs.com/vacatures-careers/aesop.html | https://uk.fashionjobs.com/careers/aesop.html | https://us.fashionjobs.com/careers/aesop.html","CANDIDATE_NOT_CERTIFIED"
"AFLAME CONCEPT","AFLAME CONCEPT","es","","","","","","","https://es.fashionjobs.com/careers-empleo/aflame-concept.html","CANDIDATE_NOT_CERTIFIED"
"AGATHA","AGATHA","fr","cmtkdvxmi1sqsnf2bqyk4udiq","fashionjobs:PAUSED","fashionjobs","","2","2","https://fr.fashionjobs.com/recrutement/agatha.html","CANDIDATE_NOT_CERTIFIED"
"AGE PARIS","ÂGE PARIS","fr","cmtkdvx4x1skonf2bnkxmcbw7","","","","","","https://fr.fashionjobs.com/recrutement/age-paris.html","CANDIDATE_NOT_CERTIFIED"
"AGENCE DRESSCODE","AGENCE DRESSCODE","fr","cmtkdvv6y1rzenf2bsoxju045","","","","","","https://fr.fashionjobs.com/recrutement/agence-dresscode.html","CANDIDATE_NOT_CERTIFIED"
"AGENCE MELCHIOR","AGENCE MELCHIOR","fr","","","","","","","https://fr.fashionjobs.com/recrutement/agence-melchior.html","CANDIDATE_NOT_CERTIFIED"
"AGENCE OHANA","AGENCE OHANA","fr","","","","","","","https://fr.fashionjobs.com/recrutement/agence-ohana.html","CANDIDATE_NOT_CERTIFIED"
"AGENZIA MODA","AGENZIA MODA","it","","","","","","","https://it.fashionjobs.com/lavora-con-noi/agenzia-moda.html","CANDIDATE_NOT_CERTIFIED"
"AGNES B","AGNÈS B.","fr","cmtkdvuel1rnnnf2ba6k0ky9j","fashionjobs:PAUSED","fashionjobs","","1","1","https://fr.fashionjobs.com/recrutement/agnes-b-.html","CANDIDATE_NOT_CERTIFIED"
"AIGLE","Aigle","fr","cmtlyojxw0k1zqf5k0bdeyvwn","aigle:ACTIVE","digitalrecruiters","","107","105","https://fr.fashionjobs.com/recrutement/aigle.html","CANDIDATE_NOT_CERTIFIED"
"AIKO BY GIOIA SEGHERS","AIKO BY GIOIA SEGHERS","be","","","","","","","https://be.fashionjobs.com/recrutement/aiko-by-gioia-seghers.html","CANDIDATE_NOT_CERTIFIED"
"AIME INC","AIME INC","fr","cmtk1wz0k003dnv2bwzphy7tt","wttj-sector:ACTIVE | aime:RETIRED","wttj-sector | wttj","","7","7","https://fr.fashionjobs.com/recrutement/aime-inc.html","CANDIDATE_NOT_CERTIFIED"
"AKHO","AKHO","fr","cmtp868z33rnzqq4zjy1vwkng","fashionjobs:PAUSED","fashionjobs","","1","1","https://fr.fashionjobs.com/recrutement/akho.html","CANDIDATE_NOT_CERTIFIED"
"AL S","AL'S","us","","","","","","","https://us.fashionjobs.com/careers/al-s.html","CANDIDATE_NOT_CERTIFIED"
"ALAIN AFFLELOU","ALAIN AFFLELOU","be","cmtpgj7p83dohqq4zc6l1us92","fashionjobs:PAUSED","fashionjobs","","83","83","https://be.fashionjobs.com/recrutement/alain-afflelou.html","CANDIDATE_NOT_CERTIFIED"
"ALBYA","ALBYA","fr","cmtkdw0l91tk1nf2bns84n4tr","fashionjobs:PAUSED","fashionjobs","","1","1","https://fr.fashionjobs.com/recrutement/albya.html","CANDIDATE_NOT_CERTIFIED"
"ALESSANDRO SIMONI","ALESSANDRO SIMONI","es","","","","","","","https://es.fashionjobs.com/careers-empleo/alessandro-simoni.html","CANDIDATE_NOT_CERTIFIED"
"ALEVI MILANO","ALEVÌ MILANO","it","","","","","","","https://it.fashionjobs.com/lavora-con-noi/alevi-milano.html","CANDIDATE_NOT_CERTIFIED"
"ALEXANDER KRAFT MONTE CARLO SALR","ALEXANDER KRAFT MONTE CARLO SALR","it","","","","","","","https://it.fashionjobs.com/lavora-con-noi/alexander-kraft-monte-carlo-salr.html","CANDIDATE_NOT_CERTIFIED"
"ALEXANDER MCQUEEN","ALEXANDER MCQUEEN","us","cmtpukv2229eml35msvpmgb2m","kering:ACTIVE","eightfold","https://careers.kering.com","21","1","https://us.fashionjobs.com/careers/alexander-mcqueen.html","CANDIDATE_NOT_CERTIFIED"
"ALEXANDER YETMAN","ALEXANDER YETMAN","uk","","","","","","","https://uk.fashionjobs.com/careers/alexander-yetman.html","CANDIDATE_NOT_CERTIFIED"
"ALEXANDRA ZHUKOVA","ALEXANDRA ZHUKOVA","fr","cmtkdw26y1u1gnf2biqd4m0tu","","","","","","https://fr.fashionjobs.com/recrutement/alexandra-zhukova.html","CANDIDATE_NOT_CERTIFIED"
"ALEXEIN CONSEIL","ALEXEIN CONSEIL","fr","cmtkdvujg1rpnnf2b42lriz7o","","","","","","https://fr.fashionjobs.com/recrutement/alexein-conseil.html","CANDIDATE_NOT_CERTIFIED"
"ALFARO 1926","ALFARO 1926","es","","","","","","","https://es.fashionjobs.com/careers-empleo/alfaro-1926.html","CANDIDATE_NOT_CERTIFIED"
"ALGIERI PARIS","ALGIERI PARIS","fr","","","","","","","https://fr.fashionjobs.com/recrutement/algieri-paris.html","CANDIDATE_NOT_CERTIFIED"
"ALGO BONITO","ALGO BONITO","pt","","","","","","","https://pt.fashionjobs.com/recrutamento-careers/algo-bonito.html","CANDIDATE_NOT_CERTIFIED"
"ALICE AND OLIVIA","ALICE AND OLIVIA","us","","","","","","","https://us.fashionjobs.com/careers/alice-and-olivia.html","CANDIDATE_NOT_CERTIFIED"
"ALICE OLIVIA","ALICE + OLIVIA","it | uk | us","","","","","","","https://it.fashionjobs.com/lavora-con-noi/alice-olivia.html | https://uk.fashionjobs.com/careers/alice-olivia.html | https://us.fashionjobs.com/careers/alice-olivia.html","CANDIDATE_NOT_CERTIFIED"
"ALINE S FASHION","ALINE'S FASHION","fr","","","","","","","https://fr.fashionjobs.com/recrutement/aline-s-fashion.html","CANDIDATE_NOT_CERTIFIED"
"ALLIWANT","ALLIWANT","es","","","","","","","https://es.fashionjobs.com/careers-empleo/alliwant.html","CANDIDATE_NOT_CERTIFIED"
"ALLSAINTS","ALLSAINTS","de | ie | uk | us","","","","","","","https://de.fashionjobs.com/karriere-arbeitspl%C3%A4tze/allsaints.html | https://ie.fashionjobs.com/careers/allsaints.html | https://uk.fashionjobs.com/careers/allsaints.html | https://us.fashionjobs.com/careers/allsaints.html","CANDIDATE_NOT_CERTIFIED"
"ALO YOGA","ALO YOGA","au | ca | de | hk | ie | kr | nl | pa | uk | us","","","","","","","https://au.fashionjobs.com/careers/alo-yoga.html | https://ca.fashionjobs.com/careers/alo-yoga.html | https://de.fashionjobs.com/karriere-arbeitspl%C3%A4tze/alo-yoga.html | https://hk.fashionjobs.com/careers/alo-yoga.html | https://ie.fashionjobs.com/careers/alo-yoga.html | https://kr.fashionjobs.com/careers/alo-yoga.html | https://nl.fashionjobs.com/vacatures-careers/alo-yoga.html | https://pa.fashionjobs.com/careers-empleo/alo-yoga.html | https://uk.fashionjobs.com/careers/alo-yoga.html | https://us.fashionjobs.com/careers/alo-yoga.html","CANDIDATE_NOT_CERTIFIED"
"ALOHAS","ALOHAS","es | fr","cmtkdvzor1tafnf2bb0j058kz","","","","","","https://es.fashionjobs.com/careers-empleo/alohas.html | https://fr.fashionjobs.com/recrutement/alohas.html","CANDIDATE_NOT_CERTIFIED"
"ALTER DESIGNS","ALTER DESIGNS","fr","cmtkdvwi11sf1nf2bnatrxkov","","","","","","https://fr.fashionjobs.com/recrutement/alter-designs.html","CANDIDATE_NOT_CERTIFIED"
"ALTERCOSMETO ALGOLOGIE AND DR RENAUD","ALTERCOSMETO - ALGOLOGIE & DR RENAUD","fr","","","","","","","https://fr.fashionjobs.com/recrutement/altercosmeto-algologie-dr-renaud.html","CANDIDATE_NOT_CERTIFIED"
"ALVEOLE STUDIO","ALVEOLE STUDIO","fr","cmtkdw2nl1u79nf2bpupgruh3","","","","","","https://fr.fashionjobs.com/recrutement/alveole-studio.html","CANDIDATE_NOT_CERTIFIED"
"AM AMSTRA SRL","AM AMSTRA SRL","it","","","","","","","https://it.fashionjobs.com/lavora-con-noi/am-amstra-srl.html","CANDIDATE_NOT_CERTIFIED"
"AMATEIS HENRI DUVILLARD DEGRE 7 AULP VERTIGO","AMATEIS (HENRI DUVILLARD, DEGRE 7, AULP, VERTIGO)","fr","","","","","","","https://fr.fashionjobs.com/recrutement/amateis.html","CANDIDATE_NOT_CERTIFIED"
"AMBALI","AMBALI","fr","","","","","","","https://fr.fashionjobs.com/recrutement/ambali.html","CANDIDATE_NOT_CERTIFIED"
"AMELIE CHARME","AMELIE CHARME","uk","","","","","","","https://uk.fashionjobs.com/careers/amelie-charme.html","CANDIDATE_NOT_CERTIFIED"
"AMELIE ICON RETAIL S R L","AMELIE / ICON RETAIL S.R.L.","it","","","","","","","https://it.fashionjobs.com/lavora-con-noi/amelie-icon-retail-s-r-l-.html","CANDIDATE_NOT_CERTIFIED"
"AMER SPORTS","AMER SPORTS","at | bg | de | fi | pl | us","","","","","","","https://at.fashionjobs.com/karriere-arbeitspl%C3%A4tze/amer-sports.html | https://bg.fashionjobs.com/careers/amer-sports.html | https://de.fashionjobs.com/karriere-arbeitspl%C3%A4tze/amer-sports.html | https://fi.fashionjobs.com/careers/amer-sports.html | https://pl.fashionjobs.com/en-pl/careers/amer-sports.html | https://us.fashionjobs.com/careers/amer-sports.html","CANDIDATE_NOT_CERTIFIED"
"AMERICA S BEST","AMERICA'S BEST","us","","","","","","","https://us.fashionjobs.com/careers/america-s-best.html","CANDIDATE_NOT_CERTIFIED"
"AMERICAN EAGLE","AMERICAN EAGLE","ca | mx | us","","","","","","","https://ca.fashionjobs.com/careers/american-eagle.html | https://mx.fashionjobs.com/careers-empleo/american-eagle.html | https://us.fashionjobs.com/careers/american-eagle.html","CANDIDATE_NOT_CERTIFIED"
"AMERICAN VINTAGE","AMERICAN VINTAGE","de | es | fr | nl | uk | us","cmtjwp18i065ym72bg5ksg9ol","wttj-sector:ACTIVE | american-vintage:RETIRED","wttj-sector | wttj","","20","19","https://de.fashionjobs.com/karriere-arbeitspl%C3%A4tze/american-vintage.html | https://es.fashionjobs.com/careers-empleo/american-vintage.html | https://fr.fashionjobs.com/recrutement/american-vintage.html | https://nl.fashionjobs.com/vacatures-careers/american-vintage.html | https://uk.fashionjobs.com/careers/american-vintage.html | https://us.fashionjobs.com/careers/american-vintage.html","CANDIDATE_NOT_CERTIFIED"
"AMESKA","AMESKA","fr","cmtkdvv2x1rxunf2b7qkds44w","","","","","","https://fr.fashionjobs.com/recrutement/ameska.html","CANDIDATE_NOT_CERTIFIED"
"AMI PARIS","AMI PARIS","fr | it","cmtk1xawc00zknv2b2dybtlb7","fashionjobs:PAUSED | ami-paris:ACTIVE","fashionjobs | recruitee","","21","14","https://fr.fashionjobs.com/recrutement/ami-paris.html | https://it.fashionjobs.com/lavora-con-noi/ami-paris.html","CANDIDATE_NOT_CERTIFIED"
"AMICALEMENT SOI","AMICALEMENT SOI","fr","","","","","","","https://fr.fashionjobs.com/recrutement/amicalement-soi.html","CANDIDATE_NOT_CERTIFIED"
"AMINA MUADDI","AMINA MUADDI","fr","cmtkdvuw81rvanf2b54k7a2ch","","","","","","https://fr.fashionjobs.com/recrutement/amina-muaddi.html","CANDIDATE_NOT_CERTIFIED"
"AMIRI","AMIRI","us","cmtk1xpzv01vonv2bzmxjc610","amiri:ACTIVE","lever","","41","0","https://us.fashionjobs.com/careers/amiri.html","CANDIDATE_NOT_CERTIFIED"
"AMORE PACIFIC","AMORE PACIFIC","kr","","","","","","","https://kr.fashionjobs.com/careers/amore-pacific.html","CANDIDATE_NOT_CERTIFIED"
"AMOREPACIFIC","AMOREPACIFIC","fr","cmtkdvup61rs5nf2baqharc22","fashionjobs:PAUSED","fashionjobs","","1","1","https://fr.fashionjobs.com/recrutement/amorepacific.html","CANDIDATE_NOT_CERTIFIED"
"ANASHI","ANASHI","fr","","","","","","","https://fr.fashionjobs.com/recrutement/anashi.html","CANDIDATE_NOT_CERTIFIED"
"ANASTASIA","ANASTASIA","de | ro | us","","","","","","","https://de.fashionjobs.com/karriere-arbeitspl%C3%A4tze/anastasia.html | https://ro.fashionjobs.com/careers/anastasia.html | https://us.fashionjobs.com/careers/anastasia.html","CANDIDATE_NOT_CERTIFIED"
"ANBE MADRID","ANBE MADRID","es","","","","","","","https://es.fashionjobs.com/careers-empleo/anbe-madrid.html","CANDIDATE_NOT_CERTIFIED"
"AND OTHERSTORIES","& OTHERSTORIES","cn | de | dk | kr | lu | lv | se | uk | us","","","","","","","https://cn.fashionjobs.com/%E6%8B%9B%E8%81%98/-otherstories.html | https://de.fashionjobs.com/karriere-arbeitspl%C3%A4tze/-otherstories.html | https://dk.fashionjobs.com/careers/-otherstories.html | https://kr.fashionjobs.com/careers/-otherstories.html | https://lu.fashionjobs.com/recrutement/-otherstories.html | https://lv.fashionjobs.com/careers/-otherstories.html | https://se.fashionjobs.com/careers/-otherstories.html | https://uk.fashionjobs.com/careers/-otherstories.html | https://us.fashionjobs.com/careers/-otherstories.html","CANDIDATE_NOT_CERTIFIED"
"ANDRE COSTA S A","ANDRÉ COSTA S.A.","pt","","","","","","","https://pt.fashionjobs.com/recrutamento-careers/andre-costa-s-a-.html","CANDIDATE_NOT_CERTIFIED"
"ANDRES OTALORA","ANDRES OTALORA","co","","","","","","","https://co.fashionjobs.com/careers-empleo/andres-otalora.html","CANDIDATE_NOT_CERTIFIED"
"ANGARDE","ANGARDE","fr","","","","","","","https://fr.fashionjobs.com/recrutement/angarde.html","CANDIDATE_NOT_CERTIFIED"
"ANGELA BARBIERI","ANGELA BARBIERI","fr","","","","","","","https://fr.fashionjobs.com/recrutement/angela-barbieri.html","CANDIDATE_NOT_CERTIFIED"
"ANGELO SENSINI COMMUNICATION","ANGELO SENSINI COMMUNICATION","fr","","","","","","","https://fr.fashionjobs.com/recrutement/angelo-sensini-communication.html","CANDIDATE_NOT_CERTIFIED"
"ANICET BIJOUX","ANICET BIJOUX","fr","","","","","","","https://fr.fashionjobs.com/recrutement/anicet-bijoux.html","CANDIDATE_NOT_CERTIFIED"
"ANN TAYLOR","ANN TAYLOR","us","","","","","","","https://us.fashionjobs.com/careers/ann-taylor.html","CANDIDATE_NOT_CERTIFIED"
"ANN TAYLOR FACTORY","ANN TAYLOR FACTORY","us","","","","","","","https://us.fashionjobs.com/careers/ann-taylor-factory.html","CANDIDATE_NOT_CERTIFIED"
"ANNA ZUCKERMAN","ANNA ZUCKERMAN","us","","","","","","","https://us.fashionjobs.com/careers/anna-zuckerman.html","CANDIDATE_NOT_CERTIFIED"
"ANNE FONTAINE","ANNE FONTAINE","fr | uk","cmtnac1rh2smcqq5lnrpu7crl","","","","","","https://fr.fashionjobs.com/recrutement/anne-fontaine.html | https://uk.fashionjobs.com/careers/anne-fontaine.html","CANDIDATE_NOT_CERTIFIED"
"ANNELISE MICHELSON","ANNELISE MICHELSON","fr","","","","","","","https://fr.fashionjobs.com/recrutement/annelise-michelson.html","CANDIDATE_NOT_CERTIFIED"
"ANOTHER TOMORROW","ANOTHER TOMORROW","fr","","","","","","","https://fr.fashionjobs.com/recrutement/another-tomorrow.html","CANDIDATE_NOT_CERTIFIED"
"ANTOINE ET LILI","ANTOINE ET LILI","fr","cmtoq4zay2zxkqq4zn3e3scsq","","","","","","https://fr.fashionjobs.com/recrutement/antoine-et-lili.html","CANDIDATE_NOT_CERTIFIED"
"ANTONIA SRL","ANTONIA SRL","it","","","","","","","https://it.fashionjobs.com/lavora-con-noi/antonia-srl.html","CANDIDATE_NOT_CERTIFIED"
"ANTONIOLI","ANTONIOLI SA","ch","","","","","","","https://ch.fashionjobs.com/recrutement/antonioli-sa.html","CANDIDATE_NOT_CERTIFIED"
"APA CAPITAL","APA CAPITAL","fr","cmtkdvveq1s2cnf2b63n27ss0","","","","","","https://fr.fashionjobs.com/recrutement/apa-capital.html","CANDIDATE_NOT_CERTIFIED"
"APM MONACO","APM MONACO","ch | de | fr | ie | it | mc | uk | us","cmtk1yo9b04j7nv2bvtd8huil","apm-monaco:ACTIVE | fashionjobs:PAUSED","workable | fashionjobs","","100","14","https://ch.fashionjobs.com/recrutement/apm-monaco.html | https://de.fashionjobs.com/karriere-arbeitspl%C3%A4tze/apm-monaco.html | https://fr.fashionjobs.com/recrutement/apm-monaco.html | https://ie.fashionjobs.com/careers/apm-monaco.html | https://it.fashionjobs.com/lavora-con-noi/apm-monaco.html | https://mc.fashionjobs.com/recrutement/apm-monaco.html | https://uk.fashionjobs.com/careers/apm-monaco.html | https://us.fashionjobs.com/careers/apm-monaco.html","CANDIDATE_NOT_CERTIFIED"
"APOLLO","APOLLO","de","","","","","","","https://de.fashionjobs.com/karriere-arbeitspl%C3%A4tze/apollo.html","CANDIDATE_NOT_CERTIFIED"
"APOSTROPHE","APOSTROPHE","fr","cmtkdvuc91rmsnf2bcgwxwjng","","","","","","https://fr.fashionjobs.com/recrutement/apostrophe.html","CANDIDATE_NOT_CERTIFIED"
"APPAREL GROUP","APPAREL GROUP","ae | bh | kw | om | qa | sa","","","","","","","https://ae.fashionjobs.com/careers/apparel-group.html | https://bh.fashionjobs.com/careers/apparel-group.html | https://kw.fashionjobs.com/careers/apparel-group.html | https://om.fashionjobs.com/careers/apparel-group.html | https://qa.fashionjobs.com/careers/apparel-group.html | https://sa.fashionjobs.com/careers/apparel-group.html","CANDIDATE_NOT_CERTIFIED"
"ARABIAN OUD","ARABIAN OUD","fr","cmtkdvwkd1sfwnf2bfqbhra29","fashionjobs:PAUSED","fashionjobs","","2","2","https://fr.fashionjobs.com/recrutement/arabian-oud.html","CANDIDATE_NOT_CERTIFIED"
"ARC TERYX","ARC'TERYX","ca | de | dk | jp | kr | nl | no | uk | us","cmtpkwx4n59fkpf5lz5pmczqs","fashionjobs:PAUSED","fashionjobs","","7","7","https://ca.fashionjobs.com/careers/arc-teryx.html | https://de.fashionjobs.com/karriere-arbeitspl%C3%A4tze/arc-teryx.html | https://dk.fashionjobs.com/careers/arc-teryx.html | https://jp.fashionjobs.com/%E3%83%AA%E3%82%AF%E3%83%AB%E3%83%BC%E3%83%88/arc-teryx.html | https://kr.fashionjobs.com/careers/arc-teryx.html | https://nl.fashionjobs.com/vacatures-careers/arc-teryx.html | https://no.fashionjobs.com/careers/arc-teryx.html | https://uk.fashionjobs.com/careers/arc-teryx.html | https://us.fashionjobs.com/careers/arc-teryx.html","CANDIDATE_NOT_CERTIFIED"
"ARGELLIES RP","ARGELLIES RP.","fr","cmtkdvw651sbanf2b4uf43ga3","","","","","","https://fr.fashionjobs.com/recrutement/argellies-rp-.html","CANDIDATE_NOT_CERTIFIED"
"ARITZIA","ARITZIA","ca | us","cmtp3x9qd1i2rqq4zrhu5qavu","aritzia:ACTIVE","workday","https://aritzia.wd3.myworkdayjobs.com","348","0","https://ca.fashionjobs.com/careers/aritzia.html | https://us.fashionjobs.com/careers/aritzia.html","CANDIDATE_NOT_CERTIFIED"
"ARIZONA LOVE","ARIZONA LOVE","fr","","","","","","","https://fr.fashionjobs.com/recrutement/arizona-love.html","CANDIDATE_NOT_CERTIFIED"
"ARKET","ARKET","gr | in | kr | nl","","","","","","","https://gr.fashionjobs.com/careers/arket.html | https://in.fashionjobs.com/careers/arket.html | https://kr.fashionjobs.com/careers/arket.html | https://nl.fashionjobs.com/vacatures-careers/arket.html","CANDIDATE_NOT_CERTIFIED"
"ARLETTIE","ARLETTIE","fr","cmtkdvugw1rofnf2b1b13rupe","","","","","","https://fr.fashionjobs.com/recrutement/arlettie.html","CANDIDATE_NOT_CERTIFIED"
"ARLETTIE LONDON","ARLETTIE LONDON","uk","","","","","","","https://uk.fashionjobs.com/careers/arlettie-london.html","CANDIDATE_NOT_CERTIFIED"
"ARLETTIE MILANO","ARLETTIE MILANO","it","","","","","","","https://it.fashionjobs.com/lavora-con-noi/arlettie-milano.html","CANDIDATE_NOT_CERTIFIED"
"ARLETTIE NEW YORK","ARLETTIE NEW YORK","us","","","","","","","https://us.fashionjobs.com/careers/arlettie-new-york.html","CANDIDATE_NOT_CERTIFIED"
"ARLETTIE PARIS","ARLETTIE PARIS","fr","cmtkdvwyi1sjpnf2bh2d43ha5","fashionjobs:PAUSED","fashionjobs","","2","2","https://fr.fashionjobs.com/recrutement/arlettie-paris.html","CANDIDATE_NOT_CERTIFIED"
"ARMAND THIERY","ARMAND THIERY","fr","cmtk1wz6d0046nv2bucbg8xh9","wttj-sector:ACTIVE | armand-thiery:RETIRED","wttj-sector | wttj","","10","10","https://fr.fashionjobs.com/recrutement/armand-thiery.html","CANDIDATE_NOT_CERTIFIED"
"ARMINE OHANYAN PARIS","ARMINE OHANYAN PARIS","fr","cmtlq3u9u1lxipg2b9gu9rfdx","","","","","","https://fr.fashionjobs.com/recrutement/armine-ohanyan-paris.html","CANDIDATE_NOT_CERTIFIED"
"ARMOR LUX","ARMOR LUX","fr","","","","","","","https://fr.fashionjobs.com/recrutement/armor-lux.html","CANDIDATE_NOT_CERTIFIED"
"AROMA ZONE","AROMA ZONE","be","cmtm78mgv0ntlpv5jqkyn1ncz","aroma-zone:ACTIVE | fashionjobs:PAUSED","teamtailor | fashionjobs","https://careers.aroma-zone.com","182","181","https://be.fashionjobs.com/recrutement/aroma-zone.html","CANDIDATE_NOT_CERTIFIED"
"AROP","AROP","fr","","","","","","","https://fr.fashionjobs.com/recrutement/arop.html","CANDIDATE_NOT_CERTIFIED"
"ARQE PARIS","ARQÉ PARIS","fr","cmtkdw1zi1tytnf2b64w6fbuf","","","","","","https://fr.fashionjobs.com/recrutement/arqe-paris.html","CANDIDATE_NOT_CERTIFIED"
"ARTCARE","ARTCARE","fr","","","","","","","https://fr.fashionjobs.com/recrutement/artcare.html","CANDIDATE_NOT_CERTIFIED"
"ARTHUR ET FOX","ARTHUR ET FOX","fr","","","","","","","https://fr.fashionjobs.com/recrutement/arthur-et-fox.html","CANDIDATE_NOT_CERTIFIED"
"ARTLIST PARIS NEW YORK","ARTLIST PARIS NEW YORK","fr","","","","","","","https://fr.fashionjobs.com/recrutement/artlist-paris-new-york.html","CANDIDATE_NOT_CERTIFIED"
"ARTRONCA","ARTRONCA","fr","","","","","","","https://fr.fashionjobs.com/recrutement/artronca.html","CANDIDATE_NOT_CERTIFIED"
"ASH","ASH","it","","","","","","","https://it.fashionjobs.com/lavora-con-noi/ash.html","CANDIDATE_NOT_CERTIFIED"
"ASKEDOUT","ASKEDOUT","fr","","","","","","","https://fr.fashionjobs.com/recrutement/askedout.html","CANDIDATE_NOT_CERTIFIED"
"ASOS","ASOS","uk","cmtlympe50flvqf5kap2lx5o8","asos:ACTIVE","smartrecruiters-whitelabel","","64","0","https://uk.fashionjobs.com/careers/asos.html","CANDIDATE_NOT_CERTIFIED"
"ASPHALTE","ASPHALTE","fr","cmtk1x2e5009znv2bt1564w1s","wttj-sector:ACTIVE | asphalte:RETIRED","wttj-sector | wttj","","12","12","https://fr.fashionjobs.com/recrutement/asphalte.html","CANDIDATE_NOT_CERTIFIED"
"ASTRID AND MIYU","ASTRID & MIYU","ie | uk | us","","","","","","","https://ie.fashionjobs.com/careers/astrid-miyu.html | https://uk.fashionjobs.com/careers/astrid-miyu.html | https://us.fashionjobs.com/careers/astrid-miyu.html","CANDIDATE_NOT_CERTIFIED"
"AT HOME","AT HOME","sa","","","","","","","https://sa.fashionjobs.com/careers/at-home.html","CANDIDATE_NOT_CERTIFIED"
"ATELIER 19 6","ATELIER 19.6","fr","cmtkdw12j1tpnnf2bb9ch9kcd","fashionjobs:PAUSED","fashionjobs","","1","1","https://fr.fashionjobs.com/recrutement/atelier-19-6.html","CANDIDATE_NOT_CERTIFIED"
"ATELIER AMELOT","ATELIER AMELOT","fr","","","","","","","https://fr.fashionjobs.com/recrutement/atelier-amelot.html","CANDIDATE_NOT_CERTIFIED"
"ATELIER CHOUX","ATELIER CHOUX","fr","","","","","","","https://fr.fashionjobs.com/recrutement/atelier-choux.html","CANDIDATE_NOT_CERTIFIED"
"ATELIER DE CONFECTION SAINT LAURENT","ATELIER DE CONFECTION SAINT LAURENT","fr","","","","","","","https://fr.fashionjobs.com/recrutement/atelier-de-confection-saint-laurent.html","CANDIDATE_NOT_CERTIFIED"
"ATELIER DIANA MARTINEZ","ATELIER DIANA MARTINEZ","fr | mx","cmtp868ys3rnvqq4z7cf8do74","fashionjobs:PAUSED","fashionjobs","","1","1","https://fr.fashionjobs.com/recrutement/atelier-diana-martinez.html | https://mx.fashionjobs.com/careers-empleo/atelier-diana-martinez.html","CANDIDATE_NOT_CERTIFIED"
"ATELIER FOUQUET","ATELIER FOUQUET","fr","cmtkdvuyc1rw2nf2bexd99q0j","","","","","","https://fr.fashionjobs.com/recrutement/atelier-fouquet.html","CANDIDATE_NOT_CERTIFIED"
"ATELIER MARICHA","ATELIER MARICHA","fr","","","","","","","https://fr.fashionjobs.com/recrutement/atelier-maricha.html","CANDIDATE_NOT_CERTIFIED"
"ATELIER PIECES UNIQUES","ATELIER PIÈCES UNIQUES","it","","","","","","","https://it.fashionjobs.com/lavora-con-noi/atelier-pieces-uniques.html","CANDIDATE_NOT_CERTIFIED"
"ATELSON","ATELSON","fr","cmtkdvxza1sv6nf2b7a3h5njr","","","","","","https://fr.fashionjobs.com/recrutement/atelson.html","CANDIDATE_NOT_CERTIFIED"
"ATHLETA","ATHLETA","us","","","","","","","https://us.fashionjobs.com/careers/athleta.html","CANDIDATE_NOT_CERTIFIED"
"ATOMIC","ATOMIC","at | de","","","","","","","https://at.fashionjobs.com/karriere-arbeitspl%C3%A4tze/atomic.html | https://de.fashionjobs.com/karriere-arbeitspl%C3%A4tze/atomic.html","CANDIDATE_NOT_CERTIFIED"
"AUBADE","AUBADE","fr","cmtk1xdjg0176nv2b70ayaadr","aubade:RETIRED | wttj-sector:ACTIVE | fashionjobs:PAUSED","wttj | wttj-sector | fashionjobs","","5","5","https://fr.fashionjobs.com/recrutement/aubade.html","CANDIDATE_NOT_CERTIFIED"
"AUDEMARS PIGUET","AUDEMARS PIGUET","ae | au | ch | cn | de | hk | jp | kr | sg | th | tw | us","cmtk1yc6s036rnv2bbklpocx9","audemars-piguet:ACTIVE","smartrecruiters-whitelabel","","88","4","https://ae.fashionjobs.com/careers/audemars-piguet.html | https://au.fashionjobs.com/careers/audemars-piguet.html | https://ch.fashionjobs.com/recrutement/audemars-piguet.html | https://cn.fashionjobs.com/%E6%8B%9B%E8%81%98/audemars-piguet.html | https://de.fashionjobs.com/karriere-arbeitspl%C3%A4tze/audemars-piguet.html | https://hk.fashionjobs.com/careers/audemars-piguet.html | https://jp.fashionjobs.com/%E3%83%AA%E3%82%AF%E3%83%AB%E3%83%BC%E3%83%88/audemars-piguet.html | https://kr.fashionjobs.com/careers/audemars-piguet.html | https://sg.fashionjobs.com/careers/audemars-piguet.html | https://th.fashionjobs.com/careers/audemars-piguet.html | https://tw.fashionjobs.com/careers/audemars-piguet.html | https://us.fashionjobs.com/careers/audemars-piguet.html","CANDIDATE_NOT_CERTIFIED"
"AUDETTE","AUDETTE","fr | mx","cmtkdw2f21u4jnf2b2nd4klck","","","","","","https://fr.fashionjobs.com/recrutement/audette.html | https://mx.fashionjobs.com/careers-empleo/audette.html","CANDIDATE_NOT_CERTIFIED"
"AUDIO GUIDE PARIS","AUDIO GUIDE PARIS","fr","","","","","","","https://fr.fashionjobs.com/recrutement/audio-guide-paris.html","CANDIDATE_NOT_CERTIFIED"
"AURELIE BIDERMANN","AURÉLIE BIDERMANN","fr","cmtkdw0jf1tjenf2b9vzjv9fb","fashionjobs:PAUSED","fashionjobs","","3","3","https://fr.fashionjobs.com/recrutement/aurelie-bidermann.html","CANDIDATE_NOT_CERTIFIED"
"AUTREMENT PR","AUTREMENT PR","fr","cmtkdw2a91u2wnf2bq23iunzg","","","","","","https://fr.fashionjobs.com/recrutement/autrement-pr.html","CANDIDATE_NOT_CERTIFIED"
"AVART","AVART","ch | it","","","","","","","https://ch.fashionjobs.com/recrutement/avart.html | https://it.fashionjobs.com/lavora-con-noi/avart.html","CANDIDATE_NOT_CERTIFIED"
"AVEDA","AVEDA","au | ca | kr | us","cmtm9jh821uqspv5jo8nfdl8f","estee-lauder-companies:ACTIVE","eightfold","https://elcompanies.eightfold.ai","72","0","https://au.fashionjobs.com/careers/aveda.html | https://ca.fashionjobs.com/careers/aveda.html | https://kr.fashionjobs.com/careers/aveda.html | https://us.fashionjobs.com/careers/aveda.html","CANDIDATE_NOT_CERTIFIED"
"AVON","AVON","ar | bg | br | cl | co | ec | gr | hu | mx | pe | ph | pl | sk | ua | uk | za","","","","","","","https://ar.fashionjobs.com/careers-empleo/avon.html | https://bg.fashionjobs.com/careers/avon.html | https://br.fashionjobs.com/recrutamento-careers/avon.html | https://cl.fashionjobs.com/careers-empleo/avon.html | https://co.fashionjobs.com/careers-empleo/avon.html | https://ec.fashionjobs.com/careers-empleo/avon.html | https://gr.fashionjobs.com/careers/avon.html | https://hu.fashionjobs.com/careers/avon.html | https://mx.fashionjobs.com/careers-empleo/avon.html | https://pe.fashionjobs.com/careers-empleo/avon.html | https://ph.fashionjobs.com/careers/avon.html | https://pl.fashionjobs.com/en-pl/careers/avon.html | https://sk.fashionjobs.com/careers/avon.html | https://ua.fashionjobs.com/%D0%BF%D0%BE%D0%B4%D0%B1%D0%BE%D1%80-%D0%BF%D0%B5%D1%80%D1%81%D0%BE%D0%BD%D0%B0%D0%BB%D0%B0/avon.html | https://uk.fashionjobs.com/careers/avon.html | https://za.fashionjobs.com/careers/avon.html","CANDIDATE_NOT_CERTIFIED"
"AXENTIA","AXENTIA","fr","cmtkdvzxf1td4nf2bna3s85fp","fashionjobs:PAUSED","fashionjobs","","1","1","https://fr.fashionjobs.com/recrutement/axentia.html","CANDIDATE_NOT_CERTIFIED"
"AYBL","AYBL","uk","","","","","","","https://uk.fashionjobs.com/careers/aybl.html","CANDIDATE_NOT_CERTIFIED"
"AYMAOU","AYMAOU","fr","","","","","","","https://fr.fashionjobs.com/recrutement/aymaou.html","CANDIDATE_NOT_CERTIFIED"
"AZADEA","AZADEA","ae | bh | eg | jo | kw | lb | om | qa","","","","","","","https://ae.fashionjobs.com/careers/azadea.html | https://bh.fashionjobs.com/careers/azadea.html | https://eg.fashionjobs.com/careers/azadea.html | https://jo.fashionjobs.com/careers/azadea.html | https://kw.fashionjobs.com/careers/azadea.html | https://lb.fashionjobs.com/careers/azadea.html | https://om.fashionjobs.com/careers/azadea.html | https://qa.fashionjobs.com/careers/azadea.html","CANDIDATE_NOT_CERTIFIED"
"AZIENDA FRANCESE","AZIENDA FRANCESE","it","","","","","","","https://it.fashionjobs.com/lavora-con-noi/azienda-francese.html","CANDIDATE_NOT_CERTIFIED"
"AZZEDINE ALAIA","AZZEDINE ALAIA","fr","cmtkdvuoz1rs1nf2bqrva17su","","","","","","https://fr.fashionjobs.com/recrutement/azzedine-alaia.html","CANDIDATE_NOT_CERTIFIED"
"AZZI AND OSTA","AZZI & OSTA","lb","","","","","","","https://lb.fashionjobs.com/careers/azzi-osta.html","CANDIDATE_NOT_CERTIFIED"
"B BRAND","B.BRAND","fr","cmtkdvxhe1spanf2bpj5g78ex","","","","","","https://fr.fashionjobs.com/recrutement/b-brand.html","CANDIDATE_NOT_CERTIFIED"
"BA AND SH","BA&SH","be | ch | de | dk | es | fr | ie | it | lu | nl | pt | uk | us","cmtjwp1bd0665m72bmgtojhlh","wttj-sector:ACTIVE | bash-talents:ACTIVE","wttj-sector | bashtalents","https://talents.ba-sh.com","75","58","https://be.fashionjobs.com/recrutement/ba-sh.html | https://ch.fashionjobs.com/recrutement/ba-sh.html | https://de.fashionjobs.com/karriere-arbeitspl%C3%A4tze/ba-sh.html | https://dk.fashionjobs.com/careers/ba-sh.html | https://es.fashionjobs.com/careers-empleo/ba-sh.html | https://fr.fashionjobs.com/recrutement/ba-sh.html | https://ie.fashionjobs.com/careers/ba-sh.html | https://it.fashionjobs.com/lavora-con-noi/ba-sh.html | https://lu.fashionjobs.com/recrutement/ba-sh.html | https://nl.fashionjobs.com/vacatures-careers/ba-sh.html | https://pt.fashionjobs.com/recrutamento-careers/ba-sh.html | https://uk.fashionjobs.com/careers/ba-sh.html | https://us.fashionjobs.com/careers/ba-sh.html","CANDIDATE_NOT_CERTIFIED"
"BABY LIBERDADE","BABY LIBERDADE","pt","","","","","","","https://pt.fashionjobs.com/recrutamento-careers/baby-liberdade.html","CANDIDATE_NOT_CERTIFIED"
"BALAMBAE","BALAMBAE","es","","","","","","","https://es.fashionjobs.com/careers-empleo/balambae.html","CANDIDATE_NOT_CERTIFIED"
"BALENCIAGA","BALENCIAGA | BALENCIAGA S.A.S.","au | br | ca | cn | de | fr | hk | jp | kr | kw | mc | mx | nl | nz | sa | sg | tw | uk | us","cmtpukur529bgl35m0lsirz9b","kering:ACTIVE","eightfold","https://careers.kering.com","139","32","https://au.fashionjobs.com/careers/balenciaga.html | https://br.fashionjobs.com/recrutamento-careers/balenciaga.html | https://ca.fashionjobs.com/careers/balenciaga.html | https://cn.fashionjobs.com/%E6%8B%9B%E8%81%98/balenciaga.html | https://de.fashionjobs.com/karriere-arbeitspl%C3%A4tze/balenciaga.html | https://fr.fashionjobs.com/recrutement/balenciaga-s-a-s-.html | https://hk.fashionjobs.com/careers/balenciaga.html | https://jp.fashionjobs.com/%E3%83%AA%E3%82%AF%E3%83%AB%E3%83%BC%E3%83%88/balenciaga.html | https://kr.fashionjobs.com/careers/balenciaga.html | https://kw.fashionjobs.com/careers/balenciaga.html | https://mc.fashionjobs.com/recrutement/balenciaga.html | https://mx.fashionjobs.com/careers-empleo/balenciaga.html | https://nl.fashionjobs.com/vacatures-careers/balenciaga.html | https://nz.fashionjobs.com/careers/balenciaga.html | https://sa.fashionjobs.com/careers/balenciaga.html | https://sg.fashionjobs.com/careers/balenciaga.html | https://tw.fashionjobs.com/careers/balenciaga.html | https://uk.fashionjobs.com/careers/balenciaga.html | https://us.fashionjobs.com/careers/balenciaga.html","CANDIDATE_NOT_CERTIFIED"
"BALENCIAGA OPERATIONS","BALENCIAGA OPERATIONS","fr","","","","","","","https://fr.fashionjobs.com/recrutement/balenciaga-operations.html","CANDIDATE_NOT_CERTIFIED"
"BALIBARIS","BALIBARIS","fr","","","","","","","https://fr.fashionjobs.com/recrutement/balibaris.html","CANDIDATE_NOT_CERTIFIED"
"BALMAIN","BALMAIN","fr","cmtkdvumn1rqynf2bxg2eyo0q","balmain:ACTIVE | fashionjobs:PAUSED","talentsoft | fashionjobs","https://balmain-career.talent-soft.com","30","23","https://fr.fashionjobs.com/recrutement/balmain.html","CANDIDATE_NOT_CERTIFIED"
"BALMAIN BEAUTY","BALMAIN BEAUTY","mx","cmtm9jo9m1wn3pv5jhgmin92n","estee-lauder-companies:ACTIVE","eightfold","https://elcompanies.eightfold.ai","9","0","https://mx.fashionjobs.com/careers-empleo/balmain-beauty.html","CANDIDATE_NOT_CERTIFIED"
"BALZAC PARIS","BALZAC PARIS","fr","cmtpysj9l00e13ncqrmgfrbo0","wttj-sector:ACTIVE","wttj-sector","","21","19","https://fr.fashionjobs.com/recrutement/balzac-paris.html","CANDIDATE_NOT_CERTIFIED"
"BANANA MOON","BANANA MOON","fr","cmtkdvv3x1ry6nf2b2zoo462c","","","","","","https://fr.fashionjobs.com/recrutement/banana-moon.html","CANDIDATE_NOT_CERTIFIED"
"BANANA REPUBLIC","BANANA REPUBLIC","us","","","","","","","https://us.fashionjobs.com/careers/banana-republic.html","CANDIDATE_NOT_CERTIFIED"
"BANDE ORIGINALE","BANDE ORIGINALE","fr","cmtkdw3321ucsnf2ba6ml5xly","","","","","","https://fr.fashionjobs.com/recrutement/bande-originale.html","CANDIDATE_NOT_CERTIFIED"
"BANTER","BANTER","us","","","","","","","https://us.fashionjobs.com/careers/banter.html","CANDIDATE_NOT_CERTIFIED"
"BAOBAB COLLECTION","BAOBAB COLLECTION","fr","cmtkdvuhp1rovnf2bf3wgeias","","","","","","https://fr.fashionjobs.com/recrutement/baobab-collection.html","CANDIDATE_NOT_CERTIFIED"
"BARBARA BUI","BARBARA BUI","fr","cmtkdw20z1tzdnf2brufdm9gd","","","","","","https://fr.fashionjobs.com/recrutement/barbara-bui.html","CANDIDATE_NOT_CERTIFIED"
"BARBARISME PARIS","BARBARISME PARIS","fr","cmtkdw2ai1u30nf2bjgxj2odr","","","","","","https://fr.fashionjobs.com/recrutement/barbarisme-paris.html","CANDIDATE_NOT_CERTIFIED"
"BARBOUR","BARBOUR","ie | uk","","","","","","","https://ie.fashionjobs.com/careers/barbour.html | https://uk.fashionjobs.com/careers/barbour.html","CANDIDATE_NOT_CERTIFIED"
"BARRIE","BARRIE","fr","","","","","","","https://fr.fashionjobs.com/recrutement/barrie.html","CANDIDATE_NOT_CERTIFIED"
"BATH AND BODY WORKS","BATH & BODY WORKS","ca | us","","","","","","","https://ca.fashionjobs.com/careers/bath-body-works.html | https://us.fashionjobs.com/careers/bath-body-works.html","CANDIDATE_NOT_CERTIFIED"
"BAUNAT GROUP","BAUNAT GROUP","be","","","","","","","https://be.fashionjobs.com/recrutement/baunat-group.html","CANDIDATE_NOT_CERTIFIED"
"BAYMO","BAYMO","es","","","","","","","https://es.fashionjobs.com/careers-empleo/baymo.html","CANDIDATE_NOT_CERTIFIED"
"BEAUREGUARDS","BEAUREGUARDS","hk","","","","","","","https://hk.fashionjobs.com/careers/beaureguards.html","CANDIDATE_NOT_CERTIFIED"
"BEAUTY STREET","BEAUTY STREET","uk","","","","","","","https://uk.fashionjobs.com/careers/beauty-street.html","CANDIDATE_NOT_CERTIFIED"
"BEELINE GROUP","BEELINE GROUP","ca | de | pl | uk | us","","","","","","","https://ca.fashionjobs.com/careers/beeline-group.html | https://de.fashionjobs.com/karriere-arbeitspl%C3%A4tze/beeline-group.html | https://pl.fashionjobs.com/en-pl/careers/beeline-group.html | https://uk.fashionjobs.com/careers/beeline-group.html | https://us.fashionjobs.com/careers/beeline-group.html","CANDIDATE_NOT_CERTIFIED"
"BEIERSDORF","BEIERSDORF","ae | ar | at | au | be | br | ch | cn | co | cz | de | ec | hr | hu | id | ie | in | mx | nl | pl | ro | th | tw | uk | us | za","cmtpiy9vu0jzmpf5ljoimrw0m","beiersdorf:ACTIVE","generic-listing","https://www.beiersdorf.com/ajax/Jobboard/JobResultAjax?db=web&contextItemId={213FB95D-4545-426C-9F6A-7CD5753A00EA}&lang=en","108","11","https://ae.fashionjobs.com/careers/beiersdorf.html | https://ar.fashionjobs.com/careers-empleo/beiersdorf.html | https://at.fashionjobs.com/karriere-arbeitspl%C3%A4tze/beiersdorf.html | https://au.fashionjobs.com/careers/beiersdorf.html | https://be.fashionjobs.com/recrutement/beiersdorf.html | https://br.fashionjobs.com/recrutamento-careers/beiersdorf.html | https://ch.fashionjobs.com/recrutement/beiersdorf.html | https://cn.fashionjobs.com/%E6%8B%9B%E8%81%98/beiersdorf.html | https://co.fashionjobs.com/careers-empleo/beiersdorf.html | https://cz.fashionjobs.com/karriere-arbeitspl%C3%A4tze/beiersdorf.html | https://de.fashionjobs.com/karriere-arbeitspl%C3%A4tze/beiersdorf.html | https://ec.fashionjobs.com/careers-empleo/beiersdorf.html | https://hr.fashionjobs.com/careers/beiersdorf.html | https://hu.fashionjobs.com/careers/beiersdorf.html | https://id.fashionjobs.com/careers/beiersdorf.html | https://ie.fashionjobs.com/careers/beiersdorf.html | https://in.fashionjobs.com/careers/beiersdorf.html | https://mx.fashionjobs.com/careers-empleo/beiersdorf.html | https://nl.fashionjobs.com/vacatures-careers/beiersdorf.html | https://pl.fashionjobs.com/en-pl/careers/beiersdorf.html | https://ro.fashionjobs.com/careers/beiersdorf.html | https://th.fashionjobs.com/careers/beiersdorf.html | https://tw.fashionjobs.com/careers/beiersdorf.html | https://uk.fashionjobs.com/careers/beiersdorf.html | https://us.fashionjobs.com/careers/beiersdorf.html | https://za.fashionjobs.com/careers/beiersdorf.html","CANDIDATE_NOT_CERTIFIED"
"BELK","BELK","us","","","","","","","https://us.fashionjobs.com/careers/belk.html","CANDIDATE_NOT_CERTIFIED"
"BELLEROSE","BELLEROSE","fr","cmtkdvx5y1sl0nf2bw87enif4","","","","","","https://fr.fashionjobs.com/recrutement/bellerose.html","CANDIDATE_NOT_CERTIFIED"
"BELSTAFF","BELSTAFF","de | nl | uk","cmtlykryt0b8sqf5k0ya11jmv","belstaff:ACTIVE","teamtailor","https://belstaff.teamtailor.com","46","0","https://de.fashionjobs.com/karriere-arbeitspl%C3%A4tze/belstaff.html | https://nl.fashionjobs.com/vacatures-careers/belstaff.html | https://uk.fashionjobs.com/careers/belstaff.html","CANDIDATE_NOT_CERTIFIED"
"BENDITA SEAS","BENDITA SEAS","mx","","","","","","","https://mx.fashionjobs.com/careers-empleo/bendita-seas.html","CANDIDATE_NOT_CERTIFIED"
"BENEDETTA VALERI SRL","BENEDETTA VALERI SRL","it","","","","","","","https://it.fashionjobs.com/lavora-con-noi/benedetta-valeri-srl.html","CANDIDATE_NOT_CERTIFIED"
"BENEFIT COSMETICS","BENEFIT COSMETICS","ie | uk","cmtk48gld1cv1ny2b50vkg4lx","lvmh:ACTIVE","lvmh_algolia","","20","3","https://ie.fashionjobs.com/careers/benefit-cosmetics.html | https://uk.fashionjobs.com/careers/benefit-cosmetics.html","CANDIDATE_NOT_CERTIFIED"
"BENETTON","BENETTON","fr","","","","","","","https://fr.fashionjobs.com/recrutement/benetton.html","CANDIDATE_NOT_CERTIFIED"
"BENOIT NIHANT CHOCOLATIER","BENOIT NIHANT CHOCOLATIER","be","","","","","","","https://be.fashionjobs.com/recrutement/benoit-nihant-chocolatier.html","CANDIDATE_NOT_CERTIFIED"
"BENSIMON","BENSIMON","fr","","","","","","","https://fr.fashionjobs.com/recrutement/bensimon.html","CANDIDATE_NOT_CERTIFIED"
"BERENICE","BERENICE","fr","cmtkdvwa01scqnf2bnomlnaix","","","","","","https://fr.fashionjobs.com/recrutement/berenice.html","CANDIDATE_NOT_CERTIFIED"
"BERGDORF GOODMAN","BERGDORF GOODMAN","us","","","","","","","https://us.fashionjobs.com/careers/bergdorf-goodman.html","CANDIDATE_NOT_CERTIFIED"
"BERGZEIT","BERGZEIT","de","","","","","","","https://de.fashionjobs.com/karriere-arbeitspl%C3%A4tze/bergzeit.html","CANDIDATE_NOT_CERTIFIED"
"BERLUTI","BERLUTI","cn | jp | kr | uk | us","cmtk48ek71bzkny2b9rs9hzev","lvmh:ACTIVE","lvmh_algolia","","34","25","https://cn.fashionjobs.com/%E6%8B%9B%E8%81%98/berluti.html | https://jp.fashionjobs.com/%E3%83%AA%E3%82%AF%E3%83%AB%E3%83%BC%E3%83%88/berluti.html | https://kr.fashionjobs.com/careers/berluti.html | https://uk.fashionjobs.com/careers/berluti.html | https://us.fashionjobs.com/careers/berluti.html","CANDIDATE_NOT_CERTIFIED"
"BERNARD DEPOORTER","BERNARD DEPOORTER","be","","","","","","","https://be.fashionjobs.com/recrutement/bernard-depoorter.html","CANDIDATE_NOT_CERTIFIED"
"BERNARD ORCEL COURCHEVEL","BERNARD ORCEL COURCHEVEL","fr","","","","","","","https://fr.fashionjobs.com/recrutement/bernard-orcel-courchevel.html","CANDIDATE_NOT_CERTIFIED"
"BERNARDA","BERNARDA","mx","","","","","","","https://mx.fashionjobs.com/careers-empleo/bernarda.html","CANDIDATE_NOT_CERTIFIED"
"BERSHKA","BERSHKA","at | be | bg | br | by | ch | de | gr | hr | hu | mx | nl | pl | pt | ro | si | sk | ua | uk","","","","","","","https://at.fashionjobs.com/karriere-arbeitspl%C3%A4tze/bershka.html | https://be.fashionjobs.com/recrutement/bershka.html | https://bg.fashionjobs.com/careers/bershka.html | https://br.fashionjobs.com/recrutamento-careers/bershka.html | https://by.fashionjobs.com/%D0%BF%D0%BE%D0%B4%D0%B1%D0%BE%D1%80-%D0%BF%D0%B5%D1%80%D1%81%D0%BE%D0%BD%D0%B0%D0%BB%D0%B0/bershka.html | https://ch.fashionjobs.com/recrutement/bershka.html | https://de.fashionjobs.com/karriere-arbeitspl%C3%A4tze/bershka.html | https://gr.fashionjobs.com/careers/bershka.html | https://hr.fashionjobs.com/careers/bershka.html | https://hu.fashionjobs.com/careers/bershka.html | https://mx.fashionjobs.com/careers-empleo/bershka.html | https://nl.fashionjobs.com/vacatures-careers/bershka.html | https://pl.fashionjobs.com/en-pl/careers/bershka.html | https://pt.fashionjobs.com/recrutamento-careers/bershka.html | https://ro.fashionjobs.com/careers/bershka.html | https://si.fashionjobs.com/careers/bershka.html | https://sk.fashionjobs.com/careers/bershka.html | https://ua.fashionjobs.com/%D0%BF%D0%BE%D0%B4%D0%B1%D0%BE%D1%80-%D0%BF%D0%B5%D1%80%D1%81%D0%BE%D0%BD%D0%B0%D0%BB%D0%B0/bershka.html | https://uk.fashionjobs.com/careers/bershka.html","CANDIDATE_NOT_CERTIFIED"
"BERTO ZITA","BERTO + ZITA","fr","cmtks20ee218lp72bwvh5qwss","","","","","","https://fr.fashionjobs.com/recrutement/berto-zita.html","CANDIDATE_NOT_CERTIFIED"
"BEST SELLER","BEST SELLER","at | be | ca | de | dk | nl | tr | uk | uy","","","","","","","https://at.fashionjobs.com/karriere-arbeitspl%C3%A4tze/best-seller.html | https://be.fashionjobs.com/recrutement/best-seller.html | https://ca.fashionjobs.com/careers/best-seller.html | https://de.fashionjobs.com/karriere-arbeitspl%C3%A4tze/best-seller.html | https://dk.fashionjobs.com/careers/best-seller.html | https://nl.fashionjobs.com/vacatures-careers/best-seller.html | https://tr.fashionjobs.com/i%C5%9Fe-al%C4%B1m/best-seller.html | https://uk.fashionjobs.com/careers/best-seller.html | https://uy.fashionjobs.com/careers-empleo/best-seller.html","CANDIDATE_NOT_CERTIFIED"
"BESTSELLER","BESTSELLER","be | ch | de | dk | nl | no | tr | uk","","","","","","","https://be.fashionjobs.com/recrutement/bestseller.html | https://ch.fashionjobs.com/recrutement/bestseller.html | https://de.fashionjobs.com/karriere-arbeitspl%C3%A4tze/bestseller.html | https://dk.fashionjobs.com/careers/bestseller.html | https://nl.fashionjobs.com/vacatures-careers/bestseller.html | https://no.fashionjobs.com/careers/bestseller.html | https://tr.fashionjobs.com/i%C5%9Fe-al%C4%B1m/bestseller.html | https://uk.fashionjobs.com/careers/bestseller.html","CANDIDATE_NOT_CERTIFIED"
"BHASIN BROTHERS","BHASIN BROTHERS","in","","","","","","","https://in.fashionjobs.com/careers/bhasin-brothers.html","CANDIDATE_NOT_CERTIFIED"
"BIANCO NELLY SRL","BIANCO NELLY SRL","it","","","","","","","https://it.fashionjobs.com/lavora-con-noi/bianco-nelly-srl.html","CANDIDATE_NOT_CERTIFIED"
"BIENAIME PARFUMS","BIENAIMÉ PARFUMS","fr","","","","","","","https://fr.fashionjobs.com/recrutement/bienaime-parfums.html","CANDIDATE_NOT_CERTIFIED"
"BIGAND CONFECTION","BIGAND CONFECTION","fr","","","","","","","https://fr.fashionjobs.com/recrutement/bigand-confection.html","CANDIDATE_NOT_CERTIFIED"
"BIJENKORF","BIJENKORF","nl","","","","","","","https://nl.fashionjobs.com/vacatures-careers/bijenkorf.html","CANDIDATE_NOT_CERTIFIED"
"BILLABONG","BILLABONG","fr","","","","","","","https://fr.fashionjobs.com/recrutement/billabong.html","CANDIDATE_NOT_CERTIFIED"
"BIMANI 13","BIMANI 13","es","","","","","","","https://es.fashionjobs.com/careers-empleo/bimani-13.html","CANDIDATE_NOT_CERTIFIED"
"BIMBA Y LOLA","BIMBA Y LOLA","es","","","","","","","https://es.fashionjobs.com/careers-empleo/bimba-y-lola.html","CANDIDATE_NOT_CERTIFIED"
"BINET PAPILLON PARFUMS","BINET PAPILLON PARFUMS","fr","","","","","","","https://fr.fashionjobs.com/recrutement/binet-papillon-parfums.html","CANDIDATE_NOT_CERTIFIED"
"BINOME","BINÔME","be","","","","","","","https://be.fashionjobs.com/recrutement/binome.html","CANDIDATE_NOT_CERTIFIED"
"BIRKENSTOCK","BIRKENSTOCK | BIRKENSTOCK FRANCE SAS","de | dk | fr | in | jp | nl | pl | se | sg | uk","","","","","","","https://de.fashionjobs.com/karriere-arbeitspl%C3%A4tze/birkenstock.html | https://dk.fashionjobs.com/careers/birkenstock.html | https://fr.fashionjobs.com/recrutement/birkenstock-france-sas.html | https://in.fashionjobs.com/careers/birkenstock.html | https://jp.fashionjobs.com/%E3%83%AA%E3%82%AF%E3%83%AB%E3%83%BC%E3%83%88/birkenstock.html | https://nl.fashionjobs.com/vacatures-careers/birkenstock.html | https://pl.fashionjobs.com/en-pl/careers/birkenstock.html | https://se.fashionjobs.com/careers/birkenstock.html | https://sg.fashionjobs.com/careers/birkenstock.html | https://uk.fashionjobs.com/careers/birkenstock.html","CANDIDATE_NOT_CERTIFIED"
"BLACK CAT STUDIO","BLACK CAT STUDIO","fr","cmtkdw2g01u4vnf2bwk4se0tp","","","","","","https://fr.fashionjobs.com/recrutement/black-cat-studio.html","CANDIDATE_NOT_CERTIFIED"
"BLACKSTORE","BLACKSTORE","fr","","","","","","","https://fr.fashionjobs.com/recrutement/blackstore.html","CANDIDATE_NOT_CERTIFIED"
"BLANCA JEWELS","BLANCA JEWELS","es","","","","","","","https://es.fashionjobs.com/careers-empleo/blanca-jewels.html","CANDIDATE_NOT_CERTIFIED"
"BLOOMINGDALE S","BLOOMINGDALE'S","us","cmtpjdc6z1tmzpf5l6zgfjkse","bloomingdales-oracle:ACTIVE","oraclehcm","https://ebwh.fa.us2.oraclecloud.com","777","0","https://us.fashionjobs.com/careers/bloomingdale-s.html","CANDIDATE_NOT_CERTIFIED"
"BLU","BLU","ch","","","","","","","https://ch.fashionjobs.com/recrutement/blu.html","CANDIDATE_NOT_CERTIFIED"
"BLUE BOX","BLUE BOX","fr","cmtkdw0361tf0nf2birz84kkt","fashionjobs:PAUSED","fashionjobs","","1","1","https://fr.fashionjobs.com/recrutement/blue-box.html","CANDIDATE_NOT_CERTIFIED"
"BLUEMARBLE","BLUEMARBLE","fr","cmtkdvvez1s2gnf2blgcl5orb","","","","","","https://fr.fashionjobs.com/recrutement/bluemarble.html","CANDIDATE_NOT_CERTIFIED"
"BOADICEE","BOADICÉE","fr","cmtlq3ubl1lxxpg2bqe29ftoo","","","","","","https://fr.fashionjobs.com/recrutement/boadicee.html","CANDIDATE_NOT_CERTIFIED"
"BOARDRIDERS","BOARDRIDERS","fr | pt","cmtm7ucwb10zupv5jceo6wpcz","fashionjobs:PAUSED | element-6:ACTIVE","fashionjobs | magnet","https://recrutement.groupe-beaumanoir.com","46","46","https://fr.fashionjobs.com/recrutement/boardriders.html | https://pt.fashionjobs.com/recrutamento-careers/boardriders.html","CANDIDATE_NOT_CERTIFIED"
"BOBBI BROWN COSMETICS","BOBBI BROWN COSMETICS","au | be | cz | hu | ie | il | in | nz | pl | tr | tw | us | za","cmtm9jhkp1uv4pv5jmuw0jg4m","estee-lauder-companies:ACTIVE","eightfold","https://elcompanies.eightfold.ai","81","4","https://au.fashionjobs.com/careers/bobbi-brown-cosmetics.html | https://be.fashionjobs.com/recrutement/bobbi-brown-cosmetics.html | https://cz.fashionjobs.com/karriere-arbeitspl%C3%A4tze/bobbi-brown-cosmetics.html | https://hu.fashionjobs.com/careers/bobbi-brown-cosmetics.html | https://ie.fashionjobs.com/careers/bobbi-brown-cosmetics.html | https://il.fashionjobs.com/careers/bobbi-brown-cosmetics.html | https://in.fashionjobs.com/careers/bobbi-brown-cosmetics.html | https://nz.fashionjobs.com/careers/bobbi-brown-cosmetics.html | https://pl.fashionjobs.com/en-pl/careers/bobbi-brown-cosmetics.html | https://tr.fashionjobs.com/i%C5%9Fe-al%C4%B1m/bobbi-brown-cosmetics.html | https://tw.fashionjobs.com/careers/bobbi-brown-cosmetics.html | https://us.fashionjobs.com/careers/bobbi-brown-cosmetics.html | https://za.fashionjobs.com/careers/bobbi-brown-cosmetics.html","CANDIDATE_NOT_CERTIFIED"
"BODEN","BODEN","uk","","","","","","","https://uk.fashionjobs.com/careers/boden.html","CANDIDATE_NOT_CERTIFIED"
"BOGA PRODUCTIONS","BOGA PRODUCTIONS","es","","","","","","","https://es.fashionjobs.com/careers-empleo/boga-productions.html","CANDIDATE_NOT_CERTIFIED"
"BOGGI","BOGGI","ae","","","","","","","https://ae.fashionjobs.com/careers/boggi.html","CANDIDATE_NOT_CERTIFIED"
"BOGNER","BOGNER","at | de","","","","","","","https://at.fashionjobs.com/karriere-arbeitspl%C3%A4tze/bogner.html | https://de.fashionjobs.com/karriere-arbeitspl%C3%A4tze/bogner.html","CANDIDATE_NOT_CERTIFIED"
"BOIA PARIS","BOÍA PARIS","fr","","","","","","","https://fr.fashionjobs.com/recrutement/boia-paris.html","CANDIDATE_NOT_CERTIFIED"
"BOLIA","BOLIA","be | ch | de | dk | es | fr | lu | nl | no | uk","","","","","","","https://be.fashionjobs.com/recrutement/bolia.html | https://ch.fashionjobs.com/recrutement/bolia.html | https://de.fashionjobs.com/karriere-arbeitspl%C3%A4tze/bolia.html | https://dk.fashionjobs.com/careers/bolia.html | https://es.fashionjobs.com/careers-empleo/bolia.html | https://fr.fashionjobs.com/recrutement/bolia.html | https://lu.fashionjobs.com/recrutement/bolia.html | https://nl.fashionjobs.com/vacatures-careers/bolia.html | https://no.fashionjobs.com/careers/bolia.html | https://uk.fashionjobs.com/careers/bolia.html","CANDIDATE_NOT_CERTIFIED"
"BOMPARD","BOMPARD","fr","","","","","","","https://fr.fashionjobs.com/recrutement/bompard.html","CANDIDATE_NOT_CERTIFIED"
"BONOBO","BONOBO","fr","cmtm7ucrz10yjpv5jxyca11id","element-6:ACTIVE","magnet","https://recrutement.groupe-beaumanoir.com","44","44","https://fr.fashionjobs.com/recrutement/bonobo.html","CANDIDATE_NOT_CERTIFIED"
"BONPOINT","BONPOINT","fr","","","","","","","https://fr.fashionjobs.com/recrutement/bonpoint.html","CANDIDATE_NOT_CERTIFIED"
"BOOHOOMAN","BOOHOOMAN","uk","","","","","","","https://uk.fashionjobs.com/careers/boohooman.html","CANDIDATE_NOT_CERTIFIED"
"BOOTS","BOOTS","uk","cmtpjx4nv2wqjpf5ljaaqw1jm","boots:ACTIVE","generic-listing","https://www.boots.jobs/sitemap_index.xml","1506","1","https://uk.fashionjobs.com/careers/boots.html","CANDIDATE_NOT_CERTIFIED"
"BORBONESE SPA","BORBONESE SPA","it","","","","","","","https://it.fashionjobs.com/lavora-con-noi/borbonese-spa.html","CANDIDATE_NOT_CERTIFIED"
"BOSCOV S","BOSCOV'S","us","","","","","","","https://us.fashionjobs.com/careers/boscov-s.html","CANDIDATE_NOT_CERTIFIED"
"BOTNARI MEDIA","BOTNARI MEDIA","fr","","","","","","","https://fr.fashionjobs.com/recrutement/botnari-media.html","CANDIDATE_NOT_CERTIFIED"
"BOTTEGA VENETA","BOTTEGA VENETA","ae | at | br | ca | ch | cn | de | hk | kr | kw | mx | nl | qa | se | sg | tw | uk | us","cmtpukulc299gl35mw39q19gd","kering:ACTIVE","eightfold","https://careers.kering.com","148","10","https://ae.fashionjobs.com/careers/bottega-veneta.html | https://at.fashionjobs.com/karriere-arbeitspl%C3%A4tze/bottega-veneta.html | https://br.fashionjobs.com/recrutamento-careers/bottega-veneta.html | https://ca.fashionjobs.com/careers/bottega-veneta.html | https://ch.fashionjobs.com/recrutement/bottega-veneta.html | https://cn.fashionjobs.com/%E6%8B%9B%E8%81%98/bottega-veneta.html | https://de.fashionjobs.com/karriere-arbeitspl%C3%A4tze/bottega-veneta.html | https://hk.fashionjobs.com/careers/bottega-veneta.html | https://kr.fashionjobs.com/careers/bottega-veneta.html | https://kw.fashionjobs.com/careers/bottega-veneta.html | https://mx.fashionjobs.com/careers-empleo/bottega-veneta.html | https://nl.fashionjobs.com/vacatures-careers/bottega-veneta.html | https://qa.fashionjobs.com/careers/bottega-veneta.html | https://se.fashionjobs.com/careers/bottega-veneta.html | https://sg.fashionjobs.com/careers/bottega-veneta.html | https://tw.fashionjobs.com/careers/bottega-veneta.html | https://uk.fashionjobs.com/careers/bottega-veneta.html | https://us.fashionjobs.com/careers/bottega-veneta.html","CANDIDATE_NOT_CERTIFIED"
"BOUTIQUE DOS RELOGIOS","BOUTIQUE DOS RELÓGIOS","pt","","","","","","","https://pt.fashionjobs.com/recrutamento-careers/boutique-dos-relogios.html","CANDIDATE_NOT_CERTIFIED"
"BRACCIALINI","BRACCIALINI","it","","","","","","","https://it.fashionjobs.com/lavora-con-noi/braccialini.html","CANDIDATE_NOT_CERTIFIED"
"BRAND BOX IMPORT","BRAND BOX IMPORT","pa","","","","","","","https://pa.fashionjobs.com/careers-empleo/brand-box-import.html","CANDIDATE_NOT_CERTIFIED"
"BRAND SISTERS","BRAND SISTERS","fr","","","","","","","https://fr.fashionjobs.com/recrutement/brand-sisters.html","CANDIDATE_NOT_CERTIFIED"
"BRAX","BRAX","at | be | de | dk","","","","","","","https://at.fashionjobs.com/karriere-arbeitspl%C3%A4tze/brax.html | https://be.fashionjobs.com/recrutement/brax.html | https://de.fashionjobs.com/karriere-arbeitspl%C3%A4tze/brax.html | https://dk.fashionjobs.com/careers/brax.html","CANDIDATE_NOT_CERTIFIED"
"BREAL","BREAL","fr","cmtm7ud191117pv5jj1qug7bf","element-6:ACTIVE","magnet","https://recrutement.groupe-beaumanoir.com","11","11","https://fr.fashionjobs.com/recrutement/breal.html","CANDIDATE_NOT_CERTIFIED"
"BREITLING","BREITLING","ca | ch | de | nl | pl | sg | uk | us","cmtpiw7tl09ylpf5ljsb8xnnt","breitling-sf:ACTIVE","successfactors","https://careers.breitling.com","41","0","https://ca.fashionjobs.com/careers/breitling.html | https://ch.fashionjobs.com/recrutement/breitling.html | https://de.fashionjobs.com/karriere-arbeitspl%C3%A4tze/breitling.html | https://nl.fashionjobs.com/vacatures-careers/breitling.html | https://pl.fashionjobs.com/en-pl/careers/breitling.html | https://sg.fashionjobs.com/careers/breitling.html | https://uk.fashionjobs.com/careers/breitling.html | https://us.fashionjobs.com/careers/breitling.html","CANDIDATE_NOT_CERTIFIED"
"BRENNER OUTLET","BRENNER OUTLET","it","","","","","","","https://it.fashionjobs.com/lavora-con-noi/brenner-outlet.html","CANDIDATE_NOT_CERTIFIED"
"BRIONI","BRIONI","ae | cn | hk | jp | kr | uk | us","cmtpukupr29b1l35mckj6xsi1","kering:ACTIVE","eightfold","https://careers.kering.com","19","0","https://ae.fashionjobs.com/careers/brioni.html | https://cn.fashionjobs.com/%E6%8B%9B%E8%81%98/brioni.html | https://hk.fashionjobs.com/careers/brioni.html | https://jp.fashionjobs.com/%E3%83%AA%E3%82%AF%E3%83%AB%E3%83%BC%E3%83%88/brioni.html | https://kr.fashionjobs.com/careers/brioni.html | https://uk.fashionjobs.com/careers/brioni.html | https://us.fashionjobs.com/careers/brioni.html","CANDIDATE_NOT_CERTIFIED"
"BROBSTON GROUP","BROBSTON GROUP","us","","","","","","","https://us.fashionjobs.com/careers/brobston-group.html","CANDIDATE_NOT_CERTIFIED"
"BROOKS","BROOKS","uk | us","","","","","","","https://uk.fashionjobs.com/careers/brooks.html | https://us.fashionjobs.com/careers/brooks.html","CANDIDATE_NOT_CERTIFIED"
"BRUN STUDIO ARTIST DESIGNER","BRUN STUDIO - ARTIST DESIGNER","fr","cmtkdvy851syenf2bskkudv9r","fashionjobs:PAUSED","fashionjobs","","1","1","https://fr.fashionjobs.com/recrutement/brun-studio-artist-designer.html","CANDIDATE_NOT_CERTIFIED"
"BSHIRT","BSHIRT","be","","","","","","","https://be.fashionjobs.com/recrutement/bshirt.html","CANDIDATE_NOT_CERTIFIED"
"BUCCELLATI","BUCCELLATI","us","cmtm7vk4i13mjpv5j6cxfx6x6","richemont-workday:ACTIVE | richemont:ACTIVE","workday","https://richemont.wd3.myworkdayjobs.com | https://richemont.wd3.myworkdayjobs.com","31","1","https://us.fashionjobs.com/careers/buccellati.html","CANDIDATE_NOT_CERTIFIED"
"BUCHERER","BUCHERER FRANCE","fr","","","","","","","https://fr.fashionjobs.com/recrutement/bucherer-france.html","CANDIDATE_NOT_CERTIFIED"
"BUCK MASON","BUCK MASON","us","cmtm7brz00t78pv5jd8ieauxz","buck-mason:ACTIVE","lever","","245","0","https://us.fashionjobs.com/careers/buck-mason.html","CANDIDATE_NOT_CERTIFIED"
"BUCKLE BRANDS","BUCKLE BRANDS","us","","","","","","","https://us.fashionjobs.com/careers/buckle-brands.html","CANDIDATE_NOT_CERTIFIED"
"BULGARI","BULGARI","ae | at | au | br | ca | ch | cn | de | fr | hk | ie | jp | kr | mx | nl | ph | sa | th | uk | us | vn","cmtk48ejw1bzgny2bkqrqp6dp","lvmh:ACTIVE","lvmh_algolia","","112","9","https://ae.fashionjobs.com/careers/bulgari.html | https://at.fashionjobs.com/karriere-arbeitspl%C3%A4tze/bulgari.html | https://au.fashionjobs.com/careers/bulgari.html | https://br.fashionjobs.com/recrutamento-careers/bulgari.html | https://ca.fashionjobs.com/careers/bulgari.html | https://ch.fashionjobs.com/recrutement/bulgari.html | https://cn.fashionjobs.com/%E6%8B%9B%E8%81%98/bulgari.html | https://de.fashionjobs.com/karriere-arbeitspl%C3%A4tze/bulgari.html | https://fr.fashionjobs.com/recrutement/bulgari.html | https://hk.fashionjobs.com/careers/bulgari.html | https://ie.fashionjobs.com/careers/bulgari.html | https://jp.fashionjobs.com/%E3%83%AA%E3%82%AF%E3%83%AB%E3%83%BC%E3%83%88/bulgari.html | https://kr.fashionjobs.com/careers/bulgari.html | https://mx.fashionjobs.com/careers-empleo/bulgari.html | https://nl.fashionjobs.com/vacatures-careers/bulgari.html | https://ph.fashionjobs.com/careers/bulgari.html | https://sa.fashionjobs.com/careers/bulgari.html | https://th.fashionjobs.com/careers/bulgari.html | https://uk.fashionjobs.com/careers/bulgari.html | https://us.fashionjobs.com/careers/bulgari.html | https://vn.fashionjobs.com/careers/bulgari.html","CANDIDATE_NOT_CERTIFIED"
"BUMBLE AND BUMBLE","BUMBLE AND BUMBLE","us","cmtm9jhxx1uz4pv5j4te5c4ys","estee-lauder-companies:ACTIVE","eightfold","https://elcompanies.eightfold.ai","6","0","https://us.fashionjobs.com/careers/bumble-and-bumble.html","CANDIDATE_NOT_CERTIFIED"
"BURBERRY","BURBERRY","ca | us","cmtn5j20e0jc4qq5lukahzq6w","burberry:ACTIVE","successfactors","https://burberrycareers.com","135","0","https://ca.fashionjobs.com/careers/burberry.html | https://us.fashionjobs.com/careers/burberry.html","CANDIDATE_NOT_CERTIFIED"
"BUREAU BLANQO","BUREAU BLANQO","fr","","","","","","","https://fr.fashionjobs.com/recrutement/bureau-blanqo.html","CANDIDATE_NOT_CERTIFIED"
"BUREAU DE PRESSE PASCALE VENOT","BUREAU DE PRESSE PASCALE VENOT","fr","cmtkdvvt01s7enf2btvhwa58l","","","","","","https://fr.fashionjobs.com/recrutement/bureau-de-presse-pascale-venot.html","CANDIDATE_NOT_CERTIFIED"
"BUREAU DE VICTOR","BUREAU DE VICTOR","fr","","","","","","","https://fr.fashionjobs.com/recrutement/bureau-de-victor.html","CANDIDATE_NOT_CERTIFIED"
"BURTON","BURTON","at | ca | jp | us","","","","","","","https://at.fashionjobs.com/karriere-arbeitspl%C3%A4tze/burton.html | https://ca.fashionjobs.com/careers/burton.html | https://jp.fashionjobs.com/%E3%83%AA%E3%82%AF%E3%83%AB%E3%83%BC%E3%83%88/burton.html | https://us.fashionjobs.com/careers/burton.html","CANDIDATE_NOT_CERTIFIED"
"BUSTLE","BUSTLE","us","","","","","","","https://us.fashionjobs.com/careers/bustle.html","CANDIDATE_NOT_CERTIFIED"
"BVLGARI","BVLGARI","fr","cmtk48ejw1bzgny2bkqrqp6dp","lvmh:ACTIVE","lvmh_algolia","","112","9","https://fr.fashionjobs.com/recrutement/bvlgari.html","CANDIDATE_NOT_CERTIFIED"
"BY MARIE","BY MARIE","fr","cmtkdw2jh1u66nf2b0bno4g04","","","","","","https://fr.fashionjobs.com/recrutement/by-marie.html","CANDIDATE_NOT_CERTIFIED"
"BYBLOS","BYBLOS","it","","","","","","","https://it.fashionjobs.com/lavora-con-noi/byblos.html","CANDIDATE_NOT_CERTIFIED"
"BZB","BZB","fr","cmtlyiig305w5qf5kntqzz9kw","bzb:ACTIVE","teamtailor","https://bzb.teamtailor.com","21","20","https://fr.fashionjobs.com/recrutement/bzb.html","CANDIDATE_NOT_CERTIFIED"
"C AND A","C&A","at | be | br | ch | de | fr | hr | hu | lu | nl | pl | pt | ro","cmtkdw17j1trcnf2btvinbjwg","fashionjobs:PAUSED","fashionjobs","","1","1","https://at.fashionjobs.com/karriere-arbeitspl%C3%A4tze/c-a.html | https://be.fashionjobs.com/recrutement/c-a.html | https://br.fashionjobs.com/recrutamento-careers/c-a.html | https://ch.fashionjobs.com/recrutement/c-a.html | https://de.fashionjobs.com/karriere-arbeitspl%C3%A4tze/c-a.html | https://fr.fashionjobs.com/recrutement/c-a.html | https://hr.fashionjobs.com/careers/c-a.html | https://hu.fashionjobs.com/careers/c-a.html | https://lu.fashionjobs.com/recrutement/c-a.html | https://nl.fashionjobs.com/vacatures-careers/c-a.html | https://pl.fashionjobs.com/en-pl/careers/c-a.html | https://pt.fashionjobs.com/recrutamento-careers/c-a.html | https://ro.fashionjobs.com/careers/c-a.html","CANDIDATE_NOT_CERTIFIED"
"C C CONSEIL SHOWROOM","C.C CONSEIL SHOWROOM","fr","","","","","","","https://fr.fashionjobs.com/recrutement/c-c-conseil-showroom.html","CANDIDATE_NOT_CERTIFIED"
"C LOG","C-LOG","fr","","","","","","","https://fr.fashionjobs.com/recrutement/c-log.html","CANDIDATE_NOT_CERTIFIED"
"CABAIA","CABAIA","fr","cmtlyg0wt01d5qf5k13fihscd","cabaia:ACTIVE | wttj-sector:ACTIVE","teamtailor | wttj-sector","https://cabaia.teamtailor.com","8","8","https://fr.fashionjobs.com/recrutement/cabaia.html","CANDIDATE_NOT_CERTIFIED"
"CACHE CACHE","CACHE CACHE","fr","cmtm7ucr010y7pv5j8qg9y2m6","element-6:ACTIVE","magnet","https://recrutement.groupe-beaumanoir.com","61","61","https://fr.fashionjobs.com/recrutement/cache-cache.html","CANDIDATE_NOT_CERTIFIED"
"CAEDU","CAEDU","br","","","","","","","https://br.fashionjobs.com/recrutamento-careers/caedu.html","CANDIDATE_NOT_CERTIFIED"
"CALEB PARIS","CALEB PARIS","fr","cmtkdvxd01snunf2b3gi645d0","","","","","","https://fr.fashionjobs.com/recrutement/caleb-paris.html","CANDIDATE_NOT_CERTIFIED"
"CALERES","CALERES","ca | us","","","","","","","https://ca.fashionjobs.com/careers/caleres.html | https://us.fashionjobs.com/careers/caleres.html","CANDIDATE_NOT_CERTIFIED"
"CALIDA","CALIDA","ch | de","","","","","","","https://ch.fashionjobs.com/recrutement/calida.html | https://de.fashionjobs.com/karriere-arbeitspl%C3%A4tze/calida.html","CANDIDATE_NOT_CERTIFIED"
"CALVIN KLEIN","CALVIN KLEIN","es","","","","","","","https://es.fashionjobs.com/careers-empleo/awwg.html","CANDIDATE_NOT_CERTIFIED"
"CALZEDONIA","CALZEDONIA","at | be | ch | de | fr | nl | se","","","","","","","https://at.fashionjobs.com/karriere-arbeitspl%C3%A4tze/calzedonia.html | https://be.fashionjobs.com/recrutement/calzedonia.html | https://ch.fashionjobs.com/recrutement/calzedonia.html | https://de.fashionjobs.com/karriere-arbeitspl%C3%A4tze/calzedonia.html | https://fr.fashionjobs.com/recrutement/calzedonia.html | https://nl.fashionjobs.com/vacatures-careers/calzedonia.html | https://se.fashionjobs.com/careers/calzedonia.html","CANDIDATE_NOT_CERTIFIED"
"CAMELEONS RH","CAMELEONS RH","fr","cmtkdvygh1t10nf2briurzyb4","fashionjobs:PAUSED","fashionjobs","","4","4","https://fr.fashionjobs.com/recrutement/cameleons-rh.html","CANDIDATE_NOT_CERTIFIED"
"CAMICISSIMA","CAMICISSIMA","it","","","","","","","https://it.fashionjobs.com/lavora-con-noi/camicissima.html","CANDIDATE_NOT_CERTIFIED"
"CAMPER","CAMPER","fr","cmtlq3uim1m0gpg2bcbdwtixo","camper:ACTIVE","teamtailor","https://careers.camper.com","43","5","https://fr.fashionjobs.com/recrutement/camper.html","CANDIDATE_NOT_CERTIFIED"
"CAMPER ASAK AND CO S P A","CAMPER - ASAK & CO. S.P.A.","it","","","","","","","https://it.fashionjobs.com/lavora-con-noi/camper-asak-co-s-p-a-.html","CANDIDATE_NOT_CERTIFIED"
"CAMPILLO","CAMPILLO","mx","","","","","","","https://mx.fashionjobs.com/careers-empleo/campillo.html","CANDIDATE_NOT_CERTIFIED"
"CANADA GOOSE","CANADA GOOSE","au | ca | de | dk | ie | nl | uk | us","cmtk1ywiz04tnnv2bym3tmeto","canada-goose:ACTIVE","workday","https://canadagoose.wd3.myworkdayjobs.com","96","2","https://au.fashionjobs.com/careers/canada-goose.html | https://ca.fashionjobs.com/careers/canada-goose.html | https://de.fashionjobs.com/karriere-arbeitspl%C3%A4tze/canada-goose.html | https://dk.fashionjobs.com/careers/canada-goose.html | https://ie.fashionjobs.com/careers/canada-goose.html | https://nl.fashionjobs.com/vacatures-careers/canada-goose.html | https://uk.fashionjobs.com/careers/canada-goose.html | https://us.fashionjobs.com/careers/canada-goose.html","CANDIDATE_NOT_CERTIFIED"
"CANOPEA","CANOPEA","fr","cmtnrub4q2y71qq4zu0551vws","","","","","","https://fr.fashionjobs.com/recrutement/canopea.html","CANDIDATE_NOT_CERTIFIED"
"CARDIE","CARDIÉ","es","","","","","","","https://es.fashionjobs.com/careers-empleo/cardie.html","CANDIDATE_NOT_CERTIFIED"
"CAREL PARIS","CAREL PARIS","fr","","","","","","","https://fr.fashionjobs.com/recrutement/carel-paris.html","CANDIDATE_NOT_CERTIFIED"
"CARHARTT","CARHARTT","mx | us","","","","","","","https://mx.fashionjobs.com/careers-empleo/carhartt.html | https://us.fashionjobs.com/careers/carhartt.html","CANDIDATE_NOT_CERTIFIED"
"CAROLINA HERRERA","CAROLINA HERRERA","us","","","","","","","https://us.fashionjobs.com/careers/carolina-herrera.html","CANDIDATE_NOT_CERTIFIED"
"CAROLL","CAROLL","fr","cmtm7ucrc10ybpv5j8tv9kuxe","element-6:ACTIVE","magnet","https://recrutement.groupe-beaumanoir.com","37","37","https://fr.fashionjobs.com/recrutement/caroll.html","CANDIDATE_NOT_CERTIFIED"
"CARTIER","CARTIER","us","cmtkgqym00xm7mn2bsqf6ewhn","richemont-workday:ACTIVE | richemont:ACTIVE","workday","https://richemont.wd3.myworkdayjobs.com | https://richemont.wd3.myworkdayjobs.com","155","102","https://us.fashionjobs.com/careers/cartier.html","CANDIDATE_NOT_CERTIFIED"
"CARVEN","CARVEN","fr","cmtpw96hg4k4dl35mhmmk4slt","fashionjobs:PAUSED","fashionjobs","","1","1","https://fr.fashionjobs.com/recrutement/carven.html","CANDIDATE_NOT_CERTIFIED"
"CASA DINAMARCA","CASA DINAMARCA","mx","","","","","","","https://mx.fashionjobs.com/careers-empleo/casa-dinamarca.html","CANDIDATE_NOT_CERTIFIED"
"CASA NOVIA","CASA NOVIA","mx","","","","","","","https://mx.fashionjobs.com/careers-empleo/casa-novia.html","CANDIDATE_NOT_CERTIFIED"
"CASTANEDA","CASTANEDA","fr","","","","","","","https://fr.fashionjobs.com/recrutement/castaneda.html","CANDIDATE_NOT_CERTIFIED"
"CASTEL ROMANO DESIGNER OUTLET","CASTEL ROMANO DESIGNER OUTLET","it","","","","","","","https://it.fashionjobs.com/lavora-con-noi/castel-romano-designer-outlet.html","CANDIDATE_NOT_CERTIFIED"
"CASTORE","CASTORE","uk","cmtlyium006pqqf5kymyiavbr","castore:ACTIVE","teamtailor","https://careers.castore.com","26","0","https://uk.fashionjobs.com/careers/castore.html","CANDIDATE_NOT_CERTIFIED"
"CAVALLI E NASTRI","CAVALLI E NASTRI","it","","","","","","","https://it.fashionjobs.com/lavora-con-noi/cavalli-e-nastri.html","CANDIDATE_NOT_CERTIFIED"
"CBR FASHION GROUP","CBR FASHION GROUP","at | de | nl","","","","","","","https://at.fashionjobs.com/karriere-arbeitspl%C3%A4tze/cbr-fashion-group.html | https://de.fashionjobs.com/karriere-arbeitspl%C3%A4tze/cbr-fashion-group.html | https://nl.fashionjobs.com/vacatures-careers/cbr-fashion-group.html","CANDIDATE_NOT_CERTIFIED"
"CBR FASHION RETAIL AG","CBR FASHION RETAIL AG","ch","","","","","","","https://ch.fashionjobs.com/recrutement/cbr-fashion-retail-ag.html","CANDIDATE_NOT_CERTIFIED"
"CBR FASHION RETAIL GMBH","CBR FASHION RETAIL GMBH","de","","","","","","","https://de.fashionjobs.com/karriere-arbeitspl%C3%A4tze/cbr-fashion-retail-gmbh.html","CANDIDATE_NOT_CERTIFIED"
"CECIL","CECIL","de","","","","","","","https://de.fashionjobs.com/karriere-arbeitspl%C3%A4tze/cecil.html","CANDIDATE_NOT_CERTIFIED"
"CELESTE MOGADOR","CÉLESTE MOGADOR","fr","cmtkdvy5q1sxknf2bt8tuhwni","fashionjobs:PAUSED","fashionjobs","","1","1","https://fr.fashionjobs.com/recrutement/celeste-mogador.html","CANDIDATE_NOT_CERTIFIED"
"CELINE","CELINE","ae | ca | ch | cn | ie | sg | uk | us","cmtk48eib1bytny2b0aeiqprm","lvmh:ACTIVE | fashionjobs:PAUSED","lvmh_algolia | fashionjobs","","143","69","https://ae.fashionjobs.com/careers/celine.html | https://ca.fashionjobs.com/careers/celine.html | https://ch.fashionjobs.com/recrutement/celine.html | https://cn.fashionjobs.com/%E6%8B%9B%E8%81%98/celine.html | https://ie.fashionjobs.com/careers/celine.html | https://sg.fashionjobs.com/careers/celine.html | https://uk.fashionjobs.com/careers/celine.html | https://us.fashionjobs.com/careers/celine.html","CANDIDATE_NOT_CERTIFIED"
"CELIO","CELIO","fr","cmtlygar301pjqf5k29qof7s7","celio:ACTIVE","teamtailor","https://celio.teamtailor.com","8","8","https://fr.fashionjobs.com/recrutement/celio.html","CANDIDATE_NOT_CERTIFIED"
"CENTRIC BRANDS","CENTRIC BRANDS","bd | ca | cn | eg | in | ph | th | us","","","","","","","https://bd.fashionjobs.com/careers/centric-brands.html | https://ca.fashionjobs.com/careers/centric-brands.html | https://cn.fashionjobs.com/%E6%8B%9B%E8%81%98/centric-brands.html | https://eg.fashionjobs.com/careers/centric-brands.html | https://in.fashionjobs.com/careers/centric-brands.html | https://ph.fashionjobs.com/careers/centric-brands.html | https://th.fashionjobs.com/careers/centric-brands.html | https://us.fashionjobs.com/careers/centric-brands.html","CANDIDATE_NOT_CERTIFIED"
"CEUCLE","CÈUCLE","fr","cmtkdw2o31u7hnf2blhqsf1cp","","","","","","https://fr.fashionjobs.com/recrutement/ceucle.html","CANDIDATE_NOT_CERTIFIED"
"CEVENE","CÉVÈNE","fr","","","","","","","https://fr.fashionjobs.com/recrutement/cevene.html","CANDIDATE_NOT_CERTIFIED"
"CH CAROLINA HERRERA","CH CAROLINA HERRERA","be | es | pt","","","","","","","https://be.fashionjobs.com/recrutement/ch-carolina-herrera.html | https://es.fashionjobs.com/careers-empleo/ch-carolina-herrera.html | https://pt.fashionjobs.com/recrutamento-careers/ch-carolina-herrera.html","CANDIDATE_NOT_CERTIFIED"
"CHALHOUB GROUP","CHALHOUB GROUP","ae | bh | eg | jo | qa | sa","cmtp27w900jrqqq4zyxgp05b2","chalhoub:ACTIVE","teamtailor","https://careers.chalhoubgroup.com","143","0","https://ae.fashionjobs.com/careers/chalhoub-group.html | https://bh.fashionjobs.com/careers/chalhoub-group.html | https://eg.fashionjobs.com/careers/chalhoub-group.html | https://jo.fashionjobs.com/careers/chalhoub-group.html | https://qa.fashionjobs.com/careers/chalhoub-group.html | https://sa.fashionjobs.com/careers/chalhoub-group.html","CANDIDATE_NOT_CERTIFIED"
"CHAMPION","CHAMPION","fr","cmtkdvurp1rtdnf2boo5regmx","","","","","","https://fr.fashionjobs.com/recrutement/champion.html","CANDIDATE_NOT_CERTIFIED"
"CHAMPS SPORTS","CHAMPS SPORTS","ca | us","cmtpxurht00063nxck320zx3t","foot-locker-france:ACTIVE","phenom","https://careers.footlocker.com","483","0","https://ca.fashionjobs.com/careers/champs-sports.html | https://us.fashionjobs.com/careers/champs-sports.html","CANDIDATE_NOT_CERTIFIED"
"CHANDON","CHANDON","us","cmtk496501j81ny2b9b8jgyer","lvmh:ACTIVE","lvmh_algolia","","1","0","https://us.fashionjobs.com/careers/chandon.html","CANDIDATE_NOT_CERTIFIED"
"CHANEL","CHANEL","ae | at | au | br | ca | ch | cn | cz | de | dk | fr | hk | ie | jp | kr | mc | mx | nl | se | sg | th | tr | tw | uk | us | vn","cr68476d4c991498cd9a77c741","parfums-chanel:ACTIVE","workday","https://cc.wd3.myworkdayjobs.com","1117","430","https://ae.fashionjobs.com/careers/chanel.html | https://at.fashionjobs.com/karriere-arbeitspl%C3%A4tze/chanel.html | https://au.fashionjobs.com/careers/chanel.html | https://br.fashionjobs.com/recrutamento-careers/chanel.html | https://ca.fashionjobs.com/careers/chanel.html | https://ch.fashionjobs.com/recrutement/chanel.html | https://cn.fashionjobs.com/%E6%8B%9B%E8%81%98/chanel.html | https://cz.fashionjobs.com/karriere-arbeitspl%C3%A4tze/chanel.html | https://de.fashionjobs.com/karriere-arbeitspl%C3%A4tze/chanel.html | https://dk.fashionjobs.com/careers/chanel.html | https://fr.fashionjobs.com/recrutement/chanel.html | https://hk.fashionjobs.com/careers/chanel.html | https://ie.fashionjobs.com/careers/chanel.html | https://jp.fashionjobs.com/%E3%83%AA%E3%82%AF%E3%83%AB%E3%83%BC%E3%83%88/chanel.html | https://kr.fashionjobs.com/careers/chanel.html | https://mc.fashionjobs.com/recrutement/chanel.html | https://mx.fashionjobs.com/careers-empleo/chanel.html | https://nl.fashionjobs.com/vacatures-careers/chanel.html | https://se.fashionjobs.com/careers/chanel.html | https://sg.fashionjobs.com/careers/chanel.html | https://th.fashionjobs.com/careers/chanel.html | https://tr.fashionjobs.com/i%C5%9Fe-al%C4%B1m/chanel.html | https://tw.fashionjobs.com/careers/chanel.html | https://uk.fashionjobs.com/careers/chanel.html | https://us.fashionjobs.com/careers/chanel.html | https://vn.fashionjobs.com/careers/chanel.html","CANDIDATE_NOT_CERTIFIED"
"CHAPEAU FASHION SL","CHAPEAU FASHION SL","es","","","","","","","https://es.fashionjobs.com/careers-empleo/chapeau-fashion-sl.html","CANDIDATE_NOT_CERTIFIED"
"CHARLESTOWN","CHARLESTOWN","fr","cmtkdvxrc1ssbnf2bpo3v9yzx","","","","","","https://fr.fashionjobs.com/recrutement/charlestown.html","CANDIDATE_NOT_CERTIFIED"
"CHASSAGNAC","CHASSAGNAC","fr","cmtkdw3kf1uipnf2bakgxro7h","","","","","","https://fr.fashionjobs.com/recrutement/chassagnac.html","CANDIDATE_NOT_CERTIFIED"
"CHERUBINA","CHERUBINA","es","","","","","","","https://es.fashionjobs.com/careers-empleo/cherubina.html","CANDIDATE_NOT_CERTIFIED"
"CHIC AT WORK","CHIC AT WORK","fr","cmtkdvub61rmgnf2bq7yh4n5l","","","","","","https://fr.fashionjobs.com/recrutement/chic-at-work.html","CANDIDATE_NOT_CERTIFIED"
"CHICO S","CHICO'S","us","","chico-s:ACTIVE","workday","https://knitwellgroup.wd1.myworkdayjobs.com","","","https://us.fashionjobs.com/careers/chico-s.html","CANDIDATE_NOT_CERTIFIED"
"CHICO S OUTLET","CHICO'S OUTLET","us","cmtlygfgf01xxqf5k8ny9a0yl","chico-s:ACTIVE","workday","https://knitwellgroup.wd1.myworkdayjobs.com","2","0","https://us.fashionjobs.com/careers/chico-s-outlet.html","CANDIDATE_NOT_CERTIFIED"
"CHILDREN WORLDWIDE FASHION C W F","CHILDREN WORLDWIDE FASHION C.W.F","fr","cmtkdvzna1t9vnf2bsx57k9p4","fashionjobs:PAUSED","fashionjobs","","3","3","https://fr.fashionjobs.com/recrutement/children-worldwide-fashion-c-w-f.html","CANDIDATE_NOT_CERTIFIED"
"CHLOE","CHLOÉ SAS | CHLOÉ","fr | us","cmtkdvutp1ru9nf2bbqeq9stw","richemont-workday:ACTIVE | richemont:ACTIVE","workday","https://richemont.wd3.myworkdayjobs.com | https://richemont.wd3.myworkdayjobs.com","25","25","https://fr.fashionjobs.com/recrutement/chloe-sas.html | https://us.fashionjobs.com/careers/chloe.html","CANDIDATE_NOT_CERTIFIED"
"CHN HAI","CHN HAI","fr","cmtkdw2m91u6rnf2bj6cukiw5","","","","","","https://fr.fashionjobs.com/recrutement/chn-hai.html","CANDIDATE_NOT_CERTIFIED"
"CHOPARD","CHOPARD","ch | de | mc","","","","","","","https://ch.fashionjobs.com/recrutement/chopard.html | https://de.fashionjobs.com/karriere-arbeitspl%C3%A4tze/chopard.html | https://mc.fashionjobs.com/recrutement/chopard.html","CANDIDATE_NOT_CERTIFIED"
"CHOW TAI FOOK","CHOW TAI FOOK","hk","","","","","","","https://hk.fashionjobs.com/careers/chow-tai-fook.html","CANDIDATE_NOT_CERTIFIED"
"CHRIST","CHRIST","at | de","","","","","","","https://at.fashionjobs.com/karriere-arbeitspl%C3%A4tze/christ.html | https://de.fashionjobs.com/karriere-arbeitspl%C3%A4tze/christ.html","CANDIDATE_NOT_CERTIFIED"
"CHRISTIAN DIOR","CHRISTIAN DIOR","ca | us","cmtk48e6r1bu9ny2bxbq8un50","lvmh:ACTIVE | fashionjobs:PAUSED","lvmh_algolia | fashionjobs","","485","282","https://ca.fashionjobs.com/careers/christian-dior.html | https://us.fashionjobs.com/careers/christian-dior.html","CANDIDATE_NOT_CERTIFIED"
"CHRISTIAN DIOR COUTURE","CHRISTIAN DIOR COUTURE","ae | at | au | be | bh | ca | ch | cn | cz | de | fr | gr | ie | jp | kr | mc | mx | nl | no | pl | pt | qa | sa | sg | th | tr | uk | us","cmtk48e6r1bu9ny2bxbq8un50","lvmh:ACTIVE | fashionjobs:PAUSED","lvmh_algolia | fashionjobs","","485","282","https://ae.fashionjobs.com/careers/christian-dior-couture.html | https://at.fashionjobs.com/karriere-arbeitspl%C3%A4tze/christian-dior-couture.html | https://au.fashionjobs.com/careers/christian-dior-couture.html | https://be.fashionjobs.com/recrutement/christian-dior-couture.html | https://bh.fashionjobs.com/careers/christian-dior-couture.html | https://ca.fashionjobs.com/careers/christian-dior-couture.html | https://ch.fashionjobs.com/recrutement/christian-dior-couture.html | https://cn.fashionjobs.com/%E6%8B%9B%E8%81%98/christian-dior-couture.html | https://cz.fashionjobs.com/karriere-arbeitspl%C3%A4tze/christian-dior-couture.html | https://de.fashionjobs.com/karriere-arbeitspl%C3%A4tze/christian-dior-couture.html | https://fr.fashionjobs.com/recrutement/christian-dior-couture.html | https://gr.fashionjobs.com/careers/christian-dior-couture.html | https://ie.fashionjobs.com/careers/christian-dior-couture.html | https://jp.fashionjobs.com/%E3%83%AA%E3%82%AF%E3%83%AB%E3%83%BC%E3%83%88/christian-dior-couture.html | https://kr.fashionjobs.com/careers/christian-dior-couture.html | https://mc.fashionjobs.com/recrutement/christian-dior-couture.html | https://mx.fashionjobs.com/careers-empleo/christian-dior-couture.html | https://nl.fashionjobs.com/vacatures-careers/christian-dior-couture.html | https://no.fashionjobs.com/careers/christian-dior-couture.html | https://pl.fashionjobs.com/en-pl/careers/christian-dior-couture.html | https://pt.fashionjobs.com/recrutamento-careers/christian-dior-couture.html | https://qa.fashionjobs.com/careers/christian-dior-couture.html | https://sa.fashionjobs.com/careers/christian-dior-couture.html | https://sg.fashionjobs.com/careers/christian-dior-couture.html | https://th.fashionjobs.com/careers/christian-dior-couture.html | https://tr.fashionjobs.com/i%C5%9Fe-al%C4%B1m/christian-dior-couture.html | https://uk.fashionjobs.com/careers/christian-dior-couture.html | https://us.fashionjobs.com/careers/christian-dior-couture.html","CANDIDATE_NOT_CERTIFIED"
"CHRISTINE PHUNG DESIGN","CHRISTINE PHUNG DESIGN","fr","cmtks20zm21ctp72brutdjgi6","","","","","","https://fr.fashionjobs.com/recrutement/christine-phung-design.html","CANDIDATE_NOT_CERTIFIED"
"CHURCH S","CHURCH'S","fr","","","","","","","https://fr.fashionjobs.com/recrutement/church-s.html","CANDIDATE_NOT_CERTIFIED"
"CIPANGO","CIPANGO","fr","","","","","","","https://fr.fashionjobs.com/recrutement/cipango.html","CANDIDATE_NOT_CERTIFIED"
"CITADIUM","CITADIUM","fr","","","","","","","https://fr.fashionjobs.com/recrutement/citadium.html","CANDIDATE_NOT_CERTIFIED"
"CITIZENS OF HUMANITY","CITIZENS OF HUMANITY","fr","cmtnac1rq2smgqq5l9m0c9puq","fashionjobs:PAUSED","fashionjobs","","1","1","https://fr.fashionjobs.com/recrutement/citizens-of-humanity.html","CANDIDATE_NOT_CERTIFIED"
"CITTERIO GIOIELLI","CITTERIO GIOIELLI","it","","","","","","","https://it.fashionjobs.com/lavora-con-noi/citterio-gioielli.html","CANDIDATE_NOT_CERTIFIED"
"CITY BEACH","CITY BEACH","au","","","","","","","https://au.fashionjobs.com/careers/city-beach.html","CANDIDATE_NOT_CERTIFIED"
"CLAIRE S","CLAIRE'S","ch | ie | uk","cmtpkx0pr59sqpf5lfz0vxtaf","fashionjobs:PAUSED","fashionjobs","","1","1","https://ch.fashionjobs.com/recrutement/claire-s.html | https://ie.fashionjobs.com/careers/claire-s.html | https://uk.fashionjobs.com/careers/claire-s.html","CANDIDATE_NOT_CERTIFIED"
"CLARK S","CLARK'S","ca | ie | jp | nl | pl | pt | sg | uk | us","","","","","","","https://ca.fashionjobs.com/careers/clark-s.html | https://ie.fashionjobs.com/careers/clark-s.html | https://jp.fashionjobs.com/%E3%83%AA%E3%82%AF%E3%83%AB%E3%83%BC%E3%83%88/clark-s.html | https://nl.fashionjobs.com/vacatures-careers/clark-s.html | https://pl.fashionjobs.com/en-pl/careers/clark-s.html | https://pt.fashionjobs.com/recrutamento-careers/clark-s.html | https://sg.fashionjobs.com/careers/clark-s.html | https://uk.fashionjobs.com/careers/clark-s.html | https://us.fashionjobs.com/careers/clark-s.html","CANDIDATE_NOT_CERTIFIED"
"CLAUDIAPAZ","CLAUDIAPAZ","fr","","","","","","","https://fr.fashionjobs.com/recrutement/claudiapaz.html","CANDIDATE_NOT_CERTIFIED"
"CLAUDIE PIERLOT","CLAUDIE PIERLOT","ch | de | dk | es | fr | ie | it | lu | pt | se | uk","cr5c9308138c86e24341e51b89","sandro:ACTIVE","smartrecruiters-whitelabel","https://api.smartrecruiters.com/v1/companies/SMCP/postings?limit=100","69","39","https://ch.fashionjobs.com/recrutement/claudie-pierlot.html | https://de.fashionjobs.com/karriere-arbeitspl%C3%A4tze/claudie-pierlot.html | https://dk.fashionjobs.com/careers/claudie-pierlot.html | https://es.fashionjobs.com/careers-empleo/claudie-pierlot.html | https://fr.fashionjobs.com/recrutement/claudie-pierlot.html | https://ie.fashionjobs.com/careers/claudie-pierlot.html | https://it.fashionjobs.com/lavora-con-noi/claudie-pierlot.html | https://lu.fashionjobs.com/recrutement/claudie-pierlot.html | https://pt.fashionjobs.com/recrutamento-careers/claudie-pierlot.html | https://se.fashionjobs.com/careers/claudie-pierlot.html | https://uk.fashionjobs.com/careers/claudie-pierlot.html","CANDIDATE_NOT_CERTIFIED"
"CLINIQUE","CLINIQUE","ar | au | cl | cz | dk | ie | il | mx | pl | us","cmtm9jhoq1uwgpv5jb20n95wp","estee-lauder-companies:ACTIVE","eightfold","https://elcompanies.eightfold.ai","110","1","https://ar.fashionjobs.com/careers-empleo/clinique.html | https://au.fashionjobs.com/careers/clinique.html | https://cl.fashionjobs.com/careers-empleo/clinique.html | https://cz.fashionjobs.com/karriere-arbeitspl%C3%A4tze/clinique.html | https://dk.fashionjobs.com/careers/clinique.html | https://ie.fashionjobs.com/careers/clinique.html | https://il.fashionjobs.com/careers/clinique.html | https://mx.fashionjobs.com/careers-empleo/clinique.html | https://pl.fashionjobs.com/en-pl/careers/clinique.html | https://us.fashionjobs.com/careers/clinique.html","CANDIDATE_NOT_CERTIFIED"
"CLOSED","CLOSED","be | de | nl","cmtlyhnx503jfqf5kpc9cxsmz","closed:ACTIVE","personio","","14","0","https://be.fashionjobs.com/recrutement/closed.html | https://de.fashionjobs.com/karriere-arbeitspl%C3%A4tze/closed.html | https://nl.fashionjobs.com/vacatures-careers/closed.html","CANDIDATE_NOT_CERTIFIED"
"CLOTHING MANUFACTURERS UK","CLOTHING MANUFACTURERS UK","uk","","","","","","","https://uk.fashionjobs.com/careers/clothing-manufacturers-uk.html","CANDIDATE_NOT_CERTIFIED"
"CLUB L LONDON","CLUB L LONDON","uk","cmtlyhw8t042oqf5kfvzq8w3k","club-l-london:ACTIVE","teamtailor","https://careers.clubllondon.com","18","0","https://uk.fashionjobs.com/careers/club-l-london.html","CANDIDATE_NOT_CERTIFIED"
"CLUB MONACO","CLUB MONACO","ca | us","cmtlyitrx06lcqf5kzkrxbrla","club-monaco:ACTIVE","greenhouse","","24","0","https://ca.fashionjobs.com/careers/club-monaco.html | https://us.fashionjobs.com/careers/club-monaco.html","CANDIDATE_NOT_CERTIFIED"
"CLUSE","CLUSE","nl","","","","","","","https://nl.fashionjobs.com/vacatures-careers/cluse.html","CANDIDATE_NOT_CERTIFIED"
"COCCINELLE S P A","COCCINELLE S.P.A.","it","","","","","","","https://it.fashionjobs.com/lavora-con-noi/coccinelle-s-p-a-.html","CANDIDATE_NOT_CERTIFIED"
"COCCINELLE VITTORIA 3 0 SRL","COCCINELLE - VITTORIA 3.0 SRL","it","","","","","","","https://it.fashionjobs.com/lavora-con-noi/coccinelle-vittoria-3-0-srl.html","CANDIDATE_NOT_CERTIFIED"
"COLD CULTURE","COLD CULTURE","es | fr","cmtkdvznu1ta3nf2bxoqpfm5o","","","","","","https://es.fashionjobs.com/careers-empleo/cold-culture.html | https://fr.fashionjobs.com/recrutement/cold-culture.html","CANDIDATE_NOT_CERTIFIED"
"COLLECTOR SQUARE","COLLECTOR SQUARE","fr","cmtkdvxl61sqgnf2bhklqiqd8","wttj-sector:ACTIVE","wttj-sector","","4","4","https://fr.fashionjobs.com/recrutement/collector-square.html","CANDIDATE_NOT_CERTIFIED"
"COLTESSE","COLTESSE","fr","cmtkdw2mh1u6vnf2bv8y3qxhq","","","","","","https://fr.fashionjobs.com/recrutement/coltesse.html","CANDIDATE_NOT_CERTIFIED"
"COLUMBIA","COLUMBIA","at | ca | ch | de | ie | in | jp | kr | nl | pl | uk | us | vn","","","","","","","https://at.fashionjobs.com/karriere-arbeitspl%C3%A4tze/columbia.html | https://ca.fashionjobs.com/careers/columbia.html | https://ch.fashionjobs.com/recrutement/columbia.html | https://de.fashionjobs.com/karriere-arbeitspl%C3%A4tze/columbia.html | https://ie.fashionjobs.com/careers/columbia.html | https://in.fashionjobs.com/careers/columbia.html | https://jp.fashionjobs.com/%E3%83%AA%E3%82%AF%E3%83%AB%E3%83%BC%E3%83%88/columbia.html | https://kr.fashionjobs.com/careers/columbia.html | https://nl.fashionjobs.com/vacatures-careers/columbia.html | https://pl.fashionjobs.com/en-pl/careers/columbia.html | https://uk.fashionjobs.com/careers/columbia.html | https://us.fashionjobs.com/careers/columbia.html | https://vn.fashionjobs.com/careers/columbia.html","CANDIDATE_NOT_CERTIFIED"
"COM DEMAIN","COM DEMAIN","fr","cmtkdvvn31s4znf2ba3q5d95e","","","","","","https://fr.fashionjobs.com/recrutement/com-demain.html","CANDIDATE_NOT_CERTIFIED"
"COMITE COLBERT","COMITÉ COLBERT","fr","cmtkdw3nw1ujrnf2brkg20jem","","","","","","https://fr.fashionjobs.com/recrutement/comite-colbert.html","CANDIDATE_NOT_CERTIFIED"
"COMMA","COMMA,","at | de","","","","","","","https://at.fashionjobs.com/karriere-arbeitspl%C3%A4tze/comma-.html | https://de.fashionjobs.com/karriere-arbeitspl%C3%A4tze/comma-.html","CANDIDATE_NOT_CERTIFIED"
"COMME TU VEUX","COMME TU VEUX","fr","cmtkdvv4v1rymnf2bli4c5yus","","","","","","https://fr.fashionjobs.com/recrutement/comme-tu-veux.html","CANDIDATE_NOT_CERTIFIED"
"COMPTOIR DES COTONNIERS","COMPTOIR DES COTONNIERS","fr","cmtkdvvws1s8pnf2bwla95cz7","","","","","","https://fr.fashionjobs.com/recrutement/comptoir-des-cotonniers.html","CANDIDATE_NOT_CERTIFIED"
"COMPTOIR VINTAGE","COMPTOIR VINTAGE","fr","cmtnac0xi2sdfqq5lk7d6j81z","","","","","","https://fr.fashionjobs.com/recrutement/comptoir-vintage.html","CANDIDATE_NOT_CERTIFIED"
"CONCEPT RECRUTEMENT","CONCEPT RECRUTEMENT","fr","cmtkdvvyz1s9hnf2b7y3h2cj3","fashionjobs:PAUSED","fashionjobs","","4","4","https://fr.fashionjobs.com/recrutement/concept-recrutement.html","CANDIDATE_NOT_CERTIFIED"
"CONDE NAST","CONDÉ NAST","de | in | mx | tw | uk | us","cmtk20nla07q3nv2buhvgyyas","conde-nast-france:ACTIVE","workday","https://condenast.wd115.myworkdayjobs.com","12","0","https://de.fashionjobs.com/karriere-arbeitspl%C3%A4tze/conde-nast.html | https://in.fashionjobs.com/careers/conde-nast.html | https://mx.fashionjobs.com/careers-empleo/conde-nast.html | https://tw.fashionjobs.com/careers/conde-nast.html | https://uk.fashionjobs.com/careers/conde-nast.html | https://us.fashionjobs.com/careers/conde-nast.html","CANDIDATE_NOT_CERTIFIED"
"CONFIDENCIAL","CONFIDENCIAL","es | it | pt","","","","","","","https://es.fashionjobs.com/careers-empleo/confidencial.html | https://it.fashionjobs.com/lavora-con-noi/confidencial.html | https://pt.fashionjobs.com/recrutamento-careers/confidencial.html","CANDIDATE_NOT_CERTIFIED"
"CONFIDENTIAL","CONFIDENTIAL","uk","","","","","","","https://uk.fashionjobs.com/careers/confidential.html","CANDIDATE_NOT_CERTIFIED"
"CONFIDENTIEL","CONFIDENTIEL","fr | uk","cmtkdvwgx1selnf2bfysmzr7y","fashionjobs:PAUSED","fashionjobs","","5","5","https://fr.fashionjobs.com/recrutement/confidentiel.html | https://uk.fashionjobs.com/careers/confidentiel.html","CANDIDATE_NOT_CERTIFIED"
"CONFIDENZIALE","CONFIDENZIALE","it","","","","","","","https://it.fashionjobs.com/lavora-con-noi/confidenziale.html","CANDIDATE_NOT_CERTIFIED"
"CONSCIOUS LOVE","CONSCIOUS LOVE","fr","cmtp868px3rlaqq4z2ltmpmk7","fashionjobs:PAUSED","fashionjobs","","1","1","https://fr.fashionjobs.com/recrutement/conscious-love.html","CANDIDATE_NOT_CERTIFIED"
"CONSERVATOIRE DES HEMISPHERES","CONSERVATOIRE DES HÉMISPHÈRES","fr","","","","","","","https://fr.fashionjobs.com/recrutement/conservatoire-des-hemispheres.html","CANDIDATE_NOT_CERTIFIED"
"COPAINS","COPAINS","fr","cmtlq3ucl1lycpg2bi77mf37o","","","","","","https://fr.fashionjobs.com/recrutement/copains.html","CANDIDATE_NOT_CERTIFIED"
"CORTANA","CORTANA","es","","","","","","","https://es.fashionjobs.com/careers-empleo/cortana.html","CANDIDATE_NOT_CERTIFIED"
"CORTEFIEL MUJER","CORTEFIEL MUJER","es","","","","","","","https://es.fashionjobs.com/careers-empleo/tendam-global-fashion-retail.html","CANDIDATE_NOT_CERTIFIED"
"COS","COS","at | au | be | ca | de | hk | ie | jp | kr | lt | nl | pl | pt | ro | sg | tr | tw | uk | us","","","","","","","https://at.fashionjobs.com/karriere-arbeitspl%C3%A4tze/cos.html | https://au.fashionjobs.com/careers/cos.html | https://be.fashionjobs.com/recrutement/cos.html | https://ca.fashionjobs.com/careers/cos.html | https://de.fashionjobs.com/karriere-arbeitspl%C3%A4tze/cos.html | https://hk.fashionjobs.com/careers/cos.html | https://ie.fashionjobs.com/careers/cos.html | https://jp.fashionjobs.com/%E3%83%AA%E3%82%AF%E3%83%AB%E3%83%BC%E3%83%88/cos.html | https://kr.fashionjobs.com/careers/cos.html | https://lt.fashionjobs.com/careers/cos.html | https://nl.fashionjobs.com/vacatures-careers/cos.html | https://pl.fashionjobs.com/en-pl/careers/cos.html | https://pt.fashionjobs.com/recrutamento-careers/cos.html | https://ro.fashionjobs.com/careers/cos.html | https://sg.fashionjobs.com/careers/cos.html | https://tr.fashionjobs.com/i%C5%9Fe-al%C4%B1m/cos.html | https://tw.fashionjobs.com/careers/cos.html | https://uk.fashionjobs.com/careers/cos.html | https://us.fashionjobs.com/careers/cos.html","CANDIDATE_NOT_CERTIFIED"
"COS BAR RETAIL LLC","COS BAR RETAIL LLC","us","","","","","","","https://us.fashionjobs.com/careers/cos-bar-retail-llc.html","CANDIDATE_NOT_CERTIFIED"
"COSMETICS INSPIRATION AND CREATION","COSMETICS INSPIRATION&CREATION","fr","","","","","","","https://fr.fashionjobs.com/recrutement/cosmetics-inspiration-creation.html","CANDIDATE_NOT_CERTIFIED"
"COSNOVA","COSNOVA","de","","","","","","","https://de.fashionjobs.com/karriere-arbeitspl%C3%A4tze/cosnova.html","CANDIDATE_NOT_CERTIFIED"
"COST CUTTERS","COST CUTTERS","us","","","","","","","https://us.fashionjobs.com/careers/cost-cutters.html","CANDIDATE_NOT_CERTIFIED"
"COTY","COTY","fr | uk","","","","","","","https://fr.fashionjobs.com/recrutement/coty.html | https://uk.fashionjobs.com/careers/coty.html","CANDIDATE_NOT_CERTIFIED"
"COUCOT","COUCOT","fr","cmtkdw4401uocnf2bejlcwlch","","","","","","https://fr.fashionjobs.com/recrutement/coucot.html","CANDIDATE_NOT_CERTIFIED"
"COUCOT L ARTISAN CREATEUR","COUCOT- L'ARTISAN CRÉATEUR","fr","cmtkdw44g1uognf2bgy08w25z","","","","","","https://fr.fashionjobs.com/recrutement/coucot-l-artisan-createur.html","CANDIDATE_NOT_CERTIFIED"
"COURIR","COURIR","es | fr | it | nl | pt","cmtjvn7mp0000ld2bc3dm4w94","courir:ACTIVE | fashionjobs:PAUSED","smartrecruiters-whitelabel | fashionjobs","","425","302","https://es.fashionjobs.com/careers-empleo/groupe-courir.html | https://fr.fashionjobs.com/recrutement/courir.html | https://it.fashionjobs.com/lavora-con-noi/groupe-courir.html | https://nl.fashionjobs.com/vacatures-careers/groupe-courir.html | https://pt.fashionjobs.com/recrutamento-careers/groupe-courir.html","CANDIDATE_NOT_CERTIFIED"
"COURREGES DISTRIBUTION","COURREGES DISTRIBUTION","fr","cmtkdw2b81u3bnf2bzkhmrt75","","","","","","https://fr.fashionjobs.com/recrutement/courreges-distribution.html","CANDIDATE_NOT_CERTIFIED"
"COUTURE AND RETAIL CAMELEONS RH","COUTURE & RETAIL CAMÉLÉONS RH","fr","cmtkdvyh41t1cnf2bwghkhpg0","fashionjobs:PAUSED","fashionjobs","","1","1","https://fr.fashionjobs.com/recrutement/couture-retail-cameleons-rh.html","CANDIDATE_NOT_CERTIFIED"
"CRATE AND BARREL","CRATE & BARREL","ca | us","","","","","","","https://ca.fashionjobs.com/careers/crate-barrel.html | https://us.fashionjobs.com/careers/crate-barrel.html","CANDIDATE_NOT_CERTIFIED"
"CREATION REALISATION MARKETING PARIS","CREATION REALISATION MARKETING PARIS","fr","","","","","","","https://fr.fashionjobs.com/recrutement/creation-realisation-marketing-paris.html","CANDIDATE_NOT_CERTIFIED"
"CREATIONS FUSALP","CREATIONS FUSALP","ch | fr | uk","cmtkdvupo1rshnf2b5mz54rmt","fashionjobs:PAUSED","fashionjobs","","2","2","https://ch.fashionjobs.com/recrutement/creations-fusalp.html | https://fr.fashionjobs.com/recrutement/creations-fusalp.html | https://uk.fashionjobs.com/careers/creations-fusalp.html","CANDIDATE_NOT_CERTIFIED"
"CROCS","CROCS","at | au | br | ca | cn | de | id | in | jp | kr | nl | sg | uk | us","cmtm7ezsb0xitpv5jwefmjxlg","crocs:ACTIVE","successfactors","https://careers.crocs.com","486","11","https://at.fashionjobs.com/karriere-arbeitspl%C3%A4tze/crocs.html | https://au.fashionjobs.com/careers/crocs.html | https://br.fashionjobs.com/recrutamento-careers/crocs.html | https://ca.fashionjobs.com/careers/crocs.html | https://cn.fashionjobs.com/%E6%8B%9B%E8%81%98/crocs.html | https://de.fashionjobs.com/karriere-arbeitspl%C3%A4tze/crocs.html | https://id.fashionjobs.com/careers/crocs.html | https://in.fashionjobs.com/careers/crocs.html | https://jp.fashionjobs.com/%E3%83%AA%E3%82%AF%E3%83%AB%E3%83%BC%E3%83%88/crocs.html | https://kr.fashionjobs.com/careers/crocs.html | https://nl.fashionjobs.com/vacatures-careers/crocs.html | https://sg.fashionjobs.com/careers/crocs.html | https://uk.fashionjobs.com/careers/crocs.html | https://us.fashionjobs.com/careers/crocs.html","CANDIDATE_NOT_CERTIFIED"
"CROSSMODE PARIS","CROSSMODE PARIS","fr","cmtp868zy3rofqq4zrmuqlmk5","fashionjobs:PAUSED","fashionjobs","","1","1","https://fr.fashionjobs.com/recrutement/crossmode-paris.html","CANDIDATE_NOT_CERTIFIED"
"CROSSWORD","CROSSWORD","be","","","","","","","https://be.fashionjobs.com/recrutement/crossword.html","CANDIDATE_NOT_CERTIFIED"
"CRUSH AGENCY","CRUSH AGENCY","fr","","","","","","","https://fr.fashionjobs.com/recrutement/crush-agency.html","CANDIDATE_NOT_CERTIFIED"
"CTZAR","CTZAR","fr","cmtnac1pp2sllqq5llqla2dqa","","","","","","https://fr.fashionjobs.com/recrutement/ctzar.html","CANDIDATE_NOT_CERTIFIED"
"CUTELO","CUTELO","br","","","","","","","https://br.fashionjobs.com/recrutamento-careers/cutelo.html","CANDIDATE_NOT_CERTIFIED"
"CVUK","CVUK","uk","","","","","","","https://uk.fashionjobs.com/careers/cvuk.html","CANDIDATE_NOT_CERTIFIED"
"D LAB NUTRICOSMETICS","D-LAB NUTRICOSMETICS","fr","","","","","","","https://fr.fashionjobs.com/recrutement/d-lab-nutricosmetics.html","CANDIDATE_NOT_CERTIFIED"
"D ORSAY","D'ORSAY","fr","cmtnac1ny2sktqq5lqrf4wp6u","","","","","","https://fr.fashionjobs.com/recrutement/d-orsay.html","CANDIDATE_NOT_CERTIFIED"
"DANGERFIELD","DANGERFIELD","au | nz","","","","","","","https://au.fashionjobs.com/careers/dangerfield.html | https://nz.fashionjobs.com/careers/dangerfield.html","CANDIDATE_NOT_CERTIFIED"
"DANIEL FEAU CONSEIL IMMOBILIER","DANIEL FÉAU CONSEIL IMMOBILIER","fr","cmtkdvvs91s72nf2biv8j9ngh","","","","","","https://fr.fashionjobs.com/recrutement/daniel-feau-conseil-immobilier.html","CANDIDATE_NOT_CERTIFIED"
"DARPHIN PARIS","DARPHIN PARIS","tr","cmtm9jl8x1vt3pv5jnt5xp4ry","estee-lauder-companies:ACTIVE","eightfold","https://elcompanies.eightfold.ai","4","2","https://tr.fashionjobs.com/i%C5%9Fe-al%C4%B1m/darphin-paris.html","CANDIDATE_NOT_CERTIFIED"
"DAVID JONES","DAVID JONES","au | nz","","","","","","","https://au.fashionjobs.com/careers/david-jones.html | https://nz.fashionjobs.com/careers/david-jones.html","CANDIDATE_NOT_CERTIFIED"
"DAVID KOMA","DAVID KOMA","uk","","","","","","","https://uk.fashionjobs.com/careers/david-koma.html","CANDIDATE_NOT_CERTIFIED"
"DAVID YURMAN","DAVID YURMAN","us","","","","","","","https://us.fashionjobs.com/careers/david-yurman.html","CANDIDATE_NOT_CERTIFIED"
"DAVOS 95 SRL","DAVOS 95 SRL","it","","","","","","","https://it.fashionjobs.com/lavora-con-noi/davos-95-srl.html","CANDIDATE_NOT_CERTIFIED"
"DE BONNE FACTURE","DE BONNE FACTURE","fr","cmtkdvwfb1sdxnf2bbn7x3fcw","","","","","","https://fr.fashionjobs.com/recrutement/de-bonne-facture.html","CANDIDATE_NOT_CERTIFIED"
"DE GABOR PARIS","DE GABOR PARIS","es | fr","cmtkdvuku1rqbnf2beqvrwzz5","","","","","","https://es.fashionjobs.com/careers-empleo/de-gabor-paris.html | https://fr.fashionjobs.com/recrutement/de-gabor-paris.html","CANDIDATE_NOT_CERTIFIED"
"DE LA ROSA TULUM","DE LA ROSA TULUM","mx","","","","","","","https://mx.fashionjobs.com/careers-empleo/de-la-rosa-tulum.html","CANDIDATE_NOT_CERTIFIED"
"DE LUCA IMPRESA DI SERVIZI","DE LUCA IMPRESA DI SERVIZI","it","","","","","","","https://it.fashionjobs.com/lavora-con-noi/de-luca-impresa-di-servizi.html","CANDIDATE_NOT_CERTIFIED"
"DE WAN","DE WAN","it","","","","","","","https://it.fashionjobs.com/lavora-con-noi/de-wan.html","CANDIDATE_NOT_CERTIFIED"
"DEBENHAMS","DEBENHAMS","uk","","","","","","","https://uk.fashionjobs.com/careers/debenhams.html","CANDIDATE_NOT_CERTIFIED"
"DEBENHAMS GROUP","DEBENHAMS GROUP","uk","","","","","","","https://uk.fashionjobs.com/careers/debenhams-group.html","CANDIDATE_NOT_CERTIFIED"
"DECIEM","DECIEM","au | mx | us","cmtm9jj1i1v9rpv5jqtul8ypw","estee-lauder-companies:ACTIVE","eightfold","https://elcompanies.eightfold.ai","12","0","https://au.fashionjobs.com/careers/deciem.html | https://mx.fashionjobs.com/careers-empleo/deciem.html | https://us.fashionjobs.com/careers/deciem.html","CANDIDATE_NOT_CERTIFIED"
"DECKERS","DECKERS","at | ca | ch | cn | de | hk | jp | nl | uk | us","cmtp330po14d2qq4zofyyqjx1","deckers:ACTIVE","workday","https://deckers.wd5.myworkdayjobs.com","86","0","https://at.fashionjobs.com/karriere-arbeitspl%C3%A4tze/deckers.html | https://ca.fashionjobs.com/careers/deckers.html | https://ch.fashionjobs.com/recrutement/deckers.html | https://cn.fashionjobs.com/%E6%8B%9B%E8%81%98/deckers.html | https://de.fashionjobs.com/karriere-arbeitspl%C3%A4tze/deckers.html | https://hk.fashionjobs.com/careers/deckers.html | https://jp.fashionjobs.com/%E3%83%AA%E3%82%AF%E3%83%AB%E3%83%BC%E3%83%88/deckers.html | https://nl.fashionjobs.com/vacatures-careers/deckers.html | https://uk.fashionjobs.com/careers/deckers.html | https://us.fashionjobs.com/careers/deckers.html","CANDIDATE_NOT_CERTIFIED"
"DEELUXE","DEELUXE","fr","cmtkdw0rv1tm8nf2bb825qxri","fashionjobs:PAUSED","fashionjobs","","1","1","https://fr.fashionjobs.com/recrutement/deeluxe.html","CANDIDATE_NOT_CERTIFIED"
"DEFILE VINTAGE","DÉFILÉ VINTAGE","fr","","","","","","","https://fr.fashionjobs.com/recrutement/defile-vintage.html","CANDIDATE_NOT_CERTIFIED"
"DEICHMANN","DEICHMANN","at | de","","","","","","","https://at.fashionjobs.com/karriere-arbeitspl%C3%A4tze/deichmann.html | https://de.fashionjobs.com/karriere-arbeitspl%C3%A4tze/deichmann.html","CANDIDATE_NOT_CERTIFIED"
"DELAGE","DELAGE","fr","cmtkdw27j1u1snf2b6k637kiw","","","","","","https://fr.fashionjobs.com/recrutement/delage.html","CANDIDATE_NOT_CERTIFIED"
"DELTA GALIL","DELTA GALIL","il | us","","","","","","","https://il.fashionjobs.com/careers/delta-galil.html | https://us.fashionjobs.com/careers/delta-galil.html","CANDIDATE_NOT_CERTIFIED"
"DEPECH MODE","DEPECH'MODE","fr","cmtkdvuio1rpbnf2bltfbynz2","fashionjobs:PAUSED","fashionjobs","","6","6","https://fr.fashionjobs.com/recrutement/depech-mode.html","CANDIDATE_NOT_CERTIFIED"
"DEPOP","DEPOP","uk","","","","","","","https://uk.fashionjobs.com/careers/depop.html","CANDIDATE_NOT_CERTIFIED"
"DES GARCONS DE CAFE","DES GARÇONS DE CAFE","es","","","","","","","https://es.fashionjobs.com/careers-empleo/des-garcons-de-cafe.html","CANDIDATE_NOT_CERTIFIED"
"DESIGNERS DIRECT","DESIGNERS DIRECT","fr","","","","","","","https://fr.fashionjobs.com/recrutement/designers-direct.html","CANDIDATE_NOT_CERTIFIED"
"DEVERNOIS","DEVERNOIS","fr","cmtkdw1yq1tymnf2bpa2buiu8","","","","","","https://fr.fashionjobs.com/recrutement/devernois.html","CANDIDATE_NOT_CERTIFIED"
"DEVRED","DEVRED SAS","fr","","","","","","","https://fr.fashionjobs.com/recrutement/devred-sas.html","CANDIDATE_NOT_CERTIFIED"
"DEVRED 1902","DEVRED 1902","ch | fr","cmtnac1py2slpqq5lh2i6um91","fashionjobs:PAUSED","fashionjobs","","1","0","https://ch.fashionjobs.com/recrutement/devred-1902.html | https://fr.fashionjobs.com/recrutement/devred-1902.html","CANDIDATE_NOT_CERTIFIED"
"DFS","DFS","jp","cmtk1wy4r0012nv2b3e8ive7o","dfs:ACTIVE","successfactors","https://careers.dfs.com","4","0","https://jp.fashionjobs.com/%E3%83%AA%E3%82%AF%E3%83%AB%E3%83%BC%E3%83%88/dfs.html","CANDIDATE_NOT_CERTIFIED"
"DIAMONDS DIRECT","DIAMONDS DIRECT","us","","","","","","","https://us.fashionjobs.com/careers/diamonds-direct.html","CANDIDATE_NOT_CERTIFIED"
"DIAPERIS","DIAPERIS","fr","cmtkdw25v1u16nf2bhe67lj18","","","","","","https://fr.fashionjobs.com/recrutement/diaperis.html","CANDIDATE_NOT_CERTIFIED"
"DIESEL","DIESEL","us","","","","","","","https://us.fashionjobs.com/careers/diesel.html","CANDIDATE_NOT_CERTIFIED"
"DIGEL","DIGEL","fr","","","","","","","https://fr.fashionjobs.com/recrutement/digel.html","CANDIDATE_NOT_CERTIFIED"
"DIGIWEST","DIGIWEST","fr","","","","","","","https://fr.fashionjobs.com/recrutement/digiwest.html","CANDIDATE_NOT_CERTIFIED"
"DIGIWEST AGENCY","DIGIWEST AGENCY","fr","cmtlq3u221lvbpg2bi5cppnwo","","","","","","https://fr.fashionjobs.com/recrutement/digiwest-agency.html","CANDIDATE_NOT_CERTIFIED"
"DINH VAN","DINH VAN","fr","cmtkdvxw01su3nf2but3bkw0q","fashionjobs:PAUSED","fashionjobs","","1","1","https://fr.fashionjobs.com/recrutement/dinh-van.html","CANDIDATE_NOT_CERTIFIED"
"DINH VAN PARIS","DINH VAN PARIS","fr","cmtkdvyuw1t4mnf2bpbim5cwq","fashionjobs:PAUSED","fashionjobs","","1","1","https://fr.fashionjobs.com/recrutement/dinh-van-paris.html","CANDIDATE_NOT_CERTIFIED"
"DIPTYQUE","DIPTYQUE","fr","cmtk1xe9n01a0nv2b2p3qyil0","diptyque:RETIRED | diptyque-workday:ACTIVE","wttj | workday","https://diptyqueparis.wd103.myworkdayjobs.com","153","34","https://fr.fashionjobs.com/recrutement/diptyque.html","CANDIDATE_NOT_CERTIFIED"
"DISTURBIA","DISTURBIA","uk","","","","","","","https://uk.fashionjobs.com/careers/disturbia.html","CANDIDATE_NOT_CERTIFIED"
"DIVPROTOCOL","DIVPROTOCOL","fr","cmtmkagpb2jqgpv4x5iufop2g","","","","","","https://fr.fashionjobs.com/recrutement/divprotocol.html","CANDIDATE_NOT_CERTIFIED"
"DJULA","DJULA","fr","cmtkdw0g31tilnf2b8781vbza","fashionjobs:PAUSED","fashionjobs","","5","5","https://fr.fashionjobs.com/recrutement/djula.html","CANDIDATE_NOT_CERTIFIED"
"DLLI","DLLI","fr","","","","","","","https://fr.fashionjobs.com/recrutement/dlli.html","CANDIDATE_NOT_CERTIFIED"
"DLX PARIS","DLX. PARIS","fr","","","","","","","https://fr.fashionjobs.com/recrutement/dlx-paris.html","CANDIDATE_NOT_CERTIFIED"
"DMAG EU","DMAG.EU","it","","","","","","","https://it.fashionjobs.com/lavora-con-noi/dmag-eu.html","CANDIDATE_NOT_CERTIFIED"
"DO YOU SPEAK FRANCAIS","DO YOU SPEAK FRANÇAIS ?","fr","cmtkdvylj1t2nnf2bns1q360w","fashionjobs:PAUSED","fashionjobs","","1","1","https://fr.fashionjobs.com/recrutement/do-you-speak-francais-.html","CANDIDATE_NOT_CERTIFIED"
"DOCKERS","DOCKERS","fr","","","","","","","https://fr.fashionjobs.com/recrutement/dockers.html","CANDIDATE_NOT_CERTIFIED"
"DOKUSOTEKI","DOKUSOTEKI","fr","","","","","","","https://fr.fashionjobs.com/recrutement/dokusoteki.html","CANDIDATE_NOT_CERTIFIED"
"DOLCE AND GABBANA","DOLCE & GABBANA","ar | br | ca | ch | co | de | mc | nl | uk | us","cmtlyn9aa0gg8qf5k7eadcmde","dolce-gabbana:ACTIVE","successfactors","https://jobs.dolcegabbana.com","86","7","https://ar.fashionjobs.com/careers-empleo/dolce-gabbana.html | https://br.fashionjobs.com/recrutamento-careers/dolce-gabbana.html | https://ca.fashionjobs.com/careers/dolce-gabbana.html | https://ch.fashionjobs.com/recrutement/dolce-gabbana.html | https://co.fashionjobs.com/careers-empleo/dolce-gabbana.html | https://de.fashionjobs.com/karriere-arbeitspl%C3%A4tze/dolce-gabbana.html | https://mc.fashionjobs.com/recrutement/dolce-gabbana.html | https://nl.fashionjobs.com/vacatures-careers/dolce-gabbana.html | https://uk.fashionjobs.com/careers/dolce-gabbana.html | https://us.fashionjobs.com/careers/dolce-gabbana.html","CANDIDATE_NOT_CERTIFIED"
"DOLCE AND GABBANA S R L","DOLCE&GABBANA S.R.L","us","cmtlyn9aa0gg8qf5k7eadcmde","dolce-gabbana:ACTIVE","successfactors","https://jobs.dolcegabbana.com","86","7","https://us.fashionjobs.com/careers/dolce-gabbana-s-r-l.html","CANDIDATE_NOT_CERTIFIED"
"DONATELLE GODART PARIS","DONATELLE GODART - PARIS","fr","cmtkdw1ya1tyenf2b44uvotk1","","","","","","https://fr.fashionjobs.com/recrutement/donatelle-godart-paris.html","CANDIDATE_NOT_CERTIFIED"
"DOPPELGANGER","DOPPELGANGER","it","","","","","","","https://it.fashionjobs.com/lavora-con-noi/doppelganger.html","CANDIDATE_NOT_CERTIFIED"
"DOUGLAS","DOUGLAS","at | bg | ch | de | pl","cmtpiyush0n2hpf5l25uk1wu9","douglas-sf:ACTIVE","successfactors","https://jobs.douglas.group","138","0","https://at.fashionjobs.com/karriere-arbeitspl%C3%A4tze/douglas.html | https://bg.fashionjobs.com/careers/douglas.html | https://ch.fashionjobs.com/recrutement/douglas.html | https://de.fashionjobs.com/karriere-arbeitspl%C3%A4tze/douglas.html | https://pl.fashionjobs.com/en-pl/careers/douglas.html","CANDIDATE_NOT_CERTIFIED"
"DOUX JOAILLIER","DOUX JOAILLIER","fr","","","","","","","https://fr.fashionjobs.com/recrutement/doux-joaillier.html","CANDIDATE_NOT_CERTIFIED"
"DOUZE PARIS","DOUZE PARIS","fr","","","","","","","https://fr.fashionjobs.com/recrutement/douze-paris.html","CANDIDATE_NOT_CERTIFIED"
"DR JART","DR.JART+","us","cmtkh4iq611o8mn2b6gawe3qz","dr-jart-13:RETIRED | estee-lauder-companies:ACTIVE","eightfold","https://careers.elcompanies.com | https://elcompanies.eightfold.ai","2","0","https://us.fashionjobs.com/careers/dr-jart-.html","CANDIDATE_NOT_CERTIFIED"
"DR MARTENS","DR. MARTENS | DR MARTENS","at | be | de | dk | es | fr | it | nl | uk","cmtlq3u2u1lvjpg2byhnrakn6","dr-martens-tf:ACTIVE","talentfunnel","https://jobs.drmartens.com","152","26","https://at.fashionjobs.com/karriere-arbeitspl%C3%A4tze/dr-martens.html | https://be.fashionjobs.com/recrutement/dr-martens.html | https://de.fashionjobs.com/karriere-arbeitspl%C3%A4tze/dr-martens.html | https://dk.fashionjobs.com/careers/dr-martens.html | https://es.fashionjobs.com/careers-empleo/dr-martens.html | https://fr.fashionjobs.com/recrutement/dr-martens.html | https://it.fashionjobs.com/lavora-con-noi/dr-martens.html | https://nl.fashionjobs.com/vacatures-careers/dr-martens.html | https://uk.fashionjobs.com/careers/dr-martens.html","CANDIDATE_NOT_CERTIFIED"
"DREAMABLE","DREAMABLE","fr","","","","","","","https://fr.fashionjobs.com/recrutement/dreamable.html","CANDIDATE_NOT_CERTIFIED"
"DRESSING ROOM","DRESSING ROOM","fr","","","","","","","https://fr.fashionjobs.com/recrutement/dressing-room.html","CANDIDATE_NOT_CERTIFIED"
"DROLE DE MONSIEUR","DRÔLE DE MONSIEUR","fr","cmtkdw2df1u3znf2b5d65u1xm","","","","","","https://fr.fashionjobs.com/recrutement/drole-de-monsieur.html","CANDIDATE_NOT_CERTIFIED"
"DROPSHIRT","DROPSHIRT","fr","cmtkdvwj11sfdnf2blxj7sfw4","","","","","","https://fr.fashionjobs.com/recrutement/dropshirt.html","CANDIDATE_NOT_CERTIFIED"
"DU PAREIL AU MEME","DU PAREIL AU MÊME","fr","","","","","","","https://fr.fashionjobs.com/recrutement/du-pareil-au-meme.html","CANDIDATE_NOT_CERTIFIED"
"DUFRYS","DUFRYS","ca | us","","","","","","","https://ca.fashionjobs.com/careers/dufrys.html | https://us.fashionjobs.com/careers/dufrys.html","CANDIDATE_NOT_CERTIFIED"
"DUMEBI","DUMEBI","fr","cmtkdw05t1tfwnf2bbaq97jqn","fashionjobs:PAUSED","fashionjobs","","1","1","https://fr.fashionjobs.com/recrutement/dumebi.html","CANDIDATE_NOT_CERTIFIED"
"DYNAMITE","DYNAMITE","ca | us","","","","","","","https://ca.fashionjobs.com/careers/dynamite.html | https://us.fashionjobs.com/careers/dynamite.html","CANDIDATE_NOT_CERTIFIED"
"EASTPAK","EASTPAK","es | pt","cmtlyfkto00ooqf5k9jltqp95","eastpak:ACTIVE","smartrecruiters-whitelabel","","4","0","https://es.fashionjobs.com/careers-empleo/eastpak.html | https://pt.fashionjobs.com/recrutamento-careers/eastpak.html","CANDIDATE_NOT_CERTIFIED"
"ECCO","ECCO","at | de | dk | sa | se | us","","","","","","","https://at.fashionjobs.com/karriere-arbeitspl%C3%A4tze/ecco.html | https://de.fashionjobs.com/karriere-arbeitspl%C3%A4tze/ecco.html | https://dk.fashionjobs.com/careers/ecco.html | https://sa.fashionjobs.com/careers/ecco.html | https://se.fashionjobs.com/careers/ecco.html | https://us.fashionjobs.com/careers/ecco.html","CANDIDATE_NOT_CERTIFIED"
"ECOALF","ECOALF","es","","","","","","","https://es.fashionjobs.com/careers-empleo/ecoalf.html","CANDIDATE_NOT_CERTIFIED"
"EDAS","EDAS","it","","","","","","","https://it.fashionjobs.com/lavora-con-noi/edas.html","CANDIDATE_NOT_CERTIFIED"
"EDEN PARK","EDEN PARK","fr","cmtkdvupi1rsdnf2bluk35mnh","","","","","","https://fr.fashionjobs.com/recrutement/eden-park.html","CANDIDATE_NOT_CERTIFIED"
"EDI RUDO PRODUCTION","EDI RUDO PRODUCTION","fr","","","","","","","https://fr.fashionjobs.com/recrutement/edi-rudo-production.html","CANDIDATE_NOT_CERTIFIED"
"EDITIONS DE PARFUMS FREDERIC MALLE","EDITIONS DE PARFUMS FREDERIC MALLE","us","cmtm9jhdr1uscpv5jsrlet8v2","estee-lauder-companies:ACTIVE","eightfold","https://elcompanies.eightfold.ai","7","0","https://us.fashionjobs.com/careers/editions-de-parfums-frederic-malle.html","CANDIDATE_NOT_CERTIFIED"
"EGONLAB","EGONLAB","fr","cmtkdvvei1s28nf2b4btt1vo3","","","","","","https://fr.fashionjobs.com/recrutement/egonlab.html","CANDIDATE_NOT_CERTIFIED"
"EGOVISTA","EGOVISTA","it","","","","","","","https://it.fashionjobs.com/lavora-con-noi/egovista.html","CANDIDATE_NOT_CERTIFIED"
"EL COSTURERO DE BANUS","EL COSTURERO DE BANUS","es","","","","","","","https://es.fashionjobs.com/careers-empleo/el-costurero-de-banus.html","CANDIDATE_NOT_CERTIFIED"
"ELECTRA","ELECTRA","ie","","","","","","","https://ie.fashionjobs.com/careers/electra.html","CANDIDATE_NOT_CERTIFIED"
"ELEMENTS MASSAGE","ELEMENTS MASSAGE","ca | us","","","","","","","https://ca.fashionjobs.com/careers/elements-massage.html | https://us.fashionjobs.com/careers/elements-massage.html","CANDIDATE_NOT_CERTIFIED"
"ELENA MIRO","ELENA MIRÓ","es","","","","","","","https://es.fashionjobs.com/careers-empleo/elena-miro.html","CANDIDATE_NOT_CERTIFIED"
"ELEVATE","ELEVATE","de | us","","","","","","","https://de.fashionjobs.com/karriere-arbeitspl%C3%A4tze/elevate.html | https://us.fashionjobs.com/careers/elevate.html","CANDIDATE_NOT_CERTIFIED"
"ELISA GAITO SHOWROOM","ELISA GAITO SHOWROOM","it","","","","","","","https://it.fashionjobs.com/lavora-con-noi/elisa-gaito-showroom.html","CANDIDATE_NOT_CERTIFIED"
"ELLE INTERNATIONAL","ELLE INTERNATIONAL","fr","cmtkdw0hr1tiznf2bth7vfiky | cmtrup3ob4n99pg5mrrljc38t","fashionjobs:PAUSED","fashionjobs","","","","https://fr.fashionjobs.com/recrutement/elle-international.html","CANDIDATE_NOT_CERTIFIED"
"ELOISE MAILLOT PRODUCTION","ELOÏSE MAILLOT PRODUCTION","fr","","","","","","","https://fr.fashionjobs.com/recrutement/eloise-maillot-production.html","CANDIDATE_NOT_CERTIFIED"
"ELSA SCHIAPARELLI","ELSA SCHIAPARELLI","fr","cmtkdw0li1tk5nf2bai9y64y1","fashionjobs:PAUSED","fashionjobs","","1","1","https://fr.fashionjobs.com/recrutement/elsa-schiaparelli.html","CANDIDATE_NOT_CERTIFIED"
"EMILY MODELS","EMILY MODELS","fr","cmtkdvvgw1s38nf2bswuqrmt3","","","","","","https://fr.fashionjobs.com/recrutement/emily-models.html","CANDIDATE_NOT_CERTIFIED"
"EMMA BINOIS PHOTOGRAPHE","EMMA BINOIS PHOTOGRAPHE","fr","","","","","","","https://fr.fashionjobs.com/recrutement/emma-binois-photographe.html","CANDIDATE_NOT_CERTIFIED"
"EMPIRE BEAUTY SCHOOLS","EMPIRE BEAUTY SCHOOLS","us","","","","","","","https://us.fashionjobs.com/careers/empire-beauty-schools.html","CANDIDATE_NOT_CERTIFIED"
"END CLOTHING","END CLOTHING","uk","","","","","","","https://uk.fashionjobs.com/careers/end-clothing.html","CANDIDATE_NOT_CERTIFIED"
"ENOMIS GUIOT DE BOURG","ENOMIS / GUIOT DE BOURG","fr","","","","","","","https://fr.fashionjobs.com/recrutement/enomis-guiot-de-bourg.html","CANDIDATE_NOT_CERTIFIED"
"EOLYS BEAUTE","EOLYS BEAUTÉ","fr","","","","","","","https://fr.fashionjobs.com/recrutement/eolys-beaute.html","CANDIDATE_NOT_CERTIFIED"
"EPICURISME MAG","EPICURISME MAG","fr","cmtkdvvq11s66nf2brixkqyy0","","","","","","https://fr.fashionjobs.com/recrutement/epicurisme-mag.html","CANDIDATE_NOT_CERTIFIED"
"EQUINE EDGE CONSULTING","EQUINE EDGE CONSULTING","mx","","","","","","","https://mx.fashionjobs.com/careers-empleo/equine-edge-consulting.html","CANDIDATE_NOT_CERTIFIED"
"ERIC BOMPARD","ERIC BOMPARD","uk","cmtkdvvsi1s76nf2bi5afj7va","eric-bompard:ACTIVE | fashionjobs:PAUSED","smartrecruiters-whitelabel | fashionjobs","","35","32","https://uk.fashionjobs.com/careers/eric-bompard.html","CANDIDATE_NOT_CERTIFIED"
"ERNEST JONES","ERNEST JONES","ie | uk","","","","","","","https://ie.fashionjobs.com/careers/ernest-jones.html | https://uk.fashionjobs.com/careers/ernest-jones.html","CANDIDATE_NOT_CERTIFIED"
"ERNEST LEOTY","ERNEST LEOTY","fr","cmtkdw3hi1uhqnf2b62dz5l8t","","","","","","https://fr.fashionjobs.com/recrutement/ernest-leoty.html","CANDIDATE_NOT_CERTIFIED"
"ERNEST W BAKER","ERNEST W. BAKER","pt","","","","","","","https://pt.fashionjobs.com/recrutamento-careers/ernest-w-baker.html","CANDIDATE_NOT_CERTIFIED"
"ERRANI STUDIO","ERRANI STUDIO","it","","","","","","","https://it.fashionjobs.com/lavora-con-noi/errani-studio.html","CANDIDATE_NOT_CERTIFIED"
"ES MORE","ES MORE","es","","","","","","","https://es.fashionjobs.com/careers-empleo/es-more.html","CANDIDATE_NOT_CERTIFIED"
"ESSILORLUXOTTICA GROUP","ESSILORLUXOTTICA GROUP","ar | au | be | br | ca | cn | co | cz | de | hu | ie | in | kr | mx | nl | nz | pl | ro | sg | th | tr | tw | uk | us | vn","","","","","","","https://ar.fashionjobs.com/careers-empleo/essilorluxottica-group.html | https://au.fashionjobs.com/careers/essilorluxottica-group.html | https://be.fashionjobs.com/recrutement/essilorluxottica-group.html | https://br.fashionjobs.com/recrutamento-careers/essilorluxottica-group.html | https://ca.fashionjobs.com/careers/essilorluxottica-group.html | https://cn.fashionjobs.com/%E6%8B%9B%E8%81%98/essilorluxottica-group.html | https://co.fashionjobs.com/careers-empleo/essilorluxottica-group.html | https://cz.fashionjobs.com/karriere-arbeitspl%C3%A4tze/essilorluxottica-group.html | https://de.fashionjobs.com/karriere-arbeitspl%C3%A4tze/essilorluxottica-group.html | https://hu.fashionjobs.com/careers/essilorluxottica-group.html | https://ie.fashionjobs.com/careers/essilorluxottica-group.html | https://in.fashionjobs.com/careers/essilorluxottica-group.html | https://kr.fashionjobs.com/careers/essilorluxottica-group.html | https://mx.fashionjobs.com/careers-empleo/essilorluxottica-group.html | https://nl.fashionjobs.com/vacatures-careers/essilorluxottica-group.html | https://nz.fashionjobs.com/careers/essilorluxottica-group.html | https://pl.fashionjobs.com/en-pl/careers/essilorluxottica-group.html | https://ro.fashionjobs.com/careers/essilorluxottica-group.html | https://sg.fashionjobs.com/careers/essilorluxottica-group.html | https://th.fashionjobs.com/careers/essilorluxottica-group.html | https://tr.fashionjobs.com/i%C5%9Fe-al%C4%B1m/essilorluxottica-group.html | https://tw.fashionjobs.com/careers/essilorluxottica-group.html | https://uk.fashionjobs.com/careers/essilorluxottica-group.html | https://us.fashionjobs.com/careers/essilorluxottica-group.html | https://vn.fashionjobs.com/careers/essilorluxottica-group.html","CANDIDATE_NOT_CERTIFIED"
"ESTEE LAUDER BRAND","ESTÉE LAUDER - BRAND","ar | au | be | br | ca | cl | cn | co | cz | hu | ie | il | in | mx | nl | nz | pl | ro | sa | tw | us | za","cmtpuzklu3yvgl35mnr9elxwo","estee-lauder-companies:ACTIVE","eightfold","https://elcompanies.eightfold.ai","126","0","https://ar.fashionjobs.com/careers-empleo/estee-lauder-brand.html | https://au.fashionjobs.com/careers/estee-lauder-brand.html | https://be.fashionjobs.com/recrutement/estee-lauder-brand.html | https://br.fashionjobs.com/recrutamento-careers/estee-lauder-brand.html | https://ca.fashionjobs.com/careers/estee-lauder-brand.html | https://cl.fashionjobs.com/careers-empleo/estee-lauder-brand.html | https://cn.fashionjobs.com/%E6%8B%9B%E8%81%98/estee-lauder-brand.html | https://co.fashionjobs.com/careers-empleo/estee-lauder-brand.html | https://cz.fashionjobs.com/karriere-arbeitspl%C3%A4tze/estee-lauder-brand.html | https://hu.fashionjobs.com/careers/estee-lauder-brand.html | https://ie.fashionjobs.com/careers/estee-lauder-brand.html | https://il.fashionjobs.com/careers/estee-lauder-brand.html | https://in.fashionjobs.com/careers/estee-lauder-brand.html | https://mx.fashionjobs.com/careers-empleo/estee-lauder-brand.html | https://nl.fashionjobs.com/vacatures-careers/estee-lauder-brand.html | https://nz.fashionjobs.com/careers/estee-lauder-brand.html | https://pl.fashionjobs.com/en-pl/careers/estee-lauder-brand.html | https://ro.fashionjobs.com/careers/estee-lauder-brand.html | https://sa.fashionjobs.com/careers/estee-lauder-brand.html | https://tw.fashionjobs.com/careers/estee-lauder-brand.html | https://us.fashionjobs.com/careers/estee-lauder-brand.html | https://za.fashionjobs.com/careers/estee-lauder-brand.html","CANDIDATE_NOT_CERTIFIED"
"ESTEE LAUDER COMPANIES","ESTÉE LAUDER COMPANIES | ESTEE LAUDER COMPANIES | ESTÉE LAUDER COMPANIES FRANCE","ae | ar | au | be | br | ca | ch | cl | cn | co | cz | dk | fr | gr | hk | hu | il | in | jp | kr | mx | nl | no | pa | ph | pl | sa | se | sg | th | tr | us | vn | za","cmtkdvuwf1rvenf2bk6p3g02y","estee-lauder-companies:ACTIVE","eightfold","https://elcompanies.eightfold.ai","414","11","https://ae.fashionjobs.com/careers/estee-lauder-companies.html | https://ar.fashionjobs.com/careers-empleo/estee-lauder-companies.html | https://au.fashionjobs.com/careers/estee-lauder-companies.html | https://be.fashionjobs.com/recrutement/estee-lauder-companies.html | https://br.fashionjobs.com/recrutamento-careers/estee-lauder-companies.html | https://ca.fashionjobs.com/careers/estee-lauder-companies.html | https://ch.fashionjobs.com/recrutement/estee-lauder-companies.html | https://cl.fashionjobs.com/careers-empleo/estee-lauder-companies.html | https://cn.fashionjobs.com/%E6%8B%9B%E8%81%98/estee-lauder-companies.html | https://co.fashionjobs.com/careers-empleo/estee-lauder-companies.html | https://cz.fashionjobs.com/karriere-arbeitspl%C3%A4tze/estee-lauder-companies.html | https://dk.fashionjobs.com/careers/estee-lauder-companies.html | https://fr.fashionjobs.com/recrutement/estee-lauder-companies.html | https://fr.fashionjobs.com/recrutement/estee-lauder-companies-france.html | https://gr.fashionjobs.com/careers/estee-lauder-companies.html | https://hk.fashionjobs.com/careers/estee-lauder-companies.html | https://hu.fashionjobs.com/careers/estee-lauder-companies.html | https://il.fashionjobs.com/careers/estee-lauder-companies.html | https://in.fashionjobs.com/careers/estee-lauder-companies.html | https://jp.fashionjobs.com/%E3%83%AA%E3%82%AF%E3%83%AB%E3%83%BC%E3%83%88/estee-lauder-companies.html | https://kr.fashionjobs.com/careers/estee-lauder-companies.html | https://mx.fashionjobs.com/careers-empleo/estee-lauder-companies.html | https://nl.fashionjobs.com/vacatures-careers/estee-lauder-companies.html | https://no.fashionjobs.com/careers/estee-lauder-companies.html | https://pa.fashionjobs.com/careers-empleo/estee-lauder-companies.html | https://ph.fashionjobs.com/careers/estee-lauder-companies.html | https://pl.fashionjobs.com/en-pl/careers/estee-lauder-companies.html | https://sa.fashionjobs.com/careers/estee-lauder-companies.html | https://se.fashionjobs.com/careers/estee-lauder-companies.html | https://sg.fashionjobs.com/careers/estee-lauder-companies.html | https://th.fashionjobs.com/careers/estee-lauder-companies.html | https://tr.fashionjobs.com/i%C5%9Fe-al%C4%B1m/estee-lauder-companies.html | https://us.fashionjobs.com/careers/estee-lauder-companies.html | https://vn.fashionjobs.com/careers/estee-lauder-companies.html | https://za.fashionjobs.com/careers/estee-lauder-companies.html","CANDIDATE_NOT_CERTIFIED"
"ESTUDIO DE DISENO Y CONSULTORIA DE MODA","ESTUDIO DE DISEÑO Y CONSULTORÍA DE MODA","es","","","","","","","https://es.fashionjobs.com/careers-empleo/estudio-de-diseno-y-consultoria-de-moda.html","CANDIDATE_NOT_CERTIFIED"
"ETAM","ETAM","be | ch | es | fr","cmtk21s720aa5nv2byuid9uwb","etam:ACTIVE","teamtailor","https://career.groupeetam.com","241","152","https://be.fashionjobs.com/recrutement/etam.html | https://ch.fashionjobs.com/recrutement/etam.html | https://es.fashionjobs.com/careers-empleo/etam.html | https://fr.fashionjobs.com/recrutement/etam.html","CANDIDATE_NOT_CERTIFIED"
"ETERNEL PARISIEN","ETERNEL PARISIEN","fr","cmtkdvy131svtnf2b9xjx7akf","fashionjobs:PAUSED","fashionjobs","","1","1","https://fr.fashionjobs.com/recrutement/eternel-parisien.html","CANDIDATE_NOT_CERTIFIED"
"EVANS CYCLES","EVANS CYCLES","uk","","","","","","","https://uk.fashionjobs.com/careers/evans-cycles.html","CANDIDATE_NOT_CERTIFIED"
"EVEREVE","EVEREVE","us","","","","","","","https://us.fashionjobs.com/careers/evereve.html","CANDIDATE_NOT_CERTIFIED"
"EVERLANE","EVERLANE","us","cmtlykpsc0azhqf5kt8xxoq2x","everlane:ACTIVE","greenhouse","","45","0","https://us.fashionjobs.com/careers/everlane.html","CANDIDATE_NOT_CERTIFIED"
"EVERLAST GYMS","EVERLAST GYMS+ | EVERLAST GYMS","ie | uk","","","","","","","https://ie.fashionjobs.com/careers/everlast-gyms-.html | https://uk.fashionjobs.com/careers/everlast-gyms.html | https://uk.fashionjobs.com/careers/everlast-gyms-.html","CANDIDATE_NOT_CERTIFIED"
"EXE WORLDWIDE","EXE WORLDWIDE","fr","cmtkdw13q1tq3nf2b0uw3elbs","fashionjobs:PAUSED","fashionjobs","","2","2","https://fr.fashionjobs.com/recrutement/exe-worldwide.html","CANDIDATE_NOT_CERTIFIED"
"EXOTICA","EXOTICA","es","","","","","","","https://es.fashionjobs.com/careers-empleo/exotica.html","CANDIDATE_NOT_CERTIFIED"
"EXPRESS","EXPRESS","us","","","","","","","https://us.fashionjobs.com/careers/express.html","CANDIDATE_NOT_CERTIFIED"
"EXTRA MILE VENTURES","EXTRA MILE VENTURES","it","","","","","","","https://it.fashionjobs.com/lavora-con-noi/extra-mile-ventures.html","CANDIDATE_NOT_CERTIFIED"
"EYEGLASS WORLD","EYEGLASS WORLD","us","","","","","","","https://us.fashionjobs.com/careers/eyeglass-world.html","CANDIDATE_NOT_CERTIFIED"
"F SCHUMACHER AND CO","F. SCHUMACHER & CO FRANCE","fr","cmtks20i0219rp72b0vd2xj9y","","","","","","https://fr.fashionjobs.com/recrutement/f-schumacher-co-france.html","CANDIDATE_NOT_CERTIFIED"
"FABIO PANZA SHOWROOM","FABIO PANZA SHOWROOM","it","","","","","","","https://it.fashionjobs.com/lavora-con-noi/fabio-panza-showroom.html","CANDIDATE_NOT_CERTIFIED"
"FABLETICS","FABLETICS","de | us","","","","","","","https://de.fashionjobs.com/karriere-arbeitspl%C3%A4tze/fabletics.html | https://us.fashionjobs.com/careers/fabletics.html","CANDIDATE_NOT_CERTIFIED"
"FACON JACMIN","FAÇON JACMIN","fr","","","","","","","https://fr.fashionjobs.com/recrutement/facon-jacmin.html","CANDIDATE_NOT_CERTIFIED"
"FAGUO","FAGUO","be | fr","cmtlyghjc01zzqf5k2a95m27g","faguo:ACTIVE | wttj-sector:ACTIVE","teamtailor | wttj-sector","https://carriere.faguo-store.com","10","7","https://be.fashionjobs.com/recrutement/faguo.html | https://fr.fashionjobs.com/recrutement/faguo.html","CANDIDATE_NOT_CERTIFIED"
"FAHERTY","FAHERTY","us","","","","","","","https://us.fashionjobs.com/careers/faherty.html","CANDIDATE_NOT_CERTIFIED"
"FAIR FASHION AGENT INTERNATIONAL","FAIR FASHION AGENT INTERNATIONAL","fr","cmtnac1tt2sn8qq5l3jk84cel | cmtpw96do4k3nl35mii9jtnaj","fashionjobs:PAUSED","fashionjobs","","","","https://fr.fashionjobs.com/recrutement/fair-fashion-agent-international.html","CANDIDATE_NOT_CERTIFIED"
"FALCONERI","FALCONERI","at | fr | se","","","","","","","https://at.fashionjobs.com/karriere-arbeitspl%C3%A4tze/falconeri.html | https://fr.fashionjobs.com/recrutement/falconeri.html | https://se.fashionjobs.com/careers/falconeri.html","CANDIDATE_NOT_CERTIFIED"
"FALKE","FALKE","at | de","","","","","","","https://at.fashionjobs.com/karriere-arbeitspl%C3%A4tze/falke.html | https://de.fashionjobs.com/karriere-arbeitspl%C3%A4tze/falke.html","CANDIDATE_NOT_CERTIFIED"
"FAM INDUSTRIES","FAM INDUSTRIES","it","","","","","","","https://it.fashionjobs.com/lavora-con-noi/fam-industries.html","CANDIDATE_NOT_CERTIFIED"
"FARFETCH","FARFETCH","jp | nl | pt | uk | us","creaee87ae5fad291caf0cf46b","browns:ACTIVE","lever","","52","0","https://jp.fashionjobs.com/%E3%83%AA%E3%82%AF%E3%83%AB%E3%83%BC%E3%83%88/farfetch.html | https://nl.fashionjobs.com/vacatures-careers/farfetch.html | https://pt.fashionjobs.com/recrutamento-careers/farfetch.html | https://uk.fashionjobs.com/careers/farfetch.html | https://us.fashionjobs.com/careers/farfetch.html","CANDIDATE_NOT_CERTIFIED"
"FASHION AND LUXURY SELECTION","FASHION & LUXURY SELECTION","be","","","","","","","https://be.fashionjobs.com/recrutement/fashion-luxury-selection.html","CANDIDATE_NOT_CERTIFIED"
"FASHION CONCEPT SRL","FASHION CONCEPT SRL","it","","","","","","","https://it.fashionjobs.com/lavora-con-noi/fashion-concept-srl.html","CANDIDATE_NOT_CERTIFIED"
"FASHION EXPERT","FASHION EXPERT","fr","cmtkdvutv1rudnf2biteg22ga","fashionjobs:PAUSED","fashionjobs","","1","1","https://fr.fashionjobs.com/recrutement/fashion-expert.html","CANDIDATE_NOT_CERTIFIED"
"FASHION GREEN HUB","FASHION GREEN HUB","fr","cmtkdvvyj1s99nf2bz7el23su","","","","","","https://fr.fashionjobs.com/recrutement/fashion-green-hub.html","CANDIDATE_NOT_CERTIFIED"
"FASHION IN MIAMI","FASHION IN MIAMI","us","","","","","","","https://us.fashionjobs.com/careers/fashion-in-miami.html","CANDIDATE_NOT_CERTIFIED"
"FASHION JOBS","FASHION JOBS","fr","cmtkdw1kp1tuqnf2blnmd3epp","","","","","","https://fr.fashionjobs.com/recrutement/fashion-jobs.html","CANDIDATE_NOT_CERTIFIED"
"FASHION NOVA","FASHION NOVA","ca | us","","","","","","","https://ca.fashionjobs.com/careers/fashion-nova.html | https://us.fashionjobs.com/careers/fashion-nova.html","CANDIDATE_NOT_CERTIFIED"
"FASHION PERSONNEL","FASHION PERSONNEL","uk","","","","","","","https://uk.fashionjobs.com/careers/fashion-personnel.html","CANDIDATE_NOT_CERTIFIED"
"FATFACE","FATFACE","uk","","","","","","","https://uk.fashionjobs.com/careers/fatface.html","CANDIDATE_NOT_CERTIFIED"
"FATHER AND SONS","FATHER AND SONS","fr","cmtp868vn3rmyqq4zr6do6jh6","fashionjobs:PAUSED","fashionjobs","","1","1","https://fr.fashionjobs.com/recrutement/father-and-sons.html","CANDIDATE_NOT_CERTIFIED"
"FAVORI","FAVORI","fr","cmtkdvw6f1sbenf2bh5n8yakd","","","","","","https://fr.fashionjobs.com/recrutement/favori.html","CANDIDATE_NOT_CERTIFIED"
"FAXION","FAXION","fr","cmtkdvxvq1stznf2bxvkawsma","","","","","","https://fr.fashionjobs.com/recrutement/faxion.html","CANDIDATE_NOT_CERTIFIED"
"FELICIE EYMARD","FELICIE EYMARD","fr","","","","","","","https://fr.fashionjobs.com/recrutement/felicie-eymard.html","CANDIDATE_NOT_CERTIFIED"
"FENDI","FENDI","ae | ca | cn | de | jp | mx | sa | sg | th | tr | uk | us","cmtk48gbl1cqxny2basnh2vl5","lvmh:ACTIVE","lvmh_algolia","","93","4","https://ae.fashionjobs.com/careers/fendi.html | https://ca.fashionjobs.com/careers/fendi.html | https://cn.fashionjobs.com/%E6%8B%9B%E8%81%98/fendi.html | https://de.fashionjobs.com/karriere-arbeitspl%C3%A4tze/fendi.html | https://jp.fashionjobs.com/%E3%83%AA%E3%82%AF%E3%83%AB%E3%83%BC%E3%83%88/fendi.html | https://mx.fashionjobs.com/careers-empleo/fendi.html | https://sa.fashionjobs.com/careers/fendi.html | https://sg.fashionjobs.com/careers/fendi.html | https://th.fashionjobs.com/careers/fendi.html | https://tr.fashionjobs.com/i%C5%9Fe-al%C4%B1m/fendi.html | https://uk.fashionjobs.com/careers/fendi.html | https://us.fashionjobs.com/careers/fendi.html","CANDIDATE_NOT_CERTIFIED"
"FERBITA","FERBITA","bg","","","","","","","https://bg.fashionjobs.com/careers/ferbita.html","CANDIDATE_NOT_CERTIFIED"
"FEVER MANAGEMENT","FEVER MANAGEMENT","fr","","","","","","","https://fr.fashionjobs.com/recrutement/fever-management.html","CANDIDATE_NOT_CERTIFIED"
"FIGARET","FIGARET","fr","cmtkdvv5c1ryunf2b97b3chj5","figaret:RETIRED | wttj-sector:ACTIVE","wttj | wttj-sector","","2","2","https://fr.fashionjobs.com/recrutement/figaret.html","CANDIDATE_NOT_CERTIFIED"
"FIORELLA RUBINO","FIORELLA RUBINO","it","","","","","","","https://it.fashionjobs.com/lavora-con-noi/fiorella-rubino.html","CANDIDATE_NOT_CERTIFIED"
"FIORUCCI","FIORUCCI","it","","","","","","","https://it.fashionjobs.com/lavora-con-noi/fiorucci.html","CANDIDATE_NOT_CERTIFIED"
"FIRN","FIRN","fr","cmtkdw2a21u2snf2bwyyhmm7s","","","","","","https://fr.fashionjobs.com/recrutement/firn.html","CANDIDATE_NOT_CERTIFIED"
"FLABELUS","FLABELUS","pt | uk","","","","","","","https://pt.fashionjobs.com/recrutamento-careers/flabelus.html | https://uk.fashionjobs.com/careers/flabelus.html","CANDIDATE_NOT_CERTIFIED"
"FLANNELS","FLANNELS","uk","","","","","","","https://uk.fashionjobs.com/careers/flannels.html","CANDIDATE_NOT_CERTIFIED"
"FLAVIO CASTELLANI","FLAVIO CASTELLANI","it","","","","","","","https://it.fashionjobs.com/lavora-con-noi/flavio-castellani.html","CANDIDATE_NOT_CERTIFIED"
"FLORENCE MOORHEAD","FLORENCE MOORHEAD","fr","cmtkdw2nu1u7dnf2b7as10qhb","","","","","","https://fr.fashionjobs.com/recrutement/florence-moorhead.html","CANDIDATE_NOT_CERTIFIED"
"FMC THORNAES","FMC. THORNAES","uk","","","","","","","https://uk.fashionjobs.com/careers/fmc-thornaes.html","CANDIDATE_NOT_CERTIFIED"
"FOOT LOCKER","FOOT LOCKER","at | au | be | ca | ch | de | hu | lu | nl | pl | pt | uk | us","cmtjzhlnt0000oe2b1pugscrp","foot-locker-france:ACTIVE","phenom","https://careers.footlocker.com","1914","149","https://at.fashionjobs.com/karriere-arbeitspl%C3%A4tze/foot-locker.html | https://au.fashionjobs.com/careers/foot-locker.html | https://be.fashionjobs.com/recrutement/foot-locker.html | https://ca.fashionjobs.com/careers/foot-locker.html | https://ch.fashionjobs.com/recrutement/foot-locker.html | https://de.fashionjobs.com/karriere-arbeitspl%C3%A4tze/foot-locker.html | https://hu.fashionjobs.com/careers/foot-locker.html | https://lu.fashionjobs.com/recrutement/foot-locker.html | https://nl.fashionjobs.com/vacatures-careers/foot-locker.html | https://pl.fashionjobs.com/en-pl/careers/foot-locker.html | https://pt.fashionjobs.com/recrutamento-careers/foot-locker.html | https://uk.fashionjobs.com/careers/foot-locker.html | https://us.fashionjobs.com/careers/foot-locker.html","CANDIDATE_NOT_CERTIFIED"
"FOOT LOCKER INC","FOOT LOCKER, INC.","us","cmtjzhlnt0000oe2b1pugscrp","foot-locker-france:ACTIVE","phenom","https://careers.footlocker.com","1914","149","https://us.fashionjobs.com/careers/foot-locker-inc-.html","CANDIDATE_NOT_CERTIFIED"
"FOOTASYLUM","FOOTASYLUM","uk","","","","","","","https://uk.fashionjobs.com/careers/footasylum.html","CANDIDATE_NOT_CERTIFIED"
"FORANEA","FORÁNEA","es","","","","","","","https://es.fashionjobs.com/careers-empleo/foranea.html","CANDIDATE_NOT_CERTIFIED"
"FOREO","FOREO","hr | kr | ph | sg | th | us | vn","","","","","","","https://hr.fashionjobs.com/careers/foreo.html | https://kr.fashionjobs.com/careers/foreo.html | https://ph.fashionjobs.com/careers/foreo.html | https://sg.fashionjobs.com/careers/foreo.html | https://th.fashionjobs.com/careers/foreo.html | https://us.fashionjobs.com/careers/foreo.html | https://vn.fashionjobs.com/careers/foreo.html","CANDIDATE_NOT_CERTIFIED"
"FOREVER 21","FOREVER 21","us","","","","","","","https://us.fashionjobs.com/careers/forever-21.html","CANDIDATE_NOT_CERTIFIED"
"FOREVER NEW","FOREVER NEW","au","","","","","","","https://au.fashionjobs.com/careers/forever-new.html","CANDIDATE_NOT_CERTIFIED"
"FORUMSHOP","FORUMSHOP","es","","","","","","","https://es.fashionjobs.com/careers-empleo/forumshop.html","CANDIDATE_NOT_CERTIFIED"
"FOSIL","FOSIL","ca | uk | us","","","","","","","https://ca.fashionjobs.com/careers/fosil.html | https://uk.fashionjobs.com/careers/fosil.html | https://us.fashionjobs.com/careers/fosil.html","CANDIDATE_NOT_CERTIFIED"
"FOUNDRY MODE","FOUNDRY MODE","fr","cmtkdvvm81s4pnf2b3ej52h46","","","","","","https://fr.fashionjobs.com/recrutement/foundry-mode.html","CANDIDATE_NOT_CERTIFIED"
"FOUR SEASONS","FOUR SEASONS","ae | au | bh | ca | ch | cn | co | cr | eg | gr | in | jp | kr | kw | ma | mx | qa | sa | sg | th | tn | tr | uk | us | za","","","","","","","https://ae.fashionjobs.com/careers/four-seasons.html | https://au.fashionjobs.com/careers/four-seasons.html | https://bh.fashionjobs.com/careers/four-seasons.html | https://ca.fashionjobs.com/careers/four-seasons.html | https://ch.fashionjobs.com/recrutement/four-seasons.html | https://cn.fashionjobs.com/%E6%8B%9B%E8%81%98/four-seasons.html | https://co.fashionjobs.com/careers-empleo/four-seasons.html | https://cr.fashionjobs.com/careers-empleo/four-seasons.html | https://eg.fashionjobs.com/careers/four-seasons.html | https://gr.fashionjobs.com/careers/four-seasons.html | https://in.fashionjobs.com/careers/four-seasons.html | https://jp.fashionjobs.com/%E3%83%AA%E3%82%AF%E3%83%AB%E3%83%BC%E3%83%88/four-seasons.html | https://kr.fashionjobs.com/careers/four-seasons.html | https://kw.fashionjobs.com/careers/four-seasons.html | https://ma.fashionjobs.com/recrutement/four-seasons.html | https://mx.fashionjobs.com/careers-empleo/four-seasons.html | https://qa.fashionjobs.com/careers/four-seasons.html | https://sa.fashionjobs.com/careers/four-seasons.html | https://sg.fashionjobs.com/careers/four-seasons.html | https://th.fashionjobs.com/careers/four-seasons.html | https://tn.fashionjobs.com/recrutement/four-seasons.html | https://tr.fashionjobs.com/i%C5%9Fe-al%C4%B1m/four-seasons.html | https://uk.fashionjobs.com/careers/four-seasons.html | https://us.fashionjobs.com/careers/four-seasons.html | https://za.fashionjobs.com/careers/four-seasons.html","CANDIDATE_NOT_CERTIFIED"
"FRANCESCA COTTONE","FRANCESCA COTTONE","it","","","","","","","https://it.fashionjobs.com/lavora-con-noi/francesca-cottone.html","CANDIDATE_NOT_CERTIFIED"
"FRANCINE BRAMLI PARIS","FRANCINE BRAMLI PARIS","fr","cmtlq3ud31lykpg2bduhm3r5e","","","","","","https://fr.fashionjobs.com/recrutement/francine-bramli-paris.html","CANDIDATE_NOT_CERTIFIED"
"FRANCOISE","FRANCOISE","fr","cmtkdvxn61sr0nf2bv93bmc7i","fashionjobs:PAUSED","fashionjobs","","2","2","https://fr.fashionjobs.com/recrutement/francoise.html","CANDIDATE_NOT_CERTIFIED"
"FRASERS","FRASERS","uk","","","","","","","https://uk.fashionjobs.com/careers/frasers.html","CANDIDATE_NOT_CERTIFIED"
"FRASERS GROUP","FRASERS GROUP","uk","","","","","","","https://uk.fashionjobs.com/careers/frasers-group.html","CANDIDATE_NOT_CERTIFIED"
"FRASERS GROUP FINANCIAL SERVICES","FRASERS GROUP FINANCIAL SERVICES","uk","","","","","","","https://uk.fashionjobs.com/careers/frasers-group-financial-services.html","CANDIDATE_NOT_CERTIFIED"
"FREAKY DEBBIE","FREAKY DEBBIE","fr","cmtkdw3mv1ujgnf2bmc86cgmc","","","","","","https://fr.fashionjobs.com/recrutement/freaky-debbie.html","CANDIDATE_NOT_CERTIFIED"
"FRED","FRED","au | cn | hk | jp | sg","cmtk48kyn1ejzny2b7kllqhhd","lvmh:ACTIVE | fashionjobs:PAUSED","lvmh_algolia | fashionjobs","","18","11","https://au.fashionjobs.com/careers/fred.html | https://cn.fashionjobs.com/%E6%8B%9B%E8%81%98/fred.html | https://hk.fashionjobs.com/careers/fred.html | https://jp.fashionjobs.com/%E3%83%AA%E3%82%AF%E3%83%AB%E3%83%BC%E3%83%88/fred.html | https://sg.fashionjobs.com/careers/fred.html","CANDIDATE_NOT_CERTIFIED"
"FRED PERRY","FRED PERRY","de | nl | uk","cmtlyhx0m046aqf5kb0dpui0a","fred-perry:ACTIVE","teamtailor","https://careers.fredperry.com","20","2","https://de.fashionjobs.com/karriere-arbeitspl%C3%A4tze/fred-perry.html | https://nl.fashionjobs.com/vacatures-careers/fred-perry.html | https://uk.fashionjobs.com/careers/fred-perry.html","CANDIDATE_NOT_CERTIFIED"
"FREEMAN T PORTER","FREEMAN T.PORTER","fr","cmtlq3u701lwopg2bnh177ykl","","","","","","https://fr.fashionjobs.com/recrutement/freeman-t-porter.html","CANDIDATE_NOT_CERTIFIED"
"FREIER GROUP LOGISTICS","FREIER GROUP LOGISTICS","de","","","","","","","https://de.fashionjobs.com/karriere-arbeitspl%C3%A4tze/freier-group-logistics.html","CANDIDATE_NOT_CERTIFIED"
"FREITAG LAB AG","FREITAG LAB. AG","nl","","","","","","","https://nl.fashionjobs.com/vacatures-careers/freitag-lab-ag.html","CANDIDATE_NOT_CERTIFIED"
"FRENCH BLOOM","FRENCH BLOOM","fr","","","","","","","https://fr.fashionjobs.com/recrutement/french-bloom.html","CANDIDATE_NOT_CERTIFIED"
"FRESH","FRESH","ca | us","cmtk48ef51bxpny2bimpd88oz","lvmh:ACTIVE","lvmh_algolia","","41","0","https://ca.fashionjobs.com/careers/fresh.html | https://us.fashionjobs.com/careers/fresh.html","CANDIDATE_NOT_CERTIFIED"
"FRNCH","FRNCH","fr","cmtpyugfx01713ncq2gq28pv8","wttj-sector:ACTIVE","wttj-sector","","1","1","https://fr.fashionjobs.com/recrutement/frnch.html","CANDIDATE_NOT_CERTIFIED"
"FROM FUTURE","FROM FUTURE","fr","cmtkdvyvj1t4unf2bw0iei77m","wttj-sector:ACTIVE | fashionjobs:PAUSED","wttj-sector | fashionjobs","","13","13","https://fr.fashionjobs.com/recrutement/from-future.html","CANDIDATE_NOT_CERTIFIED"
"FURLA","FURLA","it | pt","","","","","","","https://it.fashionjobs.com/lavora-con-noi/furla.html | https://pt.fashionjobs.com/recrutamento-careers/furla.html","CANDIDATE_NOT_CERTIFIED"
"FURSAC","FURSAC","be | de | es | fr | uk","cr57e9ef0f339cdfa95081d842","sandro:ACTIVE","smartrecruiters-whitelabel","https://api.smartrecruiters.com/v1/companies/SMCP/postings?limit=100","35","30","https://be.fashionjobs.com/recrutement/fursac.html | https://de.fashionjobs.com/karriere-arbeitspl%C3%A4tze/fursac.html | https://es.fashionjobs.com/careers-empleo/fursac.html | https://fr.fashionjobs.com/recrutement/fursac.html | https://uk.fashionjobs.com/careers/fursac.html","CANDIDATE_NOT_CERTIFIED"
"FUTUR STUDIO","FUTUR STUDIO","fr","","","","","","","https://fr.fashionjobs.com/recrutement/futur-studio.html","CANDIDATE_NOT_CERTIFIED"
"G RETAIL S R L","G.RETAIL S.R.L.","it","","","","","","","https://it.fashionjobs.com/lavora-con-noi/g-retail-s-r-l-.html","CANDIDATE_NOT_CERTIFIED"
"G STAR","G-STAR","be | de | nl","","","","","","","https://be.fashionjobs.com/recrutement/g-star.html | https://de.fashionjobs.com/karriere-arbeitspl%C3%A4tze/g-star.html | https://nl.fashionjobs.com/vacatures-careers/g-star.html","CANDIDATE_NOT_CERTIFIED"
"GALDERMA","GALDERMA","au | br | ca | ch | cn | co | de | dk | in | jp | kr | ph | pl | se | sg | tw | uk | us","cmtpkx0g459rcpf5l7ijhrer1","fashionjobs:PAUSED","fashionjobs","","1","1","https://au.fashionjobs.com/careers/galderma.html | https://br.fashionjobs.com/recrutamento-careers/galderma.html | https://ca.fashionjobs.com/careers/galderma.html | https://ch.fashionjobs.com/recrutement/galderma.html | https://cn.fashionjobs.com/%E6%8B%9B%E8%81%98/galderma.html | https://co.fashionjobs.com/careers-empleo/galderma.html | https://de.fashionjobs.com/karriere-arbeitspl%C3%A4tze/galderma.html | https://dk.fashionjobs.com/careers/galderma.html | https://in.fashionjobs.com/careers/galderma.html | https://jp.fashionjobs.com/%E3%83%AA%E3%82%AF%E3%83%AB%E3%83%BC%E3%83%88/galderma.html | https://kr.fashionjobs.com/careers/galderma.html | https://ph.fashionjobs.com/careers/galderma.html | https://pl.fashionjobs.com/en-pl/careers/galderma.html | https://se.fashionjobs.com/careers/galderma.html | https://sg.fashionjobs.com/careers/galderma.html | https://tw.fashionjobs.com/careers/galderma.html | https://uk.fashionjobs.com/careers/galderma.html | https://us.fashionjobs.com/careers/galderma.html","CANDIDATE_NOT_CERTIFIED"
"GALERIA KAUFHOF","GALERIA KAUFHOF","de","","","","","","","https://de.fashionjobs.com/karriere-arbeitspl%C3%A4tze/galeria-kaufhof.html","CANDIDATE_NOT_CERTIFIED"
"GALLERY GFC","GALLERY [GFC]","it","","","","","","","https://it.fashionjobs.com/lavora-con-noi/gallery-gfc-.html","CANDIDATE_NOT_CERTIFIED"
"GANT","GANT","at | de | dk | es | hk | nl | pt | se | uk | us","cmtn5g0u60h5bqq5l9r3yv88p","gant:ACTIVE","digitalrecruiters","","107","4","https://at.fashionjobs.com/karriere-arbeitspl%C3%A4tze/gant.html | https://de.fashionjobs.com/karriere-arbeitspl%C3%A4tze/gant.html | https://dk.fashionjobs.com/careers/gant.html | https://es.fashionjobs.com/careers-empleo/gant.html | https://hk.fashionjobs.com/careers/gant.html | https://nl.fashionjobs.com/vacatures-careers/gant.html | https://pt.fashionjobs.com/recrutamento-careers/gant.html | https://se.fashionjobs.com/careers/gant.html | https://uk.fashionjobs.com/careers/gant.html | https://us.fashionjobs.com/careers/gant.html","CANDIDATE_NOT_CERTIFIED"
"GAP","GAP","us","","","","","","","https://us.fashionjobs.com/careers/gap.html","CANDIDATE_NOT_CERTIFIED"
"GAP INC","GAP INC.","uk | us","","","","","","","https://uk.fashionjobs.com/careers/gap-inc-.html | https://us.fashionjobs.com/careers/gap-inc-.html","CANDIDATE_NOT_CERTIFIED"
"GARAGE","GARAGE","ca | us","","","","","","","https://ca.fashionjobs.com/careers/garage.html | https://us.fashionjobs.com/careers/garage.html","CANDIDATE_NOT_CERTIFIED"
"GARMIN","GARMIN","ca | us","","","","","","","https://ca.fashionjobs.com/careers/garmin.html | https://us.fashionjobs.com/careers/garmin.html","CANDIDATE_NOT_CERTIFIED"
"GAS BIJOUX","GAS BIJOUX","fr","cmtkdvzmt1t9nnf2bfm84y91x","fashionjobs:PAUSED","fashionjobs","","2","2","https://fr.fashionjobs.com/recrutement/gas-bijoux.html","CANDIDATE_NOT_CERTIFIED"
"GAUTHIER DE SAINT GERMAIN","GAUTHIER DE SAINT GERMAIN","fr","","","","","","","https://fr.fashionjobs.com/recrutement/gauthier-de-saint-germain.html","CANDIDATE_NOT_CERTIFIED"
"GEMMYO","GEMMYO","fr | jp","","","","","","","https://fr.fashionjobs.com/recrutement/gemmyo.html | https://jp.fashionjobs.com/%E3%83%AA%E3%82%AF%E3%83%AB%E3%83%BC%E3%83%88/gemmyo.html","CANDIDATE_NOT_CERTIFIED"
"GERARD DAREL","GERARD DAREL","fr","","","","","","","https://fr.fashionjobs.com/recrutement/gerard-darel.html","CANDIDATE_NOT_CERTIFIED"
"GI GROUP","GI GROUP","it","","","","","","","https://it.fashionjobs.com/lavora-con-noi/gi-group.html","CANDIDATE_NOT_CERTIFIED"
"GIEVES AND HAWKES","GIEVES & HAWKES","uk","","","","","","","https://uk.fashionjobs.com/careers/gieves-hawkes.html","CANDIDATE_NOT_CERTIFIED"
"GILDAN","GILDAN","ca | us","","","","","","","https://ca.fashionjobs.com/careers/gildan.html | https://us.fashionjobs.com/careers/gildan.html","CANDIDATE_NOT_CERTIFIED"
"GILI S","GILI'S","fr","cmtlq3u481lvypg2bftz89cli","","","","","","https://fr.fashionjobs.com/recrutement/gili-s.html","CANDIDATE_NOT_CERTIFIED"
"GIORGIO ARMANI S P A","GIORGIO ARMANI S.P.A.","it","","","","","","","https://it.fashionjobs.com/lavora-con-noi/giorgio-armani-s-p-a-.html","CANDIDATE_NOT_CERTIFIED"
"GISELE PARIS","GISELE PARIS","fr","cmtoq4zdi2zybqq4zuqr7kpil","","","","","","https://fr.fashionjobs.com/recrutement/gisele-paris.html","CANDIDATE_NOT_CERTIFIED"
"GIVENCHY","GIVENCHY","cn | uk | us","cmtk48iq11dpqny2bwfo36lp2","lvmh:ACTIVE","lvmh_algolia","","24","7","https://cn.fashionjobs.com/%E6%8B%9B%E8%81%98/givenchy.html | https://uk.fashionjobs.com/careers/givenchy.html | https://us.fashionjobs.com/careers/givenchy.html","CANDIDATE_NOT_CERTIFIED"
"GLOBUS","GLOBUS","ch","cmtpivf1805zdpf5l7uqlcm4v","globus:ACTIVE","generic-listing","https://jobs.globus.ch/offre-emplois.html","23","0","https://ch.fashionjobs.com/recrutement/globus.html","CANDIDATE_NOT_CERTIFIED"
"GLORIA JEANS","GLORIA JEANS","ae | es","","","","","","","https://ae.fashionjobs.com/careers/gloria-jeans.html | https://es.fashionjobs.com/careers-empleo/gloria-jeans.html","CANDIDATE_NOT_CERTIFIED"
"GMG GROUP","GMG GROUP","ae | bh | in | qa","","","","","","","https://ae.fashionjobs.com/careers/gmg-group.html | https://bh.fashionjobs.com/careers/gmg-group.html | https://in.fashionjobs.com/careers/gmg-group.html | https://qa.fashionjobs.com/careers/gmg-group.html","CANDIDATE_NOT_CERTIFIED"
"GO MY BODY","GO MY BODY","fr","","","","","","","https://fr.fashionjobs.com/recrutement/go-my-body.html","CANDIDATE_NOT_CERTIFIED"
"GOESWRONG","GOESWRONG","fr","cmtkdw4c31uqvnf2byqa5k9je","","","","","","https://fr.fashionjobs.com/recrutement/goeswrong.html","CANDIDATE_NOT_CERTIFIED"
"GOLDEN GOOSE SPA","GOLDEN GOOSE SPA","it","","","","","","","https://it.fashionjobs.com/lavora-con-noi/golden-goose-spa.html","CANDIDATE_NOT_CERTIFIED"
"GOLF","GOLF SA","es","","","","","","","https://es.fashionjobs.com/careers-empleo/golf-sa.html","CANDIDATE_NOT_CERTIFIED"
"GOOD BRANDS TYPOLOGY","GOOD BRANDS - TYPOLOGY","fr","cmtlq3tzd1lufpg2b19q1inc8","","","","","","https://fr.fashionjobs.com/recrutement/good-brands-typology.html","CANDIDATE_NOT_CERTIFIED"
"GOOD MORNING","GOOD MORNING","fr","","","","","","","https://fr.fashionjobs.com/recrutement/good-morning.html","CANDIDATE_NOT_CERTIFIED"
"GOOP","GOOP","us","","","","","","","https://us.fashionjobs.com/careers/goop.html","CANDIDATE_NOT_CERTIFIED"
"GOYARD","GOYARD","us","cmtpkwyxn59ltpf5lq5vk2ing","fashionjobs:PAUSED","fashionjobs","","2","2","https://us.fashionjobs.com/careers/goyard.html","CANDIDATE_NOT_CERTIFIED"
"GRACE","GRACE SAS","fr","","","","","","","https://fr.fashionjobs.com/recrutement/grace-sas.html","CANDIDATE_NOT_CERTIFIED"
"GRACE AND MILA","GRACE & MILA","fr","","","","","","","https://fr.fashionjobs.com/recrutement/grace-mila.html","CANDIDATE_NOT_CERTIFIED"
"GRAFTON RECRUITMENT","GRAFTON RECRUITMENT","ch","","","","","","","https://ch.fashionjobs.com/recrutement/grafton-recruitment.html","CANDIDATE_NOT_CERTIFIED"
"GRANDVISION","GRANDVISION","lu","cmtpkwyw259lhpf5ljczxqsjf","fashionjobs:PAUSED","fashionjobs","","5","5","https://lu.fashionjobs.com/recrutement/grandvision.html","CANDIDATE_NOT_CERTIFIED"
"GREAT CLIPS","GREAT CLIPS","ca | pt | us","","","","","","","https://ca.fashionjobs.com/careers/great-clips.html | https://pt.fashionjobs.com/recrutamento-careers/great-clips.html | https://us.fashionjobs.com/careers/great-clips.html","CANDIDATE_NOT_CERTIFIED"
"GROUPE BEAUMANOIR","GROUPE BEAUMANOIR","fr","cmtm7ucvd10zipv5jhj0euv63","element-6:ACTIVE","magnet","https://recrutement.groupe-beaumanoir.com","24","24","https://fr.fashionjobs.com/recrutement/groupe-beaumanoir.html","CANDIDATE_NOT_CERTIFIED"
"GROUPE CHANTELLE","GROUPE CHANTELLE","fr","cmtke332p010plp2b807b00bh","groupe-chantelle:ACTIVE","talentsoft","https://groupechantelle-recrute.talent-soft.com","38","22","https://fr.fashionjobs.com/recrutement/groupe-chantelle.html","CANDIDATE_NOT_CERTIFIED"
"GROUPE COURIR","GROUPE COURIR","be","cmtjvn7mp0000ld2bc3dm4w94","courir:ACTIVE | fashionjobs:PAUSED","smartrecruiters-whitelabel | fashionjobs","","425","302","https://be.fashionjobs.com/recrutement/groupe-courir.html","CANDIDATE_NOT_CERTIFIED"
"GROUPE COURREGES","GROUPE COURREGES","fr","","","","","","","https://fr.fashionjobs.com/recrutement/groupe-courreges.html","CANDIDATE_NOT_CERTIFIED"
"GROUPE DYNAMITE","GROUPE DYNAMITE","ca | us","","","","","","","https://ca.fashionjobs.com/careers/groupe-dynamite.html | https://us.fashionjobs.com/careers/groupe-dynamite.html","CANDIDATE_NOT_CERTIFIED"
"GROUPE ETAM","GROUPE ETAM","fr","cmtk21s720aa5nv2byuid9uwb","etam:ACTIVE","teamtailor","https://career.groupeetam.com","241","152","https://fr.fashionjobs.com/recrutement/groupe-etam.html","CANDIDATE_NOT_CERTIFIED"
"GROUPE GALERIES LAFAYETTE","GROUPE GALERIES LAFAYETTE","fr","cmtjwevud09phld2b3dd13ehg","galeries-lafayette:ACTIVE","teamtailor","https://carrieres.groupegalerieslafayette.com","165","161","https://fr.fashionjobs.com/recrutement/groupe-galeries-lafayette.html","CANDIDATE_NOT_CERTIFIED"
"GROUPE GPE","GROUPE GPE","fr","","","","","","","https://fr.fashionjobs.com/recrutement/groupe-gpe.html","CANDIDATE_NOT_CERTIFIED"
"GROUPE JAJ","GROUPE JAJ","fr","cmtkdvwf21sdtnf2bw5246zos","","","","","","https://fr.fashionjobs.com/recrutement/groupe-jaj.html","CANDIDATE_NOT_CERTIFIED"
"GROUPE JEAN FRANCOIS PIEGE","GROUPE JEAN-FRANCOIS PIEGE","fr","cmtkdvw6s1sbinf2bovqz2f5g","","","","","","https://fr.fashionjobs.com/recrutement/groupe-jean-francois-piege.html","CANDIDATE_NOT_CERTIFIED"
"GROUPE MARIE CLAIRE","GROUPE MARIE CLAIRE","fr","cmtkdvxds1so6nf2bcqgzudhz","","","","","","https://fr.fashionjobs.com/recrutement/groupe-marie-claire.html","CANDIDATE_NOT_CERTIFIED"
"GROUPE PRINTEMPS","GROUPE PRINTEMPS","fr","cmtkdvvqa1s6anf2bc4v3e8e5","groupe-printemps:ACTIVE | fashionjobs:PAUSED","talentsoft | fashionjobs","https://printemps-career.talent-soft.com","120","74","https://fr.fashionjobs.com/recrutement/groupe-printemps.html","CANDIDATE_NOT_CERTIFIED"
"GROUPE RAUTUREAU APPLE SHOES","GROUPE RAUTUREAU APPLE SHOES","fr","cmtkdw2wv1ualnf2ba5xa96hn","","","","","","https://fr.fashionjobs.com/recrutement/groupe-rautureau-apple-shoes.html","CANDIDATE_NOT_CERTIFIED"
"GRUPO BOTICARIO","GRUPO BOTICARIO","br","","","","","","","https://br.fashionjobs.com/recrutamento-careers/grupo-boticario.html","CANDIDATE_NOT_CERTIFIED"
"GRUPO LUNELLI","GRUPO LUNELLI","br | py","","","","","","","https://br.fashionjobs.com/recrutamento-careers/grupo-lunelli.html | https://py.fashionjobs.com/careers-empleo/grupo-lunelli.html","CANDIDATE_NOT_CERTIFIED"
"GRUPPO FLORENCE","GRUPPO FLORENCE","it","","","","","","","https://it.fashionjobs.com/lavora-con-noi/gruppo-florence.html","CANDIDATE_NOT_CERTIFIED"
"GSSPORT NEW BALANCE DICKIES","GSSPORT - NEW BALANCE - DICKIES","it","","","","","","","https://it.fashionjobs.com/lavora-con-noi/gssport-new-balance-dickies.html","CANDIDATE_NOT_CERTIFIED"
"GUCCI","GUCCI","au | br | ca | cn | cz | de | gr | hk | id | in | kr | mc | mx | nl | nz | ph | sg | tw | uk | us | vn | za","cmtpukumb299pl35mjhjnch7w","kering:ACTIVE","eightfold","https://careers.kering.com","226","5","https://au.fashionjobs.com/careers/gucci.html | https://br.fashionjobs.com/recrutamento-careers/gucci.html | https://ca.fashionjobs.com/careers/gucci.html | https://cn.fashionjobs.com/%E6%8B%9B%E8%81%98/gucci.html | https://cz.fashionjobs.com/karriere-arbeitspl%C3%A4tze/gucci.html | https://de.fashionjobs.com/karriere-arbeitspl%C3%A4tze/gucci.html | https://gr.fashionjobs.com/careers/gucci.html | https://hk.fashionjobs.com/careers/gucci.html | https://id.fashionjobs.com/careers/gucci.html | https://in.fashionjobs.com/careers/gucci.html | https://kr.fashionjobs.com/careers/gucci.html | https://mc.fashionjobs.com/recrutement/gucci.html | https://mx.fashionjobs.com/careers-empleo/gucci.html | https://nl.fashionjobs.com/vacatures-careers/gucci.html | https://nz.fashionjobs.com/careers/gucci.html | https://ph.fashionjobs.com/careers/gucci.html | https://sg.fashionjobs.com/careers/gucci.html | https://tw.fashionjobs.com/careers/gucci.html | https://uk.fashionjobs.com/careers/gucci.html | https://us.fashionjobs.com/careers/gucci.html | https://vn.fashionjobs.com/careers/gucci.html | https://za.fashionjobs.com/careers/gucci.html","CANDIDATE_NOT_CERTIFIED"
"GUERLAIN","GUERLAIN","at | be | cn | cz | de | es | hk | jp | kr | nl | sg | uk | us","cmtk48g7g1cp9ny2bsq7h0e65","lvmh:ACTIVE","lvmh_algolia","","116","76","https://at.fashionjobs.com/karriere-arbeitspl%C3%A4tze/guerlain.html | https://be.fashionjobs.com/recrutement/guerlain.html | https://cn.fashionjobs.com/%E6%8B%9B%E8%81%98/guerlain.html | https://cz.fashionjobs.com/karriere-arbeitspl%C3%A4tze/guerlain.html | https://de.fashionjobs.com/karriere-arbeitspl%C3%A4tze/guerlain.html | https://es.fashionjobs.com/careers-empleo/guerlain.html | https://hk.fashionjobs.com/careers/guerlain.html | https://jp.fashionjobs.com/%E3%83%AA%E3%82%AF%E3%83%AB%E3%83%BC%E3%83%88/guerlain.html | https://kr.fashionjobs.com/careers/guerlain.html | https://nl.fashionjobs.com/vacatures-careers/guerlain.html | https://sg.fashionjobs.com/careers/guerlain.html | https://uk.fashionjobs.com/careers/guerlain.html | https://us.fashionjobs.com/careers/guerlain.html","CANDIDATE_NOT_CERTIFIED"
"GUESS","GUESS","at | ch | de | fr | gr | pl | tr | uk | us","cmtkdvwzj1sk4nf2bc9qilm0t","fashionjobs:PAUSED","fashionjobs","","1","1","https://at.fashionjobs.com/karriere-arbeitspl%C3%A4tze/guess.html | https://ch.fashionjobs.com/recrutement/guess.html | https://de.fashionjobs.com/karriere-arbeitspl%C3%A4tze/guess.html | https://fr.fashionjobs.com/recrutement/guess.html | https://gr.fashionjobs.com/careers/guess.html | https://pl.fashionjobs.com/en-pl/careers/guess.html | https://tr.fashionjobs.com/i%C5%9Fe-al%C4%B1m/guess.html | https://uk.fashionjobs.com/careers/guess.html | https://us.fashionjobs.com/careers/guess.html","CANDIDATE_NOT_CERTIFIED"
"GURHAN","GURHAN","us","","","","","","","https://us.fashionjobs.com/careers/gurhan.html","CANDIDATE_NOT_CERTIFIED"
"GYMSHARK","GYMSHARK","uk","cmtlyi0pc04idqf5khs11erou","gymshark:ACTIVE","greenhouse","","17","0","https://uk.fashionjobs.com/careers/gymshark.html","CANDIDATE_NOT_CERTIFIED"
"H AND M GROUP","H&M GROUP","fr","cmtp46ok11vbvqq4zlowazudi","hm-group:ACTIVE","smartrecruiters-whitelabel","","1761","52","https://fr.fashionjobs.com/recrutement/h-m-group.html","CANDIDATE_NOT_CERTIFIED"
"HACKETT LONDON","HACKETT LONDON","uk","","","","","","","https://uk.fashionjobs.com/careers/awwg.html","CANDIDATE_NOT_CERTIFIED"
"HACKETT LONDON RETAIL","HACKETT LONDON (RETAIL)","de","","","","","","","https://de.fashionjobs.com/karriere-arbeitspl%C3%A4tze/awwg.html","CANDIDATE_NOT_CERTIFIED"
"HADDAD","HADDAD","fr | nl | us","","","","","","","https://fr.fashionjobs.com/recrutement/haddad.html | https://nl.fashionjobs.com/vacatures-careers/haddad.html | https://us.fashionjobs.com/careers/haddad.html","CANDIDATE_NOT_CERTIFIED"
"HADDAD BRANDS","HADDAD BRANDS","us","cmtpyv1g501fq3ncqff9ifdmu","wttj-sector:ACTIVE","wttj-sector","","9","9","https://us.fashionjobs.com/careers/haddad-brands.html","CANDIDATE_NOT_CERTIFIED"
"HAND AND STONE","HAND & STONE","us","","","","","","","https://us.fashionjobs.com/careers/hand-stone.html","CANDIDATE_NOT_CERTIFIED"
"HANNIBAL LAGUNA COLLECTION","HANNIBAL LAGUNA COLLECTION","es","","","","","","","https://es.fashionjobs.com/careers-empleo/hannibal-laguna-collection.html","CANDIDATE_NOT_CERTIFIED"
"HARIBO","HARIBO","fr","","","","","","","https://fr.fashionjobs.com/recrutement/haribo.html","CANDIDATE_NOT_CERTIFIED"
"HARRODS","HARRODS","uk","","","","","","","https://uk.fashionjobs.com/careers/harrods.html","CANDIDATE_NOT_CERTIFIED"
"HARRY ROSEN","HARRY ROSEN","ca | us","","","","","","","https://ca.fashionjobs.com/careers/harry-rosen.html | https://us.fashionjobs.com/careers/harry-rosen.html","CANDIDATE_NOT_CERTIFIED"
"HAST PARIS","HAST PARIS","fr","cmtmkagqn2jqwpv4x29ldqtld","","","","","","https://fr.fashionjobs.com/recrutement/hast-paris.html","CANDIDATE_NOT_CERTIFIED"
"HAVEN WELL WITHIN","HAVEN WELL WITHIN","us","","","","","","","https://us.fashionjobs.com/careers/haven-well-within.html","CANDIDATE_NOT_CERTIFIED"
"HAYS","HAYS FRANCE","fr","","","","","","","https://fr.fashionjobs.com/recrutement/hays-france.html","CANDIDATE_NOT_CERTIFIED"
"HAYTEX","HAYTEX","fr","","","","","","","https://fr.fashionjobs.com/recrutement/haytex.html","CANDIDATE_NOT_CERTIFIED"
"HBT","HBT","fr","","","","","","","https://fr.fashionjobs.com/recrutement/hbt.html","CANDIDATE_NOT_CERTIFIED"
"HELENA JOY","HELENA JOY","fr","","","","","","","https://fr.fashionjobs.com/recrutement/helena-joy.html","CANDIDATE_NOT_CERTIFIED"
"HELZBERG DIAMONDS","HELZBERG DIAMONDS","us","","","","","","","https://us.fashionjobs.com/careers/helzberg-diamonds.html","CANDIDATE_NOT_CERTIFIED"
"HENI","HENI","uk","","","","","","","https://uk.fashionjobs.com/careers/heni.html","CANDIDATE_NOT_CERTIFIED"
"HEREU","HEREU","es","","","","","","","https://es.fashionjobs.com/careers-empleo/hereu.html","CANDIDATE_NOT_CERTIFIED"
"HERMES","HERMES | HERMÈS","fr | it | us","cmtjwf5mi0a6rld2b52mvdmlg","hermes:PAUSED | wttj-sector:ACTIVE | fashionjobs:PAUSED","wttj | wttj-sector | fashionjobs","","650","439","https://fr.fashionjobs.com/recrutement/hermes.html | https://it.fashionjobs.com/lavora-con-noi/hermes.html | https://us.fashionjobs.com/careers/hermes.html","CANDIDATE_NOT_CERTIFIED"
"HEROINES","HÉROÏNES !","fr","cmtkdvuec1rnjnf2bufb7jic1","","","","","","https://fr.fashionjobs.com/recrutement/heroines-.html","CANDIDATE_NOT_CERTIFIED"
"HERSCHEL","HERSCHEL","ca","","","","","","","https://ca.fashionjobs.com/careers/herschel.html","CANDIDATE_NOT_CERTIFIED"
"HERVE DOMAR PARIS","HERVE DOMAR PARIS","fr","","","","","","","https://fr.fashionjobs.com/recrutement/herve-domar-paris.html","CANDIDATE_NOT_CERTIFIED"
"HESCHUNG","HESCHUNG","fr","cmtkdvzz01tdonf2b644sxz3d","","","","","","https://fr.fashionjobs.com/recrutement/heschung.html","CANDIDATE_NOT_CERTIFIED"
"HHFF","HHFF","at | de","","","","","","","https://at.fashionjobs.com/karriere-arbeitspl%C3%A4tze/hhff.html | https://de.fashionjobs.com/karriere-arbeitspl%C3%A4tze/hhff.html","CANDIDATE_NOT_CERTIFIED"
"HIGHSNOBIETY","HIGHSNOBIETY","de","","","","","","","https://de.fashionjobs.com/karriere-arbeitspl%C3%A4tze/highsnobiety.html","CANDIDATE_NOT_CERTIFIED"
"HILOSFERA SL","HILOSFERA SL","es","","","","","","","https://es.fashionjobs.com/careers-empleo/hilosfera-sl.html","CANDIDATE_NOT_CERTIFIED"
"HISTOIRE D OR","HISTOIRE D'OR","fr","cmtmkagh72joxpv4x39t228br","wttj-sector:ACTIVE","wttj-sector","","56","56","https://fr.fashionjobs.com/recrutement/histoire-d-or.html","CANDIDATE_NOT_CERTIFIED"
"HOLIDERMIE","HOLIDERMIE","fr","cmtkdvvhg1s3gnf2b1g3nujzn","","","","","","https://fr.fashionjobs.com/recrutement/holidermie.html","CANDIDATE_NOT_CERTIFIED"
"HOLLAND AND BARRETT","HOLLAND AND BARRETT","ie | uk","","","","","","","https://ie.fashionjobs.com/careers/holland-and-barrett.html | https://uk.fashionjobs.com/careers/holland-and-barrett.html","CANDIDATE_NOT_CERTIFIED"
"HOLT RENFREW","HOLT RENFREW","ca","","","","","","","https://ca.fashionjobs.com/careers/holt-renfrew.html","CANDIDATE_NOT_CERTIFIED"
"HOLY FASHION GROUP","HOLY FASHION GROUP","ch | de","","","","","","","https://ch.fashionjobs.com/recrutement/holy-fashion-group.html | https://de.fashionjobs.com/karriere-arbeitspl%C3%A4tze/holy-fashion-group.html","CANDIDATE_NOT_CERTIFIED"
"HOMECORE","HOMECORE","fr","cmtks20nu21aep72biqlrdoft","","","","","","https://fr.fashionjobs.com/recrutement/homecore.html","CANDIDATE_NOT_CERTIFIED"
"HOMEGOODS","HOMEGOODS","us","","","","","","","https://us.fashionjobs.com/careers/homegoods.html","CANDIDATE_NOT_CERTIFIED"
"HOMESENSE","HOMESENSE","ca | uk | us","","","","","","","https://ca.fashionjobs.com/careers/homesense.html | https://uk.fashionjobs.com/careers/homesense.html | https://us.fashionjobs.com/careers/homesense.html","CANDIDATE_NOT_CERTIFIED"
"HOOK SPORTSWEAR","HOOK SPORTSWEAR","br","","","","","","","https://br.fashionjobs.com/recrutamento-careers/hook-sportswear.html","CANDIDATE_NOT_CERTIFIED"
"HOT TOPIC","HOT TOPIC","us","cmtlyi1th04kaqf5kedeae1lw","hot-topic:ACTIVE","lever","","17","0","https://us.fashionjobs.com/careers/hot-topic.html","CANDIDATE_NOT_CERTIFIED"
"HOTEL PARTICULIER MONTMARTRE","HÔTEL PARTICULIER MONTMARTRE","fr","cmtkdvwhe1setnf2bpao5w51d","","","","","","https://fr.fashionjobs.com/recrutement/hotel-particulier-montmartre.html","CANDIDATE_NOT_CERTIFIED"
"HOULUX PARIS","HOULUX PARIS","fr","","","","","","","https://fr.fashionjobs.com/recrutement/houlux-paris.html","CANDIDATE_NOT_CERTIFIED"
"HOUSE OF CREED","HOUSE OF CREED","ie | uk","","","","","","","https://ie.fashionjobs.com/careers/house-of-creed.html | https://uk.fashionjobs.com/careers/house-of-creed.html","CANDIDATE_NOT_CERTIFIED"
"HOUSE OF FRASER","HOUSE OF FRASER","uk","","","","","","","https://uk.fashionjobs.com/careers/house-of-fraser.html","CANDIDATE_NOT_CERTIFIED"
"HOUSE OF P STUDIO","HOUSE OF P STUDIO","fr","","","","","","","https://fr.fashionjobs.com/recrutement/house-of-p-studio.html","CANDIDATE_NOT_CERTIFIED"
"HOUSE OF SAVIN","HOUSE OF SAVIN","us","","","","","","","https://us.fashionjobs.com/careers/house-of-savin.html","CANDIDATE_NOT_CERTIFIED"
"HUBLOT","HUBLOT","ch | de | us","cmtk48m7x1eylny2b53zlavs6","lvmh:ACTIVE","lvmh_algolia","","12","0","https://ch.fashionjobs.com/recrutement/hublot.html | https://de.fashionjobs.com/karriere-arbeitspl%C3%A4tze/hublot.html | https://us.fashionjobs.com/careers/hublot.html","CANDIDATE_NOT_CERTIFIED"
"HUDA BEAUTY","HUDA BEAUTY","ae | sg | tr | uk | us","","","","","","","https://ae.fashionjobs.com/careers/huda-beauty.html | https://sg.fashionjobs.com/careers/huda-beauty.html | https://tr.fashionjobs.com/i%C5%9Fe-al%C4%B1m/huda-beauty.html | https://uk.fashionjobs.com/careers/huda-beauty.html | https://us.fashionjobs.com/careers/huda-beauty.html","CANDIDATE_NOT_CERTIFIED"
"HUGO BOSS","HUGO BOSS | HUGO BOSS FRANCE","at | au | be | ca | de | dk | fr | ie | nl | se | tr | uk | us","cmtkdvubp1rmknf2buqbqgu2l","fashionjobs:PAUSED","fashionjobs","","4","4","https://at.fashionjobs.com/karriere-arbeitspl%C3%A4tze/hugo-boss.html | https://au.fashionjobs.com/careers/hugo-boss.html | https://be.fashionjobs.com/recrutement/hugo-boss.html | https://ca.fashionjobs.com/careers/hugo-boss.html | https://de.fashionjobs.com/karriere-arbeitspl%C3%A4tze/hugo-boss.html | https://dk.fashionjobs.com/careers/hugo-boss.html | https://fr.fashionjobs.com/recrutement/hugo-boss-france.html | https://ie.fashionjobs.com/careers/hugo-boss.html | https://nl.fashionjobs.com/vacatures-careers/hugo-boss.html | https://se.fashionjobs.com/careers/hugo-boss.html | https://tr.fashionjobs.com/i%C5%9Fe-al%C4%B1m/hugo-boss.html | https://uk.fashionjobs.com/careers/hugo-boss.html | https://us.fashionjobs.com/careers/hugo-boss.html","CANDIDATE_NOT_CERTIFIED"
"HUMILITY","HUMILITY","fr","cmtkdw1u61twznf2bxr87nqid","","","","","","https://fr.fashionjobs.com/recrutement/humility.html","CANDIDATE_NOT_CERTIFIED"
"HUNKEMOLLER","HUNKEMOLLER","de | nl","","","","","","","https://de.fashionjobs.com/karriere-arbeitspl%C3%A4tze/hunkemoller.html | https://nl.fashionjobs.com/vacatures-careers/hunkemoller.html","CANDIDATE_NOT_CERTIFIED"
"HUSBANDS PARIS","HUSBANDS PARIS","fr","","","","","","","https://fr.fashionjobs.com/recrutement/husbands-paris.html","CANDIDATE_NOT_CERTIFIED"
"HYPEBEAST","HYPEBEAST","cn | hk | jp | sg | uk | us","","","","","","","https://cn.fashionjobs.com/%E6%8B%9B%E8%81%98/hypebeast.html | https://hk.fashionjobs.com/careers/hypebeast.html | https://jp.fashionjobs.com/%E3%83%AA%E3%82%AF%E3%83%AB%E3%83%BC%E3%83%88/hypebeast.html | https://sg.fashionjobs.com/careers/hypebeast.html | https://uk.fashionjobs.com/careers/hypebeast.html | https://us.fashionjobs.com/careers/hypebeast.html","CANDIDATE_NOT_CERTIFIED"
"IBIS ROUGE","IBIS ROUGE","fr","cmtkdw12u1tprnf2bw7gsk5zi","","","","","","https://fr.fashionjobs.com/recrutement/ibis-rouge.html","CANDIDATE_NOT_CERTIFIED"
"ICEBREAKER","ICEBREAKER","ca | ch | nz | us","","","","","","","https://ca.fashionjobs.com/careers/icebreaker.html | https://ch.fashionjobs.com/recrutement/icebreaker.html | https://nz.fashionjobs.com/careers/icebreaker.html | https://us.fashionjobs.com/careers/icebreaker.html","CANDIDATE_NOT_CERTIFIED"
"ICON ICON","ICON-ICON","fr","cmtkdw1k81tuinf2bjq8n04ul","","","","","","https://fr.fashionjobs.com/recrutement/icon-icon.html","CANDIDATE_NOT_CERTIFIED"
"ICONIC VINTAGE","ICONIC VINTAGE","fr","","","","","","","https://fr.fashionjobs.com/recrutement/iconic-vintage.html","CANDIDATE_NOT_CERTIFIED"
"ILLUMINAE","ILLUMINAE","it","","","","","","","https://it.fashionjobs.com/lavora-con-noi/illuminae.html","CANDIDATE_NOT_CERTIFIED"
"IMMERSIVE GARDEN","IMMERSIVE GARDEN","fr","","","","","","","https://fr.fashionjobs.com/recrutement/immersive-garden.html","CANDIDATE_NOT_CERTIFIED"
"IMPASSE DE LA DEFENSE","IMPASSE DE LA DÉFENSE","fr","cmtlq3u9o1lxepg2bsv9nq6ab","","","","","","https://fr.fashionjobs.com/recrutement/impasse-de-la-defense.html","CANDIDATE_NOT_CERTIFIED"
"IN HAIRCARE","IN HAIRCARE","fr","cmtlq3uds1lywpg2b7gowhkg4","wttj-sector:ACTIVE","wttj-sector","","4","4","https://fr.fashionjobs.com/recrutement/in-haircare.html","CANDIDATE_NOT_CERTIFIED"
"IN THE STYLE","IN THE STYLE","uk","","","","","","","https://uk.fashionjobs.com/careers/in-the-style.html","CANDIDATE_NOT_CERTIFIED"
"INAM PILATES","INĀM PILATES","fr","","","","","","","https://fr.fashionjobs.com/recrutement/in%C4%81m-pilates.html","CANDIDATE_NOT_CERTIFIED"
"INCLUSYV AGENCY","INCLUSYV AGENCY","fr","","","","","","","https://fr.fashionjobs.com/recrutement/inclusyv-agency.html","CANDIDATE_NOT_CERTIFIED"
"INDIPENDENT SRL","INDIPENDENT SRL","it","","","","","","","https://it.fashionjobs.com/lavora-con-noi/indipendent-srl.html","CANDIDATE_NOT_CERTIFIED"
"INDITEX","INDITEX","be | ch | de | mx","cmtpkwxds59g5pf5ls2ooxi17","fashionjobs:PAUSED","fashionjobs","","10","10","https://be.fashionjobs.com/recrutement/inditex.html | https://ch.fashionjobs.com/recrutement/inditex.html | https://de.fashionjobs.com/karriere-arbeitspl%C3%A4tze/inditex.html | https://mx.fashionjobs.com/careers-empleo/inditex.html","CANDIDATE_NOT_CERTIFIED"
"INDITEX ITALIA","INDITEX ITALIA","it","cmtpkwxds59g5pf5ls2ooxi17","fashionjobs:PAUSED","fashionjobs","","10","10","https://it.fashionjobs.com/lavora-con-noi/inditex-italia.html","CANDIDATE_NOT_CERTIFIED"
"INES MARTIN ALCALDE","INÉS MARTÍN ALCALDE","es","","","","","","","https://es.fashionjobs.com/careers-empleo/ines-martin-alcalde.html","CANDIDATE_NOT_CERTIFIED"
"INGRID KRAFTCHENKO","INGRID KRAFTCHENKO","uk","","","","","","","https://uk.fashionjobs.com/careers/ingrid-kraftchenko.html","CANDIDATE_NOT_CERTIFIED"
"INITIO PARFUMS PRIVES","INITIO PARFUMS PRIVÉS","fr","cmtkdvzwk1tcwnf2bmqw4iyls","","","","","","https://fr.fashionjobs.com/recrutement/initio-parfums-prives.html","CANDIDATE_NOT_CERTIFIED"
"INOUI EDITIONS","INOUI EDITIONS","fr","cmtlq3tmp1lqwpg2bjsmk71or","","","","","","https://fr.fashionjobs.com/recrutement/inoui-editions.html","CANDIDATE_NOT_CERTIFIED"
"INSIGHT MEDIA CONSULTING","INSIGHT MEDIA CONSULTING","es","","","","","","","https://es.fashionjobs.com/careers-empleo/insight-media-consulting.html","CANDIDATE_NOT_CERTIFIED"
"INSTITUT KARITE PARIS","INSTITUT KARITE PARIS","fr","cmtkdw2zd1ubhnf2b4nwl7kdn","","","","","","https://fr.fashionjobs.com/recrutement/institut-karite-paris.html","CANDIDATE_NOT_CERTIFIED"
"INTERNATIONAL FASHION GROUP","INTERNATIONAL FASHION GROUP","it","","","","","","","https://it.fashionjobs.com/lavora-con-noi/international-fashion-group.html","CANDIDATE_NOT_CERTIFIED"
"INTERNAZIONALE MODA","INTERNAZIONALE MODA","br","","","","","","","https://br.fashionjobs.com/recrutamento-careers/internazionale-moda.html","CANDIDATE_NOT_CERTIFIED"
"INTERSPORT","INTERSPORT","fr","cmtlyfvaf016cqf5k6yvon72v","intersport:ACTIVE","teamtailor","https://intersport.teamtailor.com","5","0","https://fr.fashionjobs.com/recrutement/intersport.html","CANDIDATE_NOT_CERTIFIED"
"INTIMISSIMI","INTIMISSIMI","at | be | ch | de | fr | se","","","","","","","https://at.fashionjobs.com/karriere-arbeitspl%C3%A4tze/intimissimi.html | https://be.fashionjobs.com/recrutement/intimissimi.html | https://ch.fashionjobs.com/recrutement/intimissimi.html | https://de.fashionjobs.com/karriere-arbeitspl%C3%A4tze/intimissimi.html | https://fr.fashionjobs.com/recrutement/intimissimi.html | https://se.fashionjobs.com/careers/intimissimi.html","CANDIDATE_NOT_CERTIFIED"
"IRIDESCENCE BIJOUX","IRIDESCENCE BIJOUX","fr","cmtp868om3rkqqq4z6mef2dsi","fashionjobs:PAUSED","fashionjobs","","2","2","https://fr.fashionjobs.com/recrutement/iridescence-bijoux.html","CANDIDATE_NOT_CERTIFIED"
"IRIE","IRIE","fr","cmtkdvxja1spunf2b3nybpv6s","","","","","","https://fr.fashionjobs.com/recrutement/irie.html","CANDIDATE_NOT_CERTIFIED"
"IRO","IRO","fr","cmtkdvudb1rn8nf2b54by8ci1","","","","","","https://fr.fashionjobs.com/recrutement/iro.html","CANDIDATE_NOT_CERTIFIED"
"IRO PARIS","IRO PARIS","es","","","","","","","https://es.fashionjobs.com/careers-empleo/iro-paris.html","CANDIDATE_NOT_CERTIFIED"
"ISABEL MARANT","ISABEL MARANT","fr | it","cmtkdvx4o1skknf2bpqfbvpnd","fashionjobs:PAUSED","fashionjobs","","17","17","https://fr.fashionjobs.com/recrutement/isabel-marant.html | https://it.fashionjobs.com/lavora-con-noi/isabel-marant.html","CANDIDATE_NOT_CERTIFIED"
"ISABEL SANCHIS","ISABEL SANCHIS","es","","","","","","","https://es.fashionjobs.com/careers-empleo/isabel-sanchis.html","CANDIDATE_NOT_CERTIFIED"
"ISAIA E ISAIA","ISAIA E ISAIA","it","","","","","","","https://it.fashionjobs.com/lavora-con-noi/isaia-e-isaia.html","CANDIDATE_NOT_CERTIFIED"
"ISTITUTO MARANGONI PARIS","ISTITUTO MARANGONI PARIS","fr","cmtkdvy0b1svhnf2b0j2ruzkm","fashionjobs:PAUSED","fashionjobs","","2","2","https://fr.fashionjobs.com/recrutement/istituto-marangoni-paris.html","CANDIDATE_NOT_CERTIFIED"
"IT S LAVA","IT'S LAVA","es","","","","","","","https://es.fashionjobs.com/careers-empleo/it-s-lava.html","CANDIDATE_NOT_CERTIFIED"
"IWC SCHAFFHAUSEN","IWC SCHAFFHAUSEN","us","cmtkexksm0i95p22bacmnhd81","","","","","","https://us.fashionjobs.com/careers/iwc-schaffhausen.html","CANDIDATE_NOT_CERTIFIED"
"IZAC","IZAC","fr","cmtkdvuyp1rw6nf2b3qcsj9pn","fashionjobs:PAUSED","fashionjobs","","1","1","https://fr.fashionjobs.com/recrutement/izac.html","CANDIDATE_NOT_CERTIFIED"
"IZIPIZI","IZIPIZI","es | uk","cmtpz12gd02z33ncqopqskfr3","wttj-sector:ACTIVE","wttj-sector","","3","3","https://es.fashionjobs.com/careers-empleo/izipizi.html | https://uk.fashionjobs.com/careers/izipizi.html","CANDIDATE_NOT_CERTIFIED"
"J CLUB","J CLUB","be | ch | de | nl","","","","","","","https://be.fashionjobs.com/recrutement/j-club.html | https://ch.fashionjobs.com/recrutement/j-club.html | https://de.fashionjobs.com/karriere-arbeitspl%C3%A4tze/j-club.html | https://nl.fashionjobs.com/vacatures-careers/j-club.html","CANDIDATE_NOT_CERTIFIED"
"J JILL","J. JILL","us","","","","","","","https://us.fashionjobs.com/careers/j-jill.html","CANDIDATE_NOT_CERTIFIED"
"JACADI","JACADI","fr | it","cmtnac0wy2sd7qq5l71073l44","","","","","","https://fr.fashionjobs.com/recrutement/jacadi.html | https://it.fashionjobs.com/lavora-con-noi/jacadi.html","CANDIDATE_NOT_CERTIFIED"
"JACK AND JONES","JACK & JONES","at | be | ca | ch | de | dk | fi | gr | nl | no | pl | pt | se | uk | us | uy","","","","","","","https://at.fashionjobs.com/karriere-arbeitspl%C3%A4tze/jack-jones.html | https://be.fashionjobs.com/recrutement/jack-jones.html | https://ca.fashionjobs.com/careers/jack-jones.html | https://ch.fashionjobs.com/recrutement/jack-jones.html | https://de.fashionjobs.com/karriere-arbeitspl%C3%A4tze/jack-jones.html | https://dk.fashionjobs.com/careers/jack-jones.html | https://fi.fashionjobs.com/careers/jack-jones.html | https://gr.fashionjobs.com/careers/jack-jones.html | https://nl.fashionjobs.com/vacatures-careers/jack-jones.html | https://no.fashionjobs.com/careers/jack-jones.html | https://pl.fashionjobs.com/en-pl/careers/jack-jones.html | https://pt.fashionjobs.com/recrutamento-careers/jack-jones.html | https://se.fashionjobs.com/careers/jack-jones.html | https://uk.fashionjobs.com/careers/jack-jones.html | https://us.fashionjobs.com/careers/jack-jones.html | https://uy.fashionjobs.com/careers-empleo/jack-jones.html","CANDIDATE_NOT_CERTIFIED"
"JACK GOMME","JACK GOMME","fr","cmtp8690h3ronqq4zwaz2fx4l","fashionjobs:PAUSED","fashionjobs","","1","1","https://fr.fashionjobs.com/recrutement/jack-gomme.html","CANDIDATE_NOT_CERTIFIED"
"JACK WOLFSKIN","JACK WOLFSKIN","be | ch | de | pl","","","","","","","https://be.fashionjobs.com/recrutement/jack-wolfskin.html | https://ch.fashionjobs.com/recrutement/jack-wolfskin.html | https://de.fashionjobs.com/karriere-arbeitspl%C3%A4tze/jack-wolfskin.html | https://pl.fashionjobs.com/en-pl/careers/jack-wolfskin.html","CANDIDATE_NOT_CERTIFIED"
"JACQUEMUS BY RETAIL FASHION GROUP","JACQUEMUS BY RETAIL FASHION GROUP","mx","","","","","","","https://mx.fashionjobs.com/careers-empleo/jacquemus-by-retail-fashion-group.html","CANDIDATE_NOT_CERTIFIED"
"JACQUES SOLOVIERE PARIS","JACQUES SOLOVIERE PARIS","fr","cmtkdw3h41uhmnf2bx7jc6cmn","","","","","","https://fr.fashionjobs.com/recrutement/jacques-soloviere-paris.html","CANDIDATE_NOT_CERTIFIED"
"JADE CIRCLE","JADE CIRCLE","fr","cmtkdvw9n1scmnf2b2q73ad7k","","","","","","https://fr.fashionjobs.com/recrutement/jade-circle.html","CANDIDATE_NOT_CERTIFIED"
"JAEGER LECOULTRE","JAEGER LECOULTRE","us","cmtn69t80123tqq5lh099wqef","richemont-workday:ACTIVE | richemont:ACTIVE","workday","https://richemont.wd3.myworkdayjobs.com | https://richemont.wd3.myworkdayjobs.com","21","0","https://us.fashionjobs.com/careers/jaeger-lecoultre.html","CANDIDATE_NOT_CERTIFIED"
"JAIIO","JAIIO","fr","","","","","","","https://fr.fashionjobs.com/recrutement/jaiio.html","CANDIDATE_NOT_CERTIFIED"
"JAMES PERSE","JAMES PERSE","us","","","","","","","https://us.fashionjobs.com/careers/james-perse.html","CANDIDATE_NOT_CERTIFIED"
"JAMINI","JAMINI","fr","cmtkdvyxg1t5jnf2bcibg8md1","fashionjobs:PAUSED","fashionjobs","","1","1","https://fr.fashionjobs.com/recrutement/jamini.html","CANDIDATE_NOT_CERTIFIED"
"JANIE AND JACK","JANIE AND JACK","us","","","","","","","https://us.fashionjobs.com/careers/janie-and-jack.html","CANDIDATE_NOT_CERTIFIED"
"JCPENNEY","JCPENNEY","in | us","","","","","","","https://in.fashionjobs.com/careers/jcpenney.html | https://us.fashionjobs.com/careers/jcpenney.html","CANDIDATE_NOT_CERTIFIED"
"JCREW","JCREW","us","","","","","","","https://us.fashionjobs.com/careers/jcrew.html","CANDIDATE_NOT_CERTIFIED"
"JD GROUP","JD GROUP","ie | uk | us","","","","","","","https://ie.fashionjobs.com/careers/jd-group.html | https://uk.fashionjobs.com/careers/jd-group.html | https://us.fashionjobs.com/careers/jd-group.html","CANDIDATE_NOT_CERTIFIED"
"JD SPORTS","JD SPORTS","au | nz","cmtm79t8k0pxwpv5j18srpsl3","jd-sports:ACTIVE","greenhouse","","202","0","https://au.fashionjobs.com/careers/jd-sports.html | https://nz.fashionjobs.com/careers/jd-sports.html","CANDIDATE_NOT_CERTIFIED"
"JEAN PAUL GAULTIER","JEAN PAUL GAULTIER","fr","cmtkdvxxm1sunnf2bzy0l1xiw","jean-paul-gaultier-5:ACTIVE | fashionjobs:PAUSED","successfactors | fashionjobs","https://jobs.puig.com","233","73","https://fr.fashionjobs.com/recrutement/jean-paul-gaultier.html","CANDIDATE_NOT_CERTIFIED"
"JEL DIRECT LTD","JEL DIRECT LTD.","uk","","","","","","","https://uk.fashionjobs.com/careers/jel-direct-ltd-.html","CANDIDATE_NOT_CERTIFIED"
"JEREM","JEREM","fr","","","","","","","https://fr.fashionjobs.com/recrutement/jerem.html","CANDIDATE_NOT_CERTIFIED"
"JG STUDIO","JG STUDIO","be","","","","","","","https://be.fashionjobs.com/recrutement/jg-studio.html","CANDIDATE_NOT_CERTIFIED"
"JIGSAW","JIGSAW","uk","","","","","","","https://uk.fashionjobs.com/careers/jigsaw.html","CANDIDATE_NOT_CERTIFIED"
"JIL SANDER","JIL SANDER","us","","","","","","","https://us.fashionjobs.com/careers/jil-sander.html","CANDIDATE_NOT_CERTIFIED"
"JIMMY CHOO","JIMMY CHOO","ca | cn | us","cmtpu1jq90ao8l35mi3a8soo6","capri-jimmy-choo:ACTIVE","workday","https://capri.wd1.myworkdayjobs.com","1","0","https://ca.fashionjobs.com/careers/jimmy-choo.html | https://cn.fashionjobs.com/%E6%8B%9B%E8%81%98/jimmy-choo.html | https://us.fashionjobs.com/careers/jimmy-choo.html","CANDIDATE_NOT_CERTIFIED"
"JIMMY FAIRLY","JIMMY FAIRLY","fr","cmtkdw27s1u1wnf2b2n1gh0l5","","","","","","https://fr.fashionjobs.com/recrutement/jimmy-fairly.html","CANDIDATE_NOT_CERTIFIED"
"JM ATELSON","JM.ATELSON","fr","cmtkdvy481sx0nf2b59zo3txa","fashionjobs:PAUSED","fashionjobs","","1","1","https://fr.fashionjobs.com/recrutement/jm-atelson.html","CANDIDATE_NOT_CERTIFIED"
"JO MALONE LONDON","JO MALONE LONDON","au | be | ca | cz | hu | id | ie | il | kr | nl | nz | pt | sa | tr | us | vn","cmtm9jhdf1us8pv5jzx7vl620","estee-lauder-companies:ACTIVE","eightfold","https://elcompanies.eightfold.ai","121","3","https://au.fashionjobs.com/careers/jo-malone-london.html | https://be.fashionjobs.com/recrutement/jo-malone-london.html | https://ca.fashionjobs.com/careers/jo-malone-london.html | https://cz.fashionjobs.com/karriere-arbeitspl%C3%A4tze/jo-malone-london.html | https://hu.fashionjobs.com/careers/jo-malone-london.html | https://id.fashionjobs.com/careers/jo-malone-london.html | https://ie.fashionjobs.com/careers/jo-malone-london.html | https://il.fashionjobs.com/careers/jo-malone-london.html | https://kr.fashionjobs.com/careers/jo-malone-london.html | https://nl.fashionjobs.com/vacatures-careers/jo-malone-london.html | https://nz.fashionjobs.com/careers/jo-malone-london.html | https://pt.fashionjobs.com/recrutamento-careers/jo-malone-london.html | https://sa.fashionjobs.com/careers/jo-malone-london.html | https://tr.fashionjobs.com/i%C5%9Fe-al%C4%B1m/jo-malone-london.html | https://us.fashionjobs.com/careers/jo-malone-london.html | https://vn.fashionjobs.com/careers/jo-malone-london.html","CANDIDATE_NOT_CERTIFIED"
"JOCKEY","JOCKEY","us","","","","","","","https://us.fashionjobs.com/careers/jockey.html","CANDIDATE_NOT_CERTIFIED"
"JODA HEADHUNTING","JODA HEADHUNTING","de","","","","","","","https://de.fashionjobs.com/karriere-arbeitspl%C3%A4tze/joda-headhunting.html","CANDIDATE_NOT_CERTIFIED"
"JONA TEXTILE CORPORATION","JONA TEXTILE CORPORATION","us","","","","","","","https://us.fashionjobs.com/careers/jona-textile-corporation.html","CANDIDATE_NOT_CERTIFIED"
"JONAK","JONAK","fr | uk","cmtk1x83i00pqnv2biab352pq","wttj-sector:ACTIVE | fashionjobs:PAUSED | jonak:RETIRED","wttj-sector | fashionjobs | wttj","","26","24","https://fr.fashionjobs.com/recrutement/jonak.html | https://uk.fashionjobs.com/careers/jonak.html","CANDIDATE_NOT_CERTIFIED"
"JOOP","JOOP!","at | de","","","","","","","https://at.fashionjobs.com/karriere-arbeitspl%C3%A4tze/joop-.html | https://de.fashionjobs.com/karriere-arbeitspl%C3%A4tze/joop-.html","CANDIDATE_NOT_CERTIFIED"
"JOVOY PARIS","JOVOY PARIS","fr","cmtkdvv6o1rzanf2bfjid1vmn","","","","","","https://fr.fashionjobs.com/recrutement/jovoy-paris.html","CANDIDATE_NOT_CERTIFIED"
"JS MILLENIUM ENVIES","JS MILLENIUM ENVIES","fr","cmtkdvuh21rojnf2bw6t97y39","","","","","","https://fr.fashionjobs.com/recrutement/js-millenium-envies.html","CANDIDATE_NOT_CERTIFIED"
"JU","JÚ","uk","","","","","","","https://uk.fashionjobs.com/careers/ju.html","CANDIDATE_NOT_CERTIFIED"
"JULES","JULES","fr","cmtk1x1dn0067nv2bokd2qj4h","fashionjobs:PAUSED | jules:ACTIVE","fashionjobs | talentview","","11","10","https://fr.fashionjobs.com/recrutement/jules.html","CANDIDATE_NOT_CERTIFIED"
"JULES AND JENN","JULES & JENN","fr","cmtkdvy7k1sy6nf2bk4odsuwu","fashionjobs:PAUSED","fashionjobs","","1","0","https://fr.fashionjobs.com/recrutement/jules-jenn.html","CANDIDATE_NOT_CERTIFIED"
"JULIA HEUER","JULIA HEUER SAS","fr","cmtkdvv4e1ryenf2bcfyixskr","","","","","","https://fr.fashionjobs.com/recrutement/julia-heuer-sas.html","CANDIDATE_NOT_CERTIFIED"
"JULIE DE LIBRAN","JULIE DE LIBRAN","fr","cmtkdw1tg1twnnf2bx97omtjb","","","","","","https://fr.fashionjobs.com/recrutement/julie-de-libran.html","CANDIDATE_NOT_CERTIFIED"
"JULIETTE HAS A GUN","JULIETTE HAS A GUN","fr","cmtkdvw5w1sb6nf2b5wzr2wr3","fashionjobs:PAUSED","fashionjobs","","2","2","https://fr.fashionjobs.com/recrutement/juliette-has-a-gun.html","CANDIDATE_NOT_CERTIFIED"
"JULIETTE VERHAEGHE LUCCHINI","JULIETTE VERHAEGHE LUCCHINI","fr","","","","","","","https://fr.fashionjobs.com/recrutement/juliette-verhaeghe-lucchini.html","CANDIDATE_NOT_CERTIFIED"
"JUST FACES MGMT","JUST FACES MGMT","fr","cmtnac1np2skpqq5ls26tn22y","","","","","","https://fr.fashionjobs.com/recrutement/just-faces-mgmt.html","CANDIDATE_NOT_CERTIFIED"
"JUST JEANS","JUST JEANS","au | nz","","","","","","","https://au.fashionjobs.com/careers/just-jeans.html | https://nz.fashionjobs.com/careers/just-jeans.html","CANDIDATE_NOT_CERTIFIED"
"JUSTINA PRODUCTIONS LTD","JUSTINA PRODUCTIONS LTD","uk","","","","","","","https://uk.fashionjobs.com/careers/justina-productions-ltd.html","CANDIDATE_NOT_CERTIFIED"
"KA NOA","KA/NOA","ch","","","","","","","https://ch.fashionjobs.com/recrutement/ka-noa.html","CANDIDATE_NOT_CERTIFIED"
"KAEMA","KAEMA","fr","cmtlq3ugp1lzrpg2baog6dlca","","","","","","https://fr.fashionjobs.com/recrutement/kaema.html","CANDIDATE_NOT_CERTIFIED"
"KAMI","KAMI","fr","cmtkdw2431u0fnf2bw7q19iji","","","","","","https://fr.fashionjobs.com/recrutement/kami.html","CANDIDATE_NOT_CERTIFIED"
"KAO","KAO","au | ca | ch | de | ie | uk | us","","","","","","","https://au.fashionjobs.com/careers/kao.html | https://ca.fashionjobs.com/careers/kao.html | https://ch.fashionjobs.com/recrutement/kao.html | https://de.fashionjobs.com/karriere-arbeitspl%C3%A4tze/kao.html | https://ie.fashionjobs.com/careers/kao.html | https://uk.fashionjobs.com/careers/kao.html | https://us.fashionjobs.com/careers/kao.html","CANDIDATE_NOT_CERTIFIED"
"KAREN MILLEN","KAREN MILLEN","uk","","","","","","","https://uk.fashionjobs.com/careers/karen-millen.html","CANDIDATE_NOT_CERTIFIED"
"KARL LAGERFELD","KARL LAGERFELD","at | de | es | fr | it | nl | pl | pt","","","","","","","https://at.fashionjobs.com/karriere-arbeitspl%C3%A4tze/karl-lagerfeld.html | https://de.fashionjobs.com/karriere-arbeitspl%C3%A4tze/karl-lagerfeld.html | https://es.fashionjobs.com/careers-empleo/karl-lagerfeld.html | https://fr.fashionjobs.com/recrutement/karl-lagerfeld.html | https://it.fashionjobs.com/lavora-con-noi/karl-lagerfeld.html | https://nl.fashionjobs.com/vacatures-careers/karl-lagerfeld.html | https://pl.fashionjobs.com/en-pl/careers/karl-lagerfeld.html | https://pt.fashionjobs.com/recrutamento-careers/karl-lagerfeld.html","CANDIDATE_NOT_CERTIFIED"
"KARL LAGERFELD RETAIL","KARL LAGERFELD (RETAIL)","pt","","","","","","","https://pt.fashionjobs.com/recrutamento-careers/pepe-jeans-sl.html","CANDIDATE_NOT_CERTIFIED"
"KARRY BERREBY","KARRY BERREBY","fr","","","","","","","https://fr.fashionjobs.com/recrutement/karry-berreby.html","CANDIDATE_NOT_CERTIFIED"
"KASSANDRE","KASSANDRE","fr","","","","","","","https://fr.fashionjobs.com/recrutement/kassandre.html","CANDIDATE_NOT_CERTIFIED"
"KATIE LOXTON","KATIE LOXTON","uk | us","cmtlyi71m051zqf5kpqlswzj9","katie-loxton:ACTIVE","teamtailor","https://careers.katieloxton.com","19","0","https://uk.fashionjobs.com/careers/katie-loxton.html | https://us.fashionjobs.com/careers/katie-loxton.html","CANDIDATE_NOT_CERTIFIED"
"KCD PARIS","KCD PARIS","fr","cmtkdw3hr1uhunf2bj1nx27nn","","","","","","https://fr.fashionjobs.com/recrutement/kcd-paris.html","CANDIDATE_NOT_CERTIFIED"
"KENDRA SCOTT","KENDRA SCOTT","us","","","","","","","https://us.fashionjobs.com/careers/kendra-scott.html","CANDIDATE_NOT_CERTIFIED"
"KENZO","KENZO","cn | es | fr | jp | sg | us","cmtk48ipj1dpiny2bgnr0fj3t","lvmh:ACTIVE | fashionjobs:PAUSED","lvmh_algolia | fashionjobs","","25","16","https://cn.fashionjobs.com/%E6%8B%9B%E8%81%98/kenzo.html | https://es.fashionjobs.com/careers-empleo/kenzo.html | https://fr.fashionjobs.com/recrutement/kenzo.html | https://jp.fashionjobs.com/%E3%83%AA%E3%82%AF%E3%83%AB%E3%83%BC%E3%83%88/kenzo.html | https://sg.fashionjobs.com/careers/kenzo.html | https://us.fashionjobs.com/careers/kenzo.html","CANDIDATE_NOT_CERTIFIED"
"KERING","KERING","ae | br | cn | de | hk | jp | kr | mx | sg | tw | us","cmtjwa11205v4ld2b4be98q45","kering:ACTIVE","eightfold","https://careers.kering.com","4","2","https://ae.fashionjobs.com/careers/kering.html | https://br.fashionjobs.com/recrutamento-careers/kering.html | https://cn.fashionjobs.com/%E6%8B%9B%E8%81%98/kering.html | https://de.fashionjobs.com/karriere-arbeitspl%C3%A4tze/kering.html | https://hk.fashionjobs.com/careers/kering.html | https://jp.fashionjobs.com/%E3%83%AA%E3%82%AF%E3%83%AB%E3%83%BC%E3%83%88/kering.html | https://kr.fashionjobs.com/careers/kering.html | https://mx.fashionjobs.com/careers-empleo/kering.html | https://sg.fashionjobs.com/careers/kering.html | https://tw.fashionjobs.com/careers/kering.html | https://us.fashionjobs.com/careers/kering.html","CANDIDATE_NOT_CERTIFIED"
"KERING EYEWEAR","KERING EYEWEAR","cn | de | dk | hk | in | jp | se | sg | uk | us","cmtpukumq299vl35m0urpfp28","kering:ACTIVE","eightfold","https://careers.kering.com","70","3","https://cn.fashionjobs.com/%E6%8B%9B%E8%81%98/kering-eyewear.html | https://de.fashionjobs.com/karriere-arbeitspl%C3%A4tze/kering-eyewear.html | https://dk.fashionjobs.com/careers/kering-eyewear.html | https://hk.fashionjobs.com/careers/kering-eyewear.html | https://in.fashionjobs.com/careers/kering-eyewear.html | https://jp.fashionjobs.com/%E3%83%AA%E3%82%AF%E3%83%AB%E3%83%BC%E3%83%88/kering-eyewear.html | https://se.fashionjobs.com/careers/kering-eyewear.html | https://sg.fashionjobs.com/careers/kering-eyewear.html | https://uk.fashionjobs.com/careers/kering-eyewear.html | https://us.fashionjobs.com/careers/kering-eyewear.html","CANDIDATE_NOT_CERTIFIED"
"KIDS FOOT LOCKER","KIDS FOOT LOCKER","ca | nl | us","cmtpxur2b00003nxcmcnc6054","foot-locker-france:ACTIVE","phenom","https://careers.footlocker.com","429","0","https://ca.fashionjobs.com/careers/kids-foot-locker.html | https://nl.fashionjobs.com/vacatures-careers/kids-foot-locker.html | https://us.fashionjobs.com/careers/kids-foot-locker.html","CANDIDATE_NOT_CERTIFIED"
"KIDSCOM AGENCY","KIDSCOM AGENCY","es","","","","","","","https://es.fashionjobs.com/careers-empleo/kidscom-agency.html","CANDIDATE_NOT_CERTIFIED"
"KIKO KOSTADINOV","KIKO KOSTADINOV","uk","","","","","","","https://uk.fashionjobs.com/careers/kiko-kostadinov.html","CANDIDATE_NOT_CERTIFIED"
"KILIAN PARIS","KILIAN PARIS","us","cmtm9jhl91uvcpv5jsvprsagj","estee-lauder-companies:ACTIVE","eightfold","https://elcompanies.eightfold.ai","8","3","https://us.fashionjobs.com/careers/kilian-paris.html","CANDIDATE_NOT_CERTIFIED"
"KILOMETRE PARIS","KILOMETRE PARIS","fr","","","","","","","https://fr.fashionjobs.com/recrutement/kilometre-paris.html","CANDIDATE_NOT_CERTIFIED"
"KIPLING","KIPLING","de | pt","","","","","","","https://de.fashionjobs.com/karriere-arbeitspl%C3%A4tze/kipling.html | https://pt.fashionjobs.com/recrutamento-careers/kipling.html","CANDIDATE_NOT_CERTIFIED"
"KNITWELL GROUP","KNITWELL GROUP","us","","","","","","","https://us.fashionjobs.com/careers/knitwell-group.html","CANDIDATE_NOT_CERTIFIED"
"KOHLS","KOHLS","us","","","","","","","https://us.fashionjobs.com/careers/kohls.html","CANDIDATE_NOT_CERTIFIED"
"KOKOLO","KOKOLO","fr","","","","","","","https://fr.fashionjobs.com/recrutement/kokolo.html","CANDIDATE_NOT_CERTIFIED"
"KOOKAI","KOOKAI","au | nz","","","","","","","https://au.fashionjobs.com/careers/kookai.html | https://nz.fashionjobs.com/careers/kookai.html","CANDIDATE_NOT_CERTIFIED"
"KOON","KOON","fr","","","","","","","https://fr.fashionjobs.com/recrutement/koon.html","CANDIDATE_NOT_CERTIFIED"
"KRAKEN FASHION STUDIO","KRAKEN FASHION STUDIO","uk","","","","","","","https://uk.fashionjobs.com/careers/kraken-fashion-studio.html","CANDIDATE_NOT_CERTIFIED"
"KREWE","KREWE","us","","","","","","","https://us.fashionjobs.com/careers/krewe.html","CANDIDATE_NOT_CERTIFIED"
"KRIBA","KRIBA","fr","","","","","","","https://fr.fashionjobs.com/recrutement/kriba.html","CANDIDATE_NOT_CERTIFIED"
"KS BEAUTE","KS BEAUTE","fr","cmtkdw47h1upbnf2bt71uf8nq","","","","","","https://fr.fashionjobs.com/recrutement/ks-beaute.html","CANDIDATE_NOT_CERTIFIED"
"KSI MODE","KSI MODE","fr","cmtp868vg3rmuqq4z150o1s59","fashionjobs:PAUSED","fashionjobs","","1","1","https://fr.fashionjobs.com/recrutement/ksi-mode.html","CANDIDATE_NOT_CERTIFIED"
"KSI RETAIL","KSI RETAIL","fr","cmtkdvuwr1rvinf2bg83fdzpf | cmtpw95zy4k0hl35mew33fqog","fashionjobs:PAUSED","fashionjobs","","","","https://fr.fashionjobs.com/recrutement/ksi-retail.html","CANDIDATE_NOT_CERTIFIED"
"KUJTEN CACHEMIRE","KUJTEN CACHEMIRE","fr","cmtkdvufg1rnznf2byc79miie","","","","","","https://fr.fashionjobs.com/recrutement/kujten-cachemire.html","CANDIDATE_NOT_CERTIFIED"
"KURT GEIGER","KURT GEIGER","es | uk | us","","","","","","","https://es.fashionjobs.com/careers-empleo/kurt-geiger.html | https://uk.fashionjobs.com/careers/kurt-geiger.html | https://us.fashionjobs.com/careers/kurt-geiger.html","CANDIDATE_NOT_CERTIFIED"
"L ATELIER D AMAYA","L'ATELIER D'AMAYA","fr","cmtkdvw4s1sarnf2b4zx3q8i2","","","","","","https://fr.fashionjobs.com/recrutement/l-atelier-d-amaya.html","CANDIDATE_NOT_CERTIFIED"
"L ATELIER D ANAE","L'ATELIER D'ANAË","fr","","","","","","","https://fr.fashionjobs.com/recrutement/l-atelier-d-anae.html","CANDIDATE_NOT_CERTIFIED"
"L ENVERS","L'ENVERS","es | fr","","","","","","","https://es.fashionjobs.com/careers-empleo/l-envers.html | https://fr.fashionjobs.com/recrutement/l-envers.html","CANDIDATE_NOT_CERTIFIED"
"L HOMME INVISIBLE","L'HOMME INVISIBLE","fr","cmtkdvy381swpnf2bfeu4pym4","fashionjobs:PAUSED","fashionjobs","","1","1","https://fr.fashionjobs.com/recrutement/l-homme-invisible.html","CANDIDATE_NOT_CERTIFIED"
"L L BEAN","L.L. BEAN","cr | us","","","","","","","https://cr.fashionjobs.com/careers-empleo/l-l-bean.html | https://us.fashionjobs.com/careers/l-l-bean.html","CANDIDATE_NOT_CERTIFIED"
"L OCCITANE EN PROVENCE","L´OCCITANE EN PROVENCE | L'OCCITANE EN PROVENCE - FRANCE","es | fr","cmtke2us500d0lp2bu5et2x5u","l-occitane-en-provence-2:ACTIVE","successfactors","https://careers-group.loccitane.com","15","9","https://es.fashionjobs.com/careers-empleo/l-occitane-en-provence.html | https://fr.fashionjobs.com/recrutement/l-occitane-en-provence-france.html","CANDIDATE_NOT_CERTIFIED"
"L OCCITANE ITALIA SRL","L'OCCITANE ITALIA SRL","it","cmtp1xiqw03ngqq4zikinuk6e","loccitane-fr:ACTIVE | wttj-sector:ACTIVE","teamtailor | wttj-sector","https://jobs-fr.loccitane.com","24","24","https://it.fashionjobs.com/lavora-con-noi/l-occitane-italia-srl.html","CANDIDATE_NOT_CERTIFIED"
"L OCCITANE LOCCITANE","L OCCITANE- LOCCITANE","fr","","","","","","","https://fr.fashionjobs.com/recrutement/l-occitane-loccitane.html","CANDIDATE_NOT_CERTIFIED"
"L ONGLERIE","L'ONGLERIE","fr","","","","","","","https://fr.fashionjobs.com/recrutement/l-onglerie.html","CANDIDATE_NOT_CERTIFIED"
"L OREAL GROUP","L'OREAL GROUP","ar | at | au | be | br | ca | ch | cl | cn | co | cz | de | dk | eg | fi | gr | hk | hr | hu | id | ie | il | in | jp | kr | lt | lv | ma | mx | nl | no | nz | pa | pe | ph | pl | pt | ro | sg | th | tr | tw | ua | uk | us | vn | za","cmtpkwxjp59hcpf5lc3ggp4ii","fashionjobs:PAUSED","fashionjobs","","3","3","https://ar.fashionjobs.com/careers-empleo/l-oreal-group.html | https://at.fashionjobs.com/karriere-arbeitspl%C3%A4tze/l-oreal-group.html | https://au.fashionjobs.com/careers/l-oreal-group.html | https://be.fashionjobs.com/recrutement/l-oreal-group.html | https://br.fashionjobs.com/recrutamento-careers/l-oreal-group.html | https://ca.fashionjobs.com/careers/l-oreal-group.html | https://ch.fashionjobs.com/recrutement/l-oreal-group.html | https://cl.fashionjobs.com/careers-empleo/l-oreal-group.html | https://cn.fashionjobs.com/%E6%8B%9B%E8%81%98/l-oreal-group.html | https://co.fashionjobs.com/careers-empleo/l-oreal-group.html | https://cz.fashionjobs.com/karriere-arbeitspl%C3%A4tze/l-oreal-group.html | https://de.fashionjobs.com/karriere-arbeitspl%C3%A4tze/l-oreal-group.html | https://dk.fashionjobs.com/careers/l-oreal-group.html | https://eg.fashionjobs.com/careers/l-oreal-group.html | https://fi.fashionjobs.com/careers/l-oreal-group.html | https://gr.fashionjobs.com/careers/l-oreal-group.html | https://hk.fashionjobs.com/careers/l-oreal-group.html | https://hr.fashionjobs.com/careers/l-oreal-group.html | https://hu.fashionjobs.com/careers/l-oreal-group.html | https://id.fashionjobs.com/careers/l-oreal-group.html | https://ie.fashionjobs.com/careers/l-oreal-group.html | https://il.fashionjobs.com/careers/l-oreal-group.html | https://in.fashionjobs.com/careers/l-oreal-group.html | https://jp.fashionjobs.com/%E3%83%AA%E3%82%AF%E3%83%AB%E3%83%BC%E3%83%88/l-oreal-group.html | https://kr.fashionjobs.com/careers/l-oreal-group.html | https://lt.fashionjobs.com/careers/l-oreal-group.html | https://lv.fashionjobs.com/careers/l-oreal-group.html | https://ma.fashionjobs.com/recrutement/l-oreal-group.html | https://mx.fashionjobs.com/careers-empleo/l-oreal-group.html | https://nl.fashionjobs.com/vacatures-careers/l-oreal-group.html | https://no.fashionjobs.com/careers/l-oreal-group.html | https://nz.fashionjobs.com/careers/l-oreal-group.html | https://pa.fashionjobs.com/careers-empleo/l-oreal-group.html | https://pe.fashionjobs.com/careers-empleo/l-oreal-group.html | https://ph.fashionjobs.com/careers/l-oreal-group.html | https://pl.fashionjobs.com/en-pl/careers/l-oreal-group.html | https://pt.fashionjobs.com/recrutamento-careers/l-oreal-group.html | https://ro.fashionjobs.com/careers/l-oreal-group.html | https://sg.fashionjobs.com/careers/l-oreal-group.html | https://th.fashionjobs.com/careers/l-oreal-group.html | https://tr.fashionjobs.com/i%C5%9Fe-al%C4%B1m/l-oreal-group.html | https://tw.fashionjobs.com/careers/l-oreal-group.html | https://ua.fashionjobs.com/%D0%BF%D0%BE%D0%B4%D0%B1%D0%BE%D1%80-%D0%BF%D0%B5%D1%80%D1%81%D0%BE%D0%BD%D0%B0%D0%BB%D0%B0/l-oreal-group.html | https://uk.fashionjobs.com/careers/l-oreal-group.html | https://us.fashionjobs.com/careers/l-oreal-group.html | https://vn.fashionjobs.com/careers/l-oreal-group.html | https://za.fashionjobs.com/careers/l-oreal-group.html","CANDIDATE_NOT_CERTIFIED"
"L T PIVER","L.T. PIVER","fr","","","","","","","https://fr.fashionjobs.com/recrutement/l-t-piver.html","CANDIDATE_NOT_CERTIFIED"
"LA BOUTIQUE DU COIFFEUR","LA BOUTIQUE DU COIFFEUR","ch | lu","cmtpkwyco59jmpf5l7q90nip8","fashionjobs:PAUSED","fashionjobs","","8","8","https://ch.fashionjobs.com/recrutement/la-boutique-du-coiffeur.html | https://lu.fashionjobs.com/recrutement/la-boutique-du-coiffeur.html","CANDIDATE_NOT_CERTIFIED"
"LA BOUTIQUE OFFICIELLE","LA BOUTIQUE OFFICIELLE","fr","","","","","","","https://fr.fashionjobs.com/recrutement/la-boutique-officielle.html","CANDIDATE_NOT_CERTIFIED"
"LA BRUNE ET LA BLONDE","LA BRUNE ET LA BLONDE","fr","cmtkdw05g1tfsnf2bsrl8uhnq","fashionjobs:PAUSED","fashionjobs","","1","1","https://fr.fashionjobs.com/recrutement/la-brune-et-la-blonde.html","CANDIDATE_NOT_CERTIFIED"
"LA COUR DES ICONES","LA COUR DES ICONES","fr","cmtlq3u9f1lxapg2b3kvsu7yg","","","","","","https://fr.fashionjobs.com/recrutement/la-cour-des-icones.html","CANDIDATE_NOT_CERTIFIED"
"LA FEE MARABOUTEE","LA FEE MARABOUTEE","fr","cmtkdw2em1u4bnf2bjlkcqi1x","","","","","","https://fr.fashionjobs.com/recrutement/la-fee-maraboutee.html","CANDIDATE_NOT_CERTIFIED"
"LA HALLE","LA HALLE","fr","cmtm7ucoz10xspv5jc900ovd5","element-6:ACTIVE","magnet","https://recrutement.groupe-beaumanoir.com","64","64","https://fr.fashionjobs.com/recrutement/la-halle.html","CANDIDATE_NOT_CERTIFIED"
"LA LUEUR DE L AUBE","LA LUEUR DE L'AUBE","fr","cmtlq3u5d1lwapg2bthfm7wxa","","","","","","https://fr.fashionjobs.com/recrutement/la-lueur-de-l-aube.html","CANDIDATE_NOT_CERTIFIED"
"LA MAISON GOOSSENS","LA MAISON GOOSSENS","fr","cmtkdvxbq1snanf2bwybrb13w","","","","","","https://fr.fashionjobs.com/recrutement/la-maison-goossens.html","CANDIDATE_NOT_CERTIFIED"
"LA MANSO","LA MANSO","es","","","","","","","https://es.fashionjobs.com/careers-empleo/la-manso.html","CANDIDATE_NOT_CERTIFIED"
"LA MARQUE 64","LA MARQUE 64","fr","cmtkdw2hy1u5jnf2bswdyg70w","","","","","","https://fr.fashionjobs.com/recrutement/la-marque-64.html","CANDIDATE_NOT_CERTIFIED"
"LA MER","LA MER","ar | br | cl | hk | hu | mx | nl | nz | pl | tr | tw | us","cmtm9jhhk1uu0pv5j158p5va1","estee-lauder-companies:ACTIVE","eightfold","https://elcompanies.eightfold.ai","28","0","https://ar.fashionjobs.com/careers-empleo/la-mer.html | https://br.fashionjobs.com/recrutamento-careers/la-mer.html | https://cl.fashionjobs.com/careers-empleo/la-mer.html | https://hk.fashionjobs.com/careers/la-mer.html | https://hu.fashionjobs.com/careers/la-mer.html | https://mx.fashionjobs.com/careers-empleo/la-mer.html | https://nl.fashionjobs.com/vacatures-careers/la-mer.html | https://nz.fashionjobs.com/careers/la-mer.html | https://pl.fashionjobs.com/en-pl/careers/la-mer.html | https://tr.fashionjobs.com/i%C5%9Fe-al%C4%B1m/la-mer.html | https://tw.fashionjobs.com/careers/la-mer.html | https://us.fashionjobs.com/careers/la-mer.html","CANDIDATE_NOT_CERTIFIED"
"LA MODA CHANNEL","LA MODA CHANNEL","es","","","","","","","https://es.fashionjobs.com/careers-empleo/la-moda-channel.html","CANDIDATE_NOT_CERTIFIED"
"LA MODE VINTAGE","LA MODE VINTAGE","fr","cmtpw96kd4k4wl35mg0lw9202","fashionjobs:PAUSED","fashionjobs","","1","1","https://fr.fashionjobs.com/recrutement/la-mode-vintage.html","CANDIDATE_NOT_CERTIFIED"
"LA MODEUSE","LA MODEUSE","fr","","","","","","","https://fr.fashionjobs.com/recrutement/la-modeuse.html","CANDIDATE_NOT_CERTIFIED"
"LA NATURE","LA NATURE","ru","","","","","","","https://ru.fashionjobs.com/%D0%BF%D0%BE%D0%B4%D0%B1%D0%BE%D1%80-%D0%BF%D0%B5%D1%80%D1%81%D0%BE%D0%BD%D0%B0%D0%BB%D0%B0/la-nature.html","CANDIDATE_NOT_CERTIFIED"
"LA PELUCHERIE","LA PELUCHERIE","fr","cmtkdw30x1ubznf2b2tv15nro","","","","","","https://fr.fashionjobs.com/recrutement/la-pelucherie.html","CANDIDATE_NOT_CERTIFIED"
"LA PRAIRIE GROUP","LA PRAIRIE GROUP","at | ch | de | fr | ie | uk","","","","","","","https://at.fashionjobs.com/karriere-arbeitspl%C3%A4tze/la-prairie-group.html | https://ch.fashionjobs.com/recrutement/la-prairie-group.html | https://de.fashionjobs.com/karriere-arbeitspl%C3%A4tze/la-prairie-group.html | https://fr.fashionjobs.com/recrutement/la-prairie-group.html | https://ie.fashionjobs.com/careers/la-prairie-group.html | https://uk.fashionjobs.com/careers/la-prairie-group.html","CANDIDATE_NOT_CERTIFIED"
"LA REGGIA DESIGNER OUTLET","LA REGGIA DESIGNER OUTLET","it","","","","","","","https://it.fashionjobs.com/lavora-con-noi/la-reggia-designer-outlet.html","CANDIDATE_NOT_CERTIFIED"
"LA RENAISSANCE PARIS","LA RENAISSANCE PARIS","fr","","","","","","","https://fr.fashionjobs.com/recrutement/la-renaissance-paris.html","CANDIDATE_NOT_CERTIFIED"
"LA REPONSE D","LA RÉPONSE D","fr","cmtkdw0141tecnf2bjamzjotg","fashionjobs:PAUSED","fashionjobs","","1","1","https://fr.fashionjobs.com/recrutement/la-reponse-d.html","CANDIDATE_NOT_CERTIFIED"
"LA RUCHE SKINCARE","SAS LA RUCHE SKINCARE","fr","cmtkdw0b51tgvnf2ba1ilmb9j","fashionjobs:PAUSED","fashionjobs","","1","1","https://fr.fashionjobs.com/recrutement/sas-la-ruche-skincare.html","CANDIDATE_NOT_CERTIFIED"
"LA SERVIETTE PARIS","LA SERVIETTE PARIS","fr","","","","","","","https://fr.fashionjobs.com/recrutement/la-serviette-paris.html","CANDIDATE_NOT_CERTIFIED"
"LAB DIP","LAB DIP","fr","cmtrup1wv4mrbpg5m25zfncj1","fashionjobs:PAUSED","fashionjobs","","1","1","https://fr.fashionjobs.com/recrutement/lab-dip.html","CANDIDATE_NOT_CERTIFIED"
"LABBEYE","LABBEYE","fr","","","","","","","https://fr.fashionjobs.com/recrutement/labbeye.html","CANDIDATE_NOT_CERTIFIED"
"LABELLOV","LABELLOV","be","","","","","","","https://be.fashionjobs.com/recrutement/labellov.html","CANDIDATE_NOT_CERTIFIED"
"LACOSTE","LACOSTE","de | se","cmtk4xpoe1ryyny2b4n2dj391","lacoste:ACTIVE | wttj-sector:ACTIVE","digitalrecruiters | wttj-sector","","460","95","https://de.fashionjobs.com/karriere-arbeitspl%C3%A4tze/lacoste.html | https://se.fashionjobs.com/careers/lacoste.html","CANDIDATE_NOT_CERTIFIED"
"LACURE GROUP","LACURE GROUP","fr","","","","","","","https://fr.fashionjobs.com/recrutement/lacure-group.html","CANDIDATE_NOT_CERTIFIED"
"LADY PIPA","LADY PIPA","es","","","","","","","https://es.fashionjobs.com/careers-empleo/lady-pipa.html","CANDIDATE_NOT_CERTIFIED"
"LAGARDERE TRAVEL RETAIL","LAGARDÈRE TRAVEL RETAIL FRANCE","fr","cmtkdvxv61strnf2blvpva5y3 | cmtpu023j04jil35mg4a1g7vf","lagardere-travel-retail:ACTIVE","talentsoft","https://lagardere-recrute.talent-soft.com","","","https://fr.fashionjobs.com/recrutement/lagardere-travel-retail-france.html","CANDIDATE_NOT_CERTIFIED"
"LANCEL SOGEDI","LANCEL SOGEDI","fr","","","","","","","https://fr.fashionjobs.com/recrutement/lancel-sogedi.html","CANDIDATE_NOT_CERTIFIED"
"LAND S END","LAND'S END","us","","","","","","","https://us.fashionjobs.com/careers/land-s-end.html","CANDIDATE_NOT_CERTIFIED"
"LANE BRYANT","LANE BRYANT","us","","","","","","","https://us.fashionjobs.com/careers/lane-bryant.html","CANDIDATE_NOT_CERTIFIED"
"LANVIN","LANVIN","fr","cmtkdvurw1rthnf2b8qwacb78","fashionjobs:PAUSED","fashionjobs","","1","1","https://fr.fashionjobs.com/recrutement/lanvin.html","CANDIDATE_NOT_CERTIFIED"
"LAPS","LAPS","fr","","","","","","","https://fr.fashionjobs.com/recrutement/laps.html","CANDIDATE_NOT_CERTIFIED"
"LASCANA","LASCANA","de","","","","","","","https://de.fashionjobs.com/karriere-arbeitspl%C3%A4tze/lascana.html","CANDIDATE_NOT_CERTIFIED"
"LATAM FASHION CIRCLE","LATAM FASHION CIRCLE","fr","","","","","","","https://fr.fashionjobs.com/recrutement/latam-fashion-circle.html","CANDIDATE_NOT_CERTIFIED"
"LATIDO","LATIDO","es","","","","","","","https://es.fashionjobs.com/careers-empleo/latido.html","CANDIDATE_NOT_CERTIFIED"
"LAURE DE SAGAZAN","LAURE DE SAGAZAN","fr","cmtkdw13f1tpznf2bkuzfx1cy","fashionjobs:PAUSED","fashionjobs","","1","1","https://fr.fashionjobs.com/recrutement/laure-de-sagazan.html","CANDIDATE_NOT_CERTIFIED"
"LAURENCE BRAS","LAURENCE BRAS","fr","cmtkdw0sl1tmgnf2b0zlevsmx","fashionjobs:PAUSED","fashionjobs","","1","1","https://fr.fashionjobs.com/recrutement/laurence-bras.html","CANDIDATE_NOT_CERTIFIED"
"LC WAIKIKI","LC WAIKIKI","tr","","","","","","","https://tr.fashionjobs.com/i%C5%9Fe-al%C4%B1m/lc-waikiki.html","CANDIDATE_NOT_CERTIFIED"
"LE BON MARCHE","LE BON MARCHÉ","fr","cmtk48eex1bxlny2b3drci9sc","lvmh:ACTIVE | fashionjobs:PAUSED","lvmh_algolia | fashionjobs","","48","48","https://fr.fashionjobs.com/recrutement/le-bon-marche.html","CANDIDATE_NOT_CERTIFIED"
"LE COQ SPORTIF","LE COQ SPORTIF","fr","cmtp868xg3rngqq4ztaue6dkx","fashionjobs:PAUSED","fashionjobs","","1","1","https://fr.fashionjobs.com/recrutement/le-coq-sportif.html","CANDIDATE_NOT_CERTIFIED"
"LE GRAMME","LE GRAMME","fr","cmtkdvuqm1rsxnf2b3p3orvdi","","","","","","https://fr.fashionjobs.com/recrutement/le-gramme.html","CANDIDATE_NOT_CERTIFIED"
"LE GRAND COMPTOIR","LE GRAND COMPTOIR","fr","cmtkdvv9q1s06nf2b6dka7ceg","","","","","","https://fr.fashionjobs.com/recrutement/le-grand-comptoir.html","CANDIDATE_NOT_CERTIFIED"
"LE GUILLOU HABILLEUR","LE GUILLOU HABILLEUR","fr","cmtkdvx661sl4nf2bqq3m1mv6","","","","","","https://fr.fashionjobs.com/recrutement/le-guillou-habilleur.html","CANDIDATE_NOT_CERTIFIED"
"LE JARDIN PARFUME","LE JARDIN PARFUMÉ","fr","cmtkdw2r81u8jnf2boai2m5yp","","","","","","https://fr.fashionjobs.com/recrutement/le-jardin-parfume.html","CANDIDATE_NOT_CERTIFIED"
"LE KASHA","LE KASHA","fr","cmtkdvxnf1sr4nf2bkg6rdktd","","","","","","https://fr.fashionjobs.com/recrutement/le-kasha.html","CANDIDATE_NOT_CERTIFIED"
"LE LABO","LE LABO","au | ca | gr | hk | mx | nl | nz | pt | us","cmtm9jh3y1uq0pv5j8iia3oel","estee-lauder-companies:ACTIVE","eightfold","https://elcompanies.eightfold.ai","51","0","https://au.fashionjobs.com/careers/le-labo.html | https://ca.fashionjobs.com/careers/le-labo.html | https://gr.fashionjobs.com/careers/le-labo.html | https://hk.fashionjobs.com/careers/le-labo.html | https://mx.fashionjobs.com/careers-empleo/le-labo.html | https://nl.fashionjobs.com/vacatures-careers/le-labo.html | https://nz.fashionjobs.com/careers/le-labo.html | https://pt.fashionjobs.com/recrutamento-careers/le-labo.html | https://us.fashionjobs.com/careers/le-labo.html","CANDIDATE_NOT_CERTIFIED"
"LE PALAIS DES THES","LE PALAIS DES THÉS","fr","cmtkdvxbf1sn6nf2b5o6qvo6c","","","","","","https://fr.fashionjobs.com/recrutement/le-palais-des-thes.html","CANDIDATE_NOT_CERTIFIED"
"LE TANNEUR AND CIE","LE TANNEUR & CIE","be | fr","cmtkdvy1j1svxnf2bhwmol39o","fashionjobs:PAUSED","fashionjobs","","3","3","https://be.fashionjobs.com/recrutement/le-tanneur-cie.html | https://fr.fashionjobs.com/recrutement/le-tanneur-cie.html","CANDIDATE_NOT_CERTIFIED"
"LEA DAMIANO COUTURE","LEA DAMIANO COUTURE","it","","","","","","","https://it.fashionjobs.com/lavora-con-noi/lea-damiano-couture.html","CANDIDATE_NOT_CERTIFIED"
"LEAWALD","LEAWALD","fr","","","","","","","https://fr.fashionjobs.com/recrutement/leawald.html","CANDIDATE_NOT_CERTIFIED"
"LEBLON DELIENNE","LEBLON DELIENNE","fr","","","","","","","https://fr.fashionjobs.com/recrutement/leblon-delienne.html","CANDIDATE_NOT_CERTIFIED"
"LEE","LEE","ca | ch | cn | de | mx | pl | us","","","","","","","https://ca.fashionjobs.com/careers/lee.html | https://ch.fashionjobs.com/recrutement/lee.html | https://cn.fashionjobs.com/%E6%8B%9B%E8%81%98/lee.html | https://de.fashionjobs.com/karriere-arbeitspl%C3%A4tze/lee.html | https://mx.fashionjobs.com/careers-empleo/lee.html | https://pl.fashionjobs.com/en-pl/careers/lee.html | https://us.fashionjobs.com/careers/lee.html","CANDIDATE_NOT_CERTIFIED"
"LEFTIES","LEFTIES","mx | pt | ro | uk","cmtpkx0ca59qgpf5lohfivgwj","fashionjobs:PAUSED","fashionjobs","","2","2","https://mx.fashionjobs.com/careers-empleo/lefties.html | https://pt.fashionjobs.com/recrutamento-careers/lefties.html | https://ro.fashionjobs.com/careers/lefties.html | https://uk.fashionjobs.com/careers/lefties.html","CANDIDATE_NOT_CERTIFIED"
"LEFTY","LEFTY","fr","","","","","","","https://fr.fashionjobs.com/recrutement/lefty.html","CANDIDATE_NOT_CERTIFIED"
"LEHERPEUR PARIS","LEHERPEUR PARIS","fr","cmtkdvvhq1s3knf2bdpobkcn2","","","","","","https://fr.fashionjobs.com/recrutement/leherpeur-paris.html","CANDIDATE_NOT_CERTIFIED"
"LEICA CAMERA","LEICA CAMERA","fr","cmtkdw25a1u0ynf2b6w2tsp6l","","","","","","https://fr.fashionjobs.com/recrutement/leica-camera.html","CANDIDATE_NOT_CERTIFIED"
"LELIEVRE PARIS","LELIÈVRE PARIS","fr","","","","","","","https://fr.fashionjobs.com/recrutement/lelievre-paris.html","CANDIDATE_NOT_CERTIFIED"
"LEMAIRE","LEMAIRE","fr","cmtkdvvtj1s7lnf2bo95yg5p5","fashionjobs:PAUSED","fashionjobs","","1","1","https://fr.fashionjobs.com/recrutement/lemaire.html","CANDIDATE_NOT_CERTIFIED"
"LEND THE LABEL","LEND THE LABEL","es","","","","","","","https://es.fashionjobs.com/careers-empleo/lend-the-label.html","CANDIDATE_NOT_CERTIFIED"
"LES DUNES","LES DUNES","fr","cmtkdvvtr1s7pnf2b0y72id81","","","","","","https://fr.fashionjobs.com/recrutement/les-dunes.html","CANDIDATE_NOT_CERTIFIED"
"LES NEREIDES","LES NÉRÉIDES","fr","cmtkdvwjm1sfknf2bpifugue0","","","","","","https://fr.fashionjobs.com/recrutement/les-nereides.html","CANDIDATE_NOT_CERTIFIED"
"LES POSSIBLES","LES POSSIBLES","fr","cmtkdw24s1u0qnf2bvirz8v1y","","","","","","https://fr.fashionjobs.com/recrutement/les-possibles.html","CANDIDATE_NOT_CERTIFIED"
"LESAGE PARIS","LESAGE PARIS","fr","cmtkdvzfu1t7snf2bayrckjm0","fashionjobs:PAUSED","fashionjobs","","1","1","https://fr.fashionjobs.com/recrutement/lesage-paris.html","CANDIDATE_NOT_CERTIFIED"
"LEVI S","LEVI'S","at | au | be | br | ca | cz | de | dk | es | fr | hu | id | ie | in | kr | mx | nl | ph | pl | pt | ro | se | sg | th | tr | uk | us | za","cmtn7s1lr1rosqq5liqmue7z6","levis:ACTIVE","workday","https://levistraussandco.wd5.myworkdayjobs.com","1321","34","https://at.fashionjobs.com/karriere-arbeitspl%C3%A4tze/levi-s.html | https://au.fashionjobs.com/careers/levi-s.html | https://be.fashionjobs.com/recrutement/levi-s.html | https://br.fashionjobs.com/recrutamento-careers/levi-s.html | https://ca.fashionjobs.com/careers/levi-s.html | https://cz.fashionjobs.com/karriere-arbeitspl%C3%A4tze/levi-s.html | https://de.fashionjobs.com/karriere-arbeitspl%C3%A4tze/levi-s.html | https://dk.fashionjobs.com/careers/levi-s.html | https://es.fashionjobs.com/careers-empleo/levi-s.html | https://fr.fashionjobs.com/recrutement/levi-s.html | https://hu.fashionjobs.com/careers/levi-s.html | https://id.fashionjobs.com/careers/levi-s.html | https://ie.fashionjobs.com/careers/levi-s.html | https://in.fashionjobs.com/careers/levi-s.html | https://kr.fashionjobs.com/careers/levi-s.html | https://mx.fashionjobs.com/careers-empleo/levi-s.html | https://nl.fashionjobs.com/vacatures-careers/levi-s.html | https://ph.fashionjobs.com/careers/levi-s.html | https://pl.fashionjobs.com/en-pl/careers/levi-s.html | https://pt.fashionjobs.com/recrutamento-careers/levi-s.html | https://ro.fashionjobs.com/careers/levi-s.html | https://se.fashionjobs.com/careers/levi-s.html | https://sg.fashionjobs.com/careers/levi-s.html | https://th.fashionjobs.com/careers/levi-s.html | https://tr.fashionjobs.com/i%C5%9Fe-al%C4%B1m/levi-s.html | https://uk.fashionjobs.com/careers/levi-s.html | https://us.fashionjobs.com/careers/levi-s.html | https://za.fashionjobs.com/careers/levi-s.html","CANDIDATE_NOT_CERTIFIED"
"LEVI S TIMBERLAND","LEVI'S / TIMBERLAND","fr","cmtkdvuqx1rt1nf2buov0ybrg","","","","","","https://fr.fashionjobs.com/recrutement/levi-s-timberland.html","CANDIDATE_NOT_CERTIFIED"
"LFP EMPLOI MODE","LFP EMPLOI MODE","fr","cmtkdw0ny1tkynf2bzqvvh2d1","fashionjobs:PAUSED","fashionjobs","","4","4","https://fr.fashionjobs.com/recrutement/lfp-emploi-mode.html","CANDIDATE_NOT_CERTIFIED"
"LIBEROWE","LIBEROWE","uk","","","","","","","https://uk.fashionjobs.com/careers/liberowe.html","CANDIDATE_NOT_CERTIFIED"
"LIBERTY S MAGAZINE","LIBERTY'S MAGAZINE","fr","cmtoq4zda2zy7qq4zedf2gprm","","","","","","https://fr.fashionjobs.com/recrutement/liberty-s-magazine.html","CANDIDATE_NOT_CERTIFIED"
"LIBERTY WOMAN","LIBERTY WOMAN","at | de","","","","","","","https://at.fashionjobs.com/karriere-arbeitspl%C3%A4tze/liberty-woman.html | https://de.fashionjobs.com/karriere-arbeitspl%C3%A4tze/liberty-woman.html","CANDIDATE_NOT_CERTIFIED"
"LIEBESKIND BERLIN","LIEBESKIND BERLIN","at | de","","","","","","","https://at.fashionjobs.com/karriere-arbeitspl%C3%A4tze/liebeskind-berlin.html | https://de.fashionjobs.com/karriere-arbeitspl%C3%A4tze/liebeskind-berlin.html","CANDIDATE_NOT_CERTIFIED"
"LIL ATELIER","LIL'ATELIER","dk","","","","","","","https://dk.fashionjobs.com/careers/lil-atelier.html","CANDIDATE_NOT_CERTIFIED"
"LILLY PULITZER","LILLY PULITZER","us","","","","","","","https://us.fashionjobs.com/careers/lilly-pulitzer.html","CANDIDATE_NOT_CERTIFIED"
"LIMBELA STUDIO","LIMBELA STUDIO","es","","","","","","","https://es.fashionjobs.com/careers-empleo/limbela-studio.html","CANDIDATE_NOT_CERTIFIED"
"LINVOSGES","LINVOSGES","fr","","","","","","","https://fr.fashionjobs.com/recrutement/linvosges.html","CANDIDATE_NOT_CERTIFIED"
"LIPAULT GROUP SAMSONITE","LIPAULT (GROUP SAMSONITE)","fr","","","","","","","https://fr.fashionjobs.com/recrutement/lipault.html","CANDIDATE_NOT_CERTIFIED"
"LITTLE WANDER","LITTLE WANDER","fr","cmtkdvvgl1s34nf2bpa395iqy","","","","","","https://fr.fashionjobs.com/recrutement/little-wander.html","CANDIDATE_NOT_CERTIFIED"
"LIU JO SPA","LIU JO SPA","it","","","","","","","https://it.fashionjobs.com/lavora-con-noi/liu-jo-spa.html","CANDIDATE_NOT_CERTIFIED"
"LIU JO UOMO","LIU JO UOMO","it","","","","","","","https://it.fashionjobs.com/lavora-con-noi/liu-jo-uomo.html","CANDIDATE_NOT_CERTIFIED"
"LIVY","LIVY","es | fr | it","cmtkdw2bs1u3jnf2bcaxbjlnn","","","","","","https://es.fashionjobs.com/careers-empleo/livy.html | https://fr.fashionjobs.com/recrutement/livy.html | https://it.fashionjobs.com/lavora-con-noi/livy.html","CANDIDATE_NOT_CERTIFIED"
"LM LULU","LM LULU","fr","cmtkdvur21rt5nf2baqoyw9yb","","","","","","https://fr.fashionjobs.com/recrutement/lm-lulu.html","CANDIDATE_NOT_CERTIFIED"
"LO NEEL","LO NEEL","fr","cmtkdw3fr1uh6nf2b8bn3r5lg","","","","","","https://fr.fashionjobs.com/recrutement/lo-neel.html","CANDIDATE_NOT_CERTIFIED"
"LOEWE","LOEWE","ae | cn | de | jp | sa | sg | uk | us","cmtk48g5s1conny2bv651ayg7","lvmh:ACTIVE","lvmh_algolia","","61","0","https://ae.fashionjobs.com/careers/loewe.html | https://cn.fashionjobs.com/%E6%8B%9B%E8%81%98/loewe.html | https://de.fashionjobs.com/karriere-arbeitspl%C3%A4tze/loewe.html | https://jp.fashionjobs.com/%E3%83%AA%E3%82%AF%E3%83%AB%E3%83%BC%E3%83%88/loewe.html | https://sa.fashionjobs.com/careers/loewe.html | https://sg.fashionjobs.com/careers/loewe.html | https://uk.fashionjobs.com/careers/loewe.html | https://us.fashionjobs.com/careers/loewe.html","CANDIDATE_NOT_CERTIFIED"
"LOFT","LOFT","us","cmtlyme0p0em2qf5k3jw9prng","loft:ACTIVE","teamtailor","https://loft.teamtailor.com","62","0","https://us.fashionjobs.com/careers/loft.html","CANDIDATE_NOT_CERTIFIED"
"LOFT OUTLET","LOFT OUTLET","us","","","","","","","https://us.fashionjobs.com/careers/loft-outlet.html","CANDIDATE_NOT_CERTIFIED"
"LOLA CASADEMUNT","LOLA CASADEMUNT","pt","","","","","","","https://pt.fashionjobs.com/recrutamento-careers/lola-casademunt.html","CANDIDATE_NOT_CERTIFIED"
"LOLA CRUZ","LOLA CRUZ","es","","","","","","","https://es.fashionjobs.com/careers-empleo/lola-cruz.html","CANDIDATE_NOT_CERTIFIED"
"LOLALIZA","LOLALIZA","be","","","","","","","https://be.fashionjobs.com/recrutement/lolaliza.html","CANDIDATE_NOT_CERTIFIED"
"LONGCHAMP","LONGCHAMP","fr","cmtkdvuvo1rv2nf2bol2swzih","longchamp:ACTIVE","talentsoft","https://longchamp-career.talent-soft.com","26","18","https://fr.fashionjobs.com/recrutement/longchamp.html","CANDIDATE_NOT_CERTIFIED"
"LONGCHAMP SL","LONGCHAMP SL","es","cmtkdvuvo1rv2nf2bol2swzih","longchamp:ACTIVE","talentsoft","https://longchamp-career.talent-soft.com","26","18","https://es.fashionjobs.com/careers-empleo/longchamp-sl.html","CANDIDATE_NOT_CERTIFIED"
"LORNA JANE","LORNA JANE","au","","","","","","","https://au.fashionjobs.com/careers/lorna-jane.html","CANDIDATE_NOT_CERTIFIED"
"LORO PIANA","LORO PIANA","ae | au | br | ca | ch | de | hk | jp | kr | uk | us","cmtk48g3r1cnrny2bd0sjfisq","lvmh:ACTIVE | fashionjobs:PAUSED","lvmh_algolia | fashionjobs","","101","4","https://ae.fashionjobs.com/careers/loro-piana.html | https://au.fashionjobs.com/careers/loro-piana.html | https://br.fashionjobs.com/recrutamento-careers/loro-piana.html | https://ca.fashionjobs.com/careers/loro-piana.html | https://ch.fashionjobs.com/recrutement/loro-piana.html | https://de.fashionjobs.com/karriere-arbeitspl%C3%A4tze/loro-piana.html | https://hk.fashionjobs.com/careers/loro-piana.html | https://jp.fashionjobs.com/%E3%83%AA%E3%82%AF%E3%83%AB%E3%83%BC%E3%83%88/loro-piana.html | https://kr.fashionjobs.com/careers/loro-piana.html | https://uk.fashionjobs.com/careers/loro-piana.html | https://us.fashionjobs.com/careers/loro-piana.html","CANDIDATE_NOT_CERTIFIED"
"LOUIS PION","LOUIS PION","fr","","","","","","","https://fr.fashionjobs.com/recrutement/louis-pion.html","CANDIDATE_NOT_CERTIFIED"
"LOUIS VUITTON","LOUIS VUITTON","ae | at | au | be | ca | ch | cn | de | dk | fi | hk | id | in | jp | kr | lu | mx | nl | no | nz | pl | sa | sg | th | tr | tw | uk | us | za","cmtk48ee91bx9ny2bt1bil52u","lvmh:ACTIVE | fashionjobs:PAUSED","lvmh_algolia | fashionjobs","","616","120","https://ae.fashionjobs.com/careers/louis-vuitton.html | https://at.fashionjobs.com/karriere-arbeitspl%C3%A4tze/louis-vuitton.html | https://au.fashionjobs.com/careers/louis-vuitton.html | https://be.fashionjobs.com/recrutement/louis-vuitton.html | https://ca.fashionjobs.com/careers/louis-vuitton.html | https://ch.fashionjobs.com/recrutement/louis-vuitton.html | https://cn.fashionjobs.com/%E6%8B%9B%E8%81%98/louis-vuitton.html | https://de.fashionjobs.com/karriere-arbeitspl%C3%A4tze/louis-vuitton.html | https://dk.fashionjobs.com/careers/louis-vuitton.html | https://fi.fashionjobs.com/careers/louis-vuitton.html | https://hk.fashionjobs.com/careers/louis-vuitton.html | https://id.fashionjobs.com/careers/louis-vuitton.html | https://in.fashionjobs.com/careers/louis-vuitton.html | https://jp.fashionjobs.com/%E3%83%AA%E3%82%AF%E3%83%AB%E3%83%BC%E3%83%88/louis-vuitton.html | https://kr.fashionjobs.com/careers/louis-vuitton.html | https://lu.fashionjobs.com/recrutement/louis-vuitton.html | https://mx.fashionjobs.com/careers-empleo/louis-vuitton.html | https://nl.fashionjobs.com/vacatures-careers/louis-vuitton.html | https://no.fashionjobs.com/careers/louis-vuitton.html | https://nz.fashionjobs.com/careers/louis-vuitton.html | https://pl.fashionjobs.com/en-pl/careers/louis-vuitton.html | https://sa.fashionjobs.com/careers/louis-vuitton.html | https://sg.fashionjobs.com/careers/louis-vuitton.html | https://th.fashionjobs.com/careers/louis-vuitton.html | https://tr.fashionjobs.com/i%C5%9Fe-al%C4%B1m/louis-vuitton.html | https://tw.fashionjobs.com/careers/louis-vuitton.html | https://uk.fashionjobs.com/careers/louis-vuitton.html | https://us.fashionjobs.com/careers/louis-vuitton.html | https://za.fashionjobs.com/careers/louis-vuitton.html","CANDIDATE_NOT_CERTIFIED"
"LOUISE DAMAS","LOUISE DAMAS","fr","","","","","","","https://fr.fashionjobs.com/recrutement/louise-damas.html","CANDIDATE_NOT_CERTIFIED"
"LOUISE MISHA","LOUISE MISHA","fr","cmtlyez4l008oqf5kvnv9cl9o","louise-misha:RETIRED | wttj-sector:ACTIVE","wttj | wttj-sector","","2","2","https://fr.fashionjobs.com/recrutement/louise-misha.html","CANDIDATE_NOT_CERTIFIED"
"LOUISEJACQUELINE","LOUISEJACQUELINE","fr","cmtkdvvjp1s48nf2bkz09squc","","","","","","https://fr.fashionjobs.com/recrutement/louisejacqueline.html","CANDIDATE_NOT_CERTIFIED"
"LOULOU DE SAISON","LOULOU DE SAISON","fr","cmtkdvwer1sdpnf2b2a2sd4tx","","","","","","https://fr.fashionjobs.com/recrutement/loulou-de-saison.html","CANDIDATE_NOT_CERTIFIED"
"LOUNGE","LOUNGE","de | uk","cmtlygx3r02mxqf5kj3i91cne","lounge:ACTIVE","teamtailor","https://careers.lounge.com","15","0","https://de.fashionjobs.com/karriere-arbeitspl%C3%A4tze/lounge.html | https://uk.fashionjobs.com/careers/lounge.html","CANDIDATE_NOT_CERTIFIED"
"LOUVINI","LOUVINI","fr","","","","","","","https://fr.fashionjobs.com/recrutement/louvini.html","CANDIDATE_NOT_CERTIFIED"
"LOVE IS IN THE AIR","LOVE IS IN THE AIR","es","","","","","","","https://es.fashionjobs.com/careers-empleo/love-is-in-the-air.html","CANDIDATE_NOT_CERTIFIED"
"LOVISA","LOVISA","at | de | nl | pl","cmtm8p93s1j2hpv5jnxbp934v","lovisa:ACTIVE","teamtailor","https://careers.lovisa.com","841","87","https://at.fashionjobs.com/karriere-arbeitspl%C3%A4tze/lovisa.html | https://de.fashionjobs.com/karriere-arbeitspl%C3%A4tze/lovisa.html | https://nl.fashionjobs.com/vacatures-careers/lovisa.html | https://pl.fashionjobs.com/en-pl/careers/lovisa.html","CANDIDATE_NOT_CERTIFIED"
"LPP RESERVED","LPP RESERVED","de","","","","","","","https://de.fashionjobs.com/karriere-arbeitspl%C3%A4tze/lpp-reserved.html","CANDIDATE_NOT_CERTIFIED"
"LTD INTERNATIONAL","LTD INTERNATIONAL","fr","cmtkdvvnl1s56nf2b4wguve1b | cmtrup1pw4mnupg5mp5zf8mds","fashionjobs:PAUSED","fashionjobs","","","","https://fr.fashionjobs.com/recrutement/ltd-international.html","CANDIDATE_NOT_CERTIFIED"
"LUCASHEVA","LUCASHEVA","fr","","","","","","","https://fr.fashionjobs.com/recrutement/lucasheva.html","CANDIDATE_NOT_CERTIFIED"
"LUCHEN","LUCHEN","fr","","","","","","","https://fr.fashionjobs.com/recrutement/luchen.html","CANDIDATE_NOT_CERTIFIED"
"LUDOVIC DE SAINT SERNIN","LUDOVIC DE SAINT SERNIN","fr","cmtkdw3la1uixnf2bpd480sai","","","","","","https://fr.fashionjobs.com/recrutement/ludovic-de-saint-sernin.html","CANDIDATE_NOT_CERTIFIED"
"LUDOVIC WINTERSTAN","LUDOVIC WINTERSTAN","fr","cmtoq4zcm2zxzqq4zh30kfu3u","","","","","","https://fr.fashionjobs.com/recrutement/ludovic-winterstan.html","CANDIDATE_NOT_CERTIFIED"
"LUIS TRENKER","LUIS TRENKER","at","","","","","","","https://at.fashionjobs.com/karriere-arbeitspl%C3%A4tze/luis-trenker.html","CANDIDATE_NOT_CERTIFIED"
"LULLI SUR LA TOILE","LULLI SUR LA TOILE","fr","","","","","","","https://fr.fashionjobs.com/recrutement/lulli-sur-la-toile.html","CANDIDATE_NOT_CERTIFIED"
"LULULEMON","LULULEMON","au | ca | ch | de | hk | ie | jp | kr | mx | nl | no | nz | se | sg | th | tw | uk | us","","","","","","","https://au.fashionjobs.com/careers/lululemon.html | https://ca.fashionjobs.com/careers/lululemon.html | https://ch.fashionjobs.com/recrutement/lululemon.html | https://de.fashionjobs.com/karriere-arbeitspl%C3%A4tze/lululemon.html | https://hk.fashionjobs.com/careers/lululemon.html | https://ie.fashionjobs.com/careers/lululemon.html | https://jp.fashionjobs.com/%E3%83%AA%E3%82%AF%E3%83%AB%E3%83%BC%E3%83%88/lululemon.html | https://kr.fashionjobs.com/careers/lululemon.html | https://mx.fashionjobs.com/careers-empleo/lululemon.html | https://nl.fashionjobs.com/vacatures-careers/lululemon.html | https://no.fashionjobs.com/careers/lululemon.html | https://nz.fashionjobs.com/careers/lululemon.html | https://se.fashionjobs.com/careers/lululemon.html | https://sg.fashionjobs.com/careers/lululemon.html | https://th.fashionjobs.com/careers/lululemon.html | https://tw.fashionjobs.com/careers/lululemon.html | https://uk.fashionjobs.com/careers/lululemon.html | https://us.fashionjobs.com/careers/lululemon.html","CANDIDATE_NOT_CERTIFIED"
"LUMAS","LUMAS","de","","","","","","","https://de.fashionjobs.com/karriere-arbeitspl%C3%A4tze/lumas.html","CANDIDATE_NOT_CERTIFIED"
"LUMYA STUDIO","LUMYA STUDIO","fr","cmtkdvy8m1syinf2bzhu09kjb","fashionjobs:PAUSED","fashionjobs","","2","2","https://fr.fashionjobs.com/recrutement/lumya-studio.html","CANDIDATE_NOT_CERTIFIED"
"LUNAS","LUNAS FRANCE","fr","cmtkdvzq11tavnf2bkvbw63up","fashionjobs:PAUSED","fashionjobs","","1","1","https://fr.fashionjobs.com/recrutement/lunas-france.html","CANDIDATE_NOT_CERTIFIED"
"LUSH","LUSH","au | uk","cmtp2e9ep0s5oqq4zb3sg9k9a","wttj-sector:ACTIVE | lush:ACTIVE","wttj-sector | greenhouse","","194","10","https://au.fashionjobs.com/careers/lush.html | https://uk.fashionjobs.com/careers/lush.html","CANDIDATE_NOT_CERTIFIED"
"LUXEXPERIENCE","LUXEXPERIENCE","de | hk | uk","cmtpiwqt90c84pf5lmyf2ej5r","luxexperience:ACTIVE","generic-listing","https://career.luxexperience.com/open-positions","54","0","https://de.fashionjobs.com/karriere-arbeitspl%C3%A4tze/luxexperience.html | https://hk.fashionjobs.com/careers/luxexperience.html | https://uk.fashionjobs.com/careers/luxexperience.html","CANDIDATE_NOT_CERTIFIED"
"LUXSPACE PARIS","LUXSPACE PARIS","fr","","","","","","","https://fr.fashionjobs.com/recrutement/luxspace-paris.html","CANDIDATE_NOT_CERTIFIED"
"LUXURY OF RETAIL","LUXURY OF RETAIL","fr","","","","","","","https://fr.fashionjobs.com/recrutement/luxury-of-retail.html","CANDIDATE_NOT_CERTIFIED"
"LVMH","LVMH","au | cn | hk | jp | us","cmtk48edz1bx5ny2bwve7xek3","lvmh:ACTIVE","lvmh_algolia","","71","45","https://au.fashionjobs.com/careers/lvmh.html | https://cn.fashionjobs.com/%E6%8B%9B%E8%81%98/lvmh.html | https://hk.fashionjobs.com/careers/lvmh.html | https://jp.fashionjobs.com/%E3%83%AA%E3%82%AF%E3%83%AB%E3%83%BC%E3%83%88/lvmh.html | https://us.fashionjobs.com/careers/lvmh.html","CANDIDATE_NOT_CERTIFIED"
"LVMH FRAGRANCE BRANDS","LVMH FRAGRANCE BRANDS","be | de | mx | uk | us","cmtrta68w39ukpg5mze4sqp6m","lvmh:ACTIVE | fashionjobs:PAUSED","lvmh_algolia | fashionjobs","","51","30","https://be.fashionjobs.com/recrutement/lvmh-fragrance-brands.html | https://de.fashionjobs.com/karriere-arbeitspl%C3%A4tze/lvmh-fragrance-brands.html | https://mx.fashionjobs.com/careers-empleo/lvmh-fragrance-brands.html | https://uk.fashionjobs.com/careers/lvmh-fragrance-brands.html | https://us.fashionjobs.com/careers/lvmh-fragrance-brands.html","CANDIDATE_NOT_CERTIFIED"
"M R AGENCY","M.R. AGENCY","fr","cmtkdvupt1rslnf2biqz49iwm","","","","","","https://fr.fashionjobs.com/recrutement/m-r-agency.html","CANDIDATE_NOT_CERTIFIED"
"MAC","MAC","ar | au | be | br | ca | cl | co | cz | es | hu | ie | il | mx | nl | no | nz | pl | ro | se | sg | tr | tw | us | vn | za","cmtm9jh7l1uqopv5jskt56qzo","estee-lauder-companies:ACTIVE","eightfold","https://elcompanies.eightfold.ai","359","8","https://ar.fashionjobs.com/careers-empleo/mac.html | https://au.fashionjobs.com/careers/mac.html | https://be.fashionjobs.com/recrutement/mac.html | https://br.fashionjobs.com/recrutamento-careers/mac.html | https://ca.fashionjobs.com/careers/mac.html | https://cl.fashionjobs.com/careers-empleo/mac.html | https://co.fashionjobs.com/careers-empleo/mac.html | https://cz.fashionjobs.com/karriere-arbeitspl%C3%A4tze/mac.html | https://es.fashionjobs.com/careers-empleo/estee-lauder-companies-s-a.html | https://hu.fashionjobs.com/careers/mac.html | https://ie.fashionjobs.com/careers/mac.html | https://il.fashionjobs.com/careers/mac.html | https://mx.fashionjobs.com/careers-empleo/mac.html | https://nl.fashionjobs.com/vacatures-careers/mac.html | https://no.fashionjobs.com/careers/mac.html | https://nz.fashionjobs.com/careers/mac.html | https://pl.fashionjobs.com/en-pl/careers/mac.html | https://ro.fashionjobs.com/careers/mac.html | https://se.fashionjobs.com/careers/mac.html | https://sg.fashionjobs.com/careers/mac.html | https://tr.fashionjobs.com/i%C5%9Fe-al%C4%B1m/mac.html | https://tw.fashionjobs.com/careers/mac.html | https://us.fashionjobs.com/careers/mac.html | https://vn.fashionjobs.com/careers/mac.html | https://za.fashionjobs.com/careers/mac.html","CANDIDATE_NOT_CERTIFIED"
"MACABLA","MACABLA","es","","","","","","","https://es.fashionjobs.com/careers-empleo/macabla.html","CANDIDATE_NOT_CERTIFIED"
"MACY S","MACY'S","us","","","","","","","https://us.fashionjobs.com/careers/macy-s.html","CANDIDATE_NOT_CERTIFIED"
"MADAME URBANA","MADAME URBANA","it","","","","","","","https://it.fashionjobs.com/lavora-con-noi/madame-urbana.html","CANDIDATE_NOT_CERTIFIED"
"MADEWELL","MADEWELL","us","","madewell:ACTIVE","workday","https://jcrew.wd1.myworkdayjobs.com","","","https://us.fashionjobs.com/careers/madewell.html","CANDIDATE_NOT_CERTIFIED"
"MAESE PLACE","MAESE PLACE","es","","","","","","","https://es.fashionjobs.com/careers-empleo/maese-place.html","CANDIDATE_NOT_CERTIFIED"
"MAESTRO KNITTING","MAESTRO KNITTING","cn","","","","","","","https://cn.fashionjobs.com/%E6%8B%9B%E8%81%98/maestro-knitting.html","CANDIDATE_NOT_CERTIFIED"
"MAESTRO KNITTING GROUP","MAESTRO KNITTING GROUP","fr","","","","","","","https://fr.fashionjobs.com/recrutement/maestro-knitting-group.html","CANDIDATE_NOT_CERTIFIED"
"MAGLIERIA TINA DAL 1962","MAGLIERIA TINA DAL 1962","it","","","","","","","https://it.fashionjobs.com/lavora-con-noi/maglieria-tina-dal-1962.html","CANDIDATE_NOT_CERTIFIED"
"MAHO","MAHO","fr","cmtkdw42y1uo0nf2be07677q4","","","","","","https://fr.fashionjobs.com/recrutement/maho.html","CANDIDATE_NOT_CERTIFIED"
"MAIER","MAIER","fr","cmtnac0wi2sd3qq5l5b8hevds","","","","","","https://fr.fashionjobs.com/recrutement/maier.html","CANDIDATE_NOT_CERTIFIED"
"MAILLE CREATION","MAILLE CREATION","fr","cmtkdvueu1rnrnf2bbkz1lgzd","","","","","","https://fr.fashionjobs.com/recrutement/maille-creation.html","CANDIDATE_NOT_CERTIFIED"
"MAISON 1 2 3","MAISON 1-2-3","fr","","","","","","","https://fr.fashionjobs.com/recrutement/maison-1-2-3.html","CANDIDATE_NOT_CERTIFIED"
"MAISON 123","MAISON 123","be | ch | de | es | fr | uk","cmtk1xyja02asnv2b2cq1izbi","maison-123:ACTIVE","teamtailor","https://career.maison123.com","59","40","https://be.fashionjobs.com/recrutement/maison-123.html | https://ch.fashionjobs.com/recrutement/maison-123.html | https://de.fashionjobs.com/karriere-arbeitspl%C3%A4tze/maison-1-2-3.html | https://es.fashionjobs.com/careers-empleo/maison-123.html | https://fr.fashionjobs.com/recrutement/maison-123.html | https://uk.fashionjobs.com/careers/maison-123.html","CANDIDATE_NOT_CERTIFIED"
"MAISON 77","MAISON 77","es","","","","","","","https://es.fashionjobs.com/careers-empleo/maison-77.html","CANDIDATE_NOT_CERTIFIED"
"MAISON ANDI","MAISON ANDI","fr","cmtkdvvis1s3wnf2b7wk22ppu","","","","","","https://fr.fashionjobs.com/recrutement/maison-andi.html","CANDIDATE_NOT_CERTIFIED"
"MAISON AYAKA","MAISON AYAKA","fr","cmtlq3u6a1lwhpg2b8sg7z76z","","","","","","https://fr.fashionjobs.com/recrutement/maison-ayaka.html","CANDIDATE_NOT_CERTIFIED"
"MAISON BM","MAISON BM","fr","cmtkdvy7s1syanf2be6gcepur","fashionjobs:PAUSED","fashionjobs","","1","1","https://fr.fashionjobs.com/recrutement/maison-bm.html","CANDIDATE_NOT_CERTIFIED"
"MAISON COCO","MAISON COCO","es","","","","","","","https://es.fashionjobs.com/careers-empleo/maison-coco.html","CANDIDATE_NOT_CERTIFIED"
"MAISON CRIVELLI","MAISON CRIVELLI","fr | uk","","","","","","","https://fr.fashionjobs.com/recrutement/maison-crivelli.html | https://uk.fashionjobs.com/careers/maison-crivelli.html","CANDIDATE_NOT_CERTIFIED"
"MAISON EUDONIE","MAISON EUDONIE","fr","","","","","","","https://fr.fashionjobs.com/recrutement/maison-eudonie.html","CANDIDATE_NOT_CERTIFIED"
"MAISON FRANCIS KURKDJIAN","MAISON FRANCIS KURKDJIAN","fr","cmtk48fxt1clbny2bmdwyoihy","lvmh:ACTIVE","lvmh_algolia","","32","30","https://fr.fashionjobs.com/recrutement/maison-francis-kurkdjian.html","CANDIDATE_NOT_CERTIFIED"
"MAISON GUILLEMETTE","MAISON GUILLEMETTE","fr","cmtkdvuu31ruhnf2bb1jd74oo","","","","","","https://fr.fashionjobs.com/recrutement/maison-guillemette.html","CANDIDATE_NOT_CERTIFIED"
"MAISON KITSUNE","MAISON KITSUNÉ","fr","cmtk1x0yj005anv2bh3cj5lcq","maison-kitsune:RETIRED | wttj-sector:ACTIVE | fashionjobs:PAUSED","wttj | wttj-sector | fashionjobs","","9","9","https://fr.fashionjobs.com/recrutement/maison-kitsune.html","CANDIDATE_NOT_CERTIFIED"
"MAISON LABICHE","MAISON LABICHE","fr","cmtkdvvfq1s2snf2boj2j1pt2","","","","","","https://fr.fashionjobs.com/recrutement/maison-labiche.html","CANDIDATE_NOT_CERTIFIED"
"MAISON LEMARIE","MAISON LEMARIÉ","fr","cmtnac1o62skxqq5lhnqhy2b1","","","","","","https://fr.fashionjobs.com/recrutement/maison-lemarie.html","CANDIDATE_NOT_CERTIFIED"
"MAISON LEMOINE","MAISON LEMOINE","fr","cmtkdw2ts1u9fnf2btar9870t","","","","","","https://fr.fashionjobs.com/recrutement/maison-lemoine.html","CANDIDATE_NOT_CERTIFIED"
"MAISON LOUIS PARIS","MAISON LOUIS PARIS","fr","cmtkdw2391u04nf2bmyn0xmwq","","","","","","https://fr.fashionjobs.com/recrutement/maison-louis-paris.html","CANDIDATE_NOT_CERTIFIED"
"MAISON MARGIELA","MAISON MARGIELA","ca | us","cmtk1y3xj02mznv2bpqzs2233","maison-margiela:ACTIVE","successfactors","https://careers.otb.net","107","13","https://ca.fashionjobs.com/careers/maison-margiela.html | https://us.fashionjobs.com/careers/maison-margiela.html","CANDIDATE_NOT_CERTIFIED"
"MAISON MICHEL PARIS","MAISON MICHEL PARIS","fr","","","","","","","https://fr.fashionjobs.com/recrutement/maison-michel-paris.html","CANDIDATE_NOT_CERTIFIED"
"MAISON MONTAGUT","MAISON MONTAGUT","fr","cmtkdvyhn1t1gnf2bfb5inlv1","fashionjobs:PAUSED","fashionjobs","","1","1","https://fr.fashionjobs.com/recrutement/maison-montagut.html","CANDIDATE_NOT_CERTIFIED"
"MAISON NUMERO 20","MAISON NUMERO 20","fr","","","","","","","https://fr.fashionjobs.com/recrutement/maison-numero-20.html","CANDIDATE_NOT_CERTIFIED"
"MAISON PAULLELE","MAISON PAULLELE","fr","","","","","","","https://fr.fashionjobs.com/recrutement/maison-paullele.html","CANDIDATE_NOT_CERTIFIED"
"MAISON SHIRA","MAISON SHIRA","fr","cmtkdw20l1tz9nf2b3oz671po","","","","","","https://fr.fashionjobs.com/recrutement/maison-shira.html","CANDIDATE_NOT_CERTIFIED"
"MAISON STELLA AND SUZIE","MAISON STELLA & SUZIE","fr","cmtkdvzst1tbsnf2bmqej2qf6","","","","","","https://fr.fashionjobs.com/recrutement/maison-stella-suzie.html","CANDIDATE_NOT_CERTIFIED"
"MAISON ZAIED","MAISON ZAIED","fr","","","","","","","https://fr.fashionjobs.com/recrutement/maison-zaied.html","CANDIDATE_NOT_CERTIFIED"
"MAISONS DU MONDE","MAISONS DU MONDE","be | ch | pt","","","","","","","https://be.fashionjobs.com/recrutement/maisons-du-monde.html | https://ch.fashionjobs.com/recrutement/maisons-du-monde.html | https://pt.fashionjobs.com/recrutamento-careers/maisons-du-monde.html","CANDIDATE_NOT_CERTIFIED"
"MAISONZEINA","MAISONZEINA","fr","","","","","","","https://fr.fashionjobs.com/recrutement/maisonzeina.html","CANDIDATE_NOT_CERTIFIED"
"MAJE","MAJE","be | ch | de | es | fr | ie | it | lu | nl | pt | uk","cmtkf06ej0lqap22bicqm90nc","sandro:ACTIVE","smartrecruiters-whitelabel","https://api.smartrecruiters.com/v1/companies/SMCP/postings?limit=100","148","32","https://be.fashionjobs.com/recrutement/maje.html | https://ch.fashionjobs.com/recrutement/maje.html | https://de.fashionjobs.com/karriere-arbeitspl%C3%A4tze/maje.html | https://es.fashionjobs.com/careers-empleo/maje.html | https://fr.fashionjobs.com/recrutement/maje.html | https://ie.fashionjobs.com/careers/maje.html | https://it.fashionjobs.com/lavora-con-noi/maje.html | https://lu.fashionjobs.com/recrutement/maje.html | https://nl.fashionjobs.com/vacatures-careers/maje.html | https://pt.fashionjobs.com/recrutamento-careers/maje.html | https://uk.fashionjobs.com/careers/maje.html","CANDIDATE_NOT_CERTIFIED"
"MAKE UP FOR EVER","MAKE UP FOR EVER","ae | ca | cn | id | jp | kr | sg | us","cmtk48edb1bwxny2bji7mu21b","lvmh:ACTIVE","lvmh_algolia","","22","6","https://ae.fashionjobs.com/careers/make-up-for-ever.html | https://ca.fashionjobs.com/careers/make-up-for-ever.html | https://cn.fashionjobs.com/%E6%8B%9B%E8%81%98/make-up-for-ever.html | https://id.fashionjobs.com/careers/make-up-for-ever.html | https://jp.fashionjobs.com/%E3%83%AA%E3%82%AF%E3%83%AB%E3%83%BC%E3%83%88/make-up-for-ever.html | https://kr.fashionjobs.com/careers/make-up-for-ever.html | https://sg.fashionjobs.com/careers/make-up-for-ever.html | https://us.fashionjobs.com/careers/make-up-for-ever.html","CANDIDATE_NOT_CERTIFIED"
"MALAM","MALAM","fr","","","","","","","https://fr.fashionjobs.com/recrutement/malam.html","CANDIDATE_NOT_CERTIFIED"
"MALFROID SOULIERS","MALFROID SOULIERS","fr","cmtkdvwau1sd2nf2b1w2pj4wb","","","","","","https://fr.fashionjobs.com/recrutement/malfroid-souliers.html","CANDIDATE_NOT_CERTIFIED"
"MALHIA KENT","MALHIA KENT","fr","","","","","","","https://fr.fashionjobs.com/recrutement/malhia-kent.html","CANDIDATE_NOT_CERTIFIED"
"MALIPARMI","MALIPARMI","it","","","","","","","https://it.fashionjobs.com/lavora-con-noi/maliparmi.html","CANDIDATE_NOT_CERTIFIED"
"MAMEN CALDERON TALLER DE COSTURA","MAMEN CALDERÓN TALLER DE COSTURA","es","","","","","","","https://es.fashionjobs.com/careers-empleo/mamen-calderon-taller-de-costura.html","CANDIDATE_NOT_CERTIFIED"
"MAMMUT","MAMMUT","de","","","","","","","https://de.fashionjobs.com/karriere-arbeitspl%C3%A4tze/mammut.html","CANDIDATE_NOT_CERTIFIED"
"MANFIELD","MANFIELD","be | fr | nl","cmtkdvw7c1sbqnf2b0mjbyjjf","","","","","","https://be.fashionjobs.com/recrutement/manfield.html | https://fr.fashionjobs.com/recrutement/manfield.html | https://nl.fashionjobs.com/vacatures-careers/manfield.html","CANDIDATE_NOT_CERTIFIED"
"MANG PRODUCTION","MANG PRODUCTION","fr","cmtkdw04k1tfgnf2b0ya3jxzl","fashionjobs:PAUSED","fashionjobs","","1","1","https://fr.fashionjobs.com/recrutement/mang-production.html","CANDIDATE_NOT_CERTIFIED"
"MANGO","MANGO","at | be | bg | ch | cz | de | dk | gr | hk | hr | hu | ie | kr | lu | nl | no | pl | pt | ro | se | sg | si | sk | tr | ua | uk | us","cmtn89596205lqq5l0deggb1g","mango:ACTIVE | fashionjobs:PAUSED","workday | fashionjobs","https://mango.wd3.myworkdayjobs.com","604","316","https://at.fashionjobs.com/karriere-arbeitspl%C3%A4tze/mango.html | https://be.fashionjobs.com/recrutement/mango.html | https://bg.fashionjobs.com/careers/mango.html | https://ch.fashionjobs.com/recrutement/mango.html | https://cz.fashionjobs.com/karriere-arbeitspl%C3%A4tze/mango.html | https://de.fashionjobs.com/karriere-arbeitspl%C3%A4tze/mango.html | https://dk.fashionjobs.com/careers/mango.html | https://gr.fashionjobs.com/careers/mango.html | https://hk.fashionjobs.com/careers/mango.html | https://hr.fashionjobs.com/careers/mango.html | https://hu.fashionjobs.com/careers/mango.html | https://ie.fashionjobs.com/careers/mango.html | https://kr.fashionjobs.com/careers/mango.html | https://lu.fashionjobs.com/recrutement/mango.html | https://nl.fashionjobs.com/vacatures-careers/mango.html | https://no.fashionjobs.com/careers/mango.html | https://pl.fashionjobs.com/en-pl/careers/mango.html | https://pt.fashionjobs.com/recrutamento-careers/mango.html | https://ro.fashionjobs.com/careers/mango.html | https://se.fashionjobs.com/careers/mango.html | https://sg.fashionjobs.com/careers/mango.html | https://si.fashionjobs.com/careers/mango.html | https://sk.fashionjobs.com/careers/mango.html | https://tr.fashionjobs.com/i%C5%9Fe-al%C4%B1m/mango.html | https://ua.fashionjobs.com/%D0%BF%D0%BE%D0%B4%D0%B1%D0%BE%D1%80-%D0%BF%D0%B5%D1%80%D1%81%D0%BE%D0%BD%D0%B0%D0%BB%D0%B0/mango.html | https://uk.fashionjobs.com/careers/mango.html | https://us.fashionjobs.com/careers/mango.html","CANDIDATE_NOT_CERTIFIED"
"MANOR AG","MANOR AG","ch","","","","","","","https://ch.fashionjobs.com/recrutement/manor-ag.html","CANDIDATE_NOT_CERTIFIED"
"MANPOWER CABINET DE RECRUTEMENT COMMERCE MODE LUXE","MANPOWER CABINET DE RECRUTEMENT COMMERCE MODE LUXE","fr","cmtkdvuso1rttnf2b8qqswto4","fashionjobs:PAUSED","fashionjobs","","4","4","https://fr.fashionjobs.com/recrutement/manpower-cabinet-de-recrutement-commerce-mode-luxe.html","CANDIDATE_NOT_CERTIFIED"
"MANPOWER COUTURE","MANPOWER COUTURE","fr","cmtlq3tz11lubpg2bc7bxlddi","","","","","","https://fr.fashionjobs.com/recrutement/manpower-couture.html","CANDIDATE_NOT_CERTIFIED"
"MANPOWER COUTURE MODE ET LUXE","MANPOWER COUTURE MODE ET LUXE","fr","cmtkdvxic1spmnf2bszodb3wk","fashionjobs:PAUSED","fashionjobs","","7","7","https://fr.fashionjobs.com/recrutement/manpower-couture-mode-et-luxe.html","CANDIDATE_NOT_CERTIFIED"
"MANSANO","MANSANO","fr","cmtkdw1oy1tvxnf2bpmf7iumu","","","","","","https://fr.fashionjobs.com/recrutement/mansano.html","CANDIDATE_NOT_CERTIFIED"
"MARC CAIN","MARC CAIN","be | de","","","","","","","https://be.fashionjobs.com/recrutement/marc-cain.html | https://de.fashionjobs.com/karriere-arbeitspl%C3%A4tze/marc-cain.html","CANDIDATE_NOT_CERTIFIED"
"MARC JACOBS","MARC JACOBS","ca | us","cmtk48o4l1fdzny2b19sg7r4g","lvmh:ACTIVE","lvmh_algolia","","10","1","https://ca.fashionjobs.com/careers/marc-jacobs.html | https://us.fashionjobs.com/careers/marc-jacobs.html","CANDIDATE_NOT_CERTIFIED"
"MARC O POLO","MARC O'POLO","at | ch | de | es | nl | pl","cmtlyhuzx03y3qf5kd8pwex6t","marc-o-polo:ACTIVE","generic-listing","https://company.marc-o-polo.com/en/career","40","0","https://at.fashionjobs.com/karriere-arbeitspl%C3%A4tze/marc-o-polo.html | https://ch.fashionjobs.com/recrutement/marc-o-polo.html | https://de.fashionjobs.com/karriere-arbeitspl%C3%A4tze/marc-o-polo.html | https://es.fashionjobs.com/careers-empleo/marc-o-polo.html | https://nl.fashionjobs.com/vacatures-careers/marc-o-polo.html | https://pl.fashionjobs.com/en-pl/careers/marc-o-polo.html","CANDIDATE_NOT_CERTIFIED"
"MARC ORIAN","MARC ORIAN","fr","","","","","","","https://fr.fashionjobs.com/recrutement/marc-orian.html","CANDIDATE_NOT_CERTIFIED"
"MARCK ET BALSAN","MARCK ET BALSAN","fr","","","","","","","https://fr.fashionjobs.com/recrutement/marck-et-balsan.html","CANDIDATE_NOT_CERTIFIED"
"MARCO RIBEIRO","MARCO RIBEIRO","fr","cmtlq3uda1lyopg2b0zt5wagh","","","","","","https://fr.fashionjobs.com/recrutement/marco-ribeiro.html","CANDIDATE_NOT_CERTIFIED"
"MARELLA","MARELLA","fr","cmtk21o7a09qvnv2be8azetpy","marella:ACTIVE | fashionjobs:PAUSED","smartrecruiters-whitelabel | fashionjobs","","196","3","https://fr.fashionjobs.com/recrutement/marella.html","CANDIDATE_NOT_CERTIFIED"
"MARGENE","MARGENE","uk","","","","","","","https://uk.fashionjobs.com/careers/margene.html","CANDIDATE_NOT_CERTIFIED"
"MARGO PETITTI","MARGO PETITTI","us","","","","","","","https://us.fashionjobs.com/careers/margo-petitti.html","CANDIDATE_NOT_CERTIFIED"
"MARIE CATHERINE LE HODEY","MARIE CATHERINE LE HODEY","be","","","","","","","https://be.fashionjobs.com/recrutement/marie-catherine-le-hodey.html","CANDIDATE_NOT_CERTIFIED"
"MARIE LAPORTE","MARIE LAPORTE","fr","","","","","","","https://fr.fashionjobs.com/recrutement/marie-laporte.html","CANDIDATE_NOT_CERTIFIED"
"MARINE SERRE","MARINE SERRE","fr","","","","","","","https://fr.fashionjobs.com/recrutement/marine-serre.html","CANDIDATE_NOT_CERTIFIED"
"MARISOL","MARISOL","br","","","","","","","https://br.fashionjobs.com/recrutamento-careers/marisol.html","CANDIDATE_NOT_CERTIFIED"
"MARKS AND SPENCER","MARKS & SPENCER","uk","","","","","","","https://uk.fashionjobs.com/careers/marks-spencer.html","CANDIDATE_NOT_CERTIFIED"
"MARLEA MONTE CARLO","MARLEA MONTE-CARLO","fr | mc","","","","","","","https://fr.fashionjobs.com/recrutement/marlea-monte-carlo.html | https://mc.fashionjobs.com/recrutement/marlea-monte-carlo.html","CANDIDATE_NOT_CERTIFIED"
"MARNI","MARNI","us","","","","","","","https://us.fashionjobs.com/careers/marni.html","CANDIDATE_NOT_CERTIFIED"
"MARRIOTT","MARRIOTT","ae | au | bh | br | ca | ch | cn | cr | de | dz | eg | gr | gt | hk | hu | id | il | in | jo | jp | kw | kz | ma | mx | nl | ph | pl | qa | sa | sg | th | tw | uk | us | uz | vn | za","","","","","","","https://ae.fashionjobs.com/careers/marriott.html | https://au.fashionjobs.com/careers/marriott.html | https://bh.fashionjobs.com/careers/marriott.html | https://br.fashionjobs.com/recrutamento-careers/marriott.html | https://ca.fashionjobs.com/careers/marriott.html | https://ch.fashionjobs.com/recrutement/marriott.html | https://cn.fashionjobs.com/%E6%8B%9B%E8%81%98/marriott.html | https://cr.fashionjobs.com/careers-empleo/marriott.html | https://de.fashionjobs.com/karriere-arbeitspl%C3%A4tze/marriott.html | https://dz.fashionjobs.com/recrutement/marriott.html | https://eg.fashionjobs.com/careers/marriott.html | https://gr.fashionjobs.com/careers/marriott.html | https://gt.fashionjobs.com/careers-empleo/marriott.html | https://hk.fashionjobs.com/careers/marriott.html | https://hu.fashionjobs.com/careers/marriott.html | https://id.fashionjobs.com/careers/marriott.html | https://il.fashionjobs.com/careers/marriott.html | https://in.fashionjobs.com/careers/marriott.html | https://jo.fashionjobs.com/careers/marriott.html | https://jp.fashionjobs.com/%E3%83%AA%E3%82%AF%E3%83%AB%E3%83%BC%E3%83%88/marriott.html | https://kw.fashionjobs.com/careers/marriott.html | https://kz.fashionjobs.com/careers/marriott.html | https://ma.fashionjobs.com/recrutement/marriott.html | https://mx.fashionjobs.com/careers-empleo/marriott.html | https://nl.fashionjobs.com/vacatures-careers/marriott.html | https://ph.fashionjobs.com/careers/marriott.html | https://pl.fashionjobs.com/en-pl/careers/marriott.html | https://qa.fashionjobs.com/careers/marriott.html | https://sa.fashionjobs.com/careers/marriott.html | https://sg.fashionjobs.com/careers/marriott.html | https://th.fashionjobs.com/careers/marriott.html | https://tw.fashionjobs.com/careers/marriott.html | https://uk.fashionjobs.com/careers/marriott.html | https://us.fashionjobs.com/careers/marriott.html | https://uz.fashionjobs.com/careers/marriott.html | https://vn.fashionjobs.com/careers/marriott.html | https://za.fashionjobs.com/careers/marriott.html","CANDIDATE_NOT_CERTIFIED"
"MARSHALLS","MARSHALLS","ca | us","","","","","","","https://ca.fashionjobs.com/careers/marshalls.html | https://us.fashionjobs.com/careers/marshalls.html","CANDIDATE_NOT_CERTIFIED"
"MARTIN ALCALDE","MARTIN ALCALDE","es","","","","","","","https://es.fashionjobs.com/careers-empleo/martin-alcalde.html","CANDIDATE_NOT_CERTIFIED"
"MARTINO MIDALI","MARTINO MIDALI","it","","","","","","","https://it.fashionjobs.com/lavora-con-noi/martino-midali.html","CANDIDATE_NOT_CERTIFIED"
"MASARIE PATTERNS","MASARIE PATTERNS","us","","","","","","","https://us.fashionjobs.com/careers/masarie-patterns.html","CANDIDATE_NOT_CERTIFIED"
"MASHBURN","MASHBURN","us","","","","","","","https://us.fashionjobs.com/careers/mashburn.html","CANDIDATE_NOT_CERTIFIED"
"MASSAGE ENVY","MASSAGE ENVY","us","","","","","","","https://us.fashionjobs.com/careers/massage-envy.html","CANDIDATE_NOT_CERTIFIED"
"MASSIMO DUTTI","MASSIMO DUTTI","ae | be | bg | ca | ch | de | dk | gr | mx | pl | pt | ro | ua | us","","","","","","","https://ae.fashionjobs.com/careers/massimo-dutti.html | https://be.fashionjobs.com/recrutement/massimo-dutti.html | https://bg.fashionjobs.com/careers/massimo-dutti.html | https://ca.fashionjobs.com/careers/massimo-dutti.html | https://ch.fashionjobs.com/recrutement/massimo-dutti.html | https://de.fashionjobs.com/karriere-arbeitspl%C3%A4tze/massimo-dutti.html | https://dk.fashionjobs.com/careers/massimo-dutti.html | https://gr.fashionjobs.com/careers/massimo-dutti.html | https://mx.fashionjobs.com/careers-empleo/massimo-dutti.html | https://pl.fashionjobs.com/en-pl/careers/massimo-dutti.html | https://pt.fashionjobs.com/recrutamento-careers/massimo-dutti.html | https://ro.fashionjobs.com/careers/massimo-dutti.html | https://ua.fashionjobs.com/%D0%BF%D0%BE%D0%B4%D0%B1%D0%BE%D1%80-%D0%BF%D0%B5%D1%80%D1%81%D0%BE%D0%BD%D0%B0%D0%BB%D0%B0/massimo-dutti.html | https://us.fashionjobs.com/careers/massimo-dutti.html","CANDIDATE_NOT_CERTIFIED"
"MATALAN","MATALAN","uk","","","","","","","https://uk.fashionjobs.com/careers/matalan.html","CANDIDATE_NOT_CERTIFIED"
"MAUBOUSSIN","MAUBOUSSIN","fr","cmtkdw3c31ufonf2bfzz0mtk3","","","","","","https://fr.fashionjobs.com/recrutement/mauboussin.html","CANDIDATE_NOT_CERTIFIED"
"MAURICE S","MAURICE'S","us","","","","","","","https://us.fashionjobs.com/careers/maurice-s.html","CANDIDATE_NOT_CERTIFIED"
"MAURIZIO BALDASSARI","MAURIZIO BALDASSARI","it","","","","","","","https://it.fashionjobs.com/lavora-con-noi/maurizio-baldassari.html","CANDIDATE_NOT_CERTIFIED"
"MAX MARA","MAX MARA","fr","cmtkdw1a51ts3nf2btqrq8c49","fashionjobs:PAUSED","fashionjobs","","1","1","https://fr.fashionjobs.com/recrutement/max-mara.html","CANDIDATE_NOT_CERTIFIED"
"MAX MARA ESPANA SLU","MAX MARA ESPAÑA, SLU","es","","","","","","","https://es.fashionjobs.com/careers-empleo/max-mara-espana-slu.html","CANDIDATE_NOT_CERTIFIED"
"MAX MARA PORTUGAL","MAX MARA PORTUGAL","pt","","","","","","","https://pt.fashionjobs.com/recrutamento-careers/max-mara-portugal.html","CANDIDATE_NOT_CERTIFIED"
"MAYA NORA","MAYA NORA","uk","","","","","","","https://uk.fashionjobs.com/careers/maya-nora.html","CANDIDATE_NOT_CERTIFIED"
"MCARTHURGLEN","MCARTHURGLEN","at | ca | de | nl | uk","","","","","","","https://at.fashionjobs.com/karriere-arbeitspl%C3%A4tze/mcarthurglen.html | https://ca.fashionjobs.com/careers/mcarthurglen.html | https://de.fashionjobs.com/karriere-arbeitspl%C3%A4tze/mcarthurglen.html | https://nl.fashionjobs.com/vacatures-careers/mcarthurglen.html | https://uk.fashionjobs.com/careers/mcarthurglen.html","CANDIDATE_NOT_CERTIFIED"
"MCM","MCM","us","","","","","","","https://us.fashionjobs.com/careers/mcm.html","CANDIDATE_NOT_CERTIFIED"
"MCQUEEN","MCQUEEN","ae | at | cn | hk | uk | us","","","","","","","https://ae.fashionjobs.com/careers/mcqueen.html | https://at.fashionjobs.com/karriere-arbeitspl%C3%A4tze/mcqueen.html | https://cn.fashionjobs.com/%E6%8B%9B%E8%81%98/mcqueen.html | https://hk.fashionjobs.com/careers/mcqueen.html | https://uk.fashionjobs.com/careers/mcqueen.html | https://us.fashionjobs.com/careers/mcqueen.html","CANDIDATE_NOT_CERTIFIED"
"ME AND EM","ME AND EM","uk","","","","","","","https://uk.fashionjobs.com/careers/me-and-em.html","CANDIDATE_NOT_CERTIFIED"
"MEDUSA","MEDUSA","fr","cmtkdw45o1uosnf2bsoj64om6","","","","","","https://fr.fashionjobs.com/recrutement/medusa.html","CANDIDATE_NOT_CERTIFIED"
"MELANIE MCLEAN","MELANIE MCLEAN","ca","","","","","","","https://ca.fashionjobs.com/careers/melanie-mclean.html","CANDIDATE_NOT_CERTIFIED"
"MELINE AKA","MELINE AKA","fr","cmtkdvwfw1se5nf2bdwqa4qlh","","","","","","https://fr.fashionjobs.com/recrutement/meline-aka.html","CANDIDATE_NOT_CERTIFIED"
"MELLE D","MELLE D.","fr","cmtkdw1q31twdnf2balavl8si","","","","","","https://fr.fashionjobs.com/recrutement/melle-d-.html","CANDIDATE_NOT_CERTIFIED"
"MELLUSO","MELLUSO","it","","","","","","","https://it.fashionjobs.com/lavora-con-noi/melluso.html","CANDIDATE_NOT_CERTIFIED"
"MERCI","MERCI","fr","cmtnac1b62shqqq5lbyiyzfd1","","","","","","https://fr.fashionjobs.com/recrutement/merci.html","CANDIDATE_NOT_CERTIFIED"
"MERRELL","MERRELL","us","","","","","","","https://us.fashionjobs.com/careers/merrell.html","CANDIDATE_NOT_CERTIFIED"
"MESDEMOISELLES PARIS","MESDEMOISELLES PARIS","fr","","","","","","","https://fr.fashionjobs.com/recrutement/mesdemoiselles-paris.html","CANDIDATE_NOT_CERTIFIED"
"METISEKO","METISEKO","fr","cmtkdvxsb1ssrnf2b1wpmw1b4","","","","","","https://fr.fashionjobs.com/recrutement/metiseko.html","CANDIDATE_NOT_CERTIFIED"
"METRO BOUTIQUE","METRO BOUTIQUE","ch","","","","","","","https://ch.fashionjobs.com/recrutement/metro-boutique.html","CANDIDATE_NOT_CERTIFIED"
"MFC","MFC","it","","","","","","","https://it.fashionjobs.com/lavora-con-noi/mfc.html","CANDIDATE_NOT_CERTIFIED"
"MG CORP","MG CORP","fr","","","","","","","https://fr.fashionjobs.com/recrutement/mg-corp.html","CANDIDATE_NOT_CERTIFIED"
"MICHEL JACUZZI","MICHEL JACUZZI","fr","","","","","","","https://fr.fashionjobs.com/recrutement/michel-jacuzzi.html","CANDIDATE_NOT_CERTIFIED"
"MICHELE BLOCH STUCKENS STUDIO","MICHÈLE BLOCH-STUCKENS STUDIO","fr","","","","","","","https://fr.fashionjobs.com/recrutement/michele-bloch-stuckens-studio.html","CANDIDATE_NOT_CERTIFIED"
"MIDNIGHT THEORY","MIDNIGHT THEORY","fr","cmtp868hc3rivqq4zf7lktov5","fashionjobs:PAUSED","fashionjobs","","1","1","https://fr.fashionjobs.com/recrutement/midnight-theory.html","CANDIDATE_NOT_CERTIFIED"
"MIETIS","MIETIS","es","","","","","","","https://es.fashionjobs.com/careers-empleo/mietis.html","CANDIDATE_NOT_CERTIFIED"
"MILAAYA EMBROIDERIES","MILAAYA EMBROIDERIES","it","","","","","","","https://it.fashionjobs.com/lavora-con-noi/milaaya-embroideries.html","CANDIDATE_NOT_CERTIFIED"
"MIM","MIM","es","","","","","","","https://es.fashionjobs.com/careers-empleo/mim.html","CANDIDATE_NOT_CERTIFIED"
"MIMI AND COOKIE","MIMI & COOKIE","fr","cmtp868zr3robqq4z6ubcm4n7","fashionjobs:PAUSED","fashionjobs","","1","1","https://fr.fashionjobs.com/recrutement/mimi-cookie.html","CANDIDATE_NOT_CERTIFIED"
"MINA STORM","MINA STORM","fr","","","","","","","https://fr.fashionjobs.com/recrutement/mina-storm.html","CANDIDATE_NOT_CERTIFIED"
"MINIMEPARIS","MINIMEPARIS","fr","cmtkdvydr1szwnf2b9lkp3v4c","fashionjobs:PAUSED","fashionjobs","","5","5","https://fr.fashionjobs.com/recrutement/minimeparis.html","CANDIDATE_NOT_CERTIFIED"
"MINOI","MINOÏ","fr","cmtkdw00x1te8nf2bums86jpf","fashionjobs:PAUSED","fashionjobs","","3","3","https://fr.fashionjobs.com/recrutement/minoi.html","CANDIDATE_NOT_CERTIFIED"
"MINT VELVET","MINT VELVET","uk","","","","","","","https://uk.fashionjobs.com/careers/mint-velvet.html","CANDIDATE_NOT_CERTIFIED"
"MIPHAI","MIPHAI","es","","","","","","","https://es.fashionjobs.com/careers-empleo/miphai.html","CANDIDATE_NOT_CERTIFIED"
"MIRA BELLEPARIS","MIRA BELLEPARIS","fr","cmtkdvzpp1tarnf2bv5wtdbxo","fashionjobs:PAUSED","fashionjobs","","1","1","https://fr.fashionjobs.com/recrutement/mira-belleparis.html","CANDIDATE_NOT_CERTIFIED"
"MIRAMIRA","MIRAMIRA","fr","","","","","","","https://fr.fashionjobs.com/recrutement/miramira.html","CANDIDATE_NOT_CERTIFIED"
"MIRI","MIRI","il","","","","","","","https://il.fashionjobs.com/careers/miri.html","CANDIDATE_NOT_CERTIFIED"
"MIROIR AGENCY","MIROIR AGENCY","fr","cmtkdw1v11txbnf2brkiw78b5","","","","","","https://fr.fashionjobs.com/recrutement/miroir-agency.html","CANDIDATE_NOT_CERTIFIED"
"MISERICORDIA","MISERICORDIA","fr","cmtnac1u52sncqq5lmrh9nt9d","","","","","","https://fr.fashionjobs.com/recrutement/misericordia.html","CANDIDATE_NOT_CERTIFIED"
"MISS SOHEE LTD","MISS SOHEE LTD","uk","","","","","","","https://uk.fashionjobs.com/careers/miss-sohee-ltd.html","CANDIDATE_NOT_CERTIFIED"
"MIST PARIS","MIST PARIS","fr","","","","","","","https://fr.fashionjobs.com/recrutement/mist-paris.html","CANDIDATE_NOT_CERTIFIED"
"MIU MIU","MIU MIU","ca | jp | kr | sa | us","cmtlyg43c01i0qf5knvlnwias","miu-miu:ACTIVE","smartrecruiters-whitelabel","","7","0","https://ca.fashionjobs.com/careers/miu-miu.html | https://jp.fashionjobs.com/%E3%83%AA%E3%82%AF%E3%83%AB%E3%83%BC%E3%83%88/miu-miu.html | https://kr.fashionjobs.com/careers/miu-miu.html | https://sa.fashionjobs.com/careers/miu-miu.html | https://us.fashionjobs.com/careers/miu-miu.html","CANDIDATE_NOT_CERTIFIED"
"MIYE","MIYÉ","fr","","","","","","","https://fr.fashionjobs.com/recrutement/miye.html","CANDIDATE_NOT_CERTIFIED"
"MIZUNO","MIZUNO","nl","","","","","","","https://nl.fashionjobs.com/vacatures-careers/mizuno.html","CANDIDATE_NOT_CERTIFIED"
"MLO CORPORATE SRL","MLO CORPORATE SRL","it","","","","","","","https://it.fashionjobs.com/lavora-con-noi/mlo-corporate-srl.html","CANDIDATE_NOT_CERTIFIED"
"MODELOR COUTURE","MODELOR COUTURE","fr","cmtp8689s3rhiqq4zkjut95yo","fashionjobs:PAUSED","fashionjobs","","8","8","https://fr.fashionjobs.com/recrutement/modelor-couture.html","CANDIDATE_NOT_CERTIFIED"
"MODELOR RETAIL","MODELOR RETAIL","fr","cmtpw96v64k7el35m53n2f1ce","fashionjobs:PAUSED","fashionjobs","","1","1","https://fr.fashionjobs.com/recrutement/modelor-retail.html","CANDIDATE_NOT_CERTIFIED"
"MODELOR SERVICE","MODELOR SERVICE","fr","cmtp869213rpfqq4zz8l0wssq","fashionjobs:PAUSED","fashionjobs","","3","3","https://fr.fashionjobs.com/recrutement/modelor-service.html","CANDIDATE_NOT_CERTIFIED"
"MODENTREE","MODENTRÉE","fr","cmtkdvwy81sjlnf2b2j5x2yr8","","","","","","https://fr.fashionjobs.com/recrutement/modentree.html","CANDIDATE_NOT_CERTIFIED"
"MODEPARK","MODEPARK","de","","","","","","","https://de.fashionjobs.com/karriere-arbeitspl%C3%A4tze/modepark.html","CANDIDATE_NOT_CERTIFIED"
"MODESIGN","MODESIGN","fr","cmtkdw0dv1thtnf2bwq90fpar","fashionjobs:PAUSED","fashionjobs","","1","1","https://fr.fashionjobs.com/recrutement/modesign.html","CANDIDATE_NOT_CERTIFIED"
"MOET HENNESSY","MOËT HENNESSY","au | be | ch | cn | de | hk | jp | kr | mx | nl | nz | sg | tw | uk | us","cmtk48edn1bx1ny2bw96j1oca","lvmh:ACTIVE","lvmh_algolia","","107","21","https://au.fashionjobs.com/careers/moet-hennessy.html | https://be.fashionjobs.com/recrutement/moet-hennessy.html | https://ch.fashionjobs.com/recrutement/moet-hennessy.html | https://cn.fashionjobs.com/%E6%8B%9B%E8%81%98/moet-hennessy.html | https://de.fashionjobs.com/karriere-arbeitspl%C3%A4tze/moet-hennessy.html | https://hk.fashionjobs.com/careers/moet-hennessy.html | https://jp.fashionjobs.com/%E3%83%AA%E3%82%AF%E3%83%AB%E3%83%BC%E3%83%88/moet-hennessy.html | https://kr.fashionjobs.com/careers/moet-hennessy.html | https://mx.fashionjobs.com/careers-empleo/moet-hennessy.html | https://nl.fashionjobs.com/vacatures-careers/moet-hennessy.html | https://nz.fashionjobs.com/careers/moet-hennessy.html | https://sg.fashionjobs.com/careers/moet-hennessy.html | https://tw.fashionjobs.com/careers/moet-hennessy.html | https://uk.fashionjobs.com/careers/moet-hennessy.html | https://us.fashionjobs.com/careers/moet-hennessy.html","CANDIDATE_NOT_CERTIFIED"
"MOISMONT","MOISMONT","fr","cmtkdvuv91ruunf2bqt5agl0n","","","","","","https://fr.fashionjobs.com/recrutement/moismont.html","CANDIDATE_NOT_CERTIFIED"
"MOLLI","MOLLI","fr","cmtkdw2q41u83nf2b9le4oqoy","","","","","","https://fr.fashionjobs.com/recrutement/molli.html","CANDIDATE_NOT_CERTIFIED"
"MOLLY BRACKEN","MOLLY BRACKEN","fr","cmtkdvujt1rpvnf2bgiok2qi8","","","","","","https://fr.fashionjobs.com/recrutement/molly-bracken.html","CANDIDATE_NOT_CERTIFIED"
"MOLTON BROWN","MOLTON BROWN","uk","cmtlyi3x804rrqf5kte3ijisu","molton-brown:ACTIVE","greenhouse","","17","0","https://uk.fashionjobs.com/careers/molton-brown.html","CANDIDATE_NOT_CERTIFIED"
"MONCLER","MONCLER | MONCLER FRANCE","be | br | ca | ch | cn | de | dk | fr | ie | jp | mc | sg | uk | us","","","","","","","https://be.fashionjobs.com/recrutement/moncler.html | https://br.fashionjobs.com/recrutamento-careers/moncler.html | https://ca.fashionjobs.com/careers/moncler.html | https://ch.fashionjobs.com/recrutement/moncler.html | https://cn.fashionjobs.com/%E6%8B%9B%E8%81%98/moncler.html | https://de.fashionjobs.com/karriere-arbeitspl%C3%A4tze/moncler.html | https://dk.fashionjobs.com/careers/moncler.html | https://fr.fashionjobs.com/recrutement/moncler-france.html | https://ie.fashionjobs.com/careers/moncler.html | https://jp.fashionjobs.com/%E3%83%AA%E3%82%AF%E3%83%AB%E3%83%BC%E3%83%88/moncler.html | https://mc.fashionjobs.com/recrutement/moncler.html | https://sg.fashionjobs.com/careers/moncler.html | https://uk.fashionjobs.com/careers/moncler.html | https://us.fashionjobs.com/careers/moncler.html","CANDIDATE_NOT_CERTIFIED"
"MONNIER PARIS","MONNIER PARIS","fr","","","","","","","https://fr.fashionjobs.com/recrutement/monnier-paris.html","CANDIDATE_NOT_CERTIFIED"
"MONOPRIX","MONOPRIX","fr","cmtkdvuqf1rstnf2bhwlokuxf","","","","","","https://fr.fashionjobs.com/recrutement/monoprix.html","CANDIDATE_NOT_CERTIFIED"
"MONT BLANC","MONT BLANC","us","","","","","","","https://us.fashionjobs.com/careers/mont-blanc.html","CANDIDATE_NOT_CERTIFIED"
"MONTEX","MONTEX","fr","","","","","","","https://fr.fashionjobs.com/recrutement/montex.html","CANDIDATE_NOT_CERTIFIED"
"MONTSERRAT MESSEGUER","MONTSERRAT MESSEGUER","mx","","","","","","","https://mx.fashionjobs.com/careers-empleo/montserrat-messeguer.html","CANDIDATE_NOT_CERTIFIED"
"MOONYOUNGHEE","MOONYOUNGHEE","fr","cmtkdw2eu1u4fnf2bkrypzdc7","","","","","","https://fr.fashionjobs.com/recrutement/moonyounghee.html","CANDIDATE_NOT_CERTIFIED"
"MORGAN","MORGAN","fr","cmtkdvxc91sninf2br3plbw5g","fashionjobs:PAUSED | element-6:ACTIVE","fashionjobs | magnet","https://recrutement.groupe-beaumanoir.com","45","45","https://fr.fashionjobs.com/recrutement/morgan.html","CANDIDATE_NOT_CERTIFIED"
"MOSSI","MOSSI","fr","cmtrup2gm4mw2pg5msl9kb7zl","fashionjobs:PAUSED","fashionjobs","","1","1","https://fr.fashionjobs.com/recrutement/mossi.html","CANDIDATE_NOT_CERTIFIED"
"MOVADO GROUP","MOVADO GROUP","ae | ca | ch | cn | de | in | mx | sg | uk | us","cmtlypqc50l71qf5ka25kzsy3","movado:ACTIVE","workday","https://movadogroup.wd1.myworkdayjobs.com","24","2","https://ae.fashionjobs.com/careers/movado-group.html | https://ca.fashionjobs.com/careers/movado-group.html | https://ch.fashionjobs.com/recrutement/movado-group.html | https://cn.fashionjobs.com/%E6%8B%9B%E8%81%98/movado-group.html | https://de.fashionjobs.com/karriere-arbeitspl%C3%A4tze/movado-group.html | https://in.fashionjobs.com/careers/movado-group.html | https://mx.fashionjobs.com/careers-empleo/movado-group.html | https://sg.fashionjobs.com/careers/movado-group.html | https://uk.fashionjobs.com/careers/movado-group.html | https://us.fashionjobs.com/careers/movado-group.html","CANDIDATE_NOT_CERTIFIED"
"MPTW INTERNATIONAL","MPTW INTERNATIONAL","fr","cmtp868y43rnoqq4zl4ymbpau","fashionjobs:PAUSED","fashionjobs","","1","1","https://fr.fashionjobs.com/recrutement/mptw-international.html","CANDIDATE_NOT_CERTIFIED"
"MR PORTER","MR PORTER","uk | us","","","","","","","https://uk.fashionjobs.com/careers/mr-porter.html | https://us.fashionjobs.com/careers/mr-porter.html","CANDIDATE_NOT_CERTIFIED"
"MUA MILANO MAKE UP ACADEMY","MUA MILANO MAKE UP ACADEMY","it","","","","","","","https://it.fashionjobs.com/lavora-con-noi/mua-milano-make-up-academy.html","CANDIDATE_NOT_CERTIFIED"
"MUJI","MUJI","de | fi | pt | uk","","","","","","","https://de.fashionjobs.com/karriere-arbeitspl%C3%A4tze/muji.html | https://fi.fashionjobs.com/careers/muji.html | https://pt.fashionjobs.com/recrutamento-careers/muji.html | https://uk.fashionjobs.com/careers/muji.html","CANDIDATE_NOT_CERTIFIED"
"MULAYA","MULAYA","es","","","","","","","https://es.fashionjobs.com/careers-empleo/mulaya.html","CANDIDATE_NOT_CERTIFIED"
"MULBERRY","MULBERRY","uk","cmtlyjwbd090nqf5kjkpanxml","mulberry:ACTIVE","lever","","32","0","https://uk.fashionjobs.com/careers/mulberry.html","CANDIDATE_NOT_CERTIFIED"
"MUM OF","MUM OF","fr","cmtkdvzz91tdsnf2bdh98logm","fashionjobs:PAUSED","fashionjobs","","1","1","https://fr.fashionjobs.com/recrutement/mum-of.html","CANDIDATE_NOT_CERTIFIED"
"MUZUNGU SISTERS","MUZUNGU SISTERS","uk","","","","","","","https://uk.fashionjobs.com/careers/muzungu-sisters.html","CANDIDATE_NOT_CERTIFIED"
"MVO STUDIO","MVO STUDIO","fr","cmtkdvydh1szsnf2bd1h06uo3","","","","","","https://fr.fashionjobs.com/recrutement/mvo-studio.html","CANDIDATE_NOT_CERTIFIED"
"MY STYLE BAGS CORP","MY STYLE BAGS CORP","us","","","","","","","https://us.fashionjobs.com/careers/my-style-bags-corp.html","CANDIDATE_NOT_CERTIFIED"
"MYER","MYER","au","","","","","","","https://au.fashionjobs.com/careers/myer.html","CANDIDATE_NOT_CERTIFIED"
"MYLO CONCEPT STORE","MYLO CONCEPT STORE","fr","cmtkdvyfp1t0onf2b16gy3kfe | cmtrup2bo4muhpg5m0gvq0etc","fashionjobs:PAUSED","fashionjobs","","","","https://fr.fashionjobs.com/recrutement/mylo-concept-store.html","CANDIDATE_NOT_CERTIFIED"
"MYSELF PRODUCTION","MYSELF PRODUCTION","fr","cmtkdw4791up7nf2bp0ht2j5o","","","","","","https://fr.fashionjobs.com/recrutement/myself-production.html","CANDIDATE_NOT_CERTIFIED"
"MYTHERESA","MYTHERESA","de | us","","","","","","","https://de.fashionjobs.com/karriere-arbeitspl%C3%A4tze/mytheresa.html | https://us.fashionjobs.com/careers/mytheresa.html","CANDIDATE_NOT_CERTIFIED"
"MZ FACTORY","MZ FACTORY","fr","","","","","","","https://fr.fashionjobs.com/recrutement/mz-factory.html","CANDIDATE_NOT_CERTIFIED"
"N BROWN","N BROWN","uk","","","","","","","https://uk.fashionjobs.com/careers/n-brown.html","CANDIDATE_NOT_CERTIFIED"
"NABOU PARIS","NABOU PARIS","fr","cmtkdw2v41u9vnf2bn37sk4r5","","","","","","https://fr.fashionjobs.com/recrutement/nabou-paris.html","CANDIDATE_NOT_CERTIFIED"
"NAC","NAC","es","","","","","","","https://es.fashionjobs.com/careers-empleo/nac.html","CANDIDATE_NOT_CERTIFIED"
"NACH","NACH","fr","cmtkdw0sv1tmknf2b27tk2k1w","fashionjobs:PAUSED","fashionjobs","","3","3","https://fr.fashionjobs.com/recrutement/nach.html","CANDIDATE_NOT_CERTIFIED"
"NADINE MERABI","NADINE MERABI","uk","","","","","","","https://uk.fashionjobs.com/careers/nadine-merabi.html","CANDIDATE_NOT_CERTIFIED"
"NAIMA DJOUDI","NAÏMA DJOUDI","fr","","","","","","","https://fr.fashionjobs.com/recrutement/naima-djoudi.html","CANDIDATE_NOT_CERTIFIED"
"NAKD","NAKD","se","","","","","","","https://se.fashionjobs.com/careers/nakd.html","CANDIDATE_NOT_CERTIFIED"
"NAME IT","NAME IT","at | be | ch | de | dk | nl | no | se","","","","","","","https://at.fashionjobs.com/karriere-arbeitspl%C3%A4tze/name-it.html | https://be.fashionjobs.com/recrutement/name-it.html | https://ch.fashionjobs.com/recrutement/name-it.html | https://de.fashionjobs.com/karriere-arbeitspl%C3%A4tze/name-it.html | https://dk.fashionjobs.com/careers/name-it.html | https://nl.fashionjobs.com/vacatures-careers/name-it.html | https://no.fashionjobs.com/careers/name-it.html | https://se.fashionjobs.com/careers/name-it.html","CANDIDATE_NOT_CERTIFIED"
"NAPAPIJIRI","NAPAPIJIRI","ch | de | dk | nl","","","","","","","https://ch.fashionjobs.com/recrutement/napapijiri.html | https://de.fashionjobs.com/karriere-arbeitspl%C3%A4tze/napapijiri.html | https://dk.fashionjobs.com/careers/napapijiri.html | https://nl.fashionjobs.com/vacatures-careers/napapijiri.html","CANDIDATE_NOT_CERTIFIED"
"NAPAPIJRI","NAPAPIJRI","es | it","","","","","","","https://es.fashionjobs.com/careers-empleo/napapijri.html | https://it.fashionjobs.com/lavora-con-noi/napapijri.html","CANDIDATE_NOT_CERTIFIED"
"NATAN","NATAN SA","be | fr","cmtkdvx8p1sm6nf2bvy1dc73i","","","","","","https://be.fashionjobs.com/recrutement/natan-sa.html | https://fr.fashionjobs.com/recrutement/natan-sa.html","CANDIDATE_NOT_CERTIFIED"
"NATURA","NATURA","es | pt","","","","","","","https://es.fashionjobs.com/careers-empleo/natura.html | https://pt.fashionjobs.com/recrutamento-careers/natura.html","CANDIDATE_NOT_CERTIFIED"
"NAULOVER","NAULOVER","es","","","","","","","https://es.fashionjobs.com/careers-empleo/naulover.html","CANDIDATE_NOT_CERTIFIED"
"NAVY EXCHANGE","NAVY EXCHANGE","bh | jp | us","","","","","","","https://bh.fashionjobs.com/careers/navy-exchange.html | https://jp.fashionjobs.com/%E3%83%AA%E3%82%AF%E3%83%AB%E3%83%BC%E3%83%88/navy-exchange.html | https://us.fashionjobs.com/careers/navy-exchange.html","CANDIDATE_NOT_CERTIFIED"
"NEIMAN MARCUS","NEIMAN MARCUS","us","","","","","","","https://us.fashionjobs.com/careers/neiman-marcus.html","CANDIDATE_NOT_CERTIFIED"
"NENES","NÉNÉS","fr","","","","","","","https://fr.fashionjobs.com/recrutement/nenes.html","CANDIDATE_NOT_CERTIFIED"
"NEOFAMILY","NEOFAMILY","fr","","","","","","","https://fr.fashionjobs.com/recrutement/neofamily.html","CANDIDATE_NOT_CERTIFIED"
"NESPRESSO","NESPRESSO","it","","","","","","","https://it.fashionjobs.com/lavora-con-noi/nespresso.html","CANDIDATE_NOT_CERTIFIED"
"NET A PORTER","NET-A-PORTER","hk | uk | us","","","","","","","https://hk.fashionjobs.com/careers/net-a-porter.html | https://uk.fashionjobs.com/careers/net-a-porter.html | https://us.fashionjobs.com/careers/net-a-porter.html","CANDIDATE_NOT_CERTIFIED"
"NEW BALANCE","NEW BALANCE","be | ca | de | fr | ie | in | nl | pt | uk | us","cmtp25hct0fl7qq4zwb6y1cby","nike:ACTIVE | new-balance:ACTIVE | fashionjobs:PAUSED","workday | fashionjobs","https://nike.wd1.myworkdayjobs.com | https://newbalance.wd1.myworkdayjobs.com","60","16","https://be.fashionjobs.com/recrutement/new-balance.html | https://ca.fashionjobs.com/careers/new-balance.html | https://de.fashionjobs.com/karriere-arbeitspl%C3%A4tze/new-balance.html | https://fr.fashionjobs.com/recrutement/new-balance.html | https://ie.fashionjobs.com/careers/new-balance.html | https://in.fashionjobs.com/careers/new-balance.html | https://nl.fashionjobs.com/vacatures-careers/new-balance.html | https://pt.fashionjobs.com/recrutamento-careers/new-balance.html | https://uk.fashionjobs.com/careers/new-balance.html | https://us.fashionjobs.com/careers/new-balance.html","CANDIDATE_NOT_CERTIFIED"
"NEW BALANCE GALLERY HOLDING","NEW BALANCE GALLERY HOLDING","it","","","","","","","https://it.fashionjobs.com/lavora-con-noi/new-balance-gallery-holding.html","CANDIDATE_NOT_CERTIFIED"
"NEW ERA CAP","NEW ERA CAP","fr","","","","","","","https://fr.fashionjobs.com/recrutement/new-era-cap.html","CANDIDATE_NOT_CERTIFIED"
"NEW LOOK","NEW LOOK","uk","","","","","","","https://uk.fashionjobs.com/careers/new-look.html","CANDIDATE_NOT_CERTIFIED"
"NEW RELATION","NEW RELATION","fr","","","","","","","https://fr.fashionjobs.com/recrutement/new-relation.html","CANDIDATE_NOT_CERTIFIED"
"NEW YORKER","NEW YORKER","at | de | fi | nl | no | pt | se","","","","","","","https://at.fashionjobs.com/karriere-arbeitspl%C3%A4tze/new-yorker.html | https://de.fashionjobs.com/karriere-arbeitspl%C3%A4tze/new-yorker.html | https://fi.fashionjobs.com/careers/new-yorker.html | https://nl.fashionjobs.com/vacatures-careers/new-yorker.html | https://no.fashionjobs.com/careers/new-yorker.html | https://pt.fashionjobs.com/recrutamento-careers/new-yorker.html | https://se.fashionjobs.com/careers/new-yorker.html","CANDIDATE_NOT_CERTIFIED"
"NEWELL","NEWELL","au | be | br | cn | co | cz | de | ie | in | jp | mx | pe | pl | uk | us","","","","","","","https://au.fashionjobs.com/careers/newell.html | https://be.fashionjobs.com/recrutement/newell.html | https://br.fashionjobs.com/recrutamento-careers/newell.html | https://cn.fashionjobs.com/%E6%8B%9B%E8%81%98/newell.html | https://co.fashionjobs.com/careers-empleo/newell.html | https://cz.fashionjobs.com/karriere-arbeitspl%C3%A4tze/newell.html | https://de.fashionjobs.com/karriere-arbeitspl%C3%A4tze/newell.html | https://ie.fashionjobs.com/careers/newell.html | https://in.fashionjobs.com/careers/newell.html | https://jp.fashionjobs.com/%E3%83%AA%E3%82%AF%E3%83%AB%E3%83%BC%E3%83%88/newell.html | https://mx.fashionjobs.com/careers-empleo/newell.html | https://pe.fashionjobs.com/careers-empleo/newell.html | https://pl.fashionjobs.com/en-pl/careers/newell.html | https://uk.fashionjobs.com/careers/newell.html | https://us.fashionjobs.com/careers/newell.html","CANDIDATE_NOT_CERTIFIED"
"NEXT","NEXT","uk","","","","","","","https://uk.fashionjobs.com/careers/next.html","CANDIDATE_NOT_CERTIFIED"
"NFP FASHION AND LUXURY ADVISOR","NFP FASHION & LUXURY ADVISOR","fr","","","","","","","https://fr.fashionjobs.com/recrutement/nfp-fashion-luxury-advisor.html","CANDIDATE_NOT_CERTIFIED"
"NICE CONCEPT RECRUTEMENT","NICE CONCEPT RECRUTEMENT","fr","cmtkdvwlc1sgcnf2bemx9zsc6","","","","","","https://fr.fashionjobs.com/recrutement/nice-concept-recrutement.html","CANDIDATE_NOT_CERTIFIED"
"NICEWORK","NICEWORK","fr","cmtkdvvb01s0pnf2bvkmtinwi","","","","","","https://fr.fashionjobs.com/recrutement/nicework.html","CANDIDATE_NOT_CERTIFIED"
"NICHE BEAUTY COM","NICHE-BEAUTY.COM","de","","","","","","","https://de.fashionjobs.com/karriere-arbeitspl%C3%A4tze/niche-beauty-com.html","CANDIDATE_NOT_CERTIFIED"
"NICOLETTA","NICOLETTA","au","","","","","","","https://au.fashionjobs.com/careers/nicoletta.html","CANDIDATE_NOT_CERTIFIED"
"NICOLS","NICOLS","es","","","","","","","https://es.fashionjobs.com/careers-empleo/nicols.html","CANDIDATE_NOT_CERTIFIED"
"NIKE","NIKE","at | au | be | br | ca | ch | cn | de | dk | gr | hk | hu | id | ie | il | in | jp | kr | mx | nl | no | nz | pl | pt | sg | th | tr | tw | uk | us | vn","cmtm8oy381hbdpv5jzsp4t1a8","nike:ACTIVE | nike-nke2:ACTIVE | fashionjobs:PAUSED","workday | fashionjobs","https://nike.wd1.myworkdayjobs.com | https://nike.wd1.myworkdayjobs.com","749","55","https://at.fashionjobs.com/karriere-arbeitspl%C3%A4tze/nike.html | https://au.fashionjobs.com/careers/nike.html | https://be.fashionjobs.com/recrutement/nike.html | https://br.fashionjobs.com/recrutamento-careers/nike.html | https://ca.fashionjobs.com/careers/nike.html | https://ch.fashionjobs.com/recrutement/nike.html | https://cn.fashionjobs.com/%E6%8B%9B%E8%81%98/nike.html | https://de.fashionjobs.com/karriere-arbeitspl%C3%A4tze/nike.html | https://dk.fashionjobs.com/careers/nike.html | https://gr.fashionjobs.com/careers/nike.html | https://hk.fashionjobs.com/careers/nike.html | https://hu.fashionjobs.com/careers/nike.html | https://id.fashionjobs.com/careers/nike.html | https://ie.fashionjobs.com/careers/nike.html | https://il.fashionjobs.com/careers/nike.html | https://in.fashionjobs.com/careers/nike.html | https://jp.fashionjobs.com/%E3%83%AA%E3%82%AF%E3%83%AB%E3%83%BC%E3%83%88/nike.html | https://kr.fashionjobs.com/careers/nike.html | https://mx.fashionjobs.com/careers-empleo/nike.html | https://nl.fashionjobs.com/vacatures-careers/nike.html | https://no.fashionjobs.com/careers/nike.html | https://nz.fashionjobs.com/careers/nike.html | https://pl.fashionjobs.com/en-pl/careers/nike.html | https://pt.fashionjobs.com/recrutamento-careers/nike.html | https://sg.fashionjobs.com/careers/nike.html | https://th.fashionjobs.com/careers/nike.html | https://tr.fashionjobs.com/i%C5%9Fe-al%C4%B1m/nike.html | https://tw.fashionjobs.com/careers/nike.html | https://uk.fashionjobs.com/careers/nike.html | https://us.fashionjobs.com/careers/nike.html | https://vn.fashionjobs.com/careers/nike.html","CANDIDATE_NOT_CERTIFIED"
"NIKE RETAIL SERVICES","NIKE RETAIL SERVICES","us","cmtm8oxhh1h49pv5jqclfah77 | cmtm8oy381hbdpv5jzsp4t1a8","nike:ACTIVE | nike-nke2:ACTIVE | fashionjobs:PAUSED","workday | fashionjobs","https://nike.wd1.myworkdayjobs.com | https://nike.wd1.myworkdayjobs.com","","","https://us.fashionjobs.com/careers/nike-retail-services.html","CANDIDATE_NOT_CERTIFIED"
"NKN NEKANE","NKN NEKANE","es","","","","","","","https://es.fashionjobs.com/careers-empleo/nkn-nekane.html","CANDIDATE_NOT_CERTIFIED"
"NO CONCEPT STORES","NO CONCEPT STORES","be","","","","","","","https://be.fashionjobs.com/recrutement/no-concept-stores.html","CANDIDATE_NOT_CERTIFIED"
"NOCIBE","NOCIBÉ","fr","cmtpj22dg131zpf5lm4whphbj","nocibe-eqwa:ACTIVE","eqwa","https://recrutement-nocibe.fr","313","267","https://fr.fashionjobs.com/recrutement/nocibe.html","CANDIDATE_NOT_CERTIFIED"
"NOIRFONCE","NOIRFONCE","es","","","","","","","https://es.fashionjobs.com/careers-empleo/noirfonce.html","CANDIDATE_NOT_CERTIFIED"
"NOKWOL","NOKWOL","uk","","","","","","","https://uk.fashionjobs.com/careers/nokwol.html","CANDIDATE_NOT_CERTIFIED"
"NON SOLO SPORT","NON SOLO SPORT","it","","","","","","","https://it.fashionjobs.com/lavora-con-noi/non-solo-sport.html","CANDIDATE_NOT_CERTIFIED"
"NOON PORTUGAL","NOON PORTUGAL","pt","","","","","","","https://pt.fashionjobs.com/recrutamento-careers/noon-portugal.html","CANDIDATE_NOT_CERTIFIED"
"NOON SPAIN","NOON SPAIN","es","","","","","","","https://es.fashionjobs.com/careers-empleo/noon-spain.html","CANDIDATE_NOT_CERTIFIED"
"NORDSTROM","NORDSTROM","us","cmtpjpt4j2hoypf5lusxkuh9m","nordstrom:ACTIVE","workday","https://nordstrom.wd501.myworkdayjobs.com","1302","0","https://us.fashionjobs.com/careers/nordstrom.html","CANDIDATE_NOT_CERTIFIED"
"NORTH CAROLINA STATE","NORTH CAROLINA STATE","us","","","","","","","https://us.fashionjobs.com/careers/north-carolina-state.html","CANDIDATE_NOT_CERTIFIED"
"NOTSHY","NOTSHY","fr","cmtkdvuok1rrtnf2byceui6c7","","","","","","https://fr.fashionjobs.com/recrutement/notshy.html","CANDIDATE_NOT_CERTIFIED"
"NOUKTAH","NOUKTAH","fr","cmtp868uw3rmnqq4z9f9u7z2p","fashionjobs:PAUSED","fashionjobs","","1","1","https://fr.fashionjobs.com/recrutement/nouktah.html","CANDIDATE_NOT_CERTIFIED"
"NOUR HAMMOUR","NOUR HAMMOUR","fr","cmtnac1pd2slhqq5lddztuhbt","","","","","","https://fr.fashionjobs.com/recrutement/nour-hammour.html","CANDIDATE_NOT_CERTIFIED"
"NOVENTA DI PIAVE DESIGNER OUTLET","NOVENTA DI PIAVE DESIGNER OUTLET","it","","","","","","","https://it.fashionjobs.com/lavora-con-noi/noventa-di-piave-designer-outlet.html","CANDIDATE_NOT_CERTIFIED"
"O NEILL","O'NEILL","be | de | nl","","","","","","","https://be.fashionjobs.com/recrutement/o-neill.html | https://de.fashionjobs.com/karriere-arbeitspl%C3%A4tze/o-neill.html | https://nl.fashionjobs.com/vacatures-careers/o-neill.html","CANDIDATE_NOT_CERTIFIED"
"OBERALP","OBERALP","at | ch | de","","","","","","","https://at.fashionjobs.com/karriere-arbeitspl%C3%A4tze/oberalp.html | https://ch.fashionjobs.com/recrutement/oberalp.html | https://de.fashionjobs.com/karriere-arbeitspl%C3%A4tze/oberalp.html","CANDIDATE_NOT_CERTIFIED"
"OBERLIN COLLEGE AND CONSERVATORY","OBERLIN COLLEGE & CONSERVATORY","us","","","","","","","https://us.fashionjobs.com/careers/oberlin-college-conservatory.html","CANDIDATE_NOT_CERTIFIED"
"OBJECT",".OBJECT","dk","","","","","","","https://dk.fashionjobs.com/careers/-object.html","CANDIDATE_NOT_CERTIFIED"
"OCARAT","OCARAT","fr","cmtkdvx7q1slqnf2b1yd4d54w","fashionjobs:PAUSED","fashionjobs","","3","3","https://fr.fashionjobs.com/recrutement/ocarat.html","CANDIDATE_NOT_CERTIFIED"
"ODACE","ODACE","fr","cmtkdw20c1tz5nf2bn3qj97qi","","","","","","https://fr.fashionjobs.com/recrutement/odace.html","CANDIDATE_NOT_CERTIFIED"
"ODAEL","ODAEL","fr","cmtkdvzeg1t7dnf2bi47pw33b","fashionjobs:PAUSED","fashionjobs","","2","2","https://fr.fashionjobs.com/recrutement/odael.html","CANDIDATE_NOT_CERTIFIED"
"ODLO","ODLO","at | ch | de | no","","","","","","","https://at.fashionjobs.com/karriere-arbeitspl%C3%A4tze/odlo.html | https://ch.fashionjobs.com/recrutement/odlo.html | https://de.fashionjobs.com/karriere-arbeitspl%C3%A4tze/odlo.html | https://no.fashionjobs.com/careers/odlo.html","CANDIDATE_NOT_CERTIFIED"
"OFF THE RAX","OFF THE RAX","us","","","","","","","https://us.fashionjobs.com/careers/off-the-rax.html","CANDIDATE_NOT_CERTIFIED"
"OFFICINE GENERALE","OFFICINE GÉNÉRALE | OFFICINE GENERALE","fr | uk","cmtkdvv941rzynf2b2y3wk2vf","","","","","","https://fr.fashionjobs.com/recrutement/officine-generale.html | https://uk.fashionjobs.com/careers/officine-generale.html","CANDIDATE_NOT_CERTIFIED"
"OFFICINE PANERAI","OFFICINE PANERAI","us","","","","","","","https://us.fashionjobs.com/careers/officine-panerai.html","CANDIDATE_NOT_CERTIFIED"
"OFFLINE","OFFLINE","ca | us","","","","","","","https://ca.fashionjobs.com/careers/offline.html | https://us.fashionjobs.com/careers/offline.html","CANDIDATE_NOT_CERTIFIED"
"OH POLLY","OH POLLY","cn | uk","cmtlygxjg02o6qf5kja4crsw6","oh-polly:ACTIVE","teamtailor","https://ohpolly.teamtailor.com","11","0","https://cn.fashionjobs.com/%E6%8B%9B%E8%81%98/oh-polly.html | https://uk.fashionjobs.com/careers/oh-polly.html","CANDIDATE_NOT_CERTIFIED"
"OKAN STUDIO","ŌKAN STUDIO","fr","cmtkdvuki1rq7nf2bru0k9oqb","","","","","","https://fr.fashionjobs.com/recrutement/%C5%8Dkan-studio.html","CANDIDATE_NOT_CERTIFIED"
"OLD NAVY","OLD NAVY","us","","","","","","","https://us.fashionjobs.com/careers/old-navy.html","CANDIDATE_NOT_CERTIFIED"
"OLIVER PEOPLES","OLIVER PEOPLES","us","","","","","","","https://us.fashionjobs.com/careers/oliver-peoples.html","CANDIDATE_NOT_CERTIFIED"
"OMEGA SERVICE SRL","OMEGA SERVICE SRL","it","","","","","","","https://it.fashionjobs.com/lavora-con-noi/omega-service-srl.html","CANDIDATE_NOT_CERTIFIED"
"OMODA","OMODA","nl","","","","","","","https://nl.fashionjobs.com/vacatures-careers/omoda.html","CANDIDATE_NOT_CERTIFIED"
"ON","On","uk","","","","","","","https://uk.fashionjobs.com/careers/on.html","CANDIDATE_NOT_CERTIFIED"
"ON RUNNING","ON RUNNING","au | br | ch | cn | de | jp | uk | us | vn","","","","","","","https://au.fashionjobs.com/careers/on-running.html | https://br.fashionjobs.com/recrutamento-careers/on-running.html | https://ch.fashionjobs.com/recrutement/on-running.html | https://cn.fashionjobs.com/%E6%8B%9B%E8%81%98/on-running.html | https://de.fashionjobs.com/karriere-arbeitspl%C3%A4tze/on-running.html | https://jp.fashionjobs.com/%E3%83%AA%E3%82%AF%E3%83%AB%E3%83%BC%E3%83%88/on-running.html | https://uk.fashionjobs.com/careers/on-running.html | https://us.fashionjobs.com/careers/on-running.html | https://vn.fashionjobs.com/careers/on-running.html","CANDIDATE_NOT_CERTIFIED"
"ONE SPA WORLD","ONE SPA WORLD","ar | au | bo | br | ca | cl | co | cr | eg | gt | in | jp | mx | pa | pe | ph | sg | us | za","","","","","","","https://ar.fashionjobs.com/careers-empleo/one-spa-world.html | https://au.fashionjobs.com/careers/one-spa-world.html | https://bo.fashionjobs.com/careers-empleo/one-spa-world.html | https://br.fashionjobs.com/recrutamento-careers/one-spa-world.html | https://ca.fashionjobs.com/careers/one-spa-world.html | https://cl.fashionjobs.com/careers-empleo/one-spa-world.html | https://co.fashionjobs.com/careers-empleo/one-spa-world.html | https://cr.fashionjobs.com/careers-empleo/one-spa-world.html | https://eg.fashionjobs.com/careers/one-spa-world.html | https://gt.fashionjobs.com/careers-empleo/one-spa-world.html | https://in.fashionjobs.com/careers/one-spa-world.html | https://jp.fashionjobs.com/%E3%83%AA%E3%82%AF%E3%83%AB%E3%83%BC%E3%83%88/one-spa-world.html | https://mx.fashionjobs.com/careers-empleo/one-spa-world.html | https://pa.fashionjobs.com/careers-empleo/one-spa-world.html | https://pe.fashionjobs.com/careers-empleo/one-spa-world.html | https://ph.fashionjobs.com/careers/one-spa-world.html | https://sg.fashionjobs.com/careers/one-spa-world.html | https://us.fashionjobs.com/careers/one-spa-world.html | https://za.fashionjobs.com/careers/one-spa-world.html","CANDIDATE_NOT_CERTIFIED"
"ONGI CEREMONIE","ONGI CÉRÉMONIE","be","","","","","","","https://be.fashionjobs.com/recrutement/ongi-ceremonie.html","CANDIDATE_NOT_CERTIFIED"
"ONIA","ONIA","us","","","","","","","https://us.fashionjobs.com/careers/onia.html","CANDIDATE_NOT_CERTIFIED"
"ONIVERSE","ONIVERSE","at | be | de | fr | nl","cmtne0bra03erqq4z1zo8emif","wttj-sector:ACTIVE | oniverse:ACTIVE","wttj-sector | generic-listing","https://careers.oniverse.it/fr-FR/home","134","115","https://at.fashionjobs.com/karriere-arbeitspl%C3%A4tze/oniverse.html | https://be.fashionjobs.com/recrutement/oniverse.html | https://de.fashionjobs.com/karriere-arbeitspl%C3%A4tze/oniverse.html | https://fr.fashionjobs.com/recrutement/oniverse.html | https://nl.fashionjobs.com/vacatures-careers/oniverse.html","CANDIDATE_NOT_CERTIFIED"
"ONLY","ONLY","be | cl | dk | fi | no | uk | uy","","","","","","","https://be.fashionjobs.com/recrutement/only.html | https://cl.fashionjobs.com/careers-empleo/only.html | https://dk.fashionjobs.com/careers/only.html | https://fi.fashionjobs.com/careers/only.html | https://no.fashionjobs.com/careers/only.html | https://uk.fashionjobs.com/careers/only.html | https://uy.fashionjobs.com/careers-empleo/only.html","CANDIDATE_NOT_CERTIFIED"
"ONLY FOR MEN","ONLY FOR MEN","nl","","","","","","","https://nl.fashionjobs.com/vacatures-careers/only-for-men.html","CANDIDATE_NOT_CERTIFIED"
"ONLY STORES","ONLY STORES FRANCE","fr","cmtkdvucs1rn0nf2bc64zqrgw","","","","","","https://fr.fashionjobs.com/recrutement/only-stores-france.html","CANDIDATE_NOT_CERTIFIED"
"ONORU","ONORU","mx","","","","","","","https://mx.fashionjobs.com/careers-empleo/onoru.html","CANDIDATE_NOT_CERTIFIED"
"OPALITE MUSIC","OPALITE MUSIC","fr","cmtkdvyl11t2fnf2bhs0ofndn","","","","","","https://fr.fashionjobs.com/recrutement/opalite-music.html","CANDIDATE_NOT_CERTIFIED"
"OPTICAL EXPRESS","OPTICAL EXPRESS","uk","","","","","","","https://uk.fashionjobs.com/careers/optical-express.html","CANDIDATE_NOT_CERTIFIED"
"ORNELI","ORNELI","fr","","","","","","","https://fr.fashionjobs.com/recrutement/orneli.html","CANDIDATE_NOT_CERTIFIED"
"ORVEON","ORVEON","de | ie | mx | nl | uk | us","","","","","","","https://de.fashionjobs.com/karriere-arbeitspl%C3%A4tze/orveon.html | https://ie.fashionjobs.com/careers/orveon.html | https://mx.fashionjobs.com/careers-empleo/orveon.html | https://nl.fashionjobs.com/vacatures-careers/orveon.html | https://uk.fashionjobs.com/careers/orveon.html | https://us.fashionjobs.com/careers/orveon.html","CANDIDATE_NOT_CERTIFIED"
"OTB","OTB","us","","","","","","","https://us.fashionjobs.com/careers/otb.html","CANDIDATE_NOT_CERTIFIED"
"OTB SPA","OTB SPA","ca | us","","","","","","","https://ca.fashionjobs.com/careers/otb-spa.html | https://us.fashionjobs.com/careers/otb-spa.html","CANDIDATE_NOT_CERTIFIED"
"OTTO","OTTO","de","","","","","","","https://de.fashionjobs.com/karriere-arbeitspl%C3%A4tze/otto.html","CANDIDATE_NOT_CERTIFIED"
"OUKA LONDON LTD","OUKA LONDON LTD","uk","","","","","","","https://uk.fashionjobs.com/careers/ouka-london-ltd.html","CANDIDATE_NOT_CERTIFIED"
"OUTSIDE THE BOX","OUTSIDE THE BOX","uk","","","","","","","https://uk.fashionjobs.com/careers/outside-the-box.html","CANDIDATE_NOT_CERTIFIED"
"OYSHO","OYSHO","be | bg | ch | gr | mx | ro | sk","","","","","","","https://be.fashionjobs.com/recrutement/oysho.html | https://bg.fashionjobs.com/careers/oysho.html | https://ch.fashionjobs.com/recrutement/oysho.html | https://gr.fashionjobs.com/careers/oysho.html | https://mx.fashionjobs.com/careers-empleo/oysho.html | https://ro.fashionjobs.com/careers/oysho.html | https://sk.fashionjobs.com/careers/oysho.html","CANDIDATE_NOT_CERTIFIED"
"P A R O S H P R SPA","P.A.R.O.S.H. - P.R. SPA","it","","","","","","","https://it.fashionjobs.com/lavora-con-noi/p-a-r-o-s-h-p-r-spa.html","CANDIDATE_NOT_CERTIFIED"
"PACO RABANNE MODE","PACO RABANNE MODE","fr","cmtkdvxx41sufnf2b1rgv1kd1","fashionjobs:PAUSED","fashionjobs","","2","2","https://fr.fashionjobs.com/recrutement/paco-rabanne-mode.html","CANDIDATE_NOT_CERTIFIED"
"PACSUN","PACSUN","us","","","","","","","https://us.fashionjobs.com/careers/pacsun.html","CANDIDATE_NOT_CERTIFIED"
"PAIN DE SUCRE","PAIN DE SUCRE","fr","cmtkdvul11rqfnf2bhcu5g9al","","","","","","https://fr.fashionjobs.com/recrutement/pain-de-sucre.html","CANDIDATE_NOT_CERTIFIED"
"PALMER INTERNATIONAL","PALMER INTERNATIONAL","fr","cmtkdvv0b1rwunf2buofei3le","","","","","","https://fr.fashionjobs.com/recrutement/palmer-international.html","CANDIDATE_NOT_CERTIFIED"
"PALOMA","PALOMA","fr","","","","","","","https://fr.fashionjobs.com/recrutement/paloma.html","CANDIDATE_NOT_CERTIFIED"
"PANDORA","PANDORA","ar | at | au | br | ca | ch | cl | co | de | fr | gr | ie | jp | mx | no | nz | pa | pe | pl | pt | sg | th | uk | us","cmtjwf6ge08pfo72b7oqm8q3c","wttj-sector:ACTIVE | pandora-talenthub:ACTIVE","wttj-sector | generic-listing","https://careers.pandoragroup.com/fr/jobs/page/{page}","1937","119","https://ar.fashionjobs.com/careers-empleo/pandora.html | https://at.fashionjobs.com/karriere-arbeitspl%C3%A4tze/pandora.html | https://au.fashionjobs.com/careers/pandora.html | https://br.fashionjobs.com/recrutamento-careers/pandora.html | https://ca.fashionjobs.com/careers/pandora.html | https://ch.fashionjobs.com/recrutement/pandora.html | https://cl.fashionjobs.com/careers-empleo/pandora.html | https://co.fashionjobs.com/careers-empleo/pandora.html | https://de.fashionjobs.com/karriere-arbeitspl%C3%A4tze/pandora.html | https://fr.fashionjobs.com/recrutement/pandora.html | https://gr.fashionjobs.com/careers/pandora.html | https://ie.fashionjobs.com/careers/pandora.html | https://jp.fashionjobs.com/%E3%83%AA%E3%82%AF%E3%83%AB%E3%83%BC%E3%83%88/pandora.html | https://mx.fashionjobs.com/careers-empleo/pandora.html | https://no.fashionjobs.com/careers/pandora.html | https://nz.fashionjobs.com/careers/pandora.html | https://pa.fashionjobs.com/careers-empleo/pandora.html | https://pe.fashionjobs.com/careers-empleo/pandora.html | https://pl.fashionjobs.com/en-pl/careers/pandora.html | https://pt.fashionjobs.com/recrutamento-careers/pandora.html | https://sg.fashionjobs.com/careers/pandora.html | https://th.fashionjobs.com/careers/pandora.html | https://uk.fashionjobs.com/careers/pandora.html | https://us.fashionjobs.com/careers/pandora.html","CANDIDATE_NOT_CERTIFIED"
"PARAISO","PARAISO","es","","","","","","","https://es.fashionjobs.com/careers-empleo/paraiso.html","CANDIDATE_NOT_CERTIFIED"
"PARAMOUR","PARAMOUR","fr","cmtkdw0f81tidnf2b7vv03ul0","fashionjobs:PAUSED","fashionjobs","","1","1","https://fr.fashionjobs.com/recrutement/paramour.html","CANDIDATE_NOT_CERTIFIED"
"PARFOIS","PARFOIS","pt","","","","","","","https://pt.fashionjobs.com/recrutamento-careers/parfois.html","CANDIDATE_NOT_CERTIFIED"
"PARFUMDREAMS","PARFUMDREAMS","de","","","","","","","https://de.fashionjobs.com/karriere-arbeitspl%C3%A4tze/parfumdreams.html","CANDIDATE_NOT_CERTIFIED"
"PARFUMS CHRISTIAN DIOR","PARFUMS CHRISTIAN DIOR","ca | fr | us","cmtk48ead1bvtny2br5o6wk5j","lvmh:ACTIVE | fashionjobs:PAUSED","lvmh_algolia | fashionjobs","","253","120","https://ca.fashionjobs.com/careers/parfums-christian-dior.html | https://fr.fashionjobs.com/recrutement/parfums-christian-dior.html | https://us.fashionjobs.com/careers/parfums-christian-dior.html","CANDIDATE_NOT_CERTIFIED"
"PARIS DES CREATEURS","PARIS DES CRÉATEURS","fr","","","","","","","https://fr.fashionjobs.com/recrutement/paris-des-createurs.html","CANDIDATE_NOT_CERTIFIED"
"PASCALE VENOT","PASCALE VENOT","fr","","","","","","","https://fr.fashionjobs.com/recrutement/pascale-venot.html","CANDIDATE_NOT_CERTIFIED"
"PATAGONIA","PATAGONIA","de | nl | se","","","","","","","https://de.fashionjobs.com/karriere-arbeitspl%C3%A4tze/patagonia.html | https://nl.fashionjobs.com/vacatures-careers/patagonia.html | https://se.fashionjobs.com/careers/patagonia.html","CANDIDATE_NOT_CERTIFIED"
"PATEK PHILIPPE","PATEK PHILIPPE","ch","cmtk1x78x00m0nv2bfhsot1ji","patek-philippe:ACTIVE","successfactors","https://careers.patek.com","19","0","https://ch.fashionjobs.com/recrutement/patek-philippe.html","CANDIDATE_NOT_CERTIFIED"
"PATINE","PATINE","fr","","","","","","","https://fr.fashionjobs.com/recrutement/patine.html","CANDIDATE_NOT_CERTIFIED"
"PATRICK PARIS AGENCY","PATRICK PARIS AGENCY","be","","","","","","","https://be.fashionjobs.com/recrutement/patrick-paris-agency.html","CANDIDATE_NOT_CERTIFIED"
"PAUL AND JOE","PAUL & JOE","fr","cmtkdvvre1s6qnf2brz4pdh60","","","","","","https://fr.fashionjobs.com/recrutement/paul-joe.html","CANDIDATE_NOT_CERTIFIED"
"PAUL MITCHELL SCHOOL","PAUL MITCHELL SCHOOL","us","","","","","","","https://us.fashionjobs.com/careers/paul-mitchell-school.html","CANDIDATE_NOT_CERTIFIED"
"PAUL SMITH","PAUL SMITH","us","","","","","","","https://us.fashionjobs.com/careers/paul-smith.html","CANDIDATE_NOT_CERTIFIED"
"PAVLOV GLOBAL","PAVLOV GLOBAL","fr","","","","","","","https://fr.fashionjobs.com/recrutement/pavlov-global.html","CANDIDATE_NOT_CERTIFIED"
"PDPAOLA","PDPAOLA","es","","","","","","","https://es.fashionjobs.com/careers-empleo/pdpaola.html","CANDIDATE_NOT_CERTIFIED"
"PEAK PERFORMANCE","PEAK PERFORMANCE","ca | dk | no | se","cmtlygmu702bkqf5kzswd8475","peak-performance:ACTIVE","teamtailor","https://peakperformance.teamtailor.com","10","0","https://ca.fashionjobs.com/careers/peak-performance.html | https://dk.fashionjobs.com/careers/peak-performance.html | https://no.fashionjobs.com/careers/peak-performance.html | https://se.fashionjobs.com/careers/peak-performance.html","CANDIDATE_NOT_CERTIFIED"
"PEEK AND CLOPPENBURG","PEEK & CLOPPENBURG","at | bg | cz | de | hr | hu | lt | lv | nl | pl | ro","","","","","","","https://at.fashionjobs.com/karriere-arbeitspl%C3%A4tze/peek-cloppenburg.html | https://bg.fashionjobs.com/careers/peek-cloppenburg.html | https://cz.fashionjobs.com/karriere-arbeitspl%C3%A4tze/peek-cloppenburg.html | https://de.fashionjobs.com/karriere-arbeitspl%C3%A4tze/peek-cloppenburg.html | https://hr.fashionjobs.com/careers/peek-cloppenburg.html | https://hu.fashionjobs.com/careers/peek-cloppenburg.html | https://lt.fashionjobs.com/careers/peek-cloppenburg.html | https://lv.fashionjobs.com/careers/peek-cloppenburg.html | https://nl.fashionjobs.com/vacatures-careers/peek-cloppenburg.html | https://pl.fashionjobs.com/en-pl/careers/peek-cloppenburg.html | https://ro.fashionjobs.com/careers/peek-cloppenburg.html","CANDIDATE_NOT_CERTIFIED"
"PEEK AND CLOPPENBURG KG HAMBURG","PEEK&CLOPPENBURG KG HAMBURG","de","","","","","","","https://de.fashionjobs.com/karriere-arbeitspl%C3%A4tze/peek-cloppenburg-kg-hamburg.html","CANDIDATE_NOT_CERTIFIED"
"PENTLAND","PENTLAND","ca | in | uk | us","","","","","","","https://ca.fashionjobs.com/careers/pentland.html | https://in.fashionjobs.com/careers/pentland.html | https://uk.fashionjobs.com/careers/pentland.html | https://us.fashionjobs.com/careers/pentland.html","CANDIDATE_NOT_CERTIFIED"
"PEOPLE MARKETING","PEOPLE MARKETING","uk","","","","","","","https://uk.fashionjobs.com/careers/people-marketing.html","CANDIDATE_NOT_CERTIFIED"
"PEPPE PIZZERIA","PEPPE PIZZERIA","fr","","","","","","","https://fr.fashionjobs.com/recrutement/peppe-pizzeria.html","CANDIDATE_NOT_CERTIFIED"
"PERCASSI","PERCASSI","fr","cmtkdvyol1t39nf2bydq6zztr","fashionjobs:PAUSED","fashionjobs","","8","8","https://fr.fashionjobs.com/recrutement/percassi.html","CANDIDATE_NOT_CERTIFIED"
"PERRIER COMMUNICATION","PERRIER COMMUNICATION","fr","cmtkdw04c1tfcnf2bhdjdv9g7","fashionjobs:PAUSED","fashionjobs","","1","1","https://fr.fashionjobs.com/recrutement/perrier-communication.html","CANDIDATE_NOT_CERTIFIED"
"PERRY ELLIS","PERRY ELLIS","us","","","","","","","https://us.fashionjobs.com/careers/perry-ellis.html","CANDIDATE_NOT_CERTIFIED"
"PERSEE PARIS","PERSÉE PARIS","fr","","","","","","","https://fr.fashionjobs.com/recrutement/persee-paris.html","CANDIDATE_NOT_CERTIFIED"
"PERSONAL SELLER PARIS","PERSONAL SELLER PARIS","fr","cmtkdvut11rtxnf2bbx2stelb","","","","","","https://fr.fashionjobs.com/recrutement/personal-seller-paris.html","CANDIDATE_NOT_CERTIFIED"
"PETIT BATEAU","PETIT BATEAU","fr | nl | uk","cmtk1xrp9020anv2bx7tlltw0","petit-bateau:ACTIVE | fashionjobs:PAUSED","smartrecruiters-whitelabel | fashionjobs","https://careers.smartrecruiters.com/PetitBateau","56","46","https://fr.fashionjobs.com/recrutement/petit-bateau.html | https://nl.fashionjobs.com/vacatures-careers/petit-bateau.html | https://uk.fashionjobs.com/careers/petit-bateau.html","CANDIDATE_NOT_CERTIFIED"
"PFCMNA SPA","PFCMNA SPA","it","","","","","","","https://it.fashionjobs.com/lavora-con-noi/pfcmna-spa.html","CANDIDATE_NOT_CERTIFIED"
"PFG LOGISTICS GMBH","PFG LOGISTICS GMBH","de","","","","","","","https://de.fashionjobs.com/karriere-arbeitspl%C3%A4tze/pfg-logistics-gmbh.html","CANDIDATE_NOT_CERTIFIED"
"PHILIPP PLEIN","PHILIPP PLEIN","es | it","","","","","","","https://es.fashionjobs.com/careers-empleo/philipp-plein.html | https://it.fashionjobs.com/lavora-con-noi/philipp-plein.html","CANDIDATE_NOT_CERTIFIED"
"PHILIPPE MODEL","PHILIPPE MODEL","fr","cmtkdvvps1s62nf2bsgeq4q8i","","","","","","https://fr.fashionjobs.com/recrutement/philippe-model.html","CANDIDATE_NOT_CERTIFIED"
"PIAGET","PIAGET","us","cmtm7vjwi13ijpv5jzwlbc7k8","richemont-workday:ACTIVE | richemont:ACTIVE","workday","https://richemont.wd3.myworkdayjobs.com | https://richemont.wd3.myworkdayjobs.com","24","0","https://us.fashionjobs.com/careers/piaget.html","CANDIDATE_NOT_CERTIFIED"
"PIAPARIS","PIAPARIS","fr","cmtkdvukc1rq3nf2b2xq90dvh","","","","","","https://fr.fashionjobs.com/recrutement/piaparis.html","CANDIDATE_NOT_CERTIFIED"
"PIECES","PIECES","be | ch | dk | nl","","","","","","","https://be.fashionjobs.com/recrutement/pieces.html | https://ch.fashionjobs.com/recrutement/pieces.html | https://dk.fashionjobs.com/careers/pieces.html | https://nl.fashionjobs.com/vacatures-careers/pieces.html","CANDIDATE_NOT_CERTIFIED"
"PIERRE HERME","PIERRE HERME","ae","","","","","","","https://ae.fashionjobs.com/careers/pierre-herme.html","CANDIDATE_NOT_CERTIFIED"
"PINKO","PINKO","es | it","","","","","","","https://es.fashionjobs.com/careers-empleo/pinko.html | https://it.fashionjobs.com/lavora-con-noi/pinko.html","CANDIDATE_NOT_CERTIFIED"
"PKZ","PKZ","ch","","","","","","","https://ch.fashionjobs.com/recrutement/pkz.html","CANDIDATE_NOT_CERTIFIED"
"PLAGE PALOMA","PLAGE PALOMA","fr","","","","","","","https://fr.fashionjobs.com/recrutement/plage-paloma.html","CANDIDATE_NOT_CERTIFIED"
"PLAQ","PLAQ","fr","cmtkdvxhm1spenf2bhopz9nlc","","","","","","https://fr.fashionjobs.com/recrutement/plaq.html","CANDIDATE_NOT_CERTIFIED"
"PLEASURE PARIS","PLEASURE PARIS","fr","","","","","","","https://fr.fashionjobs.com/recrutement/pleasure-paris.html","CANDIDATE_NOT_CERTIFIED"
"PM STUDIO PARIS","PM STUDIO PARIS","fr","cmtpz4oci04kn3ncq1biagbnv","wttj-sector:ACTIVE","wttj-sector","","6","6","https://fr.fashionjobs.com/recrutement/pm-studio-paris.html","CANDIDATE_NOT_CERTIFIED"
"POINT CARRE","POINT CARRÉ SA","be","","","","","","","https://be.fashionjobs.com/recrutement/point-carre-sa.html","CANDIDATE_NOT_CERTIFIED"
"POINT PLUME","POINT PLUME","fr","cmtnac11o2se4qq5l80cz19jg","","","","","","https://fr.fashionjobs.com/recrutement/point-plume.html","CANDIDATE_NOT_CERTIFIED"
"POIRAY INTERNATIONAL","POIRAY INTERNATIONAL","fr","cmtkdvxip1spqnf2bzqsn7awe | cmtpw96kt4k50l35m5ickofp2","fashionjobs:PAUSED","fashionjobs","","","","https://fr.fashionjobs.com/recrutement/poiray-international.html","CANDIDATE_NOT_CERTIFIED"
"POLENE","POLENE | POLÈNE","fr | it | uk","cmtk01dhf0000kc47k44sukf3","fashionjobs:PAUSED | polene:ACTIVE","fashionjobs | ashby","https://api.ashbyhq.com/posting-api/job-board/polene-paris | https://jobs.ashbyhq.com/polene-paris | https://www.polene-paris.com/blogs/rh/careers","79","46","https://fr.fashionjobs.com/recrutement/polene.html | https://it.fashionjobs.com/lavora-con-noi/polene.html | https://uk.fashionjobs.com/careers/polene.html","CANDIDATE_NOT_CERTIFIED"
"POMELLATO","POMELLATO","cn | hk | jp | mx | sg | uk | us","cmtpukulu299jl35m7o9uu7n5","kering:ACTIVE","eightfold","https://careers.kering.com","29","0","https://cn.fashionjobs.com/%E6%8B%9B%E8%81%98/pomellato.html | https://hk.fashionjobs.com/careers/pomellato.html | https://jp.fashionjobs.com/%E3%83%AA%E3%82%AF%E3%83%AB%E3%83%BC%E3%83%88/pomellato.html | https://mx.fashionjobs.com/careers-empleo/pomellato.html | https://sg.fashionjobs.com/careers/pomellato.html | https://uk.fashionjobs.com/careers/pomellato.html | https://us.fashionjobs.com/careers/pomellato.html","CANDIDATE_NOT_CERTIFIED"
"POP MY NAILS","POP MY NAILS","fr","","","","","","","https://fr.fashionjobs.com/recrutement/pop-my-nails.html","CANDIDATE_NOT_CERTIFIED"
"POPKEN FASHION GMBH","POPKEN FASHION GMBH","at | be | ch | de | lu | nl","","","","","","","https://at.fashionjobs.com/karriere-arbeitspl%C3%A4tze/popken-fashion-gmbh.html | https://be.fashionjobs.com/recrutement/popken-fashion-gmbh.html | https://ch.fashionjobs.com/recrutement/popken-fashion-gmbh.html | https://de.fashionjobs.com/karriere-arbeitspl%C3%A4tze/popken-fashion-gmbh.html | https://lu.fashionjobs.com/recrutement/popken-fashion-gmbh.html | https://nl.fashionjobs.com/vacatures-careers/popken-fashion-gmbh.html","CANDIDATE_NOT_CERTIFIED"
"POPKEN FASHION SERVICES GMBH","POPKEN FASHION SERVICES GMBH","de","","","","","","","https://de.fashionjobs.com/karriere-arbeitspl%C3%A4tze/popken-fashion-services-gmbh.html","CANDIDATE_NOT_CERTIFIED"
"PORTUGAL JEWELS","PORTUGAL JEWELS","pt","","","","","","","https://pt.fashionjobs.com/recrutamento-careers/portugal-jewels.html","CANDIDATE_NOT_CERTIFIED"
"POSTURE FASHION AGENCY","POSTURE FASHION AGENCY","fr","cmtkdvyfy1t0snf2bgtnt9x0y","fashionjobs:PAUSED","fashionjobs","","2","2","https://fr.fashionjobs.com/recrutement/posture-fashion-agency.html","CANDIDATE_NOT_CERTIFIED"
"PR CONSULTING PARIS","PR CONSULTING PARIS","fr","cmtp868u13rmbqq4ztjczy5br","fashionjobs:PAUSED","fashionjobs","","1","1","https://fr.fashionjobs.com/recrutement/pr-consulting-paris.html","CANDIDATE_NOT_CERTIFIED"
"PRADA","PRADA","at | au | be | ca | cz | de | fr | hk | jp | nl | no | pt | sa | se | sg | th | tr | tw | uk | us","cmtp8686e3rh3qq4z7tykspax","fashionjobs:PAUSED","fashionjobs","","2","2","https://at.fashionjobs.com/karriere-arbeitspl%C3%A4tze/prada.html | https://au.fashionjobs.com/careers/prada.html | https://be.fashionjobs.com/recrutement/prada.html | https://ca.fashionjobs.com/careers/prada.html | https://cz.fashionjobs.com/karriere-arbeitspl%C3%A4tze/prada.html | https://de.fashionjobs.com/karriere-arbeitspl%C3%A4tze/prada.html | https://fr.fashionjobs.com/recrutement/prada.html | https://hk.fashionjobs.com/careers/prada.html | https://jp.fashionjobs.com/%E3%83%AA%E3%82%AF%E3%83%AB%E3%83%BC%E3%83%88/prada.html | https://nl.fashionjobs.com/vacatures-careers/prada.html | https://no.fashionjobs.com/careers/prada.html | https://pt.fashionjobs.com/recrutamento-careers/prada.html | https://sa.fashionjobs.com/careers/prada.html | https://se.fashionjobs.com/careers/prada.html | https://sg.fashionjobs.com/careers/prada.html | https://th.fashionjobs.com/careers/prada.html | https://tr.fashionjobs.com/i%C5%9Fe-al%C4%B1m/prada.html | https://tw.fashionjobs.com/careers/prada.html | https://uk.fashionjobs.com/careers/prada.html | https://us.fashionjobs.com/careers/prada.html","CANDIDATE_NOT_CERTIFIED"
"PRADA GROUP","PRADA GROUP","us","cmtn5dgoo0b8pqq5lh5676e8v","prada-group:ACTIVE","successfactors","https://jobs.pradagroup.com","103","5","https://us.fashionjobs.com/careers/prada-group.html","CANDIDATE_NOT_CERTIFIED"
"PRAGMA","PRAGMA","fr","cmtkdvvxk1s8znf2bxnfuzkgb","","","","","","https://fr.fashionjobs.com/recrutement/pragma.html","CANDIDATE_NOT_CERTIFIED"
"PREMIERE VISION","PREMIERE VISION","fr","","","","","","","https://fr.fashionjobs.com/recrutement/premiere-vision.html","CANDIDATE_NOT_CERTIFIED"
"PRESTIGE AVENUE","PRESTIGE AVENUE","fr","","","","","","","https://fr.fashionjobs.com/recrutement/prestige-avenue.html","CANDIDATE_NOT_CERTIFIED"
"PRETTYLITTLETHING","PRETTYLITTLETHING","uk","","","","","","","https://uk.fashionjobs.com/careers/prettylittlething.html","CANDIDATE_NOT_CERTIFIED"
"PRIMA TALENT","PRIMA TALENT","es","","","","","","","https://es.fashionjobs.com/careers-empleo/prima-talent.html","CANDIDATE_NOT_CERTIFIED"
"PRIMA TALENT MANAGEMENT","PRIMA TALENT MANAGEMENT","es","","","","","","","https://es.fashionjobs.com/careers-empleo/prima-talent-management.html","CANDIDATE_NOT_CERTIFIED"
"PRIMARK","PRIMARK","at | be | cz | de | fr | hu | ie | nl | pl | pt | ro | si | sk | uk | us","cmtn76cbr1guhqq5lw7243y4e","primark:ACTIVE","smartrecruiters-whitelabel","","929","67","https://at.fashionjobs.com/karriere-arbeitspl%C3%A4tze/primark.html | https://be.fashionjobs.com/recrutement/primark.html | https://cz.fashionjobs.com/karriere-arbeitspl%C3%A4tze/primark.html | https://de.fashionjobs.com/karriere-arbeitspl%C3%A4tze/primark.html | https://fr.fashionjobs.com/recrutement/primark.html | https://hu.fashionjobs.com/careers/primark.html | https://ie.fashionjobs.com/careers/primark.html | https://nl.fashionjobs.com/vacatures-careers/primark.html | https://pl.fashionjobs.com/en-pl/careers/primark.html | https://pt.fashionjobs.com/recrutamento-careers/primark.html | https://ro.fashionjobs.com/careers/primark.html | https://si.fashionjobs.com/careers/primark.html | https://sk.fashionjobs.com/careers/primark.html | https://uk.fashionjobs.com/careers/primark.html | https://us.fashionjobs.com/careers/primark.html","CANDIDATE_NOT_CERTIFIED"
"PRIMM S","PRIMM'S","us","","","","","","","https://us.fashionjobs.com/careers/primm-s.html","CANDIDATE_NOT_CERTIFIED"
"PRINCESSE TAM TAM","PRINCESSE TAM TAM","fr","cmtkdw36f1udznf2b2l37ywkp","","","","","","https://fr.fashionjobs.com/recrutement/princesse-tam-tam.html","CANDIDATE_NOT_CERTIFIED"
"PROJECT X PARIS","PROJECT X PARIS","fr","cmtkdvw4j1sannf2bmoef4bim","","","","","","https://fr.fashionjobs.com/recrutement/project-x-paris.html","CANDIDATE_NOT_CERTIFIED"
"PROMOD MAGASIN","PROMOD - MAGASIN","ch","cmtpkx0bb59q9pf5le0vx07cg","fashionjobs:PAUSED","fashionjobs","","2","2","https://ch.fashionjobs.com/recrutement/promod-magasin.html","CANDIDATE_NOT_CERTIFIED"
"PRONOVIAS","PRONOVIAS","es | fr | mx | pt | us","cmtlyj52707cbqf5kakmthuio","pronovias:ACTIVE","teamtailor","https://careers.pronovias.com","35","9","https://es.fashionjobs.com/careers-empleo/pronovias-group.html | https://fr.fashionjobs.com/recrutement/pronovias.html | https://mx.fashionjobs.com/careers-empleo/pronovias.html | https://pt.fashionjobs.com/recrutamento-careers/pronovias.html | https://us.fashionjobs.com/careers/pronovias.html","CANDIDATE_NOT_CERTIFIED"
"PROTOTEXTILE","PROTOTEXTILE","fr","cmtkdvztw1tc8nf2bvomrp7jo","fashionjobs:PAUSED","fashionjobs","","2","2","https://fr.fashionjobs.com/recrutement/prototextile.html","CANDIDATE_NOT_CERTIFIED"
"PROVALLIANCE","PROVALLIANCE","fr","","","","","","","https://fr.fashionjobs.com/recrutement/provalliance.html","CANDIDATE_NOT_CERTIFIED"
"PSYCHO BUNNY","PSYCHO BUNNY","ca | us","cmtlygsbd02dkqf5kpbjp81jd","psycho-bunny:ACTIVE","generic-listing","https://careers.psychobunny.com/job-search","10","0","https://ca.fashionjobs.com/careers/psycho-bunny.html | https://us.fashionjobs.com/careers/psycho-bunny.html","CANDIDATE_NOT_CERTIFIED"
"PUBLICIS CONSEIL L OREAL","PUBLICIS CONSEIL - L'ORÉAL","fr","","","","","","","https://fr.fashionjobs.com/recrutement/publicis-conseil-l-oreal.html","CANDIDATE_NOT_CERTIFIED"
"PUCCI","PUCCI","us","","","","","","","https://us.fashionjobs.com/careers/pucci.html","CANDIDATE_NOT_CERTIFIED"
"PULL AND BEAR","PULL&BEAR","at | be | bg | ch | de | gr | hr | mx | nl | pl | pt | ro | sk | ua","","","","","","","https://at.fashionjobs.com/karriere-arbeitspl%C3%A4tze/pull-bear.html | https://be.fashionjobs.com/recrutement/pull-bear.html | https://bg.fashionjobs.com/careers/pull-bear.html | https://ch.fashionjobs.com/recrutement/pull-bear.html | https://de.fashionjobs.com/karriere-arbeitspl%C3%A4tze/pull-bear.html | https://gr.fashionjobs.com/careers/pull-bear.html | https://hr.fashionjobs.com/careers/pull-bear.html | https://mx.fashionjobs.com/careers-empleo/pull-bear.html | https://nl.fashionjobs.com/vacatures-careers/pull-bear.html | https://pl.fashionjobs.com/en-pl/careers/pull-bear.html | https://pt.fashionjobs.com/recrutamento-careers/pull-bear.html | https://ro.fashionjobs.com/careers/pull-bear.html | https://sk.fashionjobs.com/careers/pull-bear.html | https://ua.fashionjobs.com/%D0%BF%D0%BE%D0%B4%D0%B1%D0%BE%D1%80-%D0%BF%D0%B5%D1%80%D1%81%D0%BE%D0%BD%D0%B0%D0%BB%D0%B0/pull-bear.html","CANDIDATE_NOT_CERTIFIED"
"PUMA","PUMA","ae | ar | at | au | br | ca | ch | cl | cn | cz | de | dk | fr | hk | id | in | jp | kr | mx | nl | nz | pe | ph | pl | pt | se | sg | th | tr | ua | uk | us | vn","","","","","","","https://ae.fashionjobs.com/careers/puma.html | https://ar.fashionjobs.com/careers-empleo/puma.html | https://at.fashionjobs.com/karriere-arbeitspl%C3%A4tze/puma.html | https://au.fashionjobs.com/careers/puma.html | https://br.fashionjobs.com/recrutamento-careers/puma.html | https://ca.fashionjobs.com/careers/puma.html | https://ch.fashionjobs.com/recrutement/puma.html | https://cl.fashionjobs.com/careers-empleo/puma.html | https://cn.fashionjobs.com/%E6%8B%9B%E8%81%98/puma.html | https://cz.fashionjobs.com/karriere-arbeitspl%C3%A4tze/puma.html | https://de.fashionjobs.com/karriere-arbeitspl%C3%A4tze/puma.html | https://dk.fashionjobs.com/careers/puma.html | https://fr.fashionjobs.com/recrutement/puma.html | https://hk.fashionjobs.com/careers/puma.html | https://id.fashionjobs.com/careers/puma.html | https://in.fashionjobs.com/careers/puma.html | https://jp.fashionjobs.com/%E3%83%AA%E3%82%AF%E3%83%AB%E3%83%BC%E3%83%88/puma.html | https://kr.fashionjobs.com/careers/puma.html | https://mx.fashionjobs.com/careers-empleo/puma.html | https://nl.fashionjobs.com/vacatures-careers/puma.html | https://nz.fashionjobs.com/careers/puma.html | https://pe.fashionjobs.com/careers-empleo/puma.html | https://ph.fashionjobs.com/careers/puma.html | https://pl.fashionjobs.com/en-pl/careers/puma.html | https://pt.fashionjobs.com/recrutamento-careers/puma.html | https://se.fashionjobs.com/careers/puma.html | https://sg.fashionjobs.com/careers/puma.html | https://th.fashionjobs.com/careers/puma.html | https://tr.fashionjobs.com/i%C5%9Fe-al%C4%B1m/puma.html | https://ua.fashionjobs.com/%D0%BF%D0%BE%D0%B4%D0%B1%D0%BE%D1%80-%D0%BF%D0%B5%D1%80%D1%81%D0%BE%D0%BD%D0%B0%D0%BB%D0%B0/puma.html | https://uk.fashionjobs.com/careers/puma.html | https://us.fashionjobs.com/careers/puma.html | https://vn.fashionjobs.com/careers/puma.html","CANDIDATE_NOT_CERTIFIED"
"PURE TRADE","PURE TRADE","fr","","","","","","","https://fr.fashionjobs.com/recrutement/pure-trade.html","CANDIDATE_NOT_CERTIFIED"
"PURIFICACION GARCIA","PURIFICACIÓN GARCÍA","pt","","","","","","","https://pt.fashionjobs.com/recrutamento-careers/purificacion-garcia.html","CANDIDATE_NOT_CERTIFIED"
"PVH","PVH","at | au | be | ca | ch | cn | cz | de | dk | fi | fr | hk | ie | it | kr | nl | no | nz | pl | se | tr | tw | uk | us","cmtpjsp7t2oscpf5llnw44g9z","pvh:ACTIVE","generic-listing","https://careers.pvh.com/sitemap.xml","1379","90","https://at.fashionjobs.com/karriere-arbeitspl%C3%A4tze/pvh.html | https://au.fashionjobs.com/careers/pvh.html | https://be.fashionjobs.com/recrutement/pvh.html | https://ca.fashionjobs.com/careers/pvh.html | https://ch.fashionjobs.com/recrutement/pvh.html | https://cn.fashionjobs.com/%E6%8B%9B%E8%81%98/pvh.html | https://cz.fashionjobs.com/karriere-arbeitspl%C3%A4tze/pvh.html | https://de.fashionjobs.com/karriere-arbeitspl%C3%A4tze/pvh.html | https://dk.fashionjobs.com/careers/pvh.html | https://fi.fashionjobs.com/careers/pvh.html | https://fr.fashionjobs.com/recrutement/pvh.html | https://hk.fashionjobs.com/careers/pvh.html | https://ie.fashionjobs.com/careers/pvh.html | https://it.fashionjobs.com/lavora-con-noi/pvh.html | https://kr.fashionjobs.com/careers/pvh.html | https://nl.fashionjobs.com/vacatures-careers/pvh.html | https://no.fashionjobs.com/careers/pvh.html | https://nz.fashionjobs.com/careers/pvh.html | https://pl.fashionjobs.com/en-pl/careers/pvh.html | https://se.fashionjobs.com/careers/pvh.html | https://tr.fashionjobs.com/i%C5%9Fe-al%C4%B1m/pvh.html | https://tw.fashionjobs.com/careers/pvh.html | https://uk.fashionjobs.com/careers/pvh.html | https://us.fashionjobs.com/careers/pvh.html","CANDIDATE_NOT_CERTIFIED"
"PYRATEX","PYRATEX®","es","","","","","","","https://es.fashionjobs.com/careers-empleo/pyratex-.html","CANDIDATE_NOT_CERTIFIED"
"QEELIN","QEELIN","cn | hk","cmtpukwfg29u7l35mwnpobyd8","kering:ACTIVE","eightfold","https://careers.kering.com","9","0","https://cn.fashionjobs.com/%E6%8B%9B%E8%81%98/qeelin.html | https://hk.fashionjobs.com/careers/qeelin.html","CANDIDATE_NOT_CERTIFIED"
"QS","QS","de","","","","","","","https://de.fashionjobs.com/karriere-arbeitspl%C3%A4tze/qs.html","CANDIDATE_NOT_CERTIFIED"
"QUELTON","QUELTON","it","","","","","","","https://it.fashionjobs.com/lavora-con-noi/quelton.html","CANDIDATE_NOT_CERTIFIED"
"QUICK INTERIM","QUICK INTERIM","fr","","","","","","","https://fr.fashionjobs.com/recrutement/quick-interim.html","CANDIDATE_NOT_CERTIFIED"
"RAG AND BONE","RAG & BONE","us","cmtkdw3m71uj9nf2b767u7mkh","","","","","","https://us.fashionjobs.com/careers/rag-bone.html","CANDIDATE_NOT_CERTIFIED"
"RAINS","RAINS","dk | no | se","","","","","","","https://dk.fashionjobs.com/careers/rains.html | https://no.fashionjobs.com/careers/rains.html | https://se.fashionjobs.com/careers/rains.html","CANDIDATE_NOT_CERTIFIED"
"RALPH LAUREN","RALPH LAUREN","at | be | ca | ch | de | fr | gr | hk | ie | nl | pl | pt | se | tw | uk | us","cmtkdvy3z1swwnf2bo3y8vb22","fashionjobs:PAUSED | ralph-lauren-avature:ACTIVE","fashionjobs | avature","https://careers.ralphlauren.com","1097","26","https://at.fashionjobs.com/karriere-arbeitspl%C3%A4tze/ralph-lauren.html | https://be.fashionjobs.com/recrutement/ralph-lauren.html | https://ca.fashionjobs.com/careers/ralph-lauren.html | https://ch.fashionjobs.com/recrutement/ralph-lauren.html | https://de.fashionjobs.com/karriere-arbeitspl%C3%A4tze/ralph-lauren.html | https://fr.fashionjobs.com/recrutement/ralph-lauren.html | https://gr.fashionjobs.com/careers/ralph-lauren.html | https://hk.fashionjobs.com/careers/ralph-lauren.html | https://ie.fashionjobs.com/careers/ralph-lauren.html | https://nl.fashionjobs.com/vacatures-careers/ralph-lauren.html | https://pl.fashionjobs.com/en-pl/careers/ralph-lauren.html | https://pt.fashionjobs.com/recrutamento-careers/ralph-lauren.html | https://se.fashionjobs.com/careers/ralph-lauren.html | https://tw.fashionjobs.com/careers/ralph-lauren.html | https://uk.fashionjobs.com/careers/ralph-lauren.html | https://us.fashionjobs.com/careers/ralph-lauren.html","CANDIDATE_NOT_CERTIFIED"
"RANDSTAD ITALIA","RANDSTAD ITALIA","it","","","","","","","https://it.fashionjobs.com/lavora-con-noi/randstad-italia.html","CANDIDATE_NOT_CERTIFIED"
"RECIFE PARIS","RECIFE PARIS","fr","cmtkdw1xt1ty6nf2b4dyn4u5k","","","","","","https://fr.fashionjobs.com/recrutement/recife-paris.html","CANDIDATE_NOT_CERTIFIED"
"RED WING","RED WING","us","","","","","","","https://us.fashionjobs.com/careers/red-wing.html","CANDIDATE_NOT_CERTIFIED"
"RED WING SHOE COMPANY","RED WING SHOE COMPANY","nl","","","","","","","https://nl.fashionjobs.com/vacatures-careers/red-wing-shoe-company.html","CANDIDATE_NOT_CERTIFIED"
"REDLINE","REDLINE","fr","cmtrup2zo4n0xpg5m00e2d0s0","fashionjobs:PAUSED","fashionjobs","","2","2","https://fr.fashionjobs.com/recrutement/redline.html","CANDIDATE_NOT_CERTIFIED"
"REGATTA","REGATTA","uk","","","","","","","https://uk.fashionjobs.com/careers/regatta.html","CANDIDATE_NOT_CERTIFIED"
"REGATTA IRELAND","REGATTA - IRELAND","ie","","","","","","","https://ie.fashionjobs.com/careers/regatta-ireland.html","CANDIDATE_NOT_CERTIFIED"
"REGIS CORPORATE FEED","REGIS CORPORATE FEED","ca | us","","","","","","","https://ca.fashionjobs.com/careers/regis-corporate-feed.html | https://us.fashionjobs.com/careers/regis-corporate-feed.html","CANDIDATE_NOT_CERTIFIED"
"REGIS FAMILY OF BRANDS","REGIS FAMILY OF BRANDS","ca | us","","","","","","","https://ca.fashionjobs.com/careers/regis-family-of-brands.html | https://us.fashionjobs.com/careers/regis-family-of-brands.html","CANDIDATE_NOT_CERTIFIED"
"REGIS INSTANCE FIRST CHOICE HAIRCUTTERS","REGIS INSTANCE - FIRST CHOICE HAIRCUTTERS","ca | us","","","","","","","https://ca.fashionjobs.com/careers/regis-instance-first-choice-haircutters.html | https://us.fashionjobs.com/careers/regis-instance-first-choice-haircutters.html","CANDIDATE_NOT_CERTIFIED"
"REGIS SALON","REGIS SALON","ca | uk | us","","","","","","","https://ca.fashionjobs.com/careers/regis-salon.html | https://uk.fashionjobs.com/careers/regis-salon.html | https://us.fashionjobs.com/careers/regis-salon.html","CANDIDATE_NOT_CERTIFIED"
"REI","REI","us","","","","","","","https://us.fashionjobs.com/careers/rei.html","CANDIDATE_NOT_CERTIFIED"
"REINER","REINER","fr","cmtkdvxaf1smunf2b1fvvu80k","","","","","","https://fr.fashionjobs.com/recrutement/reiner.html","CANDIDATE_NOT_CERTIFIED"
"REISS","REISS","nl | uk | us","","","","","","","https://nl.fashionjobs.com/vacatures-careers/reiss.html | https://uk.fashionjobs.com/careers/reiss.html | https://us.fashionjobs.com/careers/reiss.html","CANDIDATE_NOT_CERTIFIED"
"RENATA BRENHA","RENATA BRENHA","uk","","","","","","","https://uk.fashionjobs.com/careers/renata-brenha.html","CANDIDATE_NOT_CERTIFIED"
"RENNER","RENNER","br","","","","","","","https://br.fashionjobs.com/recrutamento-careers/renner.html","CANDIDATE_NOT_CERTIFIED"
"REPETTO","REPETTO","fr","cmtkdvuig1rp7nf2bffwmb758","fashionjobs:PAUSED","fashionjobs","","6","6","https://fr.fashionjobs.com/recrutement/repetto.html","CANDIDATE_NOT_CERTIFIED"
"RESTORATION HARDWARE","RESTORATION HARDWARE","us","","","","","","","https://us.fashionjobs.com/careers/restoration-hardware.html","CANDIDATE_NOT_CERTIFIED"
"RETAIL SEARCH SRL","RETAIL SEARCH SRL","it","","","","","","","https://it.fashionjobs.com/lavora-con-noi/retail-search-srl.html","CANDIDATE_NOT_CERTIFIED"
"REVLON","REVLON","ca | ie | mx | uk | us | za","","","","","","","https://ca.fashionjobs.com/careers/revlon.html | https://ie.fashionjobs.com/careers/revlon.html | https://mx.fashionjobs.com/careers-empleo/revlon.html | https://uk.fashionjobs.com/careers/revlon.html | https://us.fashionjobs.com/careers/revlon.html | https://za.fashionjobs.com/careers/revlon.html","CANDIDATE_NOT_CERTIFIED"
"REWORKED","REWORKED","fr","","","","","","","https://fr.fashionjobs.com/recrutement/reworked.html","CANDIDATE_NOT_CERTIFIED"
"RICHEMONT","RICHEMONT","us","cmtn69siz11vgqq5lojru10az","richemont-workday:ACTIVE | richemont:ACTIVE","workday","https://richemont.wd3.myworkdayjobs.com | https://richemont.wd3.myworkdayjobs.com","812","45","https://us.fashionjobs.com/careers/richemont.html","CANDIDATE_NOT_CERTIFIED"
"RIIS STUDIO","RIIS STUDIO","fr","","","","","","","https://fr.fashionjobs.com/recrutement/riis-studio.html","CANDIDATE_NOT_CERTIFIED"
"RIM PARFUM","RIM PARFUM","fr","cmtp8696z3rquqq4zlhwfc365","fashionjobs:PAUSED","fashionjobs","","6","6","https://fr.fashionjobs.com/recrutement/rim-parfum.html","CANDIDATE_NOT_CERTIFIED"
"RIMOWA","RIMOWA","ae | at | ca | ch | cn | de | nl | uk | us","cmtk48hzp1dhmny2bo7vhzeof","lvmh:ACTIVE","lvmh_algolia","","88","10","https://ae.fashionjobs.com/careers/rimowa.html | https://at.fashionjobs.com/karriere-arbeitspl%C3%A4tze/rimowa.html | https://ca.fashionjobs.com/careers/rimowa.html | https://ch.fashionjobs.com/recrutement/rimowa.html | https://cn.fashionjobs.com/%E6%8B%9B%E8%81%98/rimowa.html | https://de.fashionjobs.com/karriere-arbeitspl%C3%A4tze/rimowa.html | https://nl.fashionjobs.com/vacatures-careers/rimowa.html | https://uk.fashionjobs.com/careers/rimowa.html | https://us.fashionjobs.com/careers/rimowa.html","CANDIDATE_NOT_CERTIFIED"
"RINASCIMENTO","RINASCIMENTO","it","","","","","","","https://it.fashionjobs.com/lavora-con-noi/rinascimento.html","CANDIDATE_NOT_CERTIFIED"
"RITUAL PROJECTS","RITUAL PROJECTS","fr","","","","","","","https://fr.fashionjobs.com/recrutement/ritual-projects.html","CANDIDATE_NOT_CERTIFIED"
"RITUALS","RITUALS","at | be | ch | de | dk | fi | fr | ie | lu | nl | no | pl | se","cmtpjk6s927a5pf5la87dwntz","rituals:ACTIVE","rituals","","1145","254","https://at.fashionjobs.com/karriere-arbeitspl%C3%A4tze/rituals.html | https://be.fashionjobs.com/recrutement/rituals.html | https://ch.fashionjobs.com/recrutement/rituals.html | https://de.fashionjobs.com/karriere-arbeitspl%C3%A4tze/rituals.html | https://dk.fashionjobs.com/careers/rituals.html | https://fi.fashionjobs.com/careers/rituals.html | https://fr.fashionjobs.com/recrutement/rituals.html | https://ie.fashionjobs.com/careers/rituals.html | https://lu.fashionjobs.com/recrutement/rituals.html | https://nl.fashionjobs.com/vacatures-careers/rituals.html | https://no.fashionjobs.com/careers/rituals.html | https://pl.fashionjobs.com/en-pl/careers/rituals.html | https://se.fashionjobs.com/careers/rituals.html","CANDIDATE_NOT_CERTIFIED"
"RIU PARIS","RIU PARIS","fr","cmtt3jqm9000a3nx9yknve29r","riu-paris:ACTIVE","flatchr","https://riuparis.flatchr.io/fr/company/riuparis/","15","15","https://fr.fashionjobs.com/recrutement/riu-paris.html","OFFICIAL_SOURCE_REVIEWED_20260908"
"RIVECOUR","RIVECOUR","fr","cmtkdvxpz1srwnf2be10ot3rk","","","","","","https://fr.fashionjobs.com/recrutement/rivecour.html","CANDIDATE_NOT_CERTIFIED"
"RIVER ISLAND","RIVER ISLAND","uk","","","","","","","https://uk.fashionjobs.com/careers/river-island.html","CANDIDATE_NOT_CERTIFIED"
"RIVER WOODS","RIVER WOODS","fr","cmtkdvzqj1taznf2blun1ebp0","","","","","","https://fr.fashionjobs.com/recrutement/river-woods.html","CANDIDATE_NOT_CERTIFIED"
"RIVERA","RIVERA","es","","","","","","","https://es.fashionjobs.com/careers-empleo/rivera.html","CANDIDATE_NOT_CERTIFIED"
"RKIA AIT BLAL HAUTE COUTURE","RKIA AIT BLAL HAUTE COUTURE","fr","","","","","","","https://fr.fashionjobs.com/recrutement/rkia-ait-blal-haute-couture.html","CANDIDATE_NOT_CERTIFIED"
"RMS","RMS","fr","","","","","","","https://fr.fashionjobs.com/recrutement/rms.html","CANDIDATE_NOT_CERTIFIED"
"ROBERT WALTERS","ROBERT WALTERS","mx","","","","","","","https://mx.fashionjobs.com/careers-empleo/robert-walters.html","CANDIDATE_NOT_CERTIFIED"
"ROBINSON LES BAINS","ROBINSON LES BAINS","fr","","","","","","","https://fr.fashionjobs.com/recrutement/robinson-les-bains.html","CANDIDATE_NOT_CERTIFIED"
"ROCHE AGENCY","ROCHE AGENCY","fr","","","","","","","https://fr.fashionjobs.com/recrutement/roche-agency.html","CANDIDATE_NOT_CERTIFIED"
"RODGY GUERRERA AND PARTNERS","RODGY GUERRERA AND PARTNERS","it","","","","","","","https://it.fashionjobs.com/lavora-con-noi/rodgy-guerrera-and-partners.html","CANDIDATE_NOT_CERTIFIED"
"ROGER DUBUIS","ROGER DUBUIS","us","cmtm7vjsd13gjpv5joc783er9","richemont-workday:ACTIVE | richemont:ACTIVE","workday","https://richemont.wd3.myworkdayjobs.com | https://richemont.wd3.myworkdayjobs.com","9","0","https://us.fashionjobs.com/careers/roger-dubuis.html","CANDIDATE_NOT_CERTIFIED"
"ROLEX","ROLEX","ch","cmtpj0vom0xiepf5lq0cvy73h","rolex:ACTIVE","successfactors","https://www.carrieres-rolex.com","211","0","https://ch.fashionjobs.com/recrutement/rolex.html","CANDIDATE_NOT_CERTIFIED"
"ROOM SERVICE","ROOM SERVICE","fr","cmtkdvykk1t27nf2bys4t6v2k","","","","","","https://fr.fashionjobs.com/recrutement/room-service.html","CANDIDATE_NOT_CERTIFIED"
"ROOSTERS MEN S GROOMING CENTER","ROOSTERS MEN’S GROOMING CENTER","ca | us","","","","","","","https://ca.fashionjobs.com/careers/roosters-men-s-grooming-center.html | https://us.fashionjobs.com/careers/roosters-men-s-grooming-center.html","CANDIDATE_NOT_CERTIFIED"
"ROSEANNA","ROSEANNA","fr","cmtnac1oo2sl5qq5lp9q1h0mz","","","","","","https://fr.fashionjobs.com/recrutement/roseanna.html","CANDIDATE_NOT_CERTIFIED"
"ROSS","ROSS","us","","","","","","","https://us.fashionjobs.com/careers/ross.html","CANDIDATE_NOT_CERTIFIED"
"ROUGEGORGE LINGERIE","ROUGEGORGE LINGERIE","fr","","","","","","","https://fr.fashionjobs.com/recrutement/rougegorge-lingerie.html","CANDIDATE_NOT_CERTIFIED"
"ROUJE","ROUJE","fr","cmtkdvuoc1rrpnf2b0f8dunsp","","","","","","https://fr.fashionjobs.com/recrutement/rouje.html","CANDIDATE_NOT_CERTIFIED"
"ROXY","ROXY","fr","","","","","","","https://fr.fashionjobs.com/recrutement/roxy.html","CANDIDATE_NOT_CERTIFIED"
"ROYAL COLLEGE OF ART","ROYAL COLLEGE OF ART","uk","","","","","","","https://uk.fashionjobs.com/careers/royal-college-of-art.html","CANDIDATE_NOT_CERTIFIED"
"RS RECRUITMENT","RS RECRUITMENT","be | nl","","","","","","","https://be.fashionjobs.com/recrutement/rs-recruitment.html | https://nl.fashionjobs.com/vacatures-careers/rs-recruitment.html","CANDIDATE_NOT_CERTIFIED"
"RUMOR","RUMOR","mx","","","","","","","https://mx.fashionjobs.com/careers-empleo/rumor.html","CANDIDATE_NOT_CERTIFIED"
"RVCA","RVCA","fr","","","","","","","https://fr.fashionjobs.com/recrutement/rvca.html","CANDIDATE_NOT_CERTIFIED"
"S OLIVER","S.OLIVER","at | de | nl","","","","","","","https://at.fashionjobs.com/karriere-arbeitspl%C3%A4tze/s-oliver.html | https://de.fashionjobs.com/karriere-arbeitspl%C3%A4tze/s-oliver.html | https://nl.fashionjobs.com/vacatures-careers/s-oliver.html","CANDIDATE_NOT_CERTIFIED"
"S OLIVER GROUP","S.OLIVER GROUP","de","","","","","","","https://de.fashionjobs.com/karriere-arbeitspl%C3%A4tze/s-oliver-group.html","CANDIDATE_NOT_CERTIFIED"
"SACHA","SACHA","nl","","","","","","","https://nl.fashionjobs.com/vacatures-careers/sacha.html","CANDIDATE_NOT_CERTIFIED"
"SACKS","SACKS","us","","","","","","","https://us.fashionjobs.com/careers/sacks.html","CANDIDATE_NOT_CERTIFIED"
"SACOOR BROTHERS","SACOOR BROTHERS","pt","cmtlyett00044qf5kvrvom4yi","sacoor-brothers:ACTIVE","smartrecruiters-whitelabel","","1","0","https://pt.fashionjobs.com/recrutamento-careers/sacoor-brothers.html","CANDIDATE_NOT_CERTIFIED"
"SAIK PROD","SAIK PROD","es","","","","","","","https://es.fashionjobs.com/careers-empleo/saik-prod.html","CANDIDATE_NOT_CERTIFIED"
"SAINT LAURENT","SAINT LAURENT","ae | at | be | br | ca | ch | cn | cz | de | hk | in | jp | kr | mc | mx | nl | no | qa | se | sg | tr | tw | uk | us","cmtpukum3299ml35mw6vwiqno","kering:ACTIVE","eightfold","https://careers.kering.com","203","58","https://ae.fashionjobs.com/careers/saint-laurent.html | https://at.fashionjobs.com/karriere-arbeitspl%C3%A4tze/saint-laurent.html | https://be.fashionjobs.com/recrutement/saint-laurent.html | https://br.fashionjobs.com/recrutamento-careers/saint-laurent.html | https://ca.fashionjobs.com/careers/saint-laurent.html | https://ch.fashionjobs.com/recrutement/saint-laurent.html | https://cn.fashionjobs.com/%E6%8B%9B%E8%81%98/saint-laurent.html | https://cz.fashionjobs.com/karriere-arbeitspl%C3%A4tze/saint-laurent.html | https://de.fashionjobs.com/karriere-arbeitspl%C3%A4tze/saint-laurent.html | https://hk.fashionjobs.com/careers/saint-laurent.html | https://in.fashionjobs.com/careers/saint-laurent.html | https://jp.fashionjobs.com/%E3%83%AA%E3%82%AF%E3%83%AB%E3%83%BC%E3%83%88/saint-laurent.html | https://kr.fashionjobs.com/careers/saint-laurent.html | https://mc.fashionjobs.com/recrutement/saint-laurent.html | https://mx.fashionjobs.com/careers-empleo/saint-laurent.html | https://nl.fashionjobs.com/vacatures-careers/saint-laurent.html | https://no.fashionjobs.com/careers/saint-laurent.html | https://qa.fashionjobs.com/careers/saint-laurent.html | https://se.fashionjobs.com/careers/saint-laurent.html | https://sg.fashionjobs.com/careers/saint-laurent.html | https://tr.fashionjobs.com/i%C5%9Fe-al%C4%B1m/saint-laurent.html | https://tw.fashionjobs.com/careers/saint-laurent.html | https://uk.fashionjobs.com/careers/saint-laurent.html | https://us.fashionjobs.com/careers/saint-laurent.html","CANDIDATE_NOT_CERTIFIED"
"SAKS","SAKS","us","cmtpuc6031nlel35mf3c1vtkn","saks:ACTIVE","workday","https://saks.wd1.myworkdayjobs.com","756","0","https://us.fashionjobs.com/careers/saks.html","CANDIDATE_NOT_CERTIFIED"
"SAKS FIFTH AVENUE","SAKS FIFTH AVENUE","us","cmtp40fms1pr7qq4zp29qlmwk","saks:ACTIVE","workday","https://saks.wd1.myworkdayjobs.com","1","0","https://us.fashionjobs.com/careers/saks-fifth-avenue.html","CANDIDATE_NOT_CERTIFIED"
"SAKS GLOBAL","SAKS GLOBAL","in | us","","","","","","","https://in.fashionjobs.com/careers/saks-global.html | https://us.fashionjobs.com/careers/saks-global.html","CANDIDATE_NOT_CERTIFIED"
"SAKS OFF 5TH","SAKS OFF 5TH","us","","","","","","","https://us.fashionjobs.com/careers/saks-off-5th.html","CANDIDATE_NOT_CERTIFIED"
"SALAMANDER","SALAMANDER","de","","","","","","","https://de.fashionjobs.com/karriere-arbeitspl%C3%A4tze/salamander.html","CANDIDATE_NOT_CERTIFIED"
"SALLY BEAUTY CORPORATE","SALLY BEAUTY CORPORATE","ca | us","","","","","","","https://ca.fashionjobs.com/careers/sally-beauty-corporate.html | https://us.fashionjobs.com/careers/sally-beauty-corporate.html","CANDIDATE_NOT_CERTIFIED"
"SALOMON","SALOMON","at | de | jp | nl | no | uk | us","cmtlyn3er0g8jqf5k5deva229","salomon:ACTIVE","smartrecruiters-whitelabel","","77","36","https://at.fashionjobs.com/karriere-arbeitspl%C3%A4tze/salomon.html | https://de.fashionjobs.com/karriere-arbeitspl%C3%A4tze/salomon.html | https://jp.fashionjobs.com/%E3%83%AA%E3%82%AF%E3%83%AB%E3%83%BC%E3%83%88/salomon.html | https://nl.fashionjobs.com/vacatures-careers/salomon.html | https://no.fashionjobs.com/careers/salomon.html | https://uk.fashionjobs.com/careers/salomon.html | https://us.fashionjobs.com/careers/salomon.html","CANDIDATE_NOT_CERTIFIED"
"SAM S CLUB","SAM'S CLUB","us","","","","","","","https://us.fashionjobs.com/careers/sam-s-club.html","CANDIDATE_NOT_CERTIFIED"
"SAMAYA","SAMAYA","ch | fr","cmtkdvuci1rmwnf2bcm602sh6","","","","","","https://ch.fashionjobs.com/recrutement/samaya.html | https://fr.fashionjobs.com/recrutement/samaya.html","CANDIDATE_NOT_CERTIFIED"
"SAMSOE","SAMSOE","be | de | dk | nl | no | se | uk","","","","","","","https://be.fashionjobs.com/recrutement/samsoe.html | https://de.fashionjobs.com/karriere-arbeitspl%C3%A4tze/samsoe.html | https://dk.fashionjobs.com/careers/samsoe.html | https://nl.fashionjobs.com/vacatures-careers/samsoe.html | https://no.fashionjobs.com/careers/samsoe.html | https://se.fashionjobs.com/careers/samsoe.html | https://uk.fashionjobs.com/careers/samsoe.html","CANDIDATE_NOT_CERTIFIED"
"SAMSOE SAMSOE","SAMSOE SAMSOE","fr","cmtkdw00e1te4nf2bfthmmfoh","fashionjobs:PAUSED","fashionjobs","","1","1","https://fr.fashionjobs.com/recrutement/samsoe-samsoe.html","CANDIDATE_NOT_CERTIFIED"
"SAMSONITE","SAMSONITE","ar | at | be | br | ca | ch | cl | cn | co | de | hk | in | kr | mx | nl | no | pe | pl | se | sg | th | tw | uk | us | za","","","","","","","https://ar.fashionjobs.com/careers-empleo/samsonite.html | https://at.fashionjobs.com/karriere-arbeitspl%C3%A4tze/samsonite.html | https://be.fashionjobs.com/recrutement/samsonite.html | https://br.fashionjobs.com/recrutamento-careers/samsonite.html | https://ca.fashionjobs.com/careers/samsonite.html | https://ch.fashionjobs.com/recrutement/samsonite.html | https://cl.fashionjobs.com/careers-empleo/samsonite.html | https://cn.fashionjobs.com/%E6%8B%9B%E8%81%98/samsonite.html | https://co.fashionjobs.com/careers-empleo/samsonite.html | https://de.fashionjobs.com/karriere-arbeitspl%C3%A4tze/samsonite.html | https://hk.fashionjobs.com/careers/samsonite.html | https://in.fashionjobs.com/careers/samsonite.html | https://kr.fashionjobs.com/careers/samsonite.html | https://mx.fashionjobs.com/careers-empleo/samsonite.html | https://nl.fashionjobs.com/vacatures-careers/samsonite.html | https://no.fashionjobs.com/careers/samsonite.html | https://pe.fashionjobs.com/careers-empleo/samsonite.html | https://pl.fashionjobs.com/en-pl/careers/samsonite.html | https://se.fashionjobs.com/careers/samsonite.html | https://sg.fashionjobs.com/careers/samsonite.html | https://th.fashionjobs.com/careers/samsonite.html | https://tw.fashionjobs.com/careers/samsonite.html | https://uk.fashionjobs.com/careers/samsonite.html | https://us.fashionjobs.com/careers/samsonite.html | https://za.fashionjobs.com/careers/samsonite.html","CANDIDATE_NOT_CERTIFIED"
"SANDRINE PHILIPPE","SANDRINE PHILIPPE","fr","","","","","","","https://fr.fashionjobs.com/recrutement/sandrine-philippe.html","CANDIDATE_NOT_CERTIFIED"
"SANDRO","SANDRO","be | ch | de | es | fr | ie | it | nl | pt | uk","cmtk29nb80m1dnv2bg5xl385h","sandro:ACTIVE","smartrecruiters-whitelabel","https://api.smartrecruiters.com/v1/companies/SMCP/postings?limit=100","102","28","https://be.fashionjobs.com/recrutement/sandro.html | https://ch.fashionjobs.com/recrutement/sandro.html | https://de.fashionjobs.com/karriere-arbeitspl%C3%A4tze/sandro.html | https://es.fashionjobs.com/careers-empleo/sandro.html | https://fr.fashionjobs.com/recrutement/sandro.html | https://ie.fashionjobs.com/careers/sandro.html | https://it.fashionjobs.com/lavora-con-noi/sandro.html | https://nl.fashionjobs.com/vacatures-careers/sandro.html | https://pt.fashionjobs.com/recrutamento-careers/sandro.html | https://uk.fashionjobs.com/careers/sandro.html","CANDIDATE_NOT_CERTIFIED"
"SANTA BRISA","SANTA BRISA","es","","","","","","","https://es.fashionjobs.com/careers-empleo/santa-brisa.html","CANDIDATE_NOT_CERTIFIED"
"SARAH AND SANDEEP","SARAH & SANDEEP","in","","","","","","","https://in.fashionjobs.com/careers/sarah-sandeep.html","CANDIDATE_NOT_CERTIFIED"
"SARAH MADELEINE BRU","SARAH MADELEINE BRU","fr","","","","","","","https://fr.fashionjobs.com/recrutement/sarah-madeleine-bru.html","CANDIDATE_NOT_CERTIFIED"
"SARENZA","SARENZA","fr","cmtm7udvv11bjpv5jpfcafu5v","element-6:ACTIVE","magnet","https://recrutement.groupe-beaumanoir.com","5","5","https://fr.fashionjobs.com/recrutement/sarenza.html","CANDIDATE_NOT_CERTIFIED"
"SARENZA STUDIO","SARENZA STUDIO","fr","cmtm7ud6s1130pv5jovfzvdq6","element-6:ACTIVE","magnet","https://recrutement.groupe-beaumanoir.com","2","2","https://fr.fashionjobs.com/recrutement/sarenza-studio.html","CANDIDATE_NOT_CERTIFIED"
"SAUCONY","SAUCONY","uk","","","","","","","https://uk.fashionjobs.com/careers/saucony.html","CANDIDATE_NOT_CERTIFIED"
"SAUER","SAUER","br","","","","","","","https://br.fashionjobs.com/recrutamento-careers/sauer.html","CANDIDATE_NOT_CERTIFIED"
"SAVAGE X FENTY","SAVAGE X FENTY","de | us","","","","","","","https://de.fashionjobs.com/karriere-arbeitspl%C3%A4tze/savage-x-fenty.html | https://us.fashionjobs.com/careers/savage-x-fenty.html","CANDIDATE_NOT_CERTIFIED"
"SAVERS","SAVERS","uk","","","","","","","https://uk.fashionjobs.com/careers/savers.html","CANDIDATE_NOT_CERTIFIED"
"SCAD","SCAD","us","","","","","","","https://us.fashionjobs.com/careers/scad.html","CANDIDATE_NOT_CERTIFIED"
"SCALPERS","SCALPERS","pt","","","","","","","https://pt.fashionjobs.com/recrutamento-careers/scalpers.html","CANDIDATE_NOT_CERTIFIED"
"SCARLETTE ATELIERS","SCARLETTE ATELIERS","fr","cmtlq3u3c1lvnpg2bs3iku811","","","","","","https://fr.fashionjobs.com/recrutement/scarlette-ateliers.html","CANDIDATE_NOT_CERTIFIED"
"SCHIESSER GMBH","SCHIESSER GMBH","ch | de | nl","","","","","","","https://ch.fashionjobs.com/recrutement/schiesser-gmbh.html | https://de.fashionjobs.com/karriere-arbeitspl%C3%A4tze/schiesser-gmbh.html | https://nl.fashionjobs.com/vacatures-careers/schiesser-gmbh.html","CANDIDATE_NOT_CERTIFIED"
"SCHIESSER OSTERREICH","SCHIESSER ÖSTERREICH","at","","","","","","","https://at.fashionjobs.com/karriere-arbeitspl%C3%A4tze/schiesser-osterreich.html","CANDIDATE_NOT_CERTIFIED"
"SCHIESSER SCHWEIZ","SCHIESSER SCHWEIZ","ch","","","","","","","https://ch.fashionjobs.com/recrutement/schiesser-schweiz.html","CANDIDATE_NOT_CERTIFIED"
"SCHUH","SCHUH","ie | uk","","","","","","","https://ie.fashionjobs.com/careers/schuh.html | https://uk.fashionjobs.com/careers/schuh.html","CANDIDATE_NOT_CERTIFIED"
"SCRUNCHIE IS BACK","SCRUNCHIE IS BACK","fr","cmtkdw1e11tswnf2b6fd0b63d","","","","","","https://fr.fashionjobs.com/recrutement/scrunchie-is-back.html","CANDIDATE_NOT_CERTIFIED"
"SECRET CODE PARIS","SECRET CODE PARIS","fr","","","","","","","https://fr.fashionjobs.com/recrutement/secret-code-paris.html","CANDIDATE_NOT_CERTIFIED"
"SEKI ARTISANAL","SEKI ARTISANAL","fr","cmto8w8vd2xrsqq4ztjyb9i24","","","","","","https://fr.fashionjobs.com/recrutement/seki-artisanal.html","CANDIDATE_NOT_CERTIFIED"
"SELFRIDGES","SELFRIDGES","uk","cmtpiwcqo0apdpf5l5u32983f","selfridges:ACTIVE","generic-listing","https://jobsearch.selfridges.com/jobs/search/-1/{page}","67","0","https://uk.fashionjobs.com/careers/selfridges.html","CANDIDATE_NOT_CERTIFIED"
"SEPHORA","SEPHORA","au | be | br | ca | de | dk | fr | hk | mx | nz | sg | th | us","cmtk48dz71brqny2bsyv4ml8m","lvmh:ACTIVE | sephora-france:ACTIVE","lvmh_algolia | successfactors","https://jobs.sephora.com/France","2299","170","https://au.fashionjobs.com/careers/sephora.html | https://be.fashionjobs.com/recrutement/sephora.html | https://br.fashionjobs.com/recrutamento-careers/sephora.html | https://ca.fashionjobs.com/careers/sephora.html | https://de.fashionjobs.com/karriere-arbeitspl%C3%A4tze/sephora.html | https://dk.fashionjobs.com/careers/sephora.html | https://fr.fashionjobs.com/recrutement/sephora.html | https://hk.fashionjobs.com/careers/sephora.html | https://mx.fashionjobs.com/careers-empleo/sephora.html | https://nz.fashionjobs.com/careers/sephora.html | https://sg.fashionjobs.com/careers/sephora.html | https://th.fashionjobs.com/careers/sephora.html | https://us.fashionjobs.com/careers/sephora.html","CANDIDATE_NOT_CERTIFIED"
"SEPTIEME LARGEUR CHAUSSEUR","SEPTIÈME LARGEUR CHAUSSEUR","fr","cmtp868pp3rl6qq4zejl3mpkw","fashionjobs:PAUSED","fashionjobs","","1","1","https://fr.fashionjobs.com/recrutement/septieme-largeur-chausseur.html","CANDIDATE_NOT_CERTIFIED"
"SERA FINE SILK","SERÀ FINE SILK","it","","","","","","","https://it.fashionjobs.com/lavora-con-noi/sera-fine-silk.html","CANDIDATE_NOT_CERTIFIED"
"SERGENT MAJOR","SERGENT MAJOR","fr","","","","","","","https://fr.fashionjobs.com/recrutement/sergent-major.html","CANDIDATE_NOT_CERTIFIED"
"SERPUI","SERPUI","br","","","","","","","https://br.fashionjobs.com/recrutamento-careers/serpui.html","CANDIDATE_NOT_CERTIFIED"
"SERRAVALLE DESIGNER OUTLET","SERRAVALLE DESIGNER OUTLET","it","","","","","","","https://it.fashionjobs.com/lavora-con-noi/serravalle-designer-outlet.html","CANDIDATE_NOT_CERTIFIED"
"SESSUN","SESSÙN","be | ch | es | fr | nl | uk","cmtjwf6tz0a8dld2bumichh9u","sessun:PAUSED | wttj-sector:ACTIVE | fashionjobs:PAUSED","wttj | wttj-sector | fashionjobs","","38","25","https://be.fashionjobs.com/recrutement/sessun.html | https://ch.fashionjobs.com/recrutement/sessun.html | https://es.fashionjobs.com/careers-empleo/sessun.html | https://fr.fashionjobs.com/recrutement/sessun.html | https://nl.fashionjobs.com/vacatures-careers/sessun.html | https://uk.fashionjobs.com/careers/sessun.html","CANDIDATE_NOT_CERTIFIED"
"SETTORE BELLEZZA","SETTORE BELLEZZA","it","","","","","","","https://it.fashionjobs.com/lavora-con-noi/settore-bellezza.html","CANDIDATE_NOT_CERTIFIED"
"SEZANE","SEZANE | SÉZANE","fr | uk","cmtkdvw5m1sb2nf2bvkqxcjar","sezane:ACTIVE | fashionjobs:PAUSED","workable | fashionjobs","","113","72","https://fr.fashionjobs.com/recrutement/sezane.html | https://uk.fashionjobs.com/careers/sezane.html","CANDIDATE_NOT_CERTIFIED"
"SH PARIS","SH PARIS","fr","cmtp8690q3rorqq4zjbvm55ok","fashionjobs:PAUSED","fashionjobs","","1","1","https://fr.fashionjobs.com/recrutement/sh-paris.html","CANDIDATE_NOT_CERTIFIED"
"SHAARE","SHAARE","fr","","","","","","","https://fr.fashionjobs.com/recrutement/shaare.html","CANDIDATE_NOT_CERTIFIED"
"SHEIKE","SHEIKE","au","","","","","","","https://au.fashionjobs.com/careers/sheike.html","CANDIDATE_NOT_CERTIFIED"
"SHINOLA","SHINOLA","us","cmtlygiu40234qf5k9awmfhj2","shinola:ACTIVE","greenhouse","","9","0","https://us.fashionjobs.com/careers/shinola.html","CANDIDATE_NOT_CERTIFIED"
"SHISEIDO","SHISEIDO","be | de | id | ie | kr | nl | sa | sg | tw | uk | us | vn","cmtpkwydu59jupf5lu9u2aoxk","fashionjobs:PAUSED","fashionjobs","","2","2","https://be.fashionjobs.com/recrutement/shiseido.html | https://de.fashionjobs.com/karriere-arbeitspl%C3%A4tze/shiseido.html | https://id.fashionjobs.com/careers/shiseido.html | https://ie.fashionjobs.com/careers/shiseido.html | https://kr.fashionjobs.com/careers/shiseido.html | https://nl.fashionjobs.com/vacatures-careers/shiseido.html | https://sa.fashionjobs.com/careers/shiseido.html | https://sg.fashionjobs.com/careers/shiseido.html | https://tw.fashionjobs.com/careers/shiseido.html | https://uk.fashionjobs.com/careers/shiseido.html | https://us.fashionjobs.com/careers/shiseido.html | https://vn.fashionjobs.com/careers/shiseido.html","CANDIDATE_NOT_CERTIFIED"
"SHOESHOE","SHOESHOE","fr","","","","","","","https://fr.fashionjobs.com/recrutement/shoeshoe.html","CANDIDATE_NOT_CERTIFIED"
"SHOWROOM MONTORGUEIL","SHOWROOM MONTORGUEIL","fr","","","","","","","https://fr.fashionjobs.com/recrutement/showroom-montorgueil.html","CANDIDATE_NOT_CERTIFIED"
"SHOWROOM MULTIBRAND","SHOWROOM MULTIBRAND","fr","cmtkdvv8n1rzunf2bk8t5pcdk","","","","","","https://fr.fashionjobs.com/recrutement/showroom-multibrand.html","CANDIDATE_NOT_CERTIFIED"
"SIERRA","SIERRA","us","","","","","","","https://us.fashionjobs.com/careers/sierra.html","CANDIDATE_NOT_CERTIFIED"
"SIGAL","SIGAL","fr","cmtkdvzhn1t8enf2ba10y8tq3","fashionjobs:PAUSED","fashionjobs","","1","1","https://fr.fashionjobs.com/recrutement/sigal.html","CANDIDATE_NOT_CERTIFIED"
"SIGHT MANAGEMENT","SIGHT MANAGEMENT","es","","","","","","","https://es.fashionjobs.com/careers-empleo/sight-management.html","CANDIDATE_NOT_CERTIFIED"
"SIGNET JEWELERS","SIGNET JEWELERS","ca | us","","","","","","","https://ca.fashionjobs.com/careers/signet-jewelers.html | https://us.fashionjobs.com/careers/signet-jewelers.html","CANDIDATE_NOT_CERTIFIED"
"SILBON","SILBON","es","cmtlynaw10godqf5k0fol89uc","silbon:ACTIVE","teamtailor","https://silbon.teamtailor.com","78","0","https://es.fashionjobs.com/careers-empleo/silbon.html","CANDIDATE_NOT_CERTIFIED"
"SIMONE A BORDEAUX","SIMONE A BORDEAUX","fr","cmtkdvus41rtlnf2bmzsytd4n","wttj-sector:ACTIVE","wttj-sector","","2","2","https://fr.fashionjobs.com/recrutement/simone-a-bordeaux.html","CANDIDATE_NOT_CERTIFIED"
"SIMORRA TIENDAS","SIMORRA TIENDAS SA","es","","","","","","","https://es.fashionjobs.com/careers-empleo/simorra-tiendas-sa.html","CANDIDATE_NOT_CERTIFIED"
"SIMPLICITY","SIMPLICITY","de","","","","","","","https://de.fashionjobs.com/karriere-arbeitspl%C3%A4tze/simplicity.html","CANDIDATE_NOT_CERTIFIED"
"SINN","SINN","de","","","","","","","https://de.fashionjobs.com/karriere-arbeitspl%C3%A4tze/sinn.html","CANDIDATE_NOT_CERTIFIED"
"SINTEL","SINTEL","fr","cmtkdvumu1rr2nf2bqcmyma7r","fashionjobs:PAUSED","fashionjobs","","19","19","https://fr.fashionjobs.com/recrutement/sintel.html","CANDIDATE_NOT_CERTIFIED"
"SISSY BOY","SISSY BOY","be | nl","","","","","","","https://be.fashionjobs.com/recrutement/sissy-boy.html | https://nl.fashionjobs.com/vacatures-careers/sissy-boy.html","CANDIDATE_NOT_CERTIFIED"
"SISTA CLUB","SISTA-CLUB","be","","","","","","","https://be.fashionjobs.com/recrutement/sista-club.html","CANDIDATE_NOT_CERTIFIED"
"SJL MANAGEMENT","SJL MANAGEMENT","fr","","","","","","","https://fr.fashionjobs.com/recrutement/sjl-management.html","CANDIDATE_NOT_CERTIFIED"
"SKECHERS","SKECHERS","at | be | br | ca | ch | cl | cn | co | cz | de | dk | es | fr | hu | ie | in | it | jp | nl | no | pa | pe | ph | pt | se | uk | us | vn","","","","","","","https://at.fashionjobs.com/karriere-arbeitspl%C3%A4tze/skechers.html | https://be.fashionjobs.com/recrutement/skechers.html | https://br.fashionjobs.com/recrutamento-careers/skechers.html | https://ca.fashionjobs.com/careers/skechers.html | https://ch.fashionjobs.com/recrutement/skechers.html | https://cl.fashionjobs.com/careers-empleo/skechers.html | https://cn.fashionjobs.com/%E6%8B%9B%E8%81%98/skechers.html | https://co.fashionjobs.com/careers-empleo/skechers.html | https://cz.fashionjobs.com/karriere-arbeitspl%C3%A4tze/skechers.html | https://de.fashionjobs.com/karriere-arbeitspl%C3%A4tze/skechers.html | https://dk.fashionjobs.com/careers/skechers.html | https://es.fashionjobs.com/careers-empleo/skechers.html | https://fr.fashionjobs.com/recrutement/skechers.html | https://hu.fashionjobs.com/careers/skechers.html | https://ie.fashionjobs.com/careers/skechers.html | https://in.fashionjobs.com/careers/skechers.html | https://it.fashionjobs.com/lavora-con-noi/skechers.html | https://jp.fashionjobs.com/%E3%83%AA%E3%82%AF%E3%83%AB%E3%83%BC%E3%83%88/skechers.html | https://nl.fashionjobs.com/vacatures-careers/skechers.html | https://no.fashionjobs.com/careers/skechers.html | https://pa.fashionjobs.com/careers-empleo/skechers.html | https://pe.fashionjobs.com/careers-empleo/skechers.html | https://ph.fashionjobs.com/careers/skechers.html | https://pt.fashionjobs.com/recrutamento-careers/skechers.html | https://se.fashionjobs.com/careers/skechers.html | https://uk.fashionjobs.com/careers/skechers.html | https://us.fashionjobs.com/careers/skechers.html | https://vn.fashionjobs.com/careers/skechers.html","CANDIDATE_NOT_CERTIFIED"
"SKIMS","SKIMS","us","","","","","","","https://us.fashionjobs.com/careers/skims.html","CANDIDATE_NOT_CERTIFIED"
"SLAZENGER PADEL CLUBS","SLAZENGER PADEL CLUBS","uk","","","","","","","https://uk.fashionjobs.com/careers/slazenger-padel-clubs.html","CANDIDATE_NOT_CERTIFIED"
"SLIFE","SLIFE","fr","","","","","","","https://fr.fashionjobs.com/recrutement/slife.html","CANDIDATE_NOT_CERTIFIED"
"SLOWMOOD","SLOWMOOD","es","","","","","","","https://es.fashionjobs.com/careers-empleo/slowmood.html","CANDIDATE_NOT_CERTIFIED"
"SMARTSTYLE","SMARTSTYLE","ca | us","","","","","","","https://ca.fashionjobs.com/careers/smartstyle.html | https://us.fashionjobs.com/careers/smartstyle.html","CANDIDATE_NOT_CERTIFIED"
"SMCP","SMCP","be | de | fr | nl | se","crcafaa7a4ec667cf18ea56024","sandro:ACTIVE","smartrecruiters-whitelabel","https://api.smartrecruiters.com/v1/companies/SMCP/postings?limit=100","203","119","https://be.fashionjobs.com/recrutement/smcp.html | https://de.fashionjobs.com/karriere-arbeitspl%C3%A4tze/smcp.html | https://fr.fashionjobs.com/recrutement/smcp.html | https://nl.fashionjobs.com/vacatures-careers/smcp.html | https://se.fashionjobs.com/careers/smcp.html","CANDIDATE_NOT_CERTIFIED"
"SMILEJOYAS","SMILEJOYAS","es","","","","","","","https://es.fashionjobs.com/careers-empleo/smilejoyas.html","CANDIDATE_NOT_CERTIFIED"
"SNIP ITS","SNIP-ITS","us","","","","","","","https://us.fashionjobs.com/careers/snip-its.html","CANDIDATE_NOT_CERTIFIED"
"SNIPES","SNIPES","de","","","","","","","https://de.fashionjobs.com/karriere-arbeitspl%C3%A4tze/snipes.html","CANDIDATE_NOT_CERTIFIED"
"SOEUR","SOEUR","be | fr | it | nl","cmtke3sdt02imlp2b58mkcxwv","soeur:ACTIVE","teamtailor","https://soeur-1711354805.teamtailor.com/jobs | https://soeur-1711354805.teamtailor.com/","55","35","https://be.fashionjobs.com/recrutement/soeur.html | https://fr.fashionjobs.com/recrutement/soeur.html | https://it.fashionjobs.com/lavora-con-noi/soeur.html | https://nl.fashionjobs.com/vacatures-careers/soeur.html","CANDIDATE_NOT_CERTIFIED"
"SOFA COM","SOFA.COM","uk","","","","","","","https://uk.fashionjobs.com/careers/sofa-com.html","CANDIDATE_NOT_CERTIFIED"
"SOLO INVEST","SOLO INVEST","fr","","","","","","","https://fr.fashionjobs.com/recrutement/solo-invest.html","CANDIDATE_NOT_CERTIFIED"
"SOLOVIERE PARIS","SOLOVIÈRE PARIS","fr","cmtkdw3gt1uhinf2bsgiz31tp","","","","","","https://fr.fashionjobs.com/recrutement/soloviere-paris.html","CANDIDATE_NOT_CERTIFIED"
"SOMA","SOMA","us","cmtndwnrq01ihqq4z66sly7oj","chico-s:ACTIVE","workday","https://knitwellgroup.wd1.myworkdayjobs.com","2","0","https://us.fashionjobs.com/careers/soma.html","CANDIDATE_NOT_CERTIFIED"
"SOMA OUTLET","SOMA OUTLET","us","","","","","","","https://us.fashionjobs.com/careers/soma-outlet.html","CANDIDATE_NOT_CERTIFIED"
"SONYA RATHEE AND NEVIN RATHEE FIRST CHOICE HAIR SITE","SONYA RATHEE AND NEVIN RATHEE - FIRST CHOICE HAIR - SITE","ca","","","","","","","https://ca.fashionjobs.com/careers/sonya-rathee-and-nevin-rathee-first-choice-hair-site.html","CANDIDATE_NOT_CERTIFIED"
"SOPHIE D AGON","SOPHIE D'AGON","fr","cmtkdvuiy1rpfnf2bkl5uui4v","fashionjobs:PAUSED","fashionjobs","","1","1","https://fr.fashionjobs.com/recrutement/sophie-d-agon.html","CANDIDATE_NOT_CERTIFIED"
"SOPHIE DIGARD","SOPHIE DIGARD","fr","","","","","","","https://fr.fashionjobs.com/recrutement/sophie-digard.html","CANDIDATE_NOT_CERTIFIED"
"SOPHIE MALLEBRANCHE","SOPHIE MALLEBRANCHE®","fr","cmtkdvuj41rpjnf2b4ho0y3oh","","","","","","https://fr.fashionjobs.com/recrutement/sophie-mallebranche-.html","CANDIDATE_NOT_CERTIFIED"
"SORA PILATES PARIS","SORA PILATES PARIS","fr","","","","","","","https://fr.fashionjobs.com/recrutement/sora-pilates-paris.html","CANDIDATE_NOT_CERTIFIED"
"SOULIERS MARTINEZ","SOULIERS MARTINEZ","fr","cmtkdvvyr1s9dnf2bl8od2ae3","","","","","","https://fr.fashionjobs.com/recrutement/souliers-martinez.html","CANDIDATE_NOT_CERTIFIED"
"SPA STAFF","SPA STAFF","ae | ar | au | bg | bh | br | ca | ch | cy | cz | de | eg | fi | gr | hk | hr | id | ie | in | jo | jp | kw | kz | lb | lu | ma | mc | mt | nl | no | nz | om | ph | pl | pt | qa | ro | ru | sa | sg | sk | sy | tr | tw | uk | us | uz | za","","","","","","","https://ae.fashionjobs.com/careers/spa-staff.html | https://ar.fashionjobs.com/careers-empleo/spa-staff.html | https://au.fashionjobs.com/careers/spa-staff.html | https://bg.fashionjobs.com/careers/spa-staff.html | https://bh.fashionjobs.com/careers/spa-staff.html | https://br.fashionjobs.com/recrutamento-careers/spa-staff.html | https://ca.fashionjobs.com/careers/spa-staff.html | https://ch.fashionjobs.com/recrutement/spa-staff.html | https://cy.fashionjobs.com/careers/spa-staff.html | https://cz.fashionjobs.com/karriere-arbeitspl%C3%A4tze/spa-staff.html | https://de.fashionjobs.com/karriere-arbeitspl%C3%A4tze/spa-staff.html | https://eg.fashionjobs.com/careers/spa-staff.html | https://fi.fashionjobs.com/careers/spa-staff.html | https://gr.fashionjobs.com/careers/spa-staff.html | https://hk.fashionjobs.com/careers/spa-staff.html | https://hr.fashionjobs.com/careers/spa-staff.html | https://id.fashionjobs.com/careers/spa-staff.html | https://ie.fashionjobs.com/careers/spa-staff.html | https://in.fashionjobs.com/careers/spa-staff.html | https://jo.fashionjobs.com/careers/spa-staff.html | https://jp.fashionjobs.com/%E3%83%AA%E3%82%AF%E3%83%AB%E3%83%BC%E3%83%88/spa-staff.html | https://kw.fashionjobs.com/careers/spa-staff.html | https://kz.fashionjobs.com/careers/spa-staff.html | https://lb.fashionjobs.com/careers/spa-staff.html | https://lu.fashionjobs.com/recrutement/spa-staff.html | https://ma.fashionjobs.com/recrutement/spa-staff.html | https://mc.fashionjobs.com/recrutement/spa-staff.html | https://mt.fashionjobs.com/careers/spa-staff.html | https://nl.fashionjobs.com/vacatures-careers/spa-staff.html | https://no.fashionjobs.com/careers/spa-staff.html | https://nz.fashionjobs.com/careers/spa-staff.html | https://om.fashionjobs.com/careers/spa-staff.html | https://ph.fashionjobs.com/careers/spa-staff.html | https://pl.fashionjobs.com/en-pl/careers/spa-staff.html | https://pt.fashionjobs.com/recrutamento-careers/spa-staff.html | https://qa.fashionjobs.com/careers/spa-staff.html | https://ro.fashionjobs.com/careers/spa-staff.html | https://ru.fashionjobs.com/%D0%BF%D0%BE%D0%B4%D0%B1%D0%BE%D1%80-%D0%BF%D0%B5%D1%80%D1%81%D0%BE%D0%BD%D0%B0%D0%BB%D0%B0/spa-staff.html | https://sa.fashionjobs.com/careers/spa-staff.html | https://sg.fashionjobs.com/careers/spa-staff.html | https://sk.fashionjobs.com/careers/spa-staff.html | https://sy.fashionjobs.com/careers/spa-staff.html | https://tr.fashionjobs.com/i%C5%9Fe-al%C4%B1m/spa-staff.html | https://tw.fashionjobs.com/careers/spa-staff.html | https://uk.fashionjobs.com/careers/spa-staff.html | https://us.fashionjobs.com/careers/spa-staff.html | https://uz.fashionjobs.com/careers/spa-staff.html | https://za.fashionjobs.com/careers/spa-staff.html","CANDIDATE_NOT_CERTIFIED"
"SPACE NK","SPACE NK","ie | uk","cmtlynjg60i2qqf5khn8bsbkr","space-nk:ACTIVE","teamtailor","https://spacenk.teamtailor.com","93","0","https://ie.fashionjobs.com/careers/space-nk.html | https://uk.fashionjobs.com/careers/space-nk.html","CANDIDATE_NOT_CERTIFIED"
"SPADAROMA","SPADAROMA","it","","","","","","","https://it.fashionjobs.com/lavora-con-noi/spadaroma.html","CANDIDATE_NOT_CERTIFIED"
"SPAVIA DAY SPA","SPAVIA DAY SPA","us","","","","","","","https://us.fashionjobs.com/careers/spavia-day-spa.html","CANDIDATE_NOT_CERTIFIED"
"SPECCIALE","SPECCIALE","es","","","","","","","https://es.fashionjobs.com/careers-empleo/specciale.html","CANDIDATE_NOT_CERTIFIED"
"SPINELLI KILCOLLIN","SPINELLI KILCOLLIN","us","cmtlyfate00idqf5kmdzxjahu","spinelli-kilcollin:ACTIVE","greenhouse","","3","0","https://us.fashionjobs.com/careers/spinelli-kilcollin.html","CANDIDATE_NOT_CERTIFIED"
"SPORT ALM","SPORT ALM","at","","","","","","","https://at.fashionjobs.com/karriere-arbeitspl%C3%A4tze/sport-alm.html","CANDIDATE_NOT_CERTIFIED"
"SPORT STREET","SPORT STREET","es","","","","","","","https://es.fashionjobs.com/careers-empleo/sport-street.html","CANDIDATE_NOT_CERTIFIED"
"SPORTCLIPS","SPORTCLIPS","us","","","","","","","https://us.fashionjobs.com/careers/sportclips.html","CANDIDATE_NOT_CERTIFIED"
"SPORTS DIRECT","SPORTS DIRECT","at | be | bg | cz | fi | hu | ie | is | nl | pl | pt | ro | sg | si | sk | uk","","","","","","","https://at.fashionjobs.com/karriere-arbeitspl%C3%A4tze/sports-direct.html | https://be.fashionjobs.com/recrutement/sports-direct.html | https://bg.fashionjobs.com/careers/sports-direct.html | https://cz.fashionjobs.com/karriere-arbeitspl%C3%A4tze/sports-direct.html | https://fi.fashionjobs.com/careers/sports-direct.html | https://hu.fashionjobs.com/careers/sports-direct.html | https://ie.fashionjobs.com/careers/sports-direct.html | https://is.fashionjobs.com/careers/sports-direct.html | https://nl.fashionjobs.com/vacatures-careers/sports-direct.html | https://pl.fashionjobs.com/en-pl/careers/sports-direct.html | https://pt.fashionjobs.com/recrutamento-careers/sports-direct.html | https://ro.fashionjobs.com/careers/sports-direct.html | https://sg.fashionjobs.com/careers/sports-direct.html | https://si.fashionjobs.com/careers/sports-direct.html | https://sk.fashionjobs.com/careers/sports-direct.html | https://uk.fashionjobs.com/careers/sports-direct.html","CANDIDATE_NOT_CERTIFIED"
"SPORTS GIRL","SPORTS GIRL","au","","","","","","","https://au.fashionjobs.com/careers/sports-girl.html","CANDIDATE_NOT_CERTIFIED"
"SPORTSWORLD EU","SPORTSWORLD EU","dk | nl","","","","","","","https://dk.fashionjobs.com/careers/sportsworld-eu.html | https://nl.fashionjobs.com/vacatures-careers/sportsworld-eu.html","CANDIDATE_NOT_CERTIFIED"
"SPORTY AND RICH","SPORTY & RICH","fr","cmtkdvv4m1ryinf2bebdy3a0q","","","","","","https://fr.fashionjobs.com/recrutement/sporty-rich.html","CANDIDATE_NOT_CERTIFIED"
"SPRINTER","SPRINTER","pt","","","","","","","https://pt.fashionjobs.com/recrutamento-careers/sprinter.html","CANDIDATE_NOT_CERTIFIED"
"ST BARTH SRL","ST. BARTH SRL","it","","","","","","","https://it.fashionjobs.com/lavora-con-noi/st-barth-srl.html","CANDIDATE_NOT_CERTIFIED"
"STAFF SOLUTIONS GMBH","STAFF SOLUTIONS GMBH","de","","","","","","","https://de.fashionjobs.com/karriere-arbeitspl%C3%A4tze/staff-solutions-gmbh.html","CANDIDATE_NOT_CERTIFIED"
"STAND OUT FOR GOOD","STAND OUT FOR GOOD","us","","","","","","","https://us.fashionjobs.com/careers/stand-out-for-good.html","CANDIDATE_NOT_CERTIFIED"
"STEAMONE","STEAMONE","fr","cmtkdvujm1rprnf2bxs0f0zgm","","","","","","https://fr.fashionjobs.com/recrutement/steamone.html","CANDIDATE_NOT_CERTIFIED"
"STELLA MCCARTNEY","STELLA MCCARTNEY","it | jp | uk | us","cmtk1xktt01jdnv2ba1o5xwx4","stella-mccartney:ACTIVE","workday","https://stellamccartney.wd3.myworkdayjobs.com","25","0","https://it.fashionjobs.com/lavora-con-noi/stella-mccartney.html | https://jp.fashionjobs.com/%E3%83%AA%E3%82%AF%E3%83%AB%E3%83%BC%E3%83%88/stella-mccartney.html | https://uk.fashionjobs.com/careers/stella-mccartney.html | https://us.fashionjobs.com/careers/stella-mccartney.html","CANDIDATE_NOT_CERTIFIED"
"STEPHANE HUMBERT LUCAS","STEPHANE HUMBERT LUCAS","fr","cmtkdvw9g1scinf2bsayuyht9","fashionjobs:PAUSED","fashionjobs","","1","1","https://fr.fashionjobs.com/recrutement/stephane-humbert-lucas.html","CANDIDATE_NOT_CERTIFIED"
"STEPHANE ROLLAND PARIS","STEPHANE ROLLAND PARIS","fr","cmtkdvvw71s8inf2bxr5gbjmp","","","","","","https://fr.fashionjobs.com/recrutement/stephane-rolland-paris.html","CANDIDATE_NOT_CERTIFIED"
"STILE ITALIANO","STILE ITALIANO","it","","","","","","","https://it.fashionjobs.com/lavora-con-noi/stile-italiano.html","CANDIDATE_NOT_CERTIFIED"
"STOCKX","STOCKX","in | nl | us","","","","","","","https://in.fashionjobs.com/careers/stockx.html | https://nl.fashionjobs.com/vacatures-careers/stockx.html | https://us.fashionjobs.com/careers/stockx.html","CANDIDATE_NOT_CERTIFIED"
"STRADIVARIUS","STRADIVARIUS","bg | by | ch | cz | de | gr | hr | lu | mx | nl | pl | pt | ro | si | ua","","","","","","","https://bg.fashionjobs.com/careers/stradivarius.html | https://by.fashionjobs.com/%D0%BF%D0%BE%D0%B4%D0%B1%D0%BE%D1%80-%D0%BF%D0%B5%D1%80%D1%81%D0%BE%D0%BD%D0%B0%D0%BB%D0%B0/stradivarius.html | https://ch.fashionjobs.com/recrutement/stradivarius.html | https://cz.fashionjobs.com/karriere-arbeitspl%C3%A4tze/stradivarius.html | https://de.fashionjobs.com/karriere-arbeitspl%C3%A4tze/stradivarius.html | https://gr.fashionjobs.com/careers/stradivarius.html | https://hr.fashionjobs.com/careers/stradivarius.html | https://lu.fashionjobs.com/recrutement/stradivarius.html | https://mx.fashionjobs.com/careers-empleo/stradivarius.html | https://nl.fashionjobs.com/vacatures-careers/stradivarius.html | https://pl.fashionjobs.com/en-pl/careers/stradivarius.html | https://pt.fashionjobs.com/recrutamento-careers/stradivarius.html | https://ro.fashionjobs.com/careers/stradivarius.html | https://si.fashionjobs.com/careers/stradivarius.html | https://ua.fashionjobs.com/%D0%BF%D0%BE%D0%B4%D0%B1%D0%BE%D1%80-%D0%BF%D0%B5%D1%80%D1%81%D0%BE%D0%BD%D0%B0%D0%BB%D0%B0/stradivarius.html","CANDIDATE_NOT_CERTIFIED"
"STREET ONE","STREET ONE","de","","","","","","","https://de.fashionjobs.com/karriere-arbeitspl%C3%A4tze/street-one.html","CANDIDATE_NOT_CERTIFIED"
"STRELLSON","STRELLSON","de | nl","","","","","","","https://de.fashionjobs.com/karriere-arbeitspl%C3%A4tze/strellson.html | https://nl.fashionjobs.com/vacatures-careers/strellson.html","CANDIDATE_NOT_CERTIFIED"
"SUD EXPRESS","SUD EXPRESS","fr","cmtkdvwy01sjhnf2bsr141joy","sud-express:RETIRED | wttj-sector:ACTIVE | fashionjobs:PAUSED","wttj | wttj-sector | fashionjobs","","48","48","https://fr.fashionjobs.com/recrutement/sud-express.html","CANDIDATE_NOT_CERTIFIED"
"SUIT SUPPLY","SUIT SUPPLY","ae | au | be | ca | cn | de | dk | fi | nl | se | uk | us","","","","","","","https://ae.fashionjobs.com/careers/suit-supply.html | https://au.fashionjobs.com/careers/suit-supply.html | https://be.fashionjobs.com/recrutement/suit-supply.html | https://ca.fashionjobs.com/careers/suit-supply.html | https://cn.fashionjobs.com/%E6%8B%9B%E8%81%98/suit-supply.html | https://de.fashionjobs.com/karriere-arbeitspl%C3%A4tze/suit-supply.html | https://dk.fashionjobs.com/careers/suit-supply.html | https://fi.fashionjobs.com/careers/suit-supply.html | https://nl.fashionjobs.com/vacatures-careers/suit-supply.html | https://se.fashionjobs.com/careers/suit-supply.html | https://uk.fashionjobs.com/careers/suit-supply.html | https://us.fashionjobs.com/careers/suit-supply.html","CANDIDATE_NOT_CERTIFIED"
"SUITSUPPLY","SUITSUPPLY","ca | us","cmtm78ejy0m9tpv5j3yx633o0","suitsupply:ACTIVE","greenhouse","","164","0","https://ca.fashionjobs.com/careers/suitsupply.html | https://us.fashionjobs.com/careers/suitsupply.html","CANDIDATE_NOT_CERTIFIED"
"SUN VALLEY","SUN VALLEY","us","","","","","","","https://us.fashionjobs.com/careers/sun-valley.html","CANDIDATE_NOT_CERTIFIED"
"SUNGLASS HUT","SUNGLASS HUT FRANCE","fr","cmtkdvyob1t35nf2bp92av46f","fashionjobs:PAUSED","fashionjobs","","3","3","https://fr.fashionjobs.com/recrutement/sunglass-hut-france.html","CANDIDATE_NOT_CERTIFIED"
"SUPERCUTS PARADOX SITE","SUPERCUTS - PARADOX - SITE","us","","","","","","","https://us.fashionjobs.com/careers/supercuts-paradox-site.html","CANDIDATE_NOT_CERTIFIED"
"SUPERDRUG","SUPERDRUG","ie | uk | us","","","","","","","https://ie.fashionjobs.com/careers/superdrug.html | https://uk.fashionjobs.com/careers/superdrug.html | https://us.fashionjobs.com/careers/superdrug.html","CANDIDATE_NOT_CERTIFIED"
"SUPERDRY","SUPERDRY","de | fr | nl | uk | us","","","","","","","https://de.fashionjobs.com/karriere-arbeitspl%C3%A4tze/superdry.html | https://fr.fashionjobs.com/recrutement/superdry.html | https://nl.fashionjobs.com/vacatures-careers/superdry.html | https://uk.fashionjobs.com/careers/superdry.html | https://us.fashionjobs.com/careers/superdry.html","CANDIDATE_NOT_CERTIFIED"
"SUPERFRENCH AGENCY","SUPERFRENCH AGENCY","fr","","","","","","","https://fr.fashionjobs.com/recrutement/superfrench-agency.html","CANDIDATE_NOT_CERTIFIED"
"SUPERGA BEAUTY","SUPERGA BEAUTY","fr","cmtkdw24k1u0mnf2b541g84d9","","","","","","https://fr.fashionjobs.com/recrutement/superga-beauty.html","CANDIDATE_NOT_CERTIFIED"
"SUPLAIS","SUPLAIS","es","","","","","","","https://es.fashionjobs.com/careers-empleo/suplais.html","CANDIDATE_NOT_CERTIFIED"
"SUZANNE GRAE","SUZANNE GRAE","au","","","","","","","https://au.fashionjobs.com/careers/suzanne-grae.html","CANDIDATE_NOT_CERTIFIED"
"SUZEL","SUZEL","fr","cmtkdvvvz1s8enf2bsrubjbdd","","","","","","https://fr.fashionjobs.com/recrutement/suzel.html","CANDIDATE_NOT_CERTIFIED"
"SWANN PARIS","SWANN PARIS","fr","cmtkdw49i1uq5nf2b95oar2fi","","","","","","https://fr.fashionjobs.com/recrutement/swann-paris.html","CANDIDATE_NOT_CERTIFIED"
"SWAROVSKI","SWAROVSKI","at | au | br | ca | cr | fr | hk | in | kr | mx | nz | sg | th | tr | tw | us | vn","cmtp3skie1djoqq4z8560r3vp","swarovski:ACTIVE","workday","https://swarovski.wd3.myworkdayjobs.com","196","31","https://at.fashionjobs.com/karriere-arbeitspl%C3%A4tze/swarovski.html | https://au.fashionjobs.com/careers/swarovski.html | https://br.fashionjobs.com/recrutamento-careers/swarovski.html | https://ca.fashionjobs.com/careers/swarovski.html | https://cr.fashionjobs.com/careers-empleo/swarovski.html | https://fr.fashionjobs.com/recrutement/swarovski.html | https://hk.fashionjobs.com/careers/swarovski.html | https://in.fashionjobs.com/careers/swarovski.html | https://kr.fashionjobs.com/careers/swarovski.html | https://mx.fashionjobs.com/careers-empleo/swarovski.html | https://nz.fashionjobs.com/careers/swarovski.html | https://sg.fashionjobs.com/careers/swarovski.html | https://th.fashionjobs.com/careers/swarovski.html | https://tr.fashionjobs.com/i%C5%9Fe-al%C4%B1m/swarovski.html | https://tw.fashionjobs.com/careers/swarovski.html | https://us.fashionjobs.com/careers/swarovski.html | https://vn.fashionjobs.com/careers/swarovski.html","CANDIDATE_NOT_CERTIFIED"
"SWATCH GROUP","SWATCH GROUP","at | au | be | ca | ch | de | hk | nl | sg | th | uk | us","cmtpj2gbr1473pf5l1wfwy9ur","swatch-group:ACTIVE","swatchgroup","https://www.swatchgroup.com","29","1","https://at.fashionjobs.com/karriere-arbeitspl%C3%A4tze/swatch-group.html | https://au.fashionjobs.com/careers/swatch-group.html | https://be.fashionjobs.com/recrutement/swatch-group.html | https://ca.fashionjobs.com/careers/swatch-group.html | https://ch.fashionjobs.com/recrutement/swatch-group.html | https://de.fashionjobs.com/karriere-arbeitspl%C3%A4tze/swatch-group.html | https://hk.fashionjobs.com/careers/swatch-group.html | https://nl.fashionjobs.com/vacatures-careers/swatch-group.html | https://sg.fashionjobs.com/careers/swatch-group.html | https://th.fashionjobs.com/careers/swatch-group.html | https://uk.fashionjobs.com/careers/swatch-group.html | https://us.fashionjobs.com/careers/swatch-group.html","CANDIDATE_NOT_CERTIFIED"
"SWEATY BETTY","SWEATY BETTY","ie | uk","","","","","","","https://ie.fashionjobs.com/careers/sweaty-betty.html | https://uk.fashionjobs.com/careers/sweaty-betty.html","CANDIDATE_NOT_CERTIFIED"
"SWEET PANTS","SWEET PANTS","fr","cmtkdvvag1s0hnf2bw5zd6uu0","","","","","","https://fr.fashionjobs.com/recrutement/sweet-pants.html","CANDIDATE_NOT_CERTIFIED"
"SYLVIA TOLEDANO","SYLVIA TOLEDANO","fr","cmtkdw1vi1txjnf2b67ntr5ef","","","","","","https://fr.fashionjobs.com/recrutement/sylvia-toledano.html","CANDIDATE_NOT_CERTIFIED"
"TAG HEUER","TAG HEUER","ca | es | us","cmtk48hz71dheny2bq61jvrz5","lvmh:ACTIVE","lvmh_algolia","","32","0","https://ca.fashionjobs.com/careers/tag-heuer.html | https://es.fashionjobs.com/careers-empleo/tag-heuer.html | https://us.fashionjobs.com/careers/tag-heuer.html","CANDIDATE_NOT_CERTIFIED"
"TAGGED RESOURCES","TAGGED RESOURCES","uk","","","","","","","https://uk.fashionjobs.com/careers/tagged-resources.html","CANDIDATE_NOT_CERTIFIED"
"TAILORED BRANDS","TAILORED BRANDS","us","","","","","","","https://us.fashionjobs.com/careers/tailored-brands.html","CANDIDATE_NOT_CERTIFIED"
"TAKKO FASHION","TAKKO FASHION","at | be | ch | de | nl","","","","","","","https://at.fashionjobs.com/karriere-arbeitspl%C3%A4tze/takko-fashion.html | https://be.fashionjobs.com/recrutement/takko-fashion.html | https://ch.fashionjobs.com/recrutement/takko-fashion.html | https://de.fashionjobs.com/karriere-arbeitspl%C3%A4tze/takko-fashion.html | https://nl.fashionjobs.com/vacatures-careers/takko-fashion.html","CANDIDATE_NOT_CERTIFIED"
"TALBOTS","TALBOTS","ca | us","cmtlygfhc01y9qf5kvq0ggi25","chico-s:ACTIVE","workday","https://knitwellgroup.wd1.myworkdayjobs.com","7","0","https://ca.fashionjobs.com/careers/talbots.html | https://us.fashionjobs.com/careers/talbots.html","CANDIDATE_NOT_CERTIFIED"
"TALBOTS OUTLET","TALBOTS OUTLET","us","","","","","","","https://us.fashionjobs.com/careers/talbots-outlet.html","CANDIDATE_NOT_CERTIFIED"
"TALLY WEIJL","TALLY WEIJL","at | bd | ch | de","","","","","","","https://at.fashionjobs.com/karriere-arbeitspl%C3%A4tze/tally-weijl.html | https://bd.fashionjobs.com/careers/tally-weijl.html | https://ch.fashionjobs.com/recrutement/tally-weijl.html | https://de.fashionjobs.com/karriere-arbeitspl%C3%A4tze/tally-weijl.html","CANDIDATE_NOT_CERTIFIED"
"TAPESTRY","TAPESTRY","at | au | ca | cn | de | hk | id | ie | in | jp | kr | nl | nz | ru | sg | tw | uk | us | vn","cmtp6p1s52xnlqq4zm1zqljup","tapestry:ACTIVE","workday","https://tapestry.wd108.myworkdayjobs.com","1660","0","https://at.fashionjobs.com/karriere-arbeitspl%C3%A4tze/tapestry.html | https://au.fashionjobs.com/careers/tapestry.html | https://ca.fashionjobs.com/careers/tapestry.html | https://cn.fashionjobs.com/%E6%8B%9B%E8%81%98/tapestry.html | https://de.fashionjobs.com/karriere-arbeitspl%C3%A4tze/tapestry.html | https://hk.fashionjobs.com/careers/tapestry.html | https://id.fashionjobs.com/careers/tapestry.html | https://ie.fashionjobs.com/careers/tapestry.html | https://in.fashionjobs.com/careers/tapestry.html | https://jp.fashionjobs.com/%E3%83%AA%E3%82%AF%E3%83%AB%E3%83%BC%E3%83%88/tapestry.html | https://kr.fashionjobs.com/careers/tapestry.html | https://nl.fashionjobs.com/vacatures-careers/tapestry.html | https://nz.fashionjobs.com/careers/tapestry.html | https://ru.fashionjobs.com/%D0%BF%D0%BE%D0%B4%D0%B1%D0%BE%D1%80-%D0%BF%D0%B5%D1%80%D1%81%D0%BE%D0%BD%D0%B0%D0%BB%D0%B0/tapestry.html | https://sg.fashionjobs.com/careers/tapestry.html | https://tw.fashionjobs.com/careers/tapestry.html | https://uk.fashionjobs.com/careers/tapestry.html | https://us.fashionjobs.com/careers/tapestry.html | https://vn.fashionjobs.com/careers/tapestry.html","CANDIDATE_NOT_CERTIFIED"
"TARA JARMON","TARA JARMON","fr","","","","","","","https://fr.fashionjobs.com/recrutement/tara-jarmon.html","CANDIDATE_NOT_CERTIFIED"
"TARATATA BIJOUX","TARATATA BIJOUX","fr","cmtnac12c2se8qq5l9vr4jla6","fashionjobs:PAUSED","fashionjobs","","1","1","https://fr.fashionjobs.com/recrutement/taratata-bijoux.html","CANDIDATE_NOT_CERTIFIED"
"TARTINE ET CHOCOLAT","TARTINE ET CHOCOLAT","fr","cmtkdvvjy1s4cnf2bs9ugdulp","","","","","","https://fr.fashionjobs.com/recrutement/tartine-et-chocolat.html","CANDIDATE_NOT_CERTIFIED"
"TASSO MODA","TASSO MODA","es","","","","","","","https://es.fashionjobs.com/careers-empleo/tasso-moda.html","CANDIDATE_NOT_CERTIFIED"
"TBT CONCEPT","TBT CONCEPT","fr","","","","","","","https://fr.fashionjobs.com/recrutement/tbt-concept.html","CANDIDATE_NOT_CERTIFIED"
"TEDDY SMITH","TEDDY SMITH","fr","cmtkdvyiy1t1nnf2bk8opeofc","fashionjobs:PAUSED","fashionjobs","","1","1","https://fr.fashionjobs.com/recrutement/teddy-smith.html","CANDIDATE_NOT_CERTIFIED"
"TERAN CONDE PARIS","TERAN CONDE PARIS","fr","cmtkdw3061ubonf2be8bqrbv7","","","","","","https://fr.fashionjobs.com/recrutement/teran-conde-paris.html","CANDIDATE_NOT_CERTIFIED"
"TERSTAL","TERSTAL","nl","","","","","","","https://nl.fashionjobs.com/vacatures-careers/terstal.html","CANDIDATE_NOT_CERTIFIED"
"TEZENIS","TEZENIS","at | be | fr | nl","","","","","","","https://at.fashionjobs.com/karriere-arbeitspl%C3%A4tze/tezenis.html | https://be.fashionjobs.com/recrutement/tezenis.html | https://fr.fashionjobs.com/recrutement/tezenis.html | https://nl.fashionjobs.com/vacatures-careers/tezenis.html","CANDIDATE_NOT_CERTIFIED"
"THALGO","THALGO","fr","cmtnac1hs2sk6qq5lduz9cj80","fashionjobs:PAUSED","fashionjobs","","1","1","https://fr.fashionjobs.com/recrutement/thalgo.html","CANDIDATE_NOT_CERTIFIED"
"THE BODY SHOP","THE BODY SHOP","be | ca | sg | uk","","","","","","","https://be.fashionjobs.com/recrutement/the-body-shop.html | https://ca.fashionjobs.com/careers/the-body-shop.html | https://sg.fashionjobs.com/careers/the-body-shop.html | https://uk.fashionjobs.com/careers/the-body-shop.html","CANDIDATE_NOT_CERTIFIED"
"THE CLOTHETTE RETAIL","THE CLOTHETTE RETAIL","fr","cmtkdvvj41s40nf2bmfp6mn82","","","","","","https://fr.fashionjobs.com/recrutement/the-clothette-retail.html","CANDIDATE_NOT_CERTIFIED"
"THE ERA CLUB","THE ERA CLUB","fr","","","","","","","https://fr.fashionjobs.com/recrutement/the-era-club.html","CANDIDATE_NOT_CERTIFIED"
"THE ETHIQUETTE","THE ETHIQUETTE","fr","","","","","","","https://fr.fashionjobs.com/recrutement/the-ethiquette.html","CANDIDATE_NOT_CERTIFIED"
"THE FASHION SQUARE","THE FASHION SQUARE","fr","","","","","","","https://fr.fashionjobs.com/recrutement/the-fashion-square.html","CANDIDATE_NOT_CERTIFIED"
"THE FASHION STORE","THE FASHION STORE","be","","","","","","","https://be.fashionjobs.com/recrutement/the-fashion-store.html","CANDIDATE_NOT_CERTIFIED"
"THE FRANKIE SHOP","THE FRANKIE SHOP","fr","cmtkdvy4x1sxcnf2b93cyn46y","fashionjobs:PAUSED","fashionjobs","","3","3","https://fr.fashionjobs.com/recrutement/the-frankie-shop.html","CANDIDATE_NOT_CERTIFIED"
"THE KOOPLES","THE KOOPLES","ch | de | es | fr | pt","cmtlymv130ftcqf5ksa2087g6","the-kooples:ACTIVE","digitalrecruiters","","69","56","https://ch.fashionjobs.com/recrutement/the-kooples.html | https://de.fashionjobs.com/karriere-arbeitspl%C3%A4tze/the-kooples.html | https://es.fashionjobs.com/careers-empleo/the-kooples.html | https://fr.fashionjobs.com/recrutement/the-kooples.html | https://pt.fashionjobs.com/recrutamento-careers/the-kooples.html","CANDIDATE_NOT_CERTIFIED"
"THE KORNER","THE KORNER","fr","cmtkdvui71rp3nf2breei6paw","","","","","","https://fr.fashionjobs.com/recrutement/the-korner.html","CANDIDATE_NOT_CERTIFIED"
"THE LION HOTEL","THE LION HOTEL","uk","","","","","","","https://uk.fashionjobs.com/careers/the-lion-hotel.html","CANDIDATE_NOT_CERTIFIED"
"THE MERCER BRAND","THE MERCER BRAND","fr","","","","","","","https://fr.fashionjobs.com/recrutement/the-mercer-brand.html","CANDIDATE_NOT_CERTIFIED"
"THE NORTH FACE","THE NORTH FACE","ch | dk | es | fr | it | uk","","","","","","","https://ch.fashionjobs.com/recrutement/the-north-face.html | https://dk.fashionjobs.com/careers/the-north-face.html | https://es.fashionjobs.com/careers-empleo/the-north-face.html | https://fr.fashionjobs.com/recrutement/the-north-face.html | https://it.fashionjobs.com/lavora-con-noi/the-north-face.html | https://uk.fashionjobs.com/careers/the-north-face.html","CANDIDATE_NOT_CERTIFIED"
"THE PRESTIGE MAGAZINE","THE PRESTIGE MAGAZINE","us","","","","","","","https://us.fashionjobs.com/careers/the-prestige-magazine.html","CANDIDATE_NOT_CERTIFIED"
"THE REALREAL","THE REALREAL","us","cmtp2asf60m9cqq4zxqq7fbli","therealreal:ACTIVE","workday","https://therealreal.wd1.myworkdayjobs.com","136","0","https://us.fashionjobs.com/careers/the-realreal.html","CANDIDATE_NOT_CERTIFIED"
"THE ROOM","THE ROOM","fr","cmtkdvykb1t23nf2bllykrw8n","fashionjobs:PAUSED","fashionjobs","","1","1","https://fr.fashionjobs.com/recrutement/the-room.html","CANDIDATE_NOT_CERTIFIED"
"THE SAVVY PR","THE SAVVY PR","es","","","","","","","https://es.fashionjobs.com/careers-empleo/the-savvy-pr.html","CANDIDATE_NOT_CERTIFIED"
"THE SHOP","THE SHOP","fr","","","","","","","https://fr.fashionjobs.com/recrutement/the-shop.html","CANDIDATE_NOT_CERTIFIED"
"THE STING","THE STING","be | nl","","","","","","","https://be.fashionjobs.com/recrutement/the-sting.html | https://nl.fashionjobs.com/vacatures-careers/the-sting.html","CANDIDATE_NOT_CERTIFIED"
"THE WHITE COMPANY","THE WHITE COMPANY","uk","","","","","","","https://uk.fashionjobs.com/careers/the-white-company.html","CANDIDATE_NOT_CERTIFIED"
"THELIOS","THÉLIOS","us","cmtk48oez1fh6ny2benucme2z","lvmh:ACTIVE","lvmh_algolia","","23","18","https://us.fashionjobs.com/careers/thelios.html","CANDIDATE_NOT_CERTIFIED"
"THEUNISSEN","THEUNISSEN","fr","cmtkdvyjo1t1vnf2bfl4fa7ez","fashionjobs:PAUSED","fashionjobs","","1","1","https://fr.fashionjobs.com/recrutement/theunissen.html","CANDIDATE_NOT_CERTIFIED"
"THG","THG","uk","","","","","","","https://uk.fashionjobs.com/careers/thg.html","CANDIDATE_NOT_CERTIFIED"
"THIERRY LASRY","THIERRY LASRY","fr","cmtkdw14h1tqanf2b2pgvn179","","","","","","https://fr.fashionjobs.com/recrutement/thierry-lasry.html","CANDIDATE_NOT_CERTIFIED"
"THOMAS SABO","THOMAS SABO","at | ch | de","cmtlyjbk307y0qf5kj62terkl","thomas-sabo:ACTIVE | fashionjobs:PAUSED","personio | fashionjobs","","43","1","https://at.fashionjobs.com/karriere-arbeitspl%C3%A4tze/thomas-sabo.html | https://ch.fashionjobs.com/recrutement/thomas-sabo.html | https://de.fashionjobs.com/karriere-arbeitspl%C3%A4tze/thomas-sabo.html","CANDIDATE_NOT_CERTIFIED"
"THORNAES FMC","THORNAES-FMC","uk","","","","","","","https://uk.fashionjobs.com/careers/thornaes-fmc.html","CANDIDATE_NOT_CERTIFIED"
"THREADOLOGY","THREADOLOGY","uk","","","","","","","https://uk.fashionjobs.com/careers/threadology.html","CANDIDATE_NOT_CERTIFIED"
"TIAHRA","TIAHRA","es","","","","","","","https://es.fashionjobs.com/careers-empleo/tiahra.html","CANDIDATE_NOT_CERTIFIED"
"TIFFANY AND CO","TIFFANY & CO | TIFFANY & CO.","ae | at | au | br | ca | ch | cl | cn | de | ie | jp | kr | mx | nl | nz | ph | sg | th | tr | uk | us | vn","cmtk48dyr1brmny2bmqymom3o","lvmh:ACTIVE | tiffany-oracle:ACTIVE","lvmh_algolia | oraclehcm","https://eljs.fa.us2.oraclecloud.com","434","10","https://ae.fashionjobs.com/careers/tiffany-co.html | https://at.fashionjobs.com/karriere-arbeitspl%C3%A4tze/tiffany-co.html | https://au.fashionjobs.com/careers/tiffany-co.html | https://br.fashionjobs.com/recrutamento-careers/tiffany-co.html | https://ca.fashionjobs.com/careers/tiffany-co.html | https://ca.fashionjobs.com/careers/tiffany-co-.html | https://ch.fashionjobs.com/recrutement/tiffany-co.html | https://cl.fashionjobs.com/careers-empleo/tiffany-co.html | https://cn.fashionjobs.com/%E6%8B%9B%E8%81%98/tiffany-co.html | https://de.fashionjobs.com/karriere-arbeitspl%C3%A4tze/tiffany-co.html | https://ie.fashionjobs.com/careers/tiffany-co.html | https://jp.fashionjobs.com/%E3%83%AA%E3%82%AF%E3%83%AB%E3%83%BC%E3%83%88/tiffany-co.html | https://kr.fashionjobs.com/careers/tiffany-co.html | https://mx.fashionjobs.com/careers-empleo/tiffany-co.html | https://nl.fashionjobs.com/vacatures-careers/tiffany-co.html | https://nz.fashionjobs.com/careers/tiffany-co.html | https://ph.fashionjobs.com/careers/tiffany-co.html | https://sg.fashionjobs.com/careers/tiffany-co.html | https://th.fashionjobs.com/careers/tiffany-co.html | https://tr.fashionjobs.com/i%C5%9Fe-al%C4%B1m/tiffany-co.html | https://uk.fashionjobs.com/careers/tiffany-co.html | https://us.fashionjobs.com/careers/tiffany-co.html | https://us.fashionjobs.com/careers/tiffany-co-.html | https://vn.fashionjobs.com/careers/tiffany-co.html","CANDIDATE_NOT_CERTIFIED"
"TIFFOSI","TIFFOSI","pt","","","","","","","https://pt.fashionjobs.com/recrutamento-careers/tiffosi.html","CANDIDATE_NOT_CERTIFIED"
"TILLYS","TILLYS","us","","","","","","","https://us.fashionjobs.com/careers/tillys.html","CANDIDATE_NOT_CERTIFIED"
"TIMBERLAND","TIMBERLAND","es | pt","","","","","","","https://es.fashionjobs.com/careers-empleo/timberland.html | https://pt.fashionjobs.com/recrutamento-careers/timberland.html","CANDIDATE_NOT_CERTIFIED"
"TIMBERLAND GALLERY HOLDING SPA","TIMBERLAND - GALLERY HOLDING SPA","it","","","","","","","https://it.fashionjobs.com/lavora-con-noi/timberland-gallery-holding-spa.html","CANDIDATE_NOT_CERTIFIED"
"TISSOT","TISSOT","au | ch | th","cmtpj2g9f1468pf5lzi6hobp4","swatch-group:ACTIVE","swatchgroup","https://www.swatchgroup.com","10","1","https://au.fashionjobs.com/careers/tissot.html | https://ch.fashionjobs.com/recrutement/tissot.html | https://th.fashionjobs.com/careers/tissot.html","CANDIDATE_NOT_CERTIFIED"
"TJ MAXX","TJ MAXX","in | us","","","","","","","https://in.fashionjobs.com/careers/tj-maxx.html | https://us.fashionjobs.com/careers/tj-maxx.html","CANDIDATE_NOT_CERTIFIED"
"TJX AUSTRALIA","TJX AUSTRALIA","au","","","","","","","https://au.fashionjobs.com/careers/tjx-australia.html","CANDIDATE_NOT_CERTIFIED"
"TJX CANADA","TJX CANADA","ca | us","","","","","","","https://ca.fashionjobs.com/careers/tjx-canada.html | https://us.fashionjobs.com/careers/tjx-canada.html","CANDIDATE_NOT_CERTIFIED"
"TJX COMPANIES","TJX COMPANIES","at | au | ca | de | in | pl | uk | us","","","","","","","https://at.fashionjobs.com/karriere-arbeitspl%C3%A4tze/tjx-companies.html | https://au.fashionjobs.com/careers/tjx-companies.html | https://ca.fashionjobs.com/careers/tjx-companies.html | https://de.fashionjobs.com/karriere-arbeitspl%C3%A4tze/tjx-companies.html | https://in.fashionjobs.com/careers/tjx-companies.html | https://pl.fashionjobs.com/en-pl/careers/tjx-companies.html | https://uk.fashionjobs.com/careers/tjx-companies.html | https://us.fashionjobs.com/careers/tjx-companies.html","CANDIDATE_NOT_CERTIFIED"
"TJX EUROPE","TJX EUROPE","at | de | in | nl | pl | uk","","","","","","","https://at.fashionjobs.com/karriere-arbeitspl%C3%A4tze/tjx-europe.html | https://de.fashionjobs.com/karriere-arbeitspl%C3%A4tze/tjx-europe.html | https://in.fashionjobs.com/careers/tjx-europe.html | https://nl.fashionjobs.com/vacatures-careers/tjx-europe.html | https://pl.fashionjobs.com/en-pl/careers/tjx-europe.html | https://uk.fashionjobs.com/careers/tjx-europe.html","CANDIDATE_NOT_CERTIFIED"
"TK MAXX","TK MAXX","at | au | de | ie | nl | pl | uk | us","","","","","","","https://at.fashionjobs.com/karriere-arbeitspl%C3%A4tze/tk-maxx.html | https://au.fashionjobs.com/careers/tk-maxx.html | https://de.fashionjobs.com/karriere-arbeitspl%C3%A4tze/tk-maxx.html | https://ie.fashionjobs.com/careers/tk-maxx.html | https://nl.fashionjobs.com/vacatures-careers/tk-maxx.html | https://pl.fashionjobs.com/en-pl/careers/tk-maxx.html | https://uk.fashionjobs.com/careers/tk-maxx.html | https://us.fashionjobs.com/careers/tk-maxx.html","CANDIDATE_NOT_CERTIFIED"
"TOD S GROUP","TOD'S GROUP","it","cmtp1x2x7035hqq4zq4ywmjx2","tods:ACTIVE","successfactors","https://jobs.todsgroup.com","15","1","https://it.fashionjobs.com/lavora-con-noi/tod-s-group.html","CANDIDATE_NOT_CERTIFIED"
"TODD SNYDER","TODD SNYDER","us","","","","","","","https://us.fashionjobs.com/careers/todd-snyder.html","CANDIDATE_NOT_CERTIFIED"
"TOM FORD","TOM FORD","au | cz | ie | kr | mx | nl | pa | pl | sa | tw | us | za","cmtm9jhbl1uropv5jgiox664p","estee-lauder-companies:ACTIVE","eightfold","https://elcompanies.eightfold.ai","71","4","https://au.fashionjobs.com/careers/tom-ford.html | https://cz.fashionjobs.com/karriere-arbeitspl%C3%A4tze/tom-ford.html | https://ie.fashionjobs.com/careers/tom-ford.html | https://kr.fashionjobs.com/careers/tom-ford.html | https://mx.fashionjobs.com/careers-empleo/tom-ford.html | https://nl.fashionjobs.com/vacatures-careers/tom-ford.html | https://pa.fashionjobs.com/careers-empleo/tom-ford.html | https://pl.fashionjobs.com/en-pl/careers/tom-ford.html | https://sa.fashionjobs.com/careers/tom-ford.html | https://tw.fashionjobs.com/careers/tom-ford.html | https://us.fashionjobs.com/careers/tom-ford.html | https://za.fashionjobs.com/careers/tom-ford.html","CANDIDATE_NOT_CERTIFIED"
"TOM TAILOR","TOM TAILOR","at | de","","","","","","","https://at.fashionjobs.com/karriere-arbeitspl%C3%A4tze/tom-tailor.html | https://de.fashionjobs.com/karriere-arbeitspl%C3%A4tze/tom-tailor.html","CANDIDATE_NOT_CERTIFIED"
"TOMMY BAHAMA","TOMMY BAHAMA","us","","","","","","","https://us.fashionjobs.com/careers/tommy-bahama.html","CANDIDATE_NOT_CERTIFIED"
"TONJA CONCEPT AG","TONJA CONCEPT AG","ch","","","","","","","https://ch.fashionjobs.com/recrutement/tonja-concept-ag.html","CANDIDATE_NOT_CERTIFIED"
"TONY AND GUY","TONY&GUY","ch | uk","","","","","","","https://ch.fashionjobs.com/recrutement/tony-guy.html | https://uk.fashionjobs.com/careers/tony-guy.html","CANDIDATE_NOT_CERTIFIED"
"TOO FACED","TOO FACED","us","cmtm9jhk11uuspv5j88l02rs6","estee-lauder-companies:ACTIVE","eightfold","https://elcompanies.eightfold.ai","15","1","https://us.fashionjobs.com/careers/too-faced.html","CANDIDATE_NOT_CERTIFIED"
"TOPOLOGIE","TOPOLOGIE","fr","cmtkdvw3o1sabnf2btjprd7tw","","","","","","https://fr.fashionjobs.com/recrutement/topologie.html","CANDIDATE_NOT_CERTIFIED"
"TORRID","TORRID","ca | us","","","","","","","https://ca.fashionjobs.com/careers/torrid.html | https://us.fashionjobs.com/careers/torrid.html","CANDIDATE_NOT_CERTIFIED"
"TORY BURCH","TORY BURCH","ca | cn | de | hk | ie | jp | nl | uk | us","","","","","","","https://ca.fashionjobs.com/careers/tory-burch.html | https://cn.fashionjobs.com/%E6%8B%9B%E8%81%98/tory-burch.html | https://de.fashionjobs.com/karriere-arbeitspl%C3%A4tze/tory-burch.html | https://hk.fashionjobs.com/careers/tory-burch.html | https://ie.fashionjobs.com/careers/tory-burch.html | https://jp.fashionjobs.com/%E3%83%AA%E3%82%AF%E3%83%AB%E3%83%BC%E3%83%88/tory-burch.html | https://nl.fashionjobs.com/vacatures-careers/tory-burch.html | https://uk.fashionjobs.com/careers/tory-burch.html | https://us.fashionjobs.com/careers/tory-burch.html","CANDIDATE_NOT_CERTIFIED"
"TOSCANE","TOSCANE","fr","cmtt3jqra000i3nx9khntpmay","toscane:ACTIVE","flatchr","https://toscane.flatchr.io/fr/company/toscane/","20","20","https://fr.fashionjobs.com/recrutement/toscane.html","OFFICIAL_SOURCE_REVIEWED_20260908"
"TOUS","TOUS","co | de | mx","","","","","","","https://co.fashionjobs.com/careers-empleo/tous.html | https://de.fashionjobs.com/karriere-arbeitspl%C3%A4tze/tous.html | https://mx.fashionjobs.com/careers-empleo/tous.html","CANDIDATE_NOT_CERTIFIED"
"TRANSIT","TRANSIT","it","","","","","","","https://it.fashionjobs.com/lavora-con-noi/transit.html","CANDIDATE_NOT_CERTIFIED"
"TRENDFASHION LAB","TRENDFASHION LAB","es","","","","","","","https://es.fashionjobs.com/careers-empleo/trendfashion-lab.html","CANDIDATE_NOT_CERTIFIED"
"TRESOR","TRÉSOR","fr","","","","","","","https://fr.fashionjobs.com/recrutement/tresor.html","CANDIDATE_NOT_CERTIFIED"
"TRESSE","TRESSÉ","fr","cmtkdvxyq1suznf2b27jfskv5","fashionjobs:PAUSED","fashionjobs","","1","1","https://fr.fashionjobs.com/recrutement/tresse.html","CANDIDATE_NOT_CERTIFIED"
"TRICOTS SAINT JAMES","TRICOTS SAINT JAMES","fr","","","","","","","https://fr.fashionjobs.com/recrutement/tricots-saint-james.html","CANDIDATE_NOT_CERTIFIED"
"TRIGEMA","TRIGEMA","de","","","","","","","https://de.fashionjobs.com/karriere-arbeitspl%C3%A4tze/trigema.html","CANDIDATE_NOT_CERTIFIED"
"TRINITY CREATIONS BARCELONA","TRINITY CREATIONS BARCELONA","es","","","","","","","https://es.fashionjobs.com/careers-empleo/trinity-creations-barcelona.html","CANDIDATE_NOT_CERTIFIED"
"TRP RECRUITMENT","TRP RECRUITMENT","au | uk","","","","","","","https://au.fashionjobs.com/careers/trp-recruitment.html | https://uk.fashionjobs.com/careers/trp-recruitment.html","CANDIDATE_NOT_CERTIFIED"
"TUMI","TUMI","se","","","","","","","https://se.fashionjobs.com/careers/tumi.html","CANDIDATE_NOT_CERTIFIED"
"ULLA POPKEN","ULLA POPKEN","de","","","","","","","https://de.fashionjobs.com/karriere-arbeitspl%C3%A4tze/ulla-popken.html","CANDIDATE_NOT_CERTIFIED"
"ULTA BEAUTY INC","ULTA BEAUTY, INC.","us","cmtpkdkdi474apf5l272m6owb | cmtpuyimv3pbul35m36fwuuzo","ulta-jibe:ACTIVE","jibe","https://careers.ulta.com","","","https://us.fashionjobs.com/careers/ulta-beauty-inc-.html","CANDIDATE_NOT_CERTIFIED"
"UMANA SPA","UMANA SPA","it","","","","","","","https://it.fashionjobs.com/lavora-con-noi/umana-spa.html","CANDIDATE_NOT_CERTIFIED"
"UNDER ARMOUR","UNDER ARMOUR","ca | de | mx | us","","","","","","","https://ca.fashionjobs.com/careers/under-armour.html | https://de.fashionjobs.com/karriere-arbeitspl%C3%A4tze/under-armour.html | https://mx.fashionjobs.com/careers-empleo/under-armour.html | https://us.fashionjobs.com/careers/under-armour.html","CANDIDATE_NOT_CERTIFIED"
"UNDIZ","UNDIZ","be | fr","cmtlyl72q0brzqf5kvz8u8x0t","undiz:ACTIVE","teamtailor","https://undiz.teamtailor.com","48","32","https://be.fashionjobs.com/recrutement/undiz.html | https://fr.fashionjobs.com/recrutement/undiz.html","CANDIDATE_NOT_CERTIFIED"
"UNI PARIS","UNI PARIS","fr","","","","","","","https://fr.fashionjobs.com/recrutement/uni-paris.html","CANDIDATE_NOT_CERTIFIED"
"UNI SELECTION","UNI SÉLECTION","fr","","","","","","","https://fr.fashionjobs.com/recrutement/uni-selection.html","CANDIDATE_NOT_CERTIFIED"
"UNIQLO","UNIQLO","be | de | dk | es | fr | it | nl | pl | se | uk | us","cmtptzpyj02cil35mltt03knh","uniqlo-headquarters:ACTIVE | uniqlo-graduates:ACTIVE | uniqlo-stores:ACTIVE","workday","https://fastretailing.wd3.myworkdayjobs.com | https://fastretailing.wd3.myworkdayjobs.com | https://fastretailing.wd3.myworkdayjobs.com","41","5","https://be.fashionjobs.com/recrutement/uniqlo.html | https://de.fashionjobs.com/karriere-arbeitspl%C3%A4tze/uniqlo.html | https://dk.fashionjobs.com/careers/uniqlo.html | https://es.fashionjobs.com/careers-empleo/uniqlo.html | https://fr.fashionjobs.com/recrutement/uniqlo.html | https://it.fashionjobs.com/lavora-con-noi/uniqlo.html | https://nl.fashionjobs.com/vacatures-careers/uniqlo.html | https://pl.fashionjobs.com/en-pl/careers/uniqlo.html | https://se.fashionjobs.com/careers/uniqlo.html | https://uk.fashionjobs.com/careers/uniqlo.html | https://us.fashionjobs.com/careers/uniqlo.html","CANDIDATE_NOT_CERTIFIED"
"UNIVERS PRESSE","UNIVERS PRESSE","fr","cmtkdw18p1trsnf2bp3mqm1u4","fashionjobs:PAUSED","fashionjobs","","1","1","https://fr.fashionjobs.com/recrutement/univers-presse.html","CANDIDATE_NOT_CERTIFIED"
"UNIVERSAL STORE","UNIVERSAL STORE","au","","","","","","","https://au.fashionjobs.com/careers/universal-store.html","CANDIDATE_NOT_CERTIFIED"
"UNIVERSITY OF NORTH FLORIDA","UNIVERSITY OF NORTH FLORIDA","us","","","","","","","https://us.fashionjobs.com/careers/university-of-north-florida.html","CANDIDATE_NOT_CERTIFIED"
"UNIZONA MILANO S R L","UNIZONA MILANO S.R.L.","it","","","","","","","https://it.fashionjobs.com/lavora-con-noi/unizona-milano-s-r-l-.html","CANDIDATE_NOT_CERTIFIED"
"UNODE50","UNODE50","fr","cmtkdvuha1ronnf2bx75dseo4","","","","","","https://fr.fashionjobs.com/recrutement/unode50.html","CANDIDATE_NOT_CERTIFIED"
"UNSUBSCRIBED","UNSUBSCRIBED","us","","","","","","","https://us.fashionjobs.com/careers/unsubscribed.html","CANDIDATE_NOT_CERTIFIED"
"UPZNSHIT","UPZNSHIT","fr","","","","","","","https://fr.fashionjobs.com/recrutement/upznshit.html","CANDIDATE_NOT_CERTIFIED"
"URBN","URBN","at | be | ca | de | dk | ie | in | nl | se | uk | us","cmtpkx0dp59qspf5lz9252szw","urbn-stores:ACTIVE | urbn-hub:ACTIVE | fashionjobs:PAUSED","icims | fashionjobs","https://stores-na-urbn.icims.com | https://hub-urbn.icims.com","1365","6","https://at.fashionjobs.com/karriere-arbeitspl%C3%A4tze/urbn.html | https://be.fashionjobs.com/recrutement/urbn.html | https://ca.fashionjobs.com/careers/urbn.html | https://de.fashionjobs.com/karriere-arbeitspl%C3%A4tze/urbn.html | https://dk.fashionjobs.com/careers/urbn.html | https://ie.fashionjobs.com/careers/urbn.html | https://in.fashionjobs.com/careers/urbn.html | https://nl.fashionjobs.com/vacatures-careers/urbn.html | https://se.fashionjobs.com/careers/urbn.html | https://uk.fashionjobs.com/careers/urbn.html | https://us.fashionjobs.com/careers/urbn.html","CANDIDATE_NOT_CERTIFIED"
"UTANDE REAL ESTATE","UTANDE REAL ESTATE","es","","","","","","","https://es.fashionjobs.com/careers-empleo/utande-real-estate.html","CANDIDATE_NOT_CERTIFIED"
"UVEX","UVEX","de","","","","","","","https://de.fashionjobs.com/karriere-arbeitspl%C3%A4tze/uvex.html","CANDIDATE_NOT_CERTIFIED"
"V DE VINSTER","V DE VINSTER","fr","cmtkdw1341tpvnf2bah13iwjl","fashionjobs:PAUSED","fashionjobs","","1","1","https://fr.fashionjobs.com/recrutement/v-de-vinster.html","CANDIDATE_NOT_CERTIFIED"
"VACHERON CONSTANTIN","VACHERON CONSTANTIN","us","","","","","","","https://us.fashionjobs.com/careers/vacheron-constantin.html","CANDIDATE_NOT_CERTIFIED"
"VAILLANT STUDIO","VAILLANT STUDIO","fr","cmtkdvwju1sfonf2bhwfvc49o","fashionjobs:PAUSED","fashionjobs","","2","2","https://fr.fashionjobs.com/recrutement/vaillant-studio.html","CANDIDATE_NOT_CERTIFIED"
"VALENTINO","VALENTINO","us","cmtk1xg5w01d2nv2bq5sx8fs0","valentino:ACTIVE","successfactors","https://jobs.valentino.com","34","1","https://us.fashionjobs.com/careers/valentino.html","CANDIDATE_NOT_CERTIFIED"
"VALERIAN HUGHES PARIS","VALERIAN HUGHES PARIS","fr","cmtkdw0yx1toonf2but44npz9","fashionjobs:PAUSED","fashionjobs","","3","3","https://fr.fashionjobs.com/recrutement/valerian-hughes-paris.html","CANDIDATE_NOT_CERTIFIED"
"VALICO","VALICO","it","","","","","","","https://it.fashionjobs.com/lavora-con-noi/valico.html","CANDIDATE_NOT_CERTIFIED"
"VAN CLEEF AND ARPELS","VAN CLEEF & ARPELS","us","cmtpnabka00003nltzkvgh51x","richemont-workday:ACTIVE | richemont:ACTIVE","workday","https://richemont.wd3.myworkdayjobs.com | https://richemont.wd3.myworkdayjobs.com","274","109","https://us.fashionjobs.com/careers/van-cleef-arpels.html","CANDIDATE_NOT_CERTIFIED"
"VANESSA BRUNO","VANESSA BRUNO","es | fr","cmtkdvugb1ro7nf2b00w12jbk","fashionjobs:PAUSED","fashionjobs","","2","2","https://es.fashionjobs.com/careers-empleo/vanessa-bruno.html | https://fr.fashionjobs.com/recrutement/vanessa-bruno.html","CANDIDATE_NOT_CERTIFIED"
"VANESSA SPOSI","VANESSA SPOSI","fr","cmtkdw36p1ue3nf2b971lcq8d","","","","","","https://fr.fashionjobs.com/recrutement/vanessa-sposi.html","CANDIDATE_NOT_CERTIFIED"
"VANHAREN","VANHAREN","nl","","","","","","","https://nl.fashionjobs.com/vacatures-careers/vanharen.html","CANDIDATE_NOT_CERTIFIED"
"VANS","VANS","es | it | pt","","","","","","","https://es.fashionjobs.com/careers-empleo/vans.html | https://it.fashionjobs.com/lavora-con-noi/vans.html | https://pt.fashionjobs.com/recrutamento-careers/vans.html","CANDIDATE_NOT_CERTIFIED"
"VARELA","VARELA","es","","","","","","","https://es.fashionjobs.com/careers-empleo/varela.html","CANDIDATE_NOT_CERTIFIED"
"VARIOUS ARCHIVES","VARIOUS ARCHIVES","fr","cmtp868o43rkiqq4zhga3pvg5","fashionjobs:PAUSED","fashionjobs","","2","2","https://fr.fashionjobs.com/recrutement/various-archives.html","CANDIDATE_NOT_CERTIFIED"
"VARIOUS KARL LAGERFELD PAUL AND SHARK PATRIZIA PEPE INOA PARAJUMPERS SUNDRESS AND MANY MORE","VARIOUS (KARL LAGERFELD, PAUL & SHARK, PATRIZIA PEPE, INOA, PARAJUMPERS, SUNDRESS) AND MANY MORE","uk","","","","","","","https://uk.fashionjobs.com/careers/various-and-many-more.html","CANDIDATE_NOT_CERTIFIED"
"VARSITY BRANDS","VARSITY BRANDS","us","","","","","","","https://us.fashionjobs.com/careers/varsity-brands.html","CANDIDATE_NOT_CERTIFIED"
"VAUDE","VAUDE","ch | de","","","","","","","https://ch.fashionjobs.com/recrutement/vaude.html | https://de.fashionjobs.com/karriere-arbeitspl%C3%A4tze/vaude.html","CANDIDATE_NOT_CERTIFIED"
"VEDDER AND VEDDER","VEDDER & VEDDER","nl","","","","","","","https://nl.fashionjobs.com/vacatures-careers/vedder-vedder.html","CANDIDATE_NOT_CERTIFIED"
"VEEPEE","VEEPEE","be | de | uk","","","","","","","https://be.fashionjobs.com/recrutement/veepee.html | https://de.fashionjobs.com/karriere-arbeitspl%C3%A4tze/veepee.html | https://uk.fashionjobs.com/careers/veepee.html","CANDIDATE_NOT_CERTIFIED"
"VERALAB GALLERY HOLDING SPA","VERALAB/GALLERY HOLDING SPA","it","","","","","","","https://it.fashionjobs.com/lavora-con-noi/veralab-gallery-holding-spa.html","CANDIDATE_NOT_CERTIFIED"
"VERO MODA","VERO MODA","at | be | ch | cn | de | dk | ie | nl | no | se","","","","","","","https://at.fashionjobs.com/karriere-arbeitspl%C3%A4tze/vero-moda.html | https://be.fashionjobs.com/recrutement/vero-moda.html | https://ch.fashionjobs.com/recrutement/vero-moda.html | https://cn.fashionjobs.com/%E6%8B%9B%E8%81%98/vero-moda.html | https://de.fashionjobs.com/karriere-arbeitspl%C3%A4tze/vero-moda.html | https://dk.fashionjobs.com/careers/vero-moda.html | https://ie.fashionjobs.com/careers/vero-moda.html | https://nl.fashionjobs.com/vacatures-careers/vero-moda.html | https://no.fashionjobs.com/careers/vero-moda.html | https://se.fashionjobs.com/careers/vero-moda.html","CANDIDATE_NOT_CERTIFIED"
"VERONICA BEARD","VERONICA BEARD","fr","cmtlykan40ad4qf5ki13taw2h","veronica-beard:ACTIVE","greenhouse","","44","1","https://fr.fashionjobs.com/recrutement/veronica-beard.html","CANDIDATE_NOT_CERTIFIED"
"VERSACE","VERSACE","at | ca | ch | de | es | fr | it | jp | pt | uk | us","cmtk1xxkp025dnv2b2ssr1yjk","versace:ACTIVE","workday","https://capri.wd1.myworkdayjobs.com","33","4","https://at.fashionjobs.com/karriere-arbeitspl%C3%A4tze/versace.html | https://ca.fashionjobs.com/careers/versace.html | https://ch.fashionjobs.com/recrutement/versace.html | https://de.fashionjobs.com/karriere-arbeitspl%C3%A4tze/versace.html | https://es.fashionjobs.com/careers-empleo/versace.html | https://fr.fashionjobs.com/recrutement/versace.html | https://it.fashionjobs.com/lavora-con-noi/versace.html | https://jp.fashionjobs.com/%E3%83%AA%E3%82%AF%E3%83%AB%E3%83%BC%E3%83%88/versace.html | https://pt.fashionjobs.com/recrutamento-careers/versace.html | https://uk.fashionjobs.com/careers/versace.html | https://us.fashionjobs.com/careers/versace.html","CANDIDATE_NOT_CERTIFIED"
"VESTIAIRE DES PARISIENNES","VESTIAIRE DES PARISIENNES","fr","cmtoq4zbf2zxoqq4zm9jn67c0","","","","","","https://fr.fashionjobs.com/recrutement/vestiaire-des-parisiennes.html","CANDIDATE_NOT_CERTIFIED"
"VF CORPORATION","VF CORPORATION","at | au | be | ca | ch | cn | de | dk | es | fr | id | ie | jp | kr | mx | nl | nz | pl | pt | sg | tw | uk | us | vn","","","","","","","https://at.fashionjobs.com/karriere-arbeitspl%C3%A4tze/vf-corporation.html | https://au.fashionjobs.com/careers/vf-corporation.html | https://be.fashionjobs.com/recrutement/vf-corporation.html | https://ca.fashionjobs.com/careers/vf-corporation.html | https://ch.fashionjobs.com/recrutement/vf-corporation.html | https://cn.fashionjobs.com/%E6%8B%9B%E8%81%98/vf-corporation.html | https://de.fashionjobs.com/karriere-arbeitspl%C3%A4tze/vf-corporation.html | https://dk.fashionjobs.com/careers/vf-corporation.html | https://es.fashionjobs.com/careers-empleo/vf-corporation.html | https://fr.fashionjobs.com/recrutement/vf-corporation.html | https://id.fashionjobs.com/careers/vf-corporation.html | https://ie.fashionjobs.com/careers/vf-corporation.html | https://jp.fashionjobs.com/%E3%83%AA%E3%82%AF%E3%83%AB%E3%83%BC%E3%83%88/vf-corporation.html | https://kr.fashionjobs.com/careers/vf-corporation.html | https://mx.fashionjobs.com/careers-empleo/vf-corporation.html | https://nl.fashionjobs.com/vacatures-careers/vf-corporation.html | https://nz.fashionjobs.com/careers/vf-corporation.html | https://pl.fashionjobs.com/en-pl/careers/vf-corporation.html | https://pt.fashionjobs.com/recrutamento-careers/vf-corporation.html | https://sg.fashionjobs.com/careers/vf-corporation.html | https://tw.fashionjobs.com/careers/vf-corporation.html | https://uk.fashionjobs.com/careers/vf-corporation.html | https://us.fashionjobs.com/careers/vf-corporation.html | https://vn.fashionjobs.com/careers/vf-corporation.html","CANDIDATE_NOT_CERTIFIED"
"VIA GLOBAL FASHION HOUSE SL","VIA GLOBAL FASHION HOUSE SL","es","","","","","","","https://es.fashionjobs.com/careers-empleo/via-global-fashion-house-sl.html","CANDIDATE_NOT_CERTIFIED"
"VIB S","VIB'S","fr","cmtm7ucqi10y3pv5j1s4jalzb","element-6:ACTIVE","magnet","https://recrutement.groupe-beaumanoir.com","31","31","https://fr.fashionjobs.com/recrutement/vib-s.html","CANDIDATE_NOT_CERTIFIED"
"VILA","VILA","be | dk | ie | nl | no | se | uk","","","","","","","https://be.fashionjobs.com/recrutement/vila.html | https://dk.fashionjobs.com/careers/vila.html | https://ie.fashionjobs.com/careers/vila.html | https://nl.fashionjobs.com/vacatures-careers/vila.html | https://no.fashionjobs.com/careers/vila.html | https://se.fashionjobs.com/careers/vila.html | https://uk.fashionjobs.com/careers/vila.html","CANDIDATE_NOT_CERTIFIED"
"VILEBREQUIN","VILEBREQUIN","fr","","","","","","","https://fr.fashionjobs.com/recrutement/vilebrequin.html","CANDIDATE_NOT_CERTIFIED"
"VISION SOURCE","VISION SOURCE","us","","","","","","","https://us.fashionjobs.com/careers/vision-source.html","CANDIDATE_NOT_CERTIFIED"
"VIVERE LONDON","VIVERE LONDON","uk","","","","","","","https://uk.fashionjobs.com/careers/vivere-london.html","CANDIDATE_NOT_CERTIFIED"
"VIVIENNE WESTWOOD","VIVIENNE WESTWOOD","fr","cmtk1x36n00cgnv2bhktbf88p","vivienne-westwood:ACTIVE | fashionjobs:PAUSED","teamtailor | fashionjobs","https://viviennewestwood.teamtailor.com","13","1","https://fr.fashionjobs.com/recrutement/vivienne-westwood.html","CANDIDATE_NOT_CERTIFIED"
"VOILA ST BARTH","VOILA ST BARTH","fr","cmtkdvv3c1rxynf2b6cs7vafv","","","","","","https://fr.fashionjobs.com/recrutement/voila-st-barth.html","CANDIDATE_NOT_CERTIFIED"
"VOLCOM","VOLCOM","us","","","","","","","https://us.fashionjobs.com/careers/volcom.html","CANDIDATE_NOT_CERTIFIED"
"VOLUME CLOTHING LTD","VOLUME CLOTHING LTD","uk","","","","","","","https://uk.fashionjobs.com/careers/volume-clothing-ltd.html","CANDIDATE_NOT_CERTIFIED"
"WALGREENS","WALGREENS","us","","","","","","","https://us.fashionjobs.com/careers/walgreens.html","CANDIDATE_NOT_CERTIFIED"
"WALK IN PARIS","WALK IN PARIS","fr","","","","","","","https://fr.fashionjobs.com/recrutement/walk-in-paris.html","CANDIDATE_NOT_CERTIFIED"
"WALMART","WALMART","us","","","","","","","https://us.fashionjobs.com/careers/walmart.html","CANDIDATE_NOT_CERTIFIED"
"WARBY PARKER","WARBY PARKER","ca | us","","","","","","","https://ca.fashionjobs.com/careers/warby-parker.html | https://us.fashionjobs.com/careers/warby-parker.html","CANDIDATE_NOT_CERTIFIED"
"WATCHES OF SWITZERLAND","WATCHES OF SWITZERLAND","ch | uk | us","","","","","","","https://ch.fashionjobs.com/recrutement/watches-of-switzerland.html | https://uk.fashionjobs.com/careers/watches-of-switzerland.html | https://us.fashionjobs.com/careers/watches-of-switzerland.html","CANDIDATE_NOT_CERTIFIED"
"WATCHFINDER","WATCHFINDER","us","cmtm7vjvc13hzpv5jonszu153","richemont-workday:ACTIVE | richemont:ACTIVE","workday","https://richemont.wd3.myworkdayjobs.com | https://richemont.wd3.myworkdayjobs.com","16","1","https://us.fashionjobs.com/careers/watchfinder.html","CANDIDATE_NOT_CERTIFIED"
"WE FASHION","WE FASHION","nl","","","","","","","https://nl.fashionjobs.com/vacatures-careers/we-fashion.html","CANDIDATE_NOT_CERTIFIED"
"WEEKEND MAX MARA","WEEKEND MAX MARA","es","","","","","","","https://es.fashionjobs.com/careers-empleo/weekend-max-mara.html","CANDIDATE_NOT_CERTIFIED"
"WEEKEND MAXMARA","WEEKEND MAXMARA","fr","cmtkdvvje1s44nf2b0y8tncyi","","","","","","https://fr.fashionjobs.com/recrutement/weekend-maxmara.html","CANDIDATE_NOT_CERTIFIED"
"WEILL","WEILL","fr","cmtkdw0ak1tgnnf2bqedvcp6r","fashionjobs:PAUSED","fashionjobs","","1","1","https://fr.fashionjobs.com/recrutement/weill.html","CANDIDATE_NOT_CERTIFIED"
"WELLA COMPANY","WELLA COMPANY","ae | ar | ca | ch | de | fi | ie | mx | nl | no | pl | se | th | uk | us","","","","","","","https://ae.fashionjobs.com/careers/wella-company.html | https://ar.fashionjobs.com/careers-empleo/wella-company.html | https://ca.fashionjobs.com/careers/wella-company.html | https://ch.fashionjobs.com/recrutement/wella-company.html | https://de.fashionjobs.com/karriere-arbeitspl%C3%A4tze/wella-company.html | https://fi.fashionjobs.com/careers/wella-company.html | https://ie.fashionjobs.com/careers/wella-company.html | https://mx.fashionjobs.com/careers-empleo/wella-company.html | https://nl.fashionjobs.com/vacatures-careers/wella-company.html | https://no.fashionjobs.com/careers/wella-company.html | https://pl.fashionjobs.com/en-pl/careers/wella-company.html | https://se.fashionjobs.com/careers/wella-company.html | https://th.fashionjobs.com/careers/wella-company.html | https://uk.fashionjobs.com/careers/wella-company.html | https://us.fashionjobs.com/careers/wella-company.html","CANDIDATE_NOT_CERTIFIED"
"WERKEN BIJ VANHAREN","WERKEN BIJ VANHAREN","nl","","","","","","","https://nl.fashionjobs.com/vacatures-careers/werken-bij-vanharen.html","CANDIDATE_NOT_CERTIFIED"
"WHBM","WHBM","us","","","","","","","https://us.fashionjobs.com/careers/whbm.html","CANDIDATE_NOT_CERTIFIED"
"WHBM OUTLET","WHBM OUTLET","us","","","","","","","https://us.fashionjobs.com/careers/whbm-outlet.html","CANDIDATE_NOT_CERTIFIED"
"WHITE LINE SHOWROOM","WHITE LINE SHOWROOM","es","","","","","","","https://es.fashionjobs.com/careers-empleo/white-line-showroom.html","CANDIDATE_NOT_CERTIFIED"
"WHITE STUFF","WHITE STUFF","uk","cmtlyndkq0h53qf5kle7uhegj","white-stuff:ACTIVE","teamtailor","https://whitestuff.teamtailor.com","81","0","https://uk.fashionjobs.com/careers/white-stuff.html","CANDIDATE_NOT_CERTIFIED"
"WHO WE ARE","WHO WE ARE","fr","","","","","","","https://fr.fashionjobs.com/recrutement/who-we-are.html","CANDIDATE_NOT_CERTIFIED"
"WILD ROSE AND SPARROW","WILD ROSE & SPARROW","fr","","","","","","","https://fr.fashionjobs.com/recrutement/wild-rose-sparrow.html","CANDIDATE_NOT_CERTIFIED"
"WILLIAMS SONOMA","WILLIAMS SONOMA","au | ca | cn | in | mx | pt | sg | tr | uk | us | vn","","","","","","","https://au.fashionjobs.com/careers/williams-sonoma.html | https://ca.fashionjobs.com/careers/williams-sonoma.html | https://cn.fashionjobs.com/%E6%8B%9B%E8%81%98/williams-sonoma.html | https://in.fashionjobs.com/careers/williams-sonoma.html | https://mx.fashionjobs.com/careers-empleo/williams-sonoma.html | https://pt.fashionjobs.com/recrutamento-careers/williams-sonoma.html | https://sg.fashionjobs.com/careers/williams-sonoma.html | https://tr.fashionjobs.com/i%C5%9Fe-al%C4%B1m/williams-sonoma.html | https://uk.fashionjobs.com/careers/williams-sonoma.html | https://us.fashionjobs.com/careers/williams-sonoma.html | https://vn.fashionjobs.com/careers/williams-sonoma.html","CANDIDATE_NOT_CERTIFIED"
"WILSON","WILSON","jp | us","","","","","","","https://jp.fashionjobs.com/%E3%83%AA%E3%82%AF%E3%83%AB%E3%83%BC%E3%83%88/wilson.html | https://us.fashionjobs.com/careers/wilson.html","CANDIDATE_NOT_CERTIFIED"
"WINDSOR","WINDSOR.","at | de","","","","","","","https://at.fashionjobs.com/karriere-arbeitspl%C3%A4tze/windsor-.html | https://de.fashionjobs.com/karriere-arbeitspl%C3%A4tze/windsor-.html","CANDIDATE_NOT_CERTIFIED"
"WINNERS","WINNERS","ca | us","","","","","","","https://ca.fashionjobs.com/careers/winners.html | https://us.fashionjobs.com/careers/winners.html","CANDIDATE_NOT_CERTIFIED"
"WINNING SEARCH","WINNING SEARCH","fr","cmtkdw3ek1ugmnf2b0qrb3rix","","","","","","https://fr.fashionjobs.com/recrutement/winning-search.html","CANDIDATE_NOT_CERTIFIED"
"WOK STORE","WOK STORE","it","","","","","","","https://it.fashionjobs.com/lavora-con-noi/wok-store.html","CANDIDATE_NOT_CERTIFIED"
"WOLVERINE","WOLVERINE","uk | us","","","","","","","https://uk.fashionjobs.com/careers/wolverine.html | https://us.fashionjobs.com/careers/wolverine.html","CANDIDATE_NOT_CERTIFIED"
"WOOLRICH EUROPE SPA","WOOLRICH EUROPE SPA","it","","","","","","","https://it.fashionjobs.com/lavora-con-noi/woolrich-europe-spa.html","CANDIDATE_NOT_CERTIFIED"
"WOOYOUNGMI","WOOYOUNGMI","fr","cmtp868ul3rmjqq4zy6kzyfzn","fashionjobs:PAUSED","fashionjobs","","1","1","https://fr.fashionjobs.com/recrutement/wooyoungmi.html","CANDIDATE_NOT_CERTIFIED"
"WOP WORLD OF POP","WOP WORLD OF POP","fr","cmtkdvyjw1t1znf2bwjr24yz0","fashionjobs:PAUSED","fashionjobs","","1","1","https://fr.fashionjobs.com/recrutement/wop-world-of-pop.html","CANDIDATE_NOT_CERTIFIED"
"WORTMANN","WORTMANN","at | de | nl","","","","","","","https://at.fashionjobs.com/karriere-arbeitspl%C3%A4tze/wortmann.html | https://de.fashionjobs.com/karriere-arbeitspl%C3%A4tze/wortmann.html | https://nl.fashionjobs.com/vacatures-careers/wortmann.html","CANDIDATE_NOT_CERTIFIED"
"WSN DEVELOPPEMENT","WSN DEVELOPPEMENT","fr","cmtkdvxcr1snqnf2bihy71s5a","","","","","","https://fr.fashionjobs.com/recrutement/wsn-developpement.html","CANDIDATE_NOT_CERTIFIED"
"WSS","WSS","us","cmtpxuy89004o3nxc8450smpe","foot-locker-france:ACTIVE","phenom","https://careers.footlocker.com","9","0","https://us.fashionjobs.com/careers/wss.html","CANDIDATE_NOT_CERTIFIED"
"WYSE","WYSE","uk","","","","","","","https://uk.fashionjobs.com/careers/wyse.html","CANDIDATE_NOT_CERTIFIED"
"YALI TRIBE","YALI TRIBE","it","","","","","","","https://it.fashionjobs.com/lavora-con-noi/yali-tribe.html","CANDIDATE_NOT_CERTIFIED"
"YALLA","YALLÄ","fr","cmtkdw1to1twrnf2b34qv04xc","","","","","","https://fr.fashionjobs.com/recrutement/yalla.html","CANDIDATE_NOT_CERTIFIED"
"YAMRON JEWELERS","YAMRON JEWELERS","us","","","","","","","https://us.fashionjobs.com/careers/yamron-jewelers.html","CANDIDATE_NOT_CERTIFIED"
"YAS","YAS","dk","","","","","","","https://dk.fashionjobs.com/careers/yas.html","CANDIDATE_NOT_CERTIFIED"
"YETI","YETI","au | ca | cn | jp | nl | ph | th | uk | us | vn","","","","","","","https://au.fashionjobs.com/careers/yeti.html | https://ca.fashionjobs.com/careers/yeti.html | https://cn.fashionjobs.com/%E6%8B%9B%E8%81%98/yeti.html | https://jp.fashionjobs.com/%E3%83%AA%E3%82%AF%E3%83%AB%E3%83%BC%E3%83%88/yeti.html | https://nl.fashionjobs.com/vacatures-careers/yeti.html | https://ph.fashionjobs.com/careers/yeti.html | https://th.fashionjobs.com/careers/yeti.html | https://uk.fashionjobs.com/careers/yeti.html | https://us.fashionjobs.com/careers/yeti.html | https://vn.fashionjobs.com/careers/yeti.html","CANDIDATE_NOT_CERTIFIED"
"YNAP GROUP","YNAP GROUP","hk","","","","","","","https://hk.fashionjobs.com/careers/ynap-group.html","CANDIDATE_NOT_CERTIFIED"
"YOUCOM","YOUCOM","br","","","","","","","https://br.fashionjobs.com/recrutamento-careers/youcom.html","CANDIDATE_NOT_CERTIFIED"
"YOURS","YOURS","uk","","","","","","","https://uk.fashionjobs.com/careers/yours.html","CANDIDATE_NOT_CERTIFIED"
"YSE","YSÉ","fr","cmtpz68jo05bk3ncq0uqw5phj","wttj-sector:ACTIVE","wttj-sector","","11","11","https://fr.fashionjobs.com/recrutement/yse.html","CANDIDATE_NOT_CERTIFIED"
"YSEULT","YSEULT","fr","","","","","","","https://fr.fashionjobs.com/recrutement/yseult.html","CANDIDATE_NOT_CERTIFIED"
"YSL BOUTIQUE","YSL BOUTIQUE FRANCE SAS","fr","","","","","","","https://fr.fashionjobs.com/recrutement/ysl-boutique-france-sas.html","CANDIDATE_NOT_CERTIFIED"
"YSPRINT IMPRESSION PARIS","YSPRINT - IMPRESSION PARIS","fr","","","","","","","https://fr.fashionjobs.com/recrutement/ysprint-impression-paris.html","CANDIDATE_NOT_CERTIFIED"
"YVES ROCHER","YVES ROCHER","it","cmtpkwz1p59mppf5ljfnyi3dj","fashionjobs:PAUSED","fashionjobs","","3","3","https://it.fashionjobs.com/lavora-con-noi/yves-rocher.html","CANDIDATE_NOT_CERTIFIED"
"YVES SAINT LAURENT","YVES SAINT LAURENT SAS","fr","cmtpukum3299ml35mw6vwiqno","kering:ACTIVE","eightfold","https://careers.kering.com","203","58","https://fr.fashionjobs.com/recrutement/yves-saint-laurent-sas.html","CANDIDATE_NOT_CERTIFIED"
"YVES SALOMON","YVES SALOMON","fr","cmtlq3uao1lxppg2bltvzk24o","","","","","","https://fr.fashionjobs.com/recrutement/yves-salomon.html","CANDIDATE_NOT_CERTIFIED"
"ZADIG AND VOLTAIRE","ZADIG&VOLTAIRE | ZADIG & VOLTAIRE","es | fr","cmtkdvuvh1ruynf2bgauxrzqm","fashionjobs:PAUSED","fashionjobs","","10","10","https://es.fashionjobs.com/careers-empleo/zadig-voltaire.html | https://fr.fashionjobs.com/recrutement/zadig-voltaire.html","CANDIDATE_NOT_CERTIFIED"
"ZALANDO","ZALANDO","de | fi | ie | pl | ro | se","","","","","","","https://de.fashionjobs.com/karriere-arbeitspl%C3%A4tze/zalando.html | https://fi.fashionjobs.com/careers/zalando.html | https://ie.fashionjobs.com/careers/zalando.html | https://pl.fashionjobs.com/en-pl/careers/zalando.html | https://ro.fashionjobs.com/careers/zalando.html | https://se.fashionjobs.com/careers/zalando.html","CANDIDATE_NOT_CERTIFIED"
"ZAPA","ZAPA","fr","","","","","","","https://fr.fashionjobs.com/recrutement/zapa.html","CANDIDATE_NOT_CERTIFIED"
"ZAPPOS","ZAPPOS","us","","","","","","","https://us.fashionjobs.com/careers/zappos.html","CANDIDATE_NOT_CERTIFIED"
"ZARA","ZARA","at | au | be | bg | br | by | ca | ch | cz | de | dk | fi | gr | hr | hu | it | kr | kw | kz | lu | mx | nl | no | nz | pl | pt | ro | se | si | sk | tr | ua | uk | us","","","","","","","https://at.fashionjobs.com/karriere-arbeitspl%C3%A4tze/zara.html | https://au.fashionjobs.com/careers/zara.html | https://be.fashionjobs.com/recrutement/zara.html | https://bg.fashionjobs.com/careers/zara.html | https://br.fashionjobs.com/recrutamento-careers/zara.html | https://by.fashionjobs.com/%D0%BF%D0%BE%D0%B4%D0%B1%D0%BE%D1%80-%D0%BF%D0%B5%D1%80%D1%81%D0%BE%D0%BD%D0%B0%D0%BB%D0%B0/zara.html | https://ca.fashionjobs.com/careers/zara.html | https://ch.fashionjobs.com/recrutement/zara.html | https://cz.fashionjobs.com/karriere-arbeitspl%C3%A4tze/zara.html | https://de.fashionjobs.com/karriere-arbeitspl%C3%A4tze/zara.html | https://dk.fashionjobs.com/careers/zara.html | https://fi.fashionjobs.com/careers/zara.html | https://gr.fashionjobs.com/careers/zara.html | https://hr.fashionjobs.com/careers/zara.html | https://hu.fashionjobs.com/careers/zara.html | https://it.fashionjobs.com/lavora-con-noi/zara.html | https://kr.fashionjobs.com/careers/zara.html | https://kw.fashionjobs.com/careers/zara.html | https://kz.fashionjobs.com/careers/zara.html | https://lu.fashionjobs.com/recrutement/zara.html | https://mx.fashionjobs.com/careers-empleo/zara.html | https://nl.fashionjobs.com/vacatures-careers/zara.html | https://no.fashionjobs.com/careers/zara.html | https://nz.fashionjobs.com/careers/zara.html | https://pl.fashionjobs.com/en-pl/careers/zara.html | https://pt.fashionjobs.com/recrutamento-careers/zara.html | https://ro.fashionjobs.com/careers/zara.html | https://se.fashionjobs.com/careers/zara.html | https://si.fashionjobs.com/careers/zara.html | https://sk.fashionjobs.com/careers/zara.html | https://tr.fashionjobs.com/i%C5%9Fe-al%C4%B1m/zara.html | https://ua.fashionjobs.com/%D0%BF%D0%BE%D0%B4%D0%B1%D0%BE%D1%80-%D0%BF%D0%B5%D1%80%D1%81%D0%BE%D0%BD%D0%B0%D0%BB%D0%B0/zara.html | https://uk.fashionjobs.com/careers/zara.html | https://us.fashionjobs.com/careers/zara.html","CANDIDATE_NOT_CERTIFIED"
"ZARA HOME","ZARA HOME","be | bg | br | ch | cz | de | gr | hu | ie | jp | kz | mx | nl | pl | pt","","","","","","","https://be.fashionjobs.com/recrutement/zara-home.html | https://bg.fashionjobs.com/careers/zara-home.html | https://br.fashionjobs.com/recrutamento-careers/zara-home.html | https://ch.fashionjobs.com/recrutement/zara-home.html | https://cz.fashionjobs.com/karriere-arbeitspl%C3%A4tze/zara-home.html | https://de.fashionjobs.com/karriere-arbeitspl%C3%A4tze/zara-home.html | https://gr.fashionjobs.com/careers/zara-home.html | https://hu.fashionjobs.com/careers/zara-home.html | https://ie.fashionjobs.com/careers/zara-home.html | https://jp.fashionjobs.com/%E3%83%AA%E3%82%AF%E3%83%AB%E3%83%BC%E3%83%88/zara-home.html | https://kz.fashionjobs.com/careers/zara-home.html | https://mx.fashionjobs.com/careers-empleo/zara-home.html | https://nl.fashionjobs.com/vacatures-careers/zara-home.html | https://pl.fashionjobs.com/en-pl/careers/zara-home.html | https://pt.fashionjobs.com/recrutamento-careers/zara-home.html","CANDIDATE_NOT_CERTIFIED"
"ZEB HQ","ZEB HQ","be","","","","","","","https://be.fashionjobs.com/recrutement/zeb-hq.html","CANDIDATE_NOT_CERTIFIED"
"ZEB STORES","ZEB STORES","be","","","","","","","https://be.fashionjobs.com/recrutement/zeb-stores.html","CANDIDATE_NOT_CERTIFIED"
"ZERO","ZERO","de","","","","","","","https://de.fashionjobs.com/karriere-arbeitspl%C3%A4tze/zero.html","CANDIDATE_NOT_CERTIFIED"
"ZHIGGIE","ZHIGGIE","fr","","","","","","","https://fr.fashionjobs.com/recrutement/zhiggie.html","CANDIDATE_NOT_CERTIFIED"
"ZIMMERMANN","ZIMMERMANN","fr | it","cmtkdw04w1tfknf2bluc0dg4u","fashionjobs:PAUSED","fashionjobs","","1","1","https://fr.fashionjobs.com/recrutement/zimmermann.html | https://it.fashionjobs.com/lavora-con-noi/zimmermann.html","CANDIDATE_NOT_CERTIFIED"
"ZIZZI","ZIZZI","dk | no","","","","","","","https://dk.fashionjobs.com/careers/zizzi.html | https://no.fashionjobs.com/careers/zizzi.html","CANDIDATE_NOT_CERTIFIED"
"ZMIROV COMMUNICATION","ZMIROV COMMUNICATION","fr","","","","","","","https://fr.fashionjobs.com/recrutement/zmirov-communication.html","CANDIDATE_NOT_CERTIFIED"
"ZOLF","ZOLF","pt","","","","","","","https://pt.fashionjobs.com/recrutamento-careers/zolf.html","CANDIDATE_NOT_CERTIFIED"
"ZUCCA","ZUCCA","mx","","","","","","","https://mx.fashionjobs.com/careers-empleo/zucca.html","CANDIDATE_NOT_CERTIFIED"
"ZUHAIR MURAD","ZUHAIR MURAD","fr","cmtkdw1281tpjnf2blnu9pqbo","fashionjobs:PAUSED","fashionjobs","","1","1","https://fr.fashionjobs.com/recrutement/zuhair-murad.html","CANDIDATE_NOT_CERTIFIED"
