"nom_fashionjobs","offres_annuaire","fiche_fashionjobs","statut_couverture","type_acteur","methode_rapprochement","company_ids","companies","ambiguite_plusieurs_fiches","offres_base_monde","offres_base_france","offres_base_source_directe_france","offres_directes_sans_pays","ecart_base_direct_fr_moins_annuaire","comparaison_certifiee","domaines_base","sources_catalogue","sources_directes_actives","portails_groupe","statut_recherche","liens_carriere_candidats_non_certifies","sites_candidats_lus","portail_revu","preuve_identite_ou_portail","qualification_documentee","ats_revu","prochaine_action"
"INTERSPORT","577","https://fr.fashionjobs.com/recrutement/intersport.html","SOURCE_DIRECTE_CATALOGUEE_A_CERTIFIER","ENSEIGNE","NOM_ALIAS_ET_DECISION_DOCUMENTEE","cmtlyfvaf016cqf5k6yvon72v","INTERSPORT","NON","5","0","0","0","-577","NON_PERIMETRES_ET_FRAICHEUR_A_ATTESTER","intersport.com","intersport:ACTIVE","intersport","","WEBSITE_UNREADABLE","","","https://recrutement.intersport.fr/","https://recrutement.intersport.fr/","PORTAIL_FRANCE_OFFICIEL_IDENTIFIE","Site carrière France; moteur à qualifier","La source Teamtailor existante ne couvre aucune offre France dans la base; auditer le portail France séparément sans supposer un seul portail mondial."
"NOCIBÉ","289","https://fr.fashionjobs.com/recrutement/nocibe.html","SOURCE_DIRECTE_CATALOGUEE_A_CERTIFIER","A_QUALIFIER","NOM_OU_ALIAS_EXACT_CANDIDAT","cmtpj22dg131zpf5lm4whphbj","Nocibé","NON","313","267","267","45","-22","NON_PERIMETRES_ET_FRAICHEUR_A_ATTESTER","nocibe.fr","nocibe-eqwa:ACTIVE","nocibe-eqwa","","WEBSITE_UNREADABLE","","","","","NON_CERTIFIE_PAR_CETTE_RECHERCHE","","Certifier identité, attribution et complétude de la source existante"
"CHRISTIAN DIOR COUTURE","271","https://fr.fashionjobs.com/recrutement/christian-dior-couture.html","SOURCE_DIRECTE_CATALOGUEE_A_CERTIFIER","A_QUALIFIER","NOM_OU_ALIAS_EXACT_CANDIDAT","cmtk48e6r1bu9ny2bxbq8un50","Christian Dior Couture","NON","485","282","279","0","8","NON_PERIMETRES_ET_FRAICHEUR_A_ATTESTER","dior.com","","lvmh","","WEBSITE_UNREADABLE","","","","","NON_CERTIFIE_PAR_CETTE_RECHERCHE","","Certifier identité, attribution et complétude de la source existante"
"COURIR","192","https://fr.fashionjobs.com/recrutement/courir.html","SOURCE_DIRECTE_CATALOGUEE_A_CERTIFIER","A_QUALIFIER","NOM_OU_ALIAS_EXACT_CANDIDAT","cmtjvn7mp0000ld2bc3dm4w94","Groupe Courir","NON","425","302","279","0","87","NON_PERIMETRES_ET_FRAICHEUR_A_ATTESTER","courir.com","courir:ACTIVE","courir","","CAREER_LINKS_OBSERVED_REVIEW_REQUIRED","https://jobs.courir.com/","https://www.courir.com/","","","NON_CERTIFIE_PAR_CETTE_RECHERCHE","","Certifier identité, attribution et complétude de la source existante"
"LTD INTERNATIONAL","120","https://fr.fashionjobs.com/recrutement/ltd-international.html","COMPANY_PRESENTE_SANS_DIRECT_IDENTIFIE","A_QUALIFIER","NOM_OU_ALIAS_EXACT_CANDIDAT","cmtkdvvnl1s56nf2b4wguve1b | cmtrup1pw4mnupg5mp5zf8mds","LTD INTERNATIONAL | LTD","OUI","17","17","0","0","-120","NON_PERIMETRES_ET_FRAICHEUR_A_ATTESTER","","","","","NO_WEBSITE_IN_PROFILE_OR_PROFILE_UNREADABLE","","","","","NON_CERTIFIE_PAR_CETTE_RECHERCHE","","Retrouver puis prouver le portail officiel; vérifier aussi les groupes et alias"
"PANDORA","102","https://fr.fashionjobs.com/recrutement/pandora.html","SOURCE_DIRECTE_CATALOGUEE_A_CERTIFIER","A_QUALIFIER","NOM_OU_ALIAS_EXACT_CANDIDAT","cmtjwf6ge08pfo72b7oqm8q3c","Pandora","NON","1937","119","104","52","2","NON_PERIMETRES_ET_FRAICHEUR_A_ATTESTER","pandoragroup.com","pandora-talenthub:ACTIVE","pandora-talenthub","","CAREER_LINKS_OBSERVED_REVIEW_REQUIRED","https://careers.pandoragroup.com/ | https://careers.pandoragroup.com/career-areas | https://careers.pandoragroup.com/seasonal-jobs | https://careers.pandoragroup.com/jobs | https://careers.pandoragroup.com/jobs?filter%5Bcategory%5D%5B0%5D=Corporate | https://careers.pandoragroup.com/jobs?filter%5Bcategory%5D%5B0%5D=Distribution | https://careers.pandoragroup.com/career-areas#retail-career | https://careers.pandoragroup.com/career-areas#crafting-supply-career | https://careers.pandoragroup.com/career-areas#corporate-career | https://careers.pandoragroup.com/career-areas#distribution-career | https://careers.pandoragroup.com/career-areas#digital-tech-career | https://careers.pandoragroup.com/jobs?filter%5Bcategory%5D%5B0%5D=Retail | https://careers.pandoragroup.com/jobs?filter%5Bcategory%5D%5B0%5D=Manufacturing | https://careers.pandoragroup.com/jobs?filter%5Bcategory%5D%5B0%5D=Digital&filter%5Bcategory%5D%5B1%5D=Product%20Development | https://sapcareerssite.pandoragroup.com/content/Join-our-Talent-Community-en_US/?locale=en_US | https://careers.pandoragroup.com/fr/seasonal-jobs | https://careers.pandoragroup.com/fr/career-areas | https://careers.pandoragroup.com/fr/jobs | https://careers.pandoragroup.com/fr/jobs?filter%5Bcategory%5D%5B0%5D=Corporate | https://careers.pandoragroup.com/fr/jobs?filter%5Bcategory%5D%5B0%5D=Distribution | https://careers.pandoragroup.com/fr/jobs?filter%5Bcategory%5D%5B0%5D=Retail | https://careers.pandoragroup.com/fr/jobs?filter%5Bcategory%5D%5B0%5D=Manufacturing | https://careers.pandoragroup.com/fr/jobs?filter%5Bcategory%5D%5B0%5D=Digital&filter%5Bcategory%5D%5B1%5D=Product%20Development","https://pandoragroup.com/","","","NON_CERTIFIE_PAR_CETTE_RECHERCHE","","Certifier identité, attribution et complétude de la source existante"
"PARFUMS CHRISTIAN DIOR","100","https://fr.fashionjobs.com/recrutement/parfums-christian-dior.html","SOURCE_DIRECTE_CATALOGUEE_A_CERTIFIER","A_QUALIFIER","NOM_OU_ALIAS_EXACT_CANDIDAT","cmtk48ead1bvtny2br5o6wk5j","Parfums Christian Dior","NON","253","120","106","0","6","NON_PERIMETRES_ET_FRAICHEUR_A_ATTESTER","dior.com","","lvmh","","WEBSITE_UNREADABLE","","","","","NON_CERTIFIE_PAR_CETTE_RECHERCHE","","Certifier identité, attribution et complétude de la source existante"
"SINTEL","99","https://fr.fashionjobs.com/recrutement/sintel.html","COMPANY_PRESENTE_SANS_DIRECT_IDENTIFIE","A_QUALIFIER","NOM_OU_ALIAS_EXACT_CANDIDAT","cmtkdvumu1rr2nf2bqcmyma7r","SINTEL","NON","19","19","0","0","-99","NON_PERIMETRES_ET_FRAICHEUR_A_ATTESTER","sintel-recrutement.fr","","","","NO_CAREER_LINK_FOUND_ON_PAGES_READ","https://sintel-recrutement.fr/ | https://sintel-recrutement.fr/entreprises/ | https://sintel-recrutement.fr/nos-metiers/ | https://sintel-recrutement.fr/expertises/ | https://sintel-recrutement.fr/map-access/ | https://sintel-recrutement.fr/about/ | https://sintel-recrutement.fr/rse/ | https://sintel-recrutement.fr/wp-content/uploads/2023/07/RH-SINTEL.pdf | https://sintel-recrutement.fr/zh-hans/ | https://sintel-recrutement.fr/en/ | https://sintel-recrutement.fr/sintel-connect/?action=register | https://sintel-recrutement.fr/joindre-cv/ | https://sintel-recrutement.fr/nos-annonces/ | https://sintel-recrutement.fr/services/ | https://twitter.com/Sintel_Recrute | https://sintel-recrutement.fr/mentions-legales/ | https://sintel-recrutement.fr/map-access/?section=form | https://sintel-recrutement.fr/faq/","https://sintel-recrutement.fr/","","","NON_CERTIFIE_PAR_CETTE_RECHERCHE","","Retrouver puis prouver le portail officiel; vérifier aussi les groupes et alias"
"PVH","91","https://fr.fashionjobs.com/recrutement/pvh.html","SOURCE_DIRECTE_CATALOGUEE_A_CERTIFIER","A_QUALIFIER","NOM_OU_ALIAS_EXACT_CANDIDAT","cmtpjsp7t2oscpf5llnw44g9z","PVH","NON","1379","90","90","14","-1","NON_PERIMETRES_ET_FRAICHEUR_A_ATTESTER","pvh.com","pvh:ACTIVE","pvh","","WEBSITE_UNREADABLE","","","","","NON_CERTIFIE_PAR_CETTE_RECHERCHE","","Certifier identité, attribution et complétude de la source existante"
"ARMOR LUX","83","https://fr.fashionjobs.com/recrutement/armor-lux.html","AUCUN_RAPPROCHEMENT_ETABLI","MAISON","AUCUNE","","","NON","0","0","0","0","","NON_PERIMETRES_ET_FRAICHEUR_A_ATTESTER","","","","","CAREER_LINKS_OBSERVED_REVIEW_REQUIRED","https://careers.werecruit.io/fr/armor-lux","https://www.armorlux.com/","https://careers.werecruit.io/fr/armor-lux","https://www.armorlux.com/ | https://careers.werecruit.io/fr/armor-lux","LIEN_OFFICIEL_VERS_PORTAIL_CONFIRME","WeRecruit","Créer le dossier Armor-lux; valider le flux WeRecruit et son exhaustivité avant activation. Ne pas confondre avec Armor Group industriel."
"CLAUDIE PIERLOT","80","https://fr.fashionjobs.com/recrutement/claudie-pierlot.html","SOURCE_DIRECTE_CATALOGUEE_A_CERTIFIER","A_QUALIFIER","NOM_OU_ALIAS_EXACT_CANDIDAT","cr5c9308138c86e24341e51b89","Claudie Pierlot","NON","69","39","39","0","-41","NON_PERIMETRES_ET_FRAICHEUR_A_ATTESTER","","","sandro","","CAREER_LINKS_OBSERVED_REVIEW_REQUIRED","https://fr.claudiepierlot.com/fr/nous-rejoindre/joinUs.html | https://www.smcp.com/fr/talents/offres-d-emploi/?keywords=&geographicalLocation=&organisation=24&offerFamilyCategory=&contractType=&experienceLevel=","https://fr.claudiepierlot.com/","","","NON_CERTIFIE_PAR_CETTE_RECHERCHE","","Certifier identité, attribution et complétude de la source existante"
"ETAM","68","https://fr.fashionjobs.com/recrutement/etam.html","SOURCE_DIRECTE_CATALOGUEE_A_CERTIFIER","A_QUALIFIER","NOM_OU_ALIAS_EXACT_CANDIDAT","cmtk21s720aa5nv2byuid9uwb","Etam","NON","241","152","152","1","84","NON_PERIMETRES_ET_FRAICHEUR_A_ATTESTER","groupeetam.com","etam:ACTIVE","etam","","WEBSITE_UNREADABLE","","","","","NON_CERTIFIE_PAR_CETTE_RECHERCHE","","Certifier identité, attribution et complétude de la source existante"
"BA&SH","66","https://fr.fashionjobs.com/recrutement/ba-sh.html","SOURCE_DIRECTE_CATALOGUEE_A_CERTIFIER","A_QUALIFIER","NOM_OU_ALIAS_EXACT_CANDIDAT","cmtjwp1bd0665m72bmgtojhlh","ba&sh","NON","75","58","43","0","-23","NON_PERIMETRES_ET_FRAICHEUR_A_ATTESTER","ba-sh.com","bash-talents:ACTIVE","bash-talents","","CAREER_LINKS_OBSERVED_REVIEW_REQUIRED","https://talents.ba-sh.com/fr-FR/offres | https://talents.ba-sh.com/ | https://talents.ba-sh.com/la-maison | https://talents.ba-sh.com/fr-FR/la-maison#la-marque | https://talents.ba-sh.com/fr-FR/la-maison/barbara-sharon | https://talents.ba-sh.com/fr-FR/histoire | https://talents.ba-sh.com/fr-FR/la-maison#valeur | https://talents.ba-sh.com/fr-FR/la-maison# | https://talents.ba-sh.com/we-are-people | https://talents.ba-sh.com/fr-FR/we-are-people/la-communaute | https://talents.ba-sh.com/fr-FR/we-are-people/bash-talks | https://talents.ba-sh.com/fr-FR/we-are-people#metiers | https://talents.ba-sh.com/fr-FR/we-are-people/campus | https://talents.ba-sh.com/fr-FR/la-maison | https://talents.ba-sh.com/fr-FR/we-are-people | https://talents.ba-sh.com/fr-FR/authentification | https://talents.ba-sh.com/fr-FR/offre/BASH_886480 | https://talents.ba-sh.com/fr-FR/offre/BASH_47D618 | https://talents.ba-sh.com/fr-FR/offre/BASH_EAFEBD | https://talents.ba-sh.com/fr-FR/offre/BASH_D54B6E | https://talents.ba-sh.com/fr-FR/offre/BASH_F49219 | https://talents.ba-sh.com/fr-FR/offre/BASH_558E9A | https://talents.ba-sh.com/fr-FR/offre/BASH_3693CB | https://talents.ba-sh.com/fr-FR/offre/BASH_AFC149 | https://talents.ba-sh.com/fr-FR/offre/BASH_E7D14E | https://talents.ba-sh.com/fr-FR/offre/BASH_F29808 | https://talents.ba-sh.com/fr-FR/offre/BASH_F9D48A | https://talents.ba-sh.com/fr-FR/offre/BASH_CF67E1 | https://talents.ba-sh.com/fr-FR/offre/BASH_BB8B01 | https://talents.ba-sh.com/fr-FR/offre/BASH_767DFD | https://talents.ba-sh.com/fr-FR/offre/BASH_01452E | https://talents.ba-sh.com/fr-FR/offre/BASH_22C50B | https://talents.ba-sh.com/fr-FR/offre/BASH_40992D | https://talents.ba-sh.com/fr-FR/offre/BASH_9AAAEC | https://talents.ba-sh.com/fr-FR/offre/BASH_DFED88 | https://talents.ba-sh.com/fr-FR/offre/BASH_35C529 | https://talents.ba-sh.com/fr-FR/offre/BASH_CE23B0 | https://talents.ba-sh.com/fr-FR/offre/BASH_1AC419 | https://talents.ba-sh.com/fr-FR/offre/BASH_7078ED | https://talents.ba-sh.com/fr-FR/offre/BASH_64ACA5 | https://talents.ba-sh.com/fr-FR/offre/BASH_7C43FF | https://talents.ba-sh.com/fr-FR/offre/BASH_DE31B3 | https://talents.ba-sh.com/fr-FR/offre/BASH_48A86A | https://talents.ba-sh.com/fr-FR/offre/BASH_5886BA | https://talents.ba-sh.com/fr-FR/offre/BASH_36196A | https://talents.ba-sh.com/fr-FR/offre/BASH_001CA6 | https://talents.ba-sh.com/fr-FR/offre/BASH_2D00F9 | https://talents.ba-sh.com/fr-FR/offre/BASH_0E4C3F | https://talents.ba-sh.com/fr-FR/offre/BASH_0E06CA | https://talents.ba-sh.com/fr-FR/offre/BASH_DC4504 | https://talents.ba-sh.com/fr-FR/offre/BASH_A50409 | https://talents.ba-sh.com/fr-FR/offre/BASH_15A9CB | https://talents.ba-sh.com/fr-FR/offre/BASH_44A0EB | https://talents.ba-sh.com/fr-FR/offre/BASH_48C149 | https://talents.ba-sh.com/fr-FR/offre/BASH_D6487A | https://talents.ba-sh.com/fr-FR/offre/BASH_A06C22 | https://talents.ba-sh.com/fr-FR/offre/BASH_AD392D | https://talents.ba-sh.com/fr-FR/offre/BASH_2A659A | https://talents.ba-sh.com/fr-FR/offre/BASH_6E06DC | https://talents.ba-sh.com/fr-FR/offre/BASH_296447 | https://talents.ba-sh.com/fr-FR/offre/BASH_D0D5CB | https://talents.ba-sh.com/fr-FR/offre/BASH_21AA43 | https://talents.ba-sh.com/fr-FR/offre/BASH_B50EA9 | https://talents.ba-sh.com/fr-FR/offre/BASH_345906 | https://talents.ba-sh.com/fr-FR/offre/BASH_0DCE4B | https://talents.ba-sh.com/fr-FR/offre/BASH_C17983 | https://talents.ba-sh.com/fr-FR/ | https://talents.ba-sh.com/fr-FR/page/32-mentions-legales | https://talents.ba-sh.com/fr-FR/page/33-protections-des-donnees | https://talents.ba-sh.com/fr-FR/actualites | https://talents.ba-sh.com/en-GB/offres | https://talents.ba-sh.com/es-ES/offres | https://talents.ba-sh.com/it-IT/offres | https://talents.ba-sh.com/de-DE/offres | https://talents.ba-sh.com/zh-CH/offres | https://talents.ba-sh.com/fr-FR/developpement-durable | https://talents.ba-sh.com/fr-FR/actualites/bash-says-bonjour-to-north-america-with-it-s-first-new-york-flagship- | https://talents.ba-sh.com/fr-FR/actualites/handicap-international-x-bash | https://talents.ba-sh.com/we-are-people/campus | https://talents.ba-sh.com/en-GB/ | https://talents.ba-sh.com/es-ES/ | https://talents.ba-sh.com/it-IT/ | https://talents.ba-sh.com/de-DE/ | https://talents.ba-sh.com/zh-CH/","https://ba-sh.com/fr/fr/","","","NON_CERTIFIE_PAR_CETTE_RECHERCHE","","Certifier identité, attribution et complétude de la source existante"
"BLACKSTORE","66","https://fr.fashionjobs.com/recrutement/blackstore.html","AUCUN_RAPPROCHEMENT_ETABLI","ENSEIGNE","AUCUNE","","","NON","0","0","0","0","","NON_PERIMETRES_ET_FRAICHEUR_A_ATTESTER","","","","","WEBSITE_UNREADABLE","","","https://recrutement.intersport.fr/","https://www.blackstore.fr/qui-sommes-nous/ | https://recrutement.intersport.fr/2026/02/11/conseiller-de-vente-h-f-3/ | https://blackstore.candidater.fr/","OFFRES_SUR_PORTAIL_GROUPE_IDENTIFIEES","Portail groupe France; candidat Intuition à relier","Prouver le périmètre Blackstore sur le portail Intersport; qualifier candidater.fr, sans créer une source sur la seule similitude du nom."
"GROUPE PRINTEMPS","66","https://fr.fashionjobs.com/recrutement/groupe-printemps.html","SOURCE_DIRECTE_CATALOGUEE_A_CERTIFIER","A_QUALIFIER","REGLE_CANONIQUE_CANDIDATE","cmtkdvvqa1s6anf2bc4v3e8e5","Printemps","NON","120","74","67","46","1","NON_PERIMETRES_ET_FRAICHEUR_A_ATTESTER","printemps.com","groupe-printemps:ACTIVE","groupe-printemps","","CAREER_LINKS_OBSERVED_REVIEW_REQUIRED","https://www.printemps.com/fr/fr/club-printemps | https://www.groupe-printemps.com/nos-offres-demploi-et-de-stage","https://printemps.com/","","","NON_CERTIFIE_PAR_CETTE_RECHERCHE","","Certifier identité, attribution et complétude de la source existante"
"MAJE","65","https://fr.fashionjobs.com/recrutement/maje.html","SOURCE_DIRECTE_CATALOGUEE_A_CERTIFIER","A_QUALIFIER","NOM_OU_ALIAS_EXACT_CANDIDAT","cmtkf06ej0lqap22bicqm90nc","Maje","NON","148","32","32","0","-33","NON_PERIMETRES_ET_FRAICHEUR_A_ATTESTER","","","sandro","","NO_CAREER_LINK_FOUND_ON_PAGES_READ","https://www.smcp.com/en/talents/","https://us.maje.com/","","","NON_CERTIFIE_PAR_CETTE_RECHERCHE","","Certifier identité, attribution et complétude de la source existante"
"SEPHORA","64","https://fr.fashionjobs.com/recrutement/sephora.html","SOURCE_DIRECTE_CATALOGUEE_A_CERTIFIER","A_QUALIFIER","NOM_OU_ALIAS_EXACT_CANDIDAT","cmtk48dz71brqny2bsyv4ml8m","Sephora","NON","2299","170","170","0","106","NON_PERIMETRES_ET_FRAICHEUR_A_ATTESTER","sephora.com","sephora-france:ACTIVE","sephora-france | lvmh","","WEBSITE_UNREADABLE","","","","","NON_CERTIFIE_PAR_CETTE_RECHERCHE","","Certifier identité, attribution et complétude de la source existante"
"BOARDRIDERS","63","https://fr.fashionjobs.com/recrutement/boardriders.html","SOURCE_DIRECTE_CATALOGUEE_A_CERTIFIER","A_QUALIFIER","NOM_OU_ALIAS_EXACT_CANDIDAT","cmtm7ucwb10zupv5jceo6wpcz","Boardriders","NON","46","46","44","0","-19","NON_PERIMETRES_ET_FRAICHEUR_A_ATTESTER","boardriders.com","","element-6","","CAREER_LINKS_OBSERVED_REVIEW_REQUIRED","https://www.boardriders.com/fr-fr/carriere/ | https://www.boardriders.com/fr-fr/carriere-corporate/ | https://www.boardriders.com/fr-fr/carriere-retail/ | https://www.boardriders.com/fr-fr/carriere-distribution/ | https://www.boardriders.com/fr-fr/carriere-etudiants/ | https://career5.successfactors.eu/careers?company=NAPALIDP | https://www.boardriders.com/en-gb/careers/ | https://jobs.boardriders.eu/search/?createNewAlert=false&q=&optionsFacetsDD_country=&optionsFacetsDD_city=&optionsFacetsDD_customfield2=Retail | https://jobs.boardriders.eu/search/?createNewAlert=false&q=&optionsFacetsDD_country=&optionsFacetsDD_city=&optionsFacetsDD_customfield2= | https://www.boardriders.com/en-gb/careers-corporate/ | https://www.boardriders.com/en-gb/careers-retail/","https://www.boardriders.com/fr-fr/","","","NON_CERTIFIE_PAR_CETTE_RECHERCHE","","Certifier identité, attribution et complétude de la source existante"
"THE KOOPLES","55","https://fr.fashionjobs.com/recrutement/the-kooples.html","SOURCE_DIRECTE_CATALOGUEE_A_CERTIFIER","A_QUALIFIER","NOM_OU_ALIAS_EXACT_CANDIDAT","cmtlymv130ftcqf5ksa2087g6","The Kooples","NON","69","56","56","0","1","NON_PERIMETRES_ET_FRAICHEUR_A_ATTESTER","thekooples.com","the-kooples:ACTIVE","the-kooples","","CAREER_LINKS_OBSERVED_REVIEW_REQUIRED","https://careers.thekooples.com/fr/ | https://careers.thekooples.com/fr | https://careers.thekooples.com/en | https://careers.thekooples.com/fr/annonces","https://www.thekooples.com/fr/fr/","","","NON_CERTIFIE_PAR_CETTE_RECHERCHE","","Certifier identité, attribution et complétude de la source existante"
"HISTOIRE D'OR","51","https://fr.fashionjobs.com/recrutement/histoire-d-or.html","COMPANY_PRESENTE_SANS_DIRECT_IDENTIFIE","A_QUALIFIER","NOM_OU_ALIAS_EXACT_CANDIDAT","cmtmkagh72joxpv4x39t228br","Histoire d'Or","NON","56","56","0","0","-51","NON_PERIMETRES_ET_FRAICHEUR_A_ATTESTER","histoiredor.com","","","","CAREER_LINKS_OBSERVED_REVIEW_REQUIRED","","https://www.histoiredor.com/fr_FR","","","NON_CERTIFIE_PAR_CETTE_RECHERCHE","","Retrouver puis prouver le portail officiel; vérifier aussi les groupes et alias"
"PRIMARK","51","https://fr.fashionjobs.com/recrutement/primark.html","SOURCE_DIRECTE_CATALOGUEE_A_CERTIFIER","A_QUALIFIER","NOM_OU_ALIAS_EXACT_CANDIDAT","cmtn76cbr1guhqq5lw7243y4e","Primark","NON","929","67","67","0","16","NON_PERIMETRES_ET_FRAICHEUR_A_ATTESTER","primark.com","primark:ACTIVE","primark","","NO_CAREER_LINK_FOUND_ON_PAGES_READ","","https://primark.com/","","","NON_CERTIFIE_PAR_CETTE_RECHERCHE","","Certifier identité, attribution et complétude de la source existante"
"ZADIG & VOLTAIRE","47","https://fr.fashionjobs.com/recrutement/zadig-voltaire.html","COMPANY_PRESENTE_SANS_DIRECT_IDENTIFIE","MAISON","NOM_ALIAS_ET_DECISION_DOCUMENTEE","cmtkdvuvh1ruynf2bgauxrzqm","ZADIG & VOLTAIRE","NON","10","10","0","0","-47","NON_PERIMETRES_ET_FRAICHEUR_A_ATTESTER","zadig-et-voltaire.com","","","","CAREER_LINKS_OBSERVED_REVIEW_REQUIRED","https://zadig-et-voltaire.com/content/join-us","https://zadig-et-voltaire.com/","https://zadig-et-voltaire.com/eu/fr/content/job-recruitment","https://zadig-et-voltaire.com/eu/fr/content/job-recruitment","PAGE_OFFICIELLE_CONFIRME_FLUX_A_TROUVER","","La page officielle fournit un email de candidature; poursuivre la recherche du flux public et distinguer les boutiques partenaires."
"FURSAC","45","https://fr.fashionjobs.com/recrutement/fursac.html","SOURCE_DIRECTE_CATALOGUEE_A_CERTIFIER","A_QUALIFIER","NOM_OU_ALIAS_EXACT_CANDIDAT","cr57e9ef0f339cdfa95081d842","Fursac","NON","35","30","30","0","-15","NON_PERIMETRES_ET_FRAICHEUR_A_ATTESTER","","","sandro","","ATS_HINT_REVIEW_REQUIRED","https://www.welcometothejungle.com/fr/companies/de-fursac","https://fr.fursac.com/fr","","","NON_CERTIFIE_PAR_CETTE_RECHERCHE","","Certifier identité, attribution et complétude de la source existante"
"LE BON MARCHÉ","44","https://fr.fashionjobs.com/recrutement/le-bon-marche.html","SOURCE_DIRECTE_CATALOGUEE_A_CERTIFIER","A_QUALIFIER","NOM_OU_ALIAS_EXACT_CANDIDAT","cmtk48eex1bxlny2b3drci9sc","Le Bon Marché","NON","48","48","46","0","2","NON_PERIMETRES_ET_FRAICHEUR_A_ATTESTER","lebonmarche.com","","lvmh","","WEBSITE_UNREADABLE","","","","","NON_CERTIFIE_PAR_CETTE_RECHERCHE","","Certifier identité, attribution et complétude de la source existante"
"ADOPT PARFUMS","43","https://fr.fashionjobs.com/recrutement/adopt-parfums.html","AUCUN_RAPPROCHEMENT_ETABLI","MAISON","AUCUNE","","","NON","0","0","0","0","","NON_PERIMETRES_ET_FRAICHEUR_A_ATTESTER","","","","","NO_WEBSITE_IN_PROFILE_OR_PROFILE_UNREADABLE","","","https://adopt.flatchr.io/fr/company/adopt/","https://fr.linkedin.com/posts/adoptparfums_alternance-adoptparfums-emasup-activity-7348719608440262656-60bk | https://adopt.flatchr.io/fr/company/adopt/","PORTAIL_LIE_PAR_PUBLICATION_OFFICIELLE_CONFIRME","Flatchr; flux et pagination à valider","Flux public embarqué mesuré: 121 entrées publiées, dont 82 France. Développer et valider le connecteur Flatchr, identité structurée et postconditions avant activation."
"SANDRO","43","https://fr.fashionjobs.com/recrutement/sandro.html","SOURCE_DIRECTE_CATALOGUEE_A_CERTIFIER","A_QUALIFIER","NOM_OU_ALIAS_EXACT_CANDIDAT","cmtk29nb80m1dnv2bg5xl385h","Sandro","NON","102","28","28","0","-15","NON_PERIMETRES_ET_FRAICHEUR_A_ATTESTER","sandro-paris.com","sandro:ACTIVE","sandro","","NO_CAREER_LINK_FOUND_ON_PAGES_READ","https://www.smcp.com/fr/talents/offres-d-emploi/","https://fr.sandro-paris.com/","","","NON_CERTIFIE_PAR_CETTE_RECHERCHE","","Certifier identité, attribution et complétude de la source existante"
"ESTÉE LAUDER COMPANIES FRANCE","42","https://fr.fashionjobs.com/recrutement/estee-lauder-companies-france.html","SOURCE_DIRECTE_CATALOGUEE_A_CERTIFIER","A_QUALIFIER","REGLE_CANONIQUE_CANDIDATE","cmtkdvuwf1rvenf2bk6p3g02y","Estée Lauder Companies","NON","414","11","11","0","-31","NON_PERIMETRES_ET_FRAICHEUR_A_ATTESTER","elcompanies.com","estee-lauder-companies:ACTIVE","estee-lauder-companies","","CAREER_LINKS_OBSERVED_REVIEW_REQUIRED","https://elcompanies.com/#mobinav-section-careers-level2 | https://www.elcompanies.com/en/careers | https://www.elcompanies.com/en/careers/retail-jobs | https://www.elcompanies.com/en/careers/corporate-jobs | https://www.elcompanies.com/en/careers/supply-chain-jobs | https://www.elcompanies.com/en/careers/research-and-development-jobs | https://www.elcompanies.com/en/careers/technology-jobs | https://www.elcompanies.com/en/careers/brand-jobs | https://www.elcompanies.com/en/careers/why-work-here | https://www.elcompanies.com/en/careers/students | https://www.elcompanies.com/en/careers/why-work-here/benefits | https://www.elcompanies.com/en/careers/students/internships | https://www.elcompanies.com/en/careers/students/full-time-programs | https://careers.elcompanies.com/careers | https://careers.elcompanies.com/careers/join?domain=elcompanies.com | https://careers.elcompanies.com/careers/settings | https://careers.elcompanies.com/careers/job/1168274633754 | https://careers.elcompanies.com/careers/job/1168275396976 | https://careers.elcompanies.com/careers/job/1168274968490 | https://careers.elcompanies.com/careers/job/1168274265778 | https://careers.elcompanies.com/careers/job/1168274329088 | https://careers.elcompanies.com/careers/job/1168274266071 | https://careers.elcompanies.com/careers/job/1168274881219 | https://careers.elcompanies.com/careers/job/1168273968070 | https://careers.elcompanies.com/careers/job/1168274763334 | https://careers.elcompanies.com/careers/job/1168274753160 | https://careers.elcompanies.com/careers/apply?pid=1168274633754 | https://www.elcompanies.com/en/careers#mobinav-section-careers-level2 | https://www.elcompanies.com/en/careers#mainContent | https://www.elcompanies.com/en/careers#mmenu | https://www.elcompanies.com/es/careers | https://www.elcompanies.com/fr/careers | https://www.elcompanies.com/ja-jp/careers | https://www.elcompanies.com/en-gb/careers | https://www.facebook.com/sharer.php?u=https://www.elcompanies.com/en/careers | https://twitter.com/home/?status=https://www.elcompanies.com/en/careers | https://www.elcompanies.com/en/careers#MainForm | https://www.elcompanies.com/en/careers/retail-jobs#mobinav-section-careers-level2 | https://www.elcompanies.com/en/careers/retail-jobs#mainContent | https://www.elcompanies.com/en/careers/retail-jobs#mmenu | https://www.elcompanies.com/es/careers/retail-jobs | https://www.elcompanies.com/fr/careers/retail-jobs | https://www.elcompanies.com/ja-jp/careers/retail-jobs | https://www.elcompanies.com/en-gb/careers/retail-jobs | https://careers.elcompanies.com/careers?&Department=Sales | https://www.facebook.com/sharer.php?u=https://www.elcompanies.com/en/careers/retail-jobs | https://twitter.com/home/?status=https://www.elcompanies.com/en/careers/retail-jobs | https://www.elcompanies.com/en/careers/retail-jobs#MainForm","https://elcompanies.com/","","","NON_CERTIFIE_PAR_CETTE_RECHERCHE","","Certifier identité, attribution et complétude de la source existante"
"CALZEDONIA","41","https://fr.fashionjobs.com/recrutement/calzedonia.html","PORTAIL_GROUPE_CATALOGUE_ATTRIBUTION_A_VERIFIER","ENSEIGNE","AUCUNE","","","NON","0","0","0","0","","NON_PERIMETRES_ET_FRAICHEUR_A_ATTESTER","","oniverse:ACTIVE","oniverse","oniverse","CAREER_LINKS_OBSERVED_REVIEW_REQUIRED","https://www.oniverse.it/en/the-group/careers","https://www.calzedonia.com/fr/","https://careers.oniverse.it/fr-FR/home","https://www.oniverse.it/en/careers/join-oniverse","MARQUES_ET_PORTAIL_GROUPE_CONFIRMES","Portail Oniverse; moteur à qualifier","Réutiliser oniverse et ses filtres de marque officiels; mesurer chaque enseigne en France. Ne pas attribuer tout le groupe à chacune."
"MAISON 1-2-3","40","https://fr.fashionjobs.com/recrutement/maison-1-2-3.html","SOURCE_DIRECTE_CATALOGUEE_A_CERTIFIER","A_QUALIFIER","NOM_OU_ALIAS_EXACT_CANDIDAT","cmtk1xyja02asnv2b2cq1izbi","Maison 123","NON","59","40","40","0","0","NON_PERIMETRES_ET_FRAICHEUR_A_ATTESTER","maison123.com","maison-123:ACTIVE","maison-123","","WEBSITE_UNREADABLE","","","","","NON_CERTIFIE_PAR_CETTE_RECHERCHE","","Certifier identité, attribution et complétude de la source existante"
"MAISON 123","40","https://fr.fashionjobs.com/recrutement/maison-123.html","SOURCE_DIRECTE_CATALOGUEE_A_CERTIFIER","A_QUALIFIER","NOM_OU_ALIAS_EXACT_CANDIDAT","cmtk1xyja02asnv2b2cq1izbi","Maison 123","NON","59","40","40","0","0","NON_PERIMETRES_ET_FRAICHEUR_A_ATTESTER","maison123.com","maison-123:ACTIVE","maison-123","","WEBSITE_UNREADABLE","","","","","NON_CERTIFIE_PAR_CETTE_RECHERCHE","","Certifier identité, attribution et complétude de la source existante"
"H&M GROUP","39","https://fr.fashionjobs.com/recrutement/h-m-group.html","SOURCE_DIRECTE_CATALOGUEE_A_CERTIFIER","A_QUALIFIER","NOM_OU_ALIAS_EXACT_CANDIDAT","cmtp46ok11vbvqq4zlowazudi","H&M Group","NON","1761","52","52","0","13","NON_PERIMETRES_ET_FRAICHEUR_A_ATTESTER","hmgroup.com","hm-group:ACTIVE","hm-group","","CAREER_LINKS_OBSERVED_REVIEW_REQUIRED","https://hmgroup.com/career/ | https://career.hm.com/ | https://career.cos.com/ | https://careers.smartrecruiters.com/HMGroup/weekday | https://careers.smartrecruiters.com/HMGroup/monki | https://careers.smartrecruiters.com/HMGroup/other-stories | https://careers.smartrecruiters.com/HMGroup/arket | https://singular-society.com/pages/careers | https://career.sellpy.se/ | https://hmgroup.com/career/h-m-incentive-program/","https://hmgroup.com/","","","NON_CERTIFIE_PAR_CETTE_RECHERCHE","","Certifier identité, attribution et complétude de la source existante"
"GUESS","33","https://fr.fashionjobs.com/recrutement/guess.html","COMPANY_PRESENTE_SANS_DIRECT_IDENTIFIE","A_QUALIFIER","NOM_OU_ALIAS_EXACT_CANDIDAT","cmtkdvwzj1sk4nf2bc9qilm0t","GUESS","NON","1","1","0","0","-33","NON_PERIMETRES_ET_FRAICHEUR_A_ATTESTER","guess.com","","","","NO_CAREER_LINK_FOUND_ON_PAGES_READ","https://www.guess.eu/en-fr/career-page.html","https://guess.com/","","","NON_CERTIFIE_PAR_CETTE_RECHERCHE","","Retrouver puis prouver le portail officiel; vérifier aussi les groupes et alias"
"HERMES","33","https://fr.fashionjobs.com/recrutement/hermes.html","SOURCE_CATALOGUEE_SANS_DIRECT_ACTIF","A_QUALIFIER","NOM_OU_ALIAS_EXACT_CANDIDAT","cmtjwf5mi0a6rld2b52mvdmlg","Hermès","NON","650","439","0","0","-33","NON_PERIMETRES_ET_FRAICHEUR_A_ATTESTER","hermes.com","hermes:PAUSED","","","WEBSITE_UNREADABLE","","","","","NON_CERTIFIE_PAR_CETTE_RECHERCHE","","Retrouver puis prouver le portail officiel; vérifier aussi les groupes et alias"
"LEVI'S","32","https://fr.fashionjobs.com/recrutement/levi-s.html","SOURCE_DIRECTE_CATALOGUEE_A_CERTIFIER","A_QUALIFIER","NOM_OU_ALIAS_EXACT_CANDIDAT","cmtn7s1lr1rosqq5liqmue7z6","Levi's","NON","1321","34","34","0","2","NON_PERIMETRES_ET_FRAICHEUR_A_ATTESTER","levi.com","levis:ACTIVE","levis","","WEBSITE_UNREADABLE","","","","","NON_CERTIFIE_PAR_CETTE_RECHERCHE","","Certifier identité, attribution et complétude de la source existante"
"PETIT BATEAU","32","https://fr.fashionjobs.com/recrutement/petit-bateau.html","SOURCE_DIRECTE_CATALOGUEE_A_CERTIFIER","A_QUALIFIER","NOM_OU_ALIAS_EXACT_CANDIDAT","cmtk1xrp9020anv2bx7tlltw0","PETIT BATEAU","NON","56","46","46","0","14","NON_PERIMETRES_ET_FRAICHEUR_A_ATTESTER","petit-bateau.com","petit-bateau:ACTIVE","petit-bateau","","WEBSITE_UNREADABLE","","","","","NON_CERTIFIE_PAR_CETTE_RECHERCHE","","Certifier identité, attribution et complétude de la source existante"
"UNDIZ","32","https://fr.fashionjobs.com/recrutement/undiz.html","SOURCE_DIRECTE_CATALOGUEE_A_CERTIFIER","A_QUALIFIER","NOM_OU_ALIAS_EXACT_CANDIDAT","cmtlyl72q0brzqf5kvz8u8x0t","Undiz","NON","48","32","32","0","0","NON_PERIMETRES_ET_FRAICHEUR_A_ATTESTER","undiz.com","undiz:ACTIVE","undiz","","WEBSITE_UNREADABLE","","","","","NON_CERTIFIE_PAR_CETTE_RECHERCHE","","Certifier identité, attribution et complétude de la source existante"
"UNIQLO","32","https://fr.fashionjobs.com/recrutement/uniqlo.html","SOURCE_DIRECTE_CATALOGUEE_A_CERTIFIER","A_QUALIFIER","NOM_OU_ALIAS_EXACT_CANDIDAT","cmtptzpyj02cil35mltt03knh","UNIQLO","NON","41","5","5","0","-27","NON_PERIMETRES_ET_FRAICHEUR_A_ATTESTER","uniqlo.com","uniqlo-headquarters:ACTIVE | uniqlo-graduates:ACTIVE | uniqlo-stores:ACTIVE","uniqlo-headquarters | uniqlo-graduates | uniqlo-stores","","NO_CAREER_LINK_FOUND_ON_PAGES_READ","https://www.fastretailing.com/employment/en/","https://uniqlo.com/","","","NON_CERTIFIE_PAR_CETTE_RECHERCHE","","Certifier identité, attribution et complétude de la source existante"
"INTIMISSIMI","31","https://fr.fashionjobs.com/recrutement/intimissimi.html","PORTAIL_GROUPE_CATALOGUE_ATTRIBUTION_A_VERIFIER","ENSEIGNE","AUCUNE","","","NON","0","0","0","0","","NON_PERIMETRES_ET_FRAICHEUR_A_ATTESTER","","oniverse:ACTIVE","oniverse","oniverse","NO_CAREER_LINK_FOUND_ON_PAGES_READ","https://www.calzedoniagroup.com/en/the-group/careers","https://www.intimissimi.com/world/","https://careers.oniverse.it/fr-FR/home","https://www.oniverse.it/en/careers/join-oniverse","MARQUES_ET_PORTAIL_GROUPE_CONFIRMES","Portail Oniverse; moteur à qualifier","Réutiliser oniverse et ses filtres de marque officiels; mesurer chaque enseigne en France. Ne pas attribuer tout le groupe à chacune."
"SKECHERS","31","https://fr.fashionjobs.com/recrutement/skechers.html","AUCUN_RAPPROCHEMENT_ETABLI","ENSEIGNE","AUCUNE","","","NON","0","0","0","0","","NON_PERIMETRES_ET_FRAICHEUR_A_ATTESTER","","","","","CAREER_LINKS_OBSERVED_REVIEW_REQUIRED","http://careers.skechers.com/fr/fr | https://careers.skechers.com/fr/fr/home | https://careers.skechers.com/fr/fr/retail-careers | https://careers.skechers.com/fr/fr/corporate-careers | https://careers.skechers.com/fr/fr/distribution-center-careers | https://careers.skechers.com/fr/fr/search-results | https://careers.skechers.com/fr/fr/emailpersonalinfo","https://www.skechers.fr/","https://careers.skechers.com/fr/fr/","https://www.skechers.fr/ | https://careers.skechers.com/fr/fr/","PORTAIL_SUR_DOMAINE_OFFICIEL_CONFIRME","Phenom détecté; configuration et flux à valider","Valider le flux et les filtres France, puis dossier source et activation contrôlée."
"GROUPE CHANTELLE","29","https://fr.fashionjobs.com/recrutement/groupe-chantelle.html","SOURCE_DIRECTE_CATALOGUEE_A_CERTIFIER","A_QUALIFIER","NOM_OU_ALIAS_EXACT_CANDIDAT","cmtke332p010plp2b807b00bh","Groupe Chantelle","NON","38","22","22","16","-7","NON_PERIMETRES_ET_FRAICHEUR_A_ATTESTER","groupechantelle.com","groupe-chantelle:ACTIVE","groupe-chantelle","","WEBSITE_UNREADABLE","","","","","NON_CERTIFIE_PAR_CETTE_RECHERCHE","","Certifier identité, attribution et complétude de la source existante"
"MODELOR COUTURE","29","https://fr.fashionjobs.com/recrutement/modelor-couture.html","COMPANY_PRESENTE_SANS_DIRECT_IDENTIFIE","A_QUALIFIER","NOM_OU_ALIAS_EXACT_CANDIDAT","cmtp8689s3rhiqq4zkjut95yo","MODELOR COUTURE","NON","8","8","0","0","-29","NON_PERIMETRES_ET_FRAICHEUR_A_ATTESTER","modelor.fr","","","","NO_CAREER_LINK_FOUND_ON_PAGES_READ","https://recrutement.modelor.fr/ | https://modelor.nous-recrutons.fr/ | https://mahola.nous-recrutons.fr/ | http://modelor.nous-recrutons.fr/","https://modelor.fr/","","","NON_CERTIFIE_PAR_CETTE_RECHERCHE","","Retrouver puis prouver le portail officiel; vérifier aussi les groupes et alias"
"PERCASSI","29","https://fr.fashionjobs.com/recrutement/percassi.html","COMPANY_PRESENTE_SANS_DIRECT_IDENTIFIE","A_QUALIFIER","NOM_OU_ALIAS_EXACT_CANDIDAT","cmtkdvyol1t39nf2bydq6zztr","PERCASSI","NON","8","8","0","0","-29","NON_PERIMETRES_ET_FRAICHEUR_A_ATTESTER","percassi.com","","","","CAREER_LINKS_OBSERVED_REVIEW_REQUIRED","https://www.percassi.com/lavora-con-noi/ | https://www.percassi.com/jobs/ | https://www.percassi.com/jobs/stage-buying-replenishment/ | https://www.percassi.com/jobs/stage-maintenance/ | https://www.percassi.com/jobs/it-corporate-solution-specialist-hr-systems/ | https://www.percassi.com/jobs/bi-specialist/ | https://www.percassi.com/jobs/sales-assistant-athlete-nike-ermou/ | https://www.percassi.com/jobs/new-opening-barista-cat-prot-l-68-99-starbucks-vicolungo-the-style-outlets/ | https://www.percassi.com/jobs/new-opening-barista-stage-starbucks-vicolungo-the-style-outlets/ | https://www.percassi.com/jobs/new-opening-barista-starbucks-vicolungo-the-style-outlets/ | https://www.percassi.com/jobs/sales-assistant-stage-saint-laurent-verona/ | https://www.percassi.com/jobs/sales-associate-victorias-secret-firenze-via-calzaiuoli/ | https://www.percassi.com/jobs/sales-associate-stage-victorias-secret-firenze-via-calzaiuoli/ | https://www.percassi.com/jobs/new-opening-sales-associate-stage-victorias-secret-catania-c-c-centro-sicilia/ | https://www.percassi.com/jobs/?paged=2 | https://www.percassi.com/jobs/?paged=3 | https://www.percassi.com/jobs/?paged=52","https://www.percassi.com/","","","NON_CERTIFIE_PAR_CETTE_RECHERCHE","","Retrouver puis prouver le portail officiel; vérifier aussi les groupes et alias"
"SUNGLASS HUT FRANCE","29","https://fr.fashionjobs.com/recrutement/sunglass-hut-france.html","COMPANY_PRESENTE_SANS_DIRECT_IDENTIFIE","A_QUALIFIER","REGLE_CANONIQUE_CANDIDATE","cmtkdvyob1t35nf2bp92av46f","SUNGLASS HUT","NON","3","3","0","0","-29","NON_PERIMETRES_ET_FRAICHEUR_A_ATTESTER","sunglasshut.com","","","","WEBSITE_UNREADABLE","","","","","NON_CERTIFIE_PAR_CETTE_RECHERCHE","","Retrouver puis prouver le portail officiel; vérifier aussi les groupes et alias"
"APM MONACO","28","https://fr.fashionjobs.com/recrutement/apm-monaco.html","SOURCE_DIRECTE_CATALOGUEE_A_CERTIFIER","A_QUALIFIER","NOM_OU_ALIAS_EXACT_CANDIDAT","cmtk1yo9b04j7nv2bvtd8huil","APM MONACO","NON","100","14","12","0","-16","NON_PERIMETRES_ET_FRAICHEUR_A_ATTESTER","apm.mc","apm-monaco:ACTIVE","apm-monaco","","NO_CAREER_LINK_FOUND_ON_PAGES_READ","","https://www.apm.mc/fr","","","NON_CERTIFIE_PAR_CETTE_RECHERCHE","","Certifier identité, attribution et complétude de la source existante"
"BOMPARD","26","https://fr.fashionjobs.com/recrutement/bompard.html","SOURCE_DIRECTE_CATALOGUEE_A_CERTIFIER","MAISON","NOM_ALIAS_ET_DECISION_DOCUMENTEE","cmtkdvvsi1s76nf2bi5afj7va","ERIC BOMPARD","NON","35","32","32","0","6","NON_PERIMETRES_ET_FRAICHEUR_A_ATTESTER","eric-bompard.com","eric-bompard:ACTIVE","eric-bompard","","ATS_HINT_REVIEW_REQUIRED","https://careers.smartrecruiters.com/ERICBOMPARD","https://www.eric-bompard.com/","https://careers.smartrecruiters.com/ERICBOMPARD","https://www.eric-bompard.com/ | https://careers.smartrecruiters.com/ERICBOMPARD","ALIAS_ET_LIEN_OFFICIEL_CONFIRMES","SmartRecruiters","Réutiliser la source eric-bompard; enregistrer l’alias après revue, mesurer la couverture France et la complétude."
"DEPECH'MODE","26","https://fr.fashionjobs.com/recrutement/depech-mode.html","COMPANY_PRESENTE_SANS_DIRECT_IDENTIFIE","A_QUALIFIER","NOM_OU_ALIAS_EXACT_CANDIDAT","cmtkdvuio1rpbnf2bltfbynz2","DEPECH'MODE","NON","6","6","0","0","-26","NON_PERIMETRES_ET_FRAICHEUR_A_ATTESTER","depechmode-paris.com","","","","CAREER_LINKS_OBSERVED_REVIEW_REQUIRED","https://www.depechmode-paris.com/fashion-jobs/ | https://www.depechmode-paris.com/new-pop-up-contact/","https://www.depechmode-paris.com/","","","NON_CERTIFIE_PAR_CETTE_RECHERCHE","","Retrouver puis prouver le portail officiel; vérifier aussi les groupes et alias"
"SWAROVSKI","26","https://fr.fashionjobs.com/recrutement/swarovski.html","SOURCE_DIRECTE_CATALOGUEE_A_CERTIFIER","A_QUALIFIER","NOM_OU_ALIAS_EXACT_CANDIDAT","cmtp3skie1djoqq4z8560r3vp","Swarovski","NON","196","31","31","0","5","NON_PERIMETRES_ET_FRAICHEUR_A_ATTESTER","swarovski.com","swarovski:ACTIVE","swarovski","","WEBSITE_UNREADABLE","","","","","NON_CERTIFIE_PAR_CETTE_RECHERCHE","","Certifier identité, attribution et complétude de la source existante"
"AUBADE","25","https://fr.fashionjobs.com/recrutement/aubade.html","SOURCE_CATALOGUEE_SANS_DIRECT_ACTIF","A_QUALIFIER","NOM_OU_ALIAS_EXACT_CANDIDAT","cmtk1xdjg0176nv2b70ayaadr","AUBADE","NON","5","5","0","0","-25","NON_PERIMETRES_ET_FRAICHEUR_A_ATTESTER","aubade.com","aubade:RETIRED","","","ATS_HINT_REVIEW_REQUIRED","https://www.welcometothejungle.com/fr/companies/aubade","https://aubade.com/","","","NON_CERTIFIE_PAR_CETTE_RECHERCHE","","Retrouver puis prouver le portail officiel; vérifier aussi les groupes et alias"
"COPAINS","25","https://fr.fashionjobs.com/recrutement/copains.html","COMPANY_PRESENTE_SANS_DIRECT_IDENTIFIE","A_QUALIFIER","NOM_OU_ALIAS_EXACT_CANDIDAT","cmtlq3ucl1lycpg2bi77mf37o","COPAINS","NON","0","0","0","0","-25","NON_PERIMETRES_ET_FRAICHEUR_A_ATTESTER","","","","","NO_WEBSITE_IN_PROFILE_OR_PROFILE_UNREADABLE","","","","","NON_CERTIFIE_PAR_CETTE_RECHERCHE","","Retrouver puis prouver le portail officiel; vérifier aussi les groupes et alias"
"DR. MARTENS","25","https://fr.fashionjobs.com/recrutement/dr-martens.html","SOURCE_DIRECTE_CATALOGUEE_A_CERTIFIER","A_QUALIFIER","NOM_OU_ALIAS_EXACT_CANDIDAT","cmtlq3u2u1lvjpg2byhnrakn6","Dr. Martens","NON","152","26","26","0","1","NON_PERIMETRES_ET_FRAICHEUR_A_ATTESTER","drmartens.com","dr-martens-tf:ACTIVE","dr-martens-tf","","NO_CAREER_LINK_FOUND_ON_PAGES_READ","","https://www.drmartens.com/","","","NON_CERTIFIE_PAR_CETTE_RECHERCHE","","Certifier identité, attribution et complétude de la source existante"
"CONFIDENTIEL","24","https://fr.fashionjobs.com/recrutement/confidentiel.html","COMPANY_PRESENTE_SANS_DIRECT_IDENTIFIE","EMPLOYEUR_NON_DIVULGUE","NOM_OU_ALIAS_EXACT_CANDIDAT","cmtkdvwgx1selnf2bfysmzr7y","CONFIDENTIEL","NON","5","5","0","0","-24","NON_PERIMETRES_ET_FRAICHEUR_A_ATTESTER","","","","","EMPLOYER_NOT_DISCLOSED","","","","https://fr.fashionjobs.com/societesrecrutent/","IDENTITE_NON_INFERABLE","","Ne pas inventer l’employeur ni le rattacher arbitrairement à une Maison."
"GERARD DAREL","23","https://fr.fashionjobs.com/recrutement/gerard-darel.html","AUCUN_RAPPROCHEMENT_ETABLI","MAISON","AUCUNE","","","NON","0","0","0","0","","NON_PERIMETRES_ET_FRAICHEUR_A_ATTESTER","","","","","NO_CAREER_LINK_FOUND_ON_PAGES_READ","https://gerarddarel.taleez.com/","https://gerarddarel.com/fr-fr","https://gerarddarel.taleez.com/","https://gerarddarel.com/fr-fr/recruitment | https://gerarddarel.taleez.com/","LIEN_OFFICIEL_OBSERVE_ACCES_A_VALIDER","Taleez; accès technique non validé","Le footer officiel pointe vers Taleez (Gérard Darel & Pablo), le corps vers FashionJobs. Vérifier le portail Taleez et la séparation des marques; ne pas conclure à une absence de source directe."
"ISABEL MARANT","23","https://fr.fashionjobs.com/recrutement/isabel-marant.html","COMPANY_PRESENTE_SANS_DIRECT_IDENTIFIE","A_QUALIFIER","NOM_OU_ALIAS_EXACT_CANDIDAT","cmtkdvx4o1skknf2bpqfbvpnd","ISABEL MARANT","NON","17","17","0","0","-23","NON_PERIMETRES_ET_FRAICHEUR_A_ATTESTER","isabelmarant.com","","","","NO_CAREER_LINK_FOUND_ON_PAGES_READ","","https://isabelmarant.com/","","","NON_CERTIFIE_PAR_CETTE_RECHERCHE","","Retrouver puis prouver le portail officiel; vérifier aussi les groupes et alias"
"C&A","22","https://fr.fashionjobs.com/recrutement/c-a.html","COMPANY_PRESENTE_SANS_DIRECT_IDENTIFIE","A_QUALIFIER","NOM_OU_ALIAS_EXACT_CANDIDAT","cmtkdw17j1trcnf2btvinbjwg","C&A","NON","1","1","0","0","-22","NON_PERIMETRES_ET_FRAICHEUR_A_ATTESTER","c-and-a.com","","","","CAREER_LINKS_OBSERVED_REVIEW_REQUIRED","https://www.c-and-a.com/fr/fr/corporate/qui-sommes-nous/carriere | https://www.c-and-a.com/fr/fr/corporate/company/jobs | https://www.c-and-a.com/fr/fr/corporate/qui-sommes-nous/carriere/store | https://www.c-and-a.com/fr/fr/corporate/qui-sommes-nous/carriere/tech | https://www.c-and-a.com/fr/fr/corporate/qui-sommes-nous/carriere/marketing-design | https://www.c-and-a.com/fr/fr/corporate/qui-sommes-nous/carriere/supply-chain | https://www.c-and-a.com/fr/fr/corporate/qui-sommes-nous/carriere/anti-fraud","https://www.c-and-a.com/fr/fr/shop?showCountrySelector=true","","","NON_CERTIFIE_PAR_CETTE_RECHERCHE","","Retrouver puis prouver le portail officiel; vérifier aussi les groupes et alias"
"MORGAN","22","https://fr.fashionjobs.com/recrutement/morgan.html","SOURCE_DIRECTE_CATALOGUEE_A_CERTIFIER","A_QUALIFIER","NOM_OU_ALIAS_EXACT_CANDIDAT","cmtkdvxc91sninf2br3plbw5g","MORGAN","NON","45","45","41","0","19","NON_PERIMETRES_ET_FRAICHEUR_A_ATTESTER","morgandetoi.com","","element-6","","NO_CAREER_LINK_FOUND_ON_PAGES_READ","https://www.groupe-beaumanoir.com/en/apply/","https://morgandetoi.com/","","","NON_CERTIFIE_PAR_CETTE_RECHERCHE","","Certifier identité, attribution et complétude de la source existante"
"SEZANE","22","https://fr.fashionjobs.com/recrutement/sezane.html","SOURCE_DIRECTE_CATALOGUEE_A_CERTIFIER","A_QUALIFIER","NOM_OU_ALIAS_EXACT_CANDIDAT","cmtkdvw5m1sb2nf2bvkqxcjar","SÉZANE","NON","113","72","72","0","50","NON_PERIMETRES_ET_FRAICHEUR_A_ATTESTER","sezane.com","sezane:ACTIVE","sezane","","WEBSITE_UNREADABLE","","","","","NON_CERTIFIE_PAR_CETTE_RECHERCHE","","Certifier identité, attribution et complétude de la source existante"
"SUD EXPRESS","21","https://fr.fashionjobs.com/recrutement/sud-express.html","SOURCE_CATALOGUEE_SANS_DIRECT_ACTIF","A_QUALIFIER","NOM_OU_ALIAS_EXACT_CANDIDAT","cmtkdvwy01sjhnf2bsr141joy","SUD EXPRESS","NON","48","48","0","0","-21","NON_PERIMETRES_ET_FRAICHEUR_A_ATTESTER","sudexpress.com","sud-express:RETIRED","","","NO_CAREER_LINK_FOUND_ON_PAGES_READ","https://sud-express.talentview.io/fr","https://sudexpress.com/","","","NON_CERTIFIE_PAR_CETTE_RECHERCHE","","Retrouver puis prouver le portail officiel; vérifier aussi les groupes et alias"
"CAROLL","20","https://fr.fashionjobs.com/recrutement/caroll.html","SOURCE_DIRECTE_CATALOGUEE_A_CERTIFIER","A_QUALIFIER","NOM_OU_ALIAS_EXACT_CANDIDAT","cmtm7ucrc10ybpv5j8tv9kuxe","Caroll","NON","37","37","37","0","17","NON_PERIMETRES_ET_FRAICHEUR_A_ATTESTER","caroll.com","","element-6","","CAREER_LINKS_OBSERVED_REVIEW_REQUIRED","https://www.groupe-beaumanoir.com/nos-offres/#page-search---index","https://caroll.com/","","","NON_CERTIFIE_PAR_CETTE_RECHERCHE","","Certifier identité, attribution et complétude de la source existante"
"CONCEPT RECRUTEMENT","20","https://fr.fashionjobs.com/recrutement/concept-recrutement.html","COMPANY_PRESENTE_SANS_DIRECT_IDENTIFIE","A_QUALIFIER","NOM_OU_ALIAS_EXACT_CANDIDAT","cmtkdvvyz1s9hnf2b7y3h2cj3","CONCEPT RECRUTEMENT","NON","4","4","0","0","-20","NON_PERIMETRES_ET_FRAICHEUR_A_ATTESTER","concept-recrutement.fr","","","","WEBSITE_UNREADABLE","","","","","NON_CERTIFIE_PAR_CETTE_RECHERCHE","","Retrouver puis prouver le portail officiel; vérifier aussi les groupes et alias"
"HUGO BOSS FRANCE","20","https://fr.fashionjobs.com/recrutement/hugo-boss-france.html","COMPANY_PRESENTE_SANS_DIRECT_IDENTIFIE","MAISON","NOM_ALIAS_ET_DECISION_DOCUMENTEE","cmtkdvubp1rmknf2buqbqgu2l","HUGO BOSS","NON","4","4","0","0","-20","NON_PERIMETRES_ET_FRAICHEUR_A_ATTESTER","hugoboss.com","","","","CAREER_LINKS_OBSERVED_REVIEW_REQUIRED","https://careers.hugoboss.com/global/en | https://careers.hugoboss.com/global/en/ | https://careers.hugoboss.com/global/en/retail | https://careers.hugoboss.com/global/en/corporate | https://careers.hugoboss.com/global/en/c/warehouse-operations-supply-chain-jobs | https://careers.hugoboss.com/global/en/Working-At-HUGO-BOSS | https://careers.hugoboss.com/global/en/locationpage | https://careers.hugoboss.com/global/en/jointalentcommunity","https://hugoboss.com/","https://careers.hugoboss.com/global/en","https://www.hugoboss.com/ | https://careers.hugoboss.com/global/en","LIEN_OFFICIEL_VERS_PORTAIL_CONFIRME","Phenom détecté; configuration et flux à valider","Valider l’adaptateur et les pays; préserver HUGO/BOSS et la filiale France sans créer de faux doublons."
"KSI RETAIL","20","https://fr.fashionjobs.com/recrutement/ksi-retail.html","COMPANY_PRESENTE_SANS_DIRECT_IDENTIFIE","A_QUALIFIER","NOM_OU_ALIAS_EXACT_CANDIDAT","cmtkdvuwr1rvinf2bg83fdzpf | cmtpw95zy4k0hl35mew33fqog","KSI RETAIL | KSI","OUI","7","7","0","0","-20","NON_PERIMETRES_ET_FRAICHEUR_A_ATTESTER","ks-groupe.com | ks-groupe.com","","","","CAREER_LINKS_OBSERVED_REVIEW_REQUIRED","https://recrutement.ks-groupe.com/fr | https://recrutement.ks-groupe.com/fr/candidature/DPZp4ZvY/2/1#declareStep1 | https://recrutement.ks-groupe.com/fr/annonces","https://ks-groupe.com/","","","NON_CERTIFIE_PAR_CETTE_RECHERCHE","","Retrouver puis prouver le portail officiel; vérifier aussi les groupes et alias"
"SESSÙN","20","https://fr.fashionjobs.com/recrutement/sessun.html","SOURCE_CATALOGUEE_SANS_DIRECT_ACTIF","A_QUALIFIER","NOM_OU_ALIAS_EXACT_CANDIDAT","cmtjwf6tz0a8dld2bumichh9u","Sessùn","NON","38","25","0","0","-20","NON_PERIMETRES_ET_FRAICHEUR_A_ATTESTER","sessun.com","sessun:PAUSED","","","CAREER_LINKS_OBSERVED_REVIEW_REQUIRED","https://fr.sessun.com/nous-rejoindre.html","https://fr.sessun.com/","","","NON_CERTIFIE_PAR_CETTE_RECHERCHE","","Retrouver puis prouver le portail officiel; vérifier aussi les groupes et alias"
"TEZENIS","20","https://fr.fashionjobs.com/recrutement/tezenis.html","PORTAIL_GROUPE_CATALOGUE_ATTRIBUTION_A_VERIFIER","ENSEIGNE","AUCUNE","","","NON","0","0","0","0","","NON_PERIMETRES_ET_FRAICHEUR_A_ATTESTER","","oniverse:ACTIVE","oniverse","oniverse","CAREER_LINKS_OBSERVED_REVIEW_REQUIRED","https://www.tezenis.com/fr/login/ | https://www.tezenis.com/fr/loyaltylanding/ | https://www.calzedoniagroup.com/en/the-group/careers | https://www.tezenis.com/fr/regulation_tezenis_talent.html","https://www.tezenis.com/fr/","https://careers.oniverse.it/fr-FR/home","https://www.oniverse.it/en/careers/join-oniverse","MARQUES_ET_PORTAIL_GROUPE_CONFIRMES","Portail Oniverse; moteur à qualifier","Réutiliser oniverse et ses filtres de marque officiels; mesurer chaque enseigne en France. Ne pas attribuer tout le groupe à chacune."
"BZB","19","https://fr.fashionjobs.com/recrutement/bzb.html","SOURCE_DIRECTE_CATALOGUEE_A_CERTIFIER","A_QUALIFIER","NOM_OU_ALIAS_EXACT_CANDIDAT","cmtlyiig305w5qf5kntqzz9kw","BZB","NON","21","20","20","1","1","NON_PERIMETRES_ET_FRAICHEUR_A_ATTESTER","b-z-b.com","bzb:ACTIVE","bzb","","CAREER_LINKS_OBSERVED_REVIEW_REQUIRED","https://recrutement.b-z-b.com/","https://www.b-z-b.com/","","","NON_CERTIFIE_PAR_CETTE_RECHERCHE","","Certifier identité, attribution et complétude de la source existante"
"SMCP","19","https://fr.fashionjobs.com/recrutement/smcp.html","SOURCE_DIRECTE_CATALOGUEE_A_CERTIFIER","A_QUALIFIER","NOM_OU_ALIAS_EXACT_CANDIDAT","crcafaa7a4ec667cf18ea56024","SMCP","NON","203","119","119","0","100","NON_PERIMETRES_ET_FRAICHEUR_A_ATTESTER","","","sandro","","NO_WEBSITE_IN_PROFILE_OR_PROFILE_UNREADABLE","","","","","NON_CERTIFIE_PAR_CETTE_RECHERCHE","","Certifier identité, attribution et complétude de la source existante"
"FASHION EXPERT","18","https://fr.fashionjobs.com/recrutement/fashion-expert.html","COMPANY_PRESENTE_SANS_DIRECT_IDENTIFIE","A_QUALIFIER","NOM_OU_ALIAS_EXACT_CANDIDAT","cmtkdvutv1rudnf2biteg22ga","FASHION EXPERT","NON","1","1","0","0","-18","NON_PERIMETRES_ET_FRAICHEUR_A_ATTESTER","","","","","NO_WEBSITE_IN_PROFILE_OR_PROFILE_UNREADABLE","","","","","NON_CERTIFIE_PAR_CETTE_RECHERCHE","","Retrouver puis prouver le portail officiel; vérifier aussi les groupes et alias"
"LA HALLE","18","https://fr.fashionjobs.com/recrutement/la-halle.html","SOURCE_DIRECTE_CATALOGUEE_A_CERTIFIER","A_QUALIFIER","NOM_OU_ALIAS_EXACT_CANDIDAT","cmtm7ucoz10xspv5jc900ovd5","La Halle","NON","64","64","64","0","46","NON_PERIMETRES_ET_FRAICHEUR_A_ATTESTER","lahalle.com","","element-6","","NO_CAREER_LINK_FOUND_ON_PAGES_READ","https://recrutement.groupe-beaumanoir.com/search?companies=La%2520Halle","https://lahalle.com/","","","NON_CERTIFIE_PAR_CETTE_RECHERCHE","","Certifier identité, attribution et complétude de la source existante"
"LUXURY OF RETAIL","18","https://fr.fashionjobs.com/recrutement/luxury-of-retail.html","AUCUN_RAPPROCHEMENT_ETABLI","A_QUALIFIER","AUCUNE","","","NON","0","0","0","0","","NON_PERIMETRES_ET_FRAICHEUR_A_ATTESTER","","","","","CAREER_LINKS_OBSERVED_REVIEW_REQUIRED","https://talents.luxuryofretail.com/fr | https://talents.luxuryofretail.com/fr/annonces","https://talents.luxuryofretail.com/fr","","","NON_CERTIFIE_PAR_CETTE_RECHERCHE","","Retrouver puis prouver le portail officiel; vérifier aussi les groupes et alias"
"RALPH LAUREN","18","https://fr.fashionjobs.com/recrutement/ralph-lauren.html","SOURCE_DIRECTE_CATALOGUEE_A_CERTIFIER","A_QUALIFIER","NOM_OU_ALIAS_EXACT_CANDIDAT","cmtkdvy3z1swwnf2bo3y8vb22","RALPH LAUREN","NON","1097","26","25","0","7","NON_PERIMETRES_ET_FRAICHEUR_A_ATTESTER","ralphlauren.com","ralph-lauren-avature:ACTIVE","ralph-lauren-avature","","WEBSITE_UNREADABLE","","","","","NON_CERTIFIE_PAR_CETTE_RECHERCHE","","Certifier identité, attribution et complétude de la source existante"
"SAMAYA","18","https://fr.fashionjobs.com/recrutement/samaya.html","COMPANY_PRESENTE_SANS_DIRECT_IDENTIFIE","A_QUALIFIER","NOM_OU_ALIAS_EXACT_CANDIDAT","cmtkdvuci1rmwnf2bcm602sh6","SAMAYA","NON","0","0","0","0","-18","NON_PERIMETRES_ET_FRAICHEUR_A_ATTESTER","","","","","NO_WEBSITE_IN_PROFILE_OR_PROFILE_UNREADABLE","","","","","NON_CERTIFIE_PAR_CETTE_RECHERCHE","","Retrouver puis prouver le portail officiel; vérifier aussi les groupes et alias"
"YVES SAINT LAURENT SAS","18","https://fr.fashionjobs.com/recrutement/yves-saint-laurent-sas.html","SOURCE_DIRECTE_CATALOGUEE_A_CERTIFIER","A_QUALIFIER","REGLE_CANONIQUE_CANDIDATE","cmtpukum3299ml35mw6vwiqno","Saint Laurent","NON","203","58","58","1","40","NON_PERIMETRES_ET_FRAICHEUR_A_ATTESTER","ysl.com","","kering","","WEBSITE_UNREADABLE","","","","","NON_CERTIFIE_PAR_CETTE_RECHERCHE","","Certifier identité, attribution et complétude de la source existante"
"CAMELEONS RH","17","https://fr.fashionjobs.com/recrutement/cameleons-rh.html","COMPANY_PRESENTE_SANS_DIRECT_IDENTIFIE","A_QUALIFIER","NOM_OU_ALIAS_EXACT_CANDIDAT","cmtkdvygh1t10nf2briurzyb4","CAMELEONS RH","NON","4","4","0","0","-17","NON_PERIMETRES_ET_FRAICHEUR_A_ATTESTER","cameleonsrh.com","","","","ATS_HINT_REVIEW_REQUIRED","","https://cameleonsrh.com/","","","NON_CERTIFIE_PAR_CETTE_RECHERCHE","","Retrouver puis prouver le portail officiel; vérifier aussi les groupes et alias"
"ROUGEGORGE LINGERIE","17","https://fr.fashionjobs.com/recrutement/rougegorge-lingerie.html","AUCUN_RAPPROCHEMENT_ETABLI","A_QUALIFIER","AUCUNE","","","NON","0","0","0","0","","NON_PERIMETRES_ET_FRAICHEUR_A_ATTESTER","","","","","NO_WEBSITE_IN_PROFILE_OR_PROFILE_UNREADABLE","","","","","NON_CERTIFIE_PAR_CETTE_RECHERCHE","","Retrouver puis prouver le portail officiel; vérifier aussi les groupes et alias"
"ZAPA","17","https://fr.fashionjobs.com/recrutement/zapa.html","AUCUN_RAPPROCHEMENT_ETABLI","A_QUALIFIER","AUCUNE","","","NON","0","0","0","0","","NON_PERIMETRES_ET_FRAICHEUR_A_ATTESTER","","","","","NO_CAREER_LINK_FOUND_ON_PAGES_READ","https://www.talentdetection.com/brand-sisters-tara-jarmon-zapa-/69767-T0IJ9MNTYo/accueil","https://www.zapa.fr/","","","NON_CERTIFIE_PAR_CETTE_RECHERCHE","","Retrouver puis prouver le portail officiel; vérifier aussi les groupes et alias"
"HADDAD","16","https://fr.fashionjobs.com/recrutement/haddad.html","AUCUN_RAPPROCHEMENT_ETABLI","A_QUALIFIER","AUCUNE","","","NON","0","0","0","0","","NON_PERIMETRES_ET_FRAICHEUR_A_ATTESTER","","","","","NO_WEBSITE_IN_PROFILE_OR_PROFILE_UNREADABLE","","","","","NON_CERTIFIE_PAR_CETTE_RECHERCHE","","Retrouver puis prouver le portail officiel; vérifier aussi les groupes et alias"
"AMI PARIS","15","https://fr.fashionjobs.com/recrutement/ami-paris.html","SOURCE_DIRECTE_CATALOGUEE_A_CERTIFIER","A_QUALIFIER","NOM_OU_ALIAS_EXACT_CANDIDAT","cmtk1xawc00zknv2b2dybtlb7","AMI PARIS","NON","21","14","14","0","-1","NON_PERIMETRES_ET_FRAICHEUR_A_ATTESTER","amiparis.com","ami-paris:ACTIVE","ami-paris","","ATS_HINT_REVIEW_REQUIRED","https://amiparis.recruitee.com/","https://www.amiparis.com/","","","NON_CERTIFIE_PAR_CETTE_RECHERCHE","","Certifier identité, attribution et complétude de la source existante"
"IZAC","15","https://fr.fashionjobs.com/recrutement/izac.html","COMPANY_PRESENTE_SANS_DIRECT_IDENTIFIE","A_QUALIFIER","NOM_OU_ALIAS_EXACT_CANDIDAT","cmtkdvuyp1rw6nf2b3qcsj9pn","IZAC","NON","1","1","0","0","-15","NON_PERIMETRES_ET_FRAICHEUR_A_ATTESTER","izac.fr","","","","CAREER_LINKS_OBSERVED_REVIEW_REQUIRED","https://izac.fr/pages/recrutement-boutique | https://izac.fr/pages/recrutement-copy","https://izac.fr/","","","NON_CERTIFIE_PAR_CETTE_RECHERCHE","","Retrouver puis prouver le portail officiel; vérifier aussi les groupes et alias"
"AMERICAN VINTAGE","14","https://fr.fashionjobs.com/recrutement/american-vintage.html","SOURCE_CATALOGUEE_SANS_DIRECT_ACTIF","A_QUALIFIER","NOM_OU_ALIAS_EXACT_CANDIDAT","cmtjwp18i065ym72bg5ksg9ol","American Vintage","NON","20","19","0","0","-14","NON_PERIMETRES_ET_FRAICHEUR_A_ATTESTER","americanvintage-store.com","american-vintage:RETIRED","","","NO_CAREER_LINK_FOUND_ON_PAGES_READ","https://careers.am-vintage.com/en","https://americanvintage-store.com/","","","NON_CERTIFIE_PAR_CETTE_RECHERCHE","","Retrouver puis prouver le portail officiel; vérifier aussi les groupes et alias"
"SOEUR","14","https://fr.fashionjobs.com/recrutement/soeur.html","SOURCE_DIRECTE_CATALOGUEE_A_CERTIFIER","A_QUALIFIER","NOM_OU_ALIAS_EXACT_CANDIDAT","cmtke3sdt02imlp2b58mkcxwv","Soeur","NON","55","35","35","0","21","NON_PERIMETRES_ET_FRAICHEUR_A_ATTESTER","soeur.fr","soeur:ACTIVE","soeur","","ATS_HINT_REVIEW_REQUIRED","https://soeur-1711354805.teamtailor.com/","https://soeur.fr/","","","NON_CERTIFIE_PAR_CETTE_RECHERCHE","","Certifier identité, attribution et complétude de la source existante"
"AGATHA","13","https://fr.fashionjobs.com/recrutement/agatha.html","COMPANY_PRESENTE_SANS_DIRECT_IDENTIFIE","A_QUALIFIER","NOM_OU_ALIAS_EXACT_CANDIDAT","cmtkdvxmi1sqsnf2bqyk4udiq","AGATHA","NON","2","2","0","0","-13","NON_PERIMETRES_ET_FRAICHEUR_A_ATTESTER","agatha.fr","","","","CAREER_LINKS_OBSERVED_REVIEW_REQUIRED","https://www.agatha.fr/fr_FR/nous-rejoindre","https://www.agatha.fr/fr_FR","","","NON_CERTIFIE_PAR_CETTE_RECHERCHE","","Retrouver puis prouver le portail officiel; vérifier aussi les groupes et alias"
"BALMAIN","13","https://fr.fashionjobs.com/recrutement/balmain.html","SOURCE_DIRECTE_CATALOGUEE_A_CERTIFIER","A_QUALIFIER","NOM_OU_ALIAS_EXACT_CANDIDAT","cmtkdvumn1rqynf2bxg2eyo0q","BALMAIN","NON","30","23","20","6","7","NON_PERIMETRES_ET_FRAICHEUR_A_ATTESTER","balmain.com","balmain:ACTIVE","balmain","","ATS_HINT_REVIEW_REQUIRED","https://balmain-career.talent-soft.com/offre-de-emploi/liste-toutes-offres.aspx?all=1&mode=layer&showSearchUrl=1","https://balmain.com/fr-fr","","","NON_CERTIFIE_PAR_CETTE_RECHERCHE","","Certifier identité, attribution et complétude de la source existante"
"KENZO","13","https://fr.fashionjobs.com/recrutement/kenzo.html","SOURCE_DIRECTE_CATALOGUEE_A_CERTIFIER","A_QUALIFIER","NOM_OU_ALIAS_EXACT_CANDIDAT","cmtk48ipj1dpiny2bgnr0fj3t","KENZO","NON","25","16","16","0","3","NON_PERIMETRES_ET_FRAICHEUR_A_ATTESTER","kenzo.com","","lvmh","","WEBSITE_UNREADABLE","","","","","NON_CERTIFIE_PAR_CETTE_RECHERCHE","","Certifier identité, attribution et complétude de la source existante"
"LONGCHAMP","13","https://fr.fashionjobs.com/recrutement/longchamp.html","SOURCE_DIRECTE_CATALOGUEE_A_CERTIFIER","A_QUALIFIER","NOM_OU_ALIAS_EXACT_CANDIDAT","cmtkdvuvo1rv2nf2bol2swzih","Longchamp","NON","26","18","18","8","5","NON_PERIMETRES_ET_FRAICHEUR_A_ATTESTER","longchamp.com","longchamp:ACTIVE","longchamp","","CAREER_LINKS_OBSERVED_REVIEW_REQUIRED","https://www.longchamp.com/fr/fr/maison-longchamp/carrieres/recruitment.html | https://www.longchamp.com/fr/fr/maison-longchamp/maison-lgp/carrieres/career/nos-offres/job-openings/","https://www.longchamp.com/fr/fr/","","","NON_CERTIFIE_PAR_CETTE_RECHERCHE","","Certifier identité, attribution et complétude de la source existante"
"MONOPRIX","13","https://fr.fashionjobs.com/recrutement/monoprix.html","COMPANY_PRESENTE_SANS_DIRECT_IDENTIFIE","A_QUALIFIER","NOM_OU_ALIAS_EXACT_CANDIDAT","cmtkdvuqf1rstnf2bhwlokuxf","Groupe MONOPRIX","NON","0","0","0","0","-13","NON_PERIMETRES_ET_FRAICHEUR_A_ATTESTER","","","","","ATS_HINT_REVIEW_REQUIRED","","https://www.monoprix.qa/","","","NON_CERTIFIE_PAR_CETTE_RECHERCHE","","Retrouver puis prouver le portail officiel; vérifier aussi les groupes et alias"
"NEW BALANCE","13","https://fr.fashionjobs.com/recrutement/new-balance.html","SOURCE_DIRECTE_CATALOGUEE_A_CERTIFIER","A_QUALIFIER","NOM_OU_ALIAS_EXACT_CANDIDAT","cmtp25hct0fl7qq4zwb6y1cby","New Balance","NON","60","16","15","0","2","NON_PERIMETRES_ET_FRAICHEUR_A_ATTESTER","newbalance.com","new-balance:ACTIVE","new-balance | nike","","WEBSITE_UNREADABLE","","","","","NON_CERTIFIE_PAR_CETTE_RECHERCHE","","Certifier identité, attribution et complétude de la source existante"
"TARA JARMON","13","https://fr.fashionjobs.com/recrutement/tara-jarmon.html","AUCUN_RAPPROCHEMENT_ETABLI","A_QUALIFIER","AUCUNE","","","NON","0","0","0","0","","NON_PERIMETRES_ET_FRAICHEUR_A_ATTESTER","","","","","NO_WEBSITE_IN_PROFILE_OR_PROFILE_UNREADABLE","","","","","NON_CERTIFIE_PAR_CETTE_RECHERCHE","","Retrouver puis prouver le portail officiel; vérifier aussi les groupes et alias"
"Aigle","12","https://fr.fashionjobs.com/recrutement/aigle.html","SOURCE_DIRECTE_CATALOGUEE_A_CERTIFIER","A_QUALIFIER","NOM_OU_ALIAS_EXACT_CANDIDAT","cmtlyojxw0k1zqf5k0bdeyvwn","Aigle","NON","107","105","105","0","93","NON_PERIMETRES_ET_FRAICHEUR_A_ATTESTER","aigle.com","aigle:ACTIVE","aigle","","WEBSITE_UNREADABLE","","","","","NON_CERTIFIE_PAR_CETTE_RECHERCHE","","Certifier identité, attribution et complétude de la source existante"
"FALCONERI","12","https://fr.fashionjobs.com/recrutement/falconeri.html","AUCUN_RAPPROCHEMENT_ETABLI","A_QUALIFIER","AUCUNE","","","NON","0","0","0","0","","NON_PERIMETRES_ET_FRAICHEUR_A_ATTESTER","","","","","NO_CAREER_LINK_FOUND_ON_PAGES_READ","https://www.oniverse.it/il-gruppo/careers","https://www.falconeri.com/fr/","","","NON_CERTIFIE_PAR_CETTE_RECHERCHE","","Retrouver puis prouver le portail officiel; vérifier aussi les groupes et alias"
"FROM FUTURE","12","https://fr.fashionjobs.com/recrutement/from-future.html","COMPANY_PRESENTE_SANS_DIRECT_IDENTIFIE","A_QUALIFIER","NOM_OU_ALIAS_EXACT_CANDIDAT","cmtkdvyvj1t4unf2bw0iei77m","FROM FUTURE","NON","13","13","0","0","-12","NON_PERIMETRES_ET_FRAICHEUR_A_ATTESTER","fromfuture.com","","","","ATS_HINT_REVIEW_REQUIRED","https://www.welcometothejungle.com/fr/companies/from-future","https://fromfuture.com/","","","NON_CERTIFIE_PAR_CETTE_RECHERCHE","","Retrouver puis prouver le portail officiel; vérifier aussi les groupes et alias"
"MANPOWER COUTURE MODE ET LUXE","12","https://fr.fashionjobs.com/recrutement/manpower-couture-mode-et-luxe.html","COMPANY_PRESENTE_SANS_DIRECT_IDENTIFIE","A_QUALIFIER","NOM_OU_ALIAS_EXACT_CANDIDAT","cmtkdvxic1spmnf2bszodb3wk","MANPOWER COUTURE MODE ET LUXE","NON","7","7","0","0","-12","NON_PERIMETRES_ET_FRAICHEUR_A_ATTESTER","","","","","NO_WEBSITE_IN_PROFILE_OR_PROFILE_UNREADABLE","","","","","NON_CERTIFIE_PAR_CETTE_RECHERCHE","","Retrouver puis prouver le portail officiel; vérifier aussi les groupes et alias"
"BONPOINT","11","https://fr.fashionjobs.com/recrutement/bonpoint.html","AUCUN_RAPPROCHEMENT_ETABLI","A_QUALIFIER","AUCUNE","","","NON","0","0","0","0","","NON_PERIMETRES_ET_FRAICHEUR_A_ATTESTER","","","","","CAREER_LINKS_OBSERVED_REVIEW_REQUIRED","https://www.bonpoint.com/blogs/actualites/carrieres","https://www.bonpoint.com/","","","NON_CERTIFIE_PAR_CETTE_RECHERCHE","","Retrouver puis prouver le portail officiel; vérifier aussi les groupes et alias"
"NICE CONCEPT RECRUTEMENT","11","https://fr.fashionjobs.com/recrutement/nice-concept-recrutement.html","COMPANY_PRESENTE_SANS_DIRECT_IDENTIFIE","A_QUALIFIER","NOM_OU_ALIAS_EXACT_CANDIDAT","cmtkdvwlc1sgcnf2bemx9zsc6","NICE CONCEPT RECRUTEMENT","NON","0","0","0","0","-11","NON_PERIMETRES_ET_FRAICHEUR_A_ATTESTER","","","","","NO_WEBSITE_IN_PROFILE_OR_PROFILE_UNREADABLE","","","","","NON_CERTIFIE_PAR_CETTE_RECHERCHE","","Retrouver puis prouver le portail officiel; vérifier aussi les groupes et alias"
"VANESSA BRUNO","11","https://fr.fashionjobs.com/recrutement/vanessa-bruno.html","COMPANY_PRESENTE_SANS_DIRECT_IDENTIFIE","A_QUALIFIER","NOM_OU_ALIAS_EXACT_CANDIDAT","cmtkdvugb1ro7nf2b00w12jbk","VANESSA BRUNO","NON","2","2","0","0","-11","NON_PERIMETRES_ET_FRAICHEUR_A_ATTESTER","vanessabruno.com","","","","NO_CAREER_LINK_FOUND_ON_PAGES_READ","","https://www.vanessabruno.com/","","","NON_CERTIFIE_PAR_CETTE_RECHERCHE","","Retrouver puis prouver le portail officiel; vérifier aussi les groupes et alias"
"VIB'S","11","https://fr.fashionjobs.com/recrutement/vib-s.html","SOURCE_DIRECTE_CATALOGUEE_A_CERTIFIER","A_QUALIFIER","NOM_OU_ALIAS_EXACT_CANDIDAT","cmtm7ucqi10y3pv5j1s4jalzb","Vib's","NON","31","31","31","0","20","NON_PERIMETRES_ET_FRAICHEUR_A_ATTESTER","vibs.com","","element-6","","NO_CAREER_LINK_FOUND_ON_PAGES_READ","https://www.groupe-beaumanoir.com/nos-offres","https://vibs.com/","","","NON_CERTIFIE_PAR_CETTE_RECHERCHE","","Certifier identité, attribution et complétude de la source existante"
"CREATIONS FUSALP","10","https://fr.fashionjobs.com/recrutement/creations-fusalp.html","COMPANY_PRESENTE_SANS_DIRECT_IDENTIFIE","A_QUALIFIER","NOM_OU_ALIAS_EXACT_CANDIDAT","cmtkdvupo1rshnf2b5mz54rmt","CREATIONS FUSALP","NON","2","2","0","0","-10","NON_PERIMETRES_ET_FRAICHEUR_A_ATTESTER","fusalp.com","","","","CAREER_LINKS_OBSERVED_REVIEW_REQUIRED","https://www.welcometothejungle.com/fr/companies/fusalp/jobs","https://fusalp.com/","","","NON_CERTIFIE_PAR_CETTE_RECHERCHE","","Retrouver puis prouver le portail officiel; vérifier aussi les groupes et alias"
"L'OCCITANE EN PROVENCE - FRANCE","10","https://fr.fashionjobs.com/recrutement/l-occitane-en-provence-france.html","SOURCE_DIRECTE_CATALOGUEE_A_CERTIFIER","A_QUALIFIER","REGLE_CANONIQUE_CANDIDATE","cmtke2us500d0lp2bu5et2x5u","L’Occitane en Provence","NON","15","9","9","0","-1","NON_PERIMETRES_ET_FRAICHEUR_A_ATTESTER","loccitane.com","","l-occitane-en-provence-2","","CAREER_LINKS_OBSERVED_REVIEW_REQUIRED","","https://loccitane.com/","","","NON_CERTIFIE_PAR_CETTE_RECHERCHE","","Certifier identité, attribution et complétude de la source existante"
"BOLIA","9","https://fr.fashionjobs.com/recrutement/bolia.html","AUCUN_RAPPROCHEMENT_ETABLI","A_QUALIFIER","AUCUNE","","","NON","0","0","0","0","","NON_PERIMETRES_ET_FRAICHEUR_A_ATTESTER","","","","","NO_WEBSITE_IN_PROFILE_OR_PROFILE_UNREADABLE","","","","","NON_CERTIFIE_PAR_CETTE_RECHERCHE","","Retrouver puis prouver le portail officiel; vérifier aussi les groupes et alias"
"FRANCINE BRAMLI PARIS","9","https://fr.fashionjobs.com/recrutement/francine-bramli-paris.html","COMPANY_PRESENTE_SANS_DIRECT_IDENTIFIE","A_QUALIFIER","NOM_OU_ALIAS_EXACT_CANDIDAT","cmtlq3ud31lykpg2bduhm3r5e","FRANCINE BRAMLI PARIS","NON","0","0","0","0","-9","NON_PERIMETRES_ET_FRAICHEUR_A_ATTESTER","","","","","NO_WEBSITE_IN_PROFILE_OR_PROFILE_UNREADABLE","","","","","NON_CERTIFIE_PAR_CETTE_RECHERCHE","","Retrouver puis prouver le portail officiel; vérifier aussi les groupes et alias"
"LANCEL SOGEDI","9","https://fr.fashionjobs.com/recrutement/lancel-sogedi.html","AUCUN_RAPPROCHEMENT_ETABLI","A_QUALIFIER","AUCUNE","","","NON","0","0","0","0","","NON_PERIMETRES_ET_FRAICHEUR_A_ATTESTER","","","","","NO_CAREER_LINK_FOUND_ON_PAGES_READ","https://lancel.nous-recrutons.fr/","https://lancel.com/fr","","","NON_CERTIFIE_PAR_CETTE_RECHERCHE","","Retrouver puis prouver le portail officiel; vérifier aussi les groupes et alias"
"LANVIN","9","https://fr.fashionjobs.com/recrutement/lanvin.html","COMPANY_PRESENTE_SANS_DIRECT_IDENTIFIE","A_QUALIFIER","NOM_OU_ALIAS_EXACT_CANDIDAT","cmtkdvurw1rthnf2b8qwacb78","LANVIN","NON","1","1","0","0","-9","NON_PERIMETRES_ET_FRAICHEUR_A_ATTESTER","lanvin.com","","","","NO_CAREER_LINK_FOUND_ON_PAGES_READ","","https://fr.lanvin.com/","","","NON_CERTIFIE_PAR_CETTE_RECHERCHE","","Retrouver puis prouver le portail officiel; vérifier aussi les groupes et alias"
"LFP EMPLOI MODE","9","https://fr.fashionjobs.com/recrutement/lfp-emploi-mode.html","COMPANY_PRESENTE_SANS_DIRECT_IDENTIFIE","A_QUALIFIER","NOM_OU_ALIAS_EXACT_CANDIDAT","cmtkdw0ny1tkynf2bzqvvh2d1","LFP EMPLOI MODE","NON","4","4","0","0","-9","NON_PERIMETRES_ET_FRAICHEUR_A_ATTESTER","","","","","NO_WEBSITE_IN_PROFILE_OR_PROFILE_UNREADABLE","","","","","NON_CERTIFIE_PAR_CETTE_RECHERCHE","","Retrouver puis prouver le portail officiel; vérifier aussi les groupes et alias"
"LIVY","9","https://fr.fashionjobs.com/recrutement/livy.html","COMPANY_PRESENTE_SANS_DIRECT_IDENTIFIE","A_QUALIFIER","NOM_OU_ALIAS_EXACT_CANDIDAT","cmtkdw2bs1u3jnf2bcaxbjlnn","LIVY","NON","0","0","0","0","-9","NON_PERIMETRES_ET_FRAICHEUR_A_ATTESTER","","","","","NO_CAREER_LINK_FOUND_ON_PAGES_READ","https://int.li-vy.com/pages/livy-recrute","https://int.li-vy.com/","","","NON_CERTIFIE_PAR_CETTE_RECHERCHE","","Retrouver puis prouver le portail officiel; vérifier aussi les groupes et alias"
"MANPOWER CABINET DE RECRUTEMENT COMMERCE MODE LUXE","9","https://fr.fashionjobs.com/recrutement/manpower-cabinet-de-recrutement-commerce-mode-luxe.html","COMPANY_PRESENTE_SANS_DIRECT_IDENTIFIE","A_QUALIFIER","NOM_OU_ALIAS_EXACT_CANDIDAT","cmtkdvuso1rttnf2b8qqswto4","MANPOWER CABINET DE RECRUTEMENT COMMERCE MODE LUXE","NON","4","4","0","0","-9","NON_PERIMETRES_ET_FRAICHEUR_A_ATTESTER","","","","","NO_WEBSITE_IN_PROFILE_OR_PROFILE_UNREADABLE","","","","","NON_CERTIFIE_PAR_CETTE_RECHERCHE","","Retrouver puis prouver le portail officiel; vérifier aussi les groupes et alias"
"MARC ORIAN","9","https://fr.fashionjobs.com/recrutement/marc-orian.html","AUCUN_RAPPROCHEMENT_ETABLI","A_QUALIFIER","AUCUNE","","","NON","0","0","0","0","","NON_PERIMETRES_ET_FRAICHEUR_A_ATTESTER","","","","","CAREER_LINKS_OBSERVED_REVIEW_REQUIRED","","https://www.marc-orian.com/fr_FR","","","NON_CERTIFIE_PAR_CETTE_RECHERCHE","","Retrouver puis prouver le portail officiel; vérifier aussi les groupes et alias"
"POIRAY INTERNATIONAL","9","https://fr.fashionjobs.com/recrutement/poiray-international.html","COMPANY_PRESENTE_SANS_DIRECT_IDENTIFIE","A_QUALIFIER","NOM_OU_ALIAS_EXACT_CANDIDAT","cmtkdvxip1spqnf2bzqsn7awe | cmtpw96kt4k50l35m5ickofp2","POIRAY INTERNATIONAL | POIRAY","OUI","2","2","0","0","-9","NON_PERIMETRES_ET_FRAICHEUR_A_ATTESTER","poiray.com | poiray.com","","","","NO_CAREER_LINK_FOUND_ON_PAGES_READ","","https://poiray.com/","","","NON_CERTIFIE_PAR_CETTE_RECHERCHE","","Retrouver puis prouver le portail officiel; vérifier aussi les groupes et alias"
"REPETTO","9","https://fr.fashionjobs.com/recrutement/repetto.html","COMPANY_PRESENTE_SANS_DIRECT_IDENTIFIE","A_QUALIFIER","NOM_OU_ALIAS_EXACT_CANDIDAT","cmtkdvuig1rp7nf2bffwmb758","REPETTO","NON","6","6","0","0","-9","NON_PERIMETRES_ET_FRAICHEUR_A_ATTESTER","repetto.com","","","","CAREER_LINKS_OBSERVED_REVIEW_REQUIRED","https://repetto.com/pages/recrutement | https://repetto.com/pages/job/charge-e-de-la-relation-client-et-de-l-e-reputation | https://repetto.com/pages/job/conseiller-de-vente-h-f-35-h-lyon-1 | https://repetto.com/pages/job/conseiller-de-vente-h-f-rue-du-four | https://repetto.com/pages/job/conseiller-ere-de-vente-cdi-14-h-lundi-mardi | https://repetto.com/pages/job/conseiller-ere-de-vente-grands-magasins-1 | https://repetto.com/pages/job/conseiller-ere-de-vente-passy | https://repetto.com/pages/job/developpeur-se-produit-textile-h-f | https://repetto.com/pages/job/stage-assistant-e-presse-et-communication","https://repetto.com/","","","NON_CERTIFIE_PAR_CETTE_RECHERCHE","","Retrouver puis prouver le portail officiel; vérifier aussi les groupes et alias"
"CACHE CACHE","8","https://fr.fashionjobs.com/recrutement/cache-cache.html","SOURCE_DIRECTE_CATALOGUEE_A_CERTIFIER","A_QUALIFIER","NOM_OU_ALIAS_EXACT_CANDIDAT","cmtm7ucr010y7pv5j8qg9y2m6","Cache Cache","NON","61","61","61","0","53","NON_PERIMETRES_ET_FRAICHEUR_A_ATTESTER","cache-cache.fr","","element-6","","NO_CAREER_LINK_FOUND_ON_PAGES_READ","http://www.groupe-beaumanoir.com/nos-offres","https://cache-cache.fr/","","","NON_CERTIFIE_PAR_CETTE_RECHERCHE","","Certifier identité, attribution et complétude de la source existante"
"FIGARET","8","https://fr.fashionjobs.com/recrutement/figaret.html","SOURCE_CATALOGUEE_SANS_DIRECT_ACTIF","A_QUALIFIER","NOM_OU_ALIAS_EXACT_CANDIDAT","cmtkdvv5c1ryunf2b97b3chj5","Figaret","NON","2","2","0","0","-8","NON_PERIMETRES_ET_FRAICHEUR_A_ATTESTER","figaret.com","figaret:RETIRED","","","ATS_HINT_REVIEW_REQUIRED","https://www.welcometothejungle.com/fr/companies/figaret","https://figaret.com/","","","NON_CERTIFIE_PAR_CETTE_RECHERCHE","","Retrouver puis prouver le portail officiel; vérifier aussi les groupes et alias"
"GROUPE GALERIES LAFAYETTE","8","https://fr.fashionjobs.com/recrutement/groupe-galeries-lafayette.html","SOURCE_DIRECTE_CATALOGUEE_A_CERTIFIER","A_QUALIFIER","REGLE_CANONIQUE_CANDIDATE","cmtjwevud09phld2b3dd13ehg","Galeries Lafayette","NON","165","161","161","4","153","NON_PERIMETRES_ET_FRAICHEUR_A_ATTESTER","groupegalerieslafayette.com","galeries-lafayette:ACTIVE","galeries-lafayette","","WEBSITE_UNREADABLE","","","","","NON_CERTIFIE_PAR_CETTE_RECHERCHE","","Certifier identité, attribution et complétude de la source existante"
"ONLY STORES FRANCE","8","https://fr.fashionjobs.com/recrutement/only-stores-france.html","COMPANY_PRESENTE_SANS_DIRECT_IDENTIFIE","A_QUALIFIER","NOM_OU_ALIAS_EXACT_CANDIDAT","cmtkdvucs1rn0nf2bc64zqrgw","ONLY STORES FRANCE","NON","0","0","0","0","-8","NON_PERIMETRES_ET_FRAICHEUR_A_ATTESTER","","","","","NO_WEBSITE_IN_PROFILE_OR_PROFILE_UNREADABLE","","","","","NON_CERTIFIE_PAR_CETTE_RECHERCHE","","Retrouver puis prouver le portail officiel; vérifier aussi les groupes et alias"
"PRONOVIAS","8","https://fr.fashionjobs.com/recrutement/pronovias.html","SOURCE_DIRECTE_CATALOGUEE_A_CERTIFIER","A_QUALIFIER","NOM_OU_ALIAS_EXACT_CANDIDAT","cmtlyj52707cbqf5kakmthuio","Pronovias","NON","35","9","9","0","1","NON_PERIMETRES_ET_FRAICHEUR_A_ATTESTER","pronovias.com","pronovias:ACTIVE","pronovias","","CAREER_LINKS_OBSERVED_REVIEW_REQUIRED","https://careers.pronovias.com/en | https://careers.pronovias.com/en/jobs | https://careers.pronovias.com/sso_login | https://careers.pronovias.com/en/connect/login | https://careers.pronovias.com/en/connect | https://careers.pronovias.com/en#jobs | https://careers.pronovias.com/en/jobs/8159728-retail-area-manager-france | https://careers.pronovias.com/en/jobs/6557214-assistant-store-manager | https://careers.pronovias.com/en/jobs/6155794-bridal-sales-consultant | https://careers.pronovias.com/fr | https://careers.pronovias.com/it | https://careers.pronovias.com/pl | https://careers.pronovias.com/pt | https://careers.pronovias.com/ | https://www.teamtailor.com/ | https://careers.pronovias.com/jobs | https://careers.pronovias.com/connect/login | https://careers.pronovias.com/connect | https://careers.pronovias.com/#jobs | https://careers.pronovias.com/jobs/8333984-merchandising-pricing-trainee | https://careers.pronovias.com/jobs/8333845-recepcionista-front-desk | https://careers.pronovias.com/jobs/8333454-asesor-a-de-ventas-moda-nupcial-contrato-temporal | https://careers.pronovias.com/jobs/8333280-asesor-a-de-ventas-moda-nupcial-contrato-temporal | https://careers.pronovias.com/jobs/8333250-asesor-a-de-ventas-moda-nupcial-contrato-temporal","https://www.pronovias.com/","","","NON_CERTIFIE_PAR_CETTE_RECHERCHE","","Certifier identité, attribution et complétude de la source existante"
"A.P.C.","7","https://fr.fashionjobs.com/recrutement/a-p-c-.html","SOURCE_CATALOGUEE_SANS_DIRECT_ACTIF","A_QUALIFIER","NOM_OU_ALIAS_EXACT_CANDIDAT","cmtkdvwgc1sednf2bnfwm5tv7","A.P.C.","NON","22","22","0","0","-7","NON_PERIMETRES_ET_FRAICHEUR_A_ATTESTER","apc.fr","a-p-c:PAUSED","","","CAREER_LINKS_OBSERVED_REVIEW_REQUIRED","https://www.apc.fr/pages/nous-rejoindre | https://www.welcometothejungle.com/fr/companies/a-p-c/jobs | https://www.apcstore.com/pages/nous-rejoindre | https://www.apcstore.de/pages/nous-rejoindre | https://www.apcstore.co.uk/pages/nous-rejoindre | https://www.apcstore.dk/pages/nous-rejoindre","https://www.apc.fr/","","","NON_CERTIFIE_PAR_CETTE_RECHERCHE","","Retrouver puis prouver le portail officiel; vérifier aussi les groupes et alias"
"BALIBARIS","7","https://fr.fashionjobs.com/recrutement/balibaris.html","AUCUN_RAPPROCHEMENT_ETABLI","A_QUALIFIER","AUCUNE","","","NON","0","0","0","0","","NON_PERIMETRES_ET_FRAICHEUR_A_ATTESTER","","","","","NO_CAREER_LINK_FOUND_ON_PAGES_READ","https://balibaris-career.softy.pro/offres","https://www.balibaris.com/","","","NON_CERTIFIE_PAR_CETTE_RECHERCHE","","Retrouver puis prouver le portail officiel; vérifier aussi les groupes et alias"
"CABAIA","7","https://fr.fashionjobs.com/recrutement/cabaia.html","SOURCE_DIRECTE_CATALOGUEE_A_CERTIFIER","A_QUALIFIER","NOM_OU_ALIAS_EXACT_CANDIDAT","cmtlyg0wt01d5qf5k13fihscd","CABAIA","NON","8","8","7","0","0","NON_PERIMETRES_ET_FRAICHEUR_A_ATTESTER","cabaia.com","cabaia:ACTIVE","cabaia","","NO_CAREER_LINK_FOUND_ON_PAGES_READ","","https://cabaia.com/","","","NON_CERTIFIE_PAR_CETTE_RECHERCHE","","Certifier identité, attribution et complétude de la source existante"
"COMPTOIR DES COTONNIERS","7","https://fr.fashionjobs.com/recrutement/comptoir-des-cotonniers.html","COMPANY_PRESENTE_SANS_DIRECT_IDENTIFIE","A_QUALIFIER","NOM_OU_ALIAS_EXACT_CANDIDAT","cmtkdvvws1s8pnf2bwla95cz7","COMPTOIR DES COTONNIERS","NON","0","0","0","0","-7","NON_PERIMETRES_ET_FRAICHEUR_A_ATTESTER","comptoirdescotonniers.com","","","","CAREER_LINKS_OBSERVED_REVIEW_REQUIRED","https://www.comptoirdescotonniers.com/fr/recrutement-c346.html","https://www.comptoirdescotonniers.com/","","","NON_CERTIFIE_PAR_CETTE_RECHERCHE","","Retrouver puis prouver le portail officiel; vérifier aussi les groupes et alias"
"DEVRED SAS","7","https://fr.fashionjobs.com/recrutement/devred-sas.html","AUCUN_RAPPROCHEMENT_ETABLI","A_QUALIFIER","AUCUNE","","","NON","0","0","0","0","","NON_PERIMETRES_ET_FRAICHEUR_A_ATTESTER","","","","","NO_WEBSITE_IN_PROFILE_OR_PROFILE_UNREADABLE","","","","","NON_CERTIFIE_PAR_CETTE_RECHERCHE","","Retrouver puis prouver le portail officiel; vérifier aussi les groupes et alias"
"FAGUO","7","https://fr.fashionjobs.com/recrutement/faguo.html","SOURCE_DIRECTE_CATALOGUEE_A_CERTIFIER","A_QUALIFIER","NOM_OU_ALIAS_EXACT_CANDIDAT","cmtlyghjc01zzqf5k2a95m27g","Faguo","NON","10","7","7","0","0","NON_PERIMETRES_ET_FRAICHEUR_A_ATTESTER","faguo-store.com","faguo:ACTIVE","faguo","","CAREER_LINKS_OBSERVED_REVIEW_REQUIRED","https://carriere.faguo-store.com/","https://faguo-store.com/","","","NON_CERTIFIE_PAR_CETTE_RECHERCHE","","Certifier identité, attribution et complétude de la source existante"
"IRO","7","https://fr.fashionjobs.com/recrutement/iro.html","COMPANY_PRESENTE_SANS_DIRECT_IDENTIFIE","A_QUALIFIER","NOM_OU_ALIAS_EXACT_CANDIDAT","cmtkdvudb1rn8nf2b54by8ci1","IRO","NON","0","0","0","0","-7","NON_PERIMETRES_ET_FRAICHEUR_A_ATTESTER","iroparis.com","","","","NO_CAREER_LINK_FOUND_ON_PAGES_READ","","https://www.iroparis.com/fr/home","","","NON_CERTIFIE_PAR_CETTE_RECHERCHE","","Retrouver puis prouver le portail officiel; vérifier aussi les groupes et alias"
"KS BEAUTE","7","https://fr.fashionjobs.com/recrutement/ks-beaute.html","COMPANY_PRESENTE_SANS_DIRECT_IDENTIFIE","A_QUALIFIER","NOM_OU_ALIAS_EXACT_CANDIDAT","cmtkdw47h1upbnf2bt71uf8nq","KS BEAUTE","NON","0","0","0","0","-7","NON_PERIMETRES_ET_FRAICHEUR_A_ATTESTER","","","","","NO_WEBSITE_IN_PROFILE_OR_PROFILE_UNREADABLE","","","","","NON_CERTIFIE_PAR_CETTE_RECHERCHE","","Retrouver puis prouver le portail officiel; vérifier aussi les groupes et alias"
"MAISON KITSUNÉ","7","https://fr.fashionjobs.com/recrutement/maison-kitsune.html","SOURCE_CATALOGUEE_SANS_DIRECT_ACTIF","A_QUALIFIER","NOM_OU_ALIAS_EXACT_CANDIDAT","cmtk1x0yj005anv2bh3cj5lcq","MAISON KITSUNÉ","NON","9","9","0","0","-7","NON_PERIMETRES_ET_FRAICHEUR_A_ATTESTER","maisonkitsune.com","maison-kitsune:RETIRED","","","CAREER_LINKS_OBSERVED_REVIEW_REQUIRED","https://maisonkitsune.com/mk/fr/nous-recherchons/ | https://maisonkitsune.com/mk/job-opportunity/ | https://maisonkitsune.com/mk/jp/job-opportunity-2/ | https://maisonkitsune.com/mk/us/job-opportunity-4/","https://maisonkitsune.com/fr/","","","NON_CERTIFIE_PAR_CETTE_RECHERCHE","","Retrouver puis prouver le portail officiel; vérifier aussi les groupes et alias"
"POLENE","7","https://fr.fashionjobs.com/recrutement/polene.html","SOURCE_DIRECTE_CATALOGUEE_A_CERTIFIER","A_QUALIFIER","NOM_OU_ALIAS_EXACT_CANDIDAT","cmtk01dhf0000kc47k44sukf3","POLÈNE","NON","79","46","46","0","39","NON_PERIMETRES_ET_FRAICHEUR_A_ATTESTER","polene-paris.com","polene:ACTIVE","polene","","NO_CAREER_LINK_FOUND_ON_PAGES_READ","","https://polene-paris.com/","","","NON_CERTIFIE_PAR_CETTE_RECHERCHE","","Certifier identité, attribution et complétude de la source existante"
"PRADA","7","https://fr.fashionjobs.com/recrutement/prada.html","COMPANY_PRESENTE_SANS_DIRECT_IDENTIFIE","A_QUALIFIER","NOM_OU_ALIAS_EXACT_CANDIDAT","cmtp8686e3rh3qq4z7tykspax","PRADA","NON","2","2","0","0","-7","NON_PERIMETRES_ET_FRAICHEUR_A_ATTESTER","pradagroup.com","","","","WEBSITE_UNREADABLE","","","","","NON_CERTIFIE_PAR_CETTE_RECHERCHE","","Retrouver puis prouver le portail officiel; vérifier aussi les groupes et alias"
"WILD ROSE & SPARROW","7","https://fr.fashionjobs.com/recrutement/wild-rose-sparrow.html","AUCUN_RAPPROCHEMENT_ETABLI","A_QUALIFIER","AUCUNE","","","NON","0","0","0","0","","NON_PERIMETRES_ET_FRAICHEUR_A_ATTESTER","","","","","NO_WEBSITE_IN_PROFILE_OR_PROFILE_UNREADABLE","","","","","NON_CERTIFIE_PAR_CETTE_RECHERCHE","","Retrouver puis prouver le portail officiel; vérifier aussi les groupes et alias"
"ADIDAS","6","https://fr.fashionjobs.com/recrutement/adidas.html","SOURCE_DIRECTE_CATALOGUEE_A_CERTIFIER","A_QUALIFIER","NOM_OU_ALIAS_EXACT_CANDIDAT","cmtkdvv771rzinf2b3bt9vqu4","adidas","NON","1106","52","52","1","46","NON_PERIMETRES_ET_FRAICHEUR_A_ATTESTER","adidas-group.com","adidas:ACTIVE","adidas","","WEBSITE_UNREADABLE","","","","","NON_CERTIFIE_PAR_CETTE_RECHERCHE","","Certifier identité, attribution et complétude de la source existante"
"ARLETTIE","6","https://fr.fashionjobs.com/recrutement/arlettie.html","COMPANY_PRESENTE_SANS_DIRECT_IDENTIFIE","A_QUALIFIER","NOM_OU_ALIAS_EXACT_CANDIDAT","cmtkdvugw1rofnf2b1b13rupe","ARLETTIE","NON","0","0","0","0","-6","NON_PERIMETRES_ET_FRAICHEUR_A_ATTESTER","arlettie.com","","","","WEBSITE_UNREADABLE","","","","","NON_CERTIFIE_PAR_CETTE_RECHERCHE","","Retrouver puis prouver le portail officiel; vérifier aussi les groupes et alias"
"AXENTIA","6","https://fr.fashionjobs.com/recrutement/axentia.html","COMPANY_PRESENTE_SANS_DIRECT_IDENTIFIE","A_QUALIFIER","NOM_OU_ALIAS_EXACT_CANDIDAT","cmtkdvzxf1td4nf2bna3s85fp","AXENTIA","NON","1","1","0","0","-6","NON_PERIMETRES_ET_FRAICHEUR_A_ATTESTER","","","","","NO_WEBSITE_IN_PROFILE_OR_PROFILE_UNREADABLE","","","","","NON_CERTIFIE_PAR_CETTE_RECHERCHE","","Retrouver puis prouver le portail officiel; vérifier aussi les groupes et alias"
"BALZAC PARIS","6","https://fr.fashionjobs.com/recrutement/balzac-paris.html","COMPANY_PRESENTE_SANS_DIRECT_IDENTIFIE","A_QUALIFIER","NOM_OU_ALIAS_EXACT_CANDIDAT","cmtpysj9l00e13ncqrmgfrbo0","Balzac Paris","NON","21","19","0","0","-6","NON_PERIMETRES_ET_FRAICHEUR_A_ATTESTER","balzac-paris.fr","","","","WEBSITE_UNREADABLE","","","","","NON_CERTIFIE_PAR_CETTE_RECHERCHE","","Retrouver puis prouver le portail officiel; vérifier aussi les groupes et alias"
"BONOBO","6","https://fr.fashionjobs.com/recrutement/bonobo.html","SOURCE_DIRECTE_CATALOGUEE_A_CERTIFIER","A_QUALIFIER","NOM_OU_ALIAS_EXACT_CANDIDAT","cmtm7ucrz10yjpv5jxyca11id","Bonobo","NON","44","44","44","0","38","NON_PERIMETRES_ET_FRAICHEUR_A_ATTESTER","bonoboplanet.com","","element-6","","WEBSITE_UNREADABLE","","","","","NON_CERTIFIE_PAR_CETTE_RECHERCHE","","Certifier identité, attribution et complétude de la source existante"
"DINH VAN","6","https://fr.fashionjobs.com/recrutement/dinh-van.html","COMPANY_PRESENTE_SANS_DIRECT_IDENTIFIE","A_QUALIFIER","NOM_OU_ALIAS_EXACT_CANDIDAT","cmtkdvxw01su3nf2but3bkw0q","DINH VAN","NON","1","1","0","0","-6","NON_PERIMETRES_ET_FRAICHEUR_A_ATTESTER","","","","","WEBSITE_UNREADABLE","","","","","NON_CERTIFIE_PAR_CETTE_RECHERCHE","","Retrouver puis prouver le portail officiel; vérifier aussi les groupes et alias"
"LOUIS PION","6","https://fr.fashionjobs.com/recrutement/louis-pion.html","AUCUN_RAPPROCHEMENT_ETABLI","A_QUALIFIER","AUCUNE","","","NON","0","0","0","0","","NON_PERIMETRES_ET_FRAICHEUR_A_ATTESTER","","","","","WEBSITE_UNREADABLE","","","","","NON_CERTIFIE_PAR_CETTE_RECHERCHE","","Retrouver puis prouver le portail officiel; vérifier aussi les groupes et alias"
"MOLLY BRACKEN","6","https://fr.fashionjobs.com/recrutement/molly-bracken.html","COMPANY_PRESENTE_SANS_DIRECT_IDENTIFIE","A_QUALIFIER","NOM_OU_ALIAS_EXACT_CANDIDAT","cmtkdvujt1rpvnf2bgiok2qi8","MOLLY BRACKEN","NON","0","0","0","0","-6","NON_PERIMETRES_ET_FRAICHEUR_A_ATTESTER","mollybracken.com","","","","WEBSITE_UNREADABLE","","","","","NON_CERTIFIE_PAR_CETTE_RECHERCHE","","Retrouver puis prouver le portail officiel; vérifier aussi les groupes et alias"
"PERSONAL SELLER PARIS","6","https://fr.fashionjobs.com/recrutement/personal-seller-paris.html","COMPANY_PRESENTE_SANS_DIRECT_IDENTIFIE","A_QUALIFIER","NOM_OU_ALIAS_EXACT_CANDIDAT","cmtkdvut11rtxnf2bbx2stelb","PERSONAL SELLER PARIS","NON","0","0","0","0","-6","NON_PERIMETRES_ET_FRAICHEUR_A_ATTESTER","","","","","NO_WEBSITE_IN_PROFILE_OR_PROFILE_UNREADABLE","","","","","NON_CERTIFIE_PAR_CETTE_RECHERCHE","","Retrouver puis prouver le portail officiel; vérifier aussi les groupes et alias"
"RIM PARFUM","6","https://fr.fashionjobs.com/recrutement/rim-parfum.html","COMPANY_PRESENTE_SANS_DIRECT_IDENTIFIE","A_QUALIFIER","NOM_OU_ALIAS_EXACT_CANDIDAT","cmtp8696z3rquqq4zlhwfc365","RIM PARFUM","NON","6","6","0","0","-6","NON_PERIMETRES_ET_FRAICHEUR_A_ATTESTER","","","","","NO_WEBSITE_IN_PROFILE_OR_PROFILE_UNREADABLE","","","","","NON_CERTIFIE_PAR_CETTE_RECHERCHE","","Retrouver puis prouver le portail officiel; vérifier aussi les groupes et alias"
"360 TALENT LONDON","5","https://fr.fashionjobs.com/recrutement/360-talent-london.html","COMPANY_PRESENTE_SANS_DIRECT_IDENTIFIE","A_QUALIFIER","NOM_OU_ALIAS_EXACT_CANDIDAT","cmtkdw0aw1tgrnf2bke9mhl7g","360 TALENT LONDON","NON","2","2","0","0","-5","NON_PERIMETRES_ET_FRAICHEUR_A_ATTESTER","360talentlondon.com","","","","WEBSITE_UNREADABLE","","","","","NON_CERTIFIE_PAR_CETTE_RECHERCHE","","Retrouver puis prouver le portail officiel; vérifier aussi les groupes et alias"
"ARLETTIE PARIS","5","https://fr.fashionjobs.com/recrutement/arlettie-paris.html","COMPANY_PRESENTE_SANS_DIRECT_IDENTIFIE","A_QUALIFIER","NOM_OU_ALIAS_EXACT_CANDIDAT","cmtkdvwyi1sjpnf2bh2d43ha5","ARLETTIE PARIS","NON","2","2","0","0","-5","NON_PERIMETRES_ET_FRAICHEUR_A_ATTESTER","arlettie.com","","","","WEBSITE_UNREADABLE","","","","","NON_CERTIFIE_PAR_CETTE_RECHERCHE","","Retrouver puis prouver le portail officiel; vérifier aussi les groupes et alias"
"BALENCIAGA S.A.S.","5","https://fr.fashionjobs.com/recrutement/balenciaga-s-a-s-.html","SOURCE_DIRECTE_CATALOGUEE_A_CERTIFIER","A_QUALIFIER","REGLE_CANONIQUE_CANDIDATE","cmtpukur529bgl35m0lsirz9b","Balenciaga","NON","139","32","32","0","27","NON_PERIMETRES_ET_FRAICHEUR_A_ATTESTER","balenciaga.com","","kering","","WEBSITE_UNREADABLE","","","","","NON_CERTIFIE_PAR_CETTE_RECHERCHE","","Certifier identité, attribution et complétude de la source existante"
"BANANA MOON","5","https://fr.fashionjobs.com/recrutement/banana-moon.html","COMPANY_PRESENTE_SANS_DIRECT_IDENTIFIE","A_QUALIFIER","NOM_OU_ALIAS_EXACT_CANDIDAT","cmtkdvv3x1ry6nf2b2zoo462c","BANANA MOON","NON","0","0","0","0","-5","NON_PERIMETRES_ET_FRAICHEUR_A_ATTESTER","","","","","WEBSITE_UNREADABLE","","","","","NON_CERTIFIE_PAR_CETTE_RECHERCHE","","Retrouver puis prouver le portail officiel; vérifier aussi les groupes et alias"
"BERENICE","5","https://fr.fashionjobs.com/recrutement/berenice.html","COMPANY_PRESENTE_SANS_DIRECT_IDENTIFIE","A_QUALIFIER","NOM_OU_ALIAS_EXACT_CANDIDAT","cmtkdvwa01scqnf2bnomlnaix","BERENICE","NON","0","0","0","0","-5","NON_PERIMETRES_ET_FRAICHEUR_A_ATTESTER","berenice.net","","","","NO_CAREER_LINK_FOUND_ON_PAGES_READ","","https://berenice.net/fr/","","","NON_CERTIFIE_PAR_CETTE_RECHERCHE","","Retrouver puis prouver le portail officiel; vérifier aussi les groupes et alias"
"BULGARI","5","https://fr.fashionjobs.com/recrutement/bulgari.html","SOURCE_DIRECTE_CATALOGUEE_A_CERTIFIER","A_QUALIFIER","NOM_OU_ALIAS_EXACT_CANDIDAT","cmtk48ejw1bzgny2bkqrqp6dp","Bulgari","NON","112","9","9","0","4","NON_PERIMETRES_ET_FRAICHEUR_A_ATTESTER","bulgari.com","","lvmh","","WEBSITE_UNREADABLE","","","","","NON_CERTIFIE_PAR_CETTE_RECHERCHE","","Certifier identité, attribution et complétude de la source existante"
"DJULA","5","https://fr.fashionjobs.com/recrutement/djula.html","COMPANY_PRESENTE_SANS_DIRECT_IDENTIFIE","A_QUALIFIER","NOM_OU_ALIAS_EXACT_CANDIDAT","cmtkdw0g31tilnf2b8781vbza","DJULA","NON","5","5","0","0","-5","NON_PERIMETRES_ET_FRAICHEUR_A_ATTESTER","djula.fr","","","","NO_CAREER_LINK_FOUND_ON_PAGES_READ","","https://djula.fr/","","","NON_CERTIFIE_PAR_CETTE_RECHERCHE","","Retrouver puis prouver le portail officiel; vérifier aussi les groupes et alias"
"GROUPE ETAM","5","https://fr.fashionjobs.com/recrutement/groupe-etam.html","SOURCE_DIRECTE_CATALOGUEE_A_CERTIFIER","A_QUALIFIER","REGLE_CANONIQUE_CANDIDATE","cmtk21s720aa5nv2byuid9uwb","Etam","NON","241","152","152","1","147","NON_PERIMETRES_ET_FRAICHEUR_A_ATTESTER","groupeetam.com","etam:ACTIVE","etam","","WEBSITE_UNREADABLE","","","","","NON_CERTIFIE_PAR_CETTE_RECHERCHE","","Certifier identité, attribution et complétude de la source existante"
"LE PALAIS DES THÉS","5","https://fr.fashionjobs.com/recrutement/le-palais-des-thes.html","COMPANY_PRESENTE_SANS_DIRECT_IDENTIFIE","A_QUALIFIER","NOM_OU_ALIAS_EXACT_CANDIDAT","cmtkdvxbf1sn6nf2b5o6qvo6c","LE PALAIS DES THÉS","NON","0","0","0","0","-5","NON_PERIMETRES_ET_FRAICHEUR_A_ATTESTER","palaisdesthes.com","","","","WEBSITE_UNREADABLE","","","","","NON_CERTIFIE_PAR_CETTE_RECHERCHE","","Retrouver puis prouver le portail officiel; vérifier aussi les groupes et alias"
"MERCI","5","https://fr.fashionjobs.com/recrutement/merci.html","COMPANY_PRESENTE_SANS_DIRECT_IDENTIFIE","A_QUALIFIER","NOM_OU_ALIAS_EXACT_CANDIDAT","cmtnac1b62shqqq5lbyiyzfd1","MERCI","NON","0","0","0","0","-5","NON_PERIMETRES_ET_FRAICHEUR_A_ATTESTER","merci-merci.com","","","","WEBSITE_UNREADABLE","","","","","NON_CERTIFIE_PAR_CETTE_RECHERCHE","","Retrouver puis prouver le portail officiel; vérifier aussi les groupes et alias"
"MINIMEPARIS","5","https://fr.fashionjobs.com/recrutement/minimeparis.html","COMPANY_PRESENTE_SANS_DIRECT_IDENTIFIE","A_QUALIFIER","NOM_OU_ALIAS_EXACT_CANDIDAT","cmtkdvydr1szwnf2b9lkp3v4c","MINIMEPARIS","NON","5","5","0","0","-5","NON_PERIMETRES_ET_FRAICHEUR_A_ATTESTER","","","","","NO_WEBSITE_IN_PROFILE_OR_PROFILE_UNREADABLE","","","","","NON_CERTIFIE_PAR_CETTE_RECHERCHE","","Retrouver puis prouver le portail officiel; vérifier aussi les groupes et alias"
"MODELOR SERVICE","5","https://fr.fashionjobs.com/recrutement/modelor-service.html","COMPANY_PRESENTE_SANS_DIRECT_IDENTIFIE","A_QUALIFIER","NOM_OU_ALIAS_EXACT_CANDIDAT","cmtp869213rpfqq4zz8l0wssq","MODELOR SERVICE","NON","3","3","0","0","-5","NON_PERIMETRES_ET_FRAICHEUR_A_ATTESTER","modelor.fr","","","","WEBSITE_UNREADABLE","","","","","NON_CERTIFIE_PAR_CETTE_RECHERCHE","","Retrouver puis prouver le portail officiel; vérifier aussi les groupes et alias"
"PACO RABANNE MODE","5","https://fr.fashionjobs.com/recrutement/paco-rabanne-mode.html","COMPANY_PRESENTE_SANS_DIRECT_IDENTIFIE","A_QUALIFIER","NOM_OU_ALIAS_EXACT_CANDIDAT","cmtkdvxx41sufnf2b1rgv1kd1","PACO RABANNE MODE","NON","2","2","0","0","-5","NON_PERIMETRES_ET_FRAICHEUR_A_ATTESTER","","","","","NO_WEBSITE_IN_PROFILE_OR_PROFILE_UNREADABLE","","","","","NON_CERTIFIE_PAR_CETTE_RECHERCHE","","Retrouver puis prouver le portail officiel; vérifier aussi les groupes et alias"
"PROJECT X PARIS","5","https://fr.fashionjobs.com/recrutement/project-x-paris.html","COMPANY_PRESENTE_SANS_DIRECT_IDENTIFIE","A_QUALIFIER","NOM_OU_ALIAS_EXACT_CANDIDAT","cmtkdvw4j1sannf2bmoef4bim","PROJECT X PARIS","NON","0","0","0","0","-5","NON_PERIMETRES_ET_FRAICHEUR_A_ATTESTER","","","","","WEBSITE_UNREADABLE","","","","","NON_CERTIFIE_PAR_CETTE_RECHERCHE","","Retrouver puis prouver le portail officiel; vérifier aussi les groupes et alias"
"PUMA","5","https://fr.fashionjobs.com/recrutement/puma.html","AUCUN_RAPPROCHEMENT_ETABLI","A_QUALIFIER","AUCUNE","","","NON","0","0","0","0","","NON_PERIMETRES_ET_FRAICHEUR_A_ATTESTER","","","","","CAREER_LINKS_OBSERVED_REVIEW_REQUIRED","https://about.puma.com/en/careers","https://za.puma.com/","","","NON_CERTIFIE_PAR_CETTE_RECHERCHE","","Retrouver puis prouver le portail officiel; vérifier aussi les groupes et alias"
"ROUJE","5","https://fr.fashionjobs.com/recrutement/rouje.html","COMPANY_PRESENTE_SANS_DIRECT_IDENTIFIE","A_QUALIFIER","NOM_OU_ALIAS_EXACT_CANDIDAT","cmtkdvuoc1rrpnf2b0f8dunsp","ROUJE","NON","0","0","0","0","-5","NON_PERIMETRES_ET_FRAICHEUR_A_ATTESTER","","","","","NO_CAREER_LINK_FOUND_ON_PAGES_READ","https://www.rouje.com/pages/marque-employeur","https://www.rouje.com/","","","NON_CERTIFIE_PAR_CETTE_RECHERCHE","","Retrouver puis prouver le portail officiel; vérifier aussi les groupes et alias"
"SERGENT MAJOR","5","https://fr.fashionjobs.com/recrutement/sergent-major.html","AUCUN_RAPPROCHEMENT_ETABLI","A_QUALIFIER","AUCUNE","","","NON","0","0","0","0","","NON_PERIMETRES_ET_FRAICHEUR_A_ATTESTER","","","","","CAREER_LINKS_OBSERVED_REVIEW_REQUIRED","https://www.groupe-gpe.com/nous-rejoindre/","https://en.sergent-major.com/","","","NON_CERTIFIE_PAR_CETTE_RECHERCHE","","Retrouver puis prouver le portail officiel; vérifier aussi les groupes et alias"
"WINNING SEARCH","5","https://fr.fashionjobs.com/recrutement/winning-search.html","COMPANY_PRESENTE_SANS_DIRECT_IDENTIFIE","A_QUALIFIER","NOM_OU_ALIAS_EXACT_CANDIDAT","cmtkdw3ek1ugmnf2b0qrb3rix","WINNING SEARCH","NON","0","0","0","0","-5","NON_PERIMETRES_ET_FRAICHEUR_A_ATTESTER","","","","","NO_WEBSITE_IN_PROFILE_OR_PROFILE_UNREADABLE","","","","","NON_CERTIFIE_PAR_CETTE_RECHERCHE","","Retrouver puis prouver le portail officiel; vérifier aussi les groupes et alias"
"ZMIROV COMMUNICATION","5","https://fr.fashionjobs.com/recrutement/zmirov-communication.html","AUCUN_RAPPROCHEMENT_ETABLI","A_QUALIFIER","AUCUNE","","","NON","0","0","0","0","","NON_PERIMETRES_ET_FRAICHEUR_A_ATTESTER","","","","","NO_WEBSITE_IN_PROFILE_OR_PROFILE_UNREADABLE","","","","","NON_CERTIFIE_PAR_CETTE_RECHERCHE","","Retrouver puis prouver le portail officiel; vérifier aussi les groupes et alias"
"ASPHALTE","4","https://fr.fashionjobs.com/recrutement/asphalte.html","SOURCE_CATALOGUEE_SANS_DIRECT_ACTIF","A_QUALIFIER","NOM_OU_ALIAS_EXACT_CANDIDAT","cmtk1x2e5009znv2bt1564w1s","Asphalte","NON","12","12","0","0","-4","NON_PERIMETRES_ET_FRAICHEUR_A_ATTESTER","asphalte.com","asphalte:RETIRED","","","WEBSITE_UNREADABLE","","","","","NON_CERTIFIE_PAR_CETTE_RECHERCHE","","Retrouver puis prouver le portail officiel; vérifier aussi les groupes et alias"
"ATELIER DIANA MARTINEZ","4","https://fr.fashionjobs.com/recrutement/atelier-diana-martinez.html","COMPANY_PRESENTE_SANS_DIRECT_IDENTIFIE","A_QUALIFIER","NOM_OU_ALIAS_EXACT_CANDIDAT","cmtp868ys3rnvqq4z7cf8do74","ATELIER DIANA MARTINEZ","NON","1","1","0","0","-4","NON_PERIMETRES_ET_FRAICHEUR_A_ATTESTER","","","","","NO_WEBSITE_IN_PROFILE_OR_PROFILE_UNREADABLE","","","","","NON_CERTIFIE_PAR_CETTE_RECHERCHE","","Retrouver puis prouver le portail officiel; vérifier aussi les groupes et alias"
"AZZEDINE ALAIA","4","https://fr.fashionjobs.com/recrutement/azzedine-alaia.html","COMPANY_PRESENTE_SANS_DIRECT_IDENTIFIE","A_QUALIFIER","NOM_OU_ALIAS_EXACT_CANDIDAT","cmtkdvuoz1rs1nf2bqrva17su","AZZEDINE ALAIA","NON","0","0","0","0","-4","NON_PERIMETRES_ET_FRAICHEUR_A_ATTESTER","maison-alaia.com","","","","WEBSITE_UNREADABLE","","","","","NON_CERTIFIE_PAR_CETTE_RECHERCHE","","Retrouver puis prouver le portail officiel; vérifier aussi les groupes et alias"
"BREAL","4","https://fr.fashionjobs.com/recrutement/breal.html","SOURCE_DIRECTE_CATALOGUEE_A_CERTIFIER","A_QUALIFIER","NOM_OU_ALIAS_EXACT_CANDIDAT","cmtm7ud191117pv5jj1qug7bf","Bréal","NON","11","11","11","0","7","NON_PERIMETRES_ET_FRAICHEUR_A_ATTESTER","breal.net","","element-6","","NO_CAREER_LINK_FOUND_ON_PAGES_READ","https://www.groupe-beaumanoir.com/nos-offres","https://breal.net/","","","NON_CERTIFIE_PAR_CETTE_RECHERCHE","","Certifier identité, attribution et complétude de la source existante"
"CHILDREN WORLDWIDE FASHION C.W.F","4","https://fr.fashionjobs.com/recrutement/children-worldwide-fashion-c-w-f.html","COMPANY_PRESENTE_SANS_DIRECT_IDENTIFIE","A_QUALIFIER","NOM_OU_ALIAS_EXACT_CANDIDAT","cmtkdvzna1t9vnf2bsx57k9p4","CHILDREN WORLDWIDE FASHION C.W.F","NON","3","3","0","0","-4","NON_PERIMETRES_ET_FRAICHEUR_A_ATTESTER","cwf.fr","","","","WEBSITE_UNREADABLE","","","","","NON_CERTIFIE_PAR_CETTE_RECHERCHE","","Retrouver puis prouver le portail officiel; vérifier aussi les groupes et alias"
"COLTESSE","4","https://fr.fashionjobs.com/recrutement/coltesse.html","COMPANY_PRESENTE_SANS_DIRECT_IDENTIFIE","A_QUALIFIER","NOM_OU_ALIAS_EXACT_CANDIDAT","cmtkdw2mh1u6vnf2bv8y3qxhq","COLTESSE","NON","0","0","0","0","-4","NON_PERIMETRES_ET_FRAICHEUR_A_ATTESTER","","","","","NO_WEBSITE_IN_PROFILE_OR_PROFILE_UNREADABLE","","","","","NON_CERTIFIE_PAR_CETTE_RECHERCHE","","Retrouver puis prouver le portail officiel; vérifier aussi les groupes et alias"
"DE GABOR PARIS","4","https://fr.fashionjobs.com/recrutement/de-gabor-paris.html","COMPANY_PRESENTE_SANS_DIRECT_IDENTIFIE","A_QUALIFIER","NOM_OU_ALIAS_EXACT_CANDIDAT","cmtkdvuku1rqbnf2beqvrwzz5","DE GABOR PARIS","NON","0","0","0","0","-4","NON_PERIMETRES_ET_FRAICHEUR_A_ATTESTER","","","","","NO_WEBSITE_IN_PROFILE_OR_PROFILE_UNREADABLE","","","","","NON_CERTIFIE_PAR_CETTE_RECHERCHE","","Retrouver puis prouver le portail officiel; vérifier aussi les groupes et alias"
"DIPTYQUE","4","https://fr.fashionjobs.com/recrutement/diptyque.html","SOURCE_DIRECTE_CATALOGUEE_A_CERTIFIER","A_QUALIFIER","NOM_OU_ALIAS_EXACT_CANDIDAT","cmtk1xe9n01a0nv2b2p3qyil0","Diptyque","NON","153","34","34","1","30","NON_PERIMETRES_ET_FRAICHEUR_A_ATTESTER","diptyqueparis.com","diptyque:RETIRED | diptyque-workday:ACTIVE","diptyque-workday","","WEBSITE_UNREADABLE","","","","","NON_CERTIFIE_PAR_CETTE_RECHERCHE","","Certifier identité, attribution et complétude de la source existante"
"EMILY MODELS","4","https://fr.fashionjobs.com/recrutement/emily-models.html","COMPANY_PRESENTE_SANS_DIRECT_IDENTIFIE","A_QUALIFIER","NOM_OU_ALIAS_EXACT_CANDIDAT","cmtkdvvgw1s38nf2bswuqrmt3","EMILY MODELS","NON","0","0","0","0","-4","NON_PERIMETRES_ET_FRAICHEUR_A_ATTESTER","","","","","NO_WEBSITE_IN_PROFILE_OR_PROFILE_UNREADABLE","","","","","NON_CERTIFIE_PAR_CETTE_RECHERCHE","","Retrouver puis prouver le portail officiel; vérifier aussi les groupes et alias"
"FRENCH BLOOM","4","https://fr.fashionjobs.com/recrutement/french-bloom.html","AUCUN_RAPPROCHEMENT_ETABLI","A_QUALIFIER","AUCUNE","","","NON","0","0","0","0","","NON_PERIMETRES_ET_FRAICHEUR_A_ATTESTER","","","","","NO_WEBSITE_IN_PROFILE_OR_PROFILE_UNREADABLE","","","","","NON_CERTIFIE_PAR_CETTE_RECHERCHE","","Retrouver puis prouver le portail officiel; vérifier aussi les groupes et alias"
"GEMMYO","4","https://fr.fashionjobs.com/recrutement/gemmyo.html","AUCUN_RAPPROCHEMENT_ETABLI","A_QUALIFIER","AUCUNE","","","NON","0","0","0","0","","NON_PERIMETRES_ET_FRAICHEUR_A_ATTESTER","","","","","NO_WEBSITE_IN_PROFILE_OR_PROFILE_UNREADABLE","","","","","NON_CERTIFIE_PAR_CETTE_RECHERCHE","","Retrouver puis prouver le portail officiel; vérifier aussi les groupes et alias"
"JEAN PAUL GAULTIER","4","https://fr.fashionjobs.com/recrutement/jean-paul-gaultier.html","SOURCE_DIRECTE_CATALOGUEE_A_CERTIFIER","A_QUALIFIER","NOM_OU_ALIAS_EXACT_CANDIDAT","cmtkdvxxm1sunnf2bzy0l1xiw","JEAN PAUL GAULTIER","NON","233","73","72","0","68","NON_PERIMETRES_ET_FRAICHEUR_A_ATTESTER","jeanpaulgaultier.com","","jean-paul-gaultier-5","","WEBSITE_UNREADABLE","","","","","NON_CERTIFIE_PAR_CETTE_RECHERCHE","","Certifier identité, attribution et complétude de la source existante"
"JIMMY FAIRLY","4","https://fr.fashionjobs.com/recrutement/jimmy-fairly.html","COMPANY_PRESENTE_SANS_DIRECT_IDENTIFIE","A_QUALIFIER","NOM_OU_ALIAS_EXACT_CANDIDAT","cmtkdw27s1u1wnf2b2n1gh0l5","JIMMY FAIRLY","NON","0","0","0","0","-4","NON_PERIMETRES_ET_FRAICHEUR_A_ATTESTER","jimmyfairly.com","","","","ATS_HINT_REVIEW_REQUIRED","https://jimmyfairly.factorial.fr/#jobs","https://www.jimmyfairly.com/fr","","","NON_CERTIFIE_PAR_CETTE_RECHERCHE","","Retrouver puis prouver le portail officiel; vérifier aussi les groupes et alias"
"JONAK","4","https://fr.fashionjobs.com/recrutement/jonak.html","SOURCE_CATALOGUEE_SANS_DIRECT_ACTIF","A_QUALIFIER","NOM_OU_ALIAS_EXACT_CANDIDAT","cmtk1x83i00pqnv2biab352pq","Jonak","NON","26","24","0","0","-4","NON_PERIMETRES_ET_FRAICHEUR_A_ATTESTER","jonak.fr","jonak:RETIRED","","","WEBSITE_UNREADABLE","","","","","NON_CERTIFIE_PAR_CETTE_RECHERCHE","","Retrouver puis prouver le portail officiel; vérifier aussi les groupes et alias"
"JULES & JENN","4","https://fr.fashionjobs.com/recrutement/jules-jenn.html","COMPANY_PRESENTE_SANS_DIRECT_IDENTIFIE","A_QUALIFIER","NOM_OU_ALIAS_EXACT_CANDIDAT","cmtkdvy7k1sy6nf2bk4odsuwu","JULES & JENN","NON","1","0","0","0","-4","NON_PERIMETRES_ET_FRAICHEUR_A_ATTESTER","","","","","NO_WEBSITE_IN_PROFILE_OR_PROFILE_UNREADABLE","","","","","NON_CERTIFIE_PAR_CETTE_RECHERCHE","","Retrouver puis prouver le portail officiel; vérifier aussi les groupes et alias"
"KUJTEN CACHEMIRE","4","https://fr.fashionjobs.com/recrutement/kujten-cachemire.html","COMPANY_PRESENTE_SANS_DIRECT_IDENTIFIE","A_QUALIFIER","NOM_OU_ALIAS_EXACT_CANDIDAT","cmtkdvufg1rnznf2byc79miie","KUJTEN CACHEMIRE","NON","0","0","0","0","-4","NON_PERIMETRES_ET_FRAICHEUR_A_ATTESTER","kujten.com","","","","WEBSITE_UNREADABLE","","","","","NON_CERTIFIE_PAR_CETTE_RECHERCHE","","Retrouver puis prouver le portail officiel; vérifier aussi les groupes et alias"
"L OCCITANE- LOCCITANE","4","https://fr.fashionjobs.com/recrutement/l-occitane-loccitane.html","AUCUN_RAPPROCHEMENT_ETABLI","A_QUALIFIER","AUCUNE","","","NON","0","0","0","0","","NON_PERIMETRES_ET_FRAICHEUR_A_ATTESTER","","","","","NO_WEBSITE_IN_PROFILE_OR_PROFILE_UNREADABLE","","","","","NON_CERTIFIE_PAR_CETTE_RECHERCHE","","Retrouver puis prouver le portail officiel; vérifier aussi les groupes et alias"
"L'ATELIER D'AMAYA","4","https://fr.fashionjobs.com/recrutement/l-atelier-d-amaya.html","COMPANY_PRESENTE_SANS_DIRECT_IDENTIFIE","A_QUALIFIER","NOM_OU_ALIAS_EXACT_CANDIDAT","cmtkdvw4s1sarnf2b4zx3q8i2","L'ATELIER D'AMAYA","NON","0","0","0","0","-4","NON_PERIMETRES_ET_FRAICHEUR_A_ATTESTER","atelier-amaya.com","","","","WEBSITE_UNREADABLE","","","","","NON_CERTIFIE_PAR_CETTE_RECHERCHE","","Retrouver puis prouver le portail officiel; vérifier aussi les groupes et alias"
"LA PRAIRIE GROUP","4","https://fr.fashionjobs.com/recrutement/la-prairie-group.html","AUCUN_RAPPROCHEMENT_ETABLI","A_QUALIFIER","AUCUNE","","","NON","0","0","0","0","","NON_PERIMETRES_ET_FRAICHEUR_A_ATTESTER","","","","","NO_CAREER_LINK_FOUND_ON_PAGES_READ","https://www.careers.laprairiegroup.ch/","https://www.laprairie.com/fr-fr/","","","NON_CERTIFIE_PAR_CETTE_RECHERCHE","","Retrouver puis prouver le portail officiel; vérifier aussi les groupes et alias"
"MAISON ANDI","4","https://fr.fashionjobs.com/recrutement/maison-andi.html","COMPANY_PRESENTE_SANS_DIRECT_IDENTIFIE","A_QUALIFIER","NOM_OU_ALIAS_EXACT_CANDIDAT","cmtkdvvis1s3wnf2b7wk22ppu","MAISON ANDI","NON","0","0","0","0","-4","NON_PERIMETRES_ET_FRAICHEUR_A_ATTESTER","","","","","NO_WEBSITE_IN_PROFILE_OR_PROFILE_UNREADABLE","","","","","NON_CERTIFIE_PAR_CETTE_RECHERCHE","","Retrouver puis prouver le portail officiel; vérifier aussi les groupes et alias"
"MAISON CRIVELLI","4","https://fr.fashionjobs.com/recrutement/maison-crivelli.html","AUCUN_RAPPROCHEMENT_ETABLI","A_QUALIFIER","AUCUNE","","","NON","0","0","0","0","","NON_PERIMETRES_ET_FRAICHEUR_A_ATTESTER","","","","","WEBSITE_UNREADABLE","","","","","NON_CERTIFIE_PAR_CETTE_RECHERCHE","","Retrouver puis prouver le portail officiel; vérifier aussi les groupes et alias"
"MAISON LABICHE","4","https://fr.fashionjobs.com/recrutement/maison-labiche.html","COMPANY_PRESENTE_SANS_DIRECT_IDENTIFIE","A_QUALIFIER","NOM_OU_ALIAS_EXACT_CANDIDAT","cmtkdvvfq1s2snf2boj2j1pt2","MAISON LABICHE","NON","0","0","0","0","-4","NON_PERIMETRES_ET_FRAICHEUR_A_ATTESTER","","","","","NO_CAREER_LINK_FOUND_ON_PAGES_READ","","https://www.maisonlabiche.com/","","","NON_CERTIFIE_PAR_CETTE_RECHERCHE","","Retrouver puis prouver le portail officiel; vérifier aussi les groupes et alias"
"MICHEL JACUZZI","4","https://fr.fashionjobs.com/recrutement/michel-jacuzzi.html","AUCUN_RAPPROCHEMENT_ETABLI","A_QUALIFIER","AUCUNE","","","NON","0","0","0","0","","NON_PERIMETRES_ET_FRAICHEUR_A_ATTESTER","","","","","NO_WEBSITE_IN_PROFILE_OR_PROFILE_UNREADABLE","","","","","NON_CERTIFIE_PAR_CETTE_RECHERCHE","","Retrouver puis prouver le portail officiel; vérifier aussi les groupes et alias"
"NACH","4","https://fr.fashionjobs.com/recrutement/nach.html","COMPANY_PRESENTE_SANS_DIRECT_IDENTIFIE","A_QUALIFIER","NOM_OU_ALIAS_EXACT_CANDIDAT","cmtkdw0sv1tmknf2b27tk2k1w","NACH","NON","3","3","0","0","-4","NON_PERIMETRES_ET_FRAICHEUR_A_ATTESTER","nachbijoux.com","","","","WEBSITE_UNREADABLE","","","","","NON_CERTIFIE_PAR_CETTE_RECHERCHE","","Retrouver puis prouver le portail officiel; vérifier aussi les groupes et alias"
"OCARAT","4","https://fr.fashionjobs.com/recrutement/ocarat.html","COMPANY_PRESENTE_SANS_DIRECT_IDENTIFIE","A_QUALIFIER","NOM_OU_ALIAS_EXACT_CANDIDAT","cmtkdvx7q1slqnf2b1yd4d54w","OCARAT","NON","3","3","0","0","-4","NON_PERIMETRES_ET_FRAICHEUR_A_ATTESTER","ocarat.com","","","","WEBSITE_UNREADABLE","","","","","NON_CERTIFIE_PAR_CETTE_RECHERCHE","","Retrouver puis prouver le portail officiel; vérifier aussi les groupes et alias"
"ODAEL","4","https://fr.fashionjobs.com/recrutement/odael.html","COMPANY_PRESENTE_SANS_DIRECT_IDENTIFIE","A_QUALIFIER","NOM_OU_ALIAS_EXACT_CANDIDAT","cmtkdvzeg1t7dnf2bi47pw33b","ODAEL","NON","2","2","0","0","-4","NON_PERIMETRES_ET_FRAICHEUR_A_ATTESTER","","","","","NO_WEBSITE_IN_PROFILE_OR_PROFILE_UNREADABLE","","","","","NON_CERTIFIE_PAR_CETTE_RECHERCHE","","Retrouver puis prouver le portail officiel; vérifier aussi les groupes et alias"
"ONIVERSE","4","https://fr.fashionjobs.com/recrutement/oniverse.html","SOURCE_DIRECTE_CATALOGUEE_A_CERTIFIER","A_QUALIFIER","NOM_OU_ALIAS_EXACT_CANDIDAT","cmtne0bra03erqq4z1zo8emif","ONIVERSE","NON","134","115","11","0","7","NON_PERIMETRES_ET_FRAICHEUR_A_ATTESTER","oniverse.it","oniverse:ACTIVE","oniverse","","WEBSITE_UNREADABLE","","","","","NON_CERTIFIE_PAR_CETTE_RECHERCHE","","Certifier identité, attribution et complétude de la source existante"
"PAIN DE SUCRE","4","https://fr.fashionjobs.com/recrutement/pain-de-sucre.html","COMPANY_PRESENTE_SANS_DIRECT_IDENTIFIE","A_QUALIFIER","NOM_OU_ALIAS_EXACT_CANDIDAT","cmtkdvul11rqfnf2bhcu5g9al","PAIN DE SUCRE","NON","0","0","0","0","-4","NON_PERIMETRES_ET_FRAICHEUR_A_ATTESTER","","","","","NO_WEBSITE_IN_PROFILE_OR_PROFILE_UNREADABLE","","","","","NON_CERTIFIE_PAR_CETTE_RECHERCHE","","Retrouver puis prouver le portail officiel; vérifier aussi les groupes et alias"
"PM STUDIO PARIS","4","https://fr.fashionjobs.com/recrutement/pm-studio-paris.html","COMPANY_PRESENTE_SANS_DIRECT_IDENTIFIE","A_QUALIFIER","NOM_OU_ALIAS_EXACT_CANDIDAT","cmtpz4oci04kn3ncq1biagbnv","PM Studio Paris","NON","6","6","0","0","-4","NON_PERIMETRES_ET_FRAICHEUR_A_ATTESTER","","","","","NO_WEBSITE_IN_PROFILE_OR_PROFILE_UNREADABLE","","","","","NON_CERTIFIE_PAR_CETTE_RECHERCHE","","Retrouver puis prouver le portail officiel; vérifier aussi les groupes et alias"
"PRINCESSE TAM TAM","4","https://fr.fashionjobs.com/recrutement/princesse-tam-tam.html","COMPANY_PRESENTE_SANS_DIRECT_IDENTIFIE","A_QUALIFIER","NOM_OU_ALIAS_EXACT_CANDIDAT","cmtkdw36f1udznf2b2l37ywkp","PRINCESSE TAM TAM","NON","0","0","0","0","-4","NON_PERIMETRES_ET_FRAICHEUR_A_ATTESTER","","","","","WEBSITE_UNREADABLE","","","","","NON_CERTIFIE_PAR_CETTE_RECHERCHE","","Retrouver puis prouver le portail officiel; vérifier aussi les groupes et alias"
"REWORKED","4","https://fr.fashionjobs.com/recrutement/reworked.html","AUCUN_RAPPROCHEMENT_ETABLI","A_QUALIFIER","AUCUNE","","","NON","0","0","0","0","","NON_PERIMETRES_ET_FRAICHEUR_A_ATTESTER","","","","","NO_WEBSITE_IN_PROFILE_OR_PROFILE_UNREADABLE","","","","","NON_CERTIFIE_PAR_CETTE_RECHERCHE","","Retrouver puis prouver le portail officiel; vérifier aussi les groupes et alias"
"RMS","4","https://fr.fashionjobs.com/recrutement/rms.html","AUCUN_RAPPROCHEMENT_ETABLI","A_QUALIFIER","AUCUNE","","","NON","0","0","0","0","","NON_PERIMETRES_ET_FRAICHEUR_A_ATTESTER","","","","","NO_WEBSITE_IN_PROFILE_OR_PROFILE_UNREADABLE","","","","","NON_CERTIFIE_PAR_CETTE_RECHERCHE","","Retrouver puis prouver le portail officiel; vérifier aussi les groupes et alias"
"SIGAL","4","https://fr.fashionjobs.com/recrutement/sigal.html","COMPANY_PRESENTE_SANS_DIRECT_IDENTIFIE","A_QUALIFIER","NOM_OU_ALIAS_EXACT_CANDIDAT","cmtkdvzhn1t8enf2ba10y8tq3","SIGAL","NON","1","1","0","0","-4","NON_PERIMETRES_ET_FRAICHEUR_A_ATTESTER","sigalparis.com","","","","WEBSITE_UNREADABLE","","","","","NON_CERTIFIE_PAR_CETTE_RECHERCHE","","Retrouver puis prouver le portail officiel; vérifier aussi les groupes et alias"
"SOPHIE D'AGON","4","https://fr.fashionjobs.com/recrutement/sophie-d-agon.html","COMPANY_PRESENTE_SANS_DIRECT_IDENTIFIE","A_QUALIFIER","NOM_OU_ALIAS_EXACT_CANDIDAT","cmtkdvuiy1rpfnf2bkl5uui4v","SOPHIE D'AGON","NON","1","1","0","0","-4","NON_PERIMETRES_ET_FRAICHEUR_A_ATTESTER","sophiedagon.com","","","","NO_CAREER_LINK_FOUND_ON_PAGES_READ","","https://sophiedagon.com/","","","NON_CERTIFIE_PAR_CETTE_RECHERCHE","","Retrouver puis prouver le portail officiel; vérifier aussi les groupes et alias"
"STEPHANE HUMBERT LUCAS","4","https://fr.fashionjobs.com/recrutement/stephane-humbert-lucas.html","COMPANY_PRESENTE_SANS_DIRECT_IDENTIFIE","A_QUALIFIER","NOM_OU_ALIAS_EXACT_CANDIDAT","cmtkdvw9g1scinf2bsayuyht9","STEPHANE HUMBERT LUCAS","NON","1","1","0","0","-4","NON_PERIMETRES_ET_FRAICHEUR_A_ATTESTER","stephanehumbertlucas.com","","","","WEBSITE_UNREADABLE","","","","","NON_CERTIFIE_PAR_CETTE_RECHERCHE","","Retrouver puis prouver le portail officiel; vérifier aussi les groupes et alias"
"TRESSÉ","4","https://fr.fashionjobs.com/recrutement/tresse.html","COMPANY_PRESENTE_SANS_DIRECT_IDENTIFIE","A_QUALIFIER","NOM_OU_ALIAS_EXACT_CANDIDAT","cmtkdvxyq1suznf2b27jfskv5","TRESSÉ","NON","1","1","0","0","-4","NON_PERIMETRES_ET_FRAICHEUR_A_ATTESTER","","","","","NO_WEBSITE_IN_PROFILE_OR_PROFILE_UNREADABLE","","","","","NON_CERTIFIE_PAR_CETTE_RECHERCHE","","Retrouver puis prouver le portail officiel; vérifier aussi les groupes et alias"
"TRICOTS SAINT JAMES","4","https://fr.fashionjobs.com/recrutement/tricots-saint-james.html","AUCUN_RAPPROCHEMENT_ETABLI","A_QUALIFIER","AUCUNE","","","NON","0","0","0","0","","NON_PERIMETRES_ET_FRAICHEUR_A_ATTESTER","","","","","NO_WEBSITE_IN_PROFILE_OR_PROFILE_UNREADABLE","","","","","NON_CERTIFIE_PAR_CETTE_RECHERCHE","","Retrouver puis prouver le portail officiel; vérifier aussi les groupes et alias"
"VAILLANT STUDIO","4","https://fr.fashionjobs.com/recrutement/vaillant-studio.html","COMPANY_PRESENTE_SANS_DIRECT_IDENTIFIE","A_QUALIFIER","NOM_OU_ALIAS_EXACT_CANDIDAT","cmtkdvwju1sfonf2bhwfvc49o","VAILLANT STUDIO","NON","2","2","0","0","-4","NON_PERIMETRES_ET_FRAICHEUR_A_ATTESTER","","","","","NO_WEBSITE_IN_PROFILE_OR_PROFILE_UNREADABLE","","","","","NON_CERTIFIE_PAR_CETTE_RECHERCHE","","Retrouver puis prouver le portail officiel; vérifier aussi les groupes et alias"
"VALERIAN HUGHES PARIS","4","https://fr.fashionjobs.com/recrutement/valerian-hughes-paris.html","COMPANY_PRESENTE_SANS_DIRECT_IDENTIFIE","A_QUALIFIER","NOM_OU_ALIAS_EXACT_CANDIDAT","cmtkdw0yx1toonf2but44npz9","VALERIAN HUGHES PARIS","NON","3","3","0","0","-4","NON_PERIMETRES_ET_FRAICHEUR_A_ATTESTER","valerianhughes.com","","","","WEBSITE_UNREADABLE","","","","","NON_CERTIFIE_PAR_CETTE_RECHERCHE","","Retrouver puis prouver le portail officiel; vérifier aussi les groupes et alias"
"VERSACE","4","https://fr.fashionjobs.com/recrutement/versace.html","SOURCE_DIRECTE_CATALOGUEE_A_CERTIFIER","A_QUALIFIER","NOM_OU_ALIAS_EXACT_CANDIDAT","cmtk1xxkp025dnv2b2ssr1yjk","Versace","NON","33","4","4","0","0","NON_PERIMETRES_ET_FRAICHEUR_A_ATTESTER","versace.com","versace:ACTIVE","versace","","WEBSITE_UNREADABLE","","","","","NON_CERTIFIE_PAR_CETTE_RECHERCHE","","Certifier identité, attribution et complétude de la source existante"
"VESTIAIRE DES PARISIENNES","4","https://fr.fashionjobs.com/recrutement/vestiaire-des-parisiennes.html","COMPANY_PRESENTE_SANS_DIRECT_IDENTIFIE","A_QUALIFIER","NOM_OU_ALIAS_EXACT_CANDIDAT","cmtoq4zbf2zxoqq4zm9jn67c0","VESTIAIRE DES PARISIENNES","NON","0","0","0","0","-4","NON_PERIMETRES_ET_FRAICHEUR_A_ATTESTER","","","","","NO_WEBSITE_IN_PROFILE_OR_PROFILE_UNREADABLE","","","","","NON_CERTIFIE_PAR_CETTE_RECHERCHE","","Retrouver puis prouver le portail officiel; vérifier aussi les groupes et alias"
"A DISTINCT NOISE","3","https://fr.fashionjobs.com/recrutement/a-distinct-noise.html","COMPANY_PRESENTE_SANS_DIRECT_IDENTIFIE","A_QUALIFIER","NOM_OU_ALIAS_EXACT_CANDIDAT","cmtkdvwk31sfsnf2bq61mln8j","A DISTINCT NOISE","NON","0","0","0","0","-3","NON_PERIMETRES_ET_FRAICHEUR_A_ATTESTER","","","","","NO_WEBSITE_IN_PROFILE_OR_PROFILE_UNREADABLE","","","","","NON_CERTIFIE_PAR_CETTE_RECHERCHE","","Retrouver puis prouver le portail officiel; vérifier aussi les groupes et alias"
"ÂGE PARIS","3","https://fr.fashionjobs.com/recrutement/age-paris.html","COMPANY_PRESENTE_SANS_DIRECT_IDENTIFIE","A_QUALIFIER","NOM_OU_ALIAS_EXACT_CANDIDAT","cmtkdvx4x1skonf2bnkxmcbw7","ÂGE PARIS","NON","0","0","0","0","-3","NON_PERIMETRES_ET_FRAICHEUR_A_ATTESTER","","","","","NO_WEBSITE_IN_PROFILE_OR_PROFILE_UNREADABLE","","","","","NON_CERTIFIE_PAR_CETTE_RECHERCHE","","Retrouver puis prouver le portail officiel; vérifier aussi les groupes et alias"
"AGNÈS B.","3","https://fr.fashionjobs.com/recrutement/agnes-b-.html","COMPANY_PRESENTE_SANS_DIRECT_IDENTIFIE","A_QUALIFIER","NOM_OU_ALIAS_EXACT_CANDIDAT","cmtkdvuel1rnnnf2ba6k0ky9j","AGNÈS B.","NON","1","1","0","0","-3","NON_PERIMETRES_ET_FRAICHEUR_A_ATTESTER","agnesb.com","","","","WEBSITE_UNREADABLE","","","","","NON_CERTIFIE_PAR_CETTE_RECHERCHE","","Retrouver puis prouver le portail officiel; vérifier aussi les groupes et alias"
"AIME INC","3","https://fr.fashionjobs.com/recrutement/aime-inc.html","SOURCE_CATALOGUEE_SANS_DIRECT_ACTIF","A_QUALIFIER","REGLE_CANONIQUE_CANDIDATE","cmtk1wz0k003dnv2bwzphy7tt","Aime","NON","7","7","0","0","-3","NON_PERIMETRES_ET_FRAICHEUR_A_ATTESTER","aime.co","aime:RETIRED","","","WEBSITE_UNREADABLE","","","","","NON_CERTIFIE_PAR_CETTE_RECHERCHE","","Retrouver puis prouver le portail officiel; vérifier aussi les groupes et alias"
"ALGIERI PARIS","3","https://fr.fashionjobs.com/recrutement/algieri-paris.html","AUCUN_RAPPROCHEMENT_ETABLI","A_QUALIFIER","AUCUNE","","","NON","0","0","0","0","","NON_PERIMETRES_ET_FRAICHEUR_A_ATTESTER","","","","","NO_WEBSITE_IN_PROFILE_OR_PROFILE_UNREADABLE","","","","","NON_CERTIFIE_PAR_CETTE_RECHERCHE","","Retrouver puis prouver le portail officiel; vérifier aussi les groupes et alias"
"ALOHAS","3","https://fr.fashionjobs.com/recrutement/alohas.html","COMPANY_PRESENTE_SANS_DIRECT_IDENTIFIE","A_QUALIFIER","NOM_OU_ALIAS_EXACT_CANDIDAT","cmtkdvzor1tafnf2bb0j058kz","ALOHAS","NON","0","0","0","0","-3","NON_PERIMETRES_ET_FRAICHEUR_A_ATTESTER","","","","","WEBSITE_UNREADABLE","","","","","NON_CERTIFIE_PAR_CETTE_RECHERCHE","","Retrouver puis prouver le portail officiel; vérifier aussi les groupes et alias"
"APA CAPITAL","3","https://fr.fashionjobs.com/recrutement/apa-capital.html","COMPANY_PRESENTE_SANS_DIRECT_IDENTIFIE","A_QUALIFIER","NOM_OU_ALIAS_EXACT_CANDIDAT","cmtkdvveq1s2cnf2b63n27ss0","APA CAPITAL","NON","0","0","0","0","-3","NON_PERIMETRES_ET_FRAICHEUR_A_ATTESTER","","","","","NO_WEBSITE_IN_PROFILE_OR_PROFILE_UNREADABLE","","","","","NON_CERTIFIE_PAR_CETTE_RECHERCHE","","Retrouver puis prouver le portail officiel; vérifier aussi les groupes et alias"
"ARABIAN OUD","3","https://fr.fashionjobs.com/recrutement/arabian-oud.html","COMPANY_PRESENTE_SANS_DIRECT_IDENTIFIE","A_QUALIFIER","NOM_OU_ALIAS_EXACT_CANDIDAT","cmtkdvwkd1sfwnf2bfqbhra29","ARABIAN OUD","NON","2","2","0","0","-3","NON_PERIMETRES_ET_FRAICHEUR_A_ATTESTER","","","","","NO_WEBSITE_IN_PROFILE_OR_PROFILE_UNREADABLE","","","","","NON_CERTIFIE_PAR_CETTE_RECHERCHE","","Retrouver puis prouver le portail officiel; vérifier aussi les groupes et alias"
"ARMAND THIERY","3","https://fr.fashionjobs.com/recrutement/armand-thiery.html","SOURCE_CATALOGUEE_SANS_DIRECT_ACTIF","A_QUALIFIER","NOM_OU_ALIAS_EXACT_CANDIDAT","cmtk1wz6d0046nv2bucbg8xh9","Armand Thiery","NON","10","10","0","0","-3","NON_PERIMETRES_ET_FRAICHEUR_A_ATTESTER","armandthiery.fr","armand-thiery:RETIRED","","","WEBSITE_UNREADABLE","","","","","NON_CERTIFIE_PAR_CETTE_RECHERCHE","","Retrouver puis prouver le portail officiel; vérifier aussi les groupes et alias"
"AURÉLIE BIDERMANN","3","https://fr.fashionjobs.com/recrutement/aurelie-bidermann.html","COMPANY_PRESENTE_SANS_DIRECT_IDENTIFIE","A_QUALIFIER","NOM_OU_ALIAS_EXACT_CANDIDAT","cmtkdw0jf1tjenf2b9vzjv9fb","AURÉLIE BIDERMANN","NON","3","3","0","0","-3","NON_PERIMETRES_ET_FRAICHEUR_A_ATTESTER","aureliebidermann.com","","","","WEBSITE_UNREADABLE","","","","","NON_CERTIFIE_PAR_CETTE_RECHERCHE","","Retrouver puis prouver le portail officiel; vérifier aussi les groupes et alias"
"BUREAU DE PRESSE PASCALE VENOT","3","https://fr.fashionjobs.com/recrutement/bureau-de-presse-pascale-venot.html","COMPANY_PRESENTE_SANS_DIRECT_IDENTIFIE","A_QUALIFIER","NOM_OU_ALIAS_EXACT_CANDIDAT","cmtkdvvt01s7enf2btvhwa58l","BUREAU DE PRESSE PASCALE VENOT","NON","0","0","0","0","-3","NON_PERIMETRES_ET_FRAICHEUR_A_ATTESTER","","","","","NO_WEBSITE_IN_PROFILE_OR_PROFILE_UNREADABLE","","","","","NON_CERTIFIE_PAR_CETTE_RECHERCHE","","Retrouver puis prouver le portail officiel; vérifier aussi les groupes et alias"
"CITADIUM","3","https://fr.fashionjobs.com/recrutement/citadium.html","AUCUN_RAPPROCHEMENT_ETABLI","A_QUALIFIER","AUCUNE","","","NON","0","0","0","0","","NON_PERIMETRES_ET_FRAICHEUR_A_ATTESTER","","","","","NO_WEBSITE_IN_PROFILE_OR_PROFILE_UNREADABLE","","","","","NON_CERTIFIE_PAR_CETTE_RECHERCHE","","Retrouver puis prouver le portail officiel; vérifier aussi les groupes et alias"
"COUTURE & RETAIL CAMÉLÉONS RH","3","https://fr.fashionjobs.com/recrutement/couture-retail-cameleons-rh.html","COMPANY_PRESENTE_SANS_DIRECT_IDENTIFIE","A_QUALIFIER","NOM_OU_ALIAS_EXACT_CANDIDAT","cmtkdvyh41t1cnf2bwghkhpg0","COUTURE & RETAIL CAMÉLÉONS RH","NON","1","1","0","0","-3","NON_PERIMETRES_ET_FRAICHEUR_A_ATTESTER","","","","","NO_WEBSITE_IN_PROFILE_OR_PROFILE_UNREADABLE","","","","","NON_CERTIFIE_PAR_CETTE_RECHERCHE","","Retrouver puis prouver le portail officiel; vérifier aussi les groupes et alias"
"EDEN PARK","3","https://fr.fashionjobs.com/recrutement/eden-park.html","COMPANY_PRESENTE_SANS_DIRECT_IDENTIFIE","A_QUALIFIER","NOM_OU_ALIAS_EXACT_CANDIDAT","cmtkdvupi1rsdnf2bluk35mnh","EDEN PARK","NON","0","0","0","0","-3","NON_PERIMETRES_ET_FRAICHEUR_A_ATTESTER","eden-park.fr","","","","NO_CAREER_LINK_FOUND_ON_PAGES_READ","","https://eden-park.fr/","","","NON_CERTIFIE_PAR_CETTE_RECHERCHE","","Retrouver puis prouver le portail officiel; vérifier aussi les groupes et alias"
"ELLE INTERNATIONAL","3","https://fr.fashionjobs.com/recrutement/elle-international.html","COMPANY_PRESENTE_SANS_DIRECT_IDENTIFIE","A_QUALIFIER","NOM_OU_ALIAS_EXACT_CANDIDAT","cmtkdw0hr1tiznf2bth7vfiky | cmtrup3ob4n99pg5mrrljc38t","ELLE INTERNATIONAL | ELLE","OUI","1","1","0","0","-3","NON_PERIMETRES_ET_FRAICHEUR_A_ATTESTER","elleinternational.com","","","","WEBSITE_UNREADABLE","","","","","NON_CERTIFIE_PAR_CETTE_RECHERCHE","","Retrouver puis prouver le portail officiel; vérifier aussi les groupes et alias"
"ELSA SCHIAPARELLI","3","https://fr.fashionjobs.com/recrutement/elsa-schiaparelli.html","COMPANY_PRESENTE_SANS_DIRECT_IDENTIFIE","A_QUALIFIER","NOM_OU_ALIAS_EXACT_CANDIDAT","cmtkdw0li1tk5nf2bai9y64y1","ELSA SCHIAPARELLI","NON","1","1","0","0","-3","NON_PERIMETRES_ET_FRAICHEUR_A_ATTESTER","schiaparelli.com","","","","WEBSITE_UNREADABLE","","","","","NON_CERTIFIE_PAR_CETTE_RECHERCHE","","Retrouver puis prouver le portail officiel; vérifier aussi les groupes et alias"
"FRANCOISE","3","https://fr.fashionjobs.com/recrutement/francoise.html","COMPANY_PRESENTE_SANS_DIRECT_IDENTIFIE","A_QUALIFIER","NOM_OU_ALIAS_EXACT_CANDIDAT","cmtkdvxn61sr0nf2bv93bmc7i","FRANCOISE","NON","2","2","0","0","-3","NON_PERIMETRES_ET_FRAICHEUR_A_ATTESTER","","","","","NO_WEBSITE_IN_PROFILE_OR_PROFILE_UNREADABLE","","","","","NON_CERTIFIE_PAR_CETTE_RECHERCHE","","Retrouver puis prouver le portail officiel; vérifier aussi les groupes et alias"
"HAYS FRANCE","3","https://fr.fashionjobs.com/recrutement/hays-france.html","AUCUN_RAPPROCHEMENT_ETABLI","A_QUALIFIER","AUCUNE","","","NON","0","0","0","0","","NON_PERIMETRES_ET_FRAICHEUR_A_ATTESTER","","","","","NO_WEBSITE_IN_PROFILE_OR_PROFILE_UNREADABLE","","","","","NON_CERTIFIE_PAR_CETTE_RECHERCHE","","Retrouver puis prouver le portail officiel; vérifier aussi les groupes et alias"
"INOUI EDITIONS","3","https://fr.fashionjobs.com/recrutement/inoui-editions.html","COMPANY_PRESENTE_SANS_DIRECT_IDENTIFIE","A_QUALIFIER","NOM_OU_ALIAS_EXACT_CANDIDAT","cmtlq3tmp1lqwpg2bjsmk71or","INOUI EDITIONS","NON","0","0","0","0","-3","NON_PERIMETRES_ET_FRAICHEUR_A_ATTESTER","inoui-editions.com","","","","NO_CAREER_LINK_FOUND_ON_PAGES_READ","","https://inoui-editions.com/fr-fr","","","NON_CERTIFIE_PAR_CETTE_RECHERCHE","","Retrouver puis prouver le portail officiel; vérifier aussi les groupes et alias"
"JAMINI","3","https://fr.fashionjobs.com/recrutement/jamini.html","COMPANY_PRESENTE_SANS_DIRECT_IDENTIFIE","A_QUALIFIER","NOM_OU_ALIAS_EXACT_CANDIDAT","cmtkdvyxg1t5jnf2bcibg8md1","JAMINI","NON","1","1","0","0","-3","NON_PERIMETRES_ET_FRAICHEUR_A_ATTESTER","","","","","NO_WEBSITE_IN_PROFILE_OR_PROFILE_UNREADABLE","","","","","NON_CERTIFIE_PAR_CETTE_RECHERCHE","","Retrouver puis prouver le portail officiel; vérifier aussi les groupes et alias"
"JULIETTE HAS A GUN","3","https://fr.fashionjobs.com/recrutement/juliette-has-a-gun.html","COMPANY_PRESENTE_SANS_DIRECT_IDENTIFIE","A_QUALIFIER","NOM_OU_ALIAS_EXACT_CANDIDAT","cmtkdvw5w1sb6nf2b5wzr2wr3","JULIETTE HAS A GUN","NON","2","2","0","0","-3","NON_PERIMETRES_ET_FRAICHEUR_A_ATTESTER","","","","","WEBSITE_UNREADABLE","","","","","NON_CERTIFIE_PAR_CETTE_RECHERCHE","","Retrouver puis prouver le portail officiel; vérifier aussi les groupes et alias"
"KARL LAGERFELD","3","https://fr.fashionjobs.com/recrutement/karl-lagerfeld.html","AUCUN_RAPPROCHEMENT_ETABLI","A_QUALIFIER","AUCUNE","","","NON","0","0","0","0","","NON_PERIMETRES_ET_FRAICHEUR_A_ATTESTER","","","","","ATS_HINT_REVIEW_REQUIRED","https://jobs.eu.lever.co/karllagerfeld","https://www.karllagerfeld.com/","","","NON_CERTIFIE_PAR_CETTE_RECHERCHE","","Retrouver puis prouver le portail officiel; vérifier aussi les groupes et alias"
"KASSANDRE","3","https://fr.fashionjobs.com/recrutement/kassandre.html","AUCUN_RAPPROCHEMENT_ETABLI","A_QUALIFIER","AUCUNE","","","NON","0","0","0","0","","NON_PERIMETRES_ET_FRAICHEUR_A_ATTESTER","","","","","NO_WEBSITE_IN_PROFILE_OR_PROFILE_UNREADABLE","","","","","NON_CERTIFIE_PAR_CETTE_RECHERCHE","","Retrouver puis prouver le portail officiel; vérifier aussi les groupes et alias"
"LE GRAND COMPTOIR","3","https://fr.fashionjobs.com/recrutement/le-grand-comptoir.html","COMPANY_PRESENTE_SANS_DIRECT_IDENTIFIE","A_QUALIFIER","NOM_OU_ALIAS_EXACT_CANDIDAT","cmtkdvv9q1s06nf2b6dka7ceg","LE GRAND COMPTOIR","NON","0","0","0","0","-3","NON_PERIMETRES_ET_FRAICHEUR_A_ATTESTER","","","","","NO_WEBSITE_IN_PROFILE_OR_PROFILE_UNREADABLE","","","","","NON_CERTIFIE_PAR_CETTE_RECHERCHE","","Retrouver puis prouver le portail officiel; vérifier aussi les groupes et alias"
"LE TANNEUR & CIE","3","https://fr.fashionjobs.com/recrutement/le-tanneur-cie.html","COMPANY_PRESENTE_SANS_DIRECT_IDENTIFIE","A_QUALIFIER","NOM_OU_ALIAS_EXACT_CANDIDAT","cmtkdvy1j1svxnf2bhwmol39o","LE TANNEUR & CIE","NON","3","3","0","0","-3","NON_PERIMETRES_ET_FRAICHEUR_A_ATTESTER","","","","","NO_WEBSITE_IN_PROFILE_OR_PROFILE_UNREADABLE","","","","","NON_CERTIFIE_PAR_CETTE_RECHERCHE","","Retrouver puis prouver le portail officiel; vérifier aussi les groupes et alias"
"LEMAIRE","3","https://fr.fashionjobs.com/recrutement/lemaire.html","COMPANY_PRESENTE_SANS_DIRECT_IDENTIFIE","A_QUALIFIER","NOM_OU_ALIAS_EXACT_CANDIDAT","cmtkdvvtj1s7lnf2bo95yg5p5","LEMAIRE","NON","1","1","0","0","-3","NON_PERIMETRES_ET_FRAICHEUR_A_ATTESTER","lemaire.fr","","","","WEBSITE_UNREADABLE","","","","","NON_CERTIFIE_PAR_CETTE_RECHERCHE","","Retrouver puis prouver le portail officiel; vérifier aussi les groupes et alias"
"LES NÉRÉIDES","3","https://fr.fashionjobs.com/recrutement/les-nereides.html","COMPANY_PRESENTE_SANS_DIRECT_IDENTIFIE","A_QUALIFIER","NOM_OU_ALIAS_EXACT_CANDIDAT","cmtkdvwjm1sfknf2bpifugue0","LES NÉRÉIDES","NON","0","0","0","0","-3","NON_PERIMETRES_ET_FRAICHEUR_A_ATTESTER","","","","","NO_CAREER_LINK_FOUND_ON_PAGES_READ","","https://www.lesnereides.com/","","","NON_CERTIFIE_PAR_CETTE_RECHERCHE","","Retrouver puis prouver le portail officiel; vérifier aussi les groupes et alias"
"LIPAULT (GROUP SAMSONITE)","3","https://fr.fashionjobs.com/recrutement/lipault.html","AUCUN_RAPPROCHEMENT_ETABLI","A_QUALIFIER","AUCUNE","","","NON","0","0","0","0","","NON_PERIMETRES_ET_FRAICHEUR_A_ATTESTER","","","","","NO_WEBSITE_IN_PROFILE_OR_PROFILE_UNREADABLE","","","","","NON_CERTIFIE_PAR_CETTE_RECHERCHE","","Retrouver puis prouver le portail officiel; vérifier aussi les groupes et alias"
"LO NEEL","3","https://fr.fashionjobs.com/recrutement/lo-neel.html","COMPANY_PRESENTE_SANS_DIRECT_IDENTIFIE","A_QUALIFIER","NOM_OU_ALIAS_EXACT_CANDIDAT","cmtkdw3fr1uh6nf2b8bn3r5lg","LO NEEL","NON","0","0","0","0","-3","NON_PERIMETRES_ET_FRAICHEUR_A_ATTESTER","","","","","NO_CAREER_LINK_FOUND_ON_PAGES_READ","","https://www.loneel.fr/","","","NON_CERTIFIE_PAR_CETTE_RECHERCHE","","Retrouver puis prouver le portail officiel; vérifier aussi les groupes et alias"
"MAHO","3","https://fr.fashionjobs.com/recrutement/maho.html","COMPANY_PRESENTE_SANS_DIRECT_IDENTIFIE","A_QUALIFIER","NOM_OU_ALIAS_EXACT_CANDIDAT","cmtkdw42y1uo0nf2be07677q4","MAHO","NON","0","0","0","0","-3","NON_PERIMETRES_ET_FRAICHEUR_A_ATTESTER","","","","","NO_WEBSITE_IN_PROFILE_OR_PROFILE_UNREADABLE","","","","","NON_CERTIFIE_PAR_CETTE_RECHERCHE","","Retrouver puis prouver le portail officiel; vérifier aussi les groupes et alias"
"MARCK ET BALSAN","3","https://fr.fashionjobs.com/recrutement/marck-et-balsan.html","AUCUN_RAPPROCHEMENT_ETABLI","A_QUALIFIER","AUCUNE","","","NON","0","0","0","0","","NON_PERIMETRES_ET_FRAICHEUR_A_ATTESTER","","","","","NO_WEBSITE_IN_PROFILE_OR_PROFILE_UNREADABLE","","","","","NON_CERTIFIE_PAR_CETTE_RECHERCHE","","Retrouver puis prouver le portail officiel; vérifier aussi les groupes et alias"
"MARCO RIBEIRO","3","https://fr.fashionjobs.com/recrutement/marco-ribeiro.html","COMPANY_PRESENTE_SANS_DIRECT_IDENTIFIE","A_QUALIFIER","NOM_OU_ALIAS_EXACT_CANDIDAT","cmtlq3uda1lyopg2b0zt5wagh","MARCO RIBEIRO","NON","0","0","0","0","-3","NON_PERIMETRES_ET_FRAICHEUR_A_ATTESTER","","","","","NO_WEBSITE_IN_PROFILE_OR_PROFILE_UNREADABLE","","","","","NON_CERTIFIE_PAR_CETTE_RECHERCHE","","Retrouver puis prouver le portail officiel; vérifier aussi les groupes et alias"
"MINOÏ","3","https://fr.fashionjobs.com/recrutement/minoi.html","COMPANY_PRESENTE_SANS_DIRECT_IDENTIFIE","A_QUALIFIER","NOM_OU_ALIAS_EXACT_CANDIDAT","cmtkdw00x1te8nf2bums86jpf","MINOÏ","NON","3","3","0","0","-3","NON_PERIMETRES_ET_FRAICHEUR_A_ATTESTER","","","","","NO_WEBSITE_IN_PROFILE_OR_PROFILE_UNREADABLE","","","","","NON_CERTIFIE_PAR_CETTE_RECHERCHE","","Retrouver puis prouver le portail officiel; vérifier aussi les groupes et alias"
"MODELOR RETAIL","3","https://fr.fashionjobs.com/recrutement/modelor-retail.html","COMPANY_PRESENTE_SANS_DIRECT_IDENTIFIE","A_QUALIFIER","REGLE_CANONIQUE_CANDIDATE","cmtpw96v64k7el35m53n2f1ce","MODELOR","NON","1","1","0","0","-3","NON_PERIMETRES_ET_FRAICHEUR_A_ATTESTER","modelor.fr","","","","WEBSITE_UNREADABLE","","","","","NON_CERTIFIE_PAR_CETTE_RECHERCHE","","Retrouver puis prouver le portail officiel; vérifier aussi les groupes et alias"
"MZ FACTORY","3","https://fr.fashionjobs.com/recrutement/mz-factory.html","AUCUN_RAPPROCHEMENT_ETABLI","A_QUALIFIER","AUCUNE","","","NON","0","0","0","0","","NON_PERIMETRES_ET_FRAICHEUR_A_ATTESTER","","","","","NO_WEBSITE_IN_PROFILE_OR_PROFILE_UNREADABLE","","","","","NON_CERTIFIE_PAR_CETTE_RECHERCHE","","Retrouver puis prouver le portail officiel; vérifier aussi les groupes et alias"
"NEOFAMILY","3","https://fr.fashionjobs.com/recrutement/neofamily.html","AUCUN_RAPPROCHEMENT_ETABLI","A_QUALIFIER","AUCUNE","","","NON","0","0","0","0","","NON_PERIMETRES_ET_FRAICHEUR_A_ATTESTER","","","","","NO_WEBSITE_IN_PROFILE_OR_PROFILE_UNREADABLE","","","","","NON_CERTIFIE_PAR_CETTE_RECHERCHE","","Retrouver puis prouver le portail officiel; vérifier aussi les groupes et alias"
"PARAMOUR","3","https://fr.fashionjobs.com/recrutement/paramour.html","COMPANY_PRESENTE_SANS_DIRECT_IDENTIFIE","A_QUALIFIER","NOM_OU_ALIAS_EXACT_CANDIDAT","cmtkdw0f81tidnf2b7vv03ul0","PARAMOUR","NON","1","1","0","0","-3","NON_PERIMETRES_ET_FRAICHEUR_A_ATTESTER","paramour.fr","","","","WEBSITE_UNREADABLE","","","","","NON_CERTIFIE_PAR_CETTE_RECHERCHE","","Retrouver puis prouver le portail officiel; vérifier aussi les groupes et alias"
"PARIS DES CRÉATEURS","3","https://fr.fashionjobs.com/recrutement/paris-des-createurs.html","AUCUN_RAPPROCHEMENT_ETABLI","A_QUALIFIER","AUCUNE","","","NON","0","0","0","0","","NON_PERIMETRES_ET_FRAICHEUR_A_ATTESTER","","","","","NO_WEBSITE_IN_PROFILE_OR_PROFILE_UNREADABLE","","","","","NON_CERTIFIE_PAR_CETTE_RECHERCHE","","Retrouver puis prouver le portail officiel; vérifier aussi les groupes et alias"
"QUICK INTERIM","3","https://fr.fashionjobs.com/recrutement/quick-interim.html","AUCUN_RAPPROCHEMENT_ETABLI","A_QUALIFIER","AUCUNE","","","NON","0","0","0","0","","NON_PERIMETRES_ET_FRAICHEUR_A_ATTESTER","","","","","NO_WEBSITE_IN_PROFILE_OR_PROFILE_UNREADABLE","","","","","NON_CERTIFIE_PAR_CETTE_RECHERCHE","","Retrouver puis prouver le portail officiel; vérifier aussi les groupes et alias"
"RITUALS","3","https://fr.fashionjobs.com/recrutement/rituals.html","SOURCE_DIRECTE_CATALOGUEE_A_CERTIFIER","A_QUALIFIER","NOM_OU_ALIAS_EXACT_CANDIDAT","cmtpjk6s927a5pf5la87dwntz","Rituals","NON","1145","254","254","0","251","NON_PERIMETRES_ET_FRAICHEUR_A_ATTESTER","rituals.com","rituals:ACTIVE","rituals","","WEBSITE_UNREADABLE","","","","","NON_CERTIFIE_PAR_CETTE_RECHERCHE","","Certifier identité, attribution et complétude de la source existante"
"RIVECOUR","3","https://fr.fashionjobs.com/recrutement/rivecour.html","COMPANY_PRESENTE_SANS_DIRECT_IDENTIFIE","A_QUALIFIER","NOM_OU_ALIAS_EXACT_CANDIDAT","cmtkdvxpz1srwnf2be10ot3rk","RIVECOUR","NON","0","0","0","0","-3","NON_PERIMETRES_ET_FRAICHEUR_A_ATTESTER","","","","","NO_WEBSITE_IN_PROFILE_OR_PROFILE_UNREADABLE","","","","","NON_CERTIFIE_PAR_CETTE_RECHERCHE","","Retrouver puis prouver le portail officiel; vérifier aussi les groupes et alias"
"ROOM SERVICE","3","https://fr.fashionjobs.com/recrutement/room-service.html","COMPANY_PRESENTE_SANS_DIRECT_IDENTIFIE","A_QUALIFIER","NOM_OU_ALIAS_EXACT_CANDIDAT","cmtkdvykk1t27nf2bys4t6v2k","ROOM SERVICE","NON","0","0","0","0","-3","NON_PERIMETRES_ET_FRAICHEUR_A_ATTESTER","","","","","NO_WEBSITE_IN_PROFILE_OR_PROFILE_UNREADABLE","","","","","NON_CERTIFIE_PAR_CETTE_RECHERCHE","","Retrouver puis prouver le portail officiel; vérifier aussi les groupes et alias"
"SOLO INVEST","3","https://fr.fashionjobs.com/recrutement/solo-invest.html","AUCUN_RAPPROCHEMENT_ETABLI","A_QUALIFIER","AUCUNE","","","NON","0","0","0","0","","NON_PERIMETRES_ET_FRAICHEUR_A_ATTESTER","","","","","NO_WEBSITE_IN_PROFILE_OR_PROFILE_UNREADABLE","","","","","NON_CERTIFIE_PAR_CETTE_RECHERCHE","","Retrouver puis prouver le portail officiel; vérifier aussi les groupes et alias"
"STEPHANE ROLLAND PARIS","3","https://fr.fashionjobs.com/recrutement/stephane-rolland-paris.html","COMPANY_PRESENTE_SANS_DIRECT_IDENTIFIE","A_QUALIFIER","NOM_OU_ALIAS_EXACT_CANDIDAT","cmtkdvvw71s8inf2bxr5gbjmp","STEPHANE ROLLAND PARIS","NON","0","0","0","0","-3","NON_PERIMETRES_ET_FRAICHEUR_A_ATTESTER","","","","","NO_WEBSITE_IN_PROFILE_OR_PROFILE_UNREADABLE","","","","","NON_CERTIFIE_PAR_CETTE_RECHERCHE","","Retrouver puis prouver le portail officiel; vérifier aussi les groupes et alias"
"TARTINE ET CHOCOLAT","3","https://fr.fashionjobs.com/recrutement/tartine-et-chocolat.html","COMPANY_PRESENTE_SANS_DIRECT_IDENTIFIE","A_QUALIFIER","NOM_OU_ALIAS_EXACT_CANDIDAT","cmtkdvvjy1s4cnf2bs9ugdulp","TARTINE ET CHOCOLAT","NON","0","0","0","0","-3","NON_PERIMETRES_ET_FRAICHEUR_A_ATTESTER","tartine-et-chocolat.com","","","","NO_CAREER_LINK_FOUND_ON_PAGES_READ","","https://tartine-et-chocolat.com/","","","NON_CERTIFIE_PAR_CETTE_RECHERCHE","","Retrouver puis prouver le portail officiel; vérifier aussi les groupes et alias"
"TBT CONCEPT","3","https://fr.fashionjobs.com/recrutement/tbt-concept.html","AUCUN_RAPPROCHEMENT_ETABLI","A_QUALIFIER","AUCUNE","","","NON","0","0","0","0","","NON_PERIMETRES_ET_FRAICHEUR_A_ATTESTER","","","","","NO_WEBSITE_IN_PROFILE_OR_PROFILE_UNREADABLE","","","","","NON_CERTIFIE_PAR_CETTE_RECHERCHE","","Retrouver puis prouver le portail officiel; vérifier aussi les groupes et alias"
"TERAN CONDE PARIS","3","https://fr.fashionjobs.com/recrutement/teran-conde-paris.html","COMPANY_PRESENTE_SANS_DIRECT_IDENTIFIE","A_QUALIFIER","NOM_OU_ALIAS_EXACT_CANDIDAT","cmtkdw3061ubonf2be8bqrbv7","TERAN CONDE PARIS","NON","0","0","0","0","-3","NON_PERIMETRES_ET_FRAICHEUR_A_ATTESTER","","","","","NO_WEBSITE_IN_PROFILE_OR_PROFILE_UNREADABLE","","","","","NON_CERTIFIE_PAR_CETTE_RECHERCHE","","Retrouver puis prouver le portail officiel; vérifier aussi les groupes et alias"
"THE FRANKIE SHOP","3","https://fr.fashionjobs.com/recrutement/the-frankie-shop.html","COMPANY_PRESENTE_SANS_DIRECT_IDENTIFIE","A_QUALIFIER","NOM_OU_ALIAS_EXACT_CANDIDAT","cmtkdvy4x1sxcnf2b93cyn46y","THE FRANKIE SHOP","NON","3","3","0","0","-3","NON_PERIMETRES_ET_FRAICHEUR_A_ATTESTER","","","","","NO_WEBSITE_IN_PROFILE_OR_PROFILE_UNREADABLE","","","","","NON_CERTIFIE_PAR_CETTE_RECHERCHE","","Retrouver puis prouver le portail officiel; vérifier aussi les groupes et alias"
"VERONICA BEARD","3","https://fr.fashionjobs.com/recrutement/veronica-beard.html","SOURCE_DIRECTE_CATALOGUEE_A_CERTIFIER","A_QUALIFIER","NOM_OU_ALIAS_EXACT_CANDIDAT","cmtlykan40ad4qf5ki13taw2h","Veronica Beard","NON","44","1","1","23","-2","NON_PERIMETRES_ET_FRAICHEUR_A_ATTESTER","veronicabeard.com","veronica-beard:ACTIVE","veronica-beard","","CAREER_LINKS_OBSERVED_REVIEW_REQUIRED","https://veronicabeard.com/pages/careers","https://veronicabeard.com/","","","NON_CERTIFIE_PAR_CETTE_RECHERCHE","","Certifier identité, attribution et complétude de la source existante"
"YVES SALOMON","3","https://fr.fashionjobs.com/recrutement/yves-salomon.html","COMPANY_PRESENTE_SANS_DIRECT_IDENTIFIE","A_QUALIFIER","NOM_OU_ALIAS_EXACT_CANDIDAT","cmtlq3uao1lxppg2bltvzk24o","YVES SALOMON","NON","0","0","0","0","-3","NON_PERIMETRES_ET_FRAICHEUR_A_ATTESTER","","","","","NO_WEBSITE_IN_PROFILE_OR_PROFILE_UNREADABLE","","","","","NON_CERTIFIE_PAR_CETTE_RECHERCHE","","Retrouver puis prouver le portail officiel; vérifier aussi les groupes et alias"
"23 MAI PARIS","2","https://fr.fashionjobs.com/recrutement/23-mai-paris.html","COMPANY_PRESENTE_SANS_DIRECT_IDENTIFIE","A_QUALIFIER","NOM_OU_ALIAS_EXACT_CANDIDAT","cmtkdvxpe1sronf2b4pgv8aru","23 MAI PARIS","NON","0","0","0","0","-2","NON_PERIMETRES_ET_FRAICHEUR_A_ATTESTER","","","","","NO_WEBSITE_IN_PROFILE_OR_PROFILE_UNREADABLE","","","","","NON_CERTIFIE_PAR_CETTE_RECHERCHE","","Retrouver puis prouver le portail officiel; vérifier aussi les groupes et alias"
"AGENCE DRESSCODE","2","https://fr.fashionjobs.com/recrutement/agence-dresscode.html","COMPANY_PRESENTE_SANS_DIRECT_IDENTIFIE","A_QUALIFIER","NOM_OU_ALIAS_EXACT_CANDIDAT","cmtkdvv6y1rzenf2bsoxju045","AGENCE DRESSCODE","NON","0","0","0","0","-2","NON_PERIMETRES_ET_FRAICHEUR_A_ATTESTER","","","","","NO_WEBSITE_IN_PROFILE_OR_PROFILE_UNREADABLE","","","","","NON_CERTIFIE_PAR_CETTE_RECHERCHE","","Retrouver puis prouver le portail officiel; vérifier aussi les groupes et alias"
"ALINE'S FASHION","2","https://fr.fashionjobs.com/recrutement/aline-s-fashion.html","AUCUN_RAPPROCHEMENT_ETABLI","A_QUALIFIER","AUCUNE","","","NON","0","0","0","0","","NON_PERIMETRES_ET_FRAICHEUR_A_ATTESTER","","","","","NO_WEBSITE_IN_PROFILE_OR_PROFILE_UNREADABLE","","","","","NON_CERTIFIE_PAR_CETTE_RECHERCHE","","Retrouver puis prouver le portail officiel; vérifier aussi les groupes et alias"
"AMESKA","2","https://fr.fashionjobs.com/recrutement/ameska.html","COMPANY_PRESENTE_SANS_DIRECT_IDENTIFIE","A_QUALIFIER","NOM_OU_ALIAS_EXACT_CANDIDAT","cmtkdvv2x1rxunf2b7qkds44w","AMESKA","NON","0","0","0","0","-2","NON_PERIMETRES_ET_FRAICHEUR_A_ATTESTER","","","","","NO_WEBSITE_IN_PROFILE_OR_PROFILE_UNREADABLE","","","","","NON_CERTIFIE_PAR_CETTE_RECHERCHE","","Retrouver puis prouver le portail officiel; vérifier aussi les groupes et alias"
"AMINA MUADDI","2","https://fr.fashionjobs.com/recrutement/amina-muaddi.html","COMPANY_PRESENTE_SANS_DIRECT_IDENTIFIE","A_QUALIFIER","NOM_OU_ALIAS_EXACT_CANDIDAT","cmtkdvuw81rvanf2b54k7a2ch","AMINA MUADDI","NON","0","0","0","0","-2","NON_PERIMETRES_ET_FRAICHEUR_A_ATTESTER","aminamuaddi.com","","","","WEBSITE_UNREADABLE","","","","","NON_CERTIFIE_PAR_CETTE_RECHERCHE","","Retrouver puis prouver le portail officiel; vérifier aussi les groupes et alias"
"AMOREPACIFIC","2","https://fr.fashionjobs.com/recrutement/amorepacific.html","COMPANY_PRESENTE_SANS_DIRECT_IDENTIFIE","A_QUALIFIER","NOM_OU_ALIAS_EXACT_CANDIDAT","cmtkdvup61rs5nf2baqharc22","AMOREPACIFIC","NON","1","1","0","0","-2","NON_PERIMETRES_ET_FRAICHEUR_A_ATTESTER","amorepacific.com","","","","WEBSITE_UNREADABLE","","","","","NON_CERTIFIE_PAR_CETTE_RECHERCHE","","Retrouver puis prouver le portail officiel; vérifier aussi les groupes et alias"
"ANGARDE","2","https://fr.fashionjobs.com/recrutement/angarde.html","AUCUN_RAPPROCHEMENT_ETABLI","A_QUALIFIER","AUCUNE","","","NON","0","0","0","0","","NON_PERIMETRES_ET_FRAICHEUR_A_ATTESTER","","","","","NO_WEBSITE_IN_PROFILE_OR_PROFILE_UNREADABLE","","","","","NON_CERTIFIE_PAR_CETTE_RECHERCHE","","Retrouver puis prouver le portail officiel; vérifier aussi les groupes et alias"
"ANNE FONTAINE","2","https://fr.fashionjobs.com/recrutement/anne-fontaine.html","COMPANY_PRESENTE_SANS_DIRECT_IDENTIFIE","A_QUALIFIER","NOM_OU_ALIAS_EXACT_CANDIDAT","cmtnac1rh2smcqq5lnrpu7crl","ANNE FONTAINE","NON","0","0","0","0","-2","NON_PERIMETRES_ET_FRAICHEUR_A_ATTESTER","annefontaine.com","","","","WEBSITE_UNREADABLE","","","","","NON_CERTIFIE_PAR_CETTE_RECHERCHE","","Retrouver puis prouver le portail officiel; vérifier aussi les groupes et alias"
"ANNELISE MICHELSON","2","https://fr.fashionjobs.com/recrutement/annelise-michelson.html","AUCUN_RAPPROCHEMENT_ETABLI","A_QUALIFIER","AUCUNE","","","NON","0","0","0","0","","NON_PERIMETRES_ET_FRAICHEUR_A_ATTESTER","","","","","NO_WEBSITE_IN_PROFILE_OR_PROFILE_UNREADABLE","","","","","NON_CERTIFIE_PAR_CETTE_RECHERCHE","","Retrouver puis prouver le portail officiel; vérifier aussi les groupes et alias"
"ANTOINE ET LILI","2","https://fr.fashionjobs.com/recrutement/antoine-et-lili.html","COMPANY_PRESENTE_SANS_DIRECT_IDENTIFIE","A_QUALIFIER","NOM_OU_ALIAS_EXACT_CANDIDAT","cmtoq4zay2zxkqq4zn3e3scsq","ANTOINE ET LILI","NON","0","0","0","0","-2","NON_PERIMETRES_ET_FRAICHEUR_A_ATTESTER","antoineetlili.com","","","","WEBSITE_UNREADABLE","","","","","NON_CERTIFIE_PAR_CETTE_RECHERCHE","","Retrouver puis prouver le portail officiel; vérifier aussi les groupes et alias"
"APOSTROPHE","2","https://fr.fashionjobs.com/recrutement/apostrophe.html","COMPANY_PRESENTE_SANS_DIRECT_IDENTIFIE","A_QUALIFIER","NOM_OU_ALIAS_EXACT_CANDIDAT","cmtkdvuc91rmsnf2bcgwxwjng","APOSTROPHE","NON","0","0","0","0","-2","NON_PERIMETRES_ET_FRAICHEUR_A_ATTESTER","apostrophe-paris.com","","","","WEBSITE_UNREADABLE","","","","","NON_CERTIFIE_PAR_CETTE_RECHERCHE","","Retrouver puis prouver le portail officiel; vérifier aussi les groupes et alias"
"ARMINE OHANYAN PARIS","2","https://fr.fashionjobs.com/recrutement/armine-ohanyan-paris.html","COMPANY_PRESENTE_SANS_DIRECT_IDENTIFIE","A_QUALIFIER","NOM_OU_ALIAS_EXACT_CANDIDAT","cmtlq3u9u1lxipg2b9gu9rfdx","ARMINE OHANYAN PARIS","NON","0","0","0","0","-2","NON_PERIMETRES_ET_FRAICHEUR_A_ATTESTER","","","","","NO_WEBSITE_IN_PROFILE_OR_PROFILE_UNREADABLE","","","","","NON_CERTIFIE_PAR_CETTE_RECHERCHE","","Retrouver puis prouver le portail officiel; vérifier aussi les groupes et alias"
"AROP","2","https://fr.fashionjobs.com/recrutement/arop.html","AUCUN_RAPPROCHEMENT_ETABLI","A_QUALIFIER","AUCUNE","","","NON","0","0","0","0","","NON_PERIMETRES_ET_FRAICHEUR_A_ATTESTER","","","","","NO_WEBSITE_IN_PROFILE_OR_PROFILE_UNREADABLE","","","","","NON_CERTIFIE_PAR_CETTE_RECHERCHE","","Retrouver puis prouver le portail officiel; vérifier aussi les groupes et alias"
"ARQÉ PARIS","2","https://fr.fashionjobs.com/recrutement/arqe-paris.html","COMPANY_PRESENTE_SANS_DIRECT_IDENTIFIE","A_QUALIFIER","NOM_OU_ALIAS_EXACT_CANDIDAT","cmtkdw1zi1tytnf2b64w6fbuf","ARQÉ PARIS","NON","0","0","0","0","-2","NON_PERIMETRES_ET_FRAICHEUR_A_ATTESTER","","","","","NO_WEBSITE_IN_PROFILE_OR_PROFILE_UNREADABLE","","","","","NON_CERTIFIE_PAR_CETTE_RECHERCHE","","Retrouver puis prouver le portail officiel; vérifier aussi les groupes et alias"
"ARTCARE","2","https://fr.fashionjobs.com/recrutement/artcare.html","AUCUN_RAPPROCHEMENT_ETABLI","A_QUALIFIER","AUCUNE","","","NON","0","0","0","0","","NON_PERIMETRES_ET_FRAICHEUR_A_ATTESTER","","","","","NO_WEBSITE_IN_PROFILE_OR_PROFILE_UNREADABLE","","","","","NON_CERTIFIE_PAR_CETTE_RECHERCHE","","Retrouver puis prouver le portail officiel; vérifier aussi les groupes et alias"
"ATELIER AMELOT","2","https://fr.fashionjobs.com/recrutement/atelier-amelot.html","AUCUN_RAPPROCHEMENT_ETABLI","A_QUALIFIER","AUCUNE","","","NON","0","0","0","0","","NON_PERIMETRES_ET_FRAICHEUR_A_ATTESTER","","","","","NO_WEBSITE_IN_PROFILE_OR_PROFILE_UNREADABLE","","","","","NON_CERTIFIE_PAR_CETTE_RECHERCHE","","Retrouver puis prouver le portail officiel; vérifier aussi les groupes et alias"
"ATELIER MARICHA","2","https://fr.fashionjobs.com/recrutement/atelier-maricha.html","AUCUN_RAPPROCHEMENT_ETABLI","A_QUALIFIER","AUCUNE","","","NON","0","0","0","0","","NON_PERIMETRES_ET_FRAICHEUR_A_ATTESTER","","","","","NO_WEBSITE_IN_PROFILE_OR_PROFILE_UNREADABLE","","","","","NON_CERTIFIE_PAR_CETTE_RECHERCHE","","Retrouver puis prouver le portail officiel; vérifier aussi les groupes et alias"
"ATELSON","2","https://fr.fashionjobs.com/recrutement/atelson.html","COMPANY_PRESENTE_SANS_DIRECT_IDENTIFIE","A_QUALIFIER","NOM_OU_ALIAS_EXACT_CANDIDAT","cmtkdvxza1sv6nf2b7a3h5njr","ATELSON","NON","0","0","0","0","-2","NON_PERIMETRES_ET_FRAICHEUR_A_ATTESTER","","","","","NO_WEBSITE_IN_PROFILE_OR_PROFILE_UNREADABLE","","","","","NON_CERTIFIE_PAR_CETTE_RECHERCHE","","Retrouver puis prouver le portail officiel; vérifier aussi les groupes et alias"
"AUTREMENT PR","2","https://fr.fashionjobs.com/recrutement/autrement-pr.html","COMPANY_PRESENTE_SANS_DIRECT_IDENTIFIE","A_QUALIFIER","NOM_OU_ALIAS_EXACT_CANDIDAT","cmtkdw2a91u2wnf2bq23iunzg","AUTREMENT PR","NON","0","0","0","0","-2","NON_PERIMETRES_ET_FRAICHEUR_A_ATTESTER","","","","","NO_WEBSITE_IN_PROFILE_OR_PROFILE_UNREADABLE","","","","","NON_CERTIFIE_PAR_CETTE_RECHERCHE","","Retrouver puis prouver le portail officiel; vérifier aussi les groupes et alias"
"BARBARA BUI","2","https://fr.fashionjobs.com/recrutement/barbara-bui.html","COMPANY_PRESENTE_SANS_DIRECT_IDENTIFIE","A_QUALIFIER","NOM_OU_ALIAS_EXACT_CANDIDAT","cmtkdw20z1tzdnf2brufdm9gd","BARBARA BUI","NON","0","0","0","0","-2","NON_PERIMETRES_ET_FRAICHEUR_A_ATTESTER","barbarabui.com","","","","NO_CAREER_LINK_FOUND_ON_PAGES_READ","","https://barbarabui.com/","","","NON_CERTIFIE_PAR_CETTE_RECHERCHE","","Retrouver puis prouver le portail officiel; vérifier aussi les groupes et alias"
"BARRIE","2","https://fr.fashionjobs.com/recrutement/barrie.html","AUCUN_RAPPROCHEMENT_ETABLI","A_QUALIFIER","AUCUNE","","","NON","0","0","0","0","","NON_PERIMETRES_ET_FRAICHEUR_A_ATTESTER","","","","","NO_CAREER_LINK_FOUND_ON_PAGES_READ","","https://www.barrie.com/","","","NON_CERTIFIE_PAR_CETTE_RECHERCHE","","Retrouver puis prouver le portail officiel; vérifier aussi les groupes et alias"
"BENSIMON","2","https://fr.fashionjobs.com/recrutement/bensimon.html","AUCUN_RAPPROCHEMENT_ETABLI","A_QUALIFIER","AUCUNE","","","NON","0","0","0","0","","NON_PERIMETRES_ET_FRAICHEUR_A_ATTESTER","","","","","WEBSITE_UNREADABLE","","","","","NON_CERTIFIE_PAR_CETTE_RECHERCHE","","Retrouver puis prouver le portail officiel; vérifier aussi les groupes et alias"
"BOÍA PARIS","2","https://fr.fashionjobs.com/recrutement/boia-paris.html","AUCUN_RAPPROCHEMENT_ETABLI","A_QUALIFIER","AUCUNE","","","NON","0","0","0","0","","NON_PERIMETRES_ET_FRAICHEUR_A_ATTESTER","","","","","NO_WEBSITE_IN_PROFILE_OR_PROFILE_UNREADABLE","","","","","NON_CERTIFIE_PAR_CETTE_RECHERCHE","","Retrouver puis prouver le portail officiel; vérifier aussi les groupes et alias"
"BUCHERER FRANCE","2","https://fr.fashionjobs.com/recrutement/bucherer-france.html","AUCUN_RAPPROCHEMENT_ETABLI","A_QUALIFIER","AUCUNE","","","NON","0","0","0","0","","NON_PERIMETRES_ET_FRAICHEUR_A_ATTESTER","","","","","NO_WEBSITE_IN_PROFILE_OR_PROFILE_UNREADABLE","","","","","NON_CERTIFIE_PAR_CETTE_RECHERCHE","","Retrouver puis prouver le portail officiel; vérifier aussi les groupes et alias"
"BUREAU BLANQO","2","https://fr.fashionjobs.com/recrutement/bureau-blanqo.html","AUCUN_RAPPROCHEMENT_ETABLI","A_QUALIFIER","AUCUNE","","","NON","0","0","0","0","","NON_PERIMETRES_ET_FRAICHEUR_A_ATTESTER","","","","","NO_WEBSITE_IN_PROFILE_OR_PROFILE_UNREADABLE","","","","","NON_CERTIFIE_PAR_CETTE_RECHERCHE","","Retrouver puis prouver le portail officiel; vérifier aussi les groupes et alias"
"C-LOG","2","https://fr.fashionjobs.com/recrutement/c-log.html","SOURCE_DIRECTE_CATALOGUEE_A_CERTIFIER","A_QUALIFIER","NOM_OU_ALIAS_EXACT_CANDIDAT","cmtm7uctm10yypv5jyqjvi6le","Clog","NON","35","35","35","0","33","NON_PERIMETRES_ET_FRAICHEUR_A_ATTESTER","clog.fr","","element-6","","WEBSITE_UNREADABLE","","","","","NON_CERTIFIE_PAR_CETTE_RECHERCHE","","Certifier identité, attribution et complétude de la source existante"
"CAMPER","2","https://fr.fashionjobs.com/recrutement/camper.html","SOURCE_DIRECTE_CATALOGUEE_A_CERTIFIER","A_QUALIFIER","NOM_OU_ALIAS_EXACT_CANDIDAT","cmtlq3uim1m0gpg2bcbdwtixo","CAMPER","NON","43","5","5","4","3","NON_PERIMETRES_ET_FRAICHEUR_A_ATTESTER","camper.com","camper:ACTIVE","camper","","WEBSITE_UNREADABLE","","","","","NON_CERTIFIE_PAR_CETTE_RECHERCHE","","Certifier identité, attribution et complétude de la source existante"
"CELIO","2","https://fr.fashionjobs.com/recrutement/celio.html","SOURCE_DIRECTE_CATALOGUEE_A_CERTIFIER","A_QUALIFIER","NOM_OU_ALIAS_EXACT_CANDIDAT","cmtlygar301pjqf5k29qof7s7","celio","NON","8","8","8","0","6","NON_PERIMETRES_ET_FRAICHEUR_A_ATTESTER","celio.com","celio:ACTIVE","celio","","WEBSITE_UNREADABLE","","","","","NON_CERTIFIE_PAR_CETTE_RECHERCHE","","Certifier identité, attribution et complétude de la source existante"
"CHLOÉ SAS","2","https://fr.fashionjobs.com/recrutement/chloe-sas.html","SOURCE_DIRECTE_CATALOGUEE_A_CERTIFIER","A_QUALIFIER","REGLE_CANONIQUE_CANDIDATE","cmtkdvutp1ru9nf2bbqeq9stw","Chloe","NON","25","25","25","0","23","NON_PERIMETRES_ET_FRAICHEUR_A_ATTESTER","chloe.com","","richemont-workday | richemont","","WEBSITE_UNREADABLE","","","","","NON_CERTIFIE_PAR_CETTE_RECHERCHE","","Certifier identité, attribution et complétude de la source existante"
"COM DEMAIN","2","https://fr.fashionjobs.com/recrutement/com-demain.html","COMPANY_PRESENTE_SANS_DIRECT_IDENTIFIE","A_QUALIFIER","NOM_OU_ALIAS_EXACT_CANDIDAT","cmtkdvvn31s4znf2ba3q5d95e","COM DEMAIN","NON","0","0","0","0","-2","NON_PERIMETRES_ET_FRAICHEUR_A_ATTESTER","","","","","NO_WEBSITE_IN_PROFILE_OR_PROFILE_UNREADABLE","","","","","NON_CERTIFIE_PAR_CETTE_RECHERCHE","","Retrouver puis prouver le portail officiel; vérifier aussi les groupes et alias"
"COTY","2","https://fr.fashionjobs.com/recrutement/coty.html","AUCUN_RAPPROCHEMENT_ETABLI","A_QUALIFIER","AUCUNE","","","NON","0","0","0","0","","NON_PERIMETRES_ET_FRAICHEUR_A_ATTESTER","","","","","CAREER_LINKS_OBSERVED_REVIEW_REQUIRED","https://www.coty.com/your-career | https://careers.coty.com/go/Open-Positions/8765801 | https://careers.coty.com/ | https://www.coty.com/your-career/?cid=success_factor_your_career | https://careers.coty.com/talentcommunity/subscribe/?locale=en_US | https://careers.coty.com/job/Darmstadt-Senior-Digital-Media-Manager-%28mwd%29-HE-64295/1394173633/ | https://careers.coty.com/job/Darmstadt-Senior-Key-Account-Manager-Luxury-Retail-%28mwd%29-HE-64295/1055956301/ | https://careers.coty.com/job/Paris-Internship-ESCADA-Fragrances-J-75002/1434937933/ | https://careers.coty.com/job/Sanford-%28NC%29-PIT-Operator-NC-27332/1434960033/ | https://careers.coty.com/job/Miami-LDM-Customer-Service-Specialist-Intern-FL-33131/1435021833/ | https://careers.coty.com/job/Amsterdam-Global-Procurement-Director-IT-Digital-&-OBS-NH-1082-VA/1384174533/ | https://careers.coty.com/job/Barcelona-Commercial-Internship-Program-Iberia-B-08005/1161246601/ | https://careers.coty.com/job/Paris-Prestige-Sales-Controller-%286-month-contract%29-75-75017/1434480433/ | https://careers.coty.com/job/Paris-Finance-Analyst-J-75002/1434486333/ | https://careers.coty.com/job/Anchorage-Sales-Intern-NH-1082VA/1413999233/ | https://careers.coty.com/job/Shanghai-Assistant-KA-Manager-SH-20000/1413663933/ | https://careers.coty.com/job/Darmstadt-Key-Account-Manager-%28mwd%29-HE-64295/1393227733/ | https://careers.coty.com/job/Barcelona-Hub-Product-Lifecycle-Planner-B-08018/1406147933/ | https://careers.coty.com/job/Bentonville-Category-Analyst%2C-Walmart-Beauty-AR-72712/1424447833/ | https://careers.coty.com/job/Belcamp-Facilities-Team-Leader-MD-21017/1403045733/ | https://careers.coty.com/job/Barcelona-Hub-Demand-Intern-B-08018/1413172933/ | https://careers.coty.com/job/London-National-Account-Manager-Boots-Max-Factor-&-Sally-Hansen-LND-SW19-4DR/1413404333/ | https://careers.coty.com/job/Paris-Assistant_e-DTC-E-Commerce-75-75017/1373126833/ | https://careers.coty.com/job/New-York-Sr-Manager%2C-Strategic-Revenue-Management-%28SRM%29-NY-10118/1424013133/ | https://careers.coty.com/job/Toronto-National-Account-Manager%2C-Prestige-ON-M5H4H2/1404043533/ | https://careers.coty.com/job/New-York-Brand-Manager%2C-Global-Marc-Jacobs-Makeup-NY-10118/1434125733/ | https://careers.coty.com/job/Singapore-Sales-Operations-Intern%2C-Travel-Retail-ISA-01-238164/1434010833/ | https://careers.coty.com/job/New-York-Senior-Manager%2C-Influencer-Marketing-NY-10118/1434149533/ | https://careers.coty.com/job/Kuala-Lumpur-Marketing-Intern-10-47810/1434065233/ | https://careers.coty.com/job/Darmstadt-Social-Media-&-Content-Creator-Intern-HE-64295/1423474833/ | https://careers.coty.com/job/Granollers-Line-Engineer-B-08400/1423238133/ | https://careers.coty.com/job/Paris-Brand-Content-Production-Intern-J-75002/1433467233/ | https://careers.coty.com/job/Shanghai-Business-Analytics-&-Digital-Manager-SH-20000/1433208433/ | https://careers.coty.com/job/Paris-CMI-Analytics-&-Strategy-Intern-J-75002/1433298433/ | https://careers.coty.com/job/Shanghai-Merchandising-and-Promotion-Manager-SH-20000/1433208333/ | https://careers.coty.com/job/Paris-Media-Analytics-assistant-J-75002/1433440133/ | https://careers.coty.com/job/Paris-Global-Business-Development%C2%A0-Internship-J-75002/1433290033/ | https://careers.coty.com/job/Darmstadt-Intern-Marketing-%28mwd%29-Consumer-Beauty-HE-69062/1423061333/ | https://careers.coty.com/job/London-Procurement-Senior-Manager%2C-Advertising-&-Consumer-Promotions-%28UKI%29-LND-SW19-4DR/1411655033/ | https://careers.coty.com/job/Hunt-Valley-Process-Engineer-Co-Op-MD-21030-2005/1423127733/ | https://careers.coty.com/job/Shanghai-Marketing-Executive-SH-20000/1432882733/ | https://careers.coty.com/job/Paris-INTERNATIONAL-MEDIA-ASSISTANT-J-75002/1433092833/ | https://careers.coty.com/job/Barcelona-HR-Operations-Intern-B-08005/1433093333/ | https://careers.coty.com/job/Toronto-Marketing-Intern-CoverGirl-&-Rimmel-London-ON-M5H4H2/1422553833/ | https://careers.coty.com/job/Belcamp-Process-Engineer-Co-Op-MD-21017/1422530633/ | https://careers.coty.com/job/Amsterdam-Road-Transport-Transformation-Manager-NH-1082VA/1422200733/ | https://careers.coty.com/job/New-York-E-Commerce-Manager%2C-Sephora_com-NY-10118/1422364033/ | https://careers.coty.com/job/Sanford-%28NC%29-RDM-Planning-Co-Op-NC-27330/1432681233/ | https://careers.coty.com/job/Darmstadt-Senior-FP&A-Manager-HE-64295/1432624033/ | https://careers.coty.com/job/Warsaw-Domaniewska-Retail-Merchandising-Manager-CEE-MZ-02-672/1432297433/ | https://careers.coty.com/job/Darmstadt-Senior-Digital-Media-Trading-Manager-%28mwd%29-HE-64295/1401424833/ | https://careers.coty.com/job/Shanghai-Packaging-Developer-SH-200000/1431763533/ | https://careers.coty.com/job/Singapore-Travel-Retail-Commercial-Intern-01-238164/1432043333/ | https://careers.coty.com/job/Barcelona-Marketing-Consumer-Beauty-Intern-B-08005/1431908833/ | https://careers.coty.com/job/New-York-Global-Media-Manager-NY-10118/1432098333/ | https://careers.coty.com/search/","https://www.coty.com/","","","NON_CERTIFIE_PAR_CETTE_RECHERCHE","","Retrouver puis prouver le portail officiel; vérifier aussi les groupes et alias"
"CRUSH AGENCY","2","https://fr.fashionjobs.com/recrutement/crush-agency.html","AUCUN_RAPPROCHEMENT_ETABLI","A_QUALIFIER","AUCUNE","","","NON","0","0","0","0","","NON_PERIMETRES_ET_FRAICHEUR_A_ATTESTER","","","","","NO_WEBSITE_IN_PROFILE_OR_PROFILE_UNREADABLE","","","","","NON_CERTIFIE_PAR_CETTE_RECHERCHE","","Retrouver puis prouver le portail officiel; vérifier aussi les groupes et alias"
"DE BONNE FACTURE","2","https://fr.fashionjobs.com/recrutement/de-bonne-facture.html","COMPANY_PRESENTE_SANS_DIRECT_IDENTIFIE","A_QUALIFIER","NOM_OU_ALIAS_EXACT_CANDIDAT","cmtkdvwfb1sdxnf2bbn7x3fcw","DE BONNE FACTURE","NON","0","0","0","0","-2","NON_PERIMETRES_ET_FRAICHEUR_A_ATTESTER","","","","","WEBSITE_UNREADABLE","","","","","NON_CERTIFIE_PAR_CETTE_RECHERCHE","","Retrouver puis prouver le portail officiel; vérifier aussi les groupes et alias"
"DREAMABLE","2","https://fr.fashionjobs.com/recrutement/dreamable.html","AUCUN_RAPPROCHEMENT_ETABLI","A_QUALIFIER","AUCUNE","","","NON","0","0","0","0","","NON_PERIMETRES_ET_FRAICHEUR_A_ATTESTER","","","","","NO_WEBSITE_IN_PROFILE_OR_PROFILE_UNREADABLE","","","","","NON_CERTIFIE_PAR_CETTE_RECHERCHE","","Retrouver puis prouver le portail officiel; vérifier aussi les groupes et alias"
"DRÔLE DE MONSIEUR","2","https://fr.fashionjobs.com/recrutement/drole-de-monsieur.html","COMPANY_PRESENTE_SANS_DIRECT_IDENTIFIE","A_QUALIFIER","NOM_OU_ALIAS_EXACT_CANDIDAT","cmtkdw2df1u3znf2b5d65u1xm","DRÔLE DE MONSIEUR","NON","0","0","0","0","-2","NON_PERIMETRES_ET_FRAICHEUR_A_ATTESTER","droledemonsieur.com","","","","CAREER_LINKS_OBSERVED_REVIEW_REQUIRED","","https://droledemonsieur.com/","","","NON_CERTIFIE_PAR_CETTE_RECHERCHE","","Retrouver puis prouver le portail officiel; vérifier aussi les groupes et alias"
"EGONLAB","2","https://fr.fashionjobs.com/recrutement/egonlab.html","COMPANY_PRESENTE_SANS_DIRECT_IDENTIFIE","A_QUALIFIER","NOM_OU_ALIAS_EXACT_CANDIDAT","cmtkdvvei1s28nf2b4btt1vo3","EGONLAB","NON","0","0","0","0","-2","NON_PERIMETRES_ET_FRAICHEUR_A_ATTESTER","","","","","NO_WEBSITE_IN_PROFILE_OR_PROFILE_UNREADABLE","","","","","NON_CERTIFIE_PAR_CETTE_RECHERCHE","","Retrouver puis prouver le portail officiel; vérifier aussi les groupes et alias"
"ERNEST LEOTY","2","https://fr.fashionjobs.com/recrutement/ernest-leoty.html","COMPANY_PRESENTE_SANS_DIRECT_IDENTIFIE","A_QUALIFIER","NOM_OU_ALIAS_EXACT_CANDIDAT","cmtkdw3hi1uhqnf2b62dz5l8t","ERNEST LEOTY","NON","0","0","0","0","-2","NON_PERIMETRES_ET_FRAICHEUR_A_ATTESTER","","","","","NO_WEBSITE_IN_PROFILE_OR_PROFILE_UNREADABLE","","","","","NON_CERTIFIE_PAR_CETTE_RECHERCHE","","Retrouver puis prouver le portail officiel; vérifier aussi les groupes et alias"
"EXE WORLDWIDE","2","https://fr.fashionjobs.com/recrutement/exe-worldwide.html","COMPANY_PRESENTE_SANS_DIRECT_IDENTIFIE","A_QUALIFIER","NOM_OU_ALIAS_EXACT_CANDIDAT","cmtkdw13q1tq3nf2b0uw3elbs","EXE WORLDWIDE","NON","2","2","0","0","-2","NON_PERIMETRES_ET_FRAICHEUR_A_ATTESTER","","","","","NO_WEBSITE_IN_PROFILE_OR_PROFILE_UNREADABLE","","","","","NON_CERTIFIE_PAR_CETTE_RECHERCHE","","Retrouver puis prouver le portail officiel; vérifier aussi les groupes et alias"
"FOUNDRY MODE","2","https://fr.fashionjobs.com/recrutement/foundry-mode.html","COMPANY_PRESENTE_SANS_DIRECT_IDENTIFIE","A_QUALIFIER","NOM_OU_ALIAS_EXACT_CANDIDAT","cmtkdvvm81s4pnf2b3ej52h46","FOUNDRY MODE","NON","0","0","0","0","-2","NON_PERIMETRES_ET_FRAICHEUR_A_ATTESTER","","","","","NO_WEBSITE_IN_PROFILE_OR_PROFILE_UNREADABLE","","","","","NON_CERTIFIE_PAR_CETTE_RECHERCHE","","Retrouver puis prouver le portail officiel; vérifier aussi les groupes et alias"
"GAS BIJOUX","2","https://fr.fashionjobs.com/recrutement/gas-bijoux.html","COMPANY_PRESENTE_SANS_DIRECT_IDENTIFIE","A_QUALIFIER","NOM_OU_ALIAS_EXACT_CANDIDAT","cmtkdvzmt1t9nnf2bfm84y91x","GAS BIJOUX","NON","2","2","0","0","-2","NON_PERIMETRES_ET_FRAICHEUR_A_ATTESTER","gasbijoux.com","","","","CAREER_LINKS_OBSERVED_REVIEW_REQUIRED","https://gasbijoux.com/pages/recrutement | https://gasbijoux.factorial.fr/","https://gasbijoux.com/","","","NON_CERTIFIE_PAR_CETTE_RECHERCHE","","Retrouver puis prouver le portail officiel; vérifier aussi les groupes et alias"
"GOOD MORNING","2","https://fr.fashionjobs.com/recrutement/good-morning.html","AUCUN_RAPPROCHEMENT_ETABLI","A_QUALIFIER","AUCUNE","","","NON","0","0","0","0","","NON_PERIMETRES_ET_FRAICHEUR_A_ATTESTER","","","","","NO_WEBSITE_IN_PROFILE_OR_PROFILE_UNREADABLE","","","","","NON_CERTIFIE_PAR_CETTE_RECHERCHE","","Retrouver puis prouver le portail officiel; vérifier aussi les groupes et alias"
"GRACE & MILA","2","https://fr.fashionjobs.com/recrutement/grace-mila.html","AUCUN_RAPPROCHEMENT_ETABLI","A_QUALIFIER","AUCUNE","","","NON","0","0","0","0","","NON_PERIMETRES_ET_FRAICHEUR_A_ATTESTER","","","","","NO_WEBSITE_IN_PROFILE_OR_PROFILE_UNREADABLE","","","","","NON_CERTIFIE_PAR_CETTE_RECHERCHE","","Retrouver puis prouver le portail officiel; vérifier aussi les groupes et alias"
"GROUPE JEAN-FRANCOIS PIEGE","2","https://fr.fashionjobs.com/recrutement/groupe-jean-francois-piege.html","COMPANY_PRESENTE_SANS_DIRECT_IDENTIFIE","A_QUALIFIER","NOM_OU_ALIAS_EXACT_CANDIDAT","cmtkdvw6s1sbinf2bovqz2f5g","GROUPE JEAN-FRANCOIS PIEGE","NON","0","0","0","0","-2","NON_PERIMETRES_ET_FRAICHEUR_A_ATTESTER","","","","","NO_WEBSITE_IN_PROFILE_OR_PROFILE_UNREADABLE","","","","","NON_CERTIFIE_PAR_CETTE_RECHERCHE","","Retrouver puis prouver le portail officiel; vérifier aussi les groupes et alias"
"GROUPE MARIE CLAIRE","2","https://fr.fashionjobs.com/recrutement/groupe-marie-claire.html","COMPANY_PRESENTE_SANS_DIRECT_IDENTIFIE","A_QUALIFIER","NOM_OU_ALIAS_EXACT_CANDIDAT","cmtkdvxds1so6nf2bcqgzudhz","GROUPE MARIE CLAIRE","NON","0","0","0","0","-2","NON_PERIMETRES_ET_FRAICHEUR_A_ATTESTER","","","","","NO_WEBSITE_IN_PROFILE_OR_PROFILE_UNREADABLE","","","","","NON_CERTIFIE_PAR_CETTE_RECHERCHE","","Retrouver puis prouver le portail officiel; vérifier aussi les groupes et alias"
"GROUPE RAUTUREAU APPLE SHOES","2","https://fr.fashionjobs.com/recrutement/groupe-rautureau-apple-shoes.html","COMPANY_PRESENTE_SANS_DIRECT_IDENTIFIE","A_QUALIFIER","NOM_OU_ALIAS_EXACT_CANDIDAT","cmtkdw2wv1ualnf2ba5xa96hn","GROUPE RAUTUREAU APPLE SHOES","NON","0","0","0","0","-2","NON_PERIMETRES_ET_FRAICHEUR_A_ATTESTER","","","","","NO_WEBSITE_IN_PROFILE_OR_PROFILE_UNREADABLE","","","","","NON_CERTIFIE_PAR_CETTE_RECHERCHE","","Retrouver puis prouver le portail officiel; vérifier aussi les groupes et alias"
"HÉROÏNES !","2","https://fr.fashionjobs.com/recrutement/heroines-.html","COMPANY_PRESENTE_SANS_DIRECT_IDENTIFIE","A_QUALIFIER","NOM_OU_ALIAS_EXACT_CANDIDAT","cmtkdvuec1rnjnf2bufb7jic1","HÉROÏNES !","NON","0","0","0","0","-2","NON_PERIMETRES_ET_FRAICHEUR_A_ATTESTER","heroines.fr","","","","NO_CAREER_LINK_FOUND_ON_PAGES_READ","","https://www.heroines.fr/","","","NON_CERTIFIE_PAR_CETTE_RECHERCHE","","Retrouver puis prouver le portail officiel; vérifier aussi les groupes et alias"
"HERVE DOMAR PARIS","2","https://fr.fashionjobs.com/recrutement/herve-domar-paris.html","AUCUN_RAPPROCHEMENT_ETABLI","A_QUALIFIER","AUCUNE","","","NON","0","0","0","0","","NON_PERIMETRES_ET_FRAICHEUR_A_ATTESTER","","","","","NO_WEBSITE_IN_PROFILE_OR_PROFILE_UNREADABLE","","","","","NON_CERTIFIE_PAR_CETTE_RECHERCHE","","Retrouver puis prouver le portail officiel; vérifier aussi les groupes et alias"
"HUSBANDS PARIS","2","https://fr.fashionjobs.com/recrutement/husbands-paris.html","AUCUN_RAPPROCHEMENT_ETABLI","A_QUALIFIER","AUCUNE","","","NON","0","0","0","0","","NON_PERIMETRES_ET_FRAICHEUR_A_ATTESTER","","","","","CAREER_LINKS_OBSERVED_REVIEW_REQUIRED","https://husbands-paris.com/pages/carrieres","https://husbands-paris.com/","","","NON_CERTIFIE_PAR_CETTE_RECHERCHE","","Retrouver puis prouver le portail officiel; vérifier aussi les groupes et alias"
"INCLUSYV AGENCY","2","https://fr.fashionjobs.com/recrutement/inclusyv-agency.html","AUCUN_RAPPROCHEMENT_ETABLI","A_QUALIFIER","AUCUNE","","","NON","0","0","0","0","","NON_PERIMETRES_ET_FRAICHEUR_A_ATTESTER","","","","","NO_WEBSITE_IN_PROFILE_OR_PROFILE_UNREADABLE","","","","","NON_CERTIFIE_PAR_CETTE_RECHERCHE","","Retrouver puis prouver le portail officiel; vérifier aussi les groupes et alias"
"IRIDESCENCE BIJOUX","2","https://fr.fashionjobs.com/recrutement/iridescence-bijoux.html","COMPANY_PRESENTE_SANS_DIRECT_IDENTIFIE","A_QUALIFIER","NOM_OU_ALIAS_EXACT_CANDIDAT","cmtp868om3rkqqq4z6mef2dsi","IRIDESCENCE BIJOUX","NON","2","2","0","0","-2","NON_PERIMETRES_ET_FRAICHEUR_A_ATTESTER","iridescence-bijoux.fr","","","","NO_CAREER_LINK_FOUND_ON_PAGES_READ","","https://iridescence-bijoux.fr/","","","NON_CERTIFIE_PAR_CETTE_RECHERCHE","","Retrouver puis prouver le portail officiel; vérifier aussi les groupes et alias"
"ISTITUTO MARANGONI PARIS","2","https://fr.fashionjobs.com/recrutement/istituto-marangoni-paris.html","COMPANY_PRESENTE_SANS_DIRECT_IDENTIFIE","A_QUALIFIER","NOM_OU_ALIAS_EXACT_CANDIDAT","cmtkdvy0b1svhnf2b0j2ruzkm","ISTITUTO MARANGONI PARIS","NON","2","2","0","0","-2","NON_PERIMETRES_ET_FRAICHEUR_A_ATTESTER","","","","","NO_WEBSITE_IN_PROFILE_OR_PROFILE_UNREADABLE","","","","","NON_CERTIFIE_PAR_CETTE_RECHERCHE","","Retrouver puis prouver le portail officiel; vérifier aussi les groupes et alias"
"JULIA HEUER SAS","2","https://fr.fashionjobs.com/recrutement/julia-heuer-sas.html","COMPANY_PRESENTE_SANS_DIRECT_IDENTIFIE","A_QUALIFIER","NOM_OU_ALIAS_EXACT_CANDIDAT","cmtkdvv4e1ryenf2bcfyixskr","JULIA HEUER SAS","NON","0","0","0","0","-2","NON_PERIMETRES_ET_FRAICHEUR_A_ATTESTER","","","","","NO_WEBSITE_IN_PROFILE_OR_PROFILE_UNREADABLE","","","","","NON_CERTIFIE_PAR_CETTE_RECHERCHE","","Retrouver puis prouver le portail officiel; vérifier aussi les groupes et alias"
"KAEMA","2","https://fr.fashionjobs.com/recrutement/kaema.html","COMPANY_PRESENTE_SANS_DIRECT_IDENTIFIE","A_QUALIFIER","NOM_OU_ALIAS_EXACT_CANDIDAT","cmtlq3ugp1lzrpg2baog6dlca","KAEMA","NON","0","0","0","0","-2","NON_PERIMETRES_ET_FRAICHEUR_A_ATTESTER","","","","","NO_WEBSITE_IN_PROFILE_OR_PROFILE_UNREADABLE","","","","","NON_CERTIFIE_PAR_CETTE_RECHERCHE","","Retrouver puis prouver le portail officiel; vérifier aussi les groupes et alias"
"KCD PARIS","2","https://fr.fashionjobs.com/recrutement/kcd-paris.html","COMPANY_PRESENTE_SANS_DIRECT_IDENTIFIE","A_QUALIFIER","NOM_OU_ALIAS_EXACT_CANDIDAT","cmtkdw3hr1uhunf2bj1nx27nn","KCD PARIS","NON","0","0","0","0","-2","NON_PERIMETRES_ET_FRAICHEUR_A_ATTESTER","","","","","NO_WEBSITE_IN_PROFILE_OR_PROFILE_UNREADABLE","","","","","NON_CERTIFIE_PAR_CETTE_RECHERCHE","","Retrouver puis prouver le portail officiel; vérifier aussi les groupes et alias"
"KILOMETRE PARIS","2","https://fr.fashionjobs.com/recrutement/kilometre-paris.html","AUCUN_RAPPROCHEMENT_ETABLI","A_QUALIFIER","AUCUNE","","","NON","0","0","0","0","","NON_PERIMETRES_ET_FRAICHEUR_A_ATTESTER","","","","","NO_WEBSITE_IN_PROFILE_OR_PROFILE_UNREADABLE","","","","","NON_CERTIFIE_PAR_CETTE_RECHERCHE","","Retrouver puis prouver le portail officiel; vérifier aussi les groupes et alias"
"KOKOLO","2","https://fr.fashionjobs.com/recrutement/kokolo.html","AUCUN_RAPPROCHEMENT_ETABLI","A_QUALIFIER","AUCUNE","","","NON","0","0","0","0","","NON_PERIMETRES_ET_FRAICHEUR_A_ATTESTER","","","","","NO_WEBSITE_IN_PROFILE_OR_PROFILE_UNREADABLE","","","","","NON_CERTIFIE_PAR_CETTE_RECHERCHE","","Retrouver puis prouver le portail officiel; vérifier aussi les groupes et alias"
"KSI MODE","2","https://fr.fashionjobs.com/recrutement/ksi-mode.html","COMPANY_PRESENTE_SANS_DIRECT_IDENTIFIE","A_QUALIFIER","NOM_OU_ALIAS_EXACT_CANDIDAT","cmtp868vg3rmuqq4z150o1s59","KSI MODE","NON","1","1","0","0","-2","NON_PERIMETRES_ET_FRAICHEUR_A_ATTESTER","ks-groupe.com","","","","CAREER_LINKS_OBSERVED_REVIEW_REQUIRED","https://recrutement.ks-groupe.com/fr | https://recrutement.ks-groupe.com/fr/candidature/DPZp4ZvY/2/1#declareStep1 | https://recrutement.ks-groupe.com/fr/annonces | https://recrutement.ks-groupe.com/ | https://recrutement.ks-groupe.com/fr/legal | https://recrutement.ks-groupe.com/fr/candidature/spontanee","https://ks-groupe.com/","","","NON_CERTIFIE_PAR_CETTE_RECHERCHE","","Retrouver puis prouver le portail officiel; vérifier aussi les groupes et alias"
"L'ENVERS","2","https://fr.fashionjobs.com/recrutement/l-envers.html","AUCUN_RAPPROCHEMENT_ETABLI","A_QUALIFIER","AUCUNE","","","NON","0","0","0","0","","NON_PERIMETRES_ET_FRAICHEUR_A_ATTESTER","","","","","NO_CAREER_LINK_FOUND_ON_PAGES_READ","","https://www.lenversfashion.com/","","","NON_CERTIFIE_PAR_CETTE_RECHERCHE","","Retrouver puis prouver le portail officiel; vérifier aussi les groupes et alias"
"LA BOUTIQUE OFFICIELLE","2","https://fr.fashionjobs.com/recrutement/la-boutique-officielle.html","AUCUN_RAPPROCHEMENT_ETABLI","A_QUALIFIER","AUCUNE","","","NON","0","0","0","0","","NON_PERIMETRES_ET_FRAICHEUR_A_ATTESTER","","","","","NO_WEBSITE_IN_PROFILE_OR_PROFILE_UNREADABLE","","","","","NON_CERTIFIE_PAR_CETTE_RECHERCHE","","Retrouver puis prouver le portail officiel; vérifier aussi les groupes et alias"
"LA BRUNE ET LA BLONDE","2","https://fr.fashionjobs.com/recrutement/la-brune-et-la-blonde.html","COMPANY_PRESENTE_SANS_DIRECT_IDENTIFIE","A_QUALIFIER","NOM_OU_ALIAS_EXACT_CANDIDAT","cmtkdw05g1tfsnf2bsrl8uhnq","LA BRUNE ET LA BLONDE","NON","1","1","0","0","-2","NON_PERIMETRES_ET_FRAICHEUR_A_ATTESTER","labruneetlablonde.com","","","","NO_CAREER_LINK_FOUND_ON_PAGES_READ","","https://labruneetlablonde.com/","","","NON_CERTIFIE_PAR_CETTE_RECHERCHE","","Retrouver puis prouver le portail officiel; vérifier aussi les groupes et alias"
"LA FEE MARABOUTEE","2","https://fr.fashionjobs.com/recrutement/la-fee-maraboutee.html","COMPANY_PRESENTE_SANS_DIRECT_IDENTIFIE","A_QUALIFIER","NOM_OU_ALIAS_EXACT_CANDIDAT","cmtkdw2em1u4bnf2bjlkcqi1x","LA FEE MARABOUTEE","NON","0","0","0","0","-2","NON_PERIMETRES_ET_FRAICHEUR_A_ATTESTER","lafeemaraboutee.fr","","","","CAREER_LINKS_OBSERVED_REVIEW_REQUIRED","https://lafeemaraboutee.teamtailor.com/ | https://lafeemaraboutee.teamtailor.com/jobs | https://lafeemaraboutee.teamtailor.com/#jobs | https://lafeemaraboutee.teamtailor.com/jobs/8324384-responsable-boutique | https://lafeemaraboutee.teamtailor.com/jobs/8323395-conseiller-ere-de-vente | https://lafeemaraboutee.teamtailor.com/jobs/8323314-conseiller-ere-de-vente | https://lafeemaraboutee.teamtailor.com/jobs/8312516-conseiller-ere-de-vente | https://lafeemaraboutee.teamtailor.com/jobs/8307879-conseiller-ere-de-vente | https://www.teamtailor.com/","https://lafeemaraboutee.fr/","","","NON_CERTIFIE_PAR_CETTE_RECHERCHE","","Retrouver puis prouver le portail officiel; vérifier aussi les groupes et alias"
"LA MAISON GOOSSENS","2","https://fr.fashionjobs.com/recrutement/la-maison-goossens.html","COMPANY_PRESENTE_SANS_DIRECT_IDENTIFIE","A_QUALIFIER","NOM_OU_ALIAS_EXACT_CANDIDAT","cmtkdvxbq1snanf2bwybrb13w","LA MAISON GOOSSENS","NON","0","0","0","0","-2","NON_PERIMETRES_ET_FRAICHEUR_A_ATTESTER","","","","","NO_WEBSITE_IN_PROFILE_OR_PROFILE_UNREADABLE","","","","","NON_CERTIFIE_PAR_CETTE_RECHERCHE","","Retrouver puis prouver le portail officiel; vérifier aussi les groupes et alias"
"LA RENAISSANCE PARIS","2","https://fr.fashionjobs.com/recrutement/la-renaissance-paris.html","AUCUN_RAPPROCHEMENT_ETABLI","A_QUALIFIER","AUCUNE","","","NON","0","0","0","0","","NON_PERIMETRES_ET_FRAICHEUR_A_ATTESTER","","","","","NO_WEBSITE_IN_PROFILE_OR_PROFILE_UNREADABLE","","","","","NON_CERTIFIE_PAR_CETTE_RECHERCHE","","Retrouver puis prouver le portail officiel; vérifier aussi les groupes et alias"
"LAURENCE BRAS","2","https://fr.fashionjobs.com/recrutement/laurence-bras.html","COMPANY_PRESENTE_SANS_DIRECT_IDENTIFIE","A_QUALIFIER","NOM_OU_ALIAS_EXACT_CANDIDAT","cmtkdw0sl1tmgnf2b0zlevsmx","LAURENCE BRAS","NON","1","1","0","0","-2","NON_PERIMETRES_ET_FRAICHEUR_A_ATTESTER","laurencebras.com","","","","NO_CAREER_LINK_FOUND_ON_PAGES_READ","","https://laurencebras.com/","","","NON_CERTIFIE_PAR_CETTE_RECHERCHE","","Retrouver puis prouver le portail officiel; vérifier aussi les groupes et alias"
"LE COQ SPORTIF","2","https://fr.fashionjobs.com/recrutement/le-coq-sportif.html","COMPANY_PRESENTE_SANS_DIRECT_IDENTIFIE","A_QUALIFIER","NOM_OU_ALIAS_EXACT_CANDIDAT","cmtp868xg3rngqq4ztaue6dkx","LE COQ SPORTIF","NON","1","1","0","0","-2","NON_PERIMETRES_ET_FRAICHEUR_A_ATTESTER","lecoqsportif.com","","","","NO_CAREER_LINK_FOUND_ON_PAGES_READ","","https://lecoqsportif.com/","","","NON_CERTIFIE_PAR_CETTE_RECHERCHE","","Retrouver puis prouver le portail officiel; vérifier aussi les groupes et alias"
"LESAGE PARIS","2","https://fr.fashionjobs.com/recrutement/lesage-paris.html","COMPANY_PRESENTE_SANS_DIRECT_IDENTIFIE","A_QUALIFIER","NOM_OU_ALIAS_EXACT_CANDIDAT","cmtkdvzfu1t7snf2bayrckjm0","LESAGE PARIS","NON","1","1","0","0","-2","NON_PERIMETRES_ET_FRAICHEUR_A_ATTESTER","lesage-paris.com","","","","NO_CAREER_LINK_FOUND_ON_PAGES_READ","","https://lesage-paris.com/","","","NON_CERTIFIE_PAR_CETTE_RECHERCHE","","Retrouver puis prouver le portail officiel; vérifier aussi les groupes et alias"
"LITTLE WANDER","2","https://fr.fashionjobs.com/recrutement/little-wander.html","COMPANY_PRESENTE_SANS_DIRECT_IDENTIFIE","A_QUALIFIER","NOM_OU_ALIAS_EXACT_CANDIDAT","cmtkdvvgl1s34nf2bpa395iqy","LITTLE WANDER","NON","0","0","0","0","-2","NON_PERIMETRES_ET_FRAICHEUR_A_ATTESTER","","","","","NO_WEBSITE_IN_PROFILE_OR_PROFILE_UNREADABLE","","","","","NON_CERTIFIE_PAR_CETTE_RECHERCHE","","Retrouver puis prouver le portail officiel; vérifier aussi les groupes et alias"
"LM LULU","2","https://fr.fashionjobs.com/recrutement/lm-lulu.html","COMPANY_PRESENTE_SANS_DIRECT_IDENTIFIE","A_QUALIFIER","NOM_OU_ALIAS_EXACT_CANDIDAT","cmtkdvur21rt5nf2baqoyw9yb","LM LULU","NON","0","0","0","0","-2","NON_PERIMETRES_ET_FRAICHEUR_A_ATTESTER","","","","","NO_WEBSITE_IN_PROFILE_OR_PROFILE_UNREADABLE","","","","","NON_CERTIFIE_PAR_CETTE_RECHERCHE","","Retrouver puis prouver le portail officiel; vérifier aussi les groupes et alias"
"LOULOU DE SAISON","2","https://fr.fashionjobs.com/recrutement/loulou-de-saison.html","COMPANY_PRESENTE_SANS_DIRECT_IDENTIFIE","A_QUALIFIER","NOM_OU_ALIAS_EXACT_CANDIDAT","cmtkdvwer1sdpnf2b2a2sd4tx","LOULOU DE SAISON","NON","0","0","0","0","-2","NON_PERIMETRES_ET_FRAICHEUR_A_ATTESTER","","","","","NO_WEBSITE_IN_PROFILE_OR_PROFILE_UNREADABLE","","","","","NON_CERTIFIE_PAR_CETTE_RECHERCHE","","Retrouver puis prouver le portail officiel; vérifier aussi les groupes et alias"
"LOUVINI","2","https://fr.fashionjobs.com/recrutement/louvini.html","AUCUN_RAPPROCHEMENT_ETABLI","A_QUALIFIER","AUCUNE","","","NON","0","0","0","0","","NON_PERIMETRES_ET_FRAICHEUR_A_ATTESTER","","","","","NO_WEBSITE_IN_PROFILE_OR_PROFILE_UNREADABLE","","","","","NON_CERTIFIE_PAR_CETTE_RECHERCHE","","Retrouver puis prouver le portail officiel; vérifier aussi les groupes et alias"
"LUCHEN","2","https://fr.fashionjobs.com/recrutement/luchen.html","AUCUN_RAPPROCHEMENT_ETABLI","A_QUALIFIER","AUCUNE","","","NON","0","0","0","0","","NON_PERIMETRES_ET_FRAICHEUR_A_ATTESTER","","","","","NO_WEBSITE_IN_PROFILE_OR_PROFILE_UNREADABLE","","","","","NON_CERTIFIE_PAR_CETTE_RECHERCHE","","Retrouver puis prouver le portail officiel; vérifier aussi les groupes et alias"
"LUMYA STUDIO","2","https://fr.fashionjobs.com/recrutement/lumya-studio.html","COMPANY_PRESENTE_SANS_DIRECT_IDENTIFIE","A_QUALIFIER","NOM_OU_ALIAS_EXACT_CANDIDAT","cmtkdvy8m1syinf2bzhu09kjb","LUMYA STUDIO","NON","2","2","0","0","-2","NON_PERIMETRES_ET_FRAICHEUR_A_ATTESTER","","","","","NO_WEBSITE_IN_PROFILE_OR_PROFILE_UNREADABLE","","","","","NON_CERTIFIE_PAR_CETTE_RECHERCHE","","Retrouver puis prouver le portail officiel; vérifier aussi les groupes et alias"
"M.R. AGENCY","2","https://fr.fashionjobs.com/recrutement/m-r-agency.html","COMPANY_PRESENTE_SANS_DIRECT_IDENTIFIE","A_QUALIFIER","NOM_OU_ALIAS_EXACT_CANDIDAT","cmtkdvupt1rslnf2biqz49iwm","M.R. AGENCY","NON","0","0","0","0","-2","NON_PERIMETRES_ET_FRAICHEUR_A_ATTESTER","","","","","NO_WEBSITE_IN_PROFILE_OR_PROFILE_UNREADABLE","","","","","NON_CERTIFIE_PAR_CETTE_RECHERCHE","","Retrouver puis prouver le portail officiel; vérifier aussi les groupes et alias"
"MAIER","2","https://fr.fashionjobs.com/recrutement/maier.html","COMPANY_PRESENTE_SANS_DIRECT_IDENTIFIE","A_QUALIFIER","NOM_OU_ALIAS_EXACT_CANDIDAT","cmtnac0wi2sd3qq5l5b8hevds","MAIER","NON","0","0","0","0","-2","NON_PERIMETRES_ET_FRAICHEUR_A_ATTESTER","","","","","NO_WEBSITE_IN_PROFILE_OR_PROFILE_UNREADABLE","","","","","NON_CERTIFIE_PAR_CETTE_RECHERCHE","","Retrouver puis prouver le portail officiel; vérifier aussi les groupes et alias"
"MAILLE CREATION","2","https://fr.fashionjobs.com/recrutement/maille-creation.html","COMPANY_PRESENTE_SANS_DIRECT_IDENTIFIE","A_QUALIFIER","NOM_OU_ALIAS_EXACT_CANDIDAT","cmtkdvueu1rnrnf2bbkz1lgzd","MAILLE CREATION","NON","0","0","0","0","-2","NON_PERIMETRES_ET_FRAICHEUR_A_ATTESTER","maillecreation.fr","","","","ATS_HINT_REVIEW_REQUIRED","","https://www.maillecreation.fr/","","","NON_CERTIFIE_PAR_CETTE_RECHERCHE","","Retrouver puis prouver le portail officiel; vérifier aussi les groupes et alias"
"MAISON FRANCIS KURKDJIAN","2","https://fr.fashionjobs.com/recrutement/maison-francis-kurkdjian.html","SOURCE_DIRECTE_CATALOGUEE_A_CERTIFIER","A_QUALIFIER","NOM_OU_ALIAS_EXACT_CANDIDAT","cmtk48fxt1clbny2bmdwyoihy","Maison Francis Kurkdjian","NON","32","30","30","0","28","NON_PERIMETRES_ET_FRAICHEUR_A_ATTESTER","franciskurkdjian.com","","lvmh","","WEBSITE_UNREADABLE","","","","","NON_CERTIFIE_PAR_CETTE_RECHERCHE","","Certifier identité, attribution et complétude de la source existante"
"MAISON LEMARIÉ","2","https://fr.fashionjobs.com/recrutement/maison-lemarie.html","COMPANY_PRESENTE_SANS_DIRECT_IDENTIFIE","A_QUALIFIER","NOM_OU_ALIAS_EXACT_CANDIDAT","cmtnac1o62skxqq5lhnqhy2b1","MAISON LEMARIÉ","NON","0","0","0","0","-2","NON_PERIMETRES_ET_FRAICHEUR_A_ATTESTER","","","","","NO_WEBSITE_IN_PROFILE_OR_PROFILE_UNREADABLE","","","","","NON_CERTIFIE_PAR_CETTE_RECHERCHE","","Retrouver puis prouver le portail officiel; vérifier aussi les groupes et alias"
"MAISON NUMERO 20","2","https://fr.fashionjobs.com/recrutement/maison-numero-20.html","AUCUN_RAPPROCHEMENT_ETABLI","A_QUALIFIER","AUCUNE","","","NON","0","0","0","0","","NON_PERIMETRES_ET_FRAICHEUR_A_ATTESTER","","","","","NO_WEBSITE_IN_PROFILE_OR_PROFILE_UNREADABLE","","","","","NON_CERTIFIE_PAR_CETTE_RECHERCHE","","Retrouver puis prouver le portail officiel; vérifier aussi les groupes et alias"
"MANFIELD","2","https://fr.fashionjobs.com/recrutement/manfield.html","COMPANY_PRESENTE_SANS_DIRECT_IDENTIFIE","A_QUALIFIER","NOM_OU_ALIAS_EXACT_CANDIDAT","cmtkdvw7c1sbqnf2b0mjbyjjf","MANFIELD","NON","0","0","0","0","-2","NON_PERIMETRES_ET_FRAICHEUR_A_ATTESTER","","","","","NO_CAREER_LINK_FOUND_ON_PAGES_READ","","https://www.manfield.com/","","","NON_CERTIFIE_PAR_CETTE_RECHERCHE","","Retrouver puis prouver le portail officiel; vérifier aussi les groupes et alias"
"MANPOWER COUTURE","2","https://fr.fashionjobs.com/recrutement/manpower-couture.html","COMPANY_PRESENTE_SANS_DIRECT_IDENTIFIE","A_QUALIFIER","NOM_OU_ALIAS_EXACT_CANDIDAT","cmtlq3tz11lubpg2bc7bxlddi","MANPOWER COUTURE","NON","0","0","0","0","-2","NON_PERIMETRES_ET_FRAICHEUR_A_ATTESTER","","","","","NO_WEBSITE_IN_PROFILE_OR_PROFILE_UNREADABLE","","","","","NON_CERTIFIE_PAR_CETTE_RECHERCHE","","Retrouver puis prouver le portail officiel; vérifier aussi les groupes et alias"
"MARINE SERRE","2","https://fr.fashionjobs.com/recrutement/marine-serre.html","AUCUN_RAPPROCHEMENT_ETABLI","A_QUALIFIER","AUCUNE","","","NON","0","0","0","0","","NON_PERIMETRES_ET_FRAICHEUR_A_ATTESTER","","","","","NO_CAREER_LINK_FOUND_ON_PAGES_READ","","https://www.marineserre.com/fr","","","NON_CERTIFIE_PAR_CETTE_RECHERCHE","","Retrouver puis prouver le portail officiel; vérifier aussi les groupes et alias"
"MAX MARA","2","https://fr.fashionjobs.com/recrutement/max-mara.html","COMPANY_PRESENTE_SANS_DIRECT_IDENTIFIE","A_QUALIFIER","NOM_OU_ALIAS_EXACT_CANDIDAT","cmtkdw1a51ts3nf2btqrq8c49","MAX MARA","NON","1","1","0","0","-2","NON_PERIMETRES_ET_FRAICHEUR_A_ATTESTER","","","","","WEBSITE_UNREADABLE","","","","","NON_CERTIFIE_PAR_CETTE_RECHERCHE","","Retrouver puis prouver le portail officiel; vérifier aussi les groupes et alias"
"MIMI & COOKIE","2","https://fr.fashionjobs.com/recrutement/mimi-cookie.html","COMPANY_PRESENTE_SANS_DIRECT_IDENTIFIE","A_QUALIFIER","NOM_OU_ALIAS_EXACT_CANDIDAT","cmtp868zr3robqq4z6ubcm4n7","MIMI & COOKIE","NON","1","1","0","0","-2","NON_PERIMETRES_ET_FRAICHEUR_A_ATTESTER","mimiandcookie.com","","","","NO_CAREER_LINK_FOUND_ON_PAGES_READ","","https://mimiandcookie.com/","","","NON_CERTIFIE_PAR_CETTE_RECHERCHE","","Retrouver puis prouver le portail officiel; vérifier aussi les groupes et alias"
"MVO STUDIO","2","https://fr.fashionjobs.com/recrutement/mvo-studio.html","COMPANY_PRESENTE_SANS_DIRECT_IDENTIFIE","A_QUALIFIER","NOM_OU_ALIAS_EXACT_CANDIDAT","cmtkdvydh1szsnf2bd1h06uo3","MVO STUDIO","NON","0","0","0","0","-2","NON_PERIMETRES_ET_FRAICHEUR_A_ATTESTER","mvo-studio.fr","","","","NO_CAREER_LINK_FOUND_ON_PAGES_READ","","https://mvo-studio.fr/","","","NON_CERTIFIE_PAR_CETTE_RECHERCHE","","Retrouver puis prouver le portail officiel; vérifier aussi les groupes et alias"
"MYSELF PRODUCTION","2","https://fr.fashionjobs.com/recrutement/myself-production.html","COMPANY_PRESENTE_SANS_DIRECT_IDENTIFIE","A_QUALIFIER","NOM_OU_ALIAS_EXACT_CANDIDAT","cmtkdw4791up7nf2bp0ht2j5o","MYSELF PRODUCTION","NON","0","0","0","0","-2","NON_PERIMETRES_ET_FRAICHEUR_A_ATTESTER","","","","","NO_WEBSITE_IN_PROFILE_OR_PROFILE_UNREADABLE","","","","","NON_CERTIFIE_PAR_CETTE_RECHERCHE","","Retrouver puis prouver le portail officiel; vérifier aussi les groupes et alias"
"NÉNÉS","2","https://fr.fashionjobs.com/recrutement/nenes.html","AUCUN_RAPPROCHEMENT_ETABLI","A_QUALIFIER","AUCUNE","","","NON","0","0","0","0","","NON_PERIMETRES_ET_FRAICHEUR_A_ATTESTER","","","","","NO_CAREER_LINK_FOUND_ON_PAGES_READ","","https://nenes-paris.com/","","","NON_CERTIFIE_PAR_CETTE_RECHERCHE","","Retrouver puis prouver le portail officiel; vérifier aussi les groupes et alias"
"NOTSHY","2","https://fr.fashionjobs.com/recrutement/notshy.html","COMPANY_PRESENTE_SANS_DIRECT_IDENTIFIE","A_QUALIFIER","NOM_OU_ALIAS_EXACT_CANDIDAT","cmtkdvuok1rrtnf2byceui6c7","NOTSHY","NON","0","0","0","0","-2","NON_PERIMETRES_ET_FRAICHEUR_A_ATTESTER","","","","","NO_CAREER_LINK_FOUND_ON_PAGES_READ","","https://www.notshy.fr/","","","NON_CERTIFIE_PAR_CETTE_RECHERCHE","","Retrouver puis prouver le portail officiel; vérifier aussi les groupes et alias"
"NOUKTAH","2","https://fr.fashionjobs.com/recrutement/nouktah.html","COMPANY_PRESENTE_SANS_DIRECT_IDENTIFIE","A_QUALIFIER","NOM_OU_ALIAS_EXACT_CANDIDAT","cmtp868uw3rmnqq4z9f9u7z2p","NOUKTAH","NON","1","1","0","0","-2","NON_PERIMETRES_ET_FRAICHEUR_A_ATTESTER","","","","","NO_WEBSITE_IN_PROFILE_OR_PROFILE_UNREADABLE","","","","","NON_CERTIFIE_PAR_CETTE_RECHERCHE","","Retrouver puis prouver le portail officiel; vérifier aussi les groupes et alias"
"ODACE","2","https://fr.fashionjobs.com/recrutement/odace.html","COMPANY_PRESENTE_SANS_DIRECT_IDENTIFIE","A_QUALIFIER","NOM_OU_ALIAS_EXACT_CANDIDAT","cmtkdw20c1tz5nf2bn3qj97qi","ODACE","NON","0","0","0","0","-2","NON_PERIMETRES_ET_FRAICHEUR_A_ATTESTER","","","","","NO_WEBSITE_IN_PROFILE_OR_PROFILE_UNREADABLE","","","","","NON_CERTIFIE_PAR_CETTE_RECHERCHE","","Retrouver puis prouver le portail officiel; vérifier aussi les groupes et alias"
"OPALITE MUSIC","2","https://fr.fashionjobs.com/recrutement/opalite-music.html","COMPANY_PRESENTE_SANS_DIRECT_IDENTIFIE","A_QUALIFIER","NOM_OU_ALIAS_EXACT_CANDIDAT","cmtkdvyl11t2fnf2bhs0ofndn","OPALITE MUSIC","NON","0","0","0","0","-2","NON_PERIMETRES_ET_FRAICHEUR_A_ATTESTER","","","","","NO_WEBSITE_IN_PROFILE_OR_PROFILE_UNREADABLE","","","","","NON_CERTIFIE_PAR_CETTE_RECHERCHE","","Retrouver puis prouver le portail officiel; vérifier aussi les groupes et alias"
"PAVLOV GLOBAL","2","https://fr.fashionjobs.com/recrutement/pavlov-global.html","AUCUN_RAPPROCHEMENT_ETABLI","A_QUALIFIER","AUCUNE","","","NON","0","0","0","0","","NON_PERIMETRES_ET_FRAICHEUR_A_ATTESTER","","","","","NO_WEBSITE_IN_PROFILE_OR_PROFILE_UNREADABLE","","","","","NON_CERTIFIE_PAR_CETTE_RECHERCHE","","Retrouver puis prouver le portail officiel; vérifier aussi les groupes et alias"
"PIAPARIS","2","https://fr.fashionjobs.com/recrutement/piaparis.html","COMPANY_PRESENTE_SANS_DIRECT_IDENTIFIE","A_QUALIFIER","NOM_OU_ALIAS_EXACT_CANDIDAT","cmtkdvukc1rq3nf2b2xq90dvh","PIAPARIS","NON","0","0","0","0","-2","NON_PERIMETRES_ET_FRAICHEUR_A_ATTESTER","","","","","NO_WEBSITE_IN_PROFILE_OR_PROFILE_UNREADABLE","","","","","NON_CERTIFIE_PAR_CETTE_RECHERCHE","","Retrouver puis prouver le portail officiel; vérifier aussi les groupes et alias"
"POP MY NAILS","2","https://fr.fashionjobs.com/recrutement/pop-my-nails.html","AUCUN_RAPPROCHEMENT_ETABLI","A_QUALIFIER","AUCUNE","","","NON","0","0","0","0","","NON_PERIMETRES_ET_FRAICHEUR_A_ATTESTER","","","","","NO_WEBSITE_IN_PROFILE_OR_PROFILE_UNREADABLE","","","","","NON_CERTIFIE_PAR_CETTE_RECHERCHE","","Retrouver puis prouver le portail officiel; vérifier aussi les groupes et alias"
"POSTURE FASHION AGENCY","2","https://fr.fashionjobs.com/recrutement/posture-fashion-agency.html","COMPANY_PRESENTE_SANS_DIRECT_IDENTIFIE","A_QUALIFIER","NOM_OU_ALIAS_EXACT_CANDIDAT","cmtkdvyfy1t0snf2bgtnt9x0y","POSTURE FASHION AGENCY","NON","2","2","0","0","-2","NON_PERIMETRES_ET_FRAICHEUR_A_ATTESTER","","","","","NO_WEBSITE_IN_PROFILE_OR_PROFILE_UNREADABLE","","","","","NON_CERTIFIE_PAR_CETTE_RECHERCHE","","Retrouver puis prouver le portail officiel; vérifier aussi les groupes et alias"
"PREMIERE VISION","2","https://fr.fashionjobs.com/recrutement/premiere-vision.html","AUCUN_RAPPROCHEMENT_ETABLI","A_QUALIFIER","AUCUNE","","","NON","0","0","0","0","","NON_PERIMETRES_ET_FRAICHEUR_A_ATTESTER","","","","","NO_WEBSITE_IN_PROFILE_OR_PROFILE_UNREADABLE","","","","","NON_CERTIFIE_PAR_CETTE_RECHERCHE","","Retrouver puis prouver le portail officiel; vérifier aussi les groupes et alias"
"PROTOTEXTILE","2","https://fr.fashionjobs.com/recrutement/prototextile.html","COMPANY_PRESENTE_SANS_DIRECT_IDENTIFIE","A_QUALIFIER","NOM_OU_ALIAS_EXACT_CANDIDAT","cmtkdvztw1tc8nf2bvomrp7jo","PROTOTEXTILE","NON","2","2","0","0","-2","NON_PERIMETRES_ET_FRAICHEUR_A_ATTESTER","","","","","NO_WEBSITE_IN_PROFILE_OR_PROFILE_UNREADABLE","","","","","NON_CERTIFIE_PAR_CETTE_RECHERCHE","","Retrouver puis prouver le portail officiel; vérifier aussi les groupes et alias"
"PROVALLIANCE","2","https://fr.fashionjobs.com/recrutement/provalliance.html","AUCUN_RAPPROCHEMENT_ETABLI","A_QUALIFIER","AUCUNE","","","NON","0","0","0","0","","NON_PERIMETRES_ET_FRAICHEUR_A_ATTESTER","","","","","NO_WEBSITE_IN_PROFILE_OR_PROFILE_UNREADABLE","","","","","NON_CERTIFIE_PAR_CETTE_RECHERCHE","","Retrouver puis prouver le portail officiel; vérifier aussi les groupes et alias"
"RECIFE PARIS","2","https://fr.fashionjobs.com/recrutement/recife-paris.html","COMPANY_PRESENTE_SANS_DIRECT_IDENTIFIE","A_QUALIFIER","NOM_OU_ALIAS_EXACT_CANDIDAT","cmtkdw1xt1ty6nf2b4dyn4u5k","RECIFE PARIS","NON","0","0","0","0","-2","NON_PERIMETRES_ET_FRAICHEUR_A_ATTESTER","","","","","NO_WEBSITE_IN_PROFILE_OR_PROFILE_UNREADABLE","","","","","NON_CERTIFIE_PAR_CETTE_RECHERCHE","","Retrouver puis prouver le portail officiel; vérifier aussi les groupes et alias"
"REDLINE","2","https://fr.fashionjobs.com/recrutement/redline.html","COMPANY_PRESENTE_SANS_DIRECT_IDENTIFIE","A_QUALIFIER","NOM_OU_ALIAS_EXACT_CANDIDAT","cmtrup2zo4n0xpg5m00e2d0s0","REDLINE","NON","2","2","0","0","-2","NON_PERIMETRES_ET_FRAICHEUR_A_ATTESTER","","","","","NO_WEBSITE_IN_PROFILE_OR_PROFILE_UNREADABLE","","","","","NON_CERTIFIE_PAR_CETTE_RECHERCHE","","Retrouver puis prouver le portail officiel; vérifier aussi les groupes et alias"
"REINER","2","https://fr.fashionjobs.com/recrutement/reiner.html","COMPANY_PRESENTE_SANS_DIRECT_IDENTIFIE","A_QUALIFIER","NOM_OU_ALIAS_EXACT_CANDIDAT","cmtkdvxaf1smunf2b1fvvu80k","REINER","NON","0","0","0","0","-2","NON_PERIMETRES_ET_FRAICHEUR_A_ATTESTER","","","","","NO_WEBSITE_IN_PROFILE_OR_PROFILE_UNREADABLE","","","","","NON_CERTIFIE_PAR_CETTE_RECHERCHE","","Retrouver puis prouver le portail officiel; vérifier aussi les groupes et alias"
"RIIS STUDIO","2","https://fr.fashionjobs.com/recrutement/riis-studio.html","AUCUN_RAPPROCHEMENT_ETABLI","A_QUALIFIER","AUCUNE","","","NON","0","0","0","0","","NON_PERIMETRES_ET_FRAICHEUR_A_ATTESTER","","","","","NO_WEBSITE_IN_PROFILE_OR_PROFILE_UNREADABLE","","","","","NON_CERTIFIE_PAR_CETTE_RECHERCHE","","Retrouver puis prouver le portail officiel; vérifier aussi les groupes et alias"
"RKIA AIT BLAL HAUTE COUTURE","2","https://fr.fashionjobs.com/recrutement/rkia-ait-blal-haute-couture.html","AUCUN_RAPPROCHEMENT_ETABLI","A_QUALIFIER","AUCUNE","","","NON","0","0","0","0","","NON_PERIMETRES_ET_FRAICHEUR_A_ATTESTER","","","","","NO_WEBSITE_IN_PROFILE_OR_PROFILE_UNREADABLE","","","","","NON_CERTIFIE_PAR_CETTE_RECHERCHE","","Retrouver puis prouver le portail officiel; vérifier aussi les groupes et alias"
"SARENZA STUDIO","2","https://fr.fashionjobs.com/recrutement/sarenza-studio.html","SOURCE_DIRECTE_CATALOGUEE_A_CERTIFIER","A_QUALIFIER","NOM_OU_ALIAS_EXACT_CANDIDAT","cmtm7ud6s1130pv5jovfzvdq6","Sarenza Studio","NON","2","2","2","0","0","NON_PERIMETRES_ET_FRAICHEUR_A_ATTESTER","sarenza.com","","element-6","","CAREER_LINKS_OBSERVED_REVIEW_REQUIRED","https://sarenza.com/fr/fr/page-viewer/recruitment/ | https://www.groupe-beaumanoir.com/nos-offres/?redirected=2#page-website/internal_external","https://sarenza.com/","","","NON_CERTIFIE_PAR_CETTE_RECHERCHE","","Certifier identité, attribution et complétude de la source existante"
"SCARLETTE ATELIERS","2","https://fr.fashionjobs.com/recrutement/scarlette-ateliers.html","COMPANY_PRESENTE_SANS_DIRECT_IDENTIFIE","A_QUALIFIER","NOM_OU_ALIAS_EXACT_CANDIDAT","cmtlq3u3c1lvnpg2bs3iku811","SCARLETTE ATELIERS","NON","0","0","0","0","-2","NON_PERIMETRES_ET_FRAICHEUR_A_ATTESTER","","","","","NO_WEBSITE_IN_PROFILE_OR_PROFILE_UNREADABLE","","","","","NON_CERTIFIE_PAR_CETTE_RECHERCHE","","Retrouver puis prouver le portail officiel; vérifier aussi les groupes et alias"
"SPORTY & RICH","2","https://fr.fashionjobs.com/recrutement/sporty-rich.html","COMPANY_PRESENTE_SANS_DIRECT_IDENTIFIE","A_QUALIFIER","NOM_OU_ALIAS_EXACT_CANDIDAT","cmtkdvv4m1ryinf2bebdy3a0q","SPORTY & RICH","NON","0","0","0","0","-2","NON_PERIMETRES_ET_FRAICHEUR_A_ATTESTER","","","","","NO_CAREER_LINK_FOUND_ON_PAGES_READ","","https://sportyandrich.com/","","","NON_CERTIFIE_PAR_CETTE_RECHERCHE","","Retrouver puis prouver le portail officiel; vérifier aussi les groupes et alias"
"SUPERDRY","2","https://fr.fashionjobs.com/recrutement/superdry.html","AUCUN_RAPPROCHEMENT_ETABLI","A_QUALIFIER","AUCUNE","","","NON","0","0","0","0","","NON_PERIMETRES_ET_FRAICHEUR_A_ATTESTER","","","","","CAREER_LINKS_OBSERVED_REVIEW_REQUIRED","https://careers.superdry.com/ | https://careers.superdry.com/#job-search | https://careers.superdry.com/retail | https://careers.superdry.com/search-jobs | https://apply.superdry.com/members/modules/job/job_alerts_list.php | https://carrieres.superdry.fr/ | https://carrierenl.superdry.be/ | https://carrieresfr.superdry.be/ | https://careersusa.superdry.com/ | https://careers.superdry.com/search-jobs?country=es | https://careers.superdry.com/search-jobs?country=dk | https://careers.superdry.com/search-jobs?country=nl | https://careers.superdry.com/search-jobs?country=tr | https://careers.superdry.com/search-jobs?country=in | https://careers.superdry.com/search-jobs?country=hk | https://careers.superdry.com/search-jobs/13237-sales-assistant-part-time-job | https://careers.superdry.com/search-jobs/13230-assistant-branch-merchandiser-job | https://careers.superdry.com/search-jobs/13217-assistant-store-manager-job | https://careers.superdry.com/search-jobs/13311-assistant-store-manager-job | https://careers.superdry.com/search-jobs/13314-seasonal-sales-assistant-part-time-job | https://careers.superdry.com/search-jobs/13313-sales-assistant-part-time-job | https://careers.superdry.com/search-jobs/13308-sales-assistant-part-time-job | https://careers.superdry.com/search-jobs/13212-retail-team-leader-job | https://careers.superdry.com/search-jobs/13277-seasonal-sales-assistant-part-time-job | https://careers.superdry.com/search-jobs/13306-sales-assistant-part-time-job | https://careers.superdry.com/search-jobs/13305-sales-assistant-part-time-job | https://careers.superdry.com/search-jobs/13303-sourcing-manager-maternity-cover-12-month-ftc-job | https://careers.superdry.com/search-jobs/13300-sales-assistant-part-time-job | https://careers.superdry.com/search-jobs/13286-retail-team-leader-job | https://careers.superdry.com/search-jobs/13299-seasonal-sales-assistant-full-time-job | https://careers.superdry.com/search-jobs/13290-store-manager-job | https://careers.superdry.com/search-jobs/13294-sales-assistant-full-time-job | https://careers.superdry.com/search-jobs/13295-sales-assistant-part-time-job | https://careers.superdry.com/search-jobs/13296-sales-assistant-part-time-job | https://careers.superdry.com/search-jobs/13288-sales-assistant-part-time-job | https://careers.superdry.com/search-jobs/13282-fabric-amp-compliance-technologist-job | https://careers.superdry.com/search-jobs/13283-senior-governance-manager-job | https://careers.superdry.com/search-jobs/13284-senior-legal-counsel-job | https://careers.superdry.com/search-jobs/13281-sales-assistant-part-time-job | https://careers.superdry.com/search-jobs/13280-assistant-designer-special-projects-job | https://careers.superdry.com/search-jobs/13276-store-manager-job | https://careers.superdry.com/search-jobs/13278-retail-team-leader-job | https://careers.superdry.com/search-jobs/13279-sales-assistant-part-time-job | https://careers.superdry.com/search-jobs/13273-retail-team-leader-job | https://careers.superdry.com/search-jobs/13274-assistant-store-manager-job | https://careers.superdry.com/search-jobs/13269-sales-assistant-part-time-job | https://careers.superdry.com/search-jobs/13271-legal-counsel-commercial-property-job | https://careers.superdry.com/search-jobs/13270-legal-counsel-commercial-job | https://careers.superdry.com/search-jobs/13267-junior-production-merchandiser-job | https://careers.superdry.com/search-jobs/13268-senior-logistics-manager-commercial-planning-amp-projects-job | https://careers.superdry.com/search-jobs/13265-sales-assistant-part-time-job | https://careers.superdry.com/search-jobs/13264-sales-assistant-part-time-job | https://careers.superdry.com/search-jobs/13263-sales-assistant-part-time-job | https://careers.superdry.com/search-jobs/13262-sales-assistant-part-time-job | https://careers.superdry.com/search-jobs/13259-retail-team-leader-job | https://careers.superdry.com/search-jobs/13258-sales-assistant-part-time-job | https://careers.superdry.com/search-jobs/13256-in-store-visual-merchandiser-team-leader-job | https://careers.superdry.com/search-jobs/13255-sales-assistant-part-time-job | https://careers.superdry.com/search-jobs/13250-retail-team-leader-job | https://careers.superdry.com/search-jobs/13249-store-manager-job | https://careers.superdry.com/search-jobs/13245-store-manager-job | https://careers.superdry.com/search-jobs/13247-retail-team-leader-job | https://careers.superdry.com/search-jobs/13246-assistant-store-manager-job | https://careers.superdry.com/search-jobs/13243-retail-team-leader-job | https://careers.superdry.com/search-jobs/13241-lead-production-merchandiser-maternity-cover-12-month-ftc-job | https://careers.superdry.com/search-jobs/13238-retail-team-leader-job","https://www.superdry.com/","","","NON_CERTIFIE_PAR_CETTE_RECHERCHE","","Retrouver puis prouver le portail officiel; vérifier aussi les groupes et alias"
"SYLVIA TOLEDANO","2","https://fr.fashionjobs.com/recrutement/sylvia-toledano.html","COMPANY_PRESENTE_SANS_DIRECT_IDENTIFIE","A_QUALIFIER","NOM_OU_ALIAS_EXACT_CANDIDAT","cmtkdw1vi1txjnf2b67ntr5ef","SYLVIA TOLEDANO","NON","0","0","0","0","-2","NON_PERIMETRES_ET_FRAICHEUR_A_ATTESTER","","","","","NO_CAREER_LINK_FOUND_ON_PAGES_READ","","https://www.sylviatoledano.com/","","","NON_CERTIFIE_PAR_CETTE_RECHERCHE","","Retrouver puis prouver le portail officiel; vérifier aussi les groupes et alias"
"THE ETHIQUETTE","2","https://fr.fashionjobs.com/recrutement/the-ethiquette.html","AUCUN_RAPPROCHEMENT_ETABLI","A_QUALIFIER","AUCUNE","","","NON","0","0","0","0","","NON_PERIMETRES_ET_FRAICHEUR_A_ATTESTER","","","","","NO_WEBSITE_IN_PROFILE_OR_PROFILE_UNREADABLE","","","","","NON_CERTIFIE_PAR_CETTE_RECHERCHE","","Retrouver puis prouver le portail officiel; vérifier aussi les groupes et alias"
"THE NORTH FACE","2","https://fr.fashionjobs.com/recrutement/the-north-face.html","AUCUN_RAPPROCHEMENT_ETABLI","A_QUALIFIER","AUCUNE","","","NON","0","0","0","0","","NON_PERIMETRES_ET_FRAICHEUR_A_ATTESTER","","","","","WEBSITE_UNREADABLE","","","","","NON_CERTIFIE_PAR_CETTE_RECHERCHE","","Retrouver puis prouver le portail officiel; vérifier aussi les groupes et alias"
"VANESSA SPOSI","2","https://fr.fashionjobs.com/recrutement/vanessa-sposi.html","COMPANY_PRESENTE_SANS_DIRECT_IDENTIFIE","A_QUALIFIER","NOM_OU_ALIAS_EXACT_CANDIDAT","cmtkdw36p1ue3nf2b971lcq8d","VANESSA SPOSI","NON","0","0","0","0","-2","NON_PERIMETRES_ET_FRAICHEUR_A_ATTESTER","","","","","NO_WEBSITE_IN_PROFILE_OR_PROFILE_UNREADABLE","","","","","NON_CERTIFIE_PAR_CETTE_RECHERCHE","","Retrouver puis prouver le portail officiel; vérifier aussi les groupes et alias"
"VARIOUS ARCHIVES","2","https://fr.fashionjobs.com/recrutement/various-archives.html","COMPANY_PRESENTE_SANS_DIRECT_IDENTIFIE","A_QUALIFIER","NOM_OU_ALIAS_EXACT_CANDIDAT","cmtp868o43rkiqq4zhga3pvg5","VARIOUS ARCHIVES","NON","2","2","0","0","-2","NON_PERIMETRES_ET_FRAICHEUR_A_ATTESTER","variousarchives.com","","","","CAREER_LINKS_OBSERVED_REVIEW_REQUIRED","https://variousarchives.com/careers","https://variousarchives.com/","","","NON_CERTIFIE_PAR_CETTE_RECHERCHE","","Retrouver puis prouver le portail officiel; vérifier aussi les groupes et alias"
"VILEBREQUIN","2","https://fr.fashionjobs.com/recrutement/vilebrequin.html","AUCUN_RAPPROCHEMENT_ETABLI","A_QUALIFIER","AUCUNE","","","NON","0","0","0","0","","NON_PERIMETRES_ET_FRAICHEUR_A_ATTESTER","","","","","CAREER_LINKS_OBSERVED_REVIEW_REQUIRED","","https://www.vilebrequin.com/eu/fr/home","","","NON_CERTIFIE_PAR_CETTE_RECHERCHE","","Retrouver puis prouver le portail officiel; vérifier aussi les groupes et alias"
"VOILA ST BARTH","2","https://fr.fashionjobs.com/recrutement/voila-st-barth.html","COMPANY_PRESENTE_SANS_DIRECT_IDENTIFIE","A_QUALIFIER","NOM_OU_ALIAS_EXACT_CANDIDAT","cmtkdvv3c1rxynf2b6cs7vafv","VOILA ST BARTH","NON","0","0","0","0","-2","NON_PERIMETRES_ET_FRAICHEUR_A_ATTESTER","","","","","NO_WEBSITE_IN_PROFILE_OR_PROFILE_UNREADABLE","","","","","NON_CERTIFIE_PAR_CETTE_RECHERCHE","","Retrouver puis prouver le portail officiel; vérifier aussi les groupes et alias"
"WSN DEVELOPPEMENT","2","https://fr.fashionjobs.com/recrutement/wsn-developpement.html","COMPANY_PRESENTE_SANS_DIRECT_IDENTIFIE","A_QUALIFIER","NOM_OU_ALIAS_EXACT_CANDIDAT","cmtkdvxcr1snqnf2bihy71s5a","WSN DEVELOPPEMENT","NON","0","0","0","0","-2","NON_PERIMETRES_ET_FRAICHEUR_A_ATTESTER","wsn-events.com","","","","CAREER_LINKS_OBSERVED_REVIEW_REQUIRED","https://wsn-events.com/rejoignez-nous","https://wsn-events.com/","","","NON_CERTIFIE_PAR_CETTE_RECHERCHE","","Retrouver puis prouver le portail officiel; vérifier aussi les groupes et alias"
"YSÉ","2","https://fr.fashionjobs.com/recrutement/yse.html","COMPANY_PRESENTE_SANS_DIRECT_IDENTIFIE","A_QUALIFIER","NOM_OU_ALIAS_EXACT_CANDIDAT","cmtpz68jo05bk3ncq0uqw5phj","Ysé","NON","11","11","0","0","-2","NON_PERIMETRES_ET_FRAICHEUR_A_ATTESTER","yse-paris.com","","","","CAREER_LINKS_OBSERVED_REVIEW_REQUIRED","https://yseparis.teamtailor.com/ | https://yseparis.teamtailor.com/jobs | https://yseparis.teamtailor.com/#jobs | https://yseparis.teamtailor.com/jobs/8053863-responsable-de-boutique-h-f-cdi-39h-paris | https://yseparis.teamtailor.com/jobs/8343554-conseiller-ere-de-vente-cdi-16h-charonne | https://yseparis.teamtailor.com/jobs/8310306-conseiller-ere-de-vente-cdi-35h-aix-en-provence | https://yseparis.teamtailor.com/jobs/8292420-conseiller-ere-de-vente-h-f-cdi-24h-aix | https://yseparis.teamtailor.com/jobs/8151412-conseiller-ere-de-vente-h-f-cdd-4-mois-35h | https://yseparis.teamtailor.com/jobs/8054965-responsable-de-boutique-adjointe-h-f-cdi-35h-paris | https://yseparis.teamtailor.com/jobs/8054864-conseiller-ere-de-vente-h-f-cdi-35h-paris | https://yseparis.teamtailor.com/jobs/8054752-conseiller-ere-de-vente-charge-e-du-visuel-merchandising-h-f-cdi-35h | https://yseparis.teamtailor.com/jobs/8041841-responsable-de-boutique-h-f-cdd-lyon | https://www.teamtailor.com/","https://yse-paris.com/fr-fr","","","NON_CERTIFIE_PAR_CETTE_RECHERCHE","","Retrouver puis prouver le portail officiel; vérifier aussi les groupes et alias"
"ZIMMERMANN","2","https://fr.fashionjobs.com/recrutement/zimmermann.html","COMPANY_PRESENTE_SANS_DIRECT_IDENTIFIE","A_QUALIFIER","NOM_OU_ALIAS_EXACT_CANDIDAT","cmtkdw04w1tfknf2bluc0dg4u","ZIMMERMANN","NON","1","1","0","0","-2","NON_PERIMETRES_ET_FRAICHEUR_A_ATTESTER","zimmermann.com","","","","CAREER_LINKS_OBSERVED_REVIEW_REQUIRED","https://www.zimmermann.com/people-culture | https://www.zimmermann.com/jobs-at-zimmermann","https://www.zimmermann.com/","","","NON_CERTIFIE_PAR_CETTE_RECHERCHE","","Retrouver puis prouver le portail officiel; vérifier aussi les groupes et alias"
"16PARIS","1","https://fr.fashionjobs.com/recrutement/16paris.html","AUCUN_RAPPROCHEMENT_ETABLI","A_QUALIFIER","AUCUNE","","","NON","0","0","0","0","","NON_PERIMETRES_ET_FRAICHEUR_A_ATTESTER","","","","","NO_WEBSITE_IN_PROFILE_OR_PROFILE_UNREADABLE","","","","","NON_CERTIFIE_PAR_CETTE_RECHERCHE","","Retrouver puis prouver le portail officiel; vérifier aussi les groupes et alias"
"2 MAI PARIS","1","https://fr.fashionjobs.com/recrutement/2-mai-paris.html","COMPANY_PRESENTE_SANS_DIRECT_IDENTIFIE","A_QUALIFIER","NOM_OU_ALIAS_EXACT_CANDIDAT","cmtkdw2sg1u8znf2bjpd9lgvr","2 MAI PARIS","NON","0","0","0","0","-1","NON_PERIMETRES_ET_FRAICHEUR_A_ATTESTER","","","","","NO_WEBSITE_IN_PROFILE_OR_PROFILE_UNREADABLE","","","","","NON_CERTIFIE_PAR_CETTE_RECHERCHE","","Retrouver puis prouver le portail officiel; vérifier aussi les groupes et alias"
"3D TRADE","1","https://fr.fashionjobs.com/recrutement/3d-trade.html","COMPANY_PRESENTE_SANS_DIRECT_IDENTIFIE","A_QUALIFIER","NOM_OU_ALIAS_EXACT_CANDIDAT","cmtlq3uh81lzzpg2bs51mn11d","3D TRADE","NON","0","0","0","0","-1","NON_PERIMETRES_ET_FRAICHEUR_A_ATTESTER","","","","","NO_WEBSITE_IN_PROFILE_OR_PROFILE_UNREADABLE","","","","","NON_CERTIFIE_PAR_CETTE_RECHERCHE","","Retrouver puis prouver le portail officiel; vérifier aussi les groupes et alias"
"58 FACETTES","1","https://fr.fashionjobs.com/recrutement/58-facettes.html","COMPANY_PRESENTE_SANS_DIRECT_IDENTIFIE","A_QUALIFIER","NOM_OU_ALIAS_EXACT_CANDIDAT","cmtkdvzx21td0nf2bpm258lmx","58 FACETTES","NON","1","1","0","0","-1","NON_PERIMETRES_ET_FRAICHEUR_A_ATTESTER","58facettes.fr","","","","NO_CAREER_LINK_FOUND_ON_PAGES_READ","","https://58facettes.fr/","","","NON_CERTIFIE_PAR_CETTE_RECHERCHE","","Retrouver puis prouver le portail officiel; vérifier aussi les groupes et alias"
"A LA SOURCE...","1","https://fr.fashionjobs.com/recrutement/a-la-source-.html","AUCUN_RAPPROCHEMENT_ETABLI","A_QUALIFIER","AUCUNE","","","NON","0","0","0","0","","NON_PERIMETRES_ET_FRAICHEUR_A_ATTESTER","","","","","NO_WEBSITE_IN_PROFILE_OR_PROFILE_UNREADABLE","","","","","NON_CERTIFIE_PAR_CETTE_RECHERCHE","","Retrouver puis prouver le portail officiel; vérifier aussi les groupes et alias"
"A MAGAZINE CURATED BY","1","https://fr.fashionjobs.com/recrutement/a-magazine-curated-by.html","AUCUN_RAPPROCHEMENT_ETABLI","A_QUALIFIER","AUCUNE","","","NON","0","0","0","0","","NON_PERIMETRES_ET_FRAICHEUR_A_ATTESTER","","","","","NO_WEBSITE_IN_PROFILE_OR_PROFILE_UNREADABLE","","","","","NON_CERTIFIE_PAR_CETTE_RECHERCHE","","Retrouver puis prouver le portail officiel; vérifier aussi les groupes et alias"
"A.P.C","1","https://fr.fashionjobs.com/recrutement/a-p-c.html","SOURCE_CATALOGUEE_SANS_DIRECT_ACTIF","A_QUALIFIER","NOM_OU_ALIAS_EXACT_CANDIDAT","cmtkdvwgc1sednf2bnfwm5tv7","A.P.C.","NON","22","22","0","0","-1","NON_PERIMETRES_ET_FRAICHEUR_A_ATTESTER","apc.fr","a-p-c:PAUSED","","","CAREER_LINKS_OBSERVED_REVIEW_REQUIRED","https://www.apc.fr/pages/nous-rejoindre | https://www.welcometothejungle.com/fr/companies/a-p-c/jobs | https://www.apcstore.com/pages/nous-rejoindre | https://www.apcstore.de/pages/nous-rejoindre | https://www.apcstore.co.uk/pages/nous-rejoindre | https://www.apcstore.dk/pages/nous-rejoindre","https://www.apc.fr/","","","NON_CERTIFIE_PAR_CETTE_RECHERCHE","","Retrouver puis prouver le portail officiel; vérifier aussi les groupes et alias"
"ABSOLUT CASHMERE","1","https://fr.fashionjobs.com/recrutement/absolut-cashmere.html","COMPANY_PRESENTE_SANS_DIRECT_IDENTIFIE","A_QUALIFIER","NOM_OU_ALIAS_EXACT_CANDIDAT","cmtkdvzgn1t83nf2ba9rhyuip","ABSOLUT CASHMERE","NON","0","0","0","0","-1","NON_PERIMETRES_ET_FRAICHEUR_A_ATTESTER","absolutcashmere.com","","","","NO_CAREER_LINK_FOUND_ON_PAGES_READ","","https://absolutcashmere.com/","","","NON_CERTIFIE_PAR_CETTE_RECHERCHE","","Retrouver puis prouver le portail officiel; vérifier aussi les groupes et alias"
"AGENCE MELCHIOR","1","https://fr.fashionjobs.com/recrutement/agence-melchior.html","AUCUN_RAPPROCHEMENT_ETABLI","A_QUALIFIER","AUCUNE","","","NON","0","0","0","0","","NON_PERIMETRES_ET_FRAICHEUR_A_ATTESTER","","","","","NO_WEBSITE_IN_PROFILE_OR_PROFILE_UNREADABLE","","","","","NON_CERTIFIE_PAR_CETTE_RECHERCHE","","Retrouver puis prouver le portail officiel; vérifier aussi les groupes et alias"
"AGENCE OHANA","1","https://fr.fashionjobs.com/recrutement/agence-ohana.html","AUCUN_RAPPROCHEMENT_ETABLI","A_QUALIFIER","AUCUNE","","","NON","0","0","0","0","","NON_PERIMETRES_ET_FRAICHEUR_A_ATTESTER","","","","","NO_WEBSITE_IN_PROFILE_OR_PROFILE_UNREADABLE","","","","","NON_CERTIFIE_PAR_CETTE_RECHERCHE","","Retrouver puis prouver le portail officiel; vérifier aussi les groupes et alias"
"AKHO","1","https://fr.fashionjobs.com/recrutement/akho.html","COMPANY_PRESENTE_SANS_DIRECT_IDENTIFIE","A_QUALIFIER","NOM_OU_ALIAS_EXACT_CANDIDAT","cmtp868z33rnzqq4zjy1vwkng","AKHO","NON","1","1","0","0","-1","NON_PERIMETRES_ET_FRAICHEUR_A_ATTESTER","","","","","NO_WEBSITE_IN_PROFILE_OR_PROFILE_UNREADABLE","","","","","NON_CERTIFIE_PAR_CETTE_RECHERCHE","","Retrouver puis prouver le portail officiel; vérifier aussi les groupes et alias"
"ALBYA","1","https://fr.fashionjobs.com/recrutement/albya.html","COMPANY_PRESENTE_SANS_DIRECT_IDENTIFIE","A_QUALIFIER","NOM_OU_ALIAS_EXACT_CANDIDAT","cmtkdw0l91tk1nf2bns84n4tr","ALBYA","NON","1","1","0","0","-1","NON_PERIMETRES_ET_FRAICHEUR_A_ATTESTER","","","","","NO_WEBSITE_IN_PROFILE_OR_PROFILE_UNREADABLE","","","","","NON_CERTIFIE_PAR_CETTE_RECHERCHE","","Retrouver puis prouver le portail officiel; vérifier aussi les groupes et alias"
"ALEXANDRA ZHUKOVA","1","https://fr.fashionjobs.com/recrutement/alexandra-zhukova.html","COMPANY_PRESENTE_SANS_DIRECT_IDENTIFIE","A_QUALIFIER","NOM_OU_ALIAS_EXACT_CANDIDAT","cmtkdw26y1u1gnf2biqd4m0tu","ALEXANDRA ZHUKOVA","NON","0","0","0","0","-1","NON_PERIMETRES_ET_FRAICHEUR_A_ATTESTER","","","","","NO_WEBSITE_IN_PROFILE_OR_PROFILE_UNREADABLE","","","","","NON_CERTIFIE_PAR_CETTE_RECHERCHE","","Retrouver puis prouver le portail officiel; vérifier aussi les groupes et alias"
"ALEXEIN CONSEIL","1","https://fr.fashionjobs.com/recrutement/alexein-conseil.html","COMPANY_PRESENTE_SANS_DIRECT_IDENTIFIE","A_QUALIFIER","NOM_OU_ALIAS_EXACT_CANDIDAT","cmtkdvujg1rpnnf2b42lriz7o","ALEXEIN CONSEIL","NON","0","0","0","0","-1","NON_PERIMETRES_ET_FRAICHEUR_A_ATTESTER","","","","","NO_WEBSITE_IN_PROFILE_OR_PROFILE_UNREADABLE","","","","","NON_CERTIFIE_PAR_CETTE_RECHERCHE","","Retrouver puis prouver le portail officiel; vérifier aussi les groupes et alias"
"ALTER DESIGNS","1","https://fr.fashionjobs.com/recrutement/alter-designs.html","COMPANY_PRESENTE_SANS_DIRECT_IDENTIFIE","A_QUALIFIER","NOM_OU_ALIAS_EXACT_CANDIDAT","cmtkdvwi11sf1nf2bnatrxkov","ALTER DESIGNS","NON","0","0","0","0","-1","NON_PERIMETRES_ET_FRAICHEUR_A_ATTESTER","","","","","NO_WEBSITE_IN_PROFILE_OR_PROFILE_UNREADABLE","","","","","NON_CERTIFIE_PAR_CETTE_RECHERCHE","","Retrouver puis prouver le portail officiel; vérifier aussi les groupes et alias"
"ALTERCOSMETO - ALGOLOGIE & DR RENAUD","1","https://fr.fashionjobs.com/recrutement/altercosmeto-algologie-dr-renaud.html","AUCUN_RAPPROCHEMENT_ETABLI","A_QUALIFIER","AUCUNE","","","NON","0","0","0","0","","NON_PERIMETRES_ET_FRAICHEUR_A_ATTESTER","","","","","NO_WEBSITE_IN_PROFILE_OR_PROFILE_UNREADABLE","","","","","NON_CERTIFIE_PAR_CETTE_RECHERCHE","","Retrouver puis prouver le portail officiel; vérifier aussi les groupes et alias"
"ALVEOLE STUDIO","1","https://fr.fashionjobs.com/recrutement/alveole-studio.html","COMPANY_PRESENTE_SANS_DIRECT_IDENTIFIE","A_QUALIFIER","NOM_OU_ALIAS_EXACT_CANDIDAT","cmtkdw2nl1u79nf2bpupgruh3","ALVEOLE STUDIO","NON","0","0","0","0","-1","NON_PERIMETRES_ET_FRAICHEUR_A_ATTESTER","","","","","NO_WEBSITE_IN_PROFILE_OR_PROFILE_UNREADABLE","","","","","NON_CERTIFIE_PAR_CETTE_RECHERCHE","","Retrouver puis prouver le portail officiel; vérifier aussi les groupes et alias"
"AMATEIS (HENRI DUVILLARD, DEGRE 7, AULP, VERTIGO)","1","https://fr.fashionjobs.com/recrutement/amateis.html","AUCUN_RAPPROCHEMENT_ETABLI","A_QUALIFIER","AUCUNE","","","NON","0","0","0","0","","NON_PERIMETRES_ET_FRAICHEUR_A_ATTESTER","","","","","NO_WEBSITE_IN_PROFILE_OR_PROFILE_UNREADABLE","","","","","NON_CERTIFIE_PAR_CETTE_RECHERCHE","","Retrouver puis prouver le portail officiel; vérifier aussi les groupes et alias"
"AMBALI","1","https://fr.fashionjobs.com/recrutement/ambali.html","AUCUN_RAPPROCHEMENT_ETABLI","A_QUALIFIER","AUCUNE","","","NON","0","0","0","0","","NON_PERIMETRES_ET_FRAICHEUR_A_ATTESTER","","","","","NO_WEBSITE_IN_PROFILE_OR_PROFILE_UNREADABLE","","","","","NON_CERTIFIE_PAR_CETTE_RECHERCHE","","Retrouver puis prouver le portail officiel; vérifier aussi les groupes et alias"
"AMICALEMENT SOI","1","https://fr.fashionjobs.com/recrutement/amicalement-soi.html","AUCUN_RAPPROCHEMENT_ETABLI","A_QUALIFIER","AUCUNE","","","NON","0","0","0","0","","NON_PERIMETRES_ET_FRAICHEUR_A_ATTESTER","","","","","NO_WEBSITE_IN_PROFILE_OR_PROFILE_UNREADABLE","","","","","NON_CERTIFIE_PAR_CETTE_RECHERCHE","","Retrouver puis prouver le portail officiel; vérifier aussi les groupes et alias"
"ANASHI","1","https://fr.fashionjobs.com/recrutement/anashi.html","AUCUN_RAPPROCHEMENT_ETABLI","A_QUALIFIER","AUCUNE","","","NON","0","0","0","0","","NON_PERIMETRES_ET_FRAICHEUR_A_ATTESTER","","","","","NO_WEBSITE_IN_PROFILE_OR_PROFILE_UNREADABLE","","","","","NON_CERTIFIE_PAR_CETTE_RECHERCHE","","Retrouver puis prouver le portail officiel; vérifier aussi les groupes et alias"
"ANGELA BARBIERI","1","https://fr.fashionjobs.com/recrutement/angela-barbieri.html","AUCUN_RAPPROCHEMENT_ETABLI","A_QUALIFIER","AUCUNE","","","NON","0","0","0","0","","NON_PERIMETRES_ET_FRAICHEUR_A_ATTESTER","","","","","NO_WEBSITE_IN_PROFILE_OR_PROFILE_UNREADABLE","","","","","NON_CERTIFIE_PAR_CETTE_RECHERCHE","","Retrouver puis prouver le portail officiel; vérifier aussi les groupes et alias"
"ANGELO SENSINI COMMUNICATION","1","https://fr.fashionjobs.com/recrutement/angelo-sensini-communication.html","AUCUN_RAPPROCHEMENT_ETABLI","A_QUALIFIER","AUCUNE","","","NON","0","0","0","0","","NON_PERIMETRES_ET_FRAICHEUR_A_ATTESTER","","","","","NO_WEBSITE_IN_PROFILE_OR_PROFILE_UNREADABLE","","","","","NON_CERTIFIE_PAR_CETTE_RECHERCHE","","Retrouver puis prouver le portail officiel; vérifier aussi les groupes et alias"
"ANICET BIJOUX","1","https://fr.fashionjobs.com/recrutement/anicet-bijoux.html","AUCUN_RAPPROCHEMENT_ETABLI","A_QUALIFIER","AUCUNE","","","NON","0","0","0","0","","NON_PERIMETRES_ET_FRAICHEUR_A_ATTESTER","","","","","NO_WEBSITE_IN_PROFILE_OR_PROFILE_UNREADABLE","","","","","NON_CERTIFIE_PAR_CETTE_RECHERCHE","","Retrouver puis prouver le portail officiel; vérifier aussi les groupes et alias"
"ANOTHER TOMORROW","1","https://fr.fashionjobs.com/recrutement/another-tomorrow.html","AUCUN_RAPPROCHEMENT_ETABLI","A_QUALIFIER","AUCUNE","","","NON","0","0","0","0","","NON_PERIMETRES_ET_FRAICHEUR_A_ATTESTER","","","","","CAREER_LINKS_OBSERVED_REVIEW_REQUIRED","https://anothertomorrow.co/en-eu/pages/careers","https://anothertomorrow.co/?oid=321&affid=1&source_id=GoY-rating&sub1=brandpage","","","NON_CERTIFIE_PAR_CETTE_RECHERCHE","","Retrouver puis prouver le portail officiel; vérifier aussi les groupes et alias"
"ARGELLIES RP.","1","https://fr.fashionjobs.com/recrutement/argellies-rp-.html","COMPANY_PRESENTE_SANS_DIRECT_IDENTIFIE","A_QUALIFIER","NOM_OU_ALIAS_EXACT_CANDIDAT","cmtkdvw651sbanf2b4uf43ga3","ARGELLIES RP.","NON","0","0","0","0","-1","NON_PERIMETRES_ET_FRAICHEUR_A_ATTESTER","","","","","NO_WEBSITE_IN_PROFILE_OR_PROFILE_UNREADABLE","","","","","NON_CERTIFIE_PAR_CETTE_RECHERCHE","","Retrouver puis prouver le portail officiel; vérifier aussi les groupes et alias"
"ARIZONA LOVE","1","https://fr.fashionjobs.com/recrutement/arizona-love.html","AUCUN_RAPPROCHEMENT_ETABLI","A_QUALIFIER","AUCUNE","","","NON","0","0","0","0","","NON_PERIMETRES_ET_FRAICHEUR_A_ATTESTER","","","","","NO_CAREER_LINK_FOUND_ON_PAGES_READ","","https://arizonalove.store/","","","NON_CERTIFIE_PAR_CETTE_RECHERCHE","","Retrouver puis prouver le portail officiel; vérifier aussi les groupes et alias"
"ARTHUR ET FOX","1","https://fr.fashionjobs.com/recrutement/arthur-et-fox.html","AUCUN_RAPPROCHEMENT_ETABLI","A_QUALIFIER","AUCUNE","","","NON","0","0","0","0","","NON_PERIMETRES_ET_FRAICHEUR_A_ATTESTER","","","","","NO_WEBSITE_IN_PROFILE_OR_PROFILE_UNREADABLE","","","","","NON_CERTIFIE_PAR_CETTE_RECHERCHE","","Retrouver puis prouver le portail officiel; vérifier aussi les groupes et alias"
"ARTLIST PARIS NEW YORK","1","https://fr.fashionjobs.com/recrutement/artlist-paris-new-york.html","AUCUN_RAPPROCHEMENT_ETABLI","A_QUALIFIER","AUCUNE","","","NON","0","0","0","0","","NON_PERIMETRES_ET_FRAICHEUR_A_ATTESTER","","","","","NO_WEBSITE_IN_PROFILE_OR_PROFILE_UNREADABLE","","","","","NON_CERTIFIE_PAR_CETTE_RECHERCHE","","Retrouver puis prouver le portail officiel; vérifier aussi les groupes et alias"
"ARTRONCA","1","https://fr.fashionjobs.com/recrutement/artronca.html","AUCUN_RAPPROCHEMENT_ETABLI","A_QUALIFIER","AUCUNE","","","NON","0","0","0","0","","NON_PERIMETRES_ET_FRAICHEUR_A_ATTESTER","","","","","NO_WEBSITE_IN_PROFILE_OR_PROFILE_UNREADABLE","","","","","NON_CERTIFIE_PAR_CETTE_RECHERCHE","","Retrouver puis prouver le portail officiel; vérifier aussi les groupes et alias"
"ASKEDOUT","1","https://fr.fashionjobs.com/recrutement/askedout.html","AUCUN_RAPPROCHEMENT_ETABLI","A_QUALIFIER","AUCUNE","","","NON","0","0","0","0","","NON_PERIMETRES_ET_FRAICHEUR_A_ATTESTER","","","","","NO_WEBSITE_IN_PROFILE_OR_PROFILE_UNREADABLE","","","","","NON_CERTIFIE_PAR_CETTE_RECHERCHE","","Retrouver puis prouver le portail officiel; vérifier aussi les groupes et alias"
"ATELIER 19.6","1","https://fr.fashionjobs.com/recrutement/atelier-19-6.html","COMPANY_PRESENTE_SANS_DIRECT_IDENTIFIE","A_QUALIFIER","NOM_OU_ALIAS_EXACT_CANDIDAT","cmtkdw12j1tpnnf2bb9ch9kcd","ATELIER 19.6","NON","1","1","0","0","-1","NON_PERIMETRES_ET_FRAICHEUR_A_ATTESTER","atelier19six.com","","","","NO_CAREER_LINK_FOUND_ON_PAGES_READ","","https://atelier19six.com/","","","NON_CERTIFIE_PAR_CETTE_RECHERCHE","","Retrouver puis prouver le portail officiel; vérifier aussi les groupes et alias"
"ATELIER CHOUX","1","https://fr.fashionjobs.com/recrutement/atelier-choux.html","AUCUN_RAPPROCHEMENT_ETABLI","A_QUALIFIER","AUCUNE","","","NON","0","0","0","0","","NON_PERIMETRES_ET_FRAICHEUR_A_ATTESTER","","","","","NO_WEBSITE_IN_PROFILE_OR_PROFILE_UNREADABLE","","","","","NON_CERTIFIE_PAR_CETTE_RECHERCHE","","Retrouver puis prouver le portail officiel; vérifier aussi les groupes et alias"
"ATELIER DE CONFECTION SAINT LAURENT","1","https://fr.fashionjobs.com/recrutement/atelier-de-confection-saint-laurent.html","AUCUN_RAPPROCHEMENT_ETABLI","A_QUALIFIER","AUCUNE","","","NON","0","0","0","0","","NON_PERIMETRES_ET_FRAICHEUR_A_ATTESTER","","","","","NO_WEBSITE_IN_PROFILE_OR_PROFILE_UNREADABLE","","","","","NON_CERTIFIE_PAR_CETTE_RECHERCHE","","Retrouver puis prouver le portail officiel; vérifier aussi les groupes et alias"
"ATELIER FOUQUET","1","https://fr.fashionjobs.com/recrutement/atelier-fouquet.html","COMPANY_PRESENTE_SANS_DIRECT_IDENTIFIE","A_QUALIFIER","NOM_OU_ALIAS_EXACT_CANDIDAT","cmtkdvuyc1rw2nf2bexd99q0j","ATELIER FOUQUET","NON","0","0","0","0","-1","NON_PERIMETRES_ET_FRAICHEUR_A_ATTESTER","","","","","NO_WEBSITE_IN_PROFILE_OR_PROFILE_UNREADABLE","","","","","NON_CERTIFIE_PAR_CETTE_RECHERCHE","","Retrouver puis prouver le portail officiel; vérifier aussi les groupes et alias"
"AUDETTE","1","https://fr.fashionjobs.com/recrutement/audette.html","COMPANY_PRESENTE_SANS_DIRECT_IDENTIFIE","A_QUALIFIER","NOM_OU_ALIAS_EXACT_CANDIDAT","cmtkdw2f21u4jnf2b2nd4klck","AUDETTE","NON","0","0","0","0","-1","NON_PERIMETRES_ET_FRAICHEUR_A_ATTESTER","","","","","NO_WEBSITE_IN_PROFILE_OR_PROFILE_UNREADABLE","","","","","NON_CERTIFIE_PAR_CETTE_RECHERCHE","","Retrouver puis prouver le portail officiel; vérifier aussi les groupes et alias"
"AUDIO GUIDE PARIS","1","https://fr.fashionjobs.com/recrutement/audio-guide-paris.html","AUCUN_RAPPROCHEMENT_ETABLI","A_QUALIFIER","AUCUNE","","","NON","0","0","0","0","","NON_PERIMETRES_ET_FRAICHEUR_A_ATTESTER","","","","","NO_WEBSITE_IN_PROFILE_OR_PROFILE_UNREADABLE","","","","","NON_CERTIFIE_PAR_CETTE_RECHERCHE","","Retrouver puis prouver le portail officiel; vérifier aussi les groupes et alias"
"AYMAOU","1","https://fr.fashionjobs.com/recrutement/aymaou.html","AUCUN_RAPPROCHEMENT_ETABLI","A_QUALIFIER","AUCUNE","","","NON","0","0","0","0","","NON_PERIMETRES_ET_FRAICHEUR_A_ATTESTER","","","","","NO_WEBSITE_IN_PROFILE_OR_PROFILE_UNREADABLE","","","","","NON_CERTIFIE_PAR_CETTE_RECHERCHE","","Retrouver puis prouver le portail officiel; vérifier aussi les groupes et alias"
"B.BRAND","1","https://fr.fashionjobs.com/recrutement/b-brand.html","COMPANY_PRESENTE_SANS_DIRECT_IDENTIFIE","A_QUALIFIER","NOM_OU_ALIAS_EXACT_CANDIDAT","cmtkdvxhe1spanf2bpj5g78ex","B.BRAND","NON","0","0","0","0","-1","NON_PERIMETRES_ET_FRAICHEUR_A_ATTESTER","","","","","NO_WEBSITE_IN_PROFILE_OR_PROFILE_UNREADABLE","","","","","NON_CERTIFIE_PAR_CETTE_RECHERCHE","","Retrouver puis prouver le portail officiel; vérifier aussi les groupes et alias"
"BALENCIAGA OPERATIONS","1","https://fr.fashionjobs.com/recrutement/balenciaga-operations.html","AUCUN_RAPPROCHEMENT_ETABLI","A_QUALIFIER","AUCUNE","","","NON","0","0","0","0","","NON_PERIMETRES_ET_FRAICHEUR_A_ATTESTER","","","","","NO_WEBSITE_IN_PROFILE_OR_PROFILE_UNREADABLE","","","","","NON_CERTIFIE_PAR_CETTE_RECHERCHE","","Retrouver puis prouver le portail officiel; vérifier aussi les groupes et alias"
"BANDE ORIGINALE","1","https://fr.fashionjobs.com/recrutement/bande-originale.html","COMPANY_PRESENTE_SANS_DIRECT_IDENTIFIE","A_QUALIFIER","NOM_OU_ALIAS_EXACT_CANDIDAT","cmtkdw3321ucsnf2ba6ml5xly","BANDE ORIGINALE","NON","0","0","0","0","-1","NON_PERIMETRES_ET_FRAICHEUR_A_ATTESTER","","","","","NO_WEBSITE_IN_PROFILE_OR_PROFILE_UNREADABLE","","","","","NON_CERTIFIE_PAR_CETTE_RECHERCHE","","Retrouver puis prouver le portail officiel; vérifier aussi les groupes et alias"
"BAOBAB COLLECTION","1","https://fr.fashionjobs.com/recrutement/baobab-collection.html","COMPANY_PRESENTE_SANS_DIRECT_IDENTIFIE","A_QUALIFIER","NOM_OU_ALIAS_EXACT_CANDIDAT","cmtkdvuhp1rovnf2bf3wgeias","BAOBAB COLLECTION","NON","0","0","0","0","-1","NON_PERIMETRES_ET_FRAICHEUR_A_ATTESTER","","","","","NO_WEBSITE_IN_PROFILE_OR_PROFILE_UNREADABLE","","","","","NON_CERTIFIE_PAR_CETTE_RECHERCHE","","Retrouver puis prouver le portail officiel; vérifier aussi les groupes et alias"
"BARBARISME PARIS","1","https://fr.fashionjobs.com/recrutement/barbarisme-paris.html","COMPANY_PRESENTE_SANS_DIRECT_IDENTIFIE","A_QUALIFIER","NOM_OU_ALIAS_EXACT_CANDIDAT","cmtkdw2ai1u30nf2bjgxj2odr","BARBARISME PARIS","NON","0","0","0","0","-1","NON_PERIMETRES_ET_FRAICHEUR_A_ATTESTER","","","","","NO_WEBSITE_IN_PROFILE_OR_PROFILE_UNREADABLE","","","","","NON_CERTIFIE_PAR_CETTE_RECHERCHE","","Retrouver puis prouver le portail officiel; vérifier aussi les groupes et alias"
"BELLEROSE","1","https://fr.fashionjobs.com/recrutement/bellerose.html","COMPANY_PRESENTE_SANS_DIRECT_IDENTIFIE","A_QUALIFIER","NOM_OU_ALIAS_EXACT_CANDIDAT","cmtkdvx5y1sl0nf2bw87enif4","BELLEROSE","NON","0","0","0","0","-1","NON_PERIMETRES_ET_FRAICHEUR_A_ATTESTER","","","","","CAREER_LINKS_OBSERVED_REVIEW_REQUIRED","https://bellerose.com/pages/team | https://bellerose.com/pages/job-internship-invited-brands-1 | https://bellerose.com/pages/job-customer-service-b2b-logistics | https://bellerose.com/pages/job-sales-specialist-leuven-30h | https://bellerose.com/pages/job-sales-specialist-rotterdam-10h | https://bellerose.com/pages/job-sales-specialist-antwerpen-12h | https://bellerose.com/pages/job-sales-specialist-antwerpen-35h-1 | https://bellerose.com/pages/job-sales-specialist-amsterdam-28h | https://bellerose.com/pages/job-sales-specialist-amsterdam-bijenkorf-18h | https://bellerose.com/pages/job-sales-specialist-lyon-21h | https://bellerose.com/pages/job-sales-specialist-the-hague-10h | https://bellerose.com/pages/job-store-manager-amsterdam-bijenkorf-35h","https://bellerose.com/","","","NON_CERTIFIE_PAR_CETTE_RECHERCHE","","Retrouver puis prouver le portail officiel; vérifier aussi les groupes et alias"
"BENETTON","1","https://fr.fashionjobs.com/recrutement/benetton.html","AUCUN_RAPPROCHEMENT_ETABLI","A_QUALIFIER","AUCUNE","","","NON","0","0","0","0","","NON_PERIMETRES_ET_FRAICHEUR_A_ATTESTER","","","","","NO_CAREER_LINK_FOUND_ON_PAGES_READ","","https://fr.benetton.com/?shpxid=4c5d1153-3b6f-46aa-8f3c-f12ce3d70495","","","NON_CERTIFIE_PAR_CETTE_RECHERCHE","","Retrouver puis prouver le portail officiel; vérifier aussi les groupes et alias"
"BERNARD ORCEL COURCHEVEL","1","https://fr.fashionjobs.com/recrutement/bernard-orcel-courchevel.html","AUCUN_RAPPROCHEMENT_ETABLI","A_QUALIFIER","AUCUNE","","","NON","0","0","0","0","","NON_PERIMETRES_ET_FRAICHEUR_A_ATTESTER","","","","","NO_WEBSITE_IN_PROFILE_OR_PROFILE_UNREADABLE","","","","","NON_CERTIFIE_PAR_CETTE_RECHERCHE","","Retrouver puis prouver le portail officiel; vérifier aussi les groupes et alias"
"BERTO + ZITA","1","https://fr.fashionjobs.com/recrutement/berto-zita.html","COMPANY_PRESENTE_SANS_DIRECT_IDENTIFIE","A_QUALIFIER","NOM_OU_ALIAS_EXACT_CANDIDAT","cmtks20ee218lp72bwvh5qwss","BERTO + ZITA","NON","0","0","0","0","-1","NON_PERIMETRES_ET_FRAICHEUR_A_ATTESTER","","","","","NO_WEBSITE_IN_PROFILE_OR_PROFILE_UNREADABLE","","","","","NON_CERTIFIE_PAR_CETTE_RECHERCHE","","Retrouver puis prouver le portail officiel; vérifier aussi les groupes et alias"
"BIENAIMÉ PARFUMS","1","https://fr.fashionjobs.com/recrutement/bienaime-parfums.html","AUCUN_RAPPROCHEMENT_ETABLI","A_QUALIFIER","AUCUNE","","","NON","0","0","0","0","","NON_PERIMETRES_ET_FRAICHEUR_A_ATTESTER","","","","","NO_WEBSITE_IN_PROFILE_OR_PROFILE_UNREADABLE","","","","","NON_CERTIFIE_PAR_CETTE_RECHERCHE","","Retrouver puis prouver le portail officiel; vérifier aussi les groupes et alias"
"BIGAND CONFECTION","1","https://fr.fashionjobs.com/recrutement/bigand-confection.html","AUCUN_RAPPROCHEMENT_ETABLI","A_QUALIFIER","AUCUNE","","","NON","0","0","0","0","","NON_PERIMETRES_ET_FRAICHEUR_A_ATTESTER","","","","","NO_WEBSITE_IN_PROFILE_OR_PROFILE_UNREADABLE","","","","","NON_CERTIFIE_PAR_CETTE_RECHERCHE","","Retrouver puis prouver le portail officiel; vérifier aussi les groupes et alias"
"BILLABONG","1","https://fr.fashionjobs.com/recrutement/billabong.html","AUCUN_RAPPROCHEMENT_ETABLI","A_QUALIFIER","AUCUNE","","","NON","0","0","0","0","","NON_PERIMETRES_ET_FRAICHEUR_A_ATTESTER","","","","","NO_CAREER_LINK_FOUND_ON_PAGES_READ","","https://www.billabong.com/fr","","","NON_CERTIFIE_PAR_CETTE_RECHERCHE","","Retrouver puis prouver le portail officiel; vérifier aussi les groupes et alias"
"BINET PAPILLON PARFUMS","1","https://fr.fashionjobs.com/recrutement/binet-papillon-parfums.html","AUCUN_RAPPROCHEMENT_ETABLI","A_QUALIFIER","AUCUNE","","","NON","0","0","0","0","","NON_PERIMETRES_ET_FRAICHEUR_A_ATTESTER","","","","","NO_WEBSITE_IN_PROFILE_OR_PROFILE_UNREADABLE","","","","","NON_CERTIFIE_PAR_CETTE_RECHERCHE","","Retrouver puis prouver le portail officiel; vérifier aussi les groupes et alias"
"BIRKENSTOCK FRANCE SAS","1","https://fr.fashionjobs.com/recrutement/birkenstock-france-sas.html","AUCUN_RAPPROCHEMENT_ETABLI","A_QUALIFIER","AUCUNE","","","NON","0","0","0","0","","NON_PERIMETRES_ET_FRAICHEUR_A_ATTESTER","","","","","NO_WEBSITE_IN_PROFILE_OR_PROFILE_UNREADABLE","","","","","NON_CERTIFIE_PAR_CETTE_RECHERCHE","","Retrouver puis prouver le portail officiel; vérifier aussi les groupes et alias"
"BLACK CAT STUDIO","1","https://fr.fashionjobs.com/recrutement/black-cat-studio.html","COMPANY_PRESENTE_SANS_DIRECT_IDENTIFIE","A_QUALIFIER","NOM_OU_ALIAS_EXACT_CANDIDAT","cmtkdw2g01u4vnf2bwk4se0tp","BLACK CAT STUDIO","NON","0","0","0","0","-1","NON_PERIMETRES_ET_FRAICHEUR_A_ATTESTER","","","","","NO_WEBSITE_IN_PROFILE_OR_PROFILE_UNREADABLE","","","","","NON_CERTIFIE_PAR_CETTE_RECHERCHE","","Retrouver puis prouver le portail officiel; vérifier aussi les groupes et alias"
"BLUE BOX","1","https://fr.fashionjobs.com/recrutement/blue-box.html","COMPANY_PRESENTE_SANS_DIRECT_IDENTIFIE","A_QUALIFIER","NOM_OU_ALIAS_EXACT_CANDIDAT","cmtkdw0361tf0nf2birz84kkt","BLUE BOX","NON","1","1","0","0","-1","NON_PERIMETRES_ET_FRAICHEUR_A_ATTESTER","blue-box.fr","","","","NO_CAREER_LINK_FOUND_ON_PAGES_READ","","https://blue-box.fr/","","","NON_CERTIFIE_PAR_CETTE_RECHERCHE","","Retrouver puis prouver le portail officiel; vérifier aussi les groupes et alias"
"BLUEMARBLE","1","https://fr.fashionjobs.com/recrutement/bluemarble.html","COMPANY_PRESENTE_SANS_DIRECT_IDENTIFIE","A_QUALIFIER","NOM_OU_ALIAS_EXACT_CANDIDAT","cmtkdvvez1s2gnf2blgcl5orb","BLUEMARBLE","NON","0","0","0","0","-1","NON_PERIMETRES_ET_FRAICHEUR_A_ATTESTER","","","","","NO_CAREER_LINK_FOUND_ON_PAGES_READ","","https://bluemarbleparis.com/en-fr","","","NON_CERTIFIE_PAR_CETTE_RECHERCHE","","Retrouver puis prouver le portail officiel; vérifier aussi les groupes et alias"
"BOADICÉE","1","https://fr.fashionjobs.com/recrutement/boadicee.html","COMPANY_PRESENTE_SANS_DIRECT_IDENTIFIE","A_QUALIFIER","NOM_OU_ALIAS_EXACT_CANDIDAT","cmtlq3ubl1lxxpg2bqe29ftoo","BOADICÉE","NON","0","0","0","0","-1","NON_PERIMETRES_ET_FRAICHEUR_A_ATTESTER","","","","","NO_WEBSITE_IN_PROFILE_OR_PROFILE_UNREADABLE","","","","","NON_CERTIFIE_PAR_CETTE_RECHERCHE","","Retrouver puis prouver le portail officiel; vérifier aussi les groupes et alias"
"BOTNARI MEDIA","1","https://fr.fashionjobs.com/recrutement/botnari-media.html","AUCUN_RAPPROCHEMENT_ETABLI","A_QUALIFIER","AUCUNE","","","NON","0","0","0","0","","NON_PERIMETRES_ET_FRAICHEUR_A_ATTESTER","","","","","NO_WEBSITE_IN_PROFILE_OR_PROFILE_UNREADABLE","","","","","NON_CERTIFIE_PAR_CETTE_RECHERCHE","","Retrouver puis prouver le portail officiel; vérifier aussi les groupes et alias"
"BRAND SISTERS","1","https://fr.fashionjobs.com/recrutement/brand-sisters.html","AUCUN_RAPPROCHEMENT_ETABLI","A_QUALIFIER","AUCUNE","","","NON","0","0","0","0","","NON_PERIMETRES_ET_FRAICHEUR_A_ATTESTER","","","","","NO_WEBSITE_IN_PROFILE_OR_PROFILE_UNREADABLE","","","","","NON_CERTIFIE_PAR_CETTE_RECHERCHE","","Retrouver puis prouver le portail officiel; vérifier aussi les groupes et alias"
"BRUN STUDIO - ARTIST DESIGNER","1","https://fr.fashionjobs.com/recrutement/brun-studio-artist-designer.html","COMPANY_PRESENTE_SANS_DIRECT_IDENTIFIE","A_QUALIFIER","NOM_OU_ALIAS_EXACT_CANDIDAT","cmtkdvy851syenf2bskkudv9r","BRUN STUDIO - ARTIST DESIGNER","NON","1","1","0","0","-1","NON_PERIMETRES_ET_FRAICHEUR_A_ATTESTER","","","","","NO_WEBSITE_IN_PROFILE_OR_PROFILE_UNREADABLE","","","","","NON_CERTIFIE_PAR_CETTE_RECHERCHE","","Retrouver puis prouver le portail officiel; vérifier aussi les groupes et alias"
"BUREAU DE VICTOR","1","https://fr.fashionjobs.com/recrutement/bureau-de-victor.html","AUCUN_RAPPROCHEMENT_ETABLI","A_QUALIFIER","AUCUNE","","","NON","0","0","0","0","","NON_PERIMETRES_ET_FRAICHEUR_A_ATTESTER","","","","","NO_WEBSITE_IN_PROFILE_OR_PROFILE_UNREADABLE","","","","","NON_CERTIFIE_PAR_CETTE_RECHERCHE","","Retrouver puis prouver le portail officiel; vérifier aussi les groupes et alias"
"BVLGARI","1","https://fr.fashionjobs.com/recrutement/bvlgari.html","SOURCE_DIRECTE_CATALOGUEE_A_CERTIFIER","A_QUALIFIER","REGLE_CANONIQUE_CANDIDATE","cmtk48ejw1bzgny2bkqrqp6dp","Bulgari","NON","112","9","9","0","8","NON_PERIMETRES_ET_FRAICHEUR_A_ATTESTER","bulgari.com","","lvmh","","WEBSITE_UNREADABLE","","","","","NON_CERTIFIE_PAR_CETTE_RECHERCHE","","Certifier identité, attribution et complétude de la source existante"
"BY MARIE","1","https://fr.fashionjobs.com/recrutement/by-marie.html","COMPANY_PRESENTE_SANS_DIRECT_IDENTIFIE","A_QUALIFIER","NOM_OU_ALIAS_EXACT_CANDIDAT","cmtkdw2jh1u66nf2b0bno4g04","BY MARIE","NON","0","0","0","0","-1","NON_PERIMETRES_ET_FRAICHEUR_A_ATTESTER","","","","","NO_WEBSITE_IN_PROFILE_OR_PROFILE_UNREADABLE","","","","","NON_CERTIFIE_PAR_CETTE_RECHERCHE","","Retrouver puis prouver le portail officiel; vérifier aussi les groupes et alias"
"C.C CONSEIL SHOWROOM","1","https://fr.fashionjobs.com/recrutement/c-c-conseil-showroom.html","AUCUN_RAPPROCHEMENT_ETABLI","A_QUALIFIER","AUCUNE","","","NON","0","0","0","0","","NON_PERIMETRES_ET_FRAICHEUR_A_ATTESTER","","","","","NO_WEBSITE_IN_PROFILE_OR_PROFILE_UNREADABLE","","","","","NON_CERTIFIE_PAR_CETTE_RECHERCHE","","Retrouver puis prouver le portail officiel; vérifier aussi les groupes et alias"
"CALEB PARIS","1","https://fr.fashionjobs.com/recrutement/caleb-paris.html","COMPANY_PRESENTE_SANS_DIRECT_IDENTIFIE","A_QUALIFIER","NOM_OU_ALIAS_EXACT_CANDIDAT","cmtkdvxd01snunf2b3gi645d0","CALEB PARIS","NON","0","0","0","0","-1","NON_PERIMETRES_ET_FRAICHEUR_A_ATTESTER","","","","","NO_WEBSITE_IN_PROFILE_OR_PROFILE_UNREADABLE","","","","","NON_CERTIFIE_PAR_CETTE_RECHERCHE","","Retrouver puis prouver le portail officiel; vérifier aussi les groupes et alias"
"CANOPEA","1","https://fr.fashionjobs.com/recrutement/canopea.html","COMPANY_PRESENTE_SANS_DIRECT_IDENTIFIE","A_QUALIFIER","NOM_OU_ALIAS_EXACT_CANDIDAT","cmtnrub4q2y71qq4zu0551vws","CANOPEA","NON","0","0","0","0","-1","NON_PERIMETRES_ET_FRAICHEUR_A_ATTESTER","canopea-paris.com","","","","NO_CAREER_LINK_FOUND_ON_PAGES_READ","","https://canopea-paris.com/","","","NON_CERTIFIE_PAR_CETTE_RECHERCHE","","Retrouver puis prouver le portail officiel; vérifier aussi les groupes et alias"
"CAREL PARIS","1","https://fr.fashionjobs.com/recrutement/carel-paris.html","AUCUN_RAPPROCHEMENT_ETABLI","A_QUALIFIER","AUCUNE","","","NON","0","0","0","0","","NON_PERIMETRES_ET_FRAICHEUR_A_ATTESTER","","","","","NO_WEBSITE_IN_PROFILE_OR_PROFILE_UNREADABLE","","","","","NON_CERTIFIE_PAR_CETTE_RECHERCHE","","Retrouver puis prouver le portail officiel; vérifier aussi les groupes et alias"
"CARVEN","1","https://fr.fashionjobs.com/recrutement/carven.html","COMPANY_PRESENTE_SANS_DIRECT_IDENTIFIE","A_QUALIFIER","NOM_OU_ALIAS_EXACT_CANDIDAT","cmtpw96hg4k4dl35mhmmk4slt","CARVEN","NON","1","1","0","0","-1","NON_PERIMETRES_ET_FRAICHEUR_A_ATTESTER","carven.com","","","","NO_CAREER_LINK_FOUND_ON_PAGES_READ","","https://carven.com/","","","NON_CERTIFIE_PAR_CETTE_RECHERCHE","","Retrouver puis prouver le portail officiel; vérifier aussi les groupes et alias"
"CASTANEDA","1","https://fr.fashionjobs.com/recrutement/castaneda.html","AUCUN_RAPPROCHEMENT_ETABLI","A_QUALIFIER","AUCUNE","","","NON","0","0","0","0","","NON_PERIMETRES_ET_FRAICHEUR_A_ATTESTER","","","","","NO_WEBSITE_IN_PROFILE_OR_PROFILE_UNREADABLE","","","","","NON_CERTIFIE_PAR_CETTE_RECHERCHE","","Retrouver puis prouver le portail officiel; vérifier aussi les groupes et alias"
"CÉLESTE MOGADOR","1","https://fr.fashionjobs.com/recrutement/celeste-mogador.html","COMPANY_PRESENTE_SANS_DIRECT_IDENTIFIE","A_QUALIFIER","NOM_OU_ALIAS_EXACT_CANDIDAT","cmtkdvy5q1sxknf2bt8tuhwni","CÉLESTE MOGADOR","NON","1","1","0","0","-1","NON_PERIMETRES_ET_FRAICHEUR_A_ATTESTER","","","","","NO_WEBSITE_IN_PROFILE_OR_PROFILE_UNREADABLE","","","","","NON_CERTIFIE_PAR_CETTE_RECHERCHE","","Retrouver puis prouver le portail officiel; vérifier aussi les groupes et alias"
"CÈUCLE","1","https://fr.fashionjobs.com/recrutement/ceucle.html","COMPANY_PRESENTE_SANS_DIRECT_IDENTIFIE","A_QUALIFIER","NOM_OU_ALIAS_EXACT_CANDIDAT","cmtkdw2o31u7hnf2blhqsf1cp","CÈUCLE","NON","0","0","0","0","-1","NON_PERIMETRES_ET_FRAICHEUR_A_ATTESTER","","","","","NO_WEBSITE_IN_PROFILE_OR_PROFILE_UNREADABLE","","","","","NON_CERTIFIE_PAR_CETTE_RECHERCHE","","Retrouver puis prouver le portail officiel; vérifier aussi les groupes et alias"
"CÉVÈNE","1","https://fr.fashionjobs.com/recrutement/cevene.html","AUCUN_RAPPROCHEMENT_ETABLI","A_QUALIFIER","AUCUNE","","","NON","0","0","0","0","","NON_PERIMETRES_ET_FRAICHEUR_A_ATTESTER","","","","","NO_WEBSITE_IN_PROFILE_OR_PROFILE_UNREADABLE","","","","","NON_CERTIFIE_PAR_CETTE_RECHERCHE","","Retrouver puis prouver le portail officiel; vérifier aussi les groupes et alias"
"CHAMPION","1","https://fr.fashionjobs.com/recrutement/champion.html","COMPANY_PRESENTE_SANS_DIRECT_IDENTIFIE","A_QUALIFIER","NOM_OU_ALIAS_EXACT_CANDIDAT","cmtkdvurp1rtdnf2boo5regmx","CHAMPION","NON","0","0","0","0","-1","NON_PERIMETRES_ET_FRAICHEUR_A_ATTESTER","","","","","NO_CAREER_LINK_FOUND_ON_PAGES_READ","","https://www.champion.com/","","","NON_CERTIFIE_PAR_CETTE_RECHERCHE","","Retrouver puis prouver le portail officiel; vérifier aussi les groupes et alias"
"CHANEL","1","https://fr.fashionjobs.com/recrutement/chanel.html","SOURCE_DIRECTE_CATALOGUEE_A_CERTIFIER","A_QUALIFIER","NOM_OU_ALIAS_EXACT_CANDIDAT","cr68476d4c991498cd9a77c741","Chanel","NON","1117","430","430","21","429","NON_PERIMETRES_ET_FRAICHEUR_A_ATTESTER","","parfums-chanel:ACTIVE","parfums-chanel","","WEBSITE_UNREADABLE","","","","","NON_CERTIFIE_PAR_CETTE_RECHERCHE","","Certifier identité, attribution et complétude de la source existante"
"CHARLESTOWN","1","https://fr.fashionjobs.com/recrutement/charlestown.html","COMPANY_PRESENTE_SANS_DIRECT_IDENTIFIE","A_QUALIFIER","NOM_OU_ALIAS_EXACT_CANDIDAT","cmtkdvxrc1ssbnf2bpo3v9yzx","CHARLESTOWN","NON","0","0","0","0","-1","NON_PERIMETRES_ET_FRAICHEUR_A_ATTESTER","","","","","NO_WEBSITE_IN_PROFILE_OR_PROFILE_UNREADABLE","","","","","NON_CERTIFIE_PAR_CETTE_RECHERCHE","","Retrouver puis prouver le portail officiel; vérifier aussi les groupes et alias"
"CHASSAGNAC","1","https://fr.fashionjobs.com/recrutement/chassagnac.html","COMPANY_PRESENTE_SANS_DIRECT_IDENTIFIE","A_QUALIFIER","NOM_OU_ALIAS_EXACT_CANDIDAT","cmtkdw3kf1uipnf2bakgxro7h","CHASSAGNAC","NON","0","0","0","0","-1","NON_PERIMETRES_ET_FRAICHEUR_A_ATTESTER","","","","","NO_WEBSITE_IN_PROFILE_OR_PROFILE_UNREADABLE","","","","","NON_CERTIFIE_PAR_CETTE_RECHERCHE","","Retrouver puis prouver le portail officiel; vérifier aussi les groupes et alias"
"CHIC AT WORK","1","https://fr.fashionjobs.com/recrutement/chic-at-work.html","COMPANY_PRESENTE_SANS_DIRECT_IDENTIFIE","A_QUALIFIER","NOM_OU_ALIAS_EXACT_CANDIDAT","cmtkdvub61rmgnf2bq7yh4n5l","CHIC AT WORK","NON","0","0","0","0","-1","NON_PERIMETRES_ET_FRAICHEUR_A_ATTESTER","","","","","NO_WEBSITE_IN_PROFILE_OR_PROFILE_UNREADABLE","","","","","NON_CERTIFIE_PAR_CETTE_RECHERCHE","","Retrouver puis prouver le portail officiel; vérifier aussi les groupes et alias"
"CHN HAI","1","https://fr.fashionjobs.com/recrutement/chn-hai.html","COMPANY_PRESENTE_SANS_DIRECT_IDENTIFIE","A_QUALIFIER","NOM_OU_ALIAS_EXACT_CANDIDAT","cmtkdw2m91u6rnf2bj6cukiw5","CHN HAI","NON","0","0","0","0","-1","NON_PERIMETRES_ET_FRAICHEUR_A_ATTESTER","","","","","NO_WEBSITE_IN_PROFILE_OR_PROFILE_UNREADABLE","","","","","NON_CERTIFIE_PAR_CETTE_RECHERCHE","","Retrouver puis prouver le portail officiel; vérifier aussi les groupes et alias"
"CHRISTINE PHUNG DESIGN","1","https://fr.fashionjobs.com/recrutement/christine-phung-design.html","COMPANY_PRESENTE_SANS_DIRECT_IDENTIFIE","A_QUALIFIER","NOM_OU_ALIAS_EXACT_CANDIDAT","cmtks20zm21ctp72brutdjgi6","CHRISTINE PHUNG DESIGN","NON","0","0","0","0","-1","NON_PERIMETRES_ET_FRAICHEUR_A_ATTESTER","","","","","NO_WEBSITE_IN_PROFILE_OR_PROFILE_UNREADABLE","","","","","NON_CERTIFIE_PAR_CETTE_RECHERCHE","","Retrouver puis prouver le portail officiel; vérifier aussi les groupes et alias"
"CHURCH'S","1","https://fr.fashionjobs.com/recrutement/church-s.html","AUCUN_RAPPROCHEMENT_ETABLI","A_QUALIFIER","AUCUNE","","","NON","0","0","0","0","","NON_PERIMETRES_ET_FRAICHEUR_A_ATTESTER","","","","","WEBSITE_UNREADABLE","","","","","NON_CERTIFIE_PAR_CETTE_RECHERCHE","","Retrouver puis prouver le portail officiel; vérifier aussi les groupes et alias"
"CIPANGO","1","https://fr.fashionjobs.com/recrutement/cipango.html","AUCUN_RAPPROCHEMENT_ETABLI","A_QUALIFIER","AUCUNE","","","NON","0","0","0","0","","NON_PERIMETRES_ET_FRAICHEUR_A_ATTESTER","","","","","NO_WEBSITE_IN_PROFILE_OR_PROFILE_UNREADABLE","","","","","NON_CERTIFIE_PAR_CETTE_RECHERCHE","","Retrouver puis prouver le portail officiel; vérifier aussi les groupes et alias"
"CITIZENS OF HUMANITY","1","https://fr.fashionjobs.com/recrutement/citizens-of-humanity.html","COMPANY_PRESENTE_SANS_DIRECT_IDENTIFIE","A_QUALIFIER","NOM_OU_ALIAS_EXACT_CANDIDAT","cmtnac1rq2smgqq5l9m0c9puq","CITIZENS OF HUMANITY","NON","1","1","0","0","-1","NON_PERIMETRES_ET_FRAICHEUR_A_ATTESTER","citizensofhumanity.com","","","","NO_CAREER_LINK_FOUND_ON_PAGES_READ","","https://citizensofhumanity.com/","","","NON_CERTIFIE_PAR_CETTE_RECHERCHE","","Retrouver puis prouver le portail officiel; vérifier aussi les groupes et alias"
"CLAUDIAPAZ","1","https://fr.fashionjobs.com/recrutement/claudiapaz.html","AUCUN_RAPPROCHEMENT_ETABLI","A_QUALIFIER","AUCUNE","","","NON","0","0","0","0","","NON_PERIMETRES_ET_FRAICHEUR_A_ATTESTER","","","","","NO_WEBSITE_IN_PROFILE_OR_PROFILE_UNREADABLE","","","","","NON_CERTIFIE_PAR_CETTE_RECHERCHE","","Retrouver puis prouver le portail officiel; vérifier aussi les groupes et alias"
"COLD CULTURE","1","https://fr.fashionjobs.com/recrutement/cold-culture.html","COMPANY_PRESENTE_SANS_DIRECT_IDENTIFIE","A_QUALIFIER","NOM_OU_ALIAS_EXACT_CANDIDAT","cmtkdvznu1ta3nf2bxoqpfm5o","COLD CULTURE","NON","0","0","0","0","-1","NON_PERIMETRES_ET_FRAICHEUR_A_ATTESTER","","","","","NO_WEBSITE_IN_PROFILE_OR_PROFILE_UNREADABLE","","","","","NON_CERTIFIE_PAR_CETTE_RECHERCHE","","Retrouver puis prouver le portail officiel; vérifier aussi les groupes et alias"
"COLLECTOR SQUARE","1","https://fr.fashionjobs.com/recrutement/collector-square.html","COMPANY_PRESENTE_SANS_DIRECT_IDENTIFIE","A_QUALIFIER","NOM_OU_ALIAS_EXACT_CANDIDAT","cmtkdvxl61sqgnf2bhklqiqd8","Collector Square","NON","4","4","0","0","-1","NON_PERIMETRES_ET_FRAICHEUR_A_ATTESTER","collectorsquare.com","","","","CAREER_LINKS_OBSERVED_REVIEW_REQUIRED","https://www.collectorsquare.com/nous-rejoindre | https://www.welcometothejungle.com/fr/companies/collector-square/jobs | https://www.welcometothejungle.com/fr/companies/collector-square/jobs/candidatures-spontanees","https://www.collectorsquare.com/","","","NON_CERTIFIE_PAR_CETTE_RECHERCHE","","Retrouver puis prouver le portail officiel; vérifier aussi les groupes et alias"
"COMITÉ COLBERT","1","https://fr.fashionjobs.com/recrutement/comite-colbert.html","COMPANY_PRESENTE_SANS_DIRECT_IDENTIFIE","A_QUALIFIER","NOM_OU_ALIAS_EXACT_CANDIDAT","cmtkdw3nw1ujrnf2brkg20jem","COMITÉ COLBERT","NON","0","0","0","0","-1","NON_PERIMETRES_ET_FRAICHEUR_A_ATTESTER","","","","","NO_WEBSITE_IN_PROFILE_OR_PROFILE_UNREADABLE","","","","","NON_CERTIFIE_PAR_CETTE_RECHERCHE","","Retrouver puis prouver le portail officiel; vérifier aussi les groupes et alias"
"COMME TU VEUX","1","https://fr.fashionjobs.com/recrutement/comme-tu-veux.html","COMPANY_PRESENTE_SANS_DIRECT_IDENTIFIE","A_QUALIFIER","NOM_OU_ALIAS_EXACT_CANDIDAT","cmtkdvv4v1rymnf2bli4c5yus","COMME TU VEUX","NON","0","0","0","0","-1","NON_PERIMETRES_ET_FRAICHEUR_A_ATTESTER","","","","","NO_WEBSITE_IN_PROFILE_OR_PROFILE_UNREADABLE","","","","","NON_CERTIFIE_PAR_CETTE_RECHERCHE","","Retrouver puis prouver le portail officiel; vérifier aussi les groupes et alias"
"COMPTOIR VINTAGE","1","https://fr.fashionjobs.com/recrutement/comptoir-vintage.html","COMPANY_PRESENTE_SANS_DIRECT_IDENTIFIE","A_QUALIFIER","NOM_OU_ALIAS_EXACT_CANDIDAT","cmtnac0xi2sdfqq5lk7d6j81z","COMPTOIR VINTAGE","NON","0","0","0","0","-1","NON_PERIMETRES_ET_FRAICHEUR_A_ATTESTER","comptoirvintage.com","","","","NO_CAREER_LINK_FOUND_ON_PAGES_READ","","https://comptoirvintage.com/","","","NON_CERTIFIE_PAR_CETTE_RECHERCHE","","Retrouver puis prouver le portail officiel; vérifier aussi les groupes et alias"
"CONSCIOUS LOVE","1","https://fr.fashionjobs.com/recrutement/conscious-love.html","COMPANY_PRESENTE_SANS_DIRECT_IDENTIFIE","A_QUALIFIER","NOM_OU_ALIAS_EXACT_CANDIDAT","cmtp868px3rlaqq4z2ltmpmk7","CONSCIOUS LOVE","NON","1","1","0","0","-1","NON_PERIMETRES_ET_FRAICHEUR_A_ATTESTER","","","","","NO_WEBSITE_IN_PROFILE_OR_PROFILE_UNREADABLE","","","","","NON_CERTIFIE_PAR_CETTE_RECHERCHE","","Retrouver puis prouver le portail officiel; vérifier aussi les groupes et alias"
"CONSERVATOIRE DES HÉMISPHÈRES","1","https://fr.fashionjobs.com/recrutement/conservatoire-des-hemispheres.html","AUCUN_RAPPROCHEMENT_ETABLI","A_QUALIFIER","AUCUNE","","","NON","0","0","0","0","","NON_PERIMETRES_ET_FRAICHEUR_A_ATTESTER","","","","","NO_WEBSITE_IN_PROFILE_OR_PROFILE_UNREADABLE","","","","","NON_CERTIFIE_PAR_CETTE_RECHERCHE","","Retrouver puis prouver le portail officiel; vérifier aussi les groupes et alias"
"COSMETICS INSPIRATION&CREATION","1","https://fr.fashionjobs.com/recrutement/cosmetics-inspiration-creation.html","AUCUN_RAPPROCHEMENT_ETABLI","A_QUALIFIER","AUCUNE","","","NON","0","0","0","0","","NON_PERIMETRES_ET_FRAICHEUR_A_ATTESTER","","","","","NO_WEBSITE_IN_PROFILE_OR_PROFILE_UNREADABLE","","","","","NON_CERTIFIE_PAR_CETTE_RECHERCHE","","Retrouver puis prouver le portail officiel; vérifier aussi les groupes et alias"
"COUCOT","1","https://fr.fashionjobs.com/recrutement/coucot.html","COMPANY_PRESENTE_SANS_DIRECT_IDENTIFIE","A_QUALIFIER","NOM_OU_ALIAS_EXACT_CANDIDAT","cmtkdw4401uocnf2bejlcwlch","COUCOT","NON","0","0","0","0","-1","NON_PERIMETRES_ET_FRAICHEUR_A_ATTESTER","","","","","NO_WEBSITE_IN_PROFILE_OR_PROFILE_UNREADABLE","","","","","NON_CERTIFIE_PAR_CETTE_RECHERCHE","","Retrouver puis prouver le portail officiel; vérifier aussi les groupes et alias"
"COUCOT- L'ARTISAN CRÉATEUR","1","https://fr.fashionjobs.com/recrutement/coucot-l-artisan-createur.html","COMPANY_PRESENTE_SANS_DIRECT_IDENTIFIE","A_QUALIFIER","NOM_OU_ALIAS_EXACT_CANDIDAT","cmtkdw44g1uognf2bgy08w25z","COUCOT- L'ARTISAN CRÉATEUR","NON","0","0","0","0","-1","NON_PERIMETRES_ET_FRAICHEUR_A_ATTESTER","","","","","NO_WEBSITE_IN_PROFILE_OR_PROFILE_UNREADABLE","","","","","NON_CERTIFIE_PAR_CETTE_RECHERCHE","","Retrouver puis prouver le portail officiel; vérifier aussi les groupes et alias"
"COURREGES DISTRIBUTION","1","https://fr.fashionjobs.com/recrutement/courreges-distribution.html","COMPANY_PRESENTE_SANS_DIRECT_IDENTIFIE","A_QUALIFIER","NOM_OU_ALIAS_EXACT_CANDIDAT","cmtkdw2b81u3bnf2bzkhmrt75","COURREGES DISTRIBUTION","NON","0","0","0","0","-1","NON_PERIMETRES_ET_FRAICHEUR_A_ATTESTER","","","","","NO_WEBSITE_IN_PROFILE_OR_PROFILE_UNREADABLE","","","","","NON_CERTIFIE_PAR_CETTE_RECHERCHE","","Retrouver puis prouver le portail officiel; vérifier aussi les groupes et alias"
"CREATION REALISATION MARKETING PARIS","1","https://fr.fashionjobs.com/recrutement/creation-realisation-marketing-paris.html","AUCUN_RAPPROCHEMENT_ETABLI","A_QUALIFIER","AUCUNE","","","NON","0","0","0","0","","NON_PERIMETRES_ET_FRAICHEUR_A_ATTESTER","","","","","NO_WEBSITE_IN_PROFILE_OR_PROFILE_UNREADABLE","","","","","NON_CERTIFIE_PAR_CETTE_RECHERCHE","","Retrouver puis prouver le portail officiel; vérifier aussi les groupes et alias"
"CROSSMODE PARIS","1","https://fr.fashionjobs.com/recrutement/crossmode-paris.html","COMPANY_PRESENTE_SANS_DIRECT_IDENTIFIE","A_QUALIFIER","NOM_OU_ALIAS_EXACT_CANDIDAT","cmtp868zy3rofqq4zrmuqlmk5","CROSSMODE PARIS","NON","1","1","0","0","-1","NON_PERIMETRES_ET_FRAICHEUR_A_ATTESTER","","","","","NO_WEBSITE_IN_PROFILE_OR_PROFILE_UNREADABLE","","","","","NON_CERTIFIE_PAR_CETTE_RECHERCHE","","Retrouver puis prouver le portail officiel; vérifier aussi les groupes et alias"
"CTZAR","1","https://fr.fashionjobs.com/recrutement/ctzar.html","COMPANY_PRESENTE_SANS_DIRECT_IDENTIFIE","A_QUALIFIER","NOM_OU_ALIAS_EXACT_CANDIDAT","cmtnac1pp2sllqq5llqla2dqa","CTZAR","NON","0","0","0","0","-1","NON_PERIMETRES_ET_FRAICHEUR_A_ATTESTER","","","","","NO_WEBSITE_IN_PROFILE_OR_PROFILE_UNREADABLE","","","","","NON_CERTIFIE_PAR_CETTE_RECHERCHE","","Retrouver puis prouver le portail officiel; vérifier aussi les groupes et alias"
"D-LAB NUTRICOSMETICS","1","https://fr.fashionjobs.com/recrutement/d-lab-nutricosmetics.html","AUCUN_RAPPROCHEMENT_ETABLI","A_QUALIFIER","AUCUNE","","","NON","0","0","0","0","","NON_PERIMETRES_ET_FRAICHEUR_A_ATTESTER","","","","","NO_WEBSITE_IN_PROFILE_OR_PROFILE_UNREADABLE","","","","","NON_CERTIFIE_PAR_CETTE_RECHERCHE","","Retrouver puis prouver le portail officiel; vérifier aussi les groupes et alias"
"D'ORSAY","1","https://fr.fashionjobs.com/recrutement/d-orsay.html","COMPANY_PRESENTE_SANS_DIRECT_IDENTIFIE","A_QUALIFIER","NOM_OU_ALIAS_EXACT_CANDIDAT","cmtnac1ny2sktqq5lqrf4wp6u","D'ORSAY","NON","0","0","0","0","-1","NON_PERIMETRES_ET_FRAICHEUR_A_ATTESTER","dorsay.paris","","","","CAREER_LINKS_OBSERVED_REVIEW_REQUIRED","https://dorsay.paris/pages/nous-rejoindre","https://dorsay.paris/","","","NON_CERTIFIE_PAR_CETTE_RECHERCHE","","Retrouver puis prouver le portail officiel; vérifier aussi les groupes et alias"
"DANIEL FÉAU CONSEIL IMMOBILIER","1","https://fr.fashionjobs.com/recrutement/daniel-feau-conseil-immobilier.html","COMPANY_PRESENTE_SANS_DIRECT_IDENTIFIE","A_QUALIFIER","NOM_OU_ALIAS_EXACT_CANDIDAT","cmtkdvvs91s72nf2biv8j9ngh","DANIEL FÉAU CONSEIL IMMOBILIER","NON","0","0","0","0","-1","NON_PERIMETRES_ET_FRAICHEUR_A_ATTESTER","","","","","NO_WEBSITE_IN_PROFILE_OR_PROFILE_UNREADABLE","","","","","NON_CERTIFIE_PAR_CETTE_RECHERCHE","","Retrouver puis prouver le portail officiel; vérifier aussi les groupes et alias"
"DEELUXE","1","https://fr.fashionjobs.com/recrutement/deeluxe.html","COMPANY_PRESENTE_SANS_DIRECT_IDENTIFIE","A_QUALIFIER","NOM_OU_ALIAS_EXACT_CANDIDAT","cmtkdw0rv1tm8nf2bb825qxri","DEELUXE","NON","1","1","0","0","-1","NON_PERIMETRES_ET_FRAICHEUR_A_ATTESTER","deeluxe.fr","","","","NO_CAREER_LINK_FOUND_ON_PAGES_READ","","https://www.deeluxe.fr/fr/","","","NON_CERTIFIE_PAR_CETTE_RECHERCHE","","Retrouver puis prouver le portail officiel; vérifier aussi les groupes et alias"
"DÉFILÉ VINTAGE","1","https://fr.fashionjobs.com/recrutement/defile-vintage.html","AUCUN_RAPPROCHEMENT_ETABLI","A_QUALIFIER","AUCUNE","","","NON","0","0","0","0","","NON_PERIMETRES_ET_FRAICHEUR_A_ATTESTER","","","","","NO_WEBSITE_IN_PROFILE_OR_PROFILE_UNREADABLE","","","","","NON_CERTIFIE_PAR_CETTE_RECHERCHE","","Retrouver puis prouver le portail officiel; vérifier aussi les groupes et alias"
"DELAGE","1","https://fr.fashionjobs.com/recrutement/delage.html","COMPANY_PRESENTE_SANS_DIRECT_IDENTIFIE","A_QUALIFIER","NOM_OU_ALIAS_EXACT_CANDIDAT","cmtkdw27j1u1snf2b6k637kiw","DELAGE","NON","0","0","0","0","-1","NON_PERIMETRES_ET_FRAICHEUR_A_ATTESTER","delage-automobiles.com","","","","NO_CAREER_LINK_FOUND_ON_PAGES_READ","","https://www.delage.fr/","","","NON_CERTIFIE_PAR_CETTE_RECHERCHE","","Retrouver puis prouver le portail officiel; vérifier aussi les groupes et alias"
"DESIGNERS DIRECT","1","https://fr.fashionjobs.com/recrutement/designers-direct.html","AUCUN_RAPPROCHEMENT_ETABLI","A_QUALIFIER","AUCUNE","","","NON","0","0","0","0","","NON_PERIMETRES_ET_FRAICHEUR_A_ATTESTER","","","","","NO_WEBSITE_IN_PROFILE_OR_PROFILE_UNREADABLE","","","","","NON_CERTIFIE_PAR_CETTE_RECHERCHE","","Retrouver puis prouver le portail officiel; vérifier aussi les groupes et alias"
"DEVERNOIS","1","https://fr.fashionjobs.com/recrutement/devernois.html","COMPANY_PRESENTE_SANS_DIRECT_IDENTIFIE","A_QUALIFIER","NOM_OU_ALIAS_EXACT_CANDIDAT","cmtkdw1yq1tymnf2bpa2buiu8","DEVERNOIS","NON","0","0","0","0","-1","NON_PERIMETRES_ET_FRAICHEUR_A_ATTESTER","devernois.fr","","","","CAREER_LINKS_OBSERVED_REVIEW_REQUIRED","https://www.devernois.com/pages/nous-rejoindre","https://www.devernois.com/","","","NON_CERTIFIE_PAR_CETTE_RECHERCHE","","Retrouver puis prouver le portail officiel; vérifier aussi les groupes et alias"
"DEVRED 1902","1","https://fr.fashionjobs.com/recrutement/devred-1902.html","COMPANY_PRESENTE_SANS_DIRECT_IDENTIFIE","A_QUALIFIER","NOM_OU_ALIAS_EXACT_CANDIDAT","cmtnac1py2slpqq5lh2i6um91","DEVRED 1902","NON","1","0","0","0","-1","NON_PERIMETRES_ET_FRAICHEUR_A_ATTESTER","devred.com","","","","CAREER_LINKS_OBSERVED_REVIEW_REQUIRED","https://devredjob.softy.pro/offers | https://devredjob.devred.com/offers/220522 | https://devredjob.devred.com/offers/220447 | https://devredjob.devred.com/offers/220299 | https://devredjob.devred.com/offers/220055 | https://devredjob.devred.com/offers/219335 | https://devredjob.devred.com/offers/218163 | https://devredjob.devred.com/offers/217907 | https://devredjob.devred.com/offers/216208 | https://devredjob.devred.com/offers/215896 | https://devredjob.devred.com/offers/215142 | https://devredjob.devred.com/offers/215048 | https://devredjob.devred.com/offers/214190 | https://devredjob.devred.com/offers?page=1 | https://devredjob.devred.com/legal-notice | https://recrutement.softy.pro/","https://devred.com/","","","NON_CERTIFIE_PAR_CETTE_RECHERCHE","","Retrouver puis prouver le portail officiel; vérifier aussi les groupes et alias"
"DIAPERIS","1","https://fr.fashionjobs.com/recrutement/diaperis.html","COMPANY_PRESENTE_SANS_DIRECT_IDENTIFIE","A_QUALIFIER","NOM_OU_ALIAS_EXACT_CANDIDAT","cmtkdw25v1u16nf2bhe67lj18","DIAPERIS","NON","0","0","0","0","-1","NON_PERIMETRES_ET_FRAICHEUR_A_ATTESTER","","","","","NO_WEBSITE_IN_PROFILE_OR_PROFILE_UNREADABLE","","","","","NON_CERTIFIE_PAR_CETTE_RECHERCHE","","Retrouver puis prouver le portail officiel; vérifier aussi les groupes et alias"
"DIGEL","1","https://fr.fashionjobs.com/recrutement/digel.html","AUCUN_RAPPROCHEMENT_ETABLI","A_QUALIFIER","AUCUNE","","","NON","0","0","0","0","","NON_PERIMETRES_ET_FRAICHEUR_A_ATTESTER","","","","","CAREER_LINKS_OBSERVED_REVIEW_REQUIRED","https://digel.com/fr-fr/pages/carriere | https://digel.com/fr-fr/pages/offres-d-emploi","https://digel.com/fr-fr","","","NON_CERTIFIE_PAR_CETTE_RECHERCHE","","Retrouver puis prouver le portail officiel; vérifier aussi les groupes et alias"
"DIGIWEST","1","https://fr.fashionjobs.com/recrutement/digiwest.html","AUCUN_RAPPROCHEMENT_ETABLI","A_QUALIFIER","AUCUNE","","","NON","0","0","0","0","","NON_PERIMETRES_ET_FRAICHEUR_A_ATTESTER","","","","","NO_WEBSITE_IN_PROFILE_OR_PROFILE_UNREADABLE","","","","","NON_CERTIFIE_PAR_CETTE_RECHERCHE","","Retrouver puis prouver le portail officiel; vérifier aussi les groupes et alias"
"DIGIWEST AGENCY","1","https://fr.fashionjobs.com/recrutement/digiwest-agency.html","COMPANY_PRESENTE_SANS_DIRECT_IDENTIFIE","A_QUALIFIER","NOM_OU_ALIAS_EXACT_CANDIDAT","cmtlq3u221lvbpg2bi5cppnwo","DIGIWEST AGENCY","NON","0","0","0","0","-1","NON_PERIMETRES_ET_FRAICHEUR_A_ATTESTER","","","","","NO_WEBSITE_IN_PROFILE_OR_PROFILE_UNREADABLE","","","","","NON_CERTIFIE_PAR_CETTE_RECHERCHE","","Retrouver puis prouver le portail officiel; vérifier aussi les groupes et alias"
"DINH VAN PARIS","1","https://fr.fashionjobs.com/recrutement/dinh-van-paris.html","COMPANY_PRESENTE_SANS_DIRECT_IDENTIFIE","A_QUALIFIER","NOM_OU_ALIAS_EXACT_CANDIDAT","cmtkdvyuw1t4mnf2bpbim5cwq","DINH VAN PARIS","NON","1","1","0","0","-1","NON_PERIMETRES_ET_FRAICHEUR_A_ATTESTER","dinhvan.com","","","","CAREER_LINKS_OBSERVED_REVIEW_REQUIRED","https://www.dinhvan.com/fr_int/contact#work-with-us/","https://dinhvan.com/","","","NON_CERTIFIE_PAR_CETTE_RECHERCHE","","Retrouver puis prouver le portail officiel; vérifier aussi les groupes et alias"
"DIVPROTOCOL","1","https://fr.fashionjobs.com/recrutement/divprotocol.html","COMPANY_PRESENTE_SANS_DIRECT_IDENTIFIE","A_QUALIFIER","NOM_OU_ALIAS_EXACT_CANDIDAT","cmtmkagpb2jqgpv4x5iufop2g","DIVPROTOCOL","NON","0","0","0","0","-1","NON_PERIMETRES_ET_FRAICHEUR_A_ATTESTER","","","","","NO_WEBSITE_IN_PROFILE_OR_PROFILE_UNREADABLE","","","","","NON_CERTIFIE_PAR_CETTE_RECHERCHE","","Retrouver puis prouver le portail officiel; vérifier aussi les groupes et alias"
"DLLI","1","https://fr.fashionjobs.com/recrutement/dlli.html","AUCUN_RAPPROCHEMENT_ETABLI","A_QUALIFIER","AUCUNE","","","NON","0","0","0","0","","NON_PERIMETRES_ET_FRAICHEUR_A_ATTESTER","","","","","NO_WEBSITE_IN_PROFILE_OR_PROFILE_UNREADABLE","","","","","NON_CERTIFIE_PAR_CETTE_RECHERCHE","","Retrouver puis prouver le portail officiel; vérifier aussi les groupes et alias"
"DLX. PARIS","1","https://fr.fashionjobs.com/recrutement/dlx-paris.html","AUCUN_RAPPROCHEMENT_ETABLI","A_QUALIFIER","AUCUNE","","","NON","0","0","0","0","","NON_PERIMETRES_ET_FRAICHEUR_A_ATTESTER","","","","","NO_WEBSITE_IN_PROFILE_OR_PROFILE_UNREADABLE","","","","","NON_CERTIFIE_PAR_CETTE_RECHERCHE","","Retrouver puis prouver le portail officiel; vérifier aussi les groupes et alias"
"DO YOU SPEAK FRANÇAIS ?","1","https://fr.fashionjobs.com/recrutement/do-you-speak-francais-.html","COMPANY_PRESENTE_SANS_DIRECT_IDENTIFIE","A_QUALIFIER","NOM_OU_ALIAS_EXACT_CANDIDAT","cmtkdvylj1t2nnf2bns1q360w","DO YOU SPEAK FRANÇAIS ?","NON","1","1","0","0","-1","NON_PERIMETRES_ET_FRAICHEUR_A_ATTESTER","","","","","NO_WEBSITE_IN_PROFILE_OR_PROFILE_UNREADABLE","","","","","NON_CERTIFIE_PAR_CETTE_RECHERCHE","","Retrouver puis prouver le portail officiel; vérifier aussi les groupes et alias"
"DOCKERS","1","https://fr.fashionjobs.com/recrutement/dockers.html","AUCUN_RAPPROCHEMENT_ETABLI","A_QUALIFIER","AUCUNE","","","NON","0","0","0","0","","NON_PERIMETRES_ET_FRAICHEUR_A_ATTESTER","","","","","NO_CAREER_LINK_FOUND_ON_PAGES_READ","","https://fr.dockers.com/","","","NON_CERTIFIE_PAR_CETTE_RECHERCHE","","Retrouver puis prouver le portail officiel; vérifier aussi les groupes et alias"
"DOKUSOTEKI","1","https://fr.fashionjobs.com/recrutement/dokusoteki.html","AUCUN_RAPPROCHEMENT_ETABLI","A_QUALIFIER","AUCUNE","","","NON","0","0","0","0","","NON_PERIMETRES_ET_FRAICHEUR_A_ATTESTER","","","","","NO_WEBSITE_IN_PROFILE_OR_PROFILE_UNREADABLE","","","","","NON_CERTIFIE_PAR_CETTE_RECHERCHE","","Retrouver puis prouver le portail officiel; vérifier aussi les groupes et alias"
"DONATELLE GODART - PARIS","1","https://fr.fashionjobs.com/recrutement/donatelle-godart-paris.html","COMPANY_PRESENTE_SANS_DIRECT_IDENTIFIE","A_QUALIFIER","NOM_OU_ALIAS_EXACT_CANDIDAT","cmtkdw1ya1tyenf2b44uvotk1","DONATELLE GODART - PARIS","NON","0","0","0","0","-1","NON_PERIMETRES_ET_FRAICHEUR_A_ATTESTER","","","","","NO_WEBSITE_IN_PROFILE_OR_PROFILE_UNREADABLE","","","","","NON_CERTIFIE_PAR_CETTE_RECHERCHE","","Retrouver puis prouver le portail officiel; vérifier aussi les groupes et alias"
"DOUX JOAILLIER","1","https://fr.fashionjobs.com/recrutement/doux-joaillier.html","AUCUN_RAPPROCHEMENT_ETABLI","A_QUALIFIER","AUCUNE","","","NON","0","0","0","0","","NON_PERIMETRES_ET_FRAICHEUR_A_ATTESTER","","","","","NO_WEBSITE_IN_PROFILE_OR_PROFILE_UNREADABLE","","","","","NON_CERTIFIE_PAR_CETTE_RECHERCHE","","Retrouver puis prouver le portail officiel; vérifier aussi les groupes et alias"
"DOUZE PARIS","1","https://fr.fashionjobs.com/recrutement/douze-paris.html","AUCUN_RAPPROCHEMENT_ETABLI","A_QUALIFIER","AUCUNE","","","NON","0","0","0","0","","NON_PERIMETRES_ET_FRAICHEUR_A_ATTESTER","","","","","NO_WEBSITE_IN_PROFILE_OR_PROFILE_UNREADABLE","","","","","NON_CERTIFIE_PAR_CETTE_RECHERCHE","","Retrouver puis prouver le portail officiel; vérifier aussi les groupes et alias"
"DRESSING ROOM","1","https://fr.fashionjobs.com/recrutement/dressing-room.html","AUCUN_RAPPROCHEMENT_ETABLI","A_QUALIFIER","AUCUNE","","","NON","0","0","0","0","","NON_PERIMETRES_ET_FRAICHEUR_A_ATTESTER","","","","","NO_WEBSITE_IN_PROFILE_OR_PROFILE_UNREADABLE","","","","","NON_CERTIFIE_PAR_CETTE_RECHERCHE","","Retrouver puis prouver le portail officiel; vérifier aussi les groupes et alias"
"DROPSHIRT","1","https://fr.fashionjobs.com/recrutement/dropshirt.html","COMPANY_PRESENTE_SANS_DIRECT_IDENTIFIE","A_QUALIFIER","NOM_OU_ALIAS_EXACT_CANDIDAT","cmtkdvwj11sfdnf2blxj7sfw4","DROPSHIRT","NON","0","0","0","0","-1","NON_PERIMETRES_ET_FRAICHEUR_A_ATTESTER","","","","","NO_WEBSITE_IN_PROFILE_OR_PROFILE_UNREADABLE","","","","","NON_CERTIFIE_PAR_CETTE_RECHERCHE","","Retrouver puis prouver le portail officiel; vérifier aussi les groupes et alias"
"DU PAREIL AU MÊME","1","https://fr.fashionjobs.com/recrutement/du-pareil-au-meme.html","AUCUN_RAPPROCHEMENT_ETABLI","A_QUALIFIER","AUCUNE","","","NON","0","0","0","0","","NON_PERIMETRES_ET_FRAICHEUR_A_ATTESTER","","","","","NO_CAREER_LINK_FOUND_ON_PAGES_READ","","https://en.dpam.com/","","","NON_CERTIFIE_PAR_CETTE_RECHERCHE","","Retrouver puis prouver le portail officiel; vérifier aussi les groupes et alias"
"DUMEBI","1","https://fr.fashionjobs.com/recrutement/dumebi.html","COMPANY_PRESENTE_SANS_DIRECT_IDENTIFIE","A_QUALIFIER","NOM_OU_ALIAS_EXACT_CANDIDAT","cmtkdw05t1tfwnf2bbaq97jqn","DUMEBI","NON","1","1","0","0","-1","NON_PERIMETRES_ET_FRAICHEUR_A_ATTESTER","","","","","NO_WEBSITE_IN_PROFILE_OR_PROFILE_UNREADABLE","","","","","NON_CERTIFIE_PAR_CETTE_RECHERCHE","","Retrouver puis prouver le portail officiel; vérifier aussi les groupes et alias"
"EDI RUDO PRODUCTION","1","https://fr.fashionjobs.com/recrutement/edi-rudo-production.html","AUCUN_RAPPROCHEMENT_ETABLI","A_QUALIFIER","AUCUNE","","","NON","0","0","0","0","","NON_PERIMETRES_ET_FRAICHEUR_A_ATTESTER","","","","","NO_WEBSITE_IN_PROFILE_OR_PROFILE_UNREADABLE","","","","","NON_CERTIFIE_PAR_CETTE_RECHERCHE","","Retrouver puis prouver le portail officiel; vérifier aussi les groupes et alias"
"ELOÏSE MAILLOT PRODUCTION","1","https://fr.fashionjobs.com/recrutement/eloise-maillot-production.html","AUCUN_RAPPROCHEMENT_ETABLI","A_QUALIFIER","AUCUNE","","","NON","0","0","0","0","","NON_PERIMETRES_ET_FRAICHEUR_A_ATTESTER","","","","","NO_WEBSITE_IN_PROFILE_OR_PROFILE_UNREADABLE","","","","","NON_CERTIFIE_PAR_CETTE_RECHERCHE","","Retrouver puis prouver le portail officiel; vérifier aussi les groupes et alias"
"EMMA BINOIS PHOTOGRAPHE","1","https://fr.fashionjobs.com/recrutement/emma-binois-photographe.html","AUCUN_RAPPROCHEMENT_ETABLI","A_QUALIFIER","AUCUNE","","","NON","0","0","0","0","","NON_PERIMETRES_ET_FRAICHEUR_A_ATTESTER","","","","","NO_WEBSITE_IN_PROFILE_OR_PROFILE_UNREADABLE","","","","","NON_CERTIFIE_PAR_CETTE_RECHERCHE","","Retrouver puis prouver le portail officiel; vérifier aussi les groupes et alias"
"ENOMIS / GUIOT DE BOURG","1","https://fr.fashionjobs.com/recrutement/enomis-guiot-de-bourg.html","AUCUN_RAPPROCHEMENT_ETABLI","A_QUALIFIER","AUCUNE","","","NON","0","0","0","0","","NON_PERIMETRES_ET_FRAICHEUR_A_ATTESTER","","","","","NO_WEBSITE_IN_PROFILE_OR_PROFILE_UNREADABLE","","","","","NON_CERTIFIE_PAR_CETTE_RECHERCHE","","Retrouver puis prouver le portail officiel; vérifier aussi les groupes et alias"
"EOLYS BEAUTÉ","1","https://fr.fashionjobs.com/recrutement/eolys-beaute.html","AUCUN_RAPPROCHEMENT_ETABLI","A_QUALIFIER","AUCUNE","","","NON","0","0","0","0","","NON_PERIMETRES_ET_FRAICHEUR_A_ATTESTER","","","","","NO_WEBSITE_IN_PROFILE_OR_PROFILE_UNREADABLE","","","","","NON_CERTIFIE_PAR_CETTE_RECHERCHE","","Retrouver puis prouver le portail officiel; vérifier aussi les groupes et alias"
"EPICURISME MAG","1","https://fr.fashionjobs.com/recrutement/epicurisme-mag.html","COMPANY_PRESENTE_SANS_DIRECT_IDENTIFIE","A_QUALIFIER","NOM_OU_ALIAS_EXACT_CANDIDAT","cmtkdvvq11s66nf2brixkqyy0","EPICURISME MAG","NON","0","0","0","0","-1","NON_PERIMETRES_ET_FRAICHEUR_A_ATTESTER","","","","","NO_WEBSITE_IN_PROFILE_OR_PROFILE_UNREADABLE","","","","","NON_CERTIFIE_PAR_CETTE_RECHERCHE","","Retrouver puis prouver le portail officiel; vérifier aussi les groupes et alias"
"ETERNEL PARISIEN","1","https://fr.fashionjobs.com/recrutement/eternel-parisien.html","COMPANY_PRESENTE_SANS_DIRECT_IDENTIFIE","A_QUALIFIER","NOM_OU_ALIAS_EXACT_CANDIDAT","cmtkdvy131svtnf2b9xjx7akf","ETERNEL PARISIEN","NON","1","1","0","0","-1","NON_PERIMETRES_ET_FRAICHEUR_A_ATTESTER","","","","","NO_WEBSITE_IN_PROFILE_OR_PROFILE_UNREADABLE","","","","","NON_CERTIFIE_PAR_CETTE_RECHERCHE","","Retrouver puis prouver le portail officiel; vérifier aussi les groupes et alias"
"F. SCHUMACHER & CO FRANCE","1","https://fr.fashionjobs.com/recrutement/f-schumacher-co-france.html","COMPANY_PRESENTE_SANS_DIRECT_IDENTIFIE","A_QUALIFIER","NOM_OU_ALIAS_EXACT_CANDIDAT","cmtks20i0219rp72b0vd2xj9y","F. SCHUMACHER & CO FRANCE","NON","0","0","0","0","-1","NON_PERIMETRES_ET_FRAICHEUR_A_ATTESTER","","","","","NO_WEBSITE_IN_PROFILE_OR_PROFILE_UNREADABLE","","","","","NON_CERTIFIE_PAR_CETTE_RECHERCHE","","Retrouver puis prouver le portail officiel; vérifier aussi les groupes et alias"
"FAÇON JACMIN","1","https://fr.fashionjobs.com/recrutement/facon-jacmin.html","AUCUN_RAPPROCHEMENT_ETABLI","A_QUALIFIER","AUCUNE","","","NON","0","0","0","0","","NON_PERIMETRES_ET_FRAICHEUR_A_ATTESTER","","","","","NO_CAREER_LINK_FOUND_ON_PAGES_READ","","https://www.faconjacmin.com/","","","NON_CERTIFIE_PAR_CETTE_RECHERCHE","","Retrouver puis prouver le portail officiel; vérifier aussi les groupes et alias"
"FAIR FASHION AGENT INTERNATIONAL","1","https://fr.fashionjobs.com/recrutement/fair-fashion-agent-international.html","COMPANY_PRESENTE_SANS_DIRECT_IDENTIFIE","A_QUALIFIER","NOM_OU_ALIAS_EXACT_CANDIDAT","cmtnac1tt2sn8qq5l3jk84cel | cmtpw96do4k3nl35mii9jtnaj","FAIR FASHION AGENT INTERNATIONAL | FAIR FASHION AGENT","OUI","1","1","0","0","-1","NON_PERIMETRES_ET_FRAICHEUR_A_ATTESTER","","","","","NO_WEBSITE_IN_PROFILE_OR_PROFILE_UNREADABLE","","","","","NON_CERTIFIE_PAR_CETTE_RECHERCHE","","Retrouver puis prouver le portail officiel; vérifier aussi les groupes et alias"
"FASHION GREEN HUB","1","https://fr.fashionjobs.com/recrutement/fashion-green-hub.html","COMPANY_PRESENTE_SANS_DIRECT_IDENTIFIE","A_QUALIFIER","NOM_OU_ALIAS_EXACT_CANDIDAT","cmtkdvvyj1s99nf2bz7el23su","FASHION GREEN HUB","NON","0","0","0","0","-1","NON_PERIMETRES_ET_FRAICHEUR_A_ATTESTER","","","","","NO_WEBSITE_IN_PROFILE_OR_PROFILE_UNREADABLE","","","","","NON_CERTIFIE_PAR_CETTE_RECHERCHE","","Retrouver puis prouver le portail officiel; vérifier aussi les groupes et alias"
"FASHION JOBS","1","https://fr.fashionjobs.com/recrutement/fashion-jobs.html","SOURCE_CATALOGUEE_SANS_DIRECT_ACTIF","A_QUALIFIER","NOM_OU_ALIAS_EXACT_CANDIDAT","cmtkdw1kp1tuqnf2blnmd3epp","FASHION JOBS","NON","0","0","0","0","-1","NON_PERIMETRES_ET_FRAICHEUR_A_ATTESTER","","fashionjobs:PAUSED","","","NO_WEBSITE_IN_PROFILE_OR_PROFILE_UNREADABLE","","","","","NON_CERTIFIE_PAR_CETTE_RECHERCHE","","Retrouver puis prouver le portail officiel; vérifier aussi les groupes et alias"
"FATHER AND SONS","1","https://fr.fashionjobs.com/recrutement/father-and-sons.html","COMPANY_PRESENTE_SANS_DIRECT_IDENTIFIE","A_QUALIFIER","NOM_OU_ALIAS_EXACT_CANDIDAT","cmtp868vn3rmyqq4zr6do6jh6","FATHER AND SONS","NON","1","1","0","0","-1","NON_PERIMETRES_ET_FRAICHEUR_A_ATTESTER","fatherandsons.fr","","","","CAREER_LINKS_OBSERVED_REVIEW_REQUIRED","https://fatherandsons.fr/pages/recrutement","https://fatherandsons.fr/","","","NON_CERTIFIE_PAR_CETTE_RECHERCHE","","Retrouver puis prouver le portail officiel; vérifier aussi les groupes et alias"
"FAVORI","1","https://fr.fashionjobs.com/recrutement/favori.html","COMPANY_PRESENTE_SANS_DIRECT_IDENTIFIE","A_QUALIFIER","NOM_OU_ALIAS_EXACT_CANDIDAT","cmtkdvw6f1sbenf2bh5n8yakd","FAVORI","NON","0","0","0","0","-1","NON_PERIMETRES_ET_FRAICHEUR_A_ATTESTER","","","","","NO_WEBSITE_IN_PROFILE_OR_PROFILE_UNREADABLE","","","","","NON_CERTIFIE_PAR_CETTE_RECHERCHE","","Retrouver puis prouver le portail officiel; vérifier aussi les groupes et alias"
"FAXION","1","https://fr.fashionjobs.com/recrutement/faxion.html","COMPANY_PRESENTE_SANS_DIRECT_IDENTIFIE","A_QUALIFIER","NOM_OU_ALIAS_EXACT_CANDIDAT","cmtkdvxvq1stznf2bxvkawsma","FAXION","NON","0","0","0","0","-1","NON_PERIMETRES_ET_FRAICHEUR_A_ATTESTER","","","","","NO_WEBSITE_IN_PROFILE_OR_PROFILE_UNREADABLE","","","","","NON_CERTIFIE_PAR_CETTE_RECHERCHE","","Retrouver puis prouver le portail officiel; vérifier aussi les groupes et alias"
"FELICIE EYMARD","1","https://fr.fashionjobs.com/recrutement/felicie-eymard.html","AUCUN_RAPPROCHEMENT_ETABLI","A_QUALIFIER","AUCUNE","","","NON","0","0","0","0","","NON_PERIMETRES_ET_FRAICHEUR_A_ATTESTER","","","","","NO_WEBSITE_IN_PROFILE_OR_PROFILE_UNREADABLE","","","","","NON_CERTIFIE_PAR_CETTE_RECHERCHE","","Retrouver puis prouver le portail officiel; vérifier aussi les groupes et alias"
"FEVER MANAGEMENT","1","https://fr.fashionjobs.com/recrutement/fever-management.html","AUCUN_RAPPROCHEMENT_ETABLI","A_QUALIFIER","AUCUNE","","","NON","0","0","0","0","","NON_PERIMETRES_ET_FRAICHEUR_A_ATTESTER","","","","","NO_WEBSITE_IN_PROFILE_OR_PROFILE_UNREADABLE","","","","","NON_CERTIFIE_PAR_CETTE_RECHERCHE","","Retrouver puis prouver le portail officiel; vérifier aussi les groupes et alias"
"FIRN","1","https://fr.fashionjobs.com/recrutement/firn.html","COMPANY_PRESENTE_SANS_DIRECT_IDENTIFIE","A_QUALIFIER","NOM_OU_ALIAS_EXACT_CANDIDAT","cmtkdw2a21u2snf2bwyyhmm7s","FIRN","NON","0","0","0","0","-1","NON_PERIMETRES_ET_FRAICHEUR_A_ATTESTER","","","","","NO_WEBSITE_IN_PROFILE_OR_PROFILE_UNREADABLE","","","","","NON_CERTIFIE_PAR_CETTE_RECHERCHE","","Retrouver puis prouver le portail officiel; vérifier aussi les groupes et alias"
"FLORENCE MOORHEAD","1","https://fr.fashionjobs.com/recrutement/florence-moorhead.html","COMPANY_PRESENTE_SANS_DIRECT_IDENTIFIE","A_QUALIFIER","NOM_OU_ALIAS_EXACT_CANDIDAT","cmtkdw2nu1u7dnf2b7as10qhb","FLORENCE MOORHEAD","NON","0","0","0","0","-1","NON_PERIMETRES_ET_FRAICHEUR_A_ATTESTER","","","","","NO_WEBSITE_IN_PROFILE_OR_PROFILE_UNREADABLE","","","","","NON_CERTIFIE_PAR_CETTE_RECHERCHE","","Retrouver puis prouver le portail officiel; vérifier aussi les groupes et alias"
"FREAKY DEBBIE","1","https://fr.fashionjobs.com/recrutement/freaky-debbie.html","COMPANY_PRESENTE_SANS_DIRECT_IDENTIFIE","A_QUALIFIER","NOM_OU_ALIAS_EXACT_CANDIDAT","cmtkdw3mv1ujgnf2bmc86cgmc","FREAKY DEBBIE","NON","0","0","0","0","-1","NON_PERIMETRES_ET_FRAICHEUR_A_ATTESTER","","","","","NO_WEBSITE_IN_PROFILE_OR_PROFILE_UNREADABLE","","","","","NON_CERTIFIE_PAR_CETTE_RECHERCHE","","Retrouver puis prouver le portail officiel; vérifier aussi les groupes et alias"
"FREEMAN T.PORTER","1","https://fr.fashionjobs.com/recrutement/freeman-t-porter.html","COMPANY_PRESENTE_SANS_DIRECT_IDENTIFIE","A_QUALIFIER","NOM_OU_ALIAS_EXACT_CANDIDAT","cmtlq3u701lwopg2bnh177ykl","FREEMAN T.PORTER","NON","0","0","0","0","-1","NON_PERIMETRES_ET_FRAICHEUR_A_ATTESTER","","","","","NO_CAREER_LINK_FOUND_ON_PAGES_READ","","https://freemantporter.com/","","","NON_CERTIFIE_PAR_CETTE_RECHERCHE","","Retrouver puis prouver le portail officiel; vérifier aussi les groupes et alias"
"FRNCH","1","https://fr.fashionjobs.com/recrutement/frnch.html","COMPANY_PRESENTE_SANS_DIRECT_IDENTIFIE","A_QUALIFIER","NOM_OU_ALIAS_EXACT_CANDIDAT","cmtpyugfx01713ncq2gq28pv8","FRNCH","NON","1","1","0","0","-1","NON_PERIMETRES_ET_FRAICHEUR_A_ATTESTER","frnch.fr","","","","NO_CAREER_LINK_FOUND_ON_PAGES_READ","","https://frnch.fr/","","","NON_CERTIFIE_PAR_CETTE_RECHERCHE","","Retrouver puis prouver le portail officiel; vérifier aussi les groupes et alias"
"FUTUR STUDIO","1","https://fr.fashionjobs.com/recrutement/futur-studio.html","AUCUN_RAPPROCHEMENT_ETABLI","A_QUALIFIER","AUCUNE","","","NON","0","0","0","0","","NON_PERIMETRES_ET_FRAICHEUR_A_ATTESTER","","","","","NO_WEBSITE_IN_PROFILE_OR_PROFILE_UNREADABLE","","","","","NON_CERTIFIE_PAR_CETTE_RECHERCHE","","Retrouver puis prouver le portail officiel; vérifier aussi les groupes et alias"
"GAUTHIER DE SAINT GERMAIN","1","https://fr.fashionjobs.com/recrutement/gauthier-de-saint-germain.html","AUCUN_RAPPROCHEMENT_ETABLI","A_QUALIFIER","AUCUNE","","","NON","0","0","0","0","","NON_PERIMETRES_ET_FRAICHEUR_A_ATTESTER","","","","","NO_WEBSITE_IN_PROFILE_OR_PROFILE_UNREADABLE","","","","","NON_CERTIFIE_PAR_CETTE_RECHERCHE","","Retrouver puis prouver le portail officiel; vérifier aussi les groupes et alias"
"GILI'S","1","https://fr.fashionjobs.com/recrutement/gili-s.html","COMPANY_PRESENTE_SANS_DIRECT_IDENTIFIE","A_QUALIFIER","NOM_OU_ALIAS_EXACT_CANDIDAT","cmtlq3u481lvypg2bftz89cli","GILI'S","NON","0","0","0","0","-1","NON_PERIMETRES_ET_FRAICHEUR_A_ATTESTER","gilis.com","","","","NO_CAREER_LINK_FOUND_ON_PAGES_READ","","https://gilis.com/","","","NON_CERTIFIE_PAR_CETTE_RECHERCHE","","Retrouver puis prouver le portail officiel; vérifier aussi les groupes et alias"
"GISELE PARIS","1","https://fr.fashionjobs.com/recrutement/gisele-paris.html","COMPANY_PRESENTE_SANS_DIRECT_IDENTIFIE","A_QUALIFIER","NOM_OU_ALIAS_EXACT_CANDIDAT","cmtoq4zdi2zybqq4zuqr7kpil","GISELE PARIS","NON","0","0","0","0","-1","NON_PERIMETRES_ET_FRAICHEUR_A_ATTESTER","gisele.paris","","","","ATS_HINT_REVIEW_REQUIRED","","https://www.gisele.paris/","","","NON_CERTIFIE_PAR_CETTE_RECHERCHE","","Retrouver puis prouver le portail officiel; vérifier aussi les groupes et alias"
"GO MY BODY","1","https://fr.fashionjobs.com/recrutement/go-my-body.html","AUCUN_RAPPROCHEMENT_ETABLI","A_QUALIFIER","AUCUNE","","","NON","0","0","0","0","","NON_PERIMETRES_ET_FRAICHEUR_A_ATTESTER","","","","","NO_WEBSITE_IN_PROFILE_OR_PROFILE_UNREADABLE","","","","","NON_CERTIFIE_PAR_CETTE_RECHERCHE","","Retrouver puis prouver le portail officiel; vérifier aussi les groupes et alias"
"GOESWRONG","1","https://fr.fashionjobs.com/recrutement/goeswrong.html","COMPANY_PRESENTE_SANS_DIRECT_IDENTIFIE","A_QUALIFIER","NOM_OU_ALIAS_EXACT_CANDIDAT","cmtkdw4c31uqvnf2byqa5k9je","GOESWRONG","NON","0","0","0","0","-1","NON_PERIMETRES_ET_FRAICHEUR_A_ATTESTER","","","","","NO_WEBSITE_IN_PROFILE_OR_PROFILE_UNREADABLE","","","","","NON_CERTIFIE_PAR_CETTE_RECHERCHE","","Retrouver puis prouver le portail officiel; vérifier aussi les groupes et alias"
"GOOD BRANDS - TYPOLOGY","1","https://fr.fashionjobs.com/recrutement/good-brands-typology.html","COMPANY_PRESENTE_SANS_DIRECT_IDENTIFIE","A_QUALIFIER","NOM_OU_ALIAS_EXACT_CANDIDAT","cmtlq3tzd1lufpg2b19q1inc8","GOOD BRANDS - TYPOLOGY","NON","0","0","0","0","-1","NON_PERIMETRES_ET_FRAICHEUR_A_ATTESTER","","","","","NO_WEBSITE_IN_PROFILE_OR_PROFILE_UNREADABLE","","","","","NON_CERTIFIE_PAR_CETTE_RECHERCHE","","Retrouver puis prouver le portail officiel; vérifier aussi les groupes et alias"
"GRACE SAS","1","https://fr.fashionjobs.com/recrutement/grace-sas.html","AUCUN_RAPPROCHEMENT_ETABLI","A_QUALIFIER","AUCUNE","","","NON","0","0","0","0","","NON_PERIMETRES_ET_FRAICHEUR_A_ATTESTER","","","","","NO_WEBSITE_IN_PROFILE_OR_PROFILE_UNREADABLE","","","","","NON_CERTIFIE_PAR_CETTE_RECHERCHE","","Retrouver puis prouver le portail officiel; vérifier aussi les groupes et alias"
"GROUPE BEAUMANOIR","1","https://fr.fashionjobs.com/recrutement/groupe-beaumanoir.html","SOURCE_DIRECTE_CATALOGUEE_A_CERTIFIER","A_QUALIFIER","NOM_OU_ALIAS_EXACT_CANDIDAT","cmtm7ucvd10zipv5jhj0euv63","Groupe Beaumanoir","NON","24","24","24","0","23","NON_PERIMETRES_ET_FRAICHEUR_A_ATTESTER","groupe-beaumanoir.com","","element-6","","CAREER_LINKS_OBSERVED_REVIEW_REQUIRED","https://www.groupe-beaumanoir.com/recrutement/metiers-groupe-beaumanoir/ | https://www.groupe-beaumanoir.com/recrutement/nos-offres/ | https://www.groupe-beaumanoir.com/recrutement/pourquoi-rejoindre-le-groupe-beaumanoir/ | https://www.groupe-beaumanoir.com/recrutement/exprimez-votre-talent/ | https://www.groupe-beaumanoir.com/recrutement/nos-engagements-rh/ | https://www.groupe-beaumanoir.com/partenaires/etapes-pour-nous-rejoindre/ | https://recrutement.groupe-beaumanoir.com/ | https://www.groupe-beaumanoir.com/en/recruitment/our-jobs/ | https://www.groupe-beaumanoir.com/recrutement/les-bons-conseils-pour-postuler/ | https://www.groupe-beaumanoir.com/recrutement/ | https://recrutement.groupe-beaumanoir.com/search?c_partner_meta.custom_field_1=VENTE | https://recrutement.groupe-beaumanoir.com/search?c_partner_meta.custom_field_1=OFFRE%2520PRODUITS%2CMERCHANDISING | https://recrutement.groupe-beaumanoir.com/search?c_partner_meta.custom_field_1=ENTREP%25C3%2594TS%2CTRANSPORT%20 | https://recrutement.groupe-beaumanoir.com/search?c_partner_meta.custom_field_1=IT%2520%252F%2520PROCESS%2CCOMMERCIAL%2CINFORMATIQUE%2520%252F%2520DSI%2CE-COMMERCE%2CMARKETING%2520%252F%2520COMMUNICATION%2CACHATS%2520INDIRECTS%2CDEVELOPPEMENT%2CJURIDIQUE%2CQUALITE%2520Produits%2CRH%2CWEBDESIGN%2CCRM%252FDATA%2CFINANCE","https://www.groupe-beaumanoir.com/","","","NON_CERTIFIE_PAR_CETTE_RECHERCHE","","Certifier identité, attribution et complétude de la source existante"
"GROUPE COURREGES","1","https://fr.fashionjobs.com/recrutement/groupe-courreges.html","AUCUN_RAPPROCHEMENT_ETABLI","A_QUALIFIER","AUCUNE","","","NON","0","0","0","0","","NON_PERIMETRES_ET_FRAICHEUR_A_ATTESTER","","","","","NO_WEBSITE_IN_PROFILE_OR_PROFILE_UNREADABLE","","","","","NON_CERTIFIE_PAR_CETTE_RECHERCHE","","Retrouver puis prouver le portail officiel; vérifier aussi les groupes et alias"
"GROUPE GPE","1","https://fr.fashionjobs.com/recrutement/groupe-gpe.html","AUCUN_RAPPROCHEMENT_ETABLI","A_QUALIFIER","AUCUNE","","","NON","0","0","0","0","","NON_PERIMETRES_ET_FRAICHEUR_A_ATTESTER","","","","","NO_WEBSITE_IN_PROFILE_OR_PROFILE_UNREADABLE","","","","","NON_CERTIFIE_PAR_CETTE_RECHERCHE","","Retrouver puis prouver le portail officiel; vérifier aussi les groupes et alias"
"GROUPE JAJ","1","https://fr.fashionjobs.com/recrutement/groupe-jaj.html","COMPANY_PRESENTE_SANS_DIRECT_IDENTIFIE","A_QUALIFIER","NOM_OU_ALIAS_EXACT_CANDIDAT","cmtkdvwf21sdtnf2bw5246zos","GROUPE JAJ","NON","0","0","0","0","-1","NON_PERIMETRES_ET_FRAICHEUR_A_ATTESTER","","","","","NO_WEBSITE_IN_PROFILE_OR_PROFILE_UNREADABLE","","","","","NON_CERTIFIE_PAR_CETTE_RECHERCHE","","Retrouver puis prouver le portail officiel; vérifier aussi les groupes et alias"
"HAST PARIS","1","https://fr.fashionjobs.com/recrutement/hast-paris.html","COMPANY_PRESENTE_SANS_DIRECT_IDENTIFIE","A_QUALIFIER","NOM_OU_ALIAS_EXACT_CANDIDAT","cmtmkagqn2jqwpv4x29ldqtld","HAST PARIS","NON","0","0","0","0","-1","NON_PERIMETRES_ET_FRAICHEUR_A_ATTESTER","","","","","NO_WEBSITE_IN_PROFILE_OR_PROFILE_UNREADABLE","","","","","NON_CERTIFIE_PAR_CETTE_RECHERCHE","","Retrouver puis prouver le portail officiel; vérifier aussi les groupes et alias"
"HAYTEX","1","https://fr.fashionjobs.com/recrutement/haytex.html","AUCUN_RAPPROCHEMENT_ETABLI","A_QUALIFIER","AUCUNE","","","NON","0","0","0","0","","NON_PERIMETRES_ET_FRAICHEUR_A_ATTESTER","","","","","NO_WEBSITE_IN_PROFILE_OR_PROFILE_UNREADABLE","","","","","NON_CERTIFIE_PAR_CETTE_RECHERCHE","","Retrouver puis prouver le portail officiel; vérifier aussi les groupes et alias"
"HBT","1","https://fr.fashionjobs.com/recrutement/hbt.html","AUCUN_RAPPROCHEMENT_ETABLI","A_QUALIFIER","AUCUNE","","","NON","0","0","0","0","","NON_PERIMETRES_ET_FRAICHEUR_A_ATTESTER","","","","","NO_WEBSITE_IN_PROFILE_OR_PROFILE_UNREADABLE","","","","","NON_CERTIFIE_PAR_CETTE_RECHERCHE","","Retrouver puis prouver le portail officiel; vérifier aussi les groupes et alias"
"HELENA JOY","1","https://fr.fashionjobs.com/recrutement/helena-joy.html","AUCUN_RAPPROCHEMENT_ETABLI","A_QUALIFIER","AUCUNE","","","NON","0","0","0","0","","NON_PERIMETRES_ET_FRAICHEUR_A_ATTESTER","","","","","NO_WEBSITE_IN_PROFILE_OR_PROFILE_UNREADABLE","","","","","NON_CERTIFIE_PAR_CETTE_RECHERCHE","","Retrouver puis prouver le portail officiel; vérifier aussi les groupes et alias"
"HESCHUNG","1","https://fr.fashionjobs.com/recrutement/heschung.html","COMPANY_PRESENTE_SANS_DIRECT_IDENTIFIE","A_QUALIFIER","NOM_OU_ALIAS_EXACT_CANDIDAT","cmtkdvzz01tdonf2b644sxz3d","HESCHUNG","NON","0","0","0","0","-1","NON_PERIMETRES_ET_FRAICHEUR_A_ATTESTER","heschung.com","","","","CAREER_LINKS_OBSERVED_REVIEW_REQUIRED","https://www.heschung.com/pages/carrieres","https://www.heschung.com/","","","NON_CERTIFIE_PAR_CETTE_RECHERCHE","","Retrouver puis prouver le portail officiel; vérifier aussi les groupes et alias"
"HOLIDERMIE","1","https://fr.fashionjobs.com/recrutement/holidermie.html","COMPANY_PRESENTE_SANS_DIRECT_IDENTIFIE","A_QUALIFIER","NOM_OU_ALIAS_EXACT_CANDIDAT","cmtkdvvhg1s3gnf2b1g3nujzn","HOLIDERMIE","NON","0","0","0","0","-1","NON_PERIMETRES_ET_FRAICHEUR_A_ATTESTER","","","","","NO_WEBSITE_IN_PROFILE_OR_PROFILE_UNREADABLE","","","","","NON_CERTIFIE_PAR_CETTE_RECHERCHE","","Retrouver puis prouver le portail officiel; vérifier aussi les groupes et alias"
"HOMECORE","1","https://fr.fashionjobs.com/recrutement/homecore.html","COMPANY_PRESENTE_SANS_DIRECT_IDENTIFIE","A_QUALIFIER","NOM_OU_ALIAS_EXACT_CANDIDAT","cmtks20nu21aep72biqlrdoft","HOMECORE","NON","0","0","0","0","-1","NON_PERIMETRES_ET_FRAICHEUR_A_ATTESTER","","","","","NO_WEBSITE_IN_PROFILE_OR_PROFILE_UNREADABLE","","","","","NON_CERTIFIE_PAR_CETTE_RECHERCHE","","Retrouver puis prouver le portail officiel; vérifier aussi les groupes et alias"
"HÔTEL PARTICULIER MONTMARTRE","1","https://fr.fashionjobs.com/recrutement/hotel-particulier-montmartre.html","COMPANY_PRESENTE_SANS_DIRECT_IDENTIFIE","A_QUALIFIER","NOM_OU_ALIAS_EXACT_CANDIDAT","cmtkdvwhe1setnf2bpao5w51d","HÔTEL PARTICULIER MONTMARTRE","NON","0","0","0","0","-1","NON_PERIMETRES_ET_FRAICHEUR_A_ATTESTER","","","","","NO_WEBSITE_IN_PROFILE_OR_PROFILE_UNREADABLE","","","","","NON_CERTIFIE_PAR_CETTE_RECHERCHE","","Retrouver puis prouver le portail officiel; vérifier aussi les groupes et alias"
"HOULUX PARIS","1","https://fr.fashionjobs.com/recrutement/houlux-paris.html","AUCUN_RAPPROCHEMENT_ETABLI","A_QUALIFIER","AUCUNE","","","NON","0","0","0","0","","NON_PERIMETRES_ET_FRAICHEUR_A_ATTESTER","","","","","NO_WEBSITE_IN_PROFILE_OR_PROFILE_UNREADABLE","","","","","NON_CERTIFIE_PAR_CETTE_RECHERCHE","","Retrouver puis prouver le portail officiel; vérifier aussi les groupes et alias"
"HOUSE OF P STUDIO","1","https://fr.fashionjobs.com/recrutement/house-of-p-studio.html","AUCUN_RAPPROCHEMENT_ETABLI","A_QUALIFIER","AUCUNE","","","NON","0","0","0","0","","NON_PERIMETRES_ET_FRAICHEUR_A_ATTESTER","","","","","NO_WEBSITE_IN_PROFILE_OR_PROFILE_UNREADABLE","","","","","NON_CERTIFIE_PAR_CETTE_RECHERCHE","","Retrouver puis prouver le portail officiel; vérifier aussi les groupes et alias"
"HUMILITY","1","https://fr.fashionjobs.com/recrutement/humility.html","COMPANY_PRESENTE_SANS_DIRECT_IDENTIFIE","A_QUALIFIER","NOM_OU_ALIAS_EXACT_CANDIDAT","cmtkdw1u61twznf2bxr87nqid","HUMILITY","NON","0","0","0","0","-1","NON_PERIMETRES_ET_FRAICHEUR_A_ATTESTER","","","","","NO_WEBSITE_IN_PROFILE_OR_PROFILE_UNREADABLE","","","","","NON_CERTIFIE_PAR_CETTE_RECHERCHE","","Retrouver puis prouver le portail officiel; vérifier aussi les groupes et alias"
"IBIS ROUGE","1","https://fr.fashionjobs.com/recrutement/ibis-rouge.html","COMPANY_PRESENTE_SANS_DIRECT_IDENTIFIE","A_QUALIFIER","NOM_OU_ALIAS_EXACT_CANDIDAT","cmtkdw12u1tprnf2bw7gsk5zi","IBIS ROUGE","NON","0","0","0","0","-1","NON_PERIMETRES_ET_FRAICHEUR_A_ATTESTER","ibis-rouge.com","","","","WEBSITE_UNREADABLE","","","","","NON_CERTIFIE_PAR_CETTE_RECHERCHE","","Retrouver puis prouver le portail officiel; vérifier aussi les groupes et alias"
"ICON-ICON","1","https://fr.fashionjobs.com/recrutement/icon-icon.html","COMPANY_PRESENTE_SANS_DIRECT_IDENTIFIE","A_QUALIFIER","NOM_OU_ALIAS_EXACT_CANDIDAT","cmtkdw1k81tuinf2bjq8n04ul","ICON-ICON","NON","0","0","0","0","-1","NON_PERIMETRES_ET_FRAICHEUR_A_ATTESTER","","","","","NO_WEBSITE_IN_PROFILE_OR_PROFILE_UNREADABLE","","","","","NON_CERTIFIE_PAR_CETTE_RECHERCHE","","Retrouver puis prouver le portail officiel; vérifier aussi les groupes et alias"
"ICONIC VINTAGE","1","https://fr.fashionjobs.com/recrutement/iconic-vintage.html","AUCUN_RAPPROCHEMENT_ETABLI","A_QUALIFIER","AUCUNE","","","NON","0","0","0","0","","NON_PERIMETRES_ET_FRAICHEUR_A_ATTESTER","","","","","NO_WEBSITE_IN_PROFILE_OR_PROFILE_UNREADABLE","","","","","NON_CERTIFIE_PAR_CETTE_RECHERCHE","","Retrouver puis prouver le portail officiel; vérifier aussi les groupes et alias"
"IMMERSIVE GARDEN","1","https://fr.fashionjobs.com/recrutement/immersive-garden.html","AUCUN_RAPPROCHEMENT_ETABLI","A_QUALIFIER","AUCUNE","","","NON","0","0","0","0","","NON_PERIMETRES_ET_FRAICHEUR_A_ATTESTER","","","","","NO_WEBSITE_IN_PROFILE_OR_PROFILE_UNREADABLE","","","","","NON_CERTIFIE_PAR_CETTE_RECHERCHE","","Retrouver puis prouver le portail officiel; vérifier aussi les groupes et alias"
"IMPASSE DE LA DÉFENSE","1","https://fr.fashionjobs.com/recrutement/impasse-de-la-defense.html","COMPANY_PRESENTE_SANS_DIRECT_IDENTIFIE","A_QUALIFIER","NOM_OU_ALIAS_EXACT_CANDIDAT","cmtlq3u9o1lxepg2bsv9nq6ab","IMPASSE DE LA DÉFENSE","NON","0","0","0","0","-1","NON_PERIMETRES_ET_FRAICHEUR_A_ATTESTER","","","","","NO_WEBSITE_IN_PROFILE_OR_PROFILE_UNREADABLE","","","","","NON_CERTIFIE_PAR_CETTE_RECHERCHE","","Retrouver puis prouver le portail officiel; vérifier aussi les groupes et alias"
"IN HAIRCARE","1","https://fr.fashionjobs.com/recrutement/in-haircare.html","COMPANY_PRESENTE_SANS_DIRECT_IDENTIFIE","A_QUALIFIER","NOM_OU_ALIAS_EXACT_CANDIDAT","cmtlq3uds1lywpg2b7gowhkg4","In Haircare","NON","4","4","0","0","-1","NON_PERIMETRES_ET_FRAICHEUR_A_ATTESTER","","","","","NO_WEBSITE_IN_PROFILE_OR_PROFILE_UNREADABLE","","","","","NON_CERTIFIE_PAR_CETTE_RECHERCHE","","Retrouver puis prouver le portail officiel; vérifier aussi les groupes et alias"
"INĀM PILATES","1","https://fr.fashionjobs.com/recrutement/in%C4%81m-pilates.html","AUCUN_RAPPROCHEMENT_ETABLI","A_QUALIFIER","AUCUNE","","","NON","0","0","0","0","","NON_PERIMETRES_ET_FRAICHEUR_A_ATTESTER","","","","","NO_WEBSITE_IN_PROFILE_OR_PROFILE_UNREADABLE","","","","","NON_CERTIFIE_PAR_CETTE_RECHERCHE","","Retrouver puis prouver le portail officiel; vérifier aussi les groupes et alias"
"INITIO PARFUMS PRIVÉS","1","https://fr.fashionjobs.com/recrutement/initio-parfums-prives.html","COMPANY_PRESENTE_SANS_DIRECT_IDENTIFIE","A_QUALIFIER","NOM_OU_ALIAS_EXACT_CANDIDAT","cmtkdvzwk1tcwnf2bmqw4iyls","INITIO PARFUMS PRIVÉS","NON","0","0","0","0","-1","NON_PERIMETRES_ET_FRAICHEUR_A_ATTESTER","","","","","NO_WEBSITE_IN_PROFILE_OR_PROFILE_UNREADABLE","","","","","NON_CERTIFIE_PAR_CETTE_RECHERCHE","","Retrouver puis prouver le portail officiel; vérifier aussi les groupes et alias"
"INSTITUT KARITE PARIS","1","https://fr.fashionjobs.com/recrutement/institut-karite-paris.html","COMPANY_PRESENTE_SANS_DIRECT_IDENTIFIE","A_QUALIFIER","NOM_OU_ALIAS_EXACT_CANDIDAT","cmtkdw2zd1ubhnf2b4nwl7kdn","INSTITUT KARITE PARIS","NON","0","0","0","0","-1","NON_PERIMETRES_ET_FRAICHEUR_A_ATTESTER","","","","","NO_WEBSITE_IN_PROFILE_OR_PROFILE_UNREADABLE","","","","","NON_CERTIFIE_PAR_CETTE_RECHERCHE","","Retrouver puis prouver le portail officiel; vérifier aussi les groupes et alias"
"IRIE","1","https://fr.fashionjobs.com/recrutement/irie.html","COMPANY_PRESENTE_SANS_DIRECT_IDENTIFIE","A_QUALIFIER","NOM_OU_ALIAS_EXACT_CANDIDAT","cmtkdvxja1spunf2b3nybpv6s","IRIE","NON","0","0","0","0","-1","NON_PERIMETRES_ET_FRAICHEUR_A_ATTESTER","","","","","NO_WEBSITE_IN_PROFILE_OR_PROFILE_UNREADABLE","","","","","NON_CERTIFIE_PAR_CETTE_RECHERCHE","","Retrouver puis prouver le portail officiel; vérifier aussi les groupes et alias"
"JACADI","1","https://fr.fashionjobs.com/recrutement/jacadi.html","COMPANY_PRESENTE_SANS_DIRECT_IDENTIFIE","A_QUALIFIER","NOM_OU_ALIAS_EXACT_CANDIDAT","cmtnac0wy2sd7qq5l71073l44","JACADI","NON","0","0","0","0","-1","NON_PERIMETRES_ET_FRAICHEUR_A_ATTESTER","jacadi.fr","","","","WEBSITE_UNREADABLE","","","","","NON_CERTIFIE_PAR_CETTE_RECHERCHE","","Retrouver puis prouver le portail officiel; vérifier aussi les groupes et alias"
"JACK GOMME","1","https://fr.fashionjobs.com/recrutement/jack-gomme.html","COMPANY_PRESENTE_SANS_DIRECT_IDENTIFIE","A_QUALIFIER","NOM_OU_ALIAS_EXACT_CANDIDAT","cmtp8690h3ronqq4zwaz2fx4l","JACK GOMME","NON","1","1","0","0","-1","NON_PERIMETRES_ET_FRAICHEUR_A_ATTESTER","jackgomme.com","","","","ATS_HINT_REVIEW_REQUIRED","","https://jackgomme.com/","","","NON_CERTIFIE_PAR_CETTE_RECHERCHE","","Retrouver puis prouver le portail officiel; vérifier aussi les groupes et alias"
"JACQUES SOLOVIERE PARIS","1","https://fr.fashionjobs.com/recrutement/jacques-soloviere-paris.html","COMPANY_PRESENTE_SANS_DIRECT_IDENTIFIE","A_QUALIFIER","NOM_OU_ALIAS_EXACT_CANDIDAT","cmtkdw3h41uhmnf2bx7jc6cmn","JACQUES SOLOVIERE PARIS","NON","0","0","0","0","-1","NON_PERIMETRES_ET_FRAICHEUR_A_ATTESTER","","","","","NO_WEBSITE_IN_PROFILE_OR_PROFILE_UNREADABLE","","","","","NON_CERTIFIE_PAR_CETTE_RECHERCHE","","Retrouver puis prouver le portail officiel; vérifier aussi les groupes et alias"
"JADE CIRCLE","1","https://fr.fashionjobs.com/recrutement/jade-circle.html","COMPANY_PRESENTE_SANS_DIRECT_IDENTIFIE","A_QUALIFIER","NOM_OU_ALIAS_EXACT_CANDIDAT","cmtkdvw9n1scmnf2b2q73ad7k","JADE CIRCLE","NON","0","0","0","0","-1","NON_PERIMETRES_ET_FRAICHEUR_A_ATTESTER","","","","","NO_WEBSITE_IN_PROFILE_OR_PROFILE_UNREADABLE","","","","","NON_CERTIFIE_PAR_CETTE_RECHERCHE","","Retrouver puis prouver le portail officiel; vérifier aussi les groupes et alias"
"JAIIO","1","https://fr.fashionjobs.com/recrutement/jaiio.html","AUCUN_RAPPROCHEMENT_ETABLI","A_QUALIFIER","AUCUNE","","","NON","0","0","0","0","","NON_PERIMETRES_ET_FRAICHEUR_A_ATTESTER","","","","","NO_WEBSITE_IN_PROFILE_OR_PROFILE_UNREADABLE","","","","","NON_CERTIFIE_PAR_CETTE_RECHERCHE","","Retrouver puis prouver le portail officiel; vérifier aussi les groupes et alias"
"JEREM","1","https://fr.fashionjobs.com/recrutement/jerem.html","AUCUN_RAPPROCHEMENT_ETABLI","A_QUALIFIER","AUCUNE","","","NON","0","0","0","0","","NON_PERIMETRES_ET_FRAICHEUR_A_ATTESTER","","","","","NO_CAREER_LINK_FOUND_ON_PAGES_READ","","https://jerem.com/en","","","NON_CERTIFIE_PAR_CETTE_RECHERCHE","","Retrouver puis prouver le portail officiel; vérifier aussi les groupes et alias"
"JM.ATELSON","1","https://fr.fashionjobs.com/recrutement/jm-atelson.html","COMPANY_PRESENTE_SANS_DIRECT_IDENTIFIE","A_QUALIFIER","NOM_OU_ALIAS_EXACT_CANDIDAT","cmtkdvy481sx0nf2b59zo3txa","JM.ATELSON","NON","1","1","0","0","-1","NON_PERIMETRES_ET_FRAICHEUR_A_ATTESTER","","","","","NO_WEBSITE_IN_PROFILE_OR_PROFILE_UNREADABLE","","","","","NON_CERTIFIE_PAR_CETTE_RECHERCHE","","Retrouver puis prouver le portail officiel; vérifier aussi les groupes et alias"
"JOVOY PARIS","1","https://fr.fashionjobs.com/recrutement/jovoy-paris.html","COMPANY_PRESENTE_SANS_DIRECT_IDENTIFIE","A_QUALIFIER","NOM_OU_ALIAS_EXACT_CANDIDAT","cmtkdvv6o1rzanf2bfjid1vmn","JOVOY PARIS","NON","0","0","0","0","-1","NON_PERIMETRES_ET_FRAICHEUR_A_ATTESTER","","","","","NO_WEBSITE_IN_PROFILE_OR_PROFILE_UNREADABLE","","","","","NON_CERTIFIE_PAR_CETTE_RECHERCHE","","Retrouver puis prouver le portail officiel; vérifier aussi les groupes et alias"
"JS MILLENIUM ENVIES","1","https://fr.fashionjobs.com/recrutement/js-millenium-envies.html","COMPANY_PRESENTE_SANS_DIRECT_IDENTIFIE","A_QUALIFIER","NOM_OU_ALIAS_EXACT_CANDIDAT","cmtkdvuh21rojnf2bw6t97y39","JS MILLENIUM ENVIES","NON","0","0","0","0","-1","NON_PERIMETRES_ET_FRAICHEUR_A_ATTESTER","","","","","NO_WEBSITE_IN_PROFILE_OR_PROFILE_UNREADABLE","","","","","NON_CERTIFIE_PAR_CETTE_RECHERCHE","","Retrouver puis prouver le portail officiel; vérifier aussi les groupes et alias"
"JULES","1","https://fr.fashionjobs.com/recrutement/jules.html","SOURCE_DIRECTE_CATALOGUEE_A_CERTIFIER","A_QUALIFIER","NOM_OU_ALIAS_EXACT_CANDIDAT","cmtk1x1dn0067nv2bokd2qj4h","JULES","NON","11","10","9","0","8","NON_PERIMETRES_ET_FRAICHEUR_A_ATTESTER","jules.com","jules:ACTIVE","jules","","CAREER_LINKS_OBSERVED_REVIEW_REQUIRED","https://jules-recrutement.talentview.io/?source=site_entreprise","https://www.jules.com/","","","NON_CERTIFIE_PAR_CETTE_RECHERCHE","","Certifier identité, attribution et complétude de la source existante"
"JULIE DE LIBRAN","1","https://fr.fashionjobs.com/recrutement/julie-de-libran.html","COMPANY_PRESENTE_SANS_DIRECT_IDENTIFIE","A_QUALIFIER","NOM_OU_ALIAS_EXACT_CANDIDAT","cmtkdw1tg1twnnf2bx97omtjb","JULIE DE LIBRAN","NON","0","0","0","0","-1","NON_PERIMETRES_ET_FRAICHEUR_A_ATTESTER","","","","","NO_WEBSITE_IN_PROFILE_OR_PROFILE_UNREADABLE","","","","","NON_CERTIFIE_PAR_CETTE_RECHERCHE","","Retrouver puis prouver le portail officiel; vérifier aussi les groupes et alias"
"JULIETTE VERHAEGHE LUCCHINI","1","https://fr.fashionjobs.com/recrutement/juliette-verhaeghe-lucchini.html","AUCUN_RAPPROCHEMENT_ETABLI","A_QUALIFIER","AUCUNE","","","NON","0","0","0","0","","NON_PERIMETRES_ET_FRAICHEUR_A_ATTESTER","","","","","NO_WEBSITE_IN_PROFILE_OR_PROFILE_UNREADABLE","","","","","NON_CERTIFIE_PAR_CETTE_RECHERCHE","","Retrouver puis prouver le portail officiel; vérifier aussi les groupes et alias"
"JUST FACES MGMT","1","https://fr.fashionjobs.com/recrutement/just-faces-mgmt.html","COMPANY_PRESENTE_SANS_DIRECT_IDENTIFIE","A_QUALIFIER","NOM_OU_ALIAS_EXACT_CANDIDAT","cmtnac1np2skpqq5ls26tn22y","JUST FACES MGMT","NON","0","0","0","0","-1","NON_PERIMETRES_ET_FRAICHEUR_A_ATTESTER","","","","","NO_WEBSITE_IN_PROFILE_OR_PROFILE_UNREADABLE","","","","","NON_CERTIFIE_PAR_CETTE_RECHERCHE","","Retrouver puis prouver le portail officiel; vérifier aussi les groupes et alias"
"KAMI","1","https://fr.fashionjobs.com/recrutement/kami.html","COMPANY_PRESENTE_SANS_DIRECT_IDENTIFIE","A_QUALIFIER","NOM_OU_ALIAS_EXACT_CANDIDAT","cmtkdw2431u0fnf2bw7q19iji","KAMI","NON","0","0","0","0","-1","NON_PERIMETRES_ET_FRAICHEUR_A_ATTESTER","","","","","NO_WEBSITE_IN_PROFILE_OR_PROFILE_UNREADABLE","","","","","NON_CERTIFIE_PAR_CETTE_RECHERCHE","","Retrouver puis prouver le portail officiel; vérifier aussi les groupes et alias"
"KARRY BERREBY","1","https://fr.fashionjobs.com/recrutement/karry-berreby.html","AUCUN_RAPPROCHEMENT_ETABLI","A_QUALIFIER","AUCUNE","","","NON","0","0","0","0","","NON_PERIMETRES_ET_FRAICHEUR_A_ATTESTER","","","","","NO_WEBSITE_IN_PROFILE_OR_PROFILE_UNREADABLE","","","","","NON_CERTIFIE_PAR_CETTE_RECHERCHE","","Retrouver puis prouver le portail officiel; vérifier aussi les groupes et alias"
"KOON","1","https://fr.fashionjobs.com/recrutement/koon.html","AUCUN_RAPPROCHEMENT_ETABLI","A_QUALIFIER","AUCUNE","","","NON","0","0","0","0","","NON_PERIMETRES_ET_FRAICHEUR_A_ATTESTER","","","","","NO_WEBSITE_IN_PROFILE_OR_PROFILE_UNREADABLE","","","","","NON_CERTIFIE_PAR_CETTE_RECHERCHE","","Retrouver puis prouver le portail officiel; vérifier aussi les groupes et alias"
"KRIBA","1","https://fr.fashionjobs.com/recrutement/kriba.html","AUCUN_RAPPROCHEMENT_ETABLI","A_QUALIFIER","AUCUNE","","","NON","0","0","0","0","","NON_PERIMETRES_ET_FRAICHEUR_A_ATTESTER","","","","","NO_WEBSITE_IN_PROFILE_OR_PROFILE_UNREADABLE","","","","","NON_CERTIFIE_PAR_CETTE_RECHERCHE","","Retrouver puis prouver le portail officiel; vérifier aussi les groupes et alias"
"L.T. PIVER","1","https://fr.fashionjobs.com/recrutement/l-t-piver.html","AUCUN_RAPPROCHEMENT_ETABLI","A_QUALIFIER","AUCUNE","","","NON","0","0","0","0","","NON_PERIMETRES_ET_FRAICHEUR_A_ATTESTER","","","","","NO_CAREER_LINK_FOUND_ON_PAGES_READ","","https://www.piver.com/","","","NON_CERTIFIE_PAR_CETTE_RECHERCHE","","Retrouver puis prouver le portail officiel; vérifier aussi les groupes et alias"
"L'ATELIER D'ANAË","1","https://fr.fashionjobs.com/recrutement/l-atelier-d-anae.html","AUCUN_RAPPROCHEMENT_ETABLI","A_QUALIFIER","AUCUNE","","","NON","0","0","0","0","","NON_PERIMETRES_ET_FRAICHEUR_A_ATTESTER","","","","","NO_WEBSITE_IN_PROFILE_OR_PROFILE_UNREADABLE","","","","","NON_CERTIFIE_PAR_CETTE_RECHERCHE","","Retrouver puis prouver le portail officiel; vérifier aussi les groupes et alias"
"L'HOMME INVISIBLE","1","https://fr.fashionjobs.com/recrutement/l-homme-invisible.html","COMPANY_PRESENTE_SANS_DIRECT_IDENTIFIE","A_QUALIFIER","NOM_OU_ALIAS_EXACT_CANDIDAT","cmtkdvy381swpnf2bfeu4pym4","L'HOMME INVISIBLE","NON","1","1","0","0","-1","NON_PERIMETRES_ET_FRAICHEUR_A_ATTESTER","","","","","NO_WEBSITE_IN_PROFILE_OR_PROFILE_UNREADABLE","","","","","NON_CERTIFIE_PAR_CETTE_RECHERCHE","","Retrouver puis prouver le portail officiel; vérifier aussi les groupes et alias"
"L'ONGLERIE","1","https://fr.fashionjobs.com/recrutement/l-onglerie.html","AUCUN_RAPPROCHEMENT_ETABLI","A_QUALIFIER","AUCUNE","","","NON","0","0","0","0","","NON_PERIMETRES_ET_FRAICHEUR_A_ATTESTER","","","","","NO_WEBSITE_IN_PROFILE_OR_PROFILE_UNREADABLE","","","","","NON_CERTIFIE_PAR_CETTE_RECHERCHE","","Retrouver puis prouver le portail officiel; vérifier aussi les groupes et alias"
"LA COUR DES ICONES","1","https://fr.fashionjobs.com/recrutement/la-cour-des-icones.html","COMPANY_PRESENTE_SANS_DIRECT_IDENTIFIE","A_QUALIFIER","NOM_OU_ALIAS_EXACT_CANDIDAT","cmtlq3u9f1lxapg2b3kvsu7yg","LA COUR DES ICONES","NON","0","0","0","0","-1","NON_PERIMETRES_ET_FRAICHEUR_A_ATTESTER","","","","","NO_WEBSITE_IN_PROFILE_OR_PROFILE_UNREADABLE","","","","","NON_CERTIFIE_PAR_CETTE_RECHERCHE","","Retrouver puis prouver le portail officiel; vérifier aussi les groupes et alias"
"LA LUEUR DE L'AUBE","1","https://fr.fashionjobs.com/recrutement/la-lueur-de-l-aube.html","COMPANY_PRESENTE_SANS_DIRECT_IDENTIFIE","A_QUALIFIER","NOM_OU_ALIAS_EXACT_CANDIDAT","cmtlq3u5d1lwapg2bthfm7wxa","LA LUEUR DE L'AUBE","NON","0","0","0","0","-1","NON_PERIMETRES_ET_FRAICHEUR_A_ATTESTER","","","","","NO_WEBSITE_IN_PROFILE_OR_PROFILE_UNREADABLE","","","","","NON_CERTIFIE_PAR_CETTE_RECHERCHE","","Retrouver puis prouver le portail officiel; vérifier aussi les groupes et alias"
"LA MARQUE 64","1","https://fr.fashionjobs.com/recrutement/la-marque-64.html","COMPANY_PRESENTE_SANS_DIRECT_IDENTIFIE","A_QUALIFIER","NOM_OU_ALIAS_EXACT_CANDIDAT","cmtkdw2hy1u5jnf2bswdyg70w","LA MARQUE 64","NON","0","0","0","0","-1","NON_PERIMETRES_ET_FRAICHEUR_A_ATTESTER","","","","","NO_WEBSITE_IN_PROFILE_OR_PROFILE_UNREADABLE","","","","","NON_CERTIFIE_PAR_CETTE_RECHERCHE","","Retrouver puis prouver le portail officiel; vérifier aussi les groupes et alias"
"LA MODE VINTAGE","1","https://fr.fashionjobs.com/recrutement/la-mode-vintage.html","COMPANY_PRESENTE_SANS_DIRECT_IDENTIFIE","A_QUALIFIER","NOM_OU_ALIAS_EXACT_CANDIDAT","cmtpw96kd4k4wl35mg0lw9202","LA MODE VINTAGE","NON","1","1","0","0","-1","NON_PERIMETRES_ET_FRAICHEUR_A_ATTESTER","","","","","NO_WEBSITE_IN_PROFILE_OR_PROFILE_UNREADABLE","","","","","NON_CERTIFIE_PAR_CETTE_RECHERCHE","","Retrouver puis prouver le portail officiel; vérifier aussi les groupes et alias"
"LA MODEUSE","1","https://fr.fashionjobs.com/recrutement/la-modeuse.html","AUCUN_RAPPROCHEMENT_ETABLI","A_QUALIFIER","AUCUNE","","","NON","0","0","0","0","","NON_PERIMETRES_ET_FRAICHEUR_A_ATTESTER","","","","","NO_WEBSITE_IN_PROFILE_OR_PROFILE_UNREADABLE","","","","","NON_CERTIFIE_PAR_CETTE_RECHERCHE","","Retrouver puis prouver le portail officiel; vérifier aussi les groupes et alias"
"LA PELUCHERIE","1","https://fr.fashionjobs.com/recrutement/la-pelucherie.html","COMPANY_PRESENTE_SANS_DIRECT_IDENTIFIE","A_QUALIFIER","NOM_OU_ALIAS_EXACT_CANDIDAT","cmtkdw30x1ubznf2b2tv15nro","LA PELUCHERIE","NON","0","0","0","0","-1","NON_PERIMETRES_ET_FRAICHEUR_A_ATTESTER","","","","","NO_WEBSITE_IN_PROFILE_OR_PROFILE_UNREADABLE","","","","","NON_CERTIFIE_PAR_CETTE_RECHERCHE","","Retrouver puis prouver le portail officiel; vérifier aussi les groupes et alias"
"LA RÉPONSE D","1","https://fr.fashionjobs.com/recrutement/la-reponse-d.html","COMPANY_PRESENTE_SANS_DIRECT_IDENTIFIE","A_QUALIFIER","NOM_OU_ALIAS_EXACT_CANDIDAT","cmtkdw0141tecnf2bjamzjotg","LA RÉPONSE D","NON","1","1","0","0","-1","NON_PERIMETRES_ET_FRAICHEUR_A_ATTESTER","","","","","NO_WEBSITE_IN_PROFILE_OR_PROFILE_UNREADABLE","","","","","NON_CERTIFIE_PAR_CETTE_RECHERCHE","","Retrouver puis prouver le portail officiel; vérifier aussi les groupes et alias"
"LA SERVIETTE PARIS","1","https://fr.fashionjobs.com/recrutement/la-serviette-paris.html","AUCUN_RAPPROCHEMENT_ETABLI","A_QUALIFIER","AUCUNE","","","NON","0","0","0","0","","NON_PERIMETRES_ET_FRAICHEUR_A_ATTESTER","","","","","NO_WEBSITE_IN_PROFILE_OR_PROFILE_UNREADABLE","","","","","NON_CERTIFIE_PAR_CETTE_RECHERCHE","","Retrouver puis prouver le portail officiel; vérifier aussi les groupes et alias"
"LAB DIP","1","https://fr.fashionjobs.com/recrutement/lab-dip.html","COMPANY_PRESENTE_SANS_DIRECT_IDENTIFIE","A_QUALIFIER","NOM_OU_ALIAS_EXACT_CANDIDAT","cmtrup1wv4mrbpg5m25zfncj1","LAB DIP","NON","1","1","0","0","-1","NON_PERIMETRES_ET_FRAICHEUR_A_ATTESTER","","","","","NO_WEBSITE_IN_PROFILE_OR_PROFILE_UNREADABLE","","","","","NON_CERTIFIE_PAR_CETTE_RECHERCHE","","Retrouver puis prouver le portail officiel; vérifier aussi les groupes et alias"
"LABBEYE","1","https://fr.fashionjobs.com/recrutement/labbeye.html","AUCUN_RAPPROCHEMENT_ETABLI","A_QUALIFIER","AUCUNE","","","NON","0","0","0","0","","NON_PERIMETRES_ET_FRAICHEUR_A_ATTESTER","","","","","NO_WEBSITE_IN_PROFILE_OR_PROFILE_UNREADABLE","","","","","NON_CERTIFIE_PAR_CETTE_RECHERCHE","","Retrouver puis prouver le portail officiel; vérifier aussi les groupes et alias"
"LACURE GROUP","1","https://fr.fashionjobs.com/recrutement/lacure-group.html","AUCUN_RAPPROCHEMENT_ETABLI","A_QUALIFIER","AUCUNE","","","NON","0","0","0","0","","NON_PERIMETRES_ET_FRAICHEUR_A_ATTESTER","","","","","NO_WEBSITE_IN_PROFILE_OR_PROFILE_UNREADABLE","","","","","NON_CERTIFIE_PAR_CETTE_RECHERCHE","","Retrouver puis prouver le portail officiel; vérifier aussi les groupes et alias"
"LAGARDÈRE TRAVEL RETAIL FRANCE","1","https://fr.fashionjobs.com/recrutement/lagardere-travel-retail-france.html","SOURCE_DIRECTE_CATALOGUEE_A_CERTIFIER","A_QUALIFIER","REGLE_CANONIQUE_CANDIDATE","cmtpu023j04jil35mg4a1g7vf","Lagardère Travel","NON","21","10","10","11","9","NON_PERIMETRES_ET_FRAICHEUR_A_ATTESTER","lagardere-tr.com","","lagardere-travel-retail","","CAREER_LINKS_OBSERVED_REVIEW_REQUIRED","https://www.lagardere-tr.com/en/join-us/join-us | https://lagardere.com/nous-rejoindre/nos-offres/ | https://jobs.lagardere-tr.at/Jobs | https://lagardere-recrute-travelretailde.talent-soft.com/startseite.aspx?LCID=1031 | https://jobs.50skills.com/lagardere/en | https://lagardere.intervieweb.it/it/career | https://lagardere-tr.nl/nl/carriere/carriere | https://lagarderetravelretail.talosats-careers.com/careers | https://lagardere-recrute.talent-soft.com/job/list-of-jobs.aspx?lcid=2057&facet_Entity=158 | https://careers.lagardereawpl.com/jobs/search | https://www.paradieslagardere.com/careers","https://www.lagardere-tr.com/en/","","","NON_CERTIFIE_PAR_CETTE_RECHERCHE","","Certifier identité, attribution et complétude de la source existante"
"LAPS","1","https://fr.fashionjobs.com/recrutement/laps.html","AUCUN_RAPPROCHEMENT_ETABLI","A_QUALIFIER","AUCUNE","","","NON","0","0","0","0","","NON_PERIMETRES_ET_FRAICHEUR_A_ATTESTER","","","","","NO_WEBSITE_IN_PROFILE_OR_PROFILE_UNREADABLE","","","","","NON_CERTIFIE_PAR_CETTE_RECHERCHE","","Retrouver puis prouver le portail officiel; vérifier aussi les groupes et alias"
"LATAM FASHION CIRCLE","1","https://fr.fashionjobs.com/recrutement/latam-fashion-circle.html","AUCUN_RAPPROCHEMENT_ETABLI","A_QUALIFIER","AUCUNE","","","NON","0","0","0","0","","NON_PERIMETRES_ET_FRAICHEUR_A_ATTESTER","","","","","NO_WEBSITE_IN_PROFILE_OR_PROFILE_UNREADABLE","","","","","NON_CERTIFIE_PAR_CETTE_RECHERCHE","","Retrouver puis prouver le portail officiel; vérifier aussi les groupes et alias"
"LAURE DE SAGAZAN","1","https://fr.fashionjobs.com/recrutement/laure-de-sagazan.html","COMPANY_PRESENTE_SANS_DIRECT_IDENTIFIE","A_QUALIFIER","NOM_OU_ALIAS_EXACT_CANDIDAT","cmtkdw13f1tpznf2bkuzfx1cy","LAURE DE SAGAZAN","NON","1","1","0","0","-1","NON_PERIMETRES_ET_FRAICHEUR_A_ATTESTER","lauredesagazan.fr","","","","NO_CAREER_LINK_FOUND_ON_PAGES_READ","","https://lauredesagazan.fr/","","","NON_CERTIFIE_PAR_CETTE_RECHERCHE","","Retrouver puis prouver le portail officiel; vérifier aussi les groupes et alias"
"LE GRAMME","1","https://fr.fashionjobs.com/recrutement/le-gramme.html","COMPANY_PRESENTE_SANS_DIRECT_IDENTIFIE","A_QUALIFIER","NOM_OU_ALIAS_EXACT_CANDIDAT","cmtkdvuqm1rsxnf2b3p3orvdi","LE GRAMME","NON","0","0","0","0","-1","NON_PERIMETRES_ET_FRAICHEUR_A_ATTESTER","","","","","NO_CAREER_LINK_FOUND_ON_PAGES_READ","","https://legramme.com/?lang=en%3Futm_source%3DGoodOnYou+App","","","NON_CERTIFIE_PAR_CETTE_RECHERCHE","","Retrouver puis prouver le portail officiel; vérifier aussi les groupes et alias"
"LE GUILLOU HABILLEUR","1","https://fr.fashionjobs.com/recrutement/le-guillou-habilleur.html","COMPANY_PRESENTE_SANS_DIRECT_IDENTIFIE","A_QUALIFIER","NOM_OU_ALIAS_EXACT_CANDIDAT","cmtkdvx661sl4nf2bqq3m1mv6","LE GUILLOU HABILLEUR","NON","0","0","0","0","-1","NON_PERIMETRES_ET_FRAICHEUR_A_ATTESTER","","","","","NO_WEBSITE_IN_PROFILE_OR_PROFILE_UNREADABLE","","","","","NON_CERTIFIE_PAR_CETTE_RECHERCHE","","Retrouver puis prouver le portail officiel; vérifier aussi les groupes et alias"
"LE JARDIN PARFUMÉ","1","https://fr.fashionjobs.com/recrutement/le-jardin-parfume.html","COMPANY_PRESENTE_SANS_DIRECT_IDENTIFIE","A_QUALIFIER","NOM_OU_ALIAS_EXACT_CANDIDAT","cmtkdw2r81u8jnf2boai2m5yp","LE JARDIN PARFUMÉ","NON","0","0","0","0","-1","NON_PERIMETRES_ET_FRAICHEUR_A_ATTESTER","","","","","NO_WEBSITE_IN_PROFILE_OR_PROFILE_UNREADABLE","","","","","NON_CERTIFIE_PAR_CETTE_RECHERCHE","","Retrouver puis prouver le portail officiel; vérifier aussi les groupes et alias"
"LE KASHA","1","https://fr.fashionjobs.com/recrutement/le-kasha.html","COMPANY_PRESENTE_SANS_DIRECT_IDENTIFIE","A_QUALIFIER","NOM_OU_ALIAS_EXACT_CANDIDAT","cmtkdvxnf1sr4nf2bkg6rdktd","LE KASHA","NON","0","0","0","0","-1","NON_PERIMETRES_ET_FRAICHEUR_A_ATTESTER","","","","","NO_CAREER_LINK_FOUND_ON_PAGES_READ","","https://www.lekasha.com/","","","NON_CERTIFIE_PAR_CETTE_RECHERCHE","","Retrouver puis prouver le portail officiel; vérifier aussi les groupes et alias"
"LEAWALD","1","https://fr.fashionjobs.com/recrutement/leawald.html","AUCUN_RAPPROCHEMENT_ETABLI","A_QUALIFIER","AUCUNE","","","NON","0","0","0","0","","NON_PERIMETRES_ET_FRAICHEUR_A_ATTESTER","","","","","NO_WEBSITE_IN_PROFILE_OR_PROFILE_UNREADABLE","","","","","NON_CERTIFIE_PAR_CETTE_RECHERCHE","","Retrouver puis prouver le portail officiel; vérifier aussi les groupes et alias"
"LEBLON DELIENNE","1","https://fr.fashionjobs.com/recrutement/leblon-delienne.html","AUCUN_RAPPROCHEMENT_ETABLI","A_QUALIFIER","AUCUNE","","","NON","0","0","0","0","","NON_PERIMETRES_ET_FRAICHEUR_A_ATTESTER","","","","","NO_WEBSITE_IN_PROFILE_OR_PROFILE_UNREADABLE","","","","","NON_CERTIFIE_PAR_CETTE_RECHERCHE","","Retrouver puis prouver le portail officiel; vérifier aussi les groupes et alias"
"LEFTY","1","https://fr.fashionjobs.com/recrutement/lefty.html","AUCUN_RAPPROCHEMENT_ETABLI","A_QUALIFIER","AUCUNE","","","NON","0","0","0","0","","NON_PERIMETRES_ET_FRAICHEUR_A_ATTESTER","","","","","NO_WEBSITE_IN_PROFILE_OR_PROFILE_UNREADABLE","","","","","NON_CERTIFIE_PAR_CETTE_RECHERCHE","","Retrouver puis prouver le portail officiel; vérifier aussi les groupes et alias"
"LEHERPEUR PARIS","1","https://fr.fashionjobs.com/recrutement/leherpeur-paris.html","COMPANY_PRESENTE_SANS_DIRECT_IDENTIFIE","A_QUALIFIER","NOM_OU_ALIAS_EXACT_CANDIDAT","cmtkdvvhq1s3knf2bdpobkcn2","LEHERPEUR PARIS","NON","0","0","0","0","-1","NON_PERIMETRES_ET_FRAICHEUR_A_ATTESTER","","","","","NO_WEBSITE_IN_PROFILE_OR_PROFILE_UNREADABLE","","","","","NON_CERTIFIE_PAR_CETTE_RECHERCHE","","Retrouver puis prouver le portail officiel; vérifier aussi les groupes et alias"
"LEICA CAMERA","1","https://fr.fashionjobs.com/recrutement/leica-camera.html","COMPANY_PRESENTE_SANS_DIRECT_IDENTIFIE","A_QUALIFIER","NOM_OU_ALIAS_EXACT_CANDIDAT","cmtkdw25a1u0ynf2b6w2tsp6l","LEICA CAMERA","NON","0","0","0","0","-1","NON_PERIMETRES_ET_FRAICHEUR_A_ATTESTER","leica-camera.com","","","","CAREER_LINKS_OBSERVED_REVIEW_REQUIRED","https://leica-camera.com/fr-FR/entreprise/carriere | https://leica-camera.com/fr-FR/enterprise/carriere/recrutement-leica | https://leica-camera.com/fr-FR/enterprise/carriere/monde-carriere | https://leica-camera.com/fr-FR/enterprise/carriere/avantages | https://leica-camera.com/fr-FR/enterprise/carriere/processus-recrutement | https://leica-camera.com/fr-FR/enterprise/carriere/informations-sur-site | https://leica-camera.com/fr-FR/enterprise/carriere/monde-carriere/technologie-information | https://leica-camera.com/fr-FR/enterprise/carriere/monde-carriere/marketing-communication | https://leica-camera.com/fr-FR/enterprise/carriere/monde-carriere/stage-formation-etudes | https://leica-camera.com/fr-FR/enterprise/carriere/monde-carriere/sales | https://leica-camera.com/fr-FR/enterprise/carriere/monde-carriere/gestion-produits | https://leica-camera.com/fr-FR/enterprise/carriere/monde-carriere/operations-qualite-customer-care | https://leica-camera.com/fr-FR/enterprise/carriere/monde-carriere/developpement | https://leica-camera.com/fr-FR/enterprise/carriere/monde-carriere/communications-juridiques-ressources-humaines-financement-controle | https://leica-camera.com/fr-FR/enterprise/carriere/monde-carriere/digital | https://leica-camera.com/en-US/company/career | https://leica-camera.com/zh-Hant/company/career | https://leica-camera.com/ja-JP/company/career | https://leica-camera.com/ko-KR/company/career | https://leica-camera.com/en-MY/company/career | https://leica-camera.com/en-SG/company/career | https://leica-camera.com/en-AU/company/career | https://leica-camera.com/en-NZ/company/career | https://leica-camera.com/en-AT/company/career | https://leica-camera.com/en-DK/company/career | https://leica-camera.com/en-GB/company/career | https://leica-camera.com/en-PT/company/career | https://leica-camera.com/en-SE/company/career | https://leica-camera.com/fr-CH/entreprise/carriere | https://leica-camera.com/en-AE/company/career | https://leica-camera.com/en-int/company/career","https://leica-camera.com/fr-FR","","","NON_CERTIFIE_PAR_CETTE_RECHERCHE","","Retrouver puis prouver le portail officiel; vérifier aussi les groupes et alias"
"LELIÈVRE PARIS","1","https://fr.fashionjobs.com/recrutement/lelievre-paris.html","AUCUN_RAPPROCHEMENT_ETABLI","A_QUALIFIER","AUCUNE","","","NON","0","0","0","0","","NON_PERIMETRES_ET_FRAICHEUR_A_ATTESTER","","","","","NO_WEBSITE_IN_PROFILE_OR_PROFILE_UNREADABLE","","","","","NON_CERTIFIE_PAR_CETTE_RECHERCHE","","Retrouver puis prouver le portail officiel; vérifier aussi les groupes et alias"
"LES DUNES","1","https://fr.fashionjobs.com/recrutement/les-dunes.html","COMPANY_PRESENTE_SANS_DIRECT_IDENTIFIE","A_QUALIFIER","NOM_OU_ALIAS_EXACT_CANDIDAT","cmtkdvvtr1s7pnf2b0y72id81","LES DUNES","NON","0","0","0","0","-1","NON_PERIMETRES_ET_FRAICHEUR_A_ATTESTER","","","","","NO_WEBSITE_IN_PROFILE_OR_PROFILE_UNREADABLE","","","","","NON_CERTIFIE_PAR_CETTE_RECHERCHE","","Retrouver puis prouver le portail officiel; vérifier aussi les groupes et alias"
"LES POSSIBLES","1","https://fr.fashionjobs.com/recrutement/les-possibles.html","COMPANY_PRESENTE_SANS_DIRECT_IDENTIFIE","A_QUALIFIER","NOM_OU_ALIAS_EXACT_CANDIDAT","cmtkdw24s1u0qnf2bvirz8v1y","LES POSSIBLES","NON","0","0","0","0","-1","NON_PERIMETRES_ET_FRAICHEUR_A_ATTESTER","","","","","NO_WEBSITE_IN_PROFILE_OR_PROFILE_UNREADABLE","","","","","NON_CERTIFIE_PAR_CETTE_RECHERCHE","","Retrouver puis prouver le portail officiel; vérifier aussi les groupes et alias"
"LEVI'S / TIMBERLAND","1","https://fr.fashionjobs.com/recrutement/levi-s-timberland.html","COMPANY_PRESENTE_SANS_DIRECT_IDENTIFIE","A_QUALIFIER","NOM_OU_ALIAS_EXACT_CANDIDAT","cmtkdvuqx1rt1nf2buov0ybrg","LEVI'S / TIMBERLAND","NON","0","0","0","0","-1","NON_PERIMETRES_ET_FRAICHEUR_A_ATTESTER","","","","","NO_WEBSITE_IN_PROFILE_OR_PROFILE_UNREADABLE","","","","","NON_CERTIFIE_PAR_CETTE_RECHERCHE","","Retrouver puis prouver le portail officiel; vérifier aussi les groupes et alias"
"LIBERTY'S MAGAZINE","1","https://fr.fashionjobs.com/recrutement/liberty-s-magazine.html","COMPANY_PRESENTE_SANS_DIRECT_IDENTIFIE","A_QUALIFIER","NOM_OU_ALIAS_EXACT_CANDIDAT","cmtoq4zda2zy7qq4zedf2gprm","LIBERTY'S MAGAZINE","NON","0","0","0","0","-1","NON_PERIMETRES_ET_FRAICHEUR_A_ATTESTER","","","","","NO_WEBSITE_IN_PROFILE_OR_PROFILE_UNREADABLE","","","","","NON_CERTIFIE_PAR_CETTE_RECHERCHE","","Retrouver puis prouver le portail officiel; vérifier aussi les groupes et alias"
"LINVOSGES","1","https://fr.fashionjobs.com/recrutement/linvosges.html","AUCUN_RAPPROCHEMENT_ETABLI","A_QUALIFIER","AUCUNE","","","NON","0","0","0","0","","NON_PERIMETRES_ET_FRAICHEUR_A_ATTESTER","","","","","NO_WEBSITE_IN_PROFILE_OR_PROFILE_UNREADABLE","","","","","NON_CERTIFIE_PAR_CETTE_RECHERCHE","","Retrouver puis prouver le portail officiel; vérifier aussi les groupes et alias"
"LOUISE DAMAS","1","https://fr.fashionjobs.com/recrutement/louise-damas.html","AUCUN_RAPPROCHEMENT_ETABLI","A_QUALIFIER","AUCUNE","","","NON","0","0","0","0","","NON_PERIMETRES_ET_FRAICHEUR_A_ATTESTER","","","","","NO_WEBSITE_IN_PROFILE_OR_PROFILE_UNREADABLE","","","","","NON_CERTIFIE_PAR_CETTE_RECHERCHE","","Retrouver puis prouver le portail officiel; vérifier aussi les groupes et alias"
"LOUISE MISHA","1","https://fr.fashionjobs.com/recrutement/louise-misha.html","SOURCE_CATALOGUEE_SANS_DIRECT_ACTIF","A_QUALIFIER","NOM_OU_ALIAS_EXACT_CANDIDAT","cmtlyez4l008oqf5kvnv9cl9o","Louise Misha","NON","2","2","0","0","-1","NON_PERIMETRES_ET_FRAICHEUR_A_ATTESTER","louisemisha.com","louise-misha:RETIRED","","","CAREER_LINKS_OBSERVED_REVIEW_REQUIRED","https://www.welcometothejungle.com/fr/companies/louise-misha | https://www.welcometothejungle.com/fr/authenticate/signup | https://solutions.welcometothejungle.com/resources | https://solutions.welcometothejungle.com/ | https://www.welcometothejungle.com/fr/companies-v1/louise-misha/jobs | https://www.welcometothejungle.com/fr/companies/louise-misha/jobs/vendeur-se-s-paris-lyon_paris | https://www.welcometothejungle.com/fr/companies/louise-misha/jobs/alternant-e-service-commercial-b2b-adv_montreuil | https://www.welcometothejungle.com/fr/pages/offres-emploi-par-metiers-villes | https://www.welcometothejungle.com/fr/pages/offres-par-villes-metiers | https://www.welcometothejungle.com/fr/companies/wttj | https://www.welcometothejungle.com/fr/jobs-matches | https://www.welcometothejungle.com/fr/media/recruiters","https://louisemisha.com/","","","NON_CERTIFIE_PAR_CETTE_RECHERCHE","","Retrouver puis prouver le portail officiel; vérifier aussi les groupes et alias"
"LOUISEJACQUELINE","1","https://fr.fashionjobs.com/recrutement/louisejacqueline.html","COMPANY_PRESENTE_SANS_DIRECT_IDENTIFIE","A_QUALIFIER","NOM_OU_ALIAS_EXACT_CANDIDAT","cmtkdvvjp1s48nf2bkz09squc","LOUISEJACQUELINE","NON","0","0","0","0","-1","NON_PERIMETRES_ET_FRAICHEUR_A_ATTESTER","","","","","NO_WEBSITE_IN_PROFILE_OR_PROFILE_UNREADABLE","","","","","NON_CERTIFIE_PAR_CETTE_RECHERCHE","","Retrouver puis prouver le portail officiel; vérifier aussi les groupes et alias"
"LUCASHEVA","1","https://fr.fashionjobs.com/recrutement/lucasheva.html","AUCUN_RAPPROCHEMENT_ETABLI","A_QUALIFIER","AUCUNE","","","NON","0","0","0","0","","NON_PERIMETRES_ET_FRAICHEUR_A_ATTESTER","","","","","NO_WEBSITE_IN_PROFILE_OR_PROFILE_UNREADABLE","","","","","NON_CERTIFIE_PAR_CETTE_RECHERCHE","","Retrouver puis prouver le portail officiel; vérifier aussi les groupes et alias"
"LUDOVIC DE SAINT SERNIN","1","https://fr.fashionjobs.com/recrutement/ludovic-de-saint-sernin.html","COMPANY_PRESENTE_SANS_DIRECT_IDENTIFIE","A_QUALIFIER","NOM_OU_ALIAS_EXACT_CANDIDAT","cmtkdw3la1uixnf2bpd480sai","LUDOVIC DE SAINT SERNIN","NON","0","0","0","0","-1","NON_PERIMETRES_ET_FRAICHEUR_A_ATTESTER","","","","","NO_CAREER_LINK_FOUND_ON_PAGES_READ","","https://ludovicdesaintsernin.com/","","","NON_CERTIFIE_PAR_CETTE_RECHERCHE","","Retrouver puis prouver le portail officiel; vérifier aussi les groupes et alias"
"LUDOVIC WINTERSTAN","1","https://fr.fashionjobs.com/recrutement/ludovic-winterstan.html","COMPANY_PRESENTE_SANS_DIRECT_IDENTIFIE","A_QUALIFIER","NOM_OU_ALIAS_EXACT_CANDIDAT","cmtoq4zcm2zxzqq4zh30kfu3u","LUDOVIC WINTERSTAN","NON","0","0","0","0","-1","NON_PERIMETRES_ET_FRAICHEUR_A_ATTESTER","","","","","NO_WEBSITE_IN_PROFILE_OR_PROFILE_UNREADABLE","","","","","NON_CERTIFIE_PAR_CETTE_RECHERCHE","","Retrouver puis prouver le portail officiel; vérifier aussi les groupes et alias"
"LULLI SUR LA TOILE","1","https://fr.fashionjobs.com/recrutement/lulli-sur-la-toile.html","AUCUN_RAPPROCHEMENT_ETABLI","A_QUALIFIER","AUCUNE","","","NON","0","0","0","0","","NON_PERIMETRES_ET_FRAICHEUR_A_ATTESTER","","","","","NO_WEBSITE_IN_PROFILE_OR_PROFILE_UNREADABLE","","","","","NON_CERTIFIE_PAR_CETTE_RECHERCHE","","Retrouver puis prouver le portail officiel; vérifier aussi les groupes et alias"
"LUNAS FRANCE","1","https://fr.fashionjobs.com/recrutement/lunas-france.html","COMPANY_PRESENTE_SANS_DIRECT_IDENTIFIE","A_QUALIFIER","REGLE_CANONIQUE_CANDIDATE","cmtkdvzq11tavnf2bkvbw63up","LUNAS","NON","1","1","0","0","-1","NON_PERIMETRES_ET_FRAICHEUR_A_ATTESTER","lunasfrance.fr","","","","ATS_HINT_REVIEW_REQUIRED","","https://lunasfrance.fr/","","","NON_CERTIFIE_PAR_CETTE_RECHERCHE","","Retrouver puis prouver le portail officiel; vérifier aussi les groupes et alias"
"LUXSPACE PARIS","1","https://fr.fashionjobs.com/recrutement/luxspace-paris.html","AUCUN_RAPPROCHEMENT_ETABLI","A_QUALIFIER","AUCUNE","","","NON","0","0","0","0","","NON_PERIMETRES_ET_FRAICHEUR_A_ATTESTER","","","","","NO_WEBSITE_IN_PROFILE_OR_PROFILE_UNREADABLE","","","","","NON_CERTIFIE_PAR_CETTE_RECHERCHE","","Retrouver puis prouver le portail officiel; vérifier aussi les groupes et alias"
"MAESTRO KNITTING GROUP","1","https://fr.fashionjobs.com/recrutement/maestro-knitting-group.html","AUCUN_RAPPROCHEMENT_ETABLI","A_QUALIFIER","AUCUNE","","","NON","0","0","0","0","","NON_PERIMETRES_ET_FRAICHEUR_A_ATTESTER","","","","","NO_WEBSITE_IN_PROFILE_OR_PROFILE_UNREADABLE","","","","","NON_CERTIFIE_PAR_CETTE_RECHERCHE","","Retrouver puis prouver le portail officiel; vérifier aussi les groupes et alias"
"MAISON AYAKA","1","https://fr.fashionjobs.com/recrutement/maison-ayaka.html","COMPANY_PRESENTE_SANS_DIRECT_IDENTIFIE","A_QUALIFIER","NOM_OU_ALIAS_EXACT_CANDIDAT","cmtlq3u6a1lwhpg2b8sg7z76z","MAISON AYAKA","NON","0","0","0","0","-1","NON_PERIMETRES_ET_FRAICHEUR_A_ATTESTER","","","","","NO_WEBSITE_IN_PROFILE_OR_PROFILE_UNREADABLE","","","","","NON_CERTIFIE_PAR_CETTE_RECHERCHE","","Retrouver puis prouver le portail officiel; vérifier aussi les groupes et alias"
"MAISON BM","1","https://fr.fashionjobs.com/recrutement/maison-bm.html","COMPANY_PRESENTE_SANS_DIRECT_IDENTIFIE","A_QUALIFIER","NOM_OU_ALIAS_EXACT_CANDIDAT","cmtkdvy7s1syanf2be6gcepur","MAISON BM","NON","1","1","0","0","-1","NON_PERIMETRES_ET_FRAICHEUR_A_ATTESTER","","","","","NO_WEBSITE_IN_PROFILE_OR_PROFILE_UNREADABLE","","","","","NON_CERTIFIE_PAR_CETTE_RECHERCHE","","Retrouver puis prouver le portail officiel; vérifier aussi les groupes et alias"
"MAISON EUDONIE","1","https://fr.fashionjobs.com/recrutement/maison-eudonie.html","AUCUN_RAPPROCHEMENT_ETABLI","A_QUALIFIER","AUCUNE","","","NON","0","0","0","0","","NON_PERIMETRES_ET_FRAICHEUR_A_ATTESTER","","","","","WEBSITE_UNREADABLE","","","","","NON_CERTIFIE_PAR_CETTE_RECHERCHE","","Retrouver puis prouver le portail officiel; vérifier aussi les groupes et alias"
"MAISON GUILLEMETTE","1","https://fr.fashionjobs.com/recrutement/maison-guillemette.html","COMPANY_PRESENTE_SANS_DIRECT_IDENTIFIE","A_QUALIFIER","NOM_OU_ALIAS_EXACT_CANDIDAT","cmtkdvuu31ruhnf2bb1jd74oo","MAISON GUILLEMETTE","NON","0","0","0","0","-1","NON_PERIMETRES_ET_FRAICHEUR_A_ATTESTER","","","","","NO_WEBSITE_IN_PROFILE_OR_PROFILE_UNREADABLE","","","","","NON_CERTIFIE_PAR_CETTE_RECHERCHE","","Retrouver puis prouver le portail officiel; vérifier aussi les groupes et alias"
"MAISON LEMOINE","1","https://fr.fashionjobs.com/recrutement/maison-lemoine.html","COMPANY_PRESENTE_SANS_DIRECT_IDENTIFIE","A_QUALIFIER","NOM_OU_ALIAS_EXACT_CANDIDAT","cmtkdw2ts1u9fnf2btar9870t","MAISON LEMOINE","NON","0","0","0","0","-1","NON_PERIMETRES_ET_FRAICHEUR_A_ATTESTER","","","","","NO_WEBSITE_IN_PROFILE_OR_PROFILE_UNREADABLE","","","","","NON_CERTIFIE_PAR_CETTE_RECHERCHE","","Retrouver puis prouver le portail officiel; vérifier aussi les groupes et alias"
"MAISON LOUIS PARIS","1","https://fr.fashionjobs.com/recrutement/maison-louis-paris.html","COMPANY_PRESENTE_SANS_DIRECT_IDENTIFIE","A_QUALIFIER","NOM_OU_ALIAS_EXACT_CANDIDAT","cmtkdw2391u04nf2bmyn0xmwq","MAISON LOUIS PARIS","NON","0","0","0","0","-1","NON_PERIMETRES_ET_FRAICHEUR_A_ATTESTER","","","","","NO_WEBSITE_IN_PROFILE_OR_PROFILE_UNREADABLE","","","","","NON_CERTIFIE_PAR_CETTE_RECHERCHE","","Retrouver puis prouver le portail officiel; vérifier aussi les groupes et alias"
"MAISON MICHEL PARIS","1","https://fr.fashionjobs.com/recrutement/maison-michel-paris.html","AUCUN_RAPPROCHEMENT_ETABLI","A_QUALIFIER","AUCUNE","","","NON","0","0","0","0","","NON_PERIMETRES_ET_FRAICHEUR_A_ATTESTER","","","","","NO_WEBSITE_IN_PROFILE_OR_PROFILE_UNREADABLE","","","","","NON_CERTIFIE_PAR_CETTE_RECHERCHE","","Retrouver puis prouver le portail officiel; vérifier aussi les groupes et alias"
"MAISON MONTAGUT","1","https://fr.fashionjobs.com/recrutement/maison-montagut.html","COMPANY_PRESENTE_SANS_DIRECT_IDENTIFIE","A_QUALIFIER","NOM_OU_ALIAS_EXACT_CANDIDAT","cmtkdvyhn1t1gnf2bfb5inlv1","MAISON MONTAGUT","NON","1","1","0","0","-1","NON_PERIMETRES_ET_FRAICHEUR_A_ATTESTER","","","","","NO_WEBSITE_IN_PROFILE_OR_PROFILE_UNREADABLE","","","","","NON_CERTIFIE_PAR_CETTE_RECHERCHE","","Retrouver puis prouver le portail officiel; vérifier aussi les groupes et alias"
"MAISON PAULLELE","1","https://fr.fashionjobs.com/recrutement/maison-paullele.html","AUCUN_RAPPROCHEMENT_ETABLI","A_QUALIFIER","AUCUNE","","","NON","0","0","0","0","","NON_PERIMETRES_ET_FRAICHEUR_A_ATTESTER","","","","","NO_WEBSITE_IN_PROFILE_OR_PROFILE_UNREADABLE","","","","","NON_CERTIFIE_PAR_CETTE_RECHERCHE","","Retrouver puis prouver le portail officiel; vérifier aussi les groupes et alias"
"MAISON SHIRA","1","https://fr.fashionjobs.com/recrutement/maison-shira.html","COMPANY_PRESENTE_SANS_DIRECT_IDENTIFIE","A_QUALIFIER","NOM_OU_ALIAS_EXACT_CANDIDAT","cmtkdw20l1tz9nf2b3oz671po","MAISON SHIRA","NON","0","0","0","0","-1","NON_PERIMETRES_ET_FRAICHEUR_A_ATTESTER","","","","","NO_WEBSITE_IN_PROFILE_OR_PROFILE_UNREADABLE","","","","","NON_CERTIFIE_PAR_CETTE_RECHERCHE","","Retrouver puis prouver le portail officiel; vérifier aussi les groupes et alias"
"MAISON STELLA & SUZIE","1","https://fr.fashionjobs.com/recrutement/maison-stella-suzie.html","COMPANY_PRESENTE_SANS_DIRECT_IDENTIFIE","A_QUALIFIER","NOM_OU_ALIAS_EXACT_CANDIDAT","cmtkdvzst1tbsnf2bmqej2qf6","MAISON STELLA & SUZIE","NON","0","0","0","0","-1","NON_PERIMETRES_ET_FRAICHEUR_A_ATTESTER","","","","","NO_WEBSITE_IN_PROFILE_OR_PROFILE_UNREADABLE","","","","","NON_CERTIFIE_PAR_CETTE_RECHERCHE","","Retrouver puis prouver le portail officiel; vérifier aussi les groupes et alias"
"MAISON ZAIED","1","https://fr.fashionjobs.com/recrutement/maison-zaied.html","AUCUN_RAPPROCHEMENT_ETABLI","A_QUALIFIER","AUCUNE","","","NON","0","0","0","0","","NON_PERIMETRES_ET_FRAICHEUR_A_ATTESTER","","","","","NO_WEBSITE_IN_PROFILE_OR_PROFILE_UNREADABLE","","","","","NON_CERTIFIE_PAR_CETTE_RECHERCHE","","Retrouver puis prouver le portail officiel; vérifier aussi les groupes et alias"
"MAISONZEINA","1","https://fr.fashionjobs.com/recrutement/maisonzeina.html","AUCUN_RAPPROCHEMENT_ETABLI","A_QUALIFIER","AUCUNE","","","NON","0","0","0","0","","NON_PERIMETRES_ET_FRAICHEUR_A_ATTESTER","","","","","NO_WEBSITE_IN_PROFILE_OR_PROFILE_UNREADABLE","","","","","NON_CERTIFIE_PAR_CETTE_RECHERCHE","","Retrouver puis prouver le portail officiel; vérifier aussi les groupes et alias"
"MALAM","1","https://fr.fashionjobs.com/recrutement/malam.html","AUCUN_RAPPROCHEMENT_ETABLI","A_QUALIFIER","AUCUNE","","","NON","0","0","0","0","","NON_PERIMETRES_ET_FRAICHEUR_A_ATTESTER","","","","","NO_WEBSITE_IN_PROFILE_OR_PROFILE_UNREADABLE","","","","","NON_CERTIFIE_PAR_CETTE_RECHERCHE","","Retrouver puis prouver le portail officiel; vérifier aussi les groupes et alias"
"MALFROID SOULIERS","1","https://fr.fashionjobs.com/recrutement/malfroid-souliers.html","COMPANY_PRESENTE_SANS_DIRECT_IDENTIFIE","A_QUALIFIER","NOM_OU_ALIAS_EXACT_CANDIDAT","cmtkdvwau1sd2nf2b1w2pj4wb","MALFROID SOULIERS","NON","0","0","0","0","-1","NON_PERIMETRES_ET_FRAICHEUR_A_ATTESTER","","","","","NO_WEBSITE_IN_PROFILE_OR_PROFILE_UNREADABLE","","","","","NON_CERTIFIE_PAR_CETTE_RECHERCHE","","Retrouver puis prouver le portail officiel; vérifier aussi les groupes et alias"
"MALHIA KENT","1","https://fr.fashionjobs.com/recrutement/malhia-kent.html","AUCUN_RAPPROCHEMENT_ETABLI","A_QUALIFIER","AUCUNE","","","NON","0","0","0","0","","NON_PERIMETRES_ET_FRAICHEUR_A_ATTESTER","","","","","ATS_HINT_REVIEW_REQUIRED","","https://malhia.fr/","","","NON_CERTIFIE_PAR_CETTE_RECHERCHE","","Retrouver puis prouver le portail officiel; vérifier aussi les groupes et alias"
"MANG PRODUCTION","1","https://fr.fashionjobs.com/recrutement/mang-production.html","COMPANY_PRESENTE_SANS_DIRECT_IDENTIFIE","A_QUALIFIER","NOM_OU_ALIAS_EXACT_CANDIDAT","cmtkdw04k1tfgnf2b0ya3jxzl","MANG PRODUCTION","NON","1","1","0","0","-1","NON_PERIMETRES_ET_FRAICHEUR_A_ATTESTER","mangproduction.com","","","","NO_CAREER_LINK_FOUND_ON_PAGES_READ","","https://mangproduction.com/","","","NON_CERTIFIE_PAR_CETTE_RECHERCHE","","Retrouver puis prouver le portail officiel; vérifier aussi les groupes et alias"
"MANSANO","1","https://fr.fashionjobs.com/recrutement/mansano.html","COMPANY_PRESENTE_SANS_DIRECT_IDENTIFIE","A_QUALIFIER","NOM_OU_ALIAS_EXACT_CANDIDAT","cmtkdw1oy1tvxnf2bpmf7iumu","MANSANO","NON","0","0","0","0","-1","NON_PERIMETRES_ET_FRAICHEUR_A_ATTESTER","","","","","NO_WEBSITE_IN_PROFILE_OR_PROFILE_UNREADABLE","","","","","NON_CERTIFIE_PAR_CETTE_RECHERCHE","","Retrouver puis prouver le portail officiel; vérifier aussi les groupes et alias"
"MARELLA","1","https://fr.fashionjobs.com/recrutement/marella.html","SOURCE_DIRECTE_CATALOGUEE_A_CERTIFIER","A_QUALIFIER","NOM_OU_ALIAS_EXACT_CANDIDAT","cmtk21o7a09qvnv2be8azetpy","Marella","NON","196","3","2","0","1","NON_PERIMETRES_ET_FRAICHEUR_A_ATTESTER","marella.com","marella:ACTIVE","marella","","WEBSITE_UNREADABLE","","","","","NON_CERTIFIE_PAR_CETTE_RECHERCHE","","Certifier identité, attribution et complétude de la source existante"
"MARIE LAPORTE","1","https://fr.fashionjobs.com/recrutement/marie-laporte.html","AUCUN_RAPPROCHEMENT_ETABLI","A_QUALIFIER","AUCUNE","","","NON","0","0","0","0","","NON_PERIMETRES_ET_FRAICHEUR_A_ATTESTER","","","","","NO_WEBSITE_IN_PROFILE_OR_PROFILE_UNREADABLE","","","","","NON_CERTIFIE_PAR_CETTE_RECHERCHE","","Retrouver puis prouver le portail officiel; vérifier aussi les groupes et alias"
"MARLEA MONTE-CARLO","1","https://fr.fashionjobs.com/recrutement/marlea-monte-carlo.html","AUCUN_RAPPROCHEMENT_ETABLI","A_QUALIFIER","AUCUNE","","","NON","0","0","0","0","","NON_PERIMETRES_ET_FRAICHEUR_A_ATTESTER","","","","","NO_WEBSITE_IN_PROFILE_OR_PROFILE_UNREADABLE","","","","","NON_CERTIFIE_PAR_CETTE_RECHERCHE","","Retrouver puis prouver le portail officiel; vérifier aussi les groupes et alias"
"MAUBOUSSIN","1","https://fr.fashionjobs.com/recrutement/mauboussin.html","COMPANY_PRESENTE_SANS_DIRECT_IDENTIFIE","A_QUALIFIER","NOM_OU_ALIAS_EXACT_CANDIDAT","cmtkdw3c31ufonf2bfzz0mtk3","MAUBOUSSIN","NON","0","0","0","0","-1","NON_PERIMETRES_ET_FRAICHEUR_A_ATTESTER","","","","","CAREER_LINKS_OBSERVED_REVIEW_REQUIRED","https://www.mauboussin.fr/fr/mauboussin_form/career | https://www.mauboussin.fr/en/mauboussin_form/career/","https://www.mauboussin.fr/fr/","","","NON_CERTIFIE_PAR_CETTE_RECHERCHE","","Retrouver puis prouver le portail officiel; vérifier aussi les groupes et alias"
"MEDUSA","1","https://fr.fashionjobs.com/recrutement/medusa.html","COMPANY_PRESENTE_SANS_DIRECT_IDENTIFIE","A_QUALIFIER","NOM_OU_ALIAS_EXACT_CANDIDAT","cmtkdw45o1uosnf2bsoj64om6","MEDUSA","NON","0","0","0","0","-1","NON_PERIMETRES_ET_FRAICHEUR_A_ATTESTER","","","","","NO_WEBSITE_IN_PROFILE_OR_PROFILE_UNREADABLE","","","","","NON_CERTIFIE_PAR_CETTE_RECHERCHE","","Retrouver puis prouver le portail officiel; vérifier aussi les groupes et alias"
"MELINE AKA","1","https://fr.fashionjobs.com/recrutement/meline-aka.html","COMPANY_PRESENTE_SANS_DIRECT_IDENTIFIE","A_QUALIFIER","NOM_OU_ALIAS_EXACT_CANDIDAT","cmtkdvwfw1se5nf2bdwqa4qlh","MELINE AKA","NON","0","0","0","0","-1","NON_PERIMETRES_ET_FRAICHEUR_A_ATTESTER","","","","","NO_WEBSITE_IN_PROFILE_OR_PROFILE_UNREADABLE","","","","","NON_CERTIFIE_PAR_CETTE_RECHERCHE","","Retrouver puis prouver le portail officiel; vérifier aussi les groupes et alias"
"MELLE D.","1","https://fr.fashionjobs.com/recrutement/melle-d-.html","COMPANY_PRESENTE_SANS_DIRECT_IDENTIFIE","A_QUALIFIER","NOM_OU_ALIAS_EXACT_CANDIDAT","cmtkdw1q31twdnf2balavl8si","MELLE D.","NON","0","0","0","0","-1","NON_PERIMETRES_ET_FRAICHEUR_A_ATTESTER","","","","","NO_WEBSITE_IN_PROFILE_OR_PROFILE_UNREADABLE","","","","","NON_CERTIFIE_PAR_CETTE_RECHERCHE","","Retrouver puis prouver le portail officiel; vérifier aussi les groupes et alias"
"MESDEMOISELLES PARIS","1","https://fr.fashionjobs.com/recrutement/mesdemoiselles-paris.html","AUCUN_RAPPROCHEMENT_ETABLI","A_QUALIFIER","AUCUNE","","","NON","0","0","0","0","","NON_PERIMETRES_ET_FRAICHEUR_A_ATTESTER","","","","","NO_CAREER_LINK_FOUND_ON_PAGES_READ","","https://www.mesdemoisellesparis.com/","","","NON_CERTIFIE_PAR_CETTE_RECHERCHE","","Retrouver puis prouver le portail officiel; vérifier aussi les groupes et alias"
"METISEKO","1","https://fr.fashionjobs.com/recrutement/metiseko.html","COMPANY_PRESENTE_SANS_DIRECT_IDENTIFIE","A_QUALIFIER","NOM_OU_ALIAS_EXACT_CANDIDAT","cmtkdvxsb1ssrnf2b1wpmw1b4","METISEKO","NON","0","0","0","0","-1","NON_PERIMETRES_ET_FRAICHEUR_A_ATTESTER","","","","","NO_WEBSITE_IN_PROFILE_OR_PROFILE_UNREADABLE","","","","","NON_CERTIFIE_PAR_CETTE_RECHERCHE","","Retrouver puis prouver le portail officiel; vérifier aussi les groupes et alias"
"MG CORP","1","https://fr.fashionjobs.com/recrutement/mg-corp.html","AUCUN_RAPPROCHEMENT_ETABLI","A_QUALIFIER","AUCUNE","","","NON","0","0","0","0","","NON_PERIMETRES_ET_FRAICHEUR_A_ATTESTER","","","","","NO_WEBSITE_IN_PROFILE_OR_PROFILE_UNREADABLE","","","","","NON_CERTIFIE_PAR_CETTE_RECHERCHE","","Retrouver puis prouver le portail officiel; vérifier aussi les groupes et alias"
"MICHÈLE BLOCH-STUCKENS STUDIO","1","https://fr.fashionjobs.com/recrutement/michele-bloch-stuckens-studio.html","AUCUN_RAPPROCHEMENT_ETABLI","A_QUALIFIER","AUCUNE","","","NON","0","0","0","0","","NON_PERIMETRES_ET_FRAICHEUR_A_ATTESTER","","","","","NO_WEBSITE_IN_PROFILE_OR_PROFILE_UNREADABLE","","","","","NON_CERTIFIE_PAR_CETTE_RECHERCHE","","Retrouver puis prouver le portail officiel; vérifier aussi les groupes et alias"
"MIDNIGHT THEORY","1","https://fr.fashionjobs.com/recrutement/midnight-theory.html","COMPANY_PRESENTE_SANS_DIRECT_IDENTIFIE","A_QUALIFIER","NOM_OU_ALIAS_EXACT_CANDIDAT","cmtp868hc3rivqq4zf7lktov5","MIDNIGHT THEORY","NON","1","1","0","0","-1","NON_PERIMETRES_ET_FRAICHEUR_A_ATTESTER","","","","","NO_WEBSITE_IN_PROFILE_OR_PROFILE_UNREADABLE","","","","","NON_CERTIFIE_PAR_CETTE_RECHERCHE","","Retrouver puis prouver le portail officiel; vérifier aussi les groupes et alias"
"MINA STORM","1","https://fr.fashionjobs.com/recrutement/mina-storm.html","AUCUN_RAPPROCHEMENT_ETABLI","A_QUALIFIER","AUCUNE","","","NON","0","0","0","0","","NON_PERIMETRES_ET_FRAICHEUR_A_ATTESTER","","","","","NO_WEBSITE_IN_PROFILE_OR_PROFILE_UNREADABLE","","","","","NON_CERTIFIE_PAR_CETTE_RECHERCHE","","Retrouver puis prouver le portail officiel; vérifier aussi les groupes et alias"
"MIRA BELLEPARIS","1","https://fr.fashionjobs.com/recrutement/mira-belleparis.html","COMPANY_PRESENTE_SANS_DIRECT_IDENTIFIE","A_QUALIFIER","NOM_OU_ALIAS_EXACT_CANDIDAT","cmtkdvzpp1tarnf2bv5wtdbxo","MIRA BELLEPARIS","NON","1","1","0","0","-1","NON_PERIMETRES_ET_FRAICHEUR_A_ATTESTER","mira-belle.fr","","","","NO_CAREER_LINK_FOUND_ON_PAGES_READ","","https://mira-belle.fr/","","","NON_CERTIFIE_PAR_CETTE_RECHERCHE","","Retrouver puis prouver le portail officiel; vérifier aussi les groupes et alias"
"MIRAMIRA","1","https://fr.fashionjobs.com/recrutement/miramira.html","AUCUN_RAPPROCHEMENT_ETABLI","A_QUALIFIER","AUCUNE","","","NON","0","0","0","0","","NON_PERIMETRES_ET_FRAICHEUR_A_ATTESTER","","","","","ATS_HINT_REVIEW_REQUIRED","","https://mira-mira.es/","","","NON_CERTIFIE_PAR_CETTE_RECHERCHE","","Retrouver puis prouver le portail officiel; vérifier aussi les groupes et alias"
"MIROIR AGENCY","1","https://fr.fashionjobs.com/recrutement/miroir-agency.html","COMPANY_PRESENTE_SANS_DIRECT_IDENTIFIE","A_QUALIFIER","NOM_OU_ALIAS_EXACT_CANDIDAT","cmtkdw1v11txbnf2brkiw78b5","MIROIR AGENCY","NON","0","0","0","0","-1","NON_PERIMETRES_ET_FRAICHEUR_A_ATTESTER","","","","","NO_WEBSITE_IN_PROFILE_OR_PROFILE_UNREADABLE","","","","","NON_CERTIFIE_PAR_CETTE_RECHERCHE","","Retrouver puis prouver le portail officiel; vérifier aussi les groupes et alias"
"MISERICORDIA","1","https://fr.fashionjobs.com/recrutement/misericordia.html","COMPANY_PRESENTE_SANS_DIRECT_IDENTIFIE","A_QUALIFIER","NOM_OU_ALIAS_EXACT_CANDIDAT","cmtnac1u52sncqq5lmrh9nt9d","MISERICORDIA","NON","0","0","0","0","-1","NON_PERIMETRES_ET_FRAICHEUR_A_ATTESTER","misericordia.shop","","","","NO_CAREER_LINK_FOUND_ON_PAGES_READ","","https://www.misericordia.shop/","","","NON_CERTIFIE_PAR_CETTE_RECHERCHE","","Retrouver puis prouver le portail officiel; vérifier aussi les groupes et alias"
"MIST PARIS","1","https://fr.fashionjobs.com/recrutement/mist-paris.html","AUCUN_RAPPROCHEMENT_ETABLI","A_QUALIFIER","AUCUNE","","","NON","0","0","0","0","","NON_PERIMETRES_ET_FRAICHEUR_A_ATTESTER","","","","","NO_WEBSITE_IN_PROFILE_OR_PROFILE_UNREADABLE","","","","","NON_CERTIFIE_PAR_CETTE_RECHERCHE","","Retrouver puis prouver le portail officiel; vérifier aussi les groupes et alias"
"MIYÉ","1","https://fr.fashionjobs.com/recrutement/miye.html","AUCUN_RAPPROCHEMENT_ETABLI","A_QUALIFIER","AUCUNE","","","NON","0","0","0","0","","NON_PERIMETRES_ET_FRAICHEUR_A_ATTESTER","","","","","NO_CAREER_LINK_FOUND_ON_PAGES_READ","","https://www.miye.care/","","","NON_CERTIFIE_PAR_CETTE_RECHERCHE","","Retrouver puis prouver le portail officiel; vérifier aussi les groupes et alias"
"MODENTRÉE","1","https://fr.fashionjobs.com/recrutement/modentree.html","COMPANY_PRESENTE_SANS_DIRECT_IDENTIFIE","A_QUALIFIER","NOM_OU_ALIAS_EXACT_CANDIDAT","cmtkdvwy81sjlnf2b2j5x2yr8","MODENTRÉE","NON","0","0","0","0","-1","NON_PERIMETRES_ET_FRAICHEUR_A_ATTESTER","","","","","NO_WEBSITE_IN_PROFILE_OR_PROFILE_UNREADABLE","","","","","NON_CERTIFIE_PAR_CETTE_RECHERCHE","","Retrouver puis prouver le portail officiel; vérifier aussi les groupes et alias"
"MODESIGN","1","https://fr.fashionjobs.com/recrutement/modesign.html","COMPANY_PRESENTE_SANS_DIRECT_IDENTIFIE","A_QUALIFIER","NOM_OU_ALIAS_EXACT_CANDIDAT","cmtkdw0dv1thtnf2bwq90fpar","MODESIGN","NON","1","1","0","0","-1","NON_PERIMETRES_ET_FRAICHEUR_A_ATTESTER","","","","","NO_WEBSITE_IN_PROFILE_OR_PROFILE_UNREADABLE","","","","","NON_CERTIFIE_PAR_CETTE_RECHERCHE","","Retrouver puis prouver le portail officiel; vérifier aussi les groupes et alias"
"MOISMONT","1","https://fr.fashionjobs.com/recrutement/moismont.html","COMPANY_PRESENTE_SANS_DIRECT_IDENTIFIE","A_QUALIFIER","NOM_OU_ALIAS_EXACT_CANDIDAT","cmtkdvuv91ruunf2bqt5agl0n","MOISMONT","NON","0","0","0","0","-1","NON_PERIMETRES_ET_FRAICHEUR_A_ATTESTER","","","","","NO_WEBSITE_IN_PROFILE_OR_PROFILE_UNREADABLE","","","","","NON_CERTIFIE_PAR_CETTE_RECHERCHE","","Retrouver puis prouver le portail officiel; vérifier aussi les groupes et alias"
"MOLLI","1","https://fr.fashionjobs.com/recrutement/molli.html","COMPANY_PRESENTE_SANS_DIRECT_IDENTIFIE","A_QUALIFIER","NOM_OU_ALIAS_EXACT_CANDIDAT","cmtkdw2q41u83nf2b9le4oqoy","MOLLI","NON","0","0","0","0","-1","NON_PERIMETRES_ET_FRAICHEUR_A_ATTESTER","molli.com","","","","NO_CAREER_LINK_FOUND_ON_PAGES_READ","","https://molli.com/","","","NON_CERTIFIE_PAR_CETTE_RECHERCHE","","Retrouver puis prouver le portail officiel; vérifier aussi les groupes et alias"
"MONCLER FRANCE","1","https://fr.fashionjobs.com/recrutement/moncler-france.html","AUCUN_RAPPROCHEMENT_ETABLI","A_QUALIFIER","AUCUNE","","","NON","0","0","0","0","","NON_PERIMETRES_ET_FRAICHEUR_A_ATTESTER","","","","","NO_WEBSITE_IN_PROFILE_OR_PROFILE_UNREADABLE","","","","","NON_CERTIFIE_PAR_CETTE_RECHERCHE","","Retrouver puis prouver le portail officiel; vérifier aussi les groupes et alias"
"MONNIER PARIS","1","https://fr.fashionjobs.com/recrutement/monnier-paris.html","AUCUN_RAPPROCHEMENT_ETABLI","A_QUALIFIER","AUCUNE","","","NON","0","0","0","0","","NON_PERIMETRES_ET_FRAICHEUR_A_ATTESTER","","","","","NO_WEBSITE_IN_PROFILE_OR_PROFILE_UNREADABLE","","","","","NON_CERTIFIE_PAR_CETTE_RECHERCHE","","Retrouver puis prouver le portail officiel; vérifier aussi les groupes et alias"
"MONTEX","1","https://fr.fashionjobs.com/recrutement/montex.html","AUCUN_RAPPROCHEMENT_ETABLI","A_QUALIFIER","AUCUNE","","","NON","0","0","0","0","","NON_PERIMETRES_ET_FRAICHEUR_A_ATTESTER","","","","","NO_WEBSITE_IN_PROFILE_OR_PROFILE_UNREADABLE","","","","","NON_CERTIFIE_PAR_CETTE_RECHERCHE","","Retrouver puis prouver le portail officiel; vérifier aussi les groupes et alias"
"MOONYOUNGHEE","1","https://fr.fashionjobs.com/recrutement/moonyounghee.html","COMPANY_PRESENTE_SANS_DIRECT_IDENTIFIE","A_QUALIFIER","NOM_OU_ALIAS_EXACT_CANDIDAT","cmtkdw2eu1u4fnf2bkrypzdc7","MOONYOUNGHEE","NON","0","0","0","0","-1","NON_PERIMETRES_ET_FRAICHEUR_A_ATTESTER","","","","","NO_WEBSITE_IN_PROFILE_OR_PROFILE_UNREADABLE","","","","","NON_CERTIFIE_PAR_CETTE_RECHERCHE","","Retrouver puis prouver le portail officiel; vérifier aussi les groupes et alias"
"MOSSI","1","https://fr.fashionjobs.com/recrutement/mossi.html","COMPANY_PRESENTE_SANS_DIRECT_IDENTIFIE","A_QUALIFIER","NOM_OU_ALIAS_EXACT_CANDIDAT","cmtrup2gm4mw2pg5msl9kb7zl","MOSSI","NON","1","1","0","0","-1","NON_PERIMETRES_ET_FRAICHEUR_A_ATTESTER","","","","","NO_WEBSITE_IN_PROFILE_OR_PROFILE_UNREADABLE","","","","","NON_CERTIFIE_PAR_CETTE_RECHERCHE","","Retrouver puis prouver le portail officiel; vérifier aussi les groupes et alias"
"MPTW INTERNATIONAL","1","https://fr.fashionjobs.com/recrutement/mptw-international.html","COMPANY_PRESENTE_SANS_DIRECT_IDENTIFIE","A_QUALIFIER","NOM_OU_ALIAS_EXACT_CANDIDAT","cmtp868y43rnoqq4zl4ymbpau","MPTW INTERNATIONAL","NON","1","1","0","0","-1","NON_PERIMETRES_ET_FRAICHEUR_A_ATTESTER","","","","","NO_WEBSITE_IN_PROFILE_OR_PROFILE_UNREADABLE","","","","","NON_CERTIFIE_PAR_CETTE_RECHERCHE","","Retrouver puis prouver le portail officiel; vérifier aussi les groupes et alias"
"MUM OF","1","https://fr.fashionjobs.com/recrutement/mum-of.html","COMPANY_PRESENTE_SANS_DIRECT_IDENTIFIE","A_QUALIFIER","NOM_OU_ALIAS_EXACT_CANDIDAT","cmtkdvzz91tdsnf2bdh98logm","MUM OF","NON","1","1","0","0","-1","NON_PERIMETRES_ET_FRAICHEUR_A_ATTESTER","mumof.com","","","","NO_CAREER_LINK_FOUND_ON_PAGES_READ","","https://mumof.com/","","","NON_CERTIFIE_PAR_CETTE_RECHERCHE","","Retrouver puis prouver le portail officiel; vérifier aussi les groupes et alias"
"MYLO CONCEPT STORE","1","https://fr.fashionjobs.com/recrutement/mylo-concept-store.html","COMPANY_PRESENTE_SANS_DIRECT_IDENTIFIE","A_QUALIFIER","NOM_OU_ALIAS_EXACT_CANDIDAT","cmtkdvyfp1t0onf2b16gy3kfe | cmtrup2bo4muhpg5m0gvq0etc","MYLO CONCEPT STORE | MYLO CONCEPT","OUI","1","1","0","0","-1","NON_PERIMETRES_ET_FRAICHEUR_A_ATTESTER","","","","","NO_WEBSITE_IN_PROFILE_OR_PROFILE_UNREADABLE","","","","","NON_CERTIFIE_PAR_CETTE_RECHERCHE","","Retrouver puis prouver le portail officiel; vérifier aussi les groupes et alias"
"NABOU PARIS","1","https://fr.fashionjobs.com/recrutement/nabou-paris.html","COMPANY_PRESENTE_SANS_DIRECT_IDENTIFIE","A_QUALIFIER","NOM_OU_ALIAS_EXACT_CANDIDAT","cmtkdw2v41u9vnf2bn37sk4r5","NABOU PARIS","NON","0","0","0","0","-1","NON_PERIMETRES_ET_FRAICHEUR_A_ATTESTER","","","","","NO_WEBSITE_IN_PROFILE_OR_PROFILE_UNREADABLE","","","","","NON_CERTIFIE_PAR_CETTE_RECHERCHE","","Retrouver puis prouver le portail officiel; vérifier aussi les groupes et alias"
"NAÏMA DJOUDI","1","https://fr.fashionjobs.com/recrutement/naima-djoudi.html","AUCUN_RAPPROCHEMENT_ETABLI","A_QUALIFIER","AUCUNE","","","NON","0","0","0","0","","NON_PERIMETRES_ET_FRAICHEUR_A_ATTESTER","","","","","NO_WEBSITE_IN_PROFILE_OR_PROFILE_UNREADABLE","","","","","NON_CERTIFIE_PAR_CETTE_RECHERCHE","","Retrouver puis prouver le portail officiel; vérifier aussi les groupes et alias"
"NATAN SA","1","https://fr.fashionjobs.com/recrutement/natan-sa.html","COMPANY_PRESENTE_SANS_DIRECT_IDENTIFIE","A_QUALIFIER","NOM_OU_ALIAS_EXACT_CANDIDAT","cmtkdvx8p1sm6nf2bvy1dc73i","NATAN SA","NON","0","0","0","0","-1","NON_PERIMETRES_ET_FRAICHEUR_A_ATTESTER","","","","","NO_WEBSITE_IN_PROFILE_OR_PROFILE_UNREADABLE","","","","","NON_CERTIFIE_PAR_CETTE_RECHERCHE","","Retrouver puis prouver le portail officiel; vérifier aussi les groupes et alias"
"NEW ERA CAP","1","https://fr.fashionjobs.com/recrutement/new-era-cap.html","AUCUN_RAPPROCHEMENT_ETABLI","A_QUALIFIER","AUCUNE","","","NON","0","0","0","0","","NON_PERIMETRES_ET_FRAICHEUR_A_ATTESTER","","","","","NO_WEBSITE_IN_PROFILE_OR_PROFILE_UNREADABLE","","","","","NON_CERTIFIE_PAR_CETTE_RECHERCHE","","Retrouver puis prouver le portail officiel; vérifier aussi les groupes et alias"
"NEW RELATION","1","https://fr.fashionjobs.com/recrutement/new-relation.html","AUCUN_RAPPROCHEMENT_ETABLI","A_QUALIFIER","AUCUNE","","","NON","0","0","0","0","","NON_PERIMETRES_ET_FRAICHEUR_A_ATTESTER","","","","","NO_WEBSITE_IN_PROFILE_OR_PROFILE_UNREADABLE","","","","","NON_CERTIFIE_PAR_CETTE_RECHERCHE","","Retrouver puis prouver le portail officiel; vérifier aussi les groupes et alias"
"NFP FASHION & LUXURY ADVISOR","1","https://fr.fashionjobs.com/recrutement/nfp-fashion-luxury-advisor.html","AUCUN_RAPPROCHEMENT_ETABLI","A_QUALIFIER","AUCUNE","","","NON","0","0","0","0","","NON_PERIMETRES_ET_FRAICHEUR_A_ATTESTER","","","","","NO_WEBSITE_IN_PROFILE_OR_PROFILE_UNREADABLE","","","","","NON_CERTIFIE_PAR_CETTE_RECHERCHE","","Retrouver puis prouver le portail officiel; vérifier aussi les groupes et alias"
"NICEWORK","1","https://fr.fashionjobs.com/recrutement/nicework.html","COMPANY_PRESENTE_SANS_DIRECT_IDENTIFIE","A_QUALIFIER","NOM_OU_ALIAS_EXACT_CANDIDAT","cmtkdvvb01s0pnf2bvkmtinwi","NICEWORK","NON","0","0","0","0","-1","NON_PERIMETRES_ET_FRAICHEUR_A_ATTESTER","","","","","NO_WEBSITE_IN_PROFILE_OR_PROFILE_UNREADABLE","","","","","NON_CERTIFIE_PAR_CETTE_RECHERCHE","","Retrouver puis prouver le portail officiel; vérifier aussi les groupes et alias"
"NOUR HAMMOUR","1","https://fr.fashionjobs.com/recrutement/nour-hammour.html","COMPANY_PRESENTE_SANS_DIRECT_IDENTIFIE","A_QUALIFIER","NOM_OU_ALIAS_EXACT_CANDIDAT","cmtnac1pd2slhqq5lddztuhbt","NOUR HAMMOUR","NON","0","0","0","0","-1","NON_PERIMETRES_ET_FRAICHEUR_A_ATTESTER","nour-hammour.com","","","","CAREER_LINKS_OBSERVED_REVIEW_REQUIRED","https://nour-hammour.com/careers","https://nour-hammour.com/","","","NON_CERTIFIE_PAR_CETTE_RECHERCHE","","Retrouver puis prouver le portail officiel; vérifier aussi les groupes et alias"
"OFFICINE GÉNÉRALE","1","https://fr.fashionjobs.com/recrutement/officine-generale.html","COMPANY_PRESENTE_SANS_DIRECT_IDENTIFIE","A_QUALIFIER","NOM_OU_ALIAS_EXACT_CANDIDAT","cmtkdvv941rzynf2b2y3wk2vf","OFFICINE GÉNÉRALE","NON","0","0","0","0","-1","NON_PERIMETRES_ET_FRAICHEUR_A_ATTESTER","","","","","NO_CAREER_LINK_FOUND_ON_PAGES_READ","","https://us.officinegenerale.com/","","","NON_CERTIFIE_PAR_CETTE_RECHERCHE","","Retrouver puis prouver le portail officiel; vérifier aussi les groupes et alias"
"ŌKAN STUDIO","1","https://fr.fashionjobs.com/recrutement/%C5%8Dkan-studio.html","COMPANY_PRESENTE_SANS_DIRECT_IDENTIFIE","A_QUALIFIER","NOM_OU_ALIAS_EXACT_CANDIDAT","cmtkdvuki1rq7nf2bru0k9oqb","ŌKAN STUDIO","NON","0","0","0","0","-1","NON_PERIMETRES_ET_FRAICHEUR_A_ATTESTER","","","","","NO_WEBSITE_IN_PROFILE_OR_PROFILE_UNREADABLE","","","","","NON_CERTIFIE_PAR_CETTE_RECHERCHE","","Retrouver puis prouver le portail officiel; vérifier aussi les groupes et alias"
"ORNELI","1","https://fr.fashionjobs.com/recrutement/orneli.html","AUCUN_RAPPROCHEMENT_ETABLI","A_QUALIFIER","AUCUNE","","","NON","0","0","0","0","","NON_PERIMETRES_ET_FRAICHEUR_A_ATTESTER","","","","","NO_WEBSITE_IN_PROFILE_OR_PROFILE_UNREADABLE","","","","","NON_CERTIFIE_PAR_CETTE_RECHERCHE","","Retrouver puis prouver le portail officiel; vérifier aussi les groupes et alias"
"PALMER INTERNATIONAL","1","https://fr.fashionjobs.com/recrutement/palmer-international.html","COMPANY_PRESENTE_SANS_DIRECT_IDENTIFIE","A_QUALIFIER","NOM_OU_ALIAS_EXACT_CANDIDAT","cmtkdvv0b1rwunf2buofei3le","PALMER INTERNATIONAL","NON","0","0","0","0","-1","NON_PERIMETRES_ET_FRAICHEUR_A_ATTESTER","","","","","NO_WEBSITE_IN_PROFILE_OR_PROFILE_UNREADABLE","","","","","NON_CERTIFIE_PAR_CETTE_RECHERCHE","","Retrouver puis prouver le portail officiel; vérifier aussi les groupes et alias"
"PALOMA","1","https://fr.fashionjobs.com/recrutement/paloma.html","AUCUN_RAPPROCHEMENT_ETABLI","A_QUALIFIER","AUCUNE","","","NON","0","0","0","0","","NON_PERIMETRES_ET_FRAICHEUR_A_ATTESTER","","","","","NO_WEBSITE_IN_PROFILE_OR_PROFILE_UNREADABLE","","","","","NON_CERTIFIE_PAR_CETTE_RECHERCHE","","Retrouver puis prouver le portail officiel; vérifier aussi les groupes et alias"
"PASCALE VENOT","1","https://fr.fashionjobs.com/recrutement/pascale-venot.html","AUCUN_RAPPROCHEMENT_ETABLI","A_QUALIFIER","AUCUNE","","","NON","0","0","0","0","","NON_PERIMETRES_ET_FRAICHEUR_A_ATTESTER","","","","","NO_WEBSITE_IN_PROFILE_OR_PROFILE_UNREADABLE","","","","","NON_CERTIFIE_PAR_CETTE_RECHERCHE","","Retrouver puis prouver le portail officiel; vérifier aussi les groupes et alias"
"PATINE","1","https://fr.fashionjobs.com/recrutement/patine.html","AUCUN_RAPPROCHEMENT_ETABLI","A_QUALIFIER","AUCUNE","","","NON","0","0","0","0","","NON_PERIMETRES_ET_FRAICHEUR_A_ATTESTER","","","","","NO_WEBSITE_IN_PROFILE_OR_PROFILE_UNREADABLE","","","","","NON_CERTIFIE_PAR_CETTE_RECHERCHE","","Retrouver puis prouver le portail officiel; vérifier aussi les groupes et alias"
"PAUL & JOE","1","https://fr.fashionjobs.com/recrutement/paul-joe.html","COMPANY_PRESENTE_SANS_DIRECT_IDENTIFIE","A_QUALIFIER","NOM_OU_ALIAS_EXACT_CANDIDAT","cmtkdvvre1s6qnf2brz4pdh60","PAUL & JOE","NON","0","0","0","0","-1","NON_PERIMETRES_ET_FRAICHEUR_A_ATTESTER","","","","","NO_CAREER_LINK_FOUND_ON_PAGES_READ","","https://paulandjoe.com/","","","NON_CERTIFIE_PAR_CETTE_RECHERCHE","","Retrouver puis prouver le portail officiel; vérifier aussi les groupes et alias"
"PEPPE PIZZERIA","1","https://fr.fashionjobs.com/recrutement/peppe-pizzeria.html","AUCUN_RAPPROCHEMENT_ETABLI","A_QUALIFIER","AUCUNE","","","NON","0","0","0","0","","NON_PERIMETRES_ET_FRAICHEUR_A_ATTESTER","","","","","NO_WEBSITE_IN_PROFILE_OR_PROFILE_UNREADABLE","","","","","NON_CERTIFIE_PAR_CETTE_RECHERCHE","","Retrouver puis prouver le portail officiel; vérifier aussi les groupes et alias"
"PERRIER COMMUNICATION","1","https://fr.fashionjobs.com/recrutement/perrier-communication.html","COMPANY_PRESENTE_SANS_DIRECT_IDENTIFIE","A_QUALIFIER","NOM_OU_ALIAS_EXACT_CANDIDAT","cmtkdw04c1tfcnf2bhdjdv9g7","PERRIER COMMUNICATION","NON","1","1","0","0","-1","NON_PERIMETRES_ET_FRAICHEUR_A_ATTESTER","perriercommunication.com","","","","CAREER_LINKS_OBSERVED_REVIEW_REQUIRED","https://perriercommunication.com/talents.php | https://perriercommunication.com/en/talents.php","https://perriercommunication.com/","","","NON_CERTIFIE_PAR_CETTE_RECHERCHE","","Retrouver puis prouver le portail officiel; vérifier aussi les groupes et alias"
"PERSÉE PARIS","1","https://fr.fashionjobs.com/recrutement/persee-paris.html","AUCUN_RAPPROCHEMENT_ETABLI","A_QUALIFIER","AUCUNE","","","NON","0","0","0","0","","NON_PERIMETRES_ET_FRAICHEUR_A_ATTESTER","","","","","NO_WEBSITE_IN_PROFILE_OR_PROFILE_UNREADABLE","","","","","NON_CERTIFIE_PAR_CETTE_RECHERCHE","","Retrouver puis prouver le portail officiel; vérifier aussi les groupes et alias"
"PHILIPPE MODEL","1","https://fr.fashionjobs.com/recrutement/philippe-model.html","COMPANY_PRESENTE_SANS_DIRECT_IDENTIFIE","A_QUALIFIER","NOM_OU_ALIAS_EXACT_CANDIDAT","cmtkdvvps1s62nf2bsgeq4q8i","PHILIPPE MODEL","NON","0","0","0","0","-1","NON_PERIMETRES_ET_FRAICHEUR_A_ATTESTER","","","","","NO_CAREER_LINK_FOUND_ON_PAGES_READ","","https://www.philippemodel.com/fr-fr","","","NON_CERTIFIE_PAR_CETTE_RECHERCHE","","Retrouver puis prouver le portail officiel; vérifier aussi les groupes et alias"
"PLAGE PALOMA","1","https://fr.fashionjobs.com/recrutement/plage-paloma.html","AUCUN_RAPPROCHEMENT_ETABLI","A_QUALIFIER","AUCUNE","","","NON","0","0","0","0","","NON_PERIMETRES_ET_FRAICHEUR_A_ATTESTER","","","","","NO_WEBSITE_IN_PROFILE_OR_PROFILE_UNREADABLE","","","","","NON_CERTIFIE_PAR_CETTE_RECHERCHE","","Retrouver puis prouver le portail officiel; vérifier aussi les groupes et alias"
"PLAQ","1","https://fr.fashionjobs.com/recrutement/plaq.html","COMPANY_PRESENTE_SANS_DIRECT_IDENTIFIE","A_QUALIFIER","NOM_OU_ALIAS_EXACT_CANDIDAT","cmtkdvxhm1spenf2bhopz9nlc","PLAQ","NON","0","0","0","0","-1","NON_PERIMETRES_ET_FRAICHEUR_A_ATTESTER","","","","","NO_WEBSITE_IN_PROFILE_OR_PROFILE_UNREADABLE","","","","","NON_CERTIFIE_PAR_CETTE_RECHERCHE","","Retrouver puis prouver le portail officiel; vérifier aussi les groupes et alias"
"PLEASURE PARIS","1","https://fr.fashionjobs.com/recrutement/pleasure-paris.html","AUCUN_RAPPROCHEMENT_ETABLI","A_QUALIFIER","AUCUNE","","","NON","0","0","0","0","","NON_PERIMETRES_ET_FRAICHEUR_A_ATTESTER","","","","","NO_WEBSITE_IN_PROFILE_OR_PROFILE_UNREADABLE","","","","","NON_CERTIFIE_PAR_CETTE_RECHERCHE","","Retrouver puis prouver le portail officiel; vérifier aussi les groupes et alias"
"POINT PLUME","1","https://fr.fashionjobs.com/recrutement/point-plume.html","COMPANY_PRESENTE_SANS_DIRECT_IDENTIFIE","A_QUALIFIER","NOM_OU_ALIAS_EXACT_CANDIDAT","cmtnac11o2se4qq5l80cz19jg","POINT PLUME","NON","0","0","0","0","-1","NON_PERIMETRES_ET_FRAICHEUR_A_ATTESTER","pointplume.com","","","","ATS_HINT_REVIEW_REQUIRED","","https://www.pointplume.com/","","","NON_CERTIFIE_PAR_CETTE_RECHERCHE","","Retrouver puis prouver le portail officiel; vérifier aussi les groupes et alias"
"PR CONSULTING PARIS","1","https://fr.fashionjobs.com/recrutement/pr-consulting-paris.html","COMPANY_PRESENTE_SANS_DIRECT_IDENTIFIE","A_QUALIFIER","NOM_OU_ALIAS_EXACT_CANDIDAT","cmtp868u13rmbqq4ztjczy5br","PR CONSULTING PARIS","NON","1","1","0","0","-1","NON_PERIMETRES_ET_FRAICHEUR_A_ATTESTER","","","","","NO_WEBSITE_IN_PROFILE_OR_PROFILE_UNREADABLE","","","","","NON_CERTIFIE_PAR_CETTE_RECHERCHE","","Retrouver puis prouver le portail officiel; vérifier aussi les groupes et alias"
"PRAGMA","1","https://fr.fashionjobs.com/recrutement/pragma.html","COMPANY_PRESENTE_SANS_DIRECT_IDENTIFIE","A_QUALIFIER","NOM_OU_ALIAS_EXACT_CANDIDAT","cmtkdvvxk1s8znf2bxnfuzkgb","PRAGMA","NON","0","0","0","0","-1","NON_PERIMETRES_ET_FRAICHEUR_A_ATTESTER","","","","","NO_WEBSITE_IN_PROFILE_OR_PROFILE_UNREADABLE","","","","","NON_CERTIFIE_PAR_CETTE_RECHERCHE","","Retrouver puis prouver le portail officiel; vérifier aussi les groupes et alias"
"PRESTIGE AVENUE","1","https://fr.fashionjobs.com/recrutement/prestige-avenue.html","AUCUN_RAPPROCHEMENT_ETABLI","A_QUALIFIER","AUCUNE","","","NON","0","0","0","0","","NON_PERIMETRES_ET_FRAICHEUR_A_ATTESTER","","","","","NO_WEBSITE_IN_PROFILE_OR_PROFILE_UNREADABLE","","","","","NON_CERTIFIE_PAR_CETTE_RECHERCHE","","Retrouver puis prouver le portail officiel; vérifier aussi les groupes et alias"
"PUBLICIS CONSEIL - L'ORÉAL","1","https://fr.fashionjobs.com/recrutement/publicis-conseil-l-oreal.html","AUCUN_RAPPROCHEMENT_ETABLI","A_QUALIFIER","AUCUNE","","","NON","0","0","0","0","","NON_PERIMETRES_ET_FRAICHEUR_A_ATTESTER","","","","","NO_WEBSITE_IN_PROFILE_OR_PROFILE_UNREADABLE","","","","","NON_CERTIFIE_PAR_CETTE_RECHERCHE","","Retrouver puis prouver le portail officiel; vérifier aussi les groupes et alias"
"PURE TRADE","1","https://fr.fashionjobs.com/recrutement/pure-trade.html","AUCUN_RAPPROCHEMENT_ETABLI","A_QUALIFIER","AUCUNE","","","NON","0","0","0","0","","NON_PERIMETRES_ET_FRAICHEUR_A_ATTESTER","","","","","NO_WEBSITE_IN_PROFILE_OR_PROFILE_UNREADABLE","","","","","NON_CERTIFIE_PAR_CETTE_RECHERCHE","","Retrouver puis prouver le portail officiel; vérifier aussi les groupes et alias"
"RITUAL PROJECTS","1","https://fr.fashionjobs.com/recrutement/ritual-projects.html","AUCUN_RAPPROCHEMENT_ETABLI","A_QUALIFIER","AUCUNE","","","NON","0","0","0","0","","NON_PERIMETRES_ET_FRAICHEUR_A_ATTESTER","","","","","NO_WEBSITE_IN_PROFILE_OR_PROFILE_UNREADABLE","","","","","NON_CERTIFIE_PAR_CETTE_RECHERCHE","","Retrouver puis prouver le portail officiel; vérifier aussi les groupes et alias"
"RIU PARIS","1","https://fr.fashionjobs.com/recrutement/riu-paris.html","AUCUN_RAPPROCHEMENT_ETABLI","A_QUALIFIER","AUCUNE","","","NON","0","0","0","0","","NON_PERIMETRES_ET_FRAICHEUR_A_ATTESTER","","","","","CAREER_LINKS_OBSERVED_REVIEW_REQUIRED","https://www.riuparis.fr/fr-fr/recrutement | https://riuparis.flatchr.io/fr/company/riuparis/","https://www.riuparis.fr/fr-fr/","","","NON_CERTIFIE_PAR_CETTE_RECHERCHE","","Retrouver puis prouver le portail officiel; vérifier aussi les groupes et alias"
"RIVER WOODS","1","https://fr.fashionjobs.com/recrutement/river-woods.html","COMPANY_PRESENTE_SANS_DIRECT_IDENTIFIE","A_QUALIFIER","NOM_OU_ALIAS_EXACT_CANDIDAT","cmtkdvzqj1taznf2blun1ebp0","RIVER WOODS","NON","0","0","0","0","-1","NON_PERIMETRES_ET_FRAICHEUR_A_ATTESTER","riverwoods.net","","","","CAREER_LINKS_OBSERVED_REVIEW_REQUIRED","https://www.riverwoods.net/nl_be/jobs | https://www.riverwoods.net/nl_be/job-merchandiser-analyst | https://www.riverwoods.net/nl_be/flexi-job-jobstudent-roeselare | https://www.riverwoods.net/nl_be/flexi-job-jobstudent-knokke","https://www.riverwoods.net/","","","NON_CERTIFIE_PAR_CETTE_RECHERCHE","","Retrouver puis prouver le portail officiel; vérifier aussi les groupes et alias"
"ROBINSON LES BAINS","1","https://fr.fashionjobs.com/recrutement/robinson-les-bains.html","AUCUN_RAPPROCHEMENT_ETABLI","A_QUALIFIER","AUCUNE","","","NON","0","0","0","0","","NON_PERIMETRES_ET_FRAICHEUR_A_ATTESTER","","","","","NO_WEBSITE_IN_PROFILE_OR_PROFILE_UNREADABLE","","","","","NON_CERTIFIE_PAR_CETTE_RECHERCHE","","Retrouver puis prouver le portail officiel; vérifier aussi les groupes et alias"
"ROCHE AGENCY","1","https://fr.fashionjobs.com/recrutement/roche-agency.html","AUCUN_RAPPROCHEMENT_ETABLI","A_QUALIFIER","AUCUNE","","","NON","0","0","0","0","","NON_PERIMETRES_ET_FRAICHEUR_A_ATTESTER","","","","","NO_WEBSITE_IN_PROFILE_OR_PROFILE_UNREADABLE","","","","","NON_CERTIFIE_PAR_CETTE_RECHERCHE","","Retrouver puis prouver le portail officiel; vérifier aussi les groupes et alias"
"ROSEANNA","1","https://fr.fashionjobs.com/recrutement/roseanna.html","COMPANY_PRESENTE_SANS_DIRECT_IDENTIFIE","A_QUALIFIER","NOM_OU_ALIAS_EXACT_CANDIDAT","cmtnac1oo2sl5qq5lp9q1h0mz","ROSEANNA","NON","0","0","0","0","-1","NON_PERIMETRES_ET_FRAICHEUR_A_ATTESTER","roseanna.fr","","","","NO_CAREER_LINK_FOUND_ON_PAGES_READ","","https://roseanna.fr/","","","NON_CERTIFIE_PAR_CETTE_RECHERCHE","","Retrouver puis prouver le portail officiel; vérifier aussi les groupes et alias"
"ROXY","1","https://fr.fashionjobs.com/recrutement/roxy.html","AUCUN_RAPPROCHEMENT_ETABLI","A_QUALIFIER","AUCUNE","","","NON","0","0","0","0","","NON_PERIMETRES_ET_FRAICHEUR_A_ATTESTER","","","","","NO_CAREER_LINK_FOUND_ON_PAGES_READ","","https://www.roxy.com/ | https://www.roxyaustralia.com.au/","","","NON_CERTIFIE_PAR_CETTE_RECHERCHE","","Retrouver puis prouver le portail officiel; vérifier aussi les groupes et alias"
"RVCA","1","https://fr.fashionjobs.com/recrutement/rvca.html","AUCUN_RAPPROCHEMENT_ETABLI","A_QUALIFIER","AUCUNE","","","NON","0","0","0","0","","NON_PERIMETRES_ET_FRAICHEUR_A_ATTESTER","","","","","NO_CAREER_LINK_FOUND_ON_PAGES_READ","","https://www.rvca.com/","","","NON_CERTIFIE_PAR_CETTE_RECHERCHE","","Retrouver puis prouver le portail officiel; vérifier aussi les groupes et alias"
"SAMSOE SAMSOE","1","https://fr.fashionjobs.com/recrutement/samsoe-samsoe.html","COMPANY_PRESENTE_SANS_DIRECT_IDENTIFIE","A_QUALIFIER","NOM_OU_ALIAS_EXACT_CANDIDAT","cmtkdw00e1te4nf2bfthmmfoh","SAMSOE SAMSOE","NON","1","1","0","0","-1","NON_PERIMETRES_ET_FRAICHEUR_A_ATTESTER","samsoe.com","","","","CAREER_LINKS_OBSERVED_REVIEW_REQUIRED","https://www.samsoe.com/en-DK/careers | https://www.samsoe.com/en-DK/careers/open-positions | https://www.samsoe.com/en-DK/careers/our-offices | https://www.samsoe.com/en-DK/careers/our-stores","https://www.samsoe.com/","","","NON_CERTIFIE_PAR_CETTE_RECHERCHE","","Retrouver puis prouver le portail officiel; vérifier aussi les groupes et alias"
"SANDRINE PHILIPPE","1","https://fr.fashionjobs.com/recrutement/sandrine-philippe.html","AUCUN_RAPPROCHEMENT_ETABLI","A_QUALIFIER","AUCUNE","","","NON","0","0","0","0","","NON_PERIMETRES_ET_FRAICHEUR_A_ATTESTER","","","","","NO_WEBSITE_IN_PROFILE_OR_PROFILE_UNREADABLE","","","","","NON_CERTIFIE_PAR_CETTE_RECHERCHE","","Retrouver puis prouver le portail officiel; vérifier aussi les groupes et alias"
"SARAH MADELEINE BRU","1","https://fr.fashionjobs.com/recrutement/sarah-madeleine-bru.html","AUCUN_RAPPROCHEMENT_ETABLI","A_QUALIFIER","AUCUNE","","","NON","0","0","0","0","","NON_PERIMETRES_ET_FRAICHEUR_A_ATTESTER","","","","","NO_WEBSITE_IN_PROFILE_OR_PROFILE_UNREADABLE","","","","","NON_CERTIFIE_PAR_CETTE_RECHERCHE","","Retrouver puis prouver le portail officiel; vérifier aussi les groupes et alias"
"SARENZA","1","https://fr.fashionjobs.com/recrutement/sarenza.html","SOURCE_DIRECTE_CATALOGUEE_A_CERTIFIER","A_QUALIFIER","NOM_OU_ALIAS_EXACT_CANDIDAT","cmtm7udvv11bjpv5jpfcafu5v","Sarenza","NON","5","5","5","0","4","NON_PERIMETRES_ET_FRAICHEUR_A_ATTESTER","sarenza.com","","element-6","","CAREER_LINKS_OBSERVED_REVIEW_REQUIRED","https://sarenza.com/fr/fr/page-viewer/recruitment/ | https://www.groupe-beaumanoir.com/nos-offres/?redirected=2#page-website/internal_external","https://sarenza.com/","","","NON_CERTIFIE_PAR_CETTE_RECHERCHE","","Certifier identité, attribution et complétude de la source existante"
"SAS LA RUCHE SKINCARE","1","https://fr.fashionjobs.com/recrutement/sas-la-ruche-skincare.html","COMPANY_PRESENTE_SANS_DIRECT_IDENTIFIE","A_QUALIFIER","NOM_OU_ALIAS_EXACT_CANDIDAT","cmtkdw0b51tgvnf2ba1ilmb9j","SAS LA RUCHE SKINCARE","NON","1","1","0","0","-1","NON_PERIMETRES_ET_FRAICHEUR_A_ATTESTER","","","","","NO_WEBSITE_IN_PROFILE_OR_PROFILE_UNREADABLE","","","","","NON_CERTIFIE_PAR_CETTE_RECHERCHE","","Retrouver puis prouver le portail officiel; vérifier aussi les groupes et alias"
"SCRUNCHIE IS BACK","1","https://fr.fashionjobs.com/recrutement/scrunchie-is-back.html","COMPANY_PRESENTE_SANS_DIRECT_IDENTIFIE","A_QUALIFIER","NOM_OU_ALIAS_EXACT_CANDIDAT","cmtkdw1e11tswnf2b6fd0b63d","SCRUNCHIE IS BACK","NON","0","0","0","0","-1","NON_PERIMETRES_ET_FRAICHEUR_A_ATTESTER","","","","","NO_WEBSITE_IN_PROFILE_OR_PROFILE_UNREADABLE","","","","","NON_CERTIFIE_PAR_CETTE_RECHERCHE","","Retrouver puis prouver le portail officiel; vérifier aussi les groupes et alias"
"SECRET CODE PARIS","1","https://fr.fashionjobs.com/recrutement/secret-code-paris.html","AUCUN_RAPPROCHEMENT_ETABLI","A_QUALIFIER","AUCUNE","","","NON","0","0","0","0","","NON_PERIMETRES_ET_FRAICHEUR_A_ATTESTER","","","","","NO_WEBSITE_IN_PROFILE_OR_PROFILE_UNREADABLE","","","","","NON_CERTIFIE_PAR_CETTE_RECHERCHE","","Retrouver puis prouver le portail officiel; vérifier aussi les groupes et alias"
"SEKI ARTISANAL","1","https://fr.fashionjobs.com/recrutement/seki-artisanal.html","COMPANY_PRESENTE_SANS_DIRECT_IDENTIFIE","A_QUALIFIER","NOM_OU_ALIAS_EXACT_CANDIDAT","cmto8w8vd2xrsqq4ztjyb9i24","SEKI ARTISANAL","NON","0","0","0","0","-1","NON_PERIMETRES_ET_FRAICHEUR_A_ATTESTER","sekiartisanal.com","","","","NO_CAREER_LINK_FOUND_ON_PAGES_READ","","https://sekiartisanal.com/","","","NON_CERTIFIE_PAR_CETTE_RECHERCHE","","Retrouver puis prouver le portail officiel; vérifier aussi les groupes et alias"
"SEPTIÈME LARGEUR CHAUSSEUR","1","https://fr.fashionjobs.com/recrutement/septieme-largeur-chausseur.html","COMPANY_PRESENTE_SANS_DIRECT_IDENTIFIE","A_QUALIFIER","NOM_OU_ALIAS_EXACT_CANDIDAT","cmtp868pp3rl6qq4zejl3mpkw","SEPTIÈME LARGEUR CHAUSSEUR","NON","1","1","0","0","-1","NON_PERIMETRES_ET_FRAICHEUR_A_ATTESTER","septiemelargeur.fr","","","","CAREER_LINKS_OBSERVED_REVIEW_REQUIRED","https://www.septiemelargeur.fr/pages/nous-rejoindre","https://www.septiemelargeur.fr/","","","NON_CERTIFIE_PAR_CETTE_RECHERCHE","","Retrouver puis prouver le portail officiel; vérifier aussi les groupes et alias"
"SH PARIS","1","https://fr.fashionjobs.com/recrutement/sh-paris.html","COMPANY_PRESENTE_SANS_DIRECT_IDENTIFIE","A_QUALIFIER","NOM_OU_ALIAS_EXACT_CANDIDAT","cmtp8690q3rorqq4zjbvm55ok","SH PARIS","NON","1","1","0","0","-1","NON_PERIMETRES_ET_FRAICHEUR_A_ATTESTER","","","","","NO_WEBSITE_IN_PROFILE_OR_PROFILE_UNREADABLE","","","","","NON_CERTIFIE_PAR_CETTE_RECHERCHE","","Retrouver puis prouver le portail officiel; vérifier aussi les groupes et alias"
"SHAARE","1","https://fr.fashionjobs.com/recrutement/shaare.html","AUCUN_RAPPROCHEMENT_ETABLI","A_QUALIFIER","AUCUNE","","","NON","0","0","0","0","","NON_PERIMETRES_ET_FRAICHEUR_A_ATTESTER","","","","","NO_WEBSITE_IN_PROFILE_OR_PROFILE_UNREADABLE","","","","","NON_CERTIFIE_PAR_CETTE_RECHERCHE","","Retrouver puis prouver le portail officiel; vérifier aussi les groupes et alias"
"SHOESHOE","1","https://fr.fashionjobs.com/recrutement/shoeshoe.html","AUCUN_RAPPROCHEMENT_ETABLI","A_QUALIFIER","AUCUNE","","","NON","0","0","0","0","","NON_PERIMETRES_ET_FRAICHEUR_A_ATTESTER","","","","","NO_WEBSITE_IN_PROFILE_OR_PROFILE_UNREADABLE","","","","","NON_CERTIFIE_PAR_CETTE_RECHERCHE","","Retrouver puis prouver le portail officiel; vérifier aussi les groupes et alias"
"SHOWROOM MONTORGUEIL","1","https://fr.fashionjobs.com/recrutement/showroom-montorgueil.html","AUCUN_RAPPROCHEMENT_ETABLI","A_QUALIFIER","AUCUNE","","","NON","0","0","0","0","","NON_PERIMETRES_ET_FRAICHEUR_A_ATTESTER","","","","","NO_WEBSITE_IN_PROFILE_OR_PROFILE_UNREADABLE","","","","","NON_CERTIFIE_PAR_CETTE_RECHERCHE","","Retrouver puis prouver le portail officiel; vérifier aussi les groupes et alias"
"SHOWROOM MULTIBRAND","1","https://fr.fashionjobs.com/recrutement/showroom-multibrand.html","COMPANY_PRESENTE_SANS_DIRECT_IDENTIFIE","A_QUALIFIER","NOM_OU_ALIAS_EXACT_CANDIDAT","cmtkdvv8n1rzunf2bk8t5pcdk","SHOWROOM MULTIBRAND","NON","0","0","0","0","-1","NON_PERIMETRES_ET_FRAICHEUR_A_ATTESTER","","","","","NO_WEBSITE_IN_PROFILE_OR_PROFILE_UNREADABLE","","","","","NON_CERTIFIE_PAR_CETTE_RECHERCHE","","Retrouver puis prouver le portail officiel; vérifier aussi les groupes et alias"
"SIMONE A BORDEAUX","1","https://fr.fashionjobs.com/recrutement/simone-a-bordeaux.html","COMPANY_PRESENTE_SANS_DIRECT_IDENTIFIE","A_QUALIFIER","NOM_OU_ALIAS_EXACT_CANDIDAT","cmtkdvus41rtlnf2bmzsytd4n","SIMONE A BORDEAUX","NON","2","2","0","0","-1","NON_PERIMETRES_ET_FRAICHEUR_A_ATTESTER","simoneabordeaux.com","","","","CAREER_LINKS_OBSERVED_REVIEW_REQUIRED","https://simoneabordeaux.com/pages/nous-rejoindre | https://simoneabordeaux.com/pages/jobs@simoneabordeaux.com","https://simoneabordeaux.com/","","","NON_CERTIFIE_PAR_CETTE_RECHERCHE","","Retrouver puis prouver le portail officiel; vérifier aussi les groupes et alias"
"SJL MANAGEMENT","1","https://fr.fashionjobs.com/recrutement/sjl-management.html","AUCUN_RAPPROCHEMENT_ETABLI","A_QUALIFIER","AUCUNE","","","NON","0","0","0","0","","NON_PERIMETRES_ET_FRAICHEUR_A_ATTESTER","","","","","NO_WEBSITE_IN_PROFILE_OR_PROFILE_UNREADABLE","","","","","NON_CERTIFIE_PAR_CETTE_RECHERCHE","","Retrouver puis prouver le portail officiel; vérifier aussi les groupes et alias"
"SLIFE","1","https://fr.fashionjobs.com/recrutement/slife.html","AUCUN_RAPPROCHEMENT_ETABLI","A_QUALIFIER","AUCUNE","","","NON","0","0","0","0","","NON_PERIMETRES_ET_FRAICHEUR_A_ATTESTER","","","","","NO_WEBSITE_IN_PROFILE_OR_PROFILE_UNREADABLE","","","","","NON_CERTIFIE_PAR_CETTE_RECHERCHE","","Retrouver puis prouver le portail officiel; vérifier aussi les groupes et alias"
"SOLOVIÈRE PARIS","1","https://fr.fashionjobs.com/recrutement/soloviere-paris.html","COMPANY_PRESENTE_SANS_DIRECT_IDENTIFIE","A_QUALIFIER","NOM_OU_ALIAS_EXACT_CANDIDAT","cmtkdw3gt1uhinf2bsgiz31tp","SOLOVIÈRE PARIS","NON","0","0","0","0","-1","NON_PERIMETRES_ET_FRAICHEUR_A_ATTESTER","","","","","NO_WEBSITE_IN_PROFILE_OR_PROFILE_UNREADABLE","","","","","NON_CERTIFIE_PAR_CETTE_RECHERCHE","","Retrouver puis prouver le portail officiel; vérifier aussi les groupes et alias"
"SOPHIE DIGARD","1","https://fr.fashionjobs.com/recrutement/sophie-digard.html","AUCUN_RAPPROCHEMENT_ETABLI","A_QUALIFIER","AUCUNE","","","NON","0","0","0","0","","NON_PERIMETRES_ET_FRAICHEUR_A_ATTESTER","","","","","NO_WEBSITE_IN_PROFILE_OR_PROFILE_UNREADABLE","","","","","NON_CERTIFIE_PAR_CETTE_RECHERCHE","","Retrouver puis prouver le portail officiel; vérifier aussi les groupes et alias"
"SOPHIE MALLEBRANCHE®","1","https://fr.fashionjobs.com/recrutement/sophie-mallebranche-.html","COMPANY_PRESENTE_SANS_DIRECT_IDENTIFIE","A_QUALIFIER","NOM_OU_ALIAS_EXACT_CANDIDAT","cmtkdvuj41rpjnf2b4ho0y3oh","SOPHIE MALLEBRANCHE®","NON","0","0","0","0","-1","NON_PERIMETRES_ET_FRAICHEUR_A_ATTESTER","sophiemallebranche.com","","","","NO_CAREER_LINK_FOUND_ON_PAGES_READ","","https://sophiemallebranche.com/","","","NON_CERTIFIE_PAR_CETTE_RECHERCHE","","Retrouver puis prouver le portail officiel; vérifier aussi les groupes et alias"
"SORA PILATES PARIS","1","https://fr.fashionjobs.com/recrutement/sora-pilates-paris.html","AUCUN_RAPPROCHEMENT_ETABLI","A_QUALIFIER","AUCUNE","","","NON","0","0","0","0","","NON_PERIMETRES_ET_FRAICHEUR_A_ATTESTER","","","","","NO_WEBSITE_IN_PROFILE_OR_PROFILE_UNREADABLE","","","","","NON_CERTIFIE_PAR_CETTE_RECHERCHE","","Retrouver puis prouver le portail officiel; vérifier aussi les groupes et alias"
"SOULIERS MARTINEZ","1","https://fr.fashionjobs.com/recrutement/souliers-martinez.html","COMPANY_PRESENTE_SANS_DIRECT_IDENTIFIE","A_QUALIFIER","NOM_OU_ALIAS_EXACT_CANDIDAT","cmtkdvvyr1s9dnf2bl8od2ae3","SOULIERS MARTINEZ","NON","0","0","0","0","-1","NON_PERIMETRES_ET_FRAICHEUR_A_ATTESTER","","","","","CAREER_LINKS_OBSERVED_REVIEW_REQUIRED","https://souliers-martinez.com/pages/work-with-us","https://souliers-martinez.com/","","","NON_CERTIFIE_PAR_CETTE_RECHERCHE","","Retrouver puis prouver le portail officiel; vérifier aussi les groupes et alias"
"STEAMONE","1","https://fr.fashionjobs.com/recrutement/steamone.html","COMPANY_PRESENTE_SANS_DIRECT_IDENTIFIE","A_QUALIFIER","NOM_OU_ALIAS_EXACT_CANDIDAT","cmtkdvujm1rprnf2bxs0f0zgm","STEAMONE","NON","0","0","0","0","-1","NON_PERIMETRES_ET_FRAICHEUR_A_ATTESTER","steam-one.com","","","","CAREER_LINKS_OBSERVED_REVIEW_REQUIRED","https://steam-one.com/pages/carriere | https://www.welcometothejungle.com/fr/companies/steamone/jobs","https://steam-one.com/","","","NON_CERTIFIE_PAR_CETTE_RECHERCHE","","Retrouver puis prouver le portail officiel; vérifier aussi les groupes et alias"
"SUPERFRENCH AGENCY","1","https://fr.fashionjobs.com/recrutement/superfrench-agency.html","AUCUN_RAPPROCHEMENT_ETABLI","A_QUALIFIER","AUCUNE","","","NON","0","0","0","0","","NON_PERIMETRES_ET_FRAICHEUR_A_ATTESTER","","","","","NO_WEBSITE_IN_PROFILE_OR_PROFILE_UNREADABLE","","","","","NON_CERTIFIE_PAR_CETTE_RECHERCHE","","Retrouver puis prouver le portail officiel; vérifier aussi les groupes et alias"
"SUPERGA BEAUTY","1","https://fr.fashionjobs.com/recrutement/superga-beauty.html","COMPANY_PRESENTE_SANS_DIRECT_IDENTIFIE","A_QUALIFIER","NOM_OU_ALIAS_EXACT_CANDIDAT","cmtkdw24k1u0mnf2b541g84d9","SUPERGA BEAUTY","NON","0","0","0","0","-1","NON_PERIMETRES_ET_FRAICHEUR_A_ATTESTER","","","","","NO_WEBSITE_IN_PROFILE_OR_PROFILE_UNREADABLE","","","","","NON_CERTIFIE_PAR_CETTE_RECHERCHE","","Retrouver puis prouver le portail officiel; vérifier aussi les groupes et alias"
"SUZEL","1","https://fr.fashionjobs.com/recrutement/suzel.html","COMPANY_PRESENTE_SANS_DIRECT_IDENTIFIE","A_QUALIFIER","NOM_OU_ALIAS_EXACT_CANDIDAT","cmtkdvvvz1s8enf2bsrubjbdd","SUZEL","NON","0","0","0","0","-1","NON_PERIMETRES_ET_FRAICHEUR_A_ATTESTER","","","","","NO_WEBSITE_IN_PROFILE_OR_PROFILE_UNREADABLE","","","","","NON_CERTIFIE_PAR_CETTE_RECHERCHE","","Retrouver puis prouver le portail officiel; vérifier aussi les groupes et alias"
"SWANN PARIS","1","https://fr.fashionjobs.com/recrutement/swann-paris.html","COMPANY_PRESENTE_SANS_DIRECT_IDENTIFIE","A_QUALIFIER","NOM_OU_ALIAS_EXACT_CANDIDAT","cmtkdw49i1uq5nf2b95oar2fi","SWANN PARIS","NON","0","0","0","0","-1","NON_PERIMETRES_ET_FRAICHEUR_A_ATTESTER","","","","","NO_CAREER_LINK_FOUND_ON_PAGES_READ","","https://www.swann-paris.fr/","","","NON_CERTIFIE_PAR_CETTE_RECHERCHE","","Retrouver puis prouver le portail officiel; vérifier aussi les groupes et alias"
"SWEET PANTS","1","https://fr.fashionjobs.com/recrutement/sweet-pants.html","COMPANY_PRESENTE_SANS_DIRECT_IDENTIFIE","A_QUALIFIER","NOM_OU_ALIAS_EXACT_CANDIDAT","cmtkdvvag1s0hnf2bw5zd6uu0","SWEET PANTS","NON","0","0","0","0","-1","NON_PERIMETRES_ET_FRAICHEUR_A_ATTESTER","","","","","NO_CAREER_LINK_FOUND_ON_PAGES_READ","","https://sweet-pants.com/","","","NON_CERTIFIE_PAR_CETTE_RECHERCHE","","Retrouver puis prouver le portail officiel; vérifier aussi les groupes et alias"
"TARATATA BIJOUX","1","https://fr.fashionjobs.com/recrutement/taratata-bijoux.html","COMPANY_PRESENTE_SANS_DIRECT_IDENTIFIE","A_QUALIFIER","NOM_OU_ALIAS_EXACT_CANDIDAT","cmtnac12c2se8qq5l9vr4jla6","TARATATA BIJOUX","NON","1","1","0","0","-1","NON_PERIMETRES_ET_FRAICHEUR_A_ATTESTER","taratata-bijoux.com","","","","NO_CAREER_LINK_FOUND_ON_PAGES_READ","","https://taratata-bijoux.com/","","","NON_CERTIFIE_PAR_CETTE_RECHERCHE","","Retrouver puis prouver le portail officiel; vérifier aussi les groupes et alias"
"TEDDY SMITH","1","https://fr.fashionjobs.com/recrutement/teddy-smith.html","COMPANY_PRESENTE_SANS_DIRECT_IDENTIFIE","A_QUALIFIER","NOM_OU_ALIAS_EXACT_CANDIDAT","cmtkdvyiy1t1nnf2bk8opeofc","TEDDY SMITH","NON","1","1","0","0","-1","NON_PERIMETRES_ET_FRAICHEUR_A_ATTESTER","","","","","NO_CAREER_LINK_FOUND_ON_PAGES_READ","","https://www.teddy-smith.com/","","","NON_CERTIFIE_PAR_CETTE_RECHERCHE","","Retrouver puis prouver le portail officiel; vérifier aussi les groupes et alias"
"THALGO","1","https://fr.fashionjobs.com/recrutement/thalgo.html","COMPANY_PRESENTE_SANS_DIRECT_IDENTIFIE","A_QUALIFIER","NOM_OU_ALIAS_EXACT_CANDIDAT","cmtnac1hs2sk6qq5lduz9cj80","THALGO","NON","1","1","0","0","-1","NON_PERIMETRES_ET_FRAICHEUR_A_ATTESTER","thalgo.fr","","","","CAREER_LINKS_OBSERVED_REVIEW_REQUIRED","https://www.thalgo.fr/recrutement/ | https://www.thalgo.fr/recrutement/01092026-developpeur-cheffe-de-projet-packaging/ | https://www.thalgo.fr/recrutement/26082026-technicienne-formulation-cosmetique-cdi/ | https://www.thalgo.fr/recrutement/27072026-assistante-chef-de-projet-marketing-soin-professionnel/ | https://www.thalgo.fr/recrutement/24072026-chef-de-projet-communication-digitale-e-commerce-junior-stage-6-mois/ | https://www.thalgo.fr/recrutement/06052026-chef-de-projet-informatique-x3-hf-cdi/ | https://www.thalgo.fr/recrutement/21042026-directeurtrice-informatique-groupe-hf-cdi/ | https://www.thalgo.fr/recrutement/16042026-formateurtrice-conseil-secteur-ile-de-france-cdi/ | https://www.thalgo.fr/recrutement/10022026-chargee-de-transposition-industrielle-hf/ | https://www.thalgo.fr/recrutement/09092024-spa-praticien-hf/","https://www.thalgo.fr/","","","NON_CERTIFIE_PAR_CETTE_RECHERCHE","","Retrouver puis prouver le portail officiel; vérifier aussi les groupes et alias"
"THE CLOTHETTE RETAIL","1","https://fr.fashionjobs.com/recrutement/the-clothette-retail.html","COMPANY_PRESENTE_SANS_DIRECT_IDENTIFIE","A_QUALIFIER","NOM_OU_ALIAS_EXACT_CANDIDAT","cmtkdvvj41s40nf2bmfp6mn82","THE CLOTHETTE RETAIL","NON","0","0","0","0","-1","NON_PERIMETRES_ET_FRAICHEUR_A_ATTESTER","","","","","NO_WEBSITE_IN_PROFILE_OR_PROFILE_UNREADABLE","","","","","NON_CERTIFIE_PAR_CETTE_RECHERCHE","","Retrouver puis prouver le portail officiel; vérifier aussi les groupes et alias"
"THE ERA CLUB","1","https://fr.fashionjobs.com/recrutement/the-era-club.html","AUCUN_RAPPROCHEMENT_ETABLI","A_QUALIFIER","AUCUNE","","","NON","0","0","0","0","","NON_PERIMETRES_ET_FRAICHEUR_A_ATTESTER","","","","","NO_WEBSITE_IN_PROFILE_OR_PROFILE_UNREADABLE","","","","","NON_CERTIFIE_PAR_CETTE_RECHERCHE","","Retrouver puis prouver le portail officiel; vérifier aussi les groupes et alias"
"THE FASHION SQUARE","1","https://fr.fashionjobs.com/recrutement/the-fashion-square.html","AUCUN_RAPPROCHEMENT_ETABLI","A_QUALIFIER","AUCUNE","","","NON","0","0","0","0","","NON_PERIMETRES_ET_FRAICHEUR_A_ATTESTER","","","","","NO_WEBSITE_IN_PROFILE_OR_PROFILE_UNREADABLE","","","","","NON_CERTIFIE_PAR_CETTE_RECHERCHE","","Retrouver puis prouver le portail officiel; vérifier aussi les groupes et alias"
"THE KORNER","1","https://fr.fashionjobs.com/recrutement/the-korner.html","COMPANY_PRESENTE_SANS_DIRECT_IDENTIFIE","A_QUALIFIER","NOM_OU_ALIAS_EXACT_CANDIDAT","cmtkdvui71rp3nf2breei6paw","THE KORNER","NON","0","0","0","0","-1","NON_PERIMETRES_ET_FRAICHEUR_A_ATTESTER","thekorner.fr","","","","CAREER_LINKS_OBSERVED_REVIEW_REQUIRED","https://thekorner.fr/content/10-recrutement","https://thekorner.fr/","","","NON_CERTIFIE_PAR_CETTE_RECHERCHE","","Retrouver puis prouver le portail officiel; vérifier aussi les groupes et alias"
"THE MERCER BRAND","1","https://fr.fashionjobs.com/recrutement/the-mercer-brand.html","AUCUN_RAPPROCHEMENT_ETABLI","A_QUALIFIER","AUCUNE","","","NON","0","0","0","0","","NON_PERIMETRES_ET_FRAICHEUR_A_ATTESTER","","","","","NO_WEBSITE_IN_PROFILE_OR_PROFILE_UNREADABLE","","","","","NON_CERTIFIE_PAR_CETTE_RECHERCHE","","Retrouver puis prouver le portail officiel; vérifier aussi les groupes et alias"
"THE ROOM","1","https://fr.fashionjobs.com/recrutement/the-room.html","COMPANY_PRESENTE_SANS_DIRECT_IDENTIFIE","A_QUALIFIER","NOM_OU_ALIAS_EXACT_CANDIDAT","cmtkdvykb1t23nf2bllykrw8n","THE ROOM","NON","1","1","0","0","-1","NON_PERIMETRES_ET_FRAICHEUR_A_ATTESTER","","","","","NO_WEBSITE_IN_PROFILE_OR_PROFILE_UNREADABLE","","","","","NON_CERTIFIE_PAR_CETTE_RECHERCHE","","Retrouver puis prouver le portail officiel; vérifier aussi les groupes et alias"
"THE SHOP","1","https://fr.fashionjobs.com/recrutement/the-shop.html","AUCUN_RAPPROCHEMENT_ETABLI","A_QUALIFIER","AUCUNE","","","NON","0","0","0","0","","NON_PERIMETRES_ET_FRAICHEUR_A_ATTESTER","","","","","NO_WEBSITE_IN_PROFILE_OR_PROFILE_UNREADABLE","","","","","NON_CERTIFIE_PAR_CETTE_RECHERCHE","","Retrouver puis prouver le portail officiel; vérifier aussi les groupes et alias"
"THEUNISSEN","1","https://fr.fashionjobs.com/recrutement/theunissen.html","COMPANY_PRESENTE_SANS_DIRECT_IDENTIFIE","A_QUALIFIER","NOM_OU_ALIAS_EXACT_CANDIDAT","cmtkdvyjo1t1vnf2bfl4fa7ez","THEUNISSEN","NON","1","1","0","0","-1","NON_PERIMETRES_ET_FRAICHEUR_A_ATTESTER","","","","","NO_WEBSITE_IN_PROFILE_OR_PROFILE_UNREADABLE","","","","","NON_CERTIFIE_PAR_CETTE_RECHERCHE","","Retrouver puis prouver le portail officiel; vérifier aussi les groupes et alias"
"THIERRY LASRY","1","https://fr.fashionjobs.com/recrutement/thierry-lasry.html","COMPANY_PRESENTE_SANS_DIRECT_IDENTIFIE","A_QUALIFIER","NOM_OU_ALIAS_EXACT_CANDIDAT","cmtkdw14h1tqanf2b2pgvn179","THIERRY LASRY","NON","0","0","0","0","-1","NON_PERIMETRES_ET_FRAICHEUR_A_ATTESTER","","","","","NO_WEBSITE_IN_PROFILE_OR_PROFILE_UNREADABLE","","","","","NON_CERTIFIE_PAR_CETTE_RECHERCHE","","Retrouver puis prouver le portail officiel; vérifier aussi les groupes et alias"
"TOPOLOGIE","1","https://fr.fashionjobs.com/recrutement/topologie.html","COMPANY_PRESENTE_SANS_DIRECT_IDENTIFIE","A_QUALIFIER","NOM_OU_ALIAS_EXACT_CANDIDAT","cmtkdvw3o1sabnf2btjprd7tw","TOPOLOGIE","NON","0","0","0","0","-1","NON_PERIMETRES_ET_FRAICHEUR_A_ATTESTER","","","","","NO_WEBSITE_IN_PROFILE_OR_PROFILE_UNREADABLE","","","","","NON_CERTIFIE_PAR_CETTE_RECHERCHE","","Retrouver puis prouver le portail officiel; vérifier aussi les groupes et alias"
"TOSCANE","1","https://fr.fashionjobs.com/recrutement/toscane.html","AUCUN_RAPPROCHEMENT_ETABLI","A_QUALIFIER","AUCUNE","","","NON","0","0","0","0","","NON_PERIMETRES_ET_FRAICHEUR_A_ATTESTER","","","","","CAREER_LINKS_OBSERVED_REVIEW_REQUIRED","https://toscane.flatchr.io/","https://www.toscane-boutique.fr/","","","NON_CERTIFIE_PAR_CETTE_RECHERCHE","","Retrouver puis prouver le portail officiel; vérifier aussi les groupes et alias"
"TRÉSOR","1","https://fr.fashionjobs.com/recrutement/tresor.html","AUCUN_RAPPROCHEMENT_ETABLI","A_QUALIFIER","AUCUNE","","","NON","0","0","0","0","","NON_PERIMETRES_ET_FRAICHEUR_A_ATTESTER","","","","","WEBSITE_UNREADABLE","","","","","NON_CERTIFIE_PAR_CETTE_RECHERCHE","","Retrouver puis prouver le portail officiel; vérifier aussi les groupes et alias"
"UNI PARIS","1","https://fr.fashionjobs.com/recrutement/uni-paris.html","AUCUN_RAPPROCHEMENT_ETABLI","A_QUALIFIER","AUCUNE","","","NON","0","0","0","0","","NON_PERIMETRES_ET_FRAICHEUR_A_ATTESTER","","","","","NO_WEBSITE_IN_PROFILE_OR_PROFILE_UNREADABLE","","","","","NON_CERTIFIE_PAR_CETTE_RECHERCHE","","Retrouver puis prouver le portail officiel; vérifier aussi les groupes et alias"
"UNI SÉLECTION","1","https://fr.fashionjobs.com/recrutement/uni-selection.html","AUCUN_RAPPROCHEMENT_ETABLI","A_QUALIFIER","AUCUNE","","","NON","0","0","0","0","","NON_PERIMETRES_ET_FRAICHEUR_A_ATTESTER","","","","","NO_WEBSITE_IN_PROFILE_OR_PROFILE_UNREADABLE","","","","","NON_CERTIFIE_PAR_CETTE_RECHERCHE","","Retrouver puis prouver le portail officiel; vérifier aussi les groupes et alias"
"UNIVERS PRESSE","1","https://fr.fashionjobs.com/recrutement/univers-presse.html","COMPANY_PRESENTE_SANS_DIRECT_IDENTIFIE","A_QUALIFIER","NOM_OU_ALIAS_EXACT_CANDIDAT","cmtkdw18p1trsnf2bp3mqm1u4","UNIVERS PRESSE","NON","1","1","0","0","-1","NON_PERIMETRES_ET_FRAICHEUR_A_ATTESTER","","","","","NO_WEBSITE_IN_PROFILE_OR_PROFILE_UNREADABLE","","","","","NON_CERTIFIE_PAR_CETTE_RECHERCHE","","Retrouver puis prouver le portail officiel; vérifier aussi les groupes et alias"
"UNODE50","1","https://fr.fashionjobs.com/recrutement/unode50.html","COMPANY_PRESENTE_SANS_DIRECT_IDENTIFIE","A_QUALIFIER","NOM_OU_ALIAS_EXACT_CANDIDAT","cmtkdvuha1ronnf2bx75dseo4","UNODE50","NON","0","0","0","0","-1","NON_PERIMETRES_ET_FRAICHEUR_A_ATTESTER","uno-de-50.com","","","","WEBSITE_UNREADABLE","","","","","NON_CERTIFIE_PAR_CETTE_RECHERCHE","","Retrouver puis prouver le portail officiel; vérifier aussi les groupes et alias"
"UPZNSHIT","1","https://fr.fashionjobs.com/recrutement/upznshit.html","AUCUN_RAPPROCHEMENT_ETABLI","A_QUALIFIER","AUCUNE","","","NON","0","0","0","0","","NON_PERIMETRES_ET_FRAICHEUR_A_ATTESTER","","","","","NO_WEBSITE_IN_PROFILE_OR_PROFILE_UNREADABLE","","","","","NON_CERTIFIE_PAR_CETTE_RECHERCHE","","Retrouver puis prouver le portail officiel; vérifier aussi les groupes et alias"
"V DE VINSTER","1","https://fr.fashionjobs.com/recrutement/v-de-vinster.html","COMPANY_PRESENTE_SANS_DIRECT_IDENTIFIE","A_QUALIFIER","NOM_OU_ALIAS_EXACT_CANDIDAT","cmtkdw1341tpvnf2bah13iwjl","V DE VINSTER","NON","1","1","0","0","-1","NON_PERIMETRES_ET_FRAICHEUR_A_ATTESTER","vdevinster.com","","","","NO_CAREER_LINK_FOUND_ON_PAGES_READ","","https://www.vdevinster.com/","","","NON_CERTIFIE_PAR_CETTE_RECHERCHE","","Retrouver puis prouver le portail officiel; vérifier aussi les groupes et alias"
"VF CORPORATION","1","https://fr.fashionjobs.com/recrutement/vf-corporation.html","AUCUN_RAPPROCHEMENT_ETABLI","A_QUALIFIER","AUCUNE","","","NON","0","0","0","0","","NON_PERIMETRES_ET_FRAICHEUR_A_ATTESTER","","","","","CAREER_LINKS_OBSERVED_REVIEW_REQUIRED","https://vfc.com/careers | https://vfc.com/careers/benefits | https://vfc.com/careers/equal-opportunity-employer | https://vfc.com/careers/applicants-with-disabilities | https://vfc.com/news/featured-story/136627/vf-the-vf-foundation-deepen-fashion-scholarship-fund-partnership-to-broaden-scholar-access-and-career-exposure | https://vfc.wd5.myworkdayjobs.com/vfc_careers | https://nam02.safelinks.protection.outlook.com/?url=https%3A%2F%2Fconsumer.ftc.gov%2Farticles%2Fjob-scams&data=05%7C02%7CAlexa_Corcoran%40vfc.com%7C253da0e5b6f04c6b156b08dc2be9f50b%7C7d97f40069b44df4a009c9806ec70783%7C0%7C0%7C638433531036217024%7CUnknown%7CTWFpbGZsb3d8eyJWIjoiMC4wLjAwMDAiLCJQIjoiV2luMzIiLCJBTiI6Ik1haWwiLCJXVCI6Mn0%3D%7C0%7C%7C%7C&sdata=Re38XXnrG8257L7lL4%2FbrantrE0C0DX7QCpRUoi7DdA%3D&reserved=0","https://vfc.com/","","","NON_CERTIFIE_PAR_CETTE_RECHERCHE","","Retrouver puis prouver le portail officiel; vérifier aussi les groupes et alias"
"VIVIENNE WESTWOOD","1","https://fr.fashionjobs.com/recrutement/vivienne-westwood.html","SOURCE_DIRECTE_CATALOGUEE_A_CERTIFIER","A_QUALIFIER","NOM_OU_ALIAS_EXACT_CANDIDAT","cmtk1x36n00cgnv2bhktbf88p","Vivienne Westwood","NON","13","1","0","0","-1","NON_PERIMETRES_ET_FRAICHEUR_A_ATTESTER","viviennewestwood.com","vivienne-westwood:ACTIVE","vivienne-westwood","","CAREER_LINKS_OBSERVED_REVIEW_REQUIRED","https://viviennewestwood.teamtailor.com/ | https://viviennewestwood.teamtailor.com/jobs | https://viviennewestwood.teamtailor.com/#jobs | https://viviennewestwood.teamtailor.com/jobs/8281406-assistant-store-manager-12-month-ftc | https://viviennewestwood.teamtailor.com/jobs/8274795-bridal-specialist-new-york-city | https://viviennewestwood.teamtailor.com/jobs/8227057-bridal-specialist-6-month-ftc | https://viviennewestwood.teamtailor.com/jobs/8213140-digital-site-merchandising-manager | https://viviennewestwood.teamtailor.com/jobs/8185032-sales-associate-belmont-new-york | https://viviennewestwood.teamtailor.com/jobs/8174717-sales-assistant-full-time | https://viviennewestwood.teamtailor.com/jobs/8162605-lead-designer-footwear-3-days-per-week-9-month-ftc | https://viviennewestwood.teamtailor.com/jobs/8148316-accounts-payable-assistant | https://viviennewestwood.teamtailor.com/jobs/8108429-people-manager | https://www.teamtailor.com/","https://www.viviennewestwood.com/","","","NON_CERTIFIE_PAR_CETTE_RECHERCHE","","Certifier identité, attribution et complétude de la source existante"
"WALK IN PARIS","1","https://fr.fashionjobs.com/recrutement/walk-in-paris.html","AUCUN_RAPPROCHEMENT_ETABLI","A_QUALIFIER","AUCUNE","","","NON","0","0","0","0","","NON_PERIMETRES_ET_FRAICHEUR_A_ATTESTER","","","","","NO_WEBSITE_IN_PROFILE_OR_PROFILE_UNREADABLE","","","","","NON_CERTIFIE_PAR_CETTE_RECHERCHE","","Retrouver puis prouver le portail officiel; vérifier aussi les groupes et alias"
"WEEKEND MAXMARA","1","https://fr.fashionjobs.com/recrutement/weekend-maxmara.html","COMPANY_PRESENTE_SANS_DIRECT_IDENTIFIE","A_QUALIFIER","NOM_OU_ALIAS_EXACT_CANDIDAT","cmtkdvvje1s44nf2b0y8tncyi","WEEKEND MAXMARA","NON","0","0","0","0","-1","NON_PERIMETRES_ET_FRAICHEUR_A_ATTESTER","","","","","WEBSITE_UNREADABLE","","","","","NON_CERTIFIE_PAR_CETTE_RECHERCHE","","Retrouver puis prouver le portail officiel; vérifier aussi les groupes et alias"
"WEILL","1","https://fr.fashionjobs.com/recrutement/weill.html","COMPANY_PRESENTE_SANS_DIRECT_IDENTIFIE","A_QUALIFIER","NOM_OU_ALIAS_EXACT_CANDIDAT","cmtkdw0ak1tgnnf2bqedvcp6r","WEILL","NON","1","1","0","0","-1","NON_PERIMETRES_ET_FRAICHEUR_A_ATTESTER","weill.com","","","","NO_CAREER_LINK_FOUND_ON_PAGES_READ","","https://weill.com/","","","NON_CERTIFIE_PAR_CETTE_RECHERCHE","","Retrouver puis prouver le portail officiel; vérifier aussi les groupes et alias"
"WHO WE ARE","1","https://fr.fashionjobs.com/recrutement/who-we-are.html","AUCUN_RAPPROCHEMENT_ETABLI","A_QUALIFIER","AUCUNE","","","NON","0","0","0","0","","NON_PERIMETRES_ET_FRAICHEUR_A_ATTESTER","","","","","NO_WEBSITE_IN_PROFILE_OR_PROFILE_UNREADABLE","","","","","NON_CERTIFIE_PAR_CETTE_RECHERCHE","","Retrouver puis prouver le portail officiel; vérifier aussi les groupes et alias"
"WOOYOUNGMI","1","https://fr.fashionjobs.com/recrutement/wooyoungmi.html","COMPANY_PRESENTE_SANS_DIRECT_IDENTIFIE","A_QUALIFIER","NOM_OU_ALIAS_EXACT_CANDIDAT","cmtp868ul3rmjqq4zy6kzyfzn","WOOYOUNGMI","NON","1","1","0","0","-1","NON_PERIMETRES_ET_FRAICHEUR_A_ATTESTER","wooyoungmi.com","","","","NO_CAREER_LINK_FOUND_ON_PAGES_READ","","https://wooyoungmi.com/","","","NON_CERTIFIE_PAR_CETTE_RECHERCHE","","Retrouver puis prouver le portail officiel; vérifier aussi les groupes et alias"
"WOP WORLD OF POP","1","https://fr.fashionjobs.com/recrutement/wop-world-of-pop.html","COMPANY_PRESENTE_SANS_DIRECT_IDENTIFIE","A_QUALIFIER","NOM_OU_ALIAS_EXACT_CANDIDAT","cmtkdvyjw1t1znf2bwjr24yz0","WOP WORLD OF POP","NON","1","1","0","0","-1","NON_PERIMETRES_ET_FRAICHEUR_A_ATTESTER","","","","","NO_WEBSITE_IN_PROFILE_OR_PROFILE_UNREADABLE","","","","","NON_CERTIFIE_PAR_CETTE_RECHERCHE","","Retrouver puis prouver le portail officiel; vérifier aussi les groupes et alias"
"YALLÄ","1","https://fr.fashionjobs.com/recrutement/yalla.html","COMPANY_PRESENTE_SANS_DIRECT_IDENTIFIE","A_QUALIFIER","NOM_OU_ALIAS_EXACT_CANDIDAT","cmtkdw1to1twrnf2b34qv04xc","YALLÄ","NON","0","0","0","0","-1","NON_PERIMETRES_ET_FRAICHEUR_A_ATTESTER","","","","","NO_WEBSITE_IN_PROFILE_OR_PROFILE_UNREADABLE","","","","","NON_CERTIFIE_PAR_CETTE_RECHERCHE","","Retrouver puis prouver le portail officiel; vérifier aussi les groupes et alias"
"YSEULT","1","https://fr.fashionjobs.com/recrutement/yseult.html","AUCUN_RAPPROCHEMENT_ETABLI","A_QUALIFIER","AUCUNE","","","NON","0","0","0","0","","NON_PERIMETRES_ET_FRAICHEUR_A_ATTESTER","","","","","NO_WEBSITE_IN_PROFILE_OR_PROFILE_UNREADABLE","","","","","NON_CERTIFIE_PAR_CETTE_RECHERCHE","","Retrouver puis prouver le portail officiel; vérifier aussi les groupes et alias"
"YSL BOUTIQUE FRANCE SAS","1","https://fr.fashionjobs.com/recrutement/ysl-boutique-france-sas.html","AUCUN_RAPPROCHEMENT_ETABLI","A_QUALIFIER","AUCUNE","","","NON","0","0","0","0","","NON_PERIMETRES_ET_FRAICHEUR_A_ATTESTER","","","","","NO_WEBSITE_IN_PROFILE_OR_PROFILE_UNREADABLE","","","","","NON_CERTIFIE_PAR_CETTE_RECHERCHE","","Retrouver puis prouver le portail officiel; vérifier aussi les groupes et alias"
"YSPRINT - IMPRESSION PARIS","1","https://fr.fashionjobs.com/recrutement/ysprint-impression-paris.html","AUCUN_RAPPROCHEMENT_ETABLI","A_QUALIFIER","AUCUNE","","","NON","0","0","0","0","","NON_PERIMETRES_ET_FRAICHEUR_A_ATTESTER","","","","","NO_WEBSITE_IN_PROFILE_OR_PROFILE_UNREADABLE","","","","","NON_CERTIFIE_PAR_CETTE_RECHERCHE","","Retrouver puis prouver le portail officiel; vérifier aussi les groupes et alias"
"ZHIGGIE","1","https://fr.fashionjobs.com/recrutement/zhiggie.html","AUCUN_RAPPROCHEMENT_ETABLI","A_QUALIFIER","AUCUNE","","","NON","0","0","0","0","","NON_PERIMETRES_ET_FRAICHEUR_A_ATTESTER","","","","","NO_WEBSITE_IN_PROFILE_OR_PROFILE_UNREADABLE","","","","","NON_CERTIFIE_PAR_CETTE_RECHERCHE","","Retrouver puis prouver le portail officiel; vérifier aussi les groupes et alias"
"ZUHAIR MURAD","1","https://fr.fashionjobs.com/recrutement/zuhair-murad.html","COMPANY_PRESENTE_SANS_DIRECT_IDENTIFIE","A_QUALIFIER","NOM_OU_ALIAS_EXACT_CANDIDAT","cmtkdw1281tpjnf2blnu9pqbo","ZUHAIR MURAD","NON","1","1","0","0","-1","NON_PERIMETRES_ET_FRAICHEUR_A_ATTESTER","zuhairmurad.com","","","","WEBSITE_UNREADABLE","","","","","NON_CERTIFIE_PAR_CETTE_RECHERCHE","","Retrouver puis prouver le portail officiel; vérifier aussi les groupes et alias"
"ESTEE LAUDER COMPANIES","","https://fr.fashionjobs.com/recrutement/estee-lauder-companies.html","SOURCE_DIRECTE_CATALOGUEE_A_CERTIFIER","A_QUALIFIER","NOM_OU_ALIAS_EXACT_CANDIDAT","cmtkdvuwf1rvenf2bk6p3g02y","Estée Lauder Companies","NON","414","11","11","0","","NON_PERIMETRES_ET_FRAICHEUR_A_ATTESTER","elcompanies.com","estee-lauder-companies:ACTIVE","estee-lauder-companies","","CAREER_LINKS_OBSERVED_REVIEW_REQUIRED","https://elcompanies.com/#mobinav-section-careers-level2 | https://www.elcompanies.com/en/careers | https://www.elcompanies.com/en/careers/retail-jobs | https://www.elcompanies.com/en/careers/corporate-jobs | https://www.elcompanies.com/en/careers/supply-chain-jobs | https://www.elcompanies.com/en/careers/research-and-development-jobs | https://www.elcompanies.com/en/careers/technology-jobs | https://www.elcompanies.com/en/careers/brand-jobs | https://www.elcompanies.com/en/careers/why-work-here | https://www.elcompanies.com/en/careers/students | https://www.elcompanies.com/en/careers/why-work-here/benefits | https://www.elcompanies.com/en/careers/students/internships | https://www.elcompanies.com/en/careers/students/full-time-programs | https://careers.elcompanies.com/careers | https://www.elcompanies.com/en/careers#mobinav-section-careers-level2 | https://www.elcompanies.com/en/careers#mainContent | https://www.elcompanies.com/en/careers#mmenu | https://www.elcompanies.com/es/careers | https://www.elcompanies.com/fr/careers | https://www.elcompanies.com/ja-jp/careers | https://www.elcompanies.com/en-gb/careers | https://www.facebook.com/sharer.php?u=https://www.elcompanies.com/en/careers | https://twitter.com/home/?status=https://www.elcompanies.com/en/careers | https://www.elcompanies.com/en/careers#MainForm | https://www.elcompanies.com/en/careers/retail-jobs#mobinav-section-careers-level2 | https://www.elcompanies.com/en/careers/retail-jobs#mainContent | https://www.elcompanies.com/en/careers/retail-jobs#mmenu | https://www.elcompanies.com/es/careers/retail-jobs | https://www.elcompanies.com/fr/careers/retail-jobs | https://www.elcompanies.com/ja-jp/careers/retail-jobs | https://www.elcompanies.com/en-gb/careers/retail-jobs | https://careers.elcompanies.com/careers?&Department=Sales | https://www.facebook.com/sharer.php?u=https://www.elcompanies.com/en/careers/retail-jobs | https://twitter.com/home/?status=https://www.elcompanies.com/en/careers/retail-jobs | https://www.elcompanies.com/en/careers/retail-jobs#MainForm","https://elcompanies.com/","","","NON_CERTIFIE_PAR_CETTE_RECHERCHE","","Certifier identité, attribution et complétude de la source existante"
"HARIBO","","https://fr.fashionjobs.com/recrutement/haribo.html","AUCUN_RAPPROCHEMENT_ETABLI","A_QUALIFIER","AUCUNE","","","NON","0","0","0","0","","NON_PERIMETRES_ET_FRAICHEUR_A_ATTESTER","","","","","NO_CAREER_LINK_FOUND_ON_PAGES_READ","","https://www.haribo.com/fr-ch","","","NON_CERTIFIE_PAR_CETTE_RECHERCHE","","Retrouver puis prouver le portail officiel; vérifier aussi les groupes et alias"
