maison,site_web,lien_ats,ats_kind,etat,detail
585 Gold,https://zoloto585.ru/,https://jobs.smartrecruiters.com/585gold,smartrecruiters-whitelabel,EN_PROD_ACTIVE,3 offres vérifiées · robots ALLOWED (no robots.txt reachable) · dernier run NEW 3 offres
Ackermans,https://www.ackermans.co.za/,https://careers.ackermans.co.za,teamtailor,EN_PROD_ACTIVE,4 offres vérifiées · robots ALLOWED · dernier run NEW 4 offres
A-Derma +4,,https://pierrefabre.wd3.myworkdayjobs.com/External_Career_Site,workday,EN_PROD_ACTIVE,210 offres vérifiées · robots ALLOWED
aeyde,https://www.aeyde.com/,https://aeyde.jobs.personio.de,personio,EN_PROD_ACTIVE,10 offres vérifiées · robots ALLOWED · dernier run NEW 10 offres
Agency,http://withagency.com/,https://jobs.smartrecruiters.com/agency,smartrecruiters-whitelabel,EN_PROD_ACTIVE,4 offres vérifiées · robots ALLOWED (no robots.txt reachable) · dernier run NEW 4 offres
Aigle,https://www.aigle.com/,,digitalrecruiters,EN_PROD_ACTIVE,104 offres vérifiées · robots ALLOWED · dernier run NEW 104 offres
Aime,,https://www.welcometothejungle.com/fr/companies/aime/jobs,wttj,EN_PROD_ACTIVE,7 offres vérifiées · robots ALLOWED · dernier run OK 7 offres
Aimé Leon Dore,http://aimeleondore.com/,https://boards.greenhouse.io/aimeleondore,greenhouse,EN_PROD_ACTIVE,12 offres vérifiées · robots ALLOWED · dernier run NEW 12 offres
Aim'n,https://www.aimn.com/,https://career.aimn.com,teamtailor,EN_PROD_ACTIVE,4 offres vérifiées · robots ALLOWED · dernier run NEW 4 offres
AKIRA,https://www.shopakira.com/,https://careers.shopakira.com,teamtailor,EN_PROD_ACTIVE,171 offres vérifiées · robots ALLOWED
Alberto,https://www.alberto-pants.com/,https://www.alberto-pants.com/jobs-and-careers,generic-listing,EN_PROD_ACTIVE,8 offres vérifiées · robots ALLOWED · dernier run NEW 8 offres
alpha industries,https://www.alphaindustries.eu/,https://alpha-industries-gmbh-co-kg.jobs.personio.de,personio,EN_PROD_ACTIVE,2 offres vérifiées · robots ALLOWED · dernier run NEW 2 offres
American Vintage,https://www.americanvintage-store.com/,https://www.welcometothejungle.com/fr/companies/american-vintage/jobs,wttj,EN_PROD_ACTIVE,25 offres vérifiées · robots ALLOWED · dernier run OK 20 offres
AMI Paris,https://www.amiparis.com/,https://amiparis.recruitee.com,recruitee,EN_PROD_ACTIVE,22 offres vérifiées · robots ALLOWED · dernier run OK 20 offres
AMIRI,https://amiri.com/,https://jobs.lever.co/AMIRI,lever,EN_PROD_ACTIVE,42 offres vérifiées · robots ALLOWED · dernier run OK 42 offres
Annoushka,https://www.annoushka.com/uk,https://careers.annoushka.com,teamtailor,EN_PROD_ACTIVE,4 offres vérifiées · robots ALLOWED · dernier run NEW 4 offres
a.p.c,https://apc.fr/,https://www.welcometothejungle.com/fr/companies/a-p-c/jobs,wttj,EN_PROD_ACTIVE,20 offres vérifiées · robots ALLOWED · dernier run NEW 20 offres
Apivita,,https://apply.workable.com/apivita,workable,EN_PROD_ACTIVE,11 offres vérifiées · robots ALLOWED · dernier run OK 12 offres
APM Monaco,https://www.apm.mc/,https://apply.workable.com/apm-monaco,workable,EN_PROD_ACTIVE,97 offres vérifiées · robots ALLOWED · dernier run OK 96 offres
Aptar Beauty,,https://jobs.aptar.com,successfactors,EN_PROD_ACTIVE,208 offres vérifiées · robots ALLOWED
Armand Thiery,https://www.armandthiery.fr/,https://www.welcometothejungle.com/fr/companies/armand-thiery/jobs,wttj,EN_PROD_ACTIVE,8 offres vérifiées · robots ALLOWED · dernier run OK 10 offres
Army Logic,https://hypebeast.cn/tags/army-logic,https://jobs.lever.co/hypebeast,lever,EN_PROD_ACTIVE,21 offres vérifiées · robots ALLOWED · dernier run NEW 21 offres
Aroma-Zone,https://www.aroma-zone.com/,https://careers.aroma-zone.com,teamtailor,EN_PROD_ACTIVE,176 offres vérifiées · robots ALLOWED
ASHOKA,https://www.ashokaparis.com/,https://jobs.lever.co/ashoka,lever,EN_PROD_ACTIVE,6 offres vérifiées · robots ALLOWED · dernier run NEW 6 offres
ASICS,https://www.asics.com/,https://jobs.smartrecruiters.com/asics,smartrecruiters-whitelabel,EN_PROD_ACTIVE,54 offres vérifiées · robots ALLOWED (no robots.txt reachable) · dernier run NEW 54 offres
ASKET,https://www.asket.com/,https://asket.teamtailor.com,teamtailor,EN_PROD_ACTIVE,2 offres vérifiées · robots ALLOWED · dernier run NEW 2 offres
ASOS,https://www.asos.com/,https://jobs.smartrecruiters.com/asos,smartrecruiters-whitelabel,EN_PROD_ACTIVE,67 offres vérifiées · robots ALLOWED (no robots.txt reachable) · dernier run NEW 67 offres
Asphalte,,https://www.welcometothejungle.com/fr/companies/asphalte/jobs,wttj,EN_PROD_ACTIVE,11 offres vérifiées · robots ALLOWED · dernier run OK 9 offres
Atlantis,https://atlantisheadwear.com/,https://atlantis.jobs.personio.de,personio,EN_PROD_ACTIVE,3 offres vérifiées · robots ALLOWED (no robots.txt reachable) · dernier run NEW 3 offres
Attaquer,https://attaquercycling.com/,https://attaquercycling.com/pages/careers,generic-listing,EN_PROD_ACTIVE,3 offres vérifiées · robots ALLOWED · dernier run NEW 3 offres
Aubade,https://www.aubade.com/,https://www.welcometothejungle.com/fr/companies/aubade/jobs,wttj,EN_PROD_ACTIVE,26 offres vérifiées · robots ALLOWED · dernier run OK 26 offres
Audemars Piguet,https://www.audemarspiguet.com/,https://jobs.smartrecruiters.com/audemarspiguet,smartrecruiters-whitelabel,EN_PROD_ACTIVE,86 offres vérifiées · robots ALLOWED · dernier run OK 86 offres
Avila,https://avila.com.au/,https://avila.teamtailor.com,teamtailor,EN_PROD_ACTIVE,8 offres vérifiées · robots ALLOWED · dernier run NEW 8 offres
AXEL ARIGATO,https://www.axelarigato.com/,https://axelarigato.teamtailor.com,teamtailor,EN_PROD_ACTIVE,2 offres vérifiées · robots ALLOWED (no robots.txt reachable) · dernier run NEW 2 offres
B2,https://www.brownsshoes.com/,https://careers.brownsshoes.com,teamtailor,EN_PROD_ACTIVE,65 offres vérifiées · robots ALLOWED · dernier run NEW 66 offres
Baccarat,,,talentview,EN_PROD_ACTIVE,10 offres vérifiées · robots ALLOWED · dernier run OK 10 offres
Ballantynes,http://www.ballantynes.com/,https://jobs.smartrecruiters.com/ballantynes,smartrecruiters-whitelabel,EN_PROD_ACTIVE,11 offres vérifiées · robots ALLOWED (no robots.txt reachable) · dernier run NEW 11 offres
Balmain,https://www.balmain.com/,https://balmain-career.talent-soft.com,talentsoft,EN_PROD_ACTIVE,20 offres vérifiées · robots ALLOWED · dernier run OK 20 offres
Baron,https://baron.se/en,https://jobs.smartrecruiters.com/baron,smartrecruiters-whitelabel,EN_PROD_ACTIVE,5 offres vérifiées · robots ALLOWED (no robots.txt reachable) · dernier run NEW 5 offres
Bedrock,https://bedrockskin.com/,https://www.welcometothejungle.com/fr/companies/bedrock/jobs,wttj,EN_PROD_ACTIVE,1 offres vérifiées · robots ALLOWED · dernier run NEW 1 offres
Bego,https://begoveganlabel.com/,https://bego.recruitee.com,recruitee,EN_PROD_ACTIVE,11 offres vérifiées · robots ALLOWED · dernier run NEW 11 offres
Bellabeat,http://www.bellabeat.com/,https://jobs.smartrecruiters.com/bellabeat,smartrecruiters-whitelabel,EN_PROD_ACTIVE,1 offres vérifiées · robots ALLOWED (no robots.txt reachable) · dernier run NEW 1 offres
BELLA+CANVAS,https://www.bellacanvas.com/,https://boards.greenhouse.io/bellacanvas,greenhouse,EN_PROD_ACTIVE,2 offres vérifiées · robots ALLOWED · dernier run NEW 2 offres
Bellroy,https://bellroy.com/,https://boards.greenhouse.io/bellroy,greenhouse,EN_PROD_ACTIVE,13 offres vérifiées · robots ALLOWED · dernier run NEW 13 offres
Belstaff,https://www.belstaff.co.uk/home,https://belstaff.teamtailor.com,teamtailor,EN_PROD_ACTIVE,44 offres vérifiées · robots ALLOWED · dernier run NEW 44 offres
Bentley,https://www.shopbentley.com/,https://jobs.bentley.com,successfactors,EN_PROD_ACTIVE,95 offres vérifiées · robots ALLOWED · dernier run NEW 95 offres
BERNADETTE,https://www.bernadetteantwerp.com/,https://boards.greenhouse.io/bernadette,greenhouse,EN_PROD_ACTIVE,1 offres vérifiées · robots ALLOWED · dernier run NEW 1 offres
Bespoke Post,https://bespokepost.com/,https://jobs.lever.co/bespokepost,lever,EN_PROD_ACTIVE,4 offres vérifiées · robots ALLOWED · dernier run NEW 4 offres
Bevilles Jewellers,https://www.bevilles.com.au/,https://careers.bevilles.com.au/jobs/search?_gl=1%2A2x44re%2A_gcl_au%2AMjA5MDY4MjgwMi4xNzQ3Nzk1NjAxLjQyMzI4NDQ0Ny4xNzUxNDA5MTczLjE3NTE0MDkxNzM.,generic-listing,EN_PROD_ACTIVE,23 offres vérifiées · robots ALLOWED · dernier run NEW 23 offres
Blacks,https://www.blacks.co.uk/,https://boards.greenhouse.io/blacks,greenhouse,EN_PROD_ACTIVE,1 offres vérifiées · robots ALLOWED · dernier run NEW 1 offres
Blend,https://www.blendcompany.com/,https://boards.greenhouse.io/blend,greenhouse,EN_PROD_ACTIVE,9 offres vérifiées · robots ALLOWED · dernier run NEW 9 offres
Bloom,https://www.bloom-fashion.com/,https://jobs.smartrecruiters.com/bloom,smartrecruiters-whitelabel,EN_PROD_ACTIVE,2 offres vérifiées · robots ALLOWED (no robots.txt reachable) · dernier run NEW 2 offres
Blue Banana,https://www.bluebananabrand.de/,https://bluebanana.teamtailor.com,teamtailor,EN_PROD_ACTIVE,18 offres vérifiées · robots ALLOWED · dernier run NEW 18 offres
Blueland,https://www.blueland.com/,https://jobs.lever.co/blueland,lever,EN_PROD_ACTIVE,4 offres vérifiées · robots ALLOWED · dernier run NEW 4 offres
Bombas,https://bombas.com/,https://boards.greenhouse.io/bombas,greenhouse,EN_PROD_ACTIVE,13 offres vérifiées · robots ALLOWED · dernier run NEW 13 offres
Bravissimo,https://www.bravissimo.com/,https://careers.bravissimo.com,teamtailor,EN_PROD_ACTIVE,14 offres vérifiées · robots ALLOWED · dernier run NEW 14 offres
BRIGHT,https://www.brightclothing.net/,https://bright.recruitee.com,recruitee,EN_PROD_ACTIVE,9 offres vérifiées · robots ALLOWED · dernier run NEW 9 offres
Brilliant Earth,https://www.brilliantearth.com/,https://boards.greenhouse.io/brilliantearth,greenhouse,EN_PROD_ACTIVE,82 offres vérifiées · robots ALLOWED · dernier run NEW 82 offres
Brothers,https://www.brothers.se/,https://brothers.teamtailor.com,teamtailor,EN_PROD_ACTIVE,10 offres vérifiées · robots ALLOWED · dernier run NEW 10 offres
Browns,https://www.brownsfashion.com/,https://jobs.lever.co/farfetch,lever,EN_PROD_ACTIVE,60 offres vérifiées · robots ALLOWED · dernier run NEW 60 offres
Browns Shoes,https://www.brownsshoes.com/,https://brownsshoes.teamtailor.com,teamtailor,EN_PROD_ACTIVE,65 offres vérifiées · robots ALLOWED · dernier run NEW 66 offres
B's International,https://www.bs-intl.jp/,https://jobs.smartrecruiters.com/bsinternational,smartrecruiters-whitelabel,EN_PROD_ACTIVE,57 offres vérifiées · robots ALLOWED (no robots.txt reachable) · dernier run NEW 57 offres
Bubble,http://hellobubble.com/,https://boards.greenhouse.io/bubbleskincare,greenhouse,EN_PROD_ACTIVE,6 offres vérifiées · robots ALLOWED · dernier run NEW 6 offres
Buck Mason,https://www.buckmason.com/,https://jobs.lever.co/buckmason,lever,EN_PROD_ACTIVE,244 offres vérifiées · robots ALLOWED
BUFF,https://www.buff.com/,https://work-with-us.buff.com,teamtailor,EN_PROD_ACTIVE,4 offres vérifiées · robots ALLOWED · dernier run NEW 4 offres
Burnt,https://burnt.co.za/,https://careers.burnt.co.za,teamtailor,EN_PROD_ACTIVE,7 offres vérifiées · robots ALLOWED · dernier run NEW 7 offres
BZB,https://www.b-z-b.com/,https://bzb.teamtailor.com,teamtailor,EN_PROD_ACTIVE,21 offres vérifiées · robots ALLOWED · dernier run NEW 21 offres
Cabaia,https://www.cabaia.fr/,https://cabaia.teamtailor.com,teamtailor,EN_PROD_ACTIVE,7 offres vérifiées · robots ALLOWED · dernier run NEW 7 offres
Çalık Holding,http://www.calik.com/,https://careers.calik.com,successfactors,EN_PROD_ACTIVE,4 offres vérifiées · robots ALLOWED · dernier run NEW 4 offres
CAMBIO,https://cambio.de/,https://cambio.teamtailor.com,teamtailor,EN_PROD_ACTIVE,9 offres vérifiées · robots ALLOWED · dernier run NEW 9 offres
CAMPER,https://www.camper.com/,https://careers.camper.com,teamtailor,EN_PROD_ACTIVE,43 offres vérifiées · robots ALLOWED · dernier run NEW 43 offres
Canada Goose,http://www.canadagoose.com/,https://canadagoose.wd3.myworkdayjobs.com/CanadaGooseCareers,workday,EN_PROD_ACTIVE,104 offres vérifiées · robots ALLOWED · dernier run OK 101 offres
CARLA B,http://www.carlab.it/,https://carla.teamtailor.com,teamtailor,EN_PROD_ACTIVE,12 offres vérifiées · robots ALLOWED · dernier run NEW 12 offres
Castore,https://castore.com/,https://careers.castore.com,teamtailor,EN_PROD_ACTIVE,25 offres vérifiées · robots ALLOWED · dernier run NEW 25 offres
Catbird,https://www.catbirdnyc.com/,https://jobs.lever.co/Catbird,lever,EN_PROD_ACTIVE,20 offres vérifiées · robots ALLOWED · dernier run NEW 18 offres
celio,https://www.celio.be/fr_BE,https://celio.teamtailor.com,teamtailor,EN_PROD_ACTIVE,8 offres vérifiées · robots ALLOWED · dernier run NEW 8 offres
Charlotte Tilbury,,https://www.welcometothejungle.com/fr/companies/charlotte-tilbury/jobs,wttj,EN_PROD_ACTIVE,17 offres vérifiées · robots ALLOWED · dernier run OK 15 offres
Chico's,https://www.chicos.com/store/,https://knitwellgroup.wd1.myworkdayjobs.com/Canada_Jobs,workday,EN_PROD_ACTIVE,9 offres vérifiées · robots ALLOWED · dernier run NEW 9 offres
Chisholm Hunter,https://www.chisholmhunter.co.uk/,https://jobs.smartrecruiters.com/chisholmhunter,smartrecruiters-whitelabel,EN_PROD_ACTIVE,1 offres vérifiées · robots ALLOWED (no robots.txt reachable) · dernier run NEW 1 offres
Chrome,https://www.chromeindustries.com/,https://boards.greenhouse.io/chromeindustries,greenhouse,EN_PROD_ACTIVE,1 offres vérifiées · robots ALLOWED · dernier run NEW 1 offres
City Beauty,http://citybeauty.com/,https://boards.greenhouse.io/citybeauty,greenhouse,EN_PROD_ACTIVE,1 offres vérifiées · robots ALLOWED · dernier run NEW 1 offres
Clarins,,https://careers.groupeclarins.com,successfactors,EN_PROD_ACTIVE,40 offres vérifiées · robots ALLOWED · dernier run OK 40 offres
Clarkson Eyecare,https://www.clarksoneyecare.com/,https://boards.greenhouse.io/clarksoneyecare,greenhouse,EN_PROD_ACTIVE,153 offres vérifiées · robots ALLOWED
Cleo,https://www.cleo.ca/,https://boards.greenhouse.io/cleo,greenhouse,EN_PROD_ACTIVE,4 offres vérifiées · robots ALLOWED · dernier run NEW 4 offres
CLOSED,https://www.closed.com/,https://closed.jobs.personio.de,personio,EN_PROD_ACTIVE,14 offres vérifiées · robots ALLOWED (no robots.txt reachable) · dernier run NEW 14 offres
Club L London,https://clubllondon.com/,https://careers.clubllondon.com,teamtailor,EN_PROD_ACTIVE,16 offres vérifiées · robots ALLOWED · dernier run NEW 16 offres
Club Monaco,https://www.clubmonaco.com/,https://boards.greenhouse.io/clubmonaco,greenhouse,EN_PROD_ACTIVE,24 offres vérifiées · robots ALLOWED · dernier run NEW 24 offres
Coast,https://www.coastfashion.com/,https://boards.greenhouse.io/coast,greenhouse,EN_PROD_ACTIVE,17 offres vérifiées · robots ALLOWED · dernier run NEW 17 offres
Columbia Sportswear,https://www.columbiasportswear.nl/,https://www.welcometothejungle.com/fr/companies/columbia/jobs,wttj,EN_PROD_ACTIVE,4 offres vérifiées · robots UNKNOWN (no domain) · dernier run NEW 4 offres
Conde Nast France,,https://condenast.wd115.myworkdayjobs.com/CondeCareers,workday,EN_PROD_ACTIVE,139 offres vérifiées · robots ALLOWED · dernier run OK 142 offres
Corum,http://www.corum.ch/,https://www.welcometothejungle.com/fr/companies/corum/jobs,wttj,EN_PROD_ACTIVE,6 offres vérifiées · robots ALLOWED · dernier run NEW 6 offres
Cotton On,https://cottonon.com/,https://jobs.smartrecruiters.com/cottonon,smartrecruiters-whitelabel,EN_PROD_ACTIVE,3 offres vérifiées · robots UNKNOWN (no domain) · dernier run NEW 3 offres
Courir,https://www.courir.com/,https://jobs.smartrecruiters.com/courir,smartrecruiters-whitelabel,EN_PROD_ACTIVE,392 offres vérifiées · robots ALLOWED (no robots.txt reachable)
Cove,https://www.messwithcove.com/,https://cove.teamtailor.com,teamtailor,EN_PROD_ACTIVE,1 offres vérifiées · robots ALLOWED · dernier run NEW 1 offres
Crocs,https://www.crocs.ru/,https://careers.crocs.com,successfactors,EN_PROD_ACTIVE,381 offres vérifiées · robots ALLOWED
Cuyana,https://www.cuyana.com/,https://boards.greenhouse.io/cuyana,greenhouse,EN_PROD_ACTIVE,1 offres vérifiées · robots ALLOWED · dernier run NEW 1 offres
Cynthia Rowley,https://cynthiarowley.com/,https://jobs.smartrecruiters.com/cynthiarowley,smartrecruiters-whitelabel,EN_PROD_ACTIVE,1 offres vérifiées · robots ALLOWED (no robots.txt reachable) · dernier run NEW 1 offres
Damart,https://www.damart.be/fr,https://damart.teamtailor.com,teamtailor,EN_PROD_ACTIVE,3 offres vérifiées · robots ALLOWED · dernier run NEW 3 offres
De Beers London,,https://jobs.smartrecruiters.com/AngloAmericanDeBeersGroup,smartrecruiters-whitelabel,EN_PROD_ACTIVE,96 offres vérifiées · robots ALLOWED · dernier run OK 102 offres
DECJUBA,https://www.decjuba.com.au/,https://careers.decjuba.com.au,successfactors,EN_PROD_ACTIVE,148 offres vérifiées · robots ALLOWED
dept,https://d-e-p-t.tokyo/eshop/,https://boards.greenhouse.io/dept,greenhouse,EN_PROD_ACTIVE,213 offres vérifiées · robots ALLOWED
DFS,,https://careers.dfs.com,successfactors,EN_PROD_ACTIVE,4 offres vérifiées · robots ALLOWED · dernier run OK 4 offres
DIDI,https://www.didi.nl/,https://boards.greenhouse.io/didi,greenhouse,EN_PROD_ACTIVE,9 offres vérifiées · robots ALLOWED · dernier run NEW 9 offres
Dim,https://www.dim.fr/,https://boards.greenhouse.io/dim,greenhouse,EN_PROD_ACTIVE,43 offres vérifiées · robots UNKNOWN (no domain) · dernier run NEW 43 offres
Diptyque,https://www.diptyqueparis.com/,https://www.welcometothejungle.com/fr/companies/diptyque-paris/jobs,wttj,EN_PROD_ACTIVE,28 offres vérifiées · robots ALLOWED · dernier run DEGRADED 28 offres
dna,https://www.dna-shoes.com/,https://boards.greenhouse.io/dna,greenhouse,EN_PROD_ACTIVE,1 offres vérifiées · robots ALLOWED · dernier run NEW 1 offres
Dolce & Gabbana,https://www.dolcegabbana.com/,https://jobs.dolcegabbana.com,successfactors,EN_PROD_ACTIVE,71 offres vérifiées · robots ALLOWED · dernier run NEW 73 offres
Dolls Kill,https://www.dollskill.com/,https://jobs.lever.co/dollskill,lever,EN_PROD_ACTIVE,11 offres vérifiées · robots ALLOWED · dernier run NEW 11 offres
Dr. Jart+ +13,,https://careers.elcompanies.com,eightfold,EN_PROD_ACTIVE,1386 offres vérifiées · robots ALLOWED
Dr Pierre Ricaud,,https://careers.groupe-rocher.com,successfactors,EN_PROD_ACTIVE,30 offres vérifiées · robots ALLOWED · dernier run OK 30 offres
Drunk Elephant +2,,https://careers.shiseido.com,successfactors,EN_PROD_ACTIVE,134 offres vérifiées · robots ALLOWED · dernier run OK 135 offres
Dune London,https://www.dune.co.uk/,https://careers.dunelondon.com,teamtailor,EN_PROD_ACTIVE,25 offres vérifiées · robots ALLOWED · dernier run NEW 25 offres
Eastpak,https://www.eastpak.com/,https://jobs.smartrecruiters.com/eastpak,smartrecruiters-whitelabel,EN_PROD_ACTIVE,4 offres vérifiées · robots ALLOWED (no robots.txt reachable) · dernier run NEW 4 offres
éclipse,https://eclipseglove.com/?oid=70&affid=1&source_id=GoY-rating&sub1=brandpage,https://boards.greenhouse.io/eclipse,greenhouse,EN_PROD_ACTIVE,1 offres vérifiées · robots ALLOWED · dernier run NEW 1 offres
Egon Zehnder,,https://apply.workable.com/ezrecruiting,workable,EN_PROD_ACTIVE,55 offres vérifiées · robots ALLOWED · dernier run OK 53 offres
Element +6,,https://recrutement.groupe-beaumanoir.com,magnet,EN_PROD_ACTIVE,408 offres vérifiées · robots ALLOWED
Embryolisse,,https://www.welcometothejungle.com/fr/companies/embryolisse/jobs,wttj,EN_PROD_ACTIVE,3 offres vérifiées · robots ALLOWED · dernier run OK 3 offres
EPHEMERA,https://www.ephemeralive.com/,https://ephemera.teamtailor.com,teamtailor,EN_PROD_ACTIVE,21 offres vérifiées · robots ALLOWED · dernier run NEW 21 offres
Eram +3,,https://recrutement.groupe-eram.com,magnet,EN_PROD_ACTIVE,89 offres vérifiées · robots ALLOWED · dernier run OK 79 offres
Eres,https://www.eresparis.com/en/,https://www.welcometothejungle.com/fr/companies/maison-eres/jobs,wttj,EN_PROD_ACTIVE,3 offres vérifiées · robots ALLOWED · dernier run OK 3 offres
Eric Bompard,https://www.eric-bompard.com/,https://jobs.smartrecruiters.com/ericbompard,smartrecruiters-whitelabel,EN_PROD_ACTIVE,31 offres vérifiées · robots ALLOWED (no robots.txt reachable) · dernier run NEW 31 offres
Escada Parfums +16,,https://careers.coty.com,successfactors,EN_PROD_ACTIVE,116 offres vérifiées · robots ALLOWED · dernier run OK 127 offres
EssilorLuxottica,https://www.essilorluxottica.com/,https://jobs.smartrecruiters.com/essilorluxottica,smartrecruiters-whitelabel,EN_PROD_ACTIVE,7 offres vérifiées · robots ALLOWED (no robots.txt reachable) · dernier run NEW 7 offres
Etam,https://www.etam.com/,https://career.groupeetam.com,teamtailor,EN_PROD_ACTIVE,188 offres vérifiées · robots ALLOWED
Eurofragrance,https://www.eurofragance.com/,https://careers.eurofragance.com,teamtailor,EN_PROD_ACTIVE,37 offres vérifiées · robots ALLOWED · dernier run NEW 37 offres
Everlane,https://www.everlane.com/,https://boards.greenhouse.io/everlane,greenhouse,EN_PROD_ACTIVE,43 offres vérifiées · robots ALLOWED · dernier run NEW 43 offres
Everything But Water,https://www.everythingbutwater.com/,https://everythingbutwater.wd5.myworkdayjobs.com/External,workday,EN_PROD_ACTIVE,42 offres vérifiées · robots ALLOWED · dernier run NEW 42 offres
f.a.e.,https://thrivemarket.com/,https://boards.greenhouse.io/thrivemarket,greenhouse,EN_PROD_ACTIVE,16 offres vérifiées · robots ALLOWED · dernier run NEW 16 offres
FAGUO,https://www.faguo-store.com/,https://carriere.faguo-store.com,teamtailor,EN_PROD_ACTIVE,9 offres vérifiées · robots ALLOWED · dernier run NEW 9 offres
FashionJobs,,,fashionjobs,EN_PROD_ACTIVE,"7611 offres vérifiées · robots ALLOWED (/emploi/ and /s/ not disallowed) — Cloudflare WAF, browser route"
Fastrack,https://www.fastrack.in/,https://fastrack.teamtailor.com,teamtailor,EN_PROD_ACTIVE,17 offres vérifiées · robots ALLOWED · dernier run NEW 17 offres
Fay,https://www.fay.com/gb-en/home/,https://boards.greenhouse.io/fay,greenhouse,EN_PROD_ACTIVE,2 offres vérifiées · robots ALLOWED · dernier run NEW 2 offres
Ferrari,https://store.ferrari.com/,https://jobs.ferrari.com,successfactors,EN_PROD_ACTIVE,7 offres vérifiées · robots ALLOWED · dernier run NEW 7 offres
Figaret,https://www.figaret.com/,https://www.welcometothejungle.com/fr/companies/figaret/jobs,wttj,EN_PROD_ACTIVE,2 offres vérifiées · robots ALLOWED · dernier run NEW 2 offres
FIGS,https://www.wearfigs.com/,https://boards.greenhouse.io/figs15,greenhouse,EN_PROD_ACTIVE,28 offres vérifiées · robots ALLOWED · dernier run NEW 28 offres
Filson,https://www.filson.com/,https://boards.greenhouse.io/filson,greenhouse,EN_PROD_ACTIVE,10 offres vérifiées · robots ALLOWED · dernier run NEW 10 offres
FitFlop,https://www.fitflop.com/,https://careers.fitflop.com,teamtailor,EN_PROD_ACTIVE,10 offres vérifiées · robots ALLOWED · dernier run NEW 10 offres
Fjällräven,https://www.fjallraven.com/,https://career.fjallraven.com,teamtailor,EN_PROD_ACTIVE,1 offres vérifiées · robots ALLOWED · dernier run NEW 1 offres
Foot Locker France,,https://careers.footlocker.com,phenom,EN_PROD_ACTIVE,2794 offres vérifiées · robots ALLOWED
FRAME,https://frame-store.com/,https://www.welcometothejungle.com/fr/companies/frame/jobs,wttj,EN_PROD_ACTIVE,3 offres vérifiées · robots ALLOWED · dernier run NEW 3 offres
Frank Darling,https://frankdarling.com/,https://careers.frankdarling.com,teamtailor,EN_PROD_ACTIVE,34 offres vérifiées · robots ALLOWED · dernier run NEW 34 offres
Fred Perry,https://www.fredperry.com/,https://careers.fredperry.com,teamtailor,EN_PROD_ACTIVE,16 offres vérifiées · robots ALLOWED · dernier run NEW 16 offres
Funky Buddha,https://www.funky-buddha.com/,https://jobs.smartrecruiters.com/ALTEXSA,smartrecruiters-whitelabel,EN_PROD_ACTIVE,20 offres vérifiées · robots ALLOWED · dernier run NEW 20 offres
Fusalp,https://fusalp.com/,https://www.welcometothejungle.com/fr/companies/fusalp/jobs,wttj,EN_PROD_ACTIVE,20 offres vérifiées · robots ALLOWED · dernier run NEW 20 offres
Galeries Lafayette,https://www.galerieslafayette.com/,https://carrieres.groupegalerieslafayette.com,teamtailor,EN_PROD_ACTIVE,157 offres vérifiées · robots ALLOWED
Galileo,https://www.galileomen.com/,https://boards.greenhouse.io/galileo,greenhouse,EN_PROD_ACTIVE,12 offres vérifiées · robots ALLOWED · dernier run NEW 12 offres
GANNI,https://www.ganni.com/,https://ganni.teamtailor.com,teamtailor,EN_PROD_ACTIVE,11 offres vérifiées · robots ALLOWED · dernier run NEW 11 offres
Gate,https://gate.shop/,https://jobs.lever.co/gate,lever,EN_PROD_ACTIVE,19 offres vérifiées · robots ALLOWED · dernier run NEW 19 offres
Genesis,https://www.genesisfootwear.com/,https://jobs.lever.co/genesis,lever,EN_PROD_ACTIVE,5 offres vérifiées · robots ALLOWED · dernier run NEW 5 offres
GEORGES,https://georgesjewellery.gr/,https://georges.teamtailor.com,teamtailor,EN_PROD_ACTIVE,11 offres vérifiées · robots ALLOWED · dernier run NEW 11 offres
Ghost,https://www.ghost.co.uk/,https://boards.greenhouse.io/ghost,greenhouse,EN_PROD_ACTIVE,4 offres vérifiées · robots ALLOWED · dernier run NEW 4 offres
Giga,https://www.gigashoes.nl/,https://giga.jobs.personio.de,personio,EN_PROD_ACTIVE,2 offres vérifiées · robots ALLOWED (no robots.txt reachable) · dernier run NEW 2 offres
G.Label by Goop,https://goop.com/,https://boards.greenhouse.io/goop,greenhouse,EN_PROD_ACTIVE,6 offres vérifiées · robots ALLOWED (no robots.txt reachable) · dernier run NEW 6 offres
Glitter,https://glitter.dk/,https://glitter.teamtailor.com,teamtailor,EN_PROD_ACTIVE,31 offres vérifiées · robots ALLOWED · dernier run NEW 31 offres
Glossier,https://www.glossier.com/,https://boards.greenhouse.io/glossier,greenhouse,EN_PROD_ACTIVE,22 offres vérifiées · robots ALLOWED · dernier run NEW 22 offres
Good American,https://www.goodamerican.com/,https://jobs.lever.co/goodamerican,lever,EN_PROD_ACTIVE,15 offres vérifiées · robots ALLOWED · dernier run NEW 15 offres
Go Outdoors,https://www.gooutdoors.co.uk/,https://boards.greenhouse.io/gooutdoors,greenhouse,EN_PROD_ACTIVE,4 offres vérifiées · robots ALLOWED · dernier run NEW 4 offres
Gorjana,https://www.gorjana.com/,https://boards.greenhouse.io/gorjana,greenhouse,EN_PROD_ACTIVE,167 offres vérifiées · robots ALLOWED
GOT BAG,https://got-bag.com/,https://got-bag-gmbh.jobs.personio.de,personio,EN_PROD_ACTIVE,3 offres vérifiées · robots ALLOWED · dernier run NEW 3 offres
Gridline,https://gridlineint.co.za/,https://jobs.lever.co/gridline,lever,EN_PROD_ACTIVE,4 offres vérifiées · robots ALLOWED · dernier run NEW 4 offres
Groundies,https://www.groundies.com/,https://groundies.jobs.personio.de,personio,EN_PROD_ACTIVE,1 offres vérifiées · robots ALLOWED (no robots.txt reachable) · dernier run NEW 1 offres
Groupe Chantelle,,https://groupechantelle-recrute.talent-soft.com,talentsoft,EN_PROD_ACTIVE,20 offres vérifiées · robots ALLOWED · dernier run OK 20 offres
Groupe Printemps,,https://printemps-career.talent-soft.com,talentsoft,EN_PROD_ACTIVE,20 offres vérifiées · robots ALLOWED · dernier run OK 20 offres
Guild+Pepper,http://hoteliers.gilchristsoames.com/,https://boards.greenhouse.io/guild,greenhouse,EN_PROD_ACTIVE,4 offres vérifiées · robots ALLOWED · dernier run NEW 4 offres
Gymshark,https://au.gymshark.com/,https://boards.greenhouse.io/gymshark,greenhouse,EN_PROD_ACTIVE,17 offres vérifiées · robots ALLOWED · dernier run NEW 17 offres
Hades,https://hades-shop.co.uk/,https://hades.jobs.personio.de,personio,EN_PROD_ACTIVE,7 offres vérifiées · robots ALLOWED (no robots.txt reachable) · dernier run NEW 7 offres
Hanna Andersson,https://www.hannaandersson.com/,https://jobs.lever.co/hannaandersson,lever,EN_PROD_ACTIVE,8 offres vérifiées · robots ALLOWED · dernier run NEW 8 offres
Hans Anders,https://www.hansanders.nl/,https://jobs.hansanders.nl,teamtailor,EN_PROD_ACTIVE,149 offres vérifiées · robots ALLOWED
Happy Socks,https://www.happysocks.com/,https://happysocks.teamtailor.com,teamtailor,EN_PROD_ACTIVE,4 offres vérifiées · robots ALLOWED · dernier run NEW 4 offres
Helena Rubinstein +8,,https://www.welcometothejungle.com/fr/companies/l-oreal/jobs,wttj,EN_PROD_ACTIVE,62 offres vérifiées · robots ALLOWED · dernier run DEGRADED 67 offres
Hermès,https://www.hermes.com/,https://www.welcometothejungle.com/fr/companies/hermes/jobs,wttj,EN_PROD_ACTIVE,581 offres vérifiées · robots ALLOWED
Herschel Supply Co.,https://www.herschel.com/,https://boards.greenhouse.io/herschelsupplyco,greenhouse,EN_PROD_ACTIVE,7 offres vérifiées · robots ALLOWED · dernier run NEW 7 offres
Hindbag,https://hindbag.fr/,https://www.welcometothejungle.com/fr/companies/hindbag/jobs,wttj,EN_PROD_ACTIVE,5 offres vérifiées · robots ALLOWED · dernier run NEW 5 offres
Hoff,https://thehoffbrand.com/,https://careers.thehoffbrand.com,teamtailor,EN_PROD_ACTIVE,9 offres vérifiées · robots ALLOWED · dernier run NEW 9 offres
HONE,http://www.honeessentials.com/,https://boards.greenhouse.io/hone,greenhouse,EN_PROD_ACTIVE,2 offres vérifiées · robots ALLOWED · dernier run NEW 2 offres
Honey Birdette,https://uk.honeybirdette.com/?geo=GB&currency=GBP%3Futm_source%3DGoodOnYou+App,https://honeybirdette.teamtailor.com,teamtailor,EN_PROD_ACTIVE,58 offres vérifiées · robots ALLOWED · dernier run NEW 58 offres
Honor,https://www.honor.com/,https://boards.greenhouse.io/honor,greenhouse,EN_PROD_ACTIVE,12 offres vérifiées · robots ALLOWED · dernier run NEW 12 offres
Hot Topic,https://www.hottopic.com/,https://jobs.lever.co/hottopic,lever,EN_PROD_ACTIVE,17 offres vérifiées · robots ALLOWED · dernier run NEW 17 offres
HUBER,https://www.huber-bodywear.com/,https://careers.huber.com,successfactors,EN_PROD_ACTIVE,30 offres vérifiées · robots ALLOWED · dernier run NEW 30 offres
ILIA,http://iliabeauty.com/,https://boards.greenhouse.io/ilia,greenhouse,EN_PROD_ACTIVE,13 offres vérifiées · robots ALLOWED · dernier run NEW 13 offres
imi's,https://www.cbamd.com/,https://boards.greenhouse.io/imi,greenhouse,EN_PROD_ACTIVE,4 offres vérifiées · robots ALLOWED · dernier run NEW 4 offres
Indiska,https://www.indiska.com/,https://careers.indiska.com,teamtailor,EN_PROD_ACTIVE,2 offres vérifiées · robots ALLOWED · dernier run NEW 2 offres
Infuse,https://www.infuse-skin.com/,https://boards.greenhouse.io/infuse,greenhouse,EN_PROD_ACTIVE,411 offres vérifiées · robots ALLOWED
Innisfree,https://www.innisfree.com/,https://jobs.smartrecruiters.com/innisfree,smartrecruiters-whitelabel,EN_PROD_ACTIVE,1 offres vérifiées · robots ALLOWED (no robots.txt reachable) · dernier run NEW 1 offres
INTERSPORT,https://intersport.dk/,https://intersport.teamtailor.com,teamtailor,EN_PROD_ACTIVE,6 offres vérifiées · robots ALLOWED · dernier run NEW 6 offres
ION,https://www.ion-products.com/,https://jobs.lever.co/ion,lever,EN_PROD_ACTIVE,69 offres vérifiées · robots ALLOWED · dernier run NEW 69 offres
Iris van Herpen,,https://irisvanherpen.recruitee.com,recruitee,EN_PROD_ACTIVE,6 offres vérifiées · robots ALLOWED · dernier run OK 6 offres
It's Fashion,https://www.itsfashions.com/,https://jobs.smartrecruiters.com/itsfashion,smartrecruiters-whitelabel,EN_PROD_ACTIVE,1 offres vérifiées · robots ALLOWED (no robots.txt reachable) · dernier run NEW 1 offres
Jako,https://www.jakosportkleding.nl/,https://jako.jobs.personio.de,personio,EN_PROD_ACTIVE,20 offres vérifiées · robots ALLOWED (no robots.txt reachable) · dernier run NEW 20 offres
JanSport,https://www.jansport.com/,https://vfc.wd5.myworkdayjobs.com/jansport_careers,workday,EN_PROD_ACTIVE,6 offres vérifiées · robots ALLOWED · dernier run NEW 6 offres
JD Sports,https://www.jdplc.com/,https://boards.greenhouse.io/jdsports,greenhouse,EN_PROD_ACTIVE,200 offres vérifiées · robots ALLOWED
Jean Paul Gaultier +5,,https://jobs.puig.com,successfactors,EN_PROD_ACTIVE,226 offres vérifiées · robots ALLOWED
Jeans Centre,https://www.jeanscentre.nl/,https://jeanscentre.recruitee.com,recruitee,EN_PROD_ACTIVE,57 offres vérifiées · robots ALLOWED · dernier run NEW 57 offres
Jérôme Dreyfuss,https://www.jerome-dreyfuss.com/int_en/,https://www.welcometothejungle.com/fr/companies/jerome-dreyfuss/jobs,wttj,EN_PROD_ACTIVE,1 offres vérifiées · robots ALLOWED · dernier run NEW 1 offres
Jewells,https://jewells.com/,https://jewells.teamtailor.com,teamtailor,EN_PROD_ACTIVE,4 offres vérifiées · robots ALLOWED · dernier run NEW 4 offres
J.Lindeberg,http://www.jlindebergusa.com/,https://jlindeberg.teamtailor.com,teamtailor,EN_PROD_ACTIVE,10 offres vérifiées · robots ALLOWED · dernier run NEW 10 offres
Joe Fresh,http://www.joefresh.com/,https://jobs.smartrecruiters.com/joefresh,smartrecruiters-whitelabel,EN_PROD_ACTIVE,3 offres vérifiées · robots ALLOWED (no robots.txt reachable) · dernier run NEW 3 offres
John Henric,https://johnhenric.com/,https://johnhenric.teamtailor.com,teamtailor,EN_PROD_ACTIVE,14 offres vérifiées · robots ALLOWED · dernier run NEW 14 offres
JoJo Maman Bébé,https://www.jojomamanbebe.co.uk/,https://jojomamanbebe.teamtailor.com,teamtailor,EN_PROD_ACTIVE,25 offres vérifiées · robots ALLOWED · dernier run NEW 25 offres
Jonak,https://www.jonak.fr/,https://www.welcometothejungle.com/fr/companies/jonak/jobs,wttj,EN_PROD_ACTIVE,17 offres vérifiées · robots ALLOWED · dernier run OK 19 offres
Jonsson Workwear,https://www.jonssonworkwear.com/,https://boards.greenhouse.io/jonssonworkwear,greenhouse,EN_PROD_ACTIVE,38 offres vérifiées · robots ALLOWED · dernier run NEW 38 offres
Joy,https://joyoptics.bg/,https://joy.teamtailor.com,teamtailor,EN_PROD_ACTIVE,2 offres vérifiées · robots ALLOWED · dernier run NEW 2 offres
Jules,https://www.jules.com/,,talentview,EN_PROD_ACTIVE,10 offres vérifiées · robots ALLOWED · dernier run OK 10 offres
Julie & Grace,https://www.julie-grace.de/,https://julie-grace.jobs.personio.de,personio,EN_PROD_ACTIVE,4 offres vérifiées · robots ALLOWED · dernier run NEW 4 offres
Kapten & Son,https://kapten-son.com/en,https://kaptenandson.recruitee.com,recruitee,EN_PROD_ACTIVE,28 offres vérifiées · robots ALLOWED · dernier run NEW 28 offres
Karla Otto,,https://careers.karlaotto.com,teamtailor,EN_PROD_ACTIVE,13 offres vérifiées · robots ALLOWED · dernier run OK 12 offres
Kastner & Öhler,https://www.kastner-oehler.at/,https://www.kastner-oehler.at/job-karriere/angebot/backoffice-mitarbeiterin-graz-teilzeit/,generic-listing,EN_PROD_ACTIVE,3 offres vérifiées · robots ALLOWED · dernier run NEW 3 offres
Kate McLeod,https://www.katemcleod.com/,https://boards.greenhouse.io/katemcleod,greenhouse,EN_PROD_ACTIVE,3 offres vérifiées · robots ALLOWED · dernier run NEW 3 offres
Katie Loxton,https://www.katieloxton.com/,https://careers.katieloxton.com,teamtailor,EN_PROD_ACTIVE,19 offres vérifiées · robots ALLOWED · dernier run NEW 19 offres
KENT,https://www.wearkent.com/?oid=22&affid=1&source_id=GoY-rating&sub1=brandpage,https://kent.jobs.personio.de,personio,EN_PROD_ACTIVE,13 offres vérifiées · robots ALLOWED (no robots.txt reachable) · dernier run NEW 13 offres
Kering (toutes Maisons),,https://careers.kering.com,eightfold,EN_PROD_ACTIVE,1008 offres vérifiées · robots ALLOWED (Allow: /api/pcsx)
Kiabi,https://www.kiabi.com/,https://jobs.smartrecruiters.com/kiabi,smartrecruiters-whitelabel,EN_PROD_ACTIVE,261 offres vérifiées · robots ALLOWED (no robots.txt reachable)
Kicks,https://www.kicks.se/,https://careers.kicks.se,teamtailor,EN_PROD_ACTIVE,14 offres vérifiées · robots ALLOWED · dernier run NEW 14 offres
Kidzart,http://www.kidz-art.nl/,https://jobs.smartrecruiters.com/kidzart,smartrecruiters-whitelabel,EN_PROD_ACTIVE,1 offres vérifiées · robots ALLOWED (no robots.txt reachable) · dernier run NEW 1 offres
Kiko Milano,https://www.kikocosmetics.com/,https://kikomilano.recruitee.com,recruitee,EN_PROD_ACTIVE,21 offres vérifiées · robots ALLOWED · dernier run NEW 21 offres
KILLSTAR,https://www.killstar.com/,https://killstar.teamtailor.com,teamtailor,EN_PROD_ACTIVE,3 offres vérifiées · robots ALLOWED · dernier run NEW 3 offres
Klättermusen,https://www.klattermusen.com/,https://careers.klattermusen.com,teamtailor,EN_PROD_ACTIVE,2 offres vérifiées · robots ALLOWED · dernier run NEW 2 offres
Knock Knock,https://knocklinen.com/,https://boards.greenhouse.io/knock,greenhouse,EN_PROD_ACTIVE,2 offres vérifiées · robots ALLOWED · dernier run NEW 2 offres
KULT | OLYMP&HADES,https://www.kult-olymp-hades.de/,https://jpweltersgorgensgmbhcobekleidungskg.recruitee.com,recruitee,EN_PROD_ACTIVE,80 offres vérifiées · robots ALLOWED · dernier run NEW 80 offres
La casa de las Carcasas,https://lacasadelascarcasas.it/,https://lacasadelascarcasas.teamtailor.com,teamtailor,EN_PROD_ACTIVE,722 offres vérifiées · robots ALLOWED
Lacoste,https://www.lacoste.com/,,digitalrecruiters,EN_PROD_ACTIVE,455 offres vérifiées · robots ALLOWED
Lagardère Travel Retail,,https://lagardere-recrute.talent-soft.com,talentsoft,EN_PROD_ACTIVE,20 offres vérifiées · robots ALLOWED · dernier run OK 20 offres
LAGER 157,https://www.lager157.com/,https://careers.lager157.com,teamtailor,EN_PROD_ACTIVE,45 offres vérifiées · robots ALLOWED · dernier run NEW 45 offres
La Rosee,,https://www.welcometothejungle.com/fr/companies/la-rosee/jobs,wttj,EN_PROD_ACTIVE,16 offres vérifiées · robots ALLOWED · dernier run OK 17 offres
La Senza,https://lasenza.com/,https://boards.greenhouse.io/lasenza,greenhouse,EN_PROD_ACTIVE,49 offres vérifiées · robots ALLOWED · dernier run NEW 49 offres
Laverana GmbH & Co. KG,https://www.laverana.com/,https://lavera.jobs.personio.de,personio,EN_PROD_ACTIVE,25 offres vérifiées · robots ALLOWED · dernier run NEW 25 offres
Lavish Alice,https://www.lavishalice.com/,https://lavishalice.teamtailor.com,teamtailor,EN_PROD_ACTIVE,2 offres vérifiées · robots ALLOWED · dernier run NEW 2 offres
Lectra,,https://www.welcometothejungle.com/fr/companies/lectra/jobs,wttj,EN_PROD_ACTIVE,22 offres vérifiées · robots ALLOWED · dernier run OK 22 offres
Lensa,https://lensa.ro/,https://lensa.teamtailor.com,teamtailor,EN_PROD_ACTIVE,3 offres vérifiées · robots ALLOWED · dernier run NEW 3 offres
LERROS,https://lerros.nl/,https://lerros.jobs.personio.de,personio,EN_PROD_ACTIVE,1 offres vérifiées · robots ALLOWED (no robots.txt reachable) · dernier run NEW 1 offres
Le Slip Francais,,https://www.welcometothejungle.com/fr/companies/le-slip-francais/jobs,wttj,EN_PROD_ACTIVE,1 offres vérifiées · robots ALLOWED · dernier run OK 1 offres
Lexington,https://www.lexingtoncompany.com/,https://jobs.lexingtoncompany.com,teamtailor,EN_PROD_ACTIVE,2 offres vérifiées · robots ALLOWED · dernier run NEW 2 offres
Lindex,https://www.lindex.com/,https://lindex.teamtailor.com,teamtailor,EN_PROD_ACTIVE,7 offres vérifiées · robots ALLOWED · dernier run NEW 7 offres
Little Words Project,https://www.littlewordsproject.com/,https://boards.greenhouse.io/littlewordsproject,greenhouse,EN_PROD_ACTIVE,14 offres vérifiées · robots ALLOWED · dernier run NEW 14 offres
L’Occitane en Provence +2,,https://careers-group.loccitane.com,successfactors,EN_PROD_ACTIVE,15 offres vérifiées · robots ALLOWED · dernier run OK 15 offres
LOFT,https://www.loft.com/,https://loft.teamtailor.com,teamtailor,EN_PROD_ACTIVE,62 offres vérifiées · robots ALLOWED · dernier run NEW 62 offres
Longchamp,https://www.longchamp.com/,https://longchamp-career.talent-soft.com,talentsoft,EN_PROD_ACTIVE,20 offres vérifiées · robots ALLOWED · dernier run OK 20 offres
Löplabbet,https://loplabbet.no/,https://loplabbet.teamtailor.com,teamtailor,EN_PROD_ACTIVE,1 offres vérifiées · robots ALLOWED · dernier run NEW 1 offres
L’Oréal Professionnel,,https://careers.loreal.com,avature,EN_PROD_ACTIVE,1722 offres vérifiées · robots ALLOWED
Louise Misha,https://louisemisha.com/,https://www.welcometothejungle.com/fr/companies/louise-misha/jobs,wttj,EN_PROD_ACTIVE,2 offres vérifiées · robots ALLOWED · dernier run NEW 2 offres
Lounge,https://lounge.com/,https://careers.lounge.com,teamtailor,EN_PROD_ACTIVE,11 offres vérifiées · robots ALLOWED · dernier run NEW 11 offres
Lovable,https://www.lovable.it/,https://boards.greenhouse.io/lovable,greenhouse,EN_PROD_ACTIVE,63 offres vérifiées · robots ALLOWED · dernier run NEW 63 offres
Lovisa,https://www.lovisa.com/,https://careers.lovisa.com,teamtailor,EN_PROD_ACTIVE,811 offres vérifiées · robots ALLOWED
Lucy & Yak,https://lucyandyak.com/,https://lucyandyak.teamtailor.com,teamtailor,EN_PROD_ACTIVE,5 offres vérifiées · robots ALLOWED · dernier run NEW 5 offres
Luhta,http://www.luhta.com/,https://luhta.teamtailor.com,teamtailor,EN_PROD_ACTIVE,4 offres vérifiées · robots ALLOWED · dernier run NEW 4 offres
Lumentee,https://lumentee.com/,https://lumentee.com/careers/,generic-listing,EN_PROD_ACTIVE,5 offres vérifiées · robots ALLOWED · dernier run NEW 5 offres
Lunettes pour Tous,https://lunettespourtous.com/,https://www.welcometothejungle.com/fr/companies/lunettes-pour-tous/jobs,wttj,EN_PROD_ACTIVE,4 offres vérifiées · robots ALLOWED · dernier run NEW 4 offres
Luxe Talent,,https://www.luxetalent.net,wordpress,EN_PROD_ACTIVE,"478 offres vérifiées · robots ALLOWED (Disallow /wp-admin/ only) — standard WP REST, x-wp-total 478"
LVMH (toutes Maisons),,,lvmh_algolia,EN_PROD_ACTIVE,5222 offres vérifiées · robots ALLOWED
Madame Figaro,,https://www.welcometothejungle.com/fr/companies/groupe-figaro/jobs,wttj,EN_PROD_ACTIVE,12 offres vérifiées · robots ALLOWED · dernier run OK 12 offres
Madewell,https://www.madewell.com/,https://jcrew.wd1.myworkdayjobs.com/MadewellCareers,workday,EN_PROD_ACTIVE,252 offres vérifiées · robots ALLOWED
Madhappy,https://www.madhappy.com/,https://jobs.lever.co/madhappy,lever,EN_PROD_ACTIVE,15 offres vérifiées · robots ALLOWED · dernier run NEW 15 offres
Magasin du Nord,http://www.magasin.dk/,https://magasin.teamtailor.com,teamtailor,EN_PROD_ACTIVE,40 offres vérifiées · robots ALLOWED · dernier run NEW 40 offres
Maison 123,https://www.maison123.com/,https://career.maison123.com,teamtailor,EN_PROD_ACTIVE,52 offres vérifiées · robots ALLOWED · dernier run OK 60 offres
Maison Kitsune,,https://www.welcometothejungle.com/fr/companies/kitsune-fr/jobs,wttj,EN_PROD_ACTIVE,8 offres vérifiées · robots ALLOWED · dernier run OK 8 offres
Maison Margiela,https://www.maisonmargiela.com/,https://careers.otb.net,successfactors,EN_PROD_ACTIVE,60 offres vérifiées · robots ALLOWED · dernier run OK 60 offres
MAKE,https://www.make-land.com/,https://boards.greenhouse.io/make,greenhouse,EN_PROD_ACTIVE,15 offres vérifiées · robots ALLOWED · dernier run NEW 15 offres
Marc O'Polo,https://www.marc-o-polo.com/,https://company.marc-o-polo.com/en/career,generic-listing,EN_PROD_ACTIVE,15 offres vérifiées · robots ALLOWED · dernier run NEW 15 offres
Marella,https://us.marella.com/,https://jobs.smartrecruiters.com/MaxMaraFashionGroup,smartrecruiters-whitelabel,EN_PROD_ACTIVE,182 offres vérifiées · robots ALLOWED
Margaret Howell,https://www.margarethowell.co.uk/,https://careers.margarethowell.co.uk,teamtailor,EN_PROD_ACTIVE,4 offres vérifiées · robots ALLOWED · dernier run OK 4 offres
Markham,https://www.markham.co.za/home,https://jobs.lever.co/markham,lever,EN_PROD_ACTIVE,3 offres vérifiées · robots ALLOWED · dernier run NEW 3 offres
MaryRuth's,https://www.maryruthorganics.com/,https://careers.maryruths.com,teamtailor,EN_PROD_ACTIVE,3 offres vérifiées · robots ALLOWED · dernier run NEW 3 offres
MASCOT Workwear,http://www.mascot.dk/,https://careers.mascot.dk,successfactors,EN_PROD_ACTIVE,40 offres vérifiées · robots ALLOWED · dernier run NEW 40 offres
Mateo,https://mateonewyork.com/,https://mateo.jobs.personio.de,personio,EN_PROD_ACTIVE,9 offres vérifiées · robots ALLOWED (no robots.txt reachable) · dernier run NEW 9 offres
Medik8,,https://careers.medik8.com,teamtailor,EN_PROD_ACTIVE,19 offres vérifiées · robots ALLOWED · dernier run OK 19 offres
Mejuri,https://mejuri.com/,https://boards.greenhouse.io/mejuri,greenhouse,EN_PROD_ACTIVE,141 offres vérifiées · robots ALLOWED · dernier run NEW 141 offres
Merkal,https://www.merkal.com/,https://merkal.teamtailor.com,teamtailor,EN_PROD_ACTIVE,36 offres vérifiées · robots ALLOWED · dernier run NEW 36 offres
Merz B. Schwanen,https://merzbschwanen.com/,https://merz-b-schwanen.jobs.personio.de,personio,EN_PROD_ACTIVE,2 offres vérifiées · robots ALLOWED (no robots.txt reachable) · dernier run NEW 2 offres
METHOD H L.A.,https://method-h-la.com/,https://boards.greenhouse.io/method,greenhouse,EN_PROD_ACTIVE,2 offres vérifiées · robots ALLOWED · dernier run NEW 2 offres
Michael Page France,,https://www.michaelpage.fr/jobs,generic-listing,EN_PROD_ACTIVE,"3800 offres vérifiées · robots ALLOWED (Disallow covers /job-apply/, salary-param URLs and deep facets — not /jobs?page= nor /job-detail/)"
Minimalist,https://minimalist.nyc/?oid=221&affid=1&source_id=GoY-rating&sub1=brandpage,https://minimalist.recruitee.com,recruitee,EN_PROD_ACTIVE,8 offres vérifiées · robots ALLOWED · dernier run NEW 8 offres
Miu Miu,https://www.miumiu.com/,https://jobs.smartrecruiters.com/miu,smartrecruiters-whitelabel,EN_PROD_ACTIVE,7 offres vérifiées · robots ALLOWED (no robots.txt reachable) · dernier run NEW 7 offres
MoEa,https://moea.io/,https://www.welcometothejungle.com/fr/companies/moea/jobs,wttj,EN_PROD_ACTIVE,1 offres vérifiées · robots ALLOWED · dernier run NEW 1 offres
Molton Brown,https://www.moltonbrown.co.uk/,https://boards.greenhouse.io/moltonbrown,greenhouse,EN_PROD_ACTIVE,18 offres vérifiées · robots ALLOWED · dernier run NEW 18 offres
Monica Vinader,https://www.monicavinader.com/de/,https://careers.monicavinader.com,teamtailor,EN_PROD_ACTIVE,37 offres vérifiées · robots ALLOWED · dernier run NEW 37 offres
Monsieur Tshirt,https://www.monsieurtshirt.com/,https://www.welcometothejungle.com/fr/companies/monsieur-tshirt/jobs,wttj,EN_PROD_ACTIVE,7 offres vérifiées · robots ALLOWED · dernier run NEW 7 offres
Mosaic,https://batumimosaic.ge/,https://jobs.smartrecruiters.com/mosaic,smartrecruiters-whitelabel,EN_PROD_ACTIVE,3 offres vérifiées · robots ALLOWED (no robots.txt reachable) · dernier run NEW 3 offres
Motel,http://www.motelrocks.com/,https://jobs.motelrocks.com,teamtailor,EN_PROD_ACTIVE,1 offres vérifiées · robots ALLOWED · dernier run NEW 1 offres
Movado,https://www.movado.com/,https://movadogroup.wd1.myworkdayjobs.com/Careers,workday,EN_PROD_ACTIVE,127 offres vérifiées · robots ALLOWED (no robots.txt reachable) · dernier run NEW 127 offres
MQ MarQet,https://www.mq.se/,https://career.mq.se,teamtailor,EN_PROD_ACTIVE,13 offres vérifiées · robots ALLOWED · dernier run NEW 13 offres
MR MARVIS,https://www.mrmarvis.com/,https://mrmarvis.teamtailor.com,teamtailor,EN_PROD_ACTIVE,31 offres vérifiées · robots ALLOWED · dernier run NEW 31 offres
MS Mode,https://www.msmode.nl/,https://msmode.recruitee.com,recruitee,EN_PROD_ACTIVE,64 offres vérifiées · robots ALLOWED · dernier run NEW 64 offres
Mulberry,https://www.mulberry.com/,https://jobs.lever.co/mulberry,lever,EN_PROD_ACTIVE,32 offres vérifiées · robots ALLOWED · dernier run NEW 32 offres
Multiópticas,https://www.multiopticas.pt/,https://multiopticas.teamtailor.com,teamtailor,EN_PROD_ACTIVE,85 offres vérifiées · robots ALLOWED · dernier run NEW 85 offres
MVMT,https://www.mvmtwatches.com/,https://jobs.smartrecruiters.com/mvmt,smartrecruiters-whitelabel,EN_PROD_ACTIVE,1 offres vérifiées · robots ALLOWED (no robots.txt reachable) · dernier run NEW 1 offres
My Jewellery,https://www.my-jewellery.com/,https://myjewellery.recruitee.com,recruitee,EN_PROD_ACTIVE,85 offres vérifiées · robots ALLOWED · dernier run NEW 85 offres
NAOS,https://naos.com/,https://careers.naos.com,successfactors,EN_PROD_ACTIVE,27 offres vérifiées · robots ALLOWED · dernier run NEW 25 offres
NARS,,https://jobs.shiseidoamericas.com,radancy,EN_PROD_ACTIVE,46 offres vérifiées · robots ALLOWED · dernier run OK 51 offres
Naturkompaniet,https://www.naturkompaniet.se/,https://naturkompaniet.teamtailor.com,teamtailor,EN_PROD_ACTIVE,5 offres vérifiées · robots ALLOWED · dernier run NEW 5 offres
Nexus,http://www.nexus-es.it/,https://boards.greenhouse.io/nexus,greenhouse,EN_PROD_ACTIVE,5 offres vérifiées · robots ALLOWED · dernier run NEW 5 offres
Nike,https://www.nike.com/,https://nike.wd1.myworkdayjobs.com/nke,workday,EN_PROD_ACTIVE,775 offres vérifiées · robots ALLOWED
NIKIN,https://nikinclothing.com/?oid=111&affid=1&source_id=GoY-rating&sub1=brandpage,https://nikin.recruitee.com,recruitee,EN_PROD_ACTIVE,2 offres vérifiées · robots ALLOWED · dernier run NEW 2 offres
Nimble,https://uk.nimbleactivewear.com/,https://nimble.recruitee.com,recruitee,EN_PROD_ACTIVE,5 offres vérifiées · robots ALLOWED · dernier run NEW 5 offres
Normal,,https://jobs.normal.eu,teamtailor,EN_PROD_ACTIVE,440 offres vérifiées · robots ALLOWED
Novara,http://www.novarabeauty.com/,https://jobs.lever.co/novara,lever,EN_PROD_ACTIVE,6 offres vérifiées · robots ALLOWED · dernier run NEW 6 offres
Nude Project,https://nude-project.com/,https://nudeproject.teamtailor.com,teamtailor,EN_PROD_ACTIVE,13 offres vérifiées · robots ALLOWED · dernier run NEW 13 offres
Nudie Jeans,https://www.nudiejeans.com/,https://careers.nudiejeans.com,teamtailor,EN_PROD_ACTIVE,4 offres vérifiées · robots ALLOWED · dernier run NEW 4 offres
Nutrafol,https://nutrafol.com/,https://boards.greenhouse.io/nutrafol,greenhouse,EN_PROD_ACTIVE,12 offres vérifiées · robots ALLOWED · dernier run NEW 12 offres
Nutrire,http://tricoci.com/,https://careers.tricoci.com,teamtailor,EN_PROD_ACTIVE,50 offres vérifiées · robots ALLOWED · dernier run NEW 50 offres
NYX Professional Makeup,https://www.nyxcosmetics.ca/,https://nyx.teamtailor.com,teamtailor,EN_PROD_ACTIVE,21 offres vérifiées · robots ALLOWED · dernier run NEW 21 offres
Oak Essentials,http://oakessentials.com/,https://boards.greenhouse.io/jennikayne,greenhouse,EN_PROD_ACTIVE,30 offres vérifiées · robots ALLOWED · dernier run NEW 30 offres
OBI OBI,https://www.obi-obi.com/en/,https://obi.recruitee.com,recruitee,EN_PROD_ACTIVE,1 offres vérifiées · robots ALLOWED · dernier run NEW 1 offres
ōhme,https://www.ohme.shop/,https://boards.greenhouse.io/ohme,greenhouse,EN_PROD_ACTIVE,21 offres vérifiées · robots ALLOWED · dernier run NEW 21 offres
Oh My Cream,,https://careers.ohmycream.com,teamtailor,EN_PROD_ACTIVE,19 offres vérifiées · robots ALLOWED · dernier run OK 21 offres
Oh Polly,https://www.ohpolly.com/,https://ohpolly.teamtailor.com,teamtailor,EN_PROD_ACTIVE,11 offres vérifiées · robots ALLOWED · dernier run NEW 11 offres
ONE,https://beoneshopone.com/,https://careers.one.com,teamtailor,EN_PROD_ACTIVE,7 offres vérifiées · robots ALLOWED · dernier run NEW 7 offres
Orchestra,https://fr.shop-orchestra.com/,https://boards.greenhouse.io/orchestra,greenhouse,EN_PROD_ACTIVE,29 offres vérifiées · robots ALLOWED · dernier run NEW 29 offres
Orlebar Brown,https://www.orlebarbrown.com/,https://careers.orlebarbrown.com,teamtailor,EN_PROD_ACTIVE,14 offres vérifiées · robots ALLOWED · dernier run NEW 14 offres
ORTOVOX,https://www.ortovox.com/,https://ortovox.jobs.personio.de,personio,EN_PROD_ACTIVE,1 offres vérifiées · robots ALLOWED (no robots.txt reachable) · dernier run NEW 1 offres
OSKA,https://www.oska.com/,https://www.oska.com/fr/jobs/,generic-listing,EN_PROD_ACTIVE,7 offres vérifiées · robots ALLOWED · dernier run NEW 7 offres
Parachute,https://www.parachutehome.com/,https://boards.greenhouse.io/parachutehome,greenhouse,EN_PROD_ACTIVE,8 offres vérifiées · robots ALLOWED · dernier run NEW 8 offres
Parco,https://www.parco.jp/,https://jobs.smartrecruiters.com/parco,smartrecruiters-whitelabel,EN_PROD_ACTIVE,1 offres vérifiées · robots ALLOWED (no robots.txt reachable) · dernier run NEW 1 offres
Parfums Chanel,,https://cc.wd3.myworkdayjobs.com/ChanelCareers,workday,EN_PROD_ACTIVE,1086 offres vérifiées · robots ALLOWED
Passage du Desir,,https://passagedudesir-1730297136.teamtailor.com,teamtailor,EN_PROD_ACTIVE,15 offres vérifiées · robots ALLOWED · dernier run OK 14 offres
Patek Philippe,https://www.patek.com/,https://careers.patek.com,successfactors,EN_PROD_ACTIVE,16 offres vérifiées · robots ALLOWED · dernier run OK 17 offres
Payot,,https://www.welcometothejungle.com/fr/companies/payot/jobs,wttj,EN_PROD_ACTIVE,1 offres vérifiées · robots ALLOWED · dernier run OK 1 offres
Peacocks,https://www.peacocks.co.uk/,https://jobs.smartrecruiters.com/peacocks,smartrecruiters-whitelabel,EN_PROD_ACTIVE,25 offres vérifiées · robots ALLOWED (no robots.txt reachable) · dernier run NEW 25 offres
Peak Performance,https://www.peakperformance.com/,https://peakperformance.teamtailor.com,teamtailor,EN_PROD_ACTIVE,10 offres vérifiées · robots ALLOWED · dernier run NEW 10 offres
Pegador,https://pegadorfashion.com/,https://pegador.jobs.personio.de,personio,EN_PROD_ACTIVE,13 offres vérifiées · robots ALLOWED (no robots.txt reachable) · dernier run NEW 13 offres
Peloton,https://www.onepeloton.com/,https://boards.greenhouse.io/peloton,greenhouse,EN_PROD_ACTIVE,52 offres vérifiées · robots ALLOWED · dernier run NEW 52 offres
Penningtons,http://www.penningtons.com/,https://jobs.smartrecruiters.com/ReitmansCanadaLteLtd,smartrecruiters-whitelabel,EN_PROD_ACTIVE,306 offres vérifiées · robots ALLOWED
Pepco,https://pepco.at/,https://pepco.jobs.personio.de,personio,EN_PROD_ACTIVE,52 offres vérifiées · robots ALLOWED (no robots.txt reachable) · dernier run NEW 52 offres
Petit Bateau,https://www.petitbateau.com/,https://jobs.smartrecruiters.com/PetitBateau,smartrecruiters-whitelabel,EN_PROD_ACTIVE,50 offres vérifiées · robots ALLOWED · dernier run OK 46 offres
Petrol Industries,https://www.petrolindustries.com/,https://careers.petrolindustries.com,teamtailor,EN_PROD_ACTIVE,2 offres vérifiées · robots ALLOWED · dernier run NEW 2 offres
PGA Tour Superstore,https://www.pgatoursuperstore.com/,https://pgatoursuperstore.wd12.myworkdayjobs.com/PGAT_SS,workday,EN_PROD_ACTIVE,189 offres vérifiées · robots ALLOWED
PICARD,https://picard-lederwaren.de/,https://picard.recruitee.com,recruitee,EN_PROD_ACTIVE,5 offres vérifiées · robots ALLOWED · dernier run NEW 5 offres
Pied de Biche,https://en.pieddebiche-paris.com/,https://www.welcometothejungle.com/fr/companies/pied-de-biche/jobs,wttj,EN_PROD_ACTIVE,6 offres vérifiées · robots ALLOWED · dernier run NEW 6 offres
Piña,https://pinastyles.com/,https://pina.jobs.personio.de,personio,EN_PROD_ACTIVE,2 offres vérifiées · robots ALLOWED (no robots.txt reachable) · dernier run NEW 2 offres
Plume Impression,https://plumeimpression.com/,https://boards.greenhouse.io/plume,greenhouse,EN_PROD_ACTIVE,18 offres vérifiées · robots ALLOWED · dernier run NEW 18 offres
Point Zero,https://point-zero.com/,https://jobs.smartrecruiters.com/pointzero,smartrecruiters-whitelabel,EN_PROD_ACTIVE,1 offres vérifiées · robots ALLOWED (no robots.txt reachable) · dernier run NEW 1 offres
Polène,,,ashby,EN_PROD_ACTIVE,81 offres vérifiées · robots ALLOWED · dernier run OK 81 offres
Printful,https://www.printful.com/,https://careers.printful.com,teamtailor,EN_PROD_ACTIVE,4 offres vérifiées · robots ALLOWED · dernier run NEW 4 offres
Prisma Media,,https://emploi.prismamedia.com,teamtailor,EN_PROD_ACTIVE,19 offres vérifiées · robots ALLOWED · dernier run OK 19 offres
Profil Optik,https://www.profiloptik.dk/,https://profiloptik.teamtailor.com,teamtailor,EN_PROD_ACTIVE,35 offres vérifiées · robots ALLOWED · dernier run NEW 35 offres
Profuomo,https://www.profuomo.com/,https://profuomo.recruitee.com,recruitee,EN_PROD_ACTIVE,7 offres vérifiées · robots ALLOWED · dernier run NEW 7 offres
Promod,https://www.promod.eu/,https://promodjob.talentview.io/,talentview,EN_PROD_ACTIVE,10 offres vérifiées · robots ALLOWED · dernier run OK 10 offres
Pronovias,http://www.pronovias.com/,https://careers.pronovias.com,teamtailor,EN_PROD_ACTIVE,27 offres vérifiées · robots ALLOWED · dernier run NEW 27 offres
Psycho Bunny,https://www.psychobunny.com/,https://careers.psychobunny.com/job-search,generic-listing,EN_PROD_ACTIVE,10 offres vérifiées · robots ALLOWED · dernier run NEW 10 offres
Public,https://bettybarclay.com/,https://boards.greenhouse.io/public,greenhouse,EN_PROD_ACTIVE,4 offres vérifiées · robots ALLOWED · dernier run NEW 4 offres
Puig,https://www.puig.com/,https://www.welcometothejungle.com/fr/companies/puig/jobs,wttj,EN_PROD_ACTIVE,12 offres vérifiées · robots ALLOWED · dernier run OK 0 offres
Quince,https://www.onequince.com/,https://boards.greenhouse.io/quince,greenhouse,EN_PROD_ACTIVE,129 offres vérifiées · robots ALLOWED · dernier run NEW 130 offres
RealSelf,https://www.realself.com/,https://jobs.lever.co/realself,lever,EN_PROD_ACTIVE,1 offres vérifiées · robots ALLOWED · dernier run NEW 1 offres
Reformation,https://www.thereformation.com/,https://boards.greenhouse.io/reformation,greenhouse,EN_PROD_ACTIVE,135 offres vérifiées · robots ALLOWED · dernier run NEW 135 offres
Respire,,https://www.welcometothejungle.com/fr/companies/respire/jobs,wttj,EN_PROD_ACTIVE,20 offres vérifiées · robots ALLOWED · dernier run OK 15 offres
Richemont (toutes Maisons),,https://richemont.wd3.myworkdayjobs.com/broadbean_external,workday,EN_PROD_ACTIVE,423 offres vérifiées · robots ALLOWED
ROTATE,https://www.rotatebirgerchristensen.com/,https://rotate.recruitee.com,recruitee,EN_PROD_ACTIVE,5 offres vérifiées · robots ALLOWED · dernier run NEW 5 offres
route one skin,http://routeoneskin.com/,https://boards.greenhouse.io/route,greenhouse,EN_PROD_ACTIVE,2 offres vérifiées · robots ALLOWED · dernier run NEW 2 offres
Sabon,https://www.sabon.fr/,https://sabon.teamtailor.com,teamtailor,EN_PROD_ACTIVE,2 offres vérifiées · robots ALLOWED · dernier run NEW 2 offres
Sacoor Brothers,https://www.sacoorbrothers.com/,https://jobs.smartrecruiters.com/sacoorbrothers,smartrecruiters-whitelabel,EN_PROD_ACTIVE,1 offres vérifiées · robots ALLOWED (no robots.txt reachable) · dernier run NEW 1 offres
Saffron,https://www.saffron-accessories.com/,https://saffron.teamtailor.com,teamtailor,EN_PROD_ACTIVE,2 offres vérifiées · robots ALLOWED · dernier run NEW 2 offres
Salomon,https://www.salomon.com/,https://jobs.smartrecruiters.com/salomon,smartrecruiters-whitelabel,EN_PROD_ACTIVE,69 offres vérifiées · robots ALLOWED (no robots.txt reachable) · dernier run NEW 69 offres
Saltrock,https://www.saltrock.com/,https://saltrock.jobs.personio.de,personio,EN_PROD_ACTIVE,3 offres vérifiées · robots ALLOWED (no robots.txt reachable) · dernier run NEW 3 offres
Samson,https://samsonsurmesure.fr/,https://samson.jobs.personio.de,personio,EN_PROD_ACTIVE,1 offres vérifiées · robots ALLOWED (no robots.txt reachable) · dernier run NEW 1 offres
Sandro,https://us.sandro-paris.com/,https://jobs.smartrecruiters.com/SMCP,smartrecruiters-whitelabel,EN_PROD_ACTIVE,534 offres vérifiées · robots ALLOWED
Seer,https://seeractive.com/,https://boards.greenhouse.io/seer,greenhouse,EN_PROD_ACTIVE,3 offres vérifiées · robots ALLOWED · dernier run NEW 3 offres
SEP,https://septhebrand.com/,https://jobs.lever.co/sep,lever,EN_PROD_ACTIVE,5 offres vérifiées · robots ALLOWED · dernier run NEW 5 offres
Sessùn,https://sessun.com/,https://www.welcometothejungle.com/fr/companies/sessun/jobs,wttj,EN_PROD_ACTIVE,34 offres vérifiées · robots ALLOWED · dernier run NEW 34 offres
SHEIN,https://shein.com/,https://boards.greenhouse.io/shein,greenhouse,EN_PROD_ACTIVE,18 offres vérifiées · robots ALLOWED · dernier run NEW 18 offres
Shinola,https://www.shinola.com/,https://boards.greenhouse.io/shinola,greenhouse,EN_PROD_ACTIVE,9 offres vérifiées · robots ALLOWED · dernier run NEW 9 offres
Showroomprive,,,teamtailor,EN_PROD_ACTIVE,30 offres vérifiées · robots ALLOWED · dernier run OK 30 offres
Siebel Juweliers,https://www.siebeljuweliers.nl/,https://siebel.recruitee.com,recruitee,EN_PROD_ACTIVE,21 offres vérifiées · robots UNKNOWN (no domain) · dernier run NEW 21 offres
Silbon,https://www.silbonshop.com/,https://silbon.teamtailor.com,teamtailor,EN_PROD_ACTIVE,75 offres vérifiées · robots ALLOWED · dernier run NEW 75 offres
Simone Perele,,https://www.welcometothejungle.com/fr/companies//jobs,wttj,EN_PROD_ACTIVE,5 offres vérifiées · robots ALLOWED · dernier run OK 5 offres
Singularu,https://singularu.com/,https://singularu.teamtailor.com,teamtailor,EN_PROD_ACTIVE,31 offres vérifiées · robots ALLOWED · dernier run NEW 31 offres
Sioux,https://www.sioux.de/,https://sioux.recruitee.com,recruitee,EN_PROD_ACTIVE,16 offres vérifiées · robots ALLOWED · dernier run NEW 16 offres
Sisley,https://www.sisley-paris.com/,https://jobs.smartrecruiters.com/sisley,smartrecruiters-whitelabel,EN_PROD_ACTIVE,28 offres vérifiées · robots ALLOWED (no robots.txt reachable) · dernier run NEW 28 offres
Skin Laundry,https://www.skinlaundry.com/,https://boards.greenhouse.io/skinlaundry,greenhouse,EN_PROD_ACTIVE,44 offres vérifiées · robots ALLOWED · dernier run NEW 44 offres
Soeur,https://www.soeur.fr/,,teamtailor,EN_PROD_ACTIVE,52 offres vérifiées · robots ALLOWED · dernier run OK 54 offres
Space NK,https://www.spacenk.com/,https://spacenk.teamtailor.com,teamtailor,EN_PROD_ACTIVE,82 offres vérifiées · robots ALLOWED · dernier run NEW 82 offres
Spinelli Kilcollin,https://www.spinellikilcollin.com/,https://boards.greenhouse.io/spinellikilcollin,greenhouse,EN_PROD_ACTIVE,3 offres vérifiées · robots ALLOWED · dernier run NEW 3 offres
Sport 1,https://www.sport1.no/,https://sport1.teamtailor.com,teamtailor,EN_PROD_ACTIVE,11 offres vérifiées · robots ALLOWED · dernier run NEW 11 offres
STANLEY/STELLA,https://stanleystella.com/,https://stanley-stella.jobs.personio.de,personio,EN_PROD_ACTIVE,11 offres vérifiées · robots ALLOWED (no robots.txt reachable) · dernier run NEW 11 offres
State of Art,https://www.stateofart.com/,https://stateofart.recruitee.com,recruitee,EN_PROD_ACTIVE,27 offres vérifiées · robots ALLOWED · dernier run NEW 27 offres
Stella McCartney,https://www.stellamccartney.com/,https://stellamccartney.wd3.myworkdayjobs.com/SMCExternal,workday,EN_PROD_ACTIVE,31 offres vérifiées · robots ALLOWED · dernier run OK 30 offres
Stone By Stone,https://www.stonebystone.pt/,https://boards.greenhouse.io/stone,greenhouse,EN_PROD_ACTIVE,431 offres vérifiées · robots ALLOWED
Stripe & Stare,https://stripeandstare.com/,https://boards.greenhouse.io/stripe,greenhouse,EN_PROD_ACTIVE,609 offres vérifiées · robots ALLOWED
Subset,https://wearsubset.com/?oid=8&affid=1&source_id=GoY-rating&sub1=brandpage,https://subset.teamtailor.com,teamtailor,EN_PROD_ACTIVE,4 offres vérifiées · robots ALLOWED · dernier run NEW 4 offres
Sud Express,https://www.sudexpress.fr/,https://www.welcometothejungle.com/fr/companies/sud-express/jobs,wttj,EN_PROD_ACTIVE,43 offres vérifiées · robots ALLOWED · dernier run NEW 43 offres
Suitsupply,https://www.suitsupply.com/,https://boards.greenhouse.io/suitsupply,greenhouse,EN_PROD_ACTIVE,161 offres vérifiées · robots ALLOWED
Supergoop!,http://supergoop.com/,https://boards.greenhouse.io/supergoop,greenhouse,EN_PROD_ACTIVE,11 offres vérifiées · robots ALLOWED · dernier run NEW 11 offres
TALA,https://www.wearetala.com/,https://jobs.lever.co/tala,lever,EN_PROD_ACTIVE,8 offres vérifiées · robots ALLOWED · dernier run NEW 8 offres
Taylor Stitch,https://www.taylorstitch.com/,https://jobs.smartrecruiters.com/taylorstitch,smartrecruiters-whitelabel,EN_PROD_ACTIVE,2 offres vérifiées · robots ALLOWED (no robots.txt reachable) · dernier run NEW 2 offres
Tekla,https://teklafabrics.com/,https://boards.greenhouse.io/tekla,greenhouse,EN_PROD_ACTIVE,2 offres vérifiées · robots ALLOWED · dernier run NEW 2 offres
The Kooples,https://www.thekooples.com/,,digitalrecruiters,EN_PROD_ACTIVE,67 offres vérifiées · robots ALLOWED · dernier run NEW 67 offres
ThirdLove,https://www.thirdlove.com/,https://boards.greenhouse.io/thirdlove,greenhouse,EN_PROD_ACTIVE,32 offres vérifiées · robots ALLOWED · dernier run NEW 32 offres
THOMAS SABO,https://www.thomassabo.com/,https://thomassabo.jobs.personio.de,personio,EN_PROD_ACTIVE,28 offres vérifiées · robots ALLOWED (no robots.txt reachable) · dernier run NEW 28 offres
Tiger of Sweden,https://www.tigerofsweden.com/,https://tigerofsweden.teamtailor.com,teamtailor,EN_PROD_ACTIVE,6 offres vérifiées · robots ALLOWED · dernier run NEW 6 offres
TOAST,https://www.toa.st/uk/,https://boards.greenhouse.io/toast,greenhouse,EN_PROD_ACTIVE,311 offres vérifiées · robots ALLOWED
Tom Wood,https://www.tomwoodproject.com/,https://tomwood.teamtailor.com,teamtailor,EN_PROD_ACTIVE,2 offres vérifiées · robots ALLOWED · dernier run NEW 2 offres
Totême,https://toteme-studio.com/,https://toteme.teamtailor.com,teamtailor,EN_PROD_ACTIVE,21 offres vérifiées · robots ALLOWED · dernier run NEW 21 offres
Towa,https://towaclothing.com/,https://towa.jobs.personio.de,personio,EN_PROD_ACTIVE,27 offres vérifiées · robots ALLOWED (no robots.txt reachable) · dernier run NEW 27 offres
Tropicfeel,https://tropicfeel.com/,https://tropicfeel.teamtailor.com,teamtailor,EN_PROD_ACTIVE,1 offres vérifiées · robots ALLOWED · dernier run NEW 1 offres
Trussardi,https://www.trussardi.com/,https://trussardi.teamtailor.com,teamtailor,EN_PROD_ACTIVE,15 offres vérifiées · robots ALLOWED · dernier run NEW 15 offres
Tulip,http://tulipperfume.com/,https://boards.greenhouse.io/tulip,greenhouse,EN_PROD_ACTIVE,75 offres vérifiées · robots ALLOWED · dernier run NEW 75 offres
Typology,https://www.typology.com/,https://typology-1732032895.teamtailor.com,teamtailor,EN_PROD_ACTIVE,6 offres vérifiées · robots ALLOWED · dernier run OK 8 offres
Undiz,https://www.undiz.com/,https://undiz.teamtailor.com,teamtailor,EN_PROD_ACTIVE,48 offres vérifiées · robots ALLOWED · dernier run NEW 48 offres
United Colors of Benetton,https://benetton.com/,https://jobs.smartrecruiters.com/unitedcolorsofbenetton,smartrecruiters-whitelabel,EN_PROD_ACTIVE,1 offres vérifiées · robots ALLOWED (no robots.txt reachable) · dernier run NEW 1 offres
Valentino,https://www.valentino.com/,https://jobs.valentino.com,successfactors,EN_PROD_ACTIVE,29 offres vérifiées · robots ALLOWED · dernier run OK 25 offres
VEJA,https://www.veja-store.com/,https://www.welcometothejungle.com/fr/companies/veja/jobs,wttj,EN_PROD_ACTIVE,18 offres vérifiées · robots ALLOWED · dernier run NEW 18 offres
Velvet Canyon,https://velvetcanyon.com/,https://jobs.smartrecruiters.com/velvetcanyon,smartrecruiters-whitelabel,EN_PROD_ACTIVE,1 offres vérifiées · robots ALLOWED (no robots.txt reachable) · dernier run NEW 1 offres
Veronica Beard,https://veronicabeard.com/,https://boards.greenhouse.io/veronicabeard,greenhouse,EN_PROD_ACTIVE,41 offres vérifiées · robots ALLOWED · dernier run NEW 41 offres
Versace,https://www.versace.com/,https://capri.wd1.myworkdayjobs.com/Versace,workday,EN_PROD_ACTIVE,50 offres vérifiées · robots ALLOWED · dernier run OK 48 offres
VIA,https://viasklstyle.com/,https://boards.greenhouse.io/via,greenhouse,EN_PROD_ACTIVE,154 offres vérifiées · robots ALLOWED
VisionLab,https://www.visionlab.es/,https://jobs.smartrecruiters.com/visionlab,smartrecruiters-whitelabel,EN_PROD_ACTIVE,1 offres vérifiées · robots ALLOWED (no robots.txt reachable) · dernier run NEW 1 offres
Vitamin A,https://www.vitaminaswim.com/,https://vitamin.teamtailor.com,teamtailor,EN_PROD_ACTIVE,17 offres vérifiées · robots ALLOWED · dernier run NEW 17 offres
Vivienne Westwood,https://www.viviennewestwood.com/,https://viviennewestwood.teamtailor.com,teamtailor,EN_PROD_ACTIVE,12 offres vérifiées · robots ALLOWED · dernier run OK 12 offres
Vivobarefoot,https://www.vivobarefoot.com/,https://vivobarefoot.teamtailor.com,teamtailor,EN_PROD_ACTIVE,13 offres vérifiées · robots ALLOWED · dernier run NEW 13 offres
Vlisco,https://www.vlisco.com/,https://vlisco.teamtailor.com,teamtailor,EN_PROD_ACTIVE,7 offres vérifiées · robots ALLOWED · dernier run NEW 7 offres
Wehkamp,https://www.wehkamp.nl/,https://jobs.smartrecruiters.com/wehkamp,smartrecruiters-whitelabel,EN_PROD_ACTIVE,3 offres vérifiées · robots ALLOWED (no robots.txt reachable) · dernier run NEW 3 offres
White Stuff,https://www.whitestuff.com/,https://whitestuff.teamtailor.com,teamtailor,EN_PROD_ACTIVE,79 offres vérifiées · robots ALLOWED · dernier run NEW 79 offres
Wing,https://www.w-wing.jp/index.html,https://boards.greenhouse.io/wing,greenhouse,EN_PROD_ACTIVE,48 offres vérifiées · robots ALLOWED · dernier run NEW 48 offres
Wolf Lingerie,https://www.wolflingerie.com/,https://www.welcometothejungle.com/fr/companies/wolf-lingerie/jobs,wttj,EN_PROD_ACTIVE,3 offres vérifiées · robots ALLOWED · dernier run NEW 3 offres
Wunderkind,http://wunderkind.com/,https://boards.greenhouse.io/wunderkind,greenhouse,EN_PROD_ACTIVE,11 offres vérifiées · robots ALLOWED · dernier run NEW 11 offres
YAYA,https://www.yaya.nl/,https://yaya.recruitee.com,recruitee,EN_PROD_ACTIVE,25 offres vérifiées · robots UNKNOWN (no domain) · dernier run NEW 25 offres
Yema,https://yema.com/,https://jobs.smartrecruiters.com/yema,smartrecruiters-whitelabel,EN_PROD_ACTIVE,6 offres vérifiées · robots ALLOWED (no robots.txt reachable) · dernier run NEW 6 offres
YES,https://yesjewellery.com/,https://boards.greenhouse.io/yes,greenhouse,EN_PROD_ACTIVE,5 offres vérifiées · robots ALLOWED · dernier run NEW 5 offres
alohas,https://www.alohas.io/,https://careers.alohas.io,teamtailor,ECHEC_CONFIG,validation échouée: fetch failed — trouver la bonne URL ATS
Amway,https://www.amwayglobal.com/,https://jobs.amway.com,successfactors,ECHEC_CONFIG,validation échouée: returned 0 jobs — trouver la bonne URL ATS
AMPHI,https://www.amphi.jp/,https://jobs.amphi.com,teamtailor,ECHEC_CONFIG,validation échouée: returned 0 jobs — trouver la bonne URL ATS
Apricot,https://www.apricotonline.co.uk/,https://www.apricotonline.co.uk,teamtailor,ECHEC_CONFIG,validation échouée: HTTP 404 for https://www.apricotonline.co.uk/jobs.json?per_page=100 — trouver la bonne URL ATS
Astrid & Miyu,https://www.astridandmiyu.com/,https://www.astridandmiyu.com,teamtailor,ECHEC_CONFIG,validation échouée: HTTP 404 for https://www.astridandmiyu.com/jobs.json?per_page=100 — trouver la bonne URL ATS
Banter by Piercing Pagoda,https://www.banter.com/,https://signetjewelers.wd1.myworkdayjobs.com/Banter,workday,ECHEC_CONFIG,validation échouée: HTTP 500 for https://signetjewelers.wd1.myworkdayjobs.com/wday/cxs/signetjewelers/Banter/jobs — trouver la bonne URL ATS
Beyond Yoga,https://www.beyondyoga.com/,https://levistraussandco.wd5.myworkdayjobs.com/en-US,workday,ECHEC_CONFIG,validation échouée: HTTP 404 for https://levistraussandco.wd5.myworkdayjobs.com/wday/cxs/levistraussandco/en-US/jobs — trouver la bonne URL ATS
Birkenstock,https://www.birkenstock.com/,https://jobs.birkenstock.com,successfactors,ECHEC_CONFIG,validation échouée: fetch failed — trouver la bonne URL ATS
Breitling,https://www.breitling.com/,https://careers.breitling.com,successfactors,ECHEC_CONFIG,validation échouée: returned 0 jobs — trouver la bonne URL ATS
Bremont,https://www.bremont.com/,https://www.bremont.com,teamtailor,ECHEC_CONFIG,validation échouée: HTTP 404 for https://www.bremont.com/jobs.json?per_page=100 — trouver la bonne URL ATS
Bremont Watch Company,http://www.bremont.com/,http://www.bremont.com,teamtailor,ECHEC_CONFIG,validation échouée: HTTP 404 for http://www.bremont.com/jobs.json?per_page=100 — trouver la bonne URL ATS
Canyon,https://www.canyonwomensports.com/,https://careers.canyon.com,successfactors,ECHEC_CONFIG,validation échouée: returned 0 jobs — trouver la bonne URL ATS
Carhartt WIP,https://www.carhartt-wip.com/,https://carharttwip.wd103.myworkdayjobs.com/en-en,workday,ECHEC_CONFIG,validation échouée: HTTP 404 for https://carharttwip.wd103.myworkdayjobs.com/wday/cxs/carharttwip/en-en/jobs — trouver la bonne URL ATS
Cath Kidston,https://www.cathkidston.com/,https://careers.cathkidston.com,teamtailor,ECHEC_CONFIG,validation échouée: fetch failed — trouver la bonne URL ATS
City Beach,http://www.citybeach.com.au/,https://careers.citybeach.com,successfactors,ECHEC_CONFIG,validation échouée: returned 0 jobs — trouver la bonne URL ATS
Color Street,http://www.colorstreet.com/,https://boards.greenhouse.io/innovativecosmeticconcepts,greenhouse,ECHEC_CONFIG,validation échouée: HTTP 404 for https://boards-api.greenhouse.io/v1/boards/innovativecosmeticconcepts/jobs?content=true — trouver la bonne URL ATS
Custom Ink,https://www.customink.com/,https://customink.wd5.myworkdayjobs.com/CustomInk,workday,ECHEC_CONFIG,validation échouée: returned 0 jobs — trouver la bonne URL ATS
Dickies,https://www.dickies.com/,https://vfc.wd5.myworkdayjobs.com/dickies_careers,workday,ECHEC_CONFIG,validation échouée: returned 0 jobs — trouver la bonne URL ATS
Djerf Avenue,https://djerfavenue.com/,https://careers.djerfavenue.com,teamtailor,ECHEC_CONFIG,validation échouée: HTTP 404 for https://careers.djerfavenue.com/jobs.json?per_page=100 — trouver la bonne URL ATS
Eliza J,https://www.nordstrom.com/brands/eliza-j--4519,https://nordstrom.wd501.myworkdayjobs.com/nordstrom_careers,workday,ECHEC_CONFIG,validation échouée: HTTP 500 for https://nordstrom.wd501.myworkdayjobs.com/wday/cxs/nordstrom/nordstrom_careers/jobs — trouver la bonne URL ATS
Essilor,http://www.essilor.com/,https://jobs.essilor.com,successfactors,ECHEC_CONFIG,validation échouée: fetch failed — trouver la bonne URL ATS
Estée Lauder Companies,http://www.elcompanies.com/,https://careers.elcompanies.com,eightfold,ECHEC_CONFIG,validation échouée: timeout after 240s (Estée Lauder Companies) — trouver la bonne URL ATS
Eyes + more,https://www.eyesandmore.de/,https://career.eyesandmore.de,teamtailor,ECHEC_CONFIG,validation échouée: HTTP 404 for https://career.eyesandmore.de/jobs.json?per_page=100 — trouver la bonne URL ATS
Fabletics,https://www.fabletics.com/,https://fabletics.wd1.myworkdayjobs.com/en-US,workday,ECHEC_CONFIG,validation échouée: HTTP 404 for https://fabletics.wd1.myworkdayjobs.com/wday/cxs/fabletics/en-US/jobs — trouver la bonne URL ATS
Flattered,https://www.flattered.com/,https://careers.flattered.com,teamtailor,ECHEC_CONFIG,validation échouée: fetch failed — trouver la bonne URL ATS
Francesca's,https://www.francescas.com/,https://francescas.wd1.myworkdayjobs.com/Home_Office_Opportunities,workday,ECHEC_CONFIG,validation échouée: returned 0 jobs — trouver la bonne URL ATS
FURSAC,https://fursac.com/,https://www.welcometothejungle.com/fr/companies/de-fursac/jobs,wttj,ECHEC_CONFIG,validation échouée: returned 0 jobs — trouver la bonne URL ATS
Giant Tiger,http://www.gianttiger.com/,https://gianttiger.wd3.myworkdayjobs.com/en-US,workday,ECHEC_CONFIG,validation échouée: HTTP 404 for https://gianttiger.wd3.myworkdayjobs.com/wday/cxs/gianttiger/en-US/jobs — trouver la bonne URL ATS
Gina Tricot,https://www.ginatricot.com/,https://careers.ginatricot.com,teamtailor,ECHEC_CONFIG,validation échouée: returned 0 jobs — trouver la bonne URL ATS
Harvey Nichols,https://www.harveynichols.com/,https://careers.harveynichols.com,teamtailor,ECHEC_CONFIG,validation échouée: returned 0 jobs — trouver la bonne URL ATS
Harry Rosen Inc.,http://www.harryrosen.com/,https://harry.wd10.myworkdayjobs.com/en-US,workday,ECHEC_CONFIG,validation échouée: HTTP 404 for https://harry.wd10.myworkdayjobs.com/wday/cxs/harry/en-US/jobs — trouver la bonne URL ATS
Hey Marly,https://www.heymarly.com/,https://hey-marly-gmbh.jobs.personio.de,personio,ECHEC_CONFIG,validation échouée: HTTP 404 for https://hey-marly-gmbh.jobs.personio.de/xml?language=fr — trouver la bonne URL ATS
Hollister,https://www.hollisterco.com/,https://jobs.hollister.com,successfactors,ECHEC_CONFIG,validation échouée: returned 0 jobs — trouver la bonne URL ATS
HORIZN Studios,https://horizn-studios.com/en/,https://horizn-studios.jobs.personio.de,personio,ECHEC_CONFIG,validation échouée: returned 0 jobs — trouver la bonne URL ATS
Isosceles Lingerie,http://isosceleslingerie.bigcartel.com/,https://bigcartel.recruitee.com,recruitee,ECHEC_CONFIG,validation échouée: returned 0 jobs — trouver la bonne URL ATS
J. Crew Factory,https://factory.jcrew.com/,https://jcrew.wd1.myworkdayjobs.com/JCrewCareers,workday,ECHEC_CONFIG,validation échouée: timeout after 240s (J. Crew Factory) — trouver la bonne URL ATS
J.Crew,https://www.jcrew.com/,https://jcrew.wd1.myworkdayjobs.com/JCrewCareers,workday,ECHEC_CONFIG,validation échouée: timeout after 240s (J.Crew) — trouver la bonne URL ATS
John Fluevog Shoes,https://www.fluevog.com/,https://jobs.fluevog.com,teamtailor,ECHEC_CONFIG,validation échouée: returned 0 jobs — trouver la bonne URL ATS
Johnny Was,https://www.johnnywas.com/,https://oxford.wd5.myworkdayjobs.com/en-US,workday,ECHEC_CONFIG,validation échouée: HTTP 404 for https://oxford.wd5.myworkdayjobs.com/wday/cxs/oxford/en-US/jobs — trouver la bonne URL ATS
Kavat,https://kavat.com/,https://careers.kavat.com,teamtailor,ECHEC_CONFIG,validation échouée: returned 0 jobs — trouver la bonne URL ATS
KAY Jewelers,https://www.kay.com/,https://signetjewelers.wd1.myworkdayjobs.com/Kay_Jewelers,workday,ECHEC_CONFIG,validation échouée: HTTP 500 for https://signetjewelers.wd1.myworkdayjobs.com/wday/cxs/signetjewelers/Kay_Jewelers/jobs — trouver la bonne URL ATS
Kering Beauté,https://www.kering.com/fr/maisons/autres/kering-beaute/,https://careers.kering.com,eightfold,ECHEC_CONFIG,validation échouée: timeout after 240s (Kering Beauté) — trouver la bonne URL ATS
Klauser Schuhe,http://www.klauser-schuhe.de/,http://www.klauser-schuhe.de,talentsoft,ECHEC_CONFIG,validation échouée: HTTP 404 for http://www.klauser-schuhe.de/handlers/offerRss.ashx?LCID=1036 — trouver la bonne URL ATS
LA FEE MARABOUTEE,https://en.lafeemaraboutee.fr/,https://en.lafeemaraboutee.fr,teamtailor,ECHEC_CONFIG,validation échouée: HTTP 404 for https://en.lafeemaraboutee.fr/jobs.json?per_page=100 — trouver la bonne URL ATS
Laboratoires Dermatologiques Uriage,https://www.uriage.com/,https://www.uriage.com,talentsoft,ECHEC_CONFIG,validation échouée: HTTP 404 for https://www.uriage.com/handlers/offerRss.ashx?LCID=1036 — trouver la bonne URL ATS
Leightons,https://www.leightons.co.uk/,https://www.leightons.co.uk,teamtailor,ECHEC_CONFIG,validation échouée: HTTP 404 for https://www.leightons.co.uk/jobs.json?per_page=100 — trouver la bonne URL ATS
Les Lunes,https://leslunes.de/,https://jobs.leslunes.de,teamtailor,ECHEC_CONFIG,validation échouée: HTTP 404 for https://jobs.leslunes.de/jobs.json?per_page=100 — trouver la bonne URL ATS
Lumene,http://www.lumene.com/,https://careers.lumene.com,teamtailor,ECHEC_CONFIG,validation échouée: HTTP 404 for https://careers.lumene.com/jobs.json?per_page=100 — trouver la bonne URL ATS
Mayoral,https://www.mayoral.com/,https://careers.mayoral.com,teamtailor,ECHEC_CONFIG,validation échouée: fetch failed — trouver la bonne URL ATS
MELA,https://www.melawear.de/,https://melawear.jobs.personio.de,personio,ECHEC_CONFIG,validation échouée: HTTP 404 for https://melawear.jobs.personio.de/xml?language=fr — trouver la bonne URL ATS
MELAWEAR,https://www.melawear.de/,https://melawear.jobs.personio.de,personio,ECHEC_CONFIG,validation échouée: HTTP 404 for https://melawear.jobs.personio.de/xml?language=fr — trouver la bonne URL ATS
Minimum,https://minimum.dk/,https://careers.minimum.com,teamtailor,ECHEC_CONFIG,validation échouée: HTTP 404 for https://careers.minimum.com/jobs.json?per_page=100 — trouver la bonne URL ATS
Moncler,https://www.moncler.com/,https://jobs.moncler.com,successfactors,ECHEC_CONFIG,validation échouée: fetch failed — trouver la bonne URL ATS
Nordstrom,https://shop.nordstrom.com/,https://nordstrom.wd501.myworkdayjobs.com/nordstrom_careers,workday,ECHEC_CONFIG,validation échouée: HTTP 500 for https://nordstrom.wd501.myworkdayjobs.com/wday/cxs/nordstrom/nordstrom_careers/jobs — trouver la bonne URL ATS
Nudient,https://nudient.com/,https://careers.nudient.com,teamtailor,ECHEC_CONFIG,validation échouée: fetch failed — trouver la bonne URL ATS
OLAPLEX  INC.,http://www.olaplex.com/,https://boards.greenhouse.io/v1,greenhouse,ECHEC_CONFIG,validation échouée: HTTP 404 for https://boards-api.greenhouse.io/v1/boards/v1/jobs?content=true — trouver la bonne URL ATS
OXXO,https://sa.oxxoshop.com/,https://careers.oxxo.com,eightfold,ECHEC_CONFIG,validation échouée: HTTP 405 for https://careers.oxxo.com/api/pcsx/search?domain=oxxo.com&query=&location=&start=0&num=1 — trouver la bonne URL ATS
Panama Jack,https://www.panamajack.es/,https://jobs.panamajack.es,teamtailor,ECHEC_CONFIG,validation échouée: returned 0 jobs — trouver la bonne URL ATS
Peach Not Plastic,https://www.grove.co/g/peach/,https://boards.greenhouse.io/users,greenhouse,ECHEC_CONFIG,validation échouée: HTTP 404 for https://boards-api.greenhouse.io/v1/boards/users/jobs?content=true — trouver la bonne URL ATS
Penelope Chilvers,https://www.penelopechilvers.com/,https://careers.penelopechilvers.com,teamtailor,ECHEC_CONFIG,validation échouée: returned 0 jobs — trouver la bonne URL ATS
Peoples Jewellers,https://www.peoplesjewellers.com/,https://signetjewelers.wd1.myworkdayjobs.com/SignetCorporateCareers,workday,ECHEC_CONFIG,validation échouée: HTTP 500 for https://signetjewelers.wd1.myworkdayjobs.com/wday/cxs/signetjewelers/SignetCorporateCar — trouver la bonne URL ATS
Pro Hockey Life,https://www.prohockeylife.com/,https://canadiantirecorporation.wd3.myworkdayjobs.com/en-US,workday,ECHEC_CONFIG,validation échouée: HTTP 404 for https://canadiantirecorporation.wd3.myworkdayjobs.com/wday/cxs/canadiantirecorporation/ — trouver la bonne URL ATS
OneSkin,http://oneskin.co/,https://boards.greenhouse.io/oneskin,greenhouse,ECHEC_CONFIG,validation échouée: returned 0 jobs — trouver la bonne URL ATS
Primark,https://www.primark.com/,https://jobs.smartrecruiters.com/primark,smartrecruiters-whitelabel,ECHEC_CONFIG,validation échouée: timeout after 120s (Primark) — trouver la bonne URL ATS
NA-KD,https://www.na-kd.com/,https://na-kd.teamtailor.com,teamtailor,ECHEC_CONFIG,validation échouée: returned 0 jobs — trouver la bonne URL ATS
Ampère,https://www.ampere.amsterdam/,https://werkenbijampere.nl/o/team-lead-depot-eindhoven-1,recruitee,A_VERIFIER_IDENTITE,board « homepage » — confirmer que ce board est bien celui de la maison
JAEGER,https://www.lederjaeger.de/,https://jobs.jaeger-ttc.com/o/maschinen-und-anlagenfuhrer-beschichten-mwd,recruitee,A_VERIFIER_IDENTITE,board « Homepage » — confirmer que ce board est bien celui de la maison
Siebel,https://www.siebeljuweliers.nl/,https://werken-bij.siebeljuweliers.nl/o/verkoopmedewerker-roosendaal-outlet-3,recruitee,A_VERIFIER_IDENTITE,board « Homepage » — confirmer que ce board est bien celui de la maison
Columbia,https://www.columbia.com/,https://www.welcometothejungle.com/fr/companies/columbia/jobs/consumer-care-specialist-backline-cdd_schiltigheim,wttj,A_VERIFIER_IDENTITE,board « Columbia Sportswear Company » — confirmer que ce board est bien celui de la maison
Cotton On Group,https://cottonongroup.com.au/,https://jobs.smartrecruiters.com/cottonon/743999671133359,smartrecruiters-whitelabel,A_VERIFIER_IDENTITE,board « Cotton On » — confirmer que ce board est bien celui de la maison
Hush,https://www.hush-uk.com/,https://jobs.lever.co/hush/33691840-09fa-4f00-a46b-1715402f4ddd,lever,A_VERIFIER_IDENTITE,board « HUSH » — confirmer que ce board est bien celui de la maison
Hush & Hush,https://hushandhush.com/,https://jobs.lever.co/hush/33691840-09fa-4f00-a46b-1715402f4ddd,lever,A_VERIFIER_IDENTITE,board « HUSH » — confirmer que ce board est bien celui de la maison
PEP,https://www.pep.co.mz/,https://job-boards.greenhouse.io/pep/jobs/8658850002,greenhouse,A_VERIFIER_IDENTITE,board « Pep » — confirmer que ce board est bien celui de la maison
Pep&Co,http://www.pepandco.com/,https://job-boards.greenhouse.io/pep/jobs/8658850002,greenhouse,A_VERIFIER_IDENTITE,board « Pep » — confirmer que ce board est bien celui de la maison
JAKO-O,https://www.jako-o.com/de-de/,https://jako.jobs.personio.de/job/1280438,personio,A_VERIFIER_IDENTITE,board « JAKO AG » — confirmer que ce board est bien celui de la maison
Lindex Group,http://www.stockmanngroup.fi/,https://lindex.teamtailor.com/jobs/2122798-store-sales-manager,teamtailor,A_VERIFIER_IDENTITE,board « Lindex » — confirmer que ce board est bien celui de la maison
Multiopticas,https://www.multiopticas.com/,https://multiopticas.teamtailor.com/jobs/7971285-director-a-optica-madrid,teamtailor,A_VERIFIER_IDENTITE,board « Multiópticas » — confirmer que ce board est bien celui de la maison
Avani,https://www.avani.ch/,,greenhouse,A_VERIFIER_IDENTITE,board « Avani Media » — confirmer que ce board est bien celui de la maison
Code,https://code-sa.com/,,personio,A_VERIFIER_IDENTITE,board « CODE Education GmbH » — confirmer que ce board est bien celui de la maison
NIA,https://niathebrand.com/,,personio,A_VERIFIER_IDENTITE,board « Nia Health GmbH » — confirmer que ce board est bien celui de la maison
Florence,https://www.florencemarinex.com/,,lever,A_VERIFIER_IDENTITE,board « Florence Health » — confirmer que ce board est bien celui de la maison
Saylor,https://www.saylor.nyc/,,greenhouse,A_VERIFIER_IDENTITE,board « Saylor Agency » — confirmer que ce board est bien celui de la maison
Solera,https://soleramoda.com/,,greenhouse,A_VERIFIER_IDENTITE,board « Solera Health » — confirmer que ce board est bien celui de la maison
Supreme,https://supreme.com/,,greenhouse,A_VERIFIER_IDENTITE,board « Supreme HVAC » — confirmer que ce board est bien celui de la maison
TCM,http://tcmlifestyle.com/,,personio,A_VERIFIER_IDENTITE,board « TCM Systems GmbH » — confirmer que ce board est bien celui de la maison
[ p H 7 ],http://www.theph7.com/,,smartrecruiters-whitelabel,ATS_A_TROUVER,board « ph7 » rejeté (autre société/démo) — le vrai ATS reste à trouver
1979 Swimwear,https://1-9-7-9.com/,,smartrecruiters-whitelabel,ATS_A_TROUVER,board « 1979 » rejeté (autre société/démo) — le vrai ATS reste à trouver
Amanda Ross Skin Care,http://www.amandarossskincare.com/,,wttj,ATS_A_TROUVER,board « Amanda » rejeté (autre société/démo) — le vrai ATS reste à trouver
Amazon,https://www.amazon.com/,,personio,ATS_A_TROUVER,board «  » rejeté (autre société/démo) — le vrai ATS reste à trouver
Ampere Creations,https://www.amperecreations.com/,,recruitee,ATS_A_TROUVER,board « homepage » rejeté (autre société/démo) — le vrai ATS reste à trouver
Angela Caglia Skincare,http://www.angelacaglia.com/,,personio,ATS_A_TROUVER,board «  » rejeté (autre société/démo) — le vrai ATS reste à trouver
Angela Kim Couture,https://angelakimcouture.com/,,personio,ATS_A_TROUVER,board «  » rejeté (autre société/démo) — le vrai ATS reste à trouver
Angela Pinto,https://angelapinto.com/,,personio,ATS_A_TROUVER,board «  » rejeté (autre société/démo) — le vrai ATS reste à trouver
Anton & Willem,https://www.anton-et-willem.fr/,,personio,ATS_A_TROUVER,board « ANTON » rejeté (autre société/démo) — le vrai ATS reste à trouver
Anton Heunis,https://www.antonheunis.com/,,personio,ATS_A_TROUVER,board « ANTON » rejeté (autre société/démo) — le vrai ATS reste à trouver
Anton Sport,https://www.antonsport.no/,https://anton.jobs.personio.de/job/834888,personio,A_VERIFIER_IDENTITE,board « ANTON » — confirmer que ce board est bien celui de la maison
APL: Athletic Propulsion Labs,https://www.athleticpropulsionlabs.com/,,teamtailor,ATS_A_TROUVER,board « APL » rejeté (autre société/démo) — le vrai ATS reste à trouver
Arc'teryx,https://arcteryx.com/,,teamtailor,ATS_A_TROUVER,board « Arc » rejeté (autre société/démo) — le vrai ATS reste à trouver
Aristo Shmat,https://www.aristo-shmat.co.il/,,personio,ATS_A_TROUVER,board « Lenyx Logistik & Service GmbH » rejeté (autre société/démo) — le vrai ATS reste à trouver
ART,https://www.the-art-company.com/,,personio,ATS_A_TROUVER,board «  » rejeté (autre société/démo) — le vrai ATS reste à trouver
Art & Create,https://www.artncreate.com/,https://art.jobs.personio.de/job/403330,personio,A_VERIFIER_IDENTITE,board «  » — confirmer que ce board est bien celui de la maison
Art Disco,https://www.artdisco.co.uk/,,personio,ATS_A_TROUVER,board «  » rejeté (autre société/démo) — le vrai ATS reste à trouver
Art of Vedas,https://artofvedas.at/,,personio,ATS_A_TROUVER,board «  » rejeté (autre société/démo) — le vrai ATS reste à trouver
Art-93,https://art93.com/,https://art.jobs.personio.de/job/403330,personio,A_VERIFIER_IDENTITE,board «  » — confirmer que ce board est bien celui de la maison
Art'Abaska,https://artabaska.com/,,personio,ATS_A_TROUVER,board «  » rejeté (autre société/démo) — le vrai ATS reste à trouver
ASK SCANDINAVIA,https://www.askscandinavia.com/,,teamtailor,ATS_A_TROUVER,board « Scientific Group » rejeté (autre société/démo) — le vrai ATS reste à trouver
Aura Hair Mist™,https://www.emijay.com/,,greenhouse,ATS_A_TROUVER,board « Aura » rejeté (autre société/démo) — le vrai ATS reste à trouver
Aura Moda Italiana,https://www.myfantasticbags.com/Aura-Moda-Italiana_c_543.html,,greenhouse,ATS_A_TROUVER,board « Aura » rejeté (autre société/démo) — le vrai ATS reste à trouver
Aura Organics,https://theauraorganics.com/,,greenhouse,ATS_A_TROUVER,board « Aura » rejeté (autre société/démo) — le vrai ATS reste à trouver
Aura Que,https://www.auraque.com/,,greenhouse,ATS_A_TROUVER,board « Aura » rejeté (autre société/démo) — le vrai ATS reste à trouver
Air Scense,http://www.airscense.com/,,greenhouse,ATS_A_TROUVER,board « Air » rejeté (autre société/démo) — le vrai ATS reste à trouver
Air~Pourri,https://pourri.com/,,greenhouse,ATS_A_TROUVER,board « Air » rejeté (autre société/démo) — le vrai ATS reste à trouver
AZUL BY MOUSSY,https://azul-m.com/,,lever,ATS_A_TROUVER,board « Azul » rejeté (autre société/démo) — le vrai ATS reste à trouver
Air Cosmetik,https://aircosmetik.ca/,,teamtailor,ATS_A_TROUVER,board « AIR » rejeté (autre société/démo) — le vrai ATS reste à trouver
Bamboo Beauty Lifes,https://www.bamboobeautylifes.com/,,teamtailor,ATS_A_TROUVER,board « Bamboo » rejeté (autre société/démo) — le vrai ATS reste à trouver
Bamboo Basics,https://bamboobasics.com/,,teamtailor,ATS_A_TROUVER,board « Bamboo » rejeté (autre société/démo) — le vrai ATS reste à trouver
Bamboo Cay,https://bamboocay.com/,,teamtailor,ATS_A_TROUVER,board « Bamboo » rejeté (autre société/démo) — le vrai ATS reste à trouver
Bamboo Trading Company,https://bambootrading.co/,,teamtailor,ATS_A_TROUVER,board « Bamboo » rejeté (autre société/démo) — le vrai ATS reste à trouver
bebe,https://www.bebe.com/,,personio,ATS_A_TROUVER,board « Skip Intro Gesellschaft für Medienproduk » rejeté (autre société/démo) — le vrai ATS reste à trouver
Bébé Lune Studio,https://www.xn--bblune-bvab.fr/,https://bebe.jobs.personio.de/job/1333362,personio,A_VERIFIER_IDENTITE,board « Skip Intro Gesellschaft für Medienproduk » — confirmer que ce board est bien celui de la maison
Bebe Stores,https://www.bebe.com/,,personio,ATS_A_TROUVER,board « Skip Intro Gesellschaft für Medienproduk » rejeté (autre société/démo) — le vrai ATS reste à trouver
Best Company,https://bestcompany1982.it/,,personio,ATS_A_TROUVER,board «  » rejeté (autre société/démo) — le vrai ATS reste à trouver
Best&Less,https://www.bestandless.com.au/,,personio,ATS_A_TROUVER,board «  » rejeté (autre société/démo) — le vrai ATS reste à trouver
Best Earth Goods,https://www.bestearthgoods.com/,,personio,ATS_A_TROUVER,board «  » rejeté (autre société/démo) — le vrai ATS reste à trouver
Bettina Bensinger,https://www.bettinabensinger.de/,https://www.welcometothejungle.com/fr/companies/bettina/jobs/assistant-de-collection_monaco_BETTI_kGW1eJz,wttj,A_VERIFIER_IDENTITE,board « Bettina » — confirmer que ce board est bien celui de la maison
Bettina Vermillon,https://bettinavermillon.com/,,wttj,ATS_A_TROUVER,board « Bettina » rejeté (autre société/démo) — le vrai ATS reste à trouver
Beyond Good,http://babylist.com/,,greenhouse,ATS_A_TROUVER,board « Beyond » rejeté (autre société/démo) — le vrai ATS reste à trouver
Beyond Retro,https://www.beyondretro.com/,,greenhouse,ATS_A_TROUVER,board « Beyond » rejeté (autre société/démo) — le vrai ATS reste à trouver
Birch Babe,https://birchbabe.com/,,personio,ATS_A_TROUVER,board «  » rejeté (autre société/démo) — le vrai ATS reste à trouver
Birch Beauty,https://birchbeautyri.com/,,personio,ATS_A_TROUVER,board «  » rejeté (autre société/démo) — le vrai ATS reste à trouver
Blend Bunny Cosmetics,http://www.blendbunnycosmetics.com/,,greenhouse,ATS_A_TROUVER,board « Blend » rejeté (autre société/démo) — le vrai ATS reste à trouver
Bleu Cerise,https://www.bleucerise.com/,,wttj,ATS_A_TROUVER,board « Bleu » rejeté (autre société/démo) — le vrai ATS reste à trouver
Bleu Jean Beauty Co,https://www.bleujeanbeauty.com/,,wttj,ATS_A_TROUVER,board « Bleu » rejeté (autre société/démo) — le vrai ATS reste à trouver
Bliss,https://www.blissworld.com/,,recruitee,ATS_A_TROUVER,board « homepage » rejeté (autre société/démo) — le vrai ATS reste à trouver
Bloom Cosmetics,https://bloomcosmetics.com/,,smartrecruiters-whitelabel,ATS_A_TROUVER,board « Bloom » rejeté (autre société/démo) — le vrai ATS reste à trouver
Branch Basics,https://branchbasics.com/,,greenhouse,ATS_A_TROUVER,board « Branch » rejeté (autre société/démo) — le vrai ATS reste à trouver
Brave Planet,https://shopbraveplanet.com/,https://job-boards.greenhouse.io/brave/jobs/8165845,greenhouse,A_VERIFIER_IDENTITE,board « Brave » — confirmer que ce board est bien celui de la maison
Brave Soles,https://www.bravesoles.life/,,greenhouse,ATS_A_TROUVER,board « Brave » rejeté (autre société/démo) — le vrai ATS reste à trouver
Brave Soul,https://www.bravesoul.co.uk/,,greenhouse,ATS_A_TROUVER,board « Brave » rejeté (autre société/démo) — le vrai ATS reste à trouver
BROADWAY NYC FASHION,https://www.broadway-fashion.com/,,greenhouse,ATS_A_TROUVER,board « Broadway Veterinary Clinic » rejeté (autre société/démo) — le vrai ATS reste à trouver
Brothers We Stand,https://www.brotherswestand.com/?oid=60&affid=1&source_id=GoY-rating&sub1=brandpage,,teamtailor,ATS_A_TROUVER,board « Brothers » rejeté (autre société/démo) — le vrai ATS reste à trouver
Apm,https://www.apm.mc/,,personio,ATS_A_TROUVER,board «  » rejeté (autre société/démo) — le vrai ATS reste à trouver
Bruce Field,https://www.brucefield.com/,,teamtailor,ATS_A_TROUVER,board « Bruce Studios » rejeté (autre société/démo) — le vrai ATS reste à trouver
Buddy & Hope,https://www.babyshop.com/buddy-hope/s/2124,https://buddy.teamtailor.com/jobs/5007179-teknisk-saljare-inom-iot,teamtailor,A_VERIFIER_IDENTITE,board « Buddy AB » — confirmer que ce board est bien celui de la maison
Buff City Soap,https://buffcitysoap.com/,,personio,ATS_A_TROUVER,"board « Original BUFF, S.A. » rejeté (autre société/démo) — le vrai ATS reste à trouver"
Buff Experts,http://buffexperts.com/,,personio,ATS_A_TROUVER,"board « Original BUFF, S.A. » rejeté (autre société/démo) — le vrai ATS reste à trouver"
Burt's Bees,http://www.burtsbees.com/,,teamtailor,ATS_A_TROUVER,board « Burt Intelligence » rejeté (autre société/démo) — le vrai ATS reste à trouver
Burt's Bees Baby,https://www.burtsbeesbaby.com/,,teamtailor,ATS_A_TROUVER,board « Burt Intelligence » rejeté (autre société/démo) — le vrai ATS reste à trouver
Butter,https://www.buttershoes.com/,,teamtailor,ATS_A_TROUVER,board « All Gravy » rejeté (autre société/démo) — le vrai ATS reste à trouver
Butter & Me,http://butterandme.co/,,teamtailor,ATS_A_TROUVER,board « All Gravy » rejeté (autre société/démo) — le vrai ATS reste à trouver
Butter'd Bodycare,https://butterdbodycare.com/,,teamtailor,ATS_A_TROUVER,board « All Gravy » rejeté (autre société/démo) — le vrai ATS reste à trouver
Cala de la Cruz,https://caladelacruz.com/,,personio,ATS_A_TROUVER,board «  » rejeté (autre société/démo) — le vrai ATS reste à trouver
CALM Skin Care,http://www.calmskincare.com/,,greenhouse,ATS_A_TROUVER,board « Calm.com » rejeté (autre société/démo) — le vrai ATS reste à trouver
Calzedonia,https://www.calzedonia.com/,,wttj,ATS_A_TROUVER,board « ONIVERSE » rejeté (autre société/démo) — le vrai ATS reste à trouver
CAMP DAVID,https://www.campdavid-soccx.de/,,greenhouse,ATS_A_TROUVER,board « CAMP » rejeté (autre société/démo) — le vrai ATS reste à trouver
Camp Cove Swim,https://www.campcoveswim.com/,,greenhouse,ATS_A_TROUVER,board « CAMP » rejeté (autre société/démo) — le vrai ATS reste à trouver
Camp High,https://camphigh.com/,https://job-boards.greenhouse.io/camp/jobs/8723373002,greenhouse,A_VERIFIER_IDENTITE,board « CAMP » — confirmer que ce board est bien celui de la maison
Carla Ferreri,https://carlaferreri.com/,,teamtailor,ATS_A_TROUVER,board « Carla » rejeté (autre société/démo) — le vrai ATS reste à trouver
Carla Zampatti Pty Ltd,https://www.carlazampatti.com.au/,,teamtailor,ATS_A_TROUVER,board « Carla » rejeté (autre société/démo) — le vrai ATS reste à trouver
Casa Amuk,https://www.casaamuk.com/,,greenhouse,ATS_A_TROUVER,board « Casa » rejeté (autre société/démo) — le vrai ATS reste à trouver
CASA FLINE,https://casafline.com/,,greenhouse,ATS_A_TROUVER,board « Casa » rejeté (autre société/démo) — le vrai ATS reste à trouver
Casa Das Peles,https://www.casadaspeles.pt/en/,,greenhouse,ATS_A_TROUVER,board « Casa » rejeté (autre société/démo) — le vrai ATS reste à trouver
Casa Raki,https://casaraki.com/,,greenhouse,ATS_A_TROUVER,board « Casa » rejeté (autre société/démo) — le vrai ATS reste à trouver
Casa Hair Care,http://www.lineagehouse.com/,,greenhouse,ATS_A_TROUVER,board « Casa » rejeté (autre société/démo) — le vrai ATS reste à trouver
Atlas Rose,http://atlasrose.ca/,,personio,ATS_A_TROUVER,board « Atlas Bildungs Center e.V. » rejeté (autre société/démo) — le vrai ATS reste à trouver
Charles Clinkard,https://www.charlesclinkard.co.uk/,,greenhouse,ATS_A_TROUVER,board « charles » rejeté (autre société/démo) — le vrai ATS reste à trouver
Charles Colby,https://www.charles-colby.com/,https://job-boards.eu.greenhouse.io/charles/jobs/4690310101,greenhouse,A_VERIFIER_IDENTITE,board « charles » — confirmer que ce board est bien celui de la maison
Charles Tyrwhitt,https://www.ctshirts.com/,,greenhouse,ATS_A_TROUVER,board « charles » rejeté (autre société/démo) — le vrai ATS reste à trouver
Charlotte Bio,https://www.charlottebio.fr/,,personio,ATS_A_TROUVER,board « Charlotte Bayern » rejeté (autre société/démo) — le vrai ATS reste à trouver
Charlotte Grace,https://charlottegrace.de/,,personio,ATS_A_TROUVER,board « Charlotte Bayern » rejeté (autre société/démo) — le vrai ATS reste à trouver
Charlotte Knowles,https://charlotteknowles.com/,,personio,ATS_A_TROUVER,board « Charlotte Bayern » rejeté (autre société/démo) — le vrai ATS reste à trouver
Charlotte Russe,https://charlotterusse.com/,,personio,ATS_A_TROUVER,board « Charlotte Bayern » rejeté (autre société/démo) — le vrai ATS reste à trouver
Charlotte Tilbury Beauty,https://www.charlottetilbury.com/,,personio,ATS_A_TROUVER,board « Charlotte Bayern » rejeté (autre société/démo) — le vrai ATS reste à trouver
Cie Malibu,https://www.ciesalon.com/,,greenhouse,ATS_A_TROUVER,board « Cie » rejeté (autre société/démo) — le vrai ATS reste à trouver
Circus NY,http://www.circusbysamedelman.com/,https://circus.jobs.personio.de/job/2726425,personio,A_VERIFIER_IDENTITE,board « Circus SE » — confirmer que ce board est bien celui de la maison
Clara's New York,https://clarasny.com/,,greenhouse,ATS_A_TROUVER,board « Clara  » rejeté (autre société/démo) — le vrai ATS reste à trouver
Clear Beauty,http://www.trendsformers.com/,,greenhouse,ATS_A_TROUVER,board « CLEAR - Corporate » rejeté (autre société/démo) — le vrai ATS reste à trouver
Clear Conscience,http://www.clearconscience.com/,,greenhouse,ATS_A_TROUVER,board « CLEAR - Corporate » rejeté (autre société/démo) — le vrai ATS reste à trouver
Clear Label Skincare,https://clearlabelskincare.com/,,greenhouse,ATS_A_TROUVER,board « CLEAR - Corporate » rejeté (autre société/démo) — le vrai ATS reste à trouver
Clear Visage,https://klarandco.com/,,greenhouse,ATS_A_TROUVER,board « CLEAR - Corporate » rejeté (autre société/démo) — le vrai ATS reste à trouver
Bag-all,https://www.bag-all.com/,,recruitee,ATS_A_TROUVER,board « Homepage » rejeté (autre société/démo) — le vrai ATS reste à trouver
BAG AFFAIR,https://www.bag-affair.com/,,recruitee,ATS_A_TROUVER,board « Homepage » rejeté (autre société/démo) — le vrai ATS reste à trouver
Cocoon Kapas,https://www.cocoonkapas.com/,,greenhouse,ATS_A_TROUVER,board « Cocoon » rejeté (autre société/démo) — le vrai ATS reste à trouver
Banner Day,https://www.bannerday.us/,https://banner.teamtailor.com/jobs/8264507-office-manager,teamtailor,A_VERIFIER_IDENTITE,board « Banner » — confirmer que ce board est bien celui de la maison
Cove Suncare,https://www.covesuncare.com/,,teamtailor,ATS_A_TROUVER,board « cove » rejeté (autre société/démo) — le vrai ATS reste à trouver
CTS,http://www.cts.co.il/,,greenhouse,ATS_A_TROUVER,board « CTS Cloud Trading Solutions LTD » rejeté (autre société/démo) — le vrai ATS reste à trouver
Current State,https://currentstateofbeauty.com/,,greenhouse,ATS_A_TROUVER,board « Current » rejeté (autre société/démo) — le vrai ATS reste à trouver
Current/Elliott,https://www.currentelliott.com/,,greenhouse,ATS_A_TROUVER,board « Current » rejeté (autre société/démo) — le vrai ATS reste à trouver
Dabble & Dollop,http://www.dabbleanddollop.com/,,teamtailor,ATS_A_TROUVER,board « Dabble » rejeté (autre société/démo) — le vrai ATS reste à trouver
Dash Hemp,https://www.dashhemp.com/,https://dash.teamtailor.com/jobs/8242410-ux-designer,teamtailor,A_VERIFIER_IDENTITE,board « Dash » — confirmer que ce board est bien celui de la maison
David & Sons Fine Jewelers,https://davidandsonsjewelers.com/,,greenhouse,ATS_A_TROUVER,board « DAVID » rejeté (autre société/démo) — le vrai ATS reste à trouver
David Deyong,https://www.daviddeyong.co.uk/,,greenhouse,ATS_A_TROUVER,board « DAVID » rejeté (autre société/démo) — le vrai ATS reste à trouver
David Jones Limited,https://www.davidjones.com/,,greenhouse,ATS_A_TROUVER,board « DAVID » rejeté (autre société/démo) — le vrai ATS reste à trouver
David Koma,https://davidkoma.com/,,greenhouse,ATS_A_TROUVER,board « DAVID » rejeté (autre société/démo) — le vrai ATS reste à trouver
David Morris,https://www.davidmorris.com/,https://job-boards.greenhouse.io/david/jobs/4716283005,greenhouse,A_VERIFIER_IDENTITE,board « DAVID » — confirmer que ce board est bien celui de la maison
David Yurman,https://www.davidyurman.com/,,greenhouse,ATS_A_TROUVER,board « DAVID » rejeté (autre société/démo) — le vrai ATS reste à trouver
David Gandy Well Wear,https://www.davidgandywellwear.com/,,greenhouse,ATS_A_TROUVER,board « DAVID » rejeté (autre société/démo) — le vrai ATS reste à trouver
David's Bridal,https://www.davidsbridal.com/,https://job-boards.greenhouse.io/david/jobs/4716283005,greenhouse,A_VERIFIER_IDENTITE,board « DAVID » — confirmer que ce board est bien celui de la maison
Betty & Co,https://bettybarclay.com/,,personio,ATS_A_TROUVER,board «  » rejeté (autre société/démo) — le vrai ATS reste à trouver
Betty and Biddy,https://bettyandbiddy.com/,,personio,ATS_A_TROUVER,board «  » rejeté (autre société/démo) — le vrai ATS reste à trouver
Betty Barclay,https://bettybarclay.com/de/,,personio,ATS_A_TROUVER,board «  » rejeté (autre société/démo) — le vrai ATS reste à trouver
Dillard's,https://www.dillards.com/,,greenhouse,ATS_A_TROUVER,board « Dillards » rejeté (autre société/démo) — le vrai ATS reste à trouver
Donna Carolina,https://www.donnacarolina.it/,,recruitee,ATS_A_TROUVER,board « Homepage » rejeté (autre société/démo) — le vrai ATS reste à trouver
Donna Dura,https://www.donnadura.com/,,recruitee,ATS_A_TROUVER,board « Homepage » rejeté (autre société/démo) — le vrai ATS reste à trouver
Donna Karan,http://www.donnakaran.com/,,recruitee,ATS_A_TROUVER,board « Homepage » rejeté (autre société/démo) — le vrai ATS reste à trouver
Donna Sport,https://uomosport.com/collections/donnasport-2023,,recruitee,ATS_A_TROUVER,board « Homepage » rejeté (autre société/démo) — le vrai ATS reste à trouver
Dots On Tots,http://www.dotsontots.com/,,greenhouse,ATS_A_TROUVER,board « Dots » rejeté (autre société/démo) — le vrai ATS reste à trouver
Draeger Paris,https://www.draegerparis.com/,,recruitee,ATS_A_TROUVER,board « Homepage » rejeté (autre société/démo) — le vrai ATS reste à trouver
Dutch Dandies,https://www.dutchdandies.nl/,,lever,ATS_A_TROUVER,board « Dutch » rejeté (autre société/démo) — le vrai ATS reste à trouver
Dutch Dream Denim,http://www.dutchdreamdenim.com/,https://jobs.lever.co/dutch/dd00d86f-b444-4f82-8b86-2e2386d4de22,lever,A_VERIFIER_IDENTITE,board « Dutch » — confirmer que ce board est bien celui de la maison
Dutch Label Shop,https://www.dutchlabelshop.com/,,lever,ATS_A_TROUVER,board « Dutch » rejeté (autre société/démo) — le vrai ATS reste à trouver
Dyad Fragrance,https://www.dyadfragrance.com/,,personio,ATS_A_TROUVER,board «  » rejeté (autre société/démo) — le vrai ATS reste à trouver
E.Leclerc,https://www.e.leclerc/,,teamtailor,ATS_A_TROUVER,board « E.Leclerc Commission VFM » rejeté (autre société/démo) — le vrai ATS reste à trouver
Earnest Mom,http://www.earnestmomusa.com/,,greenhouse,ATS_A_TROUVER,board « Earnest » rejeté (autre société/démo) — le vrai ATS reste à trouver
EARNEST SEWN,https://earnestsewn.com/,,greenhouse,ATS_A_TROUVER,board « Earnest » rejeté (autre société/démo) — le vrai ATS reste à trouver
Eco Lips,http://ecolips.com/,,teamtailor,ATS_A_TROUVER,board « TuoLavoro » rejeté (autre société/démo) — le vrai ATS reste à trouver
Eco Intimates,https://ecointimates.com.au/?oid=323&affid=1&source_id=GoY-rating&sub1=brandpage,,teamtailor,ATS_A_TROUVER,board « TuoLavoro » rejeté (autre société/démo) — le vrai ATS reste à trouver
Eco Tee Co,https://ecoteeco.com/,https://eco.teamtailor.com/jobs/8313538-operatore-call-center-tecnologie-idriche,teamtailor,A_VERIFIER_IDENTITE,board « TuoLavoro » — confirmer que ce board est bien celui de la maison
Blue & Yellow,https://blueandyellowproject.com/,,lever,ATS_A_TROUVER,"board « BlueCloud Services, Inc. » rejeté (autre société/démo) — le vrai ATS reste à trouver"
BLUE BIRD,https://bluebirdshoes.com.br/,,lever,ATS_A_TROUVER,"board « BlueCloud Services, Inc. » rejeté (autre société/démo) — le vrai ATS reste à trouver"
Blue Blanket,https://www.blueblanketjeans.com/,,lever,ATS_A_TROUVER,"board « BlueCloud Services, Inc. » rejeté (autre société/démo) — le vrai ATS reste à trouver"
Blue Blue Japan,https://www.bluebluejapan.com/,,lever,ATS_A_TROUVER,"board « BlueCloud Services, Inc. » rejeté (autre société/démo) — le vrai ATS reste à trouver"
Blue By Betsey Johnson,https://www.betseyjohnson.com/,,lever,ATS_A_TROUVER,"board « BlueCloud Services, Inc. » rejeté (autre société/démo) — le vrai ATS reste à trouver"
BLUE CROSS,https://www.bluecrossbeauty.com/,,lever,ATS_A_TROUVER,"board « BlueCloud Services, Inc. » rejeté (autre société/démo) — le vrai ATS reste à trouver"
Blue Fire Co.,https://www.bluefireco.com/,,lever,ATS_A_TROUVER,"board « BlueCloud Services, Inc. » rejeté (autre société/démo) — le vrai ATS reste à trouver"
Blue de Gênes,https://blue-de-genes.com/,,lever,ATS_A_TROUVER,"board « BlueCloud Services, Inc. » rejeté (autre société/démo) — le vrai ATS reste à trouver"
Blue Fire Pear,https://www.bluefirepear.com/,,lever,ATS_A_TROUVER,"board « BlueCloud Services, Inc. » rejeté (autre société/démo) — le vrai ATS reste à trouver"
BLUE ERDOS,https://www.blueerdos.com/,https://jobs.lever.co/blue/cae65436-a504-4d91-a8fa-d3502fbd1242,lever,A_VERIFIER_IDENTITE,"board « BlueCloud Services, Inc. » — confirmer que ce board est bien celui de la maison"
Blue Inc,https://www.blueinc.co.uk/,,lever,ATS_A_TROUVER,"board « BlueCloud Services, Inc. » rejeté (autre société/démo) — le vrai ATS reste à trouver"
Blue Illusion,https://blueillusion.com/,,lever,ATS_A_TROUVER,"board « BlueCloud Services, Inc. » rejeté (autre société/démo) — le vrai ATS reste à trouver"
Blue Lake CBD,https://bluelakecbd.com/,https://jobs.lever.co/blue/cae65436-a504-4d91-a8fa-d3502fbd1242,lever,A_VERIFIER_IDENTITE,"board « BlueCloud Services, Inc. » — confirmer que ce board est bien celui de la maison"
Blue LOOP Originals,https://www.bluelooporiginals.com/,,lever,ATS_A_TROUVER,"board « BlueCloud Services, Inc. » rejeté (autre société/démo) — le vrai ATS reste à trouver"
Blue Industry,https://www.blueindustry.nl/,,lever,ATS_A_TROUVER,"board « BlueCloud Services, Inc. » rejeté (autre société/démo) — le vrai ATS reste à trouver"
Blue Nude,http://bluenude.com/,,lever,ATS_A_TROUVER,"board « BlueCloud Services, Inc. » rejeté (autre société/démo) — le vrai ATS reste à trouver"
Blue Nile,https://www.bluenile.com/,,lever,ATS_A_TROUVER,"board « BlueCloud Services, Inc. » rejeté (autre société/démo) — le vrai ATS reste à trouver"
Blue Of A Kind,https://www.blueofakind.com/,,lever,ATS_A_TROUVER,"board « BlueCloud Services, Inc. » rejeté (autre société/démo) — le vrai ATS reste à trouver"
Blue Planet Eco-Eyewear,https://blueplaneteyewear.com/,,lever,ATS_A_TROUVER,"board « BlueCloud Services, Inc. » rejeté (autre société/démo) — le vrai ATS reste à trouver"
Blue Rebel,https://www.blue-rebel.com/,,lever,ATS_A_TROUVER,"board « BlueCloud Services, Inc. » rejeté (autre société/démo) — le vrai ATS reste à trouver"
Blue Ridge Stitches,https://blueridgestitches.com/,,lever,ATS_A_TROUVER,"board « BlueCloud Services, Inc. » rejeté (autre société/démo) — le vrai ATS reste à trouver"
BLUE SEVEN,https://www.blueseven.com/,,lever,ATS_A_TROUVER,"board « BlueCloud Services, Inc. » rejeté (autre société/démo) — le vrai ATS reste à trouver"
BLUE STANDARD,https://www.jeansmate.co.jp/,,lever,ATS_A_TROUVER,"board « BlueCloud Services, Inc. » rejeté (autre société/démo) — le vrai ATS reste à trouver"
Blue Tribe,https://www.bluetribe.eu/,,lever,ATS_A_TROUVER,"board « BlueCloud Services, Inc. » rejeté (autre société/démo) — le vrai ATS reste à trouver"
Blue Vanilla,https://bluevanilla.com/,,lever,ATS_A_TROUVER,"board « BlueCloud Services, Inc. » rejeté (autre société/démo) — le vrai ATS reste à trouver"
Blue Crane,https://vanwinkelfashion.com/,,lever,ATS_A_TROUVER,"board « BlueCloud Services, Inc. » rejeté (autre société/démo) — le vrai ATS reste à trouver"
Blue Tomato,https://www.blue-tomato.com/,,lever,ATS_A_TROUVER,"board « BlueCloud Services, Inc. » rejeté (autre société/démo) — le vrai ATS reste à trouver"
Blue Water Girls,https://bluewatergirls.co/,,lever,ATS_A_TROUVER,"board « BlueCloud Services, Inc. » rejeté (autre société/démo) — le vrai ATS reste à trouver"
Blue Water Spa,http://www.bluewaterspa.com/,https://jobs.lever.co/blue/cae65436-a504-4d91-a8fa-d3502fbd1242,lever,A_VERIFIER_IDENTITE,"board « BlueCloud Services, Inc. » — confirmer que ce board est bien celui de la maison"
Eleven Everything,https://eleveneverything.com/,,recruitee,ATS_A_TROUVER,board « Homepage » rejeté (autre société/démo) — le vrai ATS reste à trouver
Eleven James,https://www.elevenjames.com/,,recruitee,ATS_A_TROUVER,board « Homepage » rejeté (autre société/démo) — le vrai ATS reste à trouver
Eleven Six,https://www.eleven-six.co/,,recruitee,ATS_A_TROUVER,board « Homepage » rejeté (autre société/démo) — le vrai ATS reste à trouver
Eleven W/shes,https://www.just-white.de/,,recruitee,ATS_A_TROUVER,board « Homepage » rejeté (autre société/démo) — le vrai ATS reste à trouver
Elite Jewelers,https://www.elitejewelers.com/,,greenhouse,ATS_A_TROUVER,"board « Elite Physical Therapy, Inc.  » rejeté (autre société/démo) — le vrai ATS reste à trouver"
Ember Wellness,http://emberwellness.com/,,recruitee,ATS_A_TROUVER,board « Homepage » rejeté (autre société/démo) — le vrai ATS reste à trouver
Enable the Label,https://www.enablethelabel.com/,https://jobs.lever.co/enable/4ecb9452-de46-4794-b08c-c37216c81121,lever,A_VERIFIER_IDENTITE,board « Enable » — confirmer que ce board est bien celui de la maison
Equinox Fragrance,https://eqxfragrancelab.com/,https://jobs.smartrecruiters.com/equinox/744000147093669,smartrecruiters-whitelabel,A_VERIFIER_IDENTITE,board « Equinox » — confirmer que ce board est bien celui de la maison
Espace Montagne,https://espacemontagne.com/,,lever,ATS_A_TROUVER,board « E Space » rejeté (autre société/démo) — le vrai ATS reste à trouver
Essential Parfums,https://www.essentialparfums.com/,,greenhouse,ATS_A_TROUVER,board « Essential Anesthesia Management » rejeté (autre société/démo) — le vrai ATS reste à trouver
ESW Beauty,https://www.eswbeauty.com/,,greenhouse,ATS_A_TROUVER,board « ESW » rejeté (autre société/démo) — le vrai ATS reste à trouver
Eternal Perfume Oils,https://eternalperfumeoils.com/,,lever,ATS_A_TROUVER,board «  » rejeté (autre société/démo) — le vrai ATS reste à trouver
Eternal Leather Goods,https://eternalleathergoods.com/,,lever,ATS_A_TROUVER,board «  » rejeté (autre société/démo) — le vrai ATS reste à trouver
Eve in Paradise,https://eve-in-paradise.de/,,greenhouse,ATS_A_TROUVER,board « Eve » rejeté (autre société/démo) — le vrai ATS reste à trouver
Eve Lavoie,https://evelavoie.com/,,greenhouse,ATS_A_TROUVER,board « Eve » rejeté (autre société/démo) — le vrai ATS reste à trouver
EVER Skincare,http://www.ever.com/,,greenhouse,ATS_A_TROUVER,board « Ever » rejeté (autre société/démo) — le vrai ATS reste à trouver
Evolution BIG SIZE,https://bigsize.com.pl/,,smartrecruiters-whitelabel,ATS_A_TROUVER,board « Evolution » rejeté (autre société/démo) — le vrai ATS reste à trouver
Extreme Intimo,https://extremeintimo.com/,,wttj,ATS_A_TROUVER,board « Extreme Agency » rejeté (autre société/démo) — le vrai ATS reste à trouver
Extreme Cashmere,https://www.extreme-cashmere.com/,,wttj,ATS_A_TROUVER,board « Extreme Agency » rejeté (autre société/démo) — le vrai ATS reste à trouver
EXTREME POP,https://extreme-pop.co.uk/,,wttj,ATS_A_TROUVER,board « Extreme Agency » rejeté (autre société/démo) — le vrai ATS reste à trouver
Farfetch,https://www.farfetch.com/,,lever,ATS_A_TROUVER,board «  » rejeté (autre société/démo) — le vrai ATS reste à trouver
Fifteen Twenty,https://fifteentwenty.com/,,wttj,ATS_A_TROUVER,board « Fifteen » rejeté (autre société/démo) — le vrai ATS reste à trouver
Figure 1 Beauty,http://fig-1.co/,,greenhouse,ATS_A_TROUVER,board « Figure Lending » rejeté (autre société/démo) — le vrai ATS reste à trouver
Filippa K,https://www.filippa-k.com/,,teamtailor,ATS_A_TROUVER,board «  » rejeté (autre société/démo) — le vrai ATS reste à trouver
Fleet Feet,https://www.fleetfeet.com/,,greenhouse,ATS_A_TROUVER,board « Fleet Data Centers » rejeté (autre société/démo) — le vrai ATS reste à trouver
Flip*Flop,https://www.flip-flop.de/,,greenhouse,ATS_A_TROUVER,board « Flip » rejeté (autre société/démo) — le vrai ATS reste à trouver
Flow,https://floworganics.org/pages/our-values,,personio,ATS_A_TROUVER,board « FLOW media Berlin GmbH » rejeté (autre société/démo) — le vrai ATS reste à trouver
Fluency Beauty,https://www.fluencybeauty.com/,,greenhouse,ATS_A_TROUVER,board « Fluency » rejeté (autre société/démo) — le vrai ATS reste à trouver
Fortis Uhren,http://www.fortis-swiss.com/,,teamtailor,ATS_A_TROUVER,board « Fortis » rejeté (autre société/démo) — le vrai ATS reste à trouver
Frame Denim,http://frame-denim.com/,,wttj,ATS_A_TROUVER,board « Frame » rejeté (autre société/démo) — le vrai ATS reste à trouver
G-Form,https://www.g-form.eu/,,personio,ATS_A_TROUVER,board « GFORM » rejeté (autre société/démo) — le vrai ATS reste à trouver
Gainer Beauty LLC,http://www.gainerbeauty.com/,,teamtailor,ATS_A_TROUVER,board « Gainer Oy » rejeté (autre société/démo) — le vrai ATS reste à trouver
Gate G1 One,https://www.gate-one-fashion.de/,,lever,ATS_A_TROUVER,board « Gate » rejeté (autre société/démo) — le vrai ATS reste à trouver
General Óptica,https://www.generaloptica.es/,,greenhouse,ATS_A_TROUVER,board « General Interest  » rejeté (autre société/démo) — le vrai ATS reste à trouver
General Pants Co.,https://www.generalpants.com/,,greenhouse,ATS_A_TROUVER,board « General Interest  » rejeté (autre société/démo) — le vrai ATS reste à trouver
General Sleep,https://www.generalsleepstore.com/,,greenhouse,ATS_A_TROUVER,board « General Interest  » rejeté (autre société/démo) — le vrai ATS reste à trouver
Genesis Footwear,https://genesisfootwear.com/,https://jobs.lever.co/genesis/1dee97e1-ac4a-40dd-b628-76d0c4da1a81,lever,A_VERIFIER_IDENTITE,board « Genesis Global » — confirmer que ce board est bien celui de la maison
Genuine Myself,https://genuinemyself.com/,,personio,ATS_A_TROUVER,board « Genuine Beauty GmbH » rejeté (autre société/démo) — le vrai ATS reste à trouver
Georges Rech,https://www.georges-rech.fr/,,teamtailor,ATS_A_TROUVER,board « Georges » rejeté (autre société/démo) — le vrai ATS reste à trouver
Glide Sculpt,https://glidesculpt.com/,,greenhouse,ATS_A_TROUVER,board « Glide » rejeté (autre société/démo) — le vrai ATS reste à trouver
GLITTER FASHION,https://www.glitterfashion.com/,,teamtailor,ATS_A_TROUVER,board « Glitter » rejeté (autre société/démo) — le vrai ATS reste à trouver
Globe-Trotter,https://www.globe-trotter.com/,,teamtailor,ATS_A_TROUVER,board « Globetrotter » rejeté (autre société/démo) — le vrai ATS reste à trouver
Globetrotter Ausrüstung,https://www.globetrotter.de/,https://globetrotter.teamtailor.com/jobs/8065264-stellvertretende-teamleitung-im-verkauf-w-m-d,teamtailor,A_VERIFIER_IDENTITE,board « Globetrotter » — confirmer que ce board est bien celui de la maison
Glorious Gangsta,https://www.gloriousgangsta.com/,https://glorious.jobs.personio.de/job/1438376,personio,A_VERIFIER_IDENTITE,board « Küstenjunge GmbH » — confirmer que ce board est bien celui de la maison
Goal Five,https://goalfive.com/,,greenhouse,ATS_A_TROUVER,board « GOAL » rejeté (autre société/démo) — le vrai ATS reste à trouver
Golf Galaxy,https://www.golfgalaxy.com/,https://job-boards.greenhouse.io/golf/jobs/4707030006,greenhouse,A_VERIFIER_IDENTITE,board « GOLF.com // GOLF Magazine » — confirmer que ce board est bien celui de la maison
Golf Partner,https://www.golfpartner.co.jp/,,greenhouse,ATS_A_TROUVER,board « GOLF.com // GOLF Magazine » rejeté (autre société/démo) — le vrai ATS reste à trouver
Golf Town,https://www.golftown.com/en-CA/homepage,https://job-boards.greenhouse.io/golf/jobs/4707030006,greenhouse,A_VERIFIER_IDENTITE,board « GOLF.com // GOLF Magazine » — confirmer que ce board est bien celui de la maison
Golf・Do,http://www.golfdo.com/,https://job-boards.greenhouse.io/golf/jobs/4707030006,greenhouse,A_VERIFIER_IDENTITE,board « GOLF.com // GOLF Magazine » — confirmer que ce board est bien celui de la maison
Goodwin's Skin Soother,https://www.etsy.com/shop/GoodwinsSkinSoother,https://job-boards.greenhouse.io/goodwin/jobs/5135420007,greenhouse,A_VERIFIER_IDENTITE,board « Goodwin » — confirmer que ce board est bien celui de la maison
Goody's,https://www.stage.com/goodys,https://job-boards.greenhouse.io/goody/jobs/4384277009,greenhouse,A_VERIFIER_IDENTITE,board « Goody Garage Doors » — confirmer que ce board est bien celui de la maison
GRAIN DE MALICE,https://www.graindemalice.fr/,,teamtailor,ATS_A_TROUVER,board « Grain » rejeté (autre société/démo) — le vrai ATS reste à trouver
Grand Frank,https://www.grandfrank.com/,,lever,ATS_A_TROUVER,board « Grand Games » rejeté (autre société/démo) — le vrai ATS reste à trouver
Grand Optics,https://grandoptics-bg.com/,,lever,ATS_A_TROUVER,board « Grand Games » rejeté (autre société/démo) — le vrai ATS reste à trouver
Grand Seiko,https://grand-seiko.com/,,lever,ATS_A_TROUVER,board « Grand Games » rejeté (autre société/démo) — le vrai ATS reste à trouver
Grand Step,https://www.grandstep.de/,,lever,ATS_A_TROUVER,board « Grand Games » rejeté (autre société/démo) — le vrai ATS reste à trouver
Grand Step Shoes,https://www.grandstep.de/,,lever,ATS_A_TROUVER,board « Grand Games » rejeté (autre société/démo) — le vrai ATS reste à trouver
Grey Belly,https://www.greybelly.com/,https://job-boards.greenhouse.io/grey/jobs/4723087005,greenhouse,A_VERIFIER_IDENTITE,board « GREY  » — confirmer que ce board est bien celui de la maison
Grey Gardens,https://greygardensofficial.com/,,greenhouse,ATS_A_TROUVER,board « GREY  » rejeté (autre société/démo) — le vrai ATS reste à trouver
HAN KJØBENHAVN,https://hankjobenhavn.com/,,recruitee,ATS_A_TROUVER,board « Customizable ATS & hiring software Telle » rejeté (autre société/démo) — le vrai ATS reste à trouver
Chance of Sunny,https://www.chanceofsunny.com/,,wttj,ATS_A_TROUVER,board « Chance » rejeté (autre société/démo) — le vrai ATS reste à trouver
HARIS COTTON,https://hariscotton.com/,,smartrecruiters-whitelabel,ATS_A_TROUVER,board « Haris » rejeté (autre société/démo) — le vrai ATS reste à trouver
Hazel & Folk,https://hazelandfolk.com/,,greenhouse,ATS_A_TROUVER,board « Hazel Health » rejeté (autre société/démo) — le vrai ATS reste à trouver
Hemmerle,https://hemmerle.com/,,personio,ATS_A_TROUVER,board «  » rejeté (autre société/démo) — le vrai ATS reste à trouver
Hive & Colony,https://www.hiveandcolony.com/,,greenhouse,ATS_A_TROUVER,board « Hive » rejeté (autre société/démo) — le vrai ATS reste à trouver
Honor The House Beauty,https://www.honorthehousebeauty.com/,,greenhouse,ATS_A_TROUVER,board « Honor » rejeté (autre société/démo) — le vrai ATS reste à trouver
Hook and Rope,https://www.hookandrope.com/,https://job-boards.greenhouse.io/hook/jobs/8402409002,greenhouse,A_VERIFIER_IDENTITE,board « Hook » — confirmer que ce board est bien celui de la maison
Huber Shop,https://www.huber-bodywear.com/,,personio,ATS_A_TROUVER,board « Huber Parking Deutschland GmbH » rejeté (autre société/démo) — le vrai ATS reste à trouver
Hug & Clau,https://hugandclau.com/es/,,smartrecruiters-whitelabel,ATS_A_TROUVER,board « Hôpitaux Universitaires de Genève » rejeté (autre société/démo) — le vrai ATS reste à trouver
Clark's Botanicals,http://www.clarksbotanicals.com/,,personio,ATS_A_TROUVER,board « CLARK Holding SE » rejeté (autre société/démo) — le vrai ATS reste à trouver
Hush Puppies,https://www.hushpuppies.com/,,lever,ATS_A_TROUVER,board « HUSH » rejeté (autre société/démo) — le vrai ATS reste à trouver
HUSHD,https://www.hushd.ca/,,smartrecruiters-whitelabel,ATS_A_TROUVER,board « Hush'D » rejeté (autre société/démo) — le vrai ATS reste à trouver
Hustle Butter,https://www.hustlebutter.com/,,teamtailor,ATS_A_TROUVER,board « Hustle » rejeté (autre société/démo) — le vrai ATS reste à trouver
Icon Brand,https://www.iconbrand.com/,https://icon.recruitee.com/o/vendsys-nayax-vm-inobram,recruitee,A_VERIFIER_IDENTITE,board « Customizable ATS & hiring software Telle » — confirmer que ce board est bien celui de la maison
Icon Eyewear,https://www.iconeyewear.eu/,,recruitee,ATS_A_TROUVER,board « Customizable ATS & hiring software Telle » rejeté (autre société/démo) — le vrai ATS reste à trouver
igi natur,https://www.iginatur.com/,https://jobs.smartrecruiters.com/igi/744000141979789,smartrecruiters-whitelabel,A_VERIFIER_IDENTITE,board « IGI » — confirmer que ce board est bien celui de la maison
Cloud9,https://www.wolky.nl/,,greenhouse,ATS_A_TROUVER,board « Cloud 9 » rejeté (autre société/démo) — le vrai ATS reste à trouver
IN VIVO,https://www.invivo.ba/,,wttj,ATS_A_TROUVER,board « InVivo » rejeté (autre société/démo) — le vrai ATS reste à trouver
Indigo Sun,https://www.indigosun.co.uk/,,greenhouse,ATS_A_TROUVER,board « Indigo » rejeté (autre société/démo) — le vrai ATS reste à trouver
iNDiViDUALS Studio,https://www.individualsatamfi.nl/,https://jobs.smartrecruiters.com/individuals/743999700070287,smartrecruiters-whitelabel,A_VERIFIER_IDENTITE,board « Individuals » — confirmer que ce board est bien celui de la maison
iNO,https://inohaircare.com/,,greenhouse,ATS_A_TROUVER,board « Innovative Air » rejeté (autre société/démo) — le vrai ATS reste à trouver
Inspired Sense,https://www.etsy.com/ca/shop/inspiredsense,https://inspired.jobs.personio.de/job/2592957,personio,A_VERIFIER_IDENTITE,board « Reprise Media » — confirmer que ce board est bien celui de la maison
Codex Labs Corporation,https://www.codexlabscorp.com/,https://codex.jobs.personio.de/job/2608804,personio,A_VERIFIER_IDENTITE,board «  » — confirmer que ce board est bien celui de la maison
Codex Labs,https://www.codexlabscorp.com/,https://codex.jobs.personio.de/job/2608804,personio,A_VERIFIER_IDENTITE,board «  » — confirmer que ce board est bien celui de la maison
IRIS,https://iris.ca/en/,,greenhouse,ATS_A_TROUVER,board « Iris North America » rejeté (autre société/démo) — le vrai ATS reste à trouver
Iris Janvier,https://iris-janvier.com/,,greenhouse,ATS_A_TROUVER,board « Iris North America » rejeté (autre société/démo) — le vrai ATS reste à trouver
Iris Lingerie,http://www.irislingeriebrooklyn.com/,,greenhouse,ATS_A_TROUVER,board « Iris North America » rejeté (autre société/démo) — le vrai ATS reste à trouver
Iris&Romeo,https://www.irisandromeo.com/,,greenhouse,ATS_A_TROUVER,board « Iris North America » rejeté (autre société/démo) — le vrai ATS reste à trouver
Isa Boulder,https://isaboulder.com/,,greenhouse,ATS_A_TROUVER,board « Innovative Signal Analysis » rejeté (autre société/démo) — le vrai ATS reste à trouver
Ĭsa Knox,http://www.isaknox.co.kr/,,greenhouse,ATS_A_TROUVER,board « Innovative Signal Analysis » rejeté (autre société/démo) — le vrai ATS reste à trouver
Isaac Reina,https://isaacreina.com/,,greenhouse,ATS_A_TROUVER,board « isaac » rejeté (autre société/démo) — le vrai ATS reste à trouver
ITS'DEMO,https://store.world.co.jp/s/brand/itsdemo/,https://job-boards.greenhouse.io/its/jobs/7814917003,greenhouse,A_VERIFIER_IDENTITE,board « Intelligent Technical Solutions » — confirmer que ce board est bien celui de la maison
Community Clothing,https://communityclothing.co.uk/,,greenhouse,ATS_A_TROUVER,board « Rome Community Partners » rejeté (autre société/démo) — le vrai ATS reste à trouver
Jaeger-LeCoultre,https://www.jaeger-lecoultre.com/,,recruitee,ATS_A_TROUVER,board « Homepage » rejeté (autre société/démo) — le vrai ATS reste à trouver
Jaguar Watches,https://jaguarswisswatches.com/de-DE,https://jaguar.jobs.personio.de/job/1792527,personio,A_VERIFIER_IDENTITE,board «  » — confirmer que ce board est bien celui de la maison
Japan TKY,https://www.japantky.com/,,greenhouse,ATS_A_TROUVER,board « Mirakl - Japan » rejeté (autre société/démo) — le vrai ATS reste à trouver
Jay Jays,https://www.jayjays.com.au/,,greenhouse,ATS_A_TROUVER,board « Jay » rejeté (autre société/démo) — le vrai ATS reste à trouver
COSMOS COMFORT,https://www.2go-shoes.com/,https://cosmos.jobs.personio.de/job/2446196,personio,A_VERIFIER_IDENTITE,board «  » — confirmer que ce board est bien celui de la maison
Johnson,http://www.johnson.cl/,https://johnson.jobs.personio.de/job/1328955,personio,A_VERIFIER_IDENTITE,board «  » — confirmer que ce board est bien celui de la maison
Johnson Fitness & Wellness,https://www.johnsonfitness.com/,https://johnson.jobs.personio.de/job/1328955,personio,A_VERIFIER_IDENTITE,board «  » — confirmer que ce board est bien celui de la maison
Johnson's Baby,http://www.johnsonsbaby.com/,,personio,ATS_A_TROUVER,board «  » rejeté (autre société/démo) — le vrai ATS reste à trouver
Jonak-Paris,https://www.jonak-paris.com/,,wttj,ATS_A_TROUVER,board « Jonak » rejeté (autre société/démo) — le vrai ATS reste à trouver
Jonathan Cohen,https://jonathancohenstudio.com/,,personio,ATS_A_TROUVER,board «  » rejeté (autre société/démo) — le vrai ATS reste à trouver
Jonathan Simkhai,https://jonathansimkhai.com/,,personio,ATS_A_TROUVER,board «  » rejeté (autre société/démo) — le vrai ATS reste à trouver
Josh Rosebrook,https://joshrosebrook.com/,,personio,ATS_A_TROUVER,board «  » rejeté (autre société/démo) — le vrai ATS reste à trouver
JOSH V,https://joshv.com/,https://josh.jobs.personio.de/job/1587184,personio,A_VERIFIER_IDENTITE,board «  » — confirmer que ce board est bien celui de la maison
Jost,https://jost-bags.com/,,recruitee,ATS_A_TROUVER,board « Homepage » rejeté (autre société/démo) — le vrai ATS reste à trouver
Joya Diseño,https://joyadiseno.com/,,greenhouse,ATS_A_TROUVER,board « Joya » rejeté (autre société/démo) — le vrai ATS reste à trouver
Jupe by Jackie,https://www.jupebyjackie.com/,,lever,ATS_A_TROUVER,board «  » rejeté (autre société/démo) — le vrai ATS reste à trouver
Kaiko,https://kaikoclothing.com/,,personio,ATS_A_TROUVER,board «  » rejeté (autre société/démo) — le vrai ATS reste à trouver
Cycle Gear,https://www.cyclegear.com/,https://cycle.jobs.personio.de/job/2562328,personio,A_VERIFIER_IDENTITE,board « CYCLE Netherlands BV » — confirmer que ce board est bien celui de la maison
Kate Garey,https://www.kategarey.com/,https://kate.jobs.personio.de/job/2766202,personio,A_VERIFIER_IDENTITE,board «  » — confirmer que ce board est bien celui de la maison
Kate Lee,https://www.katelee.fr/,,personio,ATS_A_TROUVER,board «  » rejeté (autre société/démo) — le vrai ATS reste à trouver
Kate Sheridan,https://katesheridan.com/,,personio,ATS_A_TROUVER,board «  » rejeté (autre société/démo) — le vrai ATS reste à trouver
Kate Spade,https://eu.katespade.com/,,personio,ATS_A_TROUVER,board «  » rejeté (autre société/démo) — le vrai ATS reste à trouver
Kate Spade New York,https://www.katespade.co.uk/en-gb/,,personio,ATS_A_TROUVER,board «  » rejeté (autre société/démo) — le vrai ATS reste à trouver
Kate Sylvester,https://katesylvester.com/,,personio,ATS_A_TROUVER,board «  » rejeté (autre société/démo) — le vrai ATS reste à trouver
Kate Quinn,https://katequinn.com/,,personio,ATS_A_TROUVER,board «  » rejeté (autre société/démo) — le vrai ATS reste à trouver
Kate's Magik,http://www.katesmagik.com/,,personio,ATS_A_TROUVER,board «  » rejeté (autre société/démo) — le vrai ATS reste à trouver
KATE BARTON,https://katebarton.com/,,personio,ATS_A_TROUVER,board «  » rejeté (autre société/démo) — le vrai ATS reste à trouver
KEEN,https://www.keenfootwear.com/,,greenhouse,ATS_A_TROUVER,board « Keen Advisor Questionnaire  » rejeté (autre société/démo) — le vrai ATS reste à trouver
Kent & Curwen,https://www.kentandcurwen.com/,,personio,ATS_A_TROUVER,board « KENT Deutschland GmbH » rejeté (autre société/démo) — le vrai ATS reste à trouver
Kevin Jewelers,https://kevinjewelers.com/,,personio,ATS_A_TROUVER,board «  » rejeté (autre société/démo) — le vrai ATS reste à trouver
Kevin O'Brien Studio,https://www.kevinobrienstudio.com/,,personio,ATS_A_TROUVER,board «  » rejeté (autre société/démo) — le vrai ATS reste à trouver
KIKS TYO,https://kikstyoshop.com/en-au,,recruitee,ATS_A_TROUVER,board « Homepage » rejeté (autre société/démo) — le vrai ATS reste à trouver
Daniel,http://www.danielstores.co.uk/,,personio,ATS_A_TROUVER,board «  » rejeté (autre société/démo) — le vrai ATS reste à trouver
Daniel & Bob,https://www.danielandbob.it/,https://daniel.jobs.personio.de/job/1506766,personio,A_VERIFIER_IDENTITE,board «  » — confirmer que ce board est bien celui de la maison
DANIEL ESSA,https://www.danielessa.com/,,personio,ATS_A_TROUVER,board «  » rejeté (autre société/démo) — le vrai ATS reste à trouver
Daniel Hechter,https://www.hechter.com/,,personio,ATS_A_TROUVER,board «  » rejeté (autre société/démo) — le vrai ATS reste à trouver
DANIEL PATRICK,https://www.danielpatrick.us/,https://daniel.jobs.personio.de/job/1506766,personio,A_VERIFIER_IDENTITE,board «  » — confirmer que ce board est bien celui de la maison
Daniel Wellington,https://www.danielwellington.com/,,personio,ATS_A_TROUVER,board «  » rejeté (autre société/démo) — le vrai ATS reste à trouver
Daniel's Jewelers,https://www.danielsjewelers.com/,,personio,ATS_A_TROUVER,board «  » rejeté (autre société/démo) — le vrai ATS reste à trouver
Kleinigkeit,https://www.kleinigkeit.de/,,personio,ATS_A_TROUVER,board «  » rejeté (autre société/démo) — le vrai ATS reste à trouver
Kleos + Klea,https://www.kleosandklea.com/,,teamtailor,ATS_A_TROUVER,board « Kleos » rejeté (autre société/démo) — le vrai ATS reste à trouver
Knit-ted Essentials,https://www.knit-ted.com/,,greenhouse,ATS_A_TROUVER,board « Knit » rejeté (autre société/démo) — le vrai ATS reste à trouver
Known Supply,https://knownsupply.com/,,greenhouse,ATS_A_TROUVER,board « Known » rejeté (autre société/démo) — le vrai ATS reste à trouver
Kohl's,http://www.kohls.com/,https://jobs.kohl-gmbh.de/o/reinigungskraft2,recruitee,A_VERIFIER_IDENTITE,board « Stellenangebote & Ausbildung der Kohl Un » — confirmer que ce board est bien celui de la maison
L'Occitane Group,https://www.loccitane.com/,,teamtailor,ATS_A_TROUVER,board « L'Occitane en Provence » rejeté (autre société/démo) — le vrai ATS reste à trouver
Lao Feng Xiang,https://www.laofengxiang.com/,,personio,ATS_A_TROUVER,board « LAO Ingenieurgesellschaft mbH » rejeté (autre société/démo) — le vrai ATS reste à trouver
Diana Madison Beauty,https://www.dianamadisonbeauty.com/,,personio,ATS_A_TROUVER,board « DIANA Electronic-Systeme GmbH » rejeté (autre société/démo) — le vrai ATS reste à trouver
Lemon Jelly,https://www.lemonjelly.com/,,teamtailor,ATS_A_TROUVER,board « Aphiniti » rejeté (autre société/démo) — le vrai ATS reste à trouver
DNA Amsterdam,https://dna-amsterdam.com/,,greenhouse,ATS_A_TROUVER,board « DNA » rejeté (autre société/démo) — le vrai ATS reste à trouver
Dom Tower,https://www.domtower.nl/,,personio,ATS_A_TROUVER,board «  » rejeté (autre société/démo) — le vrai ATS reste à trouver
Dom Mody Skorska,https://skorska.pl/pl/,,personio,ATS_A_TROUVER,board «  » rejeté (autre société/démo) — le vrai ATS reste à trouver
Life Elements,https://lifeelements.com/,,lever,ATS_A_TROUVER,board « Life.Church » rejeté (autre société/démo) — le vrai ATS reste à trouver
Life Less Ordinary,https://www.life-less-ordinary.co.uk/,,lever,ATS_A_TROUVER,board « Life.Church » rejeté (autre société/démo) — le vrai ATS reste à trouver
Life Style Sports,https://www.lifestylesports.com/,,lever,ATS_A_TROUVER,board « Life.Church » rejeté (autre société/démo) — le vrai ATS reste à trouver
Lifted Beauty,http://www.liftedbeautyshop.com/,,greenhouse,ATS_A_TROUVER,board « Lifted » rejeté (autre société/démo) — le vrai ATS reste à trouver
Loavies,https://www.loavies.com/eu/,,recruitee,ATS_A_TROUVER,board « My custom page title » rejeté (autre société/démo) — le vrai ATS reste à trouver
London Fog,https://www.londonfog.com/,,greenhouse,ATS_A_TROUVER,board « Aimé Leon Dore EU » rejeté (autre société/démo) — le vrai ATS reste à trouver
London Jewelers,https://www.londonjewelers.com/,https://job-boards.greenhouse.io/london/jobs/5019478004,greenhouse,A_VERIFIER_IDENTITE,board « Aimé Leon Dore EU » — confirmer que ce board est bien celui de la maison
Loop Swim,https://loopswim.com/?oid=24&affid=1&source_id=GoY-rating&sub1=brandpage,,personio,ATS_A_TROUVER,board «  » rejeté (autre société/démo) — le vrai ATS reste à trouver
LOOP WHEELER,https://www.loopwheeler.co.jp/,,personio,ATS_A_TROUVER,board «  » rejeté (autre société/démo) — le vrai ATS reste à trouver
Loop.a life,https://loopalife.com/,https://loop.jobs.personio.de/job/2764714,personio,A_VERIFIER_IDENTITE,board «  » — confirmer que ce board est bien celui de la maison
Loqi,https://www.loqi.eu/,,personio,ATS_A_TROUVER,board «  » rejeté (autre société/démo) — le vrai ATS reste à trouver
Lore & Heart,https://loreandheart.com/,https://www.welcometothejungle.com/fr/companies/lore/jobs/engineering-manager,wttj,A_VERIFIER_IDENTITE,board « LORÉ » — confirmer que ce board est bien celui de la maison
Luciano Gelisio,https://www.lucianogelisio.com/en/,,personio,ATS_A_TROUVER,board «  » rejeté (autre société/démo) — le vrai ATS reste à trouver
Luminous Being,https://www.luminousbeing.com/,,personio,ATS_A_TROUVER,board « Luminous Cards GmbH » rejeté (autre société/démo) — le vrai ATS reste à trouver
Lush,https://fr.lush.com/,https://job-boards.greenhouse.io/lush/jobs/8148669,greenhouse,A_VERIFIER_IDENTITE,board « Lush Handmade Cosmetics » — confirmer que ce board est bien celui de la maison
Lush Lapel,https://www.lushlapel.com/,,greenhouse,ATS_A_TROUVER,board « Lush Handmade Cosmetics » rejeté (autre société/démo) — le vrai ATS reste à trouver
mad penguin skin care,http://madpenguinskincare.com/,,wttj,ATS_A_TROUVER,board « MADNETWORK » rejeté (autre société/démo) — le vrai ATS reste à trouver
MADE BY SOCIETY,https://madebysociety.com/,,teamtailor,ATS_A_TROUVER,board « MADE » rejeté (autre société/démo) — le vrai ATS reste à trouver
Made in Sens,https://www.madeinsens.com/,,teamtailor,ATS_A_TROUVER,board « MADE » rejeté (autre société/démo) — le vrai ATS reste à trouver
Made Simple Skin Care,http://www.madesimpleskincare.com/,,teamtailor,ATS_A_TROUVER,board « MADE » rejeté (autre société/démo) — le vrai ATS reste à trouver
Magnolia Park,https://www.themagpark.com/,,greenhouse,ATS_A_TROUVER,board « Magnolia » rejeté (autre société/démo) — le vrai ATS reste à trouver
Make & Mary®,http://www.makeandmary.com/,,greenhouse,ATS_A_TROUVER,board « Make » rejeté (autre société/démo) — le vrai ATS reste à trouver
Make An Impact,http://makeanimpactclothing.com.au/,https://www.make.com/en/careers-detail?gh_jid=7778598003,greenhouse,A_VERIFIER_IDENTITE,board « Make » — confirmer que ce board est bien celui de la maison
Make My Lemonade,https://www.makemylemonade.com/,,greenhouse,ATS_A_TROUVER,board « Make » rejeté (autre société/démo) — le vrai ATS reste à trouver
Make the Dot,https://www.makethedot.com/,,greenhouse,ATS_A_TROUVER,board « Make » rejeté (autre société/démo) — le vrai ATS reste à trouver
Make Up For Ever,http://www.makeupforever.com/,https://www.make.com/en/careers-detail?gh_jid=7778598003,greenhouse,A_VERIFIER_IDENTITE,board « Make » — confirmer que ce board est bien celui de la maison
Make-up Art Cosmetics,https://www.maccosmetics.in/,,greenhouse,ATS_A_TROUVER,board « Make » rejeté (autre société/démo) — le vrai ATS reste à trouver
Maki Sandals,https://www.makisandals.com/,,wttj,ATS_A_TROUVER,board « MakiPeople » rejeté (autre société/démo) — le vrai ATS reste à trouver
manière de voir,https://www.manieredevoir.com/,,smartrecruiters-whitelabel,ATS_A_TROUVER,board « Maniere » rejeté (autre société/démo) — le vrai ATS reste à trouver
Mantis World,https://www.mantisworld.com/,,greenhouse,ATS_A_TROUVER,board « Mantis » rejeté (autre société/démo) — le vrai ATS reste à trouver
Marmot,https://www.marmot.com/,https://marmot.jobs.personio.de/job/1702085,personio,A_VERIFIER_IDENTITE,board «  » — confirmer que ce board est bien celui de la maison
Märta Larsson,https://martalarsson.com/,,personio,ATS_A_TROUVER,board « marta ambulante Pflegedienste GmbH » rejeté (autre société/démo) — le vrai ATS reste à trouver
EMIN + PAUL,https://eminandpaul.com/,,personio,ATS_A_TROUVER,board «  » rejeté (autre société/démo) — le vrai ATS reste à trouver
MAS Holdings,https://www.masholdings.com/,,greenhouse,ATS_A_TROUVER,board « Midwest Applied Solutions » rejeté (autre société/démo) — le vrai ATS reste à trouver
Massimo Dutti,https://www.massimodutti.com/gb/,,recruitee,ATS_A_TROUVER,board « homepage » rejeté (autre société/démo) — le vrai ATS reste à trouver
mat star,https://matstar.bg/,,teamtailor,ATS_A_TROUVER,board « MAT Group » rejeté (autre société/démo) — le vrai ATS reste à trouver
Match point linen,https://www.matchpointlinenclothing.com/apps/webstore/,https://match.teamtailor.com/jobs/8278702-10-butikkselger-match-manglerud,teamtailor,A_VERIFIER_IDENTITE,board « MATCH » — confirmer que ce board est bien celui de la maison
Matt & Nat,https://mattandnat.com/,,recruitee,ATS_A_TROUVER,board « homepage » rejeté (autre société/démo) — le vrai ATS reste à trouver
MATT Optik,https://www.matt.de/,,recruitee,ATS_A_TROUVER,board « homepage » rejeté (autre société/démo) — le vrai ATS reste à trouver
Max,https://www.maxshop.com/,,recruitee,ATS_A_TROUVER,board « Customizable ATS & hiring software Telle » rejeté (autre société/démo) — le vrai ATS reste à trouver
Max Fashion,http://www.maxfashionindia.com/,https://max.recruitee.com/o/marketer-muster,recruitee,A_VERIFIER_IDENTITE,board « Customizable ATS & hiring software Telle » — confirmer que ce board est bien celui de la maison
Max et Moi,https://www.maxemoi.com/,,recruitee,ATS_A_TROUVER,board « Customizable ATS & hiring software Telle » rejeté (autre société/démo) — le vrai ATS reste à trouver
Max Original Leather,https://maxleather.sk/,,recruitee,ATS_A_TROUVER,board « Customizable ATS & hiring software Telle » rejeté (autre société/démo) — le vrai ATS reste à trouver
MAX&Co.,https://maxandco.com/,,recruitee,ATS_A_TROUVER,board « Customizable ATS & hiring software Telle » rejeté (autre société/démo) — le vrai ATS reste à trouver
Max Mara,https://www.maxmara.com/,,recruitee,ATS_A_TROUVER,board « Customizable ATS & hiring software Telle » rejeté (autre société/démo) — le vrai ATS reste à trouver
Maya Chia,http://www.mayachia.com/,,lever,ATS_A_TROUVER,board « MayaHTT » rejeté (autre société/démo) — le vrai ATS reste à trouver
Maya Mari Kids,https://www.mayamarikids.com/,,lever,ATS_A_TROUVER,board « MayaHTT » rejeté (autre société/démo) — le vrai ATS reste à trouver
Maya's Ideas,https://mayasideas.com/,,lever,ATS_A_TROUVER,board « MayaHTT » rejeté (autre société/démo) — le vrai ATS reste à trouver
Maya Maya,https://mayamaya.ch/,,lever,ATS_A_TROUVER,board « MayaHTT » rejeté (autre société/démo) — le vrai ATS reste à trouver
Maya Eco,https://www.mayaeco.com/,https://jobs.lever.co/maya/a07940b9-6aac-4dbc-811a-0169f57be4fb,lever,A_VERIFIER_IDENTITE,board « MayaHTT » — confirmer que ce board est bien celui de la maison
Maya Magal,https://mayamagal.co.uk/,,lever,ATS_A_TROUVER,board « MayaHTT » rejeté (autre société/démo) — le vrai ATS reste à trouver
MCS,https://www.mcs.com/,,greenhouse,ATS_A_TROUVER,board « Minnesota Cannabis Services » rejeté (autre société/démo) — le vrai ATS reste à trouver
Michel & Amazonka,https://michelamazonka.com/,,personio,ATS_A_TROUVER,board «  » rejeté (autre société/démo) — le vrai ATS reste à trouver
Michel Germain Parfums,https://ca.michelgermain.com/,,personio,ATS_A_TROUVER,board «  » rejeté (autre société/démo) — le vrai ATS reste à trouver
Mind Games,https://www.mindgamesfragrance.com/,,teamtailor,ATS_A_TROUVER,board « Mind OSS » rejeté (autre société/démo) — le vrai ATS reste à trouver
Mirabelle Jewelry,https://mirabellejewelry.shop/,,wttj,ATS_A_TROUVER,board « Mirabelle » rejeté (autre société/démo) — le vrai ATS reste à trouver
Moa,https://moaparis.com/,,smartrecruiters-whitelabel,ATS_A_TROUVER,board « Melissa's Outdoor Adventures » rejeté (autre société/démo) — le vrai ATS reste à trouver
Moo Moo Bath Co,http://www.moomoobath.co/,,lever,ATS_A_TROUVER,board « MOO » rejeté (autre société/démo) — le vrai ATS reste à trouver
Moo'ilo,https://www.mooilo.de/,,lever,ATS_A_TROUVER,board « MOO » rejeté (autre société/démo) — le vrai ATS reste à trouver
MOON JUICE,http://www.moonjuice.com/,,greenhouse,ATS_A_TROUVER,board « Moon Creative Lab » rejeté (autre société/démo) — le vrai ATS reste à trouver
Moon Boot,https://www.moonboot.com/,,greenhouse,ATS_A_TROUVER,board « Moon Creative Lab » rejeté (autre société/démo) — le vrai ATS reste à trouver
Moon Mother Hemp Company,https://www.moonmotherhemp.com/,,greenhouse,ATS_A_TROUVER,board « Moon Creative Lab » rejeté (autre société/démo) — le vrai ATS reste à trouver
Moon Rabbit Acupuncture,https://shop.moonrabbitacupuncture.com/,,greenhouse,ATS_A_TROUVER,board « Moon Creative Lab » rejeté (autre société/démo) — le vrai ATS reste à trouver
Moon Ridge Company,https://moonridgecompany.com/,,greenhouse,ATS_A_TROUVER,board « Moon Creative Lab » rejeté (autre société/démo) — le vrai ATS reste à trouver
Moon Valley Organics,http://www.moonvalleyorganics.com/,,greenhouse,ATS_A_TROUVER,board « Moon Creative Lab » rejeté (autre société/démo) — le vrai ATS reste à trouver
More Joy,https://www.christopherkane.com/uk/sets/more-joy,https://more.jobs.personio.de/job/1977641,personio,A_VERIFIER_IDENTITE,board «  » — confirmer que ce board est bien celui de la maison
More & More,https://www.more-and-more.de/,,personio,ATS_A_TROUVER,board «  » rejeté (autre société/démo) — le vrai ATS reste à trouver
Morgans Apothecary,http://morgansapothecary.com/,,greenhouse,ATS_A_TROUVER,board « Morgan's Early Learning Centers » rejeté (autre société/démo) — le vrai ATS reste à trouver
Mos Mosh,https://www.mosmosh.com/,,greenhouse,ATS_A_TROUVER,board « Michigan Online School » rejeté (autre société/démo) — le vrai ATS reste à trouver
MOS MOSH Gallery.,https://mosmosh.com/,,greenhouse,ATS_A_TROUVER,board « Michigan Online School » rejeté (autre société/démo) — le vrai ATS reste à trouver
MUDRA,https://mudracollection.com/,,personio,ATS_A_TROUVER,board «  » rejeté (autre société/démo) — le vrai ATS reste à trouver
Mulberry Skincare,http://www.fillcandles.ca/,,lever,ATS_A_TROUVER,board « Mulberry » rejeté (autre société/démo) — le vrai ATS reste à trouver
MYMARINI,https://mymarini.com/,,personio,ATS_A_TROUVER,board «  » rejeté (autre société/démo) — le vrai ATS reste à trouver
N°21,https://www.numeroventuno.com/,,smartrecruiters-whitelabel,ATS_A_TROUVER,board « N2 » rejeté (autre société/démo) — le vrai ATS reste à trouver
National Geographic,https://thecorem.com/,https://job-boards.greenhouse.io/national/jobs/5179542007,greenhouse,A_VERIFIER_IDENTITE,board « NATIONAL » — confirmer que ce board est bien celui de la maison
National Union of Manufacturers of Aromatic Products,https://www.prodarom.com/,,greenhouse,ATS_A_TROUVER,board « NATIONAL » rejeté (autre société/démo) — le vrai ATS reste à trouver
NAU!,https://www.nau.it/,,personio,ATS_A_TROUVER,board «  » rejeté (autre société/démo) — le vrai ATS reste à trouver
Neon Hippie,http://neonhippie.com/,,lever,ATS_A_TROUVER,board « Neon Pagamentos » rejeté (autre société/démo) — le vrai ATS reste à trouver
Neu Nomads,https://neunomads.com/?oid=179&affid=1&source_id=GoY-rating&sub1=brandpage,,greenhouse,ATS_A_TROUVER,board « Fora (Interview Calendar) » rejeté (autre société/démo) — le vrai ATS reste à trouver
New Balance,https://nb.com.tw/,https://job-boards.greenhouse.io/new/jobs/4649245003,greenhouse,A_VERIFIER_IDENTITE,board « Sonja Inc.   » — confirmer que ce board est bien celui de la maison
New Balance Golf Japan,https://www.newbalance-golf.com/,,greenhouse,ATS_A_TROUVER,board « Sonja Inc.   » rejeté (autre société/démo) — le vrai ATS reste à trouver
New Directions Aromatics,http://www.newdirectionsaromatics.com/,https://job-boards.greenhouse.io/new/jobs/4649245003,greenhouse,A_VERIFIER_IDENTITE,board « Sonja Inc.   » — confirmer que ce board est bien celui de la maison
New Era,https://www.neweracap.com/,,greenhouse,ATS_A_TROUVER,board « Sonja Inc.   » rejeté (autre société/démo) — le vrai ATS reste à trouver
New Girl Order,https://newgirlorder.co.uk/,https://job-boards.greenhouse.io/new/jobs/4649245003,greenhouse,A_VERIFIER_IDENTITE,board « Sonja Inc.   » — confirmer que ce board est bien celui de la maison
New in Town,http://www.shopnewintown.com/,,greenhouse,ATS_A_TROUVER,board « Sonja Inc.   » rejeté (autre société/démo) — le vrai ATS reste à trouver
New Amsterdam Surf Association,https://www.newamsterdamsurf.com/,,greenhouse,ATS_A_TROUVER,board « Sonja Inc.   » rejeté (autre société/démo) — le vrai ATS reste à trouver
New Look,https://www.newlook.com/,,greenhouse,ATS_A_TROUVER,board « Sonja Inc.   » rejeté (autre société/démo) — le vrai ATS reste à trouver
New Man,http://www.newman.fr/,,greenhouse,ATS_A_TROUVER,board « Sonja Inc.   » rejeté (autre société/démo) — le vrai ATS reste à trouver
New Optimist,https://newoptimist.nl/,https://job-boards.greenhouse.io/new/jobs/4649245003,greenhouse,A_VERIFIER_IDENTITE,board « Sonja Inc.   » — confirmer que ce board est bien celui de la maison
New Ordinary People,https://www.newordinarypeople.com/,https://job-boards.greenhouse.io/new/jobs/4649245003,greenhouse,A_VERIFIER_IDENTITE,board « Sonja Inc.   » — confirmer que ce board est bien celui de la maison
New Standard,https://wearenewstandard.com/,,greenhouse,ATS_A_TROUVER,board « Sonja Inc.   » rejeté (autre société/démo) — le vrai ATS reste à trouver
New York & Company,http://www.nyandcompany.com/,,greenhouse,ATS_A_TROUVER,board « Sonja Inc.   » rejeté (autre société/démo) — le vrai ATS reste à trouver
NEW YORKER,https://www.newyorker.de/,,greenhouse,ATS_A_TROUVER,board « Sonja Inc.   » rejeté (autre société/démo) — le vrai ATS reste à trouver
Newton Running,https://www.newtonrunning.com/,,lever,ATS_A_TROUVER,board « Newton » rejeté (autre société/démo) — le vrai ATS reste à trouver
Next,https://www.next.co.uk/,,teamtailor,ATS_A_TROUVER,board « Novati » rejeté (autre société/démo) — le vrai ATS reste à trouver
Nice Rice,https://nicericedesigns.com/,,greenhouse,ATS_A_TROUVER,board « NICE » rejeté (autre société/démo) — le vrai ATS reste à trouver
Nice Things,https://www.nicethingspalomas.com/,,greenhouse,ATS_A_TROUVER,board « NICE » rejeté (autre société/démo) — le vrai ATS reste à trouver
FIND KAPOOR,http://www.findkapoor.com/,,greenhouse,ATS_A_TROUVER,board « FIND Healthcareers » rejeté (autre société/démo) — le vrai ATS reste à trouver
NICO,https://nicounderwear.com/?oid=110&affid=1&source_id=GoY-rating&sub1=brandpage,,personio,ATS_A_TROUVER,board «  » rejeté (autre société/démo) — le vrai ATS reste à trouver
Finn + Emma,https://www.finnandemma.com/,,lever,ATS_A_TROUVER,board « FINN » rejeté (autre société/démo) — le vrai ATS reste à trouver
Finn Flare,http://www.finn-flare.ru/,https://jobs.lever.co/finn/103dc21a-1894-4cfc-a514-efa86f6c021c,lever,A_VERIFIER_IDENTITE,board « FINN » — confirmer que ce board est bien celui de la maison
First Hand,https://daytonajp.com/brands/,,greenhouse,ATS_A_TROUVER,board « firsthand Health » rejeté (autre société/démo) — le vrai ATS reste à trouver
NIS,https://www.newitaliashoes.it/,,personio,ATS_A_TROUVER,board «  » rejeté (autre société/démo) — le vrai ATS reste à trouver
Five Fellas,https://www.five-fellas.com/,,teamtailor,ATS_A_TROUVER,board « fiver » rejeté (autre société/démo) — le vrai ATS reste à trouver
FIVE CM,https://hk.iteshop.com/Sit/Men/Brands/?prefn1=brand&prefv1=FIVE+CM%3Futm_source%3DGoodOnYou+App,,teamtailor,ATS_A_TROUVER,board « fiver » rejeté (autre société/démo) — le vrai ATS reste à trouver
Five Petals,http://myfivepetals.com/,https://five.teamtailor.com/jobs/8314632-addetto-a-corner-per-negozio-alimentare,teamtailor,A_VERIFIER_IDENTITE,board « fiver » — confirmer que ce board est bien celui de la maison
Five Forty The Label,https://www.fivefortythelabel.com/,,teamtailor,ATS_A_TROUVER,board « fiver » rejeté (autre société/démo) — le vrai ATS reste à trouver
Flamingo Estate,http://www.flamingoestate.la/,,greenhouse,ATS_A_TROUVER,board « Flamingo » rejeté (autre société/démo) — le vrai ATS reste à trouver
Nº21,https://www.numeroventuno.com/,,smartrecruiters-whitelabel,ATS_A_TROUVER,board « No » rejeté (autre société/démo) — le vrai ATS reste à trouver
NOAH,https://www.noah-shop.com/,,greenhouse,ATS_A_TROUVER,board « North Oatlands Animal Hospital » rejeté (autre société/démo) — le vrai ATS reste à trouver
Noah & Sisi,https://noahsisi.com/,,greenhouse,ATS_A_TROUVER,board « North Oatlands Animal Hospital » rejeté (autre société/démo) — le vrai ATS reste à trouver
Noah NYC,https://noahny.com/,,greenhouse,ATS_A_TROUVER,board « North Oatlands Animal Hospital » rejeté (autre société/démo) — le vrai ATS reste à trouver
Nobody Denim,https://nobodydenim.com/,,lever,ATS_A_TROUVER,board « NOBODY » rejeté (autre société/démo) — le vrai ATS reste à trouver
Nobody's Child,https://www.nobodyschild.com/,,lever,ATS_A_TROUVER,board « NOBODY » rejeté (autre société/démo) — le vrai ATS reste à trouver
Florence Given,https://www.florencegiven.com/,,lever,ATS_A_TROUVER,board « Florence Health » rejeté (autre société/démo) — le vrai ATS reste à trouver
Florence Leather Market,https://www.florenceleathermarket.com/,,lever,ATS_A_TROUVER,board « Florence Health » rejeté (autre société/démo) — le vrai ATS reste à trouver
Nothing New,https://nothingnew.com/,,greenhouse,ATS_A_TROUVER,board « Nothing » rejeté (autre société/démo) — le vrai ATS reste à trouver
Nursing Queen,https://www.nursingqueen.com/,,greenhouse,ATS_A_TROUVER,board « WellPower - Nursing » rejeté (autre société/démo) — le vrai ATS reste à trouver
NZA New Zealand Auckland,https://nzanewzealand.com/,,personio,ATS_A_TROUVER,board «  » rejeté (autre société/démo) — le vrai ATS reste à trouver
O My Bag,https://www.omybag.nl/,,recruitee,ATS_A_TROUVER,board « Join our team » rejeté (autre société/démo) — le vrai ATS reste à trouver
Oasis,https://www.oasis-stores.com/,,greenhouse,ATS_A_TROUVER,board « Oasis Physical Therapy » rejeté (autre société/démo) — le vrai ATS reste à trouver
Fox Factor,https://www.fox-factor.com/,,greenhouse,ATS_A_TROUVER,board « Fox Creek Veterinary Hospital - Wildwood » rejeté (autre société/démo) — le vrai ATS reste à trouver
Fox Racing,https://www.foxracing.com/,,greenhouse,ATS_A_TROUVER,board « Fox Creek Veterinary Hospital - Wildwood » rejeté (autre société/démo) — le vrai ATS reste à trouver
Fox's,https://www.foxs-mode.de/,,greenhouse,ATS_A_TROUVER,board « Fox Creek Veterinary Hospital - Wildwood » rejeté (autre société/démo) — le vrai ATS reste à trouver
Fox-Wizel Ltd.,https://fox.co.il/,,greenhouse,ATS_A_TROUVER,board « Fox Creek Veterinary Hospital - Wildwood » rejeté (autre société/démo) — le vrai ATS reste à trouver
Okanagan Lavender & Herb Farm,https://www.okanaganlavender.com/,,lever,ATS_A_TROUVER,board « Okanagan College » rejeté (autre société/démo) — le vrai ATS reste à trouver
Oliver Bonas,https://www.oliverbonas.com/,,greenhouse,ATS_A_TROUVER,board « OLIVER Agency » rejeté (autre société/démo) — le vrai ATS reste à trouver
Oliver Cabell,https://olivercabell.com/,,greenhouse,ATS_A_TROUVER,board « OLIVER Agency » rejeté (autre société/démo) — le vrai ATS reste à trouver
Oliver Designs,https://www.bsoliverdesigns.com/,https://job-boards.greenhouse.io/oliver/jobs/8043168,greenhouse,A_VERIFIER_IDENTITE,board « OLIVER Agency » — confirmer que ce board est bien celui de la maison
Oliver J. Woods,https://www.oliverjwoods.com/,,greenhouse,ATS_A_TROUVER,board « OLIVER Agency » rejeté (autre société/démo) — le vrai ATS reste à trouver
Oliver Grant,http://www.olivergrant.com/,,greenhouse,ATS_A_TROUVER,board « OLIVER Agency » rejeté (autre société/démo) — le vrai ATS reste à trouver
Oliver Peoples,https://www.oliverpeoples.com/,,greenhouse,ATS_A_TROUVER,board « OLIVER Agency » rejeté (autre société/démo) — le vrai ATS reste à trouver
Oliver Sweeney,https://www.oliversweeney.com/,,greenhouse,ATS_A_TROUVER,board « OLIVER Agency » rejeté (autre société/démo) — le vrai ATS reste à trouver
Oliver Spencer,https://oliverspencer.co.uk/,,greenhouse,ATS_A_TROUVER,board « OLIVER Agency » rejeté (autre société/démo) — le vrai ATS reste à trouver
Oliver Logan,https://oliverlogan.com/,,greenhouse,ATS_A_TROUVER,board « OLIVER Agency » rejeté (autre société/démo) — le vrai ATS reste à trouver
Olly Lingerie,https://olly-lingerie.com/,,greenhouse,ATS_A_TROUVER,board « OLLY » rejeté (autre société/démo) — le vrai ATS reste à trouver
On Running,https://www.on-running.com/,,greenhouse,ATS_A_TROUVER,board « On » rejeté (autre société/démo) — le vrai ATS reste à trouver
Fresh Cuts Clothing,https://freshcutsclothing.com/,,personio,ATS_A_TROUVER,board «  » rejeté (autre société/démo) — le vrai ATS reste à trouver
Fresh Soul,https://freshsoulclothing.com/,,personio,ATS_A_TROUVER,board «  » rejeté (autre société/démo) — le vrai ATS reste à trouver
Fresh Wave,https://www.freshwaveworks.com/,,personio,ATS_A_TROUVER,board «  » rejeté (autre société/démo) — le vrai ATS reste à trouver
Open End,http://www.nonstop-germany.de/,https://www.welcometothejungle.com/fr/companies/open/jobs/ingenieur-systemes-linux-h-f_tours_OPEN_YKDN68l,wttj,A_VERIFIER_IDENTITE,board « Open » — confirmer que ce board est bien celui de la maison
FRNCH PARIS,https://www.frnch.fr/,,wttj,ATS_A_TROUVER,board « FRNCH » rejeté (autre société/démo) — le vrai ATS reste à trouver
Optima,https://tiendasoptima.com/,,wttj,ATS_A_TROUVER,board « SOFY » rejeté (autre société/démo) — le vrai ATS reste à trouver
Opus,http://www.opus-fashion.com/,https://opus.recruitee.com/o/category-manager-hf-6,recruitee,A_VERIFIER_IDENTITE,"board « Offres d&#x27;emploi à Tahiti, Moorea et » — confirmer que ce board est bien celui de la maison"
Ora Juice Skincare,https://orajuiceskincare.com/,,greenhouse,ATS_A_TROUVER,board « Ora » rejeté (autre société/démo) — le vrai ATS reste à trouver
Orchard Moon,https://www.orchardmoon.com/,,greenhouse,ATS_A_TROUVER,board « Orchard » rejeté (autre société/démo) — le vrai ATS reste à trouver
Orca Bay,https://www.orcabay.co.uk/,,greenhouse,ATS_A_TROUVER,board « ORCA Service Technologies » rejeté (autre société/démo) — le vrai ATS reste à trouver
Oscar De La Renta,https://www.oscardelarenta.com/,,greenhouse,ATS_A_TROUVER,board « Oscar Health » rejeté (autre société/démo) — le vrai ATS reste à trouver
Oscar Deen,https://www.oscardeen.com/,,greenhouse,ATS_A_TROUVER,board « Oscar Health » rejeté (autre société/démo) — le vrai ATS reste à trouver
Oscar Jacobson,https://www.oscarjacobson.com/sv-se/,,greenhouse,ATS_A_TROUVER,board « Oscar Health » rejeté (autre société/démo) — le vrai ATS reste à trouver
Oscar Magnuson,https://www.oscarmagnuson.com/,,greenhouse,ATS_A_TROUVER,board « Oscar Health » rejeté (autre société/démo) — le vrai ATS reste à trouver
Oscar Wylee,https://oscarwylee.ca/,http://www.hioscar.com/careers/7619750?gh_jid=7619750,greenhouse,A_VERIFIER_IDENTITE,board « Oscar Health » — confirmer que ce board est bien celui de la maison
Osmosis Beauty,http://www.osmosisbeauty.com/,,greenhouse,ATS_A_TROUVER,board « Osmosis » rejeté (autre société/démo) — le vrai ATS reste à trouver
Osprey,http://www.ospreyeurope.com/,https://osprey.jobs.personio.de/job/2686090,personio,A_VERIFIER_IDENTITE,board «  » — confirmer que ce board est bien celui de la maison
OUTDOOR PRODUCTS Asia,https://www.outdoorproducts.jp/,,smartrecruiters-whitelabel,ATS_A_TROUVER,board « outdoor » rejeté (autre société/démo) — le vrai ATS reste à trouver
Outdoor Voices,https://www.outdoorvoices.com/,,smartrecruiters-whitelabel,ATS_A_TROUVER,board « outdoor » rejeté (autre société/démo) — le vrai ATS reste à trouver
Outdoor Warehouse,https://www.outdoorwarehouse.co.za/,https://jobs.smartrecruiters.com/outdoor/744000146420064,smartrecruiters-whitelabel,A_VERIFIER_IDENTITE,board « outdoor » — confirmer que ce board est bien celui de la maison
OUTERSPACE LUXURY,https://outterspaceluxury.com/,,greenhouse,ATS_A_TROUVER,board « Outerspace » rejeté (autre société/démo) — le vrai ATS reste à trouver
Pair Eyewear,https://paireyewear.com/,,personio,ATS_A_TROUVER,board « PAIR Finance GmbH » rejeté (autre société/démo) — le vrai ATS reste à trouver
Palm Angels,https://www.palmangels.com/,,teamtailor,ATS_A_TROUVER,board « Palm » rejeté (autre société/démo) — le vrai ATS reste à trouver
Palm Beach Tan,https://palmbeachtan.com/,,teamtailor,ATS_A_TROUVER,board « Palm » rejeté (autre société/démo) — le vrai ATS reste à trouver
Papa Bear Care,https://papabearbodycare.com/,,greenhouse,ATS_A_TROUVER,board « Papa » rejeté (autre société/démo) — le vrai ATS reste à trouver
Par Moi,https://par-moi.com/,,teamtailor,ATS_A_TROUVER,board « par group » rejeté (autre société/démo) — le vrai ATS reste à trouver
Peachy Sunday,https://www.peachysunday.com/,,greenhouse,ATS_A_TROUVER,board « Peachy » rejeté (autre société/démo) — le vrai ATS reste à trouver
PEAK,https://www.peaksportshoes.com/,,greenhouse,ATS_A_TROUVER,board « Peak Physical Therapy - Upstream » rejeté (autre société/démo) — le vrai ATS reste à trouver
GFG Jewellery by Nilufer,https://gfgjewellery.com/,,smartrecruiters-whitelabel,ATS_A_TROUVER,board « gfg » rejeté (autre société/démo) — le vrai ATS reste à trouver
PETA + JAIN,https://petaandjain.com/,,personio,ATS_A_TROUVER,board « PETA Deutschland e.V. » rejeté (autre société/démo) — le vrai ATS reste à trouver
Gigi Fratelli,https://gigi-fratelli.com/,,personio,ATS_A_TROUVER,board «  » rejeté (autre société/démo) — le vrai ATS reste à trouver
GIGI MODA,https://shopgigimoda.com/,,personio,ATS_A_TROUVER,board «  » rejeté (autre société/démo) — le vrai ATS reste à trouver
GIGI BURRIS,https://gigiburris.com/,,personio,ATS_A_TROUVER,board «  » rejeté (autre société/démo) — le vrai ATS reste à trouver
Pine Cashmere,https://www.pinecashmere.com/,,greenhouse,ATS_A_TROUVER,board « Pine » rejeté (autre société/démo) — le vrai ATS reste à trouver
Pink Power Makeup,https://pinkpowermakeup.com.br/,https://pink.recruitee.com/o/hr-office,recruitee,A_VERIFIER_IDENTITE,board « homepage » — confirmer que ce board est bien celui de la maison
Pink Root Products,https://www.pinkrootproducts.com/,https://pink.recruitee.com/o/hr-office,recruitee,A_VERIFIER_IDENTITE,board « homepage » — confirmer que ce board est bien celui de la maison
Pink Woman,https://www.pinkwoman-fashion.com/,https://pink.recruitee.com/o/hr-office,recruitee,A_VERIFIER_IDENTITE,board « homepage » — confirmer que ce board est bien celui de la maison
PINK-latte,https://store.world.co.jp/s/brand/pink-latte/,https://pink.recruitee.com/o/hr-office,recruitee,A_VERIFIER_IDENTITE,board « homepage » — confirmer que ce board est bien celui de la maison
Pink Vanilla,https://pinkvanilla.com/,,recruitee,ATS_A_TROUVER,board « homepage » rejeté (autre société/démo) — le vrai ATS reste à trouver
POD Original,https://pod-shoes.com/,,wttj,ATS_A_TROUVER,board « POD » rejeté (autre société/démo) — le vrai ATS reste à trouver
Polaroid,https://www.polaroideyewear.com/,,recruitee,ATS_A_TROUVER,board « Homepage » rejeté (autre société/démo) — le vrai ATS reste à trouver
Polaroid Eyewear,http://www.polaroideyewear.com/,,recruitee,ATS_A_TROUVER,board « Homepage » rejeté (autre société/démo) — le vrai ATS reste à trouver
Pom d'api,https://www.pomdapi.fr/,,teamtailor,ATS_A_TROUVER,board « YOSH » rejeté (autre société/démo) — le vrai ATS reste à trouver
POM Amsterdam,https://www.pom-amsterdam.nl/,,teamtailor,ATS_A_TROUVER,board « YOSH » rejeté (autre société/démo) — le vrai ATS reste à trouver
Glow Jar Beauty,https://www.glowjar.ca/,,personio,ATS_A_TROUVER,board «  » rejeté (autre société/démo) — le vrai ATS reste à trouver
Glow Natural Wellness,https://glownaturalwellness.com/,,personio,ATS_A_TROUVER,board «  » rejeté (autre société/démo) — le vrai ATS reste à trouver
Glow Recipe,http://www.glowrecipe.com/,,personio,ATS_A_TROUVER,board «  » rejeté (autre société/démo) — le vrai ATS reste à trouver
Prophet Skincare,http://www.prophetskincare.com/,,greenhouse,ATS_A_TROUVER,board « Prophet » rejeté (autre société/démo) — le vrai ATS reste à trouver
Prose Beauty,https://prose.com/,,wttj,ATS_A_TROUVER,board « Prose » rejeté (autre société/démo) — le vrai ATS reste à trouver
PROTECTIVE Sports,https://protective-sports.com/,,lever,ATS_A_TROUVER,board « Protective » rejeté (autre société/démo) — le vrai ATS reste à trouver
Grace & Stella,https://www.graceandstella.com/,,teamtailor,ATS_A_TROUVER,board « Grace » rejeté (autre société/démo) — le vrai ATS reste à trouver
Public Desire,https://www.publicdesire.com/,,greenhouse,ATS_A_TROUVER,board « Public » rejeté (autre société/démo) — le vrai ATS reste à trouver
Public Myth,https://shop.publicmyth.com/,,greenhouse,ATS_A_TROUVER,board « Public » rejeté (autre société/démo) — le vrai ATS reste à trouver
Public Habit,https://www.publichabit.com/,,greenhouse,ATS_A_TROUVER,board « Public » rejeté (autre société/démo) — le vrai ATS reste à trouver
Public School,https://www.publicschoolnyc.com/,,greenhouse,ATS_A_TROUVER,board « Public » rejeté (autre société/démo) — le vrai ATS reste à trouver
PURPLE PHOENIX NAIL SUPPLY,https://purplephoenixnailsupply.com/,,personio,ATS_A_TROUVER,board «  » rejeté (autre société/démo) — le vrai ATS reste à trouver
Purple Prairie Botanicals,http://www.purpleprairie.com/,,personio,ATS_A_TROUVER,board «  » rejeté (autre société/démo) — le vrai ATS reste à trouver
GRO,https://www.gro.dk/,,personio,ATS_A_TROUVER,board « Geriatrische Rehabilitation Oberbayern - » rejeté (autre société/démo) — le vrai ATS reste à trouver
Grow Fragrance,https://www.growfragrance.com/,,personio,ATS_A_TROUVER,board «  » rejeté (autre société/démo) — le vrai ATS reste à trouver
Grow From Nature,https://www.growfromnature.com/,,personio,ATS_A_TROUVER,board «  » rejeté (autre société/démo) — le vrai ATS reste à trouver
Radiant Beauty,https://klarandco.com/,,wttj,ATS_A_TROUVER,board « Radiant » rejeté (autre société/démo) — le vrai ATS reste à trouver
Raven + Lily,https://ravenandlily.com/,,greenhouse,ATS_A_TROUVER,board « Raven » rejeté (autre société/démo) — le vrai ATS reste à trouver
Reco,https://studioreco.com/,,recruitee,ATS_A_TROUVER,board « Vacatures » rejeté (autre société/démo) — le vrai ATS reste à trouver
Relay Jeans,https://www.relayjeans.co.za/,,lever,ATS_A_TROUVER,board «  » rejeté (autre société/démo) — le vrai ATS reste à trouver
Renegade Fashion Outlet,https://www.rfo.co.za/,,lever,ATS_A_TROUVER,board « Renegade » rejeté (autre société/démo) — le vrai ATS reste à trouver
Reset,https://www.reset.eu/,,wttj,ATS_A_TROUVER,board « (RE)SET » rejeté (autre société/démo) — le vrai ATS reste à trouver
Retro Jeans,https://retrojeans.com/en/,,lever,ATS_A_TROUVER,board « Retro » rejeté (autre société/démo) — le vrai ATS reste à trouver
Retro Luxe Resin,https://retroluxeresin.com/,,lever,ATS_A_TROUVER,board « Retro » rejeté (autre société/démo) — le vrai ATS reste à trouver
Revel Nail,http://revelnail.com/,,greenhouse,ATS_A_TROUVER,board « Revel » rejeté (autre société/démo) — le vrai ATS reste à trouver
Revel Rey,https://www.revelrey.com/,,greenhouse,ATS_A_TROUVER,board « Revel » rejeté (autre société/démo) — le vrai ATS reste à trouver
Richter,https://www.richter.at/kids-kinderschuhe/,,personio,ATS_A_TROUVER,board « Mutter AG » rejeté (autre société/démo) — le vrai ATS reste à trouver
Harmony,https://palmettoharmony.com/,,lever,ATS_A_TROUVER,board «  » rejeté (autre société/démo) — le vrai ATS reste à trouver
Harmony Handcrafted,https://harmonyhandcrafted.com/,,lever,ATS_A_TROUVER,board «  » rejeté (autre société/démo) — le vrai ATS reste à trouver
Right-on,http://www.right-on.co.jp/,https://right.teamtailor.com/jobs/8309587-commerciale-settore-energia-anche-come-seconda-attivita,teamtailor,A_VERIFIER_IDENTITE,board « TuoLavoro » — confirmer que ce board est bien celui de la maison
Rise of Andes,https://riseofandes.com/shop/,,lever,ATS_A_TROUVER,board « RISE » rejeté (autre société/démo) — le vrai ATS reste à trouver
Roberts Wood,http://www.roberts-wood.com/,,smartrecruiters-whitelabel,ATS_A_TROUVER,board « Roberts  » rejeté (autre société/démo) — le vrai ATS reste à trouver
Roller Rabbit,https://rollerrabbit.com/,,greenhouse,ATS_A_TROUVER,board « ROLLER » rejeté (autre société/démo) — le vrai ATS reste à trouver
ROSE BUD,https://www.rosebud-web.com/,,greenhouse,ATS_A_TROUVER,board « Rosebud Hotel Organization » rejeté (autre société/démo) — le vrai ATS reste à trouver
Sabrina Zeng,https://www.sabrinazeng.com/,,personio,ATS_A_TROUVER,board «  » rejeté (autre société/démo) — le vrai ATS reste à trouver
Samson Sur Mesure,https://samsonsurmesure.fr/,https://samson.jobs.personio.de/job/1169941,personio,A_VERIFIER_IDENTITE,board « Samson & Partner » — confirmer que ce board est bien celui de la maison
Holy Shit,https://www.holyshitshoes.com/,,personio,ATS_A_TROUVER,board « HOLY Softdrinks GmbH » rejeté (autre société/démo) — le vrai ATS reste à trouver
Holy Skin,https://holyskin.fr/,,personio,ATS_A_TROUVER,board « HOLY Softdrinks GmbH » rejeté (autre société/démo) — le vrai ATS reste à trouver
Scotch & Soda,https://www.scotch-soda.com/,,greenhouse,ATS_A_TROUVER,board « Scotch » rejeté (autre société/démo) — le vrai ATS reste à trouver
Seek Collective,https://www.seekcollective.com/?oid=128&affid=1&source_id=GoY-rating&sub1=brandpage,,smartrecruiters-whitelabel,ATS_A_TROUVER,board « SEEK » rejeté (autre société/démo) — le vrai ATS reste à trouver
Seek Dry Goods,https://seekdrygoods.com/,,smartrecruiters-whitelabel,ATS_A_TROUVER,board « SEEK » rejeté (autre société/démo) — le vrai ATS reste à trouver
Seed Heritage,https://seedheritage.com.au/,https://job-boards.greenhouse.io/seed/jobs/7809685003,greenhouse,A_VERIFIER_IDENTITE,board « Seed » — confirmer que ce board est bien celui de la maison
Horizon Athletic,https://www.horizonathletic.com/,,lever,ATS_A_TROUVER,board « Horizon Robotics » rejeté (autre société/démo) — le vrai ATS reste à trouver
House of Afangaro,https://afangaro.com/,https://house.teamtailor.com/jobs/8313530-consulente-informativo-prodotti-per-il-comfort,teamtailor,A_VERIFIER_IDENTITE,board « TuoLavoro » — confirmer que ce board est bien celui de la maison
HOUSE OF ARTISTS,https://houseofartists.nl/,https://house.teamtailor.com/jobs/8313530-consulente-informativo-prodotti-per-il-comfort,teamtailor,A_VERIFIER_IDENTITE,board « TuoLavoro » — confirmer que ce board est bien celui de la maison
HOUSE OF BERGISCH,https://www.houseofbergisch.com/,https://house.teamtailor.com/jobs/8313530-consulente-informativo-prodotti-per-il-comfort,teamtailor,A_VERIFIER_IDENTITE,board « TuoLavoro » — confirmer que ce board est bien celui de la maison
House of CB,https://www.houseofcb.com/,,teamtailor,ATS_A_TROUVER,board « TuoLavoro » rejeté (autre société/démo) — le vrai ATS reste à trouver
House of Dagmar,https://www.houseofdagmar.com/,,teamtailor,ATS_A_TROUVER,board « TuoLavoro » rejeté (autre société/démo) — le vrai ATS reste à trouver
House of Elysia,https://www.houseofelysia.com/,,teamtailor,ATS_A_TROUVER,board « TuoLavoro » rejeté (autre société/démo) — le vrai ATS reste à trouver
House of Emanuel Ungaro,http://www.ungaro.com/,,teamtailor,ATS_A_TROUVER,board « TuoLavoro » rejeté (autre société/démo) — le vrai ATS reste à trouver
House of Falguni,https://www.houseoffalguni.com/,,teamtailor,ATS_A_TROUVER,board « TuoLavoro » rejeté (autre société/démo) — le vrai ATS reste à trouver
House of Fraser,https://www.houseoffraser.co.uk/,,teamtailor,ATS_A_TROUVER,board « TuoLavoro » rejeté (autre société/démo) — le vrai ATS reste à trouver
House of Hatters,https://houseofhatters.com/,,teamtailor,ATS_A_TROUVER,board « TuoLavoro » rejeté (autre société/démo) — le vrai ATS reste à trouver
House of Gravity,https://www.houseofgravity.com/,,teamtailor,ATS_A_TROUVER,board « TuoLavoro » rejeté (autre société/démo) — le vrai ATS reste à trouver
House of Holland,https://www.houseofholland.co.uk/,,teamtailor,ATS_A_TROUVER,board « TuoLavoro » rejeté (autre société/démo) — le vrai ATS reste à trouver
House of Hoops,https://www.footlocker.com/houseofhoops.html,,teamtailor,ATS_A_TROUVER,board « TuoLavoro » rejeté (autre société/démo) — le vrai ATS reste à trouver
House,https://www.housebrand.com/,,teamtailor,ATS_A_TROUVER,board « TuoLavoro » rejeté (autre société/démo) — le vrai ATS reste à trouver
House of Jamie,https://www.houseofjamie.com/,,teamtailor,ATS_A_TROUVER,board « TuoLavoro » rejeté (autre société/démo) — le vrai ATS reste à trouver
House of Lashes,http://www.houseoflashes.com/,,teamtailor,ATS_A_TROUVER,board « TuoLavoro » rejeté (autre société/démo) — le vrai ATS reste à trouver
House of James,https://www.houseofjames.com.au/,,teamtailor,ATS_A_TROUVER,board « TuoLavoro » rejeté (autre société/démo) — le vrai ATS reste à trouver
House of Mahina,https://houseofmahina.com/,,teamtailor,ATS_A_TROUVER,board « TuoLavoro » rejeté (autre société/démo) — le vrai ATS reste à trouver
House of Mammoth,https://houseofmammoth.com/,,teamtailor,ATS_A_TROUVER,board « TuoLavoro » rejeté (autre société/démo) — le vrai ATS reste à trouver
House of Potentia,https://houseofpotentia.com/,,teamtailor,ATS_A_TROUVER,board « TuoLavoro » rejeté (autre société/démo) — le vrai ATS reste à trouver
House of Hounds,https://www.houseofhoundsshoes.com/,,teamtailor,ATS_A_TROUVER,board « TuoLavoro » rejeté (autre société/démo) — le vrai ATS reste à trouver
House of Saki,https://www.houseofsaki.se/,,teamtailor,ATS_A_TROUVER,board « TuoLavoro » rejeté (autre société/démo) — le vrai ATS reste à trouver
House of Sunny,https://www.houseofsunny.co.uk/,,teamtailor,ATS_A_TROUVER,board « TuoLavoro » rejeté (autre société/démo) — le vrai ATS reste à trouver
House of Quadri,https://houseofquadri.com/,,teamtailor,ATS_A_TROUVER,board « TuoLavoro » rejeté (autre société/démo) — le vrai ATS reste à trouver
House of Turkmen,https://houseofturkmen.com/,,teamtailor,ATS_A_TROUVER,board « TuoLavoro » rejeté (autre société/démo) — le vrai ATS reste à trouver
House Of Tweed,https://www.houseoftweed.co.uk/,https://house.teamtailor.com/jobs/8313530-consulente-informativo-prodotti-per-il-comfort,teamtailor,A_VERIFIER_IDENTITE,board « TuoLavoro » — confirmer que ce board est bien celui de la maison
House of Useless,https://www.houseofuseless.com/,https://house.teamtailor.com/jobs/8313530-consulente-informativo-prodotti-per-il-comfort,teamtailor,A_VERIFIER_IDENTITE,board « TuoLavoro » — confirmer que ce board est bien celui de la maison
SEVEN BY SEVEN,https://seven-by-seven.com/,,teamtailor,ATS_A_TROUVER,board « Baar » rejeté (autre société/démo) — le vrai ATS reste à trouver
SEVEN haircare,http://7haircare.com/,,teamtailor,ATS_A_TROUVER,board « Baar » rejeté (autre société/démo) — le vrai ATS reste à trouver
Shinola Detroit,https://www.shinola.com/,,greenhouse,ATS_A_TROUVER,board « Shinola » rejeté (autre société/démo) — le vrai ATS reste à trouver
Shine Cosmetics,http://www.shinecosmetics.com/,,wttj,ATS_A_TROUVER,board « Shine » rejeté (autre société/démo) — le vrai ATS reste à trouver
Humana People to People,https://www.humana.org/,,teamtailor,ATS_A_TROUVER,board « Humana » rejeté (autre société/démo) — le vrai ATS reste à trouver
SIA ARNIKA,https://www.siaarnika.com/,,smartrecruiters-whitelabel,ATS_A_TROUVER,board « Sia » rejeté (autre société/démo) — le vrai ATS reste à trouver
Side Step,https://www.side-step.co.za/,https://www.welcometothejungle.com/fr/companies/side/jobs/vendeur-preparateur-en-boucherie-cdi-h-f_conflans-sainte-honorine,wttj,A_VERIFIER_IDENTITE,board « Side » — confirmer que ce board est bien celui de la maison
Silhouette,https://www.silhouette.com/,,lever,ATS_A_TROUVER,board « DNAM Brands » rejeté (autre société/démo) — le vrai ATS reste à trouver
Silverado Boots,https://www.silveradoboot.com/,,greenhouse,ATS_A_TROUVER,board « Silverado » rejeté (autre société/démo) — le vrai ATS reste à trouver
SLATE + SALT,https://slateandsalt.com/,,lever,ATS_A_TROUVER,board « Slate » rejeté (autre société/démo) — le vrai ATS reste à trouver
Smart Angel,https://www.24028.jp/smartangel/,,smartrecruiters-whitelabel,ATS_A_TROUVER,board « Smart » rejeté (autre société/démo) — le vrai ATS reste à trouver
SONIA CARRASCO,https://sonia-carrasco.com/,,personio,ATS_A_TROUVER,board « Sonia Solutions S.à r.l. » rejeté (autre société/démo) — le vrai ATS reste à trouver
Sonia Rykiel,http://www.soniarykiel.com/,,personio,ATS_A_TROUVER,board « Sonia Solutions S.à r.l. » rejeté (autre société/démo) — le vrai ATS reste à trouver
Source for Sports,https://www.sourceforsports.ca/,,lever,ATS_A_TROUVER,board « Source » rejeté (autre société/démo) — le vrai ATS reste à trouver
SOUTHPOLE,https://www.urban-classics.net/,https://southpole.teamtailor.com/jobs/8266167-senior-specialist-carbon-projects-risk,teamtailor,A_VERIFIER_IDENTITE,board « South Pole » — confirmer que ce board est bien celui de la maison
Sphinx Fragrances,https://sphinxfragrances.com/,,wttj,ATS_A_TROUVER,board « Sphinx » rejeté (autre société/démo) — le vrai ATS reste à trouver
Sports Authority,https://www.sportsauthority.jp/,https://sports.jobs.personio.de/job/1823201,personio,A_VERIFIER_IDENTITE,board «  » — confirmer que ce board est bien celui de la maison
Sports Depo,https://www.alpen-group.jp/store/sportsdepo_alpen/,https://sports.jobs.personio.de/job/1823201,personio,A_VERIFIER_IDENTITE,board «  » — confirmer que ce board est bien celui de la maison
Sports Direct,https://www.sportsdirect.com/,,personio,ATS_A_TROUVER,board «  » rejeté (autre société/démo) — le vrai ATS reste à trouver
Sports Research / SR Natural,http://www.sportsresearch.com/,,personio,ATS_A_TROUVER,board «  » rejeté (autre société/démo) — le vrai ATS reste à trouver
Star Child,http://www.starchildshoes.com/,https://job-boards.greenhouse.io/starchild/jobs/5313889008,greenhouse,A_VERIFIER_IDENTITE,board « Starchild » — confirmer que ce board est bien celui de la maison
Starface World Incorporated,https://starface.world/,,personio,ATS_A_TROUVER,board « STARFACE GmbH » rejeté (autre société/démo) — le vrai ATS reste à trouver
Intersport Elverys,https://www.elverys.ie/,,teamtailor,ATS_A_TROUVER,board « Intersport Sverige » rejeté (autre société/démo) — le vrai ATS reste à trouver
Sterling Jewelers,http://www.sterlingjewelers.com/,https://www.sterlingbrands.com/careers?gh_jid=7731843,greenhouse,A_VERIFIER_IDENTITE,board « Sterling Brands » — confirmer que ce board est bien celui de la maison
Sterling King,https://www.sterlingkingny.com/,,greenhouse,ATS_A_TROUVER,board « Sterling Brands » rejeté (autre société/démo) — le vrai ATS reste à trouver
Steve Madden,https://www.stevemadden.eu/,,recruitee,ATS_A_TROUVER,board « Customizable ATS & hiring software Telle » rejeté (autre société/démo) — le vrai ATS reste à trouver
Stone Fox Swim,https://stonefoxswim.com/,,greenhouse,ATS_A_TROUVER,board « Stone - Linkedin » rejeté (autre société/démo) — le vrai ATS reste à trouver
Stone Island,https://www.stoneisland.com/,,greenhouse,ATS_A_TROUVER,board « Stone - Linkedin » rejeté (autre société/démo) — le vrai ATS reste à trouver
Summer Fridays,http://www.summerfridays.com/,,greenhouse,ATS_A_TROUVER,board « Summer » rejeté (autre société/démo) — le vrai ATS reste à trouver
SUMMER HOURS,https://www.summer-hours.com/,,greenhouse,ATS_A_TROUVER,board « Summer » rejeté (autre société/démo) — le vrai ATS reste à trouver
Summum,https://www.summumwoman.com/,https://summum.jobs.personio.de/job/2536751,personio,A_VERIFIER_IDENTITE,board « Banen bij Summum » — confirmer que ce board est bien celui de la maison
Summum Woman,https://www.summumwoman.com/,,personio,ATS_A_TROUVER,board « Banen bij Summum » rejeté (autre société/démo) — le vrai ATS reste à trouver
Sunset Design Outlet,https://sunset-design.pl/en/home/,,greenhouse,ATS_A_TROUVER,board « Sunset Magazine » rejeté (autre société/démo) — le vrai ATS reste à trouver
Super Deodorant,https://superdeodorant.com/,https://jobs.lever.co/super/28978f50-cf60-4a85-8221-68407cc2a9dc,lever,A_VERIFIER_IDENTITE,board « Super » — confirmer que ce board est bien celui de la maison
Super Jimat,https://www.tstore.com.my/,,greenhouse,ATS_A_TROUVER,board « Super Technologies » rejeté (autre société/démo) — le vrai ATS reste à trouver
Super Nail,http://supernailprofessional.com/,,greenhouse,ATS_A_TROUVER,board « Super Technologies » rejeté (autre société/démo) — le vrai ATS reste à trouver
Super normal people,https://www.supernormalpeople.com/,,greenhouse,ATS_A_TROUVER,board « Super Technologies » rejeté (autre société/démo) — le vrai ATS reste à trouver
Super Sports Xebio,https://store.supersports.com/,,greenhouse,ATS_A_TROUVER,board « Super Technologies » rejeté (autre société/démo) — le vrai ATS reste à trouver
Sweet Bee Magic,http://sweetbeenaturals.com/,,teamtailor,ATS_A_TROUVER,board « Smart » rejeté (autre société/démo) — le vrai ATS reste à trouver
Sweet Bee Ultra Beauty,http://sweetbeenaturals.com/,,teamtailor,ATS_A_TROUVER,board « Smart » rejeté (autre société/démo) — le vrai ATS reste à trouver
sweet deluxe,https://sweet-deluxe.de/,,teamtailor,ATS_A_TROUVER,board « Smart » rejeté (autre société/démo) — le vrai ATS reste à trouver
Sweet Earth,http://sweetearthcbd.com/,,teamtailor,ATS_A_TROUVER,board « Smart » rejeté (autre société/démo) — le vrai ATS reste à trouver
Sweet Gisele,https://sweetgisele.com/,,teamtailor,ATS_A_TROUVER,board « Smart » rejeté (autre société/démo) — le vrai ATS reste à trouver
Sweet July Skin,https://sweetjuly.com/pages/home-skin,https://sweet.teamtailor.com/jobs/8316007-addetto-a-controllo-qualita-settore-artigianato-ceramiche,teamtailor,A_VERIFIER_IDENTITE,board « Smart » — confirmer que ce board est bien celui de la maison
Sweet LeiLani Cosmetics,http://www.sweetleilani.com/,,teamtailor,ATS_A_TROUVER,board « Smart » rejeté (autre société/démo) — le vrai ATS reste à trouver
Sweet Lemon,https://sweet-lemon.com/,,teamtailor,ATS_A_TROUVER,board « Smart » rejeté (autre société/démo) — le vrai ATS reste à trouver
Sweet Mana,http://sweetmana.com/,,teamtailor,ATS_A_TROUVER,board « Smart » rejeté (autre société/démo) — le vrai ATS reste à trouver
Sweet Pants,https://sweet-pants.com/,,teamtailor,ATS_A_TROUVER,board « Smart » rejeté (autre société/démo) — le vrai ATS reste à trouver
Sweet Skins,https://sweetskins.com/,,teamtailor,ATS_A_TROUVER,board « Smart » rejeté (autre société/démo) — le vrai ATS reste à trouver
Sweet Sktbs,https://www.sweetsktbs.com/,https://sweet.teamtailor.com/jobs/8316007-addetto-a-controllo-qualita-settore-artigianato-ceramiche,teamtailor,A_VERIFIER_IDENTITE,board « Smart » — confirmer que ce board est bien celui de la maison
Sweet Chemistry,https://sweetchemistry.com/,,teamtailor,ATS_A_TROUVER,board « Smart » rejeté (autre société/démo) — le vrai ATS reste à trouver
Sweet Tooth by Sabrina Carpenter,https://fragrancebysabrina.com/,,teamtailor,ATS_A_TROUVER,board « Smart » rejeté (autre société/démo) — le vrai ATS reste à trouver
Synergy Therm,https://www.synergytherm.com/,,recruitee,ATS_A_TROUVER,board « Homepage » rejeté (autre société/démo) — le vrai ATS reste à trouver
Tamara Mellon,https://www.tamaramellon.com/,https://job-boards.eu.greenhouse.io/tamara/jobs/4849504101,greenhouse,A_VERIFIER_IDENTITE,board « Tamara » — confirmer que ce board est bien celui de la maison
Tamara's Sugar,https://www.tamarasprofessionalbodysugaring.com/,,greenhouse,ATS_A_TROUVER,board « Tamara » rejeté (autre société/démo) — le vrai ATS reste à trouver
Jess & Tilly,https://www.jessandtilly.com/,,personio,ATS_A_TROUVER,board « Mutter AG » rejeté (autre société/démo) — le vrai ATS reste à trouver
THEA WITH LOVE,https://theawithlove.com.au/,,greenhouse,ATS_A_TROUVER,board « Théa » rejeté (autre société/démo) — le vrai ATS reste à trouver
Thrive Causemetics®,https://thrivecausemetics.com/,,greenhouse,ATS_A_TROUVER,board « THRIVE » rejeté (autre société/démo) — le vrai ATS reste à trouver
Toast Society,https://toastsociety.com/,,greenhouse,ATS_A_TROUVER,board « Toast » rejeté (autre société/démo) — le vrai ATS reste à trouver
Todd Shelton,https://toddshelton.com/,,personio,ATS_A_TROUVER,board « TODD Architects » rejeté (autre société/démo) — le vrai ATS reste à trouver
Tomorrow Denim,https://tomorrow-denim.com/,,greenhouse,ATS_A_TROUVER,board « Tomorrow.io » rejeté (autre société/démo) — le vrai ATS reste à trouver
Tradition by WEIS,http://www.gebr-weis.de/,,smartrecruiters-whitelabel,ATS_A_TROUVER,board « Tradition » rejeté (autre société/démo) — le vrai ATS reste à trouver
Transmission,https://transmission-fashion.com/,,recruitee,ATS_A_TROUVER,board « Customizable ATS & hiring software Telle » rejeté (autre société/démo) — le vrai ATS reste à trouver
Trixie Cosmetics,https://trixiecosmetics.com/,,personio,ATS_A_TROUVER,board «  » rejeté (autre société/démo) — le vrai ATS reste à trouver
Juice Beauty,http://www.juicebeauty.com/,,teamtailor,ATS_A_TROUVER,board « JUICE » rejeté (autre société/démo) — le vrai ATS reste à trouver
Two Blooms & Co,http://www.shoptwoblooms.com/,,teamtailor,ATS_A_TROUVER,board « Two » rejeté (autre société/démo) — le vrai ATS reste à trouver
Two Little Beans & Co,https://twolittlebeansco.com/,,teamtailor,ATS_A_TROUVER,board « Two » rejeté (autre société/démo) — le vrai ATS reste à trouver
Two Lumps of Sugar,https://twolumpsofsugar.net/,,teamtailor,ATS_A_TROUVER,board « Two » rejeté (autre société/démo) — le vrai ATS reste à trouver
Two Peas Organics,http://www.twopeasorganics.com/,,teamtailor,ATS_A_TROUVER,board « Two » rejeté (autre société/démo) — le vrai ATS reste à trouver
Two Sisters Spa,https://twosistersspa.com/,,teamtailor,ATS_A_TROUVER,board « Two » rejeté (autre société/démo) — le vrai ATS reste à trouver
Two Sparrow Australia,https://www.twosparrow.com.au/,https://two.teamtailor.com/jobs/8230638-senior-customer-support-specialist,teamtailor,A_VERIFIER_IDENTITE,board « Two » — confirmer que ce board est bien celui de la maison
Two Way,https://www.two-way.it/,,teamtailor,ATS_A_TROUVER,board « Two » rejeté (autre société/démo) — le vrai ATS reste à trouver
TWO WOMEN TWO MEN,https://twowomentwomen.it/,https://two.teamtailor.com/jobs/8230638-senior-customer-support-specialist,teamtailor,A_VERIFIER_IDENTITE,board « Two » — confirmer que ce board est bien celui de la maison
Two-Bi Studiolabwork,https://www.two-bi.com/,,teamtailor,ATS_A_TROUVER,board « Two » rejeté (autre société/démo) — le vrai ATS reste à trouver
UNIQUE 21,https://www.unique21.com/,,personio,ATS_A_TROUVER,board « unique land use GmbH » rejeté (autre société/démo) — le vrai ATS reste à trouver
Upfront Cosmetics,http://www.upfrontcosmetics.ca/,,recruitee,ATS_A_TROUVER,board « Homepage » rejeté (autre société/démo) — le vrai ATS reste à trouver
V.I.M.,https://www.vim.com/,,greenhouse,ATS_A_TROUVER,board « Vim » rejeté (autre société/démo) — le vrai ATS reste à trouver
Ventana,https://ventanasurfboards.com/,,greenhouse,ATS_A_TROUVER,board « Ventana by Buckner » rejeté (autre société/démo) — le vrai ATS reste à trouver
Veritas,https://www.veritas.be/be_fr,,recruitee,ATS_A_TROUVER,board « homepage » rejeté (autre société/démo) — le vrai ATS reste à trouver
Veritas Bespoke,http://veritasshoes.com/,https://veritas.recruitee.com/o/avoin-hakemus-oppen-ansokan,recruitee,A_VERIFIER_IDENTITE,board « homepage » — confirmer que ce board est bien celui de la maison
Karl Kani,https://www.karlkani.com/,,teamtailor,ATS_A_TROUVER,board « N Kraft Bemanning » rejeté (autre société/démo) — le vrai ATS reste à trouver
Karl Lagerfeld,https://www.karllagerfeld.com/,https://karl.teamtailor.com/jobs/5570637-markarbetare,teamtailor,A_VERIFIER_IDENTITE,board « N Kraft Bemanning » — confirmer que ce board est bien celui de la maison
Karl Marc John,https://karlmarcjohn.com/,,teamtailor,ATS_A_TROUVER,board « N Kraft Bemanning » rejeté (autre société/démo) — le vrai ATS reste à trouver
Karl Rieker,https://karl-rieker-online-shop.de/,https://karl.teamtailor.com/jobs/5570637-markarbetare,teamtailor,A_VERIFIER_IDENTITE,board « N Kraft Bemanning » — confirmer que ce board est bien celui de la maison
Via Appia,https://www.via-appia-mode.com/,,greenhouse,ATS_A_TROUVER,board « Via » rejeté (autre société/démo) — le vrai ATS reste à trouver
Via di Gioia,https://www.viadigioia.nl/,,greenhouse,ATS_A_TROUVER,board « Via » rejeté (autre société/démo) — le vrai ATS reste à trouver
VIA VAI,https://www.viavaishoes.com/,https://job-boards.greenhouse.io/via/jobs/8700271002,greenhouse,A_VERIFIER_IDENTITE,board « Via » — confirmer que ce board est bien celui de la maison
VIA APPIA DUE,https://www.via-appia-mode.com/,,greenhouse,ATS_A_TROUVER,board « Via » rejeté (autre société/démo) — le vrai ATS reste à trouver
Vialis,https://www.vialis.es/,https://vialis.recruitee.com/o/werkvoorbereider-elektrotechniek-tunnels-1,recruitee,A_VERIFIER_IDENTITE,board « Homepage » — confirmer que ce board est bien celui de la maison
Victoria,http://victoriacoleccion.com/,https://victoria.jobs.personio.de/job/1762115,personio,A_VERIFIER_IDENTITE,board «  » — confirmer que ce board est bien celui de la maison
VICTORIA (LUGGAGE),https://www.alshamasy.com/en/brands/victoria-brand.html,,personio,ATS_A_TROUVER,board «  » rejeté (autre société/démo) — le vrai ATS reste à trouver
Victoria Slavinskaia,https://www.victoriaslavinskaia.com/,,personio,ATS_A_TROUVER,board «  » rejeté (autre société/démo) — le vrai ATS reste à trouver
Victoria Beckham,https://www.victoriabeckham.com/,,personio,ATS_A_TROUVER,board «  » rejeté (autre société/démo) — le vrai ATS reste à trouver
Victoria's Secret,https://www.victoriassecret.com/,https://victoria.jobs.personio.de/job/1762115,personio,A_VERIFIER_IDENTITE,board «  » — confirmer que ce board est bien celui de la maison
Victory Lab,https://victorylab.co.za/,,greenhouse,ATS_A_TROUVER,board « Victory Creative Group » rejeté (autre société/démo) — le vrai ATS reste à trouver
Village Leathers,https://www.villageleathers.com/,,greenhouse,ATS_A_TROUVER,board « The Village Learning Center » rejeté (autre société/démo) — le vrai ATS reste à trouver
village thrive,https://www.villagethrive.com/,,greenhouse,ATS_A_TROUVER,board « The Village Learning Center » rejeté (autre société/démo) — le vrai ATS reste à trouver
Vuori,https://vuoriclothing.com/,,greenhouse,ATS_A_TROUVER,board « Archrival Agents | Vuori » rejeté (autre société/démo) — le vrai ATS reste à trouver
Water Air Industry,https://waterairindustry.com/,,personio,ATS_A_TROUVER,board « water operations GmbH » rejeté (autre société/démo) — le vrai ATS reste à trouver
Water Works,https://aiibeauty.com/,,personio,ATS_A_TROUVER,board « water operations GmbH » rejeté (autre société/démo) — le vrai ATS reste à trouver
Key Largo,https://www.keylargo-shop.de/,,teamtailor,ATS_A_TROUVER,board « TuoLavoro » rejeté (autre société/démo) — le vrai ATS reste à trouver
Weekday,https://www.weekday.com/,https://weekday.recruitee.com/o/key-account-manager,recruitee,A_VERIFIER_IDENTITE,board « Customizable ATS & hiring software Telle » — confirmer que ce board est bien celui de la maison
WHITE bIRD,https://www.whitebirdjewellery.com/en,https://white-bird.jobs.personio.de/job/2000877,personio,A_VERIFIER_IDENTITE,board «  » — confirmer que ce board est bien celui de la maison
Kiwi Glow,https://kiwiglow.com/,,personio,ATS_A_TROUVER,board « KIWI.KI GmbH » rejeté (autre société/démo) — le vrai ATS reste à trouver
XOXO,http://www.xoxo.com/,,teamtailor,ATS_A_TROUVER,board « XOXO Gossip Girl » rejeté (autre société/démo) — le vrai ATS reste à trouver
Yaya Maria's,http://www.yayamarias.com/,,recruitee,ATS_A_TROUVER,board « Homepage » rejeté (autre société/démo) — le vrai ATS reste à trouver
YES DAY,http://www.yesdayworld.com/,,greenhouse,ATS_A_TROUVER,board « Yes LLC » rejeté (autre société/démo) — le vrai ATS reste à trouver
Yes Friends,https://yesfriends.co.uk/?oid=154&affid=1&source_id=GoY-rating&sub1=brandpage,,greenhouse,ATS_A_TROUVER,board « Yes LLC » rejeté (autre société/démo) — le vrai ATS reste à trouver
YES I AM,https://www.yesiaminc.com/,,greenhouse,ATS_A_TROUVER,board « Yes LLC » rejeté (autre société/démo) — le vrai ATS reste à trouver
Yes Studio,http://uppercanadasoap.com/,,greenhouse,ATS_A_TROUVER,board « Yes LLC » rejeté (autre société/démo) — le vrai ATS reste à trouver
YES ZEE,https://www.yeszee.it/,,greenhouse,ATS_A_TROUVER,board « Yes LLC » rejeté (autre société/démo) — le vrai ATS reste à trouver
Yes! Cosmetics,https://www.yescosmetics.com.br/,,greenhouse,ATS_A_TROUVER,board « Yes LLC » rejeté (autre société/démo) — le vrai ATS reste à trouver
YSE Beauty,http://www.ysebeauty.com/,,wttj,ATS_A_TROUVER,board « Ysé » rejeté (autre société/démo) — le vrai ATS reste à trouver
Ysé Lingerie,https://www.yse-paris.com/,,wttj,ATS_A_TROUVER,board « Ysé » rejeté (autre société/démo) — le vrai ATS reste à trouver
Zara,https://www.zara.com/,,recruitee,ATS_A_TROUVER,board « Homepage » rejeté (autre société/démo) — le vrai ATS reste à trouver
zero,https://zero.de/,,recruitee,ATS_A_TROUVER,board « homepage » rejeté (autre société/démo) — le vrai ATS reste à trouver
zero waste daniel,https://zerowastedaniel.com/,,recruitee,ATS_A_TROUVER,board « homepage » rejeté (autre société/démo) — le vrai ATS reste à trouver
Zero%,https://www.gilchristsoames.com/collections/zero-percent.html,,recruitee,ATS_A_TROUVER,board « homepage » rejeté (autre société/démo) — le vrai ATS reste à trouver
Zoey Naturals,https://zoey-naturals.com/,,teamtailor,ATS_A_TROUVER,board « Zoey » rejeté (autre société/démo) — le vrai ATS reste à trouver
Zola Africa,https://zola-africa.afrikrea.com/,https://www.zola.com/about/jobs?gh_jid=8638685002,greenhouse,A_VERIFIER_IDENTITE,board « Zola » — confirmer que ce board est bien celui de la maison
Lakmé Cosmetics,https://www.lakmeindia.com/,,teamtailor,ATS_A_TROUVER,board « Lakmé Inspired Haircare » rejeté (autre société/démo) — le vrai ATS reste à trouver
Lille Vinkel Sko,https://lillevinkelsko.no/,,recruitee,ATS_A_TROUVER,board « Customizable ATS & hiring software Telle » rejeté (autre société/démo) — le vrai ATS reste à trouver
Loft design by,https://ldbparis.com/,,teamtailor,ATS_A_TROUVER,board « Loft » rejeté (autre société/démo) — le vrai ATS reste à trouver
Look Sharpish,https://looksharpish.com/,https://career.lookcycle.com/o/conseiller-client-premium-hf,recruitee,A_VERIFIER_IDENTITE,board « LOOK Cycle Offres d&#x27;emploi et Carri » — confirmer que ce board est bien celui de la maison
Mighty Good Basics,https://www.mightygoodbasics.com/?oid=392&affid=1&source_id=GoY-rating&sub1=brandpage,,greenhouse,ATS_A_TROUVER,board « Mighty » rejeté (autre société/démo) — le vrai ATS reste à trouver
Mindful Botanicals,https://mindfulsoulbotanicals.com/,,personio,ATS_A_TROUVER,board «  » rejeté (autre société/démo) — le vrai ATS reste à trouver
MOB Beauty,http://www.mobbeauty.com/,,teamtailor,ATS_A_TROUVER,board « Mob » rejeté (autre société/démo) — le vrai ATS reste à trouver
NAPA 1850,https://lab-clean.com/,,teamtailor,ATS_A_TROUVER,board « NAPA » rejeté (autre société/démo) — le vrai ATS reste à trouver
Nordisk,https://nordisk.eu/,,personio,ATS_A_TROUVER,board «  » rejeté (autre société/démo) — le vrai ATS reste à trouver
NORR,https://www.norrofficial.com/,,teamtailor,ATS_A_TROUVER,board « Svensk Markservice AB » rejeté (autre société/démo) — le vrai ATS reste à trouver
Norrøna,https://www.norrona.com/,,teamtailor,ATS_A_TROUVER,board « Svensk Markservice AB » rejeté (autre société/démo) — le vrai ATS reste à trouver
Patrick McDowell,https://www.patrickmcdowell.co.uk/,,personio,ATS_A_TROUVER,board «  » rejeté (autre société/démo) — le vrai ATS reste à trouver
Patrick Smith Botanicals,http://patricksmithbotanicals.com/,,personio,ATS_A_TROUVER,board «  » rejeté (autre société/démo) — le vrai ATS reste à trouver
PETERSON STOOP,https://petersonstoop.com/,,recruitee,ATS_A_TROUVER,board « homepage » rejeté (autre société/démo) — le vrai ATS reste à trouver
Poppy & Peonies,https://poppyandpeonies.com/,,recruitee,ATS_A_TROUVER,board « Homepage » rejeté (autre société/démo) — le vrai ATS reste à trouver
Poppy Barley,https://poppybarley.com/,,recruitee,ATS_A_TROUVER,board « Homepage » rejeté (autre société/démo) — le vrai ATS reste à trouver
Poppy & Pout,https://poppyandpout.com/,,recruitee,ATS_A_TROUVER,board « Homepage » rejeté (autre société/démo) — le vrai ATS reste à trouver
Poppy Field,https://www.poppyfieldthelabel.com/,https://jobs.poppy.be/o/jr-finance-analyst,recruitee,A_VERIFIER_IDENTITE,board « Homepage » — confirmer que ce board est bien celui de la maison
Poppy Silk,https://www.poppysilk.co.uk/,,recruitee,ATS_A_TROUVER,board « Homepage » rejeté (autre société/démo) — le vrai ATS reste à trouver
Porter Blue,https://porterblueapparel.com/,,lever,ATS_A_TROUVER,"board « Porter Cares, Inc. » rejeté (autre société/démo) — le vrai ATS reste à trouver"
Porter Yoshida & Co.,https://www.mrporter.com/en-us/mens/designer/porter-yoshida-and-co,https://jobs.lever.co/porter/9ced817b-b1a3-4e48-91e0-46994e2e66a8,lever,A_VERIFIER_IDENTITE,"board « Porter Cares, Inc. » — confirmer que ce board est bien celui de la maison"
Porter-Yoshida&Co,https://www.yoshidakaban.com/,https://jobs.lever.co/porter/9ced817b-b1a3-4e48-91e0-46994e2e66a8,lever,A_VERIFIER_IDENTITE,"board « Porter Cares, Inc. » — confirmer que ce board est bien celui de la maison"
Power Fashion,https://www.powerfashion.co.za/,,teamtailor,ATS_A_TROUVER,board « Power Danmark » rejeté (autre société/démo) — le vrai ATS reste à trouver
Property Of...,https://thepropertyof.com/,https://trp.recruitee.com/o/assistenz-immobilienverwaltung-mwd,recruitee,A_VERIFIER_IDENTITE,board « Homepage » — confirmer que ce board est bien celui de la maison
Oris,http://www.oris.ch/,,wttj,ATS_A_TROUVER,board « ORIS » rejeté (autre société/démo) — le vrai ATS reste à trouver
Alpha Company for Cosmetics LTD,https://www.alpa-cosmetics.co.il/,,recruitee,ATS_A_TROUVER,board « Customizable ATS & hiring software Telle » rejeté (autre société/démo) — le vrai ATS reste à trouver
ALPHA OG,https://alphaog.co/,,recruitee,ATS_A_TROUVER,board « Customizable ATS & hiring software Telle » rejeté (autre société/démo) — le vrai ATS reste à trouver
Ariana & Evans,https://aegrooming.com/,,recruitee,ATS_A_TROUVER,board « Customizable ATS & hiring software Telle » rejeté (autre société/démo) — le vrai ATS reste à trouver
Ariana Grande,https://arianagrandefragrances.com/,,recruitee,ATS_A_TROUVER,board « Customizable ATS & hiring software Telle » rejeté (autre société/démo) — le vrai ATS reste à trouver
Ariana Grande Fragrances,http://www.arianagrandefragrances.com/,,recruitee,ATS_A_TROUVER,board « Customizable ATS & hiring software Telle » rejeté (autre société/démo) — le vrai ATS reste à trouver
Alfa Sko,https://www.alfa.no/,,recruitee,ATS_A_TROUVER,board « Customizable ATS & hiring software Telle » rejeté (autre société/démo) — le vrai ATS reste à trouver
Credo,https://credobeauty.com/,,personio,ATS_A_TROUVER,board « Trabajos en Demo Datos » rejeté (autre société/démo) — le vrai ATS reste à trouver
Euro-Dan,https://www.euro-dan.dk/,,recruitee,ATS_A_TROUVER,board «  » rejeté (autre société/démo) — le vrai ATS reste à trouver
Euro-Star,https://euro-star.de/,,recruitee,ATS_A_TROUVER,board «  » rejeté (autre société/démo) — le vrai ATS reste à trouver
Lagos,http://www.lagos.com/,,recruitee,ATS_A_TROUVER,board « Customizable ATS & hiring software Telle » rejeté (autre société/démo) — le vrai ATS reste à trouver
Eastern Mountain Sports,https://www.ems.com/,,recruitee,ATS_A_TROUVER,board « Customizable ATS & hiring software Telle » rejeté (autre société/démo) — le vrai ATS reste à trouver
Meaningful Beauty ®,https://www.meaningfulbeauty.com/,,recruitee,ATS_A_TROUVER,board « Customizable ATS & hiring software Telle » rejeté (autre société/démo) — le vrai ATS reste à trouver
Free Lance,https://www.freelance.fr/,,recruitee,ATS_A_TROUVER,board « Customizable ATS & hiring software Telle » rejeté (autre société/démo) — le vrai ATS reste à trouver
Google Merchandise Store,https://www.googlemerchandisestore.com/,,recruitee,ATS_A_TROUVER,board « Customizable ATS & hiring software Telle » rejeté (autre société/démo) — le vrai ATS reste à trouver
Robert Graham,https://www.robertgraham.us/,,recruitee,ATS_A_TROUVER,board « Customizable ATS & hiring software Telle » rejeté (autre société/démo) — le vrai ATS reste à trouver
MiN NEW YORK,https://min.com/,,recruitee,ATS_A_TROUVER,board « Customizable ATS & hiring software Telle » rejeté (autre société/démo) — le vrai ATS reste à trouver
PAULA CANOVAS DEL VAS,https://paulacanovasdelvas.com/,,recruitee,ATS_A_TROUVER,board « Customizable ATS & hiring software Telle » rejeté (autre société/démo) — le vrai ATS reste à trouver
Paula Knorr,https://www.paulaknorr.de/,,recruitee,ATS_A_TROUVER,board « Customizable ATS & hiring software Telle » rejeté (autre société/démo) — le vrai ATS reste à trouver
Paula's Choice,http://www.paulaschoice.com/,,recruitee,ATS_A_TROUVER,board « Customizable ATS & hiring software Telle » rejeté (autre société/démo) — le vrai ATS reste à trouver
nom,,site,,VENDOR_SANS_ADAPTATEUR,ATS détecté mais sans adaptateur (iCIMS/ADP/Oracle…) — lot 5
'47,https://www.47brand.com/,https://www.47brand.com/,,VENDOR_SANS_ADAPTATEUR,ATS détecté mais sans adaptateur (iCIMS/ADP/Oracle…) — lot 5
american eagle outfitters,https://www.ae.com/,https://www.ae.com/,,VENDOR_SANS_ADAPTATEUR,ATS détecté mais sans adaptateur (iCIMS/ADP/Oracle…) — lot 5
100 thieves,https://100thieves.com/,https://100thieves.com/,,VENDOR_SANS_ADAPTATEUR,ATS détecté mais sans adaptateur (iCIMS/ADP/Oracle…) — lot 5
american eagle,https://www.ae.com/,https://www.ae.com/,,VENDOR_SANS_ADAPTATEUR,ATS détecté mais sans adaptateur (iCIMS/ADP/Oracle…) — lot 5
7 for all mankind,https://www.7forallmankind.com/,https://www.7forallmankind.com/,,VENDOR_SANS_ADAPTATEUR,ATS détecté mais sans adaptateur (iCIMS/ADP/Oracle…) — lot 5
american giant,https://www.american-giant.com/,https://www.american-giant.com/,,VENDOR_SANS_ADAPTATEUR,ATS détecté mais sans adaptateur (iCIMS/ADP/Oracle…) — lot 5
angus & coote,https://www.anguscoote.com.au/,https://www.anguscoote.com.au/,,VENDOR_SANS_ADAPTATEUR,ATS détecté mais sans adaptateur (iCIMS/ADP/Oracle…) — lot 5
assembly label,https://assemblylabel.com/,https://assemblylabel.com/,,VENDOR_SANS_ADAPTATEUR,ATS détecté mais sans adaptateur (iCIMS/ADP/Oracle…) — lot 5
boot barn,https://www.bootbarn.com/,https://www.bootbarn.com/,,VENDOR_SANS_ADAPTATEUR,ATS détecté mais sans adaptateur (iCIMS/ADP/Oracle…) — lot 5
brixton,https://www.brixton.com/,https://www.brixton.com/,,VENDOR_SANS_ADAPTATEUR,ATS détecté mais sans adaptateur (iCIMS/ADP/Oracle…) — lot 5
christopher & banks,https://www.christopherandbanks.com/,https://www.christopherandbanks.com/,,VENDOR_SANS_ADAPTATEUR,ATS détecté mais sans adaptateur (iCIMS/ADP/Oracle…) — lot 5
buffalo david bitton,http://www.buffalojeans.com/,http://www.buffalojeans.com/,,VENDOR_SANS_ADAPTATEUR,ATS détecté mais sans adaptateur (iCIMS/ADP/Oracle…) — lot 5
aerie,https://www.ae.com/,https://www.ae.com/,,VENDOR_SANS_ADAPTATEUR,ATS détecté mais sans adaptateur (iCIMS/ADP/Oracle…) — lot 5
bi-mart,http://www.bimart.com/,http://www.bimart.com/,,VENDOR_SANS_ADAPTATEUR,ATS détecté mais sans adaptateur (iCIMS/ADP/Oracle…) — lot 5
briggs&riley,https://www.briggs-riley.com/,https://www.briggs-riley.com/,,VENDOR_SANS_ADAPTATEUR,ATS détecté mais sans adaptateur (iCIMS/ADP/Oracle…) — lot 5
bucherer,https://www.bucherer.com/,https://www.bucherer.com/,,VENDOR_SANS_ADAPTATEUR,ATS détecté mais sans adaptateur (iCIMS/ADP/Oracle…) — lot 5
bucherer group,https://www.bucherer.com/,https://www.bucherer.com/,,VENDOR_SANS_ADAPTATEUR,ATS détecté mais sans adaptateur (iCIMS/ADP/Oracle…) — lot 5
cotton on kids,https://cottonon.com/AU/cottononkids,https://cottonon.com/AU/cottononkids,,VENDOR_SANS_ADAPTATEUR,ATS détecté mais sans adaptateur (iCIMS/ADP/Oracle…) — lot 5
cotton on body,https://cottonon.com/AU/cottononbody,https://cottonon.com/AU/cottononbody,,VENDOR_SANS_ADAPTATEUR,ATS détecté mais sans adaptateur (iCIMS/ADP/Oracle…) — lot 5
eyebrow plus,https://www.eyebrowplus.com/,https://www.eyebrowplus.com/,,VENDOR_SANS_ADAPTATEUR,ATS détecté mais sans adaptateur (iCIMS/ADP/Oracle…) — lot 5
dkny,https://www.dkny.com/,https://www.dkny.com/,,VENDOR_SANS_ADAPTATEUR,ATS détecté mais sans adaptateur (iCIMS/ADP/Oracle…) — lot 5
haggar clothing,http://www.haggar.com/,http://www.haggar.com/,,VENDOR_SANS_ADAPTATEUR,ATS détecté mais sans adaptateur (iCIMS/ADP/Oracle…) — lot 5
earthbound trading company,https://www.earthboundtrading.com/,https://www.earthboundtrading.com/,,VENDOR_SANS_ADAPTATEUR,ATS détecté mais sans adaptateur (iCIMS/ADP/Oracle…) — lot 5
john elliott,https://www.johnelliott.com/,https://www.johnelliott.com/,,VENDOR_SANS_ADAPTATEUR,ATS détecté mais sans adaptateur (iCIMS/ADP/Oracle…) — lot 5
j. mclaughlin,https://www.jmclaughlin.com/,https://www.jmclaughlin.com/,,VENDOR_SANS_ADAPTATEUR,ATS détecté mais sans adaptateur (iCIMS/ADP/Oracle…) — lot 5
ina kess,https://www.inakess.com/,https://www.inakess.com/,,VENDOR_SANS_ADAPTATEUR,ATS détecté mais sans adaptateur (iCIMS/ADP/Oracle…) — lot 5
herve leger,https://www.herveleger.com/,https://www.herveleger.com/,,VENDOR_SANS_ADAPTATEUR,ATS détecté mais sans adaptateur (iCIMS/ADP/Oracle…) — lot 5
home~pourri,https://www.pourri.com/,https://www.pourri.com/,,VENDOR_SANS_ADAPTATEUR,ATS détecté mais sans adaptateur (iCIMS/ADP/Oracle…) — lot 5
hudson jeans,https://www.hudsonjeans.com/,https://www.hudsonjeans.com/,,VENDOR_SANS_ADAPTATEUR,ATS détecté mais sans adaptateur (iCIMS/ADP/Oracle…) — lot 5
joseph ribkoff,https://www.josephribkoff.com/,https://www.josephribkoff.com/,,VENDOR_SANS_ADAPTATEUR,ATS détecté mais sans adaptateur (iCIMS/ADP/Oracle…) — lot 5
lise watier,https://watier.com/,https://watier.com/,,VENDOR_SANS_ADAPTATEUR,ATS détecté mais sans adaptateur (iCIMS/ADP/Oracle…) — lot 5
maison birks,https://www.birks.com/,https://www.birks.com/,,VENDOR_SANS_ADAPTATEUR,ATS détecté mais sans adaptateur (iCIMS/ADP/Oracle…) — lot 5
lowes menswear,http://lowes.com.au/,http://lowes.com.au/,,VENDOR_SANS_ADAPTATEUR,ATS détecté mais sans adaptateur (iCIMS/ADP/Oracle…) — lot 5
lucky brand,https://www.luckybrand.com/,https://www.luckybrand.com/,,VENDOR_SANS_ADAPTATEUR,ATS détecté mais sans adaptateur (iCIMS/ADP/Oracle…) — lot 5
loveshackfancy,https://loveshackfancy.com/,https://loveshackfancy.com/,,VENDOR_SANS_ADAPTATEUR,ATS détecté mais sans adaptateur (iCIMS/ADP/Oracle…) — lot 5
norvell,http://www.norvelltanning.com/,http://www.norvelltanning.com/,,VENDOR_SANS_ADAPTATEUR,ATS détecté mais sans adaptateur (iCIMS/ADP/Oracle…) — lot 5
malin+goetz,https://www.malinandgoetz.com/,https://www.malinandgoetz.com/,,VENDOR_SANS_ADAPTATEUR,ATS détecté mais sans adaptateur (iCIMS/ADP/Oracle…) — lot 5
northern reflections,https://www.northernreflections.com/,https://www.northernreflections.com/,,VENDOR_SANS_ADAPTATEUR,ATS détecté mais sans adaptateur (iCIMS/ADP/Oracle…) — lot 5
poo~pourri,http://www.poopourri.com/,http://www.poopourri.com/,,VENDOR_SANS_ADAPTATEUR,ATS détecté mais sans adaptateur (iCIMS/ADP/Oracle…) — lot 5
pot~pourri,https://www.pourri.com/,https://www.pourri.com/,,VENDOR_SANS_ADAPTATEUR,ATS détecté mais sans adaptateur (iCIMS/ADP/Oracle…) — lot 5
nudestix,https://www.nudestix.com/,https://www.nudestix.com/,,VENDOR_SANS_ADAPTATEUR,ATS détecté mais sans adaptateur (iCIMS/ADP/Oracle…) — lot 5
pet~pourri,https://www.pourri.com/,https://www.pourri.com/,,VENDOR_SANS_ADAPTATEUR,ATS détecté mais sans adaptateur (iCIMS/ADP/Oracle…) — lot 5
perfect stranger,https://www.perfectstranger.com.au/,https://www.perfectstranger.com.au/,,VENDOR_SANS_ADAPTATEUR,ATS détecté mais sans adaptateur (iCIMS/ADP/Oracle…) — lot 5
prouds,https://www.prouds.com.au/,https://www.prouds.com.au/,,VENDOR_SANS_ADAPTATEUR,ATS détecté mais sans adaptateur (iCIMS/ADP/Oracle…) — lot 5
st. john,https://www.stjohnknits.com/,https://www.stjohnknits.com/,,VENDOR_SANS_ADAPTATEUR,ATS détecté mais sans adaptateur (iCIMS/ADP/Oracle…) — lot 5
modanisa,http://www.modanisa.com/,http://www.modanisa.com/,,VENDOR_SANS_ADAPTATEUR,ATS détecté mais sans adaptateur (iCIMS/ADP/Oracle…) — lot 5
pelagic,https://pelagicgear.com/,https://pelagicgear.com/,,VENDOR_SANS_ADAPTATEUR,ATS détecté mais sans adaptateur (iCIMS/ADP/Oracle…) — lot 5
rumpl,https://www.rumpl.com/,https://www.rumpl.com/,,VENDOR_SANS_ADAPTATEUR,ATS détecté mais sans adaptateur (iCIMS/ADP/Oracle…) — lot 5
ricki's,https://www.rickis.com/,https://www.rickis.com/,,VENDOR_SANS_ADAPTATEUR,ATS détecté mais sans adaptateur (iCIMS/ADP/Oracle…) — lot 5
splendid,https://www.splendid.com/,https://www.splendid.com/,,VENDOR_SANS_ADAPTATEUR,ATS détecté mais sans adaptateur (iCIMS/ADP/Oracle…) — lot 5
sprouts farmers market,https://www.sprouts.com/,https://www.sprouts.com/,,VENDOR_SANS_ADAPTATEUR,ATS détecté mais sans adaptateur (iCIMS/ADP/Oracle…) — lot 5
sole~pourri,https://www.pourri.com/,https://www.pourri.com/,,VENDOR_SANS_ADAPTATEUR,ATS détecté mais sans adaptateur (iCIMS/ADP/Oracle…) — lot 5
saalt,https://saalt.com/,https://saalt.com/,,VENDOR_SANS_ADAPTATEUR,ATS détecté mais sans adaptateur (iCIMS/ADP/Oracle…) — lot 5
road runner sports,https://www.roadrunnersports.com/,https://www.roadrunnersports.com/,,VENDOR_SANS_ADAPTATEUR,ATS détecté mais sans adaptateur (iCIMS/ADP/Oracle…) — lot 5
san antonio shoemakers,http://sasshoes.com/,http://sasshoes.com/,,VENDOR_SANS_ADAPTATEUR,ATS détecté mais sans adaptateur (iCIMS/ADP/Oracle…) — lot 5
tommy john,https://tommyjohn.com/,https://tommyjohn.com/,,VENDOR_SANS_ADAPTATEUR,ATS détecté mais sans adaptateur (iCIMS/ADP/Oracle…) — lot 5
shane company,https://www.shaneco.com/,https://www.shaneco.com/,,VENDOR_SANS_ADAPTATEUR,ATS détecté mais sans adaptateur (iCIMS/ADP/Oracle…) — lot 5
solstice sunglasses,https://solsticesunglasses.com/,https://solsticesunglasses.com/,,VENDOR_SANS_ADAPTATEUR,ATS détecté mais sans adaptateur (iCIMS/ADP/Oracle…) — lot 5
all the wild roses,https://allthewildroses.com/?oid=4&affid=1&source_id=GoY-rating&sub1=brandpage,,,NON_RESOLUE,aucun ATS détecté sur le site
allmade,https://allmade.com/,,,NON_RESOLUE,aucun ATS détecté sur le site
all heart all the time,https://allheartallthetime.com/,,,NON_RESOLUE,aucun ATS détecté sur le site
alkemie,https://www.alkemiejewelry.com/,,,NON_RESOLUE,aucun ATS détecté sur le site
&daughter,https://www.and-daughter.com/,,,NON_RESOLUE,aucun ATS détecté sur le site
all we remember,https://allweremember.com/,,,NON_RESOLUE,aucun ATS détecté sur le site
alleyoop,https://meetalleyoop.com/,,,NON_RESOLUE,aucun ATS détecté sur le site
10 degrees cooler,https://www.10degreescooler.com/shop,,,NON_RESOLUE,aucun ATS détecté sur le site
'+vision,,,,NON_RESOLUE,aucun ATS détecté sur le site
allan k,https://www.allank.be/,,,NON_RESOLUE,aucun ATS détecté sur le site
allbirds,https://www.allbirds.com/,,,NON_RESOLUE,site en erreur au probe
all my pretties - soap boutique,https://allmypretties.ca/,,,NON_RESOLUE,site en erreur au probe
alpenkaetzle,https://www.alpenkaetzle.de/,,,NON_RESOLUE,aucun ATS détecté sur le site
all good,https://www.allgoodproducts.com/,,,NON_RESOLUE,aucun ATS détecté sur le site
all natural advice,http://www.allnaturaladvice.com/,,,NON_RESOLUE,aucun ATS détecté sur le site
alonpi,https://alonpi.com/,,,NON_RESOLUE,aucun ATS détecté sur le site
0039 italy,http://www.0039italy.com/,,,NON_RESOLUE,aucun ATS détecté sur le site
alpenflüstern,https://www.alpenfluestern.de/,,,NON_RESOLUE,aucun ATS détecté sur le site
all blues,https://allblues.se/,,,NON_RESOLUE,aucun ATS détecté sur le site
allude,https://allude-cashmere.com/,,,NON_RESOLUE,site en erreur au probe
ally capellino,https://www.allycapellino.co.uk/,,,NON_RESOLUE,aucun ATS détecté sur le site
alove,https://www.alove.cz/,,,NON_RESOLUE,aucun ATS détecté sur le site
almahats,https://almahats.com/,,,NON_RESOLUE,aucun ATS détecté sur le site
alpina,https://www.alpinasports.com/,,,NON_RESOLUE,aucun ATS détecté sur le site
(di)vision,https://di-vsn.com/,,,NON_RESOLUE,site en erreur au probe
all golden,http://allgolden.com/,,,NON_RESOLUE,aucun ATS détecté sur le site
aloe,https://www.al-oe.fr/,,,NON_RESOLUE,aucun ATS détecté sur le site
alltrueist by maryna,https://www.alltrueist.com/collections/alltrueist-by-maryna,,,NON_RESOLUE,site en erreur au probe
1 people,https://1people.com/,,,NON_RESOLUE,site en erreur au probe
almay,http://www.almay.com/,,,NON_RESOLUE,aucun ATS détecté sur le site
11 degrees,https://www.11degrees.eu/,,,NON_RESOLUE,site en erreur au probe
100% pure,http://www.100percentpure.com/,,,NON_RESOLUE,aucun ATS détecté sur le site
almgwand,https://www.almgwand.at/,,,NON_RESOLUE,aucun ATS détecté sur le site
alphastyle,https://alphastyle.io/,,,NON_RESOLUE,aucun ATS détecté sur le site
all things jill,http://www.allthingsjill.ca/,,,NON_RESOLUE,site en erreur au probe
100bon,https://www.100bon.com/,,,NON_RESOLUE,aucun ATS détecté sur le site
0711,http://0711tbilisi.com/,,,NON_RESOLUE,aucun ATS détecté sur le site
alpha60,https://www.alpha60.com.au/,,,NON_RESOLUE,site en erreur au probe
'+1f,,,,NON_RESOLUE,site en erreur au probe
100% capri,https://100capri.com/,,,NON_RESOLUE,site en erreur au probe
alpha organics,http://thealphaorganics.com/,,,NON_RESOLUE,aucun ATS détecté sur le site
alōh,https://www.alobrands.com/,,,NON_RESOLUE,aucun ATS détecté sur le site
23ku,https://23ku-web.jp/,,,NON_RESOLUE,aucun ATS détecté sur le site
alphatauri,https://alphatauri.com/,,,NON_RESOLUE,aucun ATS détecté sur le site
alo diamonds,https://www.alo.cz/,,,NON_RESOLUE,aucun ATS détecté sur le site
alpine north,https://www.alpinenorth.com/,,,NON_RESOLUE,aucun ATS détecté sur le site
allen solly,https://www.allensolly.com/,,,NON_RESOLUE,aucun ATS détecté sur le site
alpaka,https://alpakagear.com/,,,NON_RESOLUE,aucun ATS détecté sur le site
& tread well,http://treadwellnewyork.com/,,,NON_RESOLUE,aucun ATS détecté sur le site
18.21 man made,https://1821manmade.com/,,,NON_RESOLUE,aucun ATS détecté sur le site
aloisia beauty,http://www.aloisiabeauty.com/,,,NON_RESOLUE,aucun ATS détecté sur le site
1000 welcomes,https://1000-welcomes.com/,,,NON_RESOLUE,aucun ATS détecté sur le site
10days,https://www.10dayslifestyle.nl/,,,NON_RESOLUE,site en erreur au probe
altra,https://www.altrarunning.com.au/,,,NON_RESOLUE,aucun ATS détecté sur le site
altar,https://www.altarpdx.com/,,,NON_RESOLUE,aucun ATS détecté sur le site
alo,https://www.aloyoga.com/,,,NON_RESOLUE,site en erreur au probe
1400 below®,http://lasaltco.com/,,,NON_RESOLUE,aucun ATS détecté sur le site
417 edifice,https://four-one-seven.jp/,,,NON_RESOLUE,aucun ATS détecté sur le site
2eros,https://2eros.com/,,,NON_RESOLUE,aucun ATS détecté sur le site
always give a damn,https://alwaysgiveadamn.com/,,,NON_RESOLUE,aucun ATS détecté sur le site
24colours,https://www.24colours.de/,,,NON_RESOLUE,site en erreur au probe
120% lino,https://eu.120percento.com/,,,NON_RESOLUE,aucun ATS détecté sur le site
337 brand,https://www.337brand.com/,,,NON_RESOLUE,aucun ATS détecté sur le site
alter ego clothing,https://alteregoclothing.com/,,,NON_RESOLUE,aucun ATS détecté sur le site
139made,https://www.139made.com/,,,NON_RESOLUE,aucun ATS détecté sur le site
19-69,https://nineteen-sixtynine.com/,,,NON_RESOLUE,aucun ATS détecté sur le site
also the bison,https://alsothebison.co.uk/,,,NON_RESOLUE,aucun ATS détecté sur le site
10yc,https://10yc.jp/,,,NON_RESOLUE,aucun ATS détecté sur le site
'ôrəbella,https://www.orebella.com/,,,NON_RESOLUE,aucun ATS détecté sur le site
altınbaş,https://www.altinbas.com/,,,NON_RESOLUE,aucun ATS détecté sur le site
alton lane,https://altonlane.com/,,,NON_RESOLUE,aucun ATS détecté sur le site
amarra,https://www.amarra.com/,,,NON_RESOLUE,aucun ATS détecté sur le site
altamont,http://altamontapparel.com/,,,NON_RESOLUE,aucun ATS détecté sur le site
amaud,https://amaud-store.com/,,,NON_RESOLUE,aucun ATS détecté sur le site
360cashmere,https://www.360cashmere.com/,,,NON_RESOLUE,aucun ATS détecté sur le site
alpine swiss,http://alpineswiss.com/,,,NON_RESOLUE,aucun ATS détecté sur le site
ameon,https://ameonskin.com/,,,NON_RESOLUE,aucun ATS détecté sur le site
209 mare,https://209mare.com/,,,NON_RESOLUE,aucun ATS détecté sur le site
12 storeez,https://en.12storeez.com/,,,NON_RESOLUE,aucun ATS détecté sur le site
4160 tuesdays,https://www.4160tuesdays.com/,,,NON_RESOLUE,aucun ATS détecté sur le site
alter ego,https://alterego-official.com/,,,NON_RESOLUE,aucun ATS détecté sur le site
20to,https://www.katjavangaal.nl/,,,NON_RESOLUE,aucun ATS détecté sur le site
alpine pro,https://www.alpinepro.cz/,,,NON_RESOLUE,aucun ATS détecté sur le site
30a,https://30agear.com/,,,NON_RESOLUE,aucun ATS détecté sur le site
47 street,https://www.47street.com.ar/,,,NON_RESOLUE,aucun ATS détecté sur le site
american apparel inc.,https://www.americanapparel.com/,,,NON_RESOLUE,aucun ATS détecté sur le site
2xu,https://www.2xu.com/,,,NON_RESOLUE,aucun ATS détecté sur le site
&co woman,https://www.sust.nl/,,,NON_RESOLUE,aucun ATS détecté sur le site
ambiletics,https://www.ambiletics.com/,,,NON_RESOLUE,aucun ATS détecté sur le site
alpyn,http://www.alpynbeauty.com/,,,NON_RESOLUE,aucun ATS détecté sur le site
3rd + fairfax beauty,https://losangelesbrands.com/collections/3rd-fairfax-beauty/,,,NON_RESOLUE,aucun ATS détecté sur le site
alwrld,https://alwrld.com/,,,NON_RESOLUE,aucun ATS détecté sur le site
altuzarra,https://www.altuzarra.com/,,,NON_RESOLUE,aucun ATS détecté sur le site
alpina žiri,http://www.alpina.si/,,,NON_RESOLUE,site en erreur au probe
5 sens inc.,https://www.5sens.co/,,,NON_RESOLUE,aucun ATS détecté sur le site
3.1 phillip lim,https://www.31philliplim.com/,,,NON_RESOLUE,aucun ATS détecté sur le site
alvaro moreno,https://www.alvaromoreno.com/,,,NON_RESOLUE,aucun ATS détecté sur le site
alter made,https://www.altermadeconcept.com/,,,NON_RESOLUE,aucun ATS détecté sur le site
ambesonne,https://www.ambesonne.com/,,,NON_RESOLUE,aucun ATS détecté sur le site
amber budd skincare,http://www.amberbuddskincare.com/,,,NON_RESOLUE,aucun ATS détecté sur le site
alter x company,https://alterxco.com/?oid=256&affid=1&source_id=GoY-rating&sub1=brandpage,,,NON_RESOLUE,aucun ATS détecté sur le site
alyce designs,https://alyceparis.com/,,,NON_RESOLUE,aucun ATS détecté sur le site
3rd diadem,https://www.3rd-diadem.com/,,,NON_RESOLUE,aucun ATS détecté sur le site
3 suisses,https://www.3suisses.fr/,,,NON_RESOLUE,aucun ATS détecté sur le site
alux,https://alux.world/,,,NON_RESOLUE,aucun ATS détecté sur le site
am eyewear,https://ameyewear.com/,,,NON_RESOLUE,aucun ATS détecté sur le site
amelie george bridal,https://www.ameliegeorgebridal.com/,,,NON_RESOLUE,aucun ATS détecté sur le site
amaca,https://store.sanyo-shokai.co.jp/pages/amaca#?utm_source=GoodOnYou%20App&utm_medium=Referral,,,NON_RESOLUE,aucun ATS détecté sur le site
amazula,https://amazularesortwear.com/,,,NON_RESOLUE,aucun ATS détecté sur le site
americanas,https://www.americanas.com.br/,,,NON_RESOLUE,aucun ATS détecté sur le site
ambiorix,https://www.ambiorix.be/,,,NON_RESOLUE,aucun ATS détecté sur le site
77skin,https://the77skin.com/,,,NON_RESOLUE,aucun ATS détecté sur le site
amadeus,https://www.amadeusbijoux.com/,,,NON_RESOLUE,aucun ATS détecté sur le site
4kinship,https://www.4kinship.com/,,,NON_RESOLUE,aucun ATS détecté sur le site
4ccccees,https://www.4ccccees.com/,,,NON_RESOLUE,aucun ATS détecté sur le site
2nd day,https://2ndday.com/,,,NON_RESOLUE,aucun ATS détecté sur le site
amenzia,https://amenzia.com/,,,NON_RESOLUE,aucun ATS détecté sur le site
alto milano,https://www.altomilano.it/,,,NON_RESOLUE,aucun ATS détecté sur le site
ama pure,https://www.ama-pure.com/,,,NON_RESOLUE,aucun ATS détecté sur le site
am.a-line,http://amalinecollections.com/,,,NON_RESOLUE,aucun ATS détecté sur le site
allbyb,https://www.allbyb.com/,,,NON_RESOLUE,site en erreur au probe
anabel arto,https://anabelarto.pl/,,,NON_RESOLUE,site en erreur au probe
760 skin,https://www.760skin.com/,,,NON_RESOLUE,aucun ATS détecté sur le site
31 sons de mode,https://31sdm.jp/,,,NON_RESOLUE,aucun ATS détecté sur le site
alviero martini 1a classe,https://www.alvieromartini.it/eu/,,,NON_RESOLUE,site en erreur au probe
amante antwerp,https://amanteantwerp.com/,,,NON_RESOLUE,aucun ATS détecté sur le site
45r,https://45r.jp/ja/,,,NON_RESOLUE,site en erreur au probe
3sixteen,https://www.3sixteen.com/,,,NON_RESOLUE,aucun ATS détecté sur le site
ambitious,https://www.ambitious-brand.com/,,,NON_RESOLUE,aucun ATS détecté sur le site
5.10.15,https://www.51015kids.eu/,,,NON_RESOLUE,aucun ATS détecté sur le site
american tourister,https://www.americantourister.com/,,,NON_RESOLUE,aucun ATS détecté sur le site
amala,http://amalabeauty.com/,,,NON_RESOLUE,aucun ATS détecté sur le site
american swiss,https://www.americanswiss.co.za/,,,NON_RESOLUE,aucun ATS détecté sur le site
amina muaddi,https://www.aminamuaddi.com/,,,NON_RESOLUE,aucun ATS détecté sur le site
american apparel,https://americanapparel.com/,,,NON_RESOLUE,aucun ATS détecté sur le site
anaak,https://www.anaakcollection.com/,,,NON_RESOLUE,aucun ATS détecté sur le site
7319,https://www.7319.life/,,,NON_RESOLUE,aucun ATS détecté sur le site
ambush,https://www.ambushdesign.com/,,,NON_RESOLUE,site en erreur au probe
anabela chan,https://anabelachan.com/,,,NON_RESOLUE,aucun ATS détecté sur le site
amble outdoors,https://ambleoutdoors.com.au/?oid=250&affid=1&source_id=GoY-rating&sub1=brandpage,,,NON_RESOLUE,aucun ATS détecté sur le site
amalgam,http://amalgamofficial.com/,,,NON_RESOLUE,aucun ATS détecté sur le site
anchor & crew,https://www.anchorandcrew.com/,,,NON_RESOLUE,aucun ATS détecté sur le site
america's best contacts & eyeglasses,https://www.americasbest.com/,,,NON_RESOLUE,aucun ATS détecté sur le site
4-rth,https://www.4-rth.com/,,,NON_RESOLUE,aucun ATS détecté sur le site
7camicie,https://7camicie.com/,,,NON_RESOLUE,site en erreur au probe
amj košile,https://amjkosile.cz/,,,NON_RESOLUE,aucun ATS détecté sur le site
american trench,https://www.americantrench.com/,,,NON_RESOLUE,aucun ATS détecté sur le site
amazing red,https://amazingred.ru/,,,NON_RESOLUE,aucun ATS détecté sur le site
an an londree,https://www.ananlondree.com/,,,NON_RESOLUE,aucun ATS détecté sur le site
7mil,https://7mil.pl/,,,NON_RESOLUE,aucun ATS détecté sur le site
andorine,https://www.andorine.com/,,,NON_RESOLUE,aucun ATS détecté sur le site
amouage,http://www.amouage.com/,,,NON_RESOLUE,aucun ATS détecté sur le site
amt.,https://amt-studio.com/?oid=318&affid=1&source_id=GoY-rating&sub1=,,,NON_RESOLUE,aucun ATS détecté sur le site
22fashion,http://www.22-fashion.com/,,,NON_RESOLUE,aucun ATS détecté sur le site
anact,https://www.anact.com/,,,NON_RESOLUE,aucun ATS détecté sur le site
4711,https://4711.com/,,,NON_RESOLUE,aucun ATS détecté sur le site
4kelp™ skincare,http://4kelp.com/,,,NON_RESOLUE,aucun ATS détecté sur le site
anatomie,https://anatomie.com/,,,NON_RESOLUE,aucun ATS détecté sur le site
andré,https://www.andre.fr/,,,NON_RESOLUE,site en erreur au probe
amika,https://loveamika.com/,,,NON_RESOLUE,site en erreur au probe
amy c. lund,https://www.aclhandweaver.com/,,,NON_RESOLUE,aucun ATS détecté sur le site
ancient egyptian bath and body elixirs,https://www.ancientegyptianbathandbodyelixirs.com/,,,NON_RESOLUE,aucun ATS détecté sur le site
amber & june,https://bettybarclay.com/,,,NON_RESOLUE,aucun ATS détecté sur le site
and wander,https://www.andwander.com/,,,NON_RESOLUE,aucun ATS détecté sur le site
anchor me down apparel,https://anchormedown.com/,,,NON_RESOLUE,aucun ATS détecté sur le site
anderson's belt,https://www.anderson.it/,,,NON_RESOLUE,aucun ATS détecté sur le site
anatoliancraft,https://www.anatolian-craft.com/,,,NON_RESOLUE,aucun ATS détecté sur le site
anapurna,https://anapurnaequipment.fr/,,,NON_RESOLUE,aucun ATS détecté sur le site
à la luck,https://alaluck.com/,,,NON_RESOLUE,aucun ATS détecté sur le site
5eme saison,https://5saison.fr/,,,NON_RESOLUE,aucun ATS détecté sur le site
2star,https://www.2star.it/en,,,NON_RESOLUE,aucun ATS détecté sur le site
american freight,https://www.americanfreight.com/,,,NON_RESOLUE,site en erreur au probe
amicci,https://amicci.com/,,,NON_RESOLUE,aucun ATS détecté sur le site
3dg jewellery,https://www.3d-gold.hk/,,,NON_RESOLUE,site en erreur au probe
5c5v,https://5c5v.co.uk/,,,NON_RESOLUE,aucun ATS détecté sur le site
a a k s,https://www.aaksonline.com/,,,NON_RESOLUE,aucun ATS détecté sur le site
66north,https://66north.com/,,,NON_RESOLUE,aucun ATS détecté sur le site
angulus,https://www.angulus.com/,,,NON_RESOLUE,site en erreur au probe
ancient secrets,http://www.ancient-secrets.com/,,,NON_RESOLUE,aucun ATS détecté sur le site
andrés sardá,https://www.sardaworld.com/,,,NON_RESOLUE,aucun ATS détecté sur le site
a. guery,https://www.aguery.com/,,,NON_RESOLUE,aucun ATS détecté sur le site
1er arrondissement,https://1er-arrondissement.com/,,,NON_RESOLUE,aucun ATS détecté sur le site
à l'aise breizh,https://www.alaisebreizh.com/,,,NON_RESOLUE,aucun ATS détecté sur le site
amour vert,https://amourvert.com/,,,NON_RESOLUE,aucun ATS détecté sur le site
a la maison de provence,https://alamaisondeprovence.com/,,,NON_RESOLUE,aucun ATS détecté sur le site
7plis,https://7plis.fr/,,,NON_RESOLUE,aucun ATS détecté sur le site
a house on the moon,https://ahouseonthemoon.com/,,,NON_RESOLUE,aucun ATS détecté sur le site
ancient greek sandals,https://www.ancient-greek-sandals.com/,,,NON_RESOLUE,aucun ATS détecté sur le site
a girl's gotta spa!,https://www.agirlsgottaspa.com/,,,NON_RESOLUE,aucun ATS détecté sur le site
8000kicks,https://www.8000kicks.com/?oid=289&affid=1&source_id=GoY-rating&sub1=brandpage,,,NON_RESOLUE,aucun ATS détecté sur le site
altercore,https://altercore.pl/en/,,,NON_RESOLUE,aucun ATS détecté sur le site
andrea,https://www.andrea.com/,,,NON_RESOLUE,aucun ATS détecté sur le site
andersson bell,https://en.anderssonbell.com/,,,NON_RESOLUE,aucun ATS détecté sur le site
amorepacific corporation,https://www.amorepacific.com/,,,NON_RESOLUE,aucun ATS détecté sur le site
american jewelry design council,https://ajdc.org/,,,NON_RESOLUE,aucun ATS détecté sur le site
anim,https://animliving.com/,,,NON_RESOLUE,aucun ATS détecté sur le site
anna morgun,http://annamorgun.com/,,,NON_RESOLUE,aucun ATS détecté sur le site
9jour,https://9-jour.jp/,,,NON_RESOLUE,aucun ATS détecté sur le site
annà museo,https://annamuseo.com/,,,NON_RESOLUE,aucun ATS détecté sur le site
a perfect nomad,https://www.aperfectnomad.com/,,,NON_RESOLUE,aucun ATS détecté sur le site
7115,https://7115byszeki.com/,,,NON_RESOLUE,aucun ATS détecté sur le site
anchal,https://anchalproject.org/,,,NON_RESOLUE,aucun ATS détecté sur le site
anerkjendt,https://www.anerkjendt.com/,,,NON_RESOLUE,site en erreur au probe
andré assous,https://andreassous.com/,,,NON_RESOLUE,aucun ATS détecté sur le site
angie wood creations,https://angiewoodcreations.com/,,,NON_RESOLUE,aucun ATS détecté sur le site
amaia,https://amaiakids.co.uk/,,,NON_RESOLUE,aucun ATS détecté sur le site
andrews,https://www.andrews.bg/,,,NON_RESOLUE,aucun ATS détecté sur le site
anini,https://www.aninidesigns.com/,,,NON_RESOLUE,aucun ATS détecté sur le site
ancuta sarca,https://ancutasarca.com/,,,NON_RESOLUE,aucun ATS détecté sur le site
another tomorrow,https://anothertomorrow.co/?oid=321&affid=1&source_id=GoY-rating&sub1=brandpage,,,NON_RESOLUE,aucun ATS détecté sur le site
angeleye,https://www.angeleyefashion.com/,,,NON_RESOLUE,aucun ATS détecté sur le site
annamariaangelika,https://annamariaangelika.com/,,,NON_RESOLUE,aucun ATS détecté sur le site
amour&luxe,https://amouretluxe.com/,,,NON_RESOLUE,site en erreur au probe
andrea montelpare,http://www.andreamontelpare.com/,,,NON_RESOLUE,aucun ATS détecté sur le site
a beautiful story,https://www.abeautifulstory.eu/,,,NON_RESOLUE,aucun ATS détecté sur le site
aa spontanétextiles,https://www.spontanetextiles.com/,,,NON_RESOLUE,aucun ATS détecté sur le site
8848 altitude,https://www.8848altitude.com/,,,NON_RESOLUE,aucun ATS détecté sur le site
anonyme,https://anonyme.com/,,,NON_RESOLUE,aucun ATS détecté sur le site
a fish named fred,https://afishnamedfred.com/,,,NON_RESOLUE,aucun ATS détecté sur le site
8beaufort.hamburg,https://8beaufort.hamburg/,,,NON_RESOLUE,site en erreur au probe
anni,https://annihairwax.com/,,,NON_RESOLUE,aucun ATS détecté sur le site
anastasia beverly hills,https://www.anastasiabeverlyhills.com/,,,NON_RESOLUE,site en erreur au probe
a natural connection,https://anaturalconnection.be/,,,NON_RESOLUE,aucun ATS détecté sur le site
3juin,https://3juin.com/,,,NON_RESOLUE,site en erreur au probe
angie watts,http://www.angiewatts.com/,,,NON_RESOLUE,aucun ATS détecté sur le site
and1,https://www.and1.com/,,,NON_RESOLUE,aucun ATS détecté sur le site
andrew gn,https://www.andrewgn.com/en,,,NON_RESOLUE,aucun ATS détecté sur le site
abele optik,https://www.abele-optik.de/,,,NON_RESOLUE,aucun ATS détecté sur le site
anne isabella,https://anneisabella.com/,,,NON_RESOLUE,aucun ATS détecté sur le site
annadiva,https://www.annadiva.nl/,,,NON_RESOLUE,site en erreur au probe
amapô,https://www.amapojeans.com.br/,,,NON_RESOLUE,aucun ATS détecté sur le site
anekdot,https://anekdotboutique.com/?oid=197&affid=1&source_id=GoY-rating&sub1=brandpage,,,NON_RESOLUE,aucun ATS détecté sur le site
angel hold™ styling cream,https://www.emijay.com/,,,NON_RESOLUE,aucun ATS détecté sur le site
andrea marques,https://www.andreamarques.com/,,,NON_RESOLUE,aucun ATS détecté sur le site
a-dam,https://a-dam.com/,,,NON_RESOLUE,site en erreur au probe
7th heaven,http://www.my7thheaven.com/,,,NON_RESOLUE,aucun ATS détecté sur le site
abro,https://www.abro.de/,,,NON_RESOLUE,aucun ATS détecté sur le site
anna in bhutan,https://annainbhutan.com/,,,NON_RESOLUE,aucun ATS détecté sur le site
9seed,https://9seed.com/,,,NON_RESOLUE,aucun ATS détecté sur le site
6%dokidoki,https://6dokidoki.com/,,,NON_RESOLUE,site en erreur au probe
anita,https://www.anita.com/,,,NON_RESOLUE,aucun ATS détecté sur le site
ann kurz,https://www.annkurz.com/,,,NON_RESOLUE,aucun ATS détecté sur le site
anvil brand,https://www.anvilbrand.com/,,,NON_RESOLUE,aucun ATS détecté sur le site
a tiny story,http://babyface.eu/,,,NON_RESOLUE,aucun ATS détecté sur le site
anna diamond,https://annadiamond.shop/,,,NON_RESOLUE,aucun ATS détecté sur le site
antagony,https://www.antagony-paris.com/,,,NON_RESOLUE,site en erreur au probe
antonelle,https://www.antonelle.fr/,,,NON_RESOLUE,aucun ATS détecté sur le site
ansea,https://ansea.co/,,,NON_RESOLUE,aucun ATS détecté sur le site
anna quan,https://annaquan.com/,,,NON_RESOLUE,aucun ATS détecté sur le site
antoine & lili,https://antoineetlili.com/,,,NON_RESOLUE,aucun ATS détecté sur le site
andalou naturals,http://www.andalou.com/,,,NON_RESOLUE,aucun ATS détecté sur le site
aquastar,https://aquastar.ch/,,,NON_RESOLUE,aucun ATS détecté sur le site
abode of snow,https://abodeofsnow.jp/,,,NON_RESOLUE,aucun ATS détecté sur le site
anna+nina,https://www.anna-nina.nl/,,,NON_RESOLUE,aucun ATS détecté sur le site
anya by vivien,https://anyabyvivien.com/,,,NON_RESOLUE,aucun ATS détecté sur le site
a piece of chic,https://a-piece-of-chic.com/,,,NON_RESOLUE,aucun ATS détecté sur le site
anna und paul,https://annaundpaul.de/,,,NON_RESOLUE,aucun ATS détecté sur le site
anne hermine,https://www.annehermine.com/,,,NON_RESOLUE,aucun ATS détecté sur le site
585 zolotoy,https://www.585zolotoy.ru/,,,NON_RESOLUE,aucun ATS détecté sur le site
angelika jozefczyk,https://angelikajozefczyk.com/,,,NON_RESOLUE,aucun ATS détecté sur le site
4f,https://4f.ua/,,,NON_RESOLUE,site en erreur au probe
anne vest,https://annevest.dk/,,,NON_RESOLUE,aucun ATS détecté sur le site
a.s.adventure,https://www.asadventure.com/nl.html,,,NON_RESOLUE,aucun ATS détecté sur le site
ani-k,https://anikmakeup.com/,,,NON_RESOLUE,aucun ATS détecté sur le site
3quarters,https://3quarters.design/,,,NON_RESOLUE,site en erreur au probe
animal brain beauty,https://animalbrainbeautyusa.com/,,,NON_RESOLUE,aucun ATS détecté sur le site
ameri vintage,https://amerivintage.co.jp/,,,NON_RESOLUE,aucun ATS détecté sur le site
andrea lord,http://andrealordstudio.com/,,,NON_RESOLUE,aucun ATS détecté sur le site
ann demeulemeester,https://www.anndemeulemeester.com/,,,NON_RESOLUE,aucun ATS détecté sur le site
absolute new york,https://absolutenewyork.com/,,,NON_RESOLUE,aucun ATS détecté sur le site
angel & rocket,https://www.angelandrocket.com/,,,NON_RESOLUE,aucun ATS détecté sur le site
andrea iyamah,https://www.andreaiyamah.com/,,,NON_RESOLUE,aucun ATS détecté sur le site
anokha®,https://www.anokhaskincare.com/,,,NON_RESOLUE,aucun ATS détecté sur le site
angels,https://www.angels-jeans.de/,,,NON_RESOLUE,site en erreur au probe
anko,https://anko.com/,,,NON_RESOLUE,site en erreur au probe
american golf,https://www.americangolf.co.uk/,,,NON_RESOLUE,aucun ATS détecté sur le site
argeville,https://www.argeville.com/,,,NON_RESOLUE,aucun ATS détecté sur le site
anjealous,https://anjealous.com/,,,NON_RESOLUE,aucun ATS détecté sur le site
annil,https://www.annil.com/,,,NON_RESOLUE,aucun ATS détecté sur le site
angelstick®,https://www.emijay.com/,,,NON_RESOLUE,aucun ATS détecté sur le site
a.f. maglieria,https://www.afmaglieria.com/en/,,,NON_RESOLUE,site en erreur au probe
anemos,https://anemosswim.com/,,,NON_RESOLUE,aucun ATS détecté sur le site
anja orian,https://www.anjaorian.com/,,,NON_RESOLUE,aucun ATS détecté sur le site
anushé pirani,http://anushepirani.in/,,,NON_RESOLUE,aucun ATS détecté sur le site
apart,https://www.apart-fashion.de/,,,NON_RESOLUE,aucun ATS détecté sur le site
anteater,https://anteaterclothing.com/,,,NON_RESOLUE,aucun ATS détecté sur le site
aarikka,https://www.aarikka.fi/,,,NON_RESOLUE,aucun ATS détecté sur le site
ann tuil,https://anntuil.com/,,,NON_RESOLUE,aucun ATS détecté sur le site
a day's march,https://www.adaysmarch.com/,,,NON_RESOLUE,site en erreur au probe
anna field,https://www.zalando.co.uk/anna-field/,,,NON_RESOLUE,aucun ATS détecté sur le site
angelo de lombardi,https://www.angelodelombardiriemen.com/,,,NON_RESOLUE,aucun ATS détecté sur le site
aquatalia,https://www.aquatalia.com/,,,NON_RESOLUE,aucun ATS détecté sur le site
a.v.v,https://www.avv-web.com/,,,NON_RESOLUE,aucun ATS détecté sur le site
786 cosmetics,https://786cosmetics.com/,,,NON_RESOLUE,aucun ATS détecté sur le site
a. lange & söhne,https://www.alange-soehne.com/,,,NON_RESOLUE,site en erreur au probe
anny nord,https://www.annynord.com/,,,NON_RESOLUE,site en erreur au probe
anne fontaine,https://www.annefontaine.com/,,,NON_RESOLUE,site en erreur au probe
a.i.n,https://www.angeliebe.co.jp/category?chsybrand=56%3Futm_source%3DGoodOnYou+App,,,NON_RESOLUE,aucun ATS détecté sur le site
anokhi,https://www.anokhi-collection.com/,,,NON_RESOLUE,aucun ATS détecté sur le site
a pea in the pod,https://www.apeainthepod.com/,,,NON_RESOLUE,aucun ATS détecté sur le site
anna bella,https://annabella.ca/,,,NON_RESOLUE,aucun ATS détecté sur le site
anya hindmarch,https://eu.anyahindmarch.com/,,,NON_RESOLUE,aucun ATS détecté sur le site
ana alcazar,https://www.a-n-a.com/,,,NON_RESOLUE,aucun ATS détecté sur le site
accel lifestyle,https://www.accellifestyle.com/,,,NON_RESOLUE,aucun ATS détecté sur le site
antonello tedde,https://www.antonellotedde.com/,,,NON_RESOLUE,aucun ATS détecté sur le site
anna van toor,https://www.annavantoor.nl/,,,NON_RESOLUE,site en erreur au probe
aar products,https://aarproductsinc.com/,,,NON_RESOLUE,aucun ATS détecté sur le site
apostle,https://apostleman.co/,,,NON_RESOLUE,aucun ATS détecté sur le site
a&a,https://domjubilerski.aia.pl/,,,NON_RESOLUE,aucun ATS détecté sur le site
8 faces,http://www.8facesbeauty.com/,,,NON_RESOLUE,aucun ATS détecté sur le site
arcina ori,https://arcinaori.com.au/,,,NON_RESOLUE,aucun ATS détecté sur le site
anna walker,https://www.annawalkerlondon.com/,,,NON_RESOLUE,aucun ATS détecté sur le site
a.p.c.,https://www.apc-us.com/,,,NON_RESOLUE,aucun ATS détecté sur le site
a.s.o,https://www.aso.com.tw/,,,NON_RESOLUE,aucun ATS détecté sur le site
ab living essentials,https://www.ablivingessentials.com/,,,NON_RESOLUE,aucun ATS détecté sur le site
another-label,https://another-label.com/,,,NON_RESOLUE,aucun ATS détecté sur le site
anta,https://anta.com/,,,NON_RESOLUE,aucun ATS détecté sur le site
aartee maheshwari,https://aarteemaheshwari.com/,,,NON_RESOLUE,aucun ATS détecté sur le site
a.p. chem,https://apchembeauty.com/,,,NON_RESOLUE,aucun ATS détecté sur le site
about you,https://www.aboutyou.de/,,,NON_RESOLUE,aucun ATS détecté sur le site
aaiko,https://aaiko.com/,,,NON_RESOLUE,aucun ATS détecté sur le site
abby rose skin care,http://www.abbyroseskincare.com/,,,NON_RESOLUE,aucun ATS détecté sur le site
a3 sport,https://www.a3sport.cz/,,,NON_RESOLUE,aucun ATS détecté sur le site
aarre,https://aarrelabel.com/,,,NON_RESOLUE,aucun ATS détecté sur le site
access fashion,https://www.accessfashion.gr/,,,NON_RESOLUE,aucun ATS détecté sur le site
arntreal,https://www.arntreal.com/,,,NON_RESOLUE,aucun ATS détecté sur le site
another sunday,https://anothersunday.com/,,,NON_RESOLUE,aucun ATS détecté sur le site
apple bottoms,http://www.drjays.com/content/brand/apple-bottoms.html,,,NON_RESOLUE,aucun ATS détecté sur le site
andie,https://andieswim.com/,,,NON_RESOLUE,aucun ATS détecté sur le site
ao76,http://www.ao76.com/,,,NON_RESOLUE,aucun ATS détecté sur le site
anywhere,https://anywhereapparel.com/,,,NON_RESOLUE,aucun ATS détecté sur le site
adam,https://www.adamshop.sk/,,,NON_RESOLUE,aucun ATS détecté sur le site
andrea maack,https://andreamaack.com/,,,NON_RESOLUE,aucun ATS détecté sur le site
another me,https://www.another-me.de/,,,NON_RESOLUE,aucun ATS détecté sur le site
anthony vincé nail spa,https://www.anthonyvincenailspa.com/,,,NON_RESOLUE,aucun ATS détecté sur le site
anthony's london,https://www.anthonys.cz/,,,NON_RESOLUE,aucun ATS détecté sur le site
anotherwoman,https://www.poools.nl/,,,NON_RESOLUE,aucun ATS détecté sur le site
anfield shop,https://www.anfieldshop.com/,,,NON_RESOLUE,aucun ATS détecté sur le site
abelone wilhelmsen,https://www.abelonewilhelmsen.com/,,,NON_RESOLUE,aucun ATS détecté sur le site
aatise,https://www.aatise.com/,,,NON_RESOLUE,site en erreur au probe
ardell beauty,https://www.ardellshop.com/makeup.html,,,NON_RESOLUE,aucun ATS détecté sur le site
about companions,https://aboutcompanions.com/,,,NON_RESOLUE,aucun ATS détecté sur le site
apeel aesthetics naturals,http://www.apeelaesthetics.com/,,,NON_RESOLUE,aucun ATS détecté sur le site
apparis,https://apparis.com/,,,NON_RESOLUE,aucun ATS détecté sur le site
anthem,https://www.anthem.it/,,,NON_RESOLUE,aucun ATS détecté sur le site
aaron terence hughes,https://aaronterencehughes.co.uk/,,,NON_RESOLUE,aucun ATS détecté sur le site
apparel group llc,https://apparelglobal.com/,,,NON_RESOLUE,site en erreur au probe
absolutely natural inc,https://www.absolutely-natural.com/,,,NON_RESOLUE,aucun ATS détecté sur le site
a line,https://alineclothing.com/,,,NON_RESOLUE,aucun ATS détecté sur le site
apoterra,https://www.apoterra.com/,,,NON_RESOLUE,aucun ATS détecté sur le site
antonia zander,https://antoniazander.com/,,,NON_RESOLUE,aucun ATS détecté sur le site
anglo-italian,https://angloitalian.com/,,,NON_RESOLUE,site en erreur au probe
anointment natural skin care inc.,http://www.anointment.ca/,,,NON_RESOLUE,aucun ATS détecté sur le site
artkatsura,https://artkatsura.com/,,,NON_RESOLUE,aucun ATS détecté sur le site
anspinnen,https://anspinnen.jp/about/,,,NON_RESOLUE,aucun ATS détecté sur le site
ánimus lab,https://animuslb.com/,,,NON_RESOLUE,aucun ATS détecté sur le site
apatchy,https://apatchy.co.uk/,,,NON_RESOLUE,aucun ATS détecté sur le site
artisan-collage,https://artisan-collage.com/,,,NON_RESOLUE,aucun ATS détecté sur le site
aco shoes,https://www.acoshoes.pt/,,,NON_RESOLUE,aucun ATS détecté sur le site
a de vivre,https://www.adevivre.jp/,,,NON_RESOLUE,aucun ATS détecté sur le site
aqua natural,http://www.aquanatural.co.uk/,,,NON_RESOLUE,site en erreur au probe
aadnevik,https://aadnevik.com/,,,NON_RESOLUE,aucun ATS détecté sur le site
aquilae,https://www.aquilaebrand.com/,,,NON_RESOLUE,aucun ATS détecté sur le site
acaderma,http://www.acaderma.com/,,,NON_RESOLUE,aucun ATS détecté sur le site
anna luchini,https://annaluchini.com/,,,NON_RESOLUE,aucun ATS détecté sur le site
abrand jeans,https://abrandjeans.com/eu,,,NON_RESOLUE,aucun ATS détecté sur le site
accessorize,https://uk.accessorize.com/,,,NON_RESOLUE,aucun ATS détecté sur le site
aran sweater market,https://www.aran.com/,,,NON_RESOLUE,aucun ATS détecté sur le site
ara shoes,https://www.ara-shoes.com/,,,NON_RESOLUE,aucun ATS détecté sur le site
aquazzura,https://www.aquazzura.com/,,,NON_RESOLUE,aucun ATS détecté sur le site
abbey essentials,http://www.abbeyessentials.co.uk/,,,NON_RESOLUE,aucun ATS détecté sur le site
antiform,http://www.antiformonline.co.uk/,,,NON_RESOLUE,aucun ATS détecté sur le site
apuree,https://www.apuree.com/,,,NON_RESOLUE,aucun ATS détecté sur le site
aojo,https://www.aojo.com/,,,NON_RESOLUE,aucun ATS détecté sur le site
aoki,https://www.aoki-style.com/,,,NON_RESOLUE,aucun ATS détecté sur le site
arbor,https://www.arborcollective.com/,,,NON_RESOLUE,site en erreur au probe
ad-lib,https://www.adlibfashion.com/,,,NON_RESOLUE,site en erreur au probe
amov,https://www.amovapparel.com/,,,NON_RESOLUE,aucun ATS détecté sur le site
apollo,https://apollosocks.com/,,,NON_RESOLUE,aucun ATS détecté sur le site
ace of air,http://www.aceofair.com/,,,NON_RESOLUE,aucun ATS détecté sur le site
asna beauty,https://asnabeauty.com/,,,NON_RESOLUE,aucun ATS détecté sur le site
anna montana,https://www.anna-montana.eu/,,,NON_RESOLUE,aucun ATS détecté sur le site
annie hamilton,https://annie-hamilton.com/,,,NON_RESOLUE,aucun ATS détecté sur le site
arielle shoshana,https://www.arielleshoshana.com/,,,NON_RESOLUE,aucun ATS détecté sur le site
arius cosmetics,https://ariuscosmetics.shop/,,,NON_RESOLUE,aucun ATS détecté sur le site
antipast,https://www.antipast.jp/,,,NON_RESOLUE,aucun ATS détecté sur le site
arma,https://armastore.com/,,,NON_RESOLUE,site en erreur au probe
77circa,https://77circa.com/,,,NON_RESOLUE,site en erreur au probe
antonio bernardo,https://www.antoniobernardo.com.br/,,,NON_RESOLUE,aucun ATS détecté sur le site
apposta,https://www.apposta.com/,,,NON_RESOLUE,aucun ATS détecté sur le site
apparel advisors,https://www.appareladvisors.com/,,,NON_RESOLUE,aucun ATS détecté sur le site
any di,https://www.any-di.com/,,,NON_RESOLUE,aucun ATS détecté sur le site
aciae,http://www.aciae.com.au/,,,NON_RESOLUE,aucun ATS détecté sur le site
andersen-andersen,https://andersen-andersen.com/,,,NON_RESOLUE,aucun ATS détecté sur le site
anunfold,https://anunfold.com/,,,NON_RESOLUE,aucun ATS détecté sur le site
acronym,https://acrnm.com/,,,NON_RESOLUE,site en erreur au probe
a. roege hove,https://www.aroegehove.dk/,,,NON_RESOLUE,aucun ATS détecté sur le site
arch&line,https://arch-and-line.jp/,,,NON_RESOLUE,aucun ATS détecté sur le site
armand basi,https://armandbasi.com/,,,NON_RESOLUE,aucun ATS détecté sur le site
adam et ropé,https://www.adametrope.com/,,,NON_RESOLUE,aucun ATS détecté sur le site
ace & tate,https://www.aceandtate.nl/,,,NON_RESOLUE,aucun ATS détecté sur le site
acqua di genova,https://www.intercosmawest.it/it/prodotti/acqua-di-genova.html,,,NON_RESOLUE,aucun ATS détecté sur le site
applied art forms,https://www.appliedartforms.com/,,,NON_RESOLUE,aucun ATS détecté sur le site
appalachian growers,http://www.appalachiangrowers.com/,,,NON_RESOLUE,aucun ATS détecté sur le site
anitas,https://www.myanitas.com/,,,NON_RESOLUE,aucun ATS détecté sur le site
anthea crawford,https://www.antheacrawford.com.au/,,,NON_RESOLUE,aucun ATS détecté sur le site
anrealage,https://www.anrealage.com/,,,NON_RESOLUE,aucun ATS détecté sur le site
aqa,https://www.aqashoes.nl/,,,NON_RESOLUE,aucun ATS détecté sur le site
a-cords,https://www.a-cords.nl/,,,NON_RESOLUE,aucun ATS détecté sur le site
atelier minimalist,https://atelierminimalist.be/,,,NON_RESOLUE,aucun ATS détecté sur le site
a-cold-wall*,https://a-cold-wall.com/,,,NON_RESOLUE,aucun ATS détecté sur le site
aquae jewels,https://www.aquae-jewels.com/,,,NON_RESOLUE,site en erreur au probe
armaf,https://www.armaf.ae/,,,NON_RESOLUE,aucun ATS détecté sur le site
archive,https://www.archivestore.co.za/,,,NON_RESOLUE,aucun ATS détecté sur le site
armbnd,https://armbnd.com/,,,NON_RESOLUE,aucun ATS détecté sur le site
aaizél,https://www.aaizel.com/,,,NON_RESOLUE,aucun ATS détecté sur le site
as we are,https://www.asweare.fashion/,,,NON_RESOLUE,aucun ATS détecté sur le site
as colour,https://www.ascolour.co.nz/,,,NON_RESOLUE,site en erreur au probe
arrels barcelona,https://www.arrelsbarcelona.com/,,,NON_RESOLUE,aucun ATS détecté sur le site
aparso,https://aparso.com/,,,NON_RESOLUE,site en erreur au probe
apto skincare,https://www.aptoskincare.com/,,,NON_RESOLUE,aucun ATS détecté sur le site
artemis design co.,https://artemisdesignco.com/,,,NON_RESOLUE,aucun ATS détecté sur le site
adj paris,https://www.adjparis.com/,,,NON_RESOLUE,aucun ATS détecté sur le site
aribella,http://purearibella.com/,,,NON_RESOLUE,aucun ATS détecté sur le site
arber,http://arber.ua/,,,NON_RESOLUE,aucun ATS détecté sur le site
aspi,http://aspiskin.com/,,,NON_RESOLUE,aucun ATS détecté sur le site
antoine et lili,https://fr.antoineetlili.com/,,,NON_RESOLUE,aucun ATS détecté sur le site
asciari,https://www.asciari.com/,,,NON_RESOLUE,aucun ATS détecté sur le site
arms of andes,https://armsofandes.com/,,,NON_RESOLUE,aucun ATS détecté sur le site
apple oak fibre works,https://appleoakfibreworks.com/,,,NON_RESOLUE,aucun ATS détecté sur le site
antonio riva milano,https://antonioriva.com/,,,NON_RESOLUE,aucun ATS détecté sur le site
areté,http://aretebeauty.com/,,,NON_RESOLUE,aucun ATS détecté sur le site
aranyani,https://www.aranyani.com/,,,NON_RESOLUE,aucun ATS détecté sur le site
6ixty 8ight,https://hk.6ixty8ight.com/,,,NON_RESOLUE,site en erreur au probe
ace & jig,https://aceandjig.com/?oid=340&affid=1&source_id=GoY-rating&sub1=brandpage,,,NON_RESOLUE,aucun ATS détecté sur le site
adele dejak,https://www.adeledejak.com/,,,NON_RESOLUE,aucun ATS détecté sur le site
atelier lavoisier,https://www.atelierlavoisier.com/,,,NON_RESOLUE,aucun ATS détecté sur le site
angelrox,https://angelrox.com/,,,NON_RESOLUE,aucun ATS détecté sur le site
apothepurity,http://www.apothepurity.com/,,,NON_RESOLUE,aucun ATS détecté sur le site
acarre,http://www.acarre.co/,,,NON_RESOLUE,aucun ATS détecté sur le site
8 seconds,http://www.8seconds.co.kr/,,,NON_RESOLUE,site en erreur au probe
acler,https://shopacler.com/,,,NON_RESOLUE,aucun ATS détecté sur le site
adelante,https://adelanteshoes.com/,,,NON_RESOLUE,aucun ATS détecté sur le site
aoure,https://aoure.jp/,,,NON_RESOLUE,site en erreur au probe
armando cabral,https://shop.armando-cabral.com/,,,NON_RESOLUE,aucun ATS détecté sur le site
asterwood,https://www.asterwood.co/,,,NON_RESOLUE,aucun ATS détecté sur le site
arenart forever,https://arenart.pl/,,,NON_RESOLUE,aucun ATS détecté sur le site
ash,https://www.ash.com/,,,NON_RESOLUE,aucun ATS détecté sur le site
arilan skincare,http://www.arilanskincare.com/,,,NON_RESOLUE,aucun ATS détecté sur le site
antony morato,https://www.morato.it/,,,NON_RESOLUE,aucun ATS détecté sur le site
adlin hue,https://adlinhue.com/,,,NON_RESOLUE,aucun ATS détecté sur le site
activist skincare,http://activistskincare.com/,,,NON_RESOLUE,aucun ATS détecté sur le site
abun/dant,https://abundantbrand.wixsite.com/abundant,,,NON_RESOLUE,aucun ATS détecté sur le site
arizona addict,https://arizonaaddict.com/,,,NON_RESOLUE,aucun ATS détecté sur le site
ann summers,https://www.annsummers.com/,,,NON_RESOLUE,site en erreur au probe
asrv,https://asrv.com/,,,NON_RESOLUE,aucun ATS détecté sur le site
astonish cleaning products,http://www.astonishcleaners.co.uk/,,,NON_RESOLUE,aucun ATS détecté sur le site
ästhetik skincare,https://asthetikskincare.com/,,,NON_RESOLUE,aucun ATS détecté sur le site
adesse new york®,https://adesseny.com/,,,NON_RESOLUE,aucun ATS détecté sur le site
anniblackleopard,http://www.ableopard.com/,,,NON_RESOLUE,aucun ATS détecté sur le site
adanti nederland,https://adanti.nl/,,,NON_RESOLUE,aucun ATS détecté sur le site
asiri's treasures,https://asiristreasures.com/,,,NON_RESOLUE,aucun ATS détecté sur le site
arctic fox hair color,http://www.arcticfoxhaircolor.com/,,,NON_RESOLUE,aucun ATS détecté sur le site
about.alexa,https://aboutalexa.de/,,,NON_RESOLUE,aucun ATS détecté sur le site
aromatic flavours and fragrances,https://af-f.com/,,,NON_RESOLUE,aucun ATS détecté sur le site
annebra,https://shop.annebra.com/,,,NON_RESOLUE,aucun ATS détecté sur le site
as of today,http://asoftoday.com/,,,NON_RESOLUE,aucun ATS détecté sur le site
arcona,http://www.arcona.com/,,,NON_RESOLUE,site en erreur au probe
as98,https://www.as-98.com/,,,NON_RESOLUE,site en erreur au probe
aeston west,http://aestonwest.com/,,,NON_RESOLUE,aucun ATS détecté sur le site
adler modemärkte,https://adler.de/,,,NON_RESOLUE,aucun ATS détecté sur le site
arch4,https://www.arch4.co.uk/,,,NON_RESOLUE,aucun ATS détecté sur le site
apo.ge,http://www.apoge.life/,,,NON_RESOLUE,aucun ATS détecté sur le site
armor lux,https://www.armorlux.com/,,,NON_RESOLUE,site en erreur au probe
apollo-optik,https://www.apollo.de/,,,NON_RESOLUE,aucun ATS détecté sur le site
aces infinity,https://acesinfinity.com/,,,NON_RESOLUE,aucun ATS détecté sur le site
apuweiser-riche,http://apuweiser-riche.jp/,,,NON_RESOLUE,aucun ATS détecté sur le site
aroop india,https://www.aroopshop.com/,,,NON_RESOLUE,aucun ATS détecté sur le site
aerchitect,https://aerchitect.com/,,,NON_RESOLUE,aucun ATS détecté sur le site
ashmei,https://ashmei.com/,,,NON_RESOLUE,aucun ATS détecté sur le site
arthur ford,https://arthur-ford.com/,,,NON_RESOLUE,aucun ATS détecté sur le site
aeta,https://store.aeta.website/,,,NON_RESOLUE,aucun ATS détecté sur le site
asunsti,https://asunsti.myshopify.com/,,,NON_RESOLUE,aucun ATS détecté sur le site
audio architect apparel,https://www.audioarchitect.co/,,,NON_RESOLUE,aucun ATS détecté sur le site
another brand,https://www.anotherbrand.de/,,,NON_RESOLUE,aucun ATS détecté sur le site
atsugi,https://www.atsugi-styleup.jp/shop/default.aspx,,,NON_RESOLUE,site en erreur au probe
atelier content,https://ateliercontent.com/,,,NON_RESOLUE,site en erreur au probe
angels ambition,https://www.angels-ambition.de/,,,NON_RESOLUE,aucun ATS détecté sur le site
apt.,http://www.aptcollective.com/,,,NON_RESOLUE,aucun ATS détecté sur le site
arche,https://www.arche.com/,,,NON_RESOLUE,aucun ATS détecté sur le site
aeronautica militare,https://www.aeronauticamilitareofficialstore.it/,,,NON_RESOLUE,aucun ATS détecté sur le site
adina reyter,https://adinareyter.com/,,,NON_RESOLUE,aucun ATS détecté sur le site
as by df,https://www.asbydf.com/,,,NON_RESOLUE,aucun ATS détecté sur le site
armand nicolet,http://www.armandnicolet.com/,,,NON_RESOLUE,aucun ATS détecté sur le site
ace sunglasses,https://www.acesunglasses.com.au/,,,NON_RESOLUE,site en erreur au probe
automic gold,https://www.automicgold.com/,,,NON_RESOLUE,aucun ATS détecté sur le site
anonimo,http://www.anonimo.com/,,,NON_RESOLUE,aucun ATS détecté sur le site
artigiani del cuoio,https://www.artigianodelcuo.io/,,,NON_RESOLUE,aucun ATS détecté sur le site
aroe,https://www.aroe.com.au/,,,NON_RESOLUE,aucun ATS détecté sur le site
atelier emé,https://www.atelier-eme.it/en/,,,NON_RESOLUE,aucun ATS détecté sur le site
araks,https://www.araks.com/,,,NON_RESOLUE,site en erreur au probe
admise,https://admiseparis.com/,,,NON_RESOLUE,aucun ATS détecté sur le site
aquaguard,http://www.aquaguardswim.com/,,,NON_RESOLUE,aucun ATS détecté sur le site
antevorta laboratories,http://www.antevortalabs.com/,,,NON_RESOLUE,aucun ATS détecté sur le site
arjé,https://arje.com/,,,NON_RESOLUE,aucun ATS détecté sur le site
aurélien,https://aurelien-online.com/,,,NON_RESOLUE,site en erreur au probe
ann taylor,https://www.anntaylor.com/,,,NON_RESOLUE,site en erreur au probe
australian,https://www.australian.nl/,,,NON_RESOLUE,aucun ATS détecté sur le site
athar'a pure,http://www.atharapure.com/,,,NON_RESOLUE,aucun ATS détecté sur le site
augeo,https://augeopuella.com/,,,NON_RESOLUE,aucun ATS détecté sur le site
aarven,https://www.artisans-and-adventurers.com/,,,NON_RESOLUE,site en erreur au probe
aurelie bidermann,https://aureliebidermann.com/,,,NON_RESOLUE,aucun ATS détecté sur le site
aéropostale,https://www.aeropostale.com/,,,NON_RESOLUE,site en erreur au probe
anyeluz,https://www.anyeluz.com/,,,NON_RESOLUE,aucun ATS détecté sur le site
armadillo outfitter,https://armadillooutfitter.com/,,,NON_RESOLUE,aucun ATS détecté sur le site
avril,https://www.avril-beaute.fr/,,,NON_RESOLUE,site en erreur au probe
a.kjærbede,https://www.akjaerbede.dk/,,,NON_RESOLUE,site en erreur au probe
atenea profesional,https://ateneaprofesional.com/,,,NON_RESOLUE,aucun ATS détecté sur le site
adriatica,https://adriaticawatches.ch/,,,NON_RESOLUE,site en erreur au probe
atlantic blankets,https://www.atlanticblankets.com/,,,NON_RESOLUE,aucun ATS détecté sur le site
acure,http://www.acure.com/,,,NON_RESOLUE,aucun ATS détecté sur le site
athison,https://athison.com/en-us,,,NON_RESOLUE,aucun ATS détecté sur le site
aznar innova s.a.,https://www.aznarinnova.com/en/,,,NON_RESOLUE,aucun ATS détecté sur le site
audelia's collection,http://audeliascollection.com/,,,NON_RESOLUE,aucun ATS détecté sur le site
aubercy,https://www.aubercy.com/,,,NON_RESOLUE,aucun ATS détecté sur le site
arsène et les pipelettes,https://www.arseneetlespipelettes.com/,,,NON_RESOLUE,aucun ATS détecté sur le site
abun,http://abun-global.com/,,,NON_RESOLUE,aucun ATS détecté sur le site
afflecks,https://www.afflecks.com/,,,NON_RESOLUE,aucun ATS détecté sur le site
artsac,https://www.artsac.co.uk/,,,NON_RESOLUE,site en erreur au probe
affix works,https://affix-works.com/,,,NON_RESOLUE,aucun ATS détecté sur le site
aroma prodigy,http://www.aromaprodigy.com/,,,NON_RESOLUE,aucun ATS détecté sur le site
avesu,https://www.avesu.fr/,,,NON_RESOLUE,aucun ATS détecté sur le site
au vieux campeur,https://www.auvieuxcampeur.fr/,,,NON_RESOLUE,site en erreur au probe
adl,https://www.adl.com.tr/,,,NON_RESOLUE,aucun ATS détecté sur le site
a.l.c.,https://alcltd.com/,,,NON_RESOLUE,aucun ATS détecté sur le site
aiste anaite,https://www.aisteanaite.com/en/,,,NON_RESOLUE,aucun ATS détecté sur le site
arezzo (shoes),https://www.arezzo.com.br/,,,NON_RESOLUE,aucun ATS détecté sur le site
asdet,https://www.asdet.com/,,,NON_RESOLUE,site en erreur au probe
aeron,https://aeron.com/,,,NON_RESOLUE,site en erreur au probe
arboré.,https://www.arbore-studios.de/,,,NON_RESOLUE,aucun ATS détecté sur le site
ascention parfums,http://ascentionbeautyco.com/,,,NON_RESOLUE,aucun ATS détecté sur le site
autore,https://autorepearls.com.au/,,,NON_RESOLUE,aucun ATS détecté sur le site
aristide,https://aristide-collection.com/,,,NON_RESOLUE,aucun ATS détecté sur le site
abahouse,https://abahouse.jp/mens/abahouse/,,,NON_RESOLUE,aucun ATS détecté sur le site
agmes,https://agmesnyc.com/,,,NON_RESOLUE,aucun ATS détecté sur le site
australian footwear,https://www.australian-footwear.com/,,,NON_RESOLUE,aucun ATS détecté sur le site
ashanti naturals,https://ashantinaturals.com/,,,NON_RESOLUE,aucun ATS détecté sur le site
artichoke,https://artichokebags.com/,,,NON_RESOLUE,aucun ATS détecté sur le site
anonymous copenhagen,https://www.anoncph.com/,,,NON_RESOLUE,aucun ATS détecté sur le site
aspact,https://www.aspactstores.com/,,,NON_RESOLUE,aucun ATS détecté sur le site
ardene,https://www.ardene.com/,,,NON_RESOLUE,aucun ATS détecté sur le site
aelia anna,https://aeliaanna.com/,,,NON_RESOLUE,aucun ATS détecté sur le site
acuitis,https://fr.acuitis.com/,,,NON_RESOLUE,aucun ATS détecté sur le site
admiral sports,https://admiralsports.com/,,,NON_RESOLUE,aucun ATS détecté sur le site
agiato,https://www.agiato.club/,,,NON_RESOLUE,aucun ATS détecté sur le site
astley clarke,https://www.astleyclarke.com/,,,NON_RESOLUE,aucun ATS détecté sur le site
avnier,https://avnier.com/,,,NON_RESOLUE,aucun ATS détecté sur le site
auteur,https://auteurstudio.com/,,,NON_RESOLUE,aucun ATS détecté sur le site
atelier reservé,https://shop.reserveboys.com/,,,NON_RESOLUE,aucun ATS détecté sur le site
atasun optik,https://www.atasunoptik.com.tr/,,,NON_RESOLUE,aucun ATS détecté sur le site
abysse,https://abysseofficial.com/,,,NON_RESOLUE,aucun ATS détecté sur le site
agolde,https://agolde.com/,,,NON_RESOLUE,aucun ATS détecté sur le site
as we are now,https://aswearenow.co/?oid=389&affid=1&source_id=GoY-rating&sub1=brandpage,,,NON_RESOLUE,aucun ATS détecté sur le site
avec ēlan,https://avec-elan.com/,,,NON_RESOLUE,aucun ATS détecté sur le site
asquith london,https://www.asquithlondon.com/,,,NON_RESOLUE,aucun ATS détecté sur le site
afs schuhe,http://www.afs-schuhe.de/,,,NON_RESOLUE,aucun ATS détecté sur le site
avarcas menorquinas,https://www.avarcas.com/,,,NON_RESOLUE,aucun ATS détecté sur le site
aromatic creation,https://www.aromaticcreation.com/,,,NON_RESOLUE,aucun ATS détecté sur le site
alaïa,https://www.maison-alaia.com/,,,NON_RESOLUE,aucun ATS détecté sur le site
auterra,https://auterra.co.za/,,,NON_RESOLUE,aucun ATS détecté sur le site
astore,https://www.astore.es/,,,NON_RESOLUE,aucun ATS détecté sur le site
aykez,https://aykez.com/,,,NON_RESOLUE,aucun ATS détecté sur le site
aw lab,https://en.aw-lab.com/,,,NON_RESOLUE,site en erreur au probe
acbc,https://acbc.com/,,,NON_RESOLUE,aucun ATS détecté sur le site
aroma bella,http://aromabella.com/,,,NON_RESOLUE,aucun ATS détecté sur le site
ayodi,https://www.ayodiskin.com/,,,NON_RESOLUE,aucun ATS détecté sur le site
atelje dr jewelry,https://www.atelje-dr.si/,,,NON_RESOLUE,aucun ATS détecté sur le site
aramore skincare,http://aramoreskincare.com/,,,NON_RESOLUE,aucun ATS détecté sur le site
awave awake,https://www.awaveawake.com/,,,NON_RESOLUE,aucun ATS détecté sur le site
ayani,https://ayani.co/?oid=375&affid=1&source_id=GoY-rating&sub1=brandpage,,,NON_RESOLUE,aucun ATS détecté sur le site
aera,https://aeranewyork.com/,,,NON_RESOLUE,aucun ATS détecté sur le site
athletic hands,https://frictionlabs.com/,,,NON_RESOLUE,aucun ATS détecté sur le site
atmosea,https://atmosea.com.au/,,,NON_RESOLUE,aucun ATS détecté sur le site
aster & oak,https://www.asterandoak.com.au/?oid=352&affid=1&source_id=GoY-rating&sub1=brandpage,,,NON_RESOLUE,aucun ATS détecté sur le site
aethera,https://www.aethera.com.au/,,,NON_RESOLUE,aucun ATS détecté sur le site
auli skin,https://www.auliskin.com/,,,NON_RESOLUE,aucun ATS détecté sur le site
age of innocence,https://www.age-of-innocence.com/,,,NON_RESOLUE,aucun ATS détecté sur le site
ak custom jewelers,https://akjewelers.com/,,,NON_RESOLUE,aucun ATS détecté sur le site
arizona love,https://www.arizonalove.store/,,,NON_RESOLUE,aucun ATS détecté sur le site
agua bendita,https://www.aguabendita.com.co/,,,NON_RESOLUE,aucun ATS détecté sur le site
akademiks,https://www.akademiks.com/,,,NON_RESOLUE,aucun ATS détecté sur le site
atm,https://atmcollection.com/,,,NON_RESOLUE,site en erreur au probe
babymel,http://www.babymel.com/,,,NON_RESOLUE,aucun ATS détecté sur le site
activewear bali,https://activewearbali.com/,,,NON_RESOLUE,aucun ATS détecté sur le site
adriana iglesias,https://adrianaiglesias.com/,,,NON_RESOLUE,aucun ATS détecté sur le site
atwater,https://www.atwaterskin.com/,,,NON_RESOLUE,aucun ATS détecté sur le site
armi,https://armi.tokyo/,,,NON_RESOLUE,aucun ATS détecté sur le site
b&g store,https://www.bgstore.com.tr/,,,NON_RESOLUE,aucun ATS détecté sur le site
atomy,https://atomy-studios.com/,,,NON_RESOLUE,aucun ATS détecté sur le site
avolta,http://www.dufry.com/,,,NON_RESOLUE,aucun ATS détecté sur le site
abyl,https://aybl.com/,,,NON_RESOLUE,aucun ATS détecté sur le site
baby bum,https://www.sunbum.com/pages/baby-bum,,,NON_RESOLUE,aucun ATS détecté sur le site
azizi,https://www.soraya-azizi.com/,,,NON_RESOLUE,aucun ATS détecté sur le site
aussie disposals,https://www.aussiedisposals.com.au/,,,NON_RESOLUE,aucun ATS détecté sur le site
atzen superior to organic® skin care,https://atzen.com/,,,NON_RESOLUE,aucun ATS détecté sur le site
atlanta mocassin,https://atlantamocassin.com/,,,NON_RESOLUE,aucun ATS détecté sur le site
badgley mischka,https://www.badgleymischka.com/,,,NON_RESOLUE,aucun ATS détecté sur le site
backstage make-up,https://backstage-makeup.de/,,,NON_RESOLUE,aucun ATS détecté sur le site
aspesi,https://www.aspesi.com/,,,NON_RESOLUE,aucun ATS détecté sur le site
apple of eden,https://www.appleofedenshoes.com/,,,NON_RESOLUE,aucun ATS détecté sur le site
ashuhari,https://www.ashuhari.shop/,,,NON_RESOLUE,aucun ATS détecté sur le site
aurelia,https://shopforaurelia.com/,,,NON_RESOLUE,site en erreur au probe
aubrie,https://aubrie.com.au/,,,NON_RESOLUE,aucun ATS détecté sur le site
b.young,https://www.byoung.com/en-en,,,NON_RESOLUE,aucun ATS détecté sur le site
avesso,https://www.avesso.com/,,,NON_RESOLUE,aucun ATS détecté sur le site
adore,http://www.adore2005.com/,,,NON_RESOLUE,aucun ATS détecté sur le site
adish,http://www.adishstudios.com/en/home/a/main/,,,NON_RESOLUE,aucun ATS détecté sur le site
aullo gold,https://www.aullo.cz/,,,NON_RESOLUE,aucun ATS détecté sur le site
aux corps anonymes,https://www.auxcorpsanonymes.com/,,,NON_RESOLUE,aucun ATS détecté sur le site
adam lippes,https://adamlippes.com/,,,NON_RESOLUE,aucun ATS détecté sur le site
avail,http://www.shimamura.gr.jp/avail/,,,NON_RESOLUE,site en erreur au probe
aware hair,https://awarehair.com/,,,NON_RESOLUE,aucun ATS détecté sur le site
aemmi,https://www.ae-mmi.com/,,,NON_RESOLUE,site en erreur au probe
akaroa,https://www.akaroa.eu/,,,NON_RESOLUE,aucun ATS détecté sur le site
avorio skincare,https://avorioskincare.com/,,,NON_RESOLUE,aucun ATS détecté sur le site
aramis,https://www.aramis.com.br/,,,NON_RESOLUE,aucun ATS détecté sur le site
babybear,https://babybear.lk/,,,NON_RESOLUE,aucun ATS détecté sur le site
agatha ruiz de la prada,https://www.agatharuizdelaprada.com/,,,NON_RESOLUE,aucun ATS détecté sur le site
arys,https://arys-berlin.com/,,,NON_RESOLUE,aucun ATS détecté sur le site
balabala,https://balabala.com/,,,NON_RESOLUE,aucun ATS détecté sur le site
artknit studios,https://artknit-studios.com/?oid=254&affid=1&source_id=GoY-rating&sub1=brandpage,,,NON_RESOLUE,site en erreur au probe
balance headwear,https://www.balanceheadwear.com/,,,NON_RESOLUE,aucun ATS détecté sur le site
baltic linen,https://balticlinenstore.com/,,,NON_RESOLUE,aucun ATS détecté sur le site
agnona,https://agnona.com/,,,NON_RESOLUE,aucun ATS détecté sur le site
aiir professional,https://aiirprofessional.com/,,,NON_RESOLUE,aucun ATS détecté sur le site
adriano stefanelli,http://www.adriano-stefanelli.it/,,,NON_RESOLUE,aucun ATS détecté sur le site
adolfo dominguez,https://www.adolfodominguez.com/,,,NON_RESOLUE,aucun ATS détecté sur le site
aristocrazy,https://www.aristocrazy.com/,,,NON_RESOLUE,aucun ATS détecté sur le site
agnès b. japan,https://www.agnesb.co.jp/top/CSfTop.jsp,,,NON_RESOLUE,aucun ATS détecté sur le site
axess wallets,https://www.axesswallets.com/,,,NON_RESOLUE,aucun ATS détecté sur le site
bagatelle,https://www.bagatelle.ca/,,,NON_RESOLUE,aucun ATS détecté sur le site
airtox,https://airtox.dk/,,,NON_RESOLUE,aucun ATS détecté sur le site
asportuguesas,https://asportuguesas.shoes/,,,NON_RESOLUE,aucun ATS détecté sur le site
azure,http://www.azureskincare.com/,,,NON_RESOLUE,aucun ATS détecté sur le site
balenciaga,https://www.balenciaga.com/,,,NON_RESOLUE,site en erreur au probe
auter,https://auter.co/,,,NON_RESOLUE,aucun ATS détecté sur le site
agave healing oil,http://www.agaveoil.com/,,,NON_RESOLUE,aucun ATS détecté sur le site
apranga  ab,http://www.apranga.lt/,,,NON_RESOLUE,aucun ATS détecté sur le site
aventura,https://aventuraclothing.com/,,,NON_RESOLUE,aucun ATS détecté sur le site
aem.berlin,https://www.aesthetikmovement.com/,,,NON_RESOLUE,aucun ATS détecté sur le site
athari wear,https://athariwear.com/,,,NON_RESOLUE,aucun ATS détecté sur le site
baiia,https://www.baiia.com.au/,,,NON_RESOLUE,aucun ATS détecté sur le site
ahlvar gallery,https://ahlvar.com/,,,NON_RESOLUE,aucun ATS détecté sur le site
atp atelier,https://atpatelier.com/,,,NON_RESOLUE,site en erreur au probe
aokang,https://www.aokang.com/,,,NON_RESOLUE,aucun ATS détecté sur le site
balr.,https://www.balr.com/,,,NON_RESOLUE,aucun ATS détecté sur le site
banks journal,https://banksjournal.com/,,,NON_RESOLUE,aucun ATS détecté sur le site
athletico,https://www.athletico.co.za/,,,NON_RESOLUE,aucun ATS détecté sur le site
avarelle,https://www.avarelle.com/,,,NON_RESOLUE,aucun ATS détecté sur le site
babyface,https://www.babyface.eu/,,,NON_RESOLUE,aucun ATS détecté sur le site
arzukara,https://www.arzukara.com/,,,NON_RESOLUE,aucun ATS détecté sur le site
arkk,https://www.arkkcopenhagen.com/,,,NON_RESOLUE,aucun ATS détecté sur le site
ayurveda sutra co,https://www.ayurvedasutra.co/,,,NON_RESOLUE,aucun ATS détecté sur le site
aisle5,http://www.aisle5skin.com/,,,NON_RESOLUE,aucun ATS détecté sur le site
arctic bay,https://arctic-bay.ca/,,,NON_RESOLUE,aucun ATS détecté sur le site
badger,http://www.badgerbalm.com/,,,NON_RESOLUE,aucun ATS détecté sur le site
against all odds,https://www.againstallodds.shop/,,,NON_RESOLUE,aucun ATS détecté sur le site
baje studio,https://bajestudio.com/,,,NON_RESOLUE,aucun ATS détecté sur le site
airforce,https://www.air-force.nl/,,,NON_RESOLUE,site en erreur au probe
auralee,https://auralee.jp/,,,NON_RESOLUE,site en erreur au probe
babo botanicals,http://www.babobotanicals.com/,,,NON_RESOLUE,aucun ATS détecté sur le site
aro,https://aroshoes.com/,,,NON_RESOLUE,aucun ATS détecté sur le site
aveda,https://www.aveda.ca/,,,NON_RESOLUE,site en erreur au probe
ayurblooms,https://www.ayurblooms.com/,,,NON_RESOLUE,aucun ATS détecté sur le site
banjanan,https://banjanan.com/,,,NON_RESOLUE,aucun ATS détecté sur le site
barnyardstorm,https://www.adastria.co.jp/brands/barnyardstorm/,,,NON_RESOLUE,aucun ATS détecté sur le site
albero natur,https://alberonatur.de/en,,,NON_RESOLUE,aucun ATS détecté sur le site
arquiste,https://arquiste.com/,,,NON_RESOLUE,aucun ATS détecté sur le site
babystyling,https://www.babystyling.com/,,,NON_RESOLUE,site en erreur au probe
aspiga,https://www.aspiga.com/,,,NON_RESOLUE,site en erreur au probe
bandsome,https://www.bandsome.com/,,,NON_RESOLUE,aucun ATS détecté sur le site
bamba,https://www.bambaswim.com/,,,NON_RESOLUE,aucun ATS détecté sur le site
aktivoptik,https://www.aktivoptik.de/,,,NON_RESOLUE,aucun ATS détecté sur le site
aetrex,https://www.aetrex.com/,,,NON_RESOLUE,aucun ATS détecté sur le site
agonswim,http://www.agonswim.com/,,,NON_RESOLUE,aucun ATS détecté sur le site
banana blue,https://www.bananablue.net.au/,,,NON_RESOLUE,aucun ATS détecté sur le site
artlove,https://www.artlove.fr/,,,NON_RESOLUE,aucun ATS détecté sur le site
akro,https://akrofragrances.com/,,,NON_RESOLUE,aucun ATS détecté sur le site
alan red,http://www.alanred.com/,,,NON_RESOLUE,aucun ATS détecté sur le site
airpaq,https://www.airpaq.de/,,,NON_RESOLUE,site en erreur au probe
barb.ua,https://barb.ua/,,,NON_RESOLUE,site en erreur au probe
barney cools,https://barneycools.com/,,,NON_RESOLUE,aucun ATS détecté sur le site
barker,https://eu.barkershoes.com/,,,NON_RESOLUE,aucun ATS détecté sur le site
atelier noterman,https://www.ateliernoterman.com/,,,NON_RESOLUE,aucun ATS détecté sur le site
august society,https://augustsociety.com/,,,NON_RESOLUE,aucun ATS détecté sur le site
akla,https://www.aklaofficial.com/,,,NON_RESOLUE,aucun ATS détecté sur le site
babs the label,https://babsthelabel.com/,,,NON_RESOLUE,aucun ATS détecté sur le site
base bodywear,https://www.basebodywear.com/,,,NON_RESOLUE,aucun ATS détecté sur le site
athleta inc,https://athleta.gap.com/,,,NON_RESOLUE,aucun ATS détecté sur le site
ay,https://shop.ay.style/en,,,NON_RESOLUE,aucun ATS détecté sur le site
awakening spirit,https://www.awakeningspirit.com/,,,NON_RESOLUE,aucun ATS détecté sur le site
ahura new york,https://ahuranewyork.com/,,,NON_RESOLUE,aucun ATS détecté sur le site
azayan,https://azayan.com/,,,NON_RESOLUE,aucun ATS détecté sur le site
asklepios garden,http://asklepiosgarden.com/,,,NON_RESOLUE,aucun ATS détecté sur le site
b.yellowtail,https://byellowtail.com/,,,NON_RESOLUE,aucun ATS détecté sur le site
bathsheba,https://bathshebarituals.com/,,,NON_RESOLUE,aucun ATS détecté sur le site
asceno,https://www.asceno.com/,,,NON_RESOLUE,aucun ATS détecté sur le site
army and air force exchange service,https://www.shopmyexchange.com/,,,NON_RESOLUE,aucun ATS détecté sur le site
bal,https://baloriginal.com/,,,NON_RESOLUE,aucun ATS détecté sur le site
acqua di parma,http://www.acquadiparma.com/,,,NON_RESOLUE,site en erreur au probe
adia,https://www.adiafashion.dk/,,,NON_RESOLUE,aucun ATS détecté sur le site
alaffia,http://www.alaffia.com/,,,NON_RESOLUE,aucun ATS détecté sur le site
adopt,https://www.adopt.com/en,,,NON_RESOLUE,aucun ATS détecté sur le site
afends,https://afends.com/?oid=46&affid=1&source_id=GoY-rating&sub1=brandpage,,,NON_RESOLUE,site en erreur au probe
bape,https://int.bape.com/,,,NON_RESOLUE,aucun ATS détecté sur le site
adorna,https://adorna.fr/,,,NON_RESOLUE,aucun ATS détecté sur le site
akça holding company,http://www.akcaholding.com/,,,NON_RESOLUE,aucun ATS détecté sur le site
barefoot blonde collection,https://barefootblondecollection.com/,,,NON_RESOLUE,aucun ATS détecté sur le site
ashara jewels,https://asharajewels.com/,,,NON_RESOLUE,aucun ATS détecté sur le site
aduh,https://aduh.shop/,,,NON_RESOLUE,aucun ATS détecté sur le site
babyone,https://www.babyone.de/,,,NON_RESOLUE,aucun ATS détecté sur le site
away,https://www.awaytravel.com/en-uk,,,NON_RESOLUE,aucun ATS détecté sur le site
alcott,https://www.alcott.eu/,,,NON_RESOLUE,aucun ATS détecté sur le site
b sides,https://bsidesjeans.com/,,,NON_RESOLUE,aucun ATS détecté sur le site
baleno,https://www.baleno.com/,,,NON_RESOLUE,site en erreur au probe
aztech mountain,https://aztechmountain.com/,,,NON_RESOLUE,aucun ATS détecté sur le site
baggage factory,https://www.baggagefactory.co.uk/,,,NON_RESOLUE,site en erreur au probe
aya label,https://ayalabel.com/,,,NON_RESOLUE,aucun ATS détecté sur le site
avant-atlas,http://www.avantatlas.com/,,,NON_RESOLUE,aucun ATS détecté sur le site
artida oud,https://www.artidaoud.com/,,,NON_RESOLUE,aucun ATS détecté sur le site
batsheva,https://www.batsheva.com/,,,NON_RESOLUE,aucun ATS détecté sur le site
atelier rebul,https://www.atelierrebul.com.tr/,,,NON_RESOLUE,aucun ATS détecté sur le site
be-with,https://bewithclothing.com/,,,NON_RESOLUE,aucun ATS détecté sur le site
aspen glow,http://aspenglowco.com/,,,NON_RESOLUE,aucun ATS détecté sur le site
bassike,https://intl.bassike.com/,,,NON_RESOLUE,site en erreur au probe
afroblonde,https://afroblonde.com.au/,,,NON_RESOLUE,aucun ATS détecté sur le site
babycare,https://www.babycarestores.in/,,,NON_RESOLUE,aucun ATS détecté sur le site
asuyama,https://asuyama.com/,,,NON_RESOLUE,aucun ATS détecté sur le site
be kind vibes,https://www.bekindvibes.com/,,,NON_RESOLUE,aucun ATS détecté sur le site
aureum collective,https://aureumcollective.com/,,,NON_RESOLUE,aucun ATS détecté sur le site
agroherc organic,https://www.agroherc-organic.com/,,,NON_RESOLUE,aucun ATS détecté sur le site
bb sheep,https://www.bbsheep.com/,,,NON_RESOLUE,aucun ATS détecté sur le site
balm baby,http://www.taylorsnatural.com/,,,NON_RESOLUE,aucun ATS détecté sur le site
baggu,https://baggu.com/,,,NON_RESOLUE,site en erreur au probe
atunas,https://www.atunas.com.tw/,,,NON_RESOLUE,aucun ATS détecté sur le site
avia,http://www.avia.com/,,,NON_RESOLUE,aucun ATS détecté sur le site
agella beauty,https://www.agellabeauty.com/,,,NON_RESOLUE,aucun ATS détecté sur le site
aku,https://www.aku.com/,,,NON_RESOLUE,aucun ATS détecté sur le site
baldessarini,https://www.baldessarini.com/,,,NON_RESOLUE,aucun ATS détecté sur le site
attesa,https://www.attesa.it/,,,NON_RESOLUE,aucun ATS détecté sur le site
balm n calm,https://balmncalm.com/,,,NON_RESOLUE,aucun ATS détecté sur le site
b.bld llc,https://bbld.fun/,,,NON_RESOLUE,aucun ATS détecté sur le site
barbella co.,http://barbellaco.com/,,,NON_RESOLUE,aucun ATS détecté sur le site
beatrice valenzuela,https://beatricevalenzuela.com/,,,NON_RESOLUE,aucun ATS détecté sur le site
bananain,https://www.bananain.com/,,,NON_RESOLUE,aucun ATS détecté sur le site
abbot kinney apothecary,https://abbotkinneyapothecary.com/,,,NON_RESOLUE,aucun ATS détecté sur le site
alexa fairchild,https://www.alexafairchild.com/,,,NON_RESOLUE,aucun ATS détecté sur le site
atelier gardeur,https://gardeur.com/,,,NON_RESOLUE,aucun ATS détecté sur le site
barefoot scientist,https://barefootscientist.com/,,,NON_RESOLUE,aucun ATS détecté sur le site
alienina,https://shop.alienina.com/,,,NON_RESOLUE,aucun ATS détecté sur le site
base apparel,https://www.base-apparel.com/,,,NON_RESOLUE,aucun ATS détecté sur le site
badawii beachwear,https://badawiibeachwear.com/,,,NON_RESOLUE,aucun ATS détecté sur le site
bay active,https://www.bayactive.com.au/,,,NON_RESOLUE,aucun ATS détecté sur le site
akola,https://akola.co/,,,NON_RESOLUE,aucun ATS détecté sur le site
balaboosté,https://www.balabooste.com/,,,NON_RESOLUE,aucun ATS détecté sur le site
åhléns,https://www.ahlens.se/,,,NON_RESOLUE,aucun ATS détecté sur le site
beauty creations cosmetics,https://www.beautycreationscosmetics.com/,,,NON_RESOLUE,aucun ATS détecté sur le site
beiersdorf,https://www.beiersdorf.com/,,,NON_RESOLUE,aucun ATS détecté sur le site
alala,https://alalastyle.com/,,,NON_RESOLUE,aucun ATS détecté sur le site
ahava,https://www.ahava.com/,,,NON_RESOLUE,aucun ATS détecté sur le site
azourane,https://weareazourane.com/,,,NON_RESOLUE,aucun ATS détecté sur le site
baiwuxi,https://weibo.com/baiwuxi,,,NON_RESOLUE,aucun ATS détecté sur le site
bella bliss,https://klarandco.com/,,,NON_RESOLUE,aucun ATS détecté sur le site
aleva naturals,https://alevanaturals.com/,,,NON_RESOLUE,aucun ATS détecté sur le site
alacarte beauty,http://alacartebeauty.com/,,,NON_RESOLUE,aucun ATS détecté sur le site
aiayu,https://aiayu.com/,,,NON_RESOLUE,aucun ATS détecté sur le site
alan paine,https://www.alanpaine.co.uk/,,,NON_RESOLUE,aucun ATS détecté sur le site
bedhead pajamas,https://bedheadpjs.com/,,,NON_RESOLUE,site en erreur au probe
atelier torino,https://www.atelier-torino.de/,,,NON_RESOLUE,aucun ATS détecté sur le site
be a 10,http://www.bea10.com/,,,NON_RESOLUE,aucun ATS détecté sur le site
bathu,https://www.bathu.co.za/,,,NON_RESOLUE,site en erreur au probe
albaray,https://www.albaray.co.uk/,,,NON_RESOLUE,aucun ATS détecté sur le site
aton,https://aton-tokyo.com/,,,NON_RESOLUE,aucun ATS détecté sur le site
alchimie forever,http://www.alchimie-forever.com/,,,NON_RESOLUE,aucun ATS détecté sur le site
alchemistry essentials,https://thesexalchemist.myshopify.com/,,,NON_RESOLUE,aucun ATS détecté sur le site
aevi wellness,http://aeviwellness.com/,,,NON_RESOLUE,aucun ATS détecté sur le site
bare botanics,https://www.barebotanics.co/,,,NON_RESOLUE,aucun ATS détecté sur le site
banana moon,https://www.bananamoon.com/,,,NON_RESOLUE,aucun ATS détecté sur le site
alder,https://www.alderapparel.com/,,,NON_RESOLUE,aucun ATS détecté sur le site
agatha,https://www.agatha.fr/,,,NON_RESOLUE,aucun ATS détecté sur le site
baby~pourri,http://example.com/,,,NON_RESOLUE,aucun ATS détecté sur le site
bareminerals,https://www.bareminerals.com/,,,NON_RESOLUE,aucun ATS détecté sur le site
bally,http://www.bally.eu/,,,NON_RESOLUE,aucun ATS détecté sur le site
b.h. van der veen,https://www.vanderveen.nl/,,,NON_RESOLUE,aucun ATS détecté sur le site
befree,https://befree.ru/,,,NON_RESOLUE,site en erreur au probe
alex crane,https://alexcrane.co/,,,NON_RESOLUE,aucun ATS détecté sur le site
albion,https://www.albion.co.jp/,,,NON_RESOLUE,aucun ATS détecté sur le site
beanpole,https://www.ssfshop.com/beanpole/main?brandShopNo=BDMA01&brndShopId=BPBR%3Futm_source%3DGoodOnYou+App,,,NON_RESOLUE,aucun ATS détecté sur le site
asiana,https://www.asianasrl.com/,,,NON_RESOLUE,aucun ATS détecté sur le site
bali,https://balibali-fashion.com/,,,NON_RESOLUE,aucun ATS détecté sur le site
aoyama tailor,https://www.y-aoyama.jp/,,,NON_RESOLUE,site en erreur au probe
akris,http://www.akris.ch/,,,NON_RESOLUE,aucun ATS détecté sur le site
après studio,https://apresstudio.com.au/,,,NON_RESOLUE,aucun ATS détecté sur le site
barbisio,https://barbisiotorino.it/,,,NON_RESOLUE,aucun ATS détecté sur le site
alexander wang,https://www.alexanderwang.com/,,,NON_RESOLUE,aucun ATS détecté sur le site
barbarossa moratti,https://www.barbarossamoratti.com/,,,NON_RESOLUE,aucun ATS détecté sur le site
belt fashion,https://beltfashion.nl/,,,NON_RESOLUE,aucun ATS détecté sur le site
backes & strauss,https://www.backesandstrauss.com/,,,NON_RESOLUE,aucun ATS détecté sur le site
alex vando,https://www.alexvando.net/,,,NON_RESOLUE,aucun ATS détecté sur le site
alexandre de paris,https://en.alexandredeparis-store.com/,,,NON_RESOLUE,aucun ATS détecté sur le site
alessandro zavetti,https://www.zavetti.com/,,,NON_RESOLUE,site en erreur au probe
auratherapy,https://auratherapylife.com/,,,NON_RESOLUE,aucun ATS détecté sur le site
b. divine aromatherapy,https://www.bdivinearoma.com/,,,NON_RESOLUE,aucun ATS détecté sur le site
atelier de famille,https://www.atelierdefamille.fr/,,,NON_RESOLUE,aucun ATS détecté sur le site
aimer,https://aimeronline.com/,,,NON_RESOLUE,aucun ATS détecté sur le site
beautiful birds,https://bb1birds.ru/,,,NON_RESOLUE,aucun ATS détecté sur le site
afriek,https://afriek.com/,,,NON_RESOLUE,aucun ATS détecté sur le site
atmosphere,https://www.atmosphere.ca/en.html,,,NON_RESOLUE,aucun ATS détecté sur le site
aevor,https://www.aevor.com/,,,NON_RESOLUE,aucun ATS détecté sur le site
bec + bridge,https://www.becandbridge.com/,,,NON_RESOLUE,aucun ATS détecté sur le site
àlg,https://www.algbrand.com.br/,,,NON_RESOLUE,aucun ATS détecté sur le site
baxter wood,https://baxterwood.com/,,,NON_RESOLUE,aucun ATS détecté sur le site
ag jeans,https://www.agjeans.com/,,,NON_RESOLUE,aucun ATS détecté sur le site
bean pole international,http://www.beanpole.com/,,,NON_RESOLUE,aucun ATS détecté sur le site
beauty bestie,https://www.shopbeautybestie.com/password,,,NON_RESOLUE,aucun ATS détecté sur le site
alexandra svendsen,https://www.alexandrasvendsen.de/,,,NON_RESOLUE,aucun ATS détecté sur le site
arei outdoor gear,https://areioutdoorgear.co.id/,,,NON_RESOLUE,aucun ATS détecté sur le site
alexia maría,https://alexiamaria.com/,,,NON_RESOLUE,aucun ATS détecté sur le site
badura,https://badura.it/,,,NON_RESOLUE,aucun ATS détecté sur le site
akubra hats,https://akubra.com.au/,,,NON_RESOLUE,site en erreur au probe
beaumont organic,https://beaumontorganic.com/,,,NON_RESOLUE,aucun ATS détecté sur le site
baserange,https://www.baserange.net/,,,NON_RESOLUE,aucun ATS détecté sur le site
armazém paraíba,https://www.armazempb.com.br/,,,NON_RESOLUE,aucun ATS détecté sur le site
al ambra,https://alambraperfumes.com/,,,NON_RESOLUE,aucun ATS détecté sur le site
belair paris,https://www.belair-paris.fr/,,,NON_RESOLUE,aucun ATS détecté sur le site
bandi vamos,https://www.bandi.cz/,,,NON_RESOLUE,aucun ATS détecté sur le site
bata,https://www.bata.in/,,,NON_RESOLUE,site en erreur au probe
benzak denim developers,https://www.benzakdenimdevelopers.com/,,,NON_RESOLUE,aucun ATS détecté sur le site
baliene,https://baliene.com/,,,NON_RESOLUE,aucun ATS détecté sur le site
awg-modecenter,https://www.awg-mode.de/,,,NON_RESOLUE,aucun ATS détecté sur le site
base london,https://www.baselondon.com/,,,NON_RESOLUE,aucun ATS détecté sur le site
billykirk,https://www.billykirk.com/,,,NON_RESOLUE,aucun ATS détecté sur le site
beauregard,https://beauregard.ch/,,,NON_RESOLUE,aucun ATS détecté sur le site
bared footwear,https://baredfootwear.pxf.io/R0Z47g,,,NON_RESOLUE,aucun ATS détecté sur le site
bailey of hollywood,https://www.baileyhats.com/,,,NON_RESOLUE,aucun ATS détecté sur le site
alice + olivia,https://www.aliceandolivia.com/,,,NON_RESOLUE,aucun ATS détecté sur le site
attic and barn,http://www.atticandbarn.it/,,,NON_RESOLUE,aucun ATS détecté sur le site
article22,https://article22.com/?oid=52&affid=1&source_id=GoY-rating&sub1=brandpage,,,NON_RESOLUE,aucun ATS détecté sur le site
alain delon,https://www.alaindelon.co.uk/,,,NON_RESOLUE,aucun ATS détecté sur le site
bebella cosmetics,https://bebellacosmetics.com/,,,NON_RESOLUE,aucun ATS détecté sur le site
albertini international  llc,https://albertiniinternational.com/,,,NON_RESOLUE,aucun ATS détecté sur le site
barks & beauty aesthetics,https://barksandbeautyaesthetics.com/,,,NON_RESOLUE,aucun ATS détecté sur le site
aeonia by delavie sciences,http://www.delaviesciences.com/,,,NON_RESOLUE,site en erreur au probe
avec les filles,https://aveclesfilles.com/,,,NON_RESOLUE,aucun ATS détecté sur le site
auricoste,http://www.auricoste.fr/,,,NON_RESOLUE,aucun ATS détecté sur le site
alexus ge.,https://alexusge.com/,,,NON_RESOLUE,aucun ATS détecté sur le site
beautitionary,http://beautitionary.com/,,,NON_RESOLUE,aucun ATS détecté sur le site
babylone,https://www.dot-st.com/babylone/,,,NON_RESOLUE,site en erreur au probe
albrekts guld,https://www.albrektsguld.se/,,,NON_RESOLUE,aucun ATS détecté sur le site
auromère,https://www.auromere.com/,,,NON_RESOLUE,aucun ATS détecté sur le site
aris bags,https://www.arisbags.com/,,,NON_RESOLUE,aucun ATS détecté sur le site
alighieri,https://www.alighieri.com/,,,NON_RESOLUE,aucun ATS détecté sur le site
baythe,https://baytheswim.com/,,,NON_RESOLUE,aucun ATS détecté sur le site
beginning boutique,https://www.beginningboutique.com/,,,NON_RESOLUE,aucun ATS détecté sur le site
belair,https://www.belair-paris.fr/,,,NON_RESOLUE,aucun ATS détecté sur le site
bellerose (marque),http://www.bellerose.be/,,,NON_RESOLUE,site en erreur au probe
alejandra alonso rojas,https://www.alejandraalonsorojas.com/,,,NON_RESOLUE,aucun ATS détecté sur le site
beekman 1802,https://beekman1802.com/,,,NON_RESOLUE,aucun ATS détecté sur le site
batoko,https://www.batoko.com/,,,NON_RESOLUE,aucun ATS détecté sur le site
alex de pase,http://www.alexdepase.eu/,,,NON_RESOLUE,aucun ATS détecté sur le site
aya sacred wear,https://aya.eco/,,,NON_RESOLUE,aucun ATS détecté sur le site
berner kühl,https://bernerkuhl.com/,,,NON_RESOLUE,aucun ATS détecté sur le site
alex and ani,https://www.alexandani.com/,,,NON_RESOLUE,site en erreur au probe
bear naked pickleball,http://bearnakedpickleball.com/,,,NON_RESOLUE,aucun ATS détecté sur le site
babymocs,https://babymocs.com/,,,NON_RESOLUE,aucun ATS détecté sur le site
beate heymann street couture,https://www.beate-heymann.de/,,,NON_RESOLUE,aucun ATS détecté sur le site
bellabeautebar llc,https://bellabeautebar.com/,,,NON_RESOLUE,aucun ATS détecté sur le site
beeren ondergoed,https://www.beerenondergoed.nl/,,,NON_RESOLUE,aucun ATS détecté sur le site
alix nyc,https://alixnyc.com/,,,NON_RESOLUE,aucun ATS détecté sur le site
ashya,https://ashya.co/,,,NON_RESOLUE,aucun ATS détecté sur le site
beauty favours,https://www.beautyfavours.com/,,,NON_RESOLUE,aucun ATS détecté sur le site
aster skincare,https://www.asterskincare.com/,,,NON_RESOLUE,aucun ATS détecté sur le site
benfica official store,https://www.slbenfica.pt/,,,NON_RESOLUE,aucun ATS détecté sur le site
beard care club,http://www.beardcareclub.com/,,,NON_RESOLUE,aucun ATS détecté sur le site
baltayan,http://www.baltayan.fr/fr/,,,NON_RESOLUE,aucun ATS détecté sur le site
avirex japan,https://www.avirex-usa.com/,,,NON_RESOLUE,aucun ATS détecté sur le site
bdk parfums,https://bdkparfums.com/,,,NON_RESOLUE,site en erreur au probe
ayten gasson,https://www.aytengasson.com/,,,NON_RESOLUE,aucun ATS détecté sur le site
bella starr,https://www.bellastarr.com/,,,NON_RESOLUE,aucun ATS détecté sur le site
alessio ravaioli,https://www.alessioravaioli.com/en/,,,NON_RESOLUE,aucun ATS détecté sur le site
benibeca,http://www.benibeca.com/,,,NON_RESOLUE,aucun ATS détecté sur le site
bask in the sun,https://www.baskinthesun.fr/,,,NON_RESOLUE,aucun ATS détecté sur le site
bergstein,https://www.bergsteinfootwear.com/,,,NON_RESOLUE,aucun ATS détecté sur le site
bearpaw,https://www.bearpaw.com/,,,NON_RESOLUE,aucun ATS détecté sur le site
bed|stü,https://www.bedstu.com/,,,NON_RESOLUE,aucun ATS détecté sur le site
bcakes llc,http://www.bcakesllc.com/,,,NON_RESOLUE,aucun ATS détecté sur le site
bl glowskin,http://blglowskin.com/,,,NON_RESOLUE,aucun ATS détecté sur le site
alexandre birman,https://alexandrebirman.com/,,,NON_RESOLUE,aucun ATS détecté sur le site
alexandra mor,https://www.alexandramor.com/,,,NON_RESOLUE,aucun ATS détecté sur le site
barre,https://barrestudio.ca/,,,NON_RESOLUE,aucun ATS détecté sur le site
baby phat,https://babyphat.com/,,,NON_RESOLUE,aucun ATS détecté sur le site
bald glamour,https://baldglamour.com/,,,NON_RESOLUE,aucun ATS détecté sur le site
beton ciré,https://betonxcire.com/,,,NON_RESOLUE,aucun ATS détecté sur le site
alemais,https://alemais.com/,,,NON_RESOLUE,aucun ATS détecté sur le site
becker + flöge,https://www.becker-floege.de/,,,NON_RESOLUE,aucun ATS détecté sur le site
alghabra parfums,https://alghabra-parfums.com/,,,NON_RESOLUE,aucun ATS détecté sur le site
atasay,https://www.atasay.com/,,,NON_RESOLUE,aucun ATS détecté sur le site
acelera cycling couture,https://acelera.cc/,,,NON_RESOLUE,aucun ATS détecté sur le site
aligne,https://aligne.co/,,,NON_RESOLUE,aucun ATS détecté sur le site
alexander mcqueen,https://www.alexandermcqueen.com/,,,NON_RESOLUE,site en erreur au probe
athleta,https://www.athleta.com/,,,NON_RESOLUE,aucun ATS détecté sur le site
beldona,https://www.beldona.com/,,,NON_RESOLUE,aucun ATS détecté sur le site
beckett simonon,https://www.beckettsimonon.com/,,,NON_RESOLUE,aucun ATS détecté sur le site
becci boo's custom shoes,https://beccibooscustomshoes.com/,,,NON_RESOLUE,aucun ATS détecté sur le site
bernie mev new york,https://www.berniemev.eu/,,,NON_RESOLUE,aucun ATS détecté sur le site
barocco tribal,https://www.baroccotribal.com/,,,NON_RESOLUE,aucun ATS détecté sur le site
alinari-firenze,https://www.alinarifirenze.com/,,,NON_RESOLUE,aucun ATS détecté sur le site
bleusalt,https://bleusalt.com/,,,NON_RESOLUE,aucun ATS détecté sur le site
beliza,https://www.beliza.fr/,,,NON_RESOLUE,aucun ATS détecté sur le site
bakari,https://www.bakari.es/en/,,,NON_RESOLUE,aucun ATS détecté sur le site
babe original,https://babeoriginal.com/,,,NON_RESOLUE,aucun ATS détecté sur le site
bexley,https://www.bexley.fr/,,,NON_RESOLUE,site en erreur au probe
baldinini,https://www.baldinini-shop.com/,,,NON_RESOLUE,aucun ATS détecté sur le site
belchou's,https://www.belchous.com/,,,NON_RESOLUE,aucun ATS détecté sur le site
barça - fc barcelona,https://store.fcbarcelona.com/collections/clothing,,,NON_RESOLUE,aucun ATS détecté sur le site
baume essentials,https://baumeessentials.com/,,,NON_RESOLUE,aucun ATS détecté sur le site
bambu earth,https://bambuearth.com/,,,NON_RESOLUE,aucun ATS détecté sur le site
akyn,https://www.akyn.com/?oid=364&affid=1&source_id=GoY-rating&sub1=brandpage,,,NON_RESOLUE,aucun ATS détecté sur le site
bennimarceau,https://bennimarceau.com/,,,NON_RESOLUE,aucun ATS détecté sur le site
blundstone australia pty ltd,https://www.blundstone.com.au/,,,NON_RESOLUE,aucun ATS détecté sur le site
beaverbrooks,https://www.beaverbrooks.co.uk/,,,NON_RESOLUE,aucun ATS détecté sur le site
bikkembergs,https://www.bikkembergs.com/,,,NON_RESOLUE,aucun ATS détecté sur le site
bergans,https://www.bergans.com/en/,,,NON_RESOLUE,site en erreur au probe
bhcrafts,https://bhcrafts.org/,,,NON_RESOLUE,aucun ATS détecté sur le site
beijing fashion holdings,https://www.bfhc.com.cn/,,,NON_RESOLUE,aucun ATS détecté sur le site
alexandria professional,http://www.alexandriaprofessional.com/,,,NON_RESOLUE,aucun ATS détecté sur le site
atmos pink,https://www.atmos-pink.com/,,,NON_RESOLUE,site en erreur au probe
bibi lou,https://www.bibilou.es/,,,NON_RESOLUE,aucun ATS détecté sur le site
alcina,https://www.alcina.de/,,,NON_RESOLUE,aucun ATS détecté sur le site
bāeo,http://www.baeo.com/,,,NON_RESOLUE,aucun ATS détecté sur le site
beams,https://www.beams.co.jp/,,,NON_RESOLUE,site en erreur au probe
been london,https://been.london/,,,NON_RESOLUE,aucun ATS détecté sur le site
billini,https://www.billini.com/,,,NON_RESOLUE,aucun ATS détecté sur le site
baukjen,https://www.baukjen.com/?oid=29&affid=1&source_id=GoY-rating&sub1=brandpage,,,NON_RESOLUE,aucun ATS détecté sur le site
beau ties,https://www.beautiesltd.com/,,,NON_RESOLUE,aucun ATS détecté sur le site
alex mill,https://www.alexmill.com/,,,NON_RESOLUE,aucun ATS détecté sur le site
artuyt,https://artuyt.com/,,,NON_RESOLUE,site en erreur au probe
beaumont,https://www.beaumont.eu/,,,NON_RESOLUE,aucun ATS détecté sur le site
ader error,https://adererror.com/,,,NON_RESOLUE,aucun ATS détecté sur le site
agarthi,https://aquacosmetics.com/marchi/agarthi/,,,NON_RESOLUE,site en erreur au probe
bellanblue,https://www.bellanblue.com/,,,NON_RESOLUE,aucun ATS détecté sur le site
audimas  ab,https://www.audimas.lt/,,,NON_RESOLUE,aucun ATS détecté sur le site
bishop botanicals,https://www.bishopbotanicals.com/,,,NON_RESOLUE,aucun ATS détecté sur le site
better & better,http://www.betterandbetter.com/,,,NON_RESOLUE,aucun ATS détecté sur le site
belwest,https://belwest.ru/,,,NON_RESOLUE,aucun ATS détecté sur le site
biologist-mood,https://biologist-mood.fr/,,,NON_RESOLUE,aucun ATS détecté sur le site
bela beauty college,https://belabeautycollege.com/,,,NON_RESOLUE,aucun ATS détecté sur le site
billieblush,https://www.kidsaround.com/,,,NON_RESOLUE,aucun ATS détecté sur le site
alida pure,http://www.alidapurebodycare.com/,,,NON_RESOLUE,aucun ATS détecté sur le site
beekeeper parade,https://beekeeperparade.com/,,,NON_RESOLUE,aucun ATS détecté sur le site
benlai,http://www.benlaishop.com/,,,NON_RESOLUE,aucun ATS détecté sur le site
beecos,http://beecosbeauty.com/,,,NON_RESOLUE,aucun ATS détecté sur le site
better botanicals,http://www.betterbotanicals.com/,,,NON_RESOLUE,aucun ATS détecté sur le site
bee factor natural cosmetics,https://beefactor.gr/,,,NON_RESOLUE,aucun ATS détecté sur le site
bensimon,https://www.bensimon.com/,,,NON_RESOLUE,site en erreur au probe
bella ballou,https://www.bellaballou.com/,,,NON_RESOLUE,aucun ATS détecté sur le site
authentic,http://www.authentichemp.com/,,,NON_RESOLUE,aucun ATS détecté sur le site
ahirain,https://www.ahirain.com/,,,NON_RESOLUE,aucun ATS détecté sur le site
aybi,https://www.aybi.com/,,,NON_RESOLUE,aucun ATS détecté sur le site
aunu,http://aunubeauty.com/,,,NON_RESOLUE,aucun ATS détecté sur le site
bjäste,https://www.bjaste.com/,,,NON_RESOLUE,aucun ATS détecté sur le site
black orchid denim,https://blackorchiddenim.com/,,,NON_RESOLUE,aucun ATS détecté sur le site
avavav,https://avavav.com/,,,NON_RESOLUE,aucun ATS détecté sur le site
ball,https://www.balloriginal.com/,,,NON_RESOLUE,aucun ATS détecté sur le site
betsey johnson,https://betseyjohnson.com/,,,NON_RESOLUE,aucun ATS détecté sur le site
berkner,https://berkner.pl/en/,,,NON_RESOLUE,aucun ATS détecté sur le site
benyamin apoo,https://benyaminapoo.com/,,,NON_RESOLUE,aucun ATS détecté sur le site
beyou geraldine alasio,https://www.beyou-geraldinealasio.com/,,,NON_RESOLUE,aucun ATS détecté sur le site
beneunder,https://shop.beneunder.com/,,,NON_RESOLUE,aucun ATS détecté sur le site
bella freud,https://bellafreud.com/,,,NON_RESOLUE,aucun ATS détecté sur le site
be52®,https://www.be52.eu/,,,NON_RESOLUE,aucun ATS détecté sur le site
bielenda group,https://bielenda.pl/,,,NON_RESOLUE,aucun ATS détecté sur le site
bonprix,https://bonprix.com/,,,NON_RESOLUE,aucun ATS détecté sur le site
berghen,https://www.berghen.com/,,,NON_RESOLUE,aucun ATS détecté sur le site
beulah,https://www.beulahlondon.com/,,,NON_RESOLUE,site en erreur au probe
bellabu bear,https://bellabubear.com/,,,NON_RESOLUE,site en erreur au probe
ascension swim,https://ascensionswim.com/,,,NON_RESOLUE,aucun ATS détecté sur le site
big lots,https://www.biglots.com/,,,NON_RESOLUE,aucun ATS détecté sur le site
bethany williams,http://www.bethany-williams.com/,,,NON_RESOLUE,aucun ATS détecté sur le site
banana republic,https://www.bananarepublic.eu/,,,NON_RESOLUE,aucun ATS détecté sur le site
bickley + mitchell,https://bickleyandmitchell.com/,,,NON_RESOLUE,aucun ATS détecté sur le site
berkemann,https://www.berkemann.com/,,,NON_RESOLUE,aucun ATS détecté sur le site
banila co.,https://www.banilaco.com/,,,NON_RESOLUE,aucun ATS détecté sur le site
béis,https://beistravel.com/,,,NON_RESOLUE,aucun ATS détecté sur le site
bella luna gowns,https://bellalunagowns.com/,,,NON_RESOLUE,aucun ATS détecté sur le site
beru kids,https://www.berukids.com/,,,NON_RESOLUE,aucun ATS détecté sur le site
beauty formulation ltd,https://www.beautyformulation.com/,,,NON_RESOLUE,aucun ATS détecté sur le site
be in love,http://www.beinlove.com/,,,NON_RESOLUE,aucun ATS détecté sur le site
bell & ross,https://www.bellross.com/,,,NON_RESOLUE,aucun ATS détecté sur le site
bellamy gallery,https://bellamygallery.com/,,,NON_RESOLUE,site en erreur au probe
biofor campus,https://campus.biofor.hu/,,,NON_RESOLUE,aucun ATS détecté sur le site
bj’s pjs,https://bjspjs.com.au/?oid=282&affid=1&source_id=GoY-rating&sub1=brandpage,,,NON_RESOLUE,aucun ATS détecté sur le site
barbara lebek,https://www.lebek.de/,,,NON_RESOLUE,site en erreur au probe
blonde no. 8,https://www.blondeno8.com/,,,NON_RESOLUE,aucun ATS détecté sur le site
berdoues,https://berdoues.com/,,,NON_RESOLUE,site en erreur au probe
alchemy goods,https://www.alchemygoods.com/,,,NON_RESOLUE,aucun ATS détecté sur le site
billabong,http://www.billabongbiz.com/,,,NON_RESOLUE,site en erreur au probe
adrianna papell,https://www.adriannapapell.com/,,,NON_RESOLUE,aucun ATS détecté sur le site
atelier rêve,https://www.atelierreve.biz/,,,NON_RESOLUE,aucun ATS détecté sur le site
aldridges,https://www.englishmadebelts.co.uk/,,,NON_RESOLUE,aucun ATS détecté sur le site
aisle,https://periodaisle.com/,,,NON_RESOLUE,aucun ATS détecté sur le site
blukey,https://www.blukey.it/,,,NON_RESOLUE,aucun ATS détecté sur le site
ahyun,http://www.ahyunskin.com/,,,NON_RESOLUE,aucun ATS détecté sur le site
bevinimodena,https://www.bevinimodena.it/,,,NON_RESOLUE,aucun ATS détecté sur le site
bidi badu,https://www.bidibadu.com/,,,NON_RESOLUE,aucun ATS détecté sur le site
beauty cluster barcelona,http://beautyclusterbarcelona.com/,,,NON_RESOLUE,aucun ATS détecté sur le site
barnes made,https://www.barnesmade.com/,,,NON_RESOLUE,aucun ATS détecté sur le site
ben bridge jeweler,https://www.benbridge.com/,,,NON_RESOLUE,aucun ATS détecté sur le site
biosar,https://biosarlabs.com/,,,NON_RESOLUE,aucun ATS détecté sur le site
boathouse,https://www.shoptheboathouse.com/,,,NON_RESOLUE,aucun ATS détecté sur le site
bates,https://www.batesfootwear.com/,,,NON_RESOLUE,site en erreur au probe
bench,https://www.bench.co.uk/,,,NON_RESOLUE,aucun ATS détecté sur le site
blazoer,http://www.blazoer.com/,,,NON_RESOLUE,aucun ATS détecté sur le site
bogs,https://www.bogsfootwear.com/,,,NON_RESOLUE,aucun ATS détecté sur le site
bewooden,https://www.bewooden.de/,,,NON_RESOLUE,aucun ATS détecté sur le site
bibatown,http://www.bibatown.com/,,,NON_RESOLUE,aucun ATS détecté sur le site
black pepper clothing,https://www.blackpepper.com.au/,,,NON_RESOLUE,aucun ATS détecté sur le site
bedat & co,http://www.bedat.com/,,,NON_RESOLUE,aucun ATS détecté sur le site
aexae,https://www.aexae.com/,,,NON_RESOLUE,aucun ATS détecté sur le site
all about audrey,https://allaboutaudrey.co.uk/,,,NON_RESOLUE,site en erreur au probe
berek,https://berek.com/,,,NON_RESOLUE,aucun ATS détecté sur le site
alkemia perfumes,https://alkemiaperfumes.com/,,,NON_RESOLUE,aucun ATS détecté sur le site
bess,https://www.b-e-s-s.com/,,,NON_RESOLUE,aucun ATS détecté sur le site
blackmilk clothing,https://blackmilkclothing.com/,,,NON_RESOLUE,aucun ATS détecté sur le site
blufin,http://www.blufin.it/#/en/,,,NON_RESOLUE,aucun ATS détecté sur le site
bella beauty,https://klarandco.com/,,,NON_RESOLUE,aucun ATS détecté sur le site
ayond,http://www.ayond.us/,,,NON_RESOLUE,aucun ATS détecté sur le site
bikinikloset,https://www.bikinikloset.com/,,,NON_RESOLUE,aucun ATS détecté sur le site
betterme,https://store.betterme.world/,,,NON_RESOLUE,aucun ATS détecté sur le site
agent p,https://www.agentpnyc.com/,,,NON_RESOLUE,aucun ATS détecté sur le site
biodermal,https://www.biodermal.nl/,,,NON_RESOLUE,aucun ATS détecté sur le site
befeni,https://www.befeni.com/,,,NON_RESOLUE,aucun ATS détecté sur le site
beyonderway,https://beyonderway.com/,,,NON_RESOLUE,aucun ATS détecté sur le site
algo bonito,https://algo-bonito.com/,,,NON_RESOLUE,aucun ATS détecté sur le site
batoner,https://www.batoner.com/,,,NON_RESOLUE,aucun ATS détecté sur le site
bijou brigitte,https://www.bijou-brigitte.com/,,,NON_RESOLUE,aucun ATS détecté sur le site
berwich,http://www.berwich.com/,,,NON_RESOLUE,aucun ATS détecté sur le site
bever,https://www.bever.nl/,,,NON_RESOLUE,aucun ATS détecté sur le site
beuteus®,http://www.beuteus.com/,,,NON_RESOLUE,aucun ATS détecté sur le site
blossom,https://www.blossombeauty.com/,,,NON_RESOLUE,aucun ATS détecté sur le site
bisgaard,https://www.bisgaardshoes.com/,,,NON_RESOLUE,aucun ATS détecté sur le site
bolongaro trevor,https://www.bolongarotrevor.com/,,,NON_RESOLUE,aucun ATS détecté sur le site
avirex,https://www.avirex.com/,,,NON_RESOLUE,aucun ATS détecté sur le site
bask suncare,http://www.basksuncare.com/,,,NON_RESOLUE,aucun ATS détecté sur le site
bastet noir,https://bastetnoir.myshopify.com/?oid=39&affid=1&source_id=GoY-rating&sub1=brandpage,,,NON_RESOLUE,aucun ATS détecté sur le site
bcbgmaxazria,https://bcbg.com/,,,NON_RESOLUE,aucun ATS détecté sur le site
bilboa,https://bilboa.com.au/,,,NON_RESOLUE,aucun ATS détecté sur le site
beauty creations,https://www.beautycreationscosmetics.com/,,,NON_RESOLUE,aucun ATS détecté sur le site
bia bare it all,http://www.biaskin.com/,,,NON_RESOLUE,aucun ATS détecté sur le site
bossini,https://www.bossini.com/,,,NON_RESOLUE,aucun ATS détecté sur le site
baabuk,https://www.baabuk.com/,,,NON_RESOLUE,site en erreur au probe
barts,https://www.barts.eu/,,,NON_RESOLUE,site en erreur au probe
big w,https://www.bigw.com/,,,NON_RESOLUE,site en erreur au probe
bimba y lola,https://www.bimbaylola.com/,,,NON_RESOLUE,aucun ATS détecté sur le site
alice's lips,https://aliceslips.com/,,,NON_RESOLUE,aucun ATS détecté sur le site
bonnie doon,https://www.bonniedoon.com/,,,NON_RESOLUE,site en erreur au probe
bentalls,http://www.bentalls.co.uk/,,,NON_RESOLUE,site en erreur au probe
bav tailor,https://bavtailor.com/,,,NON_RESOLUE,aucun ATS détecté sur le site
alanui,https://alanui.it/,,,NON_RESOLUE,aucun ATS détecté sur le site
aiifos,https://www.aiifos.com/,,,NON_RESOLUE,aucun ATS détecté sur le site
big boy bamboo,https://bigboybamboo.com/,,,NON_RESOLUE,aucun ATS détecté sur le site
athletic cosmetic company llc,https://athleticcosmeticcompany.com/,,,NON_RESOLUE,aucun ATS détecté sur le site
better rich,https://www.better-rich.com/,,,NON_RESOLUE,aucun ATS détecté sur le site
be bare,https://naisture.com/pages/bebareus,,,NON_RESOLUE,aucun ATS détecté sur le site
blåkläder,http://www.blaklader.com/,,,NON_RESOLUE,aucun ATS détecté sur le site
bianca saunders,https://www.biancasaunders.com/,,,NON_RESOLUE,aucun ATS détecté sur le site
blancpain,http://www.blancpain.ch/,,,NON_RESOLUE,site en erreur au probe
birdhichand ghanshyamdas,http://www.birdhichand.com/,,,NON_RESOLUE,aucun ATS détecté sur le site
behno,https://behno.com/,,,NON_RESOLUE,aucun ATS détecté sur le site
bissú cosméticos,https://bissu.com/,,,NON_RESOLUE,aucun ATS détecté sur le site
bocazia,https://bocazia.com/,,,NON_RESOLUE,aucun ATS détecté sur le site
biorepublic skincare,http://biorepublic.com/,,,NON_RESOLUE,aucun ATS détecté sur le site
azmera skin care,http://www.azmera-skin.com/,,,NON_RESOLUE,aucun ATS détecté sur le site
alchemist,https://www.alchemist-fashion.com/,,,NON_RESOLUE,aucun ATS détecté sur le site
baabushka,https://www.baabushka.com/,,,NON_RESOLUE,aucun ATS détecté sur le site
brams paris,https://www.bramsparis.com/,,,NON_RESOLUE,aucun ATS détecté sur le site
black velvet circus,https://www.blackvelvetcircus.com/,,,NON_RESOLUE,aucun ATS détecté sur le site
bluebuck,https://bluebuck.net/?oid=267&affid=1&source_id=GoY-rating&sub1=brandpage,,,NON_RESOLUE,aucun ATS détecté sur le site
beia,http://www.beiabeauty.com/,,,NON_RESOLUE,aucun ATS détecté sur le site
blackstone footwear,https://www.blackstonefootwear.com/,,,NON_RESOLUE,aucun ATS détecté sur le site
bl'eau,http://www.bleaubeauty.com/,,,NON_RESOLUE,aucun ATS détecté sur le site
alife and kickin,https://www.alifeandkickin.com/,,,NON_RESOLUE,aucun ATS détecté sur le site
belnu,https://belnu.com/,,,NON_RESOLUE,aucun ATS détecté sur le site
akiseo,https://akiseohats.com/,,,NON_RESOLUE,aucun ATS détecté sur le site
blom fashion,https://blomfashion.com/,,,NON_RESOLUE,aucun ATS détecté sur le site
betts,https://www.betts.com.au/,,,NON_RESOLUE,aucun ATS détecté sur le site
biothera solutions,https://biotherasolutions.com/,,,NON_RESOLUE,aucun ATS détecté sur le site
bealls,https://www.beallsinc.com/,,,NON_RESOLUE,site en erreur au probe
brihans natural products,https://brihansnatural.com/,,,NON_RESOLUE,aucun ATS détecté sur le site
bandgewoo,https://www.weibo.com/u/5542498022,,,NON_RESOLUE,aucun ATS détecté sur le site
bottega veneta,https://www.bottegaveneta.com/,,,NON_RESOLUE,site en erreur au probe
baeblu,http://www.baeblu.com/,,,NON_RESOLUE,aucun ATS détecté sur le site
alberta ferretti,https://www.albertaferretti.com/,,,NON_RESOLUE,aucun ATS détecté sur le site
bianca di,https://www.biancadi.com/,,,NON_RESOLUE,aucun ATS détecté sur le site
affenzahn,https://www.affenzahn.com/,,,NON_RESOLUE,aucun ATS détecté sur le site
aidan mattox by adrianna papell,https://www.adriannapapell.com/,,,NON_RESOLUE,aucun ATS détecté sur le site
beekind,https://www.gilchristsoames.com/collections/beekind.html,,,NON_RESOLUE,aucun ATS détecté sur le site
bellerose,https://www.bellerose.be/,,,NON_RESOLUE,site en erreur au probe
boa basics,https://boabasics.com.au/,,,NON_RESOLUE,aucun ATS détecté sur le site
ahimsa,https://ahimsahaircare.com/?srsltid=AfmBOop7fVQpyOJx8VSQ3D9wImDHI2rYXtFa6JgyG0CZMpMWfXfibCqL,,,NON_RESOLUE,aucun ATS détecté sur le site
bindi,https://www.sust.nl/,,,NON_RESOLUE,aucun ATS détecté sur le site
belly's candle co.,http://www.bellyscandleco.com/,,,NON_RESOLUE,site en erreur au probe
bailey nelson,https://baileynelson.com/,,,NON_RESOLUE,aucun ATS détecté sur le site
blossom essentials,https://tryblossom.com/,,,NON_RESOLUE,aucun ATS détecté sur le site
blancheporte,https://www.blancheporte.fr/,,,NON_RESOLUE,site en erreur au probe
b futurist,https://bfuturist.com/,,,NON_RESOLUE,aucun ATS détecté sur le site
binda italia,http://www.bindagroup.com/,,,NON_RESOLUE,aucun ATS détecté sur le site
bravado designs,https://www.bravadodesigns.com/,,,NON_RESOLUE,aucun ATS détecté sur le site
biotechbeauty,https://biotechbeautyus.com/,,,NON_RESOLUE,aucun ATS détecté sur le site
blackhead,https://www.blackheadshop.com/,,,NON_RESOLUE,aucun ATS détecté sur le site
benetton,http://www.benetton.com/,,,NON_RESOLUE,aucun ATS détecté sur le site
bluemercury,https://www.bluemercury.com/,,,NON_RESOLUE,site en erreur au probe
bershka,https://www.bershka.com/,,,NON_RESOLUE,site en erreur au probe
bogika,https://bogika.com.ua/,,,NON_RESOLUE,aucun ATS détecté sur le site
bernardo,https://bernardofashions.com/,,,NON_RESOLUE,aucun ATS détecté sur le site
batistine,https://www.batistine.com/,,,NON_RESOLUE,aucun ATS détecté sur le site
bigotre,https://bigotre.com/#shop?utm_source=GoodOnYou%20App&utm_medium=Referral,,,NON_RESOLUE,aucun ATS détecté sur le site
blush,http://mattercompany.com/,,,NON_RESOLUE,aucun ATS détecté sur le site
browtopia®️,https://minxandthemage.com/,,,NON_RESOLUE,aucun ATS détecté sur le site
balsais,https://balsais.com/,,,NON_RESOLUE,aucun ATS détecté sur le site
bee & alpaca,http://www.beeandalpaca.com/,,,NON_RESOLUE,aucun ATS détecté sur le site
bodyography,https://www.bodyography.com/,,,NON_RESOLUE,aucun ATS détecté sur le site
bel&bo,https://www.bel-bo.be/,,,NON_RESOLUE,site en erreur au probe
black white beige,https://www.blackwhitebeige.com/,,,NON_RESOLUE,aucun ATS détecté sur le site
beetles gel polish,https://www.beetlesgel.com/,,,NON_RESOLUE,aucun ATS détecté sur le site
bloodknot & co,https://bloodknotandco.au/,,,NON_RESOLUE,aucun ATS détecté sur le site
bluemarble,https://bluemarbleparis.com/,,,NON_RESOLUE,aucun ATS détecté sur le site
bonita,https://www.bonita.de/,,,NON_RESOLUE,aucun ATS détecté sur le site
bomboogie,https://www.bomboogie.com/,,,NON_RESOLUE,aucun ATS détecté sur le site
basefield,https://www.basefield.de/,,,NON_RESOLUE,aucun ATS détecté sur le site
boswellness,https://www.boswellness.com/,,,NON_RESOLUE,aucun ATS détecté sur le site
britt sisseck,https://brittsisseck.com/,,,NON_RESOLUE,aucun ATS détecté sur le site
bhava,https://bhavastudio.com/?oid=307&affid=1&source_id=GoY-rating&sub1=brandpage,,,NON_RESOLUE,aucun ATS détecté sur le site
bathen,https://bathenshop.com/,,,NON_RESOLUE,aucun ATS détecté sur le site
bloomings,https://www.bloomings.eu/,,,NON_RESOLUE,aucun ATS détecté sur le site
böhmer schuhe,https://www.boehmer-schuhe-ludwigsburg.de/,,,NON_RESOLUE,aucun ATS détecté sur le site
boden,https://eu.boden.com/,,,NON_RESOLUE,aucun ATS détecté sur le site
algori,https://algoribrand.com/,,,NON_RESOLUE,aucun ATS détecté sur le site
alcaçuz,https://www.alcacuz.com.br/,,,NON_RESOLUE,aucun ATS détecté sur le site
bodymed formulations,https://www.bodymedproducts.com/pages/bodymed-formulations,,,NON_RESOLUE,aucun ATS détecté sur le site
aldola,http://www.aldola.com/,,,NON_RESOLUE,site en erreur au probe
beth richards,https://www.bethrichards.com/,,,NON_RESOLUE,aucun ATS détecté sur le site
bellaire,http://bellaire.nl/,,,NON_RESOLUE,aucun ATS détecté sur le site
boots opticians,https://www.bootsopticians.com/,,,NON_RESOLUE,aucun ATS détecté sur le site
barbour,https://www.barbour.com/,,,NON_RESOLUE,aucun ATS détecté sur le site
alain afflelou,https://www.afflelou.es/,,,NON_RESOLUE,aucun ATS détecté sur le site
brandsseekers,https://brandsseekers.com/,,,NON_RESOLUE,aucun ATS détecté sur le site
berry jane,https://berryjaneusa.com/,,,NON_RESOLUE,site en erreur au probe
bhumi,https://bhumi.com.au/?oid=260&affid=1&source_id=GoY-rating&sub1=brandpage,,,NON_RESOLUE,aucun ATS détecté sur le site
berlin skin,http://www.berlinskin.com/,,,NON_RESOLUE,aucun ATS détecté sur le site
barrie,https://www.barrie.com/,,,NON_RESOLUE,aucun ATS détecté sur le site
bombón de algodón,https://www.bombondealgodon.com/,,,NON_RESOLUE,aucun ATS détecté sur le site
blooh,https://www.blooh.co/,,,NON_RESOLUE,aucun ATS détecté sur le site
bosideng,https://www.bosidengfashion.com/,,,NON_RESOLUE,aucun ATS détecté sur le site
bonne suits,https://bonnelife.com/,,,NON_RESOLUE,aucun ATS détecté sur le site
balibaris,https://www.balibaris.com/,,,NON_RESOLUE,aucun ATS détecté sur le site
black & brown,https://www.black-brown.com/,,,NON_RESOLUE,aucun ATS détecté sur le site
bourrienne paris,https://www.bourrienne.com/,,,NON_RESOLUE,aucun ATS détecté sur le site
biankina,https://biankina.com/,,,NON_RESOLUE,aucun ATS détecté sur le site
alaska glacial essentials,http://www.alaskaglacialmud.com/,,,NON_RESOLUE,aucun ATS détecté sur le site
bella mari,http://www.naturesbrands.com/,,,NON_RESOLUE,aucun ATS détecté sur le site
billion dollar beauty,http://billiondollarbeauty.com/,,,NON_RESOLUE,aucun ATS détecté sur le site
bioworld,https://www.bioworldind.com/,,,NON_RESOLUE,site en erreur au probe
blackhorse lane ateliers,https://blackhorselane.com/,,,NON_RESOLUE,aucun ATS détecté sur le site
bulaggi the bag,https://www.bulaggi.com/,,,NON_RESOLUE,site en erreur au probe
berenice,https://www.berenice.net/,,,NON_RESOLUE,aucun ATS détecté sur le site
booda organics,http://www.boodaorganics.com/,,,NON_RESOLUE,aucun ATS détecté sur le site
by parra,https://www.byparra.us/,,,NON_RESOLUE,aucun ATS détecté sur le site
bram's fruit,https://bramsfruit.com/,,,NON_RESOLUE,aucun ATS détecté sur le site
bon label,https://bonlabel.com.au/,,,NON_RESOLUE,aucun ATS détecté sur le site
brenda zaro,https://www.brendazaro.com/,,,NON_RESOLUE,aucun ATS détecté sur le site
bring,https://bring.org/,,,NON_RESOLUE,aucun ATS détecté sur le site
botana,https://botanabedding.com/,,,NON_RESOLUE,aucun ATS détecté sur le site
briglia blu,https://www.briglia1949.com/,,,NON_RESOLUE,aucun ATS détecté sur le site
be free by danielle fishel,https://befreebydaniellefishel.com/,,,NON_RESOLUE,aucun ATS détecté sur le site
blijdesteijn,http://blijdesteijn.nl/,,,NON_RESOLUE,aucun ATS détecté sur le site
bloomshell,https://bloomshell.co/,,,NON_RESOLUE,aucun ATS détecté sur le site
begley's,http://begleysbest.com/,,,NON_RESOLUE,aucun ATS détecté sur le site
bioderma,https://www.bioderma.jp/,,,NON_RESOLUE,aucun ATS détecté sur le site
bijoux cailloux,https://bijouxcailloux.fr/,,,NON_RESOLUE,aucun ATS détecté sur le site
bob,https://www.bobcompany.it/,,,NON_RESOLUE,site en erreur au probe
beyond pure,http://beyondpure.ca/,,,NON_RESOLUE,aucun ATS détecté sur le site
borntostandout,https://borntostandout.com/pages/gate,,,NON_RESOLUE,aucun ATS détecté sur le site
aldo martins,https://www.aldomartins.com/,,,NON_RESOLUE,aucun ATS détecté sur le site
borsalino,https://www.borsalino.com/,,,NON_RESOLUE,aucun ATS détecté sur le site
beachlife,https://beachlife.com/en/,,,NON_RESOLUE,aucun ATS détecté sur le site
bondi sands,https://www.bondisands.co.uk/,,,NON_RESOLUE,aucun ATS détecté sur le site
bobbi brown,https://www.bobbibrown.com.cn/,,,NON_RESOLUE,aucun ATS détecté sur le site
barone,https://www.baronefirenze.com/,,,NON_RESOLUE,aucun ATS détecté sur le site
boho and bowie,https://bohoandbowie.com/,,,NON_RESOLUE,aucun ATS détecté sur le site
beauty by earth,https://beautybyearth.com/,,,NON_RESOLUE,aucun ATS détecté sur le site
billie swim,https://www.billieswim.com/,,,NON_RESOLUE,aucun ATS détecté sur le site
booksy,https://booksy.com/,,,NON_RESOLUE,aucun ATS détecté sur le site
bocage,https://www.bocage.eu/,,,NON_RESOLUE,aucun ATS détecté sur le site
blush lotus,https://www.blushlotus.com/,,,NON_RESOLUE,aucun ATS détecté sur le site
bua organics,http://buaorganics.com/,,,NON_RESOLUE,aucun ATS détecté sur le site
bronx native,https://bronxnativeshop.com/,,,NON_RESOLUE,aucun ATS détecté sur le site
bee good do good,http://www.vetiversolutions.org/,,,NON_RESOLUE,aucun ATS détecté sur le site
basic apparel,https://basicapparel.com/,,,NON_RESOLUE,aucun ATS détecté sur le site
black bananas,https://www.blackbananas.com/,,,NON_RESOLUE,aucun ATS détecté sur le site
beauty art world,https://bawcosmetics.com/,,,NON_RESOLUE,aucun ATS détecté sur le site
bruno banani,https://www.brunobanani.com/,,,NON_RESOLUE,aucun ATS détecté sur le site
bloch,https://eu.blochworld.com/,,,NON_RESOLUE,aucun ATS détecté sur le site
blackstone,https://www.blackstonefootwear.com/en/,,,NON_RESOLUE,aucun ATS détecté sur le site
birddogs,https://www.birddogs.com/,,,NON_RESOLUE,site en erreur au probe
bleue burnham,https://bleueburnham.com/,,,NON_RESOLUE,aucun ATS détecté sur le site
azrul ananda,https://www.happywednesday.id/,,,NON_RESOLUE,aucun ATS détecté sur le site
boho aromatic,http://www.bohoaromatic.com/,,,NON_RESOLUE,aucun ATS détecté sur le site
blutsgeschwister,https://www.blutsgeschwister.de/,,,NON_RESOLUE,aucun ATS détecté sur le site
burberry,https://uk.burberry.com/,,,NON_RESOLUE,aucun ATS détecté sur le site
akoiaswim,https://akoiaswim.com/,,,NON_RESOLUE,aucun ATS détecté sur le site
biku design,https://www.bikudesigns.com/,,,NON_RESOLUE,aucun ATS détecté sur le site
blipers,http://www.blipers.it/,,,NON_RESOLUE,aucun ATS détecté sur le site
before,https://beforecompany.com/,,,NON_RESOLUE,aucun ATS détecté sur le site
boneless,https://weibo.com/p/1006065537888483/home,,,NON_RESOLUE,aucun ATS détecté sur le site
bulldog natural skincare,http://www.bulldogskincare.com/,,,NON_RESOLUE,aucun ATS détecté sur le site
billebeino,https://www.billebeino.com/,,,NON_RESOLUE,aucun ATS détecté sur le site
admire my skin,https://www.admiremyskin.com/,,,NON_RESOLUE,site en erreur au probe
botanicals unleashed,http://www.dancingdingo.com/,,,NON_RESOLUE,aucun ATS détecté sur le site
browns of york,http://www.brownsyork.co.uk/,,,NON_RESOLUE,aucun ATS détecté sur le site
baodao group,https://www.eyesmart.com.tw/,,,NON_RESOLUE,aucun ATS détecté sur le site
boyish,https://www.boyish.com/,,,NON_RESOLUE,aucun ATS détecté sur le site
borneo paris,https://www.borneo-paris.com/?oid=362&affid=1&source_id=GoY-rating&sub1=brandpage,,,NON_RESOLUE,site en erreur au probe
brinker & eliza,https://brinkerandeliza.com/,,,NON_RESOLUE,aucun ATS détecté sur le site
busnel,https://www.busnel.com/,,,NON_RESOLUE,aucun ATS détecté sur le site
blažek,https://www.blazek.cz/,,,NON_RESOLUE,aucun ATS détecté sur le site
blume,http://blume.com/,,,NON_RESOLUE,aucun ATS détecté sur le site
bisous skateboards,https://bisousskateboards.com/,,,NON_RESOLUE,aucun ATS détecté sur le site
bolsa nova,https://www.bolsanovahandbags.com/,,,NON_RESOLUE,site en erreur au probe
boohoo group,https://www.boohoo.com/,,,NON_RESOLUE,aucun ATS détecté sur le site
byredo,https://www.byredo.com/,,,NON_RESOLUE,aucun ATS détecté sur le site
agazi,https://agazi.eu/?oid=361&affid=1&source_id=GoY-rating&sub1=brandpage,,,NON_RESOLUE,aucun ATS détecté sur le site
braun büffel,https://www.braun-bueffel.com/,,,NON_RESOLUE,aucun ATS détecté sur le site
bukuro,https://www.mybukuro.com/,,,NON_RESOLUE,aucun ATS détecté sur le site
bait,https://baitme.jp/,,,NON_RESOLUE,aucun ATS détecté sur le site
cache cœur,https://www.cachecoeurlingerie.com/,,,NON_RESOLUE,site en erreur au probe
bayflow,https://www.bayflow.jp/,,,NON_RESOLUE,site en erreur au probe
calliope by megan moroney,https://fragrancebymeganmoroney.com/,,,NON_RESOLUE,aucun ATS détecté sur le site
bruno magli,https://www.brunomagli.com/,,,NON_RESOLUE,aucun ATS détecté sur le site
bleuforêt,https://www.bleuforet.fr/,,,NON_RESOLUE,site en erreur au probe
bitte kai rand,https://www.bittekairand.com/,,,NON_RESOLUE,aucun ATS détecté sur le site
booie beauty,https://booie.com/,,,NON_RESOLUE,aucun ATS détecté sur le site
blackbear apparel,https://blackbear.ink/shop,,,NON_RESOLUE,aucun ATS détecté sur le site
b nosy,https://www.b-nosy.com/,,,NON_RESOLUE,aucun ATS détecté sur le site
belluna,https://belluna.nl/,,,NON_RESOLUE,aucun ATS détecté sur le site
boucheron,https://www.boucheron.com/,,,NON_RESOLUE,aucun ATS détecté sur le site
bohemian dream,https://bohemiandream.in/,,,NON_RESOLUE,aucun ATS détecté sur le site
blanche cph,https://blanchecph.com/,,,NON_RESOLUE,aucun ATS détecté sur le site
by pariah,https://bypariah.com/,,,NON_RESOLUE,aucun ATS détecté sur le site
bella vida santa barbara,http://www.bellavidasb.com/,,,NON_RESOLUE,aucun ATS détecté sur le site
botter,https://botter.world/,,,NON_RESOLUE,aucun ATS détecté sur le site
bonpoint,https://www.bonpoint.com/,,,NON_RESOLUE,aucun ATS détecté sur le site
baum und pferdgarten,https://www.baumundpferdgarten.com/,,,NON_RESOLUE,site en erreur au probe
blu & green,http://www.bluandgreen.com/,,,NON_RESOLUE,aucun ATS détecté sur le site
barton bangladesh,https://bartonbangladesh.com/,,,NON_RESOLUE,aucun ATS détecté sur le site
british knights,https://www.britishknights.com/,,,NON_RESOLUE,aucun ATS détecté sur le site
bibico,https://www.bibico.co.uk/,,,NON_RESOLUE,aucun ATS détecté sur le site
back to earth,https://backtoearthskin.com/en-ca,,,NON_RESOLUE,aucun ATS détecté sur le site
bode,https://www.bodenewyork.com/,,,NON_RESOLUE,aucun ATS détecté sur le site
california naturals,http://thecalifornianaturals.com/,,,NON_RESOLUE,aucun ATS détecté sur le site
belle & bloom,https://www.belleandbloom.com/,,,NON_RESOLUE,aucun ATS détecté sur le site
boston,https://www.bostonwear.com/es/,,,NON_RESOLUE,aucun ATS détecté sur le site
boyzz only,http://www.boyzzonly.com/,,,NON_RESOLUE,aucun ATS détecté sur le site
bernstock speirs,https://bernstockspeirs.com/,,,NON_RESOLUE,aucun ATS détecté sur le site
cape union mart,https://www.capeunionmart.co.za/,,,NON_RESOLUE,aucun ATS détecté sur le site
accurist,https://www.accurist.co.uk/,,,NON_RESOLUE,site en erreur au probe
breeze,https://www.fo-kids.co.jp/shop/breeze/,,,NON_RESOLUE,site en erreur au probe
breastflower,https://www.breastflower.com/,,,NON_RESOLUE,aucun ATS détecté sur le site
body b beautiful,http://www.bodybbeautiful.com/,,,NON_RESOLUE,aucun ATS détecté sur le site
bearded coast,https://beardedcoast.com/,,,NON_RESOLUE,aucun ATS détecté sur le site
biofor hungary,https://biofor.hu/,,,NON_RESOLUE,aucun ATS détecté sur le site
botanical bliss natural skincare,https://botanicalblissskincare.com/,,,NON_RESOLUE,aucun ATS détecté sur le site
balyy,https://www.fashion4wellness.com/balyy,,,NON_RESOLUE,site en erreur au probe
bozena jankowska,https://www.bozenajankowska.com/,,,NON_RESOLUE,aucun ATS détecté sur le site
bloomeffects,https://bloomeffects.com/,,,NON_RESOLUE,aucun ATS détecté sur le site
baume et mercier,https://www.baume-et-mercier.com/,,,NON_RESOLUE,site en erreur au probe
beach bunny,https://www.beachbunnyswimwear.com/,,,NON_RESOLUE,aucun ATS détecté sur le site
blundstone,https://www.blundstone.nl/,,,NON_RESOLUE,aucun ATS détecté sur le site
blanknyc,https://www.blanknyc.com/,,,NON_RESOLUE,aucun ATS détecté sur le site
bricktown,https://www.bricktownworld.com/,,,NON_RESOLUE,aucun ATS détecté sur le site
beauty without cruelty,http://www.beautywithoutcruelty.com/,,,NON_RESOLUE,aucun ATS détecté sur le site
bo doir,https://www.bodoir.nl/,,,NON_RESOLUE,aucun ATS détecté sur le site
bayo,http://www.bayo.com.ph/,,,NON_RESOLUE,aucun ATS détecté sur le site
bonne gueule,https://www.bonnegueule.fr/,,,NON_RESOLUE,aucun ATS détecté sur le site
bottega verde,https://www.bottegaverde.it/,,,NON_RESOLUE,aucun ATS détecté sur le site
brandit,https://www.brandit-wear.com/,,,NON_RESOLUE,aucun ATS détecté sur le site
calzeat,https://www.calzeat.com/,,,NON_RESOLUE,aucun ATS détecté sur le site
bohovaikai,https://www.bohovaikai.lt/,,,NON_RESOLUE,aucun ATS détecté sur le site
becksöndergaard,https://www.becksondergaard.com/,,,NON_RESOLUE,aucun ATS détecté sur le site
black moon cosmetics,http://www.blackmooncosmetics.com/,,,NON_RESOLUE,aucun ATS détecté sur le site
bejou,https://bejou.co/,,,NON_RESOLUE,aucun ATS détecté sur le site
bon'a parte,https://www.bonaparteshop.com/,,,NON_RESOLUE,aucun ATS détecté sur le site
beauty pie,https://www.beautypie.com/,,,NON_RESOLUE,aucun ATS détecté sur le site
bewildher fitwear,https://www.bewildher.com/,,,NON_RESOLUE,aucun ATS détecté sur le site
bobo global,https://boboglobal.com/,,,NON_RESOLUE,aucun ATS détecté sur le site
caduné,http://cadune.jp/,,,NON_RESOLUE,aucun ATS détecté sur le site
bsiee,https://weibo.com/u/7491446051,,,NON_RESOLUE,aucun ATS détecté sur le site
alicia audrey,https://aliciaaudreycollection.com/,,,NON_RESOLUE,aucun ATS détecté sur le site
bonton,https://www.bonton.fr/,,,NON_RESOLUE,aucun ATS détecté sur le site
boldwill,https://www.boldwill.com/?oid=266&affid=1&source_id=GoY-rating&sub1=brandpage,,,NON_RESOLUE,aucun ATS détecté sur le site
brilleland,https://www.brilleland.no/,,,NON_RESOLUE,aucun ATS détecté sur le site
brow bandit,http://browbandit.com/,,,NON_RESOLUE,aucun ATS détecté sur le site
beales,https://www.beales.co.uk/,,,NON_RESOLUE,aucun ATS détecté sur le site
beira,https://beira.scot/,,,NON_RESOLUE,aucun ATS détecté sur le site
canadian classics,https://www.canadianclassics.it/,,,NON_RESOLUE,aucun ATS détecté sur le site
brow art 23,https://browart23.com/,,,NON_RESOLUE,aucun ATS détecté sur le site
boma,https://www.bomajewelry.com/,,,NON_RESOLUE,aucun ATS détecté sur le site
bric-a-brac,https://www.bric-a-brac.se/,,,NON_RESOLUE,aucun ATS détecté sur le site
blonde gone rogue,https://blondegonerogue.com/,,,NON_RESOLUE,aucun ATS détecté sur le site
bulova watch company,http://www.bulova.com/,,,NON_RESOLUE,aucun ATS détecté sur le site
boob,https://www.boobdesign.com/,,,NON_RESOLUE,aucun ATS détecté sur le site
bohempia,https://bohempia.com/,,,NON_RESOLUE,aucun ATS détecté sur le site
casall,https://www.casall.com/,,,NON_RESOLUE,aucun ATS détecté sur le site
buckle& seam,https://buckleandseam.com/,,,NON_RESOLUE,aucun ATS détecté sur le site
bare all,http://www.bareallsoaps.com/,,,NON_RESOLUE,aucun ATS détecté sur le site
baleaf,https://www.baleaf.com/,,,NON_RESOLUE,aucun ATS détecté sur le site
benedetta bruzziches,https://benedettabruzziches.com/,,,NON_RESOLUE,aucun ATS détecté sur le site
brunello cucinelli,https://www.brunellocucinelli.com/,,,NON_RESOLUE,aucun ATS détecté sur le site
bikini hut bali,https://bikinihutbali.com/,,,NON_RESOLUE,aucun ATS détecté sur le site
bootlegger,https://www.bootlegger.com/,,,NON_RESOLUE,aucun ATS détecté sur le site
bh dermcenter,https://losangelesbrands.com/collections/bh-dermcenter-skincare/,,,NON_RESOLUE,aucun ATS détecté sur le site
bugatti,https://www.bugatti-fashion.com/,,,NON_RESOLUE,site en erreur au probe
cape horn,https://www.capehorn.it/,,,NON_RESOLUE,aucun ATS détecté sur le site
bombon spain,https://bombonspain.com/,,,NON_RESOLUE,aucun ATS détecté sur le site
buffout,https://buffout.life/,,,NON_RESOLUE,aucun ATS détecté sur le site
boomba,https://getboomba.com/,,,NON_RESOLUE,aucun ATS détecté sur le site
bluemint,https://www.bluemint.com/,,,NON_RESOLUE,aucun ATS détecté sur le site
by elleven,https://www.byelleven.co.uk/,,,NON_RESOLUE,aucun ATS détecté sur le site
beautystat cosmetics,https://beautystat.com/,,,NON_RESOLUE,aucun ATS détecté sur le site
brndwrks,https://www.brndwrks.eu/,,,NON_RESOLUE,aucun ATS détecté sur le site
bushman,https://bushman.cz/,,,NON_RESOLUE,aucun ATS détecté sur le site
body wild,https://www.gunze.jp/bodywild/,,,NON_RESOLUE,aucun ATS détecté sur le site
boadicea the victorious,https://boadiceaperfume.com/,,,NON_RESOLUE,aucun ATS détecté sur le site
band of rascals,https://www.band-of-rascals.com/,,,NON_RESOLUE,aucun ATS détecté sur le site
bonova,https://bonova.shop/,,,NON_RESOLUE,aucun ATS détecté sur le site
botanical rush llc,http://botanicalrush.com/,,,NON_RESOLUE,aucun ATS détecté sur le site
alex perry,https://www.alexperry.com.au/,,,NON_RESOLUE,aucun ATS détecté sur le site
capo,https://www.capo-austria.com/,,,NON_RESOLUE,aucun ATS détecté sur le site
bur bur,http://burburcare.com/,,,NON_RESOLUE,aucun ATS détecté sur le site
bottletop,https://bottletop.org/,,,NON_RESOLUE,aucun ATS détecté sur le site
briogeo,http://briogeohair.com/,,,NON_RESOLUE,aucun ATS détecté sur le site
by borre,https://byborre.com/,,,NON_RESOLUE,aucun ATS détecté sur le site
billi bi,https://billibi.com/,,,NON_RESOLUE,aucun ATS détecté sur le site
besocks,https://besocks.com/,,,NON_RESOLUE,aucun ATS détecté sur le site
benson shoes,https://benson-shoes.com/,,,NON_RESOLUE,aucun ATS détecté sur le site
carpisa,https://www.carpisa.it/,,,NON_RESOLUE,aucun ATS détecté sur le site
cenci pelletterie,https://en.cencipelletterie.com/,,,NON_RESOLUE,aucun ATS détecté sur le site
bon worth,https://bonworth.com/,,,NON_RESOLUE,site en erreur au probe
bed&breakfast,https://greed.co.jp/,,,NON_RESOLUE,site en erreur au probe
bull & berry,https://www.bullandberry.de/,,,NON_RESOLUE,aucun ATS détecté sur le site
boscana,https://www.boscana.de/,,,NON_RESOLUE,aucun ATS détecté sur le site
bouffante,https://www.bouffante.nl/,,,NON_RESOLUE,site en erreur au probe
boxeur des rues,https://www.boxeurdesrues.com/eu/,,,NON_RESOLUE,site en erreur au probe
buccellati holding italia,https://www.buccellati.com/,,,NON_RESOLUE,aucun ATS détecté sur le site
breil,https://www.breil.com/,,,NON_RESOLUE,aucun ATS détecté sur le site
brotege,http://www.brotege.com/,,,NON_RESOLUE,aucun ATS détecté sur le site
bonds,https://www.bonds.com/,,,NON_RESOLUE,aucun ATS détecté sur le site
bella | ha,https://bellaha.com/,,,NON_RESOLUE,aucun ATS détecté sur le site
boteh,https://boteh.com.au/,,,NON_RESOLUE,aucun ATS détecté sur le site
boston proper,https://www.bostonproper.com/,,,NON_RESOLUE,aucun ATS détecté sur le site
brixy,http://www.gobrixy.com/,,,NON_RESOLUE,aucun ATS détecté sur le site
boozt,https://www.boozt.com/,,,NON_RESOLUE,aucun ATS détecté sur le site
brunocenere,https://brunocenere.com/,,,NON_RESOLUE,aucun ATS détecté sur le site
better not younger,http://www.better-notyounger.com/,,,NON_RESOLUE,aucun ATS détecté sur le site
bbase,https://bbase.com.hk/,,,NON_RESOLUE,aucun ATS détecté sur le site
bolon eyewear,https://boloneyewear.com/,,,NON_RESOLUE,aucun ATS détecté sur le site
castro,https://www.castro.com/,,,NON_RESOLUE,aucun ATS détecté sur le site
brandon maxwell,https://www.brandonmaxwellonline.com/,,,NON_RESOLUE,aucun ATS détecté sur le site
carlton london,https://carltonlondon.co.in/,,,NON_RESOLUE,site en erreur au probe
bianca spender,https://www.biancaspender.com/,,,NON_RESOLUE,aucun ATS détecté sur le site
by the way  your hair looks fabulous,http://www.thebtwco.com/,,,NON_RESOLUE,aucun ATS détecté sur le site
brasi&brasi,https://www.brasibrasi.com/,,,NON_RESOLUE,aucun ATS détecté sur le site
casely-hayford,https://casely-hayford.com/,,,NON_RESOLUE,aucun ATS détecté sur le site
carlie ballard,https://carlieballard.com/,,,NON_RESOLUE,site en erreur au probe
caftari,https://caftari.com/,,,NON_RESOLUE,aucun ATS détecté sur le site
brakeburn,https://www.brakeburn.com/,,,NON_RESOLUE,aucun ATS détecté sur le site
alé,https://alecycling.com/,,,NON_RESOLUE,aucun ATS détecté sur le site
cécile canj,https://cecilecanj.com/,,,NON_RESOLUE,aucun ATS détecté sur le site
bubbles & balms,https://www.bubblesandbalms.ca/,,,NON_RESOLUE,aucun ATS détecté sur le site
bio follicle vegan plant derived hair products,http://www.biofollicle.com/,,,NON_RESOLUE,aucun ATS détecté sur le site
bovet fleurier,https://bovet.com/,,,NON_RESOLUE,site en erreur au probe
boemos,http://www.boemos.it/,,,NON_RESOLUE,aucun ATS détecté sur le site
boody,https://boodywear.co.za/,,,NON_RESOLUE,aucun ATS détecté sur le site
bulwark,https://www.bulwark.com/,,,NON_RESOLUE,aucun ATS détecté sur le site
cad-b makeup and skincare,http://cad-b.com/,,,NON_RESOLUE,aucun ATS détecté sur le site
borovo,https://www.borovo.hr/,,,NON_RESOLUE,aucun ATS détecté sur le site
cam cam,https://camcamcopenhagen.com/,,,NON_RESOLUE,aucun ATS détecté sur le site
birthday,https://www.s-birthday.com/,,,NON_RESOLUE,site en erreur au probe
biagini 1968,https://www.biagini1968.com/,,,NON_RESOLUE,aucun ATS détecté sur le site
bottega chilometri zero,https://www.bottegachilometrizero.com/,,,NON_RESOLUE,aucun ATS détecté sur le site
brett johnson,https://brettjohnson.co/,,,NON_RESOLUE,aucun ATS détecté sur le site
by-bar,https://www.shop-by-bar.nl/,,,NON_RESOLUE,site en erreur au probe
blake brown,https://blakebrownbeauty.com/,,,NON_RESOLUE,aucun ATS détecté sur le site
brbl,https://www.brbl.net/,,,NON_RESOLUE,aucun ATS détecté sur le site
blakely,https://eu.blakelyclothing.com/,,,NON_RESOLUE,aucun ATS détecté sur le site
brantano footwear,http://www.brantano.com/,,,NON_RESOLUE,aucun ATS détecté sur le site
beau d.,http://beau-d.com/,,,NON_RESOLUE,aucun ATS détecté sur le site
bvb fanshop,https://shop.bvb.de/en-gb,,,NON_RESOLUE,aucun ATS détecté sur le site
brooks,https://www.brooksrunning.com/en_us/,,,NON_RESOLUE,site en erreur au probe
c.h. jewelry,https://www.chjewelry.co/,,,NON_RESOLUE,aucun ATS détecté sur le site
burgeon outdoor,https://www.burgeonoutdoor.com/,,,NON_RESOLUE,aucun ATS détecté sur le site
body london,https://bodylondonco.com/,,,NON_RESOLUE,aucun ATS détecté sur le site
by-bar amsterdam,https://www.shop-by-bar.nl/,,,NON_RESOLUE,site en erreur au probe
biossance,https://www.biossance.com/,,,NON_RESOLUE,aucun ATS détecté sur le site
british fashion council,http://www.britishfashioncouncil.co.uk/,,,NON_RESOLUE,aucun ATS détecté sur le site
caes,https://www.caes-store.com/,,,NON_RESOLUE,aucun ATS détecté sur le site
black by moussy,https://www.ec-store.net/sws/r/rBLK/,,,NON_RESOLUE,aucun ATS détecté sur le site
casagin,https://www.casagin.com/?oid=161&affid=1&source_id=GoY-rating&sub1=brandpage,,,NON_RESOLUE,aucun ATS détecté sur le site
calou,https://calou.se/,,,NON_RESOLUE,aucun ATS détecté sur le site
cabochon,https://cabochon.ae/,,,NON_RESOLUE,aucun ATS détecté sur le site
boux avenue,https://www.bouxavenue.com/,,,NON_RESOLUE,site en erreur au probe
bufandy,https://www.bufandy.com/,,,NON_RESOLUE,aucun ATS détecté sur le site
catherine rowe designs,https://www.catherinerowedesigns.com/,,,NON_RESOLUE,aucun ATS détecté sur le site
blueberry,https://www.bluebeery.eu/,,,NON_RESOLUE,aucun ATS détecté sur le site
buddha to buddha,https://www.buddhatobuddha.com/,,,NON_RESOLUE,site en erreur au probe
bedi,https://bedistudios.com/?oid=233&affid=1&source_id=GoY-rating&sub1=brandpage,,,NON_RESOLUE,aucun ATS détecté sur le site
blissful organix,http://www.blissfulorganix.com/,,,NON_RESOLUE,aucun ATS détecté sur le site
brooklyn denim co,https://brooklyndenimco.com/,,,NON_RESOLUE,aucun ATS détecté sur le site
bushy,https://www.bushyunderwear.com/,,,NON_RESOLUE,aucun ATS détecté sur le site
cadolle,https://www.cadolle.com/,,,NON_RESOLUE,aucun ATS détecté sur le site
botier,http://botierofficial.com/,,,NON_RESOLUE,aucun ATS détecté sur le site
chillax,https://chillax.co/,,,NON_RESOLUE,aucun ATS détecté sur le site
black yak,http://www.blackyak.com/,,,NON_RESOLUE,aucun ATS détecté sur le site
calzaturificio marino fabiani,https://marinofabiani.com/azienda/,,,NON_RESOLUE,site en erreur au probe
benvenuto,https://www.benvenuto.de/,,,NON_RESOLUE,aucun ATS détecté sur le site
cape clasp,https://www.capeclasp.com/,,,NON_RESOLUE,aucun ATS détecté sur le site
bluebella,https://www.bluebella.com/,,,NON_RESOLUE,aucun ATS détecté sur le site
body details,https://www.bodydetails.com/,,,NON_RESOLUE,aucun ATS détecté sur le site
bunnies jr,https://www.bunnies.nl/,,,NON_RESOLUE,aucun ATS détecté sur le site
byvalenti,https://www.byvalenti.com/,,,NON_RESOLUE,aucun ATS détecté sur le site
buttah,https://www.buttahskin.com/,,,NON_RESOLUE,aucun ATS détecté sur le site
bize,https://www.bizefashion.com/en/home/,,,NON_RESOLUE,aucun ATS détecté sur le site
bel essence,http://www.belessence.com/,,,NON_RESOLUE,aucun ATS détecté sur le site
christy dawn,https://christydawn.com/?oid=64&affid=1&source_id=GoY-rating&sub1=brandpage,,,NON_RESOLUE,aucun ATS détecté sur le site
camicissima,https://www.camicissima.it/,,,NON_RESOLUE,aucun ATS détecté sur le site
bn3th,https://www.bn3th.com/,,,NON_RESOLUE,aucun ATS détecté sur le site
capelli new york,https://www.capellinewyork.de/,,,NON_RESOLUE,aucun ATS détecté sur le site
bloome*,http://bloome.com/,,,NON_RESOLUE,aucun ATS détecté sur le site
canivro,https://www.canivro.com/,,,NON_RESOLUE,aucun ATS détecté sur le site
brunnaco,https://www.brunnaco.com/,,,NON_RESOLUE,aucun ATS détecté sur le site
binder optik,https://www.binder-optik.de/,,,NON_RESOLUE,aucun ATS détecté sur le site
carlucce inc.,http://www.carlucce.com/,,,NON_RESOLUE,aucun ATS détecté sur le site
c.l. seifert,https://clseifert.com/,,,NON_RESOLUE,site en erreur au probe
beneshty,https://beneshty.com/,,,NON_RESOLUE,site en erreur au probe
black and gold,https://www.blackandgoldofficial.com/,,,NON_RESOLUE,aucun ATS détecté sur le site
bronzo sensualé organic suncare,http://bronzosensuale.com/,,,NON_RESOLUE,aucun ATS détecté sur le site
catherine regehr,https://catherineregehr.com/,,,NON_RESOLUE,aucun ATS détecté sur le site
cajoy,https://www.cajoy.com/,,,NON_RESOLUE,aucun ATS détecté sur le site
california biology,https://californiabiology.com/,,,NON_RESOLUE,aucun ATS détecté sur le site
c4n,http://crazy4new.com/en/,,,NON_RESOLUE,aucun ATS détecté sur le site
bella dahl,https://www.belladahl.com/,,,NON_RESOLUE,aucun ATS détecté sur le site
boka fragrance,https://bokafragrance.com/,,,NON_RESOLUE,aucun ATS détecté sur le site
christ,https://www.christ.de/,,,NON_RESOLUE,aucun ATS détecté sur le site
blaumax,https://www.blaumax.com/,,,NON_RESOLUE,aucun ATS détecté sur le site
bath & body works,https://www.bathandbodyworks.ca/,,,NON_RESOLUE,aucun ATS détecté sur le site
brickell men's products,https://www.brickellmensproducts.com/,,,NON_RESOLUE,site en erreur au probe
bondi born,https://bondiborn.com/,,,NON_RESOLUE,aucun ATS détecté sur le site
brow studio 7,https://www.browstudio7.com/,,,NON_RESOLUE,aucun ATS détecté sur le site
calpierre,https://www.calpierre.it/,,,NON_RESOLUE,aucun ATS détecté sur le site
capodimonti cashmere,http://www.capodimonticashmere.com/,,,NON_RESOLUE,aucun ATS détecté sur le site
caftanii,http://caftanii.it/,,,NON_RESOLUE,aucun ATS détecté sur le site
cashmere couture,https://simonebruns.com/,,,NON_RESOLUE,aucun ATS détecté sur le site
chums japan,https://www.chums.jp/,,,NON_RESOLUE,aucun ATS détecté sur le site
camille h,https://www.camille-h.com/,,,NON_RESOLUE,aucun ATS détecté sur le site
brava fabrics,https://bravafabrics.com/,,,NON_RESOLUE,aucun ATS détecté sur le site
caley-beth,https://caley-beth.com/,,,NON_RESOLUE,aucun ATS détecté sur le site
bobo choses,https://www.bobochoses.com/,,,NON_RESOLUE,site en erreur au probe
beppi,https://www.beppi.pt/,,,NON_RESOLUE,aucun ATS détecté sur le site
carlo carrizosa,https://carlocarrizosa.com/,,,NON_RESOLUE,aucun ATS détecté sur le site
big bud press,https://bigbudpress.com/,,,NON_RESOLUE,site en erreur au probe
blueport,https://www.blueport.de/,,,NON_RESOLUE,aucun ATS détecté sur le site
ceremonia,https://ceremonia.com/,,,NON_RESOLUE,site en erreur au probe
bracha,https://brachadesign.com/,,,NON_RESOLUE,aucun ATS détecté sur le site
charming charlie,https://charmingcharlie.com/,,,NON_RESOLUE,aucun ATS détecté sur le site
bolzr,https://www.bolzr.store/,,,NON_RESOLUE,aucun ATS détecté sur le site
biotechusa,https://shop.biotechusa.com/,,,NON_RESOLUE,aucun ATS détecté sur le site
bontoni,http://www.bontoni.com/,,,NON_RESOLUE,aucun ATS détecté sur le site
carmela,https://www.carmelashoes.com/,,,NON_RESOLUE,aucun ATS détecté sur le site
body drench,http://www.bodydrench.com/index.html,,,NON_RESOLUE,aucun ATS détecté sur le site
brother vellies,https://brothervellies.com/,,,NON_RESOLUE,aucun ATS détecté sur le site
brioni,http://www.brioni.com/,,,NON_RESOLUE,site en erreur au probe
bianco,https://www.bianco.com/,,,NON_RESOLUE,aucun ATS détecté sur le site
btartbox,http://btartboxnails.com/,,,NON_RESOLUE,site en erreur au probe
campus square,https://www.campusbrno.cz/,,,NON_RESOLUE,aucun ATS détecté sur le site
bukser jeans,https://bukserjeans.com/,,,NON_RESOLUE,aucun ATS détecté sur le site
camps & camps,https://www.campsencamps.nl/,,,NON_RESOLUE,aucun ATS détecté sur le site
c7skates,https://c7skates.com/,,,NON_RESOLUE,aucun ATS détecté sur le site
blackberrys,https://blackberrys.com/,,,NON_RESOLUE,aucun ATS détecté sur le site
camel active,https://www.camelactive.de/,,,NON_RESOLUE,aucun ATS détecté sur le site
charlie mae swimwear,https://www.charliemae.com.au/,,,NON_RESOLUE,aucun ATS détecté sur le site
bona dea naturals,https://bonadeanaturals.com/,,,NON_RESOLUE,aucun ATS détecté sur le site
callaghan,https://www.callaghan.es/,,,NON_RESOLUE,aucun ATS détecté sur le site
bogdar,https://bogdar.com/,,,NON_RESOLUE,aucun ATS détecté sur le site
burgandi paris,https://burgandi-paris.com/,,,NON_RESOLUE,aucun ATS détecté sur le site
captain blankenship,https://captainblankenship.com/,,,NON_RESOLUE,aucun ATS détecté sur le site
be edgy,https://www.be-edgy.com/,,,NON_RESOLUE,aucun ATS détecté sur le site
bullboxer,https://www.bullboxer.com/,,,NON_RESOLUE,aucun ATS détecté sur le site
cavallaro napoli,https://www.cavallaronapoli.com/,,,NON_RESOLUE,site en erreur au probe
british vintage boxing,https://www.britishvintageboxing.com/,,,NON_RESOLUE,site en erreur au probe
canali,https://www.canali.com/,,,NON_RESOLUE,aucun ATS détecté sur le site
buga,https://www.buga.cz/,,,NON_RESOLUE,aucun ATS détecté sur le site
cariloha,https://www.cariloha.com/,,,NON_RESOLUE,site en erreur au probe
burju,https://burjushoes.com/,,,NON_RESOLUE,site en erreur au probe
bond no. 9,https://www.bondno9.com/,,,NON_RESOLUE,site en erreur au probe
caravana,https://www.caravana.land/,,,NON_RESOLUE,aucun ATS détecté sur le site
casas bahia,https://www.casasbahia.com.br/,,,NON_RESOLUE,site en erreur au probe
cara mila,https://cara-mila.com/,,,NON_RESOLUE,aucun ATS détecté sur le site
camille,https://www.camilleveganbags.com/,,,NON_RESOLUE,aucun ATS détecté sur le site
calisson little royals,https://www.calissonlittleroyals.com/,,,NON_RESOLUE,aucun ATS détecté sur le site
casadei,https://www.casadei.com/,,,NON_RESOLUE,aucun ATS détecté sur le site
cep,https://www.cepsports.net/,,,NON_RESOLUE,aucun ATS détecté sur le site
brütting,https://www.bruetting-diamond-brand.com/,,,NON_RESOLUE,aucun ATS détecté sur le site
btartboxnails,http://btartboxnails.com/,,,NON_RESOLUE,site en erreur au probe
carolglass,http://www.eyecare-health.com/,,,NON_RESOLUE,aucun ATS détecté sur le site
byza,https://byza.com/,,,NON_RESOLUE,aucun ATS détecté sur le site
by malene birger,https://www.bymalenebirger.com/,,,NON_RESOLUE,aucun ATS détecté sur le site
browluxe®,https://browluxe.ca/,,,NON_RESOLUE,aucun ATS détecté sur le site
by wendy,https://www.bywendy.cz/,,,NON_RESOLUE,aucun ATS détecté sur le site
cavallo,https://www.cavallo.info/,,,NON_RESOLUE,aucun ATS détecté sur le site
carat*,https://www.caratlondon.com/,,,NON_RESOLUE,site en erreur au probe
blind barber,http://blindbarber.com/,,,NON_RESOLUE,aucun ATS détecté sur le site
clodi,https://clodi.pl/,,,NON_RESOLUE,aucun ATS détecté sur le site
burban,https://www.burban.gr/,,,NON_RESOLUE,aucun ATS détecté sur le site
call it spring,https://www.callitspring.com/,,,NON_RESOLUE,aucun ATS détecté sur le site
borges & scott,https://borgesandscott.com/,,,NON_RESOLUE,site en erreur au probe
by billie,https://bybillie.com.au/,,,NON_RESOLUE,aucun ATS détecté sur le site
carpe,http://www.mycarpe.com/,,,NON_RESOLUE,aucun ATS détecté sur le site
born living yoga,https://bornlivingyoga.com/,,,NON_RESOLUE,site en erreur au probe
carolina herrera,https://www.carolinaherrera.com/,,,NON_RESOLUE,aucun ATS détecté sur le site
bosanova,https://www.bosanova.es/en/,,,NON_RESOLUE,aucun ATS détecté sur le site
cadini,https://www.cadini.com/,,,NON_RESOLUE,aucun ATS détecté sur le site
cero & etage,https://www.cero-etage.dk/,,,NON_RESOLUE,aucun ATS détecté sur le site
bytom,https://bytom.com.pl/,,,NON_RESOLUE,aucun ATS détecté sur le site
boyd's of texas,https://boydsoftexas.com/,,,NON_RESOLUE,aucun ATS détecté sur le site
cocojojo,http://www.cocojojo.com/,,,NON_RESOLUE,aucun ATS détecté sur le site
boom beauty,https://boombeauty.com/collections/shop-all?view=cw-shop-all,,,NON_RESOLUE,aucun ATS détecté sur le site
citra solv,http://www.citrasolv.com/,,,NON_RESOLUE,aucun ATS détecté sur le site
byrd,https://byrdhair.com/?srsltid=AfmBOop3mhglDx5oOnFAdj0tOZnG9ifMB-KLH-ZuXzQIXyrP4tZxLRi3,,,NON_RESOLUE,aucun ATS détecté sur le site
cassels,https://cassels.se/,,,NON_RESOLUE,aucun ATS détecté sur le site
cabana,http://cabanacomfort.com/,,,NON_RESOLUE,aucun ATS détecté sur le site
blushlips,http://www.blushlips.com/,,,NON_RESOLUE,aucun ATS détecté sur le site
carpatree,https://carpatree.com/,,,NON_RESOLUE,site en erreur au probe
boboli,https://www.boboli.ie/,,,NON_RESOLUE,aucun ATS détecté sur le site
castle soap company,https://castlesoapcompany.com/,,,NON_RESOLUE,aucun ATS détecté sur le site
búho,https://buhobcn.com/en/,,,NON_RESOLUE,aucun ATS détecté sur le site
carine gilson,https://carinegilson.com/en/,,,NON_RESOLUE,site en erreur au probe
china glaze,http://chinaglaze.com/,,,NON_RESOLUE,aucun ATS détecté sur le site
castori,https://www.castorishoes.com/,,,NON_RESOLUE,aucun ATS détecté sur le site
brador,http://www.bradorshop.it/,,,NON_RESOLUE,aucun ATS détecté sur le site
cecil mcbee,http://www.j-im.jp/,,,NON_RESOLUE,aucun ATS détecté sur le site
casio,https://www.casio.co.jp/,,,NON_RESOLUE,aucun ATS détecté sur le site
carvela,https://www.carvela.com/,,,NON_RESOLUE,site en erreur au probe
carpet company,https://www.carpetco.us/,,,NON_RESOLUE,aucun ATS détecté sur le site
canary,https://www.canarycleanco.com/,,,NON_RESOLUE,aucun ATS détecté sur le site
beurre shea butter skincare,http://www.getbeurre.com/,,,NON_RESOLUE,aucun ATS détecté sur le site
cauldron apothecary,http://www.cauldronapothecary.shop/,,,NON_RESOLUE,aucun ATS détecté sur le site
bostonmints refreshing lipgloss,http://bostonmints.com/,,,NON_RESOLUE,aucun ATS détecté sur le site
boho yaşam,https://bohoyasam.com/en,,,NON_RESOLUE,site en erreur au probe
clean glow co.,https://cleanglowcompany.com/,,,NON_RESOLUE,aucun ATS détecté sur le site
bundgaard,https://bundgaard-schuhe.de/,,,NON_RESOLUE,aucun ATS détecté sur le site
bombers original,https://www.bombers-original.com/,,,NON_RESOLUE,aucun ATS détecté sur le site
calliope,https://www.calliope.style/,,,NON_RESOLUE,aucun ATS détecté sur le site
bioclarity,http://bioclarity.com/,,,NON_RESOLUE,aucun ATS détecté sur le site
cake maternity,https://www.cakematernity.com/,,,NON_RESOLUE,site en erreur au probe
catherine colebrook,https://www.catherinecolebrook.com/,,,NON_RESOLUE,aucun ATS détecté sur le site
charmed aroma,https://ca.charmedaroma.com/,,,NON_RESOLUE,site en erreur au probe
bons baisers,https://www.bonsbaisers.paris/,,,NON_RESOLUE,aucun ATS détecté sur le site
camomilla milano,http://www.camomilla.it/,,,NON_RESOLUE,aucun ATS détecté sur le site
beauty bakerie,https://www.beautybakerie.com/,,,NON_RESOLUE,site en erreur au probe
botticelli,https://botticelli.es/,,,NON_RESOLUE,aucun ATS détecté sur le site
chuda skincare,http://www.chudaskincare.com/,,,NON_RESOLUE,aucun ATS détecté sur le site
catwalk junkie,https://catwalkjunkie.com/,,,NON_RESOLUE,site en erreur au probe
canela's homemade hair care,https://www.canelashomemadehaircare.com/,,,NON_RESOLUE,aucun ATS détecté sur le site
catar cottega,https://catarcottega.com/,,,NON_RESOLUE,site en erreur au probe
cat footwear,https://www.catfootwear.nl/,,,NON_RESOLUE,aucun ATS détecté sur le site
china gold,https://www.chnau99999.com/,,,NON_RESOLUE,aucun ATS détecté sur le site
careeon,http://careeon.com/,,,NON_RESOLUE,aucun ATS détecté sur le site
cecil,https://www.cecil.ch/,,,NON_RESOLUE,aucun ATS détecté sur le site
capaf,https://www.capaffirenze.com/,,,NON_RESOLUE,aucun ATS détecté sur le site
buffalo exchange,https://www.buffaloexchange.com/,,,NON_RESOLUE,aucun ATS détecté sur le site
chinese laundry,https://www.chineselaundry.com/,,,NON_RESOLUE,aucun ATS détecté sur le site
cg – club of gents,https://www.cg.fashion/,,,NON_RESOLUE,aucun ATS détecté sur le site
breathe,https://breathelifestyle.co.uk/,,,NON_RESOLUE,aucun ATS détecté sur le site
boomine,https://boomine-rgawdxe.gamma.site/,,,NON_RESOLUE,aucun ATS détecté sur le site
botanical republic,https://www.botanicalrepublic.com/,,,NON_RESOLUE,aucun ATS détecté sur le site
boyes,https://www.boyes.co.uk/,,,NON_RESOLUE,aucun ATS détecté sur le site
cellini,https://www.celliniluggage.co.za/,,,NON_RESOLUE,aucun ATS détecté sur le site
camélia forever,https://www.cameliaforever.com/,,,NON_RESOLUE,aucun ATS détecté sur le site
cellbone,https://www.cellbone.com/,,,NON_RESOLUE,aucun ATS détecté sur le site
bigger than beauty skincare®,https://thrivecausemetics.com/pages/bigger-than-beauty-skincare,,,NON_RESOLUE,aucun ATS détecté sur le site
brooksfield,https://www.brooksfield.com/,,,NON_RESOLUE,site en erreur au probe
carol turner collection,https://www.carolturnercollection.com/,,,NON_RESOLUE,aucun ATS détecté sur le site
black colour,https://www.blackcolour.dk/,,,NON_RESOLUE,site en erreur au probe
brew city botanicals,http://www.bcbotanicals.com/,,,NON_RESOLUE,aucun ATS détecté sur le site
budmil,https://budmil.eu/,,,NON_RESOLUE,aucun ATS détecté sur le site
birdbath,http://birdbathbodytreats.com/,,,NON_RESOLUE,aucun ATS détecté sur le site
chaco,https://www.chacos.com/,,,NON_RESOLUE,site en erreur au probe
car shoe,http://www.carshoe.com/,,,NON_RESOLUE,site en erreur au probe
charles j wahba,https://www.boydsmadisonave.com/collections/charles-wahba,,,NON_RESOLUE,aucun ATS détecté sur le site
charriol,https://www.charriol.com/,,,NON_RESOLUE,site en erreur au probe
bro fitwear,https://www.brofitwear.com.br/,,,NON_RESOLUE,aucun ATS détecté sur le site
city shirt co,https://cityshirt.co/,,,NON_RESOLUE,aucun ATS détecté sur le site
clean rebellion,https://cleanrebellion.com/,,,NON_RESOLUE,aucun ATS détecté sur le site
carlance,https://www.carlance.fr/,,,NON_RESOLUE,site en erreur au probe
cheeta teamwear pty ltd,https://cheetateamwear.com.au/,,,NON_RESOLUE,aucun ATS détecté sur le site
chet lo,https://www.chetlo.com/,,,NON_RESOLUE,aucun ATS détecté sur le site
buti,http://www.butipelletterie.com/,,,NON_RESOLUE,aucun ATS détecté sur le site
church's,https://www.church-footwear.com/,,,NON_RESOLUE,site en erreur au probe
champion,https://www.champion.com/,,,NON_RESOLUE,aucun ATS détecté sur le site
brighton collectibles,https://www.brighton.com/,,,NON_RESOLUE,site en erreur au probe
cambridge satchel co,https://www.cambridgesatchel.com/,,,NON_RESOLUE,aucun ATS détecté sur le site
blncd naturals,https://blncdnaturals.com/,,,NON_RESOLUE,aucun ATS détecté sur le site
cars jeans,https://www.carsjeans.nl/,,,NON_RESOLUE,site en erreur au probe
charli,https://www.charli.com/,,,NON_RESOLUE,site en erreur au probe
casselini,https://www.casselini.com/,,,NON_RESOLUE,aucun ATS détecté sur le site
by far,https://www.byfar.com/,,,NON_RESOLUE,site en erreur au probe
buzz,https://www.buzzsneakers.ro/,,,NON_RESOLUE,aucun ATS détecté sur le site
colourpop cosmetics,https://colourpop.com/,,,NON_RESOLUE,aucun ATS détecté sur le site
caboo paper products,https://cabooproducts.com/,,,NON_RESOLUE,aucun ATS détecté sur le site
chillouts,https://www.chillouts.de/,,,NON_RESOLUE,site en erreur au probe
byblos,https://byblosofficial.com/,,,NON_RESOLUE,site en erreur au probe
cleanboss,http://shopcleanboss.com/,,,NON_RESOLUE,aucun ATS détecté sur le site
cefinn,https://www.cefinn.com/,,,NON_RESOLUE,aucun ATS détecté sur le site
club manhattan,https://www.clubmanhattan.nl/,,,NON_RESOLUE,aucun ATS détecté sur le site
blackout,https://www.blackout.ch/,,,NON_RESOLUE,aucun ATS détecté sur le site
brora,https://www.broraonline.com/,,,NON_RESOLUE,site en erreur au probe
café leather,https://cafeleather.com/,,,NON_RESOLUE,aucun ATS détecté sur le site
colchester rubber co,https://www.colchesters.com/,,,NON_RESOLUE,aucun ATS détecté sur le site
brownie,https://www.browniespain.com/es,,,NON_RESOLUE,site en erreur au probe
bottomless,https://www.livebottomless.com/,,,NON_RESOLUE,aucun ATS détecté sur le site
chaykra,https://chaykra.com/,,,NON_RESOLUE,aucun ATS détecté sur le site
capital world group,https://capitalworldgroup.com/,,,NON_RESOLUE,aucun ATS détecté sur le site
buffalo industries,https://www.buffaloindustries.com/,,,NON_RESOLUE,aucun ATS détecté sur le site
chong hing jewelers,https://chpremier.com/,,,NON_RESOLUE,site en erreur au probe
candice cooper,https://www.candicecooper.com/,,,NON_RESOLUE,aucun ATS détecté sur le site
buki akomolafe,https://www.bukiakomolafe.com/,,,NON_RESOLUE,aucun ATS détecté sur le site
cee cee's closet,https://www.ceeceesclosetnyc.com/,,,NON_RESOLUE,aucun ATS détecté sur le site
christopher john rogers,https://christopherjohnrogers.com/,,,NON_RESOLUE,aucun ATS détecté sur le site
cahlumn,https://daytonajp.com/brands/,,,NON_RESOLUE,aucun ATS détecté sur le site
christian philip,https://christianphilip.com/,,,NON_RESOLUE,aucun ATS détecté sur le site
carolina machado,https://www.carolina-machado.com/,,,NON_RESOLUE,site en erreur au probe
bnsm,https://www.bnsm.de/,,,NON_RESOLUE,aucun ATS détecté sur le site
clubman,http://clubman.com/,,,NON_RESOLUE,aucun ATS détecté sur le site
bras n things,https://www.brasnthings.com/,,,NON_RESOLUE,aucun ATS détecté sur le site
cl,https://selflovebycl.ca/,,,NON_RESOLUE,aucun ATS détecté sur le site
chiki buttah products,http://www.chikibuttah.com/,,,NON_RESOLUE,aucun ATS détecté sur le site
burkely,https://www.burkely.nl/,,,NON_RESOLUE,site en erreur au probe
camila klein,https://www.camilaklein.com.br/,,,NON_RESOLUE,aucun ATS détecté sur le site
calista tools,http://calistatools.com/,,,NON_RESOLUE,aucun ATS détecté sur le site
caridei glove factory,https://www.caridei.it/,,,NON_RESOLUE,aucun ATS détecté sur le site
calle del mar,https://www.calledelmar.us/,,,NON_RESOLUE,aucun ATS détecté sur le site
cassandra hone,https://www.cassandrahone.com/,,,NON_RESOLUE,aucun ATS détecté sur le site
caldera + lab,http://www.calderalab.com/,,,NON_RESOLUE,aucun ATS détecté sur le site
chevignon,https://www.chevignon.fr/,,,NON_RESOLUE,aucun ATS détecté sur le site
bree,https://bree.com/,,,NON_RESOLUE,aucun ATS détecté sur le site
chnge,https://chnge.com/,,,NON_RESOLUE,aucun ATS détecté sur le site
buzz skincare co,http://buzzskincareco.com/,,,NON_RESOLUE,aucun ATS détecté sur le site
british indigo,https://www.verweij.com/,,,NON_RESOLUE,aucun ATS détecté sur le site
carhartt work in progress,https://us.carhartt-wip.com/,,,NON_RESOLUE,aucun ATS détecté sur le site
brandy melville,https://www.brandymelvilleusa.com/,,,NON_RESOLUE,aucun ATS détecté sur le site
cleango greengo inc.,https://cleangogreengo.com/,,,NON_RESOLUE,aucun ATS détecté sur le site
berlook,https://www.berlook.com/,,,NON_RESOLUE,site en erreur au probe
cfcl,https://www.cfcl.jp/,,,NON_RESOLUE,site en erreur au probe
cipo & baxx,https://www.cipoandbaxx.com/,,,NON_RESOLUE,aucun ATS détecté sur le site
cielvaa,https://www.cielvaa.com/,,,NON_RESOLUE,aucun ATS détecté sur le site
carolyn rowan,https://carolynrowancollection.com/,,,NON_RESOLUE,aucun ATS détecté sur le site
caibai,https://www.bjcaibai.com.cn/,,,NON_RESOLUE,aucun ATS détecté sur le site
blowfish malibu,https://www.phenomene.nl/,,,NON_RESOLUE,aucun ATS détecté sur le site
colette by colette hayman,https://www.colettehayman.com.au/,,,NON_RESOLUE,aucun ATS détecté sur le site
boda skins,https://bodaskins.eu.com/,,,NON_RESOLUE,aucun ATS détecté sur le site
contempo,https://contemposhop.co.za/,,,NON_RESOLUE,site en erreur au probe
cissi och selma,https://www.cissiochselma.se/,,,NON_RESOLUE,aucun ATS détecté sur le site
chi chi london,https://www.chichiclothing.com/,,,NON_RESOLUE,aucun ATS détecté sur le site
chapters of her  skincare by the rolling bell  llc,https://www.chaptersofherskincare.com/,,,NON_RESOLUE,aucun ATS détecté sur le site
casablanca,https://casablancaparis.com/,,,NON_RESOLUE,aucun ATS détecté sur le site
caripro,http://www.smilebrilliant.com/,,,NON_RESOLUE,aucun ATS détecté sur le site
chronotope,https://chronotope-perfume.com/,,,NON_RESOLUE,aucun ATS détecté sur le site
bh cosmetics,https://bh-cosm.com/,,,NON_RESOLUE,aucun ATS détecté sur le site
bolden,https://www.boldenusa.com/,,,NON_RESOLUE,aucun ATS détecté sur le site
cartoon,https://bettybarclay.com/,,,NON_RESOLUE,aucun ATS détecté sur le site
brisk,https://www.briskshirts.com/,,,NON_RESOLUE,aucun ATS détecté sur le site
caalo,https://store.caalo.studio/,,,NON_RESOLUE,aucun ATS détecté sur le site
canon quartz,https://canonquartz.com/,,,NON_RESOLUE,aucun ATS détecté sur le site
clay and olive skincare,https://clayandoliveskincare.com/,,,NON_RESOLUE,aucun ATS détecté sur le site
cacharel,http://cacharel.com/,,,NON_RESOLUE,aucun ATS détecté sur le site
comoli,https://www.comoli.jp/,,,NON_RESOLUE,aucun ATS détecté sur le site
by jam gioielli,https://byjam.nl/,,,NON_RESOLUE,site en erreur au probe
christina krämer,https://www.christinakraemer.com/,,,NON_RESOLUE,aucun ATS détecté sur le site
camisería burgos,https://camiseriaburgos.com/,,,NON_RESOLUE,aucun ATS détecté sur le site
carmen sol,https://carmensol.com/,,,NON_RESOLUE,aucun ATS détecté sur le site
carlo pignatelli,https://www.carlopignatelli.com/,,,NON_RESOLUE,aucun ATS détecté sur le site
camisaria colombo,https://www.camisariacolombo.com.br/,,,NON_RESOLUE,aucun ATS détecté sur le site
cinque,https://www.cinque.de/,,,NON_RESOLUE,aucun ATS détecté sur le site
caterpillar,https://catworkwear.com/,,,NON_RESOLUE,aucun ATS détecté sur le site
cks,https://www.cks-fashion.com/,,,NON_RESOLUE,aucun ATS détecté sur le site
clane,https://clane-design.com/,,,NON_RESOLUE,site en erreur au probe
bon clic bon genre,https://www.bon-clic-bon-genre.us/,,,NON_RESOLUE,aucun ATS détecté sur le site
coral sun,http://coralsun.net/,,,NON_RESOLUE,aucun ATS détecté sur le site
canadian outdoor equipment co.,https://www.canadianoutdoorequipment.com/,,,NON_RESOLUE,aucun ATS détecté sur le site
buckle,https://www.buckle.com/,,,NON_RESOLUE,aucun ATS détecté sur le site
comptoir des cotonniers,https://www.comptoirdescotonniers.eu/,,,NON_RESOLUE,site en erreur au probe
chloé,https://www.chloe.com/,,,NON_RESOLUE,site en erreur au probe
cascade theatre,http://www.cascadetheatre.org/,,,NON_RESOLUE,aucun ATS détecté sur le site
capuccino,https://capuccino-fashion.de/,,,NON_RESOLUE,aucun ATS détecté sur le site
corridor,https://corridornyc.com/,,,NON_RESOLUE,site en erreur au probe
cottonworld,https://cottonworld.net/,,,NON_RESOLUE,aucun ATS détecté sur le site
brunotti,https://www.brunotti.com/,,,NON_RESOLUE,site en erreur au probe
christian audette,https://christianaudette.com/,,,NON_RESOLUE,aucun ATS détecté sur le site
catimini,https://www.catimini.fr/,,,NON_RESOLUE,aucun ATS détecté sur le site
castaner,https://www.castaner.com/,,,NON_RESOLUE,site en erreur au probe
celestino,https://www.celestino.gr/,,,NON_RESOLUE,site en erreur au probe
cibadol,http://cibadol.com/,,,NON_RESOLUE,aucun ATS détecté sur le site
bushbalm,https://bushbalm.com/,,,NON_RESOLUE,aucun ATS détecté sur le site
clean beauty by joy,https://cleanbeautybyjoy.com/,,,NON_RESOLUE,aucun ATS détecté sur le site
calvin klein,https://www.ck.com/,,,NON_RESOLUE,site en erreur au probe
candy cottons store,https://candycottonstore.com/,,,NON_RESOLUE,aucun ATS détecté sur le site
bumama,https://bumama.com/,,,NON_RESOLUE,aucun ATS détecté sur le site
clean kiss,http://cleankisslifestyle.com/,,,NON_RESOLUE,aucun ATS détecté sur le site
catarina martins,https://www.catarinamartins.com/,,,NON_RESOLUE,aucun ATS détecté sur le site
cav empt,https://www.cavempt.com/,,,NON_RESOLUE,aucun ATS détecté sur le site
carducci,https://carducci.bg/,,,NON_RESOLUE,aucun ATS détecté sur le site
claesen's,https://www.claesens.com/,,,NON_RESOLUE,aucun ATS détecté sur le site
cashmirino,https://www.cashmirino.com/,,,NON_RESOLUE,site en erreur au probe
création gross gmbh & co. kg,https://creationgross.com/,,,NON_RESOLUE,aucun ATS détecté sur le site
classic cotton co,https://classiccotton.net/,,,NON_RESOLUE,aucun ATS détecté sur le site
club 24,http://club24fashion.com/,,,NON_RESOLUE,site en erreur au probe
celtic fusion,https://celticfusiondesign.com/,,,NON_RESOLUE,aucun ATS détecté sur le site
club l' avenir,https://www.clublavenir.com/,,,NON_RESOLUE,aucun ATS détecté sur le site
clio goldbrenner,https://www.cliogoldbrenner.com/,,,NON_RESOLUE,aucun ATS détecté sur le site
coperni,https://us.coperniparis.com/,,,NON_RESOLUE,aucun ATS détecté sur le site
bybba,https://bybba.com/,,,NON_RESOLUE,aucun ATS détecté sur le site
boo pala,https://boopala.com/,,,NON_RESOLUE,aucun ATS détecté sur le site
club of comfort,https://www.club-of-comfort.de/,,,NON_RESOLUE,aucun ATS détecté sur le site
bruun & stengade,https://bruunogstengade.dk/,,,NON_RESOLUE,site en erreur au probe
bungert,https://www.bungert-online.de/,,,NON_RESOLUE,aucun ATS détecté sur le site
carriwell,https://www.carriwell.com/,,,NON_RESOLUE,aucun ATS détecté sur le site
carolina bucci,https://carolinabucci.com/,,,NON_RESOLUE,site en erreur au probe
bzna,https://bzna.de/,,,NON_RESOLUE,aucun ATS détecté sur le site
cofucu,https://cofucu.com/,,,NON_RESOLUE,aucun ATS détecté sur le site
charlie constantinou,https://charlieconstantinou.com/,,,NON_RESOLUE,aucun ATS détecté sur le site
crying center,https://www.cryingcentertw.com/,,,NON_RESOLUE,aucun ATS détecté sur le site
command cosmetics,http://www.commandcosmetics.com/,,,NON_RESOLUE,aucun ATS détecté sur le site
char skincare,https://www.charskincare.com/,,,NON_RESOLUE,aucun ATS détecté sur le site
canussa,https://www.canussa.com/,,,NON_RESOLUE,aucun ATS détecté sur le site
cero nine,https://cero-nine.com/,,,NON_RESOLUE,aucun ATS détecté sur le site
cossac,https://cossac.co/?oid=200&affid=1&source_id=GoY-rating&sub1=brandpage,,,NON_RESOLUE,aucun ATS détecté sur le site
castafiore,https://castafiore.fr/,,,NON_RESOLUE,site en erreur au probe
botanicary skincare,https://botanicary.com/,,,NON_RESOLUE,aucun ATS détecté sur le site
careone,https://careone.in/,,,NON_RESOLUE,aucun ATS détecté sur le site
chelsea bravo,https://www.chelseabravo.com/,,,NON_RESOLUE,aucun ATS détecté sur le site
cq couture,https://www.cqcouture.com/,,,NON_RESOLUE,aucun ATS détecté sur le site
casco totes,https://cascototes.com/,,,NON_RESOLUE,aucun ATS détecté sur le site
cloth & co.,https://clothandco.co/,,,NON_RESOLUE,aucun ATS détecté sur le site
carry,https://carry.pl/,,,NON_RESOLUE,aucun ATS détecté sur le site
carl gross,https://carlgross.com/,,,NON_RESOLUE,aucun ATS détecté sur le site
communion botanicals,https://www.communionbotanicals.ca/,,,NON_RESOLUE,aucun ATS détecté sur le site
colcci,https://www.colcci.com.br/,,,NON_RESOLUE,site en erreur au probe
calamar,https://www.calamar-menswear.com/,,,NON_RESOLUE,aucun ATS détecté sur le site
candy x paints,http://www.candyxpaints.com/,,,NON_RESOLUE,aucun ATS détecté sur le site
braqeez,https://www.braqeez.nl/,,,NON_RESOLUE,aucun ATS détecté sur le site
crooked chaps,http://crookedchaps.com/,,,NON_RESOLUE,aucun ATS détecté sur le site
cole haan,https://www.colehaan.com/,,,NON_RESOLUE,site en erreur au probe
coconutacha,https://coconutacha.com/,,,NON_RESOLUE,aucun ATS détecté sur le site
ccc,https://ccc.eu/,,,NON_RESOLUE,aucun ATS détecté sur le site
composerx,https://composerx.com/,,,NON_RESOLUE,site en erreur au probe
cqp,https://c-qp.com/,,,NON_RESOLUE,aucun ATS détecté sur le site
chicco,https://www.chicco.com/,,,NON_RESOLUE,aucun ATS détecté sur le site
cat workwear,https://catwwr.com/,,,NON_RESOLUE,aucun ATS détecté sur le site
cosmic wonder,https://www.cosmicwonder.com/ja/,,,NON_RESOLUE,aucun ATS détecté sur le site
blende,https://www.blendebeauty.com/,,,NON_RESOLUE,aucun ATS détecté sur le site
costa da morte # death coast,https://dthcst.com/,,,NON_RESOLUE,site en erreur au probe
copa,https://www.copafootball.com/,,,NON_RESOLUE,site en erreur au probe
cosmo crew,https://www.cosmocrewkids.com/,,,NON_RESOLUE,aucun ATS détecté sur le site
come on,https://comeonworld.com/,,,NON_RESOLUE,aucun ATS détecté sur le site
cleo+coco,http://www.cleoandcoco.com/,,,NON_RESOLUE,aucun ATS détecté sur le site
cleobella,https://cleobella.com/,,,NON_RESOLUE,aucun ATS détecté sur le site
björk and berries,https://bjorkandberries.com/,,,NON_RESOLUE,site en erreur au probe
bootstock,https://www.bootstock.nl/,,,NON_RESOLUE,site en erreur au probe
courtney sykes molecular anti-aging,http://www.courtneysykes.com/,,,NON_RESOLUE,aucun ATS détecté sur le site
cute stuff,https://www.cutestuff.de/,,,NON_RESOLUE,aucun ATS détecté sur le site
cus,http://cus.cat/,,,NON_RESOLUE,aucun ATS détecté sur le site
carhartt,https://www.carhartt.com/,,,NON_RESOLUE,site en erreur au probe
cobraeleven,https://www.cobraeleven.com/,,,NON_RESOLUE,aucun ATS détecté sur le site
chylak,https://chylak.com/us/en,,,NON_RESOLUE,aucun ATS détecté sur le site
causemedic,http://www.causemedic.com/,,,NON_RESOLUE,aucun ATS détecté sur le site
clocks and colours,https://www.clocksandcolours.com/,,,NON_RESOLUE,site en erreur au probe
darjeeling,https://www.darjeeling.fr/,,,NON_RESOLUE,aucun ATS détecté sur le site
casupo,https://casupo.co/,,,NON_RESOLUE,aucun ATS détecté sur le site
copper fox 1998,https://www.copperfox1998.com/,,,NON_RESOLUE,aucun ATS détecté sur le site
cedar & sage,http://uppercanadasoap.com/,,,NON_RESOLUE,aucun ATS détecté sur le site
chrome hearts,https://www.chromehearts.com/,,,NON_RESOLUE,aucun ATS détecté sur le site
céla by celine tadrissi,http://www.thisiscela.com/,,,NON_RESOLUE,aucun ATS détecté sur le site
collegium,https://ourcollegium.com/,,,NON_RESOLUE,aucun ATS détecté sur le site
billet doux lingerie,https://www.billetdoux.com/,,,NON_RESOLUE,aucun ATS détecté sur le site
cklass,https://cklass.com/,,,NON_RESOLUE,aucun ATS détecté sur le site
covergirl,http://www.covergirl.com/,,,NON_RESOLUE,aucun ATS détecté sur le site
cobblestone living,https://cobblestone-living.com/,,,NON_RESOLUE,aucun ATS détecté sur le site
citi trends,https://www.cititrends.com/,,,NON_RESOLUE,aucun ATS détecté sur le site
cocoa by cece,https://cocoabycece.com/,,,NON_RESOLUE,aucun ATS détecté sur le site
christopher hanlon,https://christopherhanlon.com/,,,NON_RESOLUE,aucun ATS détecté sur le site
crismot,http://www.crismot.com/,,,NON_RESOLUE,aucun ATS détecté sur le site
charles & keith,https://www.charleskeith.com/,,,NON_RESOLUE,aucun ATS détecté sur le site
crtfd,https://feature.com/collections/crtfd,,,NON_RESOLUE,aucun ATS détecté sur le site
carven,https://www.carven.com/,,,NON_RESOLUE,aucun ATS détecté sur le site
cerave,http://www.cerave.com/,,,NON_RESOLUE,aucun ATS détecté sur le site
colorsmith,http://www.colorsmith.co/,,,NON_RESOLUE,aucun ATS détecté sur le site
contrapposto,http://contrapposto.com/,,,NON_RESOLUE,site en erreur au probe
collectors club,https://collectorsclub.cc/,,,NON_RESOLUE,aucun ATS détecté sur le site
caramel,https://www.caramel-shop.co.uk/,,,NON_RESOLUE,site en erreur au probe
camilla,https://camilla.com/,,,NON_RESOLUE,site en erreur au probe
chantal temam,https://www.chantaltemam.com/,,,NON_RESOLUE,aucun ATS détecté sur le site
bye bye blemish,http://www.byebyeblemish.com/,,,NON_RESOLUE,aucun ATS détecté sur le site
claudio lugli,https://claudioluglishirts.com/,,,NON_RESOLUE,aucun ATS détecté sur le site
chabo bags,https://www.chabobags.com/,,,NON_RESOLUE,aucun ATS détecté sur le site
costco,https://www.costco.ca/,,,NON_RESOLUE,site en erreur au probe
danavi,http://danavi.com/,,,NON_RESOLUE,aucun ATS détecté sur le site
chopard,https://www.chopard.com/,,,NON_RESOLUE,site en erreur au probe
conquista,http://www.conquista-fashion.com/,,,NON_RESOLUE,aucun ATS détecté sur le site
bivouac outdoor,https://www.bivouac.co.nz/,,,NON_RESOLUE,aucun ATS détecté sur le site
country line,https://www.country-line.de/,,,NON_RESOLUE,aucun ATS détecté sur le site
concreted,https://concreted.com/,,,NON_RESOLUE,aucun ATS détecté sur le site
corteiz,https://www.crtz.xyz/,,,NON_RESOLUE,site en erreur au probe
briston watches,https://www.briston-watches.com/,,,NON_RESOLUE,aucun ATS détecté sur le site
carter + jane,http://www.carterandjane.com/,,,NON_RESOLUE,aucun ATS détecté sur le site
constantin weisz,https://en.constantinweisz.de/,,,NON_RESOLUE,aucun ATS détecté sur le site
carmin,https://carmin.pk/,,,NON_RESOLUE,aucun ATS détecté sur le site
citizen wolf,https://www.citizenwolf.com/?oid=7&affid=1&source_id=GoY-rating&sub1=brandpage,,,NON_RESOLUE,aucun ATS détecté sur le site
daydream society,https://daydreamsociety.com/,,,NON_RESOLUE,site en erreur au probe
co'couture,https://www.cocouture.dk/,,,NON_RESOLUE,site en erreur au probe
crew clothing,https://www.crewclothing.co.uk/,,,NON_RESOLUE,aucun ATS détecté sur le site
cross colours,https://www.crosscolours.com/,,,NON_RESOLUE,aucun ATS détecté sur le site
come back as a flower,https://www.cbaaf.org/,,,NON_RESOLUE,aucun ATS détecté sur le site
dae,https://daehair.com/,,,NON_RESOLUE,aucun ATS détecté sur le site
blumarine,https://www.blumarine.com/,,,NON_RESOLUE,aucun ATS détecté sur le site
crepe erase,http://www.bodyfirm.com/,,,NON_RESOLUE,aucun ATS détecté sur le site
curvature clothing,https://www.curvatureclothing.com.au/,,,NON_RESOLUE,aucun ATS détecté sur le site
corpus,http://corpusnaturals.com/,,,NON_RESOLUE,aucun ATS détecté sur le site
cheaney,https://www.cheaney.co.uk/,,,NON_RESOLUE,aucun ATS détecté sur le site
casual friday,https://www.casual-friday.eu/,,,NON_RESOLUE,aucun ATS détecté sur le site
cashmere in love,https://www.cashmereinlove.com/,,,NON_RESOLUE,aucun ATS détecté sur le site
c.d. peacock,https://www.cdpeacock.com/,,,NON_RESOLUE,aucun ATS détecté sur le site
cafènoir,https://www.cafenoir.it/,,,NON_RESOLUE,aucun ATS détecté sur le site
chumbak,https://www.chumbak.com/,,,NON_RESOLUE,aucun ATS détecté sur le site
clean beauty collective,https://www.cleanbeauty.com/,,,NON_RESOLUE,aucun ATS détecté sur le site
colourful rebel,https://www.colourfulrebel.com/,,,NON_RESOLUE,site en erreur au probe
clamp,https://www.clamp.pt/,,,NON_RESOLUE,aucun ATS détecté sur le site
custo barcelona,http://www.custobarcelona.com/,,,NON_RESOLUE,aucun ATS détecté sur le site
curie,http://www.curiebod.com/,,,NON_RESOLUE,aucun ATS détecté sur le site
caley cosmetics,https://www.caleycosmetics.com/,,,NON_RESOLUE,aucun ATS détecté sur le site
cdlp,https://cdlp.com/,,,NON_RESOLUE,aucun ATS détecté sur le site
converse japan,https://converse.co.jp/,,,NON_RESOLUE,aucun ATS détecté sur le site
blauer. usa,https://www.blauerusa.com/,,,NON_RESOLUE,aucun ATS détecté sur le site
bruuns bazaar,https://www.bruunsbazaar.com/,,,NON_RESOLUE,site en erreur au probe
d4 love,https://www.d4-love.nl/,,,NON_RESOLUE,aucun ATS détecté sur le site
caviar,https://caviar.global/,,,NON_RESOLUE,aucun ATS détecté sur le site
buni body care,http://www.bunibody.com/,,,NON_RESOLUE,aucun ATS détecté sur le site
brochu walker,https://www.brochuwalker.com/,,,NON_RESOLUE,site en erreur au probe
charlie choe,https://www.charliechoe.com/,,,NON_RESOLUE,aucun ATS détecté sur le site
cezanne hair,http://cezanne-hair.com/,,,NON_RESOLUE,aucun ATS détecté sur le site
dangerfield,https://dangerfield.com.au/,,,NON_RESOLUE,site en erreur au probe
city chain,https://www.citychain.com.hk/,,,NON_RESOLUE,aucun ATS détecté sur le site
collectif london,https://www.collectiflondon.com/,,,NON_RESOLUE,aucun ATS détecté sur le site
cosmette skincare,http://www.cosmetteskincare.com/,,,NON_RESOLUE,aucun ATS détecté sur le site
bouthentique,http://www.bouthentique.com/,,,NON_RESOLUE,aucun ATS détecté sur le site
charlee swim,https://www.charleeswim.com.au/,,,NON_RESOLUE,aucun ATS détecté sur le site
ciso,https://www.ciso.dk/,,,NON_RESOLUE,aucun ATS détecté sur le site
celford,https://celford.com/,,,NON_RESOLUE,site en erreur au probe
courreges,https://www.courreges.com/,,,NON_RESOLUE,aucun ATS détecté sur le site
common ground®,http://www.organicsbuddy.com/,,,NON_RESOLUE,aucun ATS détecté sur le site
clover & ide,http://cloverandide.com/,,,NON_RESOLUE,aucun ATS détecté sur le site
coin,https://www.coin.it/,,,NON_RESOLUE,aucun ATS détecté sur le site
daf&dream,https://dafdream.com/,,,NON_RESOLUE,aucun ATS détecté sur le site
caprice,https://www.caprice.de/,,,NON_RESOLUE,aucun ATS détecté sur le site
contessa volpi,https://www.contessavolpi.com/?oid=395&affid=1&source_id=GoY-rating&sub1=brandpage,,,NON_RESOLUE,aucun ATS détecté sur le site
d.lissome,http://d-lissome.com/,,,NON_RESOLUE,site en erreur au probe
bretanna witch hazel products,http://www.bretanna.com/,,,NON_RESOLUE,aucun ATS détecté sur le site
dana rebecca designs,https://www.danarebeccadesigns.com/,,,NON_RESOLUE,site en erreur au probe
chiban,https://www.chibanleather.com/,,,NON_RESOLUE,aucun ATS détecté sur le site
deadwood,https://www.deadwoodstudios.com/,,,NON_RESOLUE,site en erreur au probe
cerruti,https://www.cerruti.com/,,,NON_RESOLUE,site en erreur au probe
camilla and marc,https://www.camillaandmarc.com/,,,NON_RESOLUE,site en erreur au probe
chatelles,https://www.mychatelles.com/,,,NON_RESOLUE,aucun ATS détecté sur le site
cordera,https://cordera.es/,,,NON_RESOLUE,aucun ATS détecté sur le site
charleston shoe co.,http://charlestonshoeco.com/,,,NON_RESOLUE,site en erreur au probe
dawn denim,https://www.dawndenim.com/,,,NON_RESOLUE,site en erreur au probe
bluenotes,https://blnts.com/,,,NON_RESOLUE,aucun ATS détecté sur le site
demylee,https://demylee.com/,,,NON_RESOLUE,aucun ATS détecté sur le site
decantx,https://www.decantx.com/,,,NON_RESOLUE,aucun ATS détecté sur le site
bylima,https://bylima.nl/,,,NON_RESOLUE,aucun ATS détecté sur le site
crinolino,https://crinolino.gr/,,,NON_RESOLUE,aucun ATS détecté sur le site
deabused,https://www.deabused.com/,,,NON_RESOLUE,aucun ATS détecté sur le site
dancing leopard,https://www.dancingleopard.co.uk/,,,NON_RESOLUE,aucun ATS détecté sur le site
clean + easy,http://cleanandeasyspa.com/,,,NON_RESOLUE,aucun ATS détecté sur le site
corrente,https://www.akarshoes.com/,,,NON_RESOLUE,aucun ATS détecté sur le site
core cosmetic,https://www.corecosmetic.com/,,,NON_RESOLUE,aucun ATS détecté sur le site
dalia,https://dalia.pl/,,,NON_RESOLUE,aucun ATS détecté sur le site
brooke gregson,https://www.brookegregson.com/,,,NON_RESOLUE,aucun ATS détecté sur le site
common projects,http://www.commonprojects.com/,,,NON_RESOLUE,site en erreur au probe
chicor,https://chicor.com/main,,,NON_RESOLUE,site en erreur au probe
d2o,https://www.d2o-go.com/,,,NON_RESOLUE,aucun ATS détecté sur le site
chiemsee,http://www.chiemsee.com/,,,NON_RESOLUE,aucun ATS détecté sur le site
dc shoes,https://www.dcshoes.com/,,,NON_RESOLUE,site en erreur au probe
costume national,http://www.costumenational.com/,,,NON_RESOLUE,aucun ATS détecté sur le site
chelsea peers,https://www.chelseapeersnyc.com/,,,NON_RESOLUE,site en erreur au probe
coreana cosmetics,https://www.coreana.com/,,,NON_RESOLUE,aucun ATS détecté sur le site
ciele athletics,https://cieleathletics.com/,,,NON_RESOLUE,aucun ATS détecté sur le site
circle of trust,https://www.circleoftrust.nl/,,,NON_RESOLUE,aucun ATS détecté sur le site
dcool,https://www.dccool.com.tw/,,,NON_RESOLUE,aucun ATS détecté sur le site
demoulin bros. and co.,https://demoulin.com/,,,NON_RESOLUE,aucun ATS détecté sur le site
cottonique,https://cottonique.com/?oid=369&affid=1&source_id=GoY-rating&sub1=brandpage,,,NON_RESOLUE,aucun ATS détecté sur le site
dick pearce & friends,https://dickpearce.com/,,,NON_RESOLUE,aucun ATS détecté sur le site
club voltaire,https://www.fashionhouse-donnamaria.nl/,,,NON_RESOLUE,aucun ATS détecté sur le site
claudio civitico,https://www.claudiocivitico.com/,,,NON_RESOLUE,site en erreur au probe
commando,https://www.wearcommando.com/,,,NON_RESOLUE,site en erreur au probe
chow sang sang,https://www.chowsangsang.com/,,,NON_RESOLUE,aucun ATS détecté sur le site
bogart man,https://www.bogartman.com/,,,NON_RESOLUE,site en erreur au probe
cloudy,https://cloudy-tokyo.com/,,,NON_RESOLUE,aucun ATS détecté sur le site
camilla pihl,https://camillapihl.com/,,,NON_RESOLUE,aucun ATS détecté sur le site
del sol,https://www.delsol.com.mx/,,,NON_RESOLUE,aucun ATS détecté sur le site
christian wijnants,https://christianwijnants.com/,,,NON_RESOLUE,aucun ATS détecté sur le site
designs by olivia grey,http://www.designsbyoliviagrey.com/,,,NON_RESOLUE,aucun ATS détecté sur le site
budgy smuggler,https://budgysmuggler.com.au/,,,NON_RESOLUE,site en erreur au probe
craft,https://www.craftsportswear.com/,,,NON_RESOLUE,aucun ATS détecté sur le site
chinti & parker,https://www.chintiandparker.com/,,,NON_RESOLUE,site en erreur au probe
claudia firenze,https://claudiafirenze.com/,,,NON_RESOLUE,aucun ATS détecté sur le site
ciganka - artforms from nature,https://cigankaartforms.com/,,,NON_RESOLUE,aucun ATS détecté sur le site
clinexil,http://clinexil.com/,,,NON_RESOLUE,site en erreur au probe
christine lingerie,https://christinelingerie.com/,,,NON_RESOLUE,site en erreur au probe
citizens humanity,https://www.citizensofhumanity.com/,,,NON_RESOLUE,aucun ATS détecté sur le site
cosmosophie,https://cosmosophie.com/,,,NON_RESOLUE,site en erreur au probe
clic! shoes,https://www.clic-shoes.com/,,,NON_RESOLUE,site en erreur au probe
cirrus parfum,https://cirrusparfum.com/,,,NON_RESOLUE,aucun ATS détecté sur le site
dancing dingo,http://www.dancingdingo.com/,,,NON_RESOLUE,aucun ATS détecté sur le site
butcher of blue,https://www.butcherofblue.com/,,,NON_RESOLUE,aucun ATS détecté sur le site
coolawoola,https://coolawoola.com/,,,NON_RESOLUE,aucun ATS détecté sur le site
dermatouch,https://homespacollection.com/,,,NON_RESOLUE,aucun ATS détecté sur le site
creamy fabrics,https://creamyfabrics.com/en,,,NON_RESOLUE,aucun ATS détecté sur le site
colette,https://www.colettehayman.com.au/,,,NON_RESOLUE,aucun ATS détecté sur le site
chiba clothing,http://chibaclothing.com/,,,NON_RESOLUE,aucun ATS détecté sur le site
coclico,https://coclico.com/,,,NON_RESOLUE,aucun ATS détecté sur le site
districenter,https://www.districenter.fr/,,,NON_RESOLUE,site en erreur au probe
carat shirts,https://www.caratshirts.com/,,,NON_RESOLUE,aucun ATS détecté sur le site
devred 1902,https://www.devred.com/,,,NON_RESOLUE,aucun ATS détecté sur le site
cmp,https://www.cmpsport.com/,,,NON_RESOLUE,site en erreur au probe
cleor,https://www.cleor.com/,,,NON_RESOLUE,site en erreur au probe
côte,http://cotebeauty.com/,,,NON_RESOLUE,aucun ATS détecté sur le site
christian siriano,http://www.christiansiriano.com/,,,NON_RESOLUE,aucun ATS détecté sur le site
decimas,https://www.decimas.com/,,,NON_RESOLUE,aucun ATS détecté sur le site
cover fx,https://www.coverfx.com/,,,NON_RESOLUE,site en erreur au probe
dick moby,https://www.dick-moby.com/,,,NON_RESOLUE,aucun ATS détecté sur le site
carmina campus,http://www.carminacampus.com/,,,NON_RESOLUE,aucun ATS détecté sur le site
davidoff,http://davidoff.com/age-gate,,,NON_RESOLUE,aucun ATS détecté sur le site
cotélac,https://cotelac.us/,,,NON_RESOLUE,aucun ATS détecté sur le site
create ebara,https://create-ebara.jp/,,,NON_RESOLUE,aucun ATS détecté sur le site
carpasus,https://carpasus.com/,,,NON_RESOLUE,aucun ATS détecté sur le site
clean age,https://clean-age.com/,,,NON_RESOLUE,aucun ATS détecté sur le site
collina strada,https://www.collinastrada.com/,,,NON_RESOLUE,aucun ATS détecté sur le site
darry ring,https://us.darryring.com/,,,NON_RESOLUE,site en erreur au probe
curensology,http://www.curensology.jp/,,,NON_RESOLUE,site en erreur au probe
classyandfabulous jewelry,https://www.classyandfabulousjewelry.com/,,,NON_RESOLUE,aucun ATS détecté sur le site
c&co.®,https://candconaturals.com/,,,NON_RESOLUE,aucun ATS détecté sur le site
cult of individuality,https://cultofindividuality.com/,,,NON_RESOLUE,aucun ATS détecté sur le site
de couture,https://www.decouture.it/,,,NON_RESOLUE,aucun ATS détecté sur le site
coccinelle,https://www.coccinelle.com/,,,NON_RESOLUE,site en erreur au probe
deblon,https://deblonsports.com/,,,NON_RESOLUE,aucun ATS détecté sur le site
dolores promesas,https://dolorespromesas.com/,,,NON_RESOLUE,aucun ATS détecté sur le site
crush,https://crushcollection.com/,,,NON_RESOLUE,aucun ATS détecté sur le site
cityzen,https://www.cityzenwear.cz/,,,NON_RESOLUE,aucun ATS détecté sur le site
colieco,https://coliecolingerie.com/?oid=180&affid=1&source_id=GoY-rating&sub1=brandpage,,,NON_RESOLUE,aucun ATS détecté sur le site
distretto12,https://www.distretto12.com/,,,NON_RESOLUE,aucun ATS détecté sur le site
cuisse de grenouille,https://www.cuissedegrenouille.com/,,,NON_RESOLUE,aucun ATS détecté sur le site
c. ren,https://www.c-ren.com/en/,,,NON_RESOLUE,aucun ATS détecté sur le site
colorado threads,https://coloradothreads.com/,,,NON_RESOLUE,aucun ATS détecté sur le site
christine valmy inc.,https://www.christinevalmy.com/,,,NON_RESOLUE,site en erreur au probe
doughnut,https://www.doughnutofficial.co.uk/,,,NON_RESOLUE,aucun ATS détecté sur le site
codello,https://www.codello.de/,,,NON_RESOLUE,aucun ATS détecté sur le site
capslab,https://www.capslab.fr/,,,NON_RESOLUE,aucun ATS détecté sur le site
delvene cockatoo-collins,https://cockatoocollins.com/,,,NON_RESOLUE,aucun ATS détecté sur le site
carnival glam hub,https://www.carnivalglamhub.com/,,,NON_RESOLUE,aucun ATS détecté sur le site
circle of gentlemen,https://www.circleofgentlemen.com/,,,NON_RESOLUE,site en erreur au probe
crockett & jones,https://row.crockettandjones.com/,,,NON_RESOLUE,aucun ATS détecté sur le site
conscious the label,https://www.consciousthelabel.com/,,,NON_RESOLUE,aucun ATS détecté sur le site
cramers van asten,https://www.cramersvanasten.nl/,,,NON_RESOLUE,site en erreur au probe
collectiq clothing,https://www.collectiqclothing.com/,,,NON_RESOLUE,aucun ATS détecté sur le site
clarisea,http://www.clarisea.com/,,,NON_RESOLUE,aucun ATS détecté sur le site
dolores haze,https://doloreshaze.com/,,,NON_RESOLUE,aucun ATS détecté sur le site
calapo biotic products,https://www.calapo.com/,,,NON_RESOLUE,aucun ATS détecté sur le site
comtessa,https://www.comtessa-shop.cz/,,,NON_RESOLUE,aucun ATS détecté sur le site
delicatelove,https://www.delicatelove.com/,,,NON_RESOLUE,aucun ATS détecté sur le site
denham the jeanmaker,https://www.denhamthejeanmaker.com/,,,NON_RESOLUE,aucun ATS détecté sur le site
cyroline,https://www.cyroline.de/,,,NON_RESOLUE,site en erreur au probe
dabao,https://www.dabao.com/,,,NON_RESOLUE,aucun ATS détecté sur le site
comma,https://www.comma-store.eu/,,,NON_RESOLUE,aucun ATS détecté sur le site
design letters,https://designletters.dk/,,,NON_RESOLUE,aucun ATS détecté sur le site
crystalyn kae,https://www.crystalynkae.com/,,,NON_RESOLUE,aucun ATS détecté sur le site
corkhouse,https://corkhouse.com/,,,NON_RESOLUE,aucun ATS détecté sur le site
caliray,http://caliraybeauty.com/,,,NON_RESOLUE,aucun ATS détecté sur le site
claudie pierlot,https://fr.claudiepierlot.com/,,,NON_RESOLUE,site en erreur au probe
cus sustainable clothing,https://www.cus.cat/,,,NON_RESOLUE,site en erreur au probe
club chainstitch,https://clubchainstitch.com/,,,NON_RESOLUE,aucun ATS détecté sur le site
clorofila,http://www.clorofila.cn/,,,NON_RESOLUE,aucun ATS détecté sur le site
daiwa pier39,https://daiwapier39.jp/,,,NON_RESOLUE,aucun ATS détecté sur le site
curology,http://www.curology.com/,,,NON_RESOLUE,site en erreur au probe
claudio ferrici,https://www.claudio-ferrici.com/,,,NON_RESOLUE,aucun ATS détecté sur le site
comprehensive cranium care®,http://www.cranium.care/,,,NON_RESOLUE,aucun ATS détecté sur le site
cosfun,https://www.cosfun.com/,,,NON_RESOLUE,aucun ATS détecté sur le site
coogi,http://www.coogi.com/,,,NON_RESOLUE,aucun ATS détecté sur le site
dahlia razzook,https://www.dahliarazzook.com/,,,NON_RESOLUE,aucun ATS détecté sur le site
cdm bedrijfskleding,https://www.cdm-bedrijfskleding.nl/,,,NON_RESOLUE,aucun ATS détecté sur le site
cisalfa sport,https://www.cisalfasport.it/,,,NON_RESOLUE,aucun ATS détecté sur le site
denim.lab,https://www.denimlab.nl/,,,NON_RESOLUE,aucun ATS détecté sur le site
diamanti per tutti,https://www.diamantipertutti.com/,,,NON_RESOLUE,aucun ATS détecté sur le site
conscience designs,https://www.consciencedesigns.com/,,,NON_RESOLUE,aucun ATS détecté sur le site
campomaggi,https://www.campomaggi.com/,,,NON_RESOLUE,site en erreur au probe
cosabella,https://www.cosabella.com/,,,NON_RESOLUE,aucun ATS détecté sur le site
cloudveil,https://cloudveil.com/,,,NON_RESOLUE,aucun ATS détecté sur le site
cog,https://cog-store.com/?oid=248&affid=1&source_id=GoY-rating&sub1=brandpage,,,NON_RESOLUE,aucun ATS détecté sur le site
copdi,http://www.copdibeauty.com/,,,NON_RESOLUE,aucun ATS détecté sur le site
cleancult,http://www.cleancult.com/,,,NON_RESOLUE,aucun ATS détecté sur le site
cloud haircare,http://cloudhaircare.com/,,,NON_RESOLUE,aucun ATS détecté sur le site
desti saint,https://destisaint.com/,,,NON_RESOLUE,aucun ATS détecté sur le site
courbet,https://www.en.courbet.com/,,,NON_RESOLUE,aucun ATS détecté sur le site
coco d'este,https://www.cocodeste.com/,,,NON_RESOLUE,aucun ATS détecté sur le site
canadian tire,https://www.canadiantire.ca/,,,NON_RESOLUE,site en erreur au probe
cordani,https://www.cordani.com/,,,NON_RESOLUE,aucun ATS détecté sur le site
cardon,https://cardon.com.ar/,,,NON_RESOLUE,aucun ATS détecté sur le site
corinne,https://www.corinnecollection.com/,,,NON_RESOLUE,aucun ATS détecté sur le site
breuninger,https://www.breuninger.com/,,,NON_RESOLUE,aucun ATS détecté sur le site
dinoski,https://www.dinoskiwear.com/,,,NON_RESOLUE,aucun ATS détecté sur le site
douchebags,https://dbjourney.com/,,,NON_RESOLUE,aucun ATS détecté sur le site
co exist,http://co-exist.com/,,,NON_RESOLUE,aucun ATS détecté sur le site
conscious step,https://consciousstep.com/?oid=67&affid=1&source_id=GoY-rating&sub1=brandpage,,,NON_RESOLUE,site en erreur au probe
chambre,https://www.shimamura.gr.jp/chambre/,,,NON_RESOLUE,site en erreur au probe
danish endurance,https://danishendurance.com/,,,NON_RESOLUE,site en erreur au probe
cotswold outdoor,https://www.cotswoldoutdoor.com/,,,NON_RESOLUE,site en erreur au probe
costello tagliapietra,http://www.costellotagliapietra.com/,,,NON_RESOLUE,aucun ATS détecté sur le site
couper et coudre,https://couperetcoudre.com/collections/bags,,,NON_RESOLUE,aucun ATS détecté sur le site
česká oční optika holding,https://www.orangeoptik.cz/,,,NON_RESOLUE,aucun ATS détecté sur le site
desmond & dempsey,https://desmondanddempsey.com/,,,NON_RESOLUE,site en erreur au probe
cork culture,https://corkculture.us/,,,NON_RESOLUE,aucun ATS détecté sur le site
cocorrina,https://www.cocorrina.com/,,,NON_RESOLUE,aucun ATS détecté sur le site
cayla gray,http://caylagray.com/,,,NON_RESOLUE,site en erreur au probe
costes,https://www.costesfashion.com/,,,NON_RESOLUE,aucun ATS détecté sur le site
crazy rumors,http://crazyrumors.com/,,,NON_RESOLUE,aucun ATS détecté sur le site
crās,https://crascph.com/,,,NON_RESOLUE,aucun ATS détecté sur le site
diega,https://www.diega.fr/,,,NON_RESOLUE,aucun ATS détecté sur le site
d&department,https://www.d-department.com/ext/about.html,,,NON_RESOLUE,site en erreur au probe
dame perfumery,https://dameperfumery.com/,,,NON_RESOLUE,aucun ATS détecté sur le site
dressarte paris,https://www.dressarteparis.com/,,,NON_RESOLUE,aucun ATS détecté sur le site
ches editions,https://cheseditions.com/,,,NON_RESOLUE,aucun ATS détecté sur le site
dockers by gerli,https://www.dockersbygerli.de/,,,NON_RESOLUE,aucun ATS détecté sur le site
coton doux,https://cotondoux.com/,,,NON_RESOLUE,aucun ATS détecté sur le site
castelijn& beerens,https://www.castelijnenbeerens.com/,,,NON_RESOLUE,aucun ATS détecté sur le site
cybèle,https://www.cybele-lingerie.de/,,,NON_RESOLUE,site en erreur au probe
carrera,https://us.carreraworld.com/,,,NON_RESOLUE,aucun ATS détecté sur le site
criminal damage,https://www.criminaldamage.co.uk/,,,NON_RESOLUE,aucun ATS détecté sur le site
chow tai fook,https://www.chowtaifook.com/,,,NON_RESOLUE,aucun ATS détecté sur le site
cerruti 1881,https://www.cerruti.com/,,,NON_RESOLUE,aucun ATS détecté sur le site
denina mártin collection,https://shop.deninamartin.com/,,,NON_RESOLUE,aucun ATS détecté sur le site
commence,http://beginningisnow.com/,,,NON_RESOLUE,aucun ATS détecté sur le site
comfy copenhagen,https://www.comfycopenhagen.com/,,,NON_RESOLUE,aucun ATS détecté sur le site
dedoles,https://www.dedoles.sk/,,,NON_RESOLUE,aucun ATS détecté sur le site
de steek amsterdam,https://desteekamsterdam.com/en/,,,NON_RESOLUE,aucun ATS détecté sur le site
decka socks,http://decka-socks.com/,,,NON_RESOLUE,site en erreur au probe
davids,http://davids-usa.com/,,,NON_RESOLUE,aucun ATS détecté sur le site
cocolab,https://www.cocolab.com/,,,NON_RESOLUE,aucun ATS détecté sur le site
chaud marais,https://www.chaudmarais.fr/,,,NON_RESOLUE,aucun ATS détecté sur le site
curatrix,https://shopcuratrix.com/,,,NON_RESOLUE,aucun ATS détecté sur le site
diegos,https://www.ebay.com/str/DiegosBoutique,,,NON_RESOLUE,aucun ATS détecté sur le site
crate 61 organics,http://www.crate61.com/,,,NON_RESOLUE,aucun ATS détecté sur le site
ceceba,https://www.ceceba.com/,,,NON_RESOLUE,aucun ATS détecté sur le site
diverse,https://diversesystem.com/,,,NON_RESOLUE,aucun ATS détecté sur le site
cuplé,https://www.cuple.com/,,,NON_RESOLUE,aucun ATS détecté sur le site
doris streich,https://www.dorisstreich.de/,,,NON_RESOLUE,site en erreur au probe
cross sportswear,https://www.cross-sportswear.com/,,,NON_RESOLUE,aucun ATS détecté sur le site
dunque,https://www.dunque.de/,,,NON_RESOLUE,aucun ATS détecté sur le site
dēawy,http://www.deawy.com/,,,NON_RESOLUE,aucun ATS détecté sur le site
dr.hc,https://drhc-cosmetics.com/,,,NON_RESOLUE,aucun ATS détecté sur le site
cooph,https://store.cooph.com/,,,NON_RESOLUE,aucun ATS détecté sur le site
dome beauty,http://www.domebeauty.com/,,,NON_RESOLUE,aucun ATS détecté sur le site
comfyballs,https://www.comfyballs.com/,,,NON_RESOLUE,aucun ATS détecté sur le site
brooks brothers,https://www.brooksbrothers.com/,,,NON_RESOLUE,aucun ATS détecté sur le site
cr,https://fesretail.com/cr/,,,NON_RESOLUE,aucun ATS détecté sur le site
due.,https://duefashion.com/,,,NON_RESOLUE,aucun ATS détecté sur le site
duno,https://www.d-duno.it/,,,NON_RESOLUE,aucun ATS détecté sur le site
cyell,https://www.cyell.com/,,,NON_RESOLUE,aucun ATS détecté sur le site
chiushui,http://www.qsyr.com/,,,NON_RESOLUE,site en erreur au probe
champs sports,https://www.champssports.com/,,,NON_RESOLUE,aucun ATS détecté sur le site
dovita milano,https://dovitabridal.com/,,,NON_RESOLUE,aucun ATS détecté sur le site
deiji studios,https://deijistudios.com/,,,NON_RESOLUE,aucun ATS détecté sur le site
dame blanche,https://www.dameblanche.fashion/,,,NON_RESOLUE,aucun ATS détecté sur le site
dew mighty,http://www.dewmighty.com/,,,NON_RESOLUE,aucun ATS détecté sur le site
de la heart,https://www.delaheart.com/,,,NON_RESOLUE,aucun ATS détecté sur le site
cia do terno,https://www.ciadoterno.com.br/,,,NON_RESOLUE,aucun ATS détecté sur le site
cutler & gross,https://www.cutlerandgross.com/,,,NON_RESOLUE,aucun ATS détecté sur le site
dermalogica,http://www.dermalogica.com/,,,NON_RESOLUE,aucun ATS détecté sur le site
dynafit,https://www.dynafit.com/,,,NON_RESOLUE,aucun ATS détecté sur le site
devane beauty,http://devanebeauty.com/,,,NON_RESOLUE,aucun ATS détecté sur le site
dakine,https://www.dakine.com/,,,NON_RESOLUE,aucun ATS détecté sur le site
demellier,https://www.demellierlondon.com/,,,NON_RESOLUE,site en erreur au probe
ct organics,http://www.ctorganics.com/,,,NON_RESOLUE,aucun ATS détecté sur le site
desavery,http://www.desavery.co/,,,NON_RESOLUE,aucun ATS détecté sur le site
coster copenhagen,https://www.costercopenhagen.com/,,,NON_RESOLUE,site en erreur au probe
cosmogonie paris,https://cosmogonieparis.com/,,,NON_RESOLUE,aucun ATS détecté sur le site
davi nails,https://davinails.com/,,,NON_RESOLUE,aucun ATS détecté sur le site
cécile jeffrey,https://www.cecilejeffrey.com/,,,NON_RESOLUE,aucun ATS détecté sur le site
d-four,https://www.d-four.it/,,,NON_RESOLUE,site en erreur au probe
echte,https://www.echte.dk/,,,NON_RESOLUE,aucun ATS détecté sur le site
draper james,https://draperjames.com/,,,NON_RESOLUE,aucun ATS détecté sur le site
castelli cycling,https://www.castelli-cycling.com/,,,NON_RESOLUE,site en erreur au probe
chambre de fan,https://www.chambredefan.com/,,,NON_RESOLUE,aucun ATS détecté sur le site
cravings by chrissy teigen,https://cravingsbychrissyteigen.com/,,,NON_RESOLUE,aucun ATS détecté sur le site
converse,https://www.converse.com/,,,NON_RESOLUE,site en erreur au probe
daimaru umeda,https://www.daimaru.co.jp/umedamise/,,,NON_RESOLUE,site en erreur au probe
doctor optic,https://doctoroptic.cz/,,,NON_RESOLUE,aucun ATS détecté sur le site
dionis goat milk skincare,https://www.dionisgmskincare.com/,,,NON_RESOLUE,site en erreur au probe
ck calvin klein,http://www.ck.com/ck/watchesjewelry.aspx,,,NON_RESOLUE,site en erreur au probe
cyberoptix,https://www.cyberoptix.com/,,,NON_RESOLUE,aucun ATS détecté sur le site
bradbeers,http://www.bradbeers.com/,,,NON_RESOLUE,aucun ATS détecté sur le site
coût de la liberté,https://coutdelaliberte.com/,,,NON_RESOLUE,aucun ATS détecté sur le site
chemist confessions inc.,http://www.chemistconfessions.com/,,,NON_RESOLUE,aucun ATS détecté sur le site
clae,https://www.clae.com/,,,NON_RESOLUE,aucun ATS détecté sur le site
destii,https://destii.com.au/,,,NON_RESOLUE,aucun ATS détecté sur le site
critical slide / tcss,https://www.thecriticalslidesociety.com/,,,NON_RESOLUE,aucun ATS détecté sur le site
edward armah,https://www.edwardarmah.com/,,,NON_RESOLUE,aucun ATS détecté sur le site
divi official,https://www.diviofficial.com/,,,NON_RESOLUE,aucun ATS détecté sur le site
ctwlk.,https://www.ctwlk.eu/,,,NON_RESOLUE,aucun ATS détecté sur le site
chella,http://www.chella.com/,,,NON_RESOLUE,aucun ATS détecté sur le site
dear  klairs,https://www.klairs.com/,,,NON_RESOLUE,aucun ATS détecté sur le site
dimitra's workshop,https://www.dimitrasworkshop.com/,,,NON_RESOLUE,aucun ATS détecté sur le site
daily brat,https://dailybrat.com/,,,NON_RESOLUE,aucun ATS détecté sur le site
buttertea,https://buttertea.shop/,,,NON_RESOLUE,aucun ATS détecté sur le site
di petsa,https://dipetsa.com/,,,NON_RESOLUE,aucun ATS détecté sur le site
colorful standard,https://www.colorfulstandard.com/,,,NON_RESOLUE,aucun ATS détecté sur le site
eat dust,https://www.eatdustclothing.com/,,,NON_RESOLUE,aucun ATS détecté sur le site
delvaux createur,http://www.delvaux.com/,,,NON_RESOLUE,aucun ATS détecté sur le site
coalatree,https://coalatree.com/,,,NON_RESOLUE,aucun ATS détecté sur le site
elcove,https://elcove.co/,,,NON_RESOLUE,aucun ATS détecté sur le site
chorus supernatural,http://www.chorussupernatural.com/,,,NON_RESOLUE,aucun ATS détecté sur le site
chancechance,http://chancechance.co.kr/index.html,,,NON_RESOLUE,site en erreur au probe
earth baby outfitters,https://www.earthbabyoutfitters.com/,,,NON_RESOLUE,aucun ATS détecté sur le site
cider,https://shopcider.com/,,,NON_RESOLUE,aucun ATS détecté sur le site
dominique healy,https://dominiquehealy.com/,,,NON_RESOLUE,aucun ATS détecté sur le site
crickit,http://www.crickit.de/,,,NON_RESOLUE,aucun ATS détecté sur le site
chi,https://chi.com/,,,NON_RESOLUE,aucun ATS détecté sur le site
doc & glo,http://www.docandglo.com/,,,NON_RESOLUE,aucun ATS détecté sur le site
dante6,https://www.dante6.com/,,,NON_RESOLUE,aucun ATS détecté sur le site
convenience wear,https://www.family.co.jp/goods/cw.html,,,NON_RESOLUE,aucun ATS détecté sur le site
depeche-denmark,https://depeche-denmark.com/,,,NON_RESOLUE,aucun ATS détecté sur le site
damdam,https://damdamtokyo.com/,,,NON_RESOLUE,aucun ATS détecté sur le site
chris cayne,https://www.chriscayne.com/,,,NON_RESOLUE,aucun ATS détecté sur le site
eden power corp,https://edenpowercorp.com/,,,NON_RESOLUE,aucun ATS détecté sur le site
dpr skn,https://www.dprskn.com/,,,NON_RESOLUE,aucun ATS détecté sur le site
cycleur de luxe,https://www.cycleurdeluxe.com/,,,NON_RESOLUE,site en erreur au probe
dorve,https://dorve.id/,,,NON_RESOLUE,aucun ATS détecté sur le site
daringly good organics,https://www.amazon.com/stores/GoodOrganics/page/3514A607-3CD6-41C1-8646-B6A9089B92D3?lp_asin=B0DBPLGXQH&ref_=ast_bln,,,NON_RESOLUE,aucun ATS détecté sur le site
doré,https://wearedore.com/,,,NON_RESOLUE,aucun ATS détecté sur le site
difuzed,https://www.difuzed.com/,,,NON_RESOLUE,site en erreur au probe
cinema club,https://www.honeys-onlineshop.com/shop/b/b02/,,,NON_RESOLUE,site en erreur au probe
clarks,https://clarks.in/,,,NON_RESOLUE,aucun ATS détecté sur le site
claudia li,https://claudia-li.com/,,,NON_RESOLUE,aucun ATS détecté sur le site
de la terre skincare,http://www.delaterreskincare.com/,,,NON_RESOLUE,aucun ATS détecté sur le site
croata,https://www.croata.hr/,,,NON_RESOLUE,aucun ATS détecté sur le site
dea kudibal,https://www.deakudibal.dk/,,,NON_RESOLUE,aucun ATS détecté sur le site
consigned,https://www.consigned.co.uk/,,,NON_RESOLUE,aucun ATS détecté sur le site
duoltd,https://www.farfetch.com/uk/shopping/men/duo/items.aspx,,,NON_RESOLUE,site en erreur au probe
davida cashmere,https://www.davida.se/,,,NON_RESOLUE,aucun ATS détecté sur le site
chopova lowena,https://chopovalowena.com/,,,NON_RESOLUE,aucun ATS détecté sur le site
desert essence,https://www.desertessence.com/,,,NON_RESOLUE,aucun ATS détecté sur le site
clmx,http://www.intagram.com/,,,NON_RESOLUE,aucun ATS détecté sur le site
corso roma,https://www.shopcorsoroma9.com/,,,NON_RESOLUE,aucun ATS détecté sur le site
dr. sheffield's original toothpaste,https://www.drsheffieldsnaturals.com/,,,NON_RESOLUE,aucun ATS détecté sur le site
circle creations,https://circlecreations.net/,,,NON_RESOLUE,aucun ATS détecté sur le site
coohem,https://www.coohem.jp/en/,,,NON_RESOLUE,site en erreur au probe
cilveti,https://www.joyeriacilveti.com/,,,NON_RESOLUE,aucun ATS détecté sur le site
curlstate,http://curlstatehair.com/,,,NON_RESOLUE,aucun ATS détecté sur le site
earth divas,https://www.earthdivas.com/,,,NON_RESOLUE,aucun ATS détecté sur le site
eit swim,https://eitswim.com/think-eco/,,,NON_RESOLUE,aucun ATS détecté sur le site
brighton,https://www.brighton.com/,,,NON_RESOLUE,site en erreur au probe
claq,https://claq.it/,,,NON_RESOLUE,aucun ATS détecté sur le site
daily sports,https://www.dailysports.com/,,,NON_RESOLUE,aucun ATS détecté sur le site
dear kate,https://www.dearkates.com/,,,NON_RESOLUE,aucun ATS détecté sur le site
dharmacrafts,https://dharmacrafts.com/,,,NON_RESOLUE,aucun ATS détecté sur le site
brown angel pain butter,https://thebrownangel.com/,,,NON_RESOLUE,aucun ATS détecté sur le site
ecko unltd,https://www.ecko.com/,,,NON_RESOLUE,aucun ATS détecté sur le site
digel,https://www.digel.de/,,,NON_RESOLUE,site en erreur au probe
cosmic drifters,https://cosmicdrifters.com/,,,NON_RESOLUE,aucun ATS détecté sur le site
d'annam,https://dannam.co/,,,NON_RESOLUE,aucun ATS détecté sur le site
cocomera,https://cocomera.in/,,,NON_RESOLUE,aucun ATS détecté sur le site
duca del cosma,https://www.ducadelcosma.com/,,,NON_RESOLUE,aucun ATS détecté sur le site
closshi,https://www.shimamura.gr.jp/shimamura/,,,NON_RESOLUE,site en erreur au probe
coco shop,https://cocoshopwi.com/,,,NON_RESOLUE,aucun ATS détecté sur le site
cbd daily,http://www.cbddailyproducts.com/,,,NON_RESOLUE,aucun ATS détecté sur le site
cup of joe (coj) denim,https://www.cojdenim.com/,,,NON_RESOLUE,site en erreur au probe
cliganic,https://www.cliganic.com/,,,NON_RESOLUE,aucun ATS détecté sur le site
cingomma,https://cingomma.com/,,,NON_RESOLUE,aucun ATS détecté sur le site
durango® boots,https://www.durangoboots.co.uk/,,,NON_RESOLUE,aucun ATS détecté sur le site
ecentric,http://ecentric.in/,,,NON_RESOLUE,aucun ATS détecté sur le site
dr. bronner's,https://www.drbronner.com/,,,NON_RESOLUE,aucun ATS détecté sur le site
dj dutchjeans,https://www.vangenniptextiles.com/,,,NON_RESOLUE,site en erreur au probe
classic all blacks,https://blacks-legend.com/,,,NON_RESOLUE,aucun ATS détecté sur le site
drake's,http://www.drakes.com/,,,NON_RESOLUE,aucun ATS détecté sur le site
country rose soap,https://countryrosecastile.com/,,,NON_RESOLUE,aucun ATS détecté sur le site
dyspnea,https://dyspnea.com.au/,,,NON_RESOLUE,aucun ATS détecté sur le site
colors of california,https://www.colorsofcalifornia.it/,,,NON_RESOLUE,aucun ATS détecté sur le site
dapper alice,https://www.dapperalice.co.uk/,,,NON_RESOLUE,aucun ATS détecté sur le site
cpl1953,http://www.centropel.com/,,,NON_RESOLUE,aucun ATS détecté sur le site
comazo,https://www.comazo.de/,,,NON_RESOLUE,aucun ATS détecté sur le site
desert dyes,https://desertdyes.com/,,,NON_RESOLUE,aucun ATS détecté sur le site
elkie + co.,https://elkieco.com/,,,NON_RESOLUE,aucun ATS détecté sur le site
covencraft apothecary,https://covencraft.com/,,,NON_RESOLUE,aucun ATS détecté sur le site
donders 1860,https://donders1860.com/,,,NON_RESOLUE,aucun ATS détecté sur le site
dairiku,https://shop.dairiku-cinema.com/,,,NON_RESOLUE,aucun ATS détecté sur le site
edmonds.love,https://edmonds.love/,,,NON_RESOLUE,aucun ATS détecté sur le site
callahan,https://shopcallahan.com/,,,NON_RESOLUE,aucun ATS détecté sur le site
dejamy,https://dejamy.com/,,,NON_RESOLUE,aucun ATS détecté sur le site
contradictions in ilk,https://www.ilkperfume.com/,,,NON_RESOLUE,aucun ATS détecté sur le site
dirty velvet,http://www.dirtyvelvet.co.uk/,,,NON_RESOLUE,aucun ATS détecté sur le site
by garment makers,https://www.bygarmentmakers.com/,,,NON_RESOLUE,aucun ATS détecté sur le site
daquini,https://daquini.com/,,,NON_RESOLUE,aucun ATS détecté sur le site
coco & kandy,https://cocoandkandy.com/?oid=292&affid=1&source_id=GoY-rating&sub1=brandpage,,,NON_RESOLUE,aucun ATS détecté sur le site
claudia canova,https://www.claudiacanova.co.uk/,,,NON_RESOLUE,site en erreur au probe
devred,https://www.devred.com/,,,NON_RESOLUE,aucun ATS détecté sur le site
elsewhere,https://www.elsewherefashion.com/,,,NON_RESOLUE,aucun ATS détecté sur le site
constance (shoes brand),https://www.constance.com.br/,,,NON_RESOLUE,aucun ATS détecté sur le site
dharma bums,https://www.dharmabums.com.au/,,,NON_RESOLUE,aucun ATS détecté sur le site
ch!iii,https://chiiiibag.com/,,,NON_RESOLUE,site en erreur au probe
cocokind,https://www.cocokind.com/,,,NON_RESOLUE,aucun ATS détecté sur le site
chateau de suz,http://chateaudesuz.com/,,,NON_RESOLUE,aucun ATS détecté sur le site
cloak,https://cloakbrand.com/,,,NON_RESOLUE,aucun ATS détecté sur le site
dermatologist's choice skincare,http://www.dermchoice.com/,,,NON_RESOLUE,aucun ATS détecté sur le site
dagsmejan,https://dagsmejan.com/,,,NON_RESOLUE,aucun ATS détecté sur le site
dara fashion,https://www.darafashion.sk/,,,NON_RESOLUE,aucun ATS détecté sur le site
dirty seahorse,https://thedirtyseahorse.com/,,,NON_RESOLUE,aucun ATS détecté sur le site
cortefiel,https://cortefiel.com/,,,NON_RESOLUE,aucun ATS détecté sur le site
engbers,https://www.engbers.com/,,,NON_RESOLUE,aucun ATS détecté sur le site
cornelia webb,https://corneliawebb.com/,,,NON_RESOLUE,aucun ATS détecté sur le site
crew clothing company,https://www.crewclothing.co.uk/,,,NON_RESOLUE,aucun ATS détecté sur le site
devacurl,https://www.devacurl.com/,,,NON_RESOLUE,aucun ATS détecté sur le site
conbipel,https://www.conbipel.com/,,,NON_RESOLUE,aucun ATS détecté sur le site
dirts,https://www.dirts.eu/,,,NON_RESOLUE,aucun ATS détecté sur le site
cotton club,https://www.cottonclub.nl/,,,NON_RESOLUE,aucun ATS détecté sur le site
elizabeth mott,http://elizabethmott.com/,,,NON_RESOLUE,aucun ATS détecté sur le site
cacaye,https://www.cacaye.com/,,,NON_RESOLUE,aucun ATS détecté sur le site
de osu,https://www.deosushoes.com/,,,NON_RESOLUE,aucun ATS détecté sur le site
dolce vita,https://www.dolcevita.com/,,,NON_RESOLUE,aucun ATS détecté sur le site
depalma workwear,https://depalmaworkwear.se/,,,NON_RESOLUE,aucun ATS détecté sur le site
dose of colors,http://doseofcolors.com/,,,NON_RESOLUE,aucun ATS détecté sur le site
dauphinette,https://www.dauphinette.com/,,,NON_RESOLUE,aucun ATS détecté sur le site
cholewiński,https://cholewinski.com/,,,NON_RESOLUE,aucun ATS détecté sur le site
cristina castañer,https://www.cristinacastaner.com/,,,NON_RESOLUE,aucun ATS détecté sur le site
cross jeans,https://www.crossjeans.de/,,,NON_RESOLUE,aucun ATS détecté sur le site
dulce nail sprinkles,http://www.dulcenailsprinkles.com/,,,NON_RESOLUE,aucun ATS détecté sur le site
dolce crudo,https://chasehaul.com/collections/dolce-crudo,,,NON_RESOLUE,aucun ATS détecté sur le site
erbaviva,http://www.erbaviva.com/,,,NON_RESOLUE,aucun ATS détecté sur le site
deeluxe,https://www.deeluxe.fr/,,,NON_RESOLUE,aucun ATS détecté sur le site
ecmile,https://ecmile.shop/,,,NON_RESOLUE,aucun ATS détecté sur le site
de la vali,https://delavali.com/,,,NON_RESOLUE,aucun ATS détecté sur le site
colorphlex,https://colorphlex.com/shop/,,,NON_RESOLUE,aucun ATS détecté sur le site
colours & sons,https://www.coloursandsons.com/,,,NON_RESOLUE,aucun ATS détecté sur le site
e.l.v. denim,https://elvdenim.com/?oid=269&affid=1&source_id=GoY-rating&sub1=brandpage,,,NON_RESOLUE,aucun ATS détecté sur le site
drivemebikini,https://www.drivemebikini.com/,,,NON_RESOLUE,aucun ATS détecté sur le site
curl cardio,http://curlcardio.com/,,,NON_RESOLUE,aucun ATS détecté sur le site
cresci e perdi,https://crescieperdi.com/,,,NON_RESOLUE,aucun ATS détecté sur le site
duret paris,https://www.duret-paris.com/,,,NON_RESOLUE,aucun ATS détecté sur le site
continent clothing,https://continentclothing.com/,,,NON_RESOLUE,aucun ATS détecté sur le site
dosé lab,https://doselab.ch/,,,NON_RESOLUE,aucun ATS détecté sur le site
doke,https://dokeco.com/,,,NON_RESOLUE,aucun ATS détecté sur le site
carel,https://www.carel.fr/,,,NON_RESOLUE,aucun ATS détecté sur le site
elfindoll,https://www.24028.jp/elfindoll/,,,NON_RESOLUE,aucun ATS détecté sur le site
counter,http://www.counter.com/,,,NON_RESOLUE,aucun ATS détecté sur le site
espe,https://espe.ca/,,,NON_RESOLUE,aucun ATS détecté sur le site
canava,https://www.canava.co/,,,NON_RESOLUE,site en erreur au probe
contém1g,http://www.contem1g.com.br/,,,NON_RESOLUE,aucun ATS détecté sur le site
cult gaia,https://cultgaia.com/,,,NON_RESOLUE,aucun ATS détecté sur le site
elomi,https://www.elomilingerie.com/,,,NON_RESOLUE,aucun ATS détecté sur le site
cordon sport berlin,https://www.cordon.de/,,,NON_RESOLUE,aucun ATS détecté sur le site
continew,https://wecontinew.com/,,,NON_RESOLUE,site en erreur au probe
dan john,https://www.danjohn.com/,,,NON_RESOLUE,aucun ATS détecté sur le site
din sko,https://feetfirst.se/dinsko,,,NON_RESOLUE,aucun ATS détecté sur le site
culture,https://www.culture-fashion.com/,,,NON_RESOLUE,aucun ATS détecté sur le site
carson's,http://www.carsons.com/,,,NON_RESOLUE,aucun ATS détecté sur le site
eau de mélisse des carmes,https://eaudemelisse.com/,,,NON_RESOLUE,aucun ATS détecté sur le site
defacto,https://www.defacto.com.tr/,,,NON_RESOLUE,site en erreur au probe
émoi émoi,https://en.emoi-emoi.com/,,,NON_RESOLUE,aucun ATS détecté sur le site
custommade,https://www.custommade.dk/,,,NON_RESOLUE,aucun ATS détecté sur le site
deeply,https://deeply.com/,,,NON_RESOLUE,aucun ATS détecté sur le site
couch,https://www.couchguitarstraps.com/,,,NON_RESOLUE,aucun ATS détecté sur le site
colorful rebel,https://colourfulrebel.com/en,,,NON_RESOLUE,aucun ATS détecté sur le site
digital pharaoh,https://www.digitalpharaoh.co.uk/,,,NON_RESOLUE,aucun ATS détecté sur le site
dunderdon,https://www.dunderdon.com/,,,NON_RESOLUE,aucun ATS détecté sur le site
dockers,https://www.dockers.com/,,,NON_RESOLUE,aucun ATS détecté sur le site
dk company,http://www.dkcompany.dk/,,,NON_RESOLUE,aucun ATS détecté sur le site
embassy of bricks and logs,https://embassyofbricksandlogs.com/,,,NON_RESOLUE,aucun ATS détecté sur le site
costume privé paris,https://www.costume-prive-paris.com/,,,NON_RESOLUE,aucun ATS détecté sur le site
corneliani,https://www.corneliani.com/,,,NON_RESOLUE,aucun ATS détecté sur le site
daybird,https://daybird.co/,,,NON_RESOLUE,aucun ATS détecté sur le site
cream,https://www.creameyewear.com/,,,NON_RESOLUE,aucun ATS détecté sur le site
corso italia,http://icrcorp.ge/brands/footwear/corso-italia,,,NON_RESOLUE,aucun ATS détecté sur le site
deer&dear,https://www.deerndear.com/,,,NON_RESOLUE,site en erreur au probe
consenso,https://www.consensobrand.it/,,,NON_RESOLUE,aucun ATS détecté sur le site
carl f. bucherer,http://www.carl-f-bucherer.com/,,,NON_RESOLUE,aucun ATS détecté sur le site
d.i. ware company,https://www.diware.com/,,,NON_RESOLUE,aucun ATS détecté sur le site
eastland,https://www.eastlandshoe.com/,,,NON_RESOLUE,site en erreur au probe
efva attling,https://www.efvaattling.com/,,,NON_RESOLUE,site en erreur au probe
duna,https://duna.ua/,,,NON_RESOLUE,aucun ATS détecté sur le site
derek lam 10 crosby,https://www.dereklam.com/,,,NON_RESOLUE,aucun ATS détecté sur le site
derdiedas,https://www.derdiedas.de/,,,NON_RESOLUE,aucun ATS détecté sur le site
damrex,https://www.damrex.com/,,,NON_RESOLUE,aucun ATS détecté sur le site
efe,https://www.efe.com.pe/,,,NON_RESOLUE,site en erreur au probe
coulange,https://coulange1918.com/,,,NON_RESOLUE,aucun ATS détecté sur le site
eleanna katsira,https://eleannakatsira.com/eshop/,,,NON_RESOLUE,aucun ATS détecté sur le site
creed,https://www.creedfragrance.com/,,,NON_RESOLUE,aucun ATS détecté sur le site
eddie bauer,https://www.eddiebauer.com/,,,NON_RESOLUE,aucun ATS détecté sur le site
craghoppers,https://www.craghoppers.com/,,,NON_RESOLUE,aucun ATS détecté sur le site
edgars,https://edgars.co.za/,,,NON_RESOLUE,aucun ATS détecté sur le site
dear denier,https://www.deardenier.com/,,,NON_RESOLUE,aucun ATS détecté sur le site
dos gardenias,https://www.dosgardenias.com/,,,NON_RESOLUE,aucun ATS détecté sur le site
e5 mode,https://www.e5.be/,,,NON_RESOLUE,aucun ATS détecté sur le site
cream-clothing,https://www.cream-clothing.com/,,,NON_RESOLUE,aucun ATS détecté sur le site
damasko,http://www.damasko-watches.com/,,,NON_RESOLUE,aucun ATS détecté sur le site
dike,https://dike.works/en/,,,NON_RESOLUE,aucun ATS détecté sur le site
eton,https://www.etonshirts.com/,,,NON_RESOLUE,site en erreur au probe
delma,https://www.delma.ch/,,,NON_RESOLUE,aucun ATS détecté sur le site
demonia,https://demoniacult.com/,,,NON_RESOLUE,aucun ATS détecté sur le site
decadent,https://www.decadentcopenhagen.com/,,,NON_RESOLUE,aucun ATS détecté sur le site
cue,https://www.cue.cc/,,,NON_RESOLUE,aucun ATS détecté sur le site
caryl baker visage,https://carylbakervisage.com/,,,NON_RESOLUE,site en erreur au probe
cult+king,https://cultandking.com/,,,NON_RESOLUE,aucun ATS détecté sur le site
ella & witt,https://ella-witt.com/,,,NON_RESOLUE,aucun ATS détecté sur le site
corkor,https://www.corkor.com/,,,NON_RESOLUE,aucun ATS détecté sur le site
catherine andré,https://www.catherineandre.com/,,,NON_RESOLUE,aucun ATS détecté sur le site
escada,https://www.escada.com/,,,NON_RESOLUE,aucun ATS détecté sur le site
crushed aftercare inc.,http://www.crushedaftercare.com/,,,NON_RESOLUE,site en erreur au probe
donkervoort clothing,https://www.donkervoort.com/,,,NON_RESOLUE,aucun ATS détecté sur le site
einstein newton,https://www.einstein-newton.de/,,,NON_RESOLUE,aucun ATS détecté sur le site
cyrillus,https://www.cyrillus.fr/,,,NON_RESOLUE,site en erreur au probe
dk active,https://www.dkactive.com/?oid=32&affid=1&source_id=GoY-rating&sub1=brandpage,,,NON_RESOLUE,aucun ATS détecté sur le site
eberhard & co.,http://www.eberhard-co-watches.ch/en/,,,NON_RESOLUE,aucun ATS détecté sur le site
dasmarca hats,https://www.dasmarca.co.uk/,,,NON_RESOLUE,aucun ATS détecté sur le site
ella boutique,https://www.ellaboutique.pl/,,,NON_RESOLUE,aucun ATS détecté sur le site
creenstone,https://www.creenstone.com/,,,NON_RESOLUE,site en erreur au probe
designers remix,https://designersremix.com/,,,NON_RESOLUE,aucun ATS détecté sur le site
darn good yarn,https://www.darngoodyarn.com/,,,NON_RESOLUE,aucun ATS détecté sur le site
earth to malibu,http://www.earthtomalibu.com/,,,NON_RESOLUE,aucun ATS détecté sur le site
celebritips,http://celebritips.com/,,,NON_RESOLUE,aucun ATS détecté sur le site
enföld,http://www.enfold.jp/,,,NON_RESOLUE,aucun ATS détecté sur le site
edited,https://www.edited.de/,,,NON_RESOLUE,aucun ATS détecté sur le site
donnay,https://www.donnay.nl/,,,NON_RESOLUE,aucun ATS détecté sur le site
bonmarché,https://www.bonmarche.co.uk/,,,NON_RESOLUE,aucun ATS détecté sur le site
cuidado con el perro,https://www.cuidadoconelperro.com.mx/,,,NON_RESOLUE,aucun ATS détecté sur le site
descente,https://www.descente.com/,,,NON_RESOLUE,site en erreur au probe
emilio adani,https://www.emilioadani.com/,,,NON_RESOLUE,aucun ATS détecté sur le site
cwtch,https://www.urban-research.jp/products/list.php?brand=cwtch,,,NON_RESOLUE,site en erreur au probe
daddy couture,https://daddy-couture.com/,,,NON_RESOLUE,site en erreur au probe
dibs,http://www.dibsbeauty.com/,,,NON_RESOLUE,aucun ATS détecté sur le site
dai moda,https://shopdai.daimoda.com/,,,NON_RESOLUE,aucun ATS détecté sur le site
dalery,https://www.dalery.com/,,,NON_RESOLUE,site en erreur au probe
danefae,https://www.danefae.dk/,,,NON_RESOLUE,aucun ATS détecté sur le site
celopman,https://celopman.com/,,,NON_RESOLUE,aucun ATS détecté sur le site
emerica,http://emerica.com/,,,NON_RESOLUE,aucun ATS détecté sur le site
dr. eddie's facial fortress,https://facialfortress.com/,,,NON_RESOLUE,aucun ATS détecté sur le site
estilos,https://www.estilos.com.pe/,,,NON_RESOLUE,aucun ATS détecté sur le site
cvc stones,https://cvc-stones.com/,,,NON_RESOLUE,aucun ATS détecté sur le site
elie beaumont,https://www.eliebeaumont.com/,,,NON_RESOLUE,aucun ATS détecté sur le site
dearborn denim,https://dearborndenim.us/,,,NON_RESOLUE,aucun ATS détecté sur le site
chantall,https://www.chantallonline.com/,,,NON_RESOLUE,aucun ATS détecté sur le site
dr. eddie's happy cappy,https://happycappyshampoo.com/,,,NON_RESOLUE,aucun ATS détecté sur le site
diemonde,https://diemonde.com/,,,NON_RESOLUE,aucun ATS détecté sur le site
devernois,https://www.devernois.fr/,,,NON_RESOLUE,site en erreur au probe
eleventy,https://www.eleventymilano.it/,,,NON_RESOLUE,aucun ATS détecté sur le site
charli cohen,https://charli-cohen.com/,,,NON_RESOLUE,aucun ATS détecté sur le site
edikted,https://edikted.com/,,,NON_RESOLUE,aucun ATS détecté sur le site
dannijo,https://dannijo.com/,,,NON_RESOLUE,aucun ATS détecté sur le site
evan kinori,https://www.evankinori.com/shop,,,NON_RESOLUE,aucun ATS détecté sur le site
era watch company,https://www.edox.ch/,,,NON_RESOLUE,site en erreur au probe
chiarugi,https://chiarugifirenze.it/en/,,,NON_RESOLUE,aucun ATS détecté sur le site
espectone,https://espectone.com/,,,NON_RESOLUE,aucun ATS détecté sur le site
cyzone,https://cyzonecolombia.com/,,,NON_RESOLUE,aucun ATS détecté sur le site
dealbodies,https://dealbodies.com/,,,NON_RESOLUE,aucun ATS détecté sur le site
druni,https://www.druni.es/,,,NON_RESOLUE,aucun ATS détecté sur le site
demeter fragrance library,http://www.demeterfragrance.com/,,,NON_RESOLUE,aucun ATS détecté sur le site
enjoi,https://enjoibeingyou.com/,,,NON_RESOLUE,aucun ATS détecté sur le site
econock,https://www.econock.com/,,,NON_RESOLUE,aucun ATS détecté sur le site
dndgel,https://dndgel.com/,,,NON_RESOLUE,aucun ATS détecté sur le site
dorina,https://www.dorina.com/,,,NON_RESOLUE,aucun ATS détecté sur le site
evolve botanica,http://www.evolvebotanica.com/,,,NON_RESOLUE,aucun ATS détecté sur le site
el naturalista,https://www.elnaturalista.com/,,,NON_RESOLUE,aucun ATS détecté sur le site
dr. sylma,http://www.drsylma.com/,,,NON_RESOLUE,aucun ATS détecté sur le site
chuu,https://weibo.com/3922872170,,,NON_RESOLUE,aucun ATS détecté sur le site
dharco,https://dharco.com/,,,NON_RESOLUE,site en erreur au probe
brandefy,https://brandefyskin.com/,,,NON_RESOLUE,aucun ATS détecté sur le site
e&e,https://eandejewellery.com/,,,NON_RESOLUE,aucun ATS détecté sur le site
daimaru shinsaibashi,https://www.daimaru.co.jp/shinsaibashi/,,,NON_RESOLUE,site en erreur au probe
el ganso,https://www.elganso.com/,,,NON_RESOLUE,aucun ATS détecté sur le site
engol collections,https://engolcollections.com/,,,NON_RESOLUE,aucun ATS détecté sur le site
dariadéh,https://dariadeh.com/,,,NON_RESOLUE,aucun ATS détecté sur le site
discovery expedition,https://en.discovery-expedition.com/,,,NON_RESOLUE,aucun ATS détecté sur le site
designer brands,https://www.dsw.com/,,,NON_RESOLUE,aucun ATS détecté sur le site
f.a.st by nisim,http://fasthaircare.com/,,,NON_RESOLUE,aucun ATS détecté sur le site
duvetica,https://www.duvetica.com/,,,NON_RESOLUE,aucun ATS détecté sur le site
donsje,https://www.donsje.com/,,,NON_RESOLUE,aucun ATS détecté sur le site
dillysocks,https://www.dillysocks.com/,,,NON_RESOLUE,site en erreur au probe
briju,https://www.briju.pl/,,,NON_RESOLUE,aucun ATS détecté sur le site
elmas phil,https://www.elmasphil.it/,,,NON_RESOLUE,aucun ATS détecté sur le site
dirkje,https://www.dirkje.nl/,,,NON_RESOLUE,aucun ATS détecté sur le site
dr. lift,https://homespacollection.com/,,,NON_RESOLUE,aucun ATS détecté sur le site
dc schoes,https://www.dcshoes.com/,,,NON_RESOLUE,aucun ATS détecté sur le site
ebbe,https://www.ebbekids.com/,,,NON_RESOLUE,aucun ATS détecté sur le site
etnies,https://etnies.com/,,,NON_RESOLUE,aucun ATS détecté sur le site
dl1961,https://www.dl1961.com/,,,NON_RESOLUE,aucun ATS détecté sur le site
de marchi,http://www.demarchi.com/,,,NON_RESOLUE,aucun ATS détecté sur le site
diane higgins skincare,http://dianehiggins.com/,,,NON_RESOLUE,aucun ATS détecté sur le site
denoir cosmetics,http://denoircosmetics.com/,,,NON_RESOLUE,aucun ATS détecté sur le site
dolly beauty,https://dollybeauty.com/,,,NON_RESOLUE,aucun ATS détecté sur le site
circles and cycles,http://www.circlesandcyclesalchemy.com/,,,NON_RESOLUE,aucun ATS détecté sur le site
christine laure,https://www.christine-laure.fr/,,,NON_RESOLUE,aucun ATS détecté sur le site
divine,https://www.divineecodyedsilk.com.au/,,,NON_RESOLUE,aucun ATS détecté sur le site
dogo,https://www.dogostore.com/,,,NON_RESOLUE,aucun ATS détecté sur le site
eye embrace,https://eyeembrace.com/,,,NON_RESOLUE,aucun ATS détecté sur le site
delayne dixon,https://www.delaynedixon.com/,,,NON_RESOLUE,aucun ATS détecté sur le site
earthdye,https://www.earthdye.com/,,,NON_RESOLUE,aucun ATS détecté sur le site
de beers jewellers,https://www.debeers.com/,,,NON_RESOLUE,aucun ATS détecté sur le site
d-xel,https://www.d-xel.com/,,,NON_RESOLUE,aucun ATS détecté sur le site
deuter,https://www.deuter.com/,,,NON_RESOLUE,aucun ATS détecté sur le site
due amanti,https://www.dueamanti.be/,,,NON_RESOLUE,aucun ATS détecté sur le site
ergobag,https://www.ergobag.de/,,,NON_RESOLUE,aucun ATS détecté sur le site
claire woman,https://www.clairewoman.dk/,,,NON_RESOLUE,aucun ATS détecté sur le site
dstld,https://www.dstld.com/,,,NON_RESOLUE,aucun ATS détecté sur le site
evisu,https://www.evisu.com/,,,NON_RESOLUE,aucun ATS détecté sur le site
donni.,https://shopdonni.com/,,,NON_RESOLUE,aucun ATS détecté sur le site
double dutchess,https://www.doubledutchesspolish.com/,,,NON_RESOLUE,aucun ATS détecté sur le site
edie parker,https://edie-parker.com/,,,NON_RESOLUE,aucun ATS détecté sur le site
ecopeaco.,https://ecopeaco.com/,,,NON_RESOLUE,aucun ATS détecté sur le site
etq,https://www.etq-amsterdam.com/,,,NON_RESOLUE,aucun ATS détecté sur le site
fathers & sons,https://www.fatherandsons.fr/,,,NON_RESOLUE,aucun ATS détecté sur le site
dr. idriss,https://www.dridriss.com/,,,NON_RESOLUE,aucun ATS détecté sur le site
e. gluck corporation,http://www.armitron.com/,,,NON_RESOLUE,aucun ATS détecté sur le site
essen,https://essenthelabel.com/?oid=319&affid=1&source_id=GoY-rating&sub1=brandpage,,,NON_RESOLUE,aucun ATS détecté sur le site
discovery clothing company,https://www.discoveryclothing.com/,,,NON_RESOLUE,aucun ATS détecté sur le site
dear drops,http://deardropsbeauty.com/,,,NON_RESOLUE,aucun ATS détecté sur le site
deichmann,https://www.deichmann.com/,,,NON_RESOLUE,site en erreur au probe
cleverman,https://becleverman.com/,,,NON_RESOLUE,aucun ATS détecté sur le site
evolved by nature,https://skincare.evolvedbynature.com/,,,NON_RESOLUE,aucun ATS détecté sur le site
dwrs label,http://www.dwrslabel.com/,,,NON_RESOLUE,aucun ATS détecté sur le site
closure london,https://www.closurelondon.com/,,,NON_RESOLUE,aucun ATS détecté sur le site
des petits hauts,https://www.despetitshauts.com/,,,NON_RESOLUE,site en erreur au probe
domrebel,https://domrebel.com/,,,NON_RESOLUE,aucun ATS détecté sur le site
east 29th,http://www.east29th.com/,,,NON_RESOLUE,aucun ATS détecté sur le site
doppelgänger,https://www.doppelganger.it/,,,NON_RESOLUE,site en erreur au probe
el corte inglés,https://www.elcorteingles.es/,,,NON_RESOLUE,site en erreur au probe
cocosolis,https://cocosolis.com/de/,,,NON_RESOLUE,aucun ATS détecté sur le site
derma e,https://dermae.com/,,,NON_RESOLUE,aucun ATS détecté sur le site
elena miro,https://www.elenamiro.com/,,,NON_RESOLUE,aucun ATS détecté sur le site
dr. alkaitis organics  llc,http://alkaitis.com/,,,NON_RESOLUE,aucun ATS détecté sur le site
coastal classic creations,https://www.coastalclassiccreations.com/,,,NON_RESOLUE,aucun ATS détecté sur le site
decibel hair llc,http://www.decibelhair.com/,,,NON_RESOLUE,aucun ATS détecté sur le site
enchanted,https://minxandthemage.com/,,,NON_RESOLUE,aucun ATS détecté sur le site
dale of norway,https://www.daleofnorway.com/,,,NON_RESOLUE,aucun ATS détecté sur le site
elina organics,https://elinaorganics.com/,,,NON_RESOLUE,aucun ATS détecté sur le site
daks,http://www.daks.com/,,,NON_RESOLUE,site en erreur au probe
brucle,https://www.brucleshop.com/,,,NON_RESOLUE,aucun ATS détecté sur le site
elvis & kresse,https://www.elvisandkresse.com/?oid=74&affid=1&source_id=GoY-rating&sub1=brandpage,,,NON_RESOLUE,aucun ATS détecté sur le site
dress code,https://dresscode.com.pk/,,,NON_RESOLUE,aucun ATS détecté sur le site
crdkelaidi,https://www.crd.cn/,,,NON_RESOLUE,site en erreur au probe
easy spirit,https://easyspirit.com/,,,NON_RESOLUE,aucun ATS détecté sur le site
éliou,https://www.eliou-eliou.com/,,,NON_RESOLUE,site en erreur au probe
elvira collections,https://elvira-collections.com/,,,NON_RESOLUE,aucun ATS détecté sur le site
dermacol,https://www.dermacol.cz/,,,NON_RESOLUE,aucun ATS détecté sur le site
devons jewelers,https://www.devonsjewelers.com/,,,NON_RESOLUE,aucun ATS détecté sur le site
delikatessen,https://delikatessen.jp/,,,NON_RESOLUE,aucun ATS détecté sur le site
deni cler milano,https://denicler.eu/,,,NON_RESOLUE,aucun ATS détecté sur le site
colloseum,https://colloseumfashion.com/,,,NON_RESOLUE,aucun ATS détecté sur le site
chie mihara,https://www.chiemihara.com/,,,NON_RESOLUE,aucun ATS détecté sur le site
fabelab,https://www.fabelab.dk/,,,NON_RESOLUE,aucun ATS détecté sur le site
devina louise,https://devinalouise.com.au/,,,NON_RESOLUE,aucun ATS détecté sur le site
dossier,https://dossier.co/,,,NON_RESOLUE,aucun ATS détecté sur le site
desal,https://desal.in/,,,NON_RESOLUE,aucun ATS détecté sur le site
fear of god,https://fearofgod.com/,,,NON_RESOLUE,aucun ATS détecté sur le site
comeforbreakfast,https://www.comeforbreakfast.com/,,,NON_RESOLUE,aucun ATS détecté sur le site
devotion twins,https://www.devotion.gr/,,,NON_RESOLUE,aucun ATS détecté sur le site
dondup,https://www.dondup.com/,,,NON_RESOLUE,aucun ATS détecté sur le site
elphile,https://elphile.com/,,,NON_RESOLUE,aucun ATS détecté sur le site
dare 2b,https://www.dare2b.com/,,,NON_RESOLUE,aucun ATS détecté sur le site
elvang denmark,https://www.elvangdenmark.dk/,,,NON_RESOLUE,aucun ATS détecté sur le site
earth and body wise,http://www.earthbodywise.com/,,,NON_RESOLUE,aucun ATS détecté sur le site
edeline lee,https://edelinelee.com/,,,NON_RESOLUE,aucun ATS détecté sur le site
chromat,https://chromat.co/,,,NON_RESOLUE,aucun ATS détecté sur le site
dimmeys,https://dimmeys.com.au/,,,NON_RESOLUE,aucun ATS détecté sur le site
equestrian stockholm,https://equestrianstockholm.com/,,,NON_RESOLUE,site en erreur au probe
darkshe,https://darkshe.com/,,,NON_RESOLUE,aucun ATS détecté sur le site
ds laboratories,https://dslaboratories.com/,,,NON_RESOLUE,aucun ATS détecté sur le site
by rosie jane,http://www.byrosiejane.com/,,,NON_RESOLUE,aucun ATS détecté sur le site
dimples,https://www.dimples.co.nz/,,,NON_RESOLUE,aucun ATS détecté sur le site
durban bagii,https://www.durbanbagii.com/,,,NON_RESOLUE,aucun ATS détecté sur le site
emoda,https://emoda-japan.com/,,,NON_RESOLUE,site en erreur au probe
dfg 1924,https://dfg1924.it/,,,NON_RESOLUE,aucun ATS détecté sur le site
dwell and slumber,https://dwellandslumber.com/,,,NON_RESOLUE,aucun ATS détecté sur le site
family 1st,https://family1st.us/,,,NON_RESOLUE,aucun ATS détecté sur le site
fina garcia,https://finagarcia.com/,,,NON_RESOLUE,aucun ATS détecté sur le site
ep soak by san francisco salt co,https://epsoak.com/,,,NON_RESOLUE,aucun ATS détecté sur le site
fayettechill,https://www.fayettechill.com/,,,NON_RESOLUE,aucun ATS détecté sur le site
eah chanie,https://www.aliexpress.com/i/3256808284482327.html?gatewayAdapt=4itemAdapt%3Futm_source%3DGoodOnYou+App,,,NON_RESOLUE,aucun ATS détecté sur le site
deadsoxy,https://deadsoxy.com/,,,NON_RESOLUE,aucun ATS détecté sur le site
earth tu face,http://www.earthtuface.com/,,,NON_RESOLUE,aucun ATS détecté sur le site
citizens of humanity,https://www.citizensofhumanity.com/,,,NON_RESOLUE,aucun ATS détecté sur le site
earth mama organics,https://earthmamaorganics.com/,,,NON_RESOLUE,aucun ATS détecté sur le site
esotiq,https://esotiq.com/,,,NON_RESOLUE,aucun ATS détecté sur le site
cactus plant flea market,https://cactusplantfleamarket.com/,,,NON_RESOLUE,aucun ATS détecté sur le site
dulzamara,https://dulzamara.com/,,,NON_RESOLUE,aucun ATS détecté sur le site
eby,https://shop.join-eby.com/,,,NON_RESOLUE,aucun ATS détecté sur le site
dobell,https://www.dobell.com/,,,NON_RESOLUE,aucun ATS détecté sur le site
dr. sorbie,https://www.drsorbie.co.il/,,,NON_RESOLUE,site en erreur au probe
ecoright,https://www.ecoright.com/,,,NON_RESOLUE,aucun ATS détecté sur le site
e’serdiv,https://eserdiv.com/,,,NON_RESOLUE,aucun ATS détecté sur le site
dunhill,https://www.dunhill.com/,,,NON_RESOLUE,aucun ATS détecté sur le site
esas nyc,http://www.esasnyc.com/,,,NON_RESOLUE,aucun ATS détecté sur le site
eisenberg paris,http://www.eisenberg.com/,,,NON_RESOLUE,site en erreur au probe
cubitts,https://www.cubitts.com/,,,NON_RESOLUE,aucun ATS détecté sur le site
dr. denim,https://www.drdenim.com/,,,NON_RESOLUE,aucun ATS détecté sur le site
earthley wellness,http://www.earthley.com/,,,NON_RESOLUE,aucun ATS détecté sur le site
fernando jorge,https://www.fernandojorge.co.uk/,,,NON_RESOLUE,aucun ATS détecté sur le site
deadweight supply co.,https://deadweightsupply.com/,,,NON_RESOLUE,aucun ATS détecté sur le site
ecozz,https://www.ecozz.com/,,,NON_RESOLUE,aucun ATS détecté sur le site
etici,https://www.etici.eu/,,,NON_RESOLUE,aucun ATS détecté sur le site
eco-dent international,http://www.eco-dent.com/,,,NON_RESOLUE,aucun ATS détecté sur le site
eight & bob,https://usa.eightandbob.com/,,,NON_RESOLUE,aucun ATS détecté sur le site
f.a.r.a.h brushes,http://farahbrushes.com/,,,NON_RESOLUE,aucun ATS détecté sur le site
desoto,https://www.desoto-shirts.de/,,,NON_RESOLUE,aucun ATS détecté sur le site
cyma watches,http://www.cyma.ch/,,,NON_RESOLUE,aucun ATS détecté sur le site
ecru,https://www.ecrubrand.com/,,,NON_RESOLUE,site en erreur au probe
dora larsen,https://doralarsen.com/,,,NON_RESOLUE,site en erreur au probe
elewa natural,http://www.elewanatural.com/,,,NON_RESOLUE,aucun ATS détecté sur le site
encircled,https://www.encircled.ca/?oid=305&affid=1&source_id=GoY-rating&sub1=brandpage,,,NON_RESOLUE,aucun ATS détecté sur le site
do+dare undie co.,https://doanddare.co/,,,NON_RESOLUE,aucun ATS détecté sur le site
eberjey,https://eberjey.com/,,,NON_RESOLUE,aucun ATS détecté sur le site
dolcezza,https://dolcezza.ca/,,,NON_RESOLUE,aucun ATS détecté sur le site
emporio armani,https://www.armani.com/emporio-armani/,,,NON_RESOLUE,aucun ATS détecté sur le site
capezio,https://www.capezio.com/,,,NON_RESOLUE,aucun ATS détecté sur le site
drm-lnd,https://drm-lnd.com/,,,NON_RESOLUE,aucun ATS détecté sur le site
delacourte paris,https://delacourte.com/,,,NON_RESOLUE,aucun ATS détecté sur le site
falla finland,https://fallafinland.com/,,,NON_RESOLUE,aucun ATS détecté sur le site
ena pelly,https://enapelly.com.au/,,,NON_RESOLUE,aucun ATS détecté sur le site
didriksons,https://www.didriksons.com/,,,NON_RESOLUE,aucun ATS détecté sur le site
eganagoldpfeil (holdings) ltd.,http://www.egana.com/,,,NON_RESOLUE,aucun ATS détecté sur le site
eptm.,https://eptmusa.com/,,,NON_RESOLUE,aucun ATS détecté sur le site
fiorucci,https://www.fiorucci.com/,,,NON_RESOLUE,site en erreur au probe
elle chic,https://www.lechicfashion.eu/elle-chic,,,NON_RESOLUE,aucun ATS détecté sur le site
daisy rose,https://daisyrose.com/,,,NON_RESOLUE,aucun ATS détecté sur le site
forever 21,https://www.forever21.com/,,,NON_RESOLUE,aucun ATS détecté sur le site
corto moltedo,https://corto.com/,,,NON_RESOLUE,aucun ATS détecté sur le site
elegantees,https://elegantees.com/,,,NON_RESOLUE,aucun ATS détecté sur le site
eva nyc,https://eva-nyc.com/,,,NON_RESOLUE,aucun ATS détecté sur le site
elodie's naturals,https://elodiesnaturals.com/,,,NON_RESOLUE,aucun ATS détecté sur le site
dreamers & drifters,https://dreamersanddrifters.com.au/,,,NON_RESOLUE,aucun ATS détecté sur le site
everlast,https://www.everlast.com/,,,NON_RESOLUE,aucun ATS détecté sur le site
dermophil indien,http://www.dermophil.fr/,,,NON_RESOLUE,aucun ATS détecté sur le site
editions de parfums frédéric malle,https://www.fredericmalle.com/,,,NON_RESOLUE,site en erreur au probe
daze,https://dazedenim.com/,,,NON_RESOLUE,aucun ATS détecté sur le site
dioné cosmetics,http://www.dionecosmetics.com/,,,NON_RESOLUE,site en erreur au probe
ebb ocean club,http://ebboceanclub.com/,,,NON_RESOLUE,aucun ATS détecté sur le site
conrado,https://shopconrado.com/,,,NON_RESOLUE,site en erreur au probe
epøkhe,https://www.epokhe.co/,,,NON_RESOLUE,aucun ATS détecté sur le site
comunitymade,https://comunitymade.com/,,,NON_RESOLUE,aucun ATS détecté sur le site
el vaquero,https://www.elvaquero.it/,,,NON_RESOLUE,aucun ATS détecté sur le site
father & sons,http://www.fatherandsons.fr/,,,NON_RESOLUE,aucun ATS détecté sur le site
doctor hopiola,https://drhopiola.com/,,,NON_RESOLUE,aucun ATS détecté sur le site
cle cosmetics,http://clecosmetics.com/,,,NON_RESOLUE,aucun ATS détecté sur le site
emily van den bergh,https://yours-emily.de/,,,NON_RESOLUE,aucun ATS détecté sur le site
esme,https://weareesme.com/,,,NON_RESOLUE,aucun ATS détecté sur le site
dare fashion,https://darefashionusa.com/,,,NON_RESOLUE,aucun ATS détecté sur le site
ella k parfums,https://www.ellakparfums.com/,,,NON_RESOLUE,aucun ATS détecté sur le site
doshi,https://doshi.shop/,,,NON_RESOLUE,site en erreur au probe
element brooklyn,https://www.elementbrooklyn.com/,,,NON_RESOLUE,aucun ATS détecté sur le site
decadent copenhagen,https://www.decadentcopenhagen.dk/,,,NON_RESOLUE,aucun ATS détecté sur le site
casas,https://www.casasclub.com/en,,,NON_RESOLUE,aucun ATS détecté sur le site
duskii,https://duskii.com/,,,NON_RESOLUE,aucun ATS détecté sur le site
edge of ember,https://edgeofember.com/,,,NON_RESOLUE,aucun ATS détecté sur le site
emily week,https://ew.baycrews.co.jp/,,,NON_RESOLUE,aucun ATS détecté sur le site
eguzkilore,https://eguzkilorejoya.com/,,,NON_RESOLUE,aucun ATS détecté sur le site
ethical earth store,https://ethicalearthstore.com/,,,NON_RESOLUE,aucun ATS détecté sur le site
coq en pâte,http://www.coqenpate.com/,,,NON_RESOLUE,aucun ATS détecté sur le site
feratt,https://feratt.cz/,,,NON_RESOLUE,aucun ATS détecté sur le site
crash baggage,https://crashbaggage.com/en/,,,NON_RESOLUE,aucun ATS détecté sur le site
clothing junction,https://clothingjunction.co.za/,,,NON_RESOLUE,aucun ATS détecté sur le site
franco tucci,https://tuccitime.com/,,,NON_RESOLUE,site en erreur au probe
emily & noah,https://www.emilyundnoah.com/,,,NON_RESOLUE,aucun ATS détecté sur le site
florapothecarie,https://florapothecarie.com/,,,NON_RESOLUE,aucun ATS détecté sur le site
everneat,https://everneat.co/,,,NON_RESOLUE,aucun ATS détecté sur le site
dew e dew e,https://dewedewe.com/,,,NON_RESOLUE,aucun ATS détecté sur le site
feravana,http://feravana.com/,,,NON_RESOLUE,aucun ATS détecté sur le site
extraless,https://extraless.com/,,,NON_RESOLUE,aucun ATS détecté sur le site
doppeltree,http://www.doppeltree.com/,,,NON_RESOLUE,aucun ATS détecté sur le site
cotopaxi,https://www.cotopaxi.com/,,,NON_RESOLUE,aucun ATS détecté sur le site
freed,https://www.freedandfreed.com/,,,NON_RESOLUE,aucun ATS détecté sur le site
dorsu,https://shopdorsu.com/?oid=69&affid=1&source_id=GoY-rating&sub1=brandpage,,,NON_RESOLUE,aucun ATS détecté sur le site
e'mar,https://www.emaritaly.com/,,,NON_RESOLUE,aucun ATS détecté sur le site
ephd,https://epres.com/,,,NON_RESOLUE,aucun ATS détecté sur le site
faith,https://www.faith.se/,,,NON_RESOLUE,aucun ATS détecté sur le site
dip,https://dipalready.com/,,,NON_RESOLUE,aucun ATS détecté sur le site
eight2nine,https://eight2nine.de/,,,NON_RESOLUE,aucun ATS détecté sur le site
dub,https://www.dubapparels.com/,,,NON_RESOLUE,aucun ATS détecté sur le site
equaland,https://equaland.com/,,,NON_RESOLUE,aucun ATS détecté sur le site
econscious,https://www.econscious.net/,,,NON_RESOLUE,aucun ATS détecté sur le site
cognomen,https://cognomen.jp/,,,NON_RESOLUE,aucun ATS détecté sur le site
edmmond,https://edmmond.com/,,,NON_RESOLUE,site en erreur au probe
dr. scholl's,https://www.drscholls.com/,,,NON_RESOLUE,aucun ATS détecté sur le site
demonomy,https://demonomy.com/,,,NON_RESOLUE,aucun ATS détecté sur le site
esby apparel,https://www.esbyapparel.com/,,,NON_RESOLUE,aucun ATS détecté sur le site
fiorella rubino,https://www.fiorellarubino.com/,,,NON_RESOLUE,aucun ATS détecté sur le site
foo tokyo,https://footokyo.jp/,,,NON_RESOLUE,aucun ATS détecté sur le site
factorie,https://www.factorie.com.au/,,,NON_RESOLUE,aucun ATS détecté sur le site
comme des garçons,https://www.comme-des-garcons.com/,,,NON_RESOLUE,aucun ATS détecté sur le site
dream crème™,https://www.emijay.com/,,,NON_RESOLUE,aucun ATS détecté sur le site
doctor cutillas,https://www.doctorcutillas.com/,,,NON_RESOLUE,aucun ATS détecté sur le site
esmé studios,https://www.esmestudios.com/,,,NON_RESOLUE,aucun ATS détecté sur le site
elendeek,https://elendeek.com/,,,NON_RESOLUE,aucun ATS détecté sur le site
ftc cashmere,https://shop.ftc-cashmere.com/,,,NON_RESOLUE,aucun ATS détecté sur le site
ekta helsinki,https://www.ektahelsinki.fi/,,,NON_RESOLUE,aucun ATS détecté sur le site
enlighten clothing co,https://enlightenclothingcompany.com/,,,NON_RESOLUE,site en erreur au probe
escvdo,https://escvdo.com/,,,NON_RESOLUE,aucun ATS détecté sur le site
ericeira surf & skate,https://ericeirasurfskate.pt/pt/en/,,,NON_RESOLUE,aucun ATS détecté sur le site
eagle creek,https://www.eaglecreek.com/homepage.html,,,NON_RESOLUE,aucun ATS détecté sur le site
cremebalm,http://cremebalm.com/,,,NON_RESOLUE,aucun ATS détecté sur le site
fenton,http://www.fentonbags.com/,,,NON_RESOLUE,aucun ATS détecté sur le site
devrim studio,https://devrimstudio.com/,,,NON_RESOLUE,aucun ATS détecté sur le site
esthetic center,https://www.esthetic-center.com/,,,NON_RESOLUE,aucun ATS détecté sur le site
eliurpi,https://www.eliurpi.com/,,,NON_RESOLUE,aucun ATS détecté sur le site
envelope1976,https://envelope1976.com/,,,NON_RESOLUE,aucun ATS détecté sur le site
dua bags,https://duabags.com/,,,NON_RESOLUE,aucun ATS détecté sur le site
conchisa,https://www.conchisa.com/,,,NON_RESOLUE,site en erreur au probe
caudalie,http://www.caudalie.com/,,,NON_RESOLUE,aucun ATS détecté sur le site
defineme,http://definemefragrance.com/,,,NON_RESOLUE,aucun ATS détecté sur le site
dphue,https://www.dphue.com/,,,NON_RESOLUE,aucun ATS détecté sur le site
eb denim,https://www.ebdenim.com/,,,NON_RESOLUE,aucun ATS détecté sur le site
eline rosina,https://elinerosina.com/,,,NON_RESOLUE,aucun ATS détecté sur le site
ellesse,https://www.ellesse.com/,,,NON_RESOLUE,aucun ATS détecté sur le site
dorothy perkins,https://www.dorothyperkins.com/,,,NON_RESOLUE,aucun ATS détecté sur le site
fairy tales hair care,http://fairytaleshaircare.com/,,,NON_RESOLUE,aucun ATS détecté sur le site
elie tahari,https://www.elietahari.com/,,,NON_RESOLUE,aucun ATS détecté sur le site
corks and bubbles,http://corksandbubbles.ca/,,,NON_RESOLUE,aucun ATS détecté sur le site
essentials everything,http://www.essentialseverything.com/,,,NON_RESOLUE,aucun ATS détecté sur le site
entetsu department store,https://www.endepa.com/,,,NON_RESOLUE,aucun ATS détecté sur le site
embrogo,https://embrogobrand.com/,,,NON_RESOLUE,aucun ATS détecté sur le site
ehe apparel,https://eheapparel.com/,,,NON_RESOLUE,aucun ATS détecté sur le site
costo,https://www.costo.fi/,,,NON_RESOLUE,aucun ATS détecté sur le site
estilo emporio,https://estiloemporio.com.au/,,,NON_RESOLUE,aucun ATS détecté sur le site
emanate essentials,https://emanateessentials.com/,,,NON_RESOLUE,aucun ATS détecté sur le site
duer,https://shopduer.com/,,,NON_RESOLUE,site en erreur au probe
ellastiek,https://ellastiek.com/,,,NON_RESOLUE,site en erreur au probe
finny rute,http://www.finnyrute.co/,,,NON_RESOLUE,aucun ATS détecté sur le site
dynasty jewelers,https://dynastysanjose.com/,,,NON_RESOLUE,aucun ATS détecté sur le site
dylan's tees,https://dylanstees.com/,,,NON_RESOLUE,aucun ATS détecté sur le site
erly,http://itserly.com/,,,NON_RESOLUE,aucun ATS détecté sur le site
g.i.g.a. dx,https://www.killtec.de/,,,NON_RESOLUE,aucun ATS détecté sur le site
em’z blendz soap co.,http://emzblendz.com/,,,NON_RESOLUE,aucun ATS détecté sur le site
fratelli rossetti,https://www.fratellirossetti.com/,,,NON_RESOLUE,aucun ATS détecté sur le site
emma hyacinth,https://emmahyacinth.com/,,,NON_RESOLUE,aucun ATS détecté sur le site
farm rio,https://www.farmrio.com/,,,NON_RESOLUE,aucun ATS détecté sur le site
culya,https://culya.com/,,,NON_RESOLUE,aucun ATS détecté sur le site
dinh van,https://www.dinhvan.com/,,,NON_RESOLUE,site en erreur au probe
elvine,http://www.elvine.se/,,,NON_RESOLUE,aucun ATS détecté sur le site
ettitude,https://www.ettitude.com.au/?oid=33&affid=1&source_id=GoY-rating&sub1=brandpage,,,NON_RESOLUE,aucun ATS détecté sur le site
flo,https://www.flo.com.tr/,,,NON_RESOLUE,aucun ATS détecté sur le site
evén,https://even-online.com/,,,NON_RESOLUE,aucun ATS détecté sur le site
envy,https://klarandco.com/,,,NON_RESOLUE,aucun ATS détecté sur le site
felisi,https://www.felisibagsandbelts.it/,,,NON_RESOLUE,aucun ATS détecté sur le site
everpress,https://everpress.com/,,,NON_RESOLUE,aucun ATS détecté sur le site
crafsto,https://crafsto.jp/,,,NON_RESOLUE,aucun ATS détecté sur le site
evaluna shoes,https://www.evalunashoes.com/,,,NON_RESOLUE,aucun ATS détecté sur le site
elenco,https://elenco.com.pt/,,,NON_RESOLUE,aucun ATS détecté sur le site
dresscode,https://www.dresscodeshirts.co.uk/,,,NON_RESOLUE,aucun ATS détecté sur le site
chilli beans,https://loja.chillibeans.com.br/,,,NON_RESOLUE,aucun ATS détecté sur le site
feners,https://feners.com/,,,NON_RESOLUE,aucun ATS détecté sur le site
d.s. & durga,https://www.dsanddurga.com/,,,NON_RESOLUE,aucun ATS détecté sur le site
cosmoparis,https://www.cosmoparis.com/,,,NON_RESOLUE,site en erreur au probe
fiorangelo,https://www.fiorangelo.it/,,,NON_RESOLUE,aucun ATS détecté sur le site
edge clothing,https://www.edgeclothing.com.au/,,,NON_RESOLUE,aucun ATS détecté sur le site
designice,http://www.dc-nice.com/index.html,,,NON_RESOLUE,aucun ATS détecté sur le site
ebbets field flannels,https://www.ebbets.com/,,,NON_RESOLUE,aucun ATS détecté sur le site
endlich ohne,https://www.endlich-ohne.de/,,,NON_RESOLUE,aucun ATS détecté sur le site
ewers,https://www.ewers-struempfe.de/,,,NON_RESOLUE,aucun ATS détecté sur le site
dranella,https://www.dranella.com/en-en,,,NON_RESOLUE,aucun ATS détecté sur le site
crunchi,http://www.crunchi.com/,,,NON_RESOLUE,aucun ATS détecté sur le site
enruini,https://mp.weixin.qq.com/s?__biz=MjM5ODA1MDAyMA==&mid=2670367025&idx=3&sn=0bd77ced073acf4bf5148c7c56347dbf&chksm=bdfed77896224d8a106fca48d7f135beb0b5c58c781fa4c6346f31e52df9afecd070d8882250&scene=27,,,NON_RESOLUE,aucun ATS détecté sur le site
eyd - humanitarian clothing,https://www.eyd-clothing.com/,,,NON_RESOLUE,aucun ATS détecté sur le site
ellen tracy,https://ellentracy.com/,,,NON_RESOLUE,aucun ATS détecté sur le site
croquis,https://www.croquis.com.cn/,,,NON_RESOLUE,aucun ATS détecté sur le site
derimod,https://www.derimod.com.tr/,,,NON_RESOLUE,aucun ATS détecté sur le site
cover,https://coverswim.com/,,,NON_RESOLUE,aucun ATS détecté sur le site
endura,https://www.endurasport.com/,,,NON_RESOLUE,aucun ATS détecté sur le site
fokus očná optika,https://fokusoptika.sk/,,,NON_RESOLUE,aucun ATS détecté sur le site
e.l.f. cosmetics  inc.,https://www.elfcosmetics.com/,,,NON_RESOLUE,aucun ATS détecté sur le site
erke,https://en.erke.com/,,,NON_RESOLUE,aucun ATS détecté sur le site
era department stores,https://era.com.cy/,,,NON_RESOLUE,aucun ATS détecté sur le site
floralisse skincare,http://www.floralisseskincare.com/,,,NON_RESOLUE,aucun ATS détecté sur le site
equipment,https://www.equipmentfr.com/,,,NON_RESOLUE,aucun ATS détecté sur le site
esqualo,https://www.esqualo.nl/,,,NON_RESOLUE,site en erreur au probe
east harbour surplus,https://www.eastharboursurplus.com/,,,NON_RESOLUE,aucun ATS détecté sur le site
finncomfort,https://www.finncomfort.de/,,,NON_RESOLUE,aucun ATS détecté sur le site
edie grim,https://ediegrim.com/,,,NON_RESOLUE,aucun ATS détecté sur le site
floral spell,http://floralspell.co/,,,NON_RESOLUE,aucun ATS détecté sur le site
cordwainer,https://www.cordwainer.es/,,,NON_RESOLUE,aucun ATS détecté sur le site
emulsion printhouse,https://www.emulsionprinthouse.com/,,,NON_RESOLUE,aucun ATS détecté sur le site
cvlcha,https://www.cvlcha.com/,,,NON_RESOLUE,aucun ATS détecté sur le site
ernsting's family,https://www.ernstings-family.de/,,,NON_RESOLUE,aucun ATS détecté sur le site
fashion brand company,https://www.fashionbrandcompany.com/,,,NON_RESOLUE,aucun ATS détecté sur le site
duke + dexter,https://dukeanddexter.com/,,,NON_RESOLUE,aucun ATS détecté sur le site
fae,https://www.fae.house/,,,NON_RESOLUE,aucun ATS détecté sur le site
filmus13,https://filmus13.com/,,,NON_RESOLUE,aucun ATS détecté sur le site
formless beauty,https://formlessbeauty.com/,,,NON_RESOLUE,aucun ATS détecté sur le site
fondation qualité fleurier,http://www.qualite-fleurier.ch/,,,NON_RESOLUE,aucun ATS détecté sur le site
edas,https://edas.store/,,,NON_RESOLUE,aucun ATS détecté sur le site
estelí,http://www.estelibody.com/,,,NON_RESOLUE,aucun ATS détecté sur le site
esp,https://esp-oslo.no/,,,NON_RESOLUE,aucun ATS détecté sur le site
fomin soap,http://fominsoap.com/,,,NON_RESOLUE,aucun ATS détecté sur le site
doctor butler's,http://www.doctorbutlers.com/,,,NON_RESOLUE,aucun ATS détecté sur le site
emling,https://www.emling.fr/en/,,,NON_RESOLUE,site en erreur au probe
fashionpower,https://www.fashionpower.eu/,,,NON_RESOLUE,aucun ATS détecté sur le site
el nuevo mundo,https://elnuevomundo.com/,,,NON_RESOLUE,aucun ATS détecté sur le site
gémo,https://www.gemo.fr/,,,NON_RESOLUE,site en erreur au probe
flexi,https://www.flexi.com.mx/,,,NON_RESOLUE,aucun ATS détecté sur le site
damanci®,https://damanci.com/,,,NON_RESOLUE,aucun ATS détecté sur le site
crazy good threads,https://threads.crazygoodenterprises.com/,,,NON_RESOLUE,aucun ATS détecté sur le site
eau de juice,http://www.luxebrands.com/,,,NON_RESOLUE,site en erreur au probe
enviroscent,http://enviroscent.com/,,,NON_RESOLUE,aucun ATS détecté sur le site
fair indigo,https://www.fairindigo.com/?oid=77&affid=1&source_id=GoY-rating&sub1=brandpage,,,NON_RESOLUE,aucun ATS détecté sur le site
devinto,https://www.devinto.net/,,,NON_RESOLUE,aucun ATS détecté sur le site
fabiani,https://www.fabiani.co.za/,,,NON_RESOLUE,aucun ATS détecté sur le site
elle couture,https://ellecouture.shop/,,,NON_RESOLUE,aucun ATS détecté sur le site
chucker fly apparel,https://chuckerfly.com/,,,NON_RESOLUE,aucun ATS détecté sur le site
duozoulu,http://www.duozoulu.com/,,,NON_RESOLUE,site en erreur au probe
ermenegildo zegna,http://www.zegna.com/,,,NON_RESOLUE,site en erreur au probe
expressions parfumées,https://www.epparfums.com/en/,,,NON_RESOLUE,aucun ATS détecté sur le site
cote,https://www.co-te.com/,,,NON_RESOLUE,aucun ATS détecté sur le site
curlsmith,https://curlsmith.com/,,,NON_RESOLUE,aucun ATS détecté sur le site
frennesson smycken & accessoarer,https://www.frennesson.se/,,,NON_RESOLUE,aucun ATS détecté sur le site
frankie4,https://frankie4.com/,,,NON_RESOLUE,aucun ATS détecté sur le site
ekyog,https://www.ekyog.com/,,,NON_RESOLUE,site en erreur au probe
fortify,http://www.fortifyskincare.com/,,,NON_RESOLUE,aucun ATS détecté sur le site
eating the goober,https://www.eatingthegoober.com/,,,NON_RESOLUE,aucun ATS détecté sur le site
éternel éphémère,https://en.eternelephemere.eu/,,,NON_RESOLUE,aucun ATS détecté sur le site
flare street,https://www.flarestreet.com/?oid=232&affid=1&source_id=GoY-rating&sub1=brandpage,,,NON_RESOLUE,aucun ATS détecté sur le site
feller,https://www.feller.clothing/,,,NON_RESOLUE,aucun ATS détecté sur le site
giangi,https://www.gianginapoli.it/,,,NON_RESOLUE,site en erreur au probe
darzah,https://www.darzah.org/,,,NON_RESOLUE,aucun ATS détecté sur le site
edenly,https://www.edenly.com/,,,NON_RESOLUE,aucun ATS détecté sur le site
day et,https://day-et.com/,,,NON_RESOLUE,aucun ATS détecté sur le site
dollylocks,https://www.dollylocks.com/,,,NON_RESOLUE,aucun ATS détecté sur le site
fraser hart,https://www.fraserhart.co.uk/,,,NON_RESOLUE,aucun ATS détecté sur le site
citron vert,https://citron-vert.fr/,,,NON_RESOLUE,aucun ATS détecté sur le site
cruyff,https://www.cruyff.com/,,,NON_RESOLUE,aucun ATS détecté sur le site
elisabetta franchi,https://www.elisabettafranchi.com/,,,NON_RESOLUE,aucun ATS détecté sur le site
eleven44,https://eleven44.com/,,,NON_RESOLUE,aucun ATS détecté sur le site
fin & vince,https://finandvince.com/,,,NON_RESOLUE,aucun ATS détecté sur le site
fabrik,https://fabrikstore.com/,,,NON_RESOLUE,aucun ATS détecté sur le site
craig green,https://craig-green.com/,,,NON_RESOLUE,aucun ATS détecté sur le site
everymood,https://everymood.com/,,,NON_RESOLUE,aucun ATS détecté sur le site
epsoothe™,http://lasaltco.com/,,,NON_RESOLUE,aucun ATS détecté sur le site
fob paris,https://www.fob-paris.com/,,,NON_RESOLUE,aucun ATS détecté sur le site
girard-perregaux,https://www.girard-perregaux.com/,,,NON_RESOLUE,aucun ATS détecté sur le site
facetory,https://www.facetory.com/,,,NON_RESOLUE,aucun ATS détecté sur le site
familyshoes,https://www.familyshoes.com.tw/,,,NON_RESOLUE,aucun ATS détecté sur le site
feng chen wang,https://fengchenwang.com/,,,NON_RESOLUE,aucun ATS détecté sur le site
doucal's,https://www.doucals.com/,,,NON_RESOLUE,aucun ATS détecté sur le site
eli 1957,https://eli1957.com/,,,NON_RESOLUE,aucun ATS détecté sur le site
furla,https://www.furla.com/,,,NON_RESOLUE,site en erreur au probe
f. king golf,https://www.fkinggolf.com/,,,NON_RESOLUE,aucun ATS détecté sur le site
ellyla,https://ellyla.com/,,,NON_RESOLUE,aucun ATS détecté sur le site
form and fold,https://formandfold.com/,,,NON_RESOLUE,aucun ATS détecté sur le site
dime bags,https://dimebags.com/,,,NON_RESOLUE,aucun ATS détecté sur le site
est seven,https://www.estseven.com/,,,NON_RESOLUE,aucun ATS détecté sur le site
gaelle hayme,https://www.gaellehayme.com/,,,NON_RESOLUE,aucun ATS détecté sur le site
ensulo,https://ensulo.jp/,,,NON_RESOLUE,aucun ATS détecté sur le site
ermanno scervino,https://www.ermannoscervino.com/,,,NON_RESOLUE,site en erreur au probe
fann retail,https://www.fann.cz/,,,NON_RESOLUE,aucun ATS détecté sur le site
cvrd fashion,https://www.cvrdcollection.com/,,,NON_RESOLUE,aucun ATS détecté sur le site
fulton,https://walkfulton.com/,,,NON_RESOLUE,aucun ATS détecté sur le site
denirobootco,https://denirobootco.it/,,,NON_RESOLUE,aucun ATS détecté sur le site
dr.kong,https://www.dr-kong.com.hk/,,,NON_RESOLUE,aucun ATS détecté sur le site
elsien gringhuis,https://www.elsiengringhuis.com/,,,NON_RESOLUE,aucun ATS détecté sur le site
erl,https://erl.store/,,,NON_RESOLUE,aucun ATS détecté sur le site
fashion to figure,https://www.fashiontofigure.com/,,,NON_RESOLUE,site en erreur au probe
etnia barcelona,https://www.etniabarcelona.com/us/en,,,NON_RESOLUE,aucun ATS détecté sur le site
daisy blue naturals,https://daisybluenaturals.com/,,,NON_RESOLUE,aucun ATS détecté sur le site
ekn footwear,https://www.eknfootwear.com/,,,NON_RESOLUE,site en erreur au probe
frett,https://frett.life/,,,NON_RESOLUE,aucun ATS détecté sur le site
farago the label,http://www.faragothelabel.com/,,,NON_RESOLUE,aucun ATS détecté sur le site
frankie and coco pdx,https://frankieandcocopdx.com/,,,NON_RESOLUE,aucun ATS détecté sur le site
do good surf club,https://www.dogoodsurfclub.com/?oid=386&affid=1&source_id=GoY-rating&sub1=brandpage,,,NON_RESOLUE,aucun ATS détecté sur le site
faithfull the brand,https://www.faithfullthebrand.com/,,,NON_RESOLUE,aucun ATS détecté sur le site
european culture,https://www.european-culture.it/,,,NON_RESOLUE,aucun ATS détecté sur le site
elfs,https://www.elfs.hr/,,,NON_RESOLUE,aucun ATS détecté sur le site
damselfly,https://www.damselflyorganicclothing.com/,,,NON_RESOLUE,aucun ATS détecté sur le site
esica,https://esica.shop/,,,NON_RESOLUE,aucun ATS détecté sur le site
goldsign,https://goldsigndenim.com/,,,NON_RESOLUE,aucun ATS détecté sur le site
emmi,https://emmi.jp/,,,NON_RESOLUE,site en erreur au probe
earth harbor naturals,http://earthharbor.com/,,,NON_RESOLUE,aucun ATS détecté sur le site
gabbiano denim,https://www.gabbianodenim.com/,,,NON_RESOLUE,aucun ATS détecté sur le site
devil-dog dungarees,https://devil-dog.com/,,,NON_RESOLUE,aucun ATS détecté sur le site
em & may,https://www.emandmay.com/,,,NON_RESOLUE,site en erreur au probe
fast-fix jewelry and watch repair,https://fastfix.com/,,,NON_RESOLUE,aucun ATS détecté sur le site
clean kids naturally,http://gabrielcosmeticsinc.com/brand/clean-kids,,,NON_RESOLUE,aucun ATS détecté sur le site
feel,http://www.thisisfeel.com/,,,NON_RESOLUE,aucun ATS détecté sur le site
fresame cosmetics,http://fresame.com/,,,NON_RESOLUE,aucun ATS détecté sur le site
eos,http://www.evolutionofsmooth.com/,,,NON_RESOLUE,aucun ATS détecté sur le site
flatlist,https://www.flatlisteyewear.com/,,,NON_RESOLUE,aucun ATS détecté sur le site
danucera,http://www.danucera.com/,,,NON_RESOLUE,aucun ATS détecté sur le site
fe noel,https://fenoel.com/,,,NON_RESOLUE,aucun ATS détecté sur le site
doops designs,https://www.doopsdesigns.com/,,,NON_RESOLUE,aucun ATS détecté sur le site
elonai,https://elonai.us/,,,NON_RESOLUE,aucun ATS détecté sur le site
en vogue sculptured nail systems,https://www.envoguenails.com/,,,NON_RESOLUE,site en erreur au probe
endless joy,https://www.endlessjoy.co.uk/,,,NON_RESOLUE,aucun ATS détecté sur le site
dress like flo,https://www.flo.nl/,,,NON_RESOLUE,aucun ATS détecté sur le site
dear darling berlin,https://deardarling.berlin/,,,NON_RESOLUE,aucun ATS détecté sur le site
fur,http://furyou.com/,,,NON_RESOLUE,site en erreur au probe
femkit,https://www.femkit.de/,,,NON_RESOLUE,aucun ATS détecté sur le site
daheim love,https://www.daheim.love/,,,NON_RESOLUE,aucun ATS détecté sur le site
essenziali sicily,https://essenzialisicily.com/,,,NON_RESOLUE,aucun ATS détecté sur le site
fly london,https://www.flylondon.com/,,,NON_RESOLUE,aucun ATS détecté sur le site
ganor dominic,https://ganordominic.com/,,,NON_RESOLUE,aucun ATS détecté sur le site
fly3,https://www.fly3.it/,,,NON_RESOLUE,aucun ATS détecté sur le site
ex nihilo,https://us.ex-nihilo-paris.com/,,,NON_RESOLUE,aucun ATS détecté sur le site
gadea,https://www.gadeashoes.com/,,,NON_RESOLUE,aucun ATS détecté sur le site
eudoxie,https://eudoxie.shop/,,,NON_RESOLUE,aucun ATS détecté sur le site
freisi,https://freisi-official.com/,,,NON_RESOLUE,aucun ATS détecté sur le site
éxito,https://www.exito.com/,,,NON_RESOLUE,site en erreur au probe
gore® wear,https://www.gorewear.com/,,,NON_RESOLUE,aucun ATS détecté sur le site
epsoak naturals collection,http://www.epsoak.com/,,,NON_RESOLUE,aucun ATS détecté sur le site
és skateboarding,http://esskateboarding.com/,,,NON_RESOLUE,aucun ATS détecté sur le site
de bonne facture,https://debonnefacture.fr/,,,NON_RESOLUE,aucun ATS détecté sur le site
funk since 1776,https://www.funk-since-1776.com/,,,NON_RESOLUE,site en erreur au probe
fidelio,https://www.fidelio-shop.com/,,,NON_RESOLUE,aucun ATS détecté sur le site
edgardio chilini,https://www.chilini.com/,,,NON_RESOLUE,aucun ATS détecté sur le site
forét,https://www.foretstudio.dk/,,,NON_RESOLUE,aucun ATS détecté sur le site
fenty beauty,https://www.fentybeauty.com/,,,NON_RESOLUE,site en erreur au probe
ed. pinaud,http://ed-pinaud.com/,,,NON_RESOLUE,site en erreur au probe
emon,https://www.underwear.com.tw/,,,NON_RESOLUE,aucun ATS détecté sur le site
dr. loretta,http://www.drloretta.com/,,,NON_RESOLUE,site en erreur au probe
finsk,http://finsk.com/,,,NON_RESOLUE,aucun ATS détecté sur le site
estella bartlett,https://www.estellabartlett.com/,,,NON_RESOLUE,aucun ATS détecté sur le site
gas bijoux,https://www.gasbijoux.com/,,,NON_RESOLUE,aucun ATS détecté sur le site
delikate rayne,https://www.delikaterayne.com/,,,NON_RESOLUE,aucun ATS détecté sur le site
foreva,http://www.foreva.pt/,,,NON_RESOLUE,aucun ATS détecté sur le site
gabriela hearst,http://www.gabrielahearst.com/,,,NON_RESOLUE,aucun ATS détecté sur le site
deep steep,https://www.deepsteep.com/,,,NON_RESOLUE,aucun ATS détecté sur le site
de siershop,https://www.desiershop.nl/,,,NON_RESOLUE,aucun ATS détecté sur le site
dunns,https://www.dunns.co.za/,,,NON_RESOLUE,site en erreur au probe
episode,https://episode.eu/,,,NON_RESOLUE,aucun ATS détecté sur le site
dl sport,https://www.dlsport.it/,,,NON_RESOLUE,site en erreur au probe
fannie schiavoni,https://www.fannieschiavoni.com/,,,NON_RESOLUE,aucun ATS détecté sur le site
esther perbandt,https://www.estherperbandt.com/,,,NON_RESOLUE,site en erreur au probe
fitshop,https://www.fitshop.de/,,,NON_RESOLUE,aucun ATS détecté sur le site
garcia,https://b2b.wearegarcia.com/,,,NON_RESOLUE,aucun ATS détecté sur le site
ethika  inc.,http://www.ethika.com/,,,NON_RESOLUE,aucun ATS détecté sur le site
franceschetti,https://www.franceschetti.it/,,,NON_RESOLUE,aucun ATS détecté sur le site
greater than beauty,https://greaterthanbeauty.co/,,,NON_RESOLUE,aucun ATS détecté sur le site
dooney & bourke,https://www.dooney.com/,,,NON_RESOLUE,aucun ATS détecté sur le site
exact,https://www.exact.co.za/,,,NON_RESOLUE,aucun ATS détecté sur le site
fix your lid,https://fixyourlid.com/,,,NON_RESOLUE,aucun ATS détecté sur le site
finish line  inc.,https://www.finishline.com/,,,NON_RESOLUE,site en erreur au probe
eurosko,https://www.eurosko.no/,,,NON_RESOLUE,aucun ATS détecté sur le site
eileen west,https://www.eileenwest.com/,,,NON_RESOLUE,site en erreur au probe
e.b.e.,http://www.enoughbutevolving.com/,,,NON_RESOLUE,aucun ATS détecté sur le site
danier,https://danier.com/,,,NON_RESOLUE,site en erreur au probe
express,https://www.express.com/,,,NON_RESOLUE,aucun ATS détecté sur le site
du pareil au même,https://en.dpam.com/,,,NON_RESOLUE,aucun ATS détecté sur le site
espaçolaser,https://www.espacolaser.com.br/,,,NON_RESOLUE,aucun ATS détecté sur le site
esotte,https://www.esotte.com/,,,NON_RESOLUE,site en erreur au probe
de la fontaine naturals,https://www.dlfnaturals.com/,,,NON_RESOLUE,aucun ATS détecté sur le site
day birger et mikkelsen,https://www.day.dk/,,,NON_RESOLUE,aucun ATS détecté sur le site
club moda usa,https://clubmodausa.com/,,,NON_RESOLUE,aucun ATS détecté sur le site
fleur du mal,https://www.fleurdumal.com/,,,NON_RESOLUE,aucun ATS détecté sur le site
etré tokyo,https://etretokyo.jp/shop/default.aspx,,,NON_RESOLUE,aucun ATS détecté sur le site
eva mann,https://eva-mann.com/,,,NON_RESOLUE,site en erreur au probe
dehiya beauty,https://dehiyabeauty.com/,,,NON_RESOLUE,aucun ATS détecté sur le site
gas jeans,https://eu.gasjeans.com/,,,NON_RESOLUE,site en erreur au probe
flonatix,http://flonatix.com/,,,NON_RESOLUE,aucun ATS détecté sur le site
desa deri,https://www.desa.com.tr/,,,NON_RESOLUE,aucun ATS détecté sur le site
elevated,http://www.taylorsnatural.com/,,,NON_RESOLUE,aucun ATS détecté sur le site
fable & mane,https://fableandmane.com/,,,NON_RESOLUE,aucun ATS détecté sur le site
georg jensen,https://www.georgjensen.com/,,,NON_RESOLUE,aucun ATS détecté sur le site
epres,http://www.epres.com/,,,NON_RESOLUE,aucun ATS détecté sur le site
genial day,https://www.genialday.com/,,,NON_RESOLUE,aucun ATS détecté sur le site
colchik,https://www.colchik.com/,,,NON_RESOLUE,aucun ATS détecté sur le site
dezestar,https://dezestar.com/,,,NON_RESOLUE,aucun ATS détecté sur le site
ellis brigham,https://www.ellis-brigham.com/,,,NON_RESOLUE,aucun ATS détecté sur le site
dr. liv skincare ag,https://drliv.com/,,,NON_RESOLUE,site en erreur au probe
flowfold,https://www.flowfold.com/,,,NON_RESOLUE,aucun ATS détecté sur le site
deblon sports,https://deblonsports.com/,,,NON_RESOLUE,aucun ATS détecté sur le site
flower knows,https://flowerknows.co/,,,NON_RESOLUE,aucun ATS détecté sur le site
everist,https://helloeverist.com/,,,NON_RESOLUE,site en erreur au probe
georgespaul,https://georgespaul.fr/,,,NON_RESOLUE,site en erreur au probe
destin,https://www.destinsurl.com/,,,NON_RESOLUE,aucun ATS détecté sur le site
fme apparel,https://www.fmeapparel.com.au/,,,NON_RESOLUE,aucun ATS détecté sur le site
folie du lin,https://foliedulin.com/,,,NON_RESOLUE,aucun ATS détecté sur le site
derbe,https://www.derbeshop.de/,,,NON_RESOLUE,aucun ATS détecté sur le site
francesco russo,https://www.francescorusso.fr/,,,NON_RESOLUE,aucun ATS détecté sur le site
ez flow,http://ezflow.com/,,,NON_RESOLUE,aucun ATS détecté sur le site
develab,https://www.develab.com/,,,NON_RESOLUE,aucun ATS détecté sur le site
gill marine,https://www.gillmarine.com/,,,NON_RESOLUE,aucun ATS détecté sur le site
eat your water,https://www.eatyourwater.com.au/,,,NON_RESOLUE,site en erreur au probe
eckō unltd.,http://www.shopecko.com/,,,NON_RESOLUE,site en erreur au probe
depyl action,https://www.depylaction.com.br/,,,NON_RESOLUE,aucun ATS détecté sur le site
face atelier,https://www.faceatelier.com/,,,NON_RESOLUE,aucun ATS détecté sur le site
copenhagen studios,https://www.copenhagenstudios.com/,,,NON_RESOLUE,aucun ATS détecté sur le site
compagnia italiana,https://www.compagniaitaliana.it/,,,NON_RESOLUE,aucun ATS détecté sur le site
for love and lemons,https://forloveandlemons.com/,,,NON_RESOLUE,aucun ATS détecté sur le site
glashütte original,http://www.glashuette-original.com/,,,NON_RESOLUE,aucun ATS détecté sur le site
diopta,https://diopta.rs/,,,NON_RESOLUE,aucun ATS détecté sur le site
edji,https://www.edji.com/,,,NON_RESOLUE,aucun ATS détecté sur le site
evre.,http://www.evreselfcare.com/,,,NON_RESOLUE,aucun ATS détecté sur le site
eko-banz,https://ekobanz.com/,,,NON_RESOLUE,aucun ATS détecté sur le site
forge men,https://try-forge.com/,,,NON_RESOLUE,aucun ATS détecté sur le site
footnanny,http://www.footnanny.com/,,,NON_RESOLUE,aucun ATS détecté sur le site
dazey la,https://www.dazeyla.com/,,,NON_RESOLUE,aucun ATS détecté sur le site
ethyst® skincare,http://ethyst.com/,,,NON_RESOLUE,aucun ATS détecté sur le site
fornarina,https://www.fornarina.com/,,,NON_RESOLUE,aucun ATS détecté sur le site
diet prada,https://www.dietprada.com/,,,NON_RESOLUE,aucun ATS détecté sur le site
effeny,https://www.effenygmbh.de/,,,NON_RESOLUE,aucun ATS détecté sur le site
fancl corporation,http://www.fancl.co.jp/,,,NON_RESOLUE,site en erreur au probe
fraenck,https://fraenck.com/,,,NON_RESOLUE,aucun ATS détecté sur le site
faconnable,https://www.faconnable.com/,,,NON_RESOLUE,aucun ATS détecté sur le site
edeniste,https://www.edeniste.com/,,,NON_RESOLUE,site en erreur au probe
democratique socks,https://www.democratiquesocks.com/,,,NON_RESOLUE,site en erreur au probe
dodo,https://www.dodojewels.com/,,,NON_RESOLUE,aucun ATS détecté sur le site
emme parsons,https://www.emmeparsons.com/,,,NON_RESOLUE,aucun ATS détecté sur le site
eshvi,https://www.eshvi.co.uk/,,,NON_RESOLUE,site en erreur au probe
elias rumelis,https://elias-rumelis.com/,,,NON_RESOLUE,aucun ATS détecté sur le site
faro,https://faro-shop.com/,,,NON_RESOLUE,aucun ATS détecté sur le site
el yoga mola,https://elyogamola.com/,,,NON_RESOLUE,aucun ATS détecté sur le site
fielmann,https://www.fielmann.de/,,,NON_RESOLUE,site en erreur au probe
gilda & pearl,https://gildapearl.co.uk/,,,NON_RESOLUE,aucun ATS détecté sur le site
fransa,https://www.fransa.com/,,,NON_RESOLUE,aucun ATS détecté sur le site
elizabeth and james,https://elizabethandjames.us/,,,NON_RESOLUE,aucun ATS détecté sur le site
fc schalke 04,https://shop.schalke04.de/,,,NON_RESOLUE,aucun ATS détecté sur le site
fitz & huxley,https://www.fitzandhuxley.com/,,,NON_RESOLUE,aucun ATS détecté sur le site
everyday oil,https://everydayoil.com/,,,NON_RESOLUE,aucun ATS détecté sur le site
finnmark,https://www.finnmark-clothing.com/,,,NON_RESOLUE,aucun ATS détecté sur le site
devlyn,https://www.devlyn.com.mx/,,,NON_RESOLUE,aucun ATS détecté sur le site
decus beauty,http://decusbeauty.com/,,,NON_RESOLUE,aucun ATS détecté sur le site
f. hinds,https://www.fhinds.co.uk/,,,NON_RESOLUE,aucun ATS détecté sur le site
glase,https://glase.fr/,,,NON_RESOLUE,aucun ATS détecté sur le site
dstrezzed,https://www.dstrezzed.com/,,,NON_RESOLUE,site en erreur au probe
fairweather,https://www.fairweatherclothing.com/,,,NON_RESOLUE,site en erreur au probe
frank dandy,https://frankdandy.com/,,,NON_RESOLUE,site en erreur au probe
fabiana filippi,https://www.fabianafilippi.com/,,,NON_RESOLUE,aucun ATS détecté sur le site
divine beauty brand,https://divinebeautybrand.com/,,,NON_RESOLUE,aucun ATS détecté sur le site
frederic m,https://www.fredericm.com/fr-fr/catalog/parfums,,,NON_RESOLUE,aucun ATS détecté sur le site
freebird,https://www.freebirdicons.com/,,,NON_RESOLUE,aucun ATS détecté sur le site
gladys tamez millinery,https://gladystamez.com/,,,NON_RESOLUE,aucun ATS détecté sur le site
glamsquad,https://glamsquad.com/,,,NON_RESOLUE,aucun ATS détecté sur le site
foxybae,https://www.foxybae.com/,,,NON_RESOLUE,aucun ATS détecté sur le site
elefanten,https://www.elefanten.de/,,,NON_RESOLUE,site en erreur au probe
declermont,http://www.declermont.fr/,,,NON_RESOLUE,aucun ATS détecté sur le site
departure,https://www.shopdeparture.com/,,,NON_RESOLUE,aucun ATS détecté sur le site
h bar c,https://hbarc.com/,,,NON_RESOLUE,aucun ATS détecté sur le site
flower mountain,http://www.flowermountain.com/,,,NON_RESOLUE,aucun ATS détecté sur le site
costamani,https://www.costamani.dk/,,,NON_RESOLUE,site en erreur au probe
fruit of the loom,https://www.fruit.com/,,,NON_RESOLUE,aucun ATS détecté sur le site
fejn,https://www.fejn.com/en,,,NON_RESOLUE,aucun ATS détecté sur le site
frogs and dogs,http://frogsanddogs.nl/,,,NON_RESOLUE,aucun ATS détecté sur le site
dime beauty,https://dimebeautyco.com/,,,NON_RESOLUE,aucun ATS détecté sur le site
fenella smith,https://fenellasmith.com/,,,NON_RESOLUE,aucun ATS détecté sur le site
dxl men's apparel,https://www.dxl.com/,,,NON_RESOLUE,site en erreur au probe
free/quent,https://www.freequent.com/,,,NON_RESOLUE,aucun ATS détecté sur le site
fanm mon,https://fanmmon.com/,,,NON_RESOLUE,aucun ATS détecté sur le site
earthly body,http://earthlybody.com/,,,NON_RESOLUE,aucun ATS détecté sur le site
dilli grey,https://www.dilligrey.com/?oid=262&affid=1&source_id=GoY-rating&sub1=brandpage,,,NON_RESOLUE,site en erreur au probe
fetico,https://shop.fetico.jp/,,,NON_RESOLUE,site en erreur au probe
eonian skincare,https://eonianskincare.com/,,,NON_RESOLUE,aucun ATS détecté sur le site
flipside hats,https://www.flipsidehats.com/,,,NON_RESOLUE,aucun ATS détecté sur le site
goat organic apparel,https://goatorganicapparel.com/,,,NON_RESOLUE,aucun ATS détecté sur le site
emanuele bicocchi,https://www.emanuelebicocchi.it/?lang=en%3Futm_source%3DGoodOnYou+App,,,NON_RESOLUE,aucun ATS détecté sur le site
designer society,https://designerssociety.es/,,,NON_RESOLUE,aucun ATS détecté sur le site
faith connexion,https://faithconnexion.com/,,,NON_RESOLUE,aucun ATS détecté sur le site
ella baché,http://www.ellabache.com/,,,NON_RESOLUE,site en erreur au probe
dycteam,https://www.dycteam.com/,,,NON_RESOLUE,aucun ATS détecté sur le site
footnotes,https://www.footnotes.nl/,,,NON_RESOLUE,aucun ATS détecté sur le site
denise roobol,https://deniseroobol.com/,,,NON_RESOLUE,site en erreur au probe
état libre d'orange,http://www.etatlibredorange.com/,,,NON_RESOLUE,aucun ATS détecté sur le site
emilia george,https://emiliageorgeofficial.com/,,,NON_RESOLUE,aucun ATS détecté sur le site
deux mains,https://deuxmains.com/,,,NON_RESOLUE,site en erreur au probe
filmore,https://www.filmorebrand.com/,,,NON_RESOLUE,aucun ATS détecté sur le site
fred de la bretoniere,https://www.freddelabretoniere.com/,,,NON_RESOLUE,site en erreur au probe
fohly scalp solutions,http://fohlywellness.com/,,,NON_RESOLUE,aucun ATS détecté sur le site
fynch-hatton,https://fynch-hatton.com/,,,NON_RESOLUE,aucun ATS détecté sur le site
fruitsfamily,https://fruitsfamily.com/,,,NON_RESOLUE,aucun ATS détecté sur le site
first lady firenze,https://www.italianmoda.com/storefronts/firstladyfirenze/,,,NON_RESOLUE,aucun ATS détecté sur le site
god's masterful children,https://godsmasterfulchildren.com/,,,NON_RESOLUE,aucun ATS détecté sur le site
enfant terrible,https://www.enfantterrible.de/,,,NON_RESOLUE,aucun ATS détecté sur le site
g.h. bass & co.,http://ghbass.com/,,,NON_RESOLUE,aucun ATS détecté sur le site
hampton sun,https://hamptonsun.com/,,,NON_RESOLUE,aucun ATS détecté sur le site
finkid,https://www.finkid.de/,,,NON_RESOLUE,aucun ATS détecté sur le site
diane von furstenberg,https://www.dvf.com/,,,NON_RESOLUE,aucun ATS détecté sur le site
ecuvo,https://www.ecuvo-japan.com/,,,NON_RESOLUE,aucun ATS détecté sur le site
evex by krizia,https://store.sanyo-shokai.co.jp/pages/evex_by_krizia,,,NON_RESOLUE,aucun ATS détecté sur le site
good guys don't wear leather,https://goodguysdontwearleather.com/,,,NON_RESOLUE,aucun ATS détecté sur le site
dream labs,https://shopdreamlabs.com/,,,NON_RESOLUE,aucun ATS détecté sur le site
dr. amy wechsler,https://spotlessclinics.com/,,,NON_RESOLUE,aucun ATS détecté sur le site
f-one,http://www.f-one.co.jp/,,,NON_RESOLUE,aucun ATS détecté sur le site
digital game technology,https://digitalgametechnology.com/,,,NON_RESOLUE,site en erreur au probe
ferreira signature line,https://ferreirasignatureline.com/,,,NON_RESOLUE,aucun ATS détecté sur le site
gang de paris,https://gangdeparis.com/,,,NON_RESOLUE,aucun ATS détecté sur le site
frisur,https://www.frisurclothing.com/,,,NON_RESOLUE,site en erreur au probe
go gently nation,https://gogentlynation.com/,,,NON_RESOLUE,site en erreur au probe
eczema honey,http://eczemahoneyco.com/,,,NON_RESOLUE,aucun ATS détecté sur le site
falcotto,https://www.falcotto.com/,,,NON_RESOLUE,aucun ATS détecté sur le site
dreaming green boutique inc,https://www.dreaminggreenboutique.ca/,,,NON_RESOLUE,aucun ATS détecté sur le site
fq1924,https://www.dkcompany.com/,,,NON_RESOLUE,aucun ATS détecté sur le site
forman mills,https://formanmills.com/,,,NON_RESOLUE,aucun ATS détecté sur le site
enamel,https://enamel.dk/,,,NON_RESOLUE,site en erreur au probe
flowers for friends,https://www.flowers-for-friends.com/,,,NON_RESOLUE,aucun ATS détecté sur le site
good citizens eyewear,https://www.goodcitizens.com.au/?oid=313&affid=1&source_id=GoY-rating&sub1=brandpage,,,NON_RESOLUE,aucun ATS détecté sur le site
elevenparis,https://elevenparis.com/,,,NON_RESOLUE,aucun ATS détecté sur le site
dulis,https://dulisshoes.com/,,,NON_RESOLUE,aucun ATS détecté sur le site
epoca,https://store.sanyo-shokai.co.jp/pages/epoca,,,NON_RESOLUE,aucun ATS détecté sur le site
g.h. bass & co,https://ghbass-eu.com/,,,NON_RESOLUE,site en erreur au probe
fiveunits,https://www.fiveunits.com/,,,NON_RESOLUE,site en erreur au probe
eiji,https://eiji-o.jp/,,,NON_RESOLUE,aucun ATS détecté sur le site
fumika_uchida,https://fumika-uchida.com/,,,NON_RESOLUE,site en erreur au probe
flannels,https://www.flannels.com/,,,NON_RESOLUE,site en erreur au probe
gang,https://www.gang-fashion.com/,,,NON_RESOLUE,aucun ATS détecté sur le site
hard night good morning,http://www.hardnightgoodmorning.com/,,,NON_RESOLUE,site en erreur au probe
eileen & eva,https://eileenandeva.com/,,,NON_RESOLUE,aucun ATS détecté sur le site
donne da sogno,https://www.donnedasogno.it/,,,NON_RESOLUE,aucun ATS détecté sur le site
first resort by ramola bachchan,https://www.firstresort.in/,,,NON_RESOLUE,aucun ATS détecté sur le site
gabor,https://www.gabor.de/,,,NON_RESOLUE,aucun ATS détecté sur le site
durea,https://www.durea.nl/,,,NON_RESOLUE,aucun ATS détecté sur le site
gouiran beauté,https://www.gouiran-beaute.com/,,,NON_RESOLUE,aucun ATS détecté sur le site
era organics,https://www.eraorganics.com/,,,NON_RESOLUE,aucun ATS détecté sur le site
firma schröder,https://www.schrodermodestoffen.nl/,,,NON_RESOLUE,site en erreur au probe
hat attack,https://hatattack.com/,,,NON_RESOLUE,aucun ATS détecté sur le site
footaction,https://www.footaction.com/,,,NON_RESOLUE,aucun ATS détecté sur le site
good for you girls,https://www.goodforyougirls.com/,,,NON_RESOLUE,aucun ATS détecté sur le site
gr10k,https://gr10k.com/,,,NON_RESOLUE,aucun ATS détecté sur le site
dionne gooding,https://www.dionnegooding.com/,,,NON_RESOLUE,aucun ATS détecté sur le site
for horses,https://forhorses.it/,,,NON_RESOLUE,aucun ATS détecté sur le site
gemlux jewels,https://gemluxjewels.com/,,,NON_RESOLUE,aucun ATS détecté sur le site
erfurt luxury,https://www.erfurtluxury.com/,,,NON_RESOLUE,aucun ATS détecté sur le site
estnation,https://www.estnation.co.jp/women,,,NON_RESOLUE,aucun ATS détecté sur le site
coxco,https://coxco-official.com/,,,NON_RESOLUE,site en erreur au probe
earth music and ecology,https://stripe-club.com/brand/earth1999/,,,NON_RESOLUE,aucun ATS détecté sur le site
essentiel elements bathe,https://www.gilchristsoames.com/collections/bathe.html,,,NON_RESOLUE,aucun ATS détecté sur le site
dope snow,https://www.dopesnow.com/,,,NON_RESOLUE,aucun ATS détecté sur le site
djula,https://www.djula.fr/en/,,,NON_RESOLUE,site en erreur au probe
graine de pastel,https://grainedepastel.com/,,,NON_RESOLUE,aucun ATS détecté sur le site
forestland,https://forestland.store/,,,NON_RESOLUE,aucun ATS détecté sur le site
dollop & dew,https://www.dollopanddew.com/,,,NON_RESOLUE,aucun ATS détecté sur le site
fracomina,https://en.fracomina.com/,,,NON_RESOLUE,aucun ATS détecté sur le site
fred mello,https://www.fredmello.it/,,,NON_RESOLUE,site en erreur au probe
floto,https://www.floto.com/,,,NON_RESOLUE,site en erreur au probe
elon essentials,https://www.elonessentials.com/,,,NON_RESOLUE,aucun ATS détecté sur le site
goelia,https://www.goelia1995.com/en-us,,,NON_RESOLUE,site en erreur au probe
flexfit,https://www.flexfit.com/,,,NON_RESOLUE,aucun ATS détecté sur le site
heather,https://www.dot-st.com/heather/,,,NON_RESOLUE,site en erreur au probe
eleni & chris,https://www.eleniandchris.com/,,,NON_RESOLUE,aucun ATS détecté sur le site
fritz berger,https://www.fritz-berger.de/,,,NON_RESOLUE,aucun ATS détecté sur le site
ecoalf,https://ecoalf.com/,,,NON_RESOLUE,aucun ATS détecté sur le site
garnet,https://garnetclothing.com/,,,NON_RESOLUE,aucun ATS détecté sur le site
eva franco,http://www.evafranco.com/,,,NON_RESOLUE,aucun ATS détecté sur le site
fat moose,https://fatmoosebrand.com/,,,NON_RESOLUE,aucun ATS détecté sur le site
gee beauty,https://geebeauty.com/,,,NON_RESOLUE,aucun ATS détecté sur le site
detaille,http://www.detaille.com/index.php,,,NON_RESOLUE,aucun ATS détecté sur le site
gemmi,https://www.gemmi.fi/,,,NON_RESOLUE,aucun ATS détecté sur le site
donguimogam,https://hairofkorean.com/,,,NON_RESOLUE,site en erreur au probe
gretchen,http://www.mygretchen.com/,,,NON_RESOLUE,aucun ATS détecté sur le site
gretail,https://www.sam73.cz/,,,NON_RESOLUE,aucun ATS détecté sur le site
escentric molecules,https://www.escentric.com/,,,NON_RESOLUE,site en erreur au probe
footgear,https://www.footgear.co.za/,,,NON_RESOLUE,aucun ATS détecté sur le site
dr. eddie's dermal defense,https://dermaldefense.com/,,,NON_RESOLUE,aucun ATS détecté sur le site
fuzz,http://fuzzhair.com/,,,NON_RESOLUE,site en erreur au probe
elliker,http://www.elliker.co.uk/,,,NON_RESOLUE,aucun ATS détecté sur le site
dr. hauschka,https://www.drhauschka.com/,,,NON_RESOLUE,aucun ATS détecté sur le site
e.l.f. cosmetics,https://www.elfcosmetics.com/,,,NON_RESOLUE,aucun ATS détecté sur le site
freck beauty,http://www.freckbeauty.com/,,,NON_RESOLUE,aucun ATS détecté sur le site
edwin usa,https://edwin-usa.com/,,,NON_RESOLUE,aucun ATS détecté sur le site
fogal,https://fogal.com/,,,NON_RESOLUE,aucun ATS détecté sur le site
froddo,https://www.froddo.com/,,,NON_RESOLUE,aucun ATS détecté sur le site
frances valentine,https://francesvalentine.com/,,,NON_RESOLUE,site en erreur au probe
drumohr,http://www.drumohr.com/,,,NON_RESOLUE,aucun ATS détecté sur le site
cropp,https://www.cropp.com/,,,NON_RESOLUE,aucun ATS détecté sur le site
dr. marnie,http://drmarnie.com/,,,NON_RESOLUE,aucun ATS détecté sur le site
elli,https://www.ellieclothing.com/,,,NON_RESOLUE,aucun ATS détecté sur le site
espadrij l´originale,https://www.espadrij.com/,,,NON_RESOLUE,aucun ATS détecté sur le site
elenne body care products,https://elenne.ca/,,,NON_RESOLUE,aucun ATS détecté sur le site
gentiluomo,https://gentiluomo.com/,,,NON_RESOLUE,aucun ATS détecté sur le site
eye wish,https://www.eyewish.nl/,,,NON_RESOLUE,aucun ATS détecté sur le site
greenjama,https://greenjama.com/,,,NON_RESOLUE,site en erreur au probe
evenemen,https://www.evenemen.pl/,,,NON_RESOLUE,site en erreur au probe
eyllekskincare,http://www.eyllekskincare.com/,,,NON_RESOLUE,aucun ATS détecté sur le site
esse,https://essestudios.com/,,,NON_RESOLUE,site en erreur au probe
guest in residence,https://guestinresidence.com/,,,NON_RESOLUE,site en erreur au probe
dsg disgusto,http://www.dsgdisgusto.com/,,,NON_RESOLUE,aucun ATS détecté sur le site
fera,https://ferastyle.com/,,,NON_RESOLUE,aucun ATS détecté sur le site
emma's emporium,https://www.emmasemporium.org/,,,NON_RESOLUE,aucun ATS détecté sur le site
eauso vert,https://eauso.com/,,,NON_RESOLUE,aucun ATS détecté sur le site
form & thread,https://formandthread.com/,,,NON_RESOLUE,aucun ATS détecté sur le site
gigue,https://www.gigue.com/,,,NON_RESOLUE,aucun ATS détecté sur le site
fzotic,https://fzotic.com/,,,NON_RESOLUE,aucun ATS détecté sur le site
ethniks,https://www.ethniks.fr/,,,NON_RESOLUE,aucun ATS détecté sur le site
eleanor bowmer,https://www.eleanorbowmer.co.uk/,,,NON_RESOLUE,site en erreur au probe
fukuya,https://www.fukuya-dept.co.jp/,,,NON_RESOLUE,aucun ATS détecté sur le site
gazzarrini,https://www.gazzarrini.com/,,,NON_RESOLUE,aucun ATS détecté sur le site
ghc sportswear®,https://ghcsportswear.com/,,,NON_RESOLUE,aucun ATS détecté sur le site
curvy kate,https://www.curvykate.com/,,,NON_RESOLUE,site en erreur au probe
galen leather,https://www.galenleather.com/,,,NON_RESOLUE,aucun ATS détecté sur le site
florett,https://www.florett.de/,,,NON_RESOLUE,aucun ATS détecté sur le site
èvoque beauty,https://evoquecares.com/,,,NON_RESOLUE,aucun ATS détecté sur le site
evil goods,https://evilgoods.com/,,,NON_RESOLUE,aucun ATS détecté sur le site
emphasis,https://www.emphasis.com/,,,NON_RESOLUE,aucun ATS détecté sur le site
hemplucid,http://www.hemplucid.com/,,,NON_RESOLUE,aucun ATS détecté sur le site
good man brand,https://thehouseoflrc.com/pages/good-man-brand,,,NON_RESOLUE,site en erreur au probe
glame chic,https://glamechic.com/,,,NON_RESOLUE,aucun ATS détecté sur le site
gucci,https://www.gucci.com/,,,NON_RESOLUE,site en erreur au probe
emma och malena,https://emmamalena.com/,,,NON_RESOLUE,aucun ATS détecté sur le site
dvs shoes,https://www.dvsshoes.com/,,,NON_RESOLUE,aucun ATS détecté sur le site
hessnatur,https://www.hessnatur.com/de/,,,NON_RESOLUE,aucun ATS détecté sur le site
gramicci,https://www.gramicci.com/,,,NON_RESOLUE,aucun ATS détecté sur le site
guess watches,https://guesswatches.com/,,,NON_RESOLUE,aucun ATS détecté sur le site
hackett,https://www.hackett.com/uk/en_gb/,,,NON_RESOLUE,aucun ATS détecté sur le site
damsel in a dress,https://www.damselinadress.com/,,,NON_RESOLUE,aucun ATS détecté sur le site
dabidabi,https://dabidabi.de/,,,NON_RESOLUE,site en erreur au probe
galiente,https://www.galiente.com/,,,NON_RESOLUE,site en erreur au probe
gabbiano,https://www.gabbianodenim.com/,,,NON_RESOLUE,aucun ATS détecté sur le site
giordano,https://www.giordano.com/,,,NON_RESOLUE,aucun ATS détecté sur le site
drmtlgy,https://www.drmtlgy.com/,,,NON_RESOLUE,site en erreur au probe
enza costa,https://www.enzacosta.com/,,,NON_RESOLUE,aucun ATS détecté sur le site
haglöfs,https://www.haglofs.com/,,,NON_RESOLUE,aucun ATS détecté sur le site
enweis,https://www.enweis.cn/,,,NON_RESOLUE,aucun ATS détecté sur le site
faberlic,https://faberlic.com/,,,NON_RESOLUE,aucun ATS détecté sur le site
façon jacmin,https://www.faconjacmin.com/,,,NON_RESOLUE,aucun ATS détecté sur le site
gestuz,https://www.gestuz.com/,,,NON_RESOLUE,aucun ATS détecté sur le site
dotti,https://dotti.jgl.com.au/,,,NON_RESOLUE,aucun ATS détecté sur le site
divoký býk,https://www.divokybyk.cz/,,,NON_RESOLUE,aucun ATS détecté sur le site
dazz cleaning tablets,https://www.dazzcleaner.com/,,,NON_RESOLUE,aucun ATS détecté sur le site
hanni,http://heyhanni.com/,,,NON_RESOLUE,aucun ATS détecté sur le site
frankie collective,https://frankiecollective.com/,,,NON_RESOLUE,aucun ATS détecté sur le site
friendsheep,http://www.friendsheepwool.com/,,,NON_RESOLUE,aucun ATS détecté sur le site
fairfax & favor,https://www.fairfaxandfavor.com/,,,NON_RESOLUE,site en erreur au probe
digawel,https://store.digawel.com/,,,NON_RESOLUE,aucun ATS détecté sur le site
gaston luga,https://gastonluga.com/,,,NON_RESOLUE,aucun ATS détecté sur le site
dylan oaks,https://dylanoaks.co.uk/,,,NON_RESOLUE,site en erreur au probe
earthyskin,http://earthyskin.com/,,,NON_RESOLUE,aucun ATS détecté sur le site
go outdoors express,https://www.gooutdoors.co.uk/,,,NON_RESOLUE,site en erreur au probe
epicuren discovery,https://epicuren.com/,,,NON_RESOLUE,site en erreur au probe
garment project,https://www.garmentproject.com/,,,NON_RESOLUE,site en erreur au probe
global work,https://www.globalwork.jp/,,,NON_RESOLUE,site en erreur au probe
eta sa,http://www.eta.ch/,,,NON_RESOLUE,site en erreur au probe
fashion market,https://it.fashion-market.it/,,,NON_RESOLUE,site en erreur au probe
guinot,https://www.guinot.com/,,,NON_RESOLUE,site en erreur au probe
fray italy,http://www.frayitaly.com/,,,NON_RESOLUE,aucun ATS détecté sur le site
facile,http://www.facileskin.com/,,,NON_RESOLUE,site en erreur au probe
freckles skincare,https://itsfreckles.com/,,,NON_RESOLUE,aucun ATS détecté sur le site
hanne bloch,https://hanne-bloch.com/,,,NON_RESOLUE,aucun ATS détecté sur le site
falke,https://www.falke.com/,,,NON_RESOLUE,aucun ATS détecté sur le site
dure merk,https://duremerk.com/,,,NON_RESOLUE,aucun ATS détecté sur le site
escama studio,https://www.escamastudio.com/,,,NON_RESOLUE,aucun ATS détecté sur le site
ghanda,https://ghanda.com/,,,NON_RESOLUE,aucun ATS détecté sur le site
eden life organics,http://edenlifeorganics.com/,,,NON_RESOLUE,aucun ATS détecté sur le site
fridaze,https://www.fridazeclothing.com/,,,NON_RESOLUE,aucun ATS détecté sur le site
ecoable,https://ecoable.net/,,,NON_RESOLUE,aucun ATS détecté sur le site
ed hardy,https://edhardy.eu/,,,NON_RESOLUE,aucun ATS détecté sur le site
frostpfoetchen,https://frostpfoetchen.de/,,,NON_RESOLUE,aucun ATS détecté sur le site
eight saints,https://eightsaintsskincare.com/,,,NON_RESOLUE,aucun ATS détecté sur le site
ginoble,https://www.ginoble.com/,,,NON_RESOLUE,site en erreur au probe
fashion4wellness,https://www.fashion4wellness.com/,,,NON_RESOLUE,site en erreur au probe
fion,https://fion.com.hk/,,,NON_RESOLUE,aucun ATS détecté sur le site
harly jae,https://harlyjae.com/,,,NON_RESOLUE,aucun ATS détecté sur le site
esthétique brin de beauté,https://www.esthetiquebrindebeaute.com/,,,NON_RESOLUE,aucun ATS détecté sur le site
golden head,https://www.goldenhead.de/,,,NON_RESOLUE,aucun ATS détecté sur le site
f. p. journe,http://www.fpjourne.com/,,,NON_RESOLUE,site en erreur au probe
dresden,https://dresden.vision/,,,NON_RESOLUE,aucun ATS détecté sur le site
decenio,https://www.decenio.com/en/,,,NON_RESOLUE,aucun ATS détecté sur le site
dunnes stores,https://www.dunnesstores.com/,,,NON_RESOLUE,aucun ATS détecté sur le site
hailey gerrits,https://haileygerrits.com/,,,NON_RESOLUE,aucun ATS détecté sur le site
farmacy beauty,http://farmacybeauty.com/,,,NON_RESOLUE,site en erreur au probe
flora mirabilis,http://www.floramirabilis.com/,,,NON_RESOLUE,aucun ATS détecté sur le site
friking,https://www.friking.es/,,,NON_RESOLUE,aucun ATS détecté sur le site
futura jewelry,https://www.futurajewelry.com/pages/good-on-you-futura-jewelry?oid=165&affid=1&source_id=GoY-rating&sub1=brandpage,,,NON_RESOLUE,aucun ATS détecté sur le site
genti,https://genti.clothing/nl/about/our-story,,,NON_RESOLUE,aucun ATS détecté sur le site
getstonned,https://getstonned.com/,,,NON_RESOLUE,aucun ATS détecté sur le site
eveline cosmetics,https://eveline.pl/,,,NON_RESOLUE,aucun ATS détecté sur le site
good earth,https://www.goodearth.in/,,,NON_RESOLUE,aucun ATS détecté sur le site
fays australia,https://fays.com.au/,,,NON_RESOLUE,aucun ATS détecté sur le site
hanoveriancrochetco,http://hanoveriancrochetco.com/,,,NON_RESOLUE,aucun ATS détecté sur le site
harrington,https://www.harrington.fr/,,,NON_RESOLUE,aucun ATS détecté sur le site
furrer jacot,https://www.furrer-jacot.com/,,,NON_RESOLUE,aucun ATS détecté sur le site
fate naturals,http://www.fatenaturals.com/,,,NON_RESOLUE,aucun ATS détecté sur le site
goodtrip,https://goodtrip.co.uk/,,,NON_RESOLUE,aucun ATS détecté sur le site
freetrain,https://freetrain.com/,,,NON_RESOLUE,aucun ATS détecté sur le site
glimmer wish,http://glimmerwish.com/,,,NON_RESOLUE,aucun ATS détecté sur le site
g. kero,https://www.gkero.com/,,,NON_RESOLUE,aucun ATS détecté sur le site
gracious may,https://www.graciousmay.com/,,,NON_RESOLUE,aucun ATS détecté sur le site
hawes & curtis,https://www.hawesandcurtis.com/,,,NON_RESOLUE,aucun ATS détecté sur le site
estetik.pl,https://estetik.pl/,,,NON_RESOLUE,aucun ATS détecté sur le site
gold toe brands,https://www.goldtoe.com/,,,NON_RESOLUE,aucun ATS détecté sur le site
holzweiler,https://www.holzweiler.no/,,,NON_RESOLUE,site en erreur au probe
don't waste culture,https://www.dontwasteculture.com/,,,NON_RESOLUE,site en erreur au probe
eyeline,https://www.eyelineswim.com/,,,NON_RESOLUE,aucun ATS détecté sur le site
ferrany london,https://ferranylondon.com/,,,NON_RESOLUE,aucun ATS détecté sur le site
ella& il,https://www.ellaandil.com/,,,NON_RESOLUE,site en erreur au probe
fujii daimaru,https://www.fujiidaimaru.co.jp/,,,NON_RESOLUE,site en erreur au probe
hawke,https://www.hawke.cc/,,,NON_RESOLUE,aucun ATS détecté sur le site
elena velez,https://www.elenavelez.com/,,,NON_RESOLUE,aucun ATS détecté sur le site
earl of east,https://www.earlofeast.com/,,,NON_RESOLUE,site en erreur au probe
eileen fisher,https://www.eileenfisher.com/,,,NON_RESOLUE,site en erreur au probe
gio,https://giostockings.com/,,,NON_RESOLUE,site en erreur au probe
hot magic,https://www.gunze.jp/store/r/r5295/,,,NON_RESOLUE,aucun ATS détecté sur le site
fleurs de bagne,https://www.fleursdebagne.com/,,,NON_RESOLUE,aucun ATS détecté sur le site
eye for three,https://eyeforthree.com/,,,NON_RESOLUE,aucun ATS détecté sur le site
gaillard vivant,https://gaillardvivant.com/,,,NON_RESOLUE,aucun ATS détecté sur le site
emily and fin,https://emilyandfin.co.uk/,,,NON_RESOLUE,site en erreur au probe
finisterre,https://finisterre.com/,,,NON_RESOLUE,site en erreur au probe
fiora muse,https://fioramuse.com/,,,NON_RESOLUE,aucun ATS détecté sur le site
elleme,https://elleme.com/,,,NON_RESOLUE,aucun ATS détecté sur le site
gaastra international sportswear,https://www.gaastrastore.com/,,,NON_RESOLUE,site en erreur au probe
europtica,https://europtica.com.ar/,,,NON_RESOLUE,site en erreur au probe
glisten cosmetics,https://www.glistencosmetics.com/,,,NON_RESOLUE,site en erreur au probe
heavenly hair milk™,https://www.emijay.com/,,,NON_RESOLUE,site en erreur au probe
errore,http://www.errore.sk/,,,NON_RESOLUE,aucun ATS détecté sur le site
ecoology,http://www.ecoology.es/en/,,,NON_RESOLUE,aucun ATS détecté sur le site
elevate beauty,https://elevatebeautyusa.com/,,,NON_RESOLUE,aucun ATS détecté sur le site
denham,https://www.denhamthejeanmaker.com/en/home/,,,NON_RESOLUE,aucun ATS détecté sur le site
henriette steffensen,https://hscph.com/,,,NON_RESOLUE,aucun ATS détecté sur le site
gieves & hawkes,https://www.gievesandhawkes.com/,,,NON_RESOLUE,site en erreur au probe
fusilli,http://fusillihair.com/,,,NON_RESOLUE,aucun ATS détecté sur le site
gardenia,https://www.gardeniacopenhagen.com/,,,NON_RESOLUE,aucun ATS détecté sur le site
folli follie,http://www.ffgroup.com/,,,NON_RESOLUE,site en erreur au probe
firetrap,https://www.firetrap.com/,,,NON_RESOLUE,site en erreur au probe
elliott footwear,https://www.elliottfootwear.com/,,,NON_RESOLUE,aucun ATS détecté sur le site
ebony bolts,https://www.ebonybolts.com.au/,,,NON_RESOLUE,aucun ATS détecté sur le site
heine,https://www.heine.de/,,,NON_RESOLUE,aucun ATS détecté sur le site
guerlain,https://www.guerlain.com/,,,NON_RESOLUE,site en erreur au probe
gladfolk,https://wearegladfolk.com/,,,NON_RESOLUE,aucun ATS détecté sur le site
gai+lisva,https://gai-lisva.com/,,,NON_RESOLUE,aucun ATS détecté sur le site
golden goose,https://www.goldengoose.com/,,,NON_RESOLUE,aucun ATS détecté sur le site
elie saab,https://www.eliesaab.com/,,,NON_RESOLUE,aucun ATS détecté sur le site
felmini,https://www.felminishop.com/,,,NON_RESOLUE,aucun ATS détecté sur le site
florena,http://www.beiersdorf.de/karriere/bereiche-und-teams/unsere-tochtergesellschaften/beiersdorf-manufacturing-waldheim,,,NON_RESOLUE,aucun ATS détecté sur le site
galamaar,https://galamaar.com/,,,NON_RESOLUE,aucun ATS détecté sur le site
flâner,https://flanerfragrances.com/,,,NON_RESOLUE,aucun ATS détecté sur le site
emma,https://www.emmafootwear.nl/,,,NON_RESOLUE,site en erreur au probe
finery,https://www.finerylondon.com/,,,NON_RESOLUE,aucun ATS détecté sur le site
firn handcrafted,https://www.firnhandcrafted.com/,,,NON_RESOLUE,aucun ATS détecté sur le site
global desi,https://www.globaldesi.in/,,,NON_RESOLUE,aucun ATS détecté sur le site
fast escova,https://fastescova.com.br/,,,NON_RESOLUE,site en erreur au probe
ferruccio vecchi,https://ferrucciovecchi.com/,,,NON_RESOLUE,site en erreur au probe
farah,https://www.farah.co.uk/,,,NON_RESOLUE,aucun ATS détecté sur le site
foodtextile,https://foodtextile.jp/,,,NON_RESOLUE,aucun ATS détecté sur le site
grant stone,https://www.grantstoneshoes.com/,,,NON_RESOLUE,aucun ATS détecté sur le site
dr. arsy,http://drarsy.com/,,,NON_RESOLUE,site en erreur au probe
envii,https://www.envii.com/,,,NON_RESOLUE,site en erreur au probe
estetika,https://estetika.com.au/,,,NON_RESOLUE,aucun ATS détecté sur le site
goldbergh,https://www.goldbergh.com/,,,NON_RESOLUE,site en erreur au probe
gattino,https://www.gattino.nl/,,,NON_RESOLUE,aucun ATS détecté sur le site
flora's bare skincare ltd,http://www.florasbare.com/,,,NON_RESOLUE,aucun ATS détecté sur le site
gelly bae,http://www.gellybae.com/,,,NON_RESOLUE,aucun ATS détecté sur le site
ernest jones,https://www.ernestjones.co.uk/,,,NON_RESOLUE,aucun ATS détecté sur le site
felius for dogs,https://www.feliusfordogs.de/,,,NON_RESOLUE,aucun ATS détecté sur le site
hispanitas,https://www.hispanitas.com/,,,NON_RESOLUE,aucun ATS détecté sur le site
else,https://elselingerie.com/,,,NON_RESOLUE,site en erreur au probe
fos amsterdam,https://fosamsterdam.nl/,,,NON_RESOLUE,aucun ATS détecté sur le site
ikka,https://www.cox-online.co.jp/brand/ikka/,,,NON_RESOLUE,aucun ATS détecté sur le site
gustav,https://www.gustav-denmark.com/,,,NON_RESOLUE,aucun ATS détecté sur le site
hiatus retail chain,https://www.hiatus.lt/,,,NON_RESOLUE,aucun ATS détecté sur le site
heyday,https://www.heydayskincare.com/,,,NON_RESOLUE,site en erreur au probe
go as u.r,https://www.goasur.com/,,,NON_RESOLUE,aucun ATS détecté sur le site
gergana ivanova,https://gerganaivanova.com/,,,NON_RESOLUE,aucun ATS détecté sur le site
florèz fashion,https://www.florez.nl/,,,NON_RESOLUE,aucun ATS détecté sur le site
dries van noten,https://www.driesvannoten.com/,,,NON_RESOLUE,site en erreur au probe
forte_forte,https://www.forte-forte.com/,,,NON_RESOLUE,site en erreur au probe
ground zero clothing,https://www.groundzeroclothing.com/,,,NON_RESOLUE,aucun ATS détecté sur le site
facettes studio,https://facettes-studio.com/?oid=328&affid=1&source_id=GoY-rating&sub1=brandpage,,,NON_RESOLUE,aucun ATS détecté sur le site
desires,https://www.desires.dk/,,,NON_RESOLUE,site en erreur au probe
estate cosmetics,https://estatecosmetics.com/,,,NON_RESOLUE,aucun ATS détecté sur le site
heimat,https://www.heimat-textil.com/,,,NON_RESOLUE,site en erreur au probe
goodnap,https://goodnap.co/?oid=376&affid=1&source_id=GoY-rating&sub1=brandpage,,,NON_RESOLUE,aucun ATS détecté sur le site
duren,http://www.duren.jp/,,,NON_RESOLUE,aucun ATS détecté sur le site
giorgio 1958,https://www.giorgio1958.com/,,,NON_RESOLUE,aucun ATS détecté sur le site
etro,https://www.etro.com/,,,NON_RESOLUE,aucun ATS détecté sur le site
gazing green,https://gazinggreenbeauty.com/,,,NON_RESOLUE,aucun ATS détecté sur le site
finsbury,http://www.finsbury-shoes.com/,,,NON_RESOLUE,aucun ATS détecté sur le site
forest rhapsody skincare,http://www.forestrhapsodyskincare.com/,,,NON_RESOLUE,aucun ATS détecté sur le site
gin amber beauty,https://ginamber.com/,,,NON_RESOLUE,aucun ATS détecté sur le site
giambattista valli,https://www.giambattistavalli.com/,,,NON_RESOLUE,site en erreur au probe
flo&sue,https://luxedesigners.com/collections/flo-sue,,,NON_RESOLUE,aucun ATS détecté sur le site
franklin & marshall,http://www.franklinandmarshall.com/,,,NON_RESOLUE,site en erreur au probe
faina,https://www.faina.am/,,,NON_RESOLUE,aucun ATS détecté sur le site
grateful body botanical skin care,http://gratefulbody.com/,,,NON_RESOLUE,aucun ATS détecté sur le site
diverge,https://www.diverge-sneakers.com/,,,NON_RESOLUE,aucun ATS détecté sur le site
fragonard perfumes,https://www.fragonard.com/,,,NON_RESOLUE,aucun ATS détecté sur le site
gloow,https://gloow.nl/,,,NON_RESOLUE,aucun ATS détecté sur le site
gowipe,https://gowipe.co/,,,NON_RESOLUE,aucun ATS détecté sur le site
eoe eyewear,https://www.eoe-eyewear.com/sv/,,,NON_RESOLUE,aucun ATS détecté sur le site
gloria coelho,https://www.gloriacoelho.com.br/,,,NON_RESOLUE,aucun ATS détecté sur le site
emme,https://www.emme.it/,,,NON_RESOLUE,site en erreur au probe
glamlite,http://www.glamlite.com/,,,NON_RESOLUE,aucun ATS détecté sur le site
gioseppo,https://www.gioseppo.com/,,,NON_RESOLUE,site en erreur au probe
geneva seal,http://www.poincondegeneve.ch/,,,NON_RESOLUE,aucun ATS détecté sur le site
erve shop,https://www.erve.shop/,,,NON_RESOLUE,aucun ATS détecté sur le site
european wax center,https://waxcenter.com/,,,NON_RESOLUE,site en erreur au probe
hall madden,https://hallmadden.com/,,,NON_RESOLUE,aucun ATS détecté sur le site
feel confident,https://feelconfident.com/,,,NON_RESOLUE,aucun ATS détecté sur le site
hommegirls,https://www.hommegirls.com/,,,NON_RESOLUE,aucun ATS détecté sur le site
exoh,http://exoh.co/,,,NON_RESOLUE,aucun ATS détecté sur le site
ecochoices,https://ecochoices.com/,,,NON_RESOLUE,aucun ATS détecté sur le site
goldpaw,https://goldpawseries.com/,,,NON_RESOLUE,aucun ATS détecté sur le site
foope™,https://foopefragrances.com/,,,NON_RESOLUE,aucun ATS détecté sur le site
hnst,https://www.letsbehonest.eu/,,,NON_RESOLUE,aucun ATS détecté sur le site
flax,http://www.flaxdesigns.com/,,,NON_RESOLUE,aucun ATS détecté sur le site
essentiel by adele,https://www.essentielbyadele.com/,,,NON_RESOLUE,aucun ATS détecté sur le site
femilet,https://www.femilet.dk/,,,NON_RESOLUE,site en erreur au probe
guy cotten brand,https://www.guycotten.com/,,,NON_RESOLUE,aucun ATS détecté sur le site
ext,https://shop.hairclub.com/,,,NON_RESOLUE,aucun ATS détecté sur le site
groupe zannier,http://www.kidilizgroup.com/en/,,,NON_RESOLUE,aucun ATS détecté sur le site
howlin',https://howlinknitwear.com/,,,NON_RESOLUE,aucun ATS détecté sur le site
finger in the nose,https://www.fingerinthenose.com/,,,NON_RESOLUE,aucun ATS détecté sur le site
fokus optik,https://fokusoptik.cz/,,,NON_RESOLUE,aucun ATS détecté sur le site
goodspread,http://www.goodspreadsuncare.com/,,,NON_RESOLUE,aucun ATS détecté sur le site
fashion fusion,https://www.fashionfusion.co.za/,,,NON_RESOLUE,site en erreur au probe
free fly,https://freeflyapparel.com/,,,NON_RESOLUE,site en erreur au probe
goldie lux skin,http://goldieluxskin.com/,,,NON_RESOLUE,aucun ATS détecté sur le site
egochef,https://www.egochef.it/,,,NON_RESOLUE,aucun ATS détecté sur le site
fun2wear,https://casabashop.com/collections/fun2wear,,,NON_RESOLUE,aucun ATS détecté sur le site
guterstoff,https://guterstoff.com/,,,NON_RESOLUE,aucun ATS détecté sur le site
fabula nebulae,http://www.fabulanebulae.com/,,,NON_RESOLUE,aucun ATS détecté sur le site
frencheye,https://frencheye.com/,,,NON_RESOLUE,aucun ATS détecté sur le site
gratefully threaded,https://www.gratefullythreaded.com/,,,NON_RESOLUE,aucun ATS détecté sur le site
hackwith design house,https://hackwithdesignhouse.com/,,,NON_RESOLUE,aucun ATS détecté sur le site
g-star raw,https://www.g-star.com/,,,NON_RESOLUE,aucun ATS détecté sur le site
good weather skin,http://goodweatherskin.com/,,,NON_RESOLUE,aucun ATS détecté sur le site
emu australia,https://www.emuaustralia.com/,,,NON_RESOLUE,aucun ATS détecté sur le site
fellows united,https://fellows.nl/,,,NON_RESOLUE,aucun ATS détecté sur le site
isetan urawa store,https://www.mistore.jp/store/urawa.html,,,NON_RESOLUE,site en erreur au probe
elementy,https://elementywear.com/en/,,,NON_RESOLUE,aucun ATS détecté sur le site
frankies bikinis,https://frankiesbikinis.com/,,,NON_RESOLUE,aucun ATS détecté sur le site
formulary 55,https://www.formulary55.com/,,,NON_RESOLUE,aucun ATS détecté sur le site
ivy copenhagen,https://ivycopenhagen.com/,,,NON_RESOLUE,aucun ATS détecté sur le site
honeylove,https://www.honeylove.com/,,,NON_RESOLUE,aucun ATS détecté sur le site
fleur & bee,https://fleurandbee.com/,,,NON_RESOLUE,aucun ATS détecté sur le site
domanscy,https://jubilove.pl/,,,NON_RESOLUE,aucun ATS détecté sur le site
ewoke,https://ewokestudio.com/,,,NON_RESOLUE,aucun ATS détecté sur le site
fog linen work,https://foglinenwork.com/en/,,,NON_RESOLUE,aucun ATS détecté sur le site
gabba,https://www.gabba-denim.com/,,,NON_RESOLUE,aucun ATS détecté sur le site
hallbergs guld,https://www.hallbergsguld.se/,,,NON_RESOLUE,aucun ATS détecté sur le site
gabor shoes,https://www.gabor.de/,,,NON_RESOLUE,aucun ATS détecté sur le site
elle polish,http://www.ellepolish.com/,,,NON_RESOLUE,aucun ATS détecté sur le site
hank player,https://www.hankplayer.com/,,,NON_RESOLUE,aucun ATS détecté sur le site
foufou,https://the-museum-foufou.com/,,,NON_RESOLUE,aucun ATS détecté sur le site
époque évolution,https://epoqueevolution.com/,,,NON_RESOLUE,aucun ATS détecté sur le site
groupe novi,https://groupe-novi.com/,,,NON_RESOLUE,aucun ATS détecté sur le site
good.clean.goop,https://goodcleangoop.com/,,,NON_RESOLUE,site en erreur au probe
glanzstucke munchen,https://www.glanzstuecke.de/,,,NON_RESOLUE,site en erreur au probe
forgotten skincare,http://forgottenskincare.com/,,,NON_RESOLUE,aucun ATS détecté sur le site
fantasie,https://www.fantasie.com/,,,NON_RESOLUE,aucun ATS détecté sur le site
happy earth apparel,https://www.happyearthapparel.com/?oid=86&affid=1&source_id=GoY-rating&sub1=brandpage,,,NON_RESOLUE,site en erreur au probe
hudson,https://www.hudson-shop.com/,,,NON_RESOLUE,site en erreur au probe
greenheart botanicals,http://greenheartbotanicals.com/,,,NON_RESOLUE,aucun ATS détecté sur le site
gamine workwear,https://www.gamineworkwear.com/,,,NON_RESOLUE,aucun ATS détecté sur le site
esembly,https://esemblybaby.com/,,,NON_RESOLUE,aucun ATS détecté sur le site
havana postale,https://havanapostale.com/,,,NON_RESOLUE,aucun ATS détecté sur le site
elektropulli,https://www.elektropulli.de/,,,NON_RESOLUE,aucun ATS détecté sur le site
haro eyewear,https://www.haroeyewear.com/,,,NON_RESOLUE,aucun ATS détecté sur le site
fm2050,https://fm2050.com/,,,NON_RESOLUE,aucun ATS détecté sur le site
emera cbd haircare,http://www.emerahaircare.com/,,,NON_RESOLUE,aucun ATS détecté sur le site
gritti,https://www.grittifragrances.com/,,,NON_RESOLUE,aucun ATS détecté sur le site
feather and coco,http://featherandcoco.com/,,,NON_RESOLUE,aucun ATS détecté sur le site
guayaberas y mas boutique,https://www.guayaberasymas.com/,,,NON_RESOLUE,aucun ATS détecté sur le site
garrett leight,https://www.garrettleight.com/,,,NON_RESOLUE,aucun ATS détecté sur le site
freada,https://www.daytona-park.com/brand/freada/?sex=men%3Futm_source%3DGoodOnYou+App,,,NON_RESOLUE,site en erreur au probe
harunobumurata,https://harunobumurata.com/,,,NON_RESOLUE,aucun ATS détecté sur le site
ella+mila,https://www.ellamila.com/,,,NON_RESOLUE,aucun ATS détecté sur le site
frank wright,https://www.frankwrightshoes.com/,,,NON_RESOLUE,aucun ATS détecté sur le site
happy haus,https://happyhaus.fr/,,,NON_RESOLUE,aucun ATS détecté sur le site
hurley,https://www.hurley.com/,,,NON_RESOLUE,site en erreur au probe
forever new,https://www.evernew.ca/,,,NON_RESOLUE,aucun ATS détecté sur le site
halo hair oil,https://www.emijay.com/,,,NON_RESOLUE,site en erreur au probe
gerry weber,https://www.gerryweber.de/,,,NON_RESOLUE,aucun ATS détecté sur le site
friction labs,https://frictionlabs.com/,,,NON_RESOLUE,aucun ATS détecté sur le site
eva cassis,https://www.evacassis.com.au/,,,NON_RESOLUE,aucun ATS détecté sur le site
gwyllem,https://gwyllem.com.au/,,,NON_RESOLUE,site en erreur au probe
genrage,https://genrage.com/,,,NON_RESOLUE,aucun ATS détecté sur le site
gratitude chicago,https://gratitudechicago.com/,,,NON_RESOLUE,aucun ATS détecté sur le site
faceplant dreams,https://www.faceplantdreams.com/,,,NON_RESOLUE,aucun ATS détecté sur le site
followmefs,https://www.followmefs.com/,,,NON_RESOLUE,aucun ATS détecté sur le site
hallyu,https://masque.bar/collections/hallyu.html,,,NON_RESOLUE,aucun ATS détecté sur le site
dressbarn,https://dressbarn.com/,,,NON_RESOLUE,aucun ATS détecté sur le site
fm 669,https://fm669.net/?oid=243&affid=1&source_id=GoY-rating&sub1=brandpage,,,NON_RESOLUE,aucun ATS détecté sur le site
goossens paris,https://goossens-paris.com/en/,,,NON_RESOLUE,aucun ATS détecté sur le site
glycine watch sa,http://www.glycine-watch.ch/,,,NON_RESOLUE,aucun ATS détecté sur le site
fray i.d,https://fray-id.com/,,,NON_RESOLUE,site en erreur au probe
fabienne chapot,https://www.fabiennechapot.com/,,,NON_RESOLUE,site en erreur au probe
gently radiant skin,https://www.gentlyradiantskin.com/,,,NON_RESOLUE,aucun ATS détecté sur le site
happy pits natural vegan deodorant,https://www.woodsandwhimsy.com/,,,NON_RESOLUE,aucun ATS détecté sur le site
eterna,https://www.eterna.com/,,,NON_RESOLUE,site en erreur au probe
ginny & jude designs,https://www.ginnyandjude.com/,,,NON_RESOLUE,aucun ATS détecté sur le site
great many,http://www.greatmany.com/,,,NON_RESOLUE,aucun ATS détecté sur le site
findig,https://www.findig-online.com/,,,NON_RESOLUE,aucun ATS détecté sur le site
forever care,https://forevercare.plus/,,,NON_RESOLUE,aucun ATS détecté sur le site
enter the e,https://enterthee.jp/,,,NON_RESOLUE,aucun ATS détecté sur le site
fifi  au  jardin,https://www.fifiaujardin.fr/,,,NON_RESOLUE,aucun ATS détecté sur le site
fremdformat,https://www.fremdformat.de/,,,NON_RESOLUE,aucun ATS détecté sur le site
freya,https://www.freyalingerie.com/,,,NON_RESOLUE,aucun ATS détecté sur le site
il gufo,https://www.ilgufo.com/,,,NON_RESOLUE,site en erreur au probe
jack wolfskin,https://www.jack-wolfskin.de/,,,NON_RESOLUE,site en erreur au probe
hobacare baby,https://www.jojobacompany.com/,,,NON_RESOLUE,aucun ATS détecté sur le site
giesswein,https://uk.giesswein.com/,,,NON_RESOLUE,aucun ATS détecté sur le site
jana,https://www.jana-shoes.com/,,,NON_RESOLUE,aucun ATS détecté sur le site
good molecules,https://www.beautylish.com/b/good-molecules,,,NON_RESOLUE,site en erreur au probe
emily carter london,https://www.emily-carter.co.uk/,,,NON_RESOLUE,aucun ATS détecté sur le site
erlich textil,https://erlich-textil.de/,,,NON_RESOLUE,site en erreur au probe
gondolina,https://gondolinaofficial.com/,,,NON_RESOLUE,site en erreur au probe
import parfumerie,https://www.impo.ch/it,,,NON_RESOLUE,aucun ATS détecté sur le site
duo-hue,https://duohue.com/about,,,NON_RESOLUE,aucun ATS détecté sur le site
fluchos,https://fluchos.com/,,,NON_RESOLUE,aucun ATS détecté sur le site
huttelihut,https://www.huttelihut.dk/,,,NON_RESOLUE,aucun ATS détecté sur le site
heal yes!,http://healyes.co/,,,NON_RESOLUE,aucun ATS détecté sur le site
frank and oak,https://www.frankandoak.com/,,,NON_RESOLUE,aucun ATS détecté sur le site
fivesso,https://www.fivesso.com/,,,NON_RESOLUE,aucun ATS détecté sur le site
glacial bay organic clay,https://glacialorganicclay.com/,,,NON_RESOLUE,aucun ATS détecté sur le site
gleamin,http://gleamin.com/,,,NON_RESOLUE,site en erreur au probe
flawless fusion skincare,https://flawlessfusion.com/,,,NON_RESOLUE,aucun ATS détecté sur le site
harvest label,https://www.harvestlabel.jp/,,,NON_RESOLUE,aucun ATS détecté sur le site
goumi kids,https://goumikids.com/,,,NON_RESOLUE,aucun ATS détecté sur le site
farm to hanger,https://farmtohanger.com/,,,NON_RESOLUE,aucun ATS détecté sur le site
grunge john orchestra.explosion,https://www.grungejohn.com/,,,NON_RESOLUE,aucun ATS détecté sur le site
grinders,https://www.grinders.co.uk/,,,NON_RESOLUE,aucun ATS détecté sur le site
furore,https://www.furore.fashion/,,,NON_RESOLUE,aucun ATS détecté sur le site
external skin care,http://externalskincare.com/,,,NON_RESOLUE,aucun ATS détecté sur le site
ink kare,https://www.yourelegantessentials.com/collections/ink-kare-tattoo-aftercare-system,,,NON_RESOLUE,aucun ATS détecté sur le site
haruulala,https://haruulala.life/,,,NON_RESOLUE,aucun ATS détecté sur le site
healthy body head to toe,https://www.healthybodyheadtotoe.com/,,,NON_RESOLUE,aucun ATS détecté sur le site
gaia conceptions,https://gaiaconceptions.com/,,,NON_RESOLUE,aucun ATS détecté sur le site
hanacha-studio,https://hanacha-studio.com/,,,NON_RESOLUE,aucun ATS détecté sur le site
enrico coveri,https://enricocoveri.com/,,,NON_RESOLUE,aucun ATS détecté sur le site
frank & dollys,https://frankanddollys.com/,,,NON_RESOLUE,site en erreur au probe
fandecie,https://list.vip.com/101303172.html,,,NON_RESOLUE,aucun ATS détecté sur le site
feelgoodz,https://feelgoodz.com/,,,NON_RESOLUE,aucun ATS détecté sur le site
gil rodriguez,https://gilrodriguez.com/,,,NON_RESOLUE,site en erreur au probe
hello nails,https://hellonails.co.uk/,,,NON_RESOLUE,aucun ATS détecté sur le site
facil blanco,https://www.facilblanco.com/,,,NON_RESOLUE,aucun ATS détecté sur le site
grunt,https://www.grunt.dk/,,,NON_RESOLUE,aucun ATS détecté sur le site
harvest & mill,https://www.harvestandmill.com/?oid=88&affid=1&source_id=GoY-rating&sub1=brandpage,,,NON_RESOLUE,aucun ATS détecté sur le site
gold apple,https://goldapple.qa/,,,NON_RESOLUE,aucun ATS détecté sur le site
forage design,https://foragedesign.com/,,,NON_RESOLUE,aucun ATS détecté sur le site
helsama,https://helsama.se/,,,NON_RESOLUE,aucun ATS détecté sur le site
hawkers estafadores,https://www.hawkersco.com/,,,NON_RESOLUE,aucun ATS détecté sur le site
i̇pekyol,https://www.ipekyol.com.tr/,,,NON_RESOLUE,aucun ATS détecté sur le site
free's mart,http://www.frees-mart.com/,,,NON_RESOLUE,aucun ATS détecté sur le site
even&odd,https://even-and-odd.com/en/,,,NON_RESOLUE,aucun ATS détecté sur le site
gagliardi,https://gagliardi.eu/,,,NON_RESOLUE,aucun ATS détecté sur le site
earth elements soapworks,https://www.earthelementssoapworks.com/,,,NON_RESOLUE,aucun ATS détecté sur le site
gattinoni,http://www.gattinoni.com/,,,NON_RESOLUE,aucun ATS détecté sur le site
fuck me up beauty,https://fmubeauty.com/,,,NON_RESOLUE,aucun ATS détecté sur le site
glass onion,https://glass-onion.com/,,,NON_RESOLUE,site en erreur au probe
gloria jeans,http://www.gloria-jeans.ru/,,,NON_RESOLUE,aucun ATS détecté sur le site
freego,https://freegocosmetics.com/,,,NON_RESOLUE,aucun ATS détecté sur le site
flowers atelier,https://flowersatelier.co/,,,NON_RESOLUE,aucun ATS détecté sur le site
gypphy,https://gypphy-shop.com/,,,NON_RESOLUE,site en erreur au probe
freedom moses,https://freedomoses.com/,,,NON_RESOLUE,aucun ATS détecté sur le site
gabby glam cosmetics,https://gabbyglamcosmetics.com/,,,NON_RESOLUE,aucun ATS détecté sur le site
fragrance direct,https://www.fragrancedirect.co.uk/,,,NON_RESOLUE,aucun ATS détecté sur le site
honeys,https://www.honeys.co.jp/,,,NON_RESOLUE,aucun ATS détecté sur le site
giovanni,http://www.giovannicosmetics.com/,,,NON_RESOLUE,site en erreur au probe
hamburg laplaya,https://hamburg-laplaya.com/,,,NON_RESOLUE,aucun ATS détecté sur le site
heron preston,https://www.heronpreston.com/,,,NON_RESOLUE,aucun ATS détecté sur le site
fil melange,https://filmelange.com/,,,NON_RESOLUE,aucun ATS détecté sur le site
jeanne vouland,https://www.jeannevouland.com/,,,NON_RESOLUE,aucun ATS détecté sur le site
farm to skin,https://farmtoskin.com/,,,NON_RESOLUE,aucun ATS détecté sur le site
gypsy jetstream,https://gypsyjetstream.com/,,,NON_RESOLUE,aucun ATS détecté sur le site
good organics,https://www.amazon.com/stores/GoodOrganics/page/3514A607-3CD6-41C1-8646-B6A9089B92D3?lp_asin=B0DBPLGXQH&ref_=ast_bln,,,NON_RESOLUE,aucun ATS détecté sur le site
flair,https://www.flair-paris.fr/,,,NON_RESOLUE,aucun ATS détecté sur le site
helen mcalinden,https://www.helenmcalinden.com/,,,NON_RESOLUE,aucun ATS détecté sur le site
eckhaus latta,https://eckhauslatta.com/,,,NON_RESOLUE,aucun ATS détecté sur le site
halara,https://thehalara.com/,,,NON_RESOLUE,aucun ATS détecté sur le site
fugu,https://www.cooljapaneseshoes.com/,,,NON_RESOLUE,aucun ATS détecté sur le site
guapapeaks,https://www.guapaco.com/,,,NON_RESOLUE,aucun ATS détecté sur le site
gatta,https://gatta.pl/,,,NON_RESOLUE,aucun ATS détecté sur le site
hikesity,https://hikesity.com/,,,NON_RESOLUE,aucun ATS détecté sur le site
grandvision,https://www.grandvision.it/,,,NON_RESOLUE,aucun ATS détecté sur le site
goldmark jeweller,https://www.goldmark.co.nz/,,,NON_RESOLUE,aucun ATS détecté sur le site
gum,http://www.gum.ru/,,,NON_RESOLUE,site en erreur au probe
feelori,https://feelori.com/,,,NON_RESOLUE,aucun ATS détecté sur le site
harlow skin company inc,http://harlowskinco.com/,,,NON_RESOLUE,site en erreur au probe
gerard darel,https://www.gerarddarel.com/fr_fr/,,,NON_RESOLUE,aucun ATS détecté sur le site
hublot,http://www.hublot.com/,,,NON_RESOLUE,site en erreur au probe
hego's milano,https://hegos.eu/,,,NON_RESOLUE,aucun ATS détecté sur le site
gmbh,http://gmbhofficial.com/,,,NON_RESOLUE,aucun ATS détecté sur le site
études,https://www.etudes-studio.com/,,,NON_RESOLUE,site en erreur au probe
goldgarn denim,https://goldgarndenim.de/,,,NON_RESOLUE,aucun ATS détecté sur le site
havaianas,https://havaianas.com.br/,,,NON_RESOLUE,aucun ATS détecté sur le site
fluco,https://www.fluco.de/,,,NON_RESOLUE,aucun ATS détecté sur le site
harry winston  inc.,https://www.harrywinston.com/,,,NON_RESOLUE,aucun ATS détecté sur le site
for days,https://www.fordays.com/,,,NON_RESOLUE,aucun ATS détecté sur le site
glamorous,http://www.glamorous.com/,,,NON_RESOLUE,aucun ATS détecté sur le site
from the heart,https://fromtheheartloveland.com/,,,NON_RESOLUE,aucun ATS détecté sur le site
hankyu department store umeda main store,https://www.hankyu-dept.co.jp/,,,NON_RESOLUE,aucun ATS détecté sur le site
groceries apparel,https://groceriesapparel.com/,,,NON_RESOLUE,aucun ATS détecté sur le site
fast shop,https://www.fastshop.com.br/,,,NON_RESOLUE,site en erreur au probe
healthnaturally,http://www.healthnaturally.com/,,,NON_RESOLUE,aucun ATS détecté sur le site
gaastra,https://www.gaastrastore.com/,,,NON_RESOLUE,site en erreur au probe
hara the label,https://harathelabel.com/,,,NON_RESOLUE,aucun ATS détecté sur le site
eyemart express,https://www.eyemartexpress.com/,,,NON_RESOLUE,site en erreur au probe
fr2,https://fr2.tokyo/,,,NON_RESOLUE,aucun ATS détecté sur le site
garage,https://www.garageclothing.com/,,,NON_RESOLUE,site en erreur au probe
henry christ,https://www.henry-christ.com/,,,NON_RESOLUE,site en erreur au probe
forces of nature,http://www.forcesofnaturemedicine.com/,,,NON_RESOLUE,aucun ATS détecté sur le site
hv society,https://www.hvsociety.com/,,,NON_RESOLUE,aucun ATS détecté sur le site
isto.,https://isto.pt/?oid=10&affid=1&source_id=GoY-rating&sub1=brandpage,,,NON_RESOLUE,site en erreur au probe
g+n,https://www.gplusn.com/,,,NON_RESOLUE,aucun ATS détecté sur le site
jewlr,https://www.jewlr.com/,,,NON_RESOLUE,aucun ATS détecté sur le site
gina laura,https://www.gina-laura.com/,,,NON_RESOLUE,site en erreur au probe
hi lo the label,https://hilothelabel.com/,,,NON_RESOLUE,aucun ATS détecté sur le site
fraiche,https://fraiche.com.mx/,,,NON_RESOLUE,aucun ATS détecté sur le site
gung ho design,http://www.gung-ho-design.com/,,,NON_RESOLUE,aucun ATS détecté sur le site
ileyed,https://www.ileyshop.com.tw/,,,NON_RESOLUE,site en erreur au probe
first base,https://thisisfirstbase.com/,,,NON_RESOLUE,aucun ATS détecté sur le site
flamingos' life,https://www.en.flamingoslife.com/,,,NON_RESOLUE,aucun ATS détecté sur le site
henné organics,https://henneorganics.com/,,,NON_RESOLUE,aucun ATS détecté sur le site
histoires de parfums,https://www.histoiresdeparfums.com/,,,NON_RESOLUE,aucun ATS détecté sur le site
genabelle,https://genabelle.jp/,,,NON_RESOLUE,site en erreur au probe
fairechild,https://fairechild.com/,,,NON_RESOLUE,aucun ATS détecté sur le site
gaofan,https://guvet.com/,,,NON_RESOLUE,aucun ATS détecté sur le site
glassons,https://www.glassons.com/,,,NON_RESOLUE,site en erreur au probe
ilja,https://www.ilja.nl/,,,NON_RESOLUE,aucun ATS détecté sur le site
goosecraft,https://www.goosecraft.com/,,,NON_RESOLUE,aucun ATS détecté sur le site
heretic,https://hereticparfum.com/,,,NON_RESOLUE,aucun ATS détecté sur le site
hold supply,https://holdsupply.com/,,,NON_RESOLUE,aucun ATS détecté sur le site
fred meyer jewelers,https://www.fredmeyerjewelers.com/,,,NON_RESOLUE,site en erreur au probe
go red cosmetics,https://www.gored47.com/,,,NON_RESOLUE,aucun ATS détecté sur le site
florida fanatic,https://floridafanatic.com/,,,NON_RESOLUE,aucun ATS détecté sur le site
foot locker kids,https://www.kidsfootlocker.com/,,,NON_RESOLUE,aucun ATS détecté sur le site
geox,https://www.geox.com/,,,NON_RESOLUE,aucun ATS détecté sur le site
heybode,http://www.heybode.com/,,,NON_RESOLUE,aucun ATS détecté sur le site
harber london,https://www.harberlondon.com/,,,NON_RESOLUE,aucun ATS détecté sur le site
fluff,https://fluffouterwear.com/,,,NON_RESOLUE,aucun ATS détecté sur le site
hairstory,http://hairstory.com/,,,NON_RESOLUE,aucun ATS détecté sur le site
farai london,https://farailondon.com/,,,NON_RESOLUE,aucun ATS détecté sur le site
honestly phresh,http://www.honestlyphresh.com/,,,NON_RESOLUE,aucun ATS détecté sur le site
générale d'optique,https://www.generale-optique.com/,,,NON_RESOLUE,site en erreur au probe
fred segal,https://www.fredsegal.com/,,,NON_RESOLUE,aucun ATS détecté sur le site
half magic beauty,https://halfmagicbeauty.com/,,,NON_RESOLUE,site en erreur au probe
hastha katha,https://hasthakatha.com/,,,NON_RESOLUE,aucun ATS détecté sur le site
hope & ivy,https://www.hopeandivy.co.uk/,,,NON_RESOLUE,site en erreur au probe
hellenic duty free shops,https://www.dutyfreeshops.gr/,,,NON_RESOLUE,aucun ATS détecté sur le site
grayeagleleather,https://grayeagleleather.com/,,,NON_RESOLUE,aucun ATS détecté sur le site
foreo,https://www.foreo.com/,,,NON_RESOLUE,aucun ATS détecté sur le site
happiness is...,https://happinessisinc.com/,,,NON_RESOLUE,aucun ATS détecté sur le site
hikari underwear,https://hikariunderwear.shop-pro.jp/,,,NON_RESOLUE,aucun ATS détecté sur le site
gordmans,http://www.gordmans.com/,,,NON_RESOLUE,aucun ATS détecté sur le site
harlem soul,https://www.harlemsoul.de/,,,NON_RESOLUE,aucun ATS détecté sur le site
human woman,http://www.humanwoman.net/,,,NON_RESOLUE,aucun ATS détecté sur le site
hiso,https://www.hiso.ca/,,,NON_RESOLUE,aucun ATS détecté sur le site
good for nothing,https://www.gfnclothing.com/,,,NON_RESOLUE,aucun ATS détecté sur le site
good + daily,http://www.gooddailybeauty.com/,,,NON_RESOLUE,aucun ATS détecté sur le site
giardini di toscana,https://www.giardiniditoscana.com/,,,NON_RESOLUE,aucun ATS détecté sur le site
indee,https://indeecollection.com/,,,NON_RESOLUE,aucun ATS détecté sur le site
jansen amsterdam,https://www.jansen-amsterdam.com/,,,NON_RESOLUE,aucun ATS détecté sur le site
hermine hold,https://herminehold.com/,,,NON_RESOLUE,aucun ATS détecté sur le site
innate organic body,http://www.innateorganicbody.com/,,,NON_RESOLUE,aucun ATS détecté sur le site
heal's,http://www.heals.co.uk/,,,NON_RESOLUE,aucun ATS détecté sur le site
gogglesoc,https://gogglesoc.com/,,,NON_RESOLUE,aucun ATS détecté sur le site
genti clothing,https://genti.clothing/,,,NON_RESOLUE,aucun ATS détecté sur le site
grahams jewellers,https://www.grahams.com.au/,,,NON_RESOLUE,aucun ATS détecté sur le site
hylo athletics,https://hyloathletics.com/,,,NON_RESOLUE,aucun ATS détecté sur le site
hassia,https://www.hassia-shoes.com/,,,NON_RESOLUE,site en erreur au probe
hommeface,https://hommeface.com/,,,NON_RESOLUE,aucun ATS détecté sur le site
edwin,https://edwin.co.jp/,,,NON_RESOLUE,aucun ATS détecté sur le site
fil noir,https://www.fil-noir.com/,,,NON_RESOLUE,aucun ATS détecté sur le site
hartford,https://www.hartford.fr/,,,NON_RESOLUE,site en erreur au probe
hanro,https://www.hanro.com/,,,NON_RESOLUE,aucun ATS détecté sur le site
grüne erde,http://www.grueneerde.com/,,,NON_RESOLUE,aucun ATS détecté sur le site
iq uv,https://iq-uv.com/en/,,,NON_RESOLUE,aucun ATS détecté sur le site
jelmoli,http://www.jelmoli.ch/,,,NON_RESOLUE,aucun ATS détecté sur le site
ewtex,https://ewtex.pl/,,,NON_RESOLUE,aucun ATS détecté sur le site
fritzi aus preußen,https://www.fritziauspreussen.de/,,,NON_RESOLUE,site en erreur au probe
goutal,https://www.annickgoutal.com/,,,NON_RESOLUE,aucun ATS détecté sur le site
johanna parv,https://www.johannaparv.com/,,,NON_RESOLUE,aucun ATS détecté sur le site
foundling,https://www.foundling.com.au/,,,NON_RESOLUE,site en erreur au probe
givenchy,http://www.givenchy.com/,,,NON_RESOLUE,site en erreur au probe
hoppidi handmade,https://www.hoppidihandmade.com/,,,NON_RESOLUE,aucun ATS détecté sur le site
glass of venice,https://www.glassofvenice.com/,,,NON_RESOLUE,aucun ATS détecté sur le site
glamazon beauty,https://glamazonbeauty.com/,,,NON_RESOLUE,aucun ATS détecté sur le site
icnk amsterdam,https://www.icnk.amsterdam/,,,NON_RESOLUE,aucun ATS détecté sur le site
frske,https://frske.com/?oid=354&affid=1&source_id=GoY-rating&sub1=brandpage,,,NON_RESOLUE,aucun ATS détecté sur le site
hearth,https://hearthishome.com/,,,NON_RESOLUE,site en erreur au probe
hurr,https://www.hurrcollective.com/,,,NON_RESOLUE,aucun ATS détecté sur le site
humble baby goods,https://www.humblebabygoods.com/,,,NON_RESOLUE,aucun ATS détecté sur le site
jim rickey,https://www.jimrickey.com/,,,NON_RESOLUE,aucun ATS détecté sur le site
elder-beerman,http://www.elder-beerman.com/,,,NON_RESOLUE,aucun ATS détecté sur le site
grandma's natural remedies  inc.,https://www.grandmasnaturalremedies.net/,,,NON_RESOLUE,aucun ATS détecté sur le site
freak's store,https://www.daytona-park.com/shop/freaks_store?%3Futm_source=GoodOnYou+App,,,NON_RESOLUE,site en erreur au probe
humble brands,http://www.humblebrands.com/,,,NON_RESOLUE,aucun ATS détecté sur le site
fabindia,http://www.fabindia.com/,,,NON_RESOLUE,aucun ATS détecté sur le site
free label,https://freelabel.com/,,,NON_RESOLUE,site en erreur au probe
glowe,https://www.glowecollection.com/,,,NON_RESOLUE,site en erreur au probe
heroes on socks,https://heroes-onsocks.com/,,,NON_RESOLUE,aucun ATS détecté sur le site
hello bello,http://www.hellobello.com/,,,NON_RESOLUE,site en erreur au probe
giulia,https://giulia-shoes.com/,,,NON_RESOLUE,site en erreur au probe
go om yourself,https://www.goomyourself.com/,,,NON_RESOLUE,aucun ATS détecté sur le site
haus laboratories,https://www.hauslabs.com/,,,NON_RESOLUE,aucun ATS détecté sur le site
g-lab,https://g-lab.com/,,,NON_RESOLUE,site en erreur au probe
immigrant apparel,https://www.immigrantapparel.com/,,,NON_RESOLUE,aucun ATS détecté sur le site
hearth and homestead llc,http://hearthandhomesteadstore.com/,,,NON_RESOLUE,aucun ATS détecté sur le site
herd tallow,https://herdtallow.com/products/herd-tallow-beef-tallow-moisturizer-2oz,,,NON_RESOLUE,aucun ATS détecté sur le site
el puerto de liverpool,https://www.elpuertodeliverpool.mx/,,,NON_RESOLUE,aucun ATS détecté sur le site
icad universe,https://icad.inescopsolutions.com/,,,NON_RESOLUE,site en erreur au probe
gallant,https://www.gallantintl.com/,,,NON_RESOLUE,aucun ATS détecté sur le site
jos. a. bank clothiers,https://www.josbank.com/,,,NON_RESOLUE,aucun ATS détecté sur le site
fleur & compagnie,https://fleuretcompagnie.fr/,,,NON_RESOLUE,site en erreur au probe
highbrow hippie,https://highbrowhippie.com/collections/highbrow-hippie-haircare-and-wellness?gad_source=1,,,NON_RESOLUE,aucun ATS détecté sur le site
heelys  inc.,http://www.heelys.com/,,,NON_RESOLUE,aucun ATS détecté sur le site
guananan london,https://www.guananan.co.uk/,,,NON_RESOLUE,aucun ATS détecté sur le site
grupo elektra,https://www.elektra.com.mx/,,,NON_RESOLUE,aucun ATS détecté sur le site
greyder,https://www.greyder.com.tr/,,,NON_RESOLUE,aucun ATS détecté sur le site
good medicine beauty lab,http://www.goodmedicinebeautylab.com/,,,NON_RESOLUE,aucun ATS détecté sur le site
hender scheme,https://henderscheme.com/,,,NON_RESOLUE,aucun ATS détecté sur le site
fus-fá-yo,https://www.fusfayo.com/,,,NON_RESOLUE,aucun ATS détecté sur le site
good dye young,https://gooddyeyoung.com/,,,NON_RESOLUE,aucun ATS détecté sur le site
hervis,https://www.hervis.de/,,,NON_RESOLUE,aucun ATS détecté sur le site
hopaal,https://hopaal.com/,,,NON_RESOLUE,aucun ATS détecté sur le site
howies,http://www.howies.co.uk/,,,NON_RESOLUE,aucun ATS détecté sur le site
hemington,https://www.hemington.com.tr/,,,NON_RESOLUE,aucun ATS détecté sur le site
hoia homespa,https://hoiahomespa.com/,,,NON_RESOLUE,aucun ATS détecté sur le site
high on love,https://highonlove.co/,,,NON_RESOLUE,site en erreur au probe
josco jewellers,http://www.joscojewellers.in/,,,NON_RESOLUE,aucun ATS détecté sur le site
fanfare,https://fanfarelabel.com/?oid=213&affid=1&source_id=GoY-rating&sub1=brandpage,,,NON_RESOLUE,aucun ATS détecté sur le site
hytest,https://www.hytest.com/,,,NON_RESOLUE,site en erreur au probe
identity lingerie,https://identitylingerie.com/,,,NON_RESOLUE,aucun ATS détecté sur le site
inamorata,https://www.inamoratawoman.com/,,,NON_RESOLUE,aucun ATS détecté sur le site
elkline,https://www.elkline.de/,,,NON_RESOLUE,aucun ATS détecté sur le site
hemen biarritz,https://www.hemen-biarritz.com/,,,NON_RESOLUE,site en erreur au probe
hayley menzies,https://hayleymenzies.com/,,,NON_RESOLUE,site en erreur au probe
julien brandt,https://julienbrandt.ch/,,,NON_RESOLUE,aucun ATS détecté sur le site
instantfigure,https://instantfigure.com/,,,NON_RESOLUE,aucun ATS détecté sur le site
ggvv,https://m.dianping.com/ugcdetail/268512932?sceneType=0&bizType=29&msource=baiduappugc%3Futm_source%3DGoodOnYou+App,,,NON_RESOLUE,aucun ATS détecté sur le site
gaia segattini knotwear,https://gaiasegattiniknotwear.it/?oid=385&affid=1&source_id=GoY-rating&sub1=brandpage,,,NON_RESOLUE,aucun ATS détecté sur le site
grammar,https://grammarnyc.com/,,,NON_RESOLUE,aucun ATS détecté sur le site
hofleverancier kattenburg,http://www.falconsportswear.com/,,,NON_RESOLUE,site en erreur au probe
hafendieb,https://www.hafendieb.de/,,,NON_RESOLUE,aucun ATS détecté sur le site
gebr. domhoff,https://www.domhoff.nl/,,,NON_RESOLUE,aucun ATS détecté sur le site
gypsy sport,https://gypsysportny.com/,,,NON_RESOLUE,aucun ATS détecté sur le site
emel,https://emel.com.pl/,,,NON_RESOLUE,aucun ATS détecté sur le site
inland grove,https://inlandgrove.com/,,,NON_RESOLUE,aucun ATS détecté sur le site
halti,https://www.halti.com/,,,NON_RESOLUE,aucun ATS détecté sur le site
graceful district,https://www.gracefuldistrict.com/,,,NON_RESOLUE,aucun ATS détecté sur le site
guards london,https://www.guardslondon.com/,,,NON_RESOLUE,aucun ATS détecté sur le site
judith leiber,https://judithleiber.com/,,,NON_RESOLUE,aucun ATS détecté sur le site
helene galwas,https://www.helenegalwas.com/,,,NON_RESOLUE,site en erreur au probe
juste elles,https://juste-elles.com/,,,NON_RESOLUE,aucun ATS détecté sur le site
ibex,https://ibex.com/,,,NON_RESOLUE,aucun ATS détecté sur le site
ideal of sweden,https://idealofsweden.com/,,,NON_RESOLUE,aucun ATS détecté sur le site
hamilton watch company,http://www.hamiltonwatch.com/,,,NON_RESOLUE,aucun ATS détecté sur le site
hul le kes,https://hullekes.com/,,,NON_RESOLUE,aucun ATS détecté sur le site
frugi,https://www.welovefrugi.com/,,,NON_RESOLUE,site en erreur au probe
greenpacha,https://www.greenpacha.com/,,,NON_RESOLUE,aucun ATS détecté sur le site
hills hats,https://hillshats.co.nz/,,,NON_RESOLUE,aucun ATS détecté sur le site
hereness,https://hereness.jp/,,,NON_RESOLUE,aucun ATS détecté sur le site
gauchere,http://gauchere.com/,,,NON_RESOLUE,site en erreur au probe
engineered garments,https://www.engineeredgarments.com/,,,NON_RESOLUE,aucun ATS détecté sur le site
happy squad,http://happysquad.ca/,,,NON_RESOLUE,aucun ATS détecté sur le site
germanier,https://kevingermanier.com/,,,NON_RESOLUE,aucun ATS détecté sur le site
impares,https://www.impares-shop.it/,,,NON_RESOLUE,site en erreur au probe
hakata hankyu,http://www.hankyu-dept.co.jp/hakata/,,,NON_RESOLUE,aucun ATS détecté sur le site
just bubbly,http://www.justbubbly.com/,,,NON_RESOLUE,aucun ATS détecté sur le site
hankyu department store,http://www.hankyu-dept.co.jp/nishinomiya/index.html,,,NON_RESOLUE,aucun ATS détecté sur le site
hofmann copenhagen,https://hofmanncopenhagen.com/,,,NON_RESOLUE,aucun ATS détecté sur le site
hyke,https://hyke.jp/,,,NON_RESOLUE,aucun ATS détecté sur le site
hask,https://haskbeauty.com/,,,NON_RESOLUE,aucun ATS détecté sur le site
g-shock,https://www.g-shock.eu/,,,NON_RESOLUE,site en erreur au probe
ka-sha,https://www.ka-sha.com/,,,NON_RESOLUE,site en erreur au probe
hey sugar fragrance co.,https://heysugarfragranceco.com/,,,NON_RESOLUE,aucun ATS détecté sur le site
harbour 2nd,https://www.harbour2ndshop.de/,,,NON_RESOLUE,aucun ATS détecté sur le site
hope,https://grupohope.com.br/,,,NON_RESOLUE,aucun ATS détecté sur le site
green laces,https://greenlaces.se/en,,,NON_RESOLUE,aucun ATS détecté sur le site
gala gloves,https://galagloves.it/,,,NON_RESOLUE,site en erreur au probe
gidigio,https://www.gidigio.com/,,,NON_RESOLUE,aucun ATS détecté sur le site
iduna group,https://www.iduna.se/,,,NON_RESOLUE,aucun ATS détecté sur le site
habitual kid,https://habitual.com/,,,NON_RESOLUE,aucun ATS détecté sur le site
first honey,https://firsthoney.com/,,,NON_RESOLUE,aucun ATS détecté sur le site
hope stockholm,https://www.hope-sthlm.com/,,,NON_RESOLUE,site en erreur au probe
hansen garments,https://www.hansengarments.com/,,,NON_RESOLUE,aucun ATS détecté sur le site
ginanni,https://ginannishoes.com/,,,NON_RESOLUE,aucun ATS détecté sur le site
forget-me-nots,https://forgetmenots.jp/collections/forget-me-nots,,,NON_RESOLUE,aucun ATS détecté sur le site
icing on the face,http://www.apeelaesthetics.com/,,,NON_RESOLUE,aucun ATS détecté sur le site
italeau,https://italeau.com/,,,NON_RESOLUE,aucun ATS détecté sur le site
iron heart,https://www.ironheart.co.uk/,,,NON_RESOLUE,aucun ATS détecté sur le site
gloverall,https://www.gloverall.com/,,,NON_RESOLUE,site en erreur au probe
heart's desire clothing,https://heartsdesireclothing.com/,,,NON_RESOLUE,aucun ATS détecté sur le site
herzog & bräuer,https://www.herzogundbraeuer.de/,,,NON_RESOLUE,site en erreur au probe
forthefly customs,https://www.fortheflycustoms.com/,,,NON_RESOLUE,site en erreur au probe
hemant and nandita,https://www.hemantandnandita.com/,,,NON_RESOLUE,aucun ATS détecté sur le site
elixir naturals,http://www.elixirnaturals.ca/,,,NON_RESOLUE,aucun ATS détecté sur le site
erdem,https://erdem.com/,,,NON_RESOLUE,aucun ATS détecté sur le site
gudrun sjödén,https://www.gudrunsjoden.com/,,,NON_RESOLUE,site en erreur au probe
glacial,https://www.glacialbottle.com/,,,NON_RESOLUE,aucun ATS détecté sur le site
kanako sakai,https://kanakosakai.com/,,,NON_RESOLUE,aucun ATS détecté sur le site
frassaï,https://frassai.com/,,,NON_RESOLUE,aucun ATS détecté sur le site
hirume,https://www.hirume.jp/,,,NON_RESOLUE,aucun ATS détecté sur le site
frank daniel,https://www.frankdaniel.it/,,,NON_RESOLUE,aucun ATS détecté sur le site
hasuna,https://hasuna.com/,,,NON_RESOLUE,site en erreur au probe
gioielli di valenza,https://www.gioiellidivalenza.com/en/,,,NON_RESOLUE,aucun ATS détecté sur le site
hackett london,https://www.hackett.com/intl/home,,,NON_RESOLUE,aucun ATS détecté sur le site
galvan,https://www.galvanlondon.com/,,,NON_RESOLUE,site en erreur au probe
hobacare jojoba,https://www.jojobacompany.com/,,,NON_RESOLUE,aucun ATS détecté sur le site
harper & yve,https://www.harperandyve.com/,,,NON_RESOLUE,site en erreur au probe
karrimor japan,https://www.karrimor.com/,,,NON_RESOLUE,site en erreur au probe
glassworks,https://glassworkslondon.com/,,,NON_RESOLUE,aucun ATS détecté sur le site
harrods,https://www.harrods.com/,,,NON_RESOLUE,site en erreur au probe
floris van bommel,https://int.florisvanbommel.com/,,,NON_RESOLUE,aucun ATS détecté sur le site
glixi,http://glixibeauty.com/,,,NON_RESOLUE,aucun ATS détecté sur le site
espilane,https://www.espilane.com/,,,NON_RESOLUE,aucun ATS détecté sur le site
holistic body care llc,http://www.holisticbodycare.com/,,,NON_RESOLUE,aucun ATS détecté sur le site
havlíkova přírodní apotéka,https://havlikovaapoteka.cz/,,,NON_RESOLUE,aucun ATS détecté sur le site
industrie,https://www.industrie.com.au/,,,NON_RESOLUE,site en erreur au probe
gekås,https://www.gekas.se/,,,NON_RESOLUE,aucun ATS détecté sur le site
haze&finn,https://www.hazefinn.com/,,,NON_RESOLUE,aucun ATS détecté sur le site
harlow,https://www.harlowstore.com/,,,NON_RESOLUE,aucun ATS détecté sur le site
indosole,https://www.indosoleeurope.com/,,,NON_RESOLUE,site en erreur au probe
humanic,https://www.humanic.net/,,,NON_RESOLUE,site en erreur au probe
geisha,https://www.geishafashion.eu/en-gb/,,,NON_RESOLUE,aucun ATS détecté sur le site
itobanashi,https://itobanashi.com/pages/concept,,,NON_RESOLUE,aucun ATS détecté sur le site
haus labs by lady gaga,https://www.hauslabs.com/,,,NON_RESOLUE,aucun ATS détecté sur le site
hidden treasure soap,http://hiddentreasuresoap.com/,,,NON_RESOLUE,aucun ATS détecté sur le site
iquaneye,https://www.iguaneye.com/,,,NON_RESOLUE,site en erreur au probe
imaginary authors,https://imaginaryauthors.com/,,,NON_RESOLUE,aucun ATS détecté sur le site
glowing orchid organics,https://glowingorchid.com/,,,NON_RESOLUE,aucun ATS détecté sur le site
frenken,https://www.frenkenfashion.com/,,,NON_RESOLUE,aucun ATS détecté sur le site
goldn beauty llc,http://shopgoldnbeauty.com/,,,NON_RESOLUE,aucun ATS détecté sur le site
interparfums,https://www.interparfums.fr/,,,NON_RESOLUE,aucun ATS détecté sur le site
eurocosmesi,https://www.eurocosmesi.com/,,,NON_RESOLUE,aucun ATS détecté sur le site
goddess gear,https://goddessgear.net/,,,NON_RESOLUE,aucun ATS détecté sur le site
hand made story by barbara alli,https://handmadestory.at/,,,NON_RESOLUE,aucun ATS détecté sur le site
jade cropper,https://jadecropper.com/,,,NON_RESOLUE,aucun ATS détecté sur le site
grims,https://grims-kind.de/,,,NON_RESOLUE,aucun ATS détecté sur le site
giacomo conti,https://giacomo.pl/,,,NON_RESOLUE,aucun ATS détecté sur le site
heartkiss,http://www.heartkiss.eu/,,,NON_RESOLUE,aucun ATS détecté sur le site
homesolv,https://www.citrasolv.com/home-solv-1,,,NON_RESOLUE,aucun ATS détecté sur le site
heiko,https://www.heikoclothing.com/,,,NON_RESOLUE,aucun ATS détecté sur le site
hangowear,https://www.hangowear.de/,,,NON_RESOLUE,aucun ATS détecté sur le site
emaal cashmere,https://www.emaalcashmere.com/,,,NON_RESOLUE,aucun ATS détecté sur le site
ioaku,https://www.ioaku.com/en,,,NON_RESOLUE,site en erreur au probe
foot solutions,https://footsolutions.com/,,,NON_RESOLUE,aucun ATS détecté sur le site
heligrae,https://heligrae.com/,,,NON_RESOLUE,aucun ATS détecté sur le site
international clothiers,https://www.internationalclothiers.com/,,,NON_RESOLUE,site en erreur au probe
hill & friends,https://www.hillandfriends.com/,,,NON_RESOLUE,aucun ATS détecté sur le site
freeman t. porter,https://freemantporter.com/,,,NON_RESOLUE,aucun ATS détecté sur le site
huele museum,https://www.huelemuseum.com/,,,NON_RESOLUE,aucun ATS détecté sur le site
from my mother’s garden,https://frommymothersgarden.co.uk/,,,NON_RESOLUE,site en erreur au probe
gap,https://www.gap.com/,,,NON_RESOLUE,aucun ATS détecté sur le site
guldfynd,https://www.guldfynd.se/,,,NON_RESOLUE,aucun ATS détecté sur le site
hypothesis,https://www.hypothesis.bio/,,,NON_RESOLUE,aucun ATS détecté sur le site
it’real,http://itreal2012.com/stores.html,,,NON_RESOLUE,aucun ATS détecté sur le site
inkspoon,https://inkspoon.org/,,,NON_RESOLUE,aucun ATS détecté sur le site
forever and a day intimates,https://foreverandaday.com.au/,,,NON_RESOLUE,aucun ATS détecté sur le site
isabella rhea,https://isabellarhea.com/,,,NON_RESOLUE,aucun ATS détecté sur le site
jasmil,https://jasmil.com/,,,NON_RESOLUE,aucun ATS détecté sur le site
hemper,https://hemper.eu/,,,NON_RESOLUE,aucun ATS détecté sur le site
giorgio & mario,https://www.giorgio.fr/,,,NON_RESOLUE,aucun ATS détecté sur le site
giaborghini,https://www.giaborghini.it/,,,NON_RESOLUE,aucun ATS détecté sur le site
iota,http://iotabody.com/,,,NON_RESOLUE,aucun ATS détecté sur le site
endurelash,http://endurelash.com/,,,NON_RESOLUE,aucun ATS détecté sur le site
excesskin,http://www.shyneeknobs.com/,,,NON_RESOLUE,aucun ATS détecté sur le site
fount society,https://www.fountsociety.com/,,,NON_RESOLUE,aucun ATS détecté sur le site
goodsociety,https://www.goodsociety.org/,,,NON_RESOLUE,aucun ATS détecté sur le site
ick.,https://ick.studio/,,,NON_RESOLUE,aucun ATS détecté sur le site
hare,https://www.dot-st.com/hare/,,,NON_RESOLUE,site en erreur au probe
houdini,https://houdinisportswear.com/,,,NON_RESOLUE,aucun ATS détecté sur le site
j.u.s parfums,https://jusparfums.com/,,,NON_RESOLUE,site en erreur au probe
görtz,https://www.goertz.de/,,,NON_RESOLUE,aucun ATS détecté sur le site
jenette skin care,https://www.jenetteskincare.com/,,,NON_RESOLUE,aucun ATS détecté sur le site
fueguia 1833,https://fueguia.com/,,,NON_RESOLUE,aucun ATS détecté sur le site
izutsuya,https://www.izutsuya.co.jp/,,,NON_RESOLUE,aucun ATS détecté sur le site
herin.cye,https://www.baroque-global.com/jp/brand/herin.cye,,,NON_RESOLUE,site en erreur au probe
hefang,https://hefang.net/,,,NON_RESOLUE,aucun ATS détecté sur le site
hostoyo,http://www.hstyfs.com/,,,NON_RESOLUE,site en erreur au probe
hesper fox,https://hesperfox.com/,,,NON_RESOLUE,aucun ATS détecté sur le site
eton shirts,http://www.etonshirts.com/,,,NON_RESOLUE,site en erreur au probe
kariyushi shirt,https://kariyushi-okinawa.com/,,,NON_RESOLUE,aucun ATS détecté sur le site
her mannerisms,https://hermannerisms.com/,,,NON_RESOLUE,aucun ATS détecté sur le site
j.cat beauty,http://www.jcatbeauty.com/,,,NON_RESOLUE,aucun ATS détecté sur le site
freaks of nature,https://freaksofnature.com/,,,NON_RESOLUE,aucun ATS détecté sur le site
equivalenza,https://equivalenza.com/,,,NON_RESOLUE,aucun ATS détecté sur le site
fablerune,http://fablerune.com/,,,NON_RESOLUE,aucun ATS détecté sur le site
id fine,https://idfine.dk/,,,NON_RESOLUE,aucun ATS détecté sur le site
gallery department,https://gallerydept.com/,,,NON_RESOLUE,aucun ATS détecté sur le site
ivanhoe of sweden,https://ivanhoe.se/en,,,NON_RESOLUE,site en erreur au probe
harmont & blaine,http://www.harmontblaine.com/,,,NON_RESOLUE,aucun ATS détecté sur le site
inside,https://inside-shops.com/en/inside-us,,,NON_RESOLUE,site en erreur au probe
gratis,http://www.gratis.com/,,,NON_RESOLUE,aucun ATS détecté sur le site
gotji beauty,http://gotjibeauty.com/,,,NON_RESOLUE,aucun ATS détecté sur le site
hairgurt,https://www.hairgurt.com/,,,NON_RESOLUE,aucun ATS détecté sur le site
kd new york,https://kdnewyork.com/,,,NON_RESOLUE,aucun ATS détecté sur le site
hunza g,https://www.hunzag.com/,,,NON_RESOLUE,aucun ATS détecté sur le site
good news,https://goodnews.london/,,,NON_RESOLUE,aucun ATS détecté sur le site
greenburry,https://www.greenburry.de/,,,NON_RESOLUE,aucun ATS détecté sur le site
globus,http://www.globus.ch/,,,NON_RESOLUE,aucun ATS détecté sur le site
issey miyake,https://us.isseymiyake.com/,,,NON_RESOLUE,aucun ATS détecté sur le site
jade swim,https://jadeswim.com/,,,NON_RESOLUE,aucun ATS détecté sur le site
jacques lemans,https://www.jacques-lemans.com/,,,NON_RESOLUE,site en erreur au probe
hobo and hatch,https://www.hoboandhatch.com/,,,NON_RESOLUE,aucun ATS détecté sur le site
hvisk,https://dk.hvisk.com/,,,NON_RESOLUE,aucun ATS détecté sur le site
hanowa,http://www.hanowa.ch/,,,NON_RESOLUE,aucun ATS détecté sur le site
hummer,http://www.luxebrands.com/,,,NON_RESOLUE,site en erreur au probe
groundtruth,https://www.groundtruth.global/?oid=84&affid=1&source_id=GoY-rating&sub1=brandpage,,,NON_RESOLUE,aucun ATS détecté sur le site
isabel marant,https://www.isabelmarant.com/,,,NON_RESOLUE,aucun ATS détecté sur le site
funktion schnitt,https://www.funktionschnitt.de/,,,NON_RESOLUE,aucun ATS détecté sur le site
globo,https://www.globomoda.es/,,,NON_RESOLUE,aucun ATS détecté sur le site
hi-tec,https://hi-tec.com/,,,NON_RESOLUE,aucun ATS détecté sur le site
evolve denim,https://www.evlv.co.za/,,,NON_RESOLUE,aucun ATS détecté sur le site
geggamoja,https://www.geggamoja.com/,,,NON_RESOLUE,site en erreur au probe
holifrog,http://www.holifrog.com/,,,NON_RESOLUE,aucun ATS détecté sur le site
gemtation gmbh,https://www.gemtation.ch/,,,NON_RESOLUE,aucun ATS détecté sur le site
knitwear lab,https://knitwearlab.co/,,,NON_RESOLUE,aucun ATS détecté sur le site
g2000,https://g2000.com.sg/,,,NON_RESOLUE,aucun ATS détecté sur le site
hats with heart,https://hatswithheart.com/,,,NON_RESOLUE,aucun ATS détecté sur le site
james perse,https://www.jamesperse.com/,,,NON_RESOLUE,aucun ATS détecté sur le site
imaima,https://www.iimaima.com/,,,NON_RESOLUE,aucun ATS détecté sur le site
i too fashion,https://itoofashion.com/,,,NON_RESOLUE,aucun ATS détecté sur le site
hima,https://hima-originals.com/,,,NON_RESOLUE,aucun ATS détecté sur le site
jbc,https://www.jbc.be/,,,NON_RESOLUE,aucun ATS détecté sur le site
espadrij,https://espadrij.com/,,,NON_RESOLUE,aucun ATS détecté sur le site
fam jeans,https://www.famjeans.com/,,,NON_RESOLUE,aucun ATS détecté sur le site
ivanovo parachute plant,http://www.ivparachute.ru/,,,NON_RESOLUE,aucun ATS détecté sur le site
irlandi,http://www.lrlandi.it/,,,NON_RESOLUE,aucun ATS détecté sur le site
immaculate minerals,https://imagesbymiriam.com/,,,NON_RESOLUE,aucun ATS détecté sur le site
jac + mooki,https://www.jacandmooki.com/,,,NON_RESOLUE,aucun ATS détecté sur le site
jacotte tricote,https://www.jacottetricote.com/,,,NON_RESOLUE,aucun ATS détecté sur le site
haute baby,https://hautebaby.com/,,,NON_RESOLUE,aucun ATS détecté sur le site
hidden white,https://www.hiddenwhite.com/,,,NON_RESOLUE,aucun ATS détecté sur le site
indilisi,https://indilisi.com/?oid=346&affid=1&source_id=GoY-rating&sub1=brandpage,,,NON_RESOLUE,aucun ATS détecté sur le site
frieda & freddies,https://www.frieda-freddies.com/,,,NON_RESOLUE,site en erreur au probe
gutteridge,https://www.gutteridge.com/,,,NON_RESOLUE,aucun ATS détecté sur le site
hooké,https://hooke.ca/,,,NON_RESOLUE,site en erreur au probe
garçon français,https://garcon-francais.fr/en,,,NON_RESOLUE,aucun ATS détecté sur le site
hollyghost,https://hollyghost.fr/fr/,,,NON_RESOLUE,aucun ATS détecté sur le site
jessica simpson,https://jessicasimpson.com/,,,NON_RESOLUE,aucun ATS détecté sur le site
iblues,https://www.iblues.it/,,,NON_RESOLUE,site en erreur au probe
goldenlife,https://www.goldenlife.com.tw/,,,NON_RESOLUE,aucun ATS détecté sur le site
henna color lab®,http://hennacolorlab.com/,,,NON_RESOLUE,aucun ATS détecté sur le site
fusakle,https://www.fusakle.sk/,,,NON_RESOLUE,aucun ATS détecté sur le site
green girl basics,http://www.greengirlbasics.com/,,,NON_RESOLUE,aucun ATS détecté sur le site
hosbjerg,https://www.hosbjerg.com/,,,NON_RESOLUE,aucun ATS détecté sur le site
harris wharf london,https://harriswharflondon.com/,,,NON_RESOLUE,aucun ATS détecté sur le site
goophone,https://www.goophoneshops.com/,,,NON_RESOLUE,aucun ATS détecté sur le site
jitrois.,http://www.jitrois.com/,,,NON_RESOLUE,aucun ATS détecté sur le site
heidemann,https://heideman.de/,,,NON_RESOLUE,aucun ATS détecté sur le site
gianvito rossi,https://www.gianvitorossi.com/,,,NON_RESOLUE,aucun ATS détecté sur le site
hally hair,http://hallyhair.com/,,,NON_RESOLUE,aucun ATS détecté sur le site
individni,https://individni.ru/,,,NON_RESOLUE,aucun ATS détecté sur le site
ghospell,https://www.ghospell.com/,,,NON_RESOLUE,aucun ATS détecté sur le site
igor,https://www.igordobranic.com/,,,NON_RESOLUE,aucun ATS détecté sur le site
guanology,http://guanology.com/,,,NON_RESOLUE,aucun ATS détecté sur le site
hot like me,http://www.hotlikeme.com/,,,NON_RESOLUE,aucun ATS détecté sur le site
gen see,http://genseebeauty.com/,,,NON_RESOLUE,aucun ATS détecté sur le site
etiko,https://etiko.com.au/?oid=76&affid=1&source_id=GoY-rating&sub1=brandpage,,,NON_RESOLUE,site en erreur au probe
hay life,https://haylifeclothing.com/,,,NON_RESOLUE,aucun ATS détecté sur le site
il granchio collection,https://www.ilgranchio.com/,,,NON_RESOLUE,aucun ATS détecté sur le site
frangipani body products,http://www.frangipanibodyproducts.com/,,,NON_RESOLUE,aucun ATS détecté sur le site
jacadi,https://www.jacadi.us/,,,NON_RESOLUE,site en erreur au probe
insystemout,https://insystemout.com/,,,NON_RESOLUE,aucun ATS détecté sur le site
girlfriend,https://www.podrygka.ru/,,,NON_RESOLUE,aucun ATS détecté sur le site
khloé kardashian fragrances,http://xokhloekardashian.com/,,,NON_RESOLUE,aucun ATS détecté sur le site
kubenz,https://kubenz.pl/,,,NON_RESOLUE,aucun ATS détecté sur le site
hockerty,https://www.hockerty.fr/,,,NON_RESOLUE,site en erreur au probe
johnston & murphy,https://www.johnstonmurphy.com/,,,NON_RESOLUE,aucun ATS détecté sur le site
happy horse,https://www.happy-horse.eu/,,,NON_RESOLUE,aucun ATS détecté sur le site
gtoclothing,https://www.gtoclothing.com/,,,NON_RESOLUE,site en erreur au probe
jelt,https://jeltbelt.com/,,,NON_RESOLUE,aucun ATS détecté sur le site
gabriel cosmetics,http://gabrielcosmeticsinc.com/,,,NON_RESOLUE,aucun ATS détecté sur le site
everyday yoga,https://www.everydayyoga.com/,,,NON_RESOLUE,aucun ATS détecté sur le site
huf,https://www.hufworldwide.eu/,,,NON_RESOLUE,aucun ATS détecté sur le site
hööks hästsport,https://www.hooks.se/,,,NON_RESOLUE,aucun ATS détecté sur le site
i pekar,https://ildipekar.com/,,,NON_RESOLUE,aucun ATS détecté sur le site
jascha stockholm,https://www.jascha.se/,,,NON_RESOLUE,site en erreur au probe
jeffrey campbell,https://jeffreycampbellshoes.com/,,,NON_RESOLUE,aucun ATS détecté sur le site
in the style,https://www.inthestyle.com/,,,NON_RESOLUE,aucun ATS détecté sur le site
eytys,https://eytys.com/,,,NON_RESOLUE,aucun ATS détecté sur le site
iro,https://www.iroparis.com/,,,NON_RESOLUE,aucun ATS détecté sur le site
jimmy key,https://www.jimmykey.com/,,,NON_RESOLUE,aucun ATS détecté sur le site
isabee,https://isabee.co.uk/,,,NON_RESOLUE,aucun ATS détecté sur le site
jostar online,https://jostaronline.com/,,,NON_RESOLUE,aucun ATS détecté sur le site
hechter paris,https://www.daniel-hechter.fr/,,,NON_RESOLUE,aucun ATS détecté sur le site
goorin bros,https://www.goorin.com/,,,NON_RESOLUE,aucun ATS détecté sur le site
glosslab  llc,http://glosslab.com/,,,NON_RESOLUE,aucun ATS détecté sur le site
huna skin inc,https://www.hunaskin.com/,,,NON_RESOLUE,site en erreur au probe
ichcha,http://www.ichcha.com/,,,NON_RESOLUE,aucun ATS détecté sur le site
giordano colors,http://www.giordanocolors.com/,,,NON_RESOLUE,aucun ATS détecté sur le site
hxtn supply,https://www.hxtnsupply.com/,,,NON_RESOLUE,aucun ATS détecté sur le site
i.am.gia,https://iamgia.com/,,,NON_RESOLUE,aucun ATS détecté sur le site
h. stern,https://www.hstern.com.br/,,,NON_RESOLUE,aucun ATS détecté sur le site
initio,https://initioparfums.com/,,,NON_RESOLUE,aucun ATS détecté sur le site
hiruna designs,http://www.hirunadesigns.com/,,,NON_RESOLUE,aucun ATS détecté sur le site
jilly designs,https://www.jillydesigns.com/,,,NON_RESOLUE,aucun ATS détecté sur le site
johnny bigg,https://www.johnnybigg.com.au/nz,,,NON_RESOLUE,aucun ATS détecté sur le site
heyanno,https://mosmosh.com/,,,NON_RESOLUE,site en erreur au probe
haruyama,http://www.haruyama.co.jp/,,,NON_RESOLUE,aucun ATS détecté sur le site
hla,http://www.hla.com/website/brand.html,,,NON_RESOLUE,aucun ATS détecté sur le site
fisch,https://fischswim.com/,,,NON_RESOLUE,aucun ATS détecté sur le site
l'atelier d'amaya,https://atelier-amaya.com/fr/,,,NON_RESOLUE,site en erreur au probe
gary mash,https://www.garymash.com/,,,NON_RESOLUE,aucun ATS détecté sur le site
iles formula,http://ilesformula.com/,,,NON_RESOLUE,aucun ATS détecté sur le site
gauge81,https://gauge81.com/,,,NON_RESOLUE,aucun ATS détecté sur le site
huffer,http://www.huffer.co.nz/,,,NON_RESOLUE,site en erreur au probe
hempy's,https://hempys.com/,,,NON_RESOLUE,aucun ATS détecté sur le site
gray matters,https://www.graymattersnyc.com/,,,NON_RESOLUE,aucun ATS détecté sur le site
globe,https://au.globebrand.com/,,,NON_RESOLUE,aucun ATS détecté sur le site
heydude,https://heydude.nl/,,,NON_RESOLUE,aucun ATS détecté sur le site
jb skrub,http://www.jbskrub.com/,,,NON_RESOLUE,aucun ATS détecté sur le site
jones new york,http://www.jny.com/,,,NON_RESOLUE,aucun ATS détecté sur le site
jamie kay,https://jamiekay.co.nz/,,,NON_RESOLUE,aucun ATS détecté sur le site
items14,https://www.items14.com/,,,NON_RESOLUE,aucun ATS détecté sur le site
king & tuckfield,https://kingandtuckfield.com/,,,NON_RESOLUE,aucun ATS détecté sur le site
g'loss,https://gloss.gl/,,,NON_RESOLUE,aucun ATS détecté sur le site
john richmond sport,https://www.johnrichmond.com/,,,NON_RESOLUE,aucun ATS détecté sur le site
homie,https://homie.com.au/,,,NON_RESOLUE,aucun ATS détecté sur le site
la new international,https://www.lanew.com.tw/,,,NON_RESOLUE,aucun ATS détecté sur le site
justine clenquet,https://www.justineclenquet.com/,,,NON_RESOLUE,aucun ATS détecté sur le site
geographical norway,https://www.geographicalnorway-shop.es/en,,,NON_RESOLUE,aucun ATS détecté sur le site
jennifer behr,https://www.jenniferbehr.com/,,,NON_RESOLUE,site en erreur au probe
jcpenney,https://www.jcpenney.com/,,,NON_RESOLUE,aucun ATS détecté sur le site
falconeri,https://www.falconeri.com/,,,NON_RESOLUE,aucun ATS détecté sur le site
glowell,https://glowell.com/,,,NON_RESOLUE,aucun ATS détecté sur le site
gray label,https://gray-label.com/,,,NON_RESOLUE,aucun ATS détecté sur le site
idolbeauty,https://www.idolbeauty.com.mx/,,,NON_RESOLUE,aucun ATS détecté sur le site
itkori,https://itkori.com/,,,NON_RESOLUE,aucun ATS détecté sur le site
hexeline,https://hexe.com.pl/,,,NON_RESOLUE,aucun ATS détecté sur le site
histoire d'or,https://www.histoiredor.com/,,,NON_RESOLUE,aucun ATS détecté sur le site
hanae mori,https://www.hanae-mori.com/,,,NON_RESOLUE,aucun ATS détecté sur le site
grisport,https://www.grisport.it/,,,NON_RESOLUE,aucun ATS détecté sur le site
indiarts collective,https://www.indiartscollective.com/,,,NON_RESOLUE,aucun ATS détecté sur le site
icicle,https://eu.icicle.com/en/,,,NON_RESOLUE,aucun ATS détecté sur le site
j.c. rags,https://jcrags.com/,,,NON_RESOLUE,aucun ATS détecté sur le site
gijs,https://www.gijsschoenen.nl/,,,NON_RESOLUE,aucun ATS détecté sur le site
helena lane skincare,http://www.helenalane.com/,,,NON_RESOLUE,site en erreur au probe
joyerías bizzarro,https://www.joyeriasbizzarro.com/,,,NON_RESOLUE,aucun ATS détecté sur le site
infinite beauti holistic wellness,http://www.ibh.earth/,,,NON_RESOLUE,aucun ATS détecté sur le site
golden rose cosmetics,https://goldenrose.nl/,,,NON_RESOLUE,aucun ATS détecté sur le site
green ice,https://www.greenice.be/,,,NON_RESOLUE,aucun ATS détecté sur le site
ionessi,http://ionessi.ru/,,,NON_RESOLUE,aucun ATS détecté sur le site
familiar,https://familiar.co.jp/,,,NON_RESOLUE,aucun ATS détecté sur le site
healthknit,https://healthknit.shop-pro.jp/,,,NON_RESOLUE,aucun ATS détecté sur le site
innocentia,https://innocentia.com/,,,NON_RESOLUE,aucun ATS détecté sur le site
hirmer,http://www.hirmer.de/,,,NON_RESOLUE,aucun ATS détecté sur le site
golden hour botanicals,https://goldenhourbotanicals.com/,,,NON_RESOLUE,aucun ATS détecté sur le site
honey punch,https://www.myhoneypunch.com/,,,NON_RESOLUE,aucun ATS détecté sur le site
josette la chouette,http://www.josette-la-chouette.fr/,,,NON_RESOLUE,aucun ATS détecté sur le site
isleñas,https://lasislenas.com/,,,NON_RESOLUE,aucun ATS détecté sur le site
jaline resort,https://jalineresort.com/,,,NON_RESOLUE,aucun ATS détecté sur le site
kaal,https://kaal.store/,,,NON_RESOLUE,aucun ATS détecté sur le site
indicode jeans,https://www.indicodejeans.dk/,,,NON_RESOLUE,aucun ATS détecté sur le site
j.r. watkins,https://www.jrwatkins.com/,,,NON_RESOLUE,aucun ATS détecté sur le site
junk de luxe,https://www.junkdeluxe.com/,,,NON_RESOLUE,aucun ATS détecté sur le site
lamunt,https://www.lamunt.com/,,,NON_RESOLUE,site en erreur au probe
honest basics,https://www.honest-basics.com/?oid=89&affid=1&source_id=GoY-rating&sub1=brandpage,,,NON_RESOLUE,aucun ATS détecté sur le site
kone,https://online.satoseni.com/collections/gea-kone,,,NON_RESOLUE,aucun ATS détecté sur le site
hollybeth organics,http://www.hollybethorganics.com/,,,NON_RESOLUE,site en erreur au probe
guests on earth,http://www.guestsonearth.com/,,,NON_RESOLUE,aucun ATS détecté sur le site
imean beauty,http://imeanbeauty.com/,,,NON_RESOLUE,aucun ATS détecté sur le site
iredale cosmetics  inc.,http://www.janeiredale.com/,,,NON_RESOLUE,aucun ATS détecté sur le site
lash affair,https://lashaffair.com/,,,NON_RESOLUE,aucun ATS détecté sur le site
jets by jessika allen,https://www.jets.com.au/,,,NON_RESOLUE,aucun ATS détecté sur le site
flourea beauty,http://www.flourea.com/,,,NON_RESOLUE,aucun ATS détecté sur le site
fenalt,https://www.fenalt.com/,,,NON_RESOLUE,aucun ATS détecté sur le site
ganter,https://www.ganter-shoes.com/,,,NON_RESOLUE,site en erreur au probe
gilchrist & soames,http://www.gilchristsoames.com/home,,,NON_RESOLUE,aucun ATS détecté sur le site
jazmine beauty,https://jazminebeauty.com/,,,NON_RESOLUE,aucun ATS détecté sur le site
juwelier van koningsbruggen,https://juweliervankoningsbruggen.nl/,,,NON_RESOLUE,aucun ATS détecté sur le site
innové beauty & wellness,https://sunless.com/,,,NON_RESOLUE,aucun ATS détecté sur le site
gu,https://www.gu-global.com/,,,NON_RESOLUE,site en erreur au probe
homeboy,https://www.homeboy.eu/,,,NON_RESOLUE,aucun ATS détecté sur le site
intrend,https://www.intrend.it/,,,NON_RESOLUE,site en erreur au probe
ilse jacobsen hornbæk,https://www.ilsejacobsen.com/,,,NON_RESOLUE,aucun ATS détecté sur le site
jockey,https://jockey.eu/,,,NON_RESOLUE,aucun ATS détecté sur le site
jochie international,https://www.jochie-freaks.com/,,,NON_RESOLUE,aucun ATS détecté sur le site
gymboree,http://www.gymboree.com/,,,NON_RESOLUE,aucun ATS détecté sur le site
gemsthetix,https://gemsthetix.com/,,,NON_RESOLUE,aucun ATS détecté sur le site
izac,https://izac.fr/,,,NON_RESOLUE,site en erreur au probe
götzburg,https://www.goetzburg.com/,,,NON_RESOLUE,aucun ATS détecté sur le site
joop!,https://joop.com/lt/en/,,,NON_RESOLUE,aucun ATS détecté sur le site
gleam,http://mygleam.com/,,,NON_RESOLUE,aucun ATS détecté sur le site
hatemoğlu,https://www.hatemoglu.com/,,,NON_RESOLUE,aucun ATS détecté sur le site
infantium victoria,https://www.infantiumvictoria.com/?oid=11&affid=1&source_id=GoY-rating&sub1=brandpage,,,NON_RESOLUE,aucun ATS détecté sur le site
halpern,http://halpernstudio.com/,,,NON_RESOLUE,aucun ATS détecté sur le site
inuovo,https://inuovo.com/,,,NON_RESOLUE,aucun ATS détecté sur le site
ivory & chain,https://ivoryandchain.com/,,,NON_RESOLUE,aucun ATS détecté sur le site
halsduk by esmee,https://www.halsdukbyesmee.nl/,,,NON_RESOLUE,aucun ATS détecté sur le site
krochet kids,https://www.krochetkids.org/,,,NON_RESOLUE,aucun ATS détecté sur le site
kalamargam,https://kalamargam.com/,,,NON_RESOLUE,aucun ATS détecté sur le site
italia independent group,http://www.italiaindependentgroup.com/,,,NON_RESOLUE,aucun ATS détecté sur le site
kaplan md beverly hills,http://www.kaplanmd.com/,,,NON_RESOLUE,aucun ATS détecté sur le site
hickies,https://www.hickies.com/,,,NON_RESOLUE,aucun ATS détecté sur le site
footkorner,https://www.footkorner.com/,,,NON_RESOLUE,aucun ATS détecté sur le site
hsunamï,https://www.hsunamii.com/,,,NON_RESOLUE,aucun ATS détecté sur le site
fioboc,https://www.fioboc.com/,,,NON_RESOLUE,aucun ATS détecté sur le site
hakodate marui imai,https://www.maruiimai.mistore.jp/hakodate.html,,,NON_RESOLUE,site en erreur au probe
justbagzz,https://justbagzz.co.uk/,,,NON_RESOLUE,aucun ATS détecté sur le site
huajian group,http://www.huajiangroup.com/,,,NON_RESOLUE,aucun ATS détecté sur le site
kaai,https://shop.kaai.eu/,,,NON_RESOLUE,aucun ATS détecté sur le site
gray away,https://www.grayaway.com/,,,NON_RESOLUE,aucun ATS détecté sur le site
h4,https://www.h4.com.tr/,,,NON_RESOLUE,aucun ATS détecté sur le site
law of the sea,https://www.lawofthesea.com/,,,NON_RESOLUE,aucun ATS détecté sur le site
hot lava,https://www.hotlava.nl/,,,NON_RESOLUE,aucun ATS détecté sur le site
hanshin department store umeda main store,https://www.hanshin-dept.jp/hshonten/,,,NON_RESOLUE,aucun ATS détecté sur le site
intimissimi uomo,https://www.intimissimi.com/uk/men/,,,NON_RESOLUE,aucun ATS détecté sur le site
gola,https://www.gola.co.uk/,,,NON_RESOLUE,aucun ATS détecté sur le site
fern & petal,https://fernandpetal.ca/,,,NON_RESOLUE,aucun ATS détecté sur le site
gianni lupo,https://www.giannilupo.it/,,,NON_RESOLUE,site en erreur au probe
heavenly feet,https://www.heavenlyfeet.co.uk/,,,NON_RESOLUE,aucun ATS détecté sur le site
jack in a bag,https://www.jackinabag.eu/,,,NON_RESOLUE,aucun ATS détecté sur le site
happy spritz,https://happyspritz.com/,,,NON_RESOLUE,aucun ATS détecté sur le site
jordache,http://www.jordache.com/,,,NON_RESOLUE,aucun ATS détecté sur le site
j.laurant,https://jlaurant.com/,,,NON_RESOLUE,aucun ATS détecté sur le site
flora 1761,https://flora1761.com/,,,NON_RESOLUE,aucun ATS détecté sur le site
four roses,https://fourroses.be/,,,NON_RESOLUE,aucun ATS détecté sur le site
jiusuiban,http://www.jiusuiban.com/,,,NON_RESOLUE,site en erreur au probe
greenbomb,https://greenbomb.de/,,,NON_RESOLUE,site en erreur au probe
goa goa,https://www.goagoa.it/,,,NON_RESOLUE,aucun ATS détecté sur le site
kask,https://www.kask.com/,,,NON_RESOLUE,aucun ATS détecté sur le site
jo ghost,https://www.joghost.com/,,,NON_RESOLUE,aucun ATS détecté sur le site
js watch reykjavík,https://www.jswatch.com/,,,NON_RESOLUE,aucun ATS détecté sur le site
hobbs london,https://www.hobbs.com/,,,NON_RESOLUE,site en erreur au probe
karen walker,https://www.karenwalker.com/,,,NON_RESOLUE,aucun ATS détecté sur le site
grovana watch,https://www.grovana.ch/,,,NON_RESOLUE,aucun ATS détecté sur le site
harry lary's,http://www.harrylarys.com/,,,NON_RESOLUE,aucun ATS détecté sur le site
huron,https://usehuron.com/,,,NON_RESOLUE,aucun ATS détecté sur le site
happy shorts,https://www.happyshorts.com/,,,NON_RESOLUE,aucun ATS détecté sur le site
hotmilk lingerie,https://www.hotmilklingerie.com/,,,NON_RESOLUE,aucun ATS détecté sur le site
indie lee & co.,http://indielee.com/,,,NON_RESOLUE,site en erreur au probe
junya watanabe,http://www.comme-des-garcons.com/,,,NON_RESOLUE,aucun ATS détecté sur le site
janice,https://www.janice.nl/,,,NON_RESOLUE,aucun ATS détecté sur le site
harvey norman,https://harveynorman.com.au/,,,NON_RESOLUE,aucun ATS détecté sur le site
good weird,https://goodweird.com/,,,NON_RESOLUE,aucun ATS détecté sur le site
girlfriend collective,https://www.girlfriend.com/,,,NON_RESOLUE,aucun ATS détecté sur le site
hoodrich,https://hoodrichofficials.uk/,,,NON_RESOLUE,aucun ATS détecté sur le site
harwell godfrey,https://www.harwellgodfrey.com/,,,NON_RESOLUE,aucun ATS détecté sur le site
juan-jo gallery,https://juan-jo.com/,,,NON_RESOLUE,aucun ATS détecté sur le site
hemptique,https://hemptique.com/,,,NON_RESOLUE,aucun ATS détecté sur le site
ireri,https://ireri.it/,,,NON_RESOLUE,aucun ATS détecté sur le site
johshuya,http://www.johshuya.co.jp/,,,NON_RESOLUE,site en erreur au probe
husky cz,https://www.huskycz.cz/,,,NON_RESOLUE,aucun ATS détecté sur le site
kytone,https://www.kytone.com/,,,NON_RESOLUE,aucun ATS détecté sur le site
jon josef,https://www.jonjosef.com/,,,NON_RESOLUE,aucun ATS détecté sur le site
folk,https://www.folkclothing.com/,,,NON_RESOLUE,aucun ATS détecté sur le site
kempa,https://www.kempa-sports.com/,,,NON_RESOLUE,aucun ATS détecté sur le site
fiorelli,https://www.fiorelli.com/,,,NON_RESOLUE,aucun ATS détecté sur le site
hummel international,https://www.hummel.net/,,,NON_RESOLUE,aucun ATS détecté sur le site
hunter,https://www.hunterboots.com/,,,NON_RESOLUE,aucun ATS détecté sur le site
inoue,https://www.inouedp.co.jp/,,,NON_RESOLUE,aucun ATS détecté sur le site
heart and soul,https://www.heartandsoulstyle.it/,,,NON_RESOLUE,aucun ATS détecté sur le site
jeff,https://jeff.be/,,,NON_RESOLUE,aucun ATS détecté sur le site
isaia,http://www.isaia.it/,,,NON_RESOLUE,aucun ATS détecté sur le site
grandoptical,https://www.grandoptical.pt/,,,NON_RESOLUE,aucun ATS détecté sur le site
katkim,https://katkimfinejewelry.com/,,,NON_RESOLUE,aucun ATS détecté sur le site
hestra,https://hestragloves.com/,,,NON_RESOLUE,aucun ATS détecté sur le site
isetan,https://isetan.mistore.jp/store/,,,NON_RESOLUE,site en erreur au probe
handred studio,https://www.handred.com.br/,,,NON_RESOLUE,aucun ATS détecté sur le site
kantha bae,https://kanthabae.com/,,,NON_RESOLUE,aucun ATS détecté sur le site
ice online,https://iceonline.com.au/,,,NON_RESOLUE,aucun ATS détecté sur le site
good for sunday,https://goodforsunday.com/,,,NON_RESOLUE,aucun ATS détecté sur le site
jacquie aiche,https://jacquieaiche.com/,,,NON_RESOLUE,aucun ATS détecté sur le site
jvn hair,https://jvnhair.com/,,,NON_RESOLUE,aucun ATS détecté sur le site
helly hansen japan,https://www.goldwin.co.jp/hellyhansen/,,,NON_RESOLUE,site en erreur au probe
guacamole,https://www.guacamole.jp/,,,NON_RESOLUE,aucun ATS détecté sur le site
jovoy,https://www.jovoyparis.com/en/,,,NON_RESOLUE,aucun ATS détecté sur le site
legends,https://www.legends.dk/,,,NON_RESOLUE,aucun ATS détecté sur le site
hear me raw,http://hearmeraw.com/,,,NON_RESOLUE,aucun ATS détecté sur le site
ivylee copenhagen,https://ivyleecopenhagen.com/,,,NON_RESOLUE,aucun ATS détecté sur le site
helzberg diamonds,https://www.helzberg.com/,,,NON_RESOLUE,aucun ATS détecté sur le site
ibana,https://www.ibana.nl/,,,NON_RESOLUE,aucun ATS détecté sur le site
la ligne,https://lalignenyc.com/,,,NON_RESOLUE,aucun ATS détecté sur le site
florame,http://www.florame.com/,,,NON_RESOLUE,aucun ATS détecté sur le site
irevedì,https://www.irevedi.com/,,,NON_RESOLUE,aucun ATS détecté sur le site
harem pants,https://www.harempants.com/,,,NON_RESOLUE,aucun ATS détecté sur le site
jam clothing,https://jamclothing.co.za/,,,NON_RESOLUE,site en erreur au probe
karoline vitto,https://karolinevitto.com/,,,NON_RESOLUE,aucun ATS détecté sur le site
jurlique,https://jurlique.com/,,,NON_RESOLUE,aucun ATS détecté sur le site
junarose,http://junarose.com/,,,NON_RESOLUE,aucun ATS détecté sur le site
jott,https://justoverthetop.com/,,,NON_RESOLUE,aucun ATS détecté sur le site
huella,https://www.huellabeauty.com/,,,NON_RESOLUE,aucun ATS détecté sur le site
i was a sari,https://iwasasari.com/?oid=272&affid=1&source_id=GoY-rating&sub1=brandpage,,,NON_RESOLUE,aucun ATS détecté sur le site
jean perret,http://www.jeanperret.ch/,,,NON_RESOLUE,aucun ATS détecté sur le site
jb greek,http://www.justbubbly.com/,,,NON_RESOLUE,aucun ATS détecté sur le site
il makiage,https://www.ilmakiage.com/,,,NON_RESOLUE,aucun ATS détecté sur le site
jasper hearts wren,http://www.jasperheartswren.com/,,,NON_RESOLUE,aucun ATS détecté sur le site
jack59,https://www.jack59.ca/,,,NON_RESOLUE,aucun ATS détecté sur le site
kired,https://www.kired.it/,,,NON_RESOLUE,aucun ATS détecté sur le site
hema,https://www.hema.nl/,,,NON_RESOLUE,aucun ATS détecté sur le site
glotto,https://glottobrand.com/,,,NON_RESOLUE,aucun ATS détecté sur le site
goldsmiths,https://www.goldsmiths.co.uk/,,,NON_RESOLUE,aucun ATS détecté sur le site
italyshop24,https://www.italyshop24.com/,,,NON_RESOLUE,aucun ATS détecté sur le site
lerora,https://lerora.nl/,,,NON_RESOLUE,site en erreur au probe
h2o,https://h2o-sportswear.com/,,,NON_RESOLUE,site en erreur au probe
italianbeltcompany,https://italianbeltcompany.co.uk/,,,NON_RESOLUE,aucun ATS détecté sur le site
ikuko,https://www.ikuko.co.jp/#collection?utm_source=GoodOnYou%20App&utm_medium=Referral,,,NON_RESOLUE,aucun ATS détecté sur le site
kali shoes,https://kalishoes.it/,,,NON_RESOLUE,aucun ATS détecté sur le site
frilliance,http://www.frilliance.com/,,,NON_RESOLUE,aucun ATS détecté sur le site
lewis leathers,http://www.lewisleathers.com/,,,NON_RESOLUE,aucun ATS détecté sur le site
jennifer ritz,https://www.jenniferritz.com/,,,NON_RESOLUE,aucun ATS détecté sur le site
jutelaune,https://www.jutelaune.com/,,,NON_RESOLUE,aucun ATS détecté sur le site
ivko woman,https://ivko.com/,,,NON_RESOLUE,aucun ATS détecté sur le site
laline,https://laline.ca/,,,NON_RESOLUE,aucun ATS détecté sur le site
juul & belle,https://juulbelle.com/,,,NON_RESOLUE,aucun ATS détecté sur le site
gudi home,https://gudihome.pl/,,,NON_RESOLUE,aucun ATS détecté sur le site
juvia,https://www.juvia.com/,,,NON_RESOLUE,aucun ATS détecté sur le site
herth,https://byherth.com/?oid=228&affid=1&source_id=GoY-rating&sub1=brandpage,,,NON_RESOLUE,aucun ATS détecté sur le site
handētizer,https://handetizer.com/,,,NON_RESOLUE,aucun ATS détecté sur le site
inked by dani,http://www.inkedbydani.com/,,,NON_RESOLUE,aucun ATS détecté sur le site
hipanema,https://hipanema.com/,,,NON_RESOLUE,aucun ATS détecté sur le site
koröshi,https://www.koroshishop.com/,,,NON_RESOLUE,aucun ATS détecté sur le site
liger,https://www.thisisliger.com/,,,NON_RESOLUE,aucun ATS détecté sur le site
hvman chosen to prevail,https://hvmanchosentoprevail.com/,,,NON_RESOLUE,aucun ATS détecté sur le site
jan-jan van essche,https://www.janjanvanessche.com/,,,NON_RESOLUE,aucun ATS détecté sur le site
in the soulshine,https://inthesoulshine.com/,,,NON_RESOLUE,aucun ATS détecté sur le site
hilde soliani,https://hildesoliani.com/,,,NON_RESOLUE,aucun ATS détecté sur le site
hazzys,https://www.hazzys.com/,,,NON_RESOLUE,aucun ATS détecté sur le site
j.o. milano,http://www.jomilano.it/,,,NON_RESOLUE,aucun ATS détecté sur le site
harem london,https://www.haremlondon.com/,,,NON_RESOLUE,aucun ATS détecté sur le site
h.a. brieger,https://dzintars.lv/,,,NON_RESOLUE,aucun ATS détecté sur le site
kobe hankyu,https://www.hankyu-dept.co.jp/kobe/,,,NON_RESOLUE,aucun ATS détecté sur le site
héroïnes paris,https://www.heroines.fr/,,,NON_RESOLUE,aucun ATS détecté sur le site
kehleia,https://kehleia.com/,,,NON_RESOLUE,aucun ATS détecté sur le site
jivanas,https://www.jivanas.com/,,,NON_RESOLUE,aucun ATS détecté sur le site
gorg,https://gorgstore.com/,,,NON_RESOLUE,aucun ATS détecté sur le site
hattric,https://www.hattric.de/,,,NON_RESOLUE,aucun ATS détecté sur le site
katy perry,https://www.katyperrycollections.com/,,,NON_RESOLUE,aucun ATS détecté sur le site
jack henry,https://jackhenry.co/,,,NON_RESOLUE,aucun ATS détecté sur le site
ichi,https://www.ichi.biz/,,,NON_RESOLUE,aucun ATS détecté sur le site
fortae,http://yourfortae.com/,,,NON_RESOLUE,aucun ATS détecté sur le site
hanalei,http://www.hanaleicompany.com/,,,NON_RESOLUE,aucun ATS détecté sur le site
kilomet109,https://www.kilomet109.com/,,,NON_RESOLUE,aucun ATS détecté sur le site
kickers,https://www.kickers.co.uk/,,,NON_RESOLUE,aucun ATS détecté sur le site
heliot emil,https://heliotemil.com/collections/view-all,,,NON_RESOLUE,aucun ATS détecté sur le site
green bee botanicals,https://greenbeebotanicals.com/,,,NON_RESOLUE,aucun ATS détecté sur le site
jeanerica,https://jeanerica.com/,,,NON_RESOLUE,aucun ATS détecté sur le site
isla ibiza,https://www.islaibizabonita.com/,,,NON_RESOLUE,aucun ATS détecté sur le site
kerosene,https://www.houseofkerosene.com/,,,NON_RESOLUE,aucun ATS détecté sur le site
hering,https://ciahering.com.br/,,,NON_RESOLUE,aucun ATS détecté sur le site
jax & bard shoes,https://jaxandbard.shoes/,,,NON_RESOLUE,aucun ATS détecté sur le site
jerem,https://www.jerem.com/en/,,,NON_RESOLUE,aucun ATS détecté sur le site
lara di gianni,https://www.laradigianni.com/,,,NON_RESOLUE,aucun ATS détecté sur le site
fuza wool of denmark,https://www.fuzawool.com/,,,NON_RESOLUE,aucun ATS détecté sur le site
grizas,https://grizas.com/,,,NON_RESOLUE,aucun ATS détecté sur le site
kultivate,https://www.kultivate.com/,,,NON_RESOLUE,aucun ATS détecté sur le site
kiniki,https://www.kiniki.com/,,,NON_RESOLUE,aucun ATS détecté sur le site
kimkris beauty,http://kimkrisbeauty.com/,,,NON_RESOLUE,aucun ATS détecté sur le site
gunda hafner,https://www.gundahafner.com/,,,NON_RESOLUE,aucun ATS détecté sur le site
hot tools,https://www.hottools.com/,,,NON_RESOLUE,aucun ATS détecté sur le site
hēdoïne,https://www.hedoine.com/,,,NON_RESOLUE,aucun ATS détecté sur le site
hardy brothers,https://www.hardybrothers.com.au/,,,NON_RESOLUE,aucun ATS détecté sur le site
french farmacie,http://frenchfarmacie.com/,,,NON_RESOLUE,aucun ATS détecté sur le site
frapp,https://www.via-appia-mode.com/,,,NON_RESOLUE,aucun ATS détecté sur le site
invidia,https://invidia1973.com/,,,NON_RESOLUE,site en erreur au probe
jones,https://www.jones-fashion.com/,,,NON_RESOLUE,aucun ATS détecté sur le site
j.m. weston,https://eu.jmweston.com/,,,NON_RESOLUE,aucun ATS détecté sur le site
horus x,https://horus-x.com/,,,NON_RESOLUE,site en erreur au probe
l'envers,https://www.lenversfashion.com/,,,NON_RESOLUE,aucun ATS détecté sur le site
laura elizabeth jewelry,https://www.lauraelizabethjewelry.com/,,,NON_RESOLUE,aucun ATS détecté sur le site
hatley,https://www.hatley.com/,,,NON_RESOLUE,aucun ATS détecté sur le site
jill by jill stuart,http://www.jillbyjillstuart.jp/,,,NON_RESOLUE,aucun ATS détecté sur le site
hilary macmillan,https://www.hilarymacmillan.com/,,,NON_RESOLUE,aucun ATS détecté sur le site
gabe's,https://www.gabesstores.com/,,,NON_RESOLUE,aucun ATS détecté sur le site
k+k schuh-center,https://www.k-und-k-schuhcenter.de/,,,NON_RESOLUE,aucun ATS détecté sur le site
jo malone,https://www.jomalone.ru/,,,NON_RESOLUE,site en erreur au probe
j&joy,https://jandjoy.com/,,,NON_RESOLUE,aucun ATS détecté sur le site
hunkemöller,https://www.hunkemoller.nl/,,,NON_RESOLUE,aucun ATS détecté sur le site
h samuel,https://www.hsamuel.co.uk/,,,NON_RESOLUE,aucun ATS détecté sur le site
humble chic,https://www.humblechic.com/,,,NON_RESOLUE,aucun ATS détecté sur le site
hide&jack,https://hideandjack.com/,,,NON_RESOLUE,aucun ATS détecté sur le site
halada,https://www.halada.cz/,,,NON_RESOLUE,aucun ATS détecté sur le site
kaimana,http://kaimana.shop/,,,NON_RESOLUE,aucun ATS détecté sur le site
jewelina,https://www.jewelina.de/,,,NON_RESOLUE,aucun ATS détecté sur le site
hann jewelry,https://www.hannjewelry.com/,,,NON_RESOLUE,aucun ATS détecté sur le site
lita by ciara,https://thehouseoflrc.com/pages/lita-by-ciara,,,NON_RESOLUE,aucun ATS détecté sur le site
holding court,https://holdingcourtinc.com/?_ef_transaction_id=&oid=378&affid=1,,,NON_RESOLUE,aucun ATS détecté sur le site
ivy & elder,https://ivyandelder.com/,,,NON_RESOLUE,aucun ATS détecté sur le site
heavy tools,https://www.heavytools.sk/,,,NON_RESOLUE,aucun ATS détecté sur le site
gazur,https://gazur.de/en,,,NON_RESOLUE,aucun ATS détecté sur le site
hanson skincare,http://hansonskincare.com/,,,NON_RESOLUE,aucun ATS détecté sur le site
kjaer weis,https://kjaerweis.com/,,,NON_RESOLUE,site en erreur au probe
fonem,https://fonemeurope.com/,,,NON_RESOLUE,aucun ATS détecté sur le site
jacksons,http://www.jacksonsofreading.co.uk/,,,NON_RESOLUE,aucun ATS détecté sur le site
i luv it,http://www.iluvit.ca/,,,NON_RESOLUE,aucun ATS détecté sur le site
illumia skincare products,http://illumiaproducts.com/,,,NON_RESOLUE,aucun ATS détecté sur le site
joie,https://www.joie.com/,,,NON_RESOLUE,aucun ATS détecté sur le site
le labo,https://www.lelabofragrances.com/,,,NON_RESOLUE,aucun ATS détecté sur le site
julietè skin rituals,https://julieteskin.com/,,,NON_RESOLUE,aucun ATS détecté sur le site
la perla,https://www.laperla.com/,,,NON_RESOLUE,aucun ATS détecté sur le site
iheart,https://www.iheart.de/,,,NON_RESOLUE,aucun ATS détecté sur le site
jamnatura,http://www.jamnatura.com/,,,NON_RESOLUE,aucun ATS détecté sur le site
hey honey,http://www.heyhoney.com/,,,NON_RESOLUE,aucun ATS détecté sur le site
gessica albu,https://www.gessicaalbu.com/,,,NON_RESOLUE,aucun ATS détecté sur le site
hamza,https://hamza.ro/,,,NON_RESOLUE,aucun ATS détecté sur le site
jbs,https://www.jbs.dk/,,,NON_RESOLUE,aucun ATS détecté sur le site
kapok knot,https://kapok-knot.com/,,,NON_RESOLUE,aucun ATS détecté sur le site
kraemer-gruppe,https://juweliere-kraemer.de/,,,NON_RESOLUE,aucun ATS détecté sur le site
horlogerie viot,http://www.jbviot.fr/,,,NON_RESOLUE,aucun ATS détecté sur le site
hemptopia,https://www.hemptopia.com/,,,NON_RESOLUE,aucun ATS détecté sur le site
kitsch,http://www.mykitsch.com/,,,NON_RESOLUE,aucun ATS détecté sur le site
jessyline,https://www.efashion-paris.com/en/vendeurs/jessy-line-1688.html,,,NON_RESOLUE,aucun ATS détecté sur le site
jaggad,https://www.jaggad.com/,,,NON_RESOLUE,aucun ATS détecté sur le site
lee cooper,https://www.leecooper.com/,,,NON_RESOLUE,aucun ATS détecté sur le site
jj footwear,https://www.jjfootwear.nl/,,,NON_RESOLUE,aucun ATS détecté sur le site
highciti,https://highciti.com/,,,NON_RESOLUE,aucun ATS détecté sur le site
idle,https://beidle.co/,,,NON_RESOLUE,aucun ATS détecté sur le site
jantzen,https://jantzen.com/,,,NON_RESOLUE,aucun ATS détecté sur le site
hempz,http://www.hempz.com/,,,NON_RESOLUE,aucun ATS détecté sur le site
immortal perfumes,https://www.immortalperfumes.com/,,,NON_RESOLUE,aucun ATS détecté sur le site
gxg,https://www.gxggroup.com/,,,NON_RESOLUE,aucun ATS détecté sur le site
harry ritchie's,https://harryritchies.com/,,,NON_RESOLUE,aucun ATS détecté sur le site
hetty friedman designs,http://www.hettyfriedmandesigns.com/,,,NON_RESOLUE,aucun ATS détecté sur le site
jouer studios,https://jouerstudios.com/,,,NON_RESOLUE,aucun ATS détecté sur le site
karen kane,https://www.karenkane.com/,,,NON_RESOLUE,site en erreur au probe
jane lushka,https://janelushka.com/,,,NON_RESOLUE,aucun ATS détecté sur le site
live free,http://freelivingco.co/,,,NON_RESOLUE,aucun ATS détecté sur le site
hocosa,https://danishwool.com/collections/hocosa-of-switzerland-all-ages,,,NON_RESOLUE,site en erreur au probe
jean marc paris,https://jeanmarcparis.com/,,,NON_RESOLUE,aucun ATS détecté sur le site
kash,http://www.kash.it/,,,NON_RESOLUE,aucun ATS détecté sur le site
leo pizzo,https://www.leopizzo.com/,,,NON_RESOLUE,aucun ATS détecté sur le site
garrard,https://www.garrard.com/,,,NON_RESOLUE,aucun ATS détecté sur le site
joeone,https://www.joeone.cn/,,,NON_RESOLUE,aucun ATS détecté sur le site
foschini,https://www.foschini.co.za/,,,NON_RESOLUE,aucun ATS détecté sur le site
kokomo,https://www.kokomo-jewellery.com/,,,NON_RESOLUE,aucun ATS détecté sur le site
hunting season,https://www.hunting-season.com/,,,NON_RESOLUE,aucun ATS détecté sur le site
havu watches oy,https://www.havuwatches.com/,,,NON_RESOLUE,aucun ATS détecté sur le site
hardware,https://hardware-bags.de/,,,NON_RESOLUE,site en erreur au probe
infinitealoe,https://www.infinitealoe.com/,,,NON_RESOLUE,aucun ATS détecté sur le site
johann maria farina gegenüber dem jülichs-platz,http://www.farina1709.com/,,,NON_RESOLUE,aucun ATS détecté sur le site
hiroshima sogo,https://www.sogo-seibu.jp/hiroshima/,,,NON_RESOLUE,site en erreur au probe
jollity & co.,https://shopjollity.co/,,,NON_RESOLUE,aucun ATS détecté sur le site
hippirhino,https://hippirhino.com/,,,NON_RESOLUE,aucun ATS détecté sur le site
hoopers,http://www.hoopersstores.com/,,,NON_RESOLUE,site en erreur au probe
halonen,https://www.halonen.fi/,,,NON_RESOLUE,site en erreur au probe
jumperfabriken,https://www.jumperfabriken.se/,,,NON_RESOLUE,aucun ATS détecté sur le site
ladress,https://www.ladress.com/en/home/,,,NON_RESOLUE,site en erreur au probe
ile de beaute,http://iledebeaute.ru/,,,NON_RESOLUE,aucun ATS détecté sur le site
jeuneora,http://jeuneora.com/,,,NON_RESOLUE,aucun ATS détecté sur le site
jaxon lane,https://jaxonlane.com/,,,NON_RESOLUE,aucun ATS détecté sur le site
jovi rose skin,http://joviroseskin.com/,,,NON_RESOLUE,aucun ATS détecté sur le site
ikkho,https://www.ikkho.co/,,,NON_RESOLUE,aucun ATS détecté sur le site
jecca blac,https://jeccablac.com/,,,NON_RESOLUE,aucun ATS détecté sur le site
hume supernatural,https://humesupernatural.com/,,,NON_RESOLUE,aucun ATS détecté sur le site
kuwalla tee,https://kuwallatee.com/,,,NON_RESOLUE,aucun ATS détecté sur le site
just this - feminine care est 2024,http://wearejustthis.com/,,,NON_RESOLUE,aucun ATS détecté sur le site
jeffree star cosmetics,https://jeffreestarcosmetics.com/,,,NON_RESOLUE,aucun ATS détecté sur le site
joanna vargas,http://www.joannavargas.com/,,,NON_RESOLUE,aucun ATS détecté sur le site
glamorise,https://glamorise.com/,,,NON_RESOLUE,aucun ATS détecté sur le site
gentle monster,https://www.gentlemonster.com/,,,NON_RESOLUE,aucun ATS détecté sur le site
katharine hamnett,https://katharinehamnett.com/usd,,,NON_RESOLUE,aucun ATS détecté sur le site
koradior,http://www.koradior.com/,,,NON_RESOLUE,aucun ATS détecté sur le site
hat junkie,https://www.hatjunkie.com/,,,NON_RESOLUE,aucun ATS détecté sur le site
i̇ç giyim özel,https://www.icgiyimozel.com/,,,NON_RESOLUE,aucun ATS détecté sur le site
inuikii,https://www.inuikii.com/,,,NON_RESOLUE,aucun ATS détecté sur le site
lévans,http://levansbeauty.com/,,,NON_RESOLUE,aucun ATS détecté sur le site
joostricot,https://joostricot.com/,,,NON_RESOLUE,aucun ATS détecté sur le site
lancerto,https://www.lancerto.com/,,,NON_RESOLUE,aucun ATS détecté sur le site
journal standard,https://journal-standard.jp/,,,NON_RESOLUE,aucun ATS détecté sur le site
hey gang,https://theheygang.com/,,,NON_RESOLUE,aucun ATS détecté sur le site
isbjörn of sweden,https://www.isbjornofsweden.com/en,,,NON_RESOLUE,aucun ATS détecté sur le site
hbface,https://www.hbface.com/,,,NON_RESOLUE,aucun ATS détecté sur le site
irene luft,https://ireneluft.com/,,,NON_RESOLUE,aucun ATS détecté sur le site
homebody,https://homebody.co.uk/,,,NON_RESOLUE,aucun ATS détecté sur le site
lieblingsstück,https://www.lieblingsstueck.com/,,,NON_RESOLUE,aucun ATS détecté sur le site
in corio,https://www.incorio.com/,,,NON_RESOLUE,aucun ATS détecté sur le site
lojas renner,https://www.lojasrenner.com.br/,,,NON_RESOLUE,site en erreur au probe
italian fashion by guazzone,https://www.italianfashion.pl/,,,NON_RESOLUE,aucun ATS détecté sur le site
joeleen torvick,https://www.joeleentorvick.com/,,,NON_RESOLUE,aucun ATS détecté sur le site
hyde wares,https://www.hydewares.com/,,,NON_RESOLUE,aucun ATS détecté sur le site
jimmy choo,https://jimmychoo.com/,,,NON_RESOLUE,site en erreur au probe
latelita,https://www.latelita.com/,,,NON_RESOLUE,aucun ATS détecté sur le site
judydoll,https://judydoll.com/,,,NON_RESOLUE,aucun ATS détecté sur le site
jungkraut,https://jungkraut.ch/,,,NON_RESOLUE,aucun ATS détecté sur le site
just bite me,https://justbiteme.com/,,,NON_RESOLUE,aucun ATS détecté sur le site
hopeless lingerie,https://hopelesslingerie.com/,,,NON_RESOLUE,aucun ATS détecté sur le site
happy plant botanicals,https://happyplantbotanicals.com/,,,NON_RESOLUE,site en erreur au probe
lazarini,https://lazarini.eu/,,,NON_RESOLUE,aucun ATS détecté sur le site
gold palace,https://goldpalace.com/,,,NON_RESOLUE,aucun ATS détecté sur le site
gil bret,https://bettybarclay.com/,,,NON_RESOLUE,aucun ATS détecté sur le site
joremillinery,https://joremi.jimdofree.com/,,,NON_RESOLUE,aucun ATS détecté sur le site
kps essentials,http://www.kpsessentials.com/,,,NON_RESOLUE,aucun ATS détecté sur le site
kenny s.,https://www.kennys.de/,,,NON_RESOLUE,aucun ATS détecté sur le site
imperial riding,https://imperialriding.com/,,,NON_RESOLUE,aucun ATS détecté sur le site
hiroshima mitsukoshi,https://www.mitsukoshi.mistore.jp/hiroshima.html,,,NON_RESOLUE,site en erreur au probe
lorenzi,https://lorenzishoes.it/,,,NON_RESOLUE,aucun ATS détecté sur le site
ina kent,https://www.inakent.com/,,,NON_RESOLUE,aucun ATS détecté sur le site
jenny yoo,https://www.jennyyoo.com/,,,NON_RESOLUE,aucun ATS détecté sur le site
juvenia,http://www.juvenia.ch/,,,NON_RESOLUE,aucun ATS détecté sur le site
kaduy,http://www.kaduy.cn/,,,NON_RESOLUE,aucun ATS détecté sur le site
hotiç,https://www.hotic.com.tr/,,,NON_RESOLUE,aucun ATS détecté sur le site
herbivore botanicals,http://www.herbivorebotanicals.com/,,,NON_RESOLUE,aucun ATS détecté sur le site
juwelenkind,https://juwelenkindschmuck.com/,,,NON_RESOLUE,aucun ATS détecté sur le site
jiaoxia,https://official.beneunder.com/about,,,NON_RESOLUE,aucun ATS détecté sur le site
glamnetic,https://www.glamnetic.com/,,,NON_RESOLUE,aucun ATS détecté sur le site
la come di,https://www.lacomedi.com/,,,NON_RESOLUE,aucun ATS détecté sur le site
juwelier milena wilmsen,https://www.schmuck-shop.at/,,,NON_RESOLUE,aucun ATS détecté sur le site
jyoti - fair works,https://jyoti-fairworks.org/en?oid=9&affid=1&source_id=GoY-rating&sub1=brandpage,,,NON_RESOLUE,site en erreur au probe
furfur,https://furfurfur.jp/,,,NON_RESOLUE,site en erreur au probe
kualesa,https://kualesa.co/,,,NON_RESOLUE,aucun ATS détecté sur le site
i am skincare for men,http://iammencare.com/,,,NON_RESOLUE,aucun ATS détecté sur le site
ingreendients,https://ingreendients.com/,,,NON_RESOLUE,aucun ATS détecté sur le site
le temps des cerises,https://www.letempsdescerises.com/,,,NON_RESOLUE,aucun ATS détecté sur le site
ici paris xl,https://www.iciparisxl.lu/,,,NON_RESOLUE,site en erreur au probe
jones road beauty,http://jonesroadbeauty.com/,,,NON_RESOLUE,site en erreur au probe
limelife by alcone,http://www.limelifebyalcone.com/,,,NON_RESOLUE,aucun ATS détecté sur le site
kaft,https://www.kaft.com/,,,NON_RESOLUE,aucun ATS détecté sur le site
kuwaii,https://kuwaii.com.au/,,,NON_RESOLUE,aucun ATS détecté sur le site
kaos,https://www.itskaos.com/,,,NON_RESOLUE,aucun ATS détecté sur le site
homecourt,https://homecourt.co/,,,NON_RESOLUE,aucun ATS détecté sur le site
j label,https://www.jlabel.com/,,,NON_RESOLUE,aucun ATS détecté sur le site
gaëlle constantini,https://en.gaelleconstantini.com/,,,NON_RESOLUE,aucun ATS détecté sur le site
inman,http://www.inman.com.cn/,,,NON_RESOLUE,aucun ATS détecté sur le site
intimissimi,https://world.intimissimi.com/,,,NON_RESOLUE,aucun ATS détecté sur le site
julia june,https://www.juliajune.be/,,,NON_RESOLUE,aucun ATS détecté sur le site
jack london,https://shop.jacklondon.com.au/,,,NON_RESOLUE,site en erreur au probe
keikyu department store,https://www.keikyu-depart.com/,,,NON_RESOLUE,aucun ATS détecté sur le site
humanrace,https://www.humanrace.com/,,,NON_RESOLUE,aucun ATS détecté sur le site
kala fashion,https://www.kalafashion.de/,,,NON_RESOLUE,aucun ATS détecté sur le site
jw pei,https://www.jwpei.com/,,,NON_RESOLUE,aucun ATS détecté sur le site
inis meáin,https://inismeain.ie/,,,NON_RESOLUE,aucun ATS détecté sur le site
invicta,https://www.invicta.it/,,,NON_RESOLUE,aucun ATS détecté sur le site
louis vuitton,https://louisvuitton.com/,,,NON_RESOLUE,site en erreur au probe
goodee,https://www.goodeeworld.com/,,,NON_RESOLUE,aucun ATS détecté sur le site
leisure lab,https://theleisurelab.com/,,,NON_RESOLUE,aucun ATS détecté sur le site
kappa,https://www.kappa-shop.de/,,,NON_RESOLUE,aucun ATS détecté sur le site
idi clothing,https://idiclothing.com/,,,NON_RESOLUE,site en erreur au probe
hi-tec japan,https://www.hitec-footwear.com/,,,NON_RESOLUE,aucun ATS détecté sur le site
karine augis,https://karineaugis.com/,,,NON_RESOLUE,aucun ATS détecté sur le site
ilusión,https://www.ilusion.com/,,,NON_RESOLUE,aucun ATS détecté sur le site
just peachy,https://www.justpeachybasics.com/,,,NON_RESOLUE,aucun ATS détecté sur le site
jubitom,https://jubitom.com/,,,NON_RESOLUE,aucun ATS détecté sur le site
kastlfel,https://kastlfel.com/,,,NON_RESOLUE,aucun ATS détecté sur le site
hotsquash,https://www.hotsquash.com/,,,NON_RESOLUE,aucun ATS détecté sur le site
kilian,https://www.bykilian.com/,,,NON_RESOLUE,site en erreur au probe
jlo beauty,https://www.jlobeauty.com/,,,NON_RESOLUE,aucun ATS détecté sur le site
kiğılı,https://www.kigili.com/,,,NON_RESOLUE,aucun ATS détecté sur le site
gntl,https://gntlskin.com/,,,NON_RESOLUE,aucun ATS détecté sur le site
joyn,https://www.joynbags.com/,,,NON_RESOLUE,aucun ATS détecté sur le site
kampos,https://kampos.com/?oid=172&affid=1&source_id=GoY-rating&sub1=brandpage,,,NON_RESOLUE,aucun ATS détecté sur le site
kiton,https://kiton.com/,,,NON_RESOLUE,aucun ATS détecté sur le site
l'artisan parfumeur,http://www.artisanparfumeur.com/,,,NON_RESOLUE,aucun ATS détecté sur le site
granelito,https://granelito.com/,,,NON_RESOLUE,aucun ATS détecté sur le site
lovlife,https://weibo.com/u/6045039559,,,NON_RESOLUE,aucun ATS détecté sur le site
just bee queen,https://justbeequeen.com/,,,NON_RESOLUE,aucun ATS détecté sur le site
karen millen,https://www.karenmillen.com/,,,NON_RESOLUE,aucun ATS détecté sur le site
luke 1977,https://www.luke1977.com/,,,NON_RESOLUE,aucun ATS détecté sur le site
harvey haven lavender farm,http://www.harveyhaven.com/,,,NON_RESOLUE,aucun ATS détecté sur le site
junk plastic rehab,https://junkplasticrehab.com/,,,NON_RESOLUE,aucun ATS détecté sur le site
ken shoe fashion,https://kenshoefashion.be/be-nl/home,,,NON_RESOLUE,aucun ATS détecté sur le site
justfab,https://www.justfab.co.uk/,,,NON_RESOLUE,aucun ATS détecté sur le site
ippolita,https://www.ippolita.com/,,,NON_RESOLUE,aucun ATS détecté sur le site
kirk's,http://www.kirkssoap.com/,,,NON_RESOLUE,aucun ATS détecté sur le site
hnp,https://www.inspiredbeauty.com/,,,NON_RESOLUE,site en erreur au probe
iwataya,http://www.i.iwataya-mitsukoshi.co.jp/,,,NON_RESOLUE,aucun ATS détecté sur le site
kahina giving beauty,http://kahina-givingbeauty.com/,,,NON_RESOLUE,aucun ATS détecté sur le site
hunter original,https://www.hunterboots.com/,,,NON_RESOLUE,aucun ATS détecté sur le site
little pitterpat,http://www.littlepitterpat.com/,,,NON_RESOLUE,aucun ATS détecté sur le site
kazani,http://www.kazanihair.com/,,,NON_RESOLUE,site en erreur au probe
ines de la fressange,https://en.inesdelafressange.fr/,,,NON_RESOLUE,aucun ATS détecté sur le site
indiebride,https://indiebridelondon.co.uk/,,,NON_RESOLUE,aucun ATS détecté sur le site
jyano hair care,http://www.jyanohaircare.com/,,,NON_RESOLUE,aucun ATS détecté sur le site
katherine parr,http://www.katherineparr.com/,,,NON_RESOLUE,aucun ATS détecté sur le site
luxxxxe,https://www.luxxxxe.com/,,,NON_RESOLUE,aucun ATS détecté sur le site
kascha-c,https://www.kascha-c.com/,,,NON_RESOLUE,aucun ATS détecté sur le site
healthy hoohoo®,http://healthyhoohoo.com/,,,NON_RESOLUE,aucun ATS détecté sur le site
honeybee gardens,http://www.honeybeegardens.com/,,,NON_RESOLUE,aucun ATS détecté sur le site
it's essential,https://www.itsessential.shop/,,,NON_RESOLUE,aucun ATS détecté sur le site
kobe lettuce,https://www.lettuce.co.jp/?from=header%3Futm_source%3DGoodOnYou+App,,,NON_RESOLUE,aucun ATS détecté sur le site
koko noko,https://www.koko-noko.com/,,,NON_RESOLUE,aucun ATS détecté sur le site
ibd,http://ibdbeauty.com/,,,NON_RESOLUE,aucun ATS détecté sur le site
la casita de wendy,https://www.lacasitadewendy.com/,,,NON_RESOLUE,aucun ATS détecté sur le site
ioka skin+science,http://www.iokaskinscience.com/,,,NON_RESOLUE,aucun ATS détecté sur le site
john hatter,https://www.johnhatter.com/,,,NON_RESOLUE,aucun ATS détecté sur le site
javier simorra,https://simorra.com/,,,NON_RESOLUE,aucun ATS détecté sur le site
karité,https://www.mykarite.com/,,,NON_RESOLUE,aucun ATS détecté sur le site
jan jansen,http://www.janjansen.com/,,,NON_RESOLUE,aucun ATS détecté sur le site
inti knitwear,https://www.intiknitwear.com/,,,NON_RESOLUE,aucun ATS détecté sur le site
la methode,https://lamethode.it/,,,NON_RESOLUE,aucun ATS détecté sur le site
ikks,https://www.ikks.com/,,,NON_RESOLUE,site en erreur au probe
inouitoosh,https://www.inouitoosh.com/,,,NON_RESOLUE,aucun ATS détecté sur le site
hynt beauty,http://hyntbeauty.com/,,,NON_RESOLUE,aucun ATS détecté sur le site
löffler,https://www.loeffler.at/,,,NON_RESOLUE,aucun ATS détecté sur le site
kensol,https://kensol.eu/,,,NON_RESOLUE,aucun ATS détecté sur le site
josef seibel,https://www.josef-seibel.de/,,,NON_RESOLUE,aucun ATS détecté sur le site
lacalifornienne,https://www.lacalifornienne.com/,,,NON_RESOLUE,aucun ATS détecté sur le site
kijinokanosei,https://kijinokanosei.com/,,,NON_RESOLUE,aucun ATS détecté sur le site
kamik,https://www.kamik.com/,,,NON_RESOLUE,site en erreur au probe
j-scent,https://j-scent-global.com/,,,NON_RESOLUE,aucun ATS détecté sur le site
good flower farm,https://goodflowerfarm.com/,,,NON_RESOLUE,aucun ATS détecté sur le site
kabak,https://www.kabak.com.pl/,,,NON_RESOLUE,site en erreur au probe
isadore apparel,https://isadore.com/,,,NON_RESOLUE,aucun ATS détecté sur le site
hale and hush,https://www.haleandhush.com/,,,NON_RESOLUE,aucun ATS détecté sur le site
kazna asker,https://kaznaasker.com/,,,NON_RESOLUE,aucun ATS détecté sur le site
la seine & moi,https://www.laseinetmoi.com/,,,NON_RESOLUE,aucun ATS détecté sur le site
la'bo natural cosmetics,http://alacartebeauty.com/,,,NON_RESOLUE,aucun ATS détecté sur le site
karin rom,https://karinrom.com/,,,NON_RESOLUE,aucun ATS détecté sur le site
hidesign,http://www.hidesign.com/,,,NON_RESOLUE,site en erreur au probe
kiss the frog,https://kissthefrogstudio.com/,,,NON_RESOLUE,aucun ATS détecté sur le site
linen wedding dress,https://www.linenweddingdress.com/,,,NON_RESOLUE,aucun ATS détecté sur le site
helvetica,https://www.helvetica-mp.com/,,,NON_RESOLUE,aucun ATS détecté sur le site
mac-house,https://gyet.co.jp/,,,NON_RESOLUE,aucun ATS détecté sur le site
id.eight,https://www.id-eight.com/,,,NON_RESOLUE,aucun ATS détecté sur le site
iridescent earth,http://www.iridescentearth.com/,,,NON_RESOLUE,aucun ATS détecté sur le site
in gold we trust,https://www.ingoldwetrust-official.com/,,,NON_RESOLUE,aucun ATS détecté sur le site
happiness project (clothing brand),https://happinessproject.com/,,,NON_RESOLUE,aucun ATS détecté sur le site
jacques levine,https://www.jacqueslevine.com/,,,NON_RESOLUE,aucun ATS détecté sur le site
jeanasis,https://www.dot-st.com/jeanasis/,,,NON_RESOLUE,site en erreur au probe
koryphae,https://koryphae.com/,,,NON_RESOLUE,aucun ATS détecté sur le site
itp beauty,https://itpbeauty.com/,,,NON_RESOLUE,aucun ATS détecté sur le site
jarod-pi,https://www.jarod-pi.com/,,,NON_RESOLUE,aucun ATS détecté sur le site
imogen's imagination,https://imogensimagination.co.uk/,,,NON_RESOLUE,aucun ATS détecté sur le site
laimbock,https://www.laimbock.net/en,,,NON_RESOLUE,aucun ATS détecté sur le site
isolda,https://www.isoldabrasil.com.br/,,,NON_RESOLUE,aucun ATS détecté sur le site
greg lauren,https://www.greglauren.com/,,,NON_RESOLUE,aucun ATS détecté sur le site
hub footwear,https://www.hubfootwear.com/,,,NON_RESOLUE,aucun ATS détecté sur le site
koché,https://www.koche.fr/,,,NON_RESOLUE,aucun ATS détecté sur le site
kaon,https://www.kaon.it/,,,NON_RESOLUE,aucun ATS détecté sur le site
kultural vibez,https://kulturalvibez.com/,,,NON_RESOLUE,aucun ATS détecté sur le site
kayu,https://kayudesign.com/,,,NON_RESOLUE,aucun ATS détecté sur le site
julbo,https://www.julbo.com/,,,NON_RESOLUE,site en erreur au probe
kara,https://kara.cz/,,,NON_RESOLUE,aucun ATS détecté sur le site
kowtow,https://au.kowtowclothing.com/,,,NON_RESOLUE,aucun ATS détecté sur le site
live unlimited london,https://www.liveunlimitedlondon.com/,,,NON_RESOLUE,aucun ATS détecté sur le site
lola cruz,https://www.lolacruz.com/,,,NON_RESOLUE,aucun ATS détecté sur le site
kut from the kloth,https://kutfromthekloth.com/,,,NON_RESOLUE,aucun ATS détecté sur le site
jenny packham,https://jennypackham.com/,,,NON_RESOLUE,aucun ATS détecté sur le site
izayla,https://www.izayla.us/,,,NON_RESOLUE,aucun ATS détecté sur le site
herrlicher,https://www.herrlicher.com/,,,NON_RESOLUE,aucun ATS détecté sur le site
johanna ortiz,https://www.johannaortiz.com/,,,NON_RESOLUE,site en erreur au probe
hoopla®,https://hooplastudio.com/,,,NON_RESOLUE,aucun ATS détecté sur le site
maison pyramide,https://maisonpyramide.com/,,,NON_RESOLUE,site en erreur au probe
kind science,http://www.kindscience.com/,,,NON_RESOLUE,aucun ATS détecté sur le site
jack & jones,https://www.jackjones.in/,,,NON_RESOLUE,site en erreur au probe
jemimasara,http://www.jemimasara.co.uk/,,,NON_RESOLUE,aucun ATS détecté sur le site
homeplus,http://www.homeplus.co.kr/,,,NON_RESOLUE,aucun ATS détecté sur le site
jungmaven,https://jungmaven.com/,,,NON_RESOLUE,aucun ATS détecté sur le site
kartel,https://www.kartelwatches.com/,,,NON_RESOLUE,aucun ATS détecté sur le site
hust & claire,https://www.hustandclaire.com/,,,NON_RESOLUE,aucun ATS détecté sur le site
la botte gardiane,https://www.labottegardiane.com/#?utm_source=GoodOnYou%20App&utm_medium=Referral,,,NON_RESOLUE,aucun ATS détecté sur le site
jackfir,http://www.jackfir.com/,,,NON_RESOLUE,aucun ATS détecté sur le site
loomi,http://www.meetloomi.com/,,,NON_RESOLUE,aucun ATS détecté sur le site
l’epée 1839,http://www.lepee-clock.ch/,,,NON_RESOLUE,aucun ATS détecté sur le site
indochino,https://www.indochino.com/,,,NON_RESOLUE,site en erreur au probe
jacob cohën,https://www.jacobcohen.com/en-gb/,,,NON_RESOLUE,aucun ATS détecté sur le site
háda,https://hada.hu/,,,NON_RESOLUE,aucun ATS détecté sur le site
keyper,https://mykeyper.com/,,,NON_RESOLUE,aucun ATS détecté sur le site
jadu beauty,https://jadubeauty.com/,,,NON_RESOLUE,aucun ATS détecté sur le site
kunert,https://www.kunert.de/,,,NON_RESOLUE,aucun ATS détecté sur le site
lauren brooke cosmetiques,http://www.laurenbrookeco.com/,,,NON_RESOLUE,aucun ATS détecté sur le site
hartjes,https://www.hartjes.at/,,,NON_RESOLUE,site en erreur au probe
mame kurogouchi,https://www.mamekurogouchi.com/,,,NON_RESOLUE,site en erreur au probe
juwelier ellert,https://ellert.at/,,,NON_RESOLUE,aucun ATS détecté sur le site
lorpen,https://www.lorpen.com/,,,NON_RESOLUE,aucun ATS détecté sur le site
jiwya,https://www.jiwya.com/?oid=365&affid=1&source_id=GoY-rating&sub1=brandpage,,,NON_RESOLUE,aucun ATS détecté sur le site
klenotnictví jolleo,https://www.jolleo.cz/,,,NON_RESOLUE,aucun ATS détecté sur le site
keio department store  shinjuku,https://www.keionet.com/info/shinjuku/,,,NON_RESOLUE,aucun ATS détecté sur le site
laofengxiang,https://lfxjewelry.com/,,,NON_RESOLUE,site en erreur au probe
kitowa,https://kitowafragrance.com/,,,NON_RESOLUE,aucun ATS détecté sur le site
jolleo,https://www.jolleo.cz/,,,NON_RESOLUE,aucun ATS détecté sur le site
ivi ryo corporation,http://www.ivi.com.ph/,,,NON_RESOLUE,aucun ATS détecté sur le site
kind lips,https://kindlips.com/,,,NON_RESOLUE,aucun ATS détecté sur le site
kari gran,http://www.karigran.com/,,,NON_RESOLUE,aucun ATS détecté sur le site
garzini,https://www.garzini.com/,,,NON_RESOLUE,aucun ATS détecté sur le site
jos alukka & sons,https://www.josalukkasonline.com/,,,NON_RESOLUE,aucun ATS détecté sur le site
hugo boss,https://www.hugoboss.com/,,,NON_RESOLUE,site en erreur au probe
hanky panky,https://www.hankypanky.com/,,,NON_RESOLUE,aucun ATS détecté sur le site
lasève,http://www.laseve.ca/,,,NON_RESOLUE,aucun ATS détecté sur le site
khawaja,https://khawaja-ledermoden.de/,,,NON_RESOLUE,site en erreur au probe
manuele ficano,https://www.manuele-ficano.com/,,,NON_RESOLUE,aucun ATS détecté sur le site
jan ‘n june,https://jannjune.com/,,,NON_RESOLUE,site en erreur au probe
la petite boite à bijoux,https://lapetiteboiteabijoux.com/,,,NON_RESOLUE,aucun ATS détecté sur le site
kindri los angeles,http://www.kindri.com/,,,NON_RESOLUE,aucun ATS détecté sur le site
icebox,https://www.icebox.com/,,,NON_RESOLUE,aucun ATS détecté sur le site
louche,https://www.louchelondon.com/,,,NON_RESOLUE,site en erreur au probe
klier hair group,https://klierhairgroup.de/,,,NON_RESOLUE,aucun ATS détecté sur le site
janie and jack,https://www.janieandjack.com/,,,NON_RESOLUE,site en erreur au probe
george richards big & tall menswear,https://www.georgerichards.ca/,,,NON_RESOLUE,aucun ATS détecté sur le site
invicta watch group,https://www.invictawatch.com/,,,NON_RESOLUE,aucun ATS détecté sur le site
jinhua loyal crafts co.  ltd.,https://loyalcrafts-fragrance.com/,,,NON_RESOLUE,aucun ATS détecté sur le site
lagua gem,https://laguagem.jp/,,,NON_RESOLUE,aucun ATS détecté sur le site
kat burki,http://www.katburki.com/,,,NON_RESOLUE,aucun ATS détecté sur le site
kai,https://kaifragrance.com/,,,NON_RESOLUE,aucun ATS détecté sur le site
loved01,https://loved01.com/,,,NON_RESOLUE,aucun ATS détecté sur le site
heady made apparel,https://headymadeapparel.com/,,,NON_RESOLUE,aucun ATS détecté sur le site
maria black,https://www.maria-black.com/,,,NON_RESOLUE,aucun ATS détecté sur le site
kleider bauer,https://kleiderbauer.at/,,,NON_RESOLUE,aucun ATS détecté sur le site
hunterson,https://huntersonwallets.com/,,,NON_RESOLUE,aucun ATS détecté sur le site
lafuma,https://www.lafuma.com/,,,NON_RESOLUE,aucun ATS détecté sur le site
lady alamo,https://www.ladyalamo.com/,,,NON_RESOLUE,aucun ATS détecté sur le site
kavu,https://www.kavu.com/,,,NON_RESOLUE,aucun ATS détecté sur le site
lavinia,https://lavinia.net.cn/,,,NON_RESOLUE,aucun ATS détecté sur le site
keio department store,https://www.keionet.com/,,,NON_RESOLUE,aucun ATS détecté sur le site
l'eudine,http://leudine.com/,,,NON_RESOLUE,aucun ATS détecté sur le site
johnny urban,https://www.johnny-urban.de/,,,NON_RESOLUE,aucun ATS détecté sur le site
ilé olomu,https://ileolomu.com/,,,NON_RESOLUE,aucun ATS détecté sur le site
jeffery west,https://www.jeffery-west.co.uk/,,,NON_RESOLUE,aucun ATS détecté sur le site
jayley collection,https://www.jayleycollection.com/,,,NON_RESOLUE,aucun ATS détecté sur le site
kenneth cole productions,http://www.kennethcole.com/,,,NON_RESOLUE,aucun ATS détecté sur le site
intelligent nutrients,http://www.intelligentnutrients.com/,,,NON_RESOLUE,aucun ATS détecté sur le site
holden,https://holdenouterwear.com/,,,NON_RESOLUE,aucun ATS détecté sur le site
jane carr,http://jane-carr.com/,,,NON_RESOLUE,site en erreur au probe
konaka,https://www.konaka-jp.com/,,,NON_RESOLUE,aucun ATS détecté sur le site
jd jeffrey dame fragrance,https://dameperfumery.com/pages/jd-jeffrey-dame,,,NON_RESOLUE,aucun ATS détecté sur le site
karmyliege,https://www.karmyliege.com/,,,NON_RESOLUE,aucun ATS détecté sur le site
jude stuecker,https://www.judestuecker.com/,,,NON_RESOLUE,site en erreur au probe
glash,https://www.glash.sk/,,,NON_RESOLUE,aucun ATS détecté sur le site
kiki de montparnasse,https://kikidm.com/,,,NON_RESOLUE,aucun ATS détecté sur le site
jensen,https://jensenwomen.dk/,,,NON_RESOLUE,aucun ATS détecté sur le site
hyer goods,https://hyergoods.com/?oid=90&affid=1&source_id=GoY-rating&sub1=brandpage,,,NON_RESOLUE,aucun ATS détecté sur le site
louminology,https://louminology.com/,,,NON_RESOLUE,aucun ATS détecté sur le site
icing,https://www.icing.com/,,,NON_RESOLUE,aucun ATS détecté sur le site
jillian boustred,https://jillianboustred.com/,,,NON_RESOLUE,aucun ATS détecté sur le site
josip tumapa design,https://josiptumapa.com/,,,NON_RESOLUE,aucun ATS détecté sur le site
heatkeeper,https://heatkeeper.nl/,,,NON_RESOLUE,aucun ATS détecté sur le site
isabel lennse,https://isabellennse.com/,,,NON_RESOLUE,aucun ATS détecté sur le site
langerchen,https://langerchen.com/,,,NON_RESOLUE,aucun ATS détecté sur le site
kyraani,http://kyraani.com/,,,NON_RESOLUE,aucun ATS détecté sur le site
juwelier voegele,https://www.juwelier-voegele.de/,,,NON_RESOLUE,site en erreur au probe
kalaurie,https://kalaurie.com.au/?oid=300&affid=1&source_id=GoY-rating&sub1=brandpage,,,NON_RESOLUE,aucun ATS détecté sur le site
just cavalli,https://www.justcavalli.com/,,,NON_RESOLUE,aucun ATS détecté sur le site
indego africa,https://indegoafrica.org/,,,NON_RESOLUE,aucun ATS détecté sur le site
komono,https://www.komono.com/,,,NON_RESOLUE,aucun ATS détecté sur le site
jnby,https://jnbyplus.com/,,,NON_RESOLUE,aucun ATS détecté sur le site
isla,https://www.islaoficial.com.br/,,,NON_RESOLUE,aucun ATS détecté sur le site
la petite creme,https://www.lapetitecreme.com/,,,NON_RESOLUE,aucun ATS détecté sur le site
hempmania,https://www.hempmania.com/,,,NON_RESOLUE,aucun ATS détecté sur le site
jolyn,https://jolyn.com/,,,NON_RESOLUE,aucun ATS détecté sur le site
kichykids clothing,https://www.kichykidsclothing.com/,,,NON_RESOLUE,aucun ATS détecté sur le site
john miller,https://www.johnmillershirts.com/,,,NON_RESOLUE,aucun ATS détecté sur le site
kokokahn essential oils,http://kokokahnessentialoils.com/,,,NON_RESOLUE,aucun ATS détecté sur le site
ludlow,https://ludlow.jp/,,,NON_RESOLUE,aucun ATS détecté sur le site
just jeans,https://justjeans.com.au/,,,NON_RESOLUE,aucun ATS détecté sur le site
le réussi®,https://lereussi.com/,,,NON_RESOLUE,site en erreur au probe
krete,http://www.krete.club/,,,NON_RESOLUE,aucun ATS détecté sur le site
laundry industry,https://www.laundryindustry.com/,,,NON_RESOLUE,aucun ATS détecté sur le site
kinship,http://www.lovekinship.com/,,,NON_RESOLUE,aucun ATS détecté sur le site
mark formelle,https://markformelle.by/,,,NON_RESOLUE,aucun ATS détecté sur le site
inmindseye,https://inmindseye.com.au/,,,NON_RESOLUE,aucun ATS détecté sur le site
hermina athens,https://herminaathens.com/,,,NON_RESOLUE,aucun ATS détecté sur le site
jabeenz,https://jabeenz.co.uk/,,,NON_RESOLUE,aucun ATS détecté sur le site
ivan troy,https://ivantroy.com/,,,NON_RESOLUE,aucun ATS détecté sur le site
jack bunny!!,http://jack-bunny.net/,,,NON_RESOLUE,aucun ATS détecté sur le site
lady taty,https://ladytaty.ch/,,,NON_RESOLUE,aucun ATS détecté sur le site
lusso cloud,https://lussocloud.com/,,,NON_RESOLUE,aucun ATS détecté sur le site
kristel kuslapuu,https://www.kristelkuslapuu.com/,,,NON_RESOLUE,aucun ATS détecté sur le site
kingsley heath,https://kingsleyheath.co.za/,,,NON_RESOLUE,aucun ATS détecté sur le site
ipsy,https://www.ipsy.com/,,,NON_RESOLUE,aucun ATS détecté sur le site
josephine & co amsterdam,https://www.josephineco.com/,,,NON_RESOLUE,aucun ATS détecté sur le site
karengee,https://karengee.com/,,,NON_RESOLUE,aucun ATS détecté sur le site
julia leifert,https://julialeifert.com/,,,NON_RESOLUE,aucun ATS détecté sur le site
koyal beauty,https://koyalbeauty.com/,,,NON_RESOLUE,aucun ATS détecté sur le site
lazo,https://lazostore.in/,,,NON_RESOLUE,aucun ATS détecté sur le site
indigenous,https://indigenous.com/,,,NON_RESOLUE,aucun ATS détecté sur le site
mary kay,https://www.marykay.ca/,,,NON_RESOLUE,aucun ATS détecté sur le site
la fille d'o,https://lafilledo.com/,,,NON_RESOLUE,aucun ATS détecté sur le site
joe merino,https://www.joemerino.com/,,,NON_RESOLUE,site en erreur au probe
le chic,https://www.lechicfashion.eu/,,,NON_RESOLUE,aucun ATS détecté sur le site
jan hilmer,https://www.janhilmer.com/,,,NON_RESOLUE,aucun ATS détecté sur le site
katla,https://katla.com/?oid=229&affid=1&source_id=GoY-rating&sub1=brandpage,,,NON_RESOLUE,aucun ATS détecté sur le site
lowie,https://www.ilovelowie.com/,,,NON_RESOLUE,aucun ATS détecté sur le site
hip shoe style,https://www.hipshoestyle.com/,,,NON_RESOLUE,aucun ATS détecté sur le site
iben,https://ibenofficial.com/,,,NON_RESOLUE,aucun ATS détecté sur le site
knowledgecotton apparel,https://knowledgecottonapparel.com/,,,NON_RESOLUE,site en erreur au probe
kyte baby,https://kytebaby.com/,,,NON_RESOLUE,aucun ATS détecté sur le site
matix,http://www.matixclothing.com/,,,NON_RESOLUE,aucun ATS détecté sur le site
jumper maybach,https://jumpermaybach.com/,,,NON_RESOLUE,aucun ATS détecté sur le site
god's original design,https://godsoriginal.design/,,,NON_RESOLUE,aucun ATS détecté sur le site
july to june,https://www.julytojune.fr/,,,NON_RESOLUE,aucun ATS détecté sur le site
leonor greyl,https://www.leonorgreyl-usa.com/,,,NON_RESOLUE,aucun ATS détecté sur le site
jean louis mahé,https://jeanlouismahe.com/,,,NON_RESOLUE,aucun ATS détecté sur le site
hello joyous,http://hellojoyous.com/,,,NON_RESOLUE,aucun ATS détecté sur le site
la feny,https://www.lafeny.at/,,,NON_RESOLUE,aucun ATS détecté sur le site
m+,https://shop.mplus.org.hk/en/style-apparel/,,,NON_RESOLUE,aucun ATS détecté sur le site
just sports,https://www.shopjustsports.com/,,,NON_RESOLUE,aucun ATS détecté sur le site
kamoa,https://www.kamoa.at/,,,NON_RESOLUE,aucun ATS détecté sur le site
kit and ace,https://www.kitandace.com/,,,NON_RESOLUE,aucun ATS détecté sur le site
it's the balm diggity,https://www.thebalmdiggity.net/,,,NON_RESOLUE,aucun ATS détecté sur le site
ixxxi jewelry,https://www.ixxxi-jewelry.com/,,,NON_RESOLUE,aucun ATS détecté sur le site
jamie + the jones,https://jamieandthejones.com/,,,NON_RESOLUE,aucun ATS détecté sur le site
horitoki,https://horitoki.com/,,,NON_RESOLUE,aucun ATS détecté sur le site
lullilu,https://www.lullilu.com/,,,NON_RESOLUE,aucun ATS détecté sur le site
in2green,https://www.in2green.com/,,,NON_RESOLUE,aucun ATS détecté sur le site
kid blue,https://kidblue.com/,,,NON_RESOLUE,aucun ATS détecté sur le site
kara beauty,https://www.karabeauty.com/,,,NON_RESOLUE,aucun ATS détecté sur le site
journelle,https://www.journelle.com/,,,NON_RESOLUE,site en erreur au probe
le specs,https://lespecs.com/,,,NON_RESOLUE,aucun ATS détecté sur le site
knack,https://knackbags.com/,,,NON_RESOLUE,site en erreur au probe
maerz,https://www.maerz.de/,,,NON_RESOLUE,aucun ATS détecté sur le site
learn more,https://savvjolie.com/,,,NON_RESOLUE,aucun ATS détecté sur le site
il bussetto,https://ilbussetto.it/,,,NON_RESOLUE,aucun ATS détecté sur le site
koraru,https://www.koraru.co/?oid=381&affid=1&source_id=GoY-rating&sub1=brandpage,,,NON_RESOLUE,aucun ATS détecté sur le site
karine arabian,https://www.karinearabian.com/,,,NON_RESOLUE,aucun ATS détecté sur le site
kimoa,https://kimoa.com/,,,NON_RESOLUE,aucun ATS détecté sur le site
kesou,https://voi.0101.co.jp/voi/content/01/sp/media/kesou/about.html?intid=kesou_top_storyabout%3Futm_source%3DGoodOnYou+App,,,NON_RESOLUE,aucun ATS détecté sur le site
la granni,https://www.lagranni.com/,,,NON_RESOLUE,aucun ATS détecté sur le site
koio,https://www.koio.co/,,,NON_RESOLUE,aucun ATS détecté sur le site
kat maconie,https://katmaconie.com/,,,NON_RESOLUE,aucun ATS détecté sur le site
jc sophie,https://www.jcsophie.nl/,,,NON_RESOLUE,aucun ATS détecté sur le site
inh hair,https://inhhair.com/,,,NON_RESOLUE,aucun ATS détecté sur le site
hernest project,https://www.hernestproject.com/,,,NON_RESOLUE,aucun ATS détecté sur le site
leju london,https://www.lejudesigns.com/,,,NON_RESOLUE,aucun ATS détecté sur le site
lendava,https://www.shoplendava.com/,,,NON_RESOLUE,aucun ATS détecté sur le site
jet,https://www.jetonline.co.za/,,,NON_RESOLUE,aucun ATS détecté sur le site
laboratoire uspalla,https://laboratoire-uspalla.fr/,,,NON_RESOLUE,aucun ATS détecté sur le site
jette,https://www.jette.com/,,,NON_RESOLUE,aucun ATS détecté sur le site
jack wills,http://www.jackwills.com/,,,NON_RESOLUE,site en erreur au probe
mayan fair trade store,https://mayanft.com/,,,NON_RESOLUE,aucun ATS détecté sur le site
labfresh,https://labfresh.co.uk/,,,NON_RESOLUE,site en erreur au probe
kujten,https://en.kujten.com/,,,NON_RESOLUE,aucun ATS détecté sur le site
kilted suds,http://www.kiltedsuds.com/,,,NON_RESOLUE,aucun ATS détecté sur le site
lxmi,http://www.lxmi.com/,,,NON_RESOLUE,site en erreur au probe
lapuan kankurit,https://www.lapuankankurit.fi/,,,NON_RESOLUE,aucun ATS détecté sur le site
j. hannah,https://jhannahjewelry.com/,,,NON_RESOLUE,aucun ATS détecté sur le site
jane kønig,https://janekoenig.com/,,,NON_RESOLUE,aucun ATS détecté sur le site
juvia's place,https://www.juviasplace.com/,,,NON_RESOLUE,aucun ATS détecté sur le site
jeanswest,https://www.jeanswest.co.nz/,,,NON_RESOLUE,aucun ATS détecté sur le site
kazartt,https://kazartt.com/,,,NON_RESOLUE,aucun ATS détecté sur le site
les tricots de léa,https://www.lestricotsdelea.com/,,,NON_RESOLUE,aucun ATS détecté sur le site
l'aventura,https://www.laventuraperfumes.com/,,,NON_RESOLUE,aucun ATS détecté sur le site
inhabited art,https://inhabitedart.com/,,,NON_RESOLUE,aucun ATS détecté sur le site
leila hafzi,https://www.leilahafzi.com/,,,NON_RESOLUE,aucun ATS détecté sur le site
latiture,https://www.latiture.com/,,,NON_RESOLUE,aucun ATS détecté sur le site
label noir,https://www.labelnoirdesign.com/en/about,,,NON_RESOLUE,aucun ATS détecté sur le site
kitx,https://kitx.com.au/,,,NON_RESOLUE,aucun ATS détecté sur le site
mackage,https://www.mackage.com/,,,NON_RESOLUE,aucun ATS détecté sur le site
les coyotes de paris,https://www.lescoyotesdeparis.com/,,,NON_RESOLUE,aucun ATS détecté sur le site
good juju body & home,http://www.hellogoodjuju.com/,,,NON_RESOLUE,aucun ATS détecté sur le site
just watches,https://www.justwatches.com/,,,NON_RESOLUE,aucun ATS détecté sur le site
joe's toes,https://joestoes.co.uk/,,,NON_RESOLUE,aucun ATS détecté sur le site
lalabobo,http://www.lalabobo.com/,,,NON_RESOLUE,aucun ATS détecté sur le site
megababe,https://megababebeauty.com/,,,NON_RESOLUE,aucun ATS détecté sur le site
jōb cosmetics hawai'i,http://cosmeticshawaii.com/,,,NON_RESOLUE,aucun ATS détecté sur le site
lano,https://www.weibo.com/lno2016?refer_flag=1005050010_,,,NON_RESOLUE,aucun ATS détecté sur le site
jubel naturals,https://jubelnaturals.ca/,,,NON_RESOLUE,aucun ATS détecté sur le site
kenneth jay lane,https://kennethjaylane.com/,,,NON_RESOLUE,aucun ATS détecté sur le site
kutsusenka,https://www.kutsusenka.com/,,,NON_RESOLUE,aucun ATS détecté sur le site
khadim's,https://www.khadims.com/,,,NON_RESOLUE,aucun ATS détecté sur le site
lice queen,http://licequeenproducts.com/,,,NON_RESOLUE,aucun ATS détecté sur le site
kinlò,http://kinlo.com/,,,NON_RESOLUE,aucun ATS détecté sur le site
la milanesa,https://www.lamilanesa.it/,,,NON_RESOLUE,aucun ATS détecté sur le site
ka & riah,https://kaandriah.com/,,,NON_RESOLUE,aucun ATS détecté sur le site
kaenon polarized,https://kaenon.com/,,,NON_RESOLUE,aucun ATS détecté sur le site
lewis & melly,https://www.lewismelly.com/,,,NON_RESOLUE,aucun ATS détecté sur le site
kopari beauty,http://koparibeauty.com/,,,NON_RESOLUE,aucun ATS détecté sur le site
lez a lez,https://www.lezalez.com/,,,NON_RESOLUE,aucun ATS détecté sur le site
kagure - かぐれ,https://media.urban-research.jp/brand/kagure/,,,NON_RESOLUE,site en erreur au probe
laura lombardi,https://www.lauralombardi.com/,,,NON_RESOLUE,aucun ATS détecté sur le site
home spa collection,http://www.homespacollection.com/,,,NON_RESOLUE,aucun ATS détecté sur le site
grainular,http://getgrainular.com/,,,NON_RESOLUE,aucun ATS détecté sur le site
inwear,https://www.inwear.com/,,,NON_RESOLUE,aucun ATS détecté sur le site
jordan samuel skin,https://jordansamuelskin.com/,,,NON_RESOLUE,aucun ATS détecté sur le site
jones snowboards,https://www.jonessnowboards.com/,,,NON_RESOLUE,aucun ATS détecté sur le site
kokoworld,https://kokoworld.uk/en/,,,NON_RESOLUE,aucun ATS détecté sur le site
kappahl,https://www.kappahl.se/,,,NON_RESOLUE,aucun ATS détecté sur le site
humanist beauty,https://humanistbeauty.com/,,,NON_RESOLUE,aucun ATS détecté sur le site
lc leather club,https://lcleatherclub.com/,,,NON_RESOLUE,aucun ATS détecté sur le site
kjore project,http://www.kjoreproject.com/,,,NON_RESOLUE,aucun ATS détecté sur le site
lara bags,https://www.larabags.sk/,,,NON_RESOLUE,aucun ATS détecté sur le site
mahina beaute,http://www.mahinabeaute.com/,,,NON_RESOLUE,aucun ATS détecté sur le site
jusglitty,http://jusglitty.jp/,,,NON_RESOLUE,aucun ATS détecté sur le site
harold’s,http://www.harolds-bags.com/,,,NON_RESOLUE,site en erreur au probe
lala,https://lala.pl/,,,NON_RESOLUE,aucun ATS détecté sur le site
jungle folk,https://www.junglefolk.com/,,,NON_RESOLUE,site en erreur au probe
malone souliers,https://malonesouliers.com/,,,NON_RESOLUE,aucun ATS détecté sur le site
kapdaa,https://kapdaa.com/,,,NON_RESOLUE,aucun ATS détecté sur le site
kangaroos,https://www.kangaroos.com/,,,NON_RESOLUE,aucun ATS détecté sur le site
maison close,https://www.maison-close.com/,,,NON_RESOLUE,site en erreur au probe
jeans mate,http://www.jeansmate.co.jp/,,,NON_RESOLUE,site en erreur au probe
kasurekids,https://kasurekids.jp/?oid=396&affid=1&source_id=GoY-rating&sub1=brandpage,,,NON_RESOLUE,aucun ATS détecté sur le site
linenfox,https://linenfoxclothes.com/,,,NON_RESOLUE,aucun ATS détecté sur le site
kendall + kylie,https://kendall-kylie.com/,,,NON_RESOLUE,aucun ATS détecté sur le site
le-go bekleidungswerke gmbh & co kg,http://www.le-gobw.de/,,,NON_RESOLUE,aucun ATS détecté sur le site
memora,http://www.memora.com.cn/,,,NON_RESOLUE,aucun ATS détecté sur le site
lace & beads,https://www.laceandbeads.co.uk/,,,NON_RESOLUE,aucun ATS détecté sur le site
isla lune,https://islalune.ca/,,,NON_RESOLUE,site en erreur au probe
les sublimes,https://www.les-sublimes.com/,,,NON_RESOLUE,aucun ATS détecté sur le site
hundred pieces,http://hundredpieces.com/,,,NON_RESOLUE,aucun ATS détecté sur le site
lapointe,https://shoplapointe.com/,,,NON_RESOLUE,aucun ATS détecté sur le site
junona,https://junona.bg/,,,NON_RESOLUE,aucun ATS détecté sur le site
lilly sarti,https://www.lillysarti.com.br/,,,NON_RESOLUE,aucun ATS détecté sur le site
izabel camille,https://www.izabelcamille.dk/,,,NON_RESOLUE,aucun ATS détecté sur le site
la bottega di brunella,https://www.brunellapositano.it/,,,NON_RESOLUE,site en erreur au probe
just b different,https://www.just-b-different.com/,,,NON_RESOLUE,aucun ATS détecté sur le site
knot,https://www.knotkids.com/,,,NON_RESOLUE,site en erreur au probe
jia jia,https://jiajiajewelry.com/,,,NON_RESOLUE,site en erreur au probe
kinda 3d swimwear,https://www.kindaswimwear.com/,,,NON_RESOLUE,aucun ATS détecté sur le site
karma kameleon,https://www.karmakameleon.com.au/,,,NON_RESOLUE,aucun ATS détecté sur le site
krack,https://www.krackonline.com/,,,NON_RESOLUE,site en erreur au probe
item m6,https://www.item-m6.com/,,,NON_RESOLUE,aucun ATS détecté sur le site
lana baby,https://www.lana-organic.de/,,,NON_RESOLUE,site en erreur au probe
john hardy,https://www.johnhardy.com/,,,NON_RESOLUE,site en erreur au probe
lekko aesthetics,http://www.lekkoaesthetics.com/,,,NON_RESOLUE,aucun ATS détecté sur le site
have a look,https://www.havealookshop.de/,,,NON_RESOLUE,aucun ATS détecté sur le site
isla in bloom,https://www.islainbloom.com.au/,,,NON_RESOLUE,aucun ATS détecté sur le site
justine tabak,https://www.justinetabak.co.uk/,,,NON_RESOLUE,aucun ATS détecté sur le site
jadé complexions,http://jadecomplexions.com/,,,NON_RESOLUE,aucun ATS détecté sur le site
maison special,https://maisonspecial.co.jp/,,,NON_RESOLUE,aucun ATS détecté sur le site
korali,https://www.korali-handmade.com/,,,NON_RESOLUE,aucun ATS détecté sur le site
libbi nails,http://liberation-nails.com/,,,NON_RESOLUE,aucun ATS détecté sur le site
lisa marie fernandez,https://lisamariefernandez.com/,,,NON_RESOLUE,aucun ATS détecté sur le site
le garçon chic,https://www.lechicfashion.eu/le-chic-garcon,,,NON_RESOLUE,site en erreur au probe
klenoty aurum,https://www.klenotyaurum.cz/,,,NON_RESOLUE,aucun ATS détecté sur le site
heidi soto designer,https://www.heidisotodesigner.com/,,,NON_RESOLUE,aucun ATS détecté sur le site
la relaxed,https://www.larelaxed.com/,,,NON_RESOLUE,site en erreur au probe
juwelier willer,https://willer.de/,,,NON_RESOLUE,aucun ATS détecté sur le site
j.press,https://www.jpress.jp/,,,NON_RESOLUE,aucun ATS détecté sur le site
karo kauer,https://karokauer.com/,,,NON_RESOLUE,aucun ATS détecté sur le site
keefirivunts,https://keefirivunts.ee/,,,NON_RESOLUE,aucun ATS détecté sur le site
l.t. piver,http://www.piver.com/,,,NON_RESOLUE,aucun ATS détecté sur le site
hope & henry,https://hopeandhenry.com/,,,NON_RESOLUE,site en erreur au probe
mancera,https://manceraparfums.us/,,,NON_RESOLUE,aucun ATS détecté sur le site
kuyichi,https://kuyichi.com/,,,NON_RESOLUE,site en erreur au probe
jacky and family,https://jackyandfamily.com/,,,NON_RESOLUE,aucun ATS détecté sur le site
lindry lab,http://lindrylab.com/,,,NON_RESOLUE,aucun ATS détecté sur le site
l'ouest,http://www.louestca.com/,,,NON_RESOLUE,aucun ATS détecté sur le site
hyundai department store,http://www.ehyundai.com/,,,NON_RESOLUE,site en erreur au probe
kolo berlin,https://www.kolo-berlin.com/,,,NON_RESOLUE,aucun ATS détecté sur le site
leatherlly,https://leatherlly.com/,,,NON_RESOLUE,aucun ATS détecté sur le site
iyü sunglasses,https://www.iyu.fr/,,,NON_RESOLUE,aucun ATS détecté sur le site
juwelier rüschenbeck,https://www.rueschenbeck.de/,,,NON_RESOLUE,aucun ATS détecté sur le site
kik,https://www.kik.de/,,,NON_RESOLUE,site en erreur au probe
leder pellicce,https://www.leder-pellicce.cz/,,,NON_RESOLUE,aucun ATS détecté sur le site
lagogo,http://www.lagogo.cn/,,,NON_RESOLUE,site en erreur au probe
kona natural soap company,https://www.konanaturalsoap.com/,,,NON_RESOLUE,aucun ATS détecté sur le site
greve,https://www.greve.nl/,,,NON_RESOLUE,aucun ATS détecté sur le site
kashmir pink®,http://lasaltco.com/,,,NON_RESOLUE,site en erreur au probe
les deux,https://lesdeux.com/,,,NON_RESOLUE,site en erreur au probe
kalenji,https://www.kalenji.fr/,,,NON_RESOLUE,aucun ATS détecté sur le site
keeyahri,https://www.keeyahri.com/,,,NON_RESOLUE,aucun ATS détecté sur le site
jakke,https://jakke.co.uk/,,,NON_RESOLUE,aucun ATS détecté sur le site
kudos,https://kudoskudos.co/,,,NON_RESOLUE,aucun ATS détecté sur le site
lilit botanicals,https://www.lilitbotanicals.com/,,,NON_RESOLUE,aucun ATS détecté sur le site
jx & co,https://jxandco.com/,,,NON_RESOLUE,aucun ATS détecté sur le site
lfdl,https://www.lfdl.it/en/,,,NON_RESOLUE,aucun ATS détecté sur le site
little star organic,https://kitexusa.com/little-star-organic,,,NON_RESOLUE,aucun ATS détecté sur le site
jujiya,http://www.jujiya-yamagataten.com/,,,NON_RESOLUE,aucun ATS détecté sur le site
idexe,https://idexe.com/,,,NON_RESOLUE,aucun ATS détecté sur le site
la petite mort,https://la-pm.com/,,,NON_RESOLUE,aucun ATS détecté sur le site
kai and koa,https://kaikoaworld.com/,,,NON_RESOLUE,site en erreur au probe
lenslace,https://lenslace.com/,,,NON_RESOLUE,aucun ATS détecté sur le site
lash be long,https://www.madamemadeline.com/online_shoppe/LASHbeLONG_Purchase.asp,,,NON_RESOLUE,aucun ATS détecté sur le site
le kasha,https://www.lekasha.com/,,,NON_RESOLUE,aucun ATS détecté sur le site
khujo,https://www.khujo.com/,,,NON_RESOLUE,site en erreur au probe
janessa leoné,https://janessaleone.com/,,,NON_RESOLUE,aucun ATS détecté sur le site
jenest,http://www.jenest.com/,,,NON_RESOLUE,aucun ATS détecté sur le site
marco pescarolo,https://marcopescarolo.it/,,,NON_RESOLUE,aucun ATS détecté sur le site
kickclusive,https://kickclusivenj.com/,,,NON_RESOLUE,aucun ATS détecté sur le site
kikisix,https://www.kikisix.it/,,,NON_RESOLUE,aucun ATS détecté sur le site
henry rose,https://henryrose.com/,,,NON_RESOLUE,site en erreur au probe
i.code,https://www.ikks.com/en/i.code/,,,NON_RESOLUE,site en erreur au probe
la celle paris,https://lacelle1802.onrender.com/,,,NON_RESOLUE,site en erreur au probe
human nation,https://thehouseoflrc.com/,,,NON_RESOLUE,aucun ATS détecté sur le site
lipora,http://www.liporaskin.com/,,,NON_RESOLUE,aucun ATS détecté sur le site
karhu,https://us.karhu.com/,,,NON_RESOLUE,aucun ATS détecté sur le site
janegee,http://janegee.com/,,,NON_RESOLUE,aucun ATS détecté sur le site
jacky,https://www.jacky.de/,,,NON_RESOLUE,aucun ATS détecté sur le site
krakatau,https://en.krakatauwear.com/,,,NON_RESOLUE,aucun ATS détecté sur le site
jose real,https://joserealshoes.com/,,,NON_RESOLUE,aucun ATS détecté sur le site
le fix,https://www.le-fix.com/,,,NON_RESOLUE,aucun ATS détecté sur le site
jaz,http://jazwatch.com/,,,NON_RESOLUE,aucun ATS détecté sur le site
la strada,https://lastradashoes.com/,,,NON_RESOLUE,aucun ATS détecté sur le site
layermor fragrance,https://layermor.com/,,,NON_RESOLUE,aucun ATS détecté sur le site
labrum,https://labrumlondon.com/,,,NON_RESOLUE,site en erreur au probe
kara van petrol,https://www.karavanpetrol.com/,,,NON_RESOLUE,site en erreur au probe
marat,https://marat.ee/,,,NON_RESOLUE,aucun ATS détecté sur le site
lamel,https://lamelcosmetics.com/,,,NON_RESOLUE,aucun ATS détecté sur le site
keith and james,https://keithjames.com/,,,NON_RESOLUE,site en erreur au probe
kids foot locker,https://www.kidsfootlocker.com/,,,NON_RESOLUE,aucun ATS détecté sur le site
kriss sweden,https://www.kriss.eu/,,,NON_RESOLUE,site en erreur au probe
kings & queens,https://www.kingsandqueensclothier.shop/,,,NON_RESOLUE,aucun ATS détecté sur le site
jeepers peepers,https://www.jeeperspeepers.co.uk/,,,NON_RESOLUE,aucun ATS détecté sur le site
kama fashion & function,https://www.kama.cz/,,,NON_RESOLUE,aucun ATS détecté sur le site
laura biagiotti,https://www.laurabiagiotti.it/,,,NON_RESOLUE,site en erreur au probe
lesse,https://lesseofficial.com/,,,NON_RESOLUE,aucun ATS détecté sur le site
lé buns,https://lebuns.com.au/,,,NON_RESOLUE,aucun ATS détecté sur le site
lita,https://litacouture.com/,,,NON_RESOLUE,aucun ATS détecté sur le site
la compagnie des petits,https://www.lacompagniedespetits.com/,,,NON_RESOLUE,aucun ATS détecté sur le site
lecurve,https://www.lecurve.store/,,,NON_RESOLUE,aucun ATS détecté sur le site
lahive,https://shoplahive.com/,,,NON_RESOLUE,aucun ATS détecté sur le site
kat the label,https://www.katthelabel.com/,,,NON_RESOLUE,site en erreur au probe
maria mcmanus,https://mariamcmanus.com/,,,NON_RESOLUE,aucun ATS détecté sur le site
kari traa,https://www.karitraa.com/,,,NON_RESOLUE,aucun ATS détecté sur le site
laccio,https://laccio.nl/,,,NON_RESOLUE,aucun ATS détecté sur le site
kattan,https://kattan.co.uk/,,,NON_RESOLUE,aucun ATS détecté sur le site
imperfect pointes,https://imperfectpointes.com/,,,NON_RESOLUE,site en erreur au probe
king trading,https://kingtrading.com/,,,NON_RESOLUE,aucun ATS détecté sur le site
icke berlin,https://www.icke-berlin.de/,,,NON_RESOLUE,aucun ATS détecté sur le site
jil sander,https://www.jilsander.com/,,,NON_RESOLUE,aucun ATS détecté sur le site
jeordie's,https://jeordiesmen.com/en/,,,NON_RESOLUE,site en erreur au probe
industry of all nations,http://www.industryofallnations.com/,,,NON_RESOLUE,aucun ATS détecté sur le site
leaf shave company,https://leafshave.com/,,,NON_RESOLUE,aucun ATS détecté sur le site
jeep,https://www.jeep-outfitter.com/en_gb,,,NON_RESOLUE,aucun ATS détecté sur le site
kith,https://eu.kith.com/,,,NON_RESOLUE,aucun ATS détecté sur le site
kyrgies,https://kyrgies.com/,,,NON_RESOLUE,aucun ATS détecté sur le site
lafes natural bodycare,http://lafes.com/,,,NON_RESOLUE,aucun ATS détecté sur le site
leo lin,https://leolinofficial.com.au/,,,NON_RESOLUE,aucun ATS détecté sur le site
lavard,https://www.lavard.pl/,,,NON_RESOLUE,aucun ATS détecté sur le site
little mo&co.,https://en.moco.com/,,,NON_RESOLUE,site en erreur au probe
living crafts,https://www.livingcrafts.de/en,,,NON_RESOLUE,site en erreur au probe
kayrose,https://getkayrose.com/,,,NON_RESOLUE,aucun ATS détecté sur le site
immaculate anti-aging skincare,https://imagesbymiriam.com/,,,NON_RESOLUE,aucun ATS détecté sur le site
lana,https://www.lana-organic.de/,,,NON_RESOLUE,site en erreur au probe
kering eyewear,https://www.keringeyewear.com/,,,NON_RESOLUE,site en erreur au probe
leiser handelsgesellschaft,https://www.leiser.de/,,,NON_RESOLUE,aucun ATS détecté sur le site
lantern press,https://lanternpress.com/,,,NON_RESOLUE,aucun ATS détecté sur le site
juicy couture,http://shop.davidjones.com.au/webapp/wcs/stores/servlet/SearchDisplay?searchTermScope=&searchType=1000&filterTerm=&maxPrice=&showResultsPage=true&langId=-1&beginIndex=0&sType=SimpleSearch&metaData=&fromBrandDirectory=1&pageSize=21&manufacturer=&resultCatEntryType=&catalogId=10051&pageView=image&searchTerm=&facet=mfName_ntk_cs%253AJuicy%2BCouture&minPrice=&categoryId=&storeId=10051&facetLabel=Juicy+Couture%3Futm_source%3DGoodOnYou+App,,,NON_RESOLUE,aucun ATS détecté sur le site
leni swims,https://leniswims.com/,,,NON_RESOLUE,aucun ATS détecté sur le site
hi-life,https://hilifeshop.com/,,,NON_RESOLUE,site en erreur au probe
just in case,https://www.justincase.be/,,,NON_RESOLUE,aucun ATS détecté sur le site
knickerbocker,https://www.knickerbocker.nyc/,,,NON_RESOLUE,site en erreur au probe
kmart,https://www.kmart.com/,,,NON_RESOLUE,aucun ATS détecté sur le site
kojin,https://www.kojinstore.com/,,,NON_RESOLUE,aucun ATS détecté sur le site
kaylaan,https://www.kaylaan.com/,,,NON_RESOLUE,aucun ATS détecté sur le site
lido marinozzi,https://www.lidomarinozzi.com/,,,NON_RESOLUE,site en erreur au probe
interparfums usa llc,https://www.interparfumsinc.com/,,,NON_RESOLUE,aucun ATS détecté sur le site
le silla,https://www.lesilla.com/,,,NON_RESOLUE,site en erreur au probe
igk llc,http://www.igkhair.com/,,,NON_RESOLUE,site en erreur au probe
lily lemon,"http://www.instagram.co,/",,,NON_RESOLUE,aucun ATS détecté sur le site
marlow and mae,https://www.marlowandmae.com/,,,NON_RESOLUE,aucun ATS détecté sur le site
marisa,https://www.marisa.com.br/,,,NON_RESOLUE,site en erreur au probe
kenny flowers,https://www.kennyflowers.com/,,,NON_RESOLUE,site en erreur au probe
inditex,https://www.inditex.com/,,,NON_RESOLUE,aucun ATS détecté sur le site
gugguu,https://en.gugguu.com/,,,NON_RESOLUE,site en erreur au probe
john lewis,https://www.johnlewis.com/,,,NON_RESOLUE,aucun ATS détecté sur le site
lems shoes,https://www.lemsshoes.com/,,,NON_RESOLUE,site en erreur au probe
kisscat,https://www.kisscat.com.cn/,,,NON_RESOLUE,aucun ATS détecté sur le site
kimai,https://kimai.com/uk/,,,NON_RESOLUE,aucun ATS détecté sur le site
la fille des fleurs,https://www.lafilledesfleurs.it/,,,NON_RESOLUE,aucun ATS détecté sur le site
les tien,https://lestien.com/,,,NON_RESOLUE,aucun ATS détecté sur le site
lands downunder,https://www.landsdownunder.com/,,,NON_RESOLUE,aucun ATS détecté sur le site
lab 1082,https://www.lab1082.com/,,,NON_RESOLUE,aucun ATS détecté sur le site
lomer,https://www.lomer.it/,,,NON_RESOLUE,aucun ATS détecté sur le site
ln|knits,https://www.lnknits.com/,,,NON_RESOLUE,aucun ATS détecté sur le site
laurel,https://www.laurel-online.com/,,,NON_RESOLUE,aucun ATS détecté sur le site
k-3,https://k-3.com/,,,NON_RESOLUE,aucun ATS détecté sur le site
jigsaw,https://www.jigsaw-online.com/,,,NON_RESOLUE,site en erreur au probe
kettner,https://www.kettner.com/,,,NON_RESOLUE,aucun ATS détecté sur le site
kopper & zink,https://kopperandzinkswimwear.com/,,,NON_RESOLUE,aucun ATS détecté sur le site
john john,https://www.johnjohndenim.com.br/,,,NON_RESOLUE,aucun ATS détecté sur le site
le petit trou,https://en.le-petit-trou.com/,,,NON_RESOLUE,site en erreur au probe
in blue handmade,https://inbluehandmade.com/,,,NON_RESOLUE,aucun ATS détecté sur le site
hiut denim co,https://hiutdenim.co.uk/,,,NON_RESOLUE,site en erreur au probe
haikure,https://haikure.com/,,,NON_RESOLUE,aucun ATS détecté sur le site
kiko ouriversarias,https://www.ourivesariakiko.com/en/,,,NON_RESOLUE,site en erreur au probe
koton,https://www.koton.com/,,,NON_RESOLUE,aucun ATS détecté sur le site
honey cake tiger,https://honeycaketiger.com/,,,NON_RESOLUE,aucun ATS détecté sur le site
isabella's clearly,http://www.isabellasclearly.com/,,,NON_RESOLUE,aucun ATS détecté sur le site
kotofey,https://kotofey.ru/,,,NON_RESOLUE,aucun ATS détecté sur le site
legend bags& belts,https://www.legend-bags.com/,,,NON_RESOLUE,aucun ATS détecté sur le site
les tricots marcel,https://lestricotsmarcel.com/,,,NON_RESOLUE,aucun ATS détecté sur le site
kitz-pichler,https://www.gottstein.at/,,,NON_RESOLUE,aucun ATS détecté sur le site
lisa yang,https://lisa-yang.com/,,,NON_RESOLUE,site en erreur au probe
joseff of hollywood,https://www.joseff-hollywood.com/,,,NON_RESOLUE,aucun ATS détecté sur le site
kaneea,https://kaneea.com/,,,NON_RESOLUE,aucun ATS détecté sur le site
ktg fashion house,http://officialktgfashionhouse.com/,,,NON_RESOLUE,aucun ATS détecté sur le site
marysia,https://marysia.com/,,,NON_RESOLUE,aucun ATS détecté sur le site
loreak mendian,https://www.loreakmendian.com/,,,NON_RESOLUE,aucun ATS détecté sur le site
hozen,https://hozencollection.com/,,,NON_RESOLUE,aucun ATS détecté sur le site
jomos,https://www.jomos.de/,,,NON_RESOLUE,aucun ATS détecté sur le site
lolavie,http://www.lolavie.com/,,,NON_RESOLUE,site en erreur au probe
koi footwear,https://www.koifootwear.com/,,,NON_RESOLUE,site en erreur au probe
leos,https://www.leos-jeans.de/,,,NON_RESOLUE,aucun ATS détecté sur le site
ivey abitz,https://iveyabitz.com/,,,NON_RESOLUE,aucun ATS détecté sur le site
koleha,https://koleha.com/,,,NON_RESOLUE,aucun ATS détecté sur le site
kincloch anderson,https://www.kinlochanderson.com/,,,NON_RESOLUE,site en erreur au probe
liberty shoes,https://www.libertyshoesonline.com/,,,NON_RESOLUE,aucun ATS détecté sur le site
juli dans jewels,https://julidansjewels.nl/,,,NON_RESOLUE,aucun ATS détecté sur le site
l'afshar,https://www.lafshar.com/,,,NON_RESOLUE,aucun ATS détecté sur le site
joseph,https://www.joseph-fashion.com/,,,NON_RESOLUE,aucun ATS détecté sur le site
l'urv,https://www.lurv.com.au/,,,NON_RESOLUE,aucun ATS détecté sur le site
lorna jane,https://www.lornajane.com.au/,,,NON_RESOLUE,aucun ATS détecté sur le site
letoile,https://letu.ru/,,,NON_RESOLUE,aucun ATS détecté sur le site
julep beauty,https://www.julep.com/,,,NON_RESOLUE,aucun ATS détecté sur le site
harris horology,https://harrishorology.com/,,,NON_RESOLUE,aucun ATS détecté sur le site
lake & skye,https://www.lakeandskye.com/,,,NON_RESOLUE,aucun ATS détecté sur le site
instru optiikka,https://www.instru.fi/,,,NON_RESOLUE,site en erreur au probe
lotte.99,https://lotte99.com/,,,NON_RESOLUE,aucun ATS détecté sur le site
kintetsu department store main store abeno harukas,https://abenoharukas.d-kintetsu.co.jp/,,,NON_RESOLUE,site en erreur au probe
jovani fashion,https://www.jovani.com/,,,NON_RESOLUE,aucun ATS détecté sur le site
just for teens,https://justforteens.biz/,,,NON_RESOLUE,aucun ATS détecté sur le site
karma and luck,https://www.karmaandluck.com/,,,NON_RESOLUE,site en erreur au probe
knwls,https://knwls.com/,,,NON_RESOLUE,aucun ATS détecté sur le site
lerz,https://www.lerz.it/,,,NON_RESOLUE,aucun ATS détecté sur le site
lazurde company for jewelry,http://www.lazurde.com/,,,NON_RESOLUE,aucun ATS détecté sur le site
matsuzakaya,https://www.matsuzakaya.co.jp/,,,NON_RESOLUE,site en erreur au probe
mazine,https://mazine.de/,,,NON_RESOLUE,aucun ATS détecté sur le site
kook,http://gotkook.com/,,,NON_RESOLUE,aucun ATS détecté sur le site
lillelam,https://lillelam.com/,,,NON_RESOLUE,aucun ATS détecté sur le site
kunogigi,https://www.kunogigi.com/,,,NON_RESOLUE,aucun ATS détecté sur le site
kolors by k ®,http://www.kolorsbyk.com/,,,NON_RESOLUE,aucun ATS détecté sur le site
love is art,http://www.loveisartkit.com/,,,NON_RESOLUE,aucun ATS détecté sur le site
junior kids,http://juniorkids.ca/,,,NON_RESOLUE,aucun ATS détecté sur le site
leabags,https://www.leabags.com/,,,NON_RESOLUE,aucun ATS détecté sur le site
lcf ledûb corporate fashion,https://www.vanwinkelfashion.com/,,,NON_RESOLUE,site en erreur au probe
just over the top,https://jott.com/,,,NON_RESOLUE,aucun ATS détecté sur le site
liebeskind,https://int.liebeskind-berlin.com/,,,NON_RESOLUE,aucun ATS détecté sur le site
liv bergen,https://en.livbergen.de/,,,NON_RESOLUE,aucun ATS détecté sur le site
kosas cosmetics,https://kosas.com/,,,NON_RESOLUE,aucun ATS détecté sur le site
leysen,https://www.leysen.eu/en/,,,NON_RESOLUE,aucun ATS détecté sur le site
ingmarson,https://ingmarson.com/,,,NON_RESOLUE,aucun ATS détecté sur le site
khu khu,https://khukhu.com/,,,NON_RESOLUE,aucun ATS détecté sur le site
k-swiss,https://www.kswiss.nl/,,,NON_RESOLUE,aucun ATS détecté sur le site
krass optik,https://www.krass-optik.com/,,,NON_RESOLUE,aucun ATS détecté sur le site
k-way,https://www.k-way.fr/,,,NON_RESOLUE,aucun ATS détecté sur le site
levv,https://levvlabels.nl/,,,NON_RESOLUE,aucun ATS détecté sur le site
lovjoi,https://www.lovjoi.com/,,,NON_RESOLUE,site en erreur au probe
hawkers,https://www.hawkersco.com/eu,,,NON_RESOLUE,aucun ATS détecté sur le site
juwelier junghähnel,https://www.junghaehnel.de/,,,NON_RESOLUE,aucun ATS détecté sur le site
marudai,https://ciina-ciina.com/marudai-niigata/,,,NON_RESOLUE,aucun ATS détecté sur le site
libe clothing,https://www.libeclothing.com/,,,NON_RESOLUE,site en erreur au probe
matahari department store,https://www.matahari.com/,,,NON_RESOLUE,aucun ATS détecté sur le site
labienhecha,https://www.labienhecha.com/en,,,NON_RESOLUE,aucun ATS détecté sur le site
k sahai,https://ksahai.com/,,,NON_RESOLUE,aucun ATS détecté sur le site
husbands paris,https://husbands-paris.com/,,,NON_RESOLUE,aucun ATS détecté sur le site
la petite parisienne,https://lapetiteparisienne.co/,,,NON_RESOLUE,aucun ATS détecté sur le site
kintobe,https://www.kintobe.com/,,,NON_RESOLUE,site en erreur au probe
lashify,https://www.lashify.com/,,,NON_RESOLUE,site en erreur au probe
iro iro,https://iroirozerowaste.com/?oid=339&affid=1&source_id=GoY-rating&sub1=brandpage,,,NON_RESOLUE,site en erreur au probe
leanne marshall,https://leannemarshall.com/,,,NON_RESOLUE,aucun ATS détecté sur le site
krys,https://www.krys.com/,,,NON_RESOLUE,site en erreur au probe
louxnyx,http://www.louxnyx.com/,,,NON_RESOLUE,aucun ATS détecté sur le site
liquid earth,https://theliquidearth.com/,,,NON_RESOLUE,aucun ATS détecté sur le site
luxuar fashion,https://www.luxuar-shop.com/,,,NON_RESOLUE,aucun ATS détecté sur le site
less,https://www.less.cn/,,,NON_RESOLUE,aucun ATS détecté sur le site
lies mertens,https://liesmertens.be/,,,NON_RESOLUE,aucun ATS détecté sur le site
la matera,https://lamaterashop.com/,,,NON_RESOLUE,aucun ATS détecté sur le site
kwaidan editions,https://kwaidaneditions.com/,,,NON_RESOLUE,aucun ATS détecté sur le site
kylie minogue parfums,https://kylieminogueparfums.com/?country=US,,,NON_RESOLUE,aucun ATS détecté sur le site
kangol,https://www.kangol.com/,,,NON_RESOLUE,aucun ATS détecté sur le site
intimo,https://www.intimo.com.au/,,,NON_RESOLUE,aucun ATS détecté sur le site
luiza barcelos,https://www.luizabarcelos.com.br/,,,NON_RESOLUE,site en erreur au probe
kind bag,https://www.kindbag.co/,,,NON_RESOLUE,aucun ATS détecté sur le site
king tartufoli,https://www.king.it/,,,NON_RESOLUE,aucun ATS détecté sur le site
iceberg,https://www.iceberg.com/,,,NON_RESOLUE,aucun ATS détecté sur le site
lilixir,http://lilixir.com/,,,NON_RESOLUE,site en erreur au probe
kailas,https://kailasgear.com/,,,NON_RESOLUE,aucun ATS détecté sur le site
labucq,https://labucq.com/,,,NON_RESOLUE,aucun ATS détecté sur le site
maxmila,https://maxmilaparis.com/,,,NON_RESOLUE,aucun ATS détecté sur le site
jamie makeup,http://www.jamiemakeup.com/,,,NON_RESOLUE,aucun ATS détecté sur le site
kūlson,https://www.kulson.de/,,,NON_RESOLUE,aucun ATS détecté sur le site
little mistress,https://www.little-mistress.co.uk/,,,NON_RESOLUE,aucun ATS détecté sur le site
lubiam,https://www.lubiam.it/,,,NON_RESOLUE,aucun ATS détecté sur le site
lala berlin,https://www.lalaberlin.com/,,,NON_RESOLUE,aucun ATS détecté sur le site
lindbergh,https://www.lindberghfashion.com/sv-se,,,NON_RESOLUE,aucun ATS détecté sur le site
la fábrica de nikis,https://www.lafabricadenikis.com/,,,NON_RESOLUE,aucun ATS détecté sur le site
helen kaminski,https://www.helenkaminski.com/,,,NON_RESOLUE,aucun ATS détecté sur le site
la petite étoile,https://www.lapetiteetoile.com/,,,NON_RESOLUE,site en erreur au probe
lafayette homme,https://haussmann.galerieslafayette.com/en/mens-fashion/,,,NON_RESOLUE,aucun ATS détecté sur le site
lelasilk,https://lelasilk.shop/,,,NON_RESOLUE,aucun ATS détecté sur le site
klo organic beauty,https://klobeauty.com/,,,NON_RESOLUE,aucun ATS détecté sur le site
little moon essentials,https://www.littlemoonessentials.com/,,,NON_RESOLUE,aucun ATS détecté sur le site
jcc,https://www.jcc.de/,,,NON_RESOLUE,aucun ATS détecté sur le site
lamik beauty,https://lamikbeauty.com/,,,NON_RESOLUE,aucun ATS détecté sur le site
j'aton couture,http://www.jatoncouture.com/,,,NON_RESOLUE,aucun ATS détecté sur le site
lune active,https://luneactive.com/,,,NON_RESOLUE,aucun ATS détecté sur le site
karmaloop.com,http://www.karmaloop.com/,,,NON_RESOLUE,site en erreur au probe
megane store,https://meganestore.co.jp/,,,NON_RESOLUE,aucun ATS détecté sur le site
m.gemi,https://mgemi.com/,,,NON_RESOLUE,aucun ATS détecté sur le site
ishkar,https://www.ishkar.com/,,,NON_RESOLUE,aucun ATS détecté sur le site
laquan smith,https://laquansmith.com/,,,NON_RESOLUE,aucun ATS détecté sur le site
magnethik,https://magnethik.com/,,,NON_RESOLUE,aucun ATS détecté sur le site
keep,https://www.keepout.com.tr/,,,NON_RESOLUE,aucun ATS détecté sur le site
macarena,https://www.macarenashoes.com/,,,NON_RESOLUE,site en erreur au probe
lime crime,http://www.limecrime.com/,,,NON_RESOLUE,aucun ATS détecté sur le site
koketta kulture,http://kokettakulture.com/,,,NON_RESOLUE,aucun ATS détecté sur le site
la chemise francaise,https://www.lachemisefrancaise.fr/,,,NON_RESOLUE,aucun ATS détecté sur le site
l. s. ayres,https://web.archive.org/*/www.lsayres.com,,,NON_RESOLUE,site en erreur au probe
lando studio,https://landostudio.com/,,,NON_RESOLUE,aucun ATS détecté sur le site
herbitual,https://myherbitual.com/,,,NON_RESOLUE,aucun ATS détecté sur le site
lemuel mc,https://lemuelmc.com/,,,NON_RESOLUE,aucun ATS détecté sur le site
laomiaohuangjin,https://www.laomiao.com.cn/,,,NON_RESOLUE,site en erreur au probe
lo neel,https://www.loneel.fr/,,,NON_RESOLUE,aucun ATS détecté sur le site
laba fashion,https://laba.de/,,,NON_RESOLUE,aucun ATS détecté sur le site
kontatto,https://www.kontatto.co/,,,NON_RESOLUE,aucun ATS détecté sur le site
laurent vergne,https://www.laurentvergne.com/,,,NON_RESOLUE,site en erreur au probe
locaite labs,https://www.locaitelabs.com/,,,NON_RESOLUE,aucun ATS détecté sur le site
lise charmel,https://www.lisecharmel.com/,,,NON_RESOLUE,aucun ATS détecté sur le site
lightmark,https://lightmark.cn/,,,NON_RESOLUE,site en erreur au probe
la stupenderia,https://www.lastupenderia.com/en/,,,NON_RESOLUE,aucun ATS détecté sur le site
m (+) plus design,https://mplus.berlin/,,,NON_RESOLUE,aucun ATS détecté sur le site
linen connections,https://linenconnections.com.au/,,,NON_RESOLUE,aucun ATS détecté sur le site
ixiah,https://ixiah.com/,,,NON_RESOLUE,aucun ATS détecté sur le site
le showroom trendsetteuse paris,https://www.trendsetteuse.com/,,,NON_RESOLUE,aucun ATS détecté sur le site
james lock & co. ltd,https://www.lockhatters.co.uk/,,,NON_RESOLUE,aucun ATS détecté sur le site
lolina,https://lolinashop.com/,,,NON_RESOLUE,aucun ATS détecté sur le site
lauren manoogian,https://laurenmanoogian.com/,,,NON_RESOLUE,aucun ATS détecté sur le site
laurence delvallez,https://www.laurencedelvallez.be/,,,NON_RESOLUE,site en erreur au probe
maison michel,https://www.michel-paris.com/,,,NON_RESOLUE,aucun ATS détecté sur le site
krwn,https://www.krwn.co/,,,NON_RESOLUE,site en erreur au probe
meow meow tweet,https://meowmeowtweet.com/?gad_source=1&gad_campaignid=11145631853&gbraid=0AAAAADkmL9lob7aYjs5zdE_Ml6PgO2EvF,,,NON_RESOLUE,aucun ATS détecté sur le site
komodo,https://www.komodo.co.uk/,,,NON_RESOLUE,aucun ATS détecté sur le site
le club original,https://www.lecluboriginal.com/,,,NON_RESOLUE,aucun ATS détecté sur le site
lollipops,https://www.lollipops.fr/,,,NON_RESOLUE,aucun ATS détecté sur le site
l.credi,https://lcredi-munich.de/,,,NON_RESOLUE,aucun ATS détecté sur le site
madness,https://www.madness-online.com/,,,NON_RESOLUE,aucun ATS détecté sur le site
jb martin,http://www.jbmartin.fr/,,,NON_RESOLUE,aucun ATS détecté sur le site
laidback london,https://www.laidbacklondon.com/,,,NON_RESOLUE,aucun ATS détecté sur le site
maison alfa,https://www.maisonalfa.com/,,,NON_RESOLUE,aucun ATS détecté sur le site
lavigne natural skincare,http://www.lavignenaturals.com/,,,NON_RESOLUE,site en erreur au probe
madame c.j. walker manufacturing company,https://madamcjwalker.com/,,,NON_RESOLUE,aucun ATS détecté sur le site
lattafa,https://lattafa.com/,,,NON_RESOLUE,aucun ATS détecté sur le site
karen by simonsen,https://www.karenbysimonsen.com/,,,NON_RESOLUE,aucun ATS détecté sur le site
kovia hair,https://kovia.hair/,,,NON_RESOLUE,aucun ATS détecté sur le site
la parisina,https://www.laparisina.mx/,,,NON_RESOLUE,aucun ATS détecté sur le site
lapin house,https://www.lapinhouse.com/,,,NON_RESOLUE,aucun ATS détecté sur le site
inamore,https://inamore.com/,,,NON_RESOLUE,aucun ATS détecté sur le site
lakeyo,https://lakeyo.com/,,,NON_RESOLUE,site en erreur au probe
jets swimwear,https://www.jets.com.au/,,,NON_RESOLUE,aucun ATS détecté sur le site
kreizi beauty,http://kreizibeauty.com/,,,NON_RESOLUE,aucun ATS détecté sur le site
loevenich,https://loevenich-fashion.de/,,,NON_RESOLUE,aucun ATS détecté sur le site
malhia kent,https://www.malhia.fr/,,,NON_RESOLUE,aucun ATS détecté sur le site
lanvin,https://www.lanvin.com/,,,NON_RESOLUE,aucun ATS détecté sur le site
jeroboam paris,https://jeroboamparis.com/,,,NON_RESOLUE,aucun ATS détecté sur le site
mexibera,https://mexibera.com/,,,NON_RESOLUE,aucun ATS détecté sur le site
le gaulois jeans,https://legauloisjeans.com/,,,NON_RESOLUE,aucun ATS détecté sur le site
lott.,https://www.lottgioielli.com/,,,NON_RESOLUE,site en erreur au probe
kandaka safia,https://www.kandakasafia.com/shop,,,NON_RESOLUE,aucun ATS détecté sur le site
lebes,https://www.lebes.com.br/,,,NON_RESOLUE,site en erreur au probe
love affair,https://www.love-affair.com/,,,NON_RESOLUE,aucun ATS détecté sur le site
luca,https://www.lucajackets.com/,,,NON_RESOLUE,aucun ATS détecté sur le site
legends creek farm,https://www.legendscreekfarm.com/,,,NON_RESOLUE,aucun ATS détecté sur le site
lilar paris,https://lilar-paris.com/en/home-3/,,,NON_RESOLUE,aucun ATS détecté sur le site
lite year,https://www.liteyear.us/,,,NON_RESOLUE,aucun ATS détecté sur le site
liv:ra,https://livra.shop/,,,NON_RESOLUE,aucun ATS détecté sur le site
la machine cycle club,https://lamachine.cc/,,,NON_RESOLUE,site en erreur au probe
les tropeziennes par m belarbi,https://www.lestropeziennes.fr/,,,NON_RESOLUE,aucun ATS détecté sur le site
kangol japan,https://kangol.jp/shop/default.aspx,,,NON_RESOLUE,site en erreur au probe
longines,https://www.longines.com/,,,NON_RESOLUE,site en erreur au probe
mamasuds,http://www.mamasuds.com/,,,NON_RESOLUE,aucun ATS détecté sur le site
meacheal,http://www.meacheal.com/,,,NON_RESOLUE,aucun ATS détecté sur le site
laura vita,https://lauravita.com/,,,NON_RESOLUE,aucun ATS détecté sur le site
jones bootmaker,https://www.jonesbootmaker.com/,,,NON_RESOLUE,aucun ATS détecté sur le site
inlight organic skincare,http://www.hugyourskin.com/,,,NON_RESOLUE,aucun ATS détecté sur le site
karmavore,https://karmavorebrand.com/,,,NON_RESOLUE,aucun ATS détecté sur le site
manic panic,https://manic-panic.info/,,,NON_RESOLUE,aucun ATS détecté sur le site
lotus moon skin care,http://www.lotusmoonskincare.com/,,,NON_RESOLUE,aucun ATS détecté sur le site
jackalo,https://hellojackalo.com/,,,NON_RESOLUE,aucun ATS détecté sur le site
l*space,https://www.lspace.com/,,,NON_RESOLUE,aucun ATS détecté sur le site
lerinn beauty,https://lerinnbeauty.com/,,,NON_RESOLUE,aucun ATS détecté sur le site
ledûb,https://www.ledub.com/,,,NON_RESOLUE,aucun ATS détecté sur le site
livy,https://int.li-vy.com/,,,NON_RESOLUE,aucun ATS détecté sur le site
hibar,http://www.hellohibar.com/,,,NON_RESOLUE,site en erreur au probe
jo malone london,https://www.jomalone.com/,,,NON_RESOLUE,site en erreur au probe
lisa von tang,https://lisavontang.com/,,,NON_RESOLUE,aucun ATS détecté sur le site
le chemiseur®,https://www.lechemiseur.fr/,,,NON_RESOLUE,aucun ATS détecté sur le site
jane,https://www.janeatelier.com/,,,NON_RESOLUE,aucun ATS détecté sur le site
mikan,https://www.mikanbags.com/,,,NON_RESOLUE,aucun ATS détecté sur le site
le phil,https://www.lephil.jp/,,,NON_RESOLUE,aucun ATS détecté sur le site
luna & rose,https://lalunarose.com/,,,NON_RESOLUE,aucun ATS détecté sur le site
lafesco,https://mp.weixin.qq.com/s/Qf8-A0KWco1w65sFdPH4cw,,,NON_RESOLUE,aucun ATS détecté sur le site
lands' end,https://www.landsend.com/,,,NON_RESOLUE,aucun ATS détecté sur le site
karlacola,https://karlacola.com/,,,NON_RESOLUE,aucun ATS détecté sur le site
lingadore,https://www.lingadore.nl/,,,NON_RESOLUE,aucun ATS détecté sur le site
melissa odabash,https://www.odabash.com/,,,NON_RESOLUE,aucun ATS détecté sur le site
leya.me,https://leya.me/,,,NON_RESOLUE,aucun ATS détecté sur le site
lola,https://mylola.com/,,,NON_RESOLUE,aucun ATS détecté sur le site
laboratoires longévité,https://www.thesimpleplan.co/,,,NON_RESOLUE,aucun ATS détecté sur le site
liberty woman,https://www.liberty-woman.com/,,,NON_RESOLUE,aucun ATS détecté sur le site
kyol beauty,https://thekyolbeauty.com/,,,NON_RESOLUE,aucun ATS détecté sur le site
little legends,https://www.littlelegends.nl/,,,NON_RESOLUE,aucun ATS détecté sur le site
lilly be organic,http://www.lillybe.com/,,,NON_RESOLUE,aucun ATS détecté sur le site
liska joyas,https://www.liskajoyas.com/,,,NON_RESOLUE,aucun ATS détecté sur le site
iphoria design,https://www.iphoria.com/,,,NON_RESOLUE,aucun ATS détecté sur le site
leatherstrata,https://leatherstrata.com/,,,NON_RESOLUE,aucun ATS détecté sur le site
keep pursuing,https://www.keeppursuing.com/,,,NON_RESOLUE,aucun ATS détecté sur le site
laflare,https://laflareusa.com/,,,NON_RESOLUE,aucun ATS détecté sur le site
ll precious creations,https://www.llpreciouscreations.com/,,,NON_RESOLUE,aucun ATS détecté sur le site
lacy branch botanicals,http://www.lacybranchbotanicals.com/,,,NON_RESOLUE,aucun ATS détecté sur le site
mimikri,https://www.mimikri-design.com/,,,NON_RESOLUE,aucun ATS détecté sur le site
loewe,https://www.loewe.com/,,,NON_RESOLUE,aucun ATS détecté sur le site
mainie,https://www.mainie.com.au/,,,NON_RESOLUE,aucun ATS détecté sur le site
love  indus,https://loveindus.com/,,,NON_RESOLUE,aucun ATS détecté sur le site
lizush,https://lizush.com/,,,NON_RESOLUE,aucun ATS détecté sur le site
lamade clothing,https://lamadeclothing.com/,,,NON_RESOLUE,aucun ATS détecté sur le site
kibra,https://kibraofficial.com/,,,NON_RESOLUE,aucun ATS détecté sur le site
lauren moshi,http://www.laurenmoshi.com/,,,NON_RESOLUE,aucun ATS détecté sur le site
maison yusif,https://maisonyusif.com/,,,NON_RESOLUE,aucun ATS détecté sur le site
light mountain,http://www.light-mountain-hair-color.com/,,,NON_RESOLUE,aucun ATS détecté sur le site
jeans fritz,https://www.jeans-fritz.de/,,,NON_RESOLUE,aucun ATS détecté sur le site
messika,https://www.messika.com/,,,NON_RESOLUE,site en erreur au probe
keds,https://www.keds.com/,,,NON_RESOLUE,aucun ATS détecté sur le site
le'vahnnelux skincare,http://levahnnelux.store/,,,NON_RESOLUE,aucun ATS détecté sur le site
hobbs,https://www.hobbs.com/,,,NON_RESOLUE,site en erreur au probe
loro oro,https://www.lorooro.com/,,,NON_RESOLUE,aucun ATS détecté sur le site
it's a 10 haircare,http://www.itsa10haircare.com/,,,NON_RESOLUE,aucun ATS détecté sur le site
laudae,https://www.laudae.com/,,,NON_RESOLUE,aucun ATS détecté sur le site
joyce&girls,https://www.joyceandgirls.com/,,,NON_RESOLUE,aucun ATS détecté sur le site
lola rose,https://www.lolaroseglobal.com/,,,NON_RESOLUE,aucun ATS détecté sur le site
manuel ritz,https://www.manuelritz.com/,,,NON_RESOLUE,site en erreur au probe
lana organic,https://www.lana-organic.de/,,,NON_RESOLUE,site en erreur au probe
joe boxer,https://www.joeboxer.com/,,,NON_RESOLUE,aucun ATS détecté sur le site
j brand,https://www.jbrandjeans.com/,,,NON_RESOLUE,aucun ATS détecté sur le site
michi,https://michiny.com/,,,NON_RESOLUE,site en erreur au probe
liv metta,https://www.livmetta.com/,,,NON_RESOLUE,site en erreur au probe
khasto,https://www.khasto.com/en/,,,NON_RESOLUE,aucun ATS détecté sur le site
les vides anges perfumes,https://www.videsanges.com/,,,NON_RESOLUE,site en erreur au probe
hoodies,https://www.hoodies.co.il/,,,NON_RESOLUE,aucun ATS détecté sur le site
lucardi,https://www.lucardi.nl/,,,NON_RESOLUE,site en erreur au probe
licia florio,https://www.liciaflorio.com/,,,NON_RESOLUE,aucun ATS détecté sur le site
lola ramona,https://www.lolaramona.com/,,,NON_RESOLUE,site en erreur au probe
leland francis,http://www.lelandfrancis.com/,,,NON_RESOLUE,aucun ATS détecté sur le site
milkweed baby,https://www.milkweedbaby.com/,,,NON_RESOLUE,aucun ATS détecté sur le site
lanefortyfive,https://lanefortyfive.com/,,,NON_RESOLUE,aucun ATS détecté sur le site
hudson london,https://www.hudsonshoes.com/,,,NON_RESOLUE,aucun ATS détecté sur le site
lardini,https://www.lardini.com/,,,NON_RESOLUE,site en erreur au probe
la femme roje,https://www.lafemmeroje.com/,,,NON_RESOLUE,aucun ATS détecté sur le site
marcia,https://marciawear.com/,,,NON_RESOLUE,aucun ATS détecté sur le site
lindsay nicholas new york,https://lindsaynicholasnewyork.com/,,,NON_RESOLUE,aucun ATS détecté sur le site
liquiproof,https://www.liquiproof.co.uk/,,,NON_RESOLUE,aucun ATS détecté sur le site
liz claiborne,https://www.jcpenney.com/,,,NON_RESOLUE,aucun ATS détecté sur le site
mango,https://www.mango.com/,,,NON_RESOLUE,site en erreur au probe
lastframe,https://lastframe.jp/,,,NON_RESOLUE,aucun ATS détecté sur le site
juniper ridge,https://juniperridge.com/,,,NON_RESOLUE,aucun ATS détecté sur le site
liverpool,http://www.liverpooljeans.com/,,,NON_RESOLUE,aucun ATS détecté sur le site
laurier optical,https://laurier-optical.com/,,,NON_RESOLUE,aucun ATS détecté sur le site
kataoka jewelry,https://www.kataoka-jewelry.com/,,,NON_RESOLUE,site en erreur au probe
mipacha,https://www.mipacha.com/en/,,,NON_RESOLUE,site en erreur au probe
loom,https://www.loom.fr/,,,NON_RESOLUE,site en erreur au probe
juwelier rubin,https://juwelier-rubin.de/,,,NON_RESOLUE,aucun ATS détecté sur le site
marble berriez,https://marbleberriez.nl/,,,NON_RESOLUE,aucun ATS détecté sur le site
labeka,https://labeka.de/,,,NON_RESOLUE,aucun ATS détecté sur le site
little bird revival,https://littlebirdrevival.com/,,,NON_RESOLUE,aucun ATS détecté sur le site
lost in paris,https://lostinparis.com.au/,,,NON_RESOLUE,aucun ATS détecté sur le site
lenscrafters,https://www.lenscrafters.com/,,,NON_RESOLUE,site en erreur au probe
laulhère,https://www.laulhere-france.com/,,,NON_RESOLUE,aucun ATS détecté sur le site
lazamani,https://www.lazamani.nl/,,,NON_RESOLUE,aucun ATS détecté sur le site
le babe,https://www.lebabe.it/,,,NON_RESOLUE,aucun ATS détecté sur le site
m natural,https://mnatural.vn/,,,NON_RESOLUE,site en erreur au probe
kenny parker label,https://www.kennyparker.com.au/,,,NON_RESOLUE,aucun ATS détecté sur le site
marie originals,https://marieoriginals.com/,,,NON_RESOLUE,aucun ATS détecté sur le site
kings of indigo,https://www.kingsofindigo.com/,,,NON_RESOLUE,site en erreur au probe
lengermann und trieschmann,http://www.l-t.de/,,,NON_RESOLUE,aucun ATS détecté sur le site
loupe organics,https://loupeorganics.com/,,,NON_RESOLUE,aucun ATS détecté sur le site
marpple corporation,https://www.marpplecorp.com/,,,NON_RESOLUE,aucun ATS détecté sur le site
kiku boutique,http://www.kikuboutique.co.uk/,,,NON_RESOLUE,aucun ATS détecté sur le site
lovechild,https://www.lovechild1979.com/,,,NON_RESOLUE,aucun ATS détecté sur le site
lois,https://loisjeanstore.com/,,,NON_RESOLUE,aucun ATS détecté sur le site
le silo bleu,http://lesilobleu.com/,,,NON_RESOLUE,aucun ATS détecté sur le site
leupold & stevens,http://www.leupold.com/,,,NON_RESOLUE,site en erreur au probe
konplott,https://www.konplott.com/,,,NON_RESOLUE,aucun ATS détecté sur le site
losamaré cosmetics,http://www.losamarecosmetics.com/,,,NON_RESOLUE,aucun ATS détecté sur le site
king louie,https://www.kinglouie.eu/,,,NON_RESOLUE,site en erreur au probe
madamezorro,https://www.madamezorro.com/,,,NON_RESOLUE,aucun ATS détecté sur le site
jordache enterprises  inc.,http://www.jordache.com/,,,NON_RESOLUE,aucun ATS détecté sur le site
lead,https://lead-fabrics.com/,,,NON_RESOLUE,site en erreur au probe
leem,https://www.leem.com/int,,,NON_RESOLUE,aucun ATS détecté sur le site
little nature lover,https://littlenaturelover.com/,,,NON_RESOLUE,aucun ATS détecté sur le site
loeffler randall,https://www.loefflerrandall.com/,,,NON_RESOLUE,aucun ATS détecté sur le site
lakole,https://www.dot-st.com/lakole/,,,NON_RESOLUE,site en erreur au probe
livsn,https://www.livsndesigns.com/,,,NON_RESOLUE,site en erreur au probe
louis philippe,http://www.louisphilippe.com/,,,NON_RESOLUE,aucun ATS détecté sur le site
les georgettes,https://www.lesgeorgettes.com/,,,NON_RESOLUE,site en erreur au probe
kalaika,https://www.kalaika.berlin/,,,NON_RESOLUE,site en erreur au probe
klitmøller collective,https://www.klitmollercollective.dk/,,,NON_RESOLUE,aucun ATS détecté sur le site
lorde + belle,https://lordeandbelle.com/,,,NON_RESOLUE,site en erreur au probe
hv.polo,https://hv-polo.com/,,,NON_RESOLUE,aucun ATS détecté sur le site
ludique,https://ludiqueshop.com/,,,NON_RESOLUE,aucun ATS détecté sur le site
li parie,https://liparie.pl/,,,NON_RESOLUE,aucun ATS détecté sur le site
icepeak,https://www.icepeak.fi/,,,NON_RESOLUE,aucun ATS détecté sur le site
lil paolo,https://www.laura-jo.com/en/brands/lil-paolo/,,,NON_RESOLUE,aucun ATS détecté sur le site
monaco ducks,https://www.monacoducks.com/,,,NON_RESOLUE,aucun ATS détecté sur le site
long john,https://long-john.nl/,,,NON_RESOLUE,aucun ATS détecté sur le site
lorreti,https://lorreti.com/,,,NON_RESOLUE,site en erreur au probe
leguano,https://www.leguano.eu/,,,NON_RESOLUE,aucun ATS détecté sur le site
lojas riachuelo,http://www.riachuelo.com.br/,,,NON_RESOLUE,site en erreur au probe
marshall columbia,https://marshallcolumbia.com/,,,NON_RESOLUE,aucun ATS détecté sur le site
m.patmos,https://mpatmos.com/collections/m-patmos,,,NON_RESOLUE,aucun ATS détecté sur le site
marina rinaldi,https://www.marinarinaldi.com/,,,NON_RESOLUE,site en erreur au probe
liebeskind berlin,https://www.liebeskind-berlin.com/,,,NON_RESOLUE,aucun ATS détecté sur le site
mainland skate & surf,https://mainlandskateandsurf.com/,,,NON_RESOLUE,aucun ATS détecté sur le site
lotus garden botanicals,http://www.lgbotanicals.com/,,,NON_RESOLUE,aucun ATS détecté sur le site
leona edmiston,https://www.leonaedmiston.com/,,,NON_RESOLUE,aucun ATS détecté sur le site
jubel,https://www.jubel.nl/,,,NON_RESOLUE,site en erreur au probe
lovett sundries,https://lovettsundries.com/,,,NON_RESOLUE,aucun ATS détecté sur le site
milly shop,https://www.milly.com/,,,NON_RESOLUE,aucun ATS détecté sur le site
marinela makeup,http://www.marinelamakeup.com/,,,NON_RESOLUE,aucun ATS détecté sur le site
lolly's laundry,https://lollyslaundry.com/,,,NON_RESOLUE,aucun ATS détecté sur le site
les benjamins,https://lesbenjamins.com/,,,NON_RESOLUE,aucun ATS détecté sur le site
lu ren,http://lu-ren.com/,,,NON_RESOLUE,aucun ATS détecté sur le site
mashu,https://mashu.co.uk/?oid=98&affid=1&source_id=GoY-rating&sub1=brandpage,,,NON_RESOLUE,aucun ATS détecté sur le site
lifetherapy,https://www.lifetherapy.com/,,,NON_RESOLUE,aucun ATS détecté sur le site
lisa says gah,https://lisasaysgah.com/,,,NON_RESOLUE,site en erreur au probe
kronstadt,https://www.kronstadt.dk/,,,NON_RESOLUE,site en erreur au probe
kooniez,https://www.kooniez.com/,,,NON_RESOLUE,aucun ATS détecté sur le site
loxion,https://loxionkulca.com/,,,NON_RESOLUE,aucun ATS détecté sur le site
lever couture,https://www.lever-couture.com/,,,NON_RESOLUE,aucun ATS détecté sur le site
jupiter,https://hellojupiter.com/,,,NON_RESOLUE,aucun ATS détecté sur le site
lapin vintage,https://lapin-boutique.com/,,,NON_RESOLUE,aucun ATS détecté sur le site
illicit curls,https://illicitcurls.com/collections/all,,,NON_RESOLUE,aucun ATS détecté sur le site
kokie cosmetics  inc.,http://www.kokiecosmetics.com/,,,NON_RESOLUE,aucun ATS détecté sur le site
l.g.r,https://www.lgrworld.com/en/,,,NON_RESOLUE,aucun ATS détecté sur le site
majestic filatures,https://www.majesticfilatures.com/,,,NON_RESOLUE,aucun ATS détecté sur le site
liebre style,https://www.liebrestyle.com/,,,NON_RESOLUE,aucun ATS détecté sur le site
luisa vannini,https://luisa-vannini.com/,,,NON_RESOLUE,aucun ATS détecté sur le site
linii lyubvi,https://liniilubvi.ru/,,,NON_RESOLUE,aucun ATS détecté sur le site
love who you are,http://bellebeauty.com/,,,NON_RESOLUE,aucun ATS détecté sur le site
lewanowicz,https://www.lewanowicz.com/,,,NON_RESOLUE,aucun ATS détecté sur le site
ksenia schnaider,https://www.kseniaschnaider.com/,,,NON_RESOLUE,aucun ATS détecté sur le site
montechiaro,https://www.montechiaro.cloud/,,,NON_RESOLUE,aucun ATS détecté sur le site
kow hoo,http://kowhoo.com.hk/,,,NON_RESOLUE,aucun ATS détecté sur le site
little tienda,https://www.littletienda.com.au/,,,NON_RESOLUE,aucun ATS détecté sur le site
lulualways,http://lulualways.com/,,,NON_RESOLUE,aucun ATS détecté sur le site
l i v d,https://www.livdapparel.com/,,,NON_RESOLUE,aucun ATS détecté sur le site
lilyana naturals,https://lilyananaturals.com/,,,NON_RESOLUE,aucun ATS détecté sur le site
lorna murray,https://lornamurray.com.au/,,,NON_RESOLUE,site en erreur au probe
lost property of london,http://lostpropertyoflondon.com/,,,NON_RESOLUE,site en erreur au probe
maui jim,https://www.mauijim.com/,,,NON_RESOLUE,site en erreur au probe
minuit sur terre,https://minuitsurterre.com/,,,NON_RESOLUE,site en erreur au probe
minjukim,https://www.minjukim.co/,,,NON_RESOLUE,aucun ATS détecté sur le site
mangotti,https://mangotti.com/,,,NON_RESOLUE,aucun ATS détecté sur le site
luxiny  luxurious bath & body,http://www.luxiny.com/,,,NON_RESOLUE,aucun ATS détecté sur le site
lumi3re,https://www.lumi3re.com/,,,NON_RESOLUE,aucun ATS détecté sur le site
lusso locale,https://lussolocale.com/,,,NON_RESOLUE,aucun ATS détecté sur le site
mary katrantzou,https://www.marykatrantzou.com/,,,NON_RESOLUE,aucun ATS détecté sur le site
louisa bracq,https://www.louisabracq.com/,,,NON_RESOLUE,aucun ATS détecté sur le site
lucy,https://lucy.bg/,,,NON_RESOLUE,aucun ATS détecté sur le site
liis,https://liisfragrances.com/,,,NON_RESOLUE,aucun ATS détecté sur le site
indian institute of cosmetology  trichology & nutrition,https://iictn.org/,,,NON_RESOLUE,aucun ATS détecté sur le site
karen thomas,https://karenthomasny.com/,,,NON_RESOLUE,aucun ATS détecté sur le site
lyndsey clark boutique,http://www.lyndseyclarkboutique.co.uk/,,,NON_RESOLUE,aucun ATS détecté sur le site
miss etam,https://www.missetam.nl/,,,NON_RESOLUE,aucun ATS détecté sur le site
marc point venezia,http://www.marcpointvenezia.it/,,,NON_RESOLUE,aucun ATS détecté sur le site
lulus,https://www.lulus.com/,,,NON_RESOLUE,aucun ATS détecté sur le site
lyla blanc private limited,https://www.lylablanc.in/,,,NON_RESOLUE,aucun ATS détecté sur le site
missing,https://missingclothier.co.uk/,,,NON_RESOLUE,aucun ATS détecté sur le site
linda sieto,https://lindasieto.com/,,,NON_RESOLUE,aucun ATS détecté sur le site
kalishka's store,https://www.kalishka.com/,,,NON_RESOLUE,aucun ATS détecté sur le site
low classic,http://lowclassic.com/,,,NON_RESOLUE,site en erreur au probe
maurie & eve,https://www.maurieandeve.com/,,,NON_RESOLUE,aucun ATS détecté sur le site
matinique,https://www.matinique.com/,,,NON_RESOLUE,aucun ATS détecté sur le site
lesca lunetier,https://lescalunetier.com/en/,,,NON_RESOLUE,aucun ATS détecté sur le site
linen fairytales,https://linenfairytales.com/,,,NON_RESOLUE,aucun ATS détecté sur le site
kusum,https://kusumcosmetics.com/,,,NON_RESOLUE,aucun ATS détecté sur le site
labante london,https://labante.co.uk/,,,NON_RESOLUE,aucun ATS détecté sur le site
lemlem,https://www.lemlem.com/,,,NON_RESOLUE,site en erreur au probe
little lady products,http://www.littleladyproducts.com/,,,NON_RESOLUE,aucun ATS détecté sur le site
jhalani and sons,https://jhalaniandsons.com/,,,NON_RESOLUE,aucun ATS détecté sur le site
moscow gostiny dvor,https://xn--b1abdpfxffsdl4i.xn--80adxhks/,,,NON_RESOLUE,site en erreur au probe
jacqui e,https://jacquie.jgl.com.au/,,,NON_RESOLUE,aucun ATS détecté sur le site
la mania,https://lamania.eu/,,,NON_RESOLUE,site en erreur au probe
lurchi,https://www.lurchi.de/,,,NON_RESOLUE,site en erreur au probe
moda in pelle,https://www.modainpelle.com/,,,NON_RESOLUE,site en erreur au probe
mcgregor footwear,https://www.mcgregornewyork.com/,,,NON_RESOLUE,aucun ATS détecté sur le site
m.s skincare,http://www.msskincare.co/,,,NON_RESOLUE,aucun ATS détecté sur le site
mackintosh,https://www.mackintosh.com/,,,NON_RESOLUE,site en erreur au probe
l.o.m.,https://lomfashion.co.uk/,,,NON_RESOLUE,site en erreur au probe
lovst tokyo,https://lovst-tokyo.com/,,,NON_RESOLUE,aucun ATS détecté sur le site
lyle & scott scotland,https://lyleandscott.com/,,,NON_RESOLUE,aucun ATS détecté sur le site
mr price sport,https://www.mrpsport.com/,,,NON_RESOLUE,aucun ATS détecté sur le site
laura ashley plc,https://www.lauraashley.com/,,,NON_RESOLUE,aucun ATS détecté sur le site
mabô,https://maborio.com.br/,,,NON_RESOLUE,site en erreur au probe
mayer's markenschuhe,https://www.mayers-markenschuhe.de/,,,NON_RESOLUE,aucun ATS détecté sur le site
mon chou,https://monchou.com/,,,NON_RESOLUE,aucun ATS détecté sur le site
kay konecna studio,https://www.kaykonecna.com/,,,NON_RESOLUE,aucun ATS détecté sur le site
les fees du vent,https://wildcurves.com/Les-Fees-du-Vent-c3823431,,,NON_RESOLUE,aucun ATS détecté sur le site
mnmur,https://www.mnmur.com/,,,NON_RESOLUE,site en erreur au probe
kiara shoes,https://www.kiarashoes.it/en/,,,NON_RESOLUE,site en erreur au probe
little co. by lauren conrad,https://laurenconrad.com/,,,NON_RESOLUE,aucun ATS détecté sur le site
katini skin,https://www.katiniskin.com/,,,NON_RESOLUE,aucun ATS détecté sur le site
lona,http://lonabeauty.com/,,,NON_RESOLUE,aucun ATS détecté sur le site
mctavish surf,https://www.mctavish.com.au/,,,NON_RESOLUE,site en erreur au probe
johansen,https://www.johansenofficial.com/,,,NON_RESOLUE,aucun ATS détecté sur le site
m.micallef,https://parfumsmicallef.com/,,,NON_RESOLUE,aucun ATS détecté sur le site
molo,https://www.molo.com/,,,NON_RESOLUE,aucun ATS détecté sur le site
melasana soap,https://melaniekaufman.com/,,,NON_RESOLUE,aucun ATS détecté sur le site
musee,https://museethebrand.com/,,,NON_RESOLUE,aucun ATS détecté sur le site
johnnylove,https://johnnylove.com/,,,NON_RESOLUE,site en erreur au probe
mahla,https://mahlaclothing.com/,,,NON_RESOLUE,aucun ATS détecté sur le site
le dangerouge,https://www.ledangerouge.com/,,,NON_RESOLUE,aucun ATS détecté sur le site
lukfook,https://www.lukfook.com/en,,,NON_RESOLUE,aucun ATS détecté sur le site
maison bon voyage,https://maisonbonvoyage.com/,,,NON_RESOLUE,site en erreur au probe
lit wickz & crystals,http://litwickzandcrystals.com/,,,NON_RESOLUE,aucun ATS détecté sur le site
macron,https://www.macron.com/,,,NON_RESOLUE,site en erreur au probe
liars collective,https://liars.co/,,,NON_RESOLUE,aucun ATS détecté sur le site
liv swiss watches,http://www.livwatches.com/,,,NON_RESOLUE,site en erreur au probe
metisse,https://www.metisse.it/,,,NON_RESOLUE,aucun ATS détecté sur le site
luca grossi,https://www.lucagrossi.it/,,,NON_RESOLUE,aucun ATS détecté sur le site
maison tahité,https://maisontahite.com/,,,NON_RESOLUE,aucun ATS détecté sur le site
marie-chantal,https://mariechantal.com/,,,NON_RESOLUE,aucun ATS détecté sur le site
jarlo,https://www.jarlolondon.com/,,,NON_RESOLUE,aucun ATS détecté sur le site
maiyo,https://maiyo.co.uk/,,,NON_RESOLUE,aucun ATS détecté sur le site
memoize london,https://www.memoizeperfume.com/,,,NON_RESOLUE,aucun ATS détecté sur le site
kinga csilla,https://kingacsilla.com/,,,NON_RESOLUE,aucun ATS détecté sur le site
labante,https://labante.co.uk/?oid=314&affid=1&source_id=GoY-rating&sub1=brandpage,,,NON_RESOLUE,aucun ATS détecté sur le site
lk bennett,https://www.lkbennett.com/,,,NON_RESOLUE,aucun ATS détecté sur le site
meilleur moment,https://meilleur-moment.com/,,,NON_RESOLUE,aucun ATS détecté sur le site
magna dea,http://magnadea.com/,,,NON_RESOLUE,aucun ATS détecté sur le site
mae & george home fragrances,https://maegeorgehomefragrances.com/,,,NON_RESOLUE,aucun ATS détecté sur le site
le collectif des lunetiers,https://www.lecollectifdeslunetiers.fr/,,,NON_RESOLUE,site en erreur au probe
lunavit,https://www.lunavit.com/,,,NON_RESOLUE,aucun ATS détecté sur le site
kessler,https://www.ottokessler.com/,,,NON_RESOLUE,aucun ATS détecté sur le site
mallet london,https://mallet.com/,,,NON_RESOLUE,aucun ATS détecté sur le site
lalotti,https://www.lalotti.be/,,,NON_RESOLUE,site en erreur au probe
jem,https://www.jem-paris.com/,,,NON_RESOLUE,aucun ATS détecté sur le site
maison catanzaro,https://maisoncatanzaro.com/,,,NON_RESOLUE,site en erreur au probe
kenzo,https://www.kenzo.com/,,,NON_RESOLUE,site en erreur au probe
luxzuz // one two,https://luxzuz.com/,,,NON_RESOLUE,aucun ATS détecté sur le site
liviana conti,https://www.livianaconti.com/,,,NON_RESOLUE,site en erreur au probe
lola jeans,http://www.lola-jeans.com/,,,NON_RESOLUE,aucun ATS détecté sur le site
laboratorio cosmético europeo,http://www.laboratoriocosmeticoeuropeo.com/,,,NON_RESOLUE,aucun ATS détecté sur le site
maison les énervés,https://maisonlesenerves.com/,,,NON_RESOLUE,aucun ATS détecté sur le site
lara mode,https://www.laramode.nl/,,,NON_RESOLUE,aucun ATS détecté sur le site
lola & stella,https://www.lolaandstella.com/,,,NON_RESOLUE,aucun ATS détecté sur le site
lukfook jewellery,https://www.lukfook.com/,,,NON_RESOLUE,aucun ATS détecté sur le site
marques ' almeida,https://www.marquesalmeida.com/,,,NON_RESOLUE,site en erreur au probe
n sport,https://www.n-sport.net/,,,NON_RESOLUE,aucun ATS détecté sur le site
mandèl,https://www.mandelsandals.com/,,,NON_RESOLUE,aucun ATS détecté sur le site
meridian,https://www.meridiangrooming.com/,,,NON_RESOLUE,site en erreur au probe
kmb,https://www.kmbshoes.es/,,,NON_RESOLUE,aucun ATS détecté sur le site
l37,https://www.l37.eu/,,,NON_RESOLUE,site en erreur au probe
montagne jeunesse,http://www.montagnejeunesse.com/,,,NON_RESOLUE,aucun ATS détecté sur le site
m. carya,https://mcarya.com/,,,NON_RESOLUE,aucun ATS détecté sur le site
mih jeans,http://www.mih-jeans.com/,,,NON_RESOLUE,aucun ATS détecté sur le site
merrell,https://www.merrell.com/,,,NON_RESOLUE,aucun ATS détecté sur le site
innersense organic beauty,http://www.innersensebeauty.com/,,,NON_RESOLUE,site en erreur au probe
manna kadar beauty,http://www.mannakadarcosmetics.com/,,,NON_RESOLUE,aucun ATS détecté sur le site
jose luis joyerias,https://www.joseluisjoyerias.com/pagina/17/empresa/,,,NON_RESOLUE,site en erreur au probe
lilly pulitzer,https://www.lillypulitzer.com/,,,NON_RESOLUE,site en erreur au probe
mia contessa,https://www.miacontessa.com/,,,NON_RESOLUE,aucun ATS détecté sur le site
laurence tavernier,https://www.laurencetavernier.fr/,,,NON_RESOLUE,aucun ATS détecté sur le site
julius marlow,https://juliusmarlow.com.au/,,,NON_RESOLUE,aucun ATS détecté sur le site
morjas,https://www.morjas.com/,,,NON_RESOLUE,aucun ATS détecté sur le site
lemowe,http://lemowe.co.kr/,,,NON_RESOLUE,site en erreur au probe
losano,https://losano.com/,,,NON_RESOLUE,aucun ATS détecté sur le site
lottie hall,http://www.lottiehall.com/,,,NON_RESOLUE,aucun ATS détecté sur le site
lilac natural beauty,http://lilacnaturalbeauty.com/,,,NON_RESOLUE,aucun ATS détecté sur le site
maska,https://maska.se/,,,NON_RESOLUE,site en erreur au probe
maison lejaby,https://www.maisonlejaby.com/,,,NON_RESOLUE,aucun ATS détecté sur le site
kookaï,https://www.kookai.com/,,,NON_RESOLUE,aucun ATS détecté sur le site
mac mode,https://mac-jeans.com/,,,NON_RESOLUE,site en erreur au probe
kinapure,https://www.amazon.com/stores/MimaamiOrganics/Homepage/page/3F6B29E3-DBAE-45B5-AC44-BA415BE32867?ref_=cm_sw_r_ud_sf_stores_KAAPNW9P0920S02X74VJ,,,NON_RESOLUE,aucun ATS détecté sur le site
jugaad14,https://jugaad14.tokyo/pages/about,,,NON_RESOLUE,aucun ATS détecté sur le site
lamarque,https://www.lamarquecollection.com/,,,NON_RESOLUE,site en erreur au probe
lamborghini,https://www.lamborghini.it/,,,NON_RESOLUE,aucun ATS détecté sur le site
longlivethequeen,https://www.longlivethequeen.com/,,,NON_RESOLUE,aucun ATS détecté sur le site
leslii,http://leslii.de/,,,NON_RESOLUE,aucun ATS détecté sur le site
lndr,https://lndr.com/,,,NON_RESOLUE,site en erreur au probe
killtec,https://www.killtec.de/,,,NON_RESOLUE,aucun ATS détecté sur le site
moustard,https://moustard.co.uk/,,,NON_RESOLUE,aucun ATS détecté sur le site
marc-antoine barrois,https://marcantoinebarrois.com/,,,NON_RESOLUE,aucun ATS détecté sur le site
maureen,https://boutiquemaureen.com/,,,NON_RESOLUE,aucun ATS détecté sur le site
just the goods,http://justthegoods.net/,,,NON_RESOLUE,aucun ATS détecté sur le site
morton essentials,http://www.mortonessentials.com/,,,NON_RESOLUE,site en erreur au probe
lares,https://calzadoslares.com/,,,NON_RESOLUE,aucun ATS détecté sur le site
mandala,https://mandala-fashion.com/,,,NON_RESOLUE,site en erreur au probe
loup charmant,https://loupcharmant.com/,,,NON_RESOLUE,aucun ATS détecté sur le site
mama;licious,https://www.mamalicious.com/,,,NON_RESOLUE,aucun ATS détecté sur le site
lecien,https://store.wacoal.jp/brand/lecien/,,,NON_RESOLUE,aucun ATS détecté sur le site
marc aurel,https://www.marc-aurel.com/,,,NON_RESOLUE,aucun ATS détecté sur le site
love lolita,https://lovelolita.com/,,,NON_RESOLUE,aucun ATS détecté sur le site
kitri,https://kitristudio.com/,,,NON_RESOLUE,aucun ATS détecté sur le site
nakedskin essentials,http://www.nakedskinessentials.com/,,,NON_RESOLUE,aucun ATS détecté sur le site
loulou lollipop,https://louloulollipop.com/,,,NON_RESOLUE,aucun ATS détecté sur le site
milan laser hair removal,https://milanlaser.com/,,,NON_RESOLUE,site en erreur au probe
le lis,https://www.lelis.com.br/,,,NON_RESOLUE,aucun ATS détecté sur le site
lilian von trapp,https://www.lilianvontrapp.com/,,,NON_RESOLUE,aucun ATS détecté sur le site
lenox and sixteenth,https://lenoxandsixteenth.com/,,,NON_RESOLUE,aucun ATS détecté sur le site
maggie marilyn,https://maggiemarilyn.com/,,,NON_RESOLUE,aucun ATS détecté sur le site
laflore paris,https://lafloreparis.com/,,,NON_RESOLUE,aucun ATS détecté sur le site
isona linen,https://isonalinen.com/,,,NON_RESOLUE,aucun ATS détecté sur le site
milly,http://www.milly.com/,,,NON_RESOLUE,aucun ATS détecté sur le site
lois jeans,https://www.loisjeans.com/,,,NON_RESOLUE,aucun ATS détecté sur le site
ltb jeans,https://www.ltbjeans.com/,,,NON_RESOLUE,aucun ATS détecté sur le site
kaes.,https://kaes.pl/,,,NON_RESOLUE,aucun ATS détecté sur le site
kolon sport,https://www.kolonsport.com/,,,NON_RESOLUE,aucun ATS détecté sur le site
kjus,https://www.kjus.com/,,,NON_RESOLUE,site en erreur au probe
maria la rosa,https://www.marialarosa.it/en,,,NON_RESOLUE,aucun ATS détecté sur le site
mukzin,https://shop.mukzin.com/,,,NON_RESOLUE,aucun ATS détecté sur le site
marionnaud,https://www.marionnaud.fr/,,,NON_RESOLUE,site en erreur au probe
linhart smile care,https://linhart.nyc/,,,NON_RESOLUE,aucun ATS détecté sur le site
mineral fusion,http://www.mineralfusion.com/,,,NON_RESOLUE,site en erreur au probe
k m by l a n g e,https://www.kmbylange.com/,,,NON_RESOLUE,aucun ATS détecté sur le site
madelyn ashley cosmetics,http://www.madelynashleycosmetics.com/,,,NON_RESOLUE,aucun ATS détecté sur le site
natalie therése,https://www.natalietherese.com/,,,NON_RESOLUE,aucun ATS détecté sur le site
männersache,http://www.maennersache.cc/,,,NON_RESOLUE,aucun ATS détecté sur le site
linné botanicals,https://linnebotanicals.com/,,,NON_RESOLUE,aucun ATS détecté sur le site
luzern,http://luzernlabs.com/,,,NON_RESOLUE,aucun ATS détecté sur le site
liquor n poker,https://www.liquornpoker.co.uk/,,,NON_RESOLUE,aucun ATS détecté sur le site
mcguire army navy,https://www.mcguirearmynavy.com/,,,NON_RESOLUE,aucun ATS détecté sur le site
manu atelier,https://manuatelier.com/,,,NON_RESOLUE,aucun ATS détecté sur le site
lucano,https://lucano.com.au/,,,NON_RESOLUE,aucun ATS détecté sur le site
marco atelier,https://www.marco-trevisan.com/,,,NON_RESOLUE,aucun ATS détecté sur le site
j.d.v,http://www.jdvfashion.com/index2.html,,,NON_RESOLUE,aucun ATS détecté sur le site
lords of harlech,https://lordsofharlech.com/,,,NON_RESOLUE,aucun ATS détecté sur le site
minti,https://www.iloveminti.com/,,,NON_RESOLUE,aucun ATS détecté sur le site
maison rabih kayrouz,https://www.maisonrabihkayrouz.com/,,,NON_RESOLUE,aucun ATS détecté sur le site
munyé,https://www.munye.com/,,,NON_RESOLUE,aucun ATS détecté sur le site
laneway the label,https://lanewaythelabel.com/,,,NON_RESOLUE,aucun ATS détecté sur le site
macgraw,https://macgraw.com/,,,NON_RESOLUE,aucun ATS détecté sur le site
marmarso,https://marmarso.com/,,,NON_RESOLUE,aucun ATS détecté sur le site
malja,https://www.malja.it/,,,NON_RESOLUE,aucun ATS détecté sur le site
lowa,https://lowa.nl/,,,NON_RESOLUE,aucun ATS détecté sur le site
mámbino organics,http://www.mambinoorganics.com/,,,NON_RESOLUE,aucun ATS détecté sur le site
lunescape,https://lunescape.com/,,,NON_RESOLUE,aucun ATS détecté sur le site
lumberunion,https://lumberunion.com/,,,NON_RESOLUE,aucun ATS détecté sur le site
maria tash,https://www.mariatash.com/,,,NON_RESOLUE,site en erreur au probe
lautashi design,https://lautashi.com/,,,NON_RESOLUE,aucun ATS détecté sur le site
marine henrion,https://marinehenrion.com/en/,,,NON_RESOLUE,aucun ATS détecté sur le site
love2wait,https://www.love2wait.com/,,,NON_RESOLUE,aucun ATS détecté sur le site
missha,https://missha.com/,,,NON_RESOLUE,aucun ATS détecté sur le site
kozii swimwear,https://www.kozii.com/,,,NON_RESOLUE,aucun ATS détecté sur le site
leech,https://leechstore.com/,,,NON_RESOLUE,site en erreur au probe
naturium,http://naturium.com/,,,NON_RESOLUE,aucun ATS détecté sur le site
jin zhi zun,https://www.3dg-group.com/index.html,,,NON_RESOLUE,aucun ATS détecté sur le site
lulu copenhagen,https://www.lulucopenhagen.com/,,,NON_RESOLUE,aucun ATS détecté sur le site
naheva,https://www.naheva.it/,,,NON_RESOLUE,aucun ATS détecté sur le site
mariah rovery,https://www.mariahrovery.com.br/,,,NON_RESOLUE,aucun ATS détecté sur le site
meka models,https://mekamodels.com/,,,NON_RESOLUE,aucun ATS détecté sur le site
margaret selection paris,https://www.margaretselectionparis.com/,,,NON_RESOLUE,aucun ATS détecté sur le site
mini molly,https://www.mollybracken.com/,,,NON_RESOLUE,aucun ATS détecté sur le site
manufaktura,https://manufaktura.cz/,,,NON_RESOLUE,aucun ATS détecté sur le site
lylou the label,https://lylouthelabel.com/,,,NON_RESOLUE,aucun ATS détecté sur le site
liberation nails,http://liberation-nails.com/,,,NON_RESOLUE,aucun ATS détecté sur le site
louis gabriel nouchi,https://www.louisgabrielnouchi.com/,,,NON_RESOLUE,aucun ATS détecté sur le site
jasper conran,https://www.jasperconran.com/,,,NON_RESOLUE,aucun ATS détecté sur le site
leon & harper,https://www.leonandharper.com/,,,NON_RESOLUE,aucun ATS détecté sur le site
nanga shoes,https://www.nanga.at/,,,NON_RESOLUE,aucun ATS détecté sur le site
martina spetlova,http://www.martinaspetlova.com/,,,NON_RESOLUE,aucun ATS détecté sur le site
little liffner,https://www.littleliffner.com/,,,NON_RESOLUE,aucun ATS détecté sur le site
marloweville,https://www.marloweville.com/,,,NON_RESOLUE,aucun ATS détecté sur le site
love and light botanicals,https://loveandlightbotanicals.com/,,,NON_RESOLUE,aucun ATS détecté sur le site
meridaskin,http://www.meridaskin.com/,,,NON_RESOLUE,aucun ATS détecté sur le site
mavohair,https://mavohair.me/,,,NON_RESOLUE,aucun ATS détecté sur le site
malelions,https://www.malelions.com/,,,NON_RESOLUE,aucun ATS détecté sur le site
little seed farm,http://www.littleseedfarm.com/,,,NON_RESOLUE,aucun ATS détecté sur le site
kapital,https://www.kapital.jp/,,,NON_RESOLUE,aucun ATS détecté sur le site
loveu organics,https://loveuorganics.com/,,,NON_RESOLUE,aucun ATS détecté sur le site
mystic,http://sunless.com/,,,NON_RESOLUE,aucun ATS détecté sur le site
jennifer chamandi,https://www.jenniferchamandi.com/,,,NON_RESOLUE,aucun ATS détecté sur le site
lisa tibaldi,https://lisatibalditerramia.com/,,,NON_RESOLUE,aucun ATS détecté sur le site
luisa spagnoli,https://www.luisaspagnoli.com/,,,NON_RESOLUE,aucun ATS détecté sur le site
masumi headwear,https://www.masumiheadwear.com/,,,NON_RESOLUE,aucun ATS détecté sur le site
little green radicals,https://littlegreenradicals.co.uk/,,,NON_RESOLUE,aucun ATS détecté sur le site
kashmiria fashion,https://www.kashmiriafashion.it/,,,NON_RESOLUE,aucun ATS détecté sur le site
lloyd,https://www.lloyd.com/,,,NON_RESOLUE,aucun ATS détecté sur le site
maiden lane,https://www.maidenlane.nl/,,,NON_RESOLUE,aucun ATS détecté sur le site
mirth,https://mirthcaftans.com/,,,NON_RESOLUE,site en erreur au probe
lily & marigold botanical skincare,http://www.lilyandmarigold.ca/,,,NON_RESOLUE,site en erreur au probe
mania,https://maniafashionclothing.com/,,,NON_RESOLUE,aucun ATS détecté sur le site
mizuno corporation,https://corp.mizuno.com/en,,,NON_RESOLUE,aucun ATS détecté sur le site
marco tozzi,https://marcotozzi.com/,,,NON_RESOLUE,aucun ATS détecté sur le site
nakd. thai crystal deodorant,https://vasarii.com/,,,NON_RESOLUE,aucun ATS détecté sur le site
lvhr,https://shoplvhr.com/,,,NON_RESOLUE,aucun ATS détecté sur le site
m.hainey,https://mhainey.com/,,,NON_RESOLUE,aucun ATS détecté sur le site
lloyd men's belts,https://www.lloyd-belts.de/,,,NON_RESOLUE,aucun ATS détecté sur le site
marjolaine,https://www.marjolaine.fr/en/,,,NON_RESOLUE,aucun ATS détecté sur le site
nénés,https://nenes-paris.com/,,,NON_RESOLUE,aucun ATS détecté sur le site
magno montero,https://magnomontero.com/,,,NON_RESOLUE,aucun ATS détecté sur le site
natural escapes body,https://www.naturalescapes.com/,,,NON_RESOLUE,aucun ATS détecté sur le site
miakoda,https://www.miakodanewyork.com/?oid=101&affid=1&source_id=GoY-rating&sub1=brandpage,,,NON_RESOLUE,aucun ATS détecté sur le site
le monarque,https://lmonarque.com/,,,NON_RESOLUE,aucun ATS détecté sur le site
masai,https://www.masai.net/,,,NON_RESOLUE,site en erreur au probe
logo,https://www.logoofficial.com/,,,NON_RESOLUE,aucun ATS détecté sur le site
lola's bag,https://lolasbag.com/,,,NON_RESOLUE,aucun ATS détecté sur le site
maium,https://www.maium.nl/,,,NON_RESOLUE,aucun ATS détecté sur le site
mojave desert skin shield,https://mojavedesertskinshield.com/,,,NON_RESOLUE,aucun ATS détecté sur le site
liu jo,https://www.liujo.com/gb/,,,NON_RESOLUE,aucun ATS détecté sur le site
natacha marro,https://www.natachamarro.com/,,,NON_RESOLUE,aucun ATS détecté sur le site
laura,https://www.laura.ca/,,,NON_RESOLUE,site en erreur au probe
markaware,https://markaware.jp/,,,NON_RESOLUE,aucun ATS détecté sur le site
luxoptica,https://luxoptica.ua/,,,NON_RESOLUE,aucun ATS détecté sur le site
marville,https://marvilleofficial.it/,,,NON_RESOLUE,aucun ATS détecté sur le site
macian,https://maciancollection.com/,,,NON_RESOLUE,aucun ATS détecté sur le site
nicholas k,https://nicholask.com/,,,NON_RESOLUE,aucun ATS détecté sur le site
manjeri skincare,http://manjeriskincare.com/,,,NON_RESOLUE,aucun ATS détecté sur le site
meliora cleaning products,https://meliorameansbetter.com/?gad_source=1,,,NON_RESOLUE,aucun ATS détecté sur le site
matsuzakaya nagoya,https://www.matsuzakaya.co.jp/nagoya/,,,NON_RESOLUE,site en erreur au probe
lé bent,https://www.lebent.com.au/,,,NON_RESOLUE,aucun ATS détecté sur le site
local european,https://localeuropean.com/,,,NON_RESOLUE,site en erreur au probe
luna nectar,http://www.lunanectar.com/,,,NON_RESOLUE,aucun ATS détecté sur le site
monies,https://monies.com/,,,NON_RESOLUE,aucun ATS détecté sur le site
miramira,https://mira-mira.es/,,,NON_RESOLUE,aucun ATS détecté sur le site
level up skincare,http://www.levelupskincare.com/,,,NON_RESOLUE,aucun ATS détecté sur le site
lola tara,https://www.lolatara.com/,,,NON_RESOLUE,aucun ATS détecté sur le site
magic flying boots,https://www.magicflyingboots.co.uk/,,,NON_RESOLUE,aucun ATS détecté sur le site
maison marais,https://www.maisonmarais.com/,,,NON_RESOLUE,aucun ATS détecté sur le site
kuumba made,http://www.kuumbamade.com/,,,NON_RESOLUE,site en erreur au probe
kanazawa marukoshi department store,https://www.kmza.jp/,,,NON_RESOLUE,aucun ATS détecté sur le site
me+em,https://www.meandem.com/,,,NON_RESOLUE,site en erreur au probe
mascaró,https://www.mascaro.com/,,,NON_RESOLUE,site en erreur au probe
nature's alchemy,http://www.naturesalchemy.com/,,,NON_RESOLUE,aucun ATS détecté sur le site
lefrik,https://www.lefrik.com/?oid=327&affid=1&source_id=GoY-rating&sub1=brandpage,,,NON_RESOLUE,aucun ATS détecté sur le site
needles,https://needles.jp/,,,NON_RESOLUE,aucun ATS détecté sur le site
matthew bruch,https://matthewbruch.com/,,,NON_RESOLUE,aucun ATS détecté sur le site
mixeri,https://www.mixeri.com/,,,NON_RESOLUE,aucun ATS détecté sur le site
marmalade,https://www.marmaladefreshclothing.com/,,,NON_RESOLUE,aucun ATS détecté sur le site
maravilha natural,https://maravilhanatural.com.br/,,,NON_RESOLUE,aucun ATS détecté sur le site
liefling,https://mouwlengte7.com/collections/liefling-overhemden/,,,NON_RESOLUE,aucun ATS détecté sur le site
lost ink,https://www.lost-ink.co.uk/,,,NON_RESOLUE,aucun ATS détecté sur le site
lucy bee,http://www.lucybee.com/,,,NON_RESOLUE,site en erreur au probe
nine west,https://ninewest.com/,,,NON_RESOLUE,site en erreur au probe
leaf fine jewelry,https://www.leaf-schmuck.de/,,,NON_RESOLUE,site en erreur au probe
la boucle,https://laboucle.com/,,,NON_RESOLUE,site en erreur au probe
melissa joy manning,https://melissajoymanning.com/?oid=237&affid=1&source_id=GoY-rating&sub1=brandpage,,,NON_RESOLUE,site en erreur au probe
lusana,https://lusana.online/,,,NON_RESOLUE,aucun ATS détecté sur le site
maison rebatchi,https://www.rebatchi.com/en/,,,NON_RESOLUE,aucun ATS détecté sur le site
loopy mango,https://loopymango.com/,,,NON_RESOLUE,aucun ATS détecté sur le site
moost wanted,https://www.moostwanted.com/,,,NON_RESOLUE,site en erreur au probe
mod'spe paris,https://www.modspeparis.com/,,,NON_RESOLUE,aucun ATS détecté sur le site
leonhard heyden,https://www.leonhard-heyden.com/,,,NON_RESOLUE,aucun ATS détecté sur le site
loren stewart,https://www.lorenstewart.com/,,,NON_RESOLUE,aucun ATS détecté sur le site
kdlr beauty labs,https://shop.kdlrbeautylabs.com/,,,NON_RESOLUE,aucun ATS détecté sur le site
lotte duty free,https://lottedutyfree.com.au/,,,NON_RESOLUE,site en erreur au probe
mars loves her,https://marslovesher.com/,,,NON_RESOLUE,aucun ATS détecté sur le site
marianamalni,http://www.marianamalni.com/,,,NON_RESOLUE,aucun ATS détecté sur le site
message factory,https://messagefcty.com/,,,NON_RESOLUE,aucun ATS détecté sur le site
masami,http://www.lovemasami.com/,,,NON_RESOLUE,aucun ATS détecté sur le site
matona,https://www.matona.at/en/,,,NON_RESOLUE,site en erreur au probe
mc2 saint barth,https://www.mc2saintbarth.com/eu/en_eu/,,,NON_RESOLUE,aucun ATS détecté sur le site
modum,https://www.modum.by/,,,NON_RESOLUE,aucun ATS détecté sur le site
nobodinoz,https://www.nobodinoz.com/en/new.html#page=1?utm_source=GoodOnYou%20App&utm_medium=Referral,,,NON_RESOLUE,site en erreur au probe
lidea,https://www.lidea.de/,,,NON_RESOLUE,aucun ATS détecté sur le site
louve,https://louveboutique.fr/,,,NON_RESOLUE,aucun ATS détecté sur le site
mac jeans,https://www.mac-jeans.com/,,,NON_RESOLUE,site en erreur au probe
lousy livin underwear,https://www.lousylivin.com/,,,NON_RESOLUE,aucun ATS détecté sur le site
marco castro,http://marcocastro.world/,,,NON_RESOLUE,aucun ATS détecté sur le site
johnny concert,http://www.johnnyconcert.com/,,,NON_RESOLUE,aucun ATS détecté sur le site
mayo chix,http://www.mayochix.hu/,,,NON_RESOLUE,aucun ATS détecté sur le site
louembrace,https://louembrace.com/,,,NON_RESOLUE,aucun ATS détecté sur le site
noppies,https://www.noppies.com/,,,NON_RESOLUE,aucun ATS détecté sur le site
levete room,https://www.leveteroom.com/,,,NON_RESOLUE,aucun ATS détecté sur le site
michele & hoven,https://www.micheleandhoven.com/,,,NON_RESOLUE,aucun ATS détecté sur le site
maybelline,https://www.maybelline.com/,,,NON_RESOLUE,aucun ATS détecté sur le site
marmar copenhagen,https://marmarcopenhagen.com/,,,NON_RESOLUE,aucun ATS détecté sur le site
nour boutique,https://nourboutique.co.uk/,,,NON_RESOLUE,aucun ATS détecté sur le site
lua skincare,https://luaskincare.com/,,,NON_RESOLUE,aucun ATS détecté sur le site
limit,https://www.limitwatches.co.uk/,,,NON_RESOLUE,aucun ATS détecté sur le site
lonely kids club,https://www.lonelykidsclub.com/,,,NON_RESOLUE,aucun ATS détecté sur le site
mesolyft micro-needling skincare,http://www.mesolyft.com/,,,NON_RESOLUE,aucun ATS détecté sur le site
magnanni,https://magnanni.com/,,,NON_RESOLUE,aucun ATS détecté sur le site
madre botanics,http://madrebotanics.com/,,,NON_RESOLUE,aucun ATS détecté sur le site
megan & co herbal apothecary and clinic,http://meganandco.com/,,,NON_RESOLUE,aucun ATS détecté sur le site
love copenhagen,https://www.lovecopenhagendk.com/,,,NON_RESOLUE,aucun ATS détecté sur le site
nellie's clean,http://nelliesclean.com/,,,NON_RESOLUE,aucun ATS détecté sur le site
michael kors,https://www.michaelkors.com/,,,NON_RESOLUE,aucun ATS détecté sur le site
m.ph,https://mphbeauty.com/,,,NON_RESOLUE,aucun ATS détecté sur le site
les néréides,https://www.lesnereides.com/,,,NON_RESOLUE,aucun ATS détecté sur le site
lasalle,http://www.lasalle-fashion.com/,,,NON_RESOLUE,site en erreur au probe
manyavar,https://www.manyavar.com/,,,NON_RESOLUE,aucun ATS détecté sur le site
mason garments,https://www.masongarments.com/,,,NON_RESOLUE,site en erreur au probe
milani,http://www.milanicosmetics.com/,,,NON_RESOLUE,site en erreur au probe
maurice malone,https://mauricemaloneusa.com/,,,NON_RESOLUE,aucun ATS détecté sur le site
lisa kott,https://www.lisakott.com/,,,NON_RESOLUE,aucun ATS détecté sur le site
king baby studio,https://kingbabystudio.com/,,,NON_RESOLUE,aucun ATS détecté sur le site
la salt co®,http://lasaltco.com/,,,NON_RESOLUE,site en erreur au probe
maison manël,https://manelparfums.com/,,,NON_RESOLUE,aucun ATS détecté sur le site
lotus,https://www.phenomene.nl/,,,NON_RESOLUE,aucun ATS détecté sur le site
kekäle,https://www.kekale.fi/,,,NON_RESOLUE,aucun ATS détecté sur le site
matter outdoors,http://www.mattercompany.com/,,,NON_RESOLUE,aucun ATS détecté sur le site
manas,https://www.manas.com/,,,NON_RESOLUE,aucun ATS détecté sur le site
lisette l montreal,https://lisettel.com/,,,NON_RESOLUE,aucun ATS détecté sur le site
matter facial,http://mattercompany.com/,,,NON_RESOLUE,aucun ATS détecté sur le site
maria contigiani,https://www.mariacontigiani.it/en/,,,NON_RESOLUE,aucun ATS détecté sur le site
lua accessories,https://www.lua-accessories.com/,,,NON_RESOLUE,aucun ATS détecté sur le site
maison artc,https://www.maisonartc.com/,,,NON_RESOLUE,aucun ATS détecté sur le site
milktology,https://milktology.us/,,,NON_RESOLUE,aucun ATS détecté sur le site
mapi urban clothes,https://mapiurbanclothing.wordpress.com/,,,NON_RESOLUE,aucun ATS détecté sur le site
lumisha,https://www.lumisha.de/,,,NON_RESOLUE,site en erreur au probe
lovery,https://www.lovery.com/,,,NON_RESOLUE,aucun ATS détecté sur le site
liël clothing,https://www.lielclothing.com/,,,NON_RESOLUE,aucun ATS détecté sur le site
mondraghi,https://www.mondraghi.com/,,,NON_RESOLUE,site en erreur au probe
mbt / masai barefoot technology,https://mbtshop.jp/,,,NON_RESOLUE,aucun ATS détecté sur le site
m-tac us,https://m-tac.us/,,,NON_RESOLUE,aucun ATS détecté sur le site
luca vanucci,https://lucavanucci.co.uk/,,,NON_RESOLUE,aucun ATS détecté sur le site
milkbarn,https://milkbarnkids.com/,,,NON_RESOLUE,aucun ATS détecté sur le site
men's wearhouse,https://www.menswearhouse.com/,,,NON_RESOLUE,aucun ATS détecté sur le site
live bearded,https://livebearded.com/,,,NON_RESOLUE,aucun ATS détecté sur le site
mamas & papas,https://www.mamasandpapas.com/,,,NON_RESOLUE,aucun ATS détecté sur le site
lagoped,https://lagoped.com/en,,,NON_RESOLUE,site en erreur au probe
moonbow skin,https://www.moonbowskin.com/,,,NON_RESOLUE,aucun ATS détecté sur le site
most prominent co.,https://mostprominent.co/,,,NON_RESOLUE,aucun ATS détecté sur le site
kids worldwide,https://kidsworldwide.shop/,,,NON_RESOLUE,aucun ATS détecté sur le site
love ur curls,http://loveurcurls.com/,,,NON_RESOLUE,aucun ATS détecté sur le site
lavani jewels,https://lavanijewels.com/,,,NON_RESOLUE,aucun ATS détecté sur le site
josiny,https://www.josiny.com/,,,NON_RESOLUE,aucun ATS détecté sur le site
mali + liili,https://www.maliandlili.com/,,,NON_RESOLUE,aucun ATS détecté sur le site
le monde gourmand,https://www.gourmandbeauty.com/,,,NON_RESOLUE,aucun ATS détecté sur le site
melania,http://www.melania.it/en/,,,NON_RESOLUE,aucun ATS détecté sur le site
maed beauty,http://www.maedbeauty.com/,,,NON_RESOLUE,aucun ATS détecté sur le site
juliette has a gun,https://us.juliettehasagun.com/,,,NON_RESOLUE,aucun ATS détecté sur le site
konges sløjd,https://kongessloejd.com/,,,NON_RESOLUE,aucun ATS détecté sur le site
lynx optique,https://www.lynx-optique.com/,,,NON_RESOLUE,aucun ATS détecté sur le site
miss diva,http://missdiva.co.uk/,,,NON_RESOLUE,aucun ATS détecté sur le site
lugz,https://lugz.com/,,,NON_RESOLUE,aucun ATS détecté sur le site
lumin skincare,https://www.luminskin.com/,,,NON_RESOLUE,aucun ATS détecté sur le site
melvin & hamilton,http://www.melvin-hamilton.com/,,,NON_RESOLUE,aucun ATS détecté sur le site
marden's,https://www.mardens.com/,,,NON_RESOLUE,aucun ATS détecté sur le site
madam glam,http://www.madamglam.com/,,,NON_RESOLUE,aucun ATS détecté sur le site
klimbim,https://www.klimbimbarcelona.com/,,,NON_RESOLUE,site en erreur au probe
linda farrow,https://int.lindafarrow.com/,,,NON_RESOLUE,site en erreur au probe
mbym,https://www.mbym.dk/,,,NON_RESOLUE,aucun ATS détecté sur le site
markberg,https://markberg.com/,,,NON_RESOLUE,aucun ATS détecté sur le site
nina ho illustration,https://www.ninahoillustration.com/,,,NON_RESOLUE,aucun ATS détecté sur le site
mazoni,http://www.mazoni.pt/,,,NON_RESOLUE,aucun ATS détecté sur le site
ministry of gems,https://ministryofgems.com.au/,,,NON_RESOLUE,aucun ATS détecté sur le site
nulabel,https://the-nulabel.com/,,,NON_RESOLUE,aucun ATS détecté sur le site
manifestie,https://www.manifestie.com/,,,NON_RESOLUE,aucun ATS détecté sur le site
liska lab,https://www.labdiamant.at/,,,NON_RESOLUE,aucun ATS détecté sur le site
justine b,https://justineb.fr/,,,NON_RESOLUE,aucun ATS détecté sur le site
no bad days club,https://www.nbdc-b2b.com/,,,NON_RESOLUE,aucun ATS détecté sur le site
mari fox wellness,https://www.marifoxwellness.com/shop,,,NON_RESOLUE,aucun ATS détecté sur le site
luna'mour beauty,http://lunamour.co/,,,NON_RESOLUE,aucun ATS détecté sur le site
madebyme co.,http://madebymeco.com/,,,NON_RESOLUE,aucun ATS détecté sur le site
muchachomalo,https://www.muchachomalo.com/,,,NON_RESOLUE,aucun ATS détecté sur le site
luxbyaura,https://luxbyaura.com/,,,NON_RESOLUE,aucun ATS détecté sur le site
mb cork,https://www.mbcork.com/,,,NON_RESOLUE,aucun ATS détecté sur le site
miss chase,https://misschase.com/,,,NON_RESOLUE,aucun ATS détecté sur le site
lofty manner,https://www.loftymanner.com/,,,NON_RESOLUE,aucun ATS détecté sur le site
lanius,https://www.lanius.com/,,,NON_RESOLUE,aucun ATS détecté sur le site
mikk-line,https://www.mikk-line.dk/,,,NON_RESOLUE,aucun ATS détecté sur le site
nomi fame,https://www.nomifame.com/,,,NON_RESOLUE,aucun ATS détecté sur le site
leons.cz,https://leons.cz/,,,NON_RESOLUE,aucun ATS détecté sur le site
lilimill,https://www.lilimill.com/,,,NON_RESOLUE,aucun ATS détecté sur le site
jiva organics,http://www.jivaorganicfoods.com/,,,NON_RESOLUE,aucun ATS détecté sur le site
mainio,https://www.mainioclothing.com/,,,NON_RESOLUE,aucun ATS détecté sur le site
maryam ahmed official,https://www.maryamahmedofficial.com/,,,NON_RESOLUE,aucun ATS détecté sur le site
laura geller,https://www.laurageller.com/,,,NON_RESOLUE,aucun ATS détecté sur le site
lodi,https://www.lodi.es/,,,NON_RESOLUE,aucun ATS détecté sur le site
my little belleville,https://www.mylittlebelleville.com/,,,NON_RESOLUE,aucun ATS détecté sur le site
live linen,https://livelinen.com/,,,NON_RESOLUE,aucun ATS détecté sur le site
mei apothecary,http://meiapothecary.com/,,,NON_RESOLUE,aucun ATS détecté sur le site
kranz,https://www.kranz-munich.de/,,,NON_RESOLUE,aucun ATS détecté sur le site
marle,https://www.marle.co.nz/,,,NON_RESOLUE,aucun ATS détecté sur le site
ma.strum,https://www.mastrum.com/,,,NON_RESOLUE,aucun ATS détecté sur le site
marjolein elisabeth,https://www.marjoleinelisabeth.nl/,,,NON_RESOLUE,aucun ATS détecté sur le site
mine line,http://www.mine-line.com/,,,NON_RESOLUE,aucun ATS détecté sur le site
mks eco hair care,http://www.mkseco.com/,,,NON_RESOLUE,aucun ATS détecté sur le site
marylia scott cosmetics,https://maryliascottcosmetics.com/,,,NON_RESOLUE,aucun ATS détecté sur le site
john richmond,https://www.johnrichmond.com/,,,NON_RESOLUE,aucun ATS détecté sur le site
macy's backstage,https://www.macysbackstage.com/,,,NON_RESOLUE,site en erreur au probe
obakki skincare,https://obakki.com/pages/obakki-skincare,,,NON_RESOLUE,aucun ATS détecté sur le site
merle norman cosmetics,https://www.merlenorman.com/,,,NON_RESOLUE,aucun ATS détecté sur le site
lonely,https://lonelylabel.com/,,,NON_RESOLUE,aucun ATS détecté sur le site
marcia de carvalho,https://chaussettesorphelines.com/,,,NON_RESOLUE,aucun ATS détecté sur le site
mrs. meyer's clean day,http://www.mrsmeyers.com/,,,NON_RESOLUE,aucun ATS détecté sur le site
meindl,https://www.meindl-fashions.de/,,,NON_RESOLUE,aucun ATS détecté sur le site
m. skin care,http://mskincare.com/,,,NON_RESOLUE,aucun ATS détecté sur le site
mètamour,http://www.metamourskincare.com/,,,NON_RESOLUE,aucun ATS détecté sur le site
kzeniya,https://www.kzeniya.com/,,,NON_RESOLUE,aucun ATS détecté sur le site
miraculum,https://miraculum.pl/,,,NON_RESOLUE,aucun ATS détecté sur le site
lip,https://lip.fr/,,,NON_RESOLUE,aucun ATS détecté sur le site
la doublej,https://www.ladoublej.com/,,,NON_RESOLUE,aucun ATS détecté sur le site
metro oasis,https://www.metroasis.com.tw/,,,NON_RESOLUE,site en erreur au probe
miik,https://www.miik.ca/,,,NON_RESOLUE,aucun ATS détecté sur le site
mary allan skin care,http://www.maryallan.com/,,,NON_RESOLUE,aucun ATS détecté sur le site
oechsle,http://www.oechsle.pe/,,,NON_RESOLUE,aucun ATS détecté sur le site
maisie wilen,https://maisiewilen.com/,,,NON_RESOLUE,aucun ATS détecté sur le site
matr boomie,https://matrboomie.com/,,,NON_RESOLUE,site en erreur au probe
malabar gold and diamonds,https://www.malabargoldanddiamonds.com/,,,NON_RESOLUE,aucun ATS détecté sur le site
mane sa,https://www.mane.com/,,,NON_RESOLUE,aucun ATS détecté sur le site
kobayashi optical,https://www.kobayashi.com.tw/,,,NON_RESOLUE,aucun ATS détecté sur le site
leap concept,https://leapconceptstore.com/,,,NON_RESOLUE,aucun ATS détecté sur le site
miansai,https://www.miansai.com/,,,NON_RESOLUE,aucun ATS détecté sur le site
kaotiko,https://www.kaotikobcn.com/,,,NON_RESOLUE,aucun ATS détecté sur le site
magpie goose,https://magpiegoose.com/,,,NON_RESOLUE,aucun ATS détecté sur le site
matin,https://www.matinstudio.com/,,,NON_RESOLUE,aucun ATS détecté sur le site
mmic,https://www.mmic.kr/,,,NON_RESOLUE,site en erreur au probe
maggie's organics,https://maggiesorganics.com/,,,NON_RESOLUE,aucun ATS détecté sur le site
mart visser,https://www.martvisser.nl/,,,NON_RESOLUE,aucun ATS détecté sur le site
madison reed,https://www.madison-reed.com/,,,NON_RESOLUE,aucun ATS détecté sur le site
lotto,https://www.lotto.it/,,,NON_RESOLUE,site en erreur au probe
lab pal zileri,https://www.labpalzileri.com/,,,NON_RESOLUE,aucun ATS détecté sur le site
lovely bird,https://www.shoplovelybird.com/,,,NON_RESOLUE,aucun ATS détecté sur le site
mainbocher,http://www.mainbocher.com/,,,NON_RESOLUE,site en erreur au probe
mercer,https://www.merceramsterdam.com/,,,NON_RESOLUE,site en erreur au probe
marc enzo,https://marc-enzo.com/,,,NON_RESOLUE,aucun ATS détecté sur le site
okko,https://okko.ch/,,,NON_RESOLUE,aucun ATS détecté sur le site
maypol,https://www.maypol.es/,,,NON_RESOLUE,aucun ATS détecté sur le site
love republic,https://loverepublic.ru/,,,NON_RESOLUE,aucun ATS détecté sur le site
lemonhead.la,http://www.getlemonhead.com/,,,NON_RESOLUE,aucun ATS détecté sur le site
mercer amsterdam,https://www.merceramsterdam.com/en/home,,,NON_RESOLUE,site en erreur au probe
milavitsa,https://www.milavitsa.com/,,,NON_RESOLUE,site en erreur au probe
manduka,https://eu.manduka.com/,,,NON_RESOLUE,aucun ATS détecté sur le site
louis and mia,https://www.louis-and-mia.de/,,,NON_RESOLUE,aucun ATS détecté sur le site
miga swimwear,https://migaswimwear.com/,,,NON_RESOLUE,aucun ATS détecté sur le site
kultajousi,https://www.kultajousi.fi/fi/,,,NON_RESOLUE,aucun ATS détecté sur le site
ludovic de saint sernin,https://ludovicdesaintsernin.com/,,,NON_RESOLUE,aucun ATS détecté sur le site
meyer broeken,https://www.meyerbroeken.nl/,,,NON_RESOLUE,site en erreur au probe
my beachy side,http://www.mybeachyside.com/,,,NON_RESOLUE,aucun ATS détecté sur le site
nalani naturals,http://www.nalanibotanics.com/,,,NON_RESOLUE,aucun ATS détecté sur le site
olow,https://www.olow.fr/,,,NON_RESOLUE,aucun ATS détecté sur le site
marc cain,https://www.marc-cain.com/,,,NON_RESOLUE,aucun ATS détecté sur le site
lina hanson,http://www.linahanson.com/,,,NON_RESOLUE,aucun ATS détecté sur le site
mikii,http://mikiiskin.com/,,,NON_RESOLUE,aucun ATS détecté sur le site
les tricots,https://lestricotsdo.be/,,,NON_RESOLUE,aucun ATS détecté sur le site
manning cartell,https://www.manningcartell.com.au/,,,NON_RESOLUE,aucun ATS détecté sur le site
milliana,https://www.millianna.com/,,,NON_RESOLUE,aucun ATS détecté sur le site
mini a ture,https://miniature.com/,,,NON_RESOLUE,site en erreur au probe
modher,https://www.modher.com/,,,NON_RESOLUE,aucun ATS détecté sur le site
miribel naturals,https://www.miribelnaturals.com/,,,NON_RESOLUE,aucun ATS détecté sur le site
lakelle,https://lakelle.com/,,,NON_RESOLUE,aucun ATS détecté sur le site
megane drug,https://www.meganedrug.com/,,,NON_RESOLUE,aucun ATS détecté sur le site
maylyn & co.,http://www.maylynandco.com/,,,NON_RESOLUE,aucun ATS détecté sur le site
l'eau de vie pure skin preparations,http://www.leaudevieskin.com/,,,NON_RESOLUE,aucun ATS détecté sur le site
no44,https://no44store.com/,,,NON_RESOLUE,aucun ATS détecté sur le site
kashket & partners,https://www.firminhouse.com/about-us/kashket-partners/,,,NON_RESOLUE,aucun ATS détecté sur le site
lupo,http://lupo.com.br/,,,NON_RESOLUE,aucun ATS détecté sur le site
mikimoto,http://www.mikimoto.com/jp,,,NON_RESOLUE,site en erreur au probe
la maison de lyllis,https://lamaisondelyllis.com/,,,NON_RESOLUE,aucun ATS détecté sur le site
ochnik,https://ochnik.com/,,,NON_RESOLUE,aucun ATS détecté sur le site
mēnos skin,https://menosskin.com/,,,NON_RESOLUE,aucun ATS détecté sur le site
marco masi,https://marcomasi.it/,,,NON_RESOLUE,aucun ATS détecté sur le site
maurizio baldassari,https://mauriziobaldassari.com/en,,,NON_RESOLUE,site en erreur au probe
mimisol,http://mimisol.com/,,,NON_RESOLUE,aucun ATS détecté sur le site
laboratoires fillmed,https://fillmed.com/,,,NON_RESOLUE,aucun ATS détecté sur le site
laperle beauty,https://shop-laurettelaperle.com/,,,NON_RESOLUE,aucun ATS détecté sur le site
nonsolosport,https://www.nonsolosport.it/,,,NON_RESOLUE,aucun ATS détecté sur le site
mina and the moon,https://www.minaandthemoon.com/,,,NON_RESOLUE,aucun ATS détecté sur le site
mondaine,https://mondaine.com.au/,,,NON_RESOLUE,aucun ATS détecté sur le site
lux mood by european culture,https://www.european-culture.it/,,,NON_RESOLUE,aucun ATS détecté sur le site
makia,https://makia.com/,,,NON_RESOLUE,aucun ATS détecté sur le site
marie jo,http://www.mariejo.com/en,,,NON_RESOLUE,aucun ATS détecté sur le site
luis trenker,https://www.luistrenker.com/,,,NON_RESOLUE,aucun ATS détecté sur le site
mayerline,https://www.mayerline.be/,,,NON_RESOLUE,aucun ATS détecté sur le site
milus,https://www.milus.com/,,,NON_RESOLUE,aucun ATS détecté sur le site
molliolli,https://www.molliolli.com/,,,NON_RESOLUE,aucun ATS détecté sur le site
lissac,https://www.lissac.fr/,,,NON_RESOLUE,site en erreur au probe
la paz,https://lapaz.pt/,,,NON_RESOLUE,aucun ATS détecté sur le site
onepiece,https://www.onepiece.com/,,,NON_RESOLUE,aucun ATS détecté sur le site
meganesuper,https://www.meganesuper.co.jp/,,,NON_RESOLUE,aucun ATS détecté sur le site
little man happy,https://www.littlemanhappy.com/,,,NON_RESOLUE,aucun ATS détecté sur le site
morrsan,https://mp.weixin.qq.com/s/jKD8GY6BWXPrRDj4nT9P5w,,,NON_RESOLUE,aucun ATS détecté sur le site
lunya,https://lunya.co/,,,NON_RESOLUE,aucun ATS détecté sur le site
miracle oil,http://www.hempseedbodycare.com/,,,NON_RESOLUE,aucun ATS détecté sur le site
mephisto,https://mephistousa.com/,,,NON_RESOLUE,aucun ATS détecté sur le site
naadam,https://naadam.co/,,,NON_RESOLUE,site en erreur au probe
molly bracken,https://www.mollybracken.com/,,,NON_RESOLUE,aucun ATS détecté sur le site
m+rc noir,https://mrcnoir.com/,,,NON_RESOLUE,aucun ATS détecté sur le site
marni,https://www.marni.com/,,,NON_RESOLUE,aucun ATS détecté sur le site
meemoza,https://meemoza.ca/,,,NON_RESOLUE,aucun ATS détecté sur le site
luxe & nature™,https://www.luxeandnature.us/,,,NON_RESOLUE,aucun ATS détecté sur le site
l.l.bean,https://www.llbean.com/,,,NON_RESOLUE,aucun ATS détecté sur le site
maripé,https://www.maripe.com/,,,NON_RESOLUE,aucun ATS détecté sur le site
mozz bags,https://mozzbags.nl/,,,NON_RESOLUE,aucun ATS détecté sur le site
livera,https://www.livera.nl/,,,NON_RESOLUE,aucun ATS détecté sur le site
oh kimono,https://ohkimono.com/,,,NON_RESOLUE,aucun ATS détecté sur le site
ladoni kind beauty,https://www.ladonibeauty.ca/,,,NON_RESOLUE,aucun ATS détecté sur le site
m.d. blend,https://mdblend.com/,,,NON_RESOLUE,aucun ATS détecté sur le site
monkind,https://monkind.com/,,,NON_RESOLUE,aucun ATS détecté sur le site
miss spa,https://miss-spa.com/,,,NON_RESOLUE,aucun ATS détecté sur le site
nué studio,https://www.nue-studio.com/,,,NON_RESOLUE,aucun ATS détecté sur le site
jouer cosmetics,http://www.jouercosmetics.com/,,,NON_RESOLUE,site en erreur au probe
ln pro,https://ln-pro.com/,,,NON_RESOLUE,aucun ATS détecté sur le site
mariclaro,https://www.mariclaro.ca/,,,NON_RESOLUE,site en erreur au probe
mochi,https://store.mochishoes.com/,,,NON_RESOLUE,aucun ATS détecté sur le site
monnari,https://emonnari.pl/,,,NON_RESOLUE,aucun ATS détecté sur le site
lauren holloway,https://www.laurenholloway.uk/,,,NON_RESOLUE,aucun ATS détecté sur le site
mey,https://www.mey.com/,,,NON_RESOLUE,aucun ATS détecté sur le site
magenta threads,https://magentathreads.com/,,,NON_RESOLUE,aucun ATS détecté sur le site
mori,https://babymori.com/,,,NON_RESOLUE,aucun ATS détecté sur le site
metz & co,http://metzco.eu/,,,NON_RESOLUE,aucun ATS détecté sur le site
liljenquist & beckstead,https://www.liljenquistbeckstead.com/,,,NON_RESOLUE,aucun ATS détecté sur le site
mani,https://skomani.no/,,,NON_RESOLUE,aucun ATS détecté sur le site
orbasics,https://orbasics.com/?_ef_transaction_id=&oid=379&affid=1,,,NON_RESOLUE,site en erreur au probe
miracles & more,https://www.miraclesmore.com/,,,NON_RESOLUE,aucun ATS détecté sur le site
moss copenhagen,https://www.mosscopenhagen.com/,,,NON_RESOLUE,aucun ATS détecté sur le site
members only,https://membersonly.com/,,,NON_RESOLUE,aucun ATS détecté sur le site
la manso,https://lamanso.shop/,,,NON_RESOLUE,aucun ATS détecté sur le site
le col,https://lecol.cc/,,,NON_RESOLUE,aucun ATS détecté sur le site
orovivo,https://www.orovivo.de/,,,NON_RESOLUE,aucun ATS détecté sur le site
mike davis,https://mikedavis.pt/en/,,,NON_RESOLUE,aucun ATS détecté sur le site
martina pipková loudová,http://www.martinapipkovaloudova.cz/,,,NON_RESOLUE,aucun ATS détecté sur le site
mistral,https://www.mistral.com/,,,NON_RESOLUE,site en erreur au probe
mania jeans,https://maniajeans.com/,,,NON_RESOLUE,aucun ATS détecté sur le site
maison henry jullien,https://maison-henry-jullien.fr/,,,NON_RESOLUE,aucun ATS détecté sur le site
mark's,https://www.marks.com/,,,NON_RESOLUE,aucun ATS détecté sur le site
modern age skin,https://modernageskin.com/,,,NON_RESOLUE,aucun ATS détecté sur le site
mansa musu,http://www.mansamusubeautyandcosmetics.com/,,,NON_RESOLUE,aucun ATS détecté sur le site
mika & milo,https://mika-milo.com/,,,NON_RESOLUE,aucun ATS détecté sur le site
mastoor,https://mastoor.co/,,,NON_RESOLUE,aucun ATS détecté sur le site
maaji,https://www.maaji.co/,,,NON_RESOLUE,aucun ATS détecté sur le site
monsoon blooms,https://www.monsoonblooms.com/,,,NON_RESOLUE,aucun ATS détecté sur le site
lolaliza,https://www.lolaliza.com/,,,NON_RESOLUE,site en erreur au probe
mizuiro ind,https://marcourt.jp/c/mizuiroind,,,NON_RESOLUE,aucun ATS détecté sur le site
oddbird,https://www.oddbirdco.com/,,,NON_RESOLUE,aucun ATS détecté sur le site
monarque,https://monarque.us/,,,NON_RESOLUE,aucun ATS détecté sur le site
lost pattern,https://lostpattern.com/,,,NON_RESOLUE,aucun ATS détecté sur le site
mitalee,http://www.ov-fs.com/,,,NON_RESOLUE,aucun ATS détecté sur le site
marigold life,https://www.marigoldbub.com/,,,NON_RESOLUE,aucun ATS détecté sur le site
modern earth skincare,https://www.modernearthskincare.com/,,,NON_RESOLUE,aucun ATS détecté sur le site
mr. lacy,https://www.mr-lacy.com/,,,NON_RESOLUE,aucun ATS détecté sur le site
muns,https://www.munsthebrand.com/,,,NON_RESOLUE,aucun ATS détecté sur le site
motivi,https://www.motivi.com/,,,NON_RESOLUE,aucun ATS détecté sur le site
momoni,https://www.momoni.it/,,,NON_RESOLUE,site en erreur au probe
laboratorio olfattivo,https://www.laboratorioolfattivo.com/,,,NON_RESOLUE,aucun ATS détecté sur le site
monc,https://www.monclondon.com/,,,NON_RESOLUE,aucun ATS détecté sur le site
keisei department store,https://www.mitokeisei.co.jp/,,,NON_RESOLUE,aucun ATS détecté sur le site
monter skin,https://monterskin.com/,,,NON_RESOLUE,aucun ATS détecté sur le site
lancel,https://www.lancel.com/,,,NON_RESOLUE,aucun ATS détecté sur le site
miomojo,https://www.miomojo.com/,,,NON_RESOLUE,aucun ATS détecté sur le site
ojar,https://ojarofficial.com/,,,NON_RESOLUE,aucun ATS détecté sur le site
malvi & co.,https://malvi.net/,,,NON_RESOLUE,aucun ATS détecté sur le site
marfa stance,https://www.marfastance.com/,,,NON_RESOLUE,aucun ATS détecté sur le site
manou,http://www.manoucollections.com/,,,NON_RESOLUE,aucun ATS détecté sur le site
mary young,https://maryyoung.com/,,,NON_RESOLUE,aucun ATS détecté sur le site
net,https://www.net-fashion.net/,,,NON_RESOLUE,aucun ATS détecté sur le site
kids around,https://uk.kidsaround.com/,,,NON_RESOLUE,site en erreur au probe
myst enterprise ltd.,https://www.mystenterprise.com/,,,NON_RESOLUE,aucun ATS détecté sur le site
lamarque collection,https://www.lamarquecollection.com/,,,NON_RESOLUE,site en erreur au probe
maty,https://www.maty.com/,,,NON_RESOLUE,aucun ATS détecté sur le site
larsson & jennings,https://www.larssonjennings.com/,,,NON_RESOLUE,aucun ATS détecté sur le site
lara laurén bags,https://www.laralauren.de/,,,NON_RESOLUE,aucun ATS détecté sur le site
melbourne leather co.,https://www.melbourneleatherco.com.au/,,,NON_RESOLUE,aucun ATS détecté sur le site
olivia wendel,https://www.oliviawendel.com/,,,NON_RESOLUE,aucun ATS détecté sur le site
luar,https://luar.world/,,,NON_RESOLUE,aucun ATS détecté sur le site
naiwbe natural as i wanna be,https://naiwbe.com/,,,NON_RESOLUE,aucun ATS détecté sur le site
muji / 無印良品,http://www.muji.com/,,,NON_RESOLUE,site en erreur au probe
moso morrow,https://shop.mosomorrow.com/,,,NON_RESOLUE,aucun ATS détecté sur le site
mcconnell,https://www.mcconnellwoollenmills.ie/,,,NON_RESOLUE,aucun ATS détecté sur le site
late checkout,https://latecheckoutissalifestyle.com/,,,NON_RESOLUE,aucun ATS détecté sur le site
lebiar,https://www.lebiar.com/,,,NON_RESOLUE,aucun ATS détecté sur le site
loïc or,http://www.loicor.com/,,,NON_RESOLUE,aucun ATS détecté sur le site
lumiyoo,http://www.lumiyoo.com/,,,NON_RESOLUE,aucun ATS détecté sur le site
mr price fashion,http://www.mrp.com/,,,NON_RESOLUE,aucun ATS détecté sur le site
one  all  every,https://www.oneallevery.com/,,,NON_RESOLUE,aucun ATS détecté sur le site
laurie,https://www.laurie-shop.eu/,,,NON_RESOLUE,aucun ATS détecté sur le site
mads nørgaard a/s,https://www.madsnorgaard.com/,,,NON_RESOLUE,aucun ATS détecté sur le site
modcloth,https://www.modcloth.com/,,,NON_RESOLUE,aucun ATS détecté sur le site
merry people,https://merrypeople.com/,,,NON_RESOLUE,aucun ATS détecté sur le site
mimiq,https://mimiq.in/,,,NON_RESOLUE,aucun ATS détecté sur le site
lenose,https://lenose.com/,,,NON_RESOLUE,aucun ATS détecté sur le site
myastreet,https://www.myastreet.com/,,,NON_RESOLUE,aucun ATS détecté sur le site
maison de l'asie,https://maisondelasie.sg/,,,NON_RESOLUE,aucun ATS détecté sur le site
meistersinger gmbh & co. kg,http://www.meistersinger.de/,,,NON_RESOLUE,aucun ATS détecté sur le site
nicowa,https://www.nicowa.com/,,,NON_RESOLUE,aucun ATS détecté sur le site
marsèll,https://www.marsell.it/,,,NON_RESOLUE,aucun ATS détecté sur le site
nat’v basics,https://natvbasics.com/?oid=108&affid=1&source_id=GoY-rating&sub1=brandpage,,,NON_RESOLUE,aucun ATS détecté sur le site
mussofi,https://mussofi.com/,,,NON_RESOLUE,aucun ATS détecté sur le site
megan leone designs,https://meganleone.com/,,,NON_RESOLUE,aucun ATS détecté sur le site
le gramme,https://legramme.com/?lang=en%3Futm_source%3DGoodOnYou+App,,,NON_RESOLUE,aucun ATS détecté sur le site
lawless beauty,http://www.lawlessbeauty.com/,,,NON_RESOLUE,aucun ATS détecté sur le site
m.latin,https://www.mlatin.com/,,,NON_RESOLUE,aucun ATS détecté sur le site
morgan jewelers,https://www.morganjewelers.com/,,,NON_RESOLUE,site en erreur au probe
lord veshine,http://limei2016.com.cn/,,,NON_RESOLUE,aucun ATS détecté sur le site
maribodi beauty,https://maribodi.com/,,,NON_RESOLUE,aucun ATS détecté sur le site
le coq sportif,https://www.lecoqsportif.com/,,,NON_RESOLUE,aucun ATS détecté sur le site
mibo,http://www.abarcasmenorquinas.com/,,,NON_RESOLUE,aucun ATS détecté sur le site
mozhdeh matin,https://mozhdehmatin.com/,,,NON_RESOLUE,aucun ATS détecté sur le site
pact,https://wearpact.com/,,,NON_RESOLUE,aucun ATS détecté sur le site
maska organics,http://www.maskaorganics.com/,,,NON_RESOLUE,aucun ATS détecté sur le site
little planet,https://www.littleplanet.pk/,,,NON_RESOLUE,aucun ATS détecté sur le site
monterrain,https://www.monterrain.co.uk/,,,NON_RESOLUE,site en erreur au probe
leselles,https://www.leselles.be/,,,NON_RESOLUE,aucun ATS détecté sur le site
mountain girl essentials,http://www.mountaingirlessentials.com/,,,NON_RESOLUE,aucun ATS détecté sur le site
marshalls,https://www.marshalls.ca/,,,NON_RESOLUE,aucun ATS détecté sur le site
malwee,https://www.malwee.com.br/,,,NON_RESOLUE,aucun ATS détecté sur le site
mustang survival,https://mustangsurvival.com/,,,NON_RESOLUE,aucun ATS détecté sur le site
optimist,https://optimist.ge/,,,NON_RESOLUE,aucun ATS détecté sur le site
mattise,https://mattisebrand.nl/,,,NON_RESOLUE,aucun ATS détecté sur le site
mira mikati,https://miramikati.com/,,,NON_RESOLUE,aucun ATS détecté sur le site
maxeffects naturals,https://www.maxeffectsnaturals.com/,,,NON_RESOLUE,aucun ATS détecté sur le site
maison alhambra,https://maisonalhambraperfume.com/,,,NON_RESOLUE,aucun ATS détecté sur le site
maren jewellery,https://marenjewellery.com/?oid=366&affid=1&source_id=GoY-rating&sub1=brandpage,,,NON_RESOLUE,aucun ATS détecté sur le site
marithé + françois girbaud,http://www.girbaud.com/,,,NON_RESOLUE,aucun ATS détecté sur le site
nature republic,https://www.naturerepublic.com/,,,NON_RESOLUE,aucun ATS détecté sur le site
milestone,http://www.milestone.style/,,,NON_RESOLUE,aucun ATS détecté sur le site
muebles américa,https://www.mueblesamerica.mx/,,,NON_RESOLUE,aucun ATS détecté sur le site
ljc designs,https://ljc-designs.com/,,,NON_RESOLUE,aucun ATS détecté sur le site
munich,https://www.munichsports.com/es/,,,NON_RESOLUE,aucun ATS détecté sur le site
nitwit nz clothing,https://nitwitnz.com/,,,NON_RESOLUE,aucun ATS détecté sur le site
metersbonwe,https://www.metersbonwe.com/,,,NON_RESOLUE,aucun ATS détecté sur le site
mightly,https://www.mightly.com/?oid=301&affid=&source_id=GoY-rating&sub1=brandpage,,,NON_RESOLUE,aucun ATS détecté sur le site
marita moreno,https://maritamoreno.com/,,,NON_RESOLUE,aucun ATS détecté sur le site
lefties,https://www.lefties.com/,,,NON_RESOLUE,site en erreur au probe
mads nørgaard,https://www.madsnorgaard.com/,,,NON_RESOLUE,aucun ATS détecté sur le site
na menswear,https://na-menswear.com/,,,NON_RESOLUE,aucun ATS détecté sur le site
n8ked beauty,https://n8kedbeauty.com/,,,NON_RESOLUE,aucun ATS détecté sur le site
one farm by waayb,http://www.onefarm.com/,,,NON_RESOLUE,aucun ATS détecté sur le site
nagoya mitsukoshi,https://www.mitsukoshi.mistore.jp/nagoya.html,,,NON_RESOLUE,site en erreur au probe
knuffle,https://knuffle.shop/,,,NON_RESOLUE,aucun ATS détecté sur le site
moor spa,http://www.moorspa.com/,,,NON_RESOLUE,aucun ATS détecté sur le site
my soul,https://www.mysoul.dk/,,,NON_RESOLUE,aucun ATS détecté sur le site
mister zimi,https://misterzimi.com/,,,NON_RESOLUE,site en erreur au probe
møn renn,https://www.monrenn.com/,,,NON_RESOLUE,aucun ATS détecté sur le site
marchesa notte bridesmaids,https://www.marchesa.com/,,,NON_RESOLUE,aucun ATS détecté sur le site
narciso rodriguez,http://www.narcisorodriguez.com/,,,NON_RESOLUE,aucun ATS détecté sur le site
pascucci,https://pasc.it/,,,NON_RESOLUE,aucun ATS détecté sur le site
lola rey,https://lolarey.es/,,,NON_RESOLUE,aucun ATS détecté sur le site
origins natural resources  inc.,https://www.origins.com/,,,NON_RESOLUE,site en erreur au probe
louis erard,http://montres-louiserard.ch/,,,NON_RESOLUE,aucun ATS détecté sur le site
lee mathews,https://us.leemathews.com.au/,,,NON_RESOLUE,site en erreur au probe
mini rodini,https://www.minirodini.com/,,,NON_RESOLUE,site en erreur au probe
maison blanche,https://www.maisonblanche.swiss/?oid=355&affid=1&source_id=GoY-rating&sub1=brandpage,,,NON_RESOLUE,site en erreur au probe
me spa,https://www.me-spas.com/,,,NON_RESOLUE,aucun ATS détecté sur le site
millstone farm & organics inc.,http://www.millstoneorganics.com/,,,NON_RESOLUE,aucun ATS détecté sur le site
mccall's highlandwear,https://www.mccalls.co.uk/,,,NON_RESOLUE,aucun ATS détecté sur le site
moss botanicals,http://www.mossbotanicals.com/,,,NON_RESOLUE,aucun ATS détecté sur le site
our pocket hero,https://ourpockethero.com/,,,NON_RESOLUE,aucun ATS détecté sur le site
korean skincare pakistan,https://korean-skincare.pk/,,,NON_RESOLUE,aucun ATS détecté sur le site
manimekala,https://www.manimekala.com/,,,NON_RESOLUE,aucun ATS détecté sur le site
leodis leather,https://www.ianatkinson.net/leather/,,,NON_RESOLUE,aucun ATS détecté sur le site
misako,https://www.misako.com/,,,NON_RESOLUE,aucun ATS détecté sur le site
lys beauty,http://www.lysbeauty.com/,,,NON_RESOLUE,site en erreur au probe
melanbrand skin,http://www.melanbrandskin.com/,,,NON_RESOLUE,aucun ATS détecté sur le site
pc jeweller,https://www.pcjeweller.com/,,,NON_RESOLUE,aucun ATS détecté sur le site
maritime naturals,https://maritimenaturals.com/,,,NON_RESOLUE,aucun ATS détecté sur le site
mario doni,https://www.mariodoni.it/en/,,,NON_RESOLUE,site en erreur au probe
malion vintage,https://malion-vintage.com/,,,NON_RESOLUE,aucun ATS détecté sur le site
name it,https://www.nameit.com/,,,NON_RESOLUE,aucun ATS détecté sur le site
noisy may,https://www.noisymay.com/,,,NON_RESOLUE,aucun ATS détecté sur le site
lilou,https://lilouparis.co.uk/,,,NON_RESOLUE,aucun ATS détecté sur le site
nanadecor,https://www.nanadecor.com/,,,NON_RESOLUE,aucun ATS détecté sur le site
madame gabriela,http://madamegabrielabeauty.com/,,,NON_RESOLUE,aucun ATS détecté sur le site
meislahn,https://meislahn.de/,,,NON_RESOLUE,aucun ATS détecté sur le site
lovetrust,https://lovetrustbrand.com/?oid=244&affid=1&source_id=GoY-rating&sub1=brandpage,,,NON_RESOLUE,aucun ATS détecté sur le site
mizzen,https://shimatabiyachts.com/collections/mizzen,,,NON_RESOLUE,aucun ATS détecté sur le site
nago,https://en.nago.com/?redirect=1%3Futm_source%3DGoodOnYou+App,,,NON_RESOLUE,aucun ATS détecté sur le site
kule,https://www.kule.com/,,,NON_RESOLUE,aucun ATS détecté sur le site
pablosky,https://pablosky.com/,,,NON_RESOLUE,aucun ATS détecté sur le site
level 99 jeans,https://level99jeans.com/,,,NON_RESOLUE,aucun ATS détecté sur le site
le tanneur,https://www.letanneur.eu/,,,NON_RESOLUE,aucun ATS détecté sur le site
modell's,https://www.modells.com/,,,NON_RESOLUE,aucun ATS détecté sur le site
marc orian,https://www.marc-orian.com/,,,NON_RESOLUE,site en erreur au probe
mineral options,http://www.mineraloptions.com/,,,NON_RESOLUE,aucun ATS détecté sur le site
mr. big & tall,https://www.mrbigandtall.ca/,,,NON_RESOLUE,aucun ATS détecté sur le site
mason's,https://en.masons.it/,,,NON_RESOLUE,aucun ATS détecté sur le site
merino kids,https://www.merinokids.co.nz/,,,NON_RESOLUE,aucun ATS détecté sur le site
maruti,https://www.marutifootwear.com/,,,NON_RESOLUE,aucun ATS détecté sur le site
natalyia nova,https://nataliyanova.com/,,,NON_RESOLUE,aucun ATS détecté sur le site
maurices,https://www.maurices.com/,,,NON_RESOLUE,aucun ATS détecté sur le site
people of leisure,https://peopleofleisure.co/,,,NON_RESOLUE,aucun ATS détecté sur le site
marine serre,https://marineserre.com/,,,NON_RESOLUE,aucun ATS détecté sur le site
magnet america,https://magnetamerica.com/,,,NON_RESOLUE,aucun ATS détecté sur le site
martin asbjørn,https://www.martinasbjorn.com/,,,NON_RESOLUE,aucun ATS détecté sur le site
mustang,https://www.mustang-jeans.com/,,,NON_RESOLUE,aucun ATS détecté sur le site
manitobah mukluks,https://www.manitobah.ca/,,,NON_RESOLUE,aucun ATS détecté sur le site
mi-el,http://mi-elskincare.com/,,,NON_RESOLUE,aucun ATS détecté sur le site
leonisa,https://leonisa.co/,,,NON_RESOLUE,aucun ATS détecté sur le site
narces,https://narces.com/,,,NON_RESOLUE,aucun ATS détecté sur le site
mirasa design,https://mirasadesign.com/,,,NON_RESOLUE,aucun ATS détecté sur le site
mercuryduo,https://brand.mercuryduo.com/,,,NON_RESOLUE,aucun ATS détecté sur le site
maru & ming,http://maruandming.com/,,,NON_RESOLUE,aucun ATS détecté sur le site
lior gabriel,https://liorgabriel.com/,,,NON_RESOLUE,aucun ATS détecté sur le site
molinard,https://molinard.com/,,,NON_RESOLUE,aucun ATS détecté sur le site
marinepool,https://www.marinepool.de/,,,NON_RESOLUE,aucun ATS détecté sur le site
opera sport,https://operasport.net/,,,NON_RESOLUE,site en erreur au probe
lei wai beauty,http://www.hileiwai.com/,,,NON_RESOLUE,aucun ATS détecté sur le site
martan,https://www.martan-official.com/,,,NON_RESOLUE,aucun ATS détecté sur le site
littleoddforest,https://www.littleoddforest.com/,,,NON_RESOLUE,aucun ATS détecté sur le site
missonep,http://www.missonep.com.cn/,,,NON_RESOLUE,aucun ATS détecté sur le site
mi bolsa,https://mibolsalondon.com/,,,NON_RESOLUE,aucun ATS détecté sur le site
nails for you,https://nailsforyou.ca/,,,NON_RESOLUE,aucun ATS détecté sur le site
makalu,https://makalu.com.pl/,,,NON_RESOLUE,aucun ATS détecté sur le site
persona,https://persona-chertanovo.ru/,,,NON_RESOLUE,aucun ATS détecté sur le site
montce,https://www.montce.com/,,,NON_RESOLUE,site en erreur au probe
mcoptic,https://www.mcoptic.ch/,,,NON_RESOLUE,aucun ATS détecté sur le site
lueder,https://lueder.shop/,,,NON_RESOLUE,aucun ATS détecté sur le site
monique,https://monique.store/,,,NON_RESOLUE,aucun ATS détecté sur le site
marco aldany,https://www.marcoaldany.com/,,,NON_RESOLUE,site en erreur au probe
modallica,https://www.modallica.com/,,,NON_RESOLUE,aucun ATS détecté sur le site
panos emporio,https://www.panos.com/,,,NON_RESOLUE,aucun ATS détecté sur le site
nekko,http://www.nekkocare.com/,,,NON_RESOLUE,aucun ATS détecté sur le site
natasha schweitzer,https://natashaschweitzer.com/,,,NON_RESOLUE,site en erreur au probe
na hoku,https://www.nahoku.com/,,,NON_RESOLUE,aucun ATS détecté sur le site
philippe model,https://www.philippemodel.com/,,,NON_RESOLUE,aucun ATS détecté sur le site
mila owen,https://milaowen.com/,,,NON_RESOLUE,site en erreur au probe
mianqa,https://mianqa.com/,,,NON_RESOLUE,aucun ATS détecté sur le site
minteyes,https://minteyesbrand.com/,,,NON_RESOLUE,aucun ATS détecté sur le site
l’carriera,https://www.lcarriera.com/,,,NON_RESOLUE,aucun ATS détecté sur le site
neococo,https://neococo.com/?oid=230&affid=1&source_id=GoY-rating&sub1=brandpage,,,NON_RESOLUE,aucun ATS détecté sur le site
manebí,https://manebi.com/,,,NON_RESOLUE,aucun ATS détecté sur le site
origin,https://www.originafrica.co.uk/,,,NON_RESOLUE,aucun ATS détecté sur le site
mona wie,https://monawie.be/,,,NON_RESOLUE,aucun ATS détecté sur le site
mon col anvers,https://www.moncol.be/,,,NON_RESOLUE,aucun ATS détecté sur le site
mappin & webb,https://www.mappinandwebb.com/,,,NON_RESOLUE,aucun ATS détecté sur le site
nowadays,https://www.nowadays.com/,,,NON_RESOLUE,aucun ATS détecté sur le site
lieblingsstükke by martina wodke,https://www.lieblingsstuekke.de/,,,NON_RESOLUE,aucun ATS détecté sur le site
mate the label,https://matethelabel.com/?oid=99&affid=1&source_id=GoY-rating&sub1=brandpage,,,NON_RESOLUE,aucun ATS détecté sur le site
moschino,https://www.moschino.com/,,,NON_RESOLUE,aucun ATS détecté sur le site
nasty gal,https://www.nastygal.com/,,,NON_RESOLUE,aucun ATS détecté sur le site
les bougies de charroux,https://www.bougies-charroux.com/,,,NON_RESOLUE,site en erreur au probe
namesake fragrance,https://namesakefragrance.com/,,,NON_RESOLUE,aucun ATS détecté sur le site
metro retail stores group,https://shopmetro.ph/,,,NON_RESOLUE,aucun ATS détecté sur le site
liewood,https://www.liewood.com/,,,NON_RESOLUE,aucun ATS détecté sur le site
mata traders,https://www.matatraders.com/,,,NON_RESOLUE,aucun ATS détecté sur le site
luxe wix®,https://luxewix.com/,,,NON_RESOLUE,aucun ATS détecté sur le site
mimi holvast,https://mimiholvast.com/,,,NON_RESOLUE,aucun ATS détecté sur le site
nialaya,https://www.nialaya.com/,,,NON_RESOLUE,aucun ATS détecté sur le site
melanie lyne,https://www.melanielyne.com/,,,NON_RESOLUE,site en erreur au probe
milano couture,https://mconline.co.uk/,,,NON_RESOLUE,aucun ATS détecté sur le site
nanga,https://nanga.jp/,,,NON_RESOLUE,aucun ATS détecté sur le site
montelle intimates,https://montelleintimates.com/,,,NON_RESOLUE,aucun ATS détecté sur le site
mixik skin,http://www.mixikskin.com/,,,NON_RESOLUE,aucun ATS détecté sur le site
mooyyy,https://www.mooyyy.cz/,,,NON_RESOLUE,site en erreur au probe
mou,https://www.mou-online.com/,,,NON_RESOLUE,aucun ATS détecté sur le site
maximo,https://www.maximo-strickmoden.de/,,,NON_RESOLUE,aucun ATS détecté sur le site
part two,https://www.parttwo.com/,,,NON_RESOLUE,aucun ATS détecté sur le site
love and confuse,https://loveandconfuse.com/,,,NON_RESOLUE,aucun ATS détecté sur le site
nuvadermis,https://nuvadermis.com/,,,NON_RESOLUE,aucun ATS détecté sur le site
mastermind japan,https://mastermindtokyo.com/en-en,,,NON_RESOLUE,aucun ATS détecté sur le site
mabli,https://www.mabli.co.uk/,,,NON_RESOLUE,aucun ATS détecté sur le site
maxomorra,https://www.maxomorra.com/,,,NON_RESOLUE,aucun ATS détecté sur le site
never fully dressed,https://www.neverfullydressed.co.uk/,,,NON_RESOLUE,aucun ATS détecté sur le site
natural beauty basic,http://n.naturalbeautybasic.com/,,,NON_RESOLUE,aucun ATS détecté sur le site
natan,https://www.natan.be/,,,NON_RESOLUE,aucun ATS détecté sur le site
mariano,https://marianoshoes.com/,,,NON_RESOLUE,aucun ATS détecté sur le site
minga london,https://www.mingalondon.com/,,,NON_RESOLUE,aucun ATS détecté sur le site
mr jones watches,https://mrjoneswatches.com/,,,NON_RESOLUE,aucun ATS détecté sur le site
nautica competition,https://www.nautica.com/,,,NON_RESOLUE,site en erreur au probe
miiow,http://www.miiow.com.cn/,,,NON_RESOLUE,site en erreur au probe
la parea wellness,https://lapareawellness.com/,,,NON_RESOLUE,aucun ATS détecté sur le site
niciart,https://www.niciart.com/,,,NON_RESOLUE,aucun ATS détecté sur le site
missguided,https://www.missguided.com/,,,NON_RESOLUE,aucun ATS détecté sur le site
mud jeans,https://www.mudjeans.eu/,,,NON_RESOLUE,aucun ATS détecté sur le site
montale,https://montaleparfums.com/en/,,,NON_RESOLUE,aucun ATS détecté sur le site
mavic,https://www.mavic.com/en-us,,,NON_RESOLUE,aucun ATS détecté sur le site
melissa,https://www.melissa.com.br/,,,NON_RESOLUE,site en erreur au probe
marocafella,https://marocafella.com/,,,NON_RESOLUE,aucun ATS détecté sur le site
moe kim textile studio,https://www.m-k-t-s.nl/,,,NON_RESOLUE,aucun ATS détecté sur le site
pineda covalín,https://www.pinedacovalin.com/,,,NON_RESOLUE,aucun ATS détecté sur le site
mimar™,http://www.mimarskin.com/,,,NON_RESOLUE,aucun ATS détecté sur le site
magiclinen,https://magiclinen.com/,,,NON_RESOLUE,aucun ATS détecté sur le site
message,https://message.dk/,,,NON_RESOLUE,aucun ATS détecté sur le site
nautica,https://www.nautica.com/,,,NON_RESOLUE,site en erreur au probe
miriam tirinzoni,http://www.miriamtirinzoni.it/,,,NON_RESOLUE,aucun ATS détecté sur le site
løci,https://lociwear.com/,,,NON_RESOLUE,aucun ATS détecté sur le site
muse apothecary,http://musebath.com/,,,NON_RESOLUE,aucun ATS détecté sur le site
master bunny edition,http://masterbunnyedition.net/,,,NON_RESOLUE,aucun ATS détecté sur le site
lina toro beauty,https://www.linatorobeauty.com/,,,NON_RESOLUE,aucun ATS détecté sur le site
lâcher prise,https://lacherpriseapparel.com/?oid=259&affid=1&source_id=GoY-rating&sub1=brandpage,,,NON_RESOLUE,aucun ATS détecté sur le site
miyé,https://www.miye.care/,,,NON_RESOLUE,aucun ATS détecté sur le site
lexi,https://www.lexiclothing.com.au/,,,NON_RESOLUE,site en erreur au probe
motherlove herbal company,http://www.motherlove.com/,,,NON_RESOLUE,site en erreur au probe
needle and thread,https://www.needleandthread.com/,,,NON_RESOLUE,aucun ATS détecté sur le site
lijia baby,https://www.lijiababy.com.cn/#/home,,,NON_RESOLUE,aucun ATS détecté sur le site
loyal e. paris,https://www.loyaleparis.com/en/,,,NON_RESOLUE,aucun ATS détecté sur le site
medicine,https://wearmedicine.com/,,,NON_RESOLUE,aucun ATS détecté sur le site
melin,https://melin.com/,,,NON_RESOLUE,aucun ATS détecté sur le site
neirami,https://www.neirami.it/,,,NON_RESOLUE,aucun ATS détecté sur le site
morton mac,https://mortonmac.com.au/,,,NON_RESOLUE,aucun ATS détecté sur le site
me mother earth,https://memotherearthbrand.com/,,,NON_RESOLUE,aucun ATS détecté sur le site
londre bodywear,https://londrebodywear.com/,,,NON_RESOLUE,aucun ATS détecté sur le site
minelli,https://www.minelli.fr/,,,NON_RESOLUE,site en erreur au probe
my petite coco,http://www.mypetitecoco.ca/,,,NON_RESOLUE,aucun ATS détecté sur le site
mirage studios,https://miragestudios.xyz/,,,NON_RESOLUE,aucun ATS détecté sur le site
miaou,https://www.miaou.com/,,,NON_RESOLUE,aucun ATS détecté sur le site
msgr,https://msgr-jpn.com/,,,NON_RESOLUE,aucun ATS détecté sur le site
maison labiche,https://www.maisonlabiche.com/,,,NON_RESOLUE,aucun ATS détecté sur le site
neolife,http://www.neolife.com/,,,NON_RESOLUE,aucun ATS détecté sur le site
mauboussin,https://www.mauboussin.fr/,,,NON_RESOLUE,aucun ATS détecté sur le site
mywalit,https://www.mywalit.com/,,,NON_RESOLUE,aucun ATS détecté sur le site
moshulu,https://www.moshulu.co.uk/,,,NON_RESOLUE,aucun ATS détecté sur le site
miraculum s.a.,https://miraculum.pl/,,,NON_RESOLUE,aucun ATS détecté sur le site
nik&nik,https://www.nikandnik.com/,,,NON_RESOLUE,site en erreur au probe
mr. b's soulful tees,https://www.mrbssoulfultees.co.uk/,,,NON_RESOLUE,aucun ATS détecté sur le site
lottusse,https://www.lottusse.com/,,,NON_RESOLUE,aucun ATS détecté sur le site
otracosa,https://www.otracosa.eu/,,,NON_RESOLUE,aucun ATS détecté sur le site
pixie market,https://www.pixiemarket.com/,,,NON_RESOLUE,aucun ATS détecté sur le site
ngali,https://ngali.com.au/,,,NON_RESOLUE,aucun ATS détecté sur le site
nenya,https://www.nenya.online/,,,NON_RESOLUE,aucun ATS détecté sur le site
monessa,https://www.monessa.de/,,,NON_RESOLUE,aucun ATS détecté sur le site
ocean & oak,http://www.ocean-oak.com/,,,NON_RESOLUE,aucun ATS détecté sur le site
my favourite piece,https://www.myfavoritepiece.com/,,,NON_RESOLUE,aucun ATS détecté sur le site
lancaster,https://www.lancaster.com/,,,NON_RESOLUE,site en erreur au probe
naked wardrobe,http://www.nakedwardrobe.com/,,,NON_RESOLUE,aucun ATS détecté sur le site
po-zu,https://po-zu.com/,,,NON_RESOLUE,aucun ATS détecté sur le site
newbie,https://newbiestore.com/,,,NON_RESOLUE,site en erreur au probe
lison paris,https://www.lisonparis.com/en/,,,NON_RESOLUE,aucun ATS détecté sur le site
musier paris,https://musier-paris.com/,,,NON_RESOLUE,aucun ATS détecté sur le site
nadira bag,https://nadirabag.com/,,,NON_RESOLUE,aucun ATS détecté sur le site
nike vision,https://www.nikevision.com/,,,NON_RESOLUE,aucun ATS détecté sur le site
mofan,http://www.mofan.com/,,,NON_RESOLUE,aucun ATS détecté sur le site
nicka k new york,https://nicka.com/,,,NON_RESOLUE,aucun ATS détecté sur le site
limi feu,https://www.yohjiyamamoto.co.jp/limifeu/,,,NON_RESOLUE,site en erreur au probe
lisette l,https://lisettel.com/,,,NON_RESOLUE,aucun ATS détecté sur le site
monge,https://www.tiendamonge.com/,,,NON_RESOLUE,aucun ATS détecté sur le site
özmen ökçe,https://ozmenokce.com/,,,NON_RESOLUE,aucun ATS détecté sur le site
melrose ave fashion,https://melroseavefashion.com.au/,,,NON_RESOLUE,aucun ATS détecté sur le site
mitsukoshi,https://mitsukoshi.mistore.jp/store/,,,NON_RESOLUE,site en erreur au probe
penshoppe,https://www.penshoppe.com/,,,NON_RESOLUE,site en erreur au probe
mcgregor,https://nl.mcgregornewyork.com/,,,NON_RESOLUE,aucun ATS détecté sur le site
nili lotan,https://www.nililotan.com/,,,NON_RESOLUE,site en erreur au probe
live tinted,http://livetinted.com/,,,NON_RESOLUE,aucun ATS détecté sur le site
n.d.c. made by hand,https://www.ndcmadebyhand.com/,,,NON_RESOLUE,aucun ATS détecté sur le site
mochidream,https://www.mochidreambeauty.com/,,,NON_RESOLUE,aucun ATS détecté sur le site
ofotért,https://www.ofotert.hu/,,,NON_RESOLUE,aucun ATS détecté sur le site
mission mercantile,https://www.missionmercantile.com/,,,NON_RESOLUE,aucun ATS détecté sur le site
mooncastle,https://moon-castle.jp/,,,NON_RESOLUE,aucun ATS détecté sur le site
naot,https://www.tevanaot.co.il/,,,NON_RESOLUE,site en erreur au probe
michèle,https://www.michele.de/,,,NON_RESOLUE,aucun ATS détecté sur le site
nanushka,https://www.nanushka.com/,,,NON_RESOLUE,aucun ATS détecté sur le site
poplinen,https://www.poplinen.co/?oid=277&affid=1&source_id=GoY-rating&sub1=brandpage,,,NON_RESOLUE,aucun ATS détecté sur le site
native youth,https://www.native-youth.com/,,,NON_RESOLUE,aucun ATS détecté sur le site
modern eternity,https://www.moderneternity.com/,,,NON_RESOLUE,site en erreur au probe
mavala uk,https://mavala.co.uk/,,,NON_RESOLUE,aucun ATS détecté sur le site
mama sol,https://www.shopmamasol.com/,,,NON_RESOLUE,aucun ATS détecté sur le site
loho,https://loho88.com/,,,NON_RESOLUE,aucun ATS détecté sur le site
miles of moisture,https://www.milesofmoisture.com/,,,NON_RESOLUE,aucun ATS détecté sur le site
ninety percent,https://click.linksynergy.com/deeplink?id=Fluhu2U*BdY&mid=45032&murl=https%3A%2F%2Fninetypercent.com,,,NON_RESOLUE,site en erreur au probe
moores,https://www.mooresclothing.ca/,,,NON_RESOLUE,aucun ATS détecté sur le site
ninoshka,http://ninoshka.co.in/,,,NON_RESOLUE,aucun ATS détecté sur le site
linenbee,https://www.linenbee.com/,,,NON_RESOLUE,aucun ATS détecté sur le site
natalie rae new york,https://www.natalieraeny.com/,,,NON_RESOLUE,aucun ATS détecté sur le site
pernille corydon,https://www.pernillecorydon.com/,,,NON_RESOLUE,aucun ATS détecté sur le site
love lori,https://www.amazon.com/stores/LOVELORI/page/34454599-CC63-4571-9333-D9779B3F00B5,,,NON_RESOLUE,aucun ATS détecté sur le site
no.624,https://no624.myshopify.com/,,,NON_RESOLUE,aucun ATS détecté sur le site
old south,https://www.oldsouthapparel.com/,,,NON_RESOLUE,aucun ATS détecté sur le site
nk store,https://www.nkstore.com.br/,,,NON_RESOLUE,aucun ATS détecté sur le site
nomasvello,https://www.nomasvello.it/,,,NON_RESOLUE,aucun ATS détecté sur le site
lässig,https://www.laessig-fashion.de/,,,NON_RESOLUE,aucun ATS détecté sur le site
mes vacances,https://mesvacances.jp/,,,NON_RESOLUE,aucun ATS détecté sur le site
navitus parfums,https://navitusparfums.com/,,,NON_RESOLUE,site en erreur au probe
meshki,https://www.meshki.com.au/,,,NON_RESOLUE,aucun ATS détecté sur le site
mantas ezcaray,https://www.mantasezcaray.com/,,,NON_RESOLUE,aucun ATS détecté sur le site
mestiza new york,https://mestizanewyork.com/,,,NON_RESOLUE,aucun ATS détecté sur le site
milkfed.,https://milkfed.jp/,,,NON_RESOLUE,aucun ATS détecté sur le site
nature's skin and body food,https://naturesskinandbody.com/,,,NON_RESOLUE,aucun ATS détecté sur le site
nala care,https://nalacare.com/,,,NON_RESOLUE,aucun ATS détecté sur le site
native nature,https://wearenativenature.com/,,,NON_RESOLUE,aucun ATS détecté sur le site
philine of san francisco,https://philinesf.com/collections,,,NON_RESOLUE,aucun ATS détecté sur le site
little david,https://www.littledavid.be/,,,NON_RESOLUE,aucun ATS détecté sur le site
prairie rose organics,https://www.amazon.com/stores/PrairieRoseOrganics/PRODUCTS/page/10F16C7F-6AAE-414B-B64B-587FA2AC1C93,,,NON_RESOLUE,site en erreur au probe
modibodi,https://us.modibodi.com/,,,NON_RESOLUE,site en erreur au probe
maxrieny,https://www.maxrieny.com/,,,NON_RESOLUE,aucun ATS détecté sur le site
noserider surf club,https://noseridersurf.com/,,,NON_RESOLUE,aucun ATS détecté sur le site
no name,https://www.no-name.fr/,,,NON_RESOLUE,aucun ATS détecté sur le site
noctu,https://www.noctu.co.uk/,,,NON_RESOLUE,aucun ATS détecté sur le site
omibia,https://www.omibia.com/,,,NON_RESOLUE,aucun ATS détecté sur le site
monsuri,https://www.monsuri.com/,,,NON_RESOLUE,aucun ATS détecté sur le site
martes sport,https://martessport.com.pl/,,,NON_RESOLUE,site en erreur au probe
midas,https://www.midasshoes.com.au/,,,NON_RESOLUE,aucun ATS détecté sur le site
primitive tribal craft,https://www.primitivetribalcraft.com/,,,NON_RESOLUE,aucun ATS détecté sur le site
paloma wool,https://palomawool.com/eu_en/,,,NON_RESOLUE,aucun ATS détecté sur le site
ministry of supply,https://www.ministryofsupply.com/,,,NON_RESOLUE,aucun ATS détecté sur le site
mido,http://www.mido.ch/,,,NON_RESOLUE,aucun ATS détecté sur le site
motherhouse,https://www.mother-house.jp/,,,NON_RESOLUE,aucun ATS détecté sur le site
mediceuticals,https://mediceuticalsusa.com/,,,NON_RESOLUE,aucun ATS détecté sur le site
lord & taylor,https://www.lordandtaylor.com/,,,NON_RESOLUE,site en erreur au probe
paris georgia,https://www.parisgeorgiastore.com/,,,NON_RESOLUE,aucun ATS détecté sur le site
master soap makers,https://mastersoapmakers.com/,,,NON_RESOLUE,aucun ATS détecté sur le site
nene,https://studionene.com/,,,NON_RESOLUE,aucun ATS détecté sur le site
merge4 mfg. inc,https://merge4.com/,,,NON_RESOLUE,aucun ATS détecté sur le site
monday swimwear,https://mondayswimwear.com/,,,NON_RESOLUE,site en erreur au probe
oodji,http://www.oodji.com/,,,NON_RESOLUE,aucun ATS détecté sur le site
nbb weekend,https://store.tsigs.com/nbbweekend/,,,NON_RESOLUE,aucun ATS détecté sur le site
nu.,https://nu-inc.co.jp/,,,NON_RESOLUE,aucun ATS détecté sur le site
marjana von berlepsch,https://www.marjanavonberlepsch.com/,,,NON_RESOLUE,aucun ATS détecté sur le site
morro cadamia,https://morrocadamia.com/,,,NON_RESOLUE,aucun ATS détecté sur le site
msgm,https://www.msgm.it/,,,NON_RESOLUE,aucun ATS détecté sur le site
mi. o milanoptics,https://www.milanoptics.it/,,,NON_RESOLUE,aucun ATS détecté sur le site
nera,http://neraverse.com/,,,NON_RESOLUE,aucun ATS détecté sur le site
milano italy,https://www.milano-italy.de/,,,NON_RESOLUE,aucun ATS détecté sur le site
proudly,https://www.proudly.com/,,,NON_RESOLUE,aucun ATS détecté sur le site
my eyelab,https://www.myeyelab.com/,,,NON_RESOLUE,aucun ATS détecté sur le site
nué notes,https://www.nuenotes.com/,,,NON_RESOLUE,aucun ATS détecté sur le site
moodstreet,https://www.moodstreet.nl/,,,NON_RESOLUE,aucun ATS détecté sur le site
nomads clothing,https://www.nomadsclothing.com/,,,NON_RESOLUE,aucun ATS détecté sur le site
nonna lietta,https://www.nonnalietta.com/,,,NON_RESOLUE,site en erreur au probe
piloti,https://piloti.com/,,,NON_RESOLUE,aucun ATS détecté sur le site
livy lingerie,https://int.li-vy.com/,,,NON_RESOLUE,aucun ATS détecté sur le site
mini mioche,https://minimioche.com/?oid=308&affid=&source_id=GoY-rating&sub1=brandpage,,,NON_RESOLUE,site en erreur au probe
lucardi juwelier,https://www.lucardi.nl/nl-nl,,,NON_RESOLUE,site en erreur au probe
martine rose,https://martine-rose.com/,,,NON_RESOLUE,aucun ATS détecté sur le site
layerone by delavie sciences,https://www.delaviesciences.com/collections/layerone,,,NON_RESOLUE,aucun ATS détecté sur le site
mmb by hand,https://mmbbyhand.com/,,,NON_RESOLUE,aucun ATS détecté sur le site
minnie rose,https://www.minnierose.com/,,,NON_RESOLUE,aucun ATS détecté sur le site
organic zoo,https://organic-zoo.com/,,,NON_RESOLUE,aucun ATS détecté sur le site
live 978,https://www.live978.it/,,,NON_RESOLUE,aucun ATS détecté sur le site
pure intox,http://pureintox.com/,,,NON_RESOLUE,aucun ATS détecté sur le site
paul green,https://www.paul-green.com/,,,NON_RESOLUE,site en erreur au probe
ny state of mind,https://nystateofmindco.com/,,,NON_RESOLUE,aucun ATS détecté sur le site
miladys,https://www.miladys.com/,,,NON_RESOLUE,aucun ATS détecté sur le site
lola arnao beauty,https://www.lolaarnao.com/shop-D6P7P,,,NON_RESOLUE,aucun ATS détecté sur le site
mossimo,https://www.mossimoauthentic.co.uk/,,,NON_RESOLUE,aucun ATS détecté sur le site
lovetree design,https://lovetreedesign.co.uk/,,,NON_RESOLUE,aucun ATS détecté sur le site
moser trachtenwelt,https://trachten.de/,,,NON_RESOLUE,aucun ATS détecté sur le site
materiel,https://materieltbilisi.com/,,,NON_RESOLUE,aucun ATS détecté sur le site
mon platin professional,https://mon-platin.com/,,,NON_RESOLUE,aucun ATS détecté sur le site
nour hammour,https://nour-hammour.com/,,,NON_RESOLUE,aucun ATS détecté sur le site
nadell,https://nadell.jp/,,,NON_RESOLUE,aucun ATS détecté sur le site
nina von c.,https://www.ninavonc.de/,,,NON_RESOLUE,aucun ATS détecté sur le site
munjoi,https://munjoi.com/,,,NON_RESOLUE,aucun ATS détecté sur le site
nicola santarelli,https://www.nicolasantarelli1915.com/,,,NON_RESOLUE,site en erreur au probe
niceaces,https://niceaces.com/,,,NON_RESOLUE,site en erreur au probe
millers,https://www.millers.com.au/,,,NON_RESOLUE,aucun ATS détecté sur le site
mr. loutre,http://www.mrloutre.com/,,,NON_RESOLUE,aucun ATS détecté sur le site
qoss,https://www.qoss.nl/,,,NON_RESOLUE,aucun ATS détecté sur le site
pittarello,https://www.pittarello.com/,,,NON_RESOLUE,site en erreur au probe
nulogica,https://nulogicaskincare.com/,,,NON_RESOLUE,aucun ATS détecté sur le site
melt cosmetics,http://www.meltcosmetics.com/,,,NON_RESOLUE,aucun ATS détecté sur le site
milk makeup,https://www.milkmakeup.com/,,,NON_RESOLUE,site en erreur au probe
molly goddard,https://mollygoddard.com/,,,NON_RESOLUE,site en erreur au probe
nisha manufacturing,https://www.nishamanufacturing.com/,,,NON_RESOLUE,aucun ATS détecté sur le site
mirla beane,https://www.mirlabeane.com/,,,NON_RESOLUE,aucun ATS détecté sur le site
mineral & co.,https://mineralandcompany.com/,,,NON_RESOLUE,site en erreur au probe
nourished by shawnta,https://www.nourishedbyshawnta.com/,,,NON_RESOLUE,aucun ATS détecté sur le site
lunge,https://www.lunge.com/,,,NON_RESOLUE,aucun ATS détecté sur le site
nu swim,https://nu-swim.com/,,,NON_RESOLUE,aucun ATS détecté sur le site
oak meadow clothing,https://oakmeadow.com.au/,,,NON_RESOLUE,aucun ATS détecté sur le site
nanso,https://nanso.com/,,,NON_RESOLUE,aucun ATS détecté sur le site
minotaur,https://minotaur.co.jp/,,,NON_RESOLUE,aucun ATS détecté sur le site
madebyesposito,https://madebyesposito.com/,,,NON_RESOLUE,aucun ATS détecté sur le site
le kilt,http://lekilt.co.uk/,,,NON_RESOLUE,aucun ATS détecté sur le site
myskinbuddy,http://myskinbuddy.com/,,,NON_RESOLUE,aucun ATS détecté sur le site
nest robe,https://en.nestrobe.com/,,,NON_RESOLUE,aucun ATS détecté sur le site
lofte natural care,https://loftenaturalcare.com/,,,NON_RESOLUE,aucun ATS détecté sur le site
oxbow,https://www.oxbowshop.com/,,,NON_RESOLUE,site en erreur au probe
miraj,https://miraj.ro/,,,NON_RESOLUE,aucun ATS détecté sur le site
ms glamour,https://msglamourofficial.com/,,,NON_RESOLUE,aucun ATS détecté sur le site
nourished magnesium,http://www.nourishedmagnesium.com/,,,NON_RESOLUE,aucun ATS détecté sur le site
notabag,https://www.notabag.com/,,,NON_RESOLUE,site en erreur au probe
obchodní centrum letmo,https://www.ocletmo.cz/,,,NON_RESOLUE,aucun ATS détecté sur le site
mayamiko,https://www.mayamiko.com/,,,NON_RESOLUE,site en erreur au probe
mqg professional,https://mqgvietnam.com/,,,NON_RESOLUE,site en erreur au probe
noé & zoë berlin,https://noe-zoe.com/,,,NON_RESOLUE,aucun ATS détecté sur le site
naturopathica,http://www.naturopathica.com/,,,NON_RESOLUE,site en erreur au probe
morgan lane,https://www.morgan-lane.com/,,,NON_RESOLUE,aucun ATS détecté sur le site
plu laboratories,https://www.plulaboratories.com/,,,NON_RESOLUE,aucun ATS détecté sur le site
native dubai,https://www.nativedubaionline.com/,,,NON_RESOLUE,aucun ATS détecté sur le site
longhom®,http://www.organicsbuddy.com/,,,NON_RESOLUE,aucun ATS détecté sur le site
nensi dojaka,https://nensidojaka.com/,,,NON_RESOLUE,aucun ATS détecté sur le site
legit,https://www.legit.co.za/,,,NON_RESOLUE,aucun ATS détecté sur le site
ne quittez pas,https://www.nequittezpas.jp/,,,NON_RESOLUE,site en erreur au probe
montbell,https://www.montbell.jp/,,,NON_RESOLUE,site en erreur au probe
ochirly,https://www.ochirly.com.cn/,,,NON_RESOLUE,aucun ATS détecté sur le site
nette,https://nettenyc.com/,,,NON_RESOLUE,aucun ATS détecté sur le site
mrchlabel,https://www.mrchlabel.com/,,,NON_RESOLUE,site en erreur au probe
radà,https://www.rada.it/,,,NON_RESOLUE,aucun ATS détecté sur le site
oeuf,https://oeufnyc.com/,,,NON_RESOLUE,aucun ATS détecté sur le site
medzone,https://www.medzonecorp.com/,,,NON_RESOLUE,aucun ATS détecté sur le site
juva haircare,https://juvahaircare.com/,,,NON_RESOLUE,aucun ATS détecté sur le site
morxiva,https://bouttye.com/en/3_morxiva-shoes,,,NON_RESOLUE,aucun ATS détecté sur le site
office shoes,https://www.officeshoescee.com/,,,NON_RESOLUE,aucun ATS détecté sur le site
pehr,https://shoppehr.com/,,,NON_RESOLUE,aucun ATS détecté sur le site
les bains selv rituel inc.,http://selvrituel.com/,,,NON_RESOLUE,aucun ATS détecté sur le site
miumosa,http://www.miumosa.com/,,,NON_RESOLUE,site en erreur au probe
miss rose sister violet,https://www.missrosesisterviolet.com/,,,NON_RESOLUE,aucun ATS détecté sur le site
mutsaers,https://www.mutsaers.nl/,,,NON_RESOLUE,aucun ATS détecté sur le site
mountain research,https://mountainresearch.jp/,,,NON_RESOLUE,aucun ATS détecté sur le site
night streak,https://nightstreak.com/,,,NON_RESOLUE,aucun ATS détecté sur le site
palma cosmetics,http://palmacosmetics.com/,,,NON_RESOLUE,aucun ATS détecté sur le site
nordiska kompaniet,https://www.nk.se/,,,NON_RESOLUE,aucun ATS détecté sur le site
perky peach,https://perkypeach.com/,,,NON_RESOLUE,aucun ATS détecté sur le site
olga joan,https://olgajoan.co/,,,NON_RESOLUE,aucun ATS détecté sur le site
oksana fine art and design,https://oksanajohnson.shop/,,,NON_RESOLUE,aucun ATS détecté sur le site
nick stenson beauty,https://nickstensonbeauty.com/,,,NON_RESOLUE,aucun ATS détecté sur le site
miss goodlife,https://www.miss-goodlife.de/,,,NON_RESOLUE,aucun ATS détecté sur le site
nove,https://www.nove.store/,,,NON_RESOLUE,aucun ATS détecté sur le site
muroexe,https://muroexe.com/,,,NON_RESOLUE,site en erreur au probe
nümph,https://www.numph.com/,,,NON_RESOLUE,site en erreur au probe
obey clothing,https://obeyclothing.eu/,,,NON_RESOLUE,aucun ATS détecté sur le site
leyt,https://leytworld.com/,,,NON_RESOLUE,aucun ATS détecté sur le site
mystic moods,https://www.mysticmoods.co.uk/,,,NON_RESOLUE,aucun ATS détecté sur le site
mishka nyc,http://mishkanyc.com/,,,NON_RESOLUE,aucun ATS détecté sur le site
mpg sport,https://mpgsport.com/,,,NON_RESOLUE,site en erreur au probe
maiook,https://www.maiook.com/,,,NON_RESOLUE,site en erreur au probe
m.j. bale,https://www.mjbale.com/,,,NON_RESOLUE,site en erreur au probe
number one shoes,https://www.numberoneshoes.co.nz/,,,NON_RESOLUE,site en erreur au probe
madre luna,https://madre-luna.com/,,,NON_RESOLUE,aucun ATS détecté sur le site
makeup by mario,http://makeupbymario.com/,,,NON_RESOLUE,aucun ATS détecté sur le site
melik shoes,https://www.melikshoes.com/,,,NON_RESOLUE,site en erreur au probe
my brand,https://www.my-brand.com/,,,NON_RESOLUE,aucun ATS détecté sur le site
nudge,http://shopnudge.com/,,,NON_RESOLUE,aucun ATS détecté sur le site
lower park,https://lowerpark.com/,,,NON_RESOLUE,aucun ATS détecté sur le site
one compass beauty,http://www.onecompassbeauty.com/,,,NON_RESOLUE,aucun ATS détecté sur le site
na’ali skincare,https://naaliskincare.com/,,,NON_RESOLUE,aucun ATS détecté sur le site
moaconcept,https://moaconcept.com/,,,NON_RESOLUE,site en erreur au probe
mlouye,https://www.mlouye.com/,,,NON_RESOLUE,aucun ATS détecté sur le site
rallier,https://rallier.com/,,,NON_RESOLUE,aucun ATS détecté sur le site
munthe,https://www.munthe.com/,,,NON_RESOLUE,site en erreur au probe
nakagami,https://nakagami.black/,,,NON_RESOLUE,aucun ATS détecté sur le site
nurme,https://nurme.eu/,,,NON_RESOLUE,aucun ATS détecté sur le site
nat-2,https://nat-2.eu/eco/,,,NON_RESOLUE,aucun ATS détecté sur le site
odd molly,https://oddmolly.com/,,,NON_RESOLUE,aucun ATS détecté sur le site
naainaai,https://naainaai.co.uk/,,,NON_RESOLUE,site en erreur au probe
loud + proud,https://www.loud-proud.com/,,,NON_RESOLUE,site en erreur au probe
näz,https://naz.pt/?oid=109&affid=1&source_id=GoY-rating&sub1=brandpage,,,NON_RESOLUE,aucun ATS détecté sur le site
niu,https://www.niu-fashion.it/,,,NON_RESOLUE,aucun ATS détecté sur le site
o0u,https://o0u.com/,,,NON_RESOLUE,aucun ATS détecté sur le site
kaffe,https://www.kaffe-clothing.com/,,,NON_RESOLUE,aucun ATS détecté sur le site
of an origin,https://www.ofanorigin.com/,,,NON_RESOLUE,aucun ATS détecté sur le site
n.peal,https://www.npeal.com/,,,NON_RESOLUE,aucun ATS détecté sur le site
naked & famous,https://www.nakedandfamousdenim.com/,,,NON_RESOLUE,site en erreur au probe
manhattan portage,https://www.manhattanportage.com/,,,NON_RESOLUE,aucun ATS détecté sur le site
nwl club,https://club.nwl44.com/,,,NON_RESOLUE,aucun ATS détecté sur le site
nicholas daley,http://www.nicholasdaley.net/,,,NON_RESOLUE,aucun ATS détecté sur le site
lovelux,https://loveluxlondon.com/,,,NON_RESOLUE,aucun ATS détecté sur le site
nanaka,http://www.nanaka.co/,,,NON_RESOLUE,aucun ATS détecté sur le site
my vegan world,https://myveganworld.nl/,,,NON_RESOLUE,aucun ATS détecté sur le site
parfümerie becker,https://parfuemerie-becker.de/,,,NON_RESOLUE,site en erreur au probe
linen boutique,http://www.linenboutique.eu/,,,NON_RESOLUE,aucun ATS détecté sur le site
ojai wild,https://ojaiwild.com/,,,NON_RESOLUE,aucun ATS détecté sur le site
miesrohe,https://miesrohe.jp/,,,NON_RESOLUE,site en erreur au probe
opera campi,https://www.operacampi.com/?oid=68&affid=1&source_id=GoY-rating&sub1=brandpage,,,NON_RESOLUE,site en erreur au probe
mmx germany 2010,https://www.mmxgermany.com/,,,NON_RESOLUE,site en erreur au probe
onīrik,https://onirik.us/,,,NON_RESOLUE,aucun ATS détecté sur le site
maison bernard zins,https://www.zins.com/,,,NON_RESOLUE,aucun ATS détecté sur le site
pasithea,http://pasitheabrand.com/,,,NON_RESOLUE,aucun ATS détecté sur le site
mizuno,https://mizuno.com.au/,,,NON_RESOLUE,site en erreur au probe
nest new york,https://www.nestnewyork.com/,,,NON_RESOLUE,aucun ATS détecté sur le site
nanami,https://www.nanami.nl/,,,NON_RESOLUE,aucun ATS détecté sur le site
of her own kind,https://ofherownkind.com/,,,NON_RESOLUE,site en erreur au probe
noize,https://noize.com/,,,NON_RESOLUE,aucun ATS détecté sur le site
lvir,https://lvirdtla.com/,,,NON_RESOLUE,aucun ATS détecté sur le site
natasha tonic,https://natashatonic.com/?oid=284&affid=1&source_id=GoY-rating&sub1=brandpage,,,NON_RESOLUE,aucun ATS détecté sur le site
mesure,https://mesureamsterdam.com/,,,NON_RESOLUE,aucun ATS détecté sur le site
naked & famous denim,https://www.nakedandfamousdenim.com/,,,NON_RESOLUE,site en erreur au probe
moma,https://moma.it/,,,NON_RESOLUE,aucun ATS détecté sur le site
oceanus,https://oceanusswimwear.com/,,,NON_RESOLUE,aucun ATS détecté sur le site
noesa,https://noesa.co.id/,,,NON_RESOLUE,site en erreur au probe
nature essence aroma,http://www.natureessencearoma.com/,,,NON_RESOLUE,aucun ATS détecté sur le site
odakyu department store,https://www.odakyu-dept.co.jp/,,,NON_RESOLUE,site en erreur au probe
ola botanicals™,https://shop.mercola.com/category/1777/1/leaping-bunny-certified,,,NON_RESOLUE,site en erreur au probe
olivia latinovich,https://olivialatinovich.com/,,,NON_RESOLUE,aucun ATS détecté sur le site
oil divine,https://oildivine.com/,,,NON_RESOLUE,aucun ATS détecté sur le site
midheaven denim,https://www.midheavendenim.com/,,,NON_RESOLUE,aucun ATS détecté sur le site
moliin,https://www.moliin.com/,,,NON_RESOLUE,aucun ATS détecté sur le site
nannacay,https://nannacay.com/,,,NON_RESOLUE,aucun ATS détecté sur le site
modström,http://www.modstrom.com/,,,NON_RESOLUE,aucun ATS détecté sur le site
norma kamali,https://www.normakamali.com/,,,NON_RESOLUE,aucun ATS détecté sur le site
real skin retinue,https://www.realskinretinue.com/,,,NON_RESOLUE,aucun ATS détecté sur le site
novo,https://www.novoshoes.co.nz/,,,NON_RESOLUE,aucun ATS détecté sur le site
olympia,https://www.olympia.de/,,,NON_RESOLUE,aucun ATS détecté sur le site
nicole miller,https://www.nicolemiller.com/,,,NON_RESOLUE,aucun ATS détecté sur le site
millets,https://www.millets.co.uk/,,,NON_RESOLUE,aucun ATS détecté sur le site
luva huva,https://luvahuva.co.uk/,,,NON_RESOLUE,aucun ATS détecté sur le site
natalie marie jewellery,https://www.nataliemariejewellery.com/,,,NON_RESOLUE,aucun ATS détecté sur le site
ognx,https://ognx.com/,,,NON_RESOLUE,aucun ATS détecté sur le site
neiwai,https://neiwai.life/,,,NON_RESOLUE,aucun ATS détecté sur le site
luisa cerano,https://www.luisacerano.com/,,,NON_RESOLUE,site en erreur au probe
pebby forevee,https://pebbyforevee.com/,,,NON_RESOLUE,aucun ATS détecté sur le site
monkee genes,https://monkeegenes.com/,,,NON_RESOLUE,aucun ATS détecté sur le site
nautica japan,https://nautica.jp/,,,NON_RESOLUE,aucun ATS détecté sur le site
noble panacea,http://www.noblepanacea.com/,,,NON_RESOLUE,aucun ATS détecté sur le site
miller harris,https://us.millerharris.com/,,,NON_RESOLUE,aucun ATS détecté sur le site
ninette,http://ninettebeauty.com/,,,NON_RESOLUE,aucun ATS détecté sur le site
natasha zinko,https://natashazinko.com/,,,NON_RESOLUE,aucun ATS détecté sur le site
reef,https://www.reef.com/,,,NON_RESOLUE,aucun ATS détecté sur le site
percy & nell,https://www.percyandnell.com/,,,NON_RESOLUE,aucun ATS détecté sur le site
nature's sugar,https://naturessugarwax.com/,,,NON_RESOLUE,aucun ATS détecté sur le site
prada,https://www.prada.com/,,,NON_RESOLUE,site en erreur au probe
mohito,https://www.mohito.com/,,,NON_RESOLUE,aucun ATS détecté sur le site
onlē,https://onlepro.com/,,,NON_RESOLUE,aucun ATS détecté sur le site
livin' kolor cosmetics,https://www.livinkolor.com/,,,NON_RESOLUE,aucun ATS détecté sur le site
obus,https://obus.com.au/,,,NON_RESOLUE,aucun ATS détecté sur le site
nobrand,https://www.nobrand.pt/,,,NON_RESOLUE,aucun ATS détecté sur le site
mint&mia,http://www.mintandmia.com/,,,NON_RESOLUE,aucun ATS détecté sur le site
monos,https://monos.com/,,,NON_RESOLUE,aucun ATS détecté sur le site
md’m,https://www.md-m.es/,,,NON_RESOLUE,site en erreur au probe
peuterey,http://www.peuterey.com/,,,NON_RESOLUE,aucun ATS détecté sur le site
noor fares,http://noorfares.com/,,,NON_RESOLUE,aucun ATS détecté sur le site
one with nature,http://onewithnature.com/,,,NON_RESOLUE,aucun ATS détecté sur le site
nfuse,https://nfusemagnesium.com/,,,NON_RESOLUE,aucun ATS détecté sur le site
minori,http://www.minoribeauty.com/,,,NON_RESOLUE,aucun ATS détecté sur le site
prima essenza,https://primaessenza.com/,,,NON_RESOLUE,aucun ATS détecté sur le site
monica ann beauty,http://monicaannbeauty.com/,,,NON_RESOLUE,aucun ATS détecté sur le site
ormonde jayne,https://ormondejayne.com/,,,NON_RESOLUE,aucun ATS détecté sur le site
meli melo,https://www.melimeloparis.ro/,,,NON_RESOLUE,aucun ATS détecté sur le site
loints of holland,https://www.lointsofholland.com/,,,NON_RESOLUE,aucun ATS détecté sur le site
oregon soap company,http://www.oregonsoapcompany.com/,,,NON_RESOLUE,aucun ATS détecté sur le site
mack weldon,https://mackweldon.com/,,,NON_RESOLUE,aucun ATS détecté sur le site
navahoo & marikoo,https://www.navahoo.com/,,,NON_RESOLUE,aucun ATS détecté sur le site
pieszak,https://www.pieszakdenmark.com/,,,NON_RESOLUE,aucun ATS détecté sur le site
marilyn,https://e-marilyn.eu/,,,NON_RESOLUE,aucun ATS détecté sur le site
natascha von hirschhausen,https://www.nataschavonhirschhausen.com/,,,NON_RESOLUE,site en erreur au probe
nisolo,https://projectboundincdbanisolo.pxf.io/L0gV7V,,,NON_RESOLUE,aucun ATS détecté sur le site
nashe beauty,http://www.nashebeauty.com/,,,NON_RESOLUE,aucun ATS détecté sur le site
opticris,https://www.opticris.ro/,,,NON_RESOLUE,aucun ATS détecté sur le site
mars nails,https://www.marsnails.com/,,,NON_RESOLUE,aucun ATS détecté sur le site
norse projects,https://www.norseprojects.com/,,,NON_RESOLUE,aucun ATS détecté sur le site
nuthatch naturals,https://nuthatchnaturals.com/,,,NON_RESOLUE,aucun ATS détecté sur le site
neonail,https://www.neonail.pl/,,,NON_RESOLUE,aucun ATS détecté sur le site
mascotte,https://mascotte.ru/,,,NON_RESOLUE,aucun ATS détecté sur le site
miss pompom,https://misspompom.com/,,,NON_RESOLUE,aucun ATS détecté sur le site
oilily,https://www.oilily.com/,,,NON_RESOLUE,site en erreur au probe
offbeat sweetie,https://offbeatsweetie.com/,,,NON_RESOLUE,aucun ATS détecté sur le site
prosa,https://productosprosacolombia.com/,,,NON_RESOLUE,aucun ATS détecté sur le site
malianta,https://www.malianta.com/,,,NON_RESOLUE,aucun ATS détecté sur le site
old khaki,https://www.oldkhaki.co.za/,,,NON_RESOLUE,aucun ATS détecté sur le site
niluu,https://niluu.com/,,,NON_RESOLUE,aucun ATS détecté sur le site
olfactory house,https://olfactoryhouse.com/,,,NON_RESOLUE,aucun ATS détecté sur le site
meryll rogge,https://meryllrogge.com/,,,NON_RESOLUE,aucun ATS détecté sur le site
neosens,https://www.neosens.com/,,,NON_RESOLUE,aucun ATS détecté sur le site
noyoco,https://www.noyoco.com/,,,NON_RESOLUE,aucun ATS détecté sur le site
maharishi,https://www.maharishistore.com/,,,NON_RESOLUE,aucun ATS détecté sur le site
mondo mondo,https://mondo-mondo.com/,,,NON_RESOLUE,aucun ATS détecté sur le site
miss sixty,https://misssixty.com/,,,NON_RESOLUE,aucun ATS détecté sur le site
noumenon,https://nou-menon.com/,,,NON_RESOLUE,aucun ATS détecté sur le site
natures collection,https://naturescollection.eu/,,,NON_RESOLUE,aucun ATS détecté sur le site
loroetu,https://loroetu.com/,,,NON_RESOLUE,aucun ATS détecté sur le site
moxxie,http://moxxiesoap.com/,,,NON_RESOLUE,aucun ATS détecté sur le site
kastinger,https://www.kastinger.com/,,,NON_RESOLUE,aucun ATS détecté sur le site
michael aram,https://michaelaram.com/,,,NON_RESOLUE,aucun ATS détecté sur le site
nicki colombo,https://www.nickicolombo.com/en/,,,NON_RESOLUE,aucun ATS détecté sur le site
moody me,https://ihascupquake.com/pages/moody-me,,,NON_RESOLUE,aucun ATS détecté sur le site
maison hēroïne,https://maisonheroine.com/,,,NON_RESOLUE,aucun ATS détecté sur le site
original weekend,https://originalweekend.com/,,,NON_RESOLUE,aucun ATS détecté sur le site
monokel eyewear,https://monokel-eyewear.com/,,,NON_RESOLUE,aucun ATS détecté sur le site
luxe rituage,https://luxerituage.com/,,,NON_RESOLUE,aucun ATS détecté sur le site
mumutane,https://mumutane.myshopify.com/,,,NON_RESOLUE,aucun ATS détecté sur le site
magda butrym,https://www.magdabutrym.com/,,,NON_RESOLUE,aucun ATS détecté sur le site
mobile monster pty ltd,https://mobilemonster.com.au/,,,NON_RESOLUE,aucun ATS détecté sur le site
maniform,https://www.maniform.cn/,,,NON_RESOLUE,aucun ATS détecté sur le site
nuur cosmetics,https://nuurcosmetics.com/,,,NON_RESOLUE,aucun ATS détecté sur le site
nui organics,https://nuiorganics.com/?oid=253&affid=1&source_id=GoY-rating&sub1=brandpage,,,NON_RESOLUE,aucun ATS détecté sur le site
nemah,http://nemah.com/,,,NON_RESOLUE,aucun ATS détecté sur le site
oblique creations,https://www.obliquecreations.eu/,,,NON_RESOLUE,site en erreur au probe
pure cashmere,https://www.purecollection.com/,,,NON_RESOLUE,aucun ATS détecté sur le site
maati maati,https://www.maati-maati.com/,,,NON_RESOLUE,aucun ATS détecté sur le site
nicki minaj fragrances,https://nickiminajfragrance.com/,,,NON_RESOLUE,aucun ATS détecté sur le site
noend,https://noenddenim.com/,,,NON_RESOLUE,aucun ATS détecté sur le site
padini,https://corporate.padini.com/,,,NON_RESOLUE,site en erreur au probe
no.1 como,https://www.no1como.com/,,,NON_RESOLUE,aucun ATS détecté sur le site
petite mendigote,https://www.petitemendigote.fr/,,,NON_RESOLUE,aucun ATS détecté sur le site
kenari,https://kenari.ge/,,,NON_RESOLUE,aucun ATS détecté sur le site
nesavaali,https://www.nesavaali.com/,,,NON_RESOLUE,aucun ATS détecté sur le site
milk and skin,http://www.jolune.com/,,,NON_RESOLUE,aucun ATS détecté sur le site
reserved,https://www.reserved.com/,,,NON_RESOLUE,site en erreur au probe
olympia brno,https://www.olympia-centrum.cz/,,,NON_RESOLUE,site en erreur au probe
our legacy,https://www.ourlegacy.se/,,,NON_RESOLUE,aucun ATS détecté sur le site
louizon,https://www.louizon.com/,,,NON_RESOLUE,aucun ATS détecté sur le site
nemski centar,https://nemski-centar.com/,,,NON_RESOLUE,aucun ATS détecté sur le site
oakwood,https://www.oakwood.fr/,,,NON_RESOLUE,aucun ATS détecté sur le site
mo&co.,https://en.moco.com/,,,NON_RESOLUE,site en erreur au probe
marcmarcs,https://www.marcmarcs.com/,,,NON_RESOLUE,aucun ATS détecté sur le site
rianna + nina,https://riannaandnina.com/,,,NON_RESOLUE,aucun ATS détecté sur le site
nagonstans,https://www.nagonstans.jp/,,,NON_RESOLUE,aucun ATS détecté sur le site
norlha,https://www.norlha.com/,,,NON_RESOLUE,aucun ATS détecté sur le site
pippa small,https://www.pippasmall.com/,,,NON_RESOLUE,site en erreur au probe
qet botanicals,http://www.qetbotanicals.com/,,,NON_RESOLUE,aucun ATS détecté sur le site
moose knuckles,https://www.mooseknucklescanada.com/,,,NON_RESOLUE,aucun ATS détecté sur le site
outfit,http://www.outfitfashion.com/,,,NON_RESOLUE,aucun ATS détecté sur le site
nono,https://nono-kidswear.nl/,,,NON_RESOLUE,aucun ATS détecté sur le site
nodal,https://www.nodal.jp/,,,NON_RESOLUE,aucun ATS détecté sur le site
mamas medicinals,https://mamasmedicinals.com/,,,NON_RESOLUE,aucun ATS détecté sur le site
paapii design,https://www.paapiidesign.com/en,,,NON_RESOLUE,aucun ATS détecté sur le site
nicolaï parfumeur-créateur,https://pnicolai.com/,,,NON_RESOLUE,aucun ATS détecté sur le site
morobé,https://www.morobe.com/,,,NON_RESOLUE,site en erreur au probe
open32,https://www.open32.nl/,,,NON_RESOLUE,site en erreur au probe
moment.amsterdam,https://moment-amsterdam.com/,,,NON_RESOLUE,aucun ATS détecté sur le site
onitsuka tiger,https://www.onitsukatiger.com/,,,NON_RESOLUE,site en erreur au probe
plato's closet,https://www.platoscloset.com/,,,NON_RESOLUE,aucun ATS détecté sur le site
offon,https://offonclothing.com/,,,NON_RESOLUE,aucun ATS détecté sur le site
minimadeia,https://minimadeia.com/,,,NON_RESOLUE,aucun ATS détecté sur le site
maluo,https://www.maluo.nl/,,,NON_RESOLUE,aucun ATS détecté sur le site
motif beauty,http://motifskincare.com/,,,NON_RESOLUE,aucun ATS détecté sur le site
octavia morgan los angeles,http://www.octaviamorgan.com/,,,NON_RESOLUE,aucun ATS détecté sur le site
niovi organics,https://nioviorganics.com/,,,NON_RESOLUE,aucun ATS détecté sur le site
nary,https://www.naryresort.com/,,,NON_RESOLUE,aucun ATS détecté sur le site
nicce,https://www.nicceclothing.com/,,,NON_RESOLUE,aucun ATS détecté sur le site
moves,https://movesshop.com/,,,NON_RESOLUE,aucun ATS détecté sur le site
magicfelt,https://www.gottstein.at/,,,NON_RESOLUE,aucun ATS détecté sur le site
kijima takayuki,http://www.kijimatakayuki.com/,,,NON_RESOLUE,site en erreur au probe
one step,https://onestep.fr/,,,NON_RESOLUE,aucun ATS détecté sur le site
polyn,http://polyn.co/,,,NON_RESOLUE,aucun ATS détecté sur le site
officine générale,https://us.officinegenerale.com/,,,NON_RESOLUE,aucun ATS détecté sur le site
not!ce hair co.,https://noticehairco.com/,,,NON_RESOLUE,aucun ATS détecté sur le site
mossman,https://www.mossman.com.au/,,,NON_RESOLUE,site en erreur au probe
okie dokie,https://www.jcpenney.com/,,,NON_RESOLUE,aucun ATS détecté sur le site
momoco,http://www.fjmomoco.cn/,,,NON_RESOLUE,site en erreur au probe
maqu,https://www.bymaqu.com/,,,NON_RESOLUE,aucun ATS détecté sur le site
paprcuts,https://www.paprcuts.de/,,,NON_RESOLUE,site en erreur au probe
mise au green,https://www.mise-au-green.com/,,,NON_RESOLUE,aucun ATS détecté sur le site
nicci boutiques,https://www.nicci.co.za/,,,NON_RESOLUE,site en erreur au probe
oriental princess,https://www.orientalprincess.com/,,,NON_RESOLUE,site en erreur au probe
pien studios,https://pienstudios.com/,,,NON_RESOLUE,aucun ATS détecté sur le site
old spice,http://oldspice.com/,,,NON_RESOLUE,aucun ATS détecté sur le site
pangaia,https://pangaia.com/?oid=311&affid=1&source_id=GoY-rating&sub1=brandpage,,,NON_RESOLUE,site en erreur au probe
nishane,https://nishane.com/,,,NON_RESOLUE,aucun ATS détecté sur le site
monoprix,https://www.monoprix.qa/,,,NON_RESOLUE,site en erreur au probe
orgaid,https://www.orgaid.com/,,,NON_RESOLUE,aucun ATS détecté sur le site
rirandture,http://rirandture.jp/,,,NON_RESOLUE,aucun ATS détecté sur le site
nourish & refine,https://www.nourishandrefine.com/,,,NON_RESOLUE,aucun ATS détecté sur le site
marine layer,https://www.marinelayer.com/,,,NON_RESOLUE,aucun ATS détecté sur le site
om organics,http://www.omorganicscanada.com/,,,NON_RESOLUE,aucun ATS détecté sur le site
nina nest,https://www.ninanest.com/,,,NON_RESOLUE,aucun ATS détecté sur le site
mrz,https://www.mrz-official.com/,,,NON_RESOLUE,aucun ATS détecté sur le site
nourishus naturals,https://nourishusnaturals.com/,,,NON_RESOLUE,aucun ATS détecté sur le site
naima,https://www.naima.it/,,,NON_RESOLUE,aucun ATS détecté sur le site
parle moi de parfum,https://parlemoideparfum.com/,,,NON_RESOLUE,aucun ATS détecté sur le site
moroccan beauty secrets,http://www.moroccanbeautysecrets.com/,,,NON_RESOLUE,aucun ATS détecté sur le site
robin's jean,https://robinsjean.com/,,,NON_RESOLUE,aucun ATS détecté sur le site
paris perfume company,http://www.parisperfumecompany.com/,,,NON_RESOLUE,aucun ATS détecté sur le site
manos soap co.,https://manossoap.com/,,,NON_RESOLUE,aucun ATS détecté sur le site
óticas carol,https://www.oticascarol.com.br/,,,NON_RESOLUE,site en erreur au probe
opticalia,https://www.opticalia.com/,,,NON_RESOLUE,aucun ATS détecté sur le site
nudnik,https://nudniklife.com/,,,NON_RESOLUE,aucun ATS détecté sur le site
powder design,https://www.powder-uk.com/,,,NON_RESOLUE,aucun ATS détecté sur le site
maison crivelli,https://maisoncrivelli.com/,,,NON_RESOLUE,aucun ATS détecté sur le site
paglieri,http://paglieri.it/,,,NON_RESOLUE,aucun ATS détecté sur le site
moreboards,https://www.moreboards.com/,,,NON_RESOLUE,site en erreur au probe
onself clothing,https://onself.lk/,,,NON_RESOLUE,aucun ATS détecté sur le site
nulastin  inc.,https://nulastin.com/,,,NON_RESOLUE,aucun ATS détecté sur le site
ozeano vision,https://ozeanovision.com/,,,NON_RESOLUE,aucun ATS détecté sur le site
orto parisi,https://ortoparisi.com/,,,NON_RESOLUE,aucun ATS détecté sur le site
rachel elise,http://www.rachelelise.com/,,,NON_RESOLUE,aucun ATS détecté sur le site
pavo couture,https://www.pavocouture.nl/,,,NON_RESOLUE,aucun ATS détecté sur le site
noani,https://noanifashion.de/,,,NON_RESOLUE,aucun ATS détecté sur le site
low season,http://lowseason.co/,,,NON_RESOLUE,aucun ATS détecté sur le site
nodaleto,https://www.nodaleto.com/,,,NON_RESOLUE,aucun ATS détecté sur le site
novinska,https://novinska.com/,,,NON_RESOLUE,aucun ATS détecté sur le site
monsoon,https://uk.monsoon.co.uk/,,,NON_RESOLUE,aucun ATS détecté sur le site
paume,http://mypaume.com/,,,NON_RESOLUE,aucun ATS détecté sur le site
pionier workwear,https://www.pionier-workwear.com/,,,NON_RESOLUE,aucun ATS détecté sur le site
oak & acorn,https://shop-oakacorn.com/,,,NON_RESOLUE,aucun ATS détecté sur le site
palmrothin kenkätehdas,https://palmroth.com/,,,NON_RESOLUE,aucun ATS détecté sur le site
organic crew,https://organiccrew.com.au/,,,NON_RESOLUE,aucun ATS détecté sur le site
outland denim,https://www.outlanddenim.com/?oid=121&affid=1&source_id=GoY-rating&sub1=brandpage,,,NON_RESOLUE,aucun ATS détecté sur le site
muzungu sisters,https://muzungusisters.com/,,,NON_RESOLUE,site en erreur au probe
obbi good label,https://obbigoodlabel.com/,,,NON_RESOLUE,aucun ATS détecté sur le site
n+ (nitori),https://www.nplus-netshop.jp/,,,NON_RESOLUE,aucun ATS détecté sur le site
nassani inc.,http://www.nassani.ca/,,,NON_RESOLUE,aucun ATS détecté sur le site
penoora's,https://penoora.com/,,,NON_RESOLUE,aucun ATS détecté sur le site
nuna lie,https://nunalie.it/,,,NON_RESOLUE,aucun ATS détecté sur le site
paprika,https://www.paprika-shopping.be/,,,NON_RESOLUE,aucun ATS détecté sur le site
otiumberg,https://otiumberg.com/,,,NON_RESOLUE,aucun ATS détecté sur le site
nordgreen,https://www.nordgreen.com/,,,NON_RESOLUE,aucun ATS détecté sur le site
rolla's,https://rollasjeans.com/us,,,NON_RESOLUE,site en erreur au probe
moxē,https://bemoxe.com/,,,NON_RESOLUE,aucun ATS détecté sur le site
kirrin finch,https://kirrinfinch.com/,,,NON_RESOLUE,site en erreur au probe
omnes,https://www.omnes.com/?oid=276&affid=1&source_id=GoY-rating&sub1=brandpage,,,NON_RESOLUE,aucun ATS détecté sur le site
parfums quartana,https://six-scents.com/,,,NON_RESOLUE,aucun ATS détecté sur le site
mumatote,https://www.mumatote.com/,,,NON_RESOLUE,aucun ATS détecté sur le site
noa noa,https://noanoa.com/,,,NON_RESOLUE,aucun ATS détecté sur le site
ōshadi,http://oshadi.in/,,,NON_RESOLUE,aucun ATS détecté sur le site
nordstrom rack,https://www.nordstromrack.com/,,,NON_RESOLUE,aucun ATS détecté sur le site
my july skin llc,https://myjulyskin.com/,,,NON_RESOLUE,aucun ATS détecté sur le site
odakyu department store shinjuku store,https://www.odakyu-dept.co.jp/shinjuku/index.html,,,NON_RESOLUE,site en erreur au probe
molli,https://www.molli.com/,,,NON_RESOLUE,aucun ATS détecté sur le site
oetori,http://oetori.com/,,,NON_RESOLUE,aucun ATS détecté sur le site
nakery beauty,https://nakerybeauty.com/,,,NON_RESOLUE,aucun ATS détecté sur le site
ramsey,https://www.ramsey.com.tr/,,,NON_RESOLUE,aucun ATS détecté sur le site
nose of gatsby,https://www.noseofgatsby.com/,,,NON_RESOLUE,aucun ATS détecté sur le site
kocca,https://kocca.it/,,,NON_RESOLUE,aucun ATS détecté sur le site
old salt grooming supply,http://oldsaltgs.com/,,,NON_RESOLUE,aucun ATS détecté sur le site
object,https://www.objectci.com/,,,NON_RESOLUE,aucun ATS détecté sur le site
marypaz,https://www.marypaz.com/,,,NON_RESOLUE,aucun ATS détecté sur le site
original penguin,http://www.originalpenguin.co.uk/,,,NON_RESOLUE,aucun ATS détecté sur le site
marshall artist,https://www.marshallartist.co.uk/,,,NON_RESOLUE,aucun ATS détecté sur le site
luzi,https://www.luzi.com/,,,NON_RESOLUE,aucun ATS détecté sur le site
plant faced clothing,https://plantfacedclothing.com/?oid=122&affid=1&source_id=GoY-rating&sub1=brandpage,,,NON_RESOLUE,aucun ATS détecté sur le site
monk & anna,https://www.monkandanna.com/,,,NON_RESOLUE,aucun ATS détecté sur le site
nuez acres,https://nuezacres.ca/,,,NON_RESOLUE,aucun ATS détecté sur le site
kosmatology,http://www.kosmatology.com/,,,NON_RESOLUE,aucun ATS détecté sur le site
perverze,https://perverze.jp/,,,NON_RESOLUE,aucun ATS détecté sur le site
overtone color llc,https://overtone.co/,,,NON_RESOLUE,aucun ATS détecté sur le site
phoebe english,https://www.phoebeenglish.com/,,,NON_RESOLUE,aucun ATS détecté sur le site
marcos nalini,https://www.calzaturificiomarcos.it/,,,NON_RESOLUE,site en erreur au probe
nathan-baume,https://www.nathan-baume.be/,,,NON_RESOLUE,site en erreur au probe
matsuya,https://www.matsuya.com/,,,NON_RESOLUE,aucun ATS détecté sur le site
nails frs,https://nailsfrs.fr/,,,NON_RESOLUE,aucun ATS détecté sur le site
nurtur health,https://nurtur.ca/,,,NON_RESOLUE,aucun ATS détecté sur le site
neighborhood,https://www.neighborhood.jp/,,,NON_RESOLUE,aucun ATS détecté sur le site
morari perfumes,https://morariperfumes.com/,,,NON_RESOLUE,aucun ATS détecté sur le site
nous sommes labels,https://www.noussommeslabels.com/,,,NON_RESOLUE,site en erreur au probe
nooch,http://nooch.earth/,,,NON_RESOLUE,aucun ATS détecté sur le site
onekind,http://www.onekind.us/,,,NON_RESOLUE,aucun ATS détecté sur le site
palazzo watches & gems,https://palazzowatches.com/,,,NON_RESOLUE,aucun ATS détecté sur le site
ottoman hands,https://www.ottomanhands.com/,,,NON_RESOLUE,aucun ATS détecté sur le site
oiselle,https://www.oiselle.com/,,,NON_RESOLUE,aucun ATS détecté sur le site
pernambucanas,http://www.pernambucanas.com.br/,,,NON_RESOLUE,aucun ATS détecté sur le site
rosner,http://www.rosner.de/,,,NON_RESOLUE,aucun ATS détecté sur le site
polish me unbothered,https://polishmeunbothered.com/,,,NON_RESOLUE,site en erreur au probe
neye,https://www.neye.dk/,,,NON_RESOLUE,aucun ATS détecté sur le site
mastak,https://mastaklviv.com/,,,NON_RESOLUE,aucun ATS détecté sur le site
moynat,http://www.moynat.com/,,,NON_RESOLUE,aucun ATS détecté sur le site
navinka skin,https://www.navinkaskin.com/,,,NON_RESOLUE,aucun ATS détecté sur le site
päälä,https://www.paala.nl/,,,NON_RESOLUE,aucun ATS détecté sur le site
papucei,https://www.papucei.eu/,,,NON_RESOLUE,aucun ATS détecté sur le site
pink house mustique,https://www.pinkhousemustique.com/,,,NON_RESOLUE,aucun ATS détecté sur le site
nashtn,https://nash.tn/,,,NON_RESOLUE,aucun ATS détecté sur le site
perfection,https://beautyconcernsusa.net/,,,NON_RESOLUE,aucun ATS détecté sur le site
mumuk,https://www.mumuk.com/,,,NON_RESOLUE,aucun ATS détecté sur le site
reinders,https://www.reinders-jm.com/,,,NON_RESOLUE,aucun ATS détecté sur le site
machete,https://shopmachete.com/,,,NON_RESOLUE,aucun ATS détecté sur le site
orangenkinder,https://www.orangenkinder.com/,,,NON_RESOLUE,aucun ATS détecté sur le site
mansure & prettyman's harp,http://harpquality.com/,,,NON_RESOLUE,aucun ATS détecté sur le site
mundo de uñas,https://mundodeunas.com.mx/,,,NON_RESOLUE,aucun ATS détecté sur le site
maze,https://www.maze-shop.de/,,,NON_RESOLUE,aucun ATS détecté sur le site
occidente,https://www.occidente.fr/,,,NON_RESOLUE,site en erreur au probe
pwt group,https://www.pwt-group.com/,,,NON_RESOLUE,aucun ATS détecté sur le site
mother science,http://www.motherscience.com/,,,NON_RESOLUE,site en erreur au probe
onyx and green,https://www.onyxandgreen.com/,,,NON_RESOLUE,aucun ATS détecté sur le site
pura lopez,https://www.puralopez.com/,,,NON_RESOLUE,aucun ATS détecté sur le site
núñez de arenas,https://ndearenas.com/es/,,,NON_RESOLUE,aucun ATS détecté sur le site
repossi,https://repossi.com/,,,NON_RESOLUE,aucun ATS détecté sur le site
officine creative,https://www.officinecreative.store/,,,NON_RESOLUE,aucun ATS détecté sur le site
petty pout,http://pettypout.com/,,,NON_RESOLUE,aucun ATS détecté sur le site
notch,https://tokyodesignchannel.com/c/notch,,,NON_RESOLUE,aucun ATS détecté sur le site
old navy,https://oldnavy.gap.com/,,,NON_RESOLUE,aucun ATS détecté sur le site
mucho gusto,https://muchogusto.nl/,,,NON_RESOLUE,aucun ATS détecté sur le site
maura coscia atelier,https://www.mauracoscia.it/,,,NON_RESOLUE,aucun ATS détecté sur le site
magosisters,https://magosisters.gr/,,,NON_RESOLUE,aucun ATS détecté sur le site
margon metamorfosi,https://metamorfosimilano.com/,,,NON_RESOLUE,aucun ATS détecté sur le site
pasquale bruni,https://www.pasqualebruni.com/,,,NON_RESOLUE,site en erreur au probe
mclc,https://shopmclc.com/,,,NON_RESOLUE,aucun ATS détecté sur le site
needcrystals,https://needcrystals.com/,,,NON_RESOLUE,site en erreur au probe
nāeli,http://www.naelinaturals.com/,,,NON_RESOLUE,aucun ATS détecté sur le site
okaidi,https://www.okaidi.fr/,,,NON_RESOLUE,site en erreur au probe
my salon suite,https://www.mysalonsuite.com/,,,NON_RESOLUE,aucun ATS détecté sur le site
plae,https://plae.co/,,,NON_RESOLUE,aucun ATS détecté sur le site
phil's,http://getphils.com/,,,NON_RESOLUE,aucun ATS détecté sur le site
niko and …,https://www.nikoand.jp/,,,NON_RESOLUE,site en erreur au probe
nēvo® multi-scent natural deodorant,http://nevonaturals.com/,,,NON_RESOLUE,aucun ATS détecté sur le site
pierre hardy,https://www.pierrehardy.com/,,,NON_RESOLUE,aucun ATS détecté sur le site
quriox,https://quriox.in/,,,NON_RESOLUE,aucun ATS détecté sur le site
ollie skincare,https://ollieskincare.com/,,,NON_RESOLUE,aucun ATS détecté sur le site
marivie,https://www.marivie.com/,,,NON_RESOLUE,aucun ATS détecté sur le site
naomi goodsir,https://www.naomigoodsir.com/fr/home,,,NON_RESOLUE,aucun ATS détecté sur le site
marisfrolg,https://www.marisfrolg.com/en/world.aspx,,,NON_RESOLUE,site en erreur au probe
mavi step,https://mavistep.com/,,,NON_RESOLUE,aucun ATS détecté sur le site
mela vastra,https://melavastra.com/,,,NON_RESOLUE,aucun ATS détecté sur le site
olvi's,https://www.olvis-lace.com/,,,NON_RESOLUE,aucun ATS détecté sur le site
okoko cosmétiques,http://www.okokocosmetiques.com/,,,NON_RESOLUE,site en erreur au probe
ruans,http://www.ruans.com/,,,NON_RESOLUE,aucun ATS détecté sur le site
núnoo,https://nunoo.eu/,,,NON_RESOLUE,aucun ATS détecté sur le site
off the pitch,https://www.off-the-pitch.com/,,,NON_RESOLUE,aucun ATS détecté sur le site
mautto,https://mautto.com/,,,NON_RESOLUE,aucun ATS détecté sur le site
no makeup makeup,http://www.nomakeupmakeup.online/,,,NON_RESOLUE,site en erreur au probe
omar effendi,https://omareffendi.com.eg/,,,NON_RESOLUE,aucun ATS détecté sur le site
paracas,http://paracas.co/,,,NON_RESOLUE,aucun ATS détecté sur le site
matalan,https://www.matalan.co.uk/,,,NON_RESOLUE,aucun ATS détecté sur le site
one432,https://www.one432.com/,,,NON_RESOLUE,aucun ATS détecté sur le site
maison roboto,https://maisonroboto.com/,,,NON_RESOLUE,aucun ATS détecté sur le site
rvdk,https://www.ronaldvanderkemp.com/,,,NON_RESOLUE,aucun ATS détecté sur le site
marvelis,https://www.marvelis.com/en/home.html,,,NON_RESOLUE,aucun ATS détecté sur le site
non commun,https://noncommun.com/,,,NON_RESOLUE,aucun ATS détecté sur le site
onia,https://onia.com/,,,NON_RESOLUE,aucun ATS détecté sur le site
my skincare oasis,http://www.myskincareoasis.com/,,,NON_RESOLUE,aucun ATS détecté sur le site
native nectar botanicals,http://www.nativenectarbotanicals.com/,,,NON_RESOLUE,aucun ATS détecté sur le site
natural world,https://www.naturalworldeco-shop.com/,,,NON_RESOLUE,aucun ATS détecté sur le site
one vintage,https://www.onevintagedesigns.com/,,,NON_RESOLUE,site en erreur au probe
mdnt:45,https://mdnt45.com/,,,NON_RESOLUE,aucun ATS détecté sur le site
md glam,http://www.mdglam.com/,,,NON_RESOLUE,aucun ATS détecté sur le site
obsidien's boutique,http://www.obsidien.com/,,,NON_RESOLUE,aucun ATS détecté sur le site
myrrhia fine knitwear,https://myrrhia.storenvy.com/,,,NON_RESOLUE,aucun ATS détecté sur le site
patagonia,https://eu.patagonia.com/,,,NON_RESOLUE,aucun ATS détecté sur le site
opticlasa,https://opticlasa.com/,,,NON_RESOLUE,aucun ATS détecté sur le site
myla,https://www.myla.com/,,,NON_RESOLUE,aucun ATS détecté sur le site
manaco,http://www.manaco.com.bo/,,,NON_RESOLUE,aucun ATS détecté sur le site
organic terra co.,https://organicterraco.com/password,,,NON_RESOLUE,site en erreur au probe
oo&vv,http://www.ov-fs.com/,,,NON_RESOLUE,aucun ATS détecté sur le site
pikolinos,https://www.pikolinos.com/,,,NON_RESOLUE,aucun ATS détecté sur le site
nuebiome,http://nuebiome.com/,,,NON_RESOLUE,aucun ATS détecté sur le site
nagnata,https://nagnata.com/,,,NON_RESOLUE,aucun ATS détecté sur le site
plasma records,http://plasmarecords.com/,,,NON_RESOLUE,aucun ATS détecté sur le site
not just pajama,https://www.notjustpajama.com/,,,NON_RESOLUE,aucun ATS détecté sur le site
nae vegan shoes,https://www.nae-vegan.com/,,,NON_RESOLUE,aucun ATS détecté sur le site
naim josefi,https://www.naimjosefi.com/,,,NON_RESOLUE,aucun ATS détecté sur le site
nappy curls,https://www.nappycurlshair.com/,,,NON_RESOLUE,aucun ATS détecté sur le site
nikben,https://www.nikben.com/,,,NON_RESOLUE,aucun ATS détecté sur le site
meleg perfumes,https://www.melegperfumes.com/,,,NON_RESOLUE,aucun ATS détecté sur le site
organic signatures,https://organicsignatures.com/,,,NON_RESOLUE,aucun ATS détecté sur le site
peace out skincare,https://peaceoutskincare.com/,,,NON_RESOLUE,aucun ATS détecté sur le site
oofos,https://www.oofos.com/,,,NON_RESOLUE,site en erreur au probe
original sprout,https://originalsprout.com/,,,NON_RESOLUE,aucun ATS détecté sur le site
nn.07,https://www.nn07.com/,,,NON_RESOLUE,aucun ATS détecté sur le site
orly international inc.,http://www.orlybeauty.com/,,,NON_RESOLUE,site en erreur au probe
poan,https://poan.com/,,,NON_RESOLUE,aucun ATS détecté sur le site
neeman's,https://neemans.com/,,,NON_RESOLUE,site en erreur au probe
parley,https://shop.parley.tv/,,,NON_RESOLUE,aucun ATS détecté sur le site
off play,https://www.offplay.eu/,,,NON_RESOLUE,aucun ATS détecté sur le site
öffen,https://offen-gallery.com/,,,NON_RESOLUE,site en erreur au probe
meadowlark,https://meadowlarkjewellery.co.uk/,,,NON_RESOLUE,aucun ATS détecté sur le site
manufaktura mms,https://manufaktura-mms.com/,,,NON_RESOLUE,aucun ATS détecté sur le site
mialuis,https://mialuis.it/,,,NON_RESOLUE,aucun ATS détecté sur le site
melie bianco,https://www.meliebianco.com/,,,NON_RESOLUE,aucun ATS détecté sur le site
nepenthes,https://nepenthes.co.jp/,,,NON_RESOLUE,aucun ATS détecté sur le site
original moxie,http://www.originalmoxie.com/,,,NON_RESOLUE,aucun ATS détecté sur le site
megane ichiba,https://www.meganeichiba.jp/,,,NON_RESOLUE,aucun ATS détecté sur le site
pitod,https://pitod.com/,,,NON_RESOLUE,site en erreur au probe
peach & lily,https://www.peachandlily.com/pages/beauty-home,,,NON_RESOLUE,site en erreur au probe
out of srl,https://out-of.com/,,,NON_RESOLUE,aucun ATS détecté sur le site
roberto collina,https://www.robertocollina.com/,,,NON_RESOLUE,site en erreur au probe
orphelia,https://orphelia.eu/,,,NON_RESOLUE,aucun ATS détecté sur le site
polo club st martin,https://store.poloclubstmartin.com/,,,NON_RESOLUE,aucun ATS détecté sur le site
ncla beauty,http://nclabeauty.com/,,,NON_RESOLUE,aucun ATS détecté sur le site
plexida,https://plexidaknitwear.com/,,,NON_RESOLUE,aucun ATS détecté sur le site
meomari,https://meomari.com/,,,NON_RESOLUE,aucun ATS détecté sur le site
mes demoiselles paris,https://www.mesdemoisellesparis.com/,,,NON_RESOLUE,aucun ATS détecté sur le site
melanin haircare,https://melaninhaircare.com/,,,NON_RESOLUE,aucun ATS détecté sur le site
prep u products,http://www.prepuproducts.com/,,,NON_RESOLUE,aucun ATS détecté sur le site
ozsports,https://www.ozsports.net.au/,,,NON_RESOLUE,aucun ATS détecté sur le site
penhaligon's,http://www.penhaligons.com/,,,NON_RESOLUE,aucun ATS détecté sur le site
raizzed,https://www.raizzed.com/,,,NON_RESOLUE,site en erreur au probe
pamm,https://pammpamm.store/,,,NON_RESOLUE,aucun ATS détecté sur le site
rayne refillery,http://raynerefillery.com/,,,NON_RESOLUE,aucun ATS détecté sur le site
paul hewitt,https://www.paul-hewitt.com/,,,NON_RESOLUE,site en erreur au probe
pour moi skincare,https://www.pourmoiskincare.com/,,,NON_RESOLUE,aucun ATS détecté sur le site
natura cosméticos s.a.,https://www.natura.com.br/,,,NON_RESOLUE,site en erreur au probe
nasomatto,https://nasomatto.com/,,,NON_RESOLUE,site en erreur au probe
old habits die hard,https://oldhabits-diehard.com/,,,NON_RESOLUE,site en erreur au probe
pepe moll,https://pepemoll.es/,,,NON_RESOLUE,site en erreur au probe
olamic,http://www.olamicbeauty.com/,,,NON_RESOLUE,aucun ATS détecté sur le site
olaf hussein,https://olafhussein.com/,,,NON_RESOLUE,site en erreur au probe
nuda,https://nuda.ca/,,,NON_RESOLUE,site en erreur au probe
oui,https://www.oui.com/,,,NON_RESOLUE,site en erreur au probe
ni,http://www.ni-people.com/,,,NON_RESOLUE,aucun ATS détecté sur le site
mineral silk,https://mineralsilk.com/,,,NON_RESOLUE,aucun ATS détecté sur le site
naturally drenched,https://www.naturallydrenched.com/,,,NON_RESOLUE,aucun ATS détecté sur le site
mater soap llc,http://www.matersoap.com/,,,NON_RESOLUE,aucun ATS détecté sur le site
michael hill jeweller,https://www.michaelhill.com.au/,,,NON_RESOLUE,aucun ATS détecté sur le site
port de bras,https://www.portdebras.com/,,,NON_RESOLUE,aucun ATS détecté sur le site
omaura,https://omauraskin.com/,,,NON_RESOLUE,aucun ATS détecté sur le site
peserico,https://eu.peserico.com/,,,NON_RESOLUE,site en erreur au probe
messy weekend,https://messyweekend.com/,,,NON_RESOLUE,aucun ATS détecté sur le site
kulture,https://kulturefootwear.com/,,,NON_RESOLUE,aucun ATS détecté sur le site
roja parfums,https://rojalondon.com/,,,NON_RESOLUE,aucun ATS détecté sur le site
osklen,https://osklen.com/,,,NON_RESOLUE,aucun ATS détecté sur le site
oak+fort,https://www.oakandfort.com/,,,NON_RESOLUE,aucun ATS détecté sur le site
paola davoli,http://www.paoladavoli.info/,,,NON_RESOLUE,aucun ATS détecté sur le site
pablo,https://pablo.fr/,,,NON_RESOLUE,aucun ATS détecté sur le site
pada works,https://www.padaworks.com/,,,NON_RESOLUE,aucun ATS détecté sur le site
naitangpai,http://www.naitangpai.com/,,,NON_RESOLUE,aucun ATS détecté sur le site
nose luv,https://nose-luv.com/,,,NON_RESOLUE,aucun ATS détecté sur le site
petit main,https://www.narumiya-online.jp/shop/brand/18/,,,NON_RESOLUE,site en erreur au probe
permanent vacation,https://www.permanentvacation.com.au/,,,NON_RESOLUE,aucun ATS détecté sur le site
safo hair,http://safohair.com/,,,NON_RESOLUE,aucun ATS détecté sur le site
pretty eccentric,https://www.prettyeccentric.co.uk/,,,NON_RESOLUE,aucun ATS détecté sur le site
mari quinn,https://www.amazon.com/Therapy-Wax-by-Mari-Quinn/dp/B08PW1TKQG,,,NON_RESOLUE,site en erreur au probe
oltre,https://www.oltre.com/,,,NON_RESOLUE,aucun ATS détecté sur le site
piccoliny,https://piccolinyshop.com/,,,NON_RESOLUE,aucun ATS détecté sur le site
l'estrange london,https://lestrangelondon.com/,,,NON_RESOLUE,aucun ATS détecté sur le site
our sister,https://oursister.com/,,,NON_RESOLUE,site en erreur au probe
pramika uniform,https://www.pramikauniform.com/,,,NON_RESOLUE,aucun ATS détecté sur le site
michelle marie boutique,https://michellemarieboutique.com/,,,NON_RESOLUE,aucun ATS détecté sur le site
osier,http://www.osier.com/,,,NON_RESOLUE,aucun ATS détecté sur le site
medovy.shop,https://www.medovy.shop/,,,NON_RESOLUE,aucun ATS détecté sur le site
phoebe philo,https://www.phoebephilo.com/en_gb/,,,NON_RESOLUE,site en erreur au probe
red pantz,https://redpantz.com/,,,NON_RESOLUE,aucun ATS détecté sur le site
pace,https://pacecompany.com.br/,,,NON_RESOLUE,aucun ATS détecté sur le site
nast!q studio,https://nastiq.studio/,,,NON_RESOLUE,aucun ATS détecté sur le site
mimi prober,https://www.mimiprober.com/,,,NON_RESOLUE,aucun ATS détecté sur le site
nu-in,https://nu-in.com/,,,NON_RESOLUE,aucun ATS détecté sur le site
organically,https://organically.jp/,,,NON_RESOLUE,aucun ATS détecté sur le site
organic cube,http://www.myorganiccube.com/,,,NON_RESOLUE,aucun ATS détecté sur le site
pinky club,https://www.pinkyclub.sk/,,,NON_RESOLUE,aucun ATS détecté sur le site
prince & bond,https://www.princeandbond.com/,,,NON_RESOLUE,aucun ATS détecté sur le site
neeve,https://www.neeve.com/,,,NON_RESOLUE,aucun ATS détecté sur le site
nxtstop,https://thenxtstop.com/,,,NON_RESOLUE,aucun ATS détecté sur le site
régime des fleurs,https://regimedesfleurs.com/,,,NON_RESOLUE,aucun ATS détecté sur le site
panerai,https://www.panerai.com/,,,NON_RESOLUE,site en erreur au probe
pantaloons,https://www.pantaloons.com/,,,NON_RESOLUE,aucun ATS détecté sur le site
napo,https://www.napo-shop.de/,,,NON_RESOLUE,aucun ATS détecté sur le site
pro-organic ug,https://www.lana-organic.de/,,,NON_RESOLUE,site en erreur au probe
la perline skincare,http://laperlineskincare.com/,,,NON_RESOLUE,aucun ATS détecté sur le site
privates,http://getprivates.com/,,,NON_RESOLUE,aucun ATS détecté sur le site
owlivia,https://owlivia.com/,,,NON_RESOLUE,aucun ATS détecté sur le site
olympia blue,https://www.olympiablue.com/,,,NON_RESOLUE,aucun ATS détecté sur le site
noé & zoë,https://www.noe-zoe.com/,,,NON_RESOLUE,aucun ATS détecté sur le site
roze + quartz,https://www.rozeandquartz.com/,,,NON_RESOLUE,aucun ATS détecté sur le site
mirate,http://www.apeelaesthetics.com/,,,NON_RESOLUE,aucun ATS détecté sur le site
mip & toad,http://mipandtoad.com/,,,NON_RESOLUE,aucun ATS détecté sur le site
plage,https://plage.baycrews.co.jp/,,,NON_RESOLUE,aucun ATS détecté sur le site
ps fashion,https://www.psfashion.com/,,,NON_RESOLUE,aucun ATS détecté sur le site
prabal gurung,https://prabalgurung.com/,,,NON_RESOLUE,aucun ATS détecté sur le site
pons quintana,https://www.ponsquintana.com/,,,NON_RESOLUE,site en erreur au probe
milk made skin,https://www.milkmadeskin.com/,,,NON_RESOLUE,aucun ATS détecté sur le site
only-m.,https://www.only-m.com/,,,NON_RESOLUE,aucun ATS détecté sur le site
pauline dujancourt,https://paulinedujancourt.com/,,,NON_RESOLUE,aucun ATS détecté sur le site
rens,https://rensoriginal.com/,,,NON_RESOLUE,aucun ATS détecté sur le site
natpure clinical skin care,http://www.naturepure.com/,,,NON_RESOLUE,aucun ATS détecté sur le site
parís,http://www.paris.cl/,,,NON_RESOLUE,aucun ATS détecté sur le site
never enough,https://www.never-enough.it/,,,NON_RESOLUE,aucun ATS détecté sur le site
mister spex,https://www.misterspex.de/,,,NON_RESOLUE,aucun ATS détecté sur le site
ode olive oil beauty,http://www.mcevoyranch.com/,,,NON_RESOLUE,site en erreur au probe
paul frank,http://www.paulfrank.com/,,,NON_RESOLUE,aucun ATS détecté sur le site
only play,https://playupstore.com/,,,NON_RESOLUE,aucun ATS détecté sur le site
sandströms,https://www.sandstroms.nu/,,,NON_RESOLUE,aucun ATS détecté sur le site
plan c,https://www.plan-c.com/,,,NON_RESOLUE,aucun ATS détecté sur le site
miccy's,https://miccys.com/,,,NON_RESOLUE,aucun ATS détecté sur le site
oshin love,https://www.oshinlove.com/,,,NON_RESOLUE,aucun ATS détecté sur le site
naturals,https://naturals.in/,,,NON_RESOLUE,site en erreur au probe
pave,https://pave.com.tr/,,,NON_RESOLUE,aucun ATS détecté sur le site
nissen,https://www.nissen.fi/,,,NON_RESOLUE,site en erreur au probe
owndays,https://www.owndays.com/,,,NON_RESOLUE,aucun ATS détecté sur le site
otero,https://oteromenswear.com/,,,NON_RESOLUE,aucun ATS détecté sur le site
pull&bear,https://www.pullandbear.com/,,,NON_RESOLUE,site en erreur au probe
okabashi,https://www.okabashi.com/,,,NON_RESOLUE,aucun ATS détecté sur le site
ögon design,https://www.ogondesigns.com/en,,,NON_RESOLUE,aucun ATS détecté sur le site
mode express,https://no1mode.de/,,,NON_RESOLUE,aucun ATS détecté sur le site
meta campania collective,https://meta-campania-collective.com/,,,NON_RESOLUE,aucun ATS détecté sur le site
pennyblack,https://pennyblack.com/,,,NON_RESOLUE,site en erreur au probe
pitka leather,https://pitkaleather.com/,,,NON_RESOLUE,aucun ATS détecté sur le site
pupa milano,http://www.pupa.it/,,,NON_RESOLUE,aucun ATS détecté sur le site
parea,https://lapareawellness.com/collections/parea-skin-care,,,NON_RESOLUE,aucun ATS détecté sur le site
poc,https://www.pocsports.com/,,,NON_RESOLUE,aucun ATS détecté sur le site
primadonna collection,https://www.primadonnacollection.com/home,,,NON_RESOLUE,aucun ATS détecté sur le site
revolution,https://revolution.eu/,,,NON_RESOLUE,aucun ATS détecté sur le site
lady burgundy,http://ladyburgundy.com/,,,NON_RESOLUE,aucun ATS détecté sur le site
pall mall,https://www.pme-legend.com/,,,NON_RESOLUE,aucun ATS détecté sur le site
people of color,http://www.peopleofcolorbeauty.com/,,,NON_RESOLUE,aucun ATS détecté sur le site
puroego,https://www.puroego.com/,,,NON_RESOLUE,aucun ATS détecté sur le site
nihombashi mitsukoshi main store,https://www.mistore.jp/store/nihombashi.html,,,NON_RESOLUE,site en erreur au probe
mono concept store,https://www.mono-concept.com/,,,NON_RESOLUE,aucun ATS détecté sur le site
minimalisticlinen,https://minimalisticlinen.com/,,,NON_RESOLUE,aucun ATS détecté sur le site
perfect moment,https://www.perfectmoment.com/,,,NON_RESOLUE,aucun ATS détecté sur le site
landia skincare,http://www.landiaskincare.com/,,,NON_RESOLUE,aucun ATS détecté sur le site
oxford shop,https://www.oxfordshop.com.au/,,,NON_RESOLUE,aucun ATS détecté sur le site
sarah sclarandis,https://www.sclarandis.com/,,,NON_RESOLUE,aucun ATS détecté sur le site
mom aid,http://www.momaid.com/,,,NON_RESOLUE,aucun ATS détecté sur le site
nikki chasin,https://nikkichasin.com/,,,NON_RESOLUE,aucun ATS détecté sur le site
olga,https://olgaintimates.com/,,,NON_RESOLUE,aucun ATS détecté sur le site
novum crafts,https://indianheaddress.com/,,,NON_RESOLUE,aucun ATS détecté sur le site
no ka 'oi,https://shopnokaoi.com/,,,NON_RESOLUE,aucun ATS détecté sur le site
misha vaidya,https://mishavaidya.com/,,,NON_RESOLUE,aucun ATS détecté sur le site
paseos,https://www.paseos.co.jp/,,,NON_RESOLUE,aucun ATS détecté sur le site
nikkie,https://www.nikkie.com/,,,NON_RESOLUE,site en erreur au probe
organ tale,https://organtale.com/,,,NON_RESOLUE,aucun ATS détecté sur le site
norman hartnell ltd,http://www.normanhartnell.com/,,,NON_RESOLUE,site en erreur au probe
mieke dierckx,https://miekedierckx.be/,,,NON_RESOLUE,site en erreur au probe
palladium,https://www.palladiumboots.com/,,,NON_RESOLUE,aucun ATS détecté sur le site
proraso,https://proraso-usa.com/,,,NON_RESOLUE,site en erreur au probe
perryco,https://www.perrycoshoes.com/,,,NON_RESOLUE,aucun ATS détecté sur le site
no label,https://www.nolabel.com/,,,NON_RESOLUE,aucun ATS détecté sur le site
ondura durable goods,https://www.ondura.de/,,,NON_RESOLUE,aucun ATS détecté sur le site
lathered artisan,https://www.latheredartisan.com/,,,NON_RESOLUE,aucun ATS détecté sur le site
sacred state design,https://www.sacredstatedesign.com/,,,NON_RESOLUE,aucun ATS détecté sur le site
payless shoesource,https://www.payless.com/,,,NON_RESOLUE,aucun ATS détecté sur le site
non,https://non.eco/?oid=261&affid=1&source_id=GoY-rating&sub1=brandpage,,,NON_RESOLUE,aucun ATS détecté sur le site
palmarosa shop maroc,https://www.palmarosashop.com/,,,NON_RESOLUE,site en erreur au probe
pp berlin,https://shopp.berlin/,,,NON_RESOLUE,aucun ATS détecté sur le site
parafina,https://parafina.eco/,,,NON_RESOLUE,aucun ATS détecté sur le site
neycko,http://neycko.com/,,,NON_RESOLUE,aucun ATS détecté sur le site
morleys stores ltd,http://www.morleys.co.uk/,,,NON_RESOLUE,aucun ATS détecté sur le site
penn&ink n.y,https://pennandink-ny.com/,,,NON_RESOLUE,site en erreur au probe
phildar,http://www.phildar.fr/,,,NON_RESOLUE,site en erreur au probe
mona brands,http://www.monabrands.com/,,,NON_RESOLUE,aucun ATS détecté sur le site
people pleaser co.,https://peoplepleaserco.com/,,,NON_RESOLUE,aucun ATS détecté sur le site
pohésia,https://pohesia.com/,,,NON_RESOLUE,site en erreur au probe
parfümerie pieper,https://www.pieper.de/,,,NON_RESOLUE,aucun ATS détecté sur le site
nomads,https://www.nomadsclothing.com/,,,NON_RESOLUE,aucun ATS détecté sur le site
not ours,https://thenotours.com/,,,NON_RESOLUE,aucun ATS détecté sur le site
milimewa,https://www.tstore.com.my/,,,NON_RESOLUE,site en erreur au probe
sayaka davis,https://sayakadavis.com/,,,NON_RESOLUE,aucun ATS détecté sur le site
primadonna,https://www.primadonnacollection.com/,,,NON_RESOLUE,aucun ATS détecté sur le site
passionata,https://chantelle.com/en/passionata,,,NON_RESOLUE,aucun ATS détecté sur le site
parfois,https://www.parfois.com/,,,NON_RESOLUE,aucun ATS détecté sur le site
qeelin,https://www.qeelin.com/,,,NON_RESOLUE,aucun ATS détecté sur le site
lazy oaf,https://www.lazyoaf.com/,,,NON_RESOLUE,aucun ATS détecté sur le site
quick schuh,https://www.quick-schuh.com/,,,NON_RESOLUE,aucun ATS détecté sur le site
oriflame cosmetics,https://id.oriflame.com/,,,NON_RESOLUE,aucun ATS détecté sur le site
le tricot perugia,https://www.letricotperugia.com/,,,NON_RESOLUE,aucun ATS détecté sur le site
pure pitz™,http://www.purepitz.com/,,,NON_RESOLUE,aucun ATS détecté sur le site
moscot,http://www.moscot.com/,,,NON_RESOLUE,aucun ATS détecté sur le site
mixxo,https://mixxo.com/,,,NON_RESOLUE,aucun ATS détecté sur le site
pig & hen,https://www.pighen.com/,,,NON_RESOLUE,site en erreur au probe
montec,https://www.montecwear.com/,,,NON_RESOLUE,aucun ATS détecté sur le site
neatwipes,http://myneatgoods.com/,,,NON_RESOLUE,aucun ATS détecté sur le site
pregis,https://pregisshoes.com/,,,NON_RESOLUE,aucun ATS détecté sur le site
mouth watchers,http://www.mouthwatchers.com/,,,NON_RESOLUE,aucun ATS détecté sur le site
raging bull,https://www.ragingbull.co.uk/,,,NON_RESOLUE,aucun ATS détecté sur le site
port products,http://portproducts.com/,,,NON_RESOLUE,aucun ATS détecté sur le site
organic basics,https://www.organicbasics.com/,,,NON_RESOLUE,aucun ATS détecté sur le site
norton,https://www.nortoncaps.com/,,,NON_RESOLUE,aucun ATS détecté sur le site
miniluxe  inc.,https://miniluxe.com/,,,NON_RESOLUE,site en erreur au probe
nomos glashütte,https://nomos-glashuette.com/,,,NON_RESOLUE,site en erreur au probe
sala sarita,https://salasarita.com/,,,NON_RESOLUE,aucun ATS détecté sur le site
occult patches & pins,https://occultpatchespins.co.uk/,,,NON_RESOLUE,aucun ATS détecté sur le site
mughal apparel,https://www.mughalapparel.com/,,,NON_RESOLUE,aucun ATS détecté sur le site
niles and chaz,https://nilesandchaz.com/,,,NON_RESOLUE,aucun ATS détecté sur le site
piu brand,https://www.piubrand.com/,,,NON_RESOLUE,aucun ATS détecté sur le site
misbhv,https://misbhv.com/,,,NON_RESOLUE,aucun ATS détecté sur le site
millet mountain,https://www.millet-mountain.com/,,,NON_RESOLUE,site en erreur au probe
ortega,http://etienneortega.com/,,,NON_RESOLUE,aucun ATS détecté sur le site
pedro miralles,https://www.pedromiralles.com/,,,NON_RESOLUE,aucun ATS détecté sur le site
mlb,https://en.mlb-korea.com/,,,NON_RESOLUE,aucun ATS détecté sur le site
nubian skin,https://www.nubianskin.com/,,,NON_RESOLUE,aucun ATS détecté sur le site
pepper pout,http://pepperpoutbeauty.com/,,,NON_RESOLUE,aucun ATS détecté sur le site
nova cell,https://www.novacell.tw/,,,NON_RESOLUE,aucun ATS détecté sur le site
prohibition wellness,https://prohibitionwellness.com/,,,NON_RESOLUE,aucun ATS détecté sur le site
petrodvorets watch factory,http://www.raketa.com/,,,NON_RESOLUE,aucun ATS détecté sur le site
mjus,https://www.mjus-shoes.com/,,,NON_RESOLUE,aucun ATS détecté sur le site
princessknobs nail polish,http://www.shyneeknobs.com/,,,NON_RESOLUE,aucun ATS détecté sur le site
pearly gates,http://www.pearlygates.net/,,,NON_RESOLUE,aucun ATS détecté sur le site
les eaux primordiales,https://www.leseauxprimordiales.com/,,,NON_RESOLUE,aucun ATS détecté sur le site
óticas diniz,https://www.oticasdiniz.com.br/,,,NON_RESOLUE,aucun ATS détecté sur le site
raw leathers,https://www.raw-leathers.com/,,,NON_RESOLUE,aucun ATS détecté sur le site
pearle vision,https://www.pearle.be/,,,NON_RESOLUE,aucun ATS détecté sur le site
mr mittens,https://www.ilovemrmittens.com/,,,NON_RESOLUE,aucun ATS détecté sur le site
sears hometown stores,http://www.searshometownstores.com/,,,NON_RESOLUE,site en erreur au probe
neuw,https://www.neuwdenim.com/us,,,NON_RESOLUE,aucun ATS détecté sur le site
pierre robert,https://pierrerobert.no/,,,NON_RESOLUE,aucun ATS détecté sur le site
outrgs,https://www.outrgs.com/,,,NON_RESOLUE,aucun ATS détecté sur le site
qualash,https://qualash.com/,,,NON_RESOLUE,aucun ATS détecté sur le site
mint velvet,https://www.mintvelvet.co.uk/,,,NON_RESOLUE,aucun ATS détecté sur le site
modern burlap,https://modernburlap.com/,,,NON_RESOLUE,aucun ATS détecté sur le site
not basics,https://pantee.co.uk/?oid=212&affid=1&source_id=GoY-rating&sub1=brandpage,,,NON_RESOLUE,aucun ATS détecté sur le site
sandali shop,https://www.sandalishop.it/,,,NON_RESOLUE,aucun ATS détecté sur le site
nuria,http://nuriabeauty.com/,,,NON_RESOLUE,aucun ATS détecté sur le site
o bag,https://www.obag.eu/,,,NON_RESOLUE,aucun ATS détecté sur le site
leki,https://www.leki.com/,,,NON_RESOLUE,site en erreur au probe
perfumy.pl,https://perfumy.pl/,,,NON_RESOLUE,aucun ATS détecté sur le site
selim mouzzanar,https://www.selimmouzannar.com/,,,NON_RESOLUE,aucun ATS détecté sur le site
ozeta,https://www.ozeta.sk/,,,NON_RESOLUE,aucun ATS détecté sur le site
mykke hoffmann,https://mykkehofmann.com/,,,NON_RESOLUE,aucun ATS détecté sur le site
pequignet,https://pequignet.com/,,,NON_RESOLUE,aucun ATS détecté sur le site
nü denmark,https://nu-denmark.com/,,,NON_RESOLUE,aucun ATS détecté sur le site
nightshift wax company,http://nightshiftwaxcompany.com/,,,NON_RESOLUE,aucun ATS détecté sur le site
petrifun store,https://www.petrifun.fi/,,,NON_RESOLUE,aucun ATS détecté sur le site
mollagara since 1895,https://mollagaraofficial.com/,,,NON_RESOLUE,aucun ATS détecté sur le site
mollini,https://www.mollini.com.au/,,,NON_RESOLUE,site en erreur au probe
peter england,https://www.peterengland.com/,,,NON_RESOLUE,aucun ATS détecté sur le site
percival,https://www.percivalclo.com/,,,NON_RESOLUE,site en erreur au probe
palava,https://palava.co/,,,NON_RESOLUE,aucun ATS détecté sur le site
pnina rosenblum ltd.,https://www.rosenblum.co.il/,,,NON_RESOLUE,aucun ATS détecté sur le site
no nasties,https://www.nonasties.in/?oid=112&affid=1&source_id=GoY-rating&sub1=brandpage,,,NON_RESOLUE,aucun ATS détecté sur le site
perro collection,http://www.perrocollection.com/,,,NON_RESOLUE,aucun ATS détecté sur le site
recovo,https://recovo.co/#,,,NON_RESOLUE,aucun ATS détecté sur le site
october,https://www.october.es/,,,NON_RESOLUE,aucun ATS détecté sur le site
setchu,https://www.laesetchu.com/,,,NON_RESOLUE,aucun ATS détecté sur le site
nubyen,https://nubyen.com/,,,NON_RESOLUE,aucun ATS détecté sur le site
pamela mann,https://www.pamelamann.co.uk/,,,NON_RESOLUE,aucun ATS détecté sur le site
rabe,https://www.rabefashion.com/,,,NON_RESOLUE,aucun ATS détecté sur le site
pierrewax,https://pierrewax.hu/,,,NON_RESOLUE,aucun ATS détecté sur le site
osea,http://oseamalibu.com/,,,NON_RESOLUE,aucun ATS détecté sur le site
personal collection,https://www.personalcollection.com.ph/,,,NON_RESOLUE,site en erreur au probe
nail tek,http://nailtek.com/,,,NON_RESOLUE,aucun ATS détecté sur le site
nixnut,https://nixnut.nl/,,,NON_RESOLUE,aucun ATS détecté sur le site
pirin-tex,https://www.pirintex.com/,,,NON_RESOLUE,site en erreur au probe
nvlx labs,https://www.nvlxlabs.com/,,,NON_RESOLUE,aucun ATS détecté sur le site
philosophy di lorenzo serafini,https://www.philosophyofficial.com/,,,NON_RESOLUE,aucun ATS détecté sur le site
puah,http://www.puahskincare.com/,,,NON_RESOLUE,aucun ATS détecté sur le site
regal nails,https://regalnails.com/,,,NON_RESOLUE,aucun ATS détecté sur le site
pop trading company,https://poptradingcompany.com/,,,NON_RESOLUE,aucun ATS détecté sur le site
radley,https://www.radleylondon.com/,,,NON_RESOLUE,aucun ATS détecté sur le site
pureseoul,https://pureseoul.co.uk/,,,NON_RESOLUE,aucun ATS détecté sur le site
pletzsch,https://pletzsch.de/,,,NON_RESOLUE,aucun ATS détecté sur le site
o boticário,https://www.boticario.com/,,,NON_RESOLUE,aucun ATS détecté sur le site
princess goes hollywood,https://www.princess-goes-hollywood.com/,,,NON_RESOLUE,site en erreur au probe
oblige london,https://www.obligelondon.com/,,,NON_RESOLUE,aucun ATS détecté sur le site
miss selfridge,https://www.asos.com/miss-selfridge/,,,NON_RESOLUE,site en erreur au probe
philip hog,https://philiphog.com/,,,NON_RESOLUE,aucun ATS détecté sur le site
muse copenhagen,https://www.copenhagenmuse.com/,,,NON_RESOLUE,aucun ATS détecté sur le site
rami al ali,https://www.ramialali.com/,,,NON_RESOLUE,aucun ATS détecté sur le site
rare by circle,https://rarebycircle.com/,,,NON_RESOLUE,aucun ATS détecté sur le site
oceania legends,https://oceania-legends.com/,,,NON_RESOLUE,aucun ATS détecté sur le site
moralfibre,https://moralfibre-fabrics.com/,,,NON_RESOLUE,aucun ATS détecté sur le site
réalisation par,https://realisationpar.com/,,,NON_RESOLUE,aucun ATS détecté sur le site
nash and jones,http://nashandjones.com/,,,NON_RESOLUE,aucun ATS détecté sur le site
pussy deluxe,https://www.napo-shop.de/pussy-deluxe,,,NON_RESOLUE,aucun ATS détecté sur le site
ps poelman,https://www.poelman.shoes/,,,NON_RESOLUE,aucun ATS détecté sur le site
pecegueiro & f.os,https://www.pecegueiro.com/,,,NON_RESOLUE,aucun ATS détecté sur le site
monfrère,https://www.monfrerefashion.com/,,,NON_RESOLUE,aucun ATS détecté sur le site
pieces,https://www.pieces.com/,,,NON_RESOLUE,aucun ATS détecté sur le site
off-white,https://www.off---white.com/,,,NON_RESOLUE,aucun ATS détecté sur le site
not studio,https://www.not.studio/,,,NON_RESOLUE,aucun ATS détecté sur le site
pippa holt,https://www.pippaholt.com/,,,NON_RESOLUE,aucun ATS détecté sur le site
pure culture beauty,http://pureculturebeauty.com/,,,NON_RESOLUE,aucun ATS détecté sur le site
patou,https://www.patou.com/,,,NON_RESOLUE,aucun ATS détecté sur le site
petit nord copenhagen,http://www.petitnord.com/,,,NON_RESOLUE,aucun ATS détecté sur le site
rim.ark,https://rim-ark.jp/,,,NON_RESOLUE,aucun ATS détecté sur le site
paria /farzaneh,https://www.pariafarzaneh.com/,,,NON_RESOLUE,aucun ATS détecté sur le site
nomad design co,https://nomaddesignco.net/,,,NON_RESOLUE,site en erreur au probe
sheego,https://www.sheego.de/,,,NON_RESOLUE,aucun ATS détecté sur le site
old bull lee,http://www.oldbullshorts.com/,,,NON_RESOLUE,aucun ATS détecté sur le site
shoe zone,https://www.shoezone.com/,,,NON_RESOLUE,aucun ATS détecté sur le site
pick 'n pay clothing,https://www.picknpayclothing.co.za/,,,NON_RESOLUE,aucun ATS détecté sur le site
pilgrim clothing,https://www.pilgrimclothing.com.au/,,,NON_RESOLUE,aucun ATS détecté sur le site
quiksilver,https://www.quiksilver.fr/,,,NON_RESOLUE,aucun ATS détecté sur le site
petit pli,https://shop.petitpli.com/en-au?oid=333&affid=1&source_id=GoY-rating&sub1=brandpage,,,NON_RESOLUE,aucun ATS détecté sur le site
moonstar,https://www.moonstar.co.jp/,,,NON_RESOLUE,aucun ATS détecté sur le site
mobach,https://www.mobach-keramiek.nl/,,,NON_RESOLUE,aucun ATS détecté sur le site
pono woodworks,https://ponowoodworks.com/,,,NON_RESOLUE,aucun ATS détecté sur le site
queen kerosin,https://www.kingkerosin.com/,,,NON_RESOLUE,aucun ATS détecté sur le site
q for quinn,https://www.qforquinn.com/?oid=341&affid=1&source_id=GoY-rating&sub1=,,,NON_RESOLUE,site en erreur au probe
motherhood maternity,https://www.motherhood.com/,,,NON_RESOLUE,aucun ATS détecté sur le site
overcoat,https://overcoatnyc.com/,,,NON_RESOLUE,aucun ATS détecté sur le site
renatta & go,https://www.renattandgo.com/,,,NON_RESOLUE,aucun ATS détecté sur le site
ölend,https://www.olend.net/,,,NON_RESOLUE,aucun ATS détecté sur le site
neem,https://neemlondon.com/?oid=199&affid=1&source_id=GoY-rating&sub1=brandpage,,,NON_RESOLUE,aucun ATS détecté sur le site
rainbow shops,https://www.rainbowshops.com/,,,NON_RESOLUE,aucun ATS détecté sur le site
moresque,https://www.moresqueparfumshop.com/,,,NON_RESOLUE,aucun ATS détecté sur le site
n rage,http://nrage.com/,,,NON_RESOLUE,aucun ATS détecté sur le site
olympic orchids perfumes,https://orchidscents.com/,,,NON_RESOLUE,aucun ATS détecté sur le site
plaine products,https://www.plaineproducts.com/,,,NON_RESOLUE,aucun ATS détecté sur le site
perennial soaps,http://www.perennialsoaps.com/,,,NON_RESOLUE,aucun ATS détecté sur le site
raf simons,https://rafsimons.com/,,,NON_RESOLUE,aucun ATS détecté sur le site
retrouvai,https://www.retrouvai.com/,,,NON_RESOLUE,aucun ATS détecté sur le site
ohana organics,http://www.ohanaorganics.com/,,,NON_RESOLUE,aucun ATS détecté sur le site
pajar,https://www.pajar.com/,,,NON_RESOLUE,aucun ATS détecté sur le site
pinocchio shoes,https://www.pinocchioshoes.com/,,,NON_RESOLUE,aucun ATS détecté sur le site
ro.sham.bo eyewear,https://www.roshambo.com/,,,NON_RESOLUE,aucun ATS détecté sur le site
mr. niceguy,https://www.mrniceguy.nl/,,,NON_RESOLUE,aucun ATS détecté sur le site
on trend shirts,https://ontrendshirts.com/,,,NON_RESOLUE,aucun ATS détecté sur le site
picture,https://www.picture-organic-clothing.com/,,,NON_RESOLUE,site en erreur au probe
pq,https://pqswim.com/,,,NON_RESOLUE,aucun ATS détecté sur le site
lezat,https://www.lezat.com/?oid=324&affid=1&source_id=GoY-rating&sub1=brandpage,,,NON_RESOLUE,aucun ATS détecté sur le site
rare beauty,https://www.rarebeauty.com/,,,NON_RESOLUE,aucun ATS détecté sur le site
re:ady b,https://readyb.store/,,,NON_RESOLUE,aucun ATS détecté sur le site
olistic the label,https://www.olisticthelabel.com/,,,NON_RESOLUE,aucun ATS détecté sur le site
pedro del hierro,https://pedrodelhierro.com/,,,NON_RESOLUE,aucun ATS détecté sur le site
offrandes,https://offrandes.com/,,,NON_RESOLUE,aucun ATS détecté sur le site
ocoa,http://ocoabeauty.com/,,,NON_RESOLUE,aucun ATS détecté sur le site
polinesia,https://www.polinesia.es/en-eu/,,,NON_RESOLUE,aucun ATS détecté sur le site
monsieur brunold,https://www.monsieurbrunold.com/,,,NON_RESOLUE,aucun ATS détecté sur le site
north 56°4,https://www.north56-4.com/,,,NON_RESOLUE,aucun ATS détecté sur le site
petite maison kids,https://petitemaisonkids.com/,,,NON_RESOLUE,aucun ATS détecté sur le site
signature,https://signature.dk/,,,NON_RESOLUE,aucun ATS détecté sur le site
msch,https://www.mosscopenhagen.com/,,,NON_RESOLUE,aucun ATS détecté sur le site
primitive,https://www.primitiveskate.com/,,,NON_RESOLUE,aucun ATS détecté sur le site
redgreen,https://redgreen.dk/,,,NON_RESOLUE,aucun ATS détecté sur le site
oha vital organic skincare,http://ohaskin.com/,,,NON_RESOLUE,aucun ATS détecté sur le site
olivida,http://www.olividasoap.com/,,,NON_RESOLUE,aucun ATS détecté sur le site
ra cosmetics,http://www.racosmetics.com/,,,NON_RESOLUE,aucun ATS détecté sur le site
nps,https://us.nps-solovair.com/,,,NON_RESOLUE,aucun ATS détecté sur le site
old order,https://old-order.com/,,,NON_RESOLUE,aucun ATS détecté sur le site
ooli,https://oolibeauty.com/,,,NON_RESOLUE,aucun ATS détecté sur le site
onno,https://onno.com/,,,NON_RESOLUE,aucun ATS détecté sur le site
oa non-fashion,https://oanonfashion.com/,,,NON_RESOLUE,aucun ATS détecté sur le site
rebel green,http://rebelgreen.com/,,,NON_RESOLUE,aucun ATS détecté sur le site
roger dubuis,https://www.rogerdubuis.com/,,,NON_RESOLUE,site en erreur au probe
newnow,https://newnow.jp/,,,NON_RESOLUE,aucun ATS détecté sur le site
my essential wardrobe,https://www.myessentialwardrobe.com/,,,NON_RESOLUE,aucun ATS détecté sur le site
respect,https://respect-shoes.com.ua/,,,NON_RESOLUE,aucun ATS détecté sur le site
pitti vintage,https://www.pittivintage.com/,,,NON_RESOLUE,aucun ATS détecté sur le site
platinum skin care,http://www.platinumskincare.com/,,,NON_RESOLUE,aucun ATS détecté sur le site
one of yours,https://oneofyours.ru/,,,NON_RESOLUE,aucun ATS détecté sur le site
pretty you,https://prettyyoulondon.com/,,,NON_RESOLUE,aucun ATS détecté sur le site
pier one,https://www.zalando.co.uk/pier-one/,,,NON_RESOLUE,aucun ATS détecté sur le site
nagev,https://www.nagev.fr/,,,NON_RESOLUE,aucun ATS détecté sur le site
sara roka,https://www.sararoka.com/,,,NON_RESOLUE,aucun ATS détecté sur le site
poster girl,https://www.poster-girl.com/,,,NON_RESOLUE,site en erreur au probe
morphe,https://www.morphe.com/,,,NON_RESOLUE,site en erreur au probe
qualerex beauty,https://www.qualerexbeauty.com/,,,NON_RESOLUE,site en erreur au probe
ping japan,https://www.ping-appareljapan.com/,,,NON_RESOLUE,aucun ATS détecté sur le site
olive,https://www.oliveclothing.com/,,,NON_RESOLUE,aucun ATS détecté sur le site
omi crafts,https://omicrafts.wixsite.com/home,,,NON_RESOLUE,aucun ATS détecté sur le site
reflekt,https://reflektskincare.com/,,,NON_RESOLUE,aucun ATS détecté sur le site
organic cotton mart,https://www.organiccottonmart.com/,,,NON_RESOLUE,aucun ATS détecté sur le site
mount lai,http://www.mountlai.com/,,,NON_RESOLUE,aucun ATS détecté sur le site
ramidus,https://www.ramidustokyo.com/en,,,NON_RESOLUE,aucun ATS détecté sur le site
naked wolfe,https://nakedwolfe.com/,,,NON_RESOLUE,site en erreur au probe
reina olga,https://reinaolga.com/en-eu,,,NON_RESOLUE,site en erreur au probe
pinrose,http://www.pinrose.com/,,,NON_RESOLUE,aucun ATS détecté sur le site
nikka place,https://nikkaplace.com/,,,NON_RESOLUE,aucun ATS détecté sur le site
perfumania,https://www.perfumania.com/,,,NON_RESOLUE,aucun ATS détecté sur le site
nackiyé,https://nackiye.com/,,,NON_RESOLUE,aucun ATS détecté sur le site
riccitelli milano,https://riccitellimilano.com/,,,NON_RESOLUE,aucun ATS détecté sur le site
organsk®,https://organsk.com/,,,NON_RESOLUE,site en erreur au probe
protean london,https://www.proteanlondon.co.uk/,,,NON_RESOLUE,aucun ATS détecté sur le site
première peau,https://premierepeau.com/,,,NON_RESOLUE,site en erreur au probe
pj pan,https://www.pjpan.co.uk/,,,NON_RESOLUE,aucun ATS détecté sur le site
pip studio,https://www.pipstudio.nl/,,,NON_RESOLUE,aucun ATS détecté sur le site
moumout,https://www.moumout.com/,,,NON_RESOLUE,aucun ATS détecté sur le site
replay,https://www.replayjeans.com/,,,NON_RESOLUE,aucun ATS détecté sur le site
simple,https://www.simplethebrand.com/,,,NON_RESOLUE,site en erreur au probe
odaban,https://odaban.com/,,,NON_RESOLUE,aucun ATS détecté sur le site
lilanz,https://www.lilanz.com/en/brand.html,,,NON_RESOLUE,site en erreur au probe
refined department,https://refineddepartment.com/,,,NON_RESOLUE,aucun ATS détecté sur le site
pepa salazar,https://pepasalazar.com/,,,NON_RESOLUE,site en erreur au probe
para mi,https://www.para-mi.com/,,,NON_RESOLUE,site en erreur au probe
ótica chilli beans,https://www.oticachillibeans.com.br/,,,NON_RESOLUE,aucun ATS détecté sur le site
rado,https://www.rado.com/,,,NON_RESOLUE,site en erreur au probe
savon du bois,https://www.savondubois.com/,,,NON_RESOLUE,aucun ATS détecté sur le site
opi products,https://www.opi.com/,,,NON_RESOLUE,aucun ATS détecté sur le site
mudita earth,https://www.muditaearth.com/,,,NON_RESOLUE,aucun ATS détecté sur le site
pluto,https://pluto.be/,,,NON_RESOLUE,aucun ATS détecté sur le site
linenme,https://www.linenme.com/,,,NON_RESOLUE,aucun ATS détecté sur le site
re-hash,https://www.rehash.it/en,,,NON_RESOLUE,aucun ATS détecté sur le site
rare carat,https://www.rarecarat.com/,,,NON_RESOLUE,aucun ATS détecté sur le site
plant therapy,http://www.planttherapy.com/,,,NON_RESOLUE,aucun ATS détecté sur le site
natalie rolt,https://www.natalierolt.com/,,,NON_RESOLUE,aucun ATS détecté sur le site
oobi,https://www.oobi.com.au/?oid=317&affid=1&source_id=GoY-rating&sub1=brandpage,,,NON_RESOLUE,aucun ATS détecté sur le site
napapijri,https://www.napapijri.com/,,,NON_RESOLUE,site en erreur au probe
opsm,https://www.opsm.com.au/,,,NON_RESOLUE,aucun ATS détecté sur le site
renna deluxe,https://renna-deluxe.de/,,,NON_RESOLUE,aucun ATS détecté sur le site
rellix,https://rellixjeans.com/,,,NON_RESOLUE,aucun ATS détecté sur le site
pleaser shoes,https://pleasershoes.com/,,,NON_RESOLUE,aucun ATS détecté sur le site
overose,https://www.overose.com/,,,NON_RESOLUE,aucun ATS détecté sur le site
oyu botanica,https://www.oyubotanica.com/,,,NON_RESOLUE,aucun ATS détecté sur le site
my sheen skin,https://mysheenskin.com/,,,NON_RESOLUE,aucun ATS détecté sur le site
no excess,https://no-excess.com/,,,NON_RESOLUE,aucun ATS détecté sur le site
ocean pacific,https://www.oceanpacific.com/,,,NON_RESOLUE,aucun ATS détecté sur le site
nominou,https://nomidesigns.ca/,,,NON_RESOLUE,aucun ATS détecté sur le site
roots canada,http://www.roots.com/,,,NON_RESOLUE,site en erreur au probe
pfeiffer,https://pfeifferthelabel.com/,,,NON_RESOLUE,site en erreur au probe
result headwear,https://www.resultheadwear.com/,,,NON_RESOLUE,aucun ATS détecté sur le site
proport1on body dressing,http://www.proportionbd.com/,,,NON_RESOLUE,aucun ATS détecté sur le site
six ames,https://www.sixames.com/,,,NON_RESOLUE,site en erreur au probe
origin mexico,https://originmexico.com/,,,NON_RESOLUE,aucun ATS détecté sur le site
roxy,https://www.roxy.com/,,,NON_RESOLUE,aucun ATS détecté sur le site
reamerei,https://reamerei.com/,,,NON_RESOLUE,aucun ATS détecté sur le site
portuguese flannel,https://www.portugueseflannel.com/,,,NON_RESOLUE,aucun ATS détecté sur le site
polished prints,https://polished-prints.com/,,,NON_RESOLUE,site en erreur au probe
redhead revolution,https://redheadrevolution.us/,,,NON_RESOLUE,aucun ATS détecté sur le site
liz earle,http://us.lizearle.com/,,,NON_RESOLUE,aucun ATS détecté sur le site
original fnb,http://originalfnb.com/,,,NON_RESOLUE,aucun ATS détecté sur le site
passioni,https://www.passionmode.de/,,,NON_RESOLUE,site en erreur au probe
plain & supple organic skincare,http://plainandsupple.com/,,,NON_RESOLUE,aucun ATS détecté sur le site
nealy naturals,https://linktr.ee/nealynaturals?ltsid=a94108ca-fa6f-4e00-b356-bd47b612cc58,,,NON_RESOLUE,aucun ATS détecté sur le site
rocky rosa,https://www.rocky-rosa.com/,,,NON_RESOLUE,aucun ATS détecté sur le site
natori,https://www.natori.com/,,,NON_RESOLUE,site en erreur au probe
paloma barceló,https://www.palomabarcelo.com/,,,NON_RESOLUE,site en erreur au probe
rg,https://rgtheshop.com/,,,NON_RESOLUE,aucun ATS détecté sur le site
poools,https://www.poools.nl/,,,NON_RESOLUE,aucun ATS détecté sur le site
pololo,https://www.pololo.com/,,,NON_RESOLUE,aucun ATS détecté sur le site
prior (české budějovice),https://www.prior.cz/prodejny/prior-ceske-budejovice,,,NON_RESOLUE,aucun ATS détecté sur le site
pure hue cosmetics llc,https://purehuecosmeticsllc.com/,,,NON_RESOLUE,aucun ATS détecté sur le site
schott nyc,http://www.schottnyc.com/,,,NON_RESOLUE,aucun ATS détecté sur le site
posh lash professional inc,http://www.poshlashpro.com/,,,NON_RESOLUE,site en erreur au probe
parfums lubin,http://www.lubin.eu/,,,NON_RESOLUE,aucun ATS détecté sur le site
peach slices,https://www.peachandlily.com/collections/peach-slices,,,NON_RESOLUE,aucun ATS détecté sur le site
pure botanica,https://purebotanica.ca/,,,NON_RESOLUE,aucun ATS détecté sur le site
pregnidos,https://pregnidos.com/,,,NON_RESOLUE,aucun ATS détecté sur le site
redora jewels,https://redorajewels.com/,,,NON_RESOLUE,aucun ATS détecté sur le site
nano universe,https://store.nanouniverse.jp/jp/,,,NON_RESOLUE,site en erreur au probe
lola prusac,https://www.lolaprusac.com/,,,NON_RESOLUE,aucun ATS détecté sur le site
rituel de fille,http://www.ritueldefille.com/,,,NON_RESOLUE,aucun ATS détecté sur le site
prai beauty,https://praibeauty.com/,,,NON_RESOLUE,aucun ATS détecté sur le site
osoi,http://osoi.co.kr/,,,NON_RESOLUE,site en erreur au probe
oiiver goldsmith,https://www.olivergoldsmith.com/,,,NON_RESOLUE,site en erreur au probe
revers boisé,https://reversboise.fr/,,,NON_RESOLUE,aucun ATS détecté sur le site
office kiko,https://officekiko.com/pages/shop,,,NON_RESOLUE,aucun ATS détecté sur le site
native atlas,http://nativeatlas.com/,,,NON_RESOLUE,aucun ATS détecté sur le site
prairie underground,https://www.prairieunderground.com/,,,NON_RESOLUE,aucun ATS détecté sur le site
slam,https://www.slam.com/,,,NON_RESOLUE,site en erreur au probe
runaway bicycle,https://runawaybicycle.in/,,,NON_RESOLUE,site en erreur au probe
polempolen,https://polempolen.pl/,,,NON_RESOLUE,aucun ATS détecté sur le site
oxalis apothecary,http://www.oxalisapothecary.com/,,,NON_RESOLUE,aucun ATS détecté sur le site
phipps international,https://phipps.international/,,,NON_RESOLUE,aucun ATS détecté sur le site
puccini,https://puccini.pl/,,,NON_RESOLUE,aucun ATS détecté sur le site
naturino,https://www.naturino.com/,,,NON_RESOLUE,aucun ATS détecté sur le site
nosta beauty,http://nostabeauty.com/,,,NON_RESOLUE,aucun ATS détecté sur le site
repetto,https://www.repetto.fr/,,,NON_RESOLUE,aucun ATS détecté sur le site
seajure,https://www.seajure.com/,,,NON_RESOLUE,site en erreur au probe
qipao,https://www.qipao.fr/,,,NON_RESOLUE,aucun ATS détecté sur le site
rifò,https://rifo-lab.com/,,,NON_RESOLUE,aucun ATS détecté sur le site
smush,https://www.letssmush.com/,,,NON_RESOLUE,aucun ATS détecté sur le site
naisture,https://naisture.com/,,,NON_RESOLUE,aucun ATS détecté sur le site
pèpè,https://www.pepechildrenshoes.com/,,,NON_RESOLUE,aucun ATS détecté sur le site
purusha people,https://purushapeople.com/?oid=274&affid=1&source_id=GoY-rating&sub1=brandpage,,,NON_RESOLUE,aucun ATS détecté sur le site
roop,https://www.itsrooper.co.uk/,,,NON_RESOLUE,aucun ATS détecté sur le site
nayko naturals,https://naykonaturals.com/,,,NON_RESOLUE,aucun ATS détecté sur le site
primor,https://www.primor.eu/,,,NON_RESOLUE,aucun ATS détecté sur le site
oztrala,https://oztrala.com/,,,NON_RESOLUE,aucun ATS détecté sur le site
october jaipur,https://www.octoberjaipur.in/,,,NON_RESOLUE,aucun ATS détecté sur le site
primecut,https://www.primecutbags.com/,,,NON_RESOLUE,aucun ATS détecté sur le site
maryan mehlhorn,https://www.maryanmehlhorn.com/,,,NON_RESOLUE,aucun ATS détecté sur le site
reima,https://www.reima.com/en,,,NON_RESOLUE,site en erreur au probe
optika mania,https://optikamania.sk/,,,NON_RESOLUE,site en erreur au probe
relaxsan,https://www.relaxsan.it/en/,,,NON_RESOLUE,site en erreur au probe
seksy,https://www.sekonda.co.uk/,,,NON_RESOLUE,aucun ATS détecté sur le site
orihica,https://www.orihica.com/,,,NON_RESOLUE,aucun ATS détecté sur le site
paul & joe,https://paulandjoe.com/,,,NON_RESOLUE,site en erreur au probe
rich & royal,https://www.richandroyal.de/,,,NON_RESOLUE,aucun ATS détecté sur le site
rachel zoe,https://shoprachelzoe.com/,,,NON_RESOLUE,aucun ATS détecté sur le site
pinko,https://www.pinko.com/,,,NON_RESOLUE,site en erreur au probe
pippa of london,https://www.pippaoflondon.co.uk/,,,NON_RESOLUE,aucun ATS détecté sur le site
river island,https://us.riverisland.com/,,,NON_RESOLUE,aucun ATS détecté sur le site
sabina motasem,https://www.sabinamotasem.com/?oid=372&affid=1&source_id=GoY-rating&sub1=brandpage,,,NON_RESOLUE,aucun ATS détecté sur le site
pala eyewear,https://palaeyewear.com/,,,NON_RESOLUE,aucun ATS détecté sur le site
nassifmd skincare,http://www.nassifmdskincare.com/,,,NON_RESOLUE,aucun ATS détecté sur le site
palermo body,https://www.palermobody.com/,,,NON_RESOLUE,aucun ATS détecté sur le site
nette rose,https://www.netterose.com/,,,NON_RESOLUE,aucun ATS détecté sur le site
nubikk,https://www.nubikk.com/,,,NON_RESOLUE,site en erreur au probe
prosperine,https://www.prosperine.it/,,,NON_RESOLUE,aucun ATS détecté sur le site
paqu,http://paquthealpacarevolution.com/,,,NON_RESOLUE,aucun ATS détecté sur le site
pulz,https://www.pulzjeans.com/,,,NON_RESOLUE,aucun ATS détecté sur le site
nicholas,https://nicholasthelabel.com/,,,NON_RESOLUE,aucun ATS détecté sur le site
r+co bleu,http://www.randcobleu.com/,,,NON_RESOLUE,aucun ATS détecté sur le site
pedestrian project,https://pedestrianproject.com/,,,NON_RESOLUE,aucun ATS détecté sur le site
p denim,https://www.p-denim.com/,,,NON_RESOLUE,site en erreur au probe
pub,https://www.pub.se/,,,NON_RESOLUE,site en erreur au probe
ole lynggaard copenhagen,https://www.olelynggaard.com/en/,,,NON_RESOLUE,site en erreur au probe
purexis,https://purexisbeauty.com/,,,NON_RESOLUE,aucun ATS détecté sur le site
peter jr.,https://www.peterjrcollections.com/,,,NON_RESOLUE,aucun ATS détecté sur le site
naturalmente,https://www.naturalmente-fashion.de/,,,NON_RESOLUE,aucun ATS détecté sur le site
paraboot shops,https://www.paraboot.com/boutiques/,,,NON_RESOLUE,aucun ATS détecté sur le site
saint tropez,https://www.sainttropez.com/,,,NON_RESOLUE,aucun ATS détecté sur le site
omora,https://www.omorabeautylab.com/,,,NON_RESOLUE,aucun ATS détecté sur le site
nydj,https://www.nydj.com/,,,NON_RESOLUE,site en erreur au probe
mazador,https://mazador.com/,,,NON_RESOLUE,aucun ATS détecté sur le site
ouroboros,https://ouroboroslimitededitions.com/password,,,NON_RESOLUE,site en erreur au probe
ohoy swim,https://ohoyswim.com/,,,NON_RESOLUE,aucun ATS détecté sur le site
pura botanicals inc.,http://www.purabotanicals.ca/,,,NON_RESOLUE,aucun ATS détecté sur le site
parise,https://www.pariseofficial.com/,,,NON_RESOLUE,aucun ATS détecté sur le site
polo ralph lauren,https://www.ralphlauren.com/,,,NON_RESOLUE,aucun ATS détecté sur le site
parfum d’empire,https://parfumdempire.com/,,,NON_RESOLUE,aucun ATS détecté sur le site
plasticity,https://plasticity.co.jp/,,,NON_RESOLUE,site en erreur au probe
pabluxe originals,https://pabluxe.com/,,,NON_RESOLUE,aucun ATS détecté sur le site
passport to organics,http://www.passporttoorganics.com/,,,NON_RESOLUE,aucun ATS détecté sur le site
pan club,https://panclubrussia.ru/,,,NON_RESOLUE,site en erreur au probe
neil barrett,https://www.neilbarrett.com/,,,NON_RESOLUE,aucun ATS détecté sur le site
los angeles salt company®,http://lasaltco.com/,,,NON_RESOLUE,site en erreur au probe
nina yuun,https://www.ninayuun.com/,,,NON_RESOLUE,aucun ATS détecté sur le site
puroleo,https://puroleo.ca/,,,NON_RESOLUE,site en erreur au probe
optical express,https://www.opticalexpress.co.uk/,,,NON_RESOLUE,aucun ATS détecté sur le site
samurai aloha,https://www.samurai-aloha.com/,,,NON_RESOLUE,aucun ATS détecté sur le site
première note,https://premierenote-parfum.com/,,,NON_RESOLUE,aucun ATS détecté sur le site
rest religion,http://restreligion.com/,,,NON_RESOLUE,aucun ATS détecté sur le site
passion lilie,https://passionlilie.com/?oid=273&affid=1&source_id=GoY-rating&sub1=brandpage,,,NON_RESOLUE,site en erreur au probe
rockay,https://rockay.com/,,,NON_RESOLUE,aucun ATS détecté sur le site
olive & fig apothecary,http://www.oliveandfigapothecary.com/,,,NON_RESOLUE,aucun ATS détecté sur le site
loumi skincare,https://www.loumiskincare.com/,,,NON_RESOLUE,aucun ATS détecté sur le site
pearl & moss botanicals,https://pearlandmossbotanicals.ca/,,,NON_RESOLUE,aucun ATS détecté sur le site
paul lebeau,https://www.paullebeau.fr/,,,NON_RESOLUE,aucun ATS détecté sur le site
noblem skincare,http://www.shopnoblem.com/,,,NON_RESOLUE,aucun ATS détecté sur le site
sergio rossi,https://www.sergiorossi.com/gb-en/,,,NON_RESOLUE,site en erreur au probe
shaun leane,https://shaunleane.com/,,,NON_RESOLUE,aucun ATS détecté sur le site
parissa,http://parissa.com/,,,NON_RESOLUE,site en erreur au probe
plagla,https://shop.plagla.jp/,,,NON_RESOLUE,aucun ATS détecté sur le site
roan fragrances,http://www.roanfragrances.com/,,,NON_RESOLUE,aucun ATS détecté sur le site
neyi,https://neyi-lingerie.com/pages/aboutus,,,NON_RESOLUE,aucun ATS détecté sur le site
rochas,https://www.rochas.com/,,,NON_RESOLUE,aucun ATS détecté sur le site
pourvous,https://www.pourvous.co.jp/,,,NON_RESOLUE,aucun ATS détecté sur le site
shoe carnival,https://www.shoecarnival.com/,,,NON_RESOLUE,aucun ATS détecté sur le site
piaget,https://www.piaget.com/,,,NON_RESOLUE,aucun ATS détecté sur le site
nokwal,https://nokwal.com/,,,NON_RESOLUE,aucun ATS détecté sur le site
one piece store,https://onepiece.store/?doing_wp_cron=1654729284.8748979568481445312500%3Futm_source%3DGoodOnYou+App,,,NON_RESOLUE,aucun ATS détecté sur le site
pinky&dianne,http://www.pinkyanddianne.com/,,,NON_RESOLUE,aucun ATS détecté sur le site
pepe jeans,https://www.pepejeans.com/en_gb/,,,NON_RESOLUE,aucun ATS détecté sur le site
roja beauty,http://rojabeauty.com/,,,NON_RESOLUE,aucun ATS détecté sur le site
paul smith,https://www.paulsmith.com/,,,NON_RESOLUE,site en erreur au probe
soduk,https://soduk.co/,,,NON_RESOLUE,aucun ATS détecté sur le site
lowrys farm,https://www.dot-st.com/lowrysfarm/,,,NON_RESOLUE,site en erreur au probe
q36.5,https://www.q36-5.com/,,,NON_RESOLUE,site en erreur au probe
ross dress for less,https://www.rossstores.com/,,,NON_RESOLUE,aucun ATS détecté sur le site
petit kouraj,https://www.petitkouraj.com/,,,NON_RESOLUE,aucun ATS détecté sur le site
pansy,https://www.pansy.co/,,,NON_RESOLUE,aucun ATS détecté sur le site
roman originals,https://www.roman.co.uk/,,,NON_RESOLUE,aucun ATS détecté sur le site
poc sports,https://www.pocsports.com/,,,NON_RESOLUE,aucun ATS détecté sur le site
queen moda positano,https://www.queenmodapositano.com/,,,NON_RESOLUE,aucun ATS détecté sur le site
ochre,http://ochrebeauty.com/,,,NON_RESOLUE,aucun ATS détecté sur le site
patbo,https://patbo.com/,,,NON_RESOLUE,aucun ATS détecté sur le site
notre-v,https://www.omoda.nl/notre-v/,,,NON_RESOLUE,aucun ATS détecté sur le site
peggy sage,http://www.peggysage.com/,,,NON_RESOLUE,aucun ATS détecté sur le site
ron dorff,https://www.rondorff.com/,,,NON_RESOLUE,site en erreur au probe
nile clothing,https://www.nile.ch/,,,NON_RESOLUE,site en erreur au probe
reyya,https://www.labelreyya.com/,,,NON_RESOLUE,aucun ATS détecté sur le site
rose & born,https://roseborn.com/,,,NON_RESOLUE,aucun ATS détecté sur le site
nicole alex,https://www.shopnicolealex.com/,,,NON_RESOLUE,aucun ATS détecté sur le site
rothy's,https://rothys.com/,,,NON_RESOLUE,site en erreur au probe
quem disse  berenice?,https://www.quemdisseberenice.com.br/,,,NON_RESOLUE,site en erreur au probe
original madras trading company,https://omtcnyc.com/,,,NON_RESOLUE,aucun ATS détecté sur le site
original marines,https://www.originalmarines.com/,,,NON_RESOLUE,aucun ATS détecté sur le site
partow,https://partow.us/,,,NON_RESOLUE,aucun ATS détecté sur le site
menique,https://menique.com/,,,NON_RESOLUE,aucun ATS détecté sur le site
ria menorca,https://www.ria.es/,,,NON_RESOLUE,aucun ATS détecté sur le site
rue saint-patrick,https://www.ruesaintpatrick.com/,,,NON_RESOLUE,aucun ATS détecté sur le site
rampage,https://rampage.com/,,,NON_RESOLUE,aucun ATS détecté sur le site
raffaello rossi,https://raffaello-rossi.de/,,,NON_RESOLUE,aucun ATS détecté sur le site
rōz hair,https://rozhair.com/collections/all,,,NON_RESOLUE,aucun ATS détecté sur le site
santu beauty,https://santubeauty.com/,,,NON_RESOLUE,aucun ATS détecté sur le site
oh!zuza,https://ohzuza.com/,,,NON_RESOLUE,aucun ATS détecté sur le site
nukus,https://nukus.nl/,,,NON_RESOLUE,aucun ATS détecté sur le site
rmk,https://www.rmkrmk.com/,,,NON_RESOLUE,aucun ATS détecté sur le site
north sails,https://www.northsails.com/,,,NON_RESOLUE,aucun ATS détecté sur le site
plain people,https://www.plainpeople.jp/,,,NON_RESOLUE,aucun ATS détecté sur le site
no more,https://nomoreaccessories.com/,,,NON_RESOLUE,aucun ATS détecté sur le site
port zienna,https://www.portzienna.com/,,,NON_RESOLUE,aucun ATS détecté sur le site
recolution,http://www.recolution.de/,,,NON_RESOLUE,aucun ATS détecté sur le site
ravescoutr,https://ravescoutr.com/,,,NON_RESOLUE,aucun ATS détecté sur le site
pucci,https://www.pucci.com/,,,NON_RESOLUE,site en erreur au probe
räthel & wolf,https://rathelwolf.com/,,,NON_RESOLUE,aucun ATS détecté sur le site
metro shoes,https://www.metroshoes.com/,,,NON_RESOLUE,aucun ATS détecté sur le site
rachel moayer skin,http://rachelmoayerskin.com/,,,NON_RESOLUE,aucun ATS détecté sur le site
rus,https://www.rusthebrand.com/,,,NON_RESOLUE,aucun ATS détecté sur le site
oamc,http://oamc.com/,,,NON_RESOLUE,aucun ATS détecté sur le site
rino & pelle,https://rino-pelle.com/,,,NON_RESOLUE,site en erreur au probe
re;code,https://www.kolonmall.com/RECODE/List/133020162325,,,NON_RESOLUE,aucun ATS détecté sur le site
nonat,https://nihanonat.com/,,,NON_RESOLUE,aucun ATS détecté sur le site
ouai,https://theouai.com/,,,NON_RESOLUE,site en erreur au probe
purificacion garcia,https://purificaciongarcia.com/,,,NON_RESOLUE,aucun ATS détecté sur le site
pratima skincare,https://www.pratimaskincare.com/,,,NON_RESOLUE,aucun ATS détecté sur le site
organique,https://www.organiquestudio.com/?oid=174&affid=1&source_id=GoY-rating&sub1=brandpage,,,NON_RESOLUE,site en erreur au probe
schiesser,https://www.schiesser.com/,,,NON_RESOLUE,aucun ATS détecté sur le site
ragman,https://www.ragman.de/,,,NON_RESOLUE,aucun ATS détecté sur le site
pretty green,http://www.prettygreen.com/,,,NON_RESOLUE,site en erreur au probe
other,https://otheruk.com/,,,NON_RESOLUE,aucun ATS détecté sur le site
petite grand,https://www.petitegrand.com/,,,NON_RESOLUE,site en erreur au probe
pharmadrops,https://pharmadrops.dk/,,,NON_RESOLUE,aucun ATS détecté sur le site
sea me happy,https://www.seamehappy.be/,,,NON_RESOLUE,aucun ATS détecté sur le site
sacoor blue,https://www.sacoorblue.com/rs/en,,,NON_RESOLUE,aucun ATS détecté sur le site
piazza italia,https://www.piazzaitalia.it/,,,NON_RESOLUE,aucun ATS détecté sur le site
sophia webster,https://www.sophiawebster.com/,,,NON_RESOLUE,site en erreur au probe
pure h.tico,https://www.pureshirt.com/,,,NON_RESOLUE,site en erreur au probe
ranavat,http://www.ranavat.com/,,,NON_RESOLUE,aucun ATS détecté sur le site
queen of the court,https://queenofthecourtbrand.com/,,,NON_RESOLUE,aucun ATS détecté sur le site
roberto cavalli,https://www.robertocavalli.com/,,,NON_RESOLUE,aucun ATS détecté sur le site
peninsula swimwear,https://peninsulaswimwear.com/,,,NON_RESOLUE,site en erreur au probe
ottolinger,https://www.ottolinger.com/,,,NON_RESOLUE,aucun ATS détecté sur le site
qrxlabs,https://qrxlabs.com/,,,NON_RESOLUE,aucun ATS détecté sur le site
roeckl,https://www.roeckl.com/,,,NON_RESOLUE,aucun ATS détecté sur le site
oy,https://oysurf.com/eu/en/,,,NON_RESOLUE,aucun ATS détecté sur le site
redmax,https://www.redmaxsportswear.com/,,,NON_RESOLUE,aucun ATS détecté sur le site
rita row,https://www.ritarow.com/,,,NON_RESOLUE,aucun ATS détecté sur le site
rodier,https://www.rodier.fr/,,,NON_RESOLUE,aucun ATS détecté sur le site
perlensau,https://perlensau.com/,,,NON_RESOLUE,aucun ATS détecté sur le site
sal parasuco,https://www.salparasuco.com/,,,NON_RESOLUE,aucun ATS détecté sur le site
rebel sport,https://www.rebelsport.co.nz/,,,NON_RESOLUE,aucun ATS détecté sur le site
roote,http://www.rooteofficial.com/,,,NON_RESOLUE,aucun ATS détecté sur le site
not shy,https://www.notshy.fr/,,,NON_RESOLUE,site en erreur au probe
palmers,https://www.palmers.at/,,,NON_RESOLUE,aucun ATS détecté sur le site
peas in a pod,http://www.allthingsjill.ca/,,,NON_RESOLUE,site en erreur au probe
rave review,https://www.rave-review.com/,,,NON_RESOLUE,aucun ATS détecté sur le site
rage,https://ragesa.co.za/,,,NON_RESOLUE,aucun ATS détecté sur le site
nudea,https://www.nudea.com/?oid=290&affid=1&source_id=GoY-rating&sub1=brandpage,,,NON_RESOLUE,aucun ATS détecté sur le site
reimi botanicals,http://www.reimibotanicals.com/,,,NON_RESOLUE,aucun ATS détecté sur le site
pig  chicken & cow,http://pigchickencow.com/,,,NON_RESOLUE,aucun ATS détecté sur le site
np housukauppa,https://housukauppa.fi/,,,NON_RESOLUE,aucun ATS détecté sur le site
proenza schouler,https://www.proenzaschouler.com/,,,NON_RESOLUE,site en erreur au probe
pharmagel,http://www.pharmagel.net/,,,NON_RESOLUE,aucun ATS détecté sur le site
pur schoen,https://purschoen.de/,,,NON_RESOLUE,aucun ATS détecté sur le site
rubin & chapelle,http://www.rubinchapelle.com/,,,NON_RESOLUE,site en erreur au probe
perpèt,https://perpet.men/,,,NON_RESOLUE,aucun ATS détecté sur le site
seidenfelt,https://www.seidenfelt.de/,,,NON_RESOLUE,aucun ATS détecté sur le site
rye beauty,https://ryebeauty.com/,,,NON_RESOLUE,aucun ATS détecté sur le site
rack room shoes,https://www.rackroomshoes.com/,,,NON_RESOLUE,site en erreur au probe
sand snow linen,https://www.sandsnowlinen.com/,,,NON_RESOLUE,aucun ATS détecté sur le site
rowan grey,https://www.rowangrey.net/,,,NON_RESOLUE,aucun ATS détecté sur le site
rarámuri,https://raramuri.co/,,,NON_RESOLUE,aucun ATS détecté sur le site
puur ingrid,http://www.puuringrid.com/,,,NON_RESOLUE,aucun ATS détecté sur le site
parfums caron,https://www.parfumscaron.com/,,,NON_RESOLUE,aucun ATS détecté sur le site
rosco emmit body & home,https://www.roscoemmit.ca/,,,NON_RESOLUE,aucun ATS détecté sur le site
pisamonas,https://www.pisamonas.co.uk/,,,NON_RESOLUE,site en erreur au probe
pheona's jewelers,https://pheonasjewelers.com/,,,NON_RESOLUE,aucun ATS détecté sur le site
nishimatsuya,https://www.24028.jp/,,,NON_RESOLUE,aucun ATS détecté sur le site
romance was born,https://www.romancewasborn.com/,,,NON_RESOLUE,aucun ATS détecté sur le site
sage larock,http://www.sagelarock.com/,,,NON_RESOLUE,aucun ATS détecté sur le site
pipette,https://www.pipettebaby.com/,,,NON_RESOLUE,aucun ATS détecté sur le site
septwolves,http://www.septwolves.com/,,,NON_RESOLUE,aucun ATS détecté sur le site
peregrine,https://www.peregrineclothing.co.uk/,,,NON_RESOLUE,aucun ATS détecté sur le site
pinned by k,https://www.pinnedbyk.com/,,,NON_RESOLUE,aucun ATS détecté sur le site
redskins,https://www.redskins.fr/,,,NON_RESOLUE,aucun ATS détecté sur le site
o'dore,https://odore.fr/,,,NON_RESOLUE,aucun ATS détecté sur le site
p448,https://p448.com/,,,NON_RESOLUE,aucun ATS détecté sur le site
lyle & scott,https://www.lyleandscott.com/,,,NON_RESOLUE,aucun ATS détecté sur le site
renaissance renaissance,http://www.renaissancerenaissance.com/,,,NON_RESOLUE,aucun ATS détecté sur le site
repipi armario,https://www.dot-st.com/repipiarmario/,,,NON_RESOLUE,site en erreur au probe
play it again sports,https://www.playitagainsports.com/,,,NON_RESOLUE,aucun ATS détecté sur le site
oliberté,https://www.oliberte.com/,,,NON_RESOLUE,aucun ATS détecté sur le site
sport 2000,https://sport2000.at/,,,NON_RESOLUE,aucun ATS détecté sur le site
peach john,https://www.peachjohn.co.jp/shop/,,,NON_RESOLUE,aucun ATS détecté sur le site
soviet denim,https://sovietdenim.com/,,,NON_RESOLUE,aucun ATS détecté sur le site
rossario george,https://rossariogeorge.com/,,,NON_RESOLUE,aucun ATS détecté sur le site
s.e.h kelly,http://www.sehkelly.com/,,,NON_RESOLUE,site en erreur au probe
pan tu nie stał,https://pantuniestal.com/,,,NON_RESOLUE,aucun ATS détecté sur le site
sahajan,http://www.sahajan.com/,,,NON_RESOLUE,aucun ATS détecté sur le site
saloni,https://saloniworld.com/,,,NON_RESOLUE,aucun ATS détecté sur le site
preen by thornton bregazzi,https://preenbythorntonbregazzi.com/,,,NON_RESOLUE,aucun ATS détecté sur le site
petite m.,https://www.petitem.com/,,,NON_RESOLUE,aucun ATS détecté sur le site
reflexone,https://www.reflexone.co.uk/,,,NON_RESOLUE,site en erreur au probe
portmans,https://portmans.jgl.com.au/,,,NON_RESOLUE,site en erreur au probe
retinol by robanda,https://retinolbyrobanda.com/,,,NON_RESOLUE,aucun ATS détecté sur le site
reale actives,https://realeactives.com/,,,NON_RESOLUE,aucun ATS détecté sur le site
pure soul organics,http://puresoulorganics.com/,,,NON_RESOLUE,aucun ATS détecté sur le site
nurture the nest,https://nurturethenest.com.au/,,,NON_RESOLUE,aucun ATS détecté sur le site
mahogany,https://www.mahogany.com.br/,,,NON_RESOLUE,aucun ATS détecté sur le site
piquadro,https://www.piquadro.com/gb/,,,NON_RESOLUE,site en erreur au probe
rubirosa,http://rubirosa.com/,,,NON_RESOLUE,aucun ATS détecté sur le site
pomellato,https://www.pomellato.com/,,,NON_RESOLUE,aucun ATS détecté sur le site
macowens,https://www.macowens.com.ar/,,,NON_RESOLUE,site en erreur au probe
pssbl,https://www.pssbl.life/,,,NON_RESOLUE,site en erreur au probe
ruhmee,https://ruhmee.com.au/,,,NON_RESOLUE,aucun ATS détecté sur le site
shaklee,http://www.shaklee.com/,,,NON_RESOLUE,aucun ATS détecté sur le site
piedro,https://www.piedro.com/,,,NON_RESOLUE,site en erreur au probe
rūpahaus,https://www.rupahaus.com/?oid=351&affid=1&source_id=GoY-rating&sub1=brandpage,,,NON_RESOLUE,aucun ATS détecté sur le site
pimkie,https://www.pimkie.fr/,,,NON_RESOLUE,site en erreur au probe
pioneer jeans,https://www.pioneer-jeans.com/,,,NON_RESOLUE,aucun ATS détecté sur le site
rezo haircare,http://www.rezohaircare.com/,,,NON_RESOLUE,aucun ATS détecté sur le site
sandy liang,https://www.sandyliang.info/,,,NON_RESOLUE,aucun ATS détecté sur le site
princess polly,https://us.princesspolly.com/,,,NON_RESOLUE,site en erreur au probe
patrizia pepe,https://www.patriziapepe.com/,,,NON_RESOLUE,aucun ATS détecté sur le site
miomi,https://miomiworld.com/,,,NON_RESOLUE,aucun ATS détecté sur le site
polysnifferous,https://polysnifferous.com/,,,NON_RESOLUE,aucun ATS détecté sur le site
qurc. amsterdam,https://www.qurc-amsterdam.com/,,,NON_RESOLUE,site en erreur au probe
plantkos,http://www.plantkosskincare.com/,,,NON_RESOLUE,aucun ATS détecté sur le site
pittarosso,https://www.pittarosso.com/,,,NON_RESOLUE,aucun ATS détecté sur le site
origin memory,https://weibo.com/u/7461494749,,,NON_RESOLUE,aucun ATS détecté sur le site
pepaloves,https://www.pepaloves.com/,,,NON_RESOLUE,site en erreur au probe
reliv organics inc,http://www.relivorganics.com/,,,NON_RESOLUE,aucun ATS détecté sur le site
pogo,http://www.mypogolife.com/,,,NON_RESOLUE,aucun ATS détecté sur le site
noemi swim,https://noemiswim.com/,,,NON_RESOLUE,aucun ATS détecté sur le site
results by nature®,https://resultsbynature.com/,,,NON_RESOLUE,aucun ATS détecté sur le site
sail racing international,https://sailracing.com/,,,NON_RESOLUE,aucun ATS détecté sur le site
ohsevendays,https://ohsevendays.com/?oid=117&affid=1&source_id=GoY-rating&sub1=brandpage,,,NON_RESOLUE,aucun ATS détecté sur le site
parker clay,https://www.parkerclay.com/,,,NON_RESOLUE,site en erreur au probe
raw love sunscreen,https://rawlovesunscreen.com/,,,NON_RESOLUE,aucun ATS détecté sur le site
polo blue,https://www.poloralphlauren.com/,,,NON_RESOLUE,aucun ATS détecté sur le site
ptoutwear,https://ptoutwear.com/,,,NON_RESOLUE,aucun ATS détecté sur le site
sacha,https://www.sacha.nl/,,,NON_RESOLUE,aucun ATS détecté sur le site
ricosta,http://www.ricosta.de/,,,NON_RESOLUE,aucun ATS détecté sur le site
raive,https://en.raivejoyas.com/,,,NON_RESOLUE,site en erreur au probe
peckham rye,https://peckhamrye.com/,,,NON_RESOLUE,aucun ATS détecté sur le site
powerv,https://powervskin.com/,,,NON_RESOLUE,aucun ATS détecté sur le site
plus ultra,https://liveplusultra.com/,,,NON_RESOLUE,aucun ATS détecté sur le site
norie,http://norieshop.com/,,,NON_RESOLUE,aucun ATS détecté sur le site
sara campbell,https://saracampbell.com/,,,NON_RESOLUE,aucun ATS détecté sur le site
quapi,https://www.quapikidswear.nl/,,,NON_RESOLUE,aucun ATS détecté sur le site
riversol skincare,http://www.riversol.com/,,,NON_RESOLUE,aucun ATS détecté sur le site
saks potts,https://sakspotts.com/,,,NON_RESOLUE,aucun ATS détecté sur le site
salvador artesano,https://www.salvadorartesanostore.com/,,,NON_RESOLUE,aucun ATS détecté sur le site
rio de sol,https://riodesol.com/,,,NON_RESOLUE,aucun ATS détecté sur le site
sage sister,https://sagesister.co.uk/,,,NON_RESOLUE,site en erreur au probe
sarana,https://saranamiracle.com/,,,NON_RESOLUE,aucun ATS détecté sur le site
perfect image llc,https://perfectimage.com/,,,NON_RESOLUE,aucun ATS détecté sur le site
paul smith eyewear,https://www.paulsmith.com/eu/eyewear,,,NON_RESOLUE,site en erreur au probe
prettylittlething,https://www.prettylittlething.com/,,,NON_RESOLUE,aucun ATS détecté sur le site
peruvian kani,https://peruviankani.com/,,,NON_RESOLUE,aucun ATS détecté sur le site
pragnell,https://www.pragnell.co.uk/,,,NON_RESOLUE,aucun ATS détecté sur le site
ports 1961,https://ports1961.com/,,,NON_RESOLUE,aucun ATS détecté sur le site
ofra cosmetics,https://www.ofracosmetics.com/,,,NON_RESOLUE,aucun ATS détecté sur le site
poolday-paris,https://poolday-paris.com/,,,NON_RESOLUE,aucun ATS détecté sur le site
nouvelle compagnie des détergents et du savon de marseille,https://savon-de-marseille.com/,,,NON_RESOLUE,aucun ATS détecté sur le site
richard mille,http://www.richardmille.com/,,,NON_RESOLUE,aucun ATS détecté sur le site
pelli,https://pellibags.com.au/,,,NON_RESOLUE,aucun ATS détecté sur le site
rejina pyo,https://rejinapyo.com/,,,NON_RESOLUE,aucun ATS détecté sur le site
red kap,https://redkap.com/,,,NON_RESOLUE,aucun ATS détecté sur le site
preggo leggings,https://www.preggoleggings.com/,,,NON_RESOLUE,aucun ATS détecté sur le site
otowil,https://otowil.com/,,,NON_RESOLUE,aucun ATS détecté sur le site
powster,https://powsterstudios.com/,,,NON_RESOLUE,site en erreur au probe
saavy naturals,http://www.saavynaturals.com/,,,NON_RESOLUE,aucun ATS détecté sur le site
sanctuarie,https://sanctuarie.com/,,,NON_RESOLUE,aucun ATS détecté sur le site
pride to be,https://www.pridetobe.de/,,,NON_RESOLUE,aucun ATS détecté sur le site
roberto coin,https://robertocoin.com/,,,NON_RESOLUE,aucun ATS détecté sur le site
olderbrother,https://olderbrother.us/,,,NON_RESOLUE,aucun ATS détecté sur le site
perlie,https://www.perlie.nl/,,,NON_RESOLUE,aucun ATS détecté sur le site
phosis,http://phosis.com/,,,NON_RESOLUE,aucun ATS détecté sur le site
nurst llc,https://royalfamilyfarming.com/,,,NON_RESOLUE,aucun ATS détecté sur le site
rive droite,https://www.rivedroite-paris.com/en,,,NON_RESOLUE,aucun ATS détecté sur le site
purdey,https://www.purdey.com/,,,NON_RESOLUE,aucun ATS détecté sur le site
reguladora,https://www.reguladora.pt/,,,NON_RESOLUE,aucun ATS détecté sur le site
parkson,http://www.parkson.com.my/,,,NON_RESOLUE,aucun ATS détecté sur le site
sappo hill soapworks,http://www.sappohill.com/,,,NON_RESOLUE,aucun ATS détecté sur le site
rockupy,https://rockupy.com/,,,NON_RESOLUE,site en erreur au probe
salsa jeans,https://www.salsajeans.com/,,,NON_RESOLUE,aucun ATS détecté sur le site
ozolabs  llc,http://www.ozolabs.com/,,,NON_RESOLUE,aucun ATS détecté sur le site
omoda,https://www.omoda.be/,,,NON_RESOLUE,aucun ATS détecté sur le site
scabal,https://scabal.com/,,,NON_RESOLUE,site en erreur au probe
phenix,https://phenix.jp/en/,,,NON_RESOLUE,aucun ATS détecté sur le site
recreate,https://recreateclothing.co.nz/?oid=270&affid=1&source_id=GoY-rating&sub1=brandpage,,,NON_RESOLUE,site en erreur au probe
residus,https://residusofficial.com/,,,NON_RESOLUE,aucun ATS détecté sur le site
olive ave polish,http://oliveavepolish.com/,,,NON_RESOLUE,aucun ATS détecté sur le site
purecode usa,https://www.purecodeusa.com/,,,NON_RESOLUE,aucun ATS détecté sur le site
pampered bee,http://pamperedbee.com/,,,NON_RESOLUE,aucun ATS détecté sur le site
savannah morrow the label,https://savannahmorrow.com/,,,NON_RESOLUE,aucun ATS détecté sur le site
salt gypsy,https://www.saltgypsy.com/,,,NON_RESOLUE,site en erreur au probe
rohnisch,https://www.rohnisch.com/,,,NON_RESOLUE,site en erreur au probe
sartory-billard,https://sartory-billard.com/,,,NON_RESOLUE,aucun ATS détecté sur le site
revlon,http://www.revlon.com/,,,NON_RESOLUE,aucun ATS détecté sur le site
missoni,https://www.missoni.com/,,,NON_RESOLUE,site en erreur au probe
paris miki,https://www.paris-miki.co.jp/,,,NON_RESOLUE,aucun ATS détecté sur le site
room shop vintage,https://roomshopvintage.com/,,,NON_RESOLUE,aucun ATS détecté sur le site
paul taylor,https://www.paultaylor.it/en/,,,NON_RESOLUE,aucun ATS détecté sur le site
riaz dan,https://www.riaz-dan.de/,,,NON_RESOLUE,aucun ATS détecté sur le site
steiff,https://www.steiff.com/,,,NON_RESOLUE,aucun ATS détecté sur le site
pyer moss,https://www.pyermoss.com/,,,NON_RESOLUE,aucun ATS détecté sur le site
schott japan,https://schott-nyc.jp/,,,NON_RESOLUE,aucun ATS détecté sur le site
school rag,https://www.school-rag.com/,,,NON_RESOLUE,aucun ATS détecté sur le site
prosac alwaysmile,https://www.prosacalwaysmile.com/,,,NON_RESOLUE,aucun ATS détecté sur le site
réuni,https://reuni.com/,,,NON_RESOLUE,aucun ATS détecté sur le site
rockmount ranch wear,https://rockmount.com/,,,NON_RESOLUE,aucun ATS détecté sur le site
okinawa yamakataya,http://www.yamakataya.co.jp/,,,NON_RESOLUE,site en erreur au probe
pigmentarium,https://www.pigmentarium.com/en,,,NON_RESOLUE,site en erreur au probe
olove® skin,http://onelovebodysoul.com/,,,NON_RESOLUE,aucun ATS détecté sur le site
pistola,https://www.pistoladenim.com/,,,NON_RESOLUE,aucun ATS détecté sur le site
pinky b beauty,https://pinkybbeauty.com/,,,NON_RESOLUE,aucun ATS détecté sur le site
paul & shark,https://www.paulandshark.com/uk_en/,,,NON_RESOLUE,aucun ATS détecté sur le site
scott,https://www.scott-sports.com/gb/en/,,,NON_RESOLUE,aucun ATS détecté sur le site
plant based candles,http://www.plantbasedcandles.com/,,,NON_RESOLUE,aucun ATS détecté sur le site
ooo polish,http://www.ooopolish.com/,,,NON_RESOLUE,aucun ATS détecté sur le site
r.e.m. beauty,https://rembeauty.com/,,,NON_RESOLUE,aucun ATS détecté sur le site
prohibited,https://www.prohibited.shop/,,,NON_RESOLUE,site en erreur au probe
onelogy,https://onelogy.com/,,,NON_RESOLUE,aucun ATS détecté sur le site
scapino,https://www.scapino.nl/,,,NON_RESOLUE,site en erreur au probe
occeanne,http://www.occeanne.com/,,,NON_RESOLUE,aucun ATS détecté sur le site
playshoes,https://playshoes.de/,,,NON_RESOLUE,aucun ATS détecté sur le site
orangeshine,https://www.orangeshine.com/,,,NON_RESOLUE,aucun ATS détecté sur le site
mon pull moche de noël,https://www.mon-pull-moche-de-noel.com/,,,NON_RESOLUE,aucun ATS détecté sur le site
orient watch company,https://aion.orologiorient.it/,,,NON_RESOLUE,aucun ATS détecté sur le site
optical center,https://www.optical-center.fr/,,,NON_RESOLUE,site en erreur au probe
ralf ringer,https://ralf.ru/,,,NON_RESOLUE,aucun ATS détecté sur le site
saint james,https://www.saint-james.com/,,,NON_RESOLUE,aucun ATS détecté sur le site
sarar,https://sarar.com/,,,NON_RESOLUE,aucun ATS détecté sur le site
pure choice apparel,https://purechoiceapparel.com/,,,NON_RESOLUE,aucun ATS détecté sur le site
pierotucci,https://www.pierotucci.com/en,,,NON_RESOLUE,aucun ATS détecté sur le site
maito,https://maitokomuro.com/,,,NON_RESOLUE,aucun ATS détecté sur le site
ottino,https://www.ottino.com/,,,NON_RESOLUE,aucun ATS détecté sur le site
seaire,http://www.seaireskin.com/,,,NON_RESOLUE,aucun ATS détecté sur le site
penfield,http://penfield.com/,,,NON_RESOLUE,aucun ATS détecté sur le site
seaesta surf,https://seaestasurf.com/,,,NON_RESOLUE,aucun ATS détecté sur le site
purdori,http://purdori.com/,,,NON_RESOLUE,aucun ATS détecté sur le site
seaside,https://seasidefashionlabel.com/,,,NON_RESOLUE,aucun ATS détecté sur le site
rcma,http://www.rcmamakeup.net/,,,NON_RESOLUE,aucun ATS détecté sur le site
riddle oil,https://riddleoil.com/,,,NON_RESOLUE,aucun ATS détecté sur le site
schwarz etienne,https://www.schwarz-etienne.ch/,,,NON_RESOLUE,aucun ATS détecté sur le site
pomkin,https://www.pomkin.ca/,,,NON_RESOLUE,aucun ATS détecté sur le site
rachel k,http://www.rachelkcosmetics.com/,,,NON_RESOLUE,aucun ATS détecté sur le site
samsoe samsoe,https://www.samsoe.com/,,,NON_RESOLUE,aucun ATS détecté sur le site
qiaodan,https://www.qiaodan.com/,,,NON_RESOLUE,aucun ATS détecté sur le site
secrid,https://www.secrid.com/,,,NON_RESOLUE,site en erreur au probe
organication,https://www.organication.de/,,,NON_RESOLUE,aucun ATS détecté sur le site
rika skincare,http://rikaskincare.com/,,,NON_RESOLUE,aucun ATS détecté sur le site
santa fe botanicals,https://santafebotanicals.store/,,,NON_RESOLUE,aucun ATS détecté sur le site
ph5,https://ph5.com/,,,NON_RESOLUE,aucun ATS détecté sur le site
ormoda,https://ormoda.com/,,,NON_RESOLUE,aucun ATS détecté sur le site
selected-femme,https://www.selected.com/,,,NON_RESOLUE,aucun ATS détecté sur le site
select,https://www.selectfashion.co.uk/,,,NON_RESOLUE,aucun ATS détecté sur le site
pyne & smith clothiers,https://www.pyneandsmith.com/,,,NON_RESOLUE,aucun ATS détecté sur le site
onurth skincare,http://onurth.com/,,,NON_RESOLUE,aucun ATS détecté sur le site
postie,https://postie.com.au/,,,NON_RESOLUE,aucun ATS détecté sur le site
rivieras,https://rivieras.com/,,,NON_RESOLUE,aucun ATS détecté sur le site
outback ranch,https://outback-ranch21.square.site/,,,NON_RESOLUE,aucun ATS détecté sur le site
stokton,https://www.stokton.it/,,,NON_RESOLUE,aucun ATS détecté sur le site
oth paris,https://www.oth-paris.com/,,,NON_RESOLUE,aucun ATS détecté sur le site
ramraj cotton,https://ramrajcotton.in/,,,NON_RESOLUE,aucun ATS détecté sur le site
sem per lei,https://semperlei.com/,,,NON_RESOLUE,aucun ATS détecté sur le site
risy&jerfs,https://www.risy-jerfs.com/,,,NON_RESOLUE,aucun ATS détecté sur le site
rei,https://www.rei.com/,,,NON_RESOLUE,site en erreur au probe
pietro brunelli,https://pietrobrunelli.com/,,,NON_RESOLUE,aucun ATS détecté sur le site
rnb jewellery,https://rnbjewellery.ca/,,,NON_RESOLUE,aucun ATS détecté sur le site
studio clique,https://studio-clique.com/,,,NON_RESOLUE,aucun ATS détecté sur le site
serge lutens,https://sergelutens.com/,,,NON_RESOLUE,aucun ATS détecté sur le site
sashaskvo,https://skvoshop.ru/,,,NON_RESOLUE,aucun ATS détecté sur le site
rotary watches,http://www.rotarywatches.com/,,,NON_RESOLUE,aucun ATS détecté sur le site
plain jane beauty,http://www.plainjanebeauty.net/,,,NON_RESOLUE,aucun ATS détecté sur le site
montblanc,https://www.montblanc.com/,,,NON_RESOLUE,site en erreur au probe
mosaert,http://www.mosaert.com/,,,NON_RESOLUE,aucun ATS détecté sur le site
selina kyleen,http://selinakyleen.com/,,,NON_RESOLUE,aucun ATS détecté sur le site
renu naturals,https://renunaturals.com/,,,NON_RESOLUE,aucun ATS détecté sur le site
phase eight,https://www.phase-eight.com/,,,NON_RESOLUE,site en erreur au probe
pirouette,https://pirouetteperfume.com/,,,NON_RESOLUE,aucun ATS détecté sur le site
piper lily™ skincare,http://piperlily.ca/,,,NON_RESOLUE,aucun ATS détecté sur le site
pacsun,https://www.pacsun.com/,,,NON_RESOLUE,site en erreur au probe
p.j. salvage,https://www.pjsalvage.com/,,,NON_RESOLUE,aucun ATS détecté sur le site
setsofran,https://setsofran.com/,,,NON_RESOLUE,aucun ATS détecté sur le site
suboo,https://suboo.com.au/,,,NON_RESOLUE,aucun ATS détecté sur le site
papaya,https://www.papayaclothing.com/,,,NON_RESOLUE,aucun ATS détecté sur le site
scathed,https://www.scathedfashion.com/?oid=382&affid=1&source_id=GoY-rating&sub1=brandpage,,,NON_RESOLUE,aucun ATS détecté sur le site
podyh,https://podyh.com/,,,NON_RESOLUE,aucun ATS détecté sur le site
plantéa skincare,https://www.planteaskin.com/,,,NON_RESOLUE,aucun ATS détecté sur le site
redrew,https://www.redrewclothing.com/,,,NON_RESOLUE,aucun ATS détecté sur le site
shanghai tang,https://www.shanghaitang.com/,,,NON_RESOLUE,aucun ATS détecté sur le site
oxmox,https://www.oxmox.de/,,,NON_RESOLUE,aucun ATS détecté sur le site
panafrica,https://www.panafrica-store.com/en/,,,NON_RESOLUE,aucun ATS détecté sur le site
prénatal  netherlands,https://www.prenatal.nl/,,,NON_RESOLUE,aucun ATS détecté sur le site
scody,https://www.scody.com/,,,NON_RESOLUE,aucun ATS détecté sur le site
sheike,https://www.sheike.com.au/,,,NON_RESOLUE,aucun ATS détecté sur le site
pas normal studios,https://pasnormalstudios.com/,,,NON_RESOLUE,aucun ATS détecté sur le site
serge thoraval,http://www.atelier-serge-thoraval.com/,,,NON_RESOLUE,aucun ATS détecté sur le site
rewind it 10,https://rewindit10.com/,,,NON_RESOLUE,aucun ATS détecté sur le site
santory,https://santory.com.mx/,,,NON_RESOLUE,aucun ATS détecté sur le site
r+co,http://www.randco.com/,,,NON_RESOLUE,aucun ATS détecté sur le site
ships,https://www.shipsltd.co.jp/,,,NON_RESOLUE,aucun ATS détecté sur le site
piilgrim,https://www.piilgrim.com/,,,NON_RESOLUE,aucun ATS détecté sur le site
proze performance nutrition,http://www.proze.com/,,,NON_RESOLUE,aucun ATS détecté sur le site
palmer//harding,https://www.palmerharding.com/,,,NON_RESOLUE,aucun ATS détecté sur le site
manastash,https://www.manastash.com/,,,NON_RESOLUE,aucun ATS détecté sur le site
portland bee balm,https://portlandbeebalm.com/,,,NON_RESOLUE,aucun ATS détecté sur le site
shynee knobs nail polish,http://www.shyneeknobs.com/,,,NON_RESOLUE,aucun ATS détecté sur le site
rollmann,https://rollmann.bg/,,,NON_RESOLUE,aucun ATS détecté sur le site
rally,https://www.rallyskin.com/,,,NON_RESOLUE,aucun ATS détecté sur le site
reir,https://www.san-ai.com/shopbrand/reir,,,NON_RESOLUE,site en erreur au probe
polite worldwide,https://www.politeworldwide.com/,,,NON_RESOLUE,aucun ATS détecté sur le site
napo gloves,https://napogloves.com/,,,NON_RESOLUE,site en erreur au probe
ron herman,https://ronherman.jp/,,,NON_RESOLUE,aucun ATS détecté sur le site
roopa pemmaraju,https://roopapemmaraju.com/,,,NON_RESOLUE,aucun ATS détecté sur le site
roots & roses,https://roots-roses.com/,,,NON_RESOLUE,aucun ATS détecté sur le site
playful promises,https://playfulpromises.com/,,,NON_RESOLUE,aucun ATS détecté sur le site
shobido,https://www.shobido-corp.co.jp/,,,NON_RESOLUE,aucun ATS détecté sur le site
reprime,https://www.artisanbyreprime.com/,,,NON_RESOLUE,aucun ATS détecté sur le site
sevenroses,https://sevenroses.fr/,,,NON_RESOLUE,aucun ATS détecté sur le site
rue de femme,https://www.ruedefemme.com/,,,NON_RESOLUE,aucun ATS détecté sur le site
parfums artimique,https://www.parfumsartimique.com/,,,NON_RESOLUE,aucun ATS détecté sur le site
marathon sports,https://www.marathonsports.com/,,,NON_RESOLUE,aucun ATS détecté sur le site
pure magnolia,https://puremagnolia.ca/,,,NON_RESOLUE,aucun ATS détecté sur le site
punky color,http://punky.com/,,,NON_RESOLUE,aucun ATS détecté sur le site
roamer,http://www.roamer.ch/,,,NON_RESOLUE,aucun ATS détecté sur le site
sebago,https://www.sebago.fr/,,,NON_RESOLUE,aucun ATS détecté sur le site
poupette st barth,https://www.poupettestbarth.com/,,,NON_RESOLUE,aucun ATS détecté sur le site
rosy & earnest,https://rosyandearnest.com/,,,NON_RESOLUE,aucun ATS détecté sur le site
sherris,https://sherris.shop/shop,,,NON_RESOLUE,aucun ATS détecté sur le site
rougegorge,https://www.rougegorge.com/,,,NON_RESOLUE,aucun ATS détecté sur le site
shanpaulo,https://shanpaulo.com/,,,NON_RESOLUE,aucun ATS détecté sur le site
rhodenwald & söhne,https://rhodenwald.de/,,,NON_RESOLUE,aucun ATS détecté sur le site
mystrada,http://mystrada.jp/,,,NON_RESOLUE,aucun ATS détecté sur le site
pyrrha,https://pyrrha.com/,,,NON_RESOLUE,aucun ATS détecté sur le site
nebbia,https://nebbia.fitness/,,,NON_RESOLUE,site en erreur au probe
rapanui,https://click.linksynergy.com/deeplink?id=Fluhu2U*BdY&mid=50425&murl=https%3A%2F%2Frapanuiclothing.com,,,NON_RESOLUE,aucun ATS détecté sur le site
re,https://fesretail.com/re/,,,NON_RESOLUE,aucun ATS détecté sur le site
semina,http://www.shopsemina.com/,,,NON_RESOLUE,aucun ATS détecté sur le site
satin smooth,http://satinsmooth.com/,,,NON_RESOLUE,aucun ATS détecté sur le site
pleatsmama,https://en.pleatsmama.com/,,,NON_RESOLUE,aucun ATS détecté sur le site
people of earth,http://peopleofearth.co/,,,NON_RESOLUE,aucun ATS détecté sur le site
princess jewellery,https://princessjewellery.cz/,,,NON_RESOLUE,aucun ATS détecté sur le site
rogue,https://rogueperfumery.com/,,,NON_RESOLUE,aucun ATS détecté sur le site
rubicon,https://www.rubicon-fashion.de/,,,NON_RESOLUE,aucun ATS détecté sur le site
naked and thriving,https://www.nakedandthriving.com/,,,NON_RESOLUE,aucun ATS détecté sur le site
reinhard frans,https://www.reinhardfrans.com/,,,NON_RESOLUE,aucun ATS détecté sur le site
preston lane,http://onprestonlane.com/,,,NON_RESOLUE,aucun ATS détecté sur le site
shoe city,https://www.shoecity.co.za/,,,NON_RESOLUE,aucun ATS détecté sur le site
re49,https://www.re49.it/,,,NON_RESOLUE,aucun ATS détecté sur le site
shekou,https://shekouwoman.com/,,,NON_RESOLUE,aucun ATS détecté sur le site
rosa clará,https://www.rosaclara.es/,,,NON_RESOLUE,aucun ATS détecté sur le site
pristine,https://www.pristine-official.jp/,,,NON_RESOLUE,site en erreur au probe
red-rag boys & girls,https://www.red-rag.com/,,,NON_RESOLUE,aucun ATS détecté sur le site
ripa ripa,https://riparipa.com/,,,NON_RESOLUE,aucun ATS détecté sur le site
neuw denim,https://www.neuwdenim.com/eu,,,NON_RESOLUE,aucun ATS détecté sur le site
ponara,http://ponara.world/,,,NON_RESOLUE,aucun ATS détecté sur le site
setup,http://setupclothing.com/,,,NON_RESOLUE,aucun ATS détecté sur le site
paul stuart,https://store.sanyo-shokai.co.jp/pages/paul_stuart,,,NON_RESOLUE,aucun ATS détecté sur le site
puffin gear,https://puffingear.com/,,,NON_RESOLUE,aucun ATS détecté sur le site
rowing blazers,https://rowingblazers.com/,,,NON_RESOLUE,aucun ATS détecté sur le site
puna noni naturals,http://www.punanoni.com/,,,NON_RESOLUE,aucun ATS détecté sur le site
shoeday,https://www.shoeday.no/,,,NON_RESOLUE,aucun ATS détecté sur le site
sidia,https://sidiathebrand.com/,,,NON_RESOLUE,aucun ATS détecté sur le site
natalie perry,https://natalieperryjewellery.com/,,,NON_RESOLUE,aucun ATS détecté sur le site
simkha biocosmetics,https://abonnement.simkhabiocosmetiques.ca/,,,NON_RESOLUE,aucun ATS détecté sur le site
rudy jude,https://rudyjude.com/,,,NON_RESOLUE,aucun ATS détecté sur le site
mariamare,https://www.mariamare.com/,,,NON_RESOLUE,aucun ATS détecté sur le site
r13,https://www.r13denim.com/,,,NON_RESOLUE,aucun ATS détecté sur le site
naturesupplycompany,https://www.naturesupplyco.com/,,,NON_RESOLUE,aucun ATS détecté sur le site
silver jeans co.,https://www.silverjeans.com/,,,NON_RESOLUE,site en erreur au probe
psylo,https://psylofashion.com/,,,NON_RESOLUE,site en erreur au probe
reebok,https://www.reebok.com/,,,NON_RESOLUE,site en erreur au probe
s.p.c.c.,https://www.spccstore.com/,,,NON_RESOLUE,aucun ATS détecté sur le site
sievin jalkine,https://www.sievi.com/,,,NON_RESOLUE,aucun ATS détecté sur le site
saiid kobeisy,https://saiid-kobeisy.com/,,,NON_RESOLUE,aucun ATS détecté sur le site
susan bijl,https://www.susanbijl.nl/,,,NON_RESOLUE,site en erreur au probe
ralph lauren,https://www.ralphlauren.com/,,,NON_RESOLUE,aucun ATS détecté sur le site
saint and sofia,https://saintandsofia.com/,,,NON_RESOLUE,aucun ATS détecté sur le site
patrizia aryton,https://patrizia.aryton.pl/,,,NON_RESOLUE,aucun ATS détecté sur le site
sa fab,https://handblockprintsbagru.com/,,,NON_RESOLUE,aucun ATS détecté sur le site
rael,https://www.getrael.com/,,,NON_RESOLUE,aucun ATS détecté sur le site
pechoin,http://www.pechoin.com/,,,NON_RESOLUE,aucun ATS détecté sur le site
roberto geissini,https://www.robertogeissini.de/,,,NON_RESOLUE,aucun ATS détecté sur le site
purely lush,https://www.purelylush.com/,,,NON_RESOLUE,aucun ATS détecté sur le site
sirens,https://ym-inc.com/brand/sirens/,,,NON_RESOLUE,aucun ATS détecté sur le site
sabila skincare,https://sabilaskincare.com/,,,NON_RESOLUE,aucun ATS détecté sur le site
swolit,https://swolit.co.uk/,,,NON_RESOLUE,aucun ATS détecté sur le site
rudedog,https://rudedog.co/,,,NON_RESOLUE,aucun ATS détecté sur le site
owl in a towel,http://www.owlinatowel.com/,,,NON_RESOLUE,aucun ATS détecté sur le site
sea,https://sea-ny.com/,,,NON_RESOLUE,aucun ATS détecté sur le site
proclaim,https://www.wearproclaim.com/?oid=173&affid=1&source_id=GoY-rating&sub1=brandpage,,,NON_RESOLUE,aucun ATS détecté sur le site
purebaby,https://purebaby.com.au/,,,NON_RESOLUE,aucun ATS détecté sur le site
quazi design,https://quazidesign.com/,,,NON_RESOLUE,aucun ATS détecté sur le site
pelliot,https://www.pelliot.com.cn/,,,NON_RESOLUE,site en erreur au probe
powersutra,http://www.powersutra.co/,,,NON_RESOLUE,aucun ATS détecté sur le site
royal apparel,https://royalapparel.com/,,,NON_RESOLUE,aucun ATS détecté sur le site
philosophy blues original,https://www.pbo-group.com/,,,NON_RESOLUE,aucun ATS détecté sur le site
reign,https://reign.co/,,,NON_RESOLUE,aucun ATS détecté sur le site
purnama,https://shoppurnama.com/,,,NON_RESOLUE,aucun ATS détecté sur le site
rhode,http://rhodeskin.com/,,,NON_RESOLUE,aucun ATS détecté sur le site
siinsiin,https://www.siinsiin.com/,,,NON_RESOLUE,aucun ATS détecté sur le site
seenaya,http://seenaya.com/,,,NON_RESOLUE,aucun ATS détecté sur le site
sizeer,https://sklep.sizeer.com/,,,NON_RESOLUE,aucun ATS détecté sur le site
marlù,https://www.marlu.it/it/,,,NON_RESOLUE,aucun ATS détecté sur le site
sanre organic skinfood,http://www.sanreorganic.com/,,,NON_RESOLUE,aucun ATS détecté sur le site
palladio beauty,https://www.palladiobeauty.com/,,,NON_RESOLUE,aucun ATS détecté sur le site
simmons bilt,https://www.simmonsbilt.com/,,,NON_RESOLUE,aucun ATS détecté sur le site
real fruit body,http://realfruitbody.com/,,,NON_RESOLUE,aucun ATS détecté sur le site
nicola hinrichsen,https://www.nicola-hinrichsen.com/,,,NON_RESOLUE,aucun ATS détecté sur le site
reserva,https://www.usereserva.com/,,,NON_RESOLUE,aucun ATS détecté sur le site
same skincare,http://sameskincare.com/,,,NON_RESOLUE,aucun ATS détecté sur le site
seeall,https://seeall.jp/,,,NON_RESOLUE,aucun ATS détecté sur le site
skopes,https://www.skopes.co.uk/,,,NON_RESOLUE,aucun ATS détecté sur le site
september,https://www.septembertheline.com/,,,NON_RESOLUE,aucun ATS détecté sur le site
nena & co.,https://www.nenaandco.com/,,,NON_RESOLUE,aucun ATS détecté sur le site
perfumer h,https://www.perfumerh.com/,,,NON_RESOLUE,aucun ATS détecté sur le site
petite studio,https://www.petitestudionyc.com/,,,NON_RESOLUE,aucun ATS détecté sur le site
puppets and puppets,https://puppetsandpuppets.com/,,,NON_RESOLUE,aucun ATS détecté sur le site
powell craft,http://www.powellcraft.com/,,,NON_RESOLUE,aucun ATS détecté sur le site
rip curl,https://www.ripcurl.com/,,,NON_RESOLUE,site en erreur au probe
saint steve,https://saintsteve.nl/,,,NON_RESOLUE,aucun ATS détecté sur le site
pig and hen,https://www.pigandhen.nl/,,,NON_RESOLUE,site en erreur au probe
querol,https://www.querol.net/,,,NON_RESOLUE,site en erreur au probe
s.k. manor hill,https://skmanorhill.com/,,,NON_RESOLUE,aucun ATS détecté sur le site
niccolò p.,https://www.niccolo-p.com/,,,NON_RESOLUE,aucun ATS détecté sur le site
simplicitie usa,https://www.simplicitie.com/,,,NON_RESOLUE,aucun ATS détecté sur le site
quitan,https://www.quitan.jp/,,,NON_RESOLUE,aucun ATS détecté sur le site
raeburn,https://www.raeburndesign.co.uk/,,,NON_RESOLUE,aucun ATS détecté sur le site
santicler,https://santicler.com/?oid=246&affid=1&source_id=GoY-rating&sub1=brandpage,,,NON_RESOLUE,aucun ATS détecté sur le site
sjolie,https://www.sjoliespraytan.com/,,,NON_RESOLUE,aucun ATS détecté sur le site
smiths city,https://smithscity.co.nz/,,,NON_RESOLUE,aucun ATS détecté sur le site
sense organics,https://www.sense-organics.com/,,,NON_RESOLUE,site en erreur au probe
masala tee,http://www.masalateeboutique.com/,,,NON_RESOLUE,aucun ATS détecté sur le site
ræburn,https://www.christopherraeburn.co.uk/,,,NON_RESOLUE,aucun ATS détecté sur le site
paraphrase perfume,https://libertinefragrance.com/,,,NON_RESOLUE,site en erreur au probe
simplysiti,https://www.simplysiti.com.my/,,,NON_RESOLUE,aucun ATS détecté sur le site
piera ceresa,https://pieraceresa.com.au/,,,NON_RESOLUE,aucun ATS détecté sur le site
sandwich,https://sandwichfashion.nl/,,,NON_RESOLUE,aucun ATS détecté sur le site
rhythm skin care,https://rhythmskincare.com/,,,NON_RESOLUE,aucun ATS détecté sur le site
pixie,https://itspixie.com/,,,NON_RESOLUE,site en erreur au probe
roberto d'angelo,https://www.robertodangelo.nl/,,,NON_RESOLUE,aucun ATS détecté sur le site
rageblue,https://www.dot-st.com/rageblue/,,,NON_RESOLUE,site en erreur au probe
niza,https://www.nizaonline.com/,,,NON_RESOLUE,aucun ATS détecté sur le site
ragwear,https://www.ragwear.com/,,,NON_RESOLUE,aucun ATS détecté sur le site
roksanda,http://roksanda.com/,,,NON_RESOLUE,site en erreur au probe
sahara rose,http://www.sahararose.com/,,,NON_RESOLUE,aucun ATS détecté sur le site
shinsegae centum city,https://www.shinsegae.com/store/main.do?storeCd=SC00008,,,NON_RESOLUE,aucun ATS détecté sur le site
nina ricci,https://www.ninaricci.com/,,,NON_RESOLUE,aucun ATS détecté sur le site
pvh corp.,https://www.pvh.com/,,,NON_RESOLUE,site en erreur au probe
raw color,https://www.rawcolor.nl/,,,NON_RESOLUE,aucun ATS détecté sur le site
passion marine,https://passionmarine.fr/,,,NON_RESOLUE,aucun ATS détecté sur le site
rosec jewels,https://www.rosecjewels.com/,,,NON_RESOLUE,aucun ATS détecté sur le site
skincare junkie,http://www.skincarejunkie.com/,,,NON_RESOLUE,aucun ATS détecté sur le site
religion,https://religionclothing.com/,,,NON_RESOLUE,site en erreur au probe
sarah sue design,https://www.sarahsuedesign.com/,,,NON_RESOLUE,aucun ATS détecté sur le site
samuel hubbard,https://www.samuelhubbard.com/,,,NON_RESOLUE,aucun ATS détecté sur le site
piper & skye,https://www.piperandskye.com/,,,NON_RESOLUE,aucun ATS détecté sur le site
sister's aroma,https://sistersaroma.com/,,,NON_RESOLUE,aucun ATS détecté sur le site
matteau,https://int.matteau-store.com/,,,NON_RESOLUE,aucun ATS détecté sur le site
nomadic state of mind,https://www.nomadicstateofmind.com/,,,NON_RESOLUE,aucun ATS détecté sur le site
sleeping with jacques,https://www.sleepingwithjacques.com/,,,NON_RESOLUE,aucun ATS détecté sur le site
sock harbor,https://sockharbor.com/,,,NON_RESOLUE,aucun ATS détecté sur le site
recover brands,https://recoverbrands.com/,,,NON_RESOLUE,aucun ATS détecté sur le site
pnj,https://www.pnj.com.vn/,,,NON_RESOLUE,aucun ATS détecté sur le site
raw threads,https://rawthreads.com/,,,NON_RESOLUE,aucun ATS détecté sur le site
sasa,https://www.sasa.com/,,,NON_RESOLUE,aucun ATS détecté sur le site
rewritten beauty,https://www.rewrittenbeauty.com/,,,NON_RESOLUE,aucun ATS détecté sur le site
skopunkten,https://www.skopunkten.se/,,,NON_RESOLUE,aucun ATS détecté sur le site
sezon,https://sezon.ua/,,,NON_RESOLUE,site en erreur au probe
rains,https://www.rains.dk/,,,NON_RESOLUE,aucun ATS détecté sur le site
scent trunk,https://scenttrunk.com/,,,NON_RESOLUE,aucun ATS détecté sur le site
rudy's,http://www.rudysbarbershop.com/,,,NON_RESOLUE,site en erreur au probe
rokit vintage,https://www.rokit.co.uk/,,,NON_RESOLUE,site en erreur au probe
phera,https://wearephera.com/,,,NON_RESOLUE,aucun ATS détecté sur le site
solar,https://www.solar.com.pl/,,,NON_RESOLUE,aucun ATS détecté sur le site
plantd skincare ltd.,https://plantdskincare.com/,,,NON_RESOLUE,aucun ATS détecté sur le site
rareessence,https://www.rareessencearomatherapy.com/,,,NON_RESOLUE,aucun ATS détecté sur le site
roseanna,https://roseanna.fr/,,,NON_RESOLUE,aucun ATS détecté sur le site
smythson,https://www.smythson.com/,,,NON_RESOLUE,site en erreur au probe
raymar cosmetics,https://raymarcosmetics.com/,,,NON_RESOLUE,aucun ATS détecté sur le site
salvatore ferragamo,https://www.ferragamo.com/,,,NON_RESOLUE,site en erreur au probe
project x paris,https://www.projectxparis.com/,,,NON_RESOLUE,site en erreur au probe
removery,https://removery.com/,,,NON_RESOLUE,aucun ATS détecté sur le site
rinascimento,https://www.rinascimento.com/,,,NON_RESOLUE,aucun ATS détecté sur le site
scat,https://scat-jewelry.com/,,,NON_RESOLUE,aucun ATS détecté sur le site
pure atlanta,https://www.pureatlanta.com/,,,NON_RESOLUE,aucun ATS détecté sur le site
roberto sarto,https://www.robertosarto.nl/,,,NON_RESOLUE,aucun ATS détecté sur le site
smith & canova,https://www.smithandcanova.co.uk/,,,NON_RESOLUE,site en erreur au probe
northskull,https://northskull.com/,,,NON_RESOLUE,aucun ATS détecté sur le site
sofia cardoni,https://sofiacardoni.com/,,,NON_RESOLUE,aucun ATS détecté sur le site
snap,https://www.snapclimbing.com/,,,NON_RESOLUE,site en erreur au probe
rpnzl,http://rpnzlbeauty.com/,,,NON_RESOLUE,aucun ATS détecté sur le site
tara and i,https://taraandi.com/,,,NON_RESOLUE,aucun ATS détecté sur le site
pour moi,https://www.pourmoi.it/,,,NON_RESOLUE,aucun ATS détecté sur le site
sayla,http://yoursayla.com/,,,NON_RESOLUE,aucun ATS détecté sur le site
south beach,https://www.southbeachofficial.com/,,,NON_RESOLUE,aucun ATS détecté sur le site
takashimaya osaka store,https://www.takashimaya.co.jp/osaka/,,,NON_RESOLUE,site en erreur au probe
mazzucchelli's,https://mazzucchellis.com.au/,,,NON_RESOLUE,aucun ATS détecté sur le site
scrubs & beyond,https://www.scrubsandbeyond.com/,,,NON_RESOLUE,site en erreur au probe
mehran,http://www.mehran.it/,,,NON_RESOLUE,aucun ATS détecté sur le site
refresh skin therapy llc,https://www.refreshskintherapy.com/,,,NON_RESOLUE,site en erreur au probe
rianne de witte,https://riannedewitte.com/,,,NON_RESOLUE,aucun ATS détecté sur le site
pyrrha jewelry,http://www.pyrrha.com/,,,NON_RESOLUE,aucun ATS détecté sur le site
regatta,https://www.regatta.com/,,,NON_RESOLUE,aucun ATS détecté sur le site
santos by monica,https://www.santosbymonica.com/,,,NON_RESOLUE,aucun ATS détecté sur le site
pear concept,http://www.pearconcept.com/,,,NON_RESOLUE,aucun ATS détecté sur le site
pretty cute,https://prettycute.co.uk/,,,NON_RESOLUE,aucun ATS détecté sur le site
pit bull,https://pitbullstore.eu/,,,NON_RESOLUE,aucun ATS détecté sur le site
sock my feet,https://www.sockmyfeet.com/,,,NON_RESOLUE,aucun ATS détecté sur le site
regen4d,https://regenskinusa.com/,,,NON_RESOLUE,aucun ATS détecté sur le site
reflect studio,https://www.reflectstudio.com/,,,NON_RESOLUE,aucun ATS détecté sur le site
seeberger,https://www.seeberger-hats.com/,,,NON_RESOLUE,aucun ATS détecté sur le site
roark,https://eu.roarkrevival.com/,,,NON_RESOLUE,aucun ATS détecté sur le site
rené caovilla,https://www.renecaovilla.com/,,,NON_RESOLUE,aucun ATS détecté sur le site
pura vida,https://www.puravidabracelets.com/,,,NON_RESOLUE,aucun ATS détecté sur le site
sarvin,https://sarvin.co.uk/,,,NON_RESOLUE,aucun ATS détecté sur le site
merc,https://www.merc.com/,,,NON_RESOLUE,aucun ATS détecté sur le site
seasalt,https://www.seasaltcornwall.com/,,,NON_RESOLUE,aucun ATS détecté sur le site
noonday collection,http://www.noondaycollection.com/,,,NON_RESOLUE,aucun ATS détecté sur le site
satisfy,https://satisfyrunning.com/,,,NON_RESOLUE,aucun ATS détecté sur le site
ra attire,https://raattire.com/,,,NON_RESOLUE,aucun ATS détecté sur le site
rolex,https://www.rolex.com/,,,NON_RESOLUE,site en erreur au probe
shuflia,http://www.shfl.com.ua/,,,NON_RESOLUE,aucun ATS détecté sur le site
see by chloé,https://www.chloe.com/us,,,NON_RESOLUE,site en erreur au probe
rustic loom,https://www.rusticloom.com/,,,NON_RESOLUE,aucun ATS détecté sur le site
schuhpark,https://www.schuhpark.de/,,,NON_RESOLUE,site en erreur au probe
rosemira organics,http://rosemira.com/,,,NON_RESOLUE,aucun ATS détecté sur le site
solférino paris,https://solferino-paris.com/,,,NON_RESOLUE,aucun ATS détecté sur le site
renata corsi,https://renatacorsi.com/,,,NON_RESOLUE,aucun ATS détecté sur le site
reno,https://www.reno.de/,,,NON_RESOLUE,aucun ATS détecté sur le site
playtex,https://www.playtex.co.uk/,,,NON_RESOLUE,site en erreur au probe
re botanicals,https://www.rebotanicals.com/collections/relief-body-oil,,,NON_RESOLUE,aucun ATS détecté sur le site
refinery,https://www.refinerystore.co.za/,,,NON_RESOLUE,aucun ATS détecté sur le site
sofia,https://www.sofia.sk/,,,NON_RESOLUE,aucun ATS détecté sur le site
scarpa,https://www.scarpa.com/,,,NON_RESOLUE,aucun ATS détecté sur le site
skmei,https://www.skmei.com/,,,NON_RESOLUE,aucun ATS détecté sur le site
polished punk,https://www.polished-punk.com/,,,NON_RESOLUE,aucun ATS détecté sur le site
sacred weaves,https://www.sacredweaves.com/,,,NON_RESOLUE,aucun ATS détecté sur le site
ras shoes,https://www.rasshoes.com/,,,NON_RESOLUE,site en erreur au probe
rta,https://rtabrand.com/,,,NON_RESOLUE,aucun ATS détecté sur le site
schiaparelli,https://www.schiaparelli.com/en,,,NON_RESOLUE,aucun ATS détecté sur le site
result genuine recycled,https://resultrecycled.com/,,,NON_RESOLUE,aucun ATS détecté sur le site
solaris,https://www.solaris.fr/,,,NON_RESOLUE,aucun ATS détecté sur le site
terstal,https://www.terstal.nl/,,,NON_RESOLUE,site en erreur au probe
pro.shoe.lab,https://www.proshoelab.com/,,,NON_RESOLUE,aucun ATS détecté sur le site
nui ami,https://www.nuiami.com/,,,NON_RESOLUE,aucun ATS détecté sur le site
nothomme blue,https://nothomme.com/,,,NON_RESOLUE,aucun ATS détecté sur le site
the book club,https://tbceyewear.com/,,,NON_RESOLUE,aucun ATS détecté sur le site
retrosuperfuture,https://retrosuperfuture.com/,,,NON_RESOLUE,aucun ATS détecté sur le site
scotta 1985,https://scotta1985.com/,,,NON_RESOLUE,aucun ATS détecté sur le site
prairie potions,http://www.prairiepotions.ca/,,,NON_RESOLUE,aucun ATS détecté sur le site
rambler studios,https://ramblerstudios.com/,,,NON_RESOLUE,aucun ATS détecté sur le site
pound cake,https://poundcakecosmetics.com/,,,NON_RESOLUE,aucun ATS détecté sur le site
saison beauty,https://www.saisonbeauty.com/,,,NON_RESOLUE,aucun ATS détecté sur le site
soapie squad,http://soapiesquad.com/,,,NON_RESOLUE,aucun ATS détecté sur le site
smith & soul,https://www.smith-soul.de/,,,NON_RESOLUE,aucun ATS détecté sur le site
seoul ceuticals,https://seoulceuticals.com/,,,NON_RESOLUE,aucun ATS détecté sur le site
sea kind,http://www.sea-kind.com/,,,NON_RESOLUE,aucun ATS détecté sur le site
miki house,https://mikihouse.co.uk/,,,NON_RESOLUE,aucun ATS détecté sur le site
pico,https://www.project-pico.com/?oid=345&affid=1&source_id=GoY-rating&sub1=brandpage,,,NON_RESOLUE,aucun ATS détecté sur le site
selin laboratory,https://www.selin-lab.com/,,,NON_RESOLUE,aucun ATS détecté sur le site
nr rapisardi,https://www.petersheppard.com.au/collections/nr-rapisardi,,,NON_RESOLUE,aucun ATS détecté sur le site
salamander,https://salamander.de/,,,NON_RESOLUE,aucun ATS détecté sur le site
samy cosmetics,https://www.samycosmetics.com/,,,NON_RESOLUE,aucun ATS détecté sur le site
punto pigro,https://www.puntopigrostore.com/,,,NON_RESOLUE,aucun ATS détecté sur le site
rute elements,https://www.ruteelements.com/,,,NON_RESOLUE,aucun ATS détecté sur le site
sevya,https://sevya.com/,,,NON_RESOLUE,aucun ATS détecté sur le site
primitive house farm,http://primitivehousefarm.me/,,,NON_RESOLUE,aucun ATS détecté sur le site
rock on ruby,https://rockonruby.co.uk/,,,NON_RESOLUE,site en erreur au probe
pressio,https://pressio.com/,,,NON_RESOLUE,aucun ATS détecté sur le site
sojanya,https://sojanya.com/,,,NON_RESOLUE,aucun ATS détecté sur le site
slipstop,http://www.slipstop.co/,,,NON_RESOLUE,aucun ATS détecté sur le site
sør,https://shop.soer-online.de/,,,NON_RESOLUE,aucun ATS détecté sur le site
rohan,http://www.rohan.co.uk/,,,NON_RESOLUE,site en erreur au probe
retrouve,http://retrouve.com/,,,NON_RESOLUE,aucun ATS détecté sur le site
rienda,https://www.baroque-global.com/jp/brand/rienda,,,NON_RESOLUE,site en erreur au probe
rare london,https://www.rarelondon.com/,,,NON_RESOLUE,aucun ATS détecté sur le site
reliance trends,https://reliancetrends.com/,,,NON_RESOLUE,aucun ATS détecté sur le site
sandali siniscalchi,https://sandalisiniscalchi.com/,,,NON_RESOLUE,aucun ATS détecté sur le site
spalding,https://www.spalding.com/,,,NON_RESOLUE,aucun ATS détecté sur le site
setu,https://setuskincare.com/,,,NON_RESOLUE,aucun ATS détecté sur le site
ree projects,https://www.reeprojects.com/,,,NON_RESOLUE,site en erreur au probe
soaked in luxury,https://www.soakedinluxury.com/,,,NON_RESOLUE,aucun ATS détecté sur le site
the hair generation,https://us.thehairg.com/,,,NON_RESOLUE,aucun ATS détecté sur le site
rielli,https://riellibrand.com/,,,NON_RESOLUE,aucun ATS détecté sur le site
sector no limits,http://www.sectornolimits.com/,,,NON_RESOLUE,aucun ATS détecté sur le site
sophnet.,https://www.soph.net/shop/,,,NON_RESOLUE,site en erreur au probe
spagnolo,https://www.spagnolo.es/,,,NON_RESOLUE,aucun ATS détecté sur le site
saddlers union,https://www.saddlersunion.com/,,,NON_RESOLUE,aucun ATS détecté sur le site
sfera,https://www.sfera.com/,,,NON_RESOLUE,site en erreur au probe
shihara,https://www.shihara.com/,,,NON_RESOLUE,aucun ATS détecté sur le site
silvano fashion group,https://www.silvanofashion.com/,,,NON_RESOLUE,site en erreur au probe
restorative botanicals,https://www.restorativebotanicals.com/,,,NON_RESOLUE,aucun ATS détecté sur le site
sara sabella ischia,https://www.sarasabellaischia.com/,,,NON_RESOLUE,aucun ATS détecté sur le site
the not ok club,https://thenotokclub.com/,,,NON_RESOLUE,aucun ATS détecté sur le site
rj bodywear,https://www.rjbodywear.com/,,,NON_RESOLUE,site en erreur au probe
real deal brazil,https://realdealbrazil.com/,,,NON_RESOLUE,aucun ATS détecté sur le site
mimiscrubhats,https://mimiscrubhats.com/,,,NON_RESOLUE,aucun ATS détecté sur le site
squigs,http://www.squigsbeauty.com/,,,NON_RESOLUE,aucun ATS détecté sur le site
redefined rebel,https://www.redefinedrebel.com/,,,NON_RESOLUE,aucun ATS détecté sur le site
sola salon studios,https://www.solasalonstudios.com/,,,NON_RESOLUE,aucun ATS détecté sur le site
redemption,https://www.redemption.com/,,,NON_RESOLUE,aucun ATS détecté sur le site
pinqponq,https://www.pinqponq.com/,,,NON_RESOLUE,aucun ATS détecté sur le site
romwe,https://us.romwe.com/?rep=dir&ret=us%3Futm_source%3DGoodOnYou+App,,,NON_RESOLUE,aucun ATS détecté sur le site
pompea,https://www.pompea.com/,,,NON_RESOLUE,site en erreur au probe
rkt hair care,https://rkthaircare.com/,,,NON_RESOLUE,aucun ATS détecté sur le site
september care studio,https://septembercarestudio.com/,,,NON_RESOLUE,site en erreur au probe
pushaoo,https://www.pushaoo.com/,,,NON_RESOLUE,aucun ATS détecté sur le site
songzio,https://www.songzio.com/,,,NON_RESOLUE,aucun ATS détecté sur le site
semler shoes,https://www.semler.de/,,,NON_RESOLUE,aucun ATS détecté sur le site
sandmaiden sleepwear,https://sandmaidensleepwear.com/,,,NON_RESOLUE,aucun ATS détecté sur le site
shop the flux,https://shoptheflux.com/,,,NON_RESOLUE,site en erreur au probe
soft gallery,https://www.softgallery.dk/,,,NON_RESOLUE,aucun ATS détecté sur le site
stefan cooke,https://www.stefancooke.co.uk/,,,NON_RESOLUE,aucun ATS détecté sur le site
the society shop,https://www.thesocietyshop.com/,,,NON_RESOLUE,aucun ATS détecté sur le site
miracle of denim,https://www.miracleofdenim.com/,,,NON_RESOLUE,aucun ATS détecté sur le site
sport outlet,https://sportoutlet.no/,,,NON_RESOLUE,aucun ATS détecté sur le site
sachin & babi,https://www.sachinandbabi.com/,,,NON_RESOLUE,aucun ATS détecté sur le site
sinners attire,https://www.sinnersattire.com/,,,NON_RESOLUE,aucun ATS détecté sur le site
pulz jeans,https://www.pulzjeans.com/en-en,,,NON_RESOLUE,aucun ATS détecté sur le site
silent wave indigo,https://www.silentwaveindigo.com/,,,NON_RESOLUE,aucun ATS détecté sur le site
okaïdi,https://okaidi.ge/,,,NON_RESOLUE,aucun ATS détecté sur le site
pure in heart,http://pureinheart.ca/,,,NON_RESOLUE,aucun ATS détecté sur le site
odele,http://odelebeauty.com/,,,NON_RESOLUE,site en erreur au probe
saola,https://saolashoes.com/,,,NON_RESOLUE,aucun ATS détecté sur le site
sonela beauty,http://www.sonelabeauty.com/,,,NON_RESOLUE,aucun ATS détecté sur le site
river woods,https://www.riverwoods.net/en/,,,NON_RESOLUE,site en erreur au probe
pozone,https://pozone.fr/,,,NON_RESOLUE,aucun ATS détecté sur le site
still nordic,https://www.stillnordic.com/,,,NON_RESOLUE,aucun ATS détecté sur le site
purse king,https://purseking.com/,,,NON_RESOLUE,aucun ATS détecté sur le site
skin ceremony,http://example.com/,,,NON_RESOLUE,aucun ATS détecté sur le site
sheffield pharmaceuticals,http://www.sheffieldpharma.com/,,,NON_RESOLUE,aucun ATS détecté sur le site
quoddy,https://www.quoddy.com/,,,NON_RESOLUE,aucun ATS détecté sur le site
sport zone,https://www.sprintersports.com/pt,,,NON_RESOLUE,aucun ATS détecté sur le site
rossimoda,https://rossimoda.com/,,,NON_RESOLUE,site en erreur au probe
restyle,https://restyle.fi/en/,,,NON_RESOLUE,site en erreur au probe
modepark röther,https://www.modepark.de/,,,NON_RESOLUE,aucun ATS détecté sur le site
sakurano departmentstore,https://sakurano-dept.jp/,,,NON_RESOLUE,aucun ATS détecté sur le site
satya organic,https://satya.ca/,,,NON_RESOLUE,aucun ATS détecté sur le site
shift 80,https://shift80.jp/,,,NON_RESOLUE,aucun ATS détecté sur le site
sand copenhagen,http://www.sandcopenhagen.com/,,,NON_RESOLUE,aucun ATS détecté sur le site
refan bulgaria ltd.,http://www.refan.com/,,,NON_RESOLUE,aucun ATS détecté sur le site
south.st,https://southst.com.au/,,,NON_RESOLUE,aucun ATS détecté sur le site
sounder,https://soundergolf.com/,,,NON_RESOLUE,site en erreur au probe
ollygan,https://www.ollygan.com/fr/,,,NON_RESOLUE,aucun ATS détecté sur le site
rubylove,https://www.rubylove.com/,,,NON_RESOLUE,aucun ATS détecté sur le site
saxone of scotland,https://saxoneofscotland.com/,,,NON_RESOLUE,aucun ATS détecté sur le site
spooge,https://spoogespf.com/,,,NON_RESOLUE,aucun ATS détecté sur le site
pretty polly,https://www.prettypolly.co.uk/,,,NON_RESOLUE,aucun ATS détecté sur le site
nv london calcutta,https://www.nvlondoncalcutta.com/,,,NON_RESOLUE,aucun ATS détecté sur le site
shaka,https://shaka-jp.com/,,,NON_RESOLUE,aucun ATS détecté sur le site
studio 8 by phase eight,https://www.phase-eight.com/plus-size/,,,NON_RESOLUE,site en erreur au probe
st. rose parfums,https://www.st-rose.com/,,,NON_RESOLUE,aucun ATS détecté sur le site
seventh generation,http://www.seventhgeneration.com/,,,NON_RESOLUE,aucun ATS détecté sur le site
quiosque,https://quiosque.pl/,,,NON_RESOLUE,aucun ATS détecté sur le site
relevant,https://thirteenlune.com/,,,NON_RESOLUE,aucun ATS détecté sur le site
rockwear,https://www.rockwear.com.au/,,,NON_RESOLUE,aucun ATS détecté sur le site
squishmallows fragrances,https://shop.jazwares.com/collections/squishmallows-fragrances,,,NON_RESOLUE,aucun ATS détecté sur le site
monala,https://monalashop.com/,,,NON_RESOLUE,aucun ATS détecté sur le site
schmoove,https://www.schmoove.fr/,,,NON_RESOLUE,aucun ATS détecté sur le site
rivalin  fabricant français de charentaises et sabots,https://www.rivalin.fr/,,,NON_RESOLUE,site en erreur au probe
stella and grace,https://stellaandgrace.shop/collections/tees,,,NON_RESOLUE,aucun ATS détecté sur le site
then i met you,http://thenimetyou.com/,,,NON_RESOLUE,aucun ATS détecté sur le site
soul unika,https://unika.com.pt/,,,NON_RESOLUE,aucun ATS détecté sur le site
qwstion,https://www.qwstion.com/,,,NON_RESOLUE,site en erreur au probe
rodolfo medina,https://www.rodolfomedina.com/,,,NON_RESOLUE,aucun ATS détecté sur le site
rice & carry,https://www.riceandcarry.com/,,,NON_RESOLUE,aucun ATS détecté sur le site
spieth & wensky,https://www.spieth-wensky.com/,,,NON_RESOLUE,aucun ATS détecté sur le site
shoe4you,https://www.shoe4you.de/,,,NON_RESOLUE,site en erreur au probe
thomas pink,https://thomaspink.com/,,,NON_RESOLUE,aucun ATS détecté sur le site
qotn,https://qotn.in/,,,NON_RESOLUE,aucun ATS détecté sur le site
ocean+main,https://oceanandmain.com/#main?utm_source=GoodOnYou%20App&utm_medium=Referral,,,NON_RESOLUE,aucun ATS détecté sur le site
renew bath and body,https://www.renewbathandbody.com/,,,NON_RESOLUE,aucun ATS détecté sur le site
rosamosario,https://www.rosamosario.com/,,,NON_RESOLUE,aucun ATS détecté sur le site
sarah creal beauty,http://sarahcrealbeauty.com/,,,NON_RESOLUE,aucun ATS détecté sur le site
sinbono,https://www.sinbono.com/,,,NON_RESOLUE,aucun ATS détecté sur le site
planika,https://planika.si/,,,NON_RESOLUE,aucun ATS détecté sur le site
oneka,https://www.onekaelements.com/,,,NON_RESOLUE,aucun ATS détecté sur le site
smalls merino,https://smallsmerino.co.uk/,,,NON_RESOLUE,aucun ATS détecté sur le site
rodeo crowns wide bowl,https://rodeocrowns.jp/,,,NON_RESOLUE,aucun ATS détecté sur le site
roniko,https://roniko.ge/,,,NON_RESOLUE,aucun ATS détecté sur le site
shinzone,https://shinzone.com/,,,NON_RESOLUE,aucun ATS détecté sur le site
stoney creek,https://www.stoneycreek.co.nz/,,,NON_RESOLUE,aucun ATS détecté sur le site
shikpick,https://shikpick.com/,,,NON_RESOLUE,site en erreur au probe
schubert,https://jubilerschubert.pl/,,,NON_RESOLUE,aucun ATS détecté sur le site
st.ann,https://stehmann-store.de/,,,NON_RESOLUE,site en erreur au probe
shiekh,https://www.shiekh.com/,,,NON_RESOLUE,aucun ATS détecté sur le site
resteröds,https://resterods.com/,,,NON_RESOLUE,aucun ATS détecté sur le site
sara battaglia,https://www.sarabattaglia.com/,,,NON_RESOLUE,aucun ATS détecté sur le site
sagrada bioskincare,https://sagradabioskincare.com/,,,NON_RESOLUE,aucun ATS détecté sur le site
so-le studio,https://so-le-studio.com/,,,NON_RESOLUE,aucun ATS détecté sur le site
stefanel,https://www.stefanel.com/,,,NON_RESOLUE,aucun ATS détecté sur le site
rakuten books,https://books.rakuten.co.jp/,,,NON_RESOLUE,site en erreur au probe
riva mode,https://www.rivafashion.com/en/,,,NON_RESOLUE,aucun ATS détecté sur le site
opull'ence,https://www.opullence.com/,,,NON_RESOLUE,aucun ATS détecté sur le site
polarn o. pyret,https://www.polarnopyret.com/,,,NON_RESOLUE,aucun ATS détecté sur le site
roon body,https://roonbody.com/,,,NON_RESOLUE,aucun ATS détecté sur le site
sealand,https://sealandgear.com/,,,NON_RESOLUE,aucun ATS détecté sur le site
stein mart,https://www.steinmart.com/,,,NON_RESOLUE,aucun ATS détecté sur le site
sprinjene natural toothpaste,http://www.sprinjene.com/,,,NON_RESOLUE,aucun ATS détecté sur le site
rock&ride,http://www.rockride.cn/,,,NON_RESOLUE,site en erreur au probe
rialto jewelry,https://www.rialtojewelry.com/,,,NON_RESOLUE,aucun ATS détecté sur le site
royal kids,https://royalkids.co.uk/,,,NON_RESOLUE,aucun ATS détecté sur le site
skin at peace,https://www.skinatpeace.com/,,,NON_RESOLUE,aucun ATS détecté sur le site
pure apparel,https://www.pureapparel.com.au/,,,NON_RESOLUE,aucun ATS détecté sur le site
revved beauty,https://revvedbeauty.com/,,,NON_RESOLUE,aucun ATS détecté sur le site
sir.,https://sirthelabel.com/,,,NON_RESOLUE,aucun ATS détecté sur le site
roosevelt,https://rooseveltandco.com/,,,NON_RESOLUE,aucun ATS détecté sur le site
montelliana,https://www.lamontelliana.it/en/,,,NON_RESOLUE,aucun ATS détecté sur le site
rahul mishra,http://www.rahulmishra.in/,,,NON_RESOLUE,aucun ATS détecté sur le site
rosyne club,https://www.rosyneclub.com/,,,NON_RESOLUE,aucun ATS détecté sur le site
stayreal,http://tw.istayreal.com/,,,NON_RESOLUE,aucun ATS détecté sur le site
ogl,https://oglmove.com/,,,NON_RESOLUE,aucun ATS détecté sur le site
schott nyc europe,https://www.schott-store.com/,,,NON_RESOLUE,aucun ATS détecté sur le site
shop love and bambii,https://loveandbambii.com/,,,NON_RESOLUE,aucun ATS détecté sur le site
stylesaint,https://www.stylesaint.com/,,,NON_RESOLUE,aucun ATS détecté sur le site
stine goya,https://stinegoya.com/,,,NON_RESOLUE,aucun ATS détecté sur le site
signature cosmetics & fragrances,https://www.signaturecosmetics.co.za/,,,NON_RESOLUE,aucun ATS détecté sur le site
rackle,https://rackleshoes.com/,,,NON_RESOLUE,site en erreur au probe
stora skuggan,https://www.storaskuggan.com/,,,NON_RESOLUE,aucun ATS détecté sur le site
romani design,https://romani.hu/,,,NON_RESOLUE,aucun ATS détecté sur le site
shoreditch ski club,https://shoreditchskiclub.com/,,,NON_RESOLUE,aucun ATS détecté sur le site
poshe,http://poshe.com/,,,NON_RESOLUE,aucun ATS détecté sur le site
tiger prints,https://www.tigerprints.co.uk/,,,NON_RESOLUE,aucun ATS détecté sur le site
rotholz,https://rotholz-store.com/,,,NON_RESOLUE,aucun ATS détecté sur le site
selected-homme,https://www.selected.com/,,,NON_RESOLUE,aucun ATS détecté sur le site
sun bum,https://www.sunbum.com/,,,NON_RESOLUE,aucun ATS détecté sur le site
rouje,https://www.rouje.com/,,,NON_RESOLUE,aucun ATS détecté sur le site
riu paris,https://www.riuparis.fr/,,,NON_RESOLUE,aucun ATS détecté sur le site
real root,http://www.sprouts.com/,,,NON_RESOLUE,aucun ATS détecté sur le site
state & liberty clothing,https://stateandliberty.com/,,,NON_RESOLUE,aucun ATS détecté sur le site
rockandblue,https://www.rockandblue.com/,,,NON_RESOLUE,aucun ATS détecté sur le site
sea room lynn,https://searoomlynn.jp/,,,NON_RESOLUE,aucun ATS détecté sur le site
salty swimwear,https://www.saltyswimwear.com.au/,,,NON_RESOLUE,aucun ATS détecté sur le site
rags & gents,https://ragsandgents.com/,,,NON_RESOLUE,aucun ATS détecté sur le site
sabinna,https://www.sabinna.com/,,,NON_RESOLUE,aucun ATS détecté sur le site
sean john,http://www.seanjohn.com/,,,NON_RESOLUE,aucun ATS détecté sur le site
rossi beauty,https://rossibeauty.com.ar/,,,NON_RESOLUE,aucun ATS détecté sur le site
romeo hunte,https://www.romeohunte.com/,,,NON_RESOLUE,aucun ATS détecté sur le site
studio ditte,https://www.studioditte.nl/,,,NON_RESOLUE,aucun ATS détecté sur le site
rock point,https://www.rockpoint.cz/,,,NON_RESOLUE,aucun ATS détecté sur le site
oleema skincare,https://oleemaskincare.com/,,,NON_RESOLUE,aucun ATS détecté sur le site
schott,https://www.schottnyc.com/,,,NON_RESOLUE,aucun ATS détecté sur le site
repeat cashmere,https://www.repeatcashmere.com/,,,NON_RESOLUE,site en erreur au probe
tobeg,http://www.tobeg.it/,,,NON_RESOLUE,aucun ATS détecté sur le site
slobe iena,https://slobe.jp/,,,NON_RESOLUE,aucun ATS détecté sur le site
sparkling earth,https://sparklingearth.com/,,,NON_RESOLUE,aucun ATS détecté sur le site
still here,https://www.stillhere.nyc/,,,NON_RESOLUE,site en erreur au probe
sucreabeille,https://sucreabeille.com/,,,NON_RESOLUE,aucun ATS détecté sur le site
raymond weil,http://www.raymond-weil.com/,,,NON_RESOLUE,aucun ATS détecté sur le site
stubbs & wootton,https://stubbsandwootton.com/,,,NON_RESOLUE,aucun ATS détecté sur le site
rue de tokyo,https://ruedetokyo.com/,,,NON_RESOLUE,aucun ATS détecté sur le site
shortish,https://shortishworld.com/,,,NON_RESOLUE,aucun ATS détecté sur le site
pyrenex,https://www.pyrenex.com/,,,NON_RESOLUE,aucun ATS détecté sur le site
skincare for weirdos,https://skincareforweirdos.com/,,,NON_RESOLUE,aucun ATS détecté sur le site
sohuman,https://www.sohumanbrand.com/,,,NON_RESOLUE,aucun ATS détecté sur le site
toni lopez,https://tonilopezplata.com/,,,NON_RESOLUE,aucun ATS détecté sur le site
sergio tacchini,https://www.sergiotacchini.com/,,,NON_RESOLUE,aucun ATS détecté sur le site
rowen rose,https://www.rowenrose.com/,,,NON_RESOLUE,site en erreur au probe
raw moda,https://rawmoda.com/,,,NON_RESOLUE,aucun ATS détecté sur le site
orly,https://orlybeauty.com/,,,NON_RESOLUE,site en erreur au probe
rudsak,https://www.rudsak.com/,,,NON_RESOLUE,aucun ATS détecté sur le site
rinascente,http://www.rinascente.it/,,,NON_RESOLUE,site en erreur au probe
snors,https://www.snors-shoefriends.com/,,,NON_RESOLUE,aucun ATS détecté sur le site
simple alchemy co,http://simplealchemyco.com/,,,NON_RESOLUE,aucun ATS détecté sur le site
sika'a,https://www.sikaa.com/,,,NON_RESOLUE,aucun ATS détecté sur le site
premiata,https://www.premiata.it/,,,NON_RESOLUE,aucun ATS détecté sur le site
stevenson overall co.,https://soc-la.com/,,,NON_RESOLUE,aucun ATS détecté sur le site
s.t. dupont,http://www.st-dupont.com/,,,NON_RESOLUE,aucun ATS détecté sur le site
rossignol,https://www.rossignol.com/,,,NON_RESOLUE,aucun ATS détecté sur le site
stafford,https://www.jcpenney.com/,,,NON_RESOLUE,aucun ATS détecté sur le site
red queen cosmetics,https://redqueencosmetics.com/,,,NON_RESOLUE,aucun ATS détecté sur le site
robe di kappa,https://www.robedikappa.com/,,,NON_RESOLUE,aucun ATS détecté sur le site
reyn spooner,https://www.reynspooner.com/,,,NON_RESOLUE,aucun ATS détecté sur le site
swiss,https://www.swiss.com.pl/,,,NON_RESOLUE,aucun ATS détecté sur le site
rue21,https://www.rue21.com/,,,NON_RESOLUE,aucun ATS détecté sur le site
sportmax,https://us.sportmax.com/,,,NON_RESOLUE,site en erreur au probe
sanki,https://www.fi-sanki.co.jp/,,,NON_RESOLUE,aucun ATS détecté sur le site
recycled karma,https://recycledkarmabrands.com/,,,NON_RESOLUE,aucun ATS détecté sur le site
silkenn,https://www.silkennco.com/,,,NON_RESOLUE,aucun ATS détecté sur le site
tailored & originals,https://www.tailoredoriginals.com/en-en,,,NON_RESOLUE,aucun ATS détecté sur le site
smarteyes,https://www.smarteyes.se/,,,NON_RESOLUE,aucun ATS détecté sur le site
seiko,https://www.seiko.co.jp/,,,NON_RESOLUE,aucun ATS détecté sur le site
s.oliver,https://www.soliver.eu/,,,NON_RESOLUE,aucun ATS détecté sur le site
sun diego,https://sundiego.com/,,,NON_RESOLUE,aucun ATS détecté sur le site
reistor,https://reistor.in/,,,NON_RESOLUE,aucun ATS détecté sur le site
sixton london,https://sixton.london/,,,NON_RESOLUE,aucun ATS détecté sur le site
mr. blue,https://mrblue.pt/,,,NON_RESOLUE,aucun ATS détecté sur le site
saie beauty,http://saiehello.com/,,,NON_RESOLUE,aucun ATS détecté sur le site
sinéad o’dwyer,https://sineadodwyer.com/,,,NON_RESOLUE,aucun ATS détecté sur le site
styleworks inc.,https://www.styleworks.co.jp/,,,NON_RESOLUE,aucun ATS détecté sur le site
rumisu,https://international.rumisu.com/,,,NON_RESOLUE,aucun ATS détecté sur le site
solstice kids,https://www.solsticekids.com/,,,NON_RESOLUE,aucun ATS détecté sur le site
sarlini,https://www.sarlini.com/,,,NON_RESOLUE,aucun ATS détecté sur le site
müsli,https://www.greencottongroup.com/,,,NON_RESOLUE,aucun ATS détecté sur le site
ourside,https://www.ourside.nyc/,,,NON_RESOLUE,aucun ATS détecté sur le site
ruby rose & co.,http://www.rrcandleco.com/,,,NON_RESOLUE,aucun ATS détecté sur le site
subtle shoes,https://www.subtle-shoes.com/en/,,,NON_RESOLUE,site en erreur au probe
refan,https://www.refan.bg/,,,NON_RESOLUE,aucun ATS détecté sur le site
soap distillery,http://www.soapdistillery.com/,,,NON_RESOLUE,aucun ATS détecté sur le site
r+color,http://www.randco.com/randcolor,,,NON_RESOLUE,aucun ATS détecté sur le site
sunday routine,http://www.sundayroutineskin.com/,,,NON_RESOLUE,aucun ATS détecté sur le site
saba,https://www.saba.com.au/,,,NON_RESOLUE,aucun ATS détecté sur le site
organique by himalaya,http://himalayausa.com/,,,NON_RESOLUE,site en erreur au probe
sinerji,https://www.sinerji.com.au/,,,NON_RESOLUE,aucun ATS détecté sur le site
saint club,http://thesaint.club/,,,NON_RESOLUE,aucun ATS détecté sur le site
skin balance,http://example.com/,,,NON_RESOLUE,aucun ATS détecté sur le site
tote&carry,https://www.totencarry.com/,,,NON_RESOLUE,aucun ATS détecté sur le site
supervista,https://www.brillen.de/,,,NON_RESOLUE,aucun ATS détecté sur le site
reserveage beauty,https://reserveage.tlcchealth.com/,,,NON_RESOLUE,aucun ATS détecté sur le site
solluna by kimberly snyder,http://www.mysolluna.com/,,,NON_RESOLUE,site en erreur au probe
samantha pleet,https://samanthapleet.com/,,,NON_RESOLUE,aucun ATS détecté sur le site
tanuki denim,https://www.tanukijapan.com/,,,NON_RESOLUE,aucun ATS détecté sur le site
rené lezard,http://www.rene-lezard.com/,,,NON_RESOLUE,aucun ATS détecté sur le site
rehab,https://www.rehabfootwear.com/,,,NON_RESOLUE,aucun ATS détecté sur le site
sussan,http://www.sussan.com.au/,,,NON_RESOLUE,aucun ATS détecté sur le site
rombaut,http://www.rombaut.com/,,,NON_RESOLUE,aucun ATS détecté sur le site
reusch,http://www.reusch.com/,,,NON_RESOLUE,aucun ATS détecté sur le site
sou・sou,https://www.sousou.co.jp/,,,NON_RESOLUE,aucun ATS détecté sur le site
otherwise,https://www.otherwise.shop/,,,NON_RESOLUE,aucun ATS détecté sur le site
rohde shoes,https://www.rohde-shoes.com/,,,NON_RESOLUE,aucun ATS détecté sur le site
stripes beauty,http://stripesbeauty.com/,,,NON_RESOLUE,aucun ATS détecté sur le site
sorin,https://sorin.design/,,,NON_RESOLUE,aucun ATS détecté sur le site
soke,http://sokebeauty.com/,,,NON_RESOLUE,aucun ATS détecté sur le site
red card tokyo,http://redcard.tokyo/,,,NON_RESOLUE,aucun ATS détecté sur le site
sperry,https://www.sperry.com/,,,NON_RESOLUE,aucun ATS détecté sur le site
skin reserve,https://www.skinreserve.com/,,,NON_RESOLUE,aucun ATS détecté sur le site
shavestix. by frescabella,http://shavestix.com/,,,NON_RESOLUE,site en erreur au probe
sergent major,https://en.sergent-major.com/,,,NON_RESOLUE,site en erreur au probe
ruby tuesday,http://www.rubytuesday.nl/,,,NON_RESOLUE,aucun ATS détecté sur le site
slvrlake,https://slvrlake-denim.com/,,,NON_RESOLUE,aucun ATS détecté sur le site
printfresh,https://printfresh.com/?oid=249&affid=1&source_id=GoY-rating&sub1=brandpage,,,NON_RESOLUE,site en erreur au probe
sapil,https://sapil.com/,,,NON_RESOLUE,aucun ATS détecté sur le site
spanx,https://www.spanx.com/,,,NON_RESOLUE,aucun ATS détecté sur le site
rossi,https://rossi-fashion.com/,,,NON_RESOLUE,aucun ATS détecté sur le site
solvaderm,https://www.solvadermstore.com/,,,NON_RESOLUE,aucun ATS détecté sur le site
pacific,https://www.tstore.com.my/,,,NON_RESOLUE,site en erreur au probe
seraphine,https://www.seraphine.com/,,,NON_RESOLUE,site en erreur au probe
regarde le ciel,https://www.regardeleciel.com/,,,NON_RESOLUE,aucun ATS détecté sur le site
sportsgirl,https://www.sportsgirl.com.au/,,,NON_RESOLUE,aucun ATS détecté sur le site
sheep inc,https://sheepinc.com/,,,NON_RESOLUE,aucun ATS détecté sur le site
tree of life,https://www.treeoflife.com.au/,,,NON_RESOLUE,site en erreur au probe
riani,https://www.riani.com/,,,NON_RESOLUE,aucun ATS détecté sur le site
n.hoolywood,https://n-hoolywood.com/,,,NON_RESOLUE,aucun ATS détecté sur le site
scapa,http://www.scapaworld.com/,,,NON_RESOLUE,aucun ATS détecté sur le site
rinmo,https://shop.rinmo.jp/,,,NON_RESOLUE,aucun ATS détecté sur le site
sydney brown,https://www.sydney-brown.com/,,,NON_RESOLUE,aucun ATS détecté sur le site
smycka,https://www.smycka.se/,,,NON_RESOLUE,aucun ATS détecté sur le site
pantofola d'oro1886,https://www.pantofoladoro.com/,,,NON_RESOLUE,aucun ATS détecté sur le site
spotty lottie,https://www.spottylottie.co.uk/,,,NON_RESOLUE,aucun ATS détecté sur le site
sly,https://sly.jp/,,,NON_RESOLUE,aucun ATS détecté sur le site
swiss arabian,https://us.swissarabian.com/,,,NON_RESOLUE,aucun ATS détecté sur le site
rentrayage,https://rentrayage.com/,,,NON_RESOLUE,aucun ATS détecté sur le site
renew vintage,https://renewvintage.com/,,,NON_RESOLUE,aucun ATS détecté sur le site
saucony,https://www.saucony.com/,,,NON_RESOLUE,aucun ATS détecté sur le site
oysho,https://www.oysho.com/,,,NON_RESOLUE,site en erreur au probe
shakti shanti,https://shaktishantiyogawear.com/,,,NON_RESOLUE,aucun ATS détecté sur le site
sigikid,https://www.sigikid.de/,,,NON_RESOLUE,aucun ATS détecté sur le site
ripndip,https://ripndipclothing.com/,,,NON_RESOLUE,aucun ATS détecté sur le site
suldn,https://suldn.com/,,,NON_RESOLUE,aucun ATS détecté sur le site
sienna alexander,http://www.siennaalexander.com/,,,NON_RESOLUE,aucun ATS détecté sur le site
sasta,https://sasta.fi/,,,NON_RESOLUE,aucun ATS détecté sur le site
namacheko,https://www.namacheko.com/,,,NON_RESOLUE,aucun ATS détecté sur le site
royal dutch touring club anwb,https://www.anwb.nl/,,,NON_RESOLUE,aucun ATS détecté sur le site
schmückstück,https://www.schmueckstueck.de/,,,NON_RESOLUE,aucun ATS détecté sur le site
samsonite,https://www.samsonite.in/,,,NON_RESOLUE,aucun ATS détecté sur le site
palmes,https://palmes.co/,,,NON_RESOLUE,site en erreur au probe
roberta m.,https://roberta-m.com/,,,NON_RESOLUE,aucun ATS détecté sur le site
summit finish,https://www.summitfinish.co.uk/,,,NON_RESOLUE,aucun ATS détecté sur le site
reverie,http://gmreverie.com/,,,NON_RESOLUE,aucun ATS détecté sur le site
snow+rock,https://www.snowandrock.com/,,,NON_RESOLUE,site en erreur au probe
ruby & rafe,https://rubyandrafe.co.uk/,,,NON_RESOLUE,aucun ATS détecté sur le site
stand studio,https://www.standstudio.com/,,,NON_RESOLUE,aucun ATS détecté sur le site
natalys,https://www.natalys.com/,,,NON_RESOLUE,aucun ATS détecté sur le site
russell athletic,https://www.russellathletic.com/,,,NON_RESOLUE,aucun ATS détecté sur le site
rundholz,https://www.studiorundholz.de/,,,NON_RESOLUE,aucun ATS détecté sur le site
snow peak,https://www.snowpeak.com/,,,NON_RESOLUE,site en erreur au probe
rizos curls,https://rizoscurls.com/,,,NON_RESOLUE,aucun ATS détecté sur le site
simon miller,https://www.simonmillerusa.com/,,,NON_RESOLUE,aucun ATS détecté sur le site
soul kathrine,https://www.soulkathrine.de/,,,NON_RESOLUE,aucun ATS détecté sur le site
skfk,https://www.skfk-ethical-fashion.com/en/,,,NON_RESOLUE,site en erreur au probe
publux,https://daytonajp.com/brands/,,,NON_RESOLUE,aucun ATS détecté sur le site
scorpion bay,https://scorpionbay.com/en,,,NON_RESOLUE,aucun ATS détecté sur le site
parfums de marly,https://parfums-de-marly.com/,,,NON_RESOLUE,site en erreur au probe
takedown sportswear,https://takedownshop.com/,,,NON_RESOLUE,aucun ATS détecté sur le site
ted baker,https://www.tedbaker.com/,,,NON_RESOLUE,site en erreur au probe
s & l gem co,https://www.sandlgemco.com/,,,NON_RESOLUE,aucun ATS détecté sur le site
sans complexe lingerie,https://www.sanscomplexe.com/,,,NON_RESOLUE,site en erreur au probe
sail racing,https://www.sailracing.com/,,,NON_RESOLUE,aucun ATS détecté sur le site
terracotta skincare,https://terracottaskincare.com/,,,NON_RESOLUE,aucun ATS détecté sur le site
swing collections,https://swing-collections.com/,,,NON_RESOLUE,site en erreur au probe
sea'sons,https://seasonsofficial.com/,,,NON_RESOLUE,aucun ATS détecté sur le site
simonetta ravizza,https://www.simonettaravizza.com/,,,NON_RESOLUE,aucun ATS détecté sur le site
purifect by symphony beauty,http://www.symphonybeauty.com/,,,NON_RESOLUE,aucun ATS détecté sur le site
roberto verino,https://www.robertoverino.com/,,,NON_RESOLUE,aucun ATS détecté sur le site
sloggi,https://uk.sloggi.com/,,,NON_RESOLUE,aucun ATS détecté sur le site
siani probiotic body care,https://probioticbodycare.com/,,,NON_RESOLUE,aucun ATS détecté sur le site
ramayana lestari sentosa,http://www.ramayana.co.id/,,,NON_RESOLUE,site en erreur au probe
second female,https://www.secondfemale.dk/,,,NON_RESOLUE,aucun ATS détecté sur le site
the beauty standard,https://klarandco.com/,,,NON_RESOLUE,aucun ATS détecté sur le site
sistine,https://sistinesistine.com/,,,NON_RESOLUE,aucun ATS détecté sur le site
sacred rituel,http://www.sacredrituel.com/,,,NON_RESOLUE,aucun ATS détecté sur le site
soloptical,https://soloptical.net/,,,NON_RESOLUE,aucun ATS détecté sur le site
sophie & eve,https://www.figure8moms.com/d/sophie-and-eve,,,NON_RESOLUE,site en erreur au probe
saboo,https://www.sabooverse.ru/,,,NON_RESOLUE,aucun ATS détecté sur le site
spicer bags,https://www.spicerbags.com/,,,NON_RESOLUE,aucun ATS détecté sur le site
twilfit,https://www.twilfit.se/,,,NON_RESOLUE,aucun ATS détecté sur le site
sarni oro,https://www.sarnioro.it/,,,NON_RESOLUE,site en erreur au probe
strand,https://www.strandbags.co.nz/,,,NON_RESOLUE,aucun ATS détecté sur le site
superrebel,http://www.superrebel.com/gear,,,NON_RESOLUE,aucun ATS détecté sur le site
softshirts,https://softshirts.com/,,,NON_RESOLUE,aucun ATS détecté sur le site
riffle,https://www.riffle.amsterdam/,,,NON_RESOLUE,aucun ATS détecté sur le site
revolve,http://www.revolveclothing.com.au/,,,NON_RESOLUE,site en erreur au probe
scentrite,http://scentrite.com/,,,NON_RESOLUE,aucun ATS détecté sur le site
siwy denim,https://www.siwydenim.com/,,,NON_RESOLUE,aucun ATS détecté sur le site
take me shoes,https://www.takeme.es/,,,NON_RESOLUE,aucun ATS détecté sur le site
sterntaler,https://www.sterntaler.com/,,,NON_RESOLUE,aucun ATS détecté sur le site
rilla go rilla,https://www.rillagorilla.nl/,,,NON_RESOLUE,aucun ATS détecté sur le site
taïla,http://www.tailaskincare.com/,,,NON_RESOLUE,aucun ATS détecté sur le site
sweaty betty,https://www.sweatybetty.com/,,,NON_RESOLUE,aucun ATS détecté sur le site
soror by satasha stephen,https://satashastephen.com/,,,NON_RESOLUE,aucun ATS détecté sur le site
skin resource.md,https://resourceessentialsskincare.com/,,,NON_RESOLUE,aucun ATS détecté sur le site
rodebjer,https://www.rodebjer.com/,,,NON_RESOLUE,site en erreur au probe
rodd & gunn,https://www.roddandgunn.com/,,,NON_RESOLUE,site en erreur au probe
senorita,https://senorita.pk/,,,NON_RESOLUE,aucun ATS détecté sur le site
sprinjene natural mouthwash,https://sprinjene.com/,,,NON_RESOLUE,aucun ATS détecté sur le site
sambori,https://sambori.es/,,,NON_RESOLUE,aucun ATS détecté sur le site
sage stone botanicals,http://www.sagestonebotanicals.com/,,,NON_RESOLUE,aucun ATS détecté sur le site
rosantica,https://www.rosantica.com/,,,NON_RESOLUE,aucun ATS détecté sur le site
neo noir,https://www.neonoir.com/,,,NON_RESOLUE,aucun ATS détecté sur le site
saki sweden,https://www.saki.se/,,,NON_RESOLUE,site en erreur au probe
patta,https://www.patta.nl/,,,NON_RESOLUE,aucun ATS détecté sur le site
tarrow tokyo,https://tarrowtokyo.jp/,,,NON_RESOLUE,aucun ATS détecté sur le site
smitten,https://www.smitten.de/,,,NON_RESOLUE,aucun ATS détecté sur le site
salt way botanicals,https://www.salt-way.com/,,,NON_RESOLUE,aucun ATS détecté sur le site
studio pough luxe,http://www.studiopough.com/,,,NON_RESOLUE,aucun ATS détecté sur le site
rollas jeans,https://rollasjeans.com/au,,,NON_RESOLUE,site en erreur au probe
rosetta getty,https://rosettagetty.com/,,,NON_RESOLUE,aucun ATS détecté sur le site
strellson,https://strellson.com/,,,NON_RESOLUE,aucun ATS détecté sur le site
scye,https://scye.co.jp/,,,NON_RESOLUE,aucun ATS détecté sur le site
silverstick,https://www.silverstick.co.uk/,,,NON_RESOLUE,aucun ATS détecté sur le site
pas de calais,https://www.store.galeriedepop.com/pasdecalais/,,,NON_RESOLUE,site en erreur au probe
re-blue,http://www.re-blue.com/en//,,,NON_RESOLUE,site en erreur au probe
solos smart glasses,https://solosglasses.com/,,,NON_RESOLUE,site en erreur au probe
sevenoneseven,https://www.seven-one-seven.com/,,,NON_RESOLUE,aucun ATS détecté sur le site
t7berlin,https://www.t7berlin.com/,,,NON_RESOLUE,aucun ATS détecté sur le site
seint,https://www.seintofficial.com/,,,NON_RESOLUE,aucun ATS détecté sur le site
suistudio,https://suitsupply.com/en-si/men,,,NON_RESOLUE,aucun ATS détecté sur le site
schaf skin care inc,http://www.schafskincare.com/,,,NON_RESOLUE,aucun ATS détecté sur le site
pedal mafia,https://pedalmafia.cc/,,,NON_RESOLUE,aucun ATS détecté sur le site
pavement,https://www.pavementbrands.com/,,,NON_RESOLUE,aucun ATS détecté sur le site
sas catherine daymard,https://www.daymard.com/,,,NON_RESOLUE,aucun ATS détecté sur le site
specform os,https://specform.pro/,,,NON_RESOLUE,aucun ATS détecté sur le site
the girl habit,http://thegirlhabit.com/,,,NON_RESOLUE,aucun ATS détecté sur le site
tarocash,https://www.tarocash.com.au/nz,,,NON_RESOLUE,aucun ATS détecté sur le site
red-rag women,https://www.red-rag.com/,,,NON_RESOLUE,aucun ATS détecté sur le site
sophie buhai,https://www.sophiebuhai.com/,,,NON_RESOLUE,aucun ATS détecté sur le site
salt & stone,https://www.saltandstone.com/,,,NON_RESOLUE,site en erreur au probe
spaccio,http://www.spaccio.pt/,,,NON_RESOLUE,aucun ATS détecté sur le site
sky high farm universe,https://skyhighfarmuniverse.com/,,,NON_RESOLUE,aucun ATS détecté sur le site
rthvi,http://rthvi.com/,,,NON_RESOLUE,aucun ATS détecté sur le site
santa barbara polo & racquet club china,https://sbpolo.com/,,,NON_RESOLUE,aucun ATS détecté sur le site
seeker,https://seeker.earth/,,,NON_RESOLUE,aucun ATS détecté sur le site
sock atomica,https://sockatomica.com/en-fr,,,NON_RESOLUE,site en erreur au probe
stüssy,https://www.stussy.com/,,,NON_RESOLUE,aucun ATS détecté sur le site
tape a l'oeil,https://www.t-a-o.com/,,,NON_RESOLUE,site en erreur au probe
rooptokyo,https://rooptokyo.com/,,,NON_RESOLUE,aucun ATS détecté sur le site
sakoshe,https://sakoshebypaty.com/,,,NON_RESOLUE,aucun ATS détecté sur le site
ratio et motus,https://www.ratioetmotus.com/,,,NON_RESOLUE,aucun ATS détecté sur le site
solavida,http://solavida.com/,,,NON_RESOLUE,aucun ATS détecté sur le site
sani optik,https://www.sanioptik.rs/,,,NON_RESOLUE,aucun ATS détecté sur le site
ted louise,https://tedlouise.com/,,,NON_RESOLUE,aucun ATS détecté sur le site
rvca,https://www.rvca.com/,,,NON_RESOLUE,aucun ATS détecté sur le site
sandburgritter®,http://www.sandburgritter.shop/,,,NON_RESOLUE,aucun ATS détecté sur le site
smrk,http://www.smrkwrld.com/,,,NON_RESOLUE,aucun ATS détecté sur le site
sashapure,https://sashapurebeauty.com/,,,NON_RESOLUE,aucun ATS détecté sur le site
rototo,https://www.rototo.jp/collections/all,,,NON_RESOLUE,aucun ATS détecté sur le site
serena uziyel,https://www.serenauziyel.us/,,,NON_RESOLUE,aucun ATS détecté sur le site
nicholas kirkwood,http://www.nicholaskirkwood.com/,,,NON_RESOLUE,aucun ATS détecté sur le site
peony,https://www.peonyswimwear.com/,,,NON_RESOLUE,aucun ATS détecté sur le site
sherri hill  inc.,https://www.sherrihill.com/,,,NON_RESOLUE,aucun ATS détecté sur le site
rebels refinery,http://rebelsrefinery.com/,,,NON_RESOLUE,aucun ATS détecté sur le site
perfect accent,https://perfectaccent.com/,,,NON_RESOLUE,aucun ATS détecté sur le site
sepehr maghsoudi,https://sepehrmaghsoudi.com/,,,NON_RESOLUE,aucun ATS détecté sur le site
the smash society,https://thesmashsociety.com/,,,NON_RESOLUE,aucun ATS détecté sur le site
renzo costa,https://www.renzocosta.com/,,,NON_RESOLUE,aucun ATS détecté sur le site
runway catalog,https://www.runwaycatalog.com/,,,NON_RESOLUE,aucun ATS détecté sur le site
sport 24,https://www.sport24.dk/,,,NON_RESOLUE,site en erreur au probe
tekkie town,https://tekkietown.co.za/,,,NON_RESOLUE,aucun ATS détecté sur le site
tag socks,https://tagsocks.com/,,,NON_RESOLUE,aucun ATS détecté sur le site
sanikai,https://www.sanikai.com/,,,NON_RESOLUE,aucun ATS détecté sur le site
swimm,https://www.swimmwear.com.au/,,,NON_RESOLUE,aucun ATS détecté sur le site
talia collins,https://taliacollins.co.uk/,,,NON_RESOLUE,aucun ATS détecté sur le site
scent fill,https://scentfill.com/,,,NON_RESOLUE,aucun ATS détecté sur le site
shakti.ism,https://shaktiism.com/,,,NON_RESOLUE,aucun ATS détecté sur le site
safal kids,https://safalkids.ee/,,,NON_RESOLUE,aucun ATS détecté sur le site
sea barrier,https://www.seabarrier.it/,,,NON_RESOLUE,aucun ATS détecté sur le site
perroy,https://perroyparfum.com/,,,NON_RESOLUE,aucun ATS détecté sur le site
scottsdale belt company,https://azbelt.com/,,,NON_RESOLUE,aucun ATS détecté sur le site
sukkhacitta,https://www.sukkhacitta.com/?oid=275&affid=1&source_id=GoY-rating&sub1=brandpage,,,NON_RESOLUE,aucun ATS détecté sur le site
reykjavik raincoats,https://www.reykjavikraincoats.com/,,,NON_RESOLUE,aucun ATS détecté sur le site
steve o smith,https://steveosmith.com/,,,NON_RESOLUE,aucun ATS détecté sur le site
rogers & hollands jewelers,https://www.rogersandhollands.com/,,,NON_RESOLUE,aucun ATS détecté sur le site
sarca,https://ancutasarca.com/collections,,,NON_RESOLUE,site en erreur au probe
rue santé,http://www.ruesante.com/,,,NON_RESOLUE,aucun ATS détecté sur le site
sacai,https://www.sacai.jp/,,,NON_RESOLUE,aucun ATS détecté sur le site
rowan,https://forrowan.com/,,,NON_RESOLUE,aucun ATS détecté sur le site
ultima ii,http://www.ultimaii.com/,,,NON_RESOLUE,aucun ATS détecté sur le site
sardine clothing company,https://sardineclothing.com/,,,NON_RESOLUE,aucun ATS détecté sur le site
sara tamimi,https://saratamimi.com/,,,NON_RESOLUE,aucun ATS détecté sur le site
scalpers,https://scalperscompany.com/,,,NON_RESOLUE,aucun ATS détecté sur le site
st. claire natúrals,https://stclairenaturaljelly.com/,,,NON_RESOLUE,aucun ATS détecté sur le site
suntegrity skincare,http://www.suntegrityskincare.com/,,,NON_RESOLUE,aucun ATS détecté sur le site
salitaire,https://salitaire.com/,,,NON_RESOLUE,aucun ATS détecté sur le site
socksss,https://www.socksss.com/,,,NON_RESOLUE,aucun ATS détecté sur le site
roovia,https://roovia.com/,,,NON_RESOLUE,aucun ATS détecté sur le site
seductive,https://seductive-pants.com/,,,NON_RESOLUE,aucun ATS détecté sur le site
rini,https://heyrini.com/,,,NON_RESOLUE,aucun ATS détecté sur le site
ruhe,https://ruhestore.co.uk/,,,NON_RESOLUE,aucun ATS détecté sur le site
swear,https://www.swear-london.com/,,,NON_RESOLUE,aucun ATS détecté sur le site
scamp & dude,https://scampanddude.com/,,,NON_RESOLUE,aucun ATS détecté sur le site
sportsmans warehouse,https://www.sportsmanswarehouse.co.za/,,,NON_RESOLUE,aucun ATS détecté sur le site
refresh botanicals,https://refreshbotanicals.com/,,,NON_RESOLUE,aucun ATS détecté sur le site
sandra smith,https://shopsandrasmith.com/,,,NON_RESOLUE,aucun ATS détecté sur le site
sehen!wutscher,https://wutscher.com/,,,NON_RESOLUE,aucun ATS détecté sur le site
shirts of cotton,https://mouwlengte7.com/collections/shirtsofcotton-t-shirts,,,NON_RESOLUE,aucun ATS détecté sur le site
tessita,https://tessita.com/,,,NON_RESOLUE,aucun ATS détecté sur le site
nine to five,https://www.ninetofive.biz/de/,,,NON_RESOLUE,aucun ATS détecté sur le site
une nuit nomade,https://www.unenuitnomade.fr/,,,NON_RESOLUE,aucun ATS détecté sur le site
pinalli,https://www.pinalli.it/,,,NON_RESOLUE,aucun ATS détecté sur le site
tandhem neurocosmetics,https://tandhemneurocosmetics.com/,,,NON_RESOLUE,site en erreur au probe
sold out nyc,https://soldout.nyc/,,,NON_RESOLUE,aucun ATS détecté sur le site
sunniemade,http://www.sunniemade.com/,,,NON_RESOLUE,aucun ATS détecté sur le site
pierre cardin,https://pierrecardin.com/,,,NON_RESOLUE,aucun ATS détecté sur le site
selected,https://www.selected.com/,,,NON_RESOLUE,aucun ATS détecté sur le site
the white company,http://www.thewhitecompany.com/,,,NON_RESOLUE,aucun ATS détecté sur le site
string ting,https://stringting.com/,,,NON_RESOLUE,aucun ATS détecté sur le site
scoredraw,https://www.scoredraw.com/,,,NON_RESOLUE,aucun ATS détecté sur le site
shona joy,https://shonajoy.com.au/,,,NON_RESOLUE,site en erreur au probe
standard issue,https://www.standardissue.co.nz/,,,NON_RESOLUE,site en erreur au probe
saxx,https://www.saxxunderwear.com/,,,NON_RESOLUE,site en erreur au probe
teatum jones,https://www.teatumjones.com/,,,NON_RESOLUE,aucun ATS détecté sur le site
sijo,https://sijohome.com/,,,NON_RESOLUE,aucun ATS détecté sur le site
telic japan,https://telic.jp/,,,NON_RESOLUE,site en erreur au probe
seea,https://www.theseea.com/,,,NON_RESOLUE,aucun ATS détecté sur le site
thisisneverthat,https://thisisneverthat.com/,,,NON_RESOLUE,aucun ATS détecté sur le site
robeez,https://robeez.com/,,,NON_RESOLUE,site en erreur au probe
stephanie chehade,https://stephaniechehade.com.au/,,,NON_RESOLUE,aucun ATS détecté sur le site
the bonnie mob,https://www.thebonniemob.com/,,,NON_RESOLUE,site en erreur au probe
sonni,http://www.sonniskin.com/,,,NON_RESOLUE,aucun ATS détecté sur le site
sarah regensburger,https://sarahregensburger.co.uk/,,,NON_RESOLUE,aucun ATS détecté sur le site
secchiari,https://www.secchiariboots.com/,,,NON_RESOLUE,aucun ATS détecté sur le site
t.j. maxx,https://www.tjmaxx.com/,,,NON_RESOLUE,aucun ATS détecté sur le site
seche,http://seche.com/,,,NON_RESOLUE,aucun ATS détecté sur le site
stein,https://ssstein.com/,,,NON_RESOLUE,aucun ATS détecté sur le site
schuback parfümerien,https://www.schuback-parfuemerien.de/,,,NON_RESOLUE,aucun ATS détecté sur le site
serge pariente,https://www.sergepariente.com/,,,NON_RESOLUE,aucun ATS détecté sur le site
róhe,https://roheframes.com/,,,NON_RESOLUE,aucun ATS détecté sur le site
siawear,https://siawear.com/,,,NON_RESOLUE,site en erreur au probe
rosana expósito,https://www.rosanaexposito.com/,,,NON_RESOLUE,aucun ATS détecté sur le site
sapopa,https://www.sapopa.com/,,,NON_RESOLUE,aucun ATS détecté sur le site
stutterheim,https://stutterheim.com/,,,NON_RESOLUE,aucun ATS détecté sur le site
simple plan,https://simpleplanskincare.com/,,,NON_RESOLUE,aucun ATS détecté sur le site
shaina mote,https://shainamote.com/,,,NON_RESOLUE,aucun ATS détecté sur le site
norah,https://www.norah.eu/nl/,,,NON_RESOLUE,aucun ATS détecté sur le site
saint jacques,https://bettybarclay.com/,,,NON_RESOLUE,aucun ATS détecté sur le site
seamsfriendly,https://seamsfriendly.com/?oid=278&affid=1&source_id=GoY-rating&sub1=brandpage,,,NON_RESOLUE,aucun ATS détecté sur le site
stall mates wipes,https://matesproducts.com/,,,NON_RESOLUE,aucun ATS détecté sur le site
samsøe & samsøe,https://www.samsoe.com/,,,NON_RESOLUE,aucun ATS détecté sur le site
saks fifth avenue flagship store,https://www.saksfifthavenue.com/locations/s/newyork,,,NON_RESOLUE,site en erreur au probe
pitusa,https://pitusa.co/,,,NON_RESOLUE,aucun ATS détecté sur le site
the morphbag by gsk,https://www.themorphbag.london/,,,NON_RESOLUE,aucun ATS détecté sur le site
skechers,https://www.skechers.com/,,,NON_RESOLUE,aucun ATS détecté sur le site
the celect,https://thecelect.com/,,,NON_RESOLUE,aucun ATS détecté sur le site
piperwai natural deodorant,http://www.piperwai.com/,,,NON_RESOLUE,aucun ATS détecté sur le site
sayki,https://www.sayki.com/,,,NON_RESOLUE,aucun ATS détecté sur le site
skinners technologies,https://skinners.cc/,,,NON_RESOLUE,aucun ATS détecté sur le site
sisam,https://sisam.jp/,,,NON_RESOLUE,site en erreur au probe
stolen girlfriends club,https://stolengirlfriendsclub.com/,,,NON_RESOLUE,aucun ATS détecté sur le site
spa organica,http://www.spa-organica.com/,,,NON_RESOLUE,aucun ATS détecté sur le site
nourish organics,https://www.nourishorganic.com/,,,NON_RESOLUE,aucun ATS détecté sur le site
steffen schraut,https://www.steffenschraut.com/,,,NON_RESOLUE,site en erreur au probe
the blue rabbit house,https://www.thebluerabbithouse.com/,,,NON_RESOLUE,aucun ATS détecté sur le site
saaf body,http://www.saafbody.com/,,,NON_RESOLUE,aucun ATS détecté sur le site
svar media network,https://svarmedia.com/,,,NON_RESOLUE,aucun ATS détecté sur le site
sancho's,https://sanchosshop.com/,,,NON_RESOLUE,aucun ATS détecté sur le site
shangri-la heritage,https://shangrilaheritage.it/,,,NON_RESOLUE,aucun ATS détecté sur le site
semsem,https://www.semsem.com/,,,NON_RESOLUE,aucun ATS détecté sur le site
résumé,https://www.resumecph.dk/,,,NON_RESOLUE,aucun ATS détecté sur le site
sauths,https://sauths.com/,,,NON_RESOLUE,aucun ATS détecté sur le site
southern butter,http://southernbutter.com/,,,NON_RESOLUE,aucun ATS détecté sur le site
spirit of kings,https://thespiritofkings.com/,,,NON_RESOLUE,aucun ATS détecté sur le site
the honu shirt company,https://www.thehonushirtcompany.org/,,,NON_RESOLUE,aucun ATS détecté sur le site
shockly,https://shockly.it/,,,NON_RESOLUE,aucun ATS détecté sur le site
schneiders,https://www.schneiders.com/,,,NON_RESOLUE,aucun ATS détecté sur le site
silvia tcherassi,https://www.silviatcherassi.com/,,,NON_RESOLUE,aucun ATS détecté sur le site
story of mine,https://www.story-of-mine.com/,,,NON_RESOLUE,aucun ATS détecté sur le site
studio ar,https://studio-ar.nl/,,,NON_RESOLUE,site en erreur au probe
shinyakozuka,https://shinyakozuka.com/,,,NON_RESOLUE,site en erreur au probe
smashed lemon,https://www.smashed-lemon.com/,,,NON_RESOLUE,site en erreur au probe
santoro milan,https://santoromilan.com/,,,NON_RESOLUE,aucun ATS détecté sur le site
the chloelina all natural soap co.,https://www.chloelina.com/,,,NON_RESOLUE,aucun ATS détecté sur le site
tnt,http://www.tntrealife.com/,,,NON_RESOLUE,aucun ATS détecté sur le site
stephen webster,https://www.stephenwebster.com/,,,NON_RESOLUE,site en erreur au probe
strateas carlucci,https://strateascarlucci.com/,,,NON_RESOLUE,aucun ATS détecté sur le site
the frye company,https://www.thefryecompany.com/,,,NON_RESOLUE,aucun ATS détecté sur le site
plush organic skin care,http://www.plushorganicskincare.com/,,,NON_RESOLUE,aucun ATS détecté sur le site
senszio,https://www.senszio.com/,,,NON_RESOLUE,aucun ATS détecté sur le site
rick owens,https://www.rickowens.eu/,,,NON_RESOLUE,site en erreur au probe
semir,https://www.semir.com/,,,NON_RESOLUE,aucun ATS détecté sur le site
planted,http://www.shopplanted.com/,,,NON_RESOLUE,aucun ATS détecté sur le site
schuh-mann,https://www.schuh-mann.de/,,,NON_RESOLUE,aucun ATS détecté sur le site
royal republiq,https://www.royalrepubliq.com/,,,NON_RESOLUE,aucun ATS détecté sur le site
tamaki niime,https://www.niime.jp/,,,NON_RESOLUE,aucun ATS détecté sur le site
syn,https://www.biehler-cycling.com/,,,NON_RESOLUE,aucun ATS détecté sur le site
sapph,https://www.sapph.com/nl/,,,NON_RESOLUE,site en erreur au probe
number (n)ine,https://n-nine.com/,,,NON_RESOLUE,site en erreur au probe
shiels jewellers,http://www.shiels.com.au/,,,NON_RESOLUE,site en erreur au probe
the face shop,http://www.thefaceshop.com/,,,NON_RESOLUE,aucun ATS détecté sur le site
seven18 llc,https://seven18beauty.square.site/,,,NON_RESOLUE,aucun ATS détecté sur le site
urban skin rx,http://www.urbanskinrx.com/,,,NON_RESOLUE,aucun ATS détecté sur le site
tomo & edie,https://tomoandedie.com/,,,NON_RESOLUE,aucun ATS détecté sur le site
sea2see,https://www.sea2see.org/,,,NON_RESOLUE,aucun ATS détecté sur le site
pop my way,https://popmyway.co.uk/?oid=14&affid=1&source_id=GoY-rating&sub1=brandpage,,,NON_RESOLUE,aucun ATS détecté sur le site
sati creation,https://saticreation.com/,,,NON_RESOLUE,aucun ATS détecté sur le site
st. agni,https://www.st-agni.com/,,,NON_RESOLUE,site en erreur au probe
seva beauty,https://sevabeauty.com/,,,NON_RESOLUE,aucun ATS détecté sur le site
sagebrush surf bags,https://sagebrushbags.com/,,,NON_RESOLUE,aucun ATS détecté sur le site
tos gallery design,https://www.tosgallery.nl/,,,NON_RESOLUE,aucun ATS détecté sur le site
the leather store,https://www.theleatherstoreuk.com/,,,NON_RESOLUE,aucun ATS détecté sur le site
the short,https://theshortofficial.com/,,,NON_RESOLUE,aucun ATS détecté sur le site
shelalove,https://www.shelalove.com/,,,NON_RESOLUE,aucun ATS détecté sur le site
seis cosmetics,https://www.seiscosmetics.com/,,,NON_RESOLUE,aucun ATS détecté sur le site
talbot runhof,https://www.talbotrunhof.com/,,,NON_RESOLUE,aucun ATS détecté sur le site
sisseledelbo,https://sissel-edelbo.dk/,,,NON_RESOLUE,site en erreur au probe
siedrés,https://www.siedres.com/,,,NON_RESOLUE,site en erreur au probe
stegmann,https://www.gottstein.at/,,,NON_RESOLUE,aucun ATS détecté sur le site
simmi,http://www.simmishoes.com/,,,NON_RESOLUE,aucun ATS détecté sur le site
sunpoint,https://www.sunpoint.de/,,,NON_RESOLUE,aucun ATS détecté sur le site
polly wales,https://pollywales.com/,,,NON_RESOLUE,aucun ATS détecté sur le site
vacheron constantin,https://www.vacheron-constantin.com/,,,NON_RESOLUE,site en erreur au probe
taya beauty,https://tayabeauty.com/,,,NON_RESOLUE,aucun ATS détecté sur le site
soapwalla,http://soapwalla.com/,,,NON_RESOLUE,aucun ATS détecté sur le site
substance,http://www.mattercompany.com/,,,NON_RESOLUE,aucun ATS détecté sur le site
stratia,http://www.stratiaskin.com/,,,NON_RESOLUE,aucun ATS détecté sur le site
the salty dog,https://www.saltydogtshirt.com/,,,NON_RESOLUE,aucun ATS détecté sur le site
schöffel,https://www.schoeffel.com/,,,NON_RESOLUE,aucun ATS détecté sur le site
studio untold,https://www.popken.de/en/popken-fashion-group/b2b,,,NON_RESOLUE,aucun ATS détecté sur le site
scentuals,http://www.scentuals.com/,,,NON_RESOLUE,aucun ATS détecté sur le site
sabrini exclusive diamonds,https://sabrini.ro/,,,NON_RESOLUE,aucun ATS détecté sur le site
spinster sisters co.,http://www.spinstersistersco.com/,,,NON_RESOLUE,site en erreur au probe
thread domain,https://threaddomain.com/,,,NON_RESOLUE,aucun ATS détecté sur le site
shikohin,https://shikohin.com/,,,NON_RESOLUE,aucun ATS détecté sur le site
sdress,https://sdress.com/,,,NON_RESOLUE,aucun ATS détecté sur le site
vatira,http://getvatira.com/,,,NON_RESOLUE,site en erreur au probe
sr active,https://resourceessentialsskincare.com/collections/sr-active,,,NON_RESOLUE,aucun ATS détecté sur le site
shui yun space,http://www.shuiyunspace.com/,,,NON_RESOLUE,aucun ATS détecté sur le site
skinwit,http://skinwit.com/,,,NON_RESOLUE,aucun ATS détecté sur le site
sears,http://www.sears.com/,,,NON_RESOLUE,site en erreur au probe
vermut atelier,https://www.vermutatelier.com/,,,NON_RESOLUE,aucun ATS détecté sur le site
river organics,http://www.riverorganics.org/,,,NON_RESOLUE,aucun ATS détecté sur le site
the new society,https://thenewsocietykids.com/,,,NON_RESOLUE,site en erreur au probe
saltworks,https://seasalt.com/bath-salts,,,NON_RESOLUE,site en erreur au probe
sugarhill brighton,https://www.sugarhillbrighton.com/,,,NON_RESOLUE,aucun ATS détecté sur le site
sol alpaca,https://www.solalpaca.com/,,,NON_RESOLUE,aucun ATS détecté sur le site
trax,https://shop.hairclub.com/,,,NON_RESOLUE,site en erreur au probe
shokay,https://www.shokay.com/,,,NON_RESOLUE,aucun ATS détecté sur le site
stockmann,https://www.stockmann.com/,,,NON_RESOLUE,aucun ATS détecté sur le site
roy robson,https://www.royrobson.com/,,,NON_RESOLUE,aucun ATS détecté sur le site
suit select,https://www.suit-select.com/,,,NON_RESOLUE,aucun ATS détecté sur le site
somebody,http://www.shopsomebody.com/,,,NON_RESOLUE,aucun ATS détecté sur le site
shepherd,https://www.shepherdofsweden.com/,,,NON_RESOLUE,site en erreur au probe
silver mirror skincare,https://shop.silvermirror.com/,,,NON_RESOLUE,aucun ATS détecté sur le site
the grandpa soap company,http://www.grandpasoap.com/,,,NON_RESOLUE,aucun ATS détecté sur le site
seen,https://helloseen.com/index.html,,,NON_RESOLUE,aucun ATS détecté sur le site
trilipiderm,https://trilipiderm.com/,,,NON_RESOLUE,aucun ATS détecté sur le site
ronda,http://www.ronda.ch/,,,NON_RESOLUE,aucun ATS détecté sur le site
prai beauty llc,http://www.praibeauty.com/,,,NON_RESOLUE,aucun ATS détecté sur le site
sundara nails,https://sundaranails.com/,,,NON_RESOLUE,aucun ATS détecté sur le site
svitanak,https://svitanak.by/,,,NON_RESOLUE,aucun ATS détecté sur le site
stefeno hats,https://stefenohats.com/,,,NON_RESOLUE,aucun ATS détecté sur le site
the organic tshirt,https://www.theorganictshirt.com.au/,,,NON_RESOLUE,aucun ATS détecté sur le site
rockport,https://www.rockport.com/,,,NON_RESOLUE,aucun ATS détecté sur le site
susan's soaps & more,https://www.susansoaps.com/,,,NON_RESOLUE,aucun ATS détecté sur le site
smeek,https://smeekoils.com/,,,NON_RESOLUE,aucun ATS détecté sur le site
serendipity 3,http://www.serendipity3.com/,,,NON_RESOLUE,aucun ATS détecté sur le site
sisters + seekers,https://www.sistersandseekers.com/,,,NON_RESOLUE,site en erreur au probe
shoppers world,http://www.shoppersworldusa.com/,,,NON_RESOLUE,site en erreur au probe
the white ribbon,https://www.thewhiteribbon.com/,,,NON_RESOLUE,aucun ATS détecté sur le site
soft moc,https://www.softmoc.com/,,,NON_RESOLUE,aucun ATS détecté sur le site
tiff manuell,https://tiffmanuell.com/,,,NON_RESOLUE,aucun ATS détecté sur le site
self-portrait,https://eu.self-portrait.com/,,,NON_RESOLUE,aucun ATS détecté sur le site
vic matie,https://www.vicmatie.com/,,,NON_RESOLUE,aucun ATS détecté sur le site
seabuck wonders,http://www.seabuckwonders.com/,,,NON_RESOLUE,aucun ATS détecté sur le site
sanita clogs,https://www.sanitaclogs.com/,,,NON_RESOLUE,aucun ATS détecté sur le site
silken favours,https://silkenfavours.com/,,,NON_RESOLUE,aucun ATS détecté sur le site
runners need,https://www.runnersneed.com/,,,NON_RESOLUE,site en erreur au probe
sabina musáyev,https://sabinamusayev.com/,,,NON_RESOLUE,aucun ATS détecté sur le site
suitconcern,https://www.suitconcern.com/,,,NON_RESOLUE,aucun ATS détecté sur le site
soule footwear,https://www.soule.in/,,,NON_RESOLUE,aucun ATS détecté sur le site
sofie schnoor,https://www.sofieschnoor.com/,,,NON_RESOLUE,site en erreur au probe
suzanne kalan,https://suzannekalan.com/,,,NON_RESOLUE,aucun ATS détecté sur le site
silk laundry,https://silklaundry.com.au/,,,NON_RESOLUE,aucun ATS détecté sur le site
stingray international,https://www.stingray.com.au/,,,NON_RESOLUE,aucun ATS détecté sur le site
solidus,https://www.solidus.info/,,,NON_RESOLUE,aucun ATS détecté sur le site
soapymania  inc.,http://soapymania.com/,,,NON_RESOLUE,aucun ATS détecté sur le site
signal,https://signal-clothing.com/,,,NON_RESOLUE,aucun ATS détecté sur le site
solit!,https://solit-japan.com/,,,NON_RESOLUE,aucun ATS détecté sur le site
sergio hudson,https://sergiohudson.com/,,,NON_RESOLUE,aucun ATS détecté sur le site
the sticky sis club,https://www.stickysis.com/,,,NON_RESOLUE,aucun ATS détecté sur le site
sarelly beauty,https://sarelly.com/,,,NON_RESOLUE,aucun ATS détecté sur le site
sela,https://sela.ru/,,,NON_RESOLUE,aucun ATS détecté sur le site
sol angeles,https://www.sol-angeles.com/,,,NON_RESOLUE,aucun ATS détecté sur le site
thompson tee,https://thompsontee.com/,,,NON_RESOLUE,aucun ATS détecté sur le site
pro optik,https://www.prooptik.de/,,,NON_RESOLUE,aucun ATS détecté sur le site
studio anneloes,https://www.studioanneloes.nl/,,,NON_RESOLUE,aucun ATS détecté sur le site
simplified skin,https://simplifiedskin.com/,,,NON_RESOLUE,aucun ATS détecté sur le site
sydney evan,https://sydneyevan.com/,,,NON_RESOLUE,aucun ATS détecté sur le site
sinsay,https://www.sinsay.com/,,,NON_RESOLUE,aucun ATS détecté sur le site
sanborns,https://www.sanborns.com.mx/,,,NON_RESOLUE,site en erreur au probe
spijkers and spijkers,https://www.spijkersenspijkers.nl/,,,NON_RESOLUE,aucun ATS détecté sur le site
sorella organics,https://sorellaorganics.com.au/?oid=27&affid=1&source_id=GoY-rating&sub1=brandpage,,,NON_RESOLUE,aucun ATS détecté sur le site
sheertex,https://www.sheertex.com/,,,NON_RESOLUE,aucun ATS détecté sur le site
pretty ballerinas,https://www.prettyballerinas.com/en/,,,NON_RESOLUE,site en erreur au probe
tiferet aromatherapy,http://www.tiferetonline.com/,,,NON_RESOLUE,site en erreur au probe
take haven,http://takehaven.com/,,,NON_RESOLUE,aucun ATS détecté sur le site
shaktiwali,https://www.shaktiwali.com/,,,NON_RESOLUE,aucun ATS détecté sur le site
siglo xxi,https://www.joyeriasigloxxi.com/,,,NON_RESOLUE,aucun ATS détecté sur le site
sōma sportswear,https://www.somasportswear.com/,,,NON_RESOLUE,aucun ATS détecté sur le site
sincerely yours,http://sincerely-yours.com/,,,NON_RESOLUE,aucun ATS détecté sur le site
skin aesthetics,https://klarandco.com/,,,NON_RESOLUE,aucun ATS détecté sur le site
saints & sinners haircare,https://www.realsaintsandsinners.com/,,,NON_RESOLUE,aucun ATS détecté sur le site
théla,https://thela.eco/?oid=217&affid=1&source_id=GoY-rating&sub1=brandpage,,,NON_RESOLUE,site en erreur au probe
sunski,https://www.sunski.com/,,,NON_RESOLUE,aucun ATS détecté sur le site
tenth,https://www.decimas.com/en-eu/tenth-man,,,NON_RESOLUE,aucun ATS détecté sur le site
three graces,https://threegraceslondon.com/,,,NON_RESOLUE,aucun ATS détecté sur le site
sinar (clothing),http://sinar.ru/,,,NON_RESOLUE,aucun ATS détecté sur le site
takko fashion,https://www.takko.com/,,,NON_RESOLUE,aucun ATS détecté sur le site
sapo all natural,https://www.sapoallnatural.com/,,,NON_RESOLUE,aucun ATS détecté sur le site
tatifurs,https://tatifurs.com/,,,NON_RESOLUE,aucun ATS détecté sur le site
sylvia p sportswear,https://www.sylviap.com.au/,,,NON_RESOLUE,aucun ATS détecté sur le site
smile brilliant,http://www.smilebrilliant.com/,,,NON_RESOLUE,aucun ATS détecté sur le site
studio claudy jongstra,https://claudyjongstra.com/,,,NON_RESOLUE,aucun ATS détecté sur le site
scandinavian edition,https://www.scandinavianedition.com/,,,NON_RESOLUE,aucun ATS détecté sur le site
punt roma,https://www.puntroma.com/,,,NON_RESOLUE,aucun ATS détecté sur le site
tilbea,https://tilbea.com/,,,NON_RESOLUE,aucun ATS détecté sur le site
ten points,https://www.tenpoints.se/,,,NON_RESOLUE,aucun ATS détecté sur le site
sprinter,https://www.sprintersports.com/,,,NON_RESOLUE,aucun ATS détecté sur le site
sleevey wonders,https://sleeveywonders.com/,,,NON_RESOLUE,aucun ATS détecté sur le site
skinbiosis plus,https://skinbiosisplus.com/,,,NON_RESOLUE,site en erreur au probe
to be chic,https://store.sanyo-shokai.co.jp/pages/to_be_chic,,,NON_RESOLUE,aucun ATS détecté sur le site
viveh,https://viveh.com/,,,NON_RESOLUE,site en erreur au probe
sorbino,https://www.sorbino.com/en/,,,NON_RESOLUE,site en erreur au probe
rosy hill organics,http://rosyhillorganics.com/,,,NON_RESOLUE,aucun ATS détecté sur le site
saul nash,https://www.saulnash.co.uk/,,,NON_RESOLUE,aucun ATS détecté sur le site
subdued,https://www.subdued.com/,,,NON_RESOLUE,aucun ATS détecté sur le site
tendance parfums,https://www.tendance-parfums.com/,,,NON_RESOLUE,aucun ATS détecté sur le site
skylar body,https://skylarbody.com/,,,NON_RESOLUE,aucun ATS détecté sur le site
swair,https://www.swairhair.com/,,,NON_RESOLUE,aucun ATS détecté sur le site
samurai punk,https://samuraipunk.com/,,,NON_RESOLUE,aucun ATS détecté sur le site
tutu du monde,https://tutudumonde.me.uk/,,,NON_RESOLUE,aucun ATS détecté sur le site
soulland,https://soulland.com/,,,NON_RESOLUE,aucun ATS détecté sur le site
teia cosmetics,https://teiacosmeticos.com/,,,NON_RESOLUE,aucun ATS détecté sur le site
schoenen torfs,https://www.torfs.be/,,,NON_RESOLUE,aucun ATS détecté sur le site
simply chr,http://www.simplychr.com/,,,NON_RESOLUE,aucun ATS détecté sur le site
shiva's delight,http://www.shivasdelight.com/,,,NON_RESOLUE,aucun ATS détecté sur le site
truself organics,http://www.truselforganics.com/,,,NON_RESOLUE,aucun ATS détecté sur le site
scorett,https://www.scorett.se/,,,NON_RESOLUE,aucun ATS détecté sur le site
skin at work,http://skinatwork.com/,,,NON_RESOLUE,aucun ATS détecté sur le site
vulgartees,https://vulgartees.co/,,,NON_RESOLUE,aucun ATS détecté sur le site
rudolf wöhrl ag,https://www.woehrl.de/,,,NON_RESOLUE,aucun ATS détecté sur le site
saola shoes,https://www.saolashoes.com/,,,NON_RESOLUE,aucun ATS détecté sur le site
serge blanco,https://sergeblanco.com/,,,NON_RESOLUE,aucun ATS détecté sur le site
tj indigo clothing co,https://www.tjindigo.com/,,,NON_RESOLUE,aucun ATS détecté sur le site
sylvi,https://sylvi.in/,,,NON_RESOLUE,aucun ATS détecté sur le site
spingle,https://www.spingle.jp/,,,NON_RESOLUE,aucun ATS détecté sur le site
shabbies amsterdam,https://www.shabbiesamsterdam.com/,,,NON_RESOLUE,site en erreur au probe
tom ripley,https://tom-ripley.com/,,,NON_RESOLUE,site en erreur au probe
six gldn,http://www.sixgldn.com/,,,NON_RESOLUE,aucun ATS détecté sur le site
tervolina,https://tervolina.ru/,,,NON_RESOLUE,aucun ATS détecté sur le site
staple co,https://stapleco.com.au/?oid=394&affid=1&source_id=GoY-rating&sub1=brandpage,,,NON_RESOLUE,aucun ATS détecté sur le site
social catalysts,http://www.socialcatalysts.org/products.php,,,NON_RESOLUE,aucun ATS détecté sur le site
toscane,https://www.toscane-boutique.fr/,,,NON_RESOLUE,aucun ATS détecté sur le site
suncoo,https://www.suncoo-paris.com/en/,,,NON_RESOLUE,aucun ATS détecté sur le site
shimamura,https://www.shimamura.gr.jp/,,,NON_RESOLUE,site en erreur au probe
soapeauty,http://soapeauty.com/,,,NON_RESOLUE,aucun ATS détecté sur le site
smr days,https://www.smrdays.com/,,,NON_RESOLUE,aucun ATS détecté sur le site
thang de hoo,https://thangdehoo.com/,,,NON_RESOLUE,aucun ATS détecté sur le site
tasc,https://www.tascperformance.com/,,,NON_RESOLUE,aucun ATS détecté sur le site
skall studio,https://skallstudio.com/,,,NON_RESOLUE,site en erreur au probe
the andamane,https://theandamane.com/,,,NON_RESOLUE,site en erreur au probe
sibin/linnebjerg,https://www.sibinlinnebjerg.dk/,,,NON_RESOLUE,aucun ATS détecté sur le site
slazenger,https://store.slazenger.com/,,,NON_RESOLUE,site en erreur au probe
pushbutton,https://pushbutton.co.kr/,,,NON_RESOLUE,aucun ATS détecté sur le site
tokyu department store  kichijoji,https://www.tokyu-dept.co.jp/kichijouji/index.html,,,NON_RESOLUE,aucun ATS détecté sur le site
sleeve7,https://mouwlengte7.com/collections/sleeve7-overhemden,,,NON_RESOLUE,aucun ATS détecté sur le site
the celtic ranch,https://celticranch.com/,,,NON_RESOLUE,aucun ATS détecté sur le site
toral,https://toral-shoes.com/stores/nl/,,,NON_RESOLUE,site en erreur au probe
sticky lemon,https://www.stickylemon.nl/,,,NON_RESOLUE,aucun ATS détecté sur le site
snipes,https://www.snipes.fr/,,,NON_RESOLUE,aucun ATS détecté sur le site
sparitual,http://www.sparitual.com/,,,NON_RESOLUE,aucun ATS détecté sur le site
s.marlon,https://www.smarlon.de/,,,NON_RESOLUE,aucun ATS détecté sur le site
tentree,https://www.tentree.com/?oid=134&affid=1&source_id=GoY-rating&sub1=brandpage,,,NON_RESOLUE,site en erreur au probe
seven7 jeans,https://seven7jeans.com/,,,NON_RESOLUE,aucun ATS détecté sur le site
quiz,https://www.quizclothing.co.uk/,,,NON_RESOLUE,aucun ATS détecté sur le site
simclan,https://www.simclan.de/,,,NON_RESOLUE,aucun ATS détecté sur le site
olyanna skincare inc.,http://olyannaskincare.com/,,,NON_RESOLUE,site en erreur au probe
suri frey,https://www.surifrey.com/,,,NON_RESOLUE,aucun ATS détecté sur le site
slowear,https://www.slowear.com/,,,NON_RESOLUE,site en erreur au probe
the ethical silk company,https://www.theethicalsilkco.com/?oid=136&affid=1&source_id=GoY-rating&sub1=brandpage,,,NON_RESOLUE,aucun ATS détecté sur le site
that gorilla brand,https://www.thatgorillabrand.com/,,,NON_RESOLUE,aucun ATS détecté sur le site
stroili,https://www.stroilioro.com/,,,NON_RESOLUE,aucun ATS détecté sur le site
sherida's closet,https://sheridascloset.com/,,,NON_RESOLUE,aucun ATS détecté sur le site
schmidt's,http://schmidts.com/,,,NON_RESOLUE,aucun ATS détecté sur le site
silmäasema,https://www.silmaasema.fi/,,,NON_RESOLUE,aucun ATS détecté sur le site
sea ranch,https://www.searanch.dk/,,,NON_RESOLUE,aucun ATS détecté sur le site
shrimps,https://shrimps.com/,,,NON_RESOLUE,site en erreur au probe
şahinler holding,http://www.sahinlerholding.com.tr/,,,NON_RESOLUE,aucun ATS détecté sur le site
salzen,https://www.salzen.com/,,,NON_RESOLUE,aucun ATS détecté sur le site
sogo yokohama,https://www.sogo-seibu.jp/yokohama/,,,NON_RESOLUE,site en erreur au probe
shkoura,https://shkoura.com/collections,,,NON_RESOLUE,aucun ATS détecté sur le site
sinful hand clothing,https://www.sinfulhand.com/,,,NON_RESOLUE,aucun ATS détecté sur le site
smuggler,https://smuggler.fr/,,,NON_RESOLUE,aucun ATS détecté sur le site
style fashion,https://stylefashion.co.za/,,,NON_RESOLUE,aucun ATS détecté sur le site
solara suncare  inc.,http://www.solarasuncare.com/,,,NON_RESOLUE,aucun ATS détecté sur le site
switer,https://www.switer.com.tw/,,,NON_RESOLUE,aucun ATS détecté sur le site
sulwhasoo,https://www.sulwhasoo.com/kr/ko/,,,NON_RESOLUE,aucun ATS détecté sur le site
the arabiyat,https://thearabiyat.com/,,,NON_RESOLUE,aucun ATS détecté sur le site
ragyard,https://www.ragyard.com/,,,NON_RESOLUE,aucun ATS détecté sur le site
soul flower,https://www.soul-flower.com/,,,NON_RESOLUE,aucun ATS détecté sur le site
temperley london,https://www.temperleylondon.com/,,,NON_RESOLUE,aucun ATS détecté sur le site
soft surroundings,https://www.softsurroundings.com/,,,NON_RESOLUE,aucun ATS détecté sur le site
shola branson,https://sholabranson.com/,,,NON_RESOLUE,aucun ATS détecté sur le site
state of disarray,https://stateofdisarray.co.uk/,,,NON_RESOLUE,aucun ATS détecté sur le site
snö of sweden,https://www.snoofsweden.com/,,,NON_RESOLUE,aucun ATS détecté sur le site
solluni,http://www.solluni.com/,,,NON_RESOLUE,aucun ATS détecté sur le site
the diamond ring co,https://www.thediamondring.com/,,,NON_RESOLUE,aucun ATS détecté sur le site
stadium,https://www.stadium.se/,,,NON_RESOLUE,site en erreur au probe
snapper rock,https://snapperrock.com/,,,NON_RESOLUE,site en erreur au probe
sister,https://sisterthebrand.com/,,,NON_RESOLUE,aucun ATS détecté sur le site
seabass,http://seabass-official.com/,,,NON_RESOLUE,site en erreur au probe
skin,https://skinworldwide.com/,,,NON_RESOLUE,aucun ATS détecté sur le site
the fable,https://www.thefable.com.au/,,,NON_RESOLUE,aucun ATS détecté sur le site
talco,https://www.talco.eu/,,,NON_RESOLUE,aucun ATS détecté sur le site
softclox,https://www.softclox.com/,,,NON_RESOLUE,aucun ATS détecté sur le site
soldini,https://calzaturificiosoldini.com/,,,NON_RESOLUE,aucun ATS détecté sur le site
sanrio,https://www.sanrio.com/,,,NON_RESOLUE,aucun ATS détecté sur le site
triarchy,https://triarchy.com/,,,NON_RESOLUE,aucun ATS détecté sur le site
stieglitz,https://stieglitz.nl/,,,NON_RESOLUE,aucun ATS détecté sur le site
the kaatn trail,https://thekaatntrail.com/,,,NON_RESOLUE,aucun ATS détecté sur le site
skins,https://www.skins.nl/,,,NON_RESOLUE,aucun ATS détecté sur le site
sidas,https://www.sidas.com/,,,NON_RESOLUE,aucun ATS détecté sur le site
sorevna,http://www.sorevna.com/,,,NON_RESOLUE,aucun ATS détecté sur le site
sofiacashmere,https://www.sofiacashmere.com/,,,NON_RESOLUE,aucun ATS détecté sur le site
spica organics,https://spicaorganics.com/,,,NON_RESOLUE,aucun ATS détecté sur le site
the dudes factory,https://www.dudes-factory.com/,,,NON_RESOLUE,aucun ATS détecté sur le site
songshanmiandian,http://ssmd.cn/,,,NON_RESOLUE,site en erreur au probe
smackers,https://www.lipsmacker.com/,,,NON_RESOLUE,aucun ATS détecté sur le site
strøm,https://strom-clothing.com/,,,NON_RESOLUE,aucun ATS détecté sur le site
rawness natural beauty products,http://www.rawnessbeauty.com/,,,NON_RESOLUE,aucun ATS détecté sur le site
solid & striped,https://www.solidandstriped.com/,,,NON_RESOLUE,aucun ATS détecté sur le site
sparx underwear,https://sparxunderwear.com.au/,,,NON_RESOLUE,aucun ATS détecté sur le site
sun holding company,http://www.suntekstil.com.tr/,,,NON_RESOLUE,aucun ATS détecté sur le site
tadashi shoji,https://www.tadashishoji.com/,,,NON_RESOLUE,aucun ATS détecté sur le site
the korner,https://www.thekorner.fr/,,,NON_RESOLUE,aucun ATS détecté sur le site
sofia godinho,https://www.sofiagodinho.com/,,,NON_RESOLUE,site en erreur au probe
orsay,https://www.orsay.com/,,,NON_RESOLUE,aucun ATS détecté sur le site
story mfg.,https://www.storymfg.com/,,,NON_RESOLUE,site en erreur au probe
ordifen,https://www.cosmo-lady.com.hk/c/brand_ordifen.php,,,NON_RESOLUE,site en erreur au probe
springfield,https://myspringfield.com/,,,NON_RESOLUE,aucun ATS détecté sur le site
trillion skincare,http://www.trillionskincare.com/,,,NON_RESOLUE,aucun ATS détecté sur le site
trapstar,https://uk.trapstarlondon.com/,,,NON_RESOLUE,aucun ATS détecté sur le site
the project garments,https://www.theprojectgarments.com/,,,NON_RESOLUE,aucun ATS détecté sur le site
smileactives,http://smileactives.com/,,,NON_RESOLUE,aucun ATS détecté sur le site
simi sk beauty,https://www.simibeautysk.com/,,,NON_RESOLUE,aucun ATS détecté sur le site
sophie bille brahe,https://sophiebillebrahe.com/,,,NON_RESOLUE,aucun ATS détecté sur le site
stanton optical,https://www.stantonoptical.com/,,,NON_RESOLUE,aucun ATS détecté sur le site
the ordinary,https://theordinary.com/en-de,,,NON_RESOLUE,site en erreur au probe
tenerita,https://www.tenerita.com/shop/default.aspx,,,NON_RESOLUE,aucun ATS détecté sur le site
truskin naturals,http://truskin.com/,,,NON_RESOLUE,aucun ATS détecté sur le site
true religion,https://www.truereligion.com/,,,NON_RESOLUE,aucun ATS détecté sur le site
sugarbearpro,https://sugarbearpro.com/,,,NON_RESOLUE,aucun ATS détecté sur le site
the 7 virtues,https://the7virtues.com/,,,NON_RESOLUE,aucun ATS détecté sur le site
sister organics,https://www.sisterorganics.co.uk/,,,NON_RESOLUE,aucun ATS détecté sur le site
the sak,https://www.thesak.com/,,,NON_RESOLUE,aucun ATS détecté sur le site
the turkish towel company,https://turkishtowelcompany.com/product-category/towels/organic/,,,NON_RESOLUE,aucun ATS détecté sur le site
the clothed,https://www.theclothed.com/,,,NON_RESOLUE,site en erreur au probe
the hub,https://hub.co.za/,,,NON_RESOLUE,aucun ATS détecté sur le site
sequoia,http://www.sequoiaparis.com/,,,NON_RESOLUE,aucun ATS détecté sur le site
sekonda,http://www.sekonda.co.uk/,,,NON_RESOLUE,site en erreur au probe
the quartermaster,https://www.thequartermaster.it/,,,NON_RESOLUE,aucun ATS détecté sur le site
sarah flint,https://www.sarahflint.com/,,,NON_RESOLUE,aucun ATS détecté sur le site
simply grey,https://www.simplygreylife.com/,,,NON_RESOLUE,aucun ATS détecté sur le site
sorbas,https://sorbasshoes.com/,,,NON_RESOLUE,aucun ATS détecté sur le site
sami miro vintage,https://samimirovintage.com/,,,NON_RESOLUE,aucun ATS détecté sur le site
the sting,https://www.thesting.com/,,,NON_RESOLUE,aucun ATS détecté sur le site
snurk,https://www.snurkamsterdam.com/,,,NON_RESOLUE,aucun ATS détecté sur le site
solid,https://www.solidmen.com/,,,NON_RESOLUE,aucun ATS détecté sur le site
sol bar,https://soleau-store.com/?_atid=IJAAAYO7AjoehFrL5f6KpPzqjIzSxu,,,NON_RESOLUE,aucun ATS détecté sur le site
outhorn,https://us.outhorn.com/,,,NON_RESOLUE,site en erreur au probe
spearmintlove,https://spearmintlove.com/,,,NON_RESOLUE,site en erreur au probe
the pearl source,https://www.thepearlsource.com/,,,NON_RESOLUE,aucun ATS détecté sur le site
suzanne grae,https://www.suzannegrae.com.au/,,,NON_RESOLUE,aucun ATS détecté sur le site
superga,https://superga.com/,,,NON_RESOLUE,aucun ATS détecté sur le site
soothla,https://www.soothla.com/,,,NON_RESOLUE,aucun ATS détecté sur le site
tobu department store,https://www.tobu-dept.jp/ikebukuro/,,,NON_RESOLUE,site en erreur au probe
thialh,http://www.thialh.com/,,,NON_RESOLUE,aucun ATS détecté sur le site
the unbranded brand,https://theunbrandedbrand.com/,,,NON_RESOLUE,aucun ATS détecté sur le site
shay & blue,https://www.shayandblue.com/,,,NON_RESOLUE,aucun ATS détecté sur le site
teen fashion,https://teenfashionstore.com/,,,NON_RESOLUE,aucun ATS détecté sur le site
skatie,https://www.skatie.es/,,,NON_RESOLUE,aucun ATS détecté sur le site
serge denimes,https://www.sergedenimes.com/,,,NON_RESOLUE,aucun ATS détecté sur le site
santa lolla,https://www.santalolla.com.br/,,,NON_RESOLUE,aucun ATS détecté sur le site
sundry,https://sundryclothing.com/,,,NON_RESOLUE,aucun ATS détecté sur le site
sweer,https://www.swear.com.tw/,,,NON_RESOLUE,aucun ATS détecté sur le site
the statement by sandra claire inc.,http://www.thestatementskincare.com/,,,NON_RESOLUE,aucun ATS détecté sur le site
taranis,https://taraniskids.com/,,,NON_RESOLUE,site en erreur au probe
swiss military hanowa,https://swissmilitary.ch/,,,NON_RESOLUE,aucun ATS détecté sur le site
scaglione,https://scaglione.it/,,,NON_RESOLUE,aucun ATS détecté sur le site
souple luz,https://www.soupleluz.shop/,,,NON_RESOLUE,aucun ATS détecté sur le site
spa de soleil,http://spadesoleil.com/,,,NON_RESOLUE,aucun ATS détecté sur le site
sport vision,https://www.sportvision.group/,,,NON_RESOLUE,site en erreur au probe
st95,https://st95.com/,,,NON_RESOLUE,aucun ATS détecté sur le site
wally's natural,http://wallysnatural.com/,,,NON_RESOLUE,site en erreur au probe
shamballa jewels,https://www.shamballajewels.com/,,,NON_RESOLUE,aucun ATS détecté sur le site
red apple lipstick,https://www.redapplelipstick.com/,,,NON_RESOLUE,aucun ATS détecté sur le site
turo,https://www.turoshop.com/,,,NON_RESOLUE,aucun ATS détecté sur le site
sofia jewelry,https://sofiajewelry.com/,,,NON_RESOLUE,aucun ATS détecté sur le site
terrevera,https://terrevera.com/,,,NON_RESOLUE,aucun ATS détecté sur le site
sylvia toledano,https://www.sylviatoledano.com/,,,NON_RESOLUE,aucun ATS détecté sur le site
sierra trading post,https://www.sierra.com/,,,NON_RESOLUE,aucun ATS détecté sur le site
son de flor,https://sondeflor.com/,,,NON_RESOLUE,aucun ATS détecté sur le site
sass & bide,https://www.sassandbide.com/,,,NON_RESOLUE,aucun ATS détecté sur le site
the body shop,https://www.thebodyshop.com/,,,NON_RESOLUE,aucun ATS détecté sur le site
smells like books,https://smellslikebooks.com/,,,NON_RESOLUE,aucun ATS détecté sur le site
scott barnes cosmetics,https://scottbarnes.com/,,,NON_RESOLUE,aucun ATS détecté sur le site
soon skincare,http://www.soonskincare.com/,,,NON_RESOLUE,aucun ATS détecté sur le site
tutuanna,https://online.tutuanna.jp/shop/,,,NON_RESOLUE,aucun ATS détecté sur le site
suits inc,https://www.suitsinc.com/en/,,,NON_RESOLUE,aucun ATS détecté sur le site
tonn,https://tonn.shop/,,,NON_RESOLUE,aucun ATS détecté sur le site
ulalü,https://ulalue.de/,,,NON_RESOLUE,site en erreur au probe
simone rocha,https://simonerocha.com/,,,NON_RESOLUE,aucun ATS détecté sur le site
spa sense,https://www.amazon.com/Spa-Sense-Plant-Derived-Eucalyptus-Shower/dp/B08N838H88/ref=sr_1_1?crid=2X7GON60DJSV8&keywords=spa+sense&qid=1647470886&sprefix=spa+se%2Caps%2C168&sr=8-1,,,NON_RESOLUE,site en erreur au probe
sneaky steve,https://www.sneakysteve.com/,,,NON_RESOLUE,aucun ATS détecté sur le site
truly lifestyle brand,http://www.trulylifestylebrand.com/,,,NON_RESOLUE,aucun ATS détecté sur le site
taka-q,https://online.taka-q.jp/shop/brand/taka-q/,,,NON_RESOLUE,site en erreur au probe
underground threads,https://undergroundthreads.com/,,,NON_RESOLUE,aucun ATS détecté sur le site
strenesse,http://www.strenesse.com/,,,NON_RESOLUE,aucun ATS détecté sur le site
uchino,https://uchino.shop/,,,NON_RESOLUE,aucun ATS détecté sur le site
wells,https://wells.pt/,,,NON_RESOLUE,aucun ATS détecté sur le site
supermaggie,https://www.supermaggie.com/,,,NON_RESOLUE,aucun ATS détecté sur le site
stéphane humbert lucas,https://stephanehumbertlucas.com/,,,NON_RESOLUE,aucun ATS détecté sur le site
