nom	site	bucket	detail
allan k	https://www.allank.be/	alive	200
& other stories	https://www.stories.com/	blocked	403
'+vision	https://www.masvision.es/	alive	200
allen edmonds	https://www.allenedmonds.com/	blocked	403
allbirds	https://www.allbirds.com/	alive	200
0&1	https://en.0and1.de/	http-dead	404
allen schwartz	https://www.allenschwartz.com/	tls-error	CERT_HAS_EXPIRED
&daughter	https://www.and-daughter.com/	alive	200
all we remember	https://allweremember.com/	alive	200
alkemie	https://www.alkemiejewelry.com/	alive	200
all the wild roses	https://allthewildroses.com/?oid=4&affid=1&source_id=GoY-rating&sub1=brandpage	alive	200
allthingsfi	https://www.allthingsfi.com.au/	dns-dead	NXDOMAIN @1.1.1.1+8.8.8.8
allkind	https://allkind.co.uk/	tls-error	ERR_SSL_TLSV1_ALERT_INTERNAL_ERROR
allmade	https://allmade.com/	alive	200
10 degrees cooler	https://www.10degreescooler.com/shop	alive	200
allylikes	https://www.allylikes.com/	dns-dead	NXDOMAIN @1.1.1.1+8.8.8.8
all my pretties - soap boutique	https://allmypretties.ca/	alive	200
alleyoop	https://meetalleyoop.com/	alive	200
05 studio	https://www.the05studio.com/	http-dead	404
all heart all the time	https://allheartallthetime.com/	alive	200
allegresse 24 karat skincare	http://www.allegressebeauty.com/	blocked	503
all blues	https://allblues.se/	alive	200
'47	https://www.47brand.com/	alive	200
all natural advice	http://www.allnaturaladvice.com/	alive	200
allude	https://allude-cashmere.com/	alive	200
alonpi	https://alonpi.com/	alive	200
all good	https://www.allgoodproducts.com/	alive	200
alpenflüstern	https://www.alpenfluestern.de/	alive	200
allurez	http://www.allurez.com/	blocked	403
ally capellino	https://www.allycapellino.co.uk/	alive	200
0039 italy	http://www.0039italy.com/	alive	200
alpenkaetzle	https://www.alpenkaetzle.de/	alive	200
(di)vision	https://di-vsn.com/	alive	200
alove	https://www.alove.cz/	alive	200
all golden	http://allgolden.com/	alive	200
alpina	https://www.alpinasports.com/	alive	200
alltrueist by maryna	https://www.alltrueist.com/collections/alltrueist-by-maryna	alive	200
1 people	https://1people.com/	alive	200
11 degrees	https://www.11degrees.eu/	alive	200
almahats	https://almahats.com/	alive	200
aloe	https://www.al-oe.fr/	alive	200
all things jill	http://www.allthingsjill.ca/	alive	200
almay	http://www.almay.com/	alive	200
alpha60	https://www.alpha60.com.au/	alive	200
'+1f	https://plus1frame.jp/	alive	200
almgwand	https://www.almgwand.at/	alive	200
100% capri	https://100capri.com/	alive	200
100% pure	http://www.100percentpure.com/	alive	200
100bon	https://www.100bon.com/	alive	200
0711	http://0711tbilisi.com/	alive	200
altar'd state	https://www.altardstate.com/	blocked	403
alo diamonds	https://www.alo.cz/	alive	200
alphatauri	https://alphatauri.com/	alive	200
1017 alyx 9sm	https://www.alyxstudio.com/	http-dead	404
alpenglow	https://shopalpenglowapparel.com/	http-dead	402
alōh	https://www.alobrands.com/	alive	200
alpha organics	http://thealphaorganics.com/	alive	200
23ku	https://23ku-web.jp/	alive	200
alphastyle	https://alphastyle.io/	alive	200
alternative apparel	https://www.alternativeapparel.com/	tls-error	ERR_TLS_CERT_ALTNAME_INVALID
alpine north	https://www.alpinenorth.com/	alive	200
alpaka	https://alpakagear.com/	alive	200
& tread well	http://treadwellnewyork.com/	alive	200
ally fashion	https://www.allyfashion.com/	alive	200
10days	https://www.10dayslifestyle.nl/	alive	200
18.21 man made	https://1821manmade.com/	alive	200
27kids	https://27kids.com.vn/	dns-dead	NXDOMAIN @1.1.1.1+8.8.8.8
altered apparel	https://www.alteredapparelltd.com/	dns-dead	NXDOMAIN @1.1.1.1+8.8.8.8
alo	https://www.aloyoga.com/	alive	200
allen solly	https://www.allensolly.com/	alive	200
1400 below®	http://lasaltco.com/	alive	200
aloisia beauty	http://www.aloisiabeauty.com/	alive	200
altar	https://www.altarpdx.com/	alive	200
1000 welcomes	https://1000-welcomes.com/	alive	200
alpe women shoes	https://www.alpeteam.com/	http-dead	402
24colours	https://www.24colours.de/	alive	200
altra	https://www.altrarunning.com.au/	alive	200
alternative	https://www.alternativeapparel.com/	tls-error	ERR_TLS_CERT_ALTNAME_INVALID
120% lino	https://eu.120percento.com/	alive	200
417 edifice	https://four-one-seven.jp/	alive	200
2eros	https://2eros.com/	alive	200
always give a damn	https://alwaysgiveadamn.com/	alive	200
1083	https://www.1083.fr/	blocked	403
139made	https://www.139made.com/	alive	200
alter ego clothing	https://alteregoclothing.com/	alive	200
10yc	https://10yc.jp/	alive	200
alton lane	https://altonlane.com/	alive	200
337 brand	https://www.337brand.com/	alive	200
19-69	https://nineteen-sixtynine.com/	alive	200
'ôrəbella	https://www.orebella.com/	alive	200
also the bison	https://alsothebison.co.uk/	alive	200
alster vandel	https://alstervandel.com/	http-dead	409
altınbaş	https://www.altinbas.com/	alive	200
alpine swiss	http://alpineswiss.com/	alive	200
amarra	https://www.amarra.com/	alive	200
amaud	https://amaud-store.com/	alive	200
amari amari	https://amariamari.co.uk/	http-dead	402
281z	https://281z.store/	dns-dead	no A/AAAA @1.1.1.1
altamont	http://altamontapparel.com/	alive	200
360cashmere	https://www.360cashmere.com/	alive	200
12 storeez	https://en.12storeez.com/	alive	200
209 mare	https://209mare.com/	alive	200
alter ego	https://alterego-official.com/	alive	200
alpine pro	https://www.alpinepro.cz/	alive	200
4160 tuesdays	https://www.4160tuesdays.com/	alive	200
20to	https://www.katjavangaal.nl/	alive	200
amávia	https://www.amavia.com.br/	dns-dead	NXDOMAIN @1.1.1.1+8.8.8.8
30a	https://30agear.com/	alive	200
ameon	https://ameonskin.com/	alive	200
&co woman	https://www.sust.nl/	alive	200
47 street	https://www.47street.com.ar/	alive	200
alpina žiri	http://www.alpina.si/	alive	200
alpyn	http://www.alpynbeauty.com/	alive	200
altuzarra	https://www.altuzarra.com/	alive	200
ambiletics	https://www.ambiletics.com/	alive	200
alwrld	https://alwrld.com/	alive	200
american apparel inc.	https://www.americanapparel.com/	alive	200
am jewelry	https://angelomoretti.be/	http-dead	404
5 sens inc.	https://www.5sens.co/	alive	200
american eagle outfitters	https://www.ae.com/	alive	200
3rd + fairfax beauty	https://losangelesbrands.com/collections/3rd-fairfax-beauty/	alive	200
3.1 phillip lim	https://www.31philliplim.com/	alive	200
alvaro moreno	https://www.alvaromoreno.com/	alive	200
2xu	https://www.2xu.com/	alive	200
am eyewear	https://ameyewear.com/	alive	200
alter x company	https://alterxco.com/?oid=256&affid=1&source_id=GoY-rating&sub1=brandpage	alive	200
alter made	https://www.altermadeconcept.com/	alive	200
amaca	https://store.sanyo-shokai.co.jp/pages/amaca#?utm_source=GoodOnYou%20App&utm_medium=Referral	alive	200
amber budd skincare	http://www.amberbuddskincare.com/	alive	200
alyce designs	https://alyceparis.com/	alive	200
3 suisses	https://www.3suisses.fr/	alive	200
ambesonne	https://www.ambesonne.com/	alive	200
3rd diadem	https://www.3rd-diadem.com/	alive	200
365 by whole foods market	http://wholefoods.com/	alive	200
alux	https://alux.world/	alive	200
americanas	https://www.americanas.com.br/	alive	200
amelie george bridal	https://www.ameliegeorgebridal.com/	alive	200
amazula	https://amazularesortwear.com/	alive	200
77skin	https://the77skin.com/	alive	200
amadeus	https://www.amadeusbijoux.com/	alive	200
4kinship	https://www.4kinship.com/	alive	200
4ccccees	https://www.4ccccees.com/	alive	200
allbyb	https://www.allbyb.com/	alive	200
2nd day	https://2ndday.com/	alive	200
ammehoela	https://www.ammehoela-kids.nl/	http-dead	404
amenzia	https://amenzia.com/	alive	200
anabel arto	https://anabelarto.pl/	alive	200
alviero martini 1a classe	https://www.alvieromartini.it/eu/	alive	200
ambiorix	https://www.ambiorix.be/	alive	200
45r	https://45r.jp/ja/	alive	200
alto milano	https://www.altomilano.it/	alive	200
ama pure	https://www.ama-pure.com/	alive	200
31 sons de mode	https://31sdm.jp/	alive	200
ana carttori new york	http://etsy.com/shop/anacarttorinewyork	blocked	403
760 skin	https://www.760skin.com/	alive	200
100 thieves	https://100thieves.com/	alive	200
am.a-line	http://amalinecollections.com/	alive	200
amante antwerp	https://amanteantwerp.com/	alive	200
3sixteen	https://www.3sixteen.com/	alive	200
ambitious	https://www.ambitious-brand.com/	alive	200
5.10.15	https://www.51015kids.eu/	alive	200
ambush	https://www.ambushdesign.com/	alive	200
american tourister	https://www.americantourister.com/	alive	200
4th & reckless	https://www.4thandreckless.com/	blocked	403
amina muaddi	https://www.aminamuaddi.com/	alive	200
amala	http://amalabeauty.com/	alive	200
anaak	https://www.anaakcollection.com/	alive	200
american swiss	https://www.americanswiss.co.za/	alive	200
7319	https://www.7319.life/	alive	200
7camicie	https://7camicie.com/	alive	200
anchor & crew	https://www.anchorandcrew.com/	alive	200
4funkyflavours	https://www.4funkyflavours.eu/	blocked	403
anabela chan	https://anabelachan.com/	alive	200
amble outdoors	https://ambleoutdoors.com.au/?oid=250&affid=1&source_id=GoY-rating&sub1=brandpage	alive	200
american apparel	https://americanapparel.com/	alive	200
1121 apothecary	http://www.1121apothecary.com/	blocked	403
99podshop	https://99podshop.co/	dns-dead	NXDOMAIN @1.1.1.1+8.8.8.8
amalgam	http://amalgamofficial.com/	alive	200
america's best contacts & eyeglasses	https://www.americasbest.com/	alive	200
4-rth	https://www.4-rth.com/	alive	200
amirante antica sartoria napoletana	https://www.anticasartorianapoletana.it/sell-online	http-dead	404
amj košile	https://amjkosile.cz/	alive	200
american trench	https://www.americantrench.com/	alive	200
amazing red	https://amazingred.ru/	alive	200
22fashion	http://www.22-fashion.com/	alive	200
andorine	https://www.andorine.com/	alive	200
an an londree	https://www.ananlondree.com/	alive	200
andré	https://www.andre.fr/	alive	200
amika	https://loveamika.com/	alive	200
amouage	http://www.amouage.com/	alive	200
amt.	https://amt-studio.com/?oid=318&affid=1&source_id=GoY-rating&sub1=	alive	200
4711	https://4711.com/	alive	200
anact	https://www.anact.com/	alive	200
anatomie	https://anatomie.com/	alive	200
american eagle	https://www.ae.com/	alive	200
amy c. lund	https://www.aclhandweaver.com/	alive	200
7mil	https://7mil.pl/	alive	200
4kelp™ skincare	http://4kelp.com/	alive	200
amber & june	https://bettybarclay.com/	alive	200
and wander	https://www.andwander.com/	alive	200
anchor me down apparel	https://anchormedown.com/	alive	200
ancient egyptian bath and body elixirs	https://www.ancientegyptianbathandbodyelixirs.com/	alive	200
anderson's belt	https://www.anderson.it/	alive	200
anatoliancraft	https://www.anatolian-craft.com/	alive	200
american freight	https://www.americanfreight.com/	alive	200
anapurna	https://anapurnaequipment.fr/	alive	200
9fashion	https://www.9fashion.pl/	blocked	503
à la luck	https://alaluck.com/	alive	200
3dg jewellery	https://www.3d-gold.hk/	alive	200
2star	https://www.2star.it/en	alive	200
angulus	https://www.angulus.com/	alive	200
amicci	https://amicci.com/	alive	200
ancient secrets	http://www.ancient-secrets.com/	alive	200
5c5v	https://5c5v.co.uk/	alive	200
5eme saison	https://5saison.fr/	alive	200
andreādamo	https://andreaadamo.it/	tls-error	ERR_SSL_TLSV1_ALERT_INTERNAL_ERROR
a a k s	https://www.aaksonline.com/	alive	200
a better mistake	https://shop.abettermistake.com/collections/shop-collection	http-dead	402
andrés sardá	https://www.sardaworld.com/	alive	200
1er arrondissement	https://1er-arrondissement.com/	alive	200
66north	https://66north.com/	alive	200
a. guery	https://www.aguery.com/	alive	200
à l'aise breizh	https://www.alaisebreizh.com/	alive	200
a la maison de provence	https://alamaisondeprovence.com/	alive	200
7plis	https://7plis.fr/	alive	200
a girl's gotta spa!	https://www.agirlsgottaspa.com/	alive	200
altercore	https://altercore.pl/en/	alive	200
amour vert	https://amourvert.com/	alive	200
ancient greek sandals	https://www.ancient-greek-sandals.com/	alive	200
8000kicks	https://www.8000kicks.com/?oid=289&affid=1&source_id=GoY-rating&sub1=brandpage	alive	200
andrea	https://www.andrea.com/	alive	200
andersson bell	https://en.anderssonbell.com/	alive	200
7 for all mankind	https://www.7forallmankind.com/	alive	200
amber goes green	http://ambergoesgreen.ca/accessories-collection/	http-dead	404
a house on the moon	https://ahouseonthemoon.com/	alive	200
amorepacific corporation	https://www.amorepacific.com/	alive	200
9jour	https://9-jour.jp/	alive	200
american jewelry design council	https://ajdc.org/	alive	200
5lakes&mt	https://5lakesmt.com/	dns-dead	no A/AAAA @1.1.1.1
88 rue du rhone	http://88rdr.com/	dns-dead	NXDOMAIN @1.1.1.1+8.8.8.8
anita bilardi	https://www.anitabilardi.com/en/	http-dead	404
anim	https://animliving.com/	alive	200
anerkjendt	https://www.anerkjendt.com/	alive	200
american giant	https://www.american-giant.com/	alive	200
anchal	https://anchalproject.org/	alive	200
angel's paris	https://www.angels-paris.com/	dns-dead	NXDOMAIN @1.1.1.1+8.8.8.8
annà museo	https://annamuseo.com/	alive	200
a.d.s.r	https://www.adsrfoundation.com/top/	http-dead	404
a perfect nomad	https://www.aperfectnomad.com/	alive	200
anna morgun	http://annamorgun.com/	alive	200
7115	https://7115byszeki.com/	alive	200
andré assous	https://andreassous.com/	alive	200
angeleye	https://www.angeleyefashion.com/	alive	200
ania kruk	https://aniakruk.pl/	blocked	503
and less	https://www.shopandless.com/	tls-error	CERT_HAS_EXPIRED
amaia	https://amaiakids.co.uk/	alive	200
angie wood creations	https://angiewoodcreations.com/	alive	200
another tomorrow	https://anothertomorrow.co/?oid=321&affid=1&source_id=GoY-rating&sub1=brandpage	alive	200
andrews	https://www.andrews.bg/	alive	200
amour&luxe	https://amouretluxe.com/	alive	200
ancuta sarca	https://ancutasarca.com/	alive	200
anini	https://www.aninidesigns.com/	alive	200
a fish named fred	https://afishnamedfred.com/	alive	200
andrea montelpare	http://www.andreamontelpare.com/	alive	200
8beaufort.hamburg	https://8beaufort.hamburg/	alive	200
annamariaangelika	https://annamariaangelika.com/	alive	200
anastasia beverly hills	https://www.anastasiabeverlyhills.com/	alive	200
ana sousa	https://www.temperaturaanasousa.com/	blocked	503
aa spontanétextiles	https://www.spontanetextiles.com/	alive	200
ank	https://www.ankjewellery.art/	http-dead	404
3juin	https://3juin.com/	alive	200
a beautiful story	https://www.abeautifulstory.eu/	alive	200
4you	https://www.4you.de/	net-error	ENETUNREACH
8848 altitude	https://www.8848altitude.com/	alive	200
anni	https://annihairwax.com/	alive	200
anonyme	https://anonyme.com/	alive	200
a natural connection	https://anaturalconnection.be/	alive	200
annadiva	https://www.annadiva.nl/	alive	200
abele optik	https://www.abele-optik.de/	alive	200
angie watts	http://www.angiewatts.com/	alive	200
and1	https://www.and1.com/	alive	200
a perfect jane	https://aperfectjane.com/	dns-dead	no A/AAAA @1.1.1.1
à la garçonne	https://alagarconne.com.br/en	http-dead	404
andrew gn	https://www.andrewgn.com/en	alive	200
aaron esh	https://aaronesh.com/	tls-error	ERR_SSL_TLSV1_ALERT_INTERNAL_ERROR
a-dam	https://a-dam.com/	alive	200
anne isabella	https://anneisabella.com/	alive	200
amapô	https://www.amapojeans.com.br/	alive	200
anekdot	https://anekdotboutique.com/?oid=197&affid=1&source_id=GoY-rating&sub1=brandpage	alive	200
angel hold™ styling cream	https://www.emijay.com/	alive	200
andrea marques	https://www.andreamarques.com/	alive	200
a new day	https://www.target.com/	alive	200
6%dokidoki	https://6dokidoki.com/	alive	200
7th heaven	http://www.my7thheaven.com/	alive	200
anthropologie	https://www.anthropologie.com/	blocked	403
abro	https://www.abro.de/	alive	200
anna in bhutan	https://annainbhutan.com/	alive	200
3i	https://3i-store.com/	net-error	UND_ERR_CONNECT_TIMEOUT
9seed	https://9seed.com/	alive	200
anita	https://www.anita.com/	alive	200
angus & coote	https://www.anguscoote.com.au/	alive	200
antagony	https://www.antagony-paris.com/	alive	200
ann kurz	https://www.annkurz.com/	alive	200
a tiny story	http://babyface.eu/	alive	200
anvil brand	https://www.anvilbrand.com/	alive	200
antonelle	https://www.antonelle.fr/	alive	200
anna diamond	https://annadiamond.shop/	alive	200
aquastar	https://aquastar.ch/	alive	200
ansea	https://ansea.co/	alive	200
antoine & lili	https://antoineetlili.com/	alive	200
anna quan	https://annaquan.com/	alive	200
4f	https://4f.ua/	alive	200
abode of snow	https://abodeofsnow.jp/	alive	200
andrea lucy designs	https://andrealucydesigns.com.au/	tls-error	CERT_HAS_EXPIRED
andalou naturals	http://www.andalou.com/	alive	200
anya by vivien	https://anyabyvivien.com/	alive	200
585 zolotoy	https://www.585zolotoy.ru/	alive	200
3quarters	https://3quarters.design/	alive	200
anne hermine	https://www.annehermine.com/	alive	200
angelika jozefczyk	https://angelikajozefczyk.com/	alive	200
anne vest	https://annevest.dk/	alive	200
a.s.adventure	https://www.asadventure.com/nl.html	alive	200
anna und paul	https://annaundpaul.de/	alive	200
anna+nina	https://www.anna-nina.nl/	alive	200
ani-k	https://anikmakeup.com/	alive	200
anchors-n-asteroids	https://www.anchors-n-asteroids.com/	http-dead	404
andrea iyamah	https://www.andreaiyamah.com/	alive	200
a2z beauty	https://www.michaelgiordanointl.com/home	http-dead	404
ameri vintage	https://amerivintage.co.jp/	alive	200
a piece of chic	https://a-piece-of-chic.com/	alive	200
andrea lord	http://andrealordstudio.com/	alive	200
ann demeulemeester	https://www.anndemeulemeester.com/	alive	200
angels	https://www.angels-jeans.de/	alive	200
anko	https://anko.com/	alive	200
absolute new york	https://absolutenewyork.com/	alive	200
angel & rocket	https://www.angelandrocket.com/	alive	200
anokha®	https://www.anokhaskincare.com/	alive	200
animal brain beauty	https://animalbrainbeautyusa.com/	alive	200
annil	https://www.annil.com/	alive	200
a.f. maglieria	https://www.afmaglieria.com/en/	alive	200
apart	https://www.apart-fashion.de/	alive	200
angelstick®	https://www.emijay.com/	alive	200
anjealous	https://anjealous.com/	alive	200
american golf	https://www.americangolf.co.uk/	alive	200
anemos	https://anemosswim.com/	alive	200
a.b.c.l.	https://www.abclgarments.com/	tls-error	CERT_HAS_EXPIRED
anushé pirani	http://anushepirani.in/	alive	200
anja orian	https://www.anjaorian.com/	alive	200
a day's march	https://www.adaysmarch.com/	alive	200
argeville	https://www.argeville.com/	alive	200
anteater	https://anteaterclothing.com/	alive	200
aarikka	https://www.aarikka.fi/	alive	200
ann tuil	https://anntuil.com/	alive	200
a. lange & söhne	https://www.alange-soehne.com/	alive	200
anny nord	https://www.annynord.com/	alive	200
anna field	https://www.zalando.co.uk/anna-field/	alive	200
a.v.v	https://www.avv-web.com/	alive	200
anne fontaine	https://www.annefontaine.com/	alive	200
aquatalia	https://www.aquatalia.com/	alive	200
angelo de lombardi	https://www.angelodelombardiriemen.com/	alive	200
786 cosmetics	https://786cosmetics.com/	alive	200
anse	https://anselinen.com/	dns-dead	NXDOMAIN @1.1.1.1+8.8.8.8
a.i.n	https://www.angeliebe.co.jp/category?chsybrand=56%3Futm_source%3DGoodOnYou+App	alive	200
anaconda	https://www.anacondastores.com/	net-error	redirect count exceeded
abercrombie kids	https://www.abercrombie.com/shop/us/kids	blocked	403
annaut	https://annaut.com/	dns-dead	NXDOMAIN @1.1.1.1+8.8.8.8
a pea in the pod	https://www.apeainthepod.com/	alive	200
anna van toor	https://www.annavantoor.nl/	alive	200
anokhi	https://www.anokhi-collection.com/	alive	200
anna bella	https://annabella.ca/	alive	200
ana alcazar	https://www.a-n-a.com/	alive	200
anya hindmarch	https://eu.anyahindmarch.com/	alive	200
antonello tedde	https://www.antonellotedde.com/	alive	200
aar products	https://aarproductsinc.com/	alive	200
apostle	https://apostleman.co/	alive	200
a&a	https://domjubilerski.aia.pl/	alive	200
accel lifestyle	https://www.accellifestyle.com/	alive	200
another-label	https://another-label.com/	alive	200
8 faces	http://www.8facesbeauty.com/	alive	200
arcina ori	https://arcinaori.com.au/	alive	200
aaiko	https://aaiko.com/	alive	200
a.p.c.	https://www.apc-us.com/	alive	200
ab living essentials	https://www.ablivingessentials.com/	alive	200
anson's	https://www.ansons.de/	blocked	403
anta	https://anta.com/	alive	200
anna walker	https://www.annawalkerlondon.com/	alive	200
a.p. chem	https://apchembeauty.com/	alive	200
a.s.o	https://www.aso.com.tw/	alive	200
aartee maheshwari	https://aarteemaheshwari.com/	alive	200
abby rose skin care	http://www.abbyroseskincare.com/	alive	200
aarre	https://aarrelabel.com/	alive	200
a3 sport	https://www.a3sport.cz/	alive	200
apple bottoms	http://www.drjays.com/content/brand/apple-bottoms.html	alive	200
arntreal	https://www.arntreal.com/	alive	200
another sunday	https://anothersunday.com/	alive	200
access fashion	https://www.accessfashion.gr/	alive	200
andie	https://andieswim.com/	alive	200
about you	https://www.aboutyou.de/	alive	200
anywhere	https://anywhereapparel.com/	alive	200
anthony vincé nail spa	https://www.anthonyvincenailspa.com/	alive	200
andrea maack	https://andreamaack.com/	alive	200
adam	https://www.adamshop.sk/	alive	200
aatise	https://www.aatise.com/	alive	200
anthony's london	https://www.anthonys.cz/	alive	200
another me	https://www.another-me.de/	alive	200
anfield shop	https://www.anfieldshop.com/	alive	200
anotherwoman	https://www.poools.nl/	alive	200
ao76	http://www.ao76.com/	alive	200
abelone wilhelmsen	https://www.abelonewilhelmsen.com/	alive	200
apparel group llc	https://apparelglobal.com/	alive	200
ardell beauty	https://www.ardellshop.com/makeup.html	alive	200
about companions	https://aboutcompanions.com/	alive	200
amendi	https://www.amendi.com/	net-error	UND_ERR_CONNECT_TIMEOUT
aritzia	https://www.aritzia.com/	blocked	403
apparis	https://apparis.com/	alive	200
anthem	https://www.anthem.it/	alive	200
apeel aesthetics naturals	http://www.apeelaesthetics.com/	alive	200
any size	http://www.anysize.cn/	blocked	403
aaron terence hughes	https://aaronterencehughes.co.uk/	alive	200
anglo-italian	https://angloitalian.com/	alive	200
a line	https://alineclothing.com/	alive	200
absolutely natural inc	https://www.absolutely-natural.com/	alive	200
apoterra	https://www.apoterra.com/	alive	200
anspinnen	https://anspinnen.jp/about/	alive	200
antonia zander	https://antoniazander.com/	alive	200
anointment natural skin care inc.	http://www.anointment.ca/	alive	200
aqua natural	http://www.aquanatural.co.uk/	alive	200
apple valley natural soap	https://applevalleynaturalsoap.com/	http-dead	404
a de vivre	https://www.adevivre.jp/	alive	200
artisan-collage	https://artisan-collage.com/	alive	200
ánimus lab	https://animuslb.com/	alive	200
apatchy	https://apatchy.co.uk/	alive	200
aco shoes	https://www.acoshoes.pt/	alive	200
artkatsura	https://artkatsura.com/	alive	200
armani jeans	https://www.armani.com/ru/armanijeans	http-dead	404
aquilae	https://www.aquilaebrand.com/	alive	200
aadnevik	https://aadnevik.com/	alive	200
acaderma	http://www.acaderma.com/	alive	200
anna luchini	https://annaluchini.com/	alive	200
abrand jeans	https://abrandjeans.com/eu	alive	200
accessorize	https://uk.accessorize.com/	alive	200
arbor	https://www.arborcollective.com/	alive	200
aojo	https://www.aojo.com/	alive	200
aran sweater market	https://www.aran.com/	alive	200
abbey essentials	http://www.abbeyessentials.co.uk/	alive	200
ad-lib	https://www.adlibfashion.com/	alive	200
aoki	https://www.aoki-style.com/	alive	200
apuree	https://www.apuree.com/	alive	200
antiform	http://www.antiformonline.co.uk/	alive	200
apollo	https://apollosocks.com/	alive	200
aquazzura	https://www.aquazzura.com/	alive	200
amov	https://www.amovapparel.com/	alive	200
3pommes	https://www.3pommes.com/	timeout	
aob products	http://www.aobproducts.ca/	http-dead	404
ara shoes	https://www.ara-shoes.com/	alive	200
ao skincare	http://aoskincare.com/	blocked	401
antipast	https://www.antipast.jp/	alive	200
asna beauty	https://asnabeauty.com/	alive	200
arma	https://armastore.com/	alive	200
77circa	https://77circa.com/	alive	200
annie hamilton	https://annie-hamilton.com/	alive	200
arielle shoshana	https://www.arielleshoshana.com/	alive	200
arius cosmetics	https://ariuscosmetics.shop/	alive	200
ace of air	http://www.aceofair.com/	alive	200
arivastreetwear	https://arivastreetwear.com/	tls-error	ERR_SSL_SSL/TLS_ALERT_HANDSHAKE_FAILURE
anna montana	https://www.anna-montana.eu/	alive	200
antonio bernardo	https://www.antoniobernardo.com.br/	alive	200
acronym	https://acrnm.com/	alive	200
accessoire diffusion	https://www.accessoire-diffusion.com/	tls-error	ERR_SSL_TLSV1_ALERT_INTERNAL_ERROR
apparel advisors	https://www.appareladvisors.com/	alive	200
any di	https://www.any-di.com/	alive	200
aciae	http://www.aciae.com.au/	alive	200
apposta	https://www.apposta.com/	alive	200
anunfold	https://anunfold.com/	alive	200
andersen-andersen	https://andersen-andersen.com/	alive	200
arch&line	https://arch-and-line.jp/	alive	200
a. roege hove	https://www.aroegehove.dk/	alive	200
acqua di genova	https://www.intercosmawest.it/it/prodotti/acqua-di-genova.html	alive	200
anecdote	https://www.anecdote.nl/	dns-dead	NXDOMAIN @1.1.1.1+8.8.8.8
armand basi	https://armandbasi.com/	alive	200
applied art forms	https://www.appliedartforms.com/	alive	200
adam et ropé	https://www.adametrope.com/	alive	200
adelaide c. ecoage	https://store.adelaidecarta.com/	dns-dead	NXDOMAIN @1.1.1.1+8.8.8.8
anrealage	https://www.anrealage.com/	alive	200
anthea crawford	https://www.antheacrawford.com.au/	alive	200
appalachian growers	http://www.appalachiangrowers.com/	alive	200
a-cords	https://www.a-cords.nl/	alive	200
arpenteur	https://www.arpenteur.fr/en/	http-dead	404
ace & tate	https://www.aceandtate.nl/	alive	200
academy sports + outdoors	https://www.academy.com/	alive	200
aquae jewels	https://www.aquae-jewels.com/	alive	200
aqa	https://www.aqashoes.nl/	alive	200
anitas	https://www.myanitas.com/	alive	200
as colour	https://www.ascolour.co.nz/	alive	200
atelier minimalist	https://atelierminimalist.be/	alive	200
a-cold-wall*	https://a-cold-wall.com/	alive	200
aparso	https://aparso.com/	alive	200
armaf	https://www.armaf.ae/	alive	200
armbnd	https://armbnd.com/	alive	200
aaizél	https://www.aaizel.com/	alive	200
arrels barcelona	https://www.arrelsbarcelona.com/	alive	200
absolutely bear	https://www.absolutelybear.com/	tls-error	CERT_HAS_EXPIRED
archive	https://www.archivestore.co.za/	alive	200
as we are	https://www.asweare.fashion/	alive	200
artemis design co.	https://artemisdesignco.com/	alive	200
aspi	http://aspiskin.com/	alive	200
adj paris	https://www.adjparis.com/	alive	200
apto skincare	https://www.aptoskincare.com/	alive	200
aribella	http://purearibella.com/	alive	200
arcopedico	https://arcopedico.com/en/spring-2021/	http-dead	404
arber	http://arber.ua/	alive	200
antoine et lili	https://fr.antoineetlili.com/	alive	200
arms of andes	https://armsofandes.com/	alive	200
asciari	https://www.asciari.com/	alive	200
6ixty 8ight	https://hk.6ixty8ight.com/	alive	200
apple oak fibre works	https://appleoakfibreworks.com/	alive	200
antonio riva milano	https://antonioriva.com/	alive	200
areté	http://aretebeauty.com/	alive	200
aranyani	https://www.aranyani.com/	alive	200
ace & jig	https://aceandjig.com/?oid=340&affid=1&source_id=GoY-rating&sub1=brandpage	alive	200
arket	https://www.arket.com/	blocked	403
angelrox	https://angelrox.com/	alive	200
articles of society	https://articlesofsociety.com/	http-dead	404
addition elle	http://www.additionelle.com/	alive	200
adele dejak	https://www.adeledejak.com/	alive	200
8 seconds	http://www.8seconds.co.kr/	alive	200
atelier lavoisier	https://www.atelierlavoisier.com/	alive	200
aoure	https://aoure.jp/	alive	200
acler	https://shopacler.com/	alive	200
apothepurity	http://www.apothepurity.com/	alive	200
acarre	http://www.acarre.co/	alive	200
adelante	https://adelanteshoes.com/	alive	200
armando cabral	https://shop.armando-cabral.com/	alive	200
arenart forever	https://arenart.pl/	alive	200
asterwood	https://www.asterwood.co/	alive	200
ash	https://www.ash.com/	alive	200
arilan skincare	http://www.arilanskincare.com/	alive	200
ann summers	https://www.annsummers.com/	alive	200
adhoc	https://www.adhocformovingpeople.com/	tls-error	CERT_HAS_EXPIRED
adlin hue	https://adlinhue.com/	alive	200
abun/dant	https://abundantbrand.wixsite.com/abundant	alive	200
activist skincare	http://activistskincare.com/	alive	200
anniblackleopard	http://www.ableopard.com/	alive	200
antony morato	https://www.morato.it/	alive	200
arnsdorf	https://arnsdorf.com.au/	http-dead	404
assembly label	https://assemblylabel.com/	alive	200
arthur guld & design	https://arthurgulddesign.se/	blocked	403
arthur knight	https://arthurknight.com/	net-error	redirect count exceeded
arizona addict	https://arizonaaddict.com/	alive	200
asrv	https://asrv.com/	alive	200
aesop	https://www.aesop.com/	blocked	403
astonish cleaning products	http://www.astonishcleaners.co.uk/	alive	200
arctic fox hair color	http://www.arcticfoxhaircolor.com/	alive	200
ästhetik skincare	https://asthetikskincare.com/	alive	200
adesse new york®	https://adesseny.com/	alive	200
arcona	http://www.arcona.com/	alive	200
asiri's treasures	https://asiristreasures.com/	alive	200
about.alexa	https://aboutalexa.de/	alive	200
as98	https://www.as-98.com/	alive	200
annebra	https://shop.annebra.com/	alive	200
adanti nederland	https://adanti.nl/	alive	200
aromatic flavours and fragrances	https://af-f.com/	alive	200
as of today	http://asoftoday.com/	alive	200
armor lux	https://www.armorlux.com/	alive	200
aeston west	http://aestonwest.com/	alive	200
apo.ge	http://www.apoge.life/	alive	200
arch4	https://www.arch4.co.uk/	alive	200
adler modemärkte	https://adler.de/	alive	200
apuweiser-riche	http://apuweiser-riche.jp/	alive	200
apollo-optik	https://www.apollo.de/	alive	200
aces infinity	https://acesinfinity.com/	alive	200
ashmei	https://ashmei.com/	alive	200
aroop india	https://www.aroopshop.com/	alive	200
arthur ford	https://arthur-ford.com/	alive	200
audio architect apparel	https://www.audioarchitect.co/	alive	200
aerchitect	https://aerchitect.com/	alive	200
atsugi	https://www.atsugi-styleup.jp/shop/default.aspx	alive	200
another brand	https://www.anotherbrand.de/	alive	200
aeta	https://store.aeta.website/	alive	200
atelier content	https://ateliercontent.com/	alive	200
asunsti	https://asunsti.myshopify.com/	alive	200
adina reyter	https://adinareyter.com/	alive	200
angels ambition	https://www.angels-ambition.de/	alive	200
ace sunglasses	https://www.acesunglasses.com.au/	alive	200
arche	https://www.arche.com/	alive	200
as by df	https://www.asbydf.com/	alive	200
apt.	http://www.aptcollective.com/	alive	200
asda	https://www.asda.com/	blocked	403
armand nicolet	http://www.armandnicolet.com/	alive	200
automic gold	https://www.automicgold.com/	alive	200
araks	https://www.araks.com/	alive	200
aeronautica militare	https://www.aeronauticamilitareofficialstore.it/	alive	202
anonimo	http://www.anonimo.com/	alive	200
artigiani del cuoio	https://www.artigianodelcuo.io/	alive	200
atelier emé	https://www.atelier-eme.it/en/	alive	200
aroe	https://www.aroe.com.au/	alive	200
admise	https://admiseparis.com/	alive	200
aurélien	https://aurelien-online.com/	alive	200
aquaguard	http://www.aquaguardswim.com/	alive	200
antevorta laboratories	http://www.antevortalabs.com/	alive	200
arjé	https://arje.com/	alive	200
at.p.co	https://www.atpco.it/	tls-error	ERR_SSL_SSL/TLS_ALERT_HANDSHAKE_FAILURE
ann taylor	https://www.anntaylor.com/	alive	200
adriana degreas	https://shop.adrianadegreas.com/	http-dead	404
aarven	https://www.artisans-and-adventurers.com/	alive	200
aéropostale	https://www.aeropostale.com/	alive	200
athar'a pure	http://www.atharapure.com/	alive	200
australian	https://www.australian.nl/	alive	200
augeo	https://augeopuella.com/	alive	200
avril	https://www.avril-beaute.fr/	alive	200
aurelie bidermann	https://aureliebidermann.com/	alive	200
a.kjærbede	https://www.akjaerbede.dk/	alive	200
adriatica	https://adriaticawatches.ch/	alive	200
anyeluz	https://www.anyeluz.com/	alive	200
atenea profesional	https://ateneaprofesional.com/	alive	200
atol	https://www.atol.fr/	blocked	403
acure	http://www.acure.com/	alive	200
armadillo outfitter	https://armadillooutfitter.com/	alive	200
atlantic blankets	https://www.atlanticblankets.com/	alive	200
adidas originals	https://www.adidas.com.tr/	blocked	403
athison	https://athison.com/en-us	alive	200
aubercy	https://www.aubercy.com/	alive	200
audelia's collection	http://audeliascollection.com/	alive	200
aznar innova s.a.	https://www.aznarinnova.com/en/	alive	200
artsac	https://www.artsac.co.uk/	alive	200
arsène et les pipelettes	https://www.arseneetlespipelettes.com/	alive	200
abun	http://abun-global.com/	alive	200
au vieux campeur	https://www.auvieuxcampeur.fr/	alive	200
adi botany	https://adibotanycare.etsy.com/	blocked	403
afflecks	https://www.afflecks.com/	alive	200
aure	https://www.aurestudio.com/	tls-error	ERR_SSL_TLSV1_ALERT_INTERNAL_ERROR
abercrombie & fitch	https://www.abercrombie.com/	blocked	403
a.l.c.	https://alcltd.com/	alive	200
aroma prodigy	http://www.aromaprodigy.com/	alive	200
artelusa	https://artelusa.pt/	tls-error	CERT_HAS_EXPIRED
affix works	https://affix-works.com/	alive	200
asdet	https://www.asdet.com/	alive	200
aeron	https://aeron.com/	alive	200
adl	https://www.adl.com.tr/	alive	200
avesu	https://www.avesu.fr/	alive	200
arezzo (shoes)	https://www.arezzo.com.br/	alive	200
aiste anaite	https://www.aisteanaite.com/en/	alive	200
aspinal of london	https://www.aspinaloflondon.com/	blocked	403
ascention parfums	http://ascentionbeautyco.com/	alive	200
arboré.	https://www.arbore-studios.de/	alive	200
autore	https://autorepearls.com.au/	alive	200
aristide	https://aristide-collection.com/	alive	200
agmes	https://agmesnyc.com/	alive	200
australian footwear	https://www.australian-footwear.com/	alive	200
ashanti naturals	https://ashantinaturals.com/	alive	200
abahouse	https://abahouse.jp/mens/abahouse/	alive	200
artichoke	https://artichokebags.com/	alive	200
avnier	https://avnier.com/	alive	200
auteur	https://auteurstudio.com/	alive	200
agiato	https://www.agiato.club/	alive	200
agolde	https://agolde.com/	alive	200
ardene	https://www.ardene.com/	alive	200
aromatic creation	https://www.aromaticcreation.com/	alive	200
aspact	https://www.aspactstores.com/	alive	200
aelia anna	https://aeliaanna.com/	alive	200
astore	https://www.astore.es/	alive	200
atalaye	https://atalaye.com/en/	blocked	503
atelier reservé	https://shop.reserveboys.com/	alive	200
astley clarke	https://www.astleyclarke.com/	alive	200
abysse	https://abysseofficial.com/	alive	200
aw lab	https://en.aw-lab.com/	alive	200
avarcas menorquinas	https://www.avarcas.com/	alive	200
afs schuhe	http://www.afs-schuhe.de/	alive	200
admiral sports	https://admiralsports.com/	alive	200
acuitis	https://fr.acuitis.com/	alive	200
avec ēlan	https://avec-elan.com/	alive	200
anonymous copenhagen	https://www.anoncph.com/	alive	200
alaïa	https://www.maison-alaia.com/	alive	200
asquith london	https://www.asquithlondon.com/	alive	200
adya designs	https://adyadesigns.in/	tls-error	CERT_HAS_EXPIRED
az factory	https://www.azfactory.com/	http-dead	404
atasun optik	https://www.atasunoptik.com.tr/	alive	200
auterra	https://auterra.co.za/	alive	200
awdis ecologie	https://ecologiebyawdis.com/	tls-error	ERR_TLS_CERT_ALTNAME_INVALID
as we are now	https://aswearenow.co/?oid=389&affid=1&source_id=GoY-rating&sub1=brandpage	alive	200
atm	https://atmcollection.com/	alive	200
armata di mare	https://www.armatadimare.com/	tls-error	CERT_HAS_EXPIRED
aykez	https://aykez.com/	alive	200
atmosea	https://atmosea.com.au/	alive	200
aembr	https://aembr.co/	blocked	403
aramore skincare	http://aramoreskincare.com/	alive	200
aizea	https://www.aizea-paris.com/	tls-error	ERR_SSL_SSL/TLS_ALERT_HANDSHAKE_FAILURE
awave awake	https://www.awaveawake.com/	alive	200
acbc	https://acbc.com/	alive	200
age of innocence	https://www.age-of-innocence.com/	alive	200
aera	https://aeranewyork.com/	alive	200
ayodi	https://www.ayodiskin.com/	alive	200
ayani	https://ayani.co/?oid=375&affid=1&source_id=GoY-rating&sub1=brandpage	alive	200
activewear bali	https://activewearbali.com/	alive	200
athletic hands	https://frictionlabs.com/	alive	200
aroma bella	http://aromabella.com/	alive	200
arizona love	https://www.arizonalove.store/	alive	200
atelje dr jewelry	https://www.atelje-dr.si/	alive	200
aethera	https://www.aethera.com.au/	alive	200
agnès b.	https://agnesb.fr/	blocked	403
abyl	https://aybl.com/	alive	200
aster & oak	https://www.asterandoak.com.au/?oid=352&affid=1&source_id=GoY-rating&sub1=brandpage	alive	200
adidas	https://www.adidas.com/	blocked	403
auli skin	https://www.auliskin.com/	alive	200
ak custom jewelers	https://akjewelers.com/	alive	200
akuna swimwear	https://www.akunaswimwear.com.au/	dns-dead	NXDOMAIN @1.1.1.1+8.8.8.8
agua bendita	https://www.aguabendita.com.co/	alive	200
armi	https://armi.tokyo/	alive	200
b.l.a.h.	https://www.nomoreblah.com/shop/	tls-error	ERR_TLS_CERT_ALTNAME_INVALID
akademiks	https://www.akademiks.com/	alive	200
atzen superior to organic® skin care	https://atzen.com/	alive	200
b&g store	https://www.bgstore.com.tr/	alive	200
adidas by lena situations	https://www.adidas.fr/adidas_by_lena_situations	blocked	403
atwater	https://www.atwaterskin.com/	alive	200
aurelia	https://shopforaurelia.com/	alive	200
azizi	https://www.soraya-azizi.com/	alive	200
adriana iglesias	https://adrianaiglesias.com/	alive	200
ashuhari	https://www.ashuhari.shop/	alive	200
atlanta mocassin	https://atlantamocassin.com/	alive	200
atomy	https://atomy-studios.com/	alive	200
avail	http://www.shimamura.gr.jp/avail/	alive	200
baby bum	https://www.sunbum.com/pages/baby-bum	alive	200
baileys	https://www.baileys.nl/	timeout	
aemmi	https://www.ae-mmi.com/	alive	200
adam lippes	https://adamlippes.com/	alive	200
backstage make-up	https://backstage-makeup.de/	alive	200
babymel	http://www.babymel.com/	alive	200
badgley mischka	https://www.badgleymischka.com/	alive	200
aspesi	https://www.aspesi.com/	alive	200
aussie disposals	https://www.aussiedisposals.com.au/	alive	200
avesso	https://www.avesso.com/	alive	200
b.young	https://www.byoung.com/en-en	alive	200
aubrie	https://aubrie.com.au/	alive	200
adore	http://www.adore2005.com/	alive	200
avolta	http://www.dufry.com/	alive	200
aux corps anonymes	https://www.auxcorpsanonymes.com/	alive	200
after label	https://www.afterlabel.com/	timeout	
apple of eden	https://www.appleofedenshoes.com/	alive	200
aware hair	https://awarehair.com/	alive	200
aramis	https://www.aramis.com.br/	alive	200
akaroa	https://www.akaroa.eu/	alive	200
aullo gold	https://www.aullo.cz/	alive	200
artknit studios	https://artknit-studios.com/?oid=254&affid=1&source_id=GoY-rating&sub1=brandpage	alive	200
avorio skincare	https://avorioskincare.com/	alive	200
adish	http://www.adishstudios.com/en/home/a/main/	alive	200
balenciaga	https://www.balenciaga.com/	alive	200
autumn adeigbo	https://autumnadeigbo.com/	http-dead	402
arys	https://arys-berlin.com/	alive	200
agatha ruiz de la prada	https://www.agatharuizdelaprada.com/	alive	200
balabala	https://balabala.com/	alive	200
adriano stefanelli	http://www.adriano-stefanelli.it/	alive	200
agnès b. japan	https://www.agnesb.co.jp/top/CSfTop.jsp	alive	200
babybear	https://babybear.lk/	alive	200
balance headwear	https://www.balanceheadwear.com/	alive	200
baltic linen	https://balticlinenstore.com/	alive	200
agnona	https://agnona.com/	alive	200
aristocrazy	https://www.aristocrazy.com/	alive	200
avatim	https://www.avatim.com.br/	blocked	403
aiir professional	https://aiirprofessional.com/	alive	200
azulu	https://azulu.com/en/home/	http-dead	404
adolfo dominguez	https://www.adolfodominguez.com/	alive	200
axess wallets	https://www.axesswallets.com/	alive	200
bagatelle	https://www.bagatelle.ca/	alive	200
asportuguesas	https://asportuguesas.shoes/	alive	200
azure	http://www.azureskincare.com/	alive	200
aventura	https://aventuraclothing.com/	alive	200
atp atelier	https://atpatelier.com/	alive	200
baiia	https://www.baiia.com.au/	alive	200
auter	https://auter.co/	alive	200
aokang	https://www.aokang.com/	alive	200
aem.berlin	https://www.aesthetikmovement.com/	alive	200
airtox	https://airtox.dk/	alive	200
badger	http://www.badgerbalm.com/	alive	200
ara	http://www.shoebuy.com/ara-shoes.htm	timeout	
athari wear	https://athariwear.com/	alive	200
ballantyne cashmere spa	https://www.ballantyne.it/	blocked	403
aday	https://www.thisisaday.com/	http-dead	423
ahlvar gallery	https://ahlvar.com/	alive	200
balr.	https://www.balr.com/	alive	200
avon products inc.	https://my.avon.ru/	net-error	UND_ERR_CONNECT_TIMEOUT
agave healing oil	http://www.agaveoil.com/	alive	200
apranga  ab	http://www.apranga.lt/	alive	200
avarelle	https://www.avarelle.com/	alive	200
bali lash	http://www.balilash.com/	http-dead	404
airforce	https://www.air-force.nl/	alive	200
aerie	https://www.ae.com/	alive	200
babyface	https://www.babyface.eu/	alive	200
arioseyears	https://arioseyears.com/	timeout	
auralee	https://auralee.jp/	alive	200
arzukara	https://www.arzukara.com/	alive	200
bali elf	https://www.balielf.com/	blocked	403
ayurveda sutra co	https://www.ayurvedasutra.co/	alive	200
aisle5	http://www.aisle5skin.com/	alive	200
arkk	https://www.arkkcopenhagen.com/	alive	200
aveda	https://www.aveda.ca/	alive	200
athletico	https://www.athletico.co.za/	alive	200
arctic bay	https://arctic-bay.ca/	alive	200
banks journal	https://banksjournal.com/	alive	200
babystyling	https://www.babystyling.com/	alive	200
against all odds	https://www.againstallodds.shop/	alive	200
aspiga	https://www.aspiga.com/	alive	200
baje studio	https://bajestudio.com/	alive	200
aro	https://aroshoes.com/	alive	200
aetrex	https://www.aetrex.com/	alive	200
ayurblooms	https://www.ayurblooms.com/	alive	200
banjanan	https://banjanan.com/	alive	200
albero natur	https://alberonatur.de/en	alive	200
babo botanicals	http://www.babobotanicals.com/	alive	200
airpaq	https://www.airpaq.de/	alive	200
bandsome	https://www.bandsome.com/	alive	200
arquiste	https://arquiste.com/	alive	200
armani exchange	https://www.armaniexchange.com/	tls-error	CERT_HAS_EXPIRED
barb.ua	https://barb.ua/	alive	200
ayeya	https://ayeya.com/	tls-error	CERT_HAS_EXPIRED
alan red	http://www.alanred.com/	alive	200
barnyardstorm	https://www.adastria.co.jp/brands/barnyardstorm/	alive	200
agonswim	http://www.agonswim.com/	alive	200
bamba	https://www.bambaswim.com/	alive	200
artlove	https://www.artlove.fr/	alive	200
aktivoptik	https://www.aktivoptik.de/	alive	200
banana blue	https://www.bananablue.net.au/	alive	200
barney cools	https://barneycools.com/	alive	200
akro	https://akrofragrances.com/	alive	200
barker	https://eu.barkershoes.com/	alive	200
asceno	https://www.asceno.com/	alive	200
atelier noterman	https://www.ateliernoterman.com/	alive	200
b.yellowtail	https://byellowtail.com/	alive	200
akla	https://www.aklaofficial.com/	alive	200
august society	https://augustsociety.com/	alive	200
babs the label	https://babsthelabel.com/	alive	200
ay	https://shop.ay.style/en	alive	200
acqua di parma	http://www.acquadiparma.com/	alive	200
base bodywear	https://www.basebodywear.com/	alive	200
azayan	https://azayan.com/	alive	200
ahura new york	https://ahuranewyork.com/	alive	200
asklepios garden	http://asklepiosgarden.com/	alive	200
awakening spirit	https://www.awakeningspirit.com/	alive	200
alaffia	http://www.alaffia.com/	alive	200
bathsheba	https://bathshebarituals.com/	alive	200
afends	https://afends.com/?oid=46&affid=1&source_id=GoY-rating&sub1=brandpage	alive	200
adopt	https://www.adopt.com/en	alive	200
bal	https://baloriginal.com/	alive	200
baleno	https://www.baleno.com/	alive	200
baby-g	https://www.baby-g.com/	blocked	403
adia	https://www.adiafashion.dk/	alive	200
baggage factory	https://www.baggagefactory.co.uk/	alive	200
army and air force exchange service	https://www.shopmyexchange.com/	alive	200
akça holding company	http://www.akcaholding.com/	alive	200
bardot	https://www.bardot.com/	net-error	redirect count exceeded
b. belt	https://www.b-belt.fashion/	tls-error	ERR_SSL_TLSV1_ALERT_INTERNAL_ERROR
away	https://www.awaytravel.com/en-uk	alive	200
bape	https://int.bape.com/	alive	200
barefoot blonde collection	https://barefootblondecollection.com/	alive	200
athleta inc	https://athleta.gap.com/	alive	200
adorna	https://adorna.fr/	alive	200
batsheva	https://www.batsheva.com/	alive	200
alcott	https://www.alcott.eu/	alive	200
ashara jewels	https://asharajewels.com/	alive	200
aduh	https://aduh.shop/	alive	200
artida oud	https://www.artidaoud.com/	alive	200
aya label	https://ayalabel.com/	alive	200
baggins	https://bagginsbags.com/	dns-dead	NXDOMAIN @1.1.1.1+8.8.8.8
basile	https://www.basileitalia.com/fashion/il-marchio-basile/	http-dead	404
babyone	https://www.babyone.de/	alive	200
b sides	https://bsidesjeans.com/	alive	200
aztech mountain	https://aztechmountain.com/	alive	200
bassike	https://intl.bassike.com/	alive	200
avant-atlas	http://www.avantatlas.com/	alive	200
aureum collective	https://aureumcollective.com/	alive	200
baggu	https://baggu.com/	alive	200
atelier rebul	https://www.atelierrebul.com.tr/	alive	200
be-with	https://bewithclothing.com/	alive	200
afroblonde	https://afroblonde.com.au/	alive	200
bampidano	https://www.bampidano.com/	tls-error	ERR_TLS_CERT_ALTNAME_INVALID
asuyama	https://asuyama.com/	alive	200
atunas	https://www.atunas.com.tw/	alive	200
aspen glow	http://aspenglowco.com/	alive	200
be kind vibes	https://www.bekindvibes.com/	alive	200
agroherc organic	https://www.agroherc-organic.com/	alive	200
balm baby	http://www.taylorsnatural.com/	alive	200
bb sheep	https://www.bbsheep.com/	alive	200
baldessarini	https://www.baldessarini.com/	alive	200
babycare	https://www.babycarestores.in/	alive	200
avia	http://www.avia.com/	alive	200
balm n calm	https://balmncalm.com/	alive	200
attesa	https://www.attesa.it/	alive	200
al rehab	https://www.alrehab.com/	blocked	403
aku	https://www.aku.com/	alive	200
agella beauty	https://www.agellabeauty.com/	alive	200
bananain	https://www.bananain.com/	alive	200
b.bld llc	https://bbld.fun/	alive	200
barbella co.	http://barbellaco.com/	alive	200
beatrice valenzuela	https://beatricevalenzuela.com/	alive	200
alala	https://alalastyle.com/	alive	200
agent provocateur	https://www.agentprovocateur.com/	blocked	403
baiwuxi	https://weibo.com/baiwuxi	alive	200
aigner	https://www.aignermunich.de/	blocked	403
bay active	https://www.bayactive.com.au/	alive	200
atelier gardeur	https://gardeur.com/	alive	200
barefoot scientist	https://barefootscientist.com/	alive	200
aurifydesigns	https://www.etsy.com/shop/AurifyDesigns	blocked	403
aiayu	https://aiayu.com/	alive	200
badawii beachwear	https://badawiibeachwear.com/	alive	200
bedhead pajamas	https://bedheadpjs.com/	alive	200
alienina	https://shop.alienina.com/	alive	200
åhléns	https://www.ahlens.se/	alive	200
balaboosté	https://www.balabooste.com/	alive	200
alexa fairchild	https://www.alexafairchild.com/	alive	200
akola	https://akola.co/	alive	200
bathu	https://www.bathu.co.za/	alive	200
beauty creations cosmetics	https://www.beautycreationscosmetics.com/	alive	200
ahava	https://www.ahava.com/	alive	200
abbot kinney apothecary	https://abbotkinneyapothecary.com/	alive	200
aviation88	https://www.aviation88.co.uk/	http-dead	404
alacarte beauty	http://alacartebeauty.com/	alive	200
azourane	https://weareazourane.com/	alive	200
base apparel	https://www.base-apparel.com/	alive	200
alan paine	https://www.alanpaine.co.uk/	alive	200
aleva naturals	https://alevanaturals.com/	alive	200
atelier torino	https://www.atelier-torino.de/	alive	200
bella bliss	https://klarandco.com/	alive	200
be a 10	http://www.bea10.com/	alive	200
befree	https://befree.ru/	alive	200
aton	https://aton-tokyo.com/	alive	200
albaray	https://www.albaray.co.uk/	alive	200
articles de paris	https://www.articlesdeparis.com/	timeout	
alchimie forever	http://www.alchimie-forever.com/	alive	200
alchemistry essentials	https://thesexalchemist.myshopify.com/	alive	200
bare botanics	https://www.barebotanics.co/	alive	200
aevi wellness	http://aeviwellness.com/	alive	200
be pure dutch	https://bepure-dutch.com/	http-dead	404
beiersdorf	https://www.beiersdorf.com/	alive	200
banana moon	https://www.bananamoon.com/	alive	200
aoyama tailor	https://www.y-aoyama.jp/	alive	200
agatha	https://www.agatha.fr/	alive	200
bally	http://www.bally.eu/	alive	200
alder	https://www.alderapparel.com/	alive	200
baby~pourri	http://example.com/	alive	200
b.h. van der veen	https://www.vanderveen.nl/	alive	200
bareminerals	https://www.bareminerals.com/	alive	200
bali	https://balibali-fashion.com/	alive	200
alex crane	https://alexcrane.co/	alive	200
albion	https://www.albion.co.jp/	alive	200
ajio	https://www.ajio.com/	blocked	403
barbisio	https://barbisiotorino.it/	alive	200
beanpole	https://www.ssfshop.com/beanpole/main?brandShopNo=BDMA01&brndShopId=BPBR%3Futm_source%3DGoodOnYou+App	alive	200
alessandro zavetti	https://www.zavetti.com/	alive	200
asiana	https://www.asianasrl.com/	alive	200
belt fashion	https://beltfashion.nl/	alive	200
après studio	https://apresstudio.com.au/	alive	200
akris	http://www.akris.ch/	alive	200
alexander wang	https://www.alexanderwang.com/	alive	200
barbarossa moratti	https://www.barbarossamoratti.com/	alive	200
aimer	https://aimeronline.com/	alive	200
backes & strauss	https://www.backesandstrauss.com/	alive	200
alexandre de paris	https://en.alexandredeparis-store.com/	alive	200
alex vando	https://www.alexvando.net/	alive	200
actree	http://www.actree.co.jp/en/	timeout	
auratherapy	https://auratherapylife.com/	alive	200
badimyon	https://www.badimyon.com/	timeout	
baxter wood	https://baxterwood.com/	alive	200
ag jeans	https://www.agjeans.com/	alive	200
b. divine aromatherapy	https://www.bdivinearoma.com/	alive	200
beautiful birds	https://bb1birds.ru/	alive	200
ales grey	https://alesgrey.com/	blocked	403
atelier de famille	https://www.atelierdefamille.fr/	alive	200
àlg	https://www.algbrand.com.br/	alive	200
bertoni	https://www.bertoni.com/	tls-error	ERR_TLS_CERT_ALTNAME_INVALID
arei outdoor gear	https://areioutdoorgear.co.id/	alive	200
akubra hats	https://akubra.com.au/	alive	200
alexandra svendsen	https://www.alexandrasvendsen.de/	alive	200
bcf	https://www.bcf.com.au/	blocked	403
aevor	https://www.aevor.com/	alive	200
bec + bridge	https://www.becandbridge.com/	alive	200
babista	https://www.babista.nl/	blocked	403
bean pole international	http://www.beanpole.com/	alive	200
afriek	https://afriek.com/	alive	200
bata	https://www.bata.in/	alive	200
beauty bestie	https://www.shopbeautybestie.com/password	alive	200
atmosphere	https://www.atmosphere.ca/en.html	alive	200
ara ag	https://www.about.ara-shoes.de/	net-error	UND_ERR_CONNECT_TIMEOUT
bi-mart	http://www.bimart.com/	alive	200
alexia maría	https://alexiamaria.com/	alive	200
aldo	https://www.aldoshoes.me/	blocked	403
badura	https://badura.it/	alive	200
baserange	https://www.baserange.net/	alive	200
basler	https://www.basler-fashion.com/	blocked	403
bandi vamos	https://www.bandi.cz/	alive	200
armazém paraíba	https://www.armazempb.com.br/	alive	200
beaumont organic	https://beaumontorganic.com/	alive	200
beauregard	https://beauregard.ch/	alive	200
belair paris	https://www.belair-paris.fr/	alive	200
basic rights	https://www.basicrights.com/	http-dead	404
al ambra	https://alambraperfumes.com/	alive	200
benzak denim developers	https://www.benzakdenimdevelopers.com/	alive	200
bared footwear	https://baredfootwear.pxf.io/R0Z47g	alive	200
awg-modecenter	https://www.awg-mode.de/	alive	200
base london	https://www.baselondon.com/	alive	200
aeonia by delavie sciences	http://www.delaviesciences.com/	alive	200
billykirk	https://www.billykirk.com/	alive	200
be camaïeu	http://www.camaieu.com/	blocked	403
barks & beauty aesthetics	https://barksandbeautyaesthetics.com/	alive	200
baliene	https://baliene.com/	alive	200
bailey of hollywood	https://www.baileyhats.com/	alive	200
ascena retail group	https://www.ascenaretail.com/	timeout	
babylone	https://www.dot-st.com/babylone/	alive	200
alice + olivia	https://www.aliceandolivia.com/	alive	200
attic and barn	http://www.atticandbarn.it/	alive	200
article22	https://article22.com/?oid=52&affid=1&source_id=GoY-rating&sub1=brandpage	alive	200
alighieri	https://www.alighieri.com/	alive	200
bebella cosmetics	https://bebellacosmetics.com/	alive	200
bellerose (marque)	http://www.bellerose.be/	alive	200
beginning boutique	https://www.beginningboutique.com/	alive	200
albertini international  llc	https://albertiniinternational.com/	alive	200
bayankala	http://www.bayankala.com/	net-error	UND_ERR_SOCKET
avec les filles	https://aveclesfilles.com/	alive	200
beautitionary	http://beautitionary.com/	alive	200
b-well	https://www.karl-rieker-online-shop.de/	tls-error	CERT_HAS_EXPIRED
alain delon	https://www.alaindelon.co.uk/	alive	200
alex and ani	https://www.alexandani.com/	alive	200
alexandre vauthier	https://www.alexandrevauthier.com/en/	http-dead	402
alexus ge.	https://alexusge.com/	alive	200
aris bags	https://www.arisbags.com/	alive	200
auromère	https://www.auromere.com/	alive	200
beekman 1802	https://beekman1802.com/	alive	200
baythe	https://baytheswim.com/	alive	200
albrekts guld	https://www.albrektsguld.se/	alive	200
belair	https://www.belair-paris.fr/	alive	200
alejandra alonso rojas	https://www.alejandraalonsorojas.com/	alive	200
baodao optical	http://www.baodao.com.cn/	timeout	
batoko	https://www.batoko.com/	alive	200
auricoste	http://www.auricoste.fr/	alive	200
aya sacred wear	https://aya.eco/	alive	200
berner kühl	https://bernerkuhl.com/	alive	200
babymocs	https://babymocs.com/	alive	200
bear naked pickleball	http://bearnakedpickleball.com/	alive	200
bellfield	https://www.bellfieldclothing.com/	http-dead	423
bdk parfums	https://bdkparfums.com/	alive	200
avirex japan	https://www.avirex-usa.com/	alive	200
bellabeautebar llc	https://bellabeautebar.com/	alive	200
alex de pase	http://www.alexdepase.eu/	alive	200
alessio ravaioli	https://www.alessioravaioli.com/en/	alive	200
benfica official store	https://www.slbenfica.pt/	alive	200
alix nyc	https://alixnyc.com/	alive	200
ashya	https://ashya.co/	alive	200
beauty favours	https://www.beautyfavours.com/	alive	200
beate heymann street couture	https://www.beate-heymann.de/	alive	200
beard care club	http://www.beardcareclub.com/	alive	200
beeren ondergoed	https://www.beerenondergoed.nl/	alive	200
baltayan	http://www.baltayan.fr/fr/	alive	200
aki choklat studio	http://www.akichoklat.com/	http-dead	404
benibeca	http://www.benibeca.com/	alive	200
alexandre birman	https://alexandrebirman.com/	alive	200
ayten gasson	https://www.aytengasson.com/	alive	200
bella starr	https://www.bellastarr.com/	alive	200
bergstein	https://www.bergsteinfootwear.com/	alive	200
bask in the sun	https://www.baskinthesun.fr/	alive	200
aster skincare	https://www.asterskincare.com/	alive	200
bearpaw	https://www.bearpaw.com/	alive	200
alghabra parfums	https://alghabra-parfums.com/	alive	200
alemais	https://alemais.com/	alive	200
alexander mcqueen	https://www.alexandermcqueen.com/	alive	200
bed|stü	https://www.bedstu.com/	alive	200
bl glowskin	http://blglowskin.com/	alive	200
bannedla	https://ruinmylife.la/	http-dead	402
barre	https://barrestudio.ca/	alive	200
back number	https://right-on.co.jp/brand-shop/back-number?g=Womens%3Futm_source%3DGoodOnYou+App	blocked	503
baby phat	https://babyphat.com/	alive	200
beton ciré	https://betonxcire.com/	alive	200
becker + flöge	https://www.becker-floege.de/	alive	200
atasay	https://www.atasay.com/	alive	200
bexley	https://www.bexley.fr/	alive	200
bcakes llc	http://www.bcakesllc.com/	alive	200
aligne	https://aligne.co/	alive	200
beckett simonon	https://www.beckettsimonon.com/	alive	200
beldona	https://www.beldona.com/	alive	200
bald glamour	https://baldglamour.com/	alive	200
alexandra mor	https://www.alexandramor.com/	alive	200
becci boo's custom shoes	https://beccibooscustomshoes.com/	alive	200
bernie mev new york	https://www.berniemev.eu/	alive	200
alinari-firenze	https://www.alinarifirenze.com/	alive	200
bleusalt	https://bleusalt.com/	alive	200
bakari	https://www.bakari.es/en/	alive	200
barocco tribal	https://www.baroccotribal.com/	alive	200
akyn	https://www.akyn.com/?oid=364&affid=1&source_id=GoY-rating&sub1=brandpage	alive	200
bergans	https://www.bergans.com/en/	alive	200
atmos pink	https://www.atmos-pink.com/	alive	200
baldinini	https://www.baldinini-shop.com/	alive	200
babe original	https://babeoriginal.com/	alive	200
beliza	https://www.beliza.fr/	alive	200
acelera cycling couture	https://acelera.cc/	alive	200
baume essentials	https://baumeessentials.com/	alive	200
beams	https://www.beams.co.jp/	alive	200
bhima jewellers	https://www.bhima.in/	dns-dead	no A/AAAA @1.1.1.1
bbp	http://bbpbx.shop-pro.jp/	http-dead	404
bambu earth	https://bambuearth.com/	alive	200
athleta	https://www.athleta.com/	alive	200
barça - fc barcelona	https://store.fcbarcelona.com/collections/clothing	alive	200
atuko	https://www.atukostudio.com/	net-error	UND_ERR_CONNECT_TIMEOUT
beijing fashion holdings	https://www.bfhc.com.cn/	alive	200
bennimarceau	https://bennimarceau.com/	alive	200
bikkembergs	https://www.bikkembergs.com/	alive	200
blundstone australia pty ltd	https://www.blundstone.com.au/	alive	200
been london	https://been.london/	alive	200
bibi lou	https://www.bibilou.es/	alive	200
alcina	https://www.alcina.de/	alive	200
bāeo	http://www.baeo.com/	alive	200
artuyt	https://artuyt.com/	alive	200
alexandria professional	http://www.alexandriaprofessional.com/	alive	200
agarthi	https://aquacosmetics.com/marchi/agarthi/	alive	200
bhcrafts	https://bhcrafts.org/	alive	200
beaumont	https://www.beaumont.eu/	alive	200
billini	https://www.billini.com/	alive	200
beaverbrooks	https://www.beaverbrooks.co.uk/	alive	200
belchou's	https://www.belchous.com/	alive	200
beau ties	https://www.beautiesltd.com/	alive	200
audimas  ab	https://www.audimas.lt/	alive	200
bellanblue	https://www.bellanblue.com/	alive	200
alex mill	https://www.alexmill.com/	alive	200
bensimon	https://www.bensimon.com/	alive	200
aurlex tees	https://www.aurlextees.com/	http-dead	423
belwest	https://belwest.ru/	alive	200
better & better	http://www.betterandbetter.com/	alive	200
baukjen	https://www.baukjen.com/?oid=29&affid=1&source_id=GoY-rating&sub1=brandpage	alive	200
bohemian mama	https://www.bohemianmama.com/?_vsrefdom=adwords%3Futm_source%3DGoodOnYou+App	http-dead	404
biologist-mood	https://biologist-mood.fr/	alive	200
ader error	https://adererror.com/	alive	200
alida pure	http://www.alidapurebodycare.com/	alive	200
beekeeper parade	https://beekeeperparade.com/	alive	200
billieblush	https://www.kidsaround.com/	alive	200
bario neal	https://bario-neal.com/?oid=214&affid=1&source_id=GoY-rating&sub1=brandpage	blocked	403
beecos	http://beecosbeauty.com/	alive	200
bishop botanicals	https://www.bishopbotanicals.com/	alive	200
bela beauty college	https://belabeautycollege.com/	alive	200
benlai	http://www.benlaishop.com/	alive	200
bee factor natural cosmetics	https://beefactor.gr/	alive	200
bella ballou	https://www.bellaballou.com/	alive	200
authentic	http://www.authentichemp.com/	alive	200
berkner	https://berkner.pl/en/	alive	200
better botanicals	http://www.betterbotanicals.com/	alive	200
bazargan global llp	https://www.bazarganglobal.com/	dns-dead	NXDOMAIN @1.1.1.1+8.8.8.8
ahirain	https://www.ahirain.com/	alive	200
aunu	http://aunubeauty.com/	alive	200
beulah	https://www.beulahlondon.com/	alive	200
black orchid denim	https://blackorchiddenim.com/	alive	200
bellabu bear	https://bellabubear.com/	alive	200
absorba	https://www.absorba.com/	net-error	UND_ERR_CONNECT_TIMEOUT
ball	https://www.balloriginal.com/	alive	200
beneunder	https://shop.beneunder.com/	alive	200
betsey johnson	https://betseyjohnson.com/	alive	200
bella freud	https://bellafreud.com/	alive	200
bjäste	https://www.bjaste.com/	alive	200
benyamin apoo	https://benyaminapoo.com/	alive	200
beyou geraldine alasio	https://www.beyou-geraldinealasio.com/	alive	200
bielenda group	https://bielenda.pl/	alive	200
aybi	https://www.aybi.com/	alive	200
avavav	https://avavav.com/	alive	200
be52®	https://www.be52.eu/	alive	200
big lots	https://www.biglots.com/	alive	200
beatrice .b	https://www.beatriceb.it/	net-error	ECONNRESET
bonprix	https://bonprix.com/	alive	200
berghen	https://www.berghen.com/	alive	200
bellamy gallery	https://bellamygallery.com/	alive	200
ascension swim	https://ascensionswim.com/	alive	200
bethany williams	http://www.bethany-williams.com/	alive	200
bickley + mitchell	https://bickleyandmitchell.com/	alive	200
barbara lebek	https://www.lebek.de/	alive	200
béis	https://beistravel.com/	alive	200
bella luna gowns	https://bellalunagowns.com/	alive	200
berdoues	https://berdoues.com/	alive	200
billabong	http://www.billabongbiz.com/	alive	200
beru kids	https://www.berukids.com/	alive	200
banila co.	https://www.banilaco.com/	alive	200
be in love	http://www.beinlove.com/	alive	200
bell & ross	https://www.bellross.com/	alive	200
banana republic	https://www.bananarepublic.eu/	alive	200
blenzo	https://www.blenzoshoes.com/	tls-error	ERR_TLS_CERT_ALTNAME_INVALID
beauty formulation ltd	https://www.beautyformulation.com/	alive	200
biofor campus	https://campus.biofor.hu/	alive	200
bj’s pjs	https://bjspjs.com.au/?oid=282&affid=1&source_id=GoY-rating&sub1=brandpage	alive	200
alchemy goods	https://www.alchemygoods.com/	alive	200
blonde no. 8	https://www.blondeno8.com/	alive	200
bates	https://www.batesfootwear.com/	alive	200
atelier rêve	https://www.atelierreve.biz/	alive	200
ben bridge jeweler	https://www.benbridge.com/	alive	200
berkemann	https://www.berkemann.com/	alive	200
bevinimodena	https://www.bevinimodena.it/	alive	200
aisle	https://periodaisle.com/	alive	200
beauty cluster barcelona	http://beautyclusterbarcelona.com/	alive	200
adrianna papell	https://www.adriannapapell.com/	alive	200
bidi badu	https://www.bidibadu.com/	alive	200
ahyun	http://www.ahyunskin.com/	alive	200
aldridges	https://www.englishmadebelts.co.uk/	alive	200
all about audrey	https://allaboutaudrey.co.uk/	alive	200
blukey	https://www.blukey.it/	alive	200
barnes made	https://www.barnesmade.com/	alive	200
blackmilk clothing	https://blackmilkclothing.com/	alive	200
biosar	https://biosarlabs.com/	alive	200
blazoer	http://www.blazoer.com/	alive	200
bite	https://bitestudios.com/	http-dead	402
bewooden	https://www.bewooden.de/	alive	200
boathouse	https://www.shoptheboathouse.com/	alive	200
berek	https://berek.com/	alive	200
aexae	https://www.aexae.com/	alive	200
bess	https://www.b-e-s-s.com/	alive	200
bibatown	http://www.bibatown.com/	alive	200
bad bear	https://www.badbear.com.tr/	blocked	403
alkemia perfumes	https://alkemiaperfumes.com/	alive	200
bench	https://www.bench.co.uk/	alive	200
bogs	https://www.bogsfootwear.com/	alive	200
batoner	https://www.batoner.com/	alive	200
black pepper clothing	https://www.blackpepper.com.au/	alive	200
blufin	http://www.blufin.it/#/en/	alive	200
bedat & co	http://www.bedat.com/	alive	200
betterme	https://store.betterme.world/	alive	200
bikinikloset	https://www.bikinikloset.com/	alive	200
ayond	http://www.ayond.us/	alive	200
agent p	https://www.agentpnyc.com/	alive	200
bask suncare	http://www.basksuncare.com/	alive	200
biodermal	https://www.biodermal.nl/	alive	200
beyonderway	https://beyonderway.com/	alive	200
befeni	https://www.befeni.com/	alive	200
berwich	http://www.berwich.com/	alive	200
algo bonito	https://algo-bonito.com/	alive	200
blood brother	https://www.blood-brother.com/	server-error	500
bella beauty	https://klarandco.com/	alive	200
bever	https://www.bever.nl/	alive	200
bisgaard	https://www.bisgaardshoes.com/	alive	200
beuteus®	http://www.beuteus.com/	alive	200
blossom	https://www.blossombeauty.com/	alive	200
baabuk	https://www.baabuk.com/	alive	200
barts	https://www.barts.eu/	alive	200
big w	https://www.bigw.com/	alive	200
avirex	https://www.avirex.com/	alive	200
bolongaro trevor	https://www.bolongarotrevor.com/	alive	200
bonnie doon	https://www.bonniedoon.com/	alive	200
bentalls	http://www.bentalls.co.uk/	alive	200
bastet noir	https://bastetnoir.myshopify.com/?oid=39&affid=1&source_id=GoY-rating&sub1=brandpage	alive	200
bcbgmaxazria	https://bcbg.com/	alive	200
black iris	https://shopblackiris.com/	timeout	
bilboa	https://bilboa.com.au/	alive	200
bia bare it all	http://www.biaskin.com/	alive	200
bepon	https://www.bepon.sk/	blocked	403
bijou brigitte	https://www.bijou-brigitte.com/	alive	200
beauty creations	https://www.beautycreationscosmetics.com/	alive	200
blancpain	http://www.blancpain.ch/	alive	200
athletic cosmetic company llc	https://athleticcosmeticcompany.com/	alive	200
alice's lips	https://aliceslips.com/	alive	200
alanui	https://alanui.it/	alive	200
blake seven	https://www.blake-seven.com/	tls-error	ERR_TLS_CERT_ALTNAME_INVALID
bav tailor	https://bavtailor.com/	alive	200
big boy bamboo	https://bigboybamboo.com/	alive	200
back beat co.	https://backbeat.co/	tls-error	CERT_HAS_EXPIRED
aiifos	https://www.aiifos.com/	alive	200
bossini	https://www.bossini.com/	alive	200
bonobo jeans	https://www.bonoboplanet.com/	blocked	403
better rich	https://www.better-rich.com/	alive	200
be bare	https://naisture.com/pages/bebareus	alive	200
blåkläder	http://www.blaklader.com/	alive	200
bianca saunders	https://www.biancasaunders.com/	alive	200
bissú cosméticos	https://bissu.com/	alive	200
bimba y lola	https://www.bimbaylola.com/	alive	200
birdhichand ghanshyamdas	http://www.birdhichand.com/	alive	200
behno	https://behno.com/	alive	200
bocazia	https://bocazia.com/	alive	200
azmera skin care	http://www.azmera-skin.com/	alive	200
biorepublic skincare	http://biorepublic.com/	alive	200
alchemist	https://www.alchemist-fashion.com/	alive	200
bealls	https://www.beallsinc.com/	alive	200
baabushka	https://www.baabushka.com/	alive	200
brams paris	https://www.bramsparis.com/	alive	200
betts	https://www.betts.com.au/	alive	200
bottega veneta	https://www.bottegaveneta.com/	alive	200
beia	http://www.beiabeauty.com/	alive	200
bandgewoo	https://www.weibo.com/u/5542498022	alive	200
bluebuck	https://bluebuck.net/?oid=267&affid=1&source_id=GoY-rating&sub1=brandpage	alive	200
beautinow	https://www.beautinow.com/	blocked	403
bl'eau	http://www.bleaubeauty.com/	alive	200
biothera solutions	https://biotherasolutions.com/	alive	200
blackstone footwear	https://www.blackstonefootwear.com/	alive	200
alife and kickin	https://www.alifeandkickin.com/	alive	200
blom fashion	https://blomfashion.com/	alive	200
belnu	https://belnu.com/	alive	200
akiseo	https://akiseohats.com/	alive	200
black velvet circus	https://www.blackvelvetcircus.com/	alive	200
bellerose	https://www.bellerose.be/	alive	200
alegria b.	https://alegriab.com/	net-error	UND_ERR_CONNECT_TIMEOUT
brihans natural products	https://brihansnatural.com/	alive	200
baeblu	http://www.baeblu.com/	alive	200
alex m. lynch	https://www.alexmlynch.com/	tls-error	ERR_SSL_SSL/TLS_ALERT_HANDSHAKE_FAILURE
belly's candle co.	http://www.bellyscandleco.com/	alive	200
big bazaar - ffb	https://shop.bigbazaar.com/	net-error	ECONNRESET
blancheporte	https://www.blancheporte.fr/	alive	200
alberta ferretti	https://www.albertaferretti.com/	alive	200
affenzahn	https://www.affenzahn.com/	alive	200
big c	https://www.bigc.co.th/	blocked	403
beekind	https://www.gilchristsoames.com/collections/beekind.html	alive	200
bianca di	https://www.biancadi.com/	alive	200
bluemercury	https://www.bluemercury.com/	alive	200
bershka	https://www.bershka.com/	alive	200
bailey nelson	https://baileynelson.com/	alive	200
ahimsa	https://ahimsahaircare.com/?srsltid=AfmBOop7fVQpyOJx8VSQ3D9wImDHI2rYXtFa6JgyG0CZMpMWfXfibCqL	alive	200
beauty & youth united arrows	https://store.united-arrows.co.jp/brand/by/	blocked	403
blfd	https://blfdclothing.com/	http-dead	404
bindi	https://www.sust.nl/	alive	200
aidan mattox by adrianna papell	https://www.adriannapapell.com/	alive	200
boa basics	https://boabasics.com.au/	alive	200
bigotre	https://bigotre.com/#shop?utm_source=GoodOnYou%20App&utm_medium=Referral	alive	200
bogika	https://bogika.com.ua/	alive	200
blossom essentials	https://tryblossom.com/	alive	200
blackhead	https://www.blackheadshop.com/	alive	200
bel&bo	https://www.bel-bo.be/	alive	200
biotechbeauty	https://biotechbeautyus.com/	alive	200
bravado designs	https://www.bravadodesigns.com/	alive	200
autumn cashmere	https://www.autumncashmere.com/	blocked	403
bernardo	https://bernardofashions.com/	alive	200
aleem yusuf	https://aleemyusuf.com/	tls-error	ERR_SSL_WRONG_VERSION_NUMBER
binda italia	http://www.bindagroup.com/	alive	200
batistine	https://www.batistine.com/	alive	200
body soup for the soul	http://www.bodysoupforthesoul.com/	http-dead	404
balsais	https://balsais.com/	alive	200
beetles gel polish	https://www.beetlesgel.com/	alive	200
bhv	https://www.bhv.fr/	blocked	403
browtopia®️	https://minxandthemage.com/	alive	200
biosilk	https://biosilk.com/	tls-error	CERT_HAS_EXPIRED
bodyography	https://www.bodyography.com/	alive	200
blush	http://mattercompany.com/	alive	200
bloodknot & co	https://bloodknotandco.au/	alive	200
b futurist	https://bfuturist.com/	alive	200
aldola	http://www.aldola.com/	alive	200
bluemarble	https://bluemarbleparis.com/	alive	200
bomboogie	https://www.bomboogie.com/	alive	200
bee & alpaca	http://www.beeandalpaca.com/	alive	200
bonobo	https://bonobos.com/	http-dead	404
bloomings	https://www.bloomings.eu/	alive	200
benetton	http://www.benetton.com/	alive	200
boswellness	https://www.boswellness.com/	alive	200
alcaçuz	https://www.alcacuz.com.br/	alive	200
berry jane	https://berryjaneusa.com/	alive	200
aw.bridal	https://www.awbridal.com/	blocked	403
britt sisseck	https://brittsisseck.com/	alive	200
belle	https://www.belleintl.com/	dns-dead	no A/AAAA @1.1.1.1
bhava	https://bhavastudio.com/?oid=307&affid=1&source_id=GoY-rating&sub1=brandpage	alive	200
boden	https://eu.boden.com/	alive	200
bathen	https://bathenshop.com/	alive	200
black white beige	https://www.blackwhitebeige.com/	alive	200
algori	https://algoribrand.com/	alive	200
böhmer schuhe	https://www.boehmer-schuhe-ludwigsburg.de/	alive	200
bob's stores	https://www.bobstores.com/v	http-dead	404
basefield	https://www.basefield.de/	alive	200
bodymed formulations	https://www.bodymedproducts.com/pages/bodymed-formulations	alive	200
alain afflelou	https://www.afflelou.es/	alive	200
bellaire	http://bellaire.nl/	alive	200
bobux	https://www.bobux.eu/	net-error	UND_ERR_CONNECT_TIMEOUT
beth richards	https://www.bethrichards.com/	alive	200
barbour	https://www.barbour.com/	alive	200
boots opticians	https://www.bootsopticians.com/	alive	200
bonita	https://www.bonita.de/	alive	200
bhumi	https://bhumi.com.au/?oid=260&affid=1&source_id=GoY-rating&sub1=brandpage	alive	200
bioworld	https://www.bioworldind.com/	alive	200
bella mari	http://www.naturesbrands.com/	alive	200
brandsseekers	https://brandsseekers.com/	alive	200
bulaggi the bag	https://www.bulaggi.com/	alive	200
bollé	http://www.bolle.com/	blocked	403
berlin skin	http://www.berlinskin.com/	alive	200
barrie	https://www.barrie.com/	alive	200
bosideng	https://www.bosidengfashion.com/	alive	200
blooh	https://www.blooh.co/	alive	200
bonne suits	https://bonnelife.com/	alive	200
bolso	https://www.bolsobags.com/	dns-dead	NXDOMAIN @1.1.1.1+8.8.8.8
black & brown	https://www.black-brown.com/	alive	200
balibaris	https://www.balibaris.com/	alive	200
biankina	https://biankina.com/	alive	200
bourrienne paris	https://www.bourrienne.com/	alive	200
bombón de algodón	https://www.bombondealgodon.com/	alive	200
alaska glacial essentials	http://www.alaskaglacialmud.com/	alive	200
billion dollar beauty	http://billiondollarbeauty.com/	alive	200
blackhorse lane ateliers	https://blackhorselane.com/	alive	200
bring	https://bring.org/	alive	200
berenice	https://www.berenice.net/	alive	200
booda organics	http://www.boodaorganics.com/	alive	200
by parra	https://www.byparra.us/	alive	200
berkelmans	https://www.berkelmans.nl/	net-error	UNABLE_TO_VERIFY_LEAF_SIGNATURE
billionaire	https://www.billionaire.com/uk/home	net-error	redirect count exceeded
alfonsi	https://www.alfonsimilano.com/	tls-error	ERR_TLS_CERT_ALTNAME_INVALID
bob	https://www.bobcompany.it/	alive	200
bram's fruit	https://bramsfruit.com/	alive	200
bon label	https://bonlabel.com.au/	alive	200
botana	https://botanabedding.com/	alive	200
be free by danielle fishel	https://befreebydaniellefishel.com/	alive	200
blijdesteijn	http://blijdesteijn.nl/	alive	200
aldo martins	https://www.aldomartins.com/	alive	200
bioderma	https://www.bioderma.jp/	alive	200
brenda zaro	https://www.brendazaro.com/	alive	200
beauty by earth	https://beautybyearth.com/	alive	200
bloomshell	https://bloomshell.co/	alive	200
bobbi brown	https://www.bobbibrown.com.cn/	alive	200
beverly hills md	http://beverlyhillsmd.com/	blocked	403
bondi sands	https://www.bondisands.co.uk/	alive	200
beyond pure	http://beyondpure.ca/	alive	200
beachlife	https://beachlife.com/en/	alive	200
bf moda fashion	https://bfmodafashion.com/	tls-error	ERR_SSL_WRONG_VERSION_NUMBER
björn borg footwear	https://www.bjornborg.com/	alive	200
briglia blu	https://www.briglia1949.com/	alive	200
brand black	https://brandblack.com/	http-dead	402
barone	https://www.baronefirenze.com/	alive	200
begley's	http://begleysbest.com/	alive	200
boho and bowie	https://bohoandbowie.com/	alive	200
bijoux cailloux	https://bijouxcailloux.fr/	alive	200
bocage	https://www.bocage.eu/	alive	200
black bananas	https://www.blackbananas.com/	alive	200
billie swim	https://www.billieswim.com/	alive	200
black fashion	https://www.blackfashionbrand.com/nl/	http-dead	404
birddogs	https://www.birddogs.com/	alive	200
borsalino	https://www.borsalino.com/	alive	200
bua organics	http://buaorganics.com/	alive	200
blush lotus	https://www.blushlotus.com/	alive	200
bronx native	https://bronxnativeshop.com/	alive	200
björn borg	https://bjornborg.com/	alive	200
basic apparel	https://basicapparel.com/	alive	200
bee good do good	http://www.vetiversolutions.org/	alive	200
borntostandout	https://borntostandout.com/pages/gate	alive	200
boneless	https://weibo.com/p/1006065537888483/home	alive	200
azrul ananda	https://www.happywednesday.id/	alive	200
beauty art world	https://bawcosmetics.com/	alive	200
bora bora	https://www.bora-bora.es/	dns-dead	NXDOMAIN @1.1.1.1+8.8.8.8
bruno banani	https://www.brunobanani.com/	alive	200
admire my skin	https://www.admiremyskin.com/	alive	200
blipers	http://www.blipers.it/	alive	200
bizz x siss	https://bizzxsiss.com/	dns-dead	NXDOMAIN @1.1.1.1+8.8.8.8
blackstone	https://www.blackstonefootwear.com/en/	alive	200
bloch	https://eu.blochworld.com/	alive	200
burberry	https://uk.burberry.com/	alive	200
buddica	https://www.buddica.com/	blocked	403
boho aromatic	http://www.bohoaromatic.com/	alive	200
bleue burnham	https://bleueburnham.com/	alive	200
biku design	https://www.bikudesigns.com/	alive	200
borneo paris	https://www.borneo-paris.com/?oid=362&affid=1&source_id=GoY-rating&sub1=brandpage	alive	200
akoiaswim	https://akoiaswim.com/	alive	200
booksy	https://booksy.com/	alive	200
before	https://beforecompany.com/	alive	200
bulldog natural skincare	http://www.bulldogskincare.com/	alive	200
baodao group	https://www.eyesmart.com.tw/	alive	200
billebeino	https://www.billebeino.com/	alive	200
boot barn	https://www.bootbarn.com/	alive	200
bolsa nova	https://www.bolsanovahandbags.com/	alive	200
botanicals unleashed	http://www.dancingdingo.com/	alive	200
boyish	https://www.boyish.com/	alive	200
browns of york	http://www.brownsyork.co.uk/	alive	200
blackstore	https://www.blackstore.fr/	blocked	403
blutsgeschwister	https://www.blutsgeschwister.de/	alive	200
cache cœur	https://www.cachecoeurlingerie.com/	alive	200
brinker & eliza	https://brinkerandeliza.com/	alive	200
blažek	https://www.blazek.cz/	alive	200
agazi	https://agazi.eu/?oid=361&affid=1&source_id=GoY-rating&sub1=brandpage	alive	200
bayflow	https://www.bayflow.jp/	alive	200
busnel	https://www.busnel.com/	alive	200
blume	http://blume.com/	alive	200
bisous skateboards	https://bisousskateboards.com/	alive	200
bleuforêt	https://www.bleuforet.fr/	alive	200
byredo	https://www.byredo.com/	alive	200
betmar	https://www.betmarhats.com/	timeout	
booie beauty	https://booie.com/	alive	200
bitte kai rand	https://www.bittekairand.com/	alive	200
by walid	https://www.bywalid.co.uk/	dns-dead	NXDOMAIN @1.1.1.1+8.8.8.8
braun büffel	https://www.braun-bueffel.com/	alive	200
boohoo group	https://www.boohoo.com/	alive	200
bukuro	https://www.mybukuro.com/	alive	200
bait	https://baitme.jp/	alive	200
calliope by megan moroney	https://fragrancebymeganmoroney.com/	alive	200
blackbear apparel	https://blackbear.ink/shop	alive	200
bonpoint	https://www.bonpoint.com/	alive	200
bruno magli	https://www.brunomagli.com/	alive	200
baum und pferdgarten	https://www.baumundpferdgarten.com/	alive	200
boucheron	https://www.boucheron.com/	alive	200
b nosy	https://www.b-nosy.com/	alive	200
belluna	https://belluna.nl/	alive	200
bluespirit	https://www.bluespirit.com/	blocked	403
bohemian dream	https://bohemiandream.in/	alive	200
blanche cph	https://blanchecph.com/	alive	200
c.p. company	https://www.cpcompany.com/	blocked	403
bella vida santa barbara	http://www.bellavidasb.com/	alive	200
by pariah	https://bypariah.com/	alive	200
barton bangladesh	https://bartonbangladesh.com/	alive	200
blu & green	http://www.bluandgreen.com/	alive	200
botter	https://botter.world/	alive	200
bibico	https://www.bibico.co.uk/	alive	200
cape union mart	https://www.capeunionmart.co.za/	alive	200
accurist	https://www.accurist.co.uk/	alive	200
breeze	https://www.fo-kids.co.jp/shop/breeze/	alive	200
back to earth	https://backtoearthskin.com/en-ca	alive	200
bernstock speirs	https://bernstockspeirs.com/	alive	200
bonobos	https://bonobos.com/	http-dead	404
bluejeans and sunbeams	https://bluejeansandsunbeams.com/	dns-dead	NXDOMAIN @1.1.1.1+8.8.8.8
california naturals	http://thecalifornianaturals.com/	alive	200
belle & bloom	https://www.belleandbloom.com/	alive	200
berghaus	https://int.berghaus.com/	timeout	
balyy	https://www.fashion4wellness.com/balyy	alive	200
boyzz only	http://www.boyzzonly.com/	alive	200
boggi milano	https://www.boggi.com/	blocked	403
baume et mercier	https://www.baume-et-mercier.com/	alive	200
british knights	https://www.britishknights.com/	alive	200
cachicci	https://www.cachicci.com/	dns-dead	NXDOMAIN @1.1.1.1+8.8.8.8
bode	https://www.bodenewyork.com/	alive	200
breastflower	https://www.breastflower.com/	alive	200
biofor hungary	https://biofor.hu/	alive	200
carlijnq	https://carlijnq.nl/	http-dead	404
body b beautiful	http://www.bodybbeautiful.com/	alive	200
bearded coast	https://beardedcoast.com/	alive	200
beauty without cruelty	http://www.beautywithoutcruelty.com/	alive	200
bozena jankowska	https://www.bozenajankowska.com/	alive	200
botanical bliss natural skincare	https://botanicalblissskincare.com/	alive	200
boston	https://www.bostonwear.com/es/	alive	200
blundstone	https://www.blundstone.nl/	alive	200
bloomeffects	https://bloomeffects.com/	alive	200
blanknyc	https://www.blanknyc.com/	alive	200
british passport	https://britishpassport.it/en	http-dead	404
beach bunny	https://www.beachbunnyswimwear.com/	alive	200
bayo	http://www.bayo.com.ph/	alive	200
bricktown	https://www.bricktownworld.com/	alive	200
bonne gueule	https://www.bonnegueule.fr/	alive	200
bo doir	https://www.bodoir.nl/	alive	200
bottega verde	https://www.bottegaverde.it/	alive	200
bsiee	https://weibo.com/u/7491446051	alive	200
bohovaikai	https://www.bohovaikai.lt/	alive	200
calzeat	https://www.calzeat.com/	alive	200
black moon cosmetics	http://www.blackmooncosmetics.com/	alive	200
bon'a parte	https://www.bonaparteshop.com/	alive	200
becksöndergaard	https://www.becksondergaard.com/	alive	200
bejou	https://bejou.co/	alive	200
briggs&riley	https://www.briggs-riley.com/	alive	200
brandit	https://www.brandit-wear.com/	alive	200
caduné	http://cadune.jp/	alive	200
bobo global	https://boboglobal.com/	alive	200
brandtex	https://www.brandtex.dk/	tls-error	CERT_HAS_EXPIRED
beauty pie	https://www.beautypie.com/	alive	200
brow art 23	https://browart23.com/	alive	200
alicia audrey	https://aliciaaudreycollection.com/	alive	200
bewildher fitwear	https://www.bewildher.com/	alive	200
boldwill	https://www.boldwill.com/?oid=266&affid=1&source_id=GoY-rating&sub1=brandpage	alive	200
bréal	https://www.breal.net/	blocked	403
bonton	https://www.bonton.fr/	alive	200
berluti	http://www.berluti.com/	blocked	403
belk	https://www.belk.com/	alive	200
beales	https://www.beales.co.uk/	alive	200
brow bandit	http://browbandit.com/	alive	200
brilleland	https://www.brilleland.no/	alive	200
camel	https://www.camel.com.cn/	dns-dead	no A/AAAA @1.1.1.1
bric-a-brac	https://www.bric-a-brac.se/	alive	200
canadian classics	https://www.canadianclassics.it/	alive	200
bugatti	https://www.bugatti-fashion.com/	alive	200
beira	https://beira.scot/	alive	200
benefit cosmetics	https://www.benefitcosmetics.com/	blocked	403
boma	https://www.bomajewelry.com/	alive	200
baleaf	https://www.baleaf.com/	alive	200
blonde gone rogue	https://blondegonerogue.com/	alive	200
bombon spain	https://bombonspain.com/	alive	200
boob	https://www.boobdesign.com/	alive	200
bohempia	https://bohempia.com/	alive	200
casall	https://www.casall.com/	alive	200
bhldn	http://www.bhldn.com/	blocked	403
buffout	https://buffout.life/	alive	200
buckle& seam	https://buckleandseam.com/	alive	200
bare all	http://www.bareallsoaps.com/	alive	200
cardani	https://www.headcovers.com/cardani/	blocked	403
brunello cucinelli	https://www.brunellocucinelli.com/	alive	200
benedetta bruzziches	https://benedettabruzziches.com/	alive	200
bikini hut bali	https://bikinihutbali.com/	alive	200
besson shoes	https://www.besson-shoes.com/	blocked	403
cape horn	https://www.capehorn.it/	alive	200
boomba	https://getboomba.com/	alive	200
bulova watch company	http://www.bulova.com/	alive	200
bootlegger	https://www.bootlegger.com/	alive	200
bluemint	https://www.bluemint.com/	alive	200
bh dermcenter	https://losangelesbrands.com/collections/bh-dermcenter-skincare/	alive	200
body wild	https://www.gunze.jp/bodywild/	alive	200
beautystat cosmetics	https://beautystat.com/	alive	200
boragio	https://www.boragio.nl/	http-dead	402
cato corporation	https://www.catofashions.com/	blocked	403
bushman	https://bushman.cz/	alive	200
by elleven	https://www.byelleven.co.uk/	alive	200
brndwrks	https://www.brndwrks.eu/	alive	200
boadicea the victorious	https://boadiceaperfume.com/	alive	200
band of rascals	https://www.band-of-rascals.com/	alive	200
botanical rush llc	http://botanicalrush.com/	alive	200
bonova	https://bonova.shop/	alive	200
alex perry	https://www.alexperry.com.au/	alive	200
bon worth	https://bonworth.com/	alive	200
capo	https://www.capo-austria.com/	alive	200
bur bur	http://burburcare.com/	alive	200
by borre	https://byborre.com/	alive	200
bed&breakfast	https://greed.co.jp/	alive	200
bouffante	https://www.bouffante.nl/	alive	200
besocks	https://besocks.com/	alive	200
bottletop	https://bottletop.org/	alive	200
briogeo	http://briogeohair.com/	alive	200
benson shoes	https://benson-shoes.com/	alive	200
boscana	https://www.boscana.de/	alive	200
boxeur des rues	https://www.boxeurdesrues.com/eu/	alive	200
carpisa	https://www.carpisa.it/	alive	200
billi bi	https://billibi.com/	alive	200
cenci pelletterie	https://en.cencipelletterie.com/	alive	200
buccellati holding italia	https://www.buccellati.com/	alive	200
bull & berry	https://www.bullandberry.de/	alive	200
boston proper	https://www.bostonproper.com/	alive	200
bbase	https://bbase.com.hk/	alive	200
brotege	http://www.brotege.com/	alive	200
birgitte herskind	https://birgitteherskind.shop/	net-error	UND_ERR_CONNECT_TIMEOUT
carlton london	https://carltonlondon.co.in/	alive	200
bella | ha	https://bellaha.com/	alive	200
byniumaal	https://byniumaalshop.com/en/	tls-error	CERT_HAS_EXPIRED
breil	https://www.breil.com/	alive	200
boteh	https://boteh.com.au/	alive	200
brixy	http://www.gobrixy.com/	alive	200
carlie ballard	https://carlieballard.com/	alive	200
brunocenere	https://brunocenere.com/	alive	200
bonds	https://www.bonds.com/	alive	200
better not younger	http://www.better-notyounger.com/	alive	200
blueberry jam store	https://www.blueberryjam.de/	timeout	
bretter und stoff	https://www.bretterundstoff.com/	http-dead	404
bianca spender	https://www.biancaspender.com/	alive	200
castro	https://www.castro.com/	alive	200
bolon eyewear	https://boloneyewear.com/	alive	200
bovet fleurier	https://bovet.com/	alive	200
charm diamond centres	https://charmdiamondcentres.com/	blocked	403
by the way  your hair looks fabulous	http://www.thebtwco.com/	alive	200
brandon maxwell	https://www.brandonmaxwellonline.com/	alive	200
buffalo london	https://www.buffalo-boots.com/en-gb/buffalo-london	blocked	403
casely-hayford	https://casely-hayford.com/	alive	200
caftari	https://caftari.com/	alive	200
cabela's	https://www.cabelas.com/	blocked	403
brasi&brasi	https://www.brasibrasi.com/	alive	200
birthday	https://www.s-birthday.com/	alive	200
brakeburn	https://www.brakeburn.com/	alive	200
alé	https://alecycling.com/	alive	200
boozt	https://www.boozt.com/	alive	200
bronx	https://bronxshoes.com/en/	http-dead	404
by-bar	https://www.shop-by-bar.nl/	alive	200
bubbles & balms	https://www.bubblesandbalms.ca/	alive	200
big 5 sporting goods	http://www.big5sportinggoods.com/	blocked	403
bio follicle vegan plant derived hair products	http://www.biofollicle.com/	alive	200
cécile canj	https://cecilecanj.com/	alive	200
boemos	http://www.boemos.it/	alive	200
bulwark	https://www.bulwark.com/	alive	200
boody	https://boodywear.co.za/	alive	200
bottega chilometri zero	https://www.bottegachilometrizero.com/	alive	200
borovo	https://www.borovo.hr/	alive	200
cad-b makeup and skincare	http://cad-b.com/	alive	200
biagini 1968	https://www.biagini1968.com/	alive	200
brooks	https://www.brooksrunning.com/en_us/	alive	200
brett johnson	https://brettjohnson.co/	alive	200
by-bar amsterdam	https://www.shop-by-bar.nl/	alive	200
blake brown	https://blakebrownbeauty.com/	alive	200
brantano footwear	http://www.brantano.com/	alive	200
british fashion council	http://www.britishfashioncouncil.co.uk/	alive	200
blakely	https://eu.blakelyclothing.com/	alive	200
boux avenue	https://www.bouxavenue.com/	alive	200
caes	https://www.caes-store.com/	alive	200
beau d.	http://beau-d.com/	alive	200
brillen rottler	https://www.rottler.de/	alive	200
buddha to buddha	https://www.buddhatobuddha.com/	alive	200
burgeon outdoor	https://www.burgeonoutdoor.com/	alive	200
black by moussy	https://www.ec-store.net/sws/r/rBLK/	alive	200
body london	https://bodylondonco.com/	alive	200
champagne in the morning	https://champagneinthemorning.com/	dns-dead	NXDOMAIN @1.1.1.1+8.8.8.8
brbl	https://www.brbl.net/	alive	200
cam cam	https://camcamcopenhagen.com/	alive	200
brighty&co	https://brightyandco.com/en/	http-dead	404
biossance	https://www.biossance.com/	alive	200
calou	https://calou.se/	alive	200
boyner group	https://www.boyner.com.tr/	blocked	403
c.h. jewelry	https://www.chjewelry.co/	alive	200
casagin	https://www.casagin.com/?oid=161&affid=1&source_id=GoY-rating&sub1=brandpage	alive	200
catherine rowe designs	https://www.catherinerowedesigns.com/	alive	200
bvb fanshop	https://shop.bvb.de/en-gb	alive	200
blueberry	https://www.bluebeery.eu/	alive	200
bsb	https://www.bsbfashion.com/	blocked	403
bretelle&braces	https://www.bretelleitaliane.com/	tls-error	ERR_TLS_CERT_ALTNAME_INVALID
cabochon	https://cabochon.ae/	alive	200
calzaturificio marino fabiani	https://marinofabiani.com/azienda/	alive	200
bedi	https://bedistudios.com/?oid=233&affid=1&source_id=GoY-rating&sub1=brandpage	alive	200
bufandy	https://www.bufandy.com/	alive	200
boni-moriya	http://boni-moriya.com/	dns-dead	NXDOMAIN @1.1.1.1+8.8.8.8
brooklyn denim co	https://brooklyndenimco.com/	alive	200
bushy	https://www.bushyunderwear.com/	alive	200
blissful organix	http://www.blissfulorganix.com/	alive	200
chevalier d’éon	https://www.chevalierdeonheritage.com/	net-error	ECONNRESET
cadolle	https://www.cadolle.com/	alive	200
bel essence	http://www.belessence.com/	alive	200
chillax	https://chillax.co/	alive	200
black yak	http://www.blackyak.com/	alive	200
benvenuto	https://www.benvenuto.de/	alive	200
botier	http://botierofficial.com/	alive	200
bluebella	https://www.bluebella.com/	alive	200
bunnies jr	https://www.bunnies.nl/	alive	200
cape clasp	https://www.capeclasp.com/	alive	200
binder optik	https://www.binder-optik.de/	alive	200
buttah	https://www.buttahskin.com/	alive	200
borsheim's fine jewelry	http://www.borsheims.com/	blocked	403
byvalenti	https://www.byvalenti.com/	alive	200
c.l. seifert	https://clseifert.com/	alive	200
bn3th	https://www.bn3th.com/	alive	200
camicissima	https://www.camicissima.it/	alive	200
beneshty	https://beneshty.com/	alive	200
bize	https://www.bizefashion.com/en/home/	alive	200
christy dawn	https://christydawn.com/?oid=64&affid=1&source_id=GoY-rating&sub1=brandpage	alive	200
bloome*	http://bloome.com/	alive	200
better world fashion	https://betterworldfashion.com/	http-dead	402
brunnaco	https://www.brunnaco.com/	alive	200
capelli new york	https://www.capellinewyork.de/	alive	200
body details	https://www.bodydetails.com/	alive	200
canivro	https://www.canivro.com/	alive	200
brickell men's products	https://www.brickellmensproducts.com/	alive	200
carlucce inc.	http://www.carlucce.com/	alive	200
black and gold	https://www.blackandgoldofficial.com/	alive	200
bymotherhands	https://www.etsy.com/shop/ByMotherHands	blocked	403
c4n	http://crazy4new.com/en/	alive	200
catherine regehr	https://catherineregehr.com/	alive	200
bella dahl	https://www.belladahl.com/	alive	200
cajoy	https://www.cajoy.com/	alive	200
bronzo sensualé organic suncare	http://bronzosensuale.com/	alive	200
california biology	https://californiabiology.com/	alive	200
buffalo	https://www.buffalo.de/	blocked	403
boka fragrance	https://bokafragrance.com/	alive	200
brow studio 7	https://www.browstudio7.com/	alive	200
christ	https://www.christ.de/	alive	200
beth & jeni	https://www.bethyjeni.com/	tls-error	ERR_TLS_CERT_ALTNAME_INVALID
blaumax	https://www.blaumax.com/	alive	200
brixton	https://www.brixton.com/	alive	200
bondi born	https://bondiborn.com/	alive	200
bobo choses	https://www.bobochoses.com/	alive	200
big bud press	https://bigbudpress.com/	alive	200
cabbeen	https://www.ir.cabbeen.com/	tls-error	ERR_TLS_CERT_ALTNAME_INVALID
capodimonti cashmere	http://www.capodimonticashmere.com/	alive	200
ceremonia	https://ceremonia.com/	alive	200
calpierre	https://www.calpierre.it/	alive	200
bath & body works	https://www.bathandbodyworks.ca/	alive	200
camille h	https://www.camille-h.com/	alive	200
cashmere couture	https://simonebruns.com/	alive	200
caftanii	http://caftanii.it/	alive	200
brava fabrics	https://bravafabrics.com/	alive	200
caley-beth	https://caley-beth.com/	alive	200
céméle paris	https://www.cemele.fr/	dns-dead	NXDOMAIN @1.1.1.1+8.8.8.8
beppi	https://www.beppi.pt/	alive	200
brioni	http://www.brioni.com/	alive	200
burrows & co	https://burrowsandco.com.au/	tls-error	ERR_TLS_CERT_ALTNAME_INVALID
bontoni	http://www.bontoni.com/	alive	200
chums japan	https://www.chums.jp/	alive	200
blueport	https://www.blueport.de/	alive	200
btartbox	http://btartboxnails.com/	alive	200
body drench	http://www.bodydrench.com/index.html	alive	200
bolzr	https://www.bolzr.store/	alive	200
biotechusa	https://shop.biotechusa.com/	alive	200
bracha	https://brachadesign.com/	alive	200
carmela	https://www.carmelashoes.com/	alive	200
carlo carrizosa	https://carlocarrizosa.com/	alive	200
charming charlie	https://charmingcharlie.com/	alive	200
cannasmack	https://cannasmack.com/	net-error	ECONNREFUSED
born rich	https://www.bornrichclothing.com/	http-dead	423
brother vellies	https://brothervellies.com/	alive	200
bianco	https://www.bianco.com/	alive	200
cavallaro napoli	https://www.cavallaronapoli.com/	alive	200
bullboxer	https://www.bullboxer.com/	alive	200
british vintage boxing	https://www.britishvintageboxing.com/	alive	200
campus square	https://www.campusbrno.cz/	alive	200
camps & camps	https://www.campsencamps.nl/	alive	200
charlie mae swimwear	https://www.charliemae.com.au/	alive	200
callaghan	https://www.callaghan.es/	alive	200
c7skates	https://c7skates.com/	alive	200
camel active	https://www.camelactive.de/	alive	200
bogdar	https://bogdar.com/	alive	200
classics77	https://www.classics77.com/	tls-error	ERR_SSL_SSL/TLS_ALERT_HANDSHAKE_FAILURE
bona dea naturals	https://bonadeanaturals.com/	alive	200
cariloha	https://www.cariloha.com/	alive	200
bukser jeans	https://bukserjeans.com/	alive	200
burju	https://burjushoes.com/	alive	200
bond no. 9	https://www.bondno9.com/	alive	200
burgandi paris	https://burgandi-paris.com/	alive	200
blackberrys	https://blackberrys.com/	alive	200
brighthouse	https://www.brighthouse.co.uk/	net-error	ECONNRESET
be edgy	https://www.be-edgy.com/	alive	200
casas bahia	https://www.casasbahia.com.br/	alive	200
buga	https://www.buga.cz/	alive	200
captain blankenship	https://captainblankenship.com/	alive	200
cep	https://www.cepsports.net/	alive	200
btartboxnails	http://btartboxnails.com/	alive	200
caravana	https://www.caravana.land/	alive	200
carat*	https://www.caratlondon.com/	alive	200
blind barber	http://blindbarber.com/	alive	200
casadei	https://www.casadei.com/	alive	200
canali	https://www.canali.com/	alive	200
calisson little royals	https://www.calissonlittleroyals.com/	alive	200
cara mila	https://cara-mila.com/	alive	200
bondi leather	https://www.bondileather.com.au/	dns-dead	NXDOMAIN @1.1.1.1+8.8.8.8
clodi	https://clodi.pl/	alive	200
borges & scott	https://borgesandscott.com/	alive	200
by malene birger	https://www.bymalenebirger.com/	alive	200
byza	https://byza.com/	alive	200
born living yoga	https://bornlivingyoga.com/	alive	200
bloomingdale's	https://www.bloomingdales.com/	blocked	403
brütting	https://www.bruetting-diamond-brand.com/	alive	200
by wendy	https://www.bywendy.cz/	alive	200
browluxe®	https://browluxe.ca/	alive	200
cavallo	https://www.cavallo.info/	alive	200
camille	https://www.camilleveganbags.com/	alive	200
by billie	https://bybillie.com.au/	alive	200
carolglass	http://www.eyecare-health.com/	alive	200
burban	https://www.burban.gr/	alive	200
call it spring	https://www.callitspring.com/	alive	200
carpe	http://www.mycarpe.com/	alive	200
carpatree	https://carpatree.com/	alive	200
blushlips	http://www.blushlips.com/	alive	200
care by me	https://carebymeusa.com/	http-dead	404
carolina herrera	https://www.carolinaherrera.com/	alive	200
bosanova	https://www.bosanova.es/en/	alive	200
carine gilson	https://carinegilson.com/en/	alive	200
cocojojo	http://www.cocojojo.com/	alive	200
bytom	https://bytom.com.pl/	alive	200
cache cache	https://www.cache-cache.fr/	blocked	403
carter thomas	https://www.etsy.com/shop/CarterThomasBeauty	blocked	403
cal & gary's	http://calgarycoop.com/	timeout	
boyd's of texas	https://boydsoftexas.com/	alive	200
citra solv	http://www.citrasolv.com/	alive	200
boboli	https://www.boboli.ie/	alive	200
cadini	https://www.cadini.com/	alive	200
cero & etage	https://www.cero-etage.dk/	alive	200
búho	https://buhobcn.com/en/	alive	200
capsule	https://capsulestudio.net/	http-dead	404
cabana	http://cabanacomfort.com/	alive	200
cassels	https://cassels.se/	alive	200
byrd	https://byrdhair.com/?srsltid=AfmBOop3mhglDx5oOnFAdj0tOZnG9ifMB-KLH-ZuXzQIXyrP4tZxLRi3	alive	200
boom beauty	https://boombeauty.com/collections/shop-all?view=cw-shop-all	alive	200
carvela	https://www.carvela.com/	alive	200
castori	https://www.castorishoes.com/	alive	200
castle soap company	https://castlesoapcompany.com/	alive	200
boho yaşam	https://bohoyasam.com/en	alive	200
casio	https://www.casio.co.jp/	alive	200
china glaze	http://chinaglaze.com/	alive	200
brador	http://www.bradorshop.it/	alive	200
cake maternity	https://www.cakematernity.com/	alive	200
charmed aroma	https://ca.charmedaroma.com/	alive	200
beauty bakerie	https://www.beautybakerie.com/	alive	200
cauldron apothecary	http://www.cauldronapothecary.shop/	alive	200
carpet company	https://www.carpetco.us/	alive	200
canary	https://www.canarycleanco.com/	alive	200
calvin klein collection	http://explore.calvinklein.com/en_US/explore	dns-dead	NXDOMAIN @1.1.1.1+8.8.8.8
beezymama	https://www.etsy.com/sg-en/shop/BeezyMama	blocked	403
bostonmints refreshing lipgloss	http://bostonmints.com/	alive	200
breva soap co.	https://brevasoap.com/	http-dead	404
beurre shea butter skincare	http://www.getbeurre.com/	alive	200
clean glow co.	https://cleanglowcompany.com/	alive	200
bombers original	https://www.bombers-original.com/	alive	200
bioclarity	http://bioclarity.com/	alive	200
chasers	https://www.chsrs.nl/	tls-error	ERR_TLS_CERT_ALTNAME_INVALID
calliope	https://www.calliope.style/	alive	200
catwalk junkie	https://catwalkjunkie.com/	alive	200
botticelli	https://botticelli.es/	alive	200
catar cottega	https://catarcottega.com/	alive	200
catherine colebrook	https://www.catherinecolebrook.com/	alive	200
cecil mcbee	http://www.j-im.jp/	alive	200
bons baisers	https://www.bonsbaisers.paris/	alive	200
ccdk copenhagen	https://ccdk.dk/	tls-error	ERR_TLS_CERT_ALTNAME_INVALID
chuda skincare	http://www.chudaskincare.com/	alive	200
bundgaard	https://bundgaard-schuhe.de/	alive	200
china gold	https://www.chnau99999.com/	alive	200
camomilla milano	http://www.camomilla.it/	alive	200
canela's homemade hair care	https://www.canelashomemadehaircare.com/	alive	200
centro comercial plaza valera	http://vamosalplaza.com/	dns-dead	NXDOMAIN @1.1.1.1+8.8.8.8
cecil	https://www.cecil.ch/	alive	200
cat footwear	https://www.catfootwear.nl/	alive	200
careeon	http://careeon.com/	alive	200
capaf	https://www.capaffirenze.com/	alive	200
bellapierre cosmetics	http://www.bellapierre.com/	net-error	redirect count exceeded
brooksfield	https://www.brooksfield.com/	alive	200
bigger than beauty skincare®	https://thrivecausemetics.com/pages/bigger-than-beauty-skincare	alive	200
boomine	https://boomine-rgawdxe.gamma.site/	alive	200
boyes	https://www.boyes.co.uk/	alive	200
black colour	https://www.blackcolour.dk/	alive	200
chinese laundry	https://www.chineselaundry.com/	alive	200
cg – club of gents	https://www.cg.fashion/	alive	200
breathe	https://breathelifestyle.co.uk/	alive	200
cellini	https://www.celliniluggage.co.za/	alive	200
cellbone	https://www.cellbone.com/	alive	200
botanical republic	https://www.botanicalrepublic.com/	alive	200
chaco	https://www.chacos.com/	alive	200
city chic	https://www.citychic.com/	blocked	503
christopher kane	https://www.christopherkane.com/	dns-dead	no A/AAAA @1.1.1.1
car shoe	http://www.carshoe.com/	alive	200
charriol	https://www.charriol.com/	alive	200
chanel	https://www.chanel.com/	blocked	403
camélia forever	https://www.cameliaforever.com/	alive	200
carlance	https://www.carlance.fr/	alive	200
budmil	https://budmil.eu/	alive	200
carol turner collection	https://www.carolturnercollection.com/	alive	200
buffalo exchange	https://www.buffaloexchange.com/	alive	200
birdbath	http://birdbathbodytreats.com/	alive	200
brew city botanicals	http://www.bcbotanicals.com/	alive	200
church's	https://www.church-footwear.com/	alive	200
brighton collectibles	https://www.brighton.com/	alive	200
bro fitwear	https://www.brofitwear.com.br/	alive	200
cars jeans	https://www.carsjeans.nl/	alive	200
charli	https://www.charli.com/	alive	200
charles j wahba	https://www.boydsmadisonave.com/collections/charles-wahba	alive	200
by far	https://www.byfar.com/	alive	200
cheeta teamwear pty ltd	https://cheetateamwear.com.au/	alive	200
clean rebellion	https://cleanrebellion.com/	alive	200
city shirt co	https://cityshirt.co/	alive	200
chillouts	https://www.chillouts.de/	alive	200
chet lo	https://www.chetlo.com/	alive	200
caraline skincare	https://www.caralineskin.com/	blocked	403
byblos	https://byblosofficial.com/	alive	200
champion	https://www.champion.com/	alive	200
buti	http://www.butipelletterie.com/	alive	200
cambridge satchel co	https://www.cambridgesatchel.com/	alive	200
casselini	https://www.casselini.com/	alive	200
buzz	https://www.buzzsneakers.ro/	alive	200
brora	https://www.broraonline.com/	alive	200
blackout	https://www.blackout.ch/	alive	200
colourpop cosmetics	https://colourpop.com/	alive	200
citychamp watch & jewellery	http://www.citychampwatchjewellery.com/	dns-dead	no A/AAAA @1.1.1.1
brownie	https://www.browniespain.com/es	alive	200
castle baths exotic earth	http://www.castlebaths.com/	blocked	403
bucherer	https://www.bucherer.com/	alive	200
chick lane	https://chick-lane.com/	dns-dead	NXDOMAIN @1.1.1.1+8.8.8.8
chiccheria brand	http://chiccheriabrand.com/	http-dead	404
caboo paper products	https://cabooproducts.com/	alive	200
chong hing jewelers	https://chpremier.com/	alive	200
blncd naturals	https://blncdnaturals.com/	alive	200
cleanboss	http://shopcleanboss.com/	alive	200
chufy	https://chufy.com/	timeout	
clumpy's	https://www.clumpys.com/	net-error	UND_ERR_CONNECT_TIMEOUT
cefinn	https://www.cefinn.com/	alive	200
club manhattan	https://www.clubmanhattan.nl/	alive	200
carolina torres	https://bycarolinatorres.com/	dns-dead	NXDOMAIN @1.1.1.1+8.8.8.8
candice cooper	https://www.candicecooper.com/	alive	200
café leather	https://cafeleather.com/	alive	200
c.c. filson	http://www.filson.com/	alive	200
capital world group	https://capitalworldgroup.com/	alive	200
cbdistillery	https://www.thecbdistillery.com/	blocked	403
caalloverprint	https://www.caalloverprint.com/	dns-dead	NXDOMAIN @1.1.1.1+8.8.8.8
carolina machado	https://www.carolina-machado.com/	alive	200
chaykra	https://chaykra.com/	alive	200
bottomless	https://www.livebottomless.com/	alive	200
buffalo industries	https://www.buffaloindustries.com/	alive	200
cahlumn	https://daytonajp.com/brands/	alive	200
buki akomolafe	https://www.bukiakomolafe.com/	alive	200
cee cee's closet	https://www.ceeceesclosetnyc.com/	alive	200
chiki buttah products	http://www.chikibuttah.com/	alive	200
burkely	https://www.burkely.nl/	alive	200
bras n things	https://www.brasnthings.com/	alive	200
christopher john rogers	https://christopherjohnrogers.com/	alive	200
christian philip	https://christianphilip.com/	alive	200
calle del mar	https://www.calledelmar.us/	alive	200
carhartt work in progress	https://us.carhartt-wip.com/	alive	200
bnsm	https://www.bnsm.de/	alive	200
clubman	http://clubman.com/	alive	200
cl	https://selflovebycl.ca/	alive	200
chantal thomass	https://chantelle.com/fr/univers-chantal-thomass	http-dead	404
colchester rubber co	https://www.colchesters.com/	alive	200
berlook	https://www.berlook.com/	alive	200
chowtaiseng	https://www.chowtaiseng.com/	blocked	403
caridei glove factory	https://www.caridei.it/	alive	200
camila klein	https://www.camilaklein.com.br/	alive	200
calista tools	http://calistatools.com/	alive	200
cfcl	https://www.cfcl.jp/	alive	200
caldera + lab	http://www.calderalab.com/	alive	200
chevignon	https://www.chevignon.fr/	alive	200
chnge	https://chnge.com/	alive	200
cassandra hone	https://www.cassandrahone.com/	alive	200
bree	https://bree.com/	alive	200
buzz skincare co	http://buzzskincareco.com/	alive	200
caibai	https://www.bjcaibai.com.cn/	alive	200
contempo	https://contemposhop.co.za/	alive	200
brandy melville	https://www.brandymelvilleusa.com/	alive	200
cleango greengo inc.	https://cleangogreengo.com/	alive	200
british indigo	https://www.verweij.com/	alive	200
cipo & baxx	https://www.cipoandbaxx.com/	alive	200
canon quartz	https://canonquartz.com/	alive	200
cielvaa	https://www.cielvaa.com/	alive	200
carolyn rowan	https://carolynrowancollection.com/	alive	200
blowfish malibu	https://www.phenomene.nl/	alive	200
colette by colette hayman	https://www.colettehayman.com.au/	alive	200
chi chi london	https://www.chichiclothing.com/	alive	200
colette schilde	https://coletteschilde.be/	tls-error	CERT_HAS_EXPIRED
casablanca	https://casablancaparis.com/	alive	200
by jam gioielli	https://byjam.nl/	alive	200
bolden	https://www.boldenusa.com/	alive	200
chaser brand	https://www.chaserbrand.com/	blocked	403
chapters of her  skincare by the rolling bell  llc	https://www.chaptersofherskincare.com/	alive	200
cappelleria melegari	https://www.cappelleriamelegari.com/	blocked	403
chpo	https://chpobrand.com/	blocked	403
ciciban	https://ciciban.rs/	blocked	403
chronotope	https://chronotope-perfume.com/	alive	200
cinnao	https://www.cinnao.com/	tls-error	UNABLE_TO_GET_ISSUER_CERT_LOCALLY
cartoon	https://bettybarclay.com/	alive	200
cissi och selma	https://www.cissiochselma.se/	alive	200
caalo	https://store.caalo.studio/	alive	200
comoli	https://www.comoli.jp/	alive	200
bh cosmetics	https://bh-cosm.com/	alive	200
brisk	https://www.briskshirts.com/	alive	200
bromen	https://bromenfashion.com/	http-dead	402
clay and olive skincare	https://clayandoliveskincare.com/	alive	200
caripro	http://www.smilebrilliant.com/	alive	200
clane	https://clane-design.com/	alive	200
catarina mina	https://www.catarinamina.com/	blocked	403
boda skins	https://bodaskins.eu.com/	alive	200
christina krämer	https://www.christinakraemer.com/	alive	200
camisería burgos	https://camiseriaburgos.com/	alive	200
comptoir des cotonniers	https://www.comptoirdescotonniers.eu/	alive	200
cacharel	http://cacharel.com/	alive	200
camisaria colombo	https://www.camisariacolombo.com.br/	alive	200
companion denim	https://www.companiondenim.com/	net-error	UNABLE_TO_VERIFY_LEAF_SIGNATURE
carlo pignatelli	https://www.carlopignatelli.com/	alive	200
chloé	https://www.chloe.com/	alive	200
corridor	https://corridornyc.com/	alive	200
chiara ferragni	https://www.chiaraferragnicollection.com/	http-dead	404
carmen sol	https://carmensol.com/	alive	200
cinque	https://www.cinque.de/	alive	200
cks	https://www.cks-fashion.com/	alive	200
citrus on main	http://citrusonmain.com/	dns-dead	NXDOMAIN @1.1.1.1+8.8.8.8
caterpillar	https://catworkwear.com/	alive	200
clayton	https://www.claytonitalia.com/eu/	http-dead	404
coppel	https://www.coppel.com/	blocked	403
brunotti	https://www.brunotti.com/	alive	200
buckle	https://www.buckle.com/	alive	200
carter's	https://www.carters.com/	blocked	403
castaner	https://www.castaner.com/	alive	200
celestino	https://www.celestino.gr/	alive	200
callaway	https://www.callawayapparel.com/	blocked	403
bon clic bon genre	https://www.bon-clic-bon-genre.us/	alive	200
canadian outdoor equipment co.	https://www.canadianoutdoorequipment.com/	alive	200
capri holdings	https://www.capriholdings.com/	blocked	403
coral sun	http://coralsun.net/	alive	200
calvin klein	https://www.ck.com/	alive	200
capuccino	https://capuccino-fashion.de/	alive	200
cascade theatre	http://www.cascadetheatre.org/	alive	200
cibadol	http://cibadol.com/	alive	200
cottonworld	https://cottonworld.net/	alive	200
christian audette	https://christianaudette.com/	alive	200
catimini	https://www.catimini.fr/	alive	200
cashmirino	https://www.cashmirino.com/	alive	200
classic sheepskins	https://classicsheepskins.co.uk/	dns-dead	NXDOMAIN @1.1.1.1+8.8.8.8
clean beauty by joy	https://cleanbeautybyjoy.com/	alive	200
celine	https://www.celine.com/	blocked	403
club 24	http://club24fashion.com/	alive	200
clean kiss	http://cleankisslifestyle.com/	alive	200
candy cottons store	https://candycottonstore.com/	alive	200
bumama	https://bumama.com/	alive	200
cloverpost	https://www.cloverpost.com/	tls-error	ERR_SSL_TLSV1_ALERT_INTERNAL_ERROR
cav empt	https://www.cavempt.com/	alive	200
catarina martins	https://www.catarinamartins.com/	alive	200
bruun & stengade	https://bruunogstengade.dk/	alive	200
carducci	https://carducci.bg/	alive	200
carolina cosmetics	http://www.carolinacosmetics.com/	http-dead	404
carolina bucci	https://carolinabucci.com/	alive	200
claesen's	https://www.claesens.com/	alive	200
classic cotton co	https://classiccotton.net/	alive	200
création gross gmbh & co. kg	https://creationgross.com/	alive	200
celtic fusion	https://celticfusiondesign.com/	alive	200
cavu beauty	http://cavubeauty.com/	dns-dead	NXDOMAIN @1.1.1.1+8.8.8.8
club l' avenir	https://www.clublavenir.com/	alive	200
clio goldbrenner	https://www.cliogoldbrenner.com/	alive	200
circle sportswear	https://en.circlesportswear.com/	tls-error	ERR_SSL_SSL/TLS_ALERT_HANDSHAKE_FAILURE
cofur denmark	https://www.cofur.dk/	net-error	UND_ERR_CONNECT_TIMEOUT
costa del mar	https://www.costadelmar.com/en-us	blocked	403
coperni	https://us.coperniparis.com/	alive	200
club of comfort	https://www.club-of-comfort.de/	alive	200
bybba	https://bybba.com/	alive	200
boo pala	https://boopala.com/	alive	200
cofucu	https://cofucu.com/	alive	200
challo	http://challobeauty.com/	tls-error	CERT_HAS_EXPIRED
bushbalm	https://bushbalm.com/	alive	200
bungert	https://www.bungert-online.de/	alive	200
carriwell	https://www.carriwell.com/	alive	200
billion	https://billiongroup.com.my/	dns-dead	no A/AAAA @1.1.1.1
castafiore	https://castafiore.fr/	alive	200
bzna	https://bzna.de/	alive	200
crying center	https://www.cryingcentertw.com/	alive	200
charlie constantinou	https://charlieconstantinou.com/	alive	200
cero nine	https://cero-nine.com/	alive	200
colcci	https://www.colcci.com.br/	alive	200
cocodot affection	https://www.cocodotaffection.com/	http-dead	404
claudia sträter	https://www.claudiastrater.com/	blocked	403
canussa	https://www.canussa.com/	alive	200
char skincare	https://www.charskincare.com/	alive	200
command cosmetics	http://www.commandcosmetics.com/	alive	200
cossac	https://cossac.co/?oid=200&affid=1&source_id=GoY-rating&sub1=brandpage	alive	200
café du cycliste	https://www.cafeducycliste.com/en_us/	http-dead	404
cole haan	https://www.colehaan.com/	alive	200
botanicary skincare	https://botanicary.com/	alive	200
cowboysbag	https://www.cowboysbag.com/	blocked	403
chelsea bravo	https://www.chelseabravo.com/	alive	200
careone	https://careone.in/	alive	200
casco totes	https://cascototes.com/	alive	200
calamar	https://www.calamar-menswear.com/	alive	200
d-mara	https://dmara.es/	blocked	503
chika kisada	http://www.chikakisada.com/	dns-dead	no A/AAAA @1.1.1.1
chaumet	https://www.chaumet.com/fr	blocked	403
communion botanicals	https://www.communionbotanicals.ca/	alive	200
cloth & co.	https://clothandco.co/	alive	200
carl gross	https://carlgross.com/	alive	200
coolcat	https://www.coolcat.nl/	blocked	403
cq couture	https://www.cqcouture.com/	alive	200
composerx	https://composerx.com/	alive	200
candy x paints	http://www.candyxpaints.com/	alive	200
braqeez	https://www.braqeez.nl/	alive	200
crooked chaps	http://crookedchaps.com/	alive	200
carry	https://carry.pl/	alive	200
costa da morte # death coast	https://dthcst.com/	alive	200
campo marzio	https://www.campomarzio.it/	blocked	403
dakota501	https://dakota501.com/	http-dead	404
chiquelle	https://www.chiquelle.com/splash-page.html?v=3%3Futm_source%3DGoodOnYou+App	blocked	401
copa	https://www.copafootball.com/	alive	200
ccc	https://ccc.eu/	alive	200
coconutacha	https://coconutacha.com/	alive	200
björk and berries	https://bjorkandberries.com/	alive	200
cleobella	https://cleobella.com/	alive	200
bootstock	https://www.bootstock.nl/	alive	200
cosmic wonder	https://www.cosmicwonder.com/ja/	alive	200
crossfixe	http://skinourishment.com/	tls-error	CERT_HAS_EXPIRED
chicco	https://www.chicco.com/	alive	200
carhartt	https://www.carhartt.com/	alive	200
cus	http://cus.cat/	alive	200
cat workwear	https://catwwr.com/	alive	200
cqp	https://c-qp.com/	alive	200
chylak	https://chylak.com/us/en	alive	200
cleo+coco	http://www.cleoandcoco.com/	alive	200
cosmo crew	https://www.cosmocrewkids.com/	alive	200
come on	https://comeonworld.com/	alive	200
clocks and colours	https://www.clocksandcolours.com/	alive	200
darjeeling	https://www.darjeeling.fr/	alive	200
blende	https://www.blendebeauty.com/	alive	200
cobraeleven	https://www.cobraeleven.com/	alive	200
courtney sykes molecular anti-aging	http://www.courtneysykes.com/	alive	200
cute stuff	https://www.cutestuff.de/	alive	200
causemedic	http://www.causemedic.com/	alive	200
casupo	https://casupo.co/	alive	200
copper fox 1998	https://www.copperfox1998.com/	alive	200
chrome hearts	https://www.chromehearts.com/	alive	200
christopher hanlon	https://christopherhanlon.com/	alive	200
céla by celine tadrissi	http://www.thisiscela.com/	alive	200
crtfd	https://feature.com/collections/crtfd	alive	200
billet doux lingerie	https://www.billetdoux.com/	alive	200
dab herb makeup and skincare	https://www.etsy.com/shop/dabherbmakeup	blocked	403
cklass	https://cklass.com/	alive	200
charles & keith	https://www.charleskeith.com/	alive	200
cobblestone living	https://cobblestone-living.com/	alive	200
covergirl	http://www.covergirl.com/	alive	200
contrapposto	http://contrapposto.com/	alive	200
cocoa by cece	https://cocoabycece.com/	alive	200
collectors club	https://collectorsclub.cc/	alive	200
crismot	http://www.crismot.com/	alive	200
caramel	https://www.caramel-shop.co.uk/	alive	200
camilla	https://camilla.com/	alive	200
carven	https://www.carven.com/	alive	200
cerave	http://www.cerave.com/	alive	200
cedar & sage	http://uppercanadasoap.com/	alive	200
costco	https://www.costco.ca/	alive	200
chopard	https://www.chopard.com/	alive	200
citi trends	https://www.cititrends.com/	alive	200
bivouac outdoor	https://www.bivouac.co.nz/	alive	200
danavi	http://danavi.com/	alive	200
clemedy	https://www.clemedy.com/	dns-dead	NXDOMAIN @1.1.1.1+8.8.8.8
collegium	https://ourcollegium.com/	alive	200
chic le frique	https://chiclefrique.us/	tls-error	CERT_HAS_EXPIRED
corteiz	https://www.crtz.xyz/	alive	200
colorsmith	http://www.colorsmith.co/	alive	200
concreted	https://concreted.com/	alive	200
caroline biss	https://carolinebiss.com/	blocked	403
cappellificio fiorentino	http://www.cappellificiofiorentino.it/?lang=en%3Futm_source%3DGoodOnYou+App	dns-dead	NXDOMAIN @1.1.1.1+8.8.8.8
catherines	https://www.catherines.com/	http-dead	433
chaser	https://chaserbrand.com/	blocked	403
chantal temam	https://www.chantaltemam.com/	alive	200
bye bye blemish	http://www.byebyeblemish.com/	alive	200
cp shades	https://cpshades.com/	http-dead	404
claudio lugli	https://claudioluglishirts.com/	alive	200
daydream society	https://daydreamsociety.com/	alive	200
co'couture	https://www.cocouture.dk/	alive	200
chabo bags	https://www.chabobags.com/	alive	200
conquista	http://www.conquista-fashion.com/	alive	200
crew clothing	https://www.crewclothing.co.uk/	alive	200
cienta	https://www.cienta-kids.co.uk/	blocked	403
country line	https://www.country-line.de/	alive	200
briston watches	https://www.briston-watches.com/	alive	200
constantin weisz	https://en.constantinweisz.de/	alive	200
carter + jane	http://www.carterandjane.com/	alive	200
castle baths anna	http://www.castlebaths.com/	blocked	403
breco's	https://www.brecos1975.com/	timeout	
carmin	https://carmin.pk/	alive	200
celyfos	https://www.celyfos.com/	tls-error	UNABLE_TO_GET_ISSUER_CERT_LOCALLY
come back as a flower	https://www.cbaaf.org/	alive	200
chimi	https://www.chimieyewear.com/	blocked	403
chi chi	https://www.chichiwholesale.com/	http-dead	402
citizen wolf	https://www.citizenwolf.com/?oid=7&affid=1&source_id=GoY-rating&sub1=brandpage	alive	200
cross colours	https://www.crosscolours.com/	alive	200
c.d. peacock	https://www.cdpeacock.com/	alive	200
dae	https://daehair.com/	alive	200
colourful rebel	https://www.colourfulrebel.com/	alive	200
blumarine	https://www.blumarine.com/	alive	200
cheaney	https://www.cheaney.co.uk/	alive	200
cultural roots	https://www.culturalroots.co.uk/	dns-dead	NXDOMAIN @1.1.1.1+8.8.8.8
clamp	https://www.clamp.pt/	alive	200
crepe erase	http://www.bodyfirm.com/	alive	200
curvature clothing	https://www.curvatureclothing.com.au/	alive	200
bruuns bazaar	https://www.bruunsbazaar.com/	alive	200
corpus	http://corpusnaturals.com/	alive	200
casual friday	https://www.casual-friday.eu/	alive	200
cafènoir	https://www.cafenoir.it/	alive	200
brochu walker	https://www.brochuwalker.com/	alive	200
cashmere in love	https://www.cashmereinlove.com/	alive	200
cdlp	https://cdlp.com/	alive	200
converse japan	https://converse.co.jp/	alive	200
chumbak	https://www.chumbak.com/	alive	200
clean beauty collective	https://www.cleanbeauty.com/	alive	200
blauer. usa	https://www.blauerusa.com/	alive	200
custo barcelona	http://www.custobarcelona.com/	alive	200
caley cosmetics	https://www.caleycosmetics.com/	alive	200
curie	http://www.curiebod.com/	alive	200
dangerfield	https://dangerfield.com.au/	alive	200
chloé stora	https://www.chloestora.com/	http-dead	402
cultureopolis	https://cultureopolis.com/	http-dead	404
d4 love	https://www.d4-love.nl/	alive	200
christopher & banks	https://www.christopherandbanks.com/	alive	200
buni body care	http://www.bunibody.com/	alive	200
celford	https://celford.com/	alive	200
cotton on kids	https://cottonon.com/AU/cottononkids	alive	200
bucherer group	https://www.bucherer.com/	alive	200
bouthentique	http://www.bouthentique.com/	alive	200
caviar	https://caviar.global/	alive	200
cezanne hair	http://cezanne-hair.com/	alive	200
cosmette skincare	http://www.cosmetteskincare.com/	alive	200
collectif london	https://www.collectiflondon.com/	alive	200
club knit	https://www.club-knit.com/	dns-dead	NXDOMAIN @1.1.1.1+8.8.8.8
charlie choe	https://www.charliechoe.com/	alive	200
celtic & co	https://www.celticandco.com/au	net-error	redirect count exceeded
d.lissome	http://d-lissome.com/	alive	200
dana rebecca designs	https://www.danarebeccadesigns.com/	alive	200
ciso	https://www.ciso.dk/	alive	200
charlee swim	https://www.charleeswim.com.au/	alive	200
deadwood	https://www.deadwoodstudios.com/	alive	200
change lingerie	https://www.change.com/	net-error	redirect count exceeded
cerruti	https://www.cerruti.com/	alive	200
bretanna witch hazel products	http://www.bretanna.com/	alive	200
courreges	https://www.courreges.com/	alive	200
camilla and marc	https://www.camillaandmarc.com/	alive	200
common ground®	http://www.organicsbuddy.com/	alive	200
coin	https://www.coin.it/	alive	200
clover & ide	http://cloverandide.com/	alive	200
camouflage	https://camouflage-couture.com/	http-dead	402
charleston shoe co.	http://charlestonshoeco.com/	alive	200
dawn denim	https://www.dawndenim.com/	alive	200
daf&dream	https://dafdream.com/	alive	200
city chain	https://www.citychain.com.hk/	alive	200
contessa volpi	https://www.contessavolpi.com/?oid=395&affid=1&source_id=GoY-rating&sub1=brandpage	alive	200
demylee	https://demylee.com/	alive	200
chiban	https://www.chibanleather.com/	alive	200
deabused	https://www.deabused.com/	alive	200
chatelles	https://www.mychatelles.com/	alive	200
crinolino	https://crinolino.gr/	alive	200
caprice	https://www.caprice.de/	alive	200
common projects	http://www.commonprojects.com/	alive	200
christian louboutin	http://us.christianlouboutin.com/	blocked	403
dachstein	https://luhta.com/fi/en/c/dachstein	http-dead	404
coen	https://www.coen.co.jp/	blocked	403
cordera	https://cordera.es/	alive	200
chicor	https://chicor.com/main	alive	200
bluenotes	https://blnts.com/	alive	200
bylima	https://bylima.nl/	alive	200
decantx	https://www.decantx.com/	alive	200
dc shoes	https://www.dcshoes.com/	alive	200
dancing leopard	https://www.dancingleopard.co.uk/	alive	200
clean + easy	http://cleanandeasyspa.com/	alive	200
core cosmetic	https://www.corecosmetic.com/	alive	200
corrente	https://www.akarshoes.com/	alive	200
chelsea peers	https://www.chelseapeersnyc.com/	alive	200
desigual	https://www.desigual.com/	alive	200
ciele athletics	https://cieleathletics.com/	alive	200
dalia	https://dalia.pl/	alive	200
brooke gregson	https://www.brookegregson.com/	alive	200
d2o	https://www.d2o-go.com/	alive	200
chiemsee	http://www.chiemsee.com/	alive	200
claudio civitico	https://www.claudiocivitico.com/	alive	200
coreana cosmetics	https://www.coreana.com/	alive	200
cop copine	https://www.cop-copine.com/	blocked	403
commando	https://www.wearcommando.com/	alive	200
costume national	http://www.costumenational.com/	alive	200
bogart man	https://www.bogartman.com/	alive	200
circle of trust	https://www.circleoftrust.nl/	alive	200
demoulin bros. and co.	https://demoulin.com/	alive	200
café coton	https://www.cafecoton.fr/	net-error	ECONNREFUSED
club voltaire	https://www.fashionhouse-donnamaria.nl/	alive	200
cottonique	https://cottonique.com/?oid=369&affid=1&source_id=GoY-rating&sub1=brandpage	alive	200
chow sang sang	https://www.chowsangsang.com/	alive	200
dick pearce & friends	https://dickpearce.com/	alive	200
claire's	https://www.claires.com/us/	http-dead	404
christian wijnants	https://christianwijnants.com/	alive	200
budgy smuggler	https://budgysmuggler.com.au/	alive	200
damiani	http://www.damiani.com/it	blocked	403
chinti & parker	https://www.chintiandparker.com/	alive	200
clinexil	http://clinexil.com/	alive	200
christine lingerie	https://christinelingerie.com/	alive	200
cloudy	https://cloudy-tokyo.com/	alive	200
dcool	https://www.dccool.com.tw/	alive	200
cosmosophie	https://cosmosophie.com/	alive	200
burton	https://www.burton.fr/	blocked	403
clic! shoes	https://www.clic-shoes.com/	alive	200
del sol	https://www.delsol.com.mx/	alive	200
claudia firenze	https://claudiafirenze.com/	alive	200
designs by olivia grey	http://www.designsbyoliviagrey.com/	alive	200
camilla pihl	https://camillapihl.com/	alive	200
ciganka - artforms from nature	https://cigankaartforms.com/	alive	200
districenter	https://www.districenter.fr/	alive	200
citizens humanity	https://www.citizensofhumanity.com/	alive	200
butcher of blue	https://www.butcherofblue.com/	alive	200
cmp	https://www.cmpsport.com/	alive	200
chut! intimates	https://www.chut-intimates.com/	tls-error	CERT_HAS_EXPIRED
dawei	https://www.daweistudio.com/	tls-error	CERT_HAS_EXPIRED
cleor	https://www.cleor.com/	alive	200
cirrus parfum	https://cirrusparfum.com/	alive	200
carat shirts	https://www.caratshirts.com/	alive	200
craft	https://www.craftsportswear.com/	alive	200
coccodrillo	https://en.coccodrillo.eu/	blocked	403
cover fx	https://www.coverfx.com/	alive	200
creamy fabrics	https://creamyfabrics.com/en	alive	200
dancing dingo	http://www.dancingdingo.com/	alive	200
colette	https://www.colettehayman.com.au/	alive	200
chiba clothing	http://chibaclothing.com/	alive	200
coclico	https://coclico.com/	alive	200
dermatouch	https://homespacollection.com/	alive	200
christian siriano	http://www.christiansiriano.com/	alive	200
create ebara	https://create-ebara.jp/	alive	200
darry ring	https://us.darryring.com/	alive	200
curensology	http://www.curensology.jp/	alive	200
coolawoola	https://coolawoola.com/	alive	200
côte	http://cotebeauty.com/	alive	200
dick moby	https://www.dick-moby.com/	alive	200
carmina campus	http://www.carminacampus.com/	alive	200
bonjour	https://www.bonjourhk.com/	blocked	403
cotélac	https://cotelac.us/	alive	200
coccinelle	https://www.coccinelle.com/	alive	200
decimas	https://www.decimas.com/	alive	200
carpasus	https://carpasus.com/	alive	200
collina strada	https://www.collinastrada.com/	alive	200
cuisse de grenouille	https://www.cuissedegrenouille.com/	alive	200
davidoff	http://davidoff.com/age-gate	alive	200
christine valmy inc.	https://www.christinevalmy.com/	alive	200
clean age	https://clean-age.com/	alive	200
colorado threads	https://coloradothreads.com/	alive	200
classyandfabulous jewelry	https://www.classyandfabulousjewelry.com/	alive	200
devred 1902	https://www.devred.com/	alive	200
cult of individuality	https://cultofindividuality.com/	alive	200
c&co.®	https://candconaturals.com/	alive	200
deblon	https://deblonsports.com/	alive	200
dolores promesas	https://dolorespromesas.com/	alive	200
cityzen	https://www.cityzenwear.cz/	alive	200
circle of gentlemen	https://www.circleofgentlemen.com/	alive	200
crush	https://crushcollection.com/	alive	200
cramers van asten	https://www.cramersvanasten.nl/	alive	200
distretto12	https://www.distretto12.com/	alive	200
colieco	https://coliecolingerie.com/?oid=180&affid=1&source_id=GoY-rating&sub1=brandpage	alive	200
crockett & jones	https://row.crockettandjones.com/	alive	200
de couture	https://www.decouture.it/	alive	200
capslab	https://www.capslab.fr/	alive	200
cashmere junkies	https://cashmerejunkies.com/	http-dead	404
c. ren	https://www.c-ren.com/en/	alive	200
castart	https://www.castartclothing.com/	tls-error	CERT_HAS_EXPIRED
codello	https://www.codello.de/	alive	200
cyroline	https://www.cyroline.de/	alive	200
dechase	https://www.dechase.world/	http-dead	402
club champion	https://clubchampion.com/	blocked	403
conscious the label	https://www.consciousthelabel.com/	alive	200
clarisea	http://www.clarisea.com/	alive	200
collectiq clothing	https://www.collectiqclothing.com/	alive	200
delvene cockatoo-collins	https://cockatoocollins.com/	alive	200
doughnut	https://www.doughnutofficial.co.uk/	alive	200
claudie pierlot	https://fr.claudiepierlot.com/	alive	200
cus sustainable clothing	https://www.cus.cat/	alive	200
dolores haze	https://doloreshaze.com/	alive	200
comtessa	https://www.comtessa-shop.cz/	alive	200
curology	http://www.curology.com/	alive	200
carnival glam hub	https://www.carnivalglamhub.com/	alive	200
delicatelove	https://www.delicatelove.com/	alive	200
calapo biotic products	https://www.calapo.com/	alive	200
clorofila	http://www.clorofila.cn/	alive	200
comma	https://www.comma-store.eu/	alive	200
daiwa pier39	https://daiwapier39.jp/	alive	200
cohen's fashion optical	https://www.cohensfashionoptical.com/	blocked	503
cisalfa sport	https://www.cisalfasport.it/	alive	200
bosa bodrum sandals	https://www.bodrumsandals.com/	http-dead	402
design letters	https://designletters.dk/	alive	200
crystalyn kae	https://www.crystalynkae.com/	alive	200
caliray	http://caliraybeauty.com/	alive	200
club chainstitch	https://clubchainstitch.com/	alive	200
clinique laboratories  llc	https://www.clinique.com/	blocked	403
dabao	https://www.dabao.com/	alive	200
comprehensive cranium care®	http://www.cranium.care/	alive	200
casoandco	https://www.etsy.com/shop/casoandco	blocked	403
boxfresh	https://www.boxfresh.com/	net-error	UND_ERR_CONNECT_TIMEOUT
campomaggi	https://www.campomaggi.com/	alive	200
cosfun	https://www.cosfun.com/	alive	200
coogi	http://www.coogi.com/	alive	200
darily	https://darily-underwear.pl/	dns-dead	no A/AAAA @1.1.1.1
claudio ferrici	https://www.claudio-ferrici.com/	alive	200
cdm bedrijfskleding	https://www.cdm-bedrijfskleding.nl/	alive	200
corkhouse	https://corkhouse.com/	alive	200
denim.lab	https://www.denimlab.nl/	alive	200
dahlia razzook	https://www.dahliarazzook.com/	alive	200
diamanti per tutti	https://www.diamantipertutti.com/	alive	200
denham the jeanmaker	https://www.denhamthejeanmaker.com/	alive	200
canadian tire	https://www.canadiantire.ca/	alive	200
conscience designs	https://www.consciencedesigns.com/	alive	200
cog	https://cog-store.com/?oid=248&affid=1&source_id=GoY-rating&sub1=brandpage	alive	200
cloudveil	https://cloudveil.com/	alive	200
coco d'este	https://www.cocodeste.com/	alive	200
copdi	http://www.copdibeauty.com/	alive	200
cleancult	http://www.cleancult.com/	alive	200
des sen	https://des-sen.com/	http-dead	404
conscious step	https://consciousstep.com/?oid=67&affid=1&source_id=GoY-rating&sub1=brandpage	alive	200
cayler & sons	https://www.caylerandsons.com/	blocked	401
carando	https://www.carando.es/	dns-dead	NXDOMAIN @1.1.1.1+8.8.8.8
cosabella	https://www.cosabella.com/	alive	200
cloud haircare	http://cloudhaircare.com/	alive	200
chambre	https://www.shimamura.gr.jp/chambre/	alive	200
desti saint	https://destisaint.com/	alive	200
courbet	https://www.en.courbet.com/	alive	200
cordani	https://www.cordani.com/	alive	200
danish endurance	https://danishendurance.com/	alive	200
cotswold outdoor	https://www.cotswoldoutdoor.com/	alive	200
cardon	https://cardon.com.ar/	alive	200
corinne	https://www.corinnecollection.com/	alive	200
desmond & dempsey	https://desmondanddempsey.com/	alive	200
breuninger	https://www.breuninger.com/	alive	200
dinoski	https://www.dinoskiwear.com/	alive	200
cayla gray	http://caylagray.com/	alive	200
d&department	https://www.d-department.com/ext/about.html	alive	200
co exist	http://co-exist.com/	alive	200
costello tagliapietra	http://www.costellotagliapietra.com/	alive	200
douchebags	https://dbjourney.com/	alive	200
cork culture	https://corkculture.us/	alive	200
česká oční optika holding	https://www.orangeoptik.cz/	alive	200
couper et coudre	https://couperetcoudre.com/collections/bags	alive	200
cocoshnik	https://store.world.co.jp/s/brand/cocoshnik/	blocked	403
caroll	https://www.caroll.com/	blocked	403
cybèle	https://www.cybele-lingerie.de/	alive	200
cocorrina	https://www.cocorrina.com/	alive	200
costes	https://www.costesfashion.com/	alive	200
crās	https://crascph.com/	alive	200
crazy rumors	http://crazyrumors.com/	alive	200
dressarte paris	https://www.dressarteparis.com/	alive	200
de bijenkorf eindhoven	https://www.debijenkorf.nl/eindhoven	blocked	403
diega	https://www.diega.fr/	alive	200
dockers by gerli	https://www.dockersbygerli.de/	alive	200
cerruti 1881	https://www.cerruti.com/	alive	200
dame perfumery	https://dameperfumery.com/	alive	200
decka socks	http://decka-socks.com/	alive	200
ches editions	https://cheseditions.com/	alive	200
dress in love	https://www.dressinlove.shop/	dns-dead	NXDOMAIN @1.1.1.1+8.8.8.8
coton doux	https://cotondoux.com/	alive	200
carrera	https://us.carreraworld.com/	alive	200
criminal damage	https://www.criminaldamage.co.uk/	alive	200
crime london	https://www.crimelondon.com/	blocked	403
castelijn& beerens	https://www.castelijnenbeerens.com/	alive	200
chaussexpo	https://www.chaussexpo.fr/	tls-error	ERR_SSL_TLSV1_UNRECOGNIZED_NAME
da beauty with jacalyn rae	https://donnysangel.com/pages/da-beauty-with-jacalyn-rae	http-dead	404
commence	http://beginningisnow.com/	alive	200
comfy copenhagen	https://www.comfycopenhagen.com/	alive	200
dedoles	https://www.dedoles.sk/	alive	200
doris streich	https://www.dorisstreich.de/	alive	200
de steek amsterdam	https://desteekamsterdam.com/en/	alive	200
davids	http://davids-usa.com/	alive	200
denina mártin collection	https://shop.deninamartin.com/	alive	200
cocolab	https://www.cocolab.com/	alive	200
chow tai fook	https://www.chowtaifook.com/	alive	200
crate 61 organics	http://www.crate61.com/	alive	200
curatrix	https://shopcuratrix.com/	alive	200
ceceba	https://www.ceceba.com/	alive	200
cuplé	https://www.cuple.com/	alive	200
diverse	https://diversesystem.com/	alive	200
chaud marais	https://www.chaudmarais.fr/	alive	200
chiushui	http://www.qsyr.com/	alive	200
danskin	https://www.danskin.com/	tls-error	ERR_TLS_CERT_ALTNAME_INVALID
cooph	https://store.cooph.com/	alive	200
cross sportswear	https://www.cross-sportswear.com/	alive	200
dunque	https://www.dunque.de/	alive	200
dr.hc	https://drhc-cosmetics.com/	alive	200
cr	https://fesretail.com/cr/	alive	200
deiji studios	https://deijistudios.com/	alive	200
dēawy	http://www.deawy.com/	alive	200
colours & beauty	https://coloursandbeauty.it/	tls-error	ERR_SSL_WRONG_VERSION_NUMBER
cubavera	https://www.cubavera.com/	blocked	403
d'zzit	https://www.dazzle-fashion.com/	blocked	403
d'sign apparel	https://www.dsignapparel.com/	dns-dead	NXDOMAIN @1.1.1.1+8.8.8.8
brooks brothers	https://www.brooksbrothers.com/	alive	200
chipmunks	https://www.chipmunksfootwear.co.uk/	timeout	
dome beauty	http://www.domebeauty.com/	alive	200
ciaopanic	https://www.palcloset.jp/ciaopanic/	http-dead	405
earth creations	https://www.earthcreations.net/	dns-dead	no A/AAAA @1.1.1.1
duno	https://www.d-duno.it/	alive	200
due.	https://duefashion.com/	alive	200
diegos	https://www.ebay.com/str/DiegosBoutique	alive	200
comfyballs	https://www.comfyballs.com/	alive	200
cyell	https://www.cyell.com/	alive	200
dermalogica	http://www.dermalogica.com/	alive	200
demellier	https://www.demellierlondon.com/	alive	200
cbi laboratories	http://www.cbiskincare.com/	timeout	
cutler & gross	https://www.cutlerandgross.com/	alive	200
dew mighty	http://www.dewmighty.com/	alive	200
cia do terno	https://www.ciadoterno.com.br/	alive	200
coster copenhagen	https://www.costercopenhagen.com/	alive	200
dovita milano	https://dovitabridal.com/	alive	200
dame blanche	https://www.dameblanche.fashion/	alive	200
d-four	https://www.d-four.it/	alive	200
de la heart	https://www.delaheart.com/	alive	200
castelli cycling	https://www.castelli-cycling.com/	alive	200
dynafit	https://www.dynafit.com/	alive	200
converse	https://www.converse.com/	alive	200
daimaru umeda	https://www.daimaru.co.jp/umedamise/	alive	200
devane beauty	http://devanebeauty.com/	alive	200
desavery	http://www.desavery.co/	alive	200
ct organics	http://www.ctorganics.com/	alive	200
dionis goat milk skincare	https://www.dionisgmskincare.com/	alive	200
ck calvin klein	http://www.ck.com/ck/watchesjewelry.aspx	alive	200
cosmogonie paris	https://cosmogonieparis.com/	alive	200
draper james	https://draperjames.com/	alive	200
champs sports	https://www.champssports.com/	alive	200
davi nails	https://davinails.com/	alive	200
dakine	https://www.dakine.com/	alive	200
echte	https://www.echte.dk/	alive	200
deeasjer	https://deeasjer.com/	dns-dead	NXDOMAIN @1.1.1.1+8.8.8.8
cécile jeffrey	https://www.cecilejeffrey.com/	alive	200
cos	https://www.cos.com/	blocked	403
chambre de fan	https://www.chambredefan.com/	alive	200
denizen from levi's	https://www.target.com/b/denizen-from-levi-s/-/N-q4e5p	alive	200
cravings by chrissy teigen	https://cravingsbychrissyteigen.com/	alive	200
cyberoptix	https://www.cyberoptix.com/	alive	200
doctor optic	https://doctoroptic.cz/	alive	200
clearspf	http://www.clearspf.com/	http-dead	404
coût de la liberté	https://coutdelaliberte.com/	alive	200
clae	https://www.clae.com/	alive	200
chemist confessions inc.	http://www.chemistconfessions.com/	alive	200
buffalo david bitton	http://www.buffalojeans.com/	alive	200
dear  klairs	https://www.klairs.com/	alive	200
destii	https://destii.com.au/	alive	200
critical slide / tcss	https://www.thecriticalslidesociety.com/	alive	200
edward armah	https://www.edwardarmah.com/	alive	200
eat dust	https://www.eatdustclothing.com/	alive	200
chancechance	http://chancechance.co.kr/index.html	alive	200
coup de chance	https://store.world.co.jp/s/brand/coup-de-chance/	blocked	403
divi official	https://www.diviofficial.com/	alive	200
chella	http://www.chella.com/	alive	200
ctwlk.	https://www.ctwlk.eu/	alive	200
dimitra's workshop	https://www.dimitrasworkshop.com/	alive	200
daily brat	https://dailybrat.com/	alive	200
colorful standard	https://www.colorfulstandard.com/	alive	200
coalatree	https://coalatree.com/	alive	200
chorus supernatural	http://www.chorussupernatural.com/	alive	200
buttertea	https://buttertea.shop/	alive	200
di petsa	https://dipetsa.com/	alive	200
delvaux createur	http://www.delvaux.com/	alive	200
bradbeers	http://www.bradbeers.com/	alive	200
cuup	https://shopcuup.com/	http-dead	433
elcove	https://elcove.co/	alive	200
chi	https://chi.com/	alive	200
crickit	http://www.crickit.de/	alive	200
dominique healy	https://dominiquehealy.com/	alive	200
cycleur de luxe	https://www.cycleurdeluxe.com/	alive	200
doc & glo	http://www.docandglo.com/	alive	200
dante6	https://www.dante6.com/	alive	200
difuzed	https://www.difuzed.com/	alive	200
convenience wear	https://www.family.co.jp/goods/cw.html	alive	200
cinema club	https://www.honeys-onlineshop.com/shop/b/b02/	alive	200
daringly good organics	https://www.amazon.com/stores/GoodOrganics/page/3514A607-3CD6-41C1-8646-B6A9089B92D3?lp_asin=B0DBPLGXQH&ref_=ast_bln	alive	200
cider	https://shopcider.com/	alive	200
comme ca	https://www.fivefoxes.co.jp/brand/comme-ca-men.html	http-dead	404
depeche-denmark	https://depeche-denmark.com/	alive	200
damdam	https://damdamtokyo.com/	alive	200
duoltd	https://www.farfetch.com/uk/shopping/men/duo/items.aspx	alive	200
eden power corp	https://edenpowercorp.com/	alive	200
consigned	https://www.consigned.co.uk/	alive	200
dorve	https://dorve.id/	alive	200
earth baby outfitters	https://www.earthbabyoutfitters.com/	alive	200
ca'shott	https://www.cashott.com/	tls-error	CERT_HAS_EXPIRED
chopova lowena	https://chopovalowena.com/	alive	200
destination maternity	https://www.destinationmaternity.com/	http-dead	404
chris cayne	https://www.chriscayne.com/	alive	200
doré	https://wearedore.com/	alive	200
de la terre skincare	http://www.delaterreskincare.com/	alive	200
croata	https://www.croata.hr/	alive	200
dpr skn	https://www.dprskn.com/	alive	200
clarks	https://clarks.in/	alive	200
dea kudibal	https://www.deakudibal.dk/	alive	200
claudia li	https://claudia-li.com/	alive	200
coohem	https://www.coohem.jp/en/	alive	200
davida cashmere	https://www.davida.se/	alive	200
clements ribeiro	https://www.clementsribeiro.com/	http-dead	402
desert essence	https://www.desertessence.com/	alive	200
brighton	https://www.brighton.com/	alive	200
corso roma	https://www.shopcorsoroma9.com/	alive	200
earth divas	https://www.earthdivas.com/	alive	200
cilveti	https://www.joyeriacilveti.com/	alive	200
digel	https://www.digel.de/	alive	200
circle creations	https://circlecreations.net/	alive	200
dr. sheffield's original toothpaste	https://www.drsheffieldsnaturals.com/	alive	200
eit swim	https://eitswim.com/think-eco/	alive	200
dressterior	https://store.world.co.jp/s/brand/dressterior/	blocked	403
curlstate	http://curlstatehair.com/	alive	200
clmx	http://www.intagram.com/	alive	200
closshi	https://www.shimamura.gr.jp/shimamura/	alive	200
cosmic drifters	https://cosmicdrifters.com/	alive	200
cup of joe (coj) denim	https://www.cojdenim.com/	alive	200
daily sports	https://www.dailysports.com/	alive	200
dear kate	https://www.dearkates.com/	alive	200
cingomma	https://cingomma.com/	alive	200
dharmacrafts	https://dharmacrafts.com/	alive	200
brown angel pain butter	https://thebrownangel.com/	alive	200
ecko unltd	https://www.ecko.com/	alive	200
claq	https://claq.it/	alive	200
dj dutchjeans	https://www.vangenniptextiles.com/	alive	200
duca del cosma	https://www.ducadelcosma.com/	alive	200
d'annam	https://dannam.co/	alive	200
coco shop	https://cocoshopwi.com/	alive	200
cocomera	https://cocomera.in/	alive	200
drake's	http://www.drakes.com/	alive	200
delpozo	https://www.delpozo.com/en/	http-dead	402
cbd daily	http://www.cbddailyproducts.com/	alive	200
durango® boots	https://www.durangoboots.co.uk/	alive	200
ecentric	http://ecentric.in/	alive	200
classic all blacks	https://blacks-legend.com/	alive	200
d’etoiles casiopé	https://www.detoilescasiope.com/	tls-error	CERT_HAS_EXPIRED
buildabagg	https://buildabagg.com/	http-dead	402
cliganic	https://www.cliganic.com/	alive	200
country rose soap	https://countryrosecastile.com/	alive	200
donders 1860	https://donders1860.com/	alive	200
dyspnea	https://dyspnea.com.au/	alive	200
elkie + co.	https://elkieco.com/	alive	200
claudia canova	https://www.claudiacanova.co.uk/	alive	200
dapper alice	https://www.dapperalice.co.uk/	alive	200
colors of california	https://www.colorsofcalifornia.it/	alive	200
comazo	https://www.comazo.de/	alive	200
desert dyes	https://desertdyes.com/	alive	200
covencraft apothecary	https://covencraft.com/	alive	200
ch!iii	https://chiiiibag.com/	alive	200
dairiku	https://shop.dairiku-cinema.com/	alive	200
cpl1953	http://www.centropel.com/	alive	200
edmonds.love	https://edmonds.love/	alive	200
dejamy	https://dejamy.com/	alive	200
damat	https://damat.ps/	dns-dead	NXDOMAIN @1.1.1.1+8.8.8.8
dirty velvet	http://www.dirtyvelvet.co.uk/	alive	200
by garment makers	https://www.bygarmentmakers.com/	alive	200
callahan	https://shopcallahan.com/	alive	200
coco & kandy	https://cocoandkandy.com/?oid=292&affid=1&source_id=GoY-rating&sub1=brandpage	alive	200
dr. bronner's	https://www.drbronner.com/	alive	200
elsewhere	https://www.elsewherefashion.com/	alive	200
cloe cassandro	https://www.cloecassandro.com/	http-dead	404
constance (shoes brand)	https://www.constance.com.br/	alive	200
contradictions in ilk	https://www.ilkperfume.com/	alive	200
collection genesis	https://www.collectiongenesis.com/	timeout	
dharma bums	https://www.dharmabums.com.au/	alive	200
chateau de suz	http://chateaudesuz.com/	alive	200
daquini	https://daquini.com/	alive	200
cloak	https://cloakbrand.com/	alive	200
elais oils	http://www.elaisoils.com/	dns-dead	NXDOMAIN @1.1.1.1+8.8.8.8
crew clothing company	https://www.crewclothing.co.uk/	alive	200
dermatologist's choice skincare	http://www.dermchoice.com/	alive	200
dolce vita	https://www.dolcevita.com/	alive	200
dauphinette	https://www.dauphinette.com/	alive	200
dagsmejan	https://dagsmejan.com/	alive	200
earth kiss	http://www.loveearthkiss.com/	tls-error	CERT_HAS_EXPIRED
engbers	https://www.engbers.com/	alive	200
cocokind	https://www.cocokind.com/	alive	200
dirty seahorse	https://thedirtyseahorse.com/	alive	200
cornelia webb	https://corneliawebb.com/	alive	200
cortefiel	https://cortefiel.com/	alive	200
conbipel	https://www.conbipel.com/	alive	200
dirts	https://www.dirts.eu/	alive	200
dara fashion	https://www.darafashion.sk/	alive	200
de osu	https://www.deosushoes.com/	alive	200
cholewiński	https://cholewinski.com/	alive	200
elizabeth mott	http://elizabethmott.com/	alive	200
coco verdure	http://cocoverdure.com/	http-dead	402
devred	https://www.devred.com/	alive	200
dose of colors	http://doseofcolors.com/	alive	200
cacaye	https://www.cacaye.com/	alive	200
de la vali	https://delavali.com/	alive	200
cristina castañer	https://www.cristinacastaner.com/	alive	200
dulce nail sprinkles	http://www.dulcenailsprinkles.com/	alive	200
devacurl	https://www.devacurl.com/	alive	200
cross jeans	https://www.crossjeans.de/	alive	200
deeluxe	https://www.deeluxe.fr/	alive	200
erbaviva	http://www.erbaviva.com/	alive	200
ecmile	https://ecmile.shop/	alive	200
colours & sons	https://www.coloursandsons.com/	alive	200
dolce crudo	https://chasehaul.com/collections/dolce-crudo	alive	200
cotton club	https://www.cottonclub.nl/	alive	200
counter	http://www.counter.com/	alive	200
canava	https://www.canava.co/	alive	200
de prati	http://www.deprati.com.ec/	blocked	403
colorphlex	https://colorphlex.com/shop/	alive	200
dreffa	http://www.dreffa.com/	timeout	
elfindoll	https://www.24028.jp/elfindoll/	alive	200
drivemebikini	https://www.drivemebikini.com/	alive	200
curl cardio	http://curlcardio.com/	alive	200
e.l.v. denim	https://elvdenim.com/?oid=269&affid=1&source_id=GoY-rating&sub1=brandpage	alive	200
cult gaia	https://cultgaia.com/	alive	200
continew	https://wecontinew.com/	alive	200
depalma workwear	https://depalmaworkwear.se/	alive	200
calton brown	https://www.caltonbrown.store/	http-dead	402
continent clothing	https://continentclothing.com/	alive	200
doke	https://dokeco.com/	alive	200
dosé lab	https://doselab.ch/	alive	200
cresci e perdi	https://crescieperdi.com/	alive	200
carel	https://www.carel.fr/	alive	200
defacto	https://www.defacto.com.tr/	alive	200
contém1g	http://www.contem1g.com.br/	alive	200
espe	https://espe.ca/	alive	200
cordon sport berlin	https://www.cordon.de/	alive	200
elomi	https://www.elomilingerie.com/	alive	200
duret paris	https://www.duret-paris.com/	alive	200
dan john	https://www.danjohn.com/	alive	200
d/luca los angeles	https://www.d-luca.com/	dns-dead	NXDOMAIN @1.1.1.1+8.8.8.8
eau de mélisse des carmes	https://eaudemelisse.com/	alive	200
d’amante	https://www.kronoshop.com/en	blocked	403
deux visions	https://deux-visions.com/	tls-error	ERR_SSL_TLSV1_ALERT_INTERNAL_ERROR
corsia	https://www.corsiaitalia.com/	net-error	ECONNRESET
canopy verde	https://www.canopyverde.com/	tls-error	ERR_SSL_SSL/TLS_ALERT_HANDSHAKE_FAILURE
din sko	https://feetfirst.se/dinsko	alive	200
dref_by_d	https://drefbyd.com.au/	http-dead	404
culture	https://www.culture-fashion.com/	alive	200
carson's	http://www.carsons.com/	alive	200
deer&dear	https://www.deerndear.com/	alive	200
custommade	https://www.custommade.dk/	alive	200
colorful rebel	https://colourfulrebel.com/en	alive	200
deeply	https://deeply.com/	alive	200
corneliani	https://www.corneliani.com/	alive	200
eastland	https://www.eastlandshoe.com/	alive	200
efva attling	https://www.efvaattling.com/	alive	200
digital pharaoh	https://www.digitalpharaoh.co.uk/	alive	200
costume privé paris	https://www.costume-prive-paris.com/	alive	200
émoi émoi	https://en.emoi-emoi.com/	alive	200
embassy of bricks and logs	https://embassyofbricksandlogs.com/	alive	200
daybird	https://daybird.co/	alive	200
cream	https://www.creameyewear.com/	alive	200
corso italia	http://icrcorp.ge/brands/footwear/corso-italia	alive	200
dunderdon	https://www.dunderdon.com/	alive	200
efe	https://www.efe.com.pe/	alive	200
couch	https://www.couchguitarstraps.com/	alive	307
carl f. bucherer	http://www.carl-f-bucherer.com/	alive	200
dockers	https://www.dockers.com/	alive	200
bogner	https://en.bogner.com/	net-error	UND_ERR_CONNECT_TIMEOUT
duna	https://duna.ua/	alive	200
castle baths tre'yours	http://www.castlebaths.com/	blocked	403
derek lam 10 crosby	https://www.dereklam.com/	alive	200
consenso	https://www.consensobrand.it/	alive	200
cotton on body	https://cottonon.com/AU/cottononbody	alive	200
derdiedas	https://www.derdiedas.de/	alive	200
d.i. ware company	https://www.diware.com/	alive	200
dk company	http://www.dkcompany.dk/	alive	200
dear denier	https://www.deardenier.com/	alive	200
craghoppers	https://www.craghoppers.com/	alive	200
envie de fraise	https://www.enviedefraise.com/	blocked	403
eton	https://www.etonshirts.com/	alive	200
decadent	https://www.decadentcopenhagen.com/	alive	200
cue	https://www.cue.cc/	alive	200
coulange	https://coulange1918.com/	alive	200
eleanna katsira	https://eleannakatsira.com/eshop/	alive	200
creed	https://www.creedfragrance.com/	alive	200
caryl baker visage	https://carylbakervisage.com/	alive	200
eddie bauer	https://www.eddiebauer.com/	alive	200
damrex	https://www.damrex.com/	alive	200
e5 mode	https://www.e5.be/	alive	200
edgars	https://edgars.co.za/	alive	200
cream-clothing	https://www.cream-clothing.com/	alive	200
each other	https://www.each-other.com/en/	http-dead	404
developer boutique	https://developerboutique.com/	dns-dead	NXDOMAIN @1.1.1.1+8.8.8.8
dos gardenias	https://www.dosgardenias.com/	alive	200
elegancia tropical hats	https://www.wholesale.eleganciatropical.com/	blocked	401
dike	https://dike.works/en/	alive	200
damasko	http://www.damasko-watches.com/	alive	200
delma	https://www.delma.ch/	alive	200
crushed aftercare inc.	http://www.crushedaftercare.com/	alive	200
escada	https://www.escada.com/	alive	200
demonia	https://demoniacult.com/	alive	200
cyrillus	https://www.cyrillus.fr/	alive	200
creenstone	https://www.creenstone.com/	alive	200
cult+king	https://cultandking.com/	alive	200
corkor	https://www.corkor.com/	alive	200
catherine andré	https://www.catherineandre.com/	alive	200
einstein newton	https://www.einstein-newton.de/	alive	200
davut kültür studios	https://www.davutkulturstudios.com/	timeout	
ebel	http://www.ebel.com/	blocked	403
ella & witt	https://ella-witt.com/	alive	200
cue jewelry	https://cuejewelry.com/	dns-dead	NXDOMAIN @1.1.1.1+8.8.8.8
eberhard & co.	http://www.eberhard-co-watches.ch/en/	alive	200
dreaming in luna	https://dreaminginluna.com/	dns-dead	NXDOMAIN @1.1.1.1+8.8.8.8
ella boutique	https://www.ellaboutique.pl/	alive	200
dk active	https://www.dkactive.com/?oid=32&affid=1&source_id=GoY-rating&sub1=brandpage	alive	200
ekonika	https://ekonika.ru/	blocked	401
dasmarca hats	https://www.dasmarca.co.uk/	alive	200
descente	https://www.descente.com/	alive	200
bonmarché	https://www.bonmarche.co.uk/	alive	200
cwtch	https://www.urban-research.jp/products/list.php?brand=cwtch	alive	200
designers remix	https://designersremix.com/	alive	200
đak	https://www.djaksport.ba/	blocked	403
daddy couture	https://daddy-couture.com/	alive	200
earth to malibu	http://www.earthtomalibu.com/	alive	200
celebritips	http://celebritips.com/	alive	200
donkervoort clothing	https://www.donkervoort.com/	alive	200
dalery	https://www.dalery.com/	alive	200
enföld	http://www.enfold.jp/	alive	200
cotton & silk	https://www.cottonsilk.it/it	blocked	403
cuidado con el perro	https://www.cuidadoconelperro.com.mx/	alive	200
emerica	http://emerica.com/	alive	200
edited	https://www.edited.de/	alive	200
emilio adani	https://www.emilioadani.com/	alive	200
donnay	https://www.donnay.nl/	alive	200
devernois	https://www.devernois.fr/	alive	200
bossini.x	https://www.bossinix.cn/	dns-dead	NXDOMAIN @1.1.1.1+8.8.8.8
dibs	http://www.dibsbeauty.com/	alive	200
dai moda	https://shopdai.daimoda.com/	alive	200
dare to roam	https://daretoroam.com/	http-dead	404
estilos	https://www.estilos.com.pe/	alive	200
danefae	https://www.danefae.dk/	alive	200
chantall	https://www.chantallonline.com/	alive	200
dr. eddie's facial fortress	https://facialfortress.com/	alive	200
celopman	https://celopman.com/	alive	200
duluth trading company	https://www.duluthtrading.com/	blocked	403
darn good yarn	https://www.darngoodyarn.com/	alive	200
cvc stones	https://cvc-stones.com/	alive	200
era watch company	https://www.edox.ch/	alive	200
elie beaumont	https://www.eliebeaumont.com/	alive	200
dearborn denim	https://dearborndenim.us/	alive	200
dr. eddie's happy cappy	https://happycappyshampoo.com/	alive	200
diemonde	https://diemonde.com/	alive	200
eleventy	https://www.eleventymilano.it/	alive	200
cyzone	https://cyzonecolombia.com/	alive	200
dannijo	https://dannijo.com/	alive	200
dorina	https://www.dorina.com/	alive	200
evan kinori	https://www.evankinori.com/shop	alive	200
dharco	https://dharco.com/	alive	200
chuu	https://weibo.com/3922872170	alive	200
charli cohen	https://charli-cohen.com/	alive	200
druni	https://www.druni.es/	alive	200
dealbodies	https://dealbodies.com/	alive	200
daimaru shinsaibashi	https://www.daimaru.co.jp/shinsaibashi/	alive	200
espectone	https://espectone.com/	alive	200
demeter fragrance library	http://www.demeterfragrance.com/	alive	200
chiarugi	https://chiarugifirenze.it/en/	alive	200
dndgel	https://dndgel.com/	alive	200
enjoi	https://enjoibeingyou.com/	alive	200
dbe jewels	https://www.dbejewels.com/	http-dead	402
econock	https://www.econock.com/	alive	200
evolve botanica	http://www.evolvebotanica.com/	alive	200
dr. sylma	http://www.drsylma.com/	alive	200
dillysocks	https://www.dillysocks.com/	alive	200
brandefy	https://brandefyskin.com/	alive	200
edikted	https://edikted.com/	alive	200
e&e	https://eandejewellery.com/	alive	200
dariadéh	https://dariadeh.com/	alive	200
engol collections	https://engolcollections.com/	alive	200
etnies	https://etnies.com/	alive	200
el naturalista	https://www.elnaturalista.com/	alive	200
designer brands	https://www.dsw.com/	alive	200
discovery expedition	https://en.discovery-expedition.com/	alive	200
donsje	https://www.donsje.com/	alive	200
christine laure	https://www.christine-laure.fr/	alive	200
decoy since 1981	https://www.crossplus.jp/shop/decoy/	blocked	403
f.a.st by nisim	http://fasthaircare.com/	alive	200
duvetica	https://www.duvetica.com/	alive	200
elmas phil	https://www.elmasphil.it/	alive	200
dl1961	https://www.dl1961.com/	alive	200
briju	https://www.briju.pl/	alive	200
dc schoes	https://www.dcshoes.com/	alive	200
el ganso	https://www.elganso.com/	alive	202
ebbe	https://www.ebbekids.com/	alive	200
erdos	https://en.erdos.cn/	timeout	
de marchi	http://www.demarchi.com/	alive	200
divine	https://www.divineecodyedsilk.com.au/	alive	200
diane higgins skincare	http://dianehiggins.com/	alive	200
dirkje	https://www.dirkje.nl/	alive	200
dr. lift	https://homespacollection.com/	alive	200
dolly beauty	https://dollybeauty.com/	alive	200
circles and cycles	http://www.circlesandcyclesalchemy.com/	alive	200
denoir cosmetics	http://denoircosmetics.com/	alive	200
famecoco	http://www.famecoco.com/	net-error	UND_ERR_CONNECT_TIMEOUT
earthdye	https://www.earthdye.com/	alive	200
elisa sanna	https://www.elisasanna.com/	blocked	403
donni.	https://shopdonni.com/	alive	200
delayne dixon	https://www.delaynedixon.com/	alive	200
d-xel	https://www.d-xel.com/	alive	200
due amanti	https://www.dueamanti.be/	alive	200
eye embrace	https://eyeembrace.com/	alive	200
de beers jewellers	https://www.debeers.com/	alive	200
edie parker	https://edie-parker.com/	alive	200
ergobag	https://www.ergobag.de/	alive	200
claire woman	https://www.clairewoman.dk/	alive	200
esprit	https://www.esprit.de/	dns-dead	NXDOMAIN @1.1.1.1+8.8.8.8
deichmann	https://www.deichmann.com/	alive	200
discovery clothing company	https://www.discoveryclothing.com/	alive	200
dogo	https://www.dogostore.com/	alive	200
drybar	http://www.thedrybar.com/	blocked	403
dstld	https://www.dstld.com/	alive	200
evisu	https://www.evisu.com/	alive	200
double dutchess	https://www.doubledutchesspolish.com/	alive	200
claudia dean world	https://claudiadeanworld.com/	dns-dead	no A/AAAA @1.1.1.1
deuter	https://www.deuter.com/	alive	200
fathers & sons	https://www.fatherandsons.fr/	alive	200
ecopeaco.	https://ecopeaco.com/	alive	200
dr. idriss	https://www.dridriss.com/	alive	200
des petits hauts	https://www.despetitshauts.com/	alive	200
e. gluck corporation	http://www.armitron.com/	alive	200
faherty	https://fahertybrand.com/	alive	200
dear drops	http://deardropsbeauty.com/	alive	200
deinde	http://deinde.com/	http-dead	409
essen	https://essenthelabel.com/?oid=319&affid=1&source_id=GoY-rating&sub1=brandpage	alive	200
cleverman	https://becleverman.com/	alive	200
etq	https://www.etq-amsterdam.com/	alive	200
dollcake skincare	http://www.dollcakeskincare.com/	http-dead	402
doppelgänger	https://www.doppelganger.it/	alive	200
el corte inglés	https://www.elcorteingles.es/	alive	200
dwrs label	http://www.dwrslabel.com/	alive	200
duty free americas	https://dutyfreeamericas.com/	blocked	403
closure london	https://www.closurelondon.com/	alive	200
dick's house of sport	https://www.dickssportinggoods.com/s/houseofsport	http-dead	451
daks	http://www.daks.com/	alive	200
eiger	https://eigeradventure.com/	net-error	UND_ERR_HEADERS_OVERFLOW
domrebel	https://domrebel.com/	alive	200
fashion for two	https://www.fashionfortwo.shop/el/	dns-dead	NXDOMAIN @1.1.1.1+8.8.8.8
elvis & kresse	https://www.elvisandkresse.com/?oid=74&affid=1&source_id=GoY-rating&sub1=brandpage	alive	200
crdkelaidi	https://www.crd.cn/	alive	200
evolved by nature	https://skincare.evolvedbynature.com/	alive	200
dr. martens	https://www.drmartens.com/	blocked	403
east 29th	http://www.east29th.com/	alive	200
elina organics	https://elinaorganics.com/	alive	200
cocosolis	https://cocosolis.com/de/	alive	200
django & juliette	https://www.djangoandjuliette.com.au/	blocked	403
éliou	https://www.eliou-eliou.com/	alive	200
elena miro	https://www.elenamiro.com/	alive	200
dale of norway	https://www.daleofnorway.com/	alive	200
derma e	https://dermae.com/	alive	200
dr. alkaitis organics  llc	http://alkaitis.com/	alive	200
brucle	https://www.brucleshop.com/	alive	200
decibel hair llc	http://www.decibelhair.com/	alive	200
coastal classic creations	https://www.coastalclassiccreations.com/	alive	200
enchanted	https://minxandthemage.com/	alive	200
dress code	https://dresscode.com.pk/	alive	200
easy spirit	https://easyspirit.com/	alive	200
chie mihara	https://www.chiemihara.com/	alive	200
dermacol	https://www.dermacol.cz/	alive	200
elvira collections	https://elvira-collections.com/	alive	200
delikatessen	https://delikatessen.jp/	alive	200
devons jewelers	https://www.devonsjewelers.com/	alive	200
dressmann	https://dressmann.com/	blocked	403
deni cler milano	https://denicler.eu/	alive	200
colloseum	https://colloseumfashion.com/	alive	200
fabelab	https://www.fabelab.dk/	alive	200
devina louise	https://devinalouise.com.au/	alive	200
dunnock and hinny	http://www.dunnockandhinny.com/	blocked	401
equestrian stockholm	https://equestrianstockholm.com/	alive	200
devotion twins	https://www.devotion.gr/	alive	200
bulgari	https://www.bulgari.com/	blocked	403
desal	https://desal.in/	alive	200
dare 2b	https://www.dare2b.com/	alive	200
ds laboratories	https://dslaboratories.com/	alive	200
fear of god	https://fearofgod.com/	alive	200
dondup	https://www.dondup.com/	alive	200
dossier	https://dossier.co/	alive	200
comeforbreakfast	https://www.comeforbreakfast.com/	alive	200
emoda	https://emoda-japan.com/	alive	200
elphile	https://elphile.com/	alive	200
elvang denmark	https://www.elvangdenmark.dk/	alive	200
darkshe	https://darkshe.com/	alive	200
edeline lee	https://edelinelee.com/	alive	200
chromat	https://chromat.co/	alive	200
dimmeys	https://dimmeys.com.au/	alive	200
earth and body wise	http://www.earthbodywise.com/	alive	200
by rosie jane	http://www.byrosiejane.com/	alive	200
dimples	https://www.dimples.co.nz/	alive	200
durban bagii	https://www.durbanbagii.com/	alive	200
dfg 1924	https://dfg1924.it/	alive	200
danaë trans-missie	https://www.trans-missie.nl/	timeout	
dwell and slumber	https://dwellandslumber.com/	alive	200
family 1st	https://family1st.us/	alive	200
fina garcia	https://finagarcia.com/	alive	200
dr. sorbie	https://www.drsorbie.co.il/	alive	200
control corrective skincare systems	http://www.controlcorrective.com/	timeout	
ep soak by san francisco salt co	https://epsoak.com/	alive	200
earth tu face	http://www.earthtuface.com/	alive	200
deadsoxy	https://deadsoxy.com/	alive	200
eisenberg paris	http://www.eisenberg.com/	alive	200
citizens of humanity	https://www.citizensofhumanity.com/	alive	200
dulzamara	https://dulzamara.com/	alive	200
cubitts	https://www.cubitts.com/	alive	200
esotiq	https://esotiq.com/	alive	200
cactus plant flea market	https://cactusplantfleamarket.com/	alive	200
earth mama organics	https://earthmamaorganics.com/	alive	200
dior	https://www.dior.com/	blocked	403
dobell	https://www.dobell.com/	alive	200
discount universe	https://discountuniverse.com.au/	timeout	
earthley wellness	http://www.earthley.com/	alive	200
fayettechill	https://www.fayettechill.com/	alive	200
flavia aranha	https://www.flaviaaranha.com/	blocked	403
dunhill	https://www.dunhill.com/	alive	200
esas nyc	http://www.esasnyc.com/	alive	200
ecoright	https://www.ecoright.com/	alive	200
dekadem	https://www.etsy.com/uk/shop/Dekadem	blocked	403
e’serdiv	https://eserdiv.com/	alive	200
cyma watches	http://www.cyma.ch/	alive	200
calzoleria tescana	https://calzoleriatoscana.com/en/	blocked	403
ecru	https://www.ecrubrand.com/	alive	200
eco-dent international	http://www.eco-dent.com/	alive	200
dodo's	https://www.dodos.co.za/	dns-dead	no A/AAAA @1.1.1.1
dora larsen	https://doralarsen.com/	alive	200
dr. denim	https://www.drdenim.com/	alive	200
ecozz	https://www.ecozz.com/	alive	200
fernando jorge	https://www.fernandojorge.co.uk/	alive	200
eah chanie	https://www.aliexpress.com/i/3256808284482327.html?gatewayAdapt=4itemAdapt%3Futm_source%3DGoodOnYou+App	alive	200
deadweight supply co.	https://deadweightsupply.com/	alive	200
esthetic health	https://www.esthetichealth.be/	dns-dead	NXDOMAIN @1.1.1.1+8.8.8.8
eight & bob	https://usa.eightandbob.com/	alive	200
f.a.r.a.h brushes	http://farahbrushes.com/	alive	200
desoto	https://www.desoto-shirts.de/	alive	200
flycurvy	https://www.flycurvy.com/	blocked	403
eby	https://shop.join-eby.com/	alive	200
capezio	https://www.capezio.com/	alive	200
encircled	https://www.encircled.ca/?oid=305&affid=1&source_id=GoY-rating&sub1=brandpage	alive	200
ena pelly	https://enapelly.com.au/	alive	200
coachtopia	https://japan.coach.com/shop/coachtopia	net-error	redirect count exceeded
ego	https://ego.co.uk/	blocked	403
do+dare undie co.	https://doanddare.co/	alive	200
emporio armani	https://www.armani.com/emporio-armani/	alive	200
etici	https://www.etici.eu/	alive	200
dorvene	https://dorvene.com/	dns-dead	no A/AAAA @1.1.1.1
elewa natural	http://www.elewanatural.com/	alive	200
drm-lnd	https://drm-lnd.com/	alive	200
eberjey	https://eberjey.com/	alive	200
fiorucci	https://www.fiorucci.com/	alive	200
delacourte paris	https://delacourte.com/	alive	200
elena rosenberg	http://www.elenarosenberg.com/	tls-error	ERR_TLS_CERT_ALTNAME_INVALID
dolcezza	https://dolcezza.ca/	alive	200
falla finland	https://fallafinland.com/	alive	200
didriksons	https://www.didriksons.com/	alive	200
colin's jeans	https://www.colins.ru/	net-error	UND_ERR_CONNECT_TIMEOUT
editions de parfums frédéric malle	https://www.fredericmalle.com/	alive	200
dioné cosmetics	http://www.dionecosmetics.com/	alive	200
dermophil indien	http://www.dermophil.fr/	alive	200
daisy rose	https://daisyrose.com/	alive	200
eptm.	https://eptmusa.com/	alive	200
elle chic	https://www.lechicfashion.eu/elle-chic	alive	200
carlings	https://carlings.com/	blocked	403
conrado	https://shopconrado.com/	alive	200
elegantees	https://elegantees.com/	alive	200
corto moltedo	https://corto.com/	alive	200
epøkhe	https://www.epokhe.co/	alive	200
forever 21	https://www.forever21.com/	alive	200
eva nyc	https://eva-nyc.com/	alive	200
dreamers & drifters	https://dreamersanddrifters.com.au/	alive	200
elodie's naturals	https://elodiesnaturals.com/	alive	200
duluth trading	https://www.duluthtrading.com/	blocked	403
eganagoldpfeil (holdings) ltd.	http://www.egana.com/	alive	200
daze	https://dazedenim.com/	alive	200
everlast	https://www.everlast.com/	alive	200
ebb ocean club	http://ebboceanclub.com/	alive	200
derrick	https://derrick.london/	dns-dead	NXDOMAIN @1.1.1.1+8.8.8.8
dr. scholls shoes	http://www.drschollsshoes.com/	blocked	403
ellegemz	https://ellegemz.com/	tls-error	ERR_SSL_SSL/TLS_ALERT_HANDSHAKE_FAILURE
father & sons	http://www.fatherandsons.fr/	alive	200
doshi	https://doshi.shop/	alive	200
comunitymade	https://comunitymade.com/	alive	200
el vaquero	https://www.elvaquero.it/	alive	200
doctor hopiola	https://drhopiola.com/	alive	200
cle cosmetics	http://clecosmetics.com/	alive	200
dare fashion	https://darefashionusa.com/	alive	200
esme	https://weareesme.com/	alive	200
emily van den bergh	https://yours-emily.de/	alive	200
corem	https://thecorem.com/	tls-error	ERR_TLS_CERT_ALTNAME_INVALID
casas	https://www.casasclub.com/en	alive	200
ella k parfums	https://www.ellakparfums.com/	alive	200
country road	https://www.countryroad.com/	blocked	403
collection of style	https://cos.com/	blocked	403
franco tucci	https://tuccitime.com/	alive	200
emoi	https://emoi.fashion/	tls-error	UNABLE_TO_GET_ISSUER_CERT_LOCALLY
eguzkilore	https://eguzkilorejoya.com/	alive	200
decadent copenhagen	https://www.decadentcopenhagen.dk/	alive	200
f_wd	https://www.fwd-react.com/	tls-error	ERR_TLS_CERT_ALTNAME_INVALID
edge of ember	https://edgeofember.com/	alive	200
duskii	https://duskii.com/	alive	200
dew e dew e	https://dewedewe.com/	alive	200
emily week	https://ew.baycrews.co.jp/	alive	200
earth’s substance	https://www.etsy.com/shop/EarthsSubstanceLLC	blocked	403
feratt	https://feratt.cz/	alive	200
coq en pâte	http://www.coqenpate.com/	alive	200
dorsu	https://shopdorsu.com/?oid=69&affid=1&source_id=GoY-rating&sub1=brandpage	alive	200
dreimaster	https://www.drei-master.de/	tls-error	CERT_HAS_EXPIRED
clothing junction	https://clothingjunction.co.za/	alive	200
de puta madre 69	http://deputamadreshop.com/	blocked	403
ethical earth store	https://ethicalearthstore.com/	alive	200
cotopaxi	https://www.cotopaxi.com/	alive	200
emily & noah	https://www.emilyundnoah.com/	alive	200
florapothecarie	https://florapothecarie.com/	alive	200
extraless	https://extraless.com/	alive	200
feravana	http://feravana.com/	alive	200
doppeltree	http://www.doppeltree.com/	alive	200
element brooklyn	https://www.elementbrooklyn.com/	alive	200
faith	https://www.faith.se/	alive	200
freed	https://www.freedandfreed.com/	alive	200
edmmond	https://edmmond.com/	alive	200
equaland	https://equaland.com/	alive	200
ephd	https://epres.com/	alive	200
dip	https://dipalready.com/	alive	200
eight2nine	https://eight2nine.de/	alive	200
dion lee	https://global.dionlee.com/	dns-dead	no A/AAAA @1.1.1.1
dunham's sports	https://www.dunhamssports.com/	blocked	403
cognomen	https://cognomen.jp/	alive	200
everneat	https://everneat.co/	alive	200
e'mar	https://www.emaritaly.com/	alive	200
crash baggage	https://crashbaggage.com/en/	alive	200
enlighten clothing co	https://enlightenclothingcompany.com/	alive	200
factorie	https://www.factorie.com.au/	alive	200
econscious	https://www.econscious.net/	alive	200
dub	https://www.dubapparels.com/	alive	200
fiorella rubino	https://www.fiorellarubino.com/	alive	200
dr. scholl's	https://www.drscholls.com/	alive	200
demonomy	https://demonomy.com/	alive	200
fassbender	https://myfassbender.com/	tls-error	CERT_HAS_EXPIRED
ftc cashmere	https://shop.ftc-cashmere.com/	alive	200
el palacio de hierro	http://www.elpalaciodehierro.com/	blocked	403
esby apparel	https://www.esbyapparel.com/	alive	200
foo tokyo	https://footokyo.jp/	alive	200
domiamia	https://domiamia.com/	http-dead	402
elendeek	https://elendeek.com/	alive	200
doctor cutillas	https://www.doctorcutillas.com/	alive	200
dream crème™	https://www.emijay.com/	alive	200
eagle creek	https://www.eaglecreek.com/homepage.html	alive	200
comme des garçons	https://www.comme-des-garcons.com/	alive	200
ezze wear	https://www.ezzewearstore.ca/	timeout	
ekta helsinki	https://www.ektahelsinki.fi/	alive	200
conchisa	https://www.conchisa.com/	alive	200
ericeira surf & skate	https://ericeirasurfskate.pt/pt/en/	alive	200
escvdo	https://escvdo.com/	alive	200
esmé studios	https://www.esmestudios.com/	alive	200
cremebalm	http://cremebalm.com/	alive	200
caudalie	http://www.caudalie.com/	alive	200
fashion b.e.s.t.	https://www.yoox.com/us/women/shoponline/fashion%20b.e.s.t.%20x%20yoox_d	blocked	403
devrim studio	https://devrimstudio.com/	alive	200
envelope1976	https://envelope1976.com/	alive	200
defineme	http://definemefragrance.com/	alive	200
eb denim	https://www.ebdenim.com/	alive	200
eline rosina	https://elinerosina.com/	alive	200
eliurpi	https://www.eliurpi.com/	alive	200
fenton	http://www.fentonbags.com/	alive	200
dua bags	https://duabags.com/	alive	200
dphue	https://www.dphue.com/	alive	200
ellesse	https://www.ellesse.com/	alive	200
fossil	https://www.fossil.com/	blocked	403
duer	https://shopduer.com/	alive	200
entetsu department store	https://www.endepa.com/	alive	200
fairy tales hair care	http://fairytaleshaircare.com/	alive	200
dorothy perkins	https://www.dorothyperkins.com/	alive	200
ellastiek	https://ellastiek.com/	alive	200
elie tahari	https://www.elietahari.com/	alive	200
corks and bubbles	http://corksandbubbles.ca/	alive	200
essentials everything	http://www.essentialseverything.com/	alive	200
esthetic center	https://www.esthetic-center.com/	alive	200
ehe apparel	https://eheapparel.com/	alive	200
costo	https://www.costo.fi/	alive	200
culya	https://culya.com/	alive	200
centauro	https://centauro.com.br/	blocked	403
coop city	https://www.coop-city.ch/	blocked	403
dinh van	https://www.dinhvan.com/	alive	200
estilo emporio	https://estiloemporio.com.au/	alive	200
ética	https://eticadenim.com/	http-dead	423
emanate essentials	https://emanateessentials.com/	alive	200
em’z blendz soap co.	http://emzblendz.com/	alive	200
finny rute	http://www.finnyrute.co/	alive	200
dylan's tees	https://dylanstees.com/	alive	200
emma hyacinth	https://emmahyacinth.com/	alive	200
g.i.g.a. dx	https://www.killtec.de/	alive	200
fratelli rossetti	https://www.fratellirossetti.com/	alive	200
erly	http://itserly.com/	alive	200
farm rio	https://www.farmrio.com/	alive	200
embrogo	https://embrogobrand.com/	alive	200
elvine	http://www.elvine.se/	alive	200
cotton candy	https://www.cottoncandy-fashion.de/	http-dead	402
ettitude	https://www.ettitude.com.au/?oid=33&affid=1&source_id=GoY-rating&sub1=brandpage	alive	200
evén	https://even-online.com/	alive	200
dynasty jewelers	https://dynastysanjose.com/	alive	200
crafsto	https://crafsto.jp/	alive	200
charol	https://charol.jp/shop/default.aspx	dns-dead	NXDOMAIN @1.1.1.1+8.8.8.8
cosmoparis	https://www.cosmoparis.com/	alive	200
evaluna shoes	https://www.evalunashoes.com/	alive	200
everpress	https://everpress.com/	alive	200
designice	http://www.dc-nice.com/index.html	alive	200
edge clothing	https://www.edgeclothing.com.au/	alive	200
elenco	https://elenco.com.pt/	alive	200
flo	https://www.flo.com.tr/	alive	200
dresscode	https://www.dresscodeshirts.co.uk/	alive	200
envy	https://klarandco.com/	alive	200
gant	https://tr.gant.com/	dns-dead	NXDOMAIN @1.1.1.1+8.8.8.8
feners	https://feners.com/	alive	200
felisi	https://www.felisibagsandbelts.it/	alive	200
endlich ohne	https://www.endlich-ohne.de/	alive	200
enruini	https://mp.weixin.qq.com/s?__biz=MjM5ODA1MDAyMA==&mid=2670367025&idx=3&sn=0bd77ced073acf4bf5148c7c56347dbf&chksm=bdfed77896224d8a106fca48d7f135beb0b5c58c781fa4c6346f31e52df9afecd070d8882250&scene=27	alive	200
d.s. & durga	https://www.dsanddurga.com/	alive	200
fiorangelo	https://www.fiorangelo.it/	alive	200
ebbets field flannels	https://www.ebbets.com/	alive	200
ewers	https://www.ewers-struempfe.de/	alive	200
eyebrow plus	https://www.eyebrowplus.com/	alive	200
dranella	https://www.dranella.com/en-en	alive	200
eastermia	https://www.eastermia.com/	http-dead	404
crunchi	http://www.crunchi.com/	alive	200
chilli beans	https://loja.chillibeans.com.br/	alive	200
eyd - humanitarian clothing	https://www.eyd-clothing.com/	alive	200
esqualo	https://www.esqualo.nl/	alive	200
diamond supply co.	https://www.diamondsupplyco.com/	blocked	403
ellen tracy	https://ellentracy.com/	alive	200
ezzelino	https://sartoriadilusso.shop/designers/ezzelino	blocked	403
derimod	https://www.derimod.com.tr/	alive	200
fokus očná optika	https://fokusoptika.sk/	alive	200
croquis	https://www.croquis.com.cn/	alive	200
endura	https://www.endurasport.com/	alive	200
cover	https://coverswim.com/	alive	200
floralisse skincare	http://www.floralisseskincare.com/	alive	200
e.l.f. cosmetics  inc.	https://www.elfcosmetics.com/	alive	200
east harbour surplus	https://www.eastharboursurplus.com/	alive	200
finncomfort	https://www.finncomfort.de/	alive	200
ernsting's family	https://www.ernstings-family.de/	alive	200
filmus13	https://filmus13.com/	alive	200
equipment	https://www.equipmentfr.com/	alive	200
erke	https://en.erke.com/	alive	200
floral spell	http://floralspell.co/	alive	200
edie grim	https://ediegrim.com/	alive	200
cordwainer	https://www.cordwainer.es/	alive	200
duke + dexter	https://dukeanddexter.com/	alive	200
cvlcha	https://www.cvlcha.com/	alive	200
emulsion printhouse	https://www.emulsionprinthouse.com/	alive	200
fae	https://www.fae.house/	alive	200
dissona	http://www.dissona.com/	timeout	
emling	https://www.emling.fr/en/	alive	200
fairma ethical design	https://fairma.pl/en/	http-dead	404
formless beauty	https://formlessbeauty.com/	alive	200
gémo	https://www.gemo.fr/	alive	200
cycleing	https://cycleing.stores.jp/	blocked	403
europa 92	https://europa92.eu/	blocked	403
era department stores	https://era.com.cy/	alive	200
critter mountain wear	https://crittermountaingear.com/	tls-error	ERR_TLS_CERT_ALTNAME_INVALID
fondation qualité fleurier	http://www.qualite-fleurier.ch/	alive	200
eau de juice	http://www.luxebrands.com/	alive	200
flexi	https://www.flexi.com.mx/	alive	200
elements of freedom	https://www.elementsoffreedom.nl/	http-dead	402
estelí	http://www.estelibody.com/	alive	200
edas	https://edas.store/	alive	200
esp	https://esp-oslo.no/	alive	200
doctor butler's	http://www.doctorbutlers.com/	alive	200
fomin soap	http://fominsoap.com/	alive	200
el nuevo mundo	https://elnuevomundo.com/	alive	200
duozoulu	http://www.duozoulu.com/	alive	200
e. tautz	https://etautz.com/	tls-error	CERT_HAS_EXPIRED
daniele	https://www.danielecarlotta.com/	timeout	
ermenegildo zegna	http://www.zegna.com/	alive	200
damanci®	https://damanci.com/	alive	200
fashion brand company	https://www.fashionbrandcompany.com/	alive	200
crazy good threads	https://threads.crazygoodenterprises.com/	alive	200
enviroscent	http://enviroscent.com/	alive	200
fashionpower	https://www.fashionpower.eu/	alive	200
frankie4	https://frankie4.com/	alive	200
ekyog	https://www.ekyog.com/	alive	200
daily paper	https://www.dailypaperclothing.com/	alive	200
exisport	https://www.exisport.com/	blocked	403
fair indigo	https://www.fairindigo.com/?oid=77&affid=1&source_id=GoY-rating&sub1=brandpage	alive	200
forvert	https://www.forvert.com/	tls-error	CERT_HAS_EXPIRED
devinto	https://www.devinto.net/	alive	200
elle couture	https://ellecouture.shop/	alive	200
eurthlin	https://eurthlin.com/	dns-dead	NXDOMAIN @1.1.1.1+8.8.8.8
einrlloris	http://einrlloris.com/	dns-dead	NXDOMAIN @1.1.1.1+8.8.8.8
chucker fly apparel	https://chuckerfly.com/	alive	200
giangi	https://www.gianginapoli.it/	alive	200
curlsmith	https://curlsmith.com/	alive	200
fabiani	https://www.fabiani.co.za/	alive	200
cote	https://www.co-te.com/	alive	200
fortify	http://www.fortifyskincare.com/	alive	200
elisabetta franchi	https://www.elisabettafranchi.com/	alive	200
frennesson smycken & accessoarer	https://www.frennesson.se/	alive	200
éternel éphémère	https://en.eternelephemere.eu/	alive	200
eating the goober	https://www.eatingthegoober.com/	alive	200
flare street	https://www.flarestreet.com/?oid=232&affid=1&source_id=GoY-rating&sub1=brandpage	alive	200
feller	https://www.feller.clothing/	alive	200
cubus	https://cubus.com/	blocked	403
essentiel elements treatment	https://www.gilchristsoames.com/collections/essentiel-elements.html	http-dead	404
derier	https://www.derier.com.cn/	net-error	UND_ERR_CONNECT_TIMEOUT
darzah	https://www.darzah.org/	alive	200
day et	https://day-et.com/	alive	200
dollylocks	https://www.dollylocks.com/	alive	200
emilio pucci	https://www.emiliopucci.com/en-us/	dns-dead	no A/AAAA @1.1.1.1
expressions parfumées	https://www.epparfums.com/en/	alive	200
citron vert	https://citron-vert.fr/	alive	200
eleven44	https://eleven44.com/	alive	200
d'urban	https://www.d-urban.com/	net-error	UND_ERR_SOCKET
familyshoes	https://www.familyshoes.com.tw/	alive	200
epsoothe™	http://lasaltco.com/	alive	200
craig green	https://craig-green.com/	alive	200
fob paris	https://www.fob-paris.com/	alive	200
furla	https://www.furla.com/	alive	200
everymood	https://everymood.com/	alive	200
edenly	https://www.edenly.com/	alive	200
feng chen wang	https://fengchenwang.com/	alive	200
fin & vince	https://finandvince.com/	alive	200
frasers	https://destinations.za.com/	blocked	403
cynxla	https://www.cynxla.com/	dns-dead	NXDOMAIN @1.1.1.1+8.8.8.8
girard-perregaux	https://www.girard-perregaux.com/	alive	200
dorotheum	http://www.dorotheum.com/	blocked	403
fabrik	https://fabrikstore.com/	alive	200
ermanno scervino	https://www.ermannoscervino.com/	alive	200
deckers x lab	https://deckersxlab.com/	net-error	ECONNREFUSED
freitag	https://www.freitag.ch/	net-error	redirect count exceeded
eli 1957	https://eli1957.com/	alive	200
doucal's	https://www.doucals.com/	alive	200
ensulo	https://ensulo.jp/	alive	200
facetory	https://www.facetory.com/	alive	200
fraser hart	https://www.fraserhart.co.uk/	alive	200
ellyla	https://ellyla.com/	alive	200
fazbulous	https://www.fazbulous.com/	tls-error	ERR_TLS_CERT_ALTNAME_INVALID
cruyff	https://www.cruyff.com/	alive	200
form and fold	https://formandfold.com/	alive	200
f. king golf	https://www.fkinggolf.com/	alive	200
fashion to figure	https://www.fashiontofigure.com/	alive	200
dime bags	https://dimebags.com/	alive	200
ekn footwear	https://www.eknfootwear.com/	alive	200
est seven	https://www.estseven.com/	alive	200
daisy blue naturals	https://daisybluenaturals.com/	alive	200
gaelle hayme	https://www.gaellehayme.com/	alive	200
gloria!gloria!	https://www.gloria-gloria.com/	http-dead	404
dr.kong	https://www.dr-kong.com.hk/	alive	200
fann retail	https://www.fann.cz/	alive	200
denirobootco	https://denirobootco.it/	alive	200
fulton	https://walkfulton.com/	alive	200
elsien gringhuis	https://www.elsiengringhuis.com/	alive	200
erl	https://erl.store/	alive	200
farago the label	http://www.faragothelabel.com/	alive	200
frett	https://frett.life/	alive	200
emmi	https://emmi.jp/	alive	200
cvrd fashion	https://www.cvrdcollection.com/	alive	200
etnia barcelona	https://www.etniabarcelona.com/us/en	alive	200
em & may	https://www.emandmay.com/	alive	200
frankie and coco pdx	https://frankieandcocopdx.com/	alive	200
faithfull the brand	https://www.faithfullthebrand.com/	alive	200
do good surf club	https://www.dogoodsurfclub.com/?oid=386&affid=1&source_id=GoY-rating&sub1=brandpage	alive	200
elfs	https://www.elfs.hr/	alive	200
european culture	https://www.european-culture.it/	alive	200
damselfly	https://www.damselflyorganicclothing.com/	alive	200
esica	https://esica.shop/	alive	200
darby mack	https://www.darbymack.com/	dns-dead	NXDOMAIN @1.1.1.1+8.8.8.8
goldsign	https://goldsigndenim.com/	alive	200
earth harbor naturals	http://earthharbor.com/	alive	200
devil-dog dungarees	https://devil-dog.com/	alive	200
gabbiano denim	https://www.gabbianodenim.com/	alive	200
en vogue sculptured nail systems	https://www.envoguenails.com/	alive	200
feel	http://www.thisisfeel.com/	alive	200
eos	http://www.evolutionofsmooth.com/	alive	200
daikokuya	http://www.mmjp.or.jp/daikokuya/	http-dead	404
flatlist	https://www.flatlisteyewear.com/	alive	200
fresame cosmetics	http://fresame.com/	alive	200
fur	http://furyou.com/	alive	200
dtlr	https://www.dtlr.com/	alive	200
danucera	http://www.danucera.com/	alive	200
clean kids naturally	http://gabrielcosmeticsinc.com/brand/clean-kids	alive	200
fast-fix jewelry and watch repair	https://fastfix.com/	alive	200
fe noel	https://fenoel.com/	alive	200
doops designs	https://www.doopsdesigns.com/	alive	200
elonai	https://elonai.us/	alive	200
dress like flo	https://www.flo.nl/	alive	200
endless joy	https://www.endlessjoy.co.uk/	alive	200
éxito	https://www.exito.com/	alive	200
femkit	https://www.femkit.de/	alive	200
dimattia & shockly	https://www.dimattia.eu/	tls-error	ERR_SSL_WRONG_VERSION_NUMBER
fly london	https://www.flylondon.com/	alive	200
ganor dominic	https://ganordominic.com/	alive	200
fifthcraftystreet	https://www.fifthcraftystreet.com/	tls-error	UNABLE_TO_GET_ISSUER_CERT_LOCALLY
ex nihilo	https://us.ex-nihilo-paris.com/	alive	200
essenziali sicily	https://essenzialisicily.com/	alive	200
és skateboarding	http://esskateboarding.com/	alive	200
dear darling berlin	https://deardarling.berlin/	alive	200
fly3	https://www.fly3.it/	alive	200
funk since 1776	https://www.funk-since-1776.com/	alive	200
dansk copenhagen	https://www.danskcopenhagen.dk/	dns-dead	no A/AAAA @1.1.1.1
gadea	https://www.gadeashoes.com/	alive	200
de bonne facture	https://debonnefacture.fr/	alive	200
freisi	https://freisi-official.com/	alive	200
fenty beauty	https://www.fentybeauty.com/	alive	200
ed. pinaud	http://ed-pinaud.com/	alive	200
daheim love	https://www.daheim.love/	alive	200
dr. loretta	http://www.drloretta.com/	alive	200
emon	https://www.underwear.com.tw/	alive	200
epsoak naturals collection	http://www.epsoak.com/	alive	200
fabrizio viti	https://fabrizioviti.com/	tls-error	CERT_HAS_EXPIRED
forét	https://www.foretstudio.dk/	alive	200
fidelio	https://www.fidelio-shop.com/	alive	200
dunns	https://www.dunns.co.za/	alive	200
dl sport	https://www.dlsport.it/	alive	200
edgardio chilini	https://www.chilini.com/	alive	200
gore® wear	https://www.gorewear.com/	alive	200
estella bartlett	https://www.estellabartlett.com/	alive	200
fabio rusconi	https://www.fabiorusconi.it/	tls-error	CERT_HAS_EXPIRED
eudoxie	https://eudoxie.shop/	alive	200
esther perbandt	https://www.estherperbandt.com/	alive	200
delikate rayne	https://www.delikaterayne.com/	alive	200
foreva	http://www.foreva.pt/	alive	200
gabriela hearst	http://www.gabrielahearst.com/	alive	200
gas bijoux	https://www.gasbijoux.com/	alive	200
de siershop	https://www.desiershop.nl/	alive	200
deep steep	https://www.deepsteep.com/	alive	200
finish line  inc.	https://www.finishline.com/	alive	200
finsk	http://finsk.com/	alive	200
eileen west	https://www.eileenwest.com/	alive	200
danier	https://danier.com/	alive	200
episode	https://episode.eu/	alive	200
esotte	https://www.esotte.com/	alive	200
franceschetti	https://www.franceschetti.it/	alive	200
fitshop	https://www.fitshop.de/	alive	200
early majority	https://www.earlymajority.com/	http-dead	404
dooney & bourke	https://www.dooney.com/	alive	200
greater than beauty	https://greaterthanbeauty.co/	alive	200
eurosko	https://www.eurosko.no/	alive	200
fannie schiavoni	https://www.fannieschiavoni.com/	alive	200
fix your lid	https://fixyourlid.com/	alive	200
eva mann	https://eva-mann.com/	alive	200
etré tokyo	https://etretokyo.jp/shop/default.aspx	alive	200
e.b.e.	http://www.enoughbutevolving.com/	alive	200
ethika  inc.	http://www.ethika.com/	alive	200
espaçolaser	https://www.espacolaser.com.br/	alive	200
gas jeans	https://eu.gasjeans.com/	alive	200
du pareil au même	https://en.dpam.com/	alive	200
exact	https://www.exact.co.za/	alive	200
de la fontaine naturals	https://www.dlfnaturals.com/	alive	200
day birger et mikkelsen	https://www.day.dk/	alive	200
club moda usa	https://clubmodausa.com/	alive	200
garcia	https://b2b.wearegarcia.com/	alive	200
dehiya beauty	https://dehiyabeauty.com/	alive	200
desa deri	https://www.desa.com.tr/	alive	200
fleur du mal	https://www.fleurdumal.com/	alive	200
flonatix	http://flonatix.com/	alive	200
elevated	http://www.taylorsnatural.com/	alive	200
george	https://direct.asda.com/george	http-dead	425
escora	https://www.escora-dessous.de/	net-error	UND_ERR_CONNECT_TIMEOUT
ecco	https://nl.ecco.com/	blocked	429
dr. liv skincare ag	https://drliv.com/	alive	200
grupo famsa	https://www.famsa.com/	timeout	
genial day	https://www.genialday.com/	alive	200
flowfold	https://www.flowfold.com/	alive	200
epres	http://www.epres.com/	alive	200
everist	https://helloeverist.com/	alive	200
georgespaul	https://georgespaul.fr/	alive	200
extract labs	https://www.extractlabs.com/store/cbd-topicals/	blocked	403
fable & mane	https://fableandmane.com/	alive	200
derbe	https://www.derbeshop.de/	alive	200
express	https://www.express.com/	alive	200
colchik	https://www.colchik.com/	alive	200
georg jensen	https://www.georgjensen.com/	alive	200
fearless blood	https://fearless-blood.com/	blocked	403
eat your water	https://www.eatyourwater.com.au/	alive	200
eckō unltd.	http://www.shopecko.com/	alive	200
deblon sports	https://deblonsports.com/	alive	200
destin	https://www.destinsurl.com/	alive	200
flower knows	https://flowerknows.co/	alive	200
ellis brigham	https://www.ellis-brigham.com/	alive	200
folie du lin	https://foliedulin.com/	alive	200
fme apparel	https://www.fmeapparel.com.au/	alive	200
dezestar	https://dezestar.com/	alive	200
francesco russo	https://www.francescorusso.fr/	alive	200
depyl action	https://www.depylaction.com.br/	alive	200
ez flow	http://ezflow.com/	alive	200
gill marine	https://www.gillmarine.com/	alive	200
develab	https://www.develab.com/	alive	200
for love and lemons	https://forloveandlemons.com/	alive	200
edji	https://www.edji.com/	alive	200
gigasport	https://www.gigasport.at/	alive	200
face atelier	https://www.faceatelier.com/	alive	200
compagnia italiana	https://www.compagniaitaliana.it/	alive	200
fancl corporation	http://www.fancl.co.jp/	alive	200
eko-banz	https://ekobanz.com/	alive	200
edeniste	https://www.edeniste.com/	alive	200
evre.	http://www.evreselfcare.com/	alive	200
democratique socks	https://www.democratiquesocks.com/	alive	200
footnanny	http://www.footnanny.com/	alive	200
fornarina	https://www.fornarina.com/	alive	200
forge men	https://try-forge.com/	alive	200
diopta	https://diopta.rs/	alive	200
ethyst® skincare	http://ethyst.com/	alive	200
dazey la	https://www.dazeyla.com/	alive	200
eshvi	https://www.eshvi.co.uk/	alive	200
fielmann	https://www.fielmann.de/	alive	200
effeny	https://www.effenygmbh.de/	alive	200
gilda tonelli	https://gildatonelli.it/	dns-dead	no A/AAAA @1.1.1.1
faconnable	https://www.faconnable.com/	alive	200
ethletic	http://ethletic.com/en/about/ethletic/	http-dead	404
glashütte original	http://www.glashuette-original.com/	alive	200
fraenck	https://fraenck.com/	alive	200
el yoga mola	https://elyogamola.com/	alive	200
diet prada	https://www.dietprada.com/	alive	200
far eastern department stores	http://www.feds.com.tw/	blocked	403
copenhagen studios	https://www.copenhagenstudios.com/	alive	200
elias rumelis	https://elias-rumelis.com/	alive	200
emme parsons	https://www.emmeparsons.com/	alive	200
gilda & pearl	https://gildapearl.co.uk/	alive	200
decus beauty	http://decusbeauty.com/	alive	200
fransa	https://www.fransa.com/	alive	200
dstrezzed	https://www.dstrezzed.com/	alive	200
fairweather	https://www.fairweatherclothing.com/	alive	200
frank dandy	https://frankdandy.com/	alive	200
fc schalke 04	https://shop.schalke04.de/	alive	200
everyday oil	https://everydayoil.com/	alive	200
dodo	https://www.dodojewels.com/	alive	200
finnmark	https://www.finnmark-clothing.com/	alive	200
fitz & huxley	https://www.fitzandhuxley.com/	alive	200
elefanten	https://www.elefanten.de/	alive	200
faro	https://faro-shop.com/	alive	200
glase	https://glase.fr/	alive	200
frederic m	https://www.fredericm.com/fr-fr/catalog/parfums	alive	200
devlyn	https://www.devlyn.com.mx/	alive	200
fabiana filippi	https://www.fabianafilippi.com/	alive	200
elizabeth and james	https://elizabethandjames.us/	alive	200
divine beauty brand	https://divinebeautybrand.com/	alive	200
costamani	https://www.costamani.dk/	alive	200
declermont	http://www.declermont.fr/	alive	200
freebird	https://www.freebirdicons.com/	alive	200
foxybae	https://www.foxybae.com/	alive	200
gladys tamez millinery	https://gladystamez.com/	alive	200
feben	https://feben.co/shop	dns-dead	no A/AAAA @1.1.1.1
glamsquad	https://glamsquad.com/	alive	200
h bar c	https://hbarc.com/	alive	200
departure	https://www.shopdeparture.com/	alive	200
french connection	https://eu.frenchconnection.com/	blocked	403
dxl men's apparel	https://www.dxl.com/	alive	200
dilli grey	https://www.dilligrey.com/?oid=262&affid=1&source_id=GoY-rating&sub1=brandpage	alive	200
fashionholic	https://fashionholic.pl/	blocked	503
fetico	https://shop.fetico.jp/	alive	200
f. hinds	https://www.fhinds.co.uk/	alive	200
flower mountain	http://www.flowermountain.com/	alive	200
ella baché	http://www.ellabache.com/	alive	200
fejn	https://www.fejn.com/en	alive	200
frogs and dogs	http://frogsanddogs.nl/	alive	200
dorotheum juwelier	https://www.dorotheum-juwelier.com/	blocked	403
dime beauty	https://dimebeautyco.com/	alive	200
eivy	https://www.eivyclothing.com/	blocked	429
fanatics	https://www.fashion-fanatics.com/	tls-error	CERT_HAS_EXPIRED
emanuele bicocchi	https://www.emanuelebicocchi.it/?lang=en%3Futm_source%3DGoodOnYou+App	alive	200
eloquii	https://www.eloquii.com/	http-dead	433
free/quent	https://www.freequent.com/	alive	200
denise roobol	https://deniseroobol.com/	alive	200
fruit of the loom	https://www.fruit.com/	alive	200
fanm mon	https://fanmmon.com/	alive	200
dycteam	https://www.dycteam.com/	alive	200
don roberto jewelers	https://donrobertojewelers.com/	blocked	403
eonian skincare	https://eonianskincare.com/	alive	200
goat organic apparel	https://goatorganicapparel.com/	alive	200
deux mains	https://deuxmains.com/	alive	200
designer society	https://designerssociety.es/	alive	200
earthly body	http://earthlybody.com/	alive	200
fenella smith	https://fenellasmith.com/	alive	200
flipside hats	https://www.flipsidehats.com/	alive	200
faith connexion	https://faithconnexion.com/	alive	200
fred de la bretoniere	https://www.freddelabretoniere.com/	alive	200
footnotes	https://www.footnotes.nl/	alive	200
état libre d'orange	http://www.etatlibredorange.com/	alive	200
emilia george	https://emiliageorgeofficial.com/	alive	200
filmore	https://www.filmorebrand.com/	alive	200
fynch-hatton	https://fynch-hatton.com/	alive	200
do.no.ma	https://donomaworld.com/	dns-dead	NXDOMAIN @1.1.1.1+8.8.8.8
evex by krizia	https://store.sanyo-shokai.co.jp/pages/evex_by_krizia	alive	200
fazarts	https://shop.fazarts.com/	dns-dead	NXDOMAIN @1.1.1.1+8.8.8.8
god's masterful children	https://godsmasterfulchildren.com/	alive	200
enfant terrible	https://www.enfantterrible.de/	alive	200
emma jonnz beauty	https://www.emmajonnzbeauty.com/	dns-dead	NXDOMAIN @1.1.1.1+8.8.8.8
fruitsfamily	https://fruitsfamily.com/	alive	200
g.h. bass & co.	http://ghbass.com/	alive	200
fifth house	https://www.fifthhouse.nl/en/	http-dead	404
east 42nd	https://www.east42nd.com/	tls-error	ERR_SSL_SSL/TLS_ALERT_HANDSHAKE_FAILURE
dr. amy wechsler	https://spotlessclinics.com/	alive	200
erin snow	https://erinsnow.com/	http-dead	404
good guys don't wear leather	https://goodguysdontwearleather.com/	alive	200
digital game technology	https://digitalgametechnology.com/	alive	200
first lady firenze	https://www.italianmoda.com/storefronts/firstladyfirenze/	alive	200
fcuk	https://www.frenchconnection.com/	blocked	403
diane von furstenberg	https://www.dvf.com/	alive	200
hampton sun	https://hamptonsun.com/	alive	200
finkid	https://www.finkid.de/	alive	200
fohly scalp solutions	http://fohlywellness.com/	alive	200
frisur	https://www.frisurclothing.com/	alive	200
go gently nation	https://gogentlynation.com/	alive	200
ecuvo	https://www.ecuvo-japan.com/	alive	200
enamel	https://enamel.dk/	alive	200
dream labs	https://shopdreamlabs.com/	alive	200
galleria department store	http://www.hanwhagalleria.co.kr/	dns-dead	no A/AAAA @1.1.1.1
f-one	http://www.f-one.co.jp/	alive	200
ferreira signature line	https://ferreirasignatureline.com/	alive	200
g.h. bass & co	https://ghbass-eu.com/	alive	200
gang de paris	https://gangdeparis.com/	alive	200
dkny	https://www.dkny.com/	alive	200
fiveunits	https://www.fiveunits.com/	alive	200
eczema honey	http://eczemahoneyco.com/	alive	200
dreaming green boutique inc	https://www.dreaminggreenboutique.ca/	alive	200
florsheim	https://www.florsheim.eu/	net-error	ECONNREFUSED
fg s.r.l.s.	https://www.fgitalianleatherbags.com/en/	blocked	503
fumika_uchida	https://fumika-uchida.com/	alive	200
epoca	https://store.sanyo-shokai.co.jp/pages/epoca	alive	200
flannels	https://www.flannels.com/	alive	200
hard night good morning	http://www.hardnightgoodmorning.com/	alive	200
forman mills	https://formanmills.com/	alive	200
elevenparis	https://elevenparis.com/	alive	200
good citizens eyewear	https://www.goodcitizens.com.au/?oid=313&affid=1&source_id=GoY-rating&sub1=brandpage	alive	200
eiji	https://eiji-o.jp/	alive	200
dulis	https://dulisshoes.com/	alive	200
falcotto	https://www.falcotto.com/	alive	200
firma schröder	https://www.schrodermodestoffen.nl/	alive	200
gang	https://www.gang-fashion.com/	alive	200
donne da sogno	https://www.donnedasogno.it/	alive	200
flowers for friends	https://www.flowers-for-friends.com/	alive	200
eileen & eva	https://eileenandeva.com/	alive	200
durea	https://www.durea.nl/	alive	200
coxco	https://coxco-official.com/	alive	200
fq1924	https://www.dkcompany.com/	alive	200
first resort by ramola bachchan	https://www.firstresort.in/	alive	200
gabor	https://www.gabor.de/	alive	200
fly flot	https://www.flyflot.com/	tls-error	CERT_HAS_EXPIRED
hat attack	https://hatattack.com/	alive	200
frankie morello	http://www.frankiemorello.com/	timeout	
estnation	https://www.estnation.co.jp/women	alive	200
gouiran beauté	https://www.gouiran-beaute.com/	alive	200
era organics	https://www.eraorganics.com/	alive	200
good for you girls	https://www.goodforyougirls.com/	alive	200
gr10k	https://gr10k.com/	alive	200
djula	https://www.djula.fr/en/	alive	200
gemlux jewels	https://gemluxjewels.com/	alive	200
dionne gooding	https://www.dionnegooding.com/	alive	200
for horses	https://forhorses.it/	alive	200
essentiel elements bathe	https://www.gilchristsoames.com/collections/bathe.html	alive	200
earth music and ecology	https://stripe-club.com/brand/earth1999/	alive	200
dope snow	https://www.dopesnow.com/	alive	200
fred mello	https://www.fredmello.it/	alive	200
floto	https://www.floto.com/	alive	200
footaction	https://www.footaction.com/	alive	200
goelia	https://www.goelia1995.com/en-us	alive	200
heather	https://www.dot-st.com/heather/	alive	200
freenote cloth	https://www.freenotecloth.com/	tls-error	ERR_SSL_SSL/TLS_ALERT_HANDSHAKE_FAILURE
erfurt luxury	https://www.erfurtluxury.com/	alive	200
evans	https://www.evans.co.uk/	blocked	403
gee beauty	https://geebeauty.com/	alive	200
graine de pastel	https://grainedepastel.com/	alive	200
forestland	https://forestland.store/	alive	200
donguimogam	https://hairofkorean.com/	alive	200
dollop & dew	https://www.dollopanddew.com/	alive	200
fracomina	https://en.fracomina.com/	alive	200
eva franco	http://www.evafranco.com/	alive	200
elon essentials	https://www.elonessentials.com/	alive	200
ecoalf	https://ecoalf.com/	alive	200
flexfit	https://www.flexfit.com/	alive	200
eleni & chris	https://www.eleniandchris.com/	alive	200
fritz berger	https://www.fritz-berger.de/	alive	200
fat moose	https://fatmoosebrand.com/	alive	200
four wild arrows co.	https://fourwildarrowsco.com/	dns-dead	NXDOMAIN @1.1.1.1+8.8.8.8
garnet	https://garnetclothing.com/	alive	200
detaille	http://www.detaille.com/index.php	alive	200
gemmi	https://www.gemmi.fi/	alive	200
escentric molecules	https://www.escentric.com/	alive	200
fuzz	http://fuzzhair.com/	alive	200
gretchen	http://www.mygretchen.com/	alive	200
frances valentine	https://francesvalentine.com/	alive	200
footgear	https://www.footgear.co.za/	alive	200
dr. eddie's dermal defense	https://dermaldefense.com/	alive	200
dr. hauschka	https://www.drhauschka.com/	alive	200
frédérique constant	https://frederiqueconstant.com/	blocked	403
extraaf	https://www.extraaf.com/	tls-error	ERR_TLS_CERT_ALTNAME_INVALID
edwin usa	https://edwin-usa.com/	alive	200
greenjama	https://greenjama.com/	alive	200
evenemen	https://www.evenemen.pl/	alive	200
fuzzi	https://www.fuzzi.com/en/	timeout	
elliker	http://www.elliker.co.uk/	alive	200
elenne body care products	https://elenne.ca/	alive	200
freck beauty	http://www.freckbeauty.com/	alive	200
gentiluomo	https://gentiluomo.com/	alive	200
gretail	https://www.sam73.cz/	alive	200
e.l.f. cosmetics	https://www.elfcosmetics.com/	alive	200
cropp	https://www.cropp.com/	alive	200
esse	https://essestudios.com/	alive	200
fogal	https://fogal.com/	alive	200
guest in residence	https://guestinresidence.com/	alive	200
dr. marnie	http://drmarnie.com/	alive	200
galeria kaufhof	https://www.galeria.de/marken/galeria	blocked	403
drumohr	http://www.drumohr.com/	alive	200
froddo	https://www.froddo.com/	alive	200
espadrij l´originale	https://www.espadrij.com/	alive	200
fera	https://ferastyle.com/	alive	200
eleanor bowmer	https://www.eleanorbowmer.co.uk/	alive	200
eyllekskincare	http://www.eyllekskincare.com/	alive	200
free people	https://www.freepeople.com/	blocked	403
emma's emporium	https://www.emmasemporium.org/	alive	200
elli	https://www.ellieclothing.com/	alive	200
gigue	https://www.gigue.com/	alive	200
eauso vert	https://eauso.com/	alive	200
curvy kate	https://www.curvykate.com/	alive	200
eye wish	https://www.eyewish.nl/	alive	200
être cécile	https://etrececile.com/	http-dead	423
form & thread	https://formandthread.com/	alive	200
dsg disgusto	http://www.dsgdisgusto.com/	alive	200
gazzarrini	https://www.gazzarrini.com/	alive	200
fzotic	https://fzotic.com/	alive	200
ethniks	https://www.ethniks.fr/	alive	200
good man brand	https://thehouseoflrc.com/pages/good-man-brand	alive	200
fownes brothers	http://www.fownesbrothers.com/	http-dead	404
gucci	https://www.gucci.com/	alive	200
florett	https://www.florett.de/	alive	200
hemplucid	http://www.hemplucid.com/	alive	200
fukuya	https://www.fukuya-dept.co.jp/	alive	200
guess watches	https://guesswatches.com/	alive	200
ghc sportswear®	https://ghcsportswear.com/	alive	200
dabidabi	https://dabidabi.de/	alive	200
èvoque beauty	https://evoquecares.com/	alive	200
galiente	https://www.galiente.com/	alive	200
galen leather	https://www.galenleather.com/	alive	200
evil goods	https://evilgoods.com/	alive	200
drmtlgy	https://www.drmtlgy.com/	alive	200
glame chic	https://glamechic.com/	alive	200
emma och malena	https://emmamalena.com/	alive	200
gramicci	https://www.gramicci.com/	alive	200
hackett	https://www.hackett.com/uk/en_gb/	alive	200
dvs shoes	https://www.dvsshoes.com/	alive	200
emphasis	https://www.emphasis.com/	alive	200
foolhardy	http://foolhardy.shop-pro.jp/	http-dead	404
gabbiano	https://www.gabbianodenim.com/	alive	200
hessnatur	https://www.hessnatur.com/de/	alive	200
haggar clothing	http://www.haggar.com/	alive	200
giordano	https://www.giordano.com/	alive	200
damsel in a dress	https://www.damselinadress.com/	alive	200
enza costa	https://www.enzacosta.com/	alive	200
haglöfs	https://www.haglofs.com/	alive	200
fairfax & favor	https://www.fairfaxandfavor.com/	alive	200
gcds	https://gcds.it/	net-error	ECONNREFUSED
faberlic	https://faberlic.com/	alive	200
dylan oaks	https://dylanoaks.co.uk/	alive	200
go outdoors express	https://www.gooutdoors.co.uk/	alive	200
enweis	https://www.enweis.cn/	alive	200
façon jacmin	https://www.faconjacmin.com/	alive	200
grimey	https://www.grimeywear.com/	timeout	
hamilton perkins collection	https://hamiltonperkins.com/collections/shop-bags	blocked	403
digawel	https://store.digawel.com/	alive	200
epicuren discovery	https://epicuren.com/	alive	200
garment project	https://www.garmentproject.com/	alive	200
foster craft corner	https://www.fostercraftcorner.com/	dns-dead	NXDOMAIN @1.1.1.1+8.8.8.8
himalaya clothing	https://www.himalayaclothing.com/	tls-error	ERR_SSL_TLSV1_ALERT_INTERNAL_ERROR
gestuz	https://www.gestuz.com/	alive	200
global work	https://www.globalwork.jp/	alive	200
dazz cleaning tablets	https://www.dazzcleaner.com/	alive	200
earth squared	https://www.earthsquared.com/	blocked	403
hanni	http://heyhanni.com/	alive	200
eta sa	http://www.eta.ch/	alive	200
earthyskin	http://earthyskin.com/	alive	200
eroke	https://www.eroke.it/	tls-error	ERR_SSL_SSL/TLS_ALERT_HANDSHAKE_FAILURE
fashion market	https://it.fashion-market.it/	alive	200
frankie collective	https://frankiecollective.com/	alive	200
friendsheep	http://www.friendsheepwool.com/	alive	200
guinot	https://www.guinot.com/	alive	200
facile	http://www.facileskin.com/	alive	200
divoký býk	https://www.divokybyk.cz/	alive	200
gaston luga	https://gastonluga.com/	alive	200
freckles skincare	https://itsfreckles.com/	alive	200
dotti	https://dotti.jgl.com.au/	alive	200
fray italy	http://www.frayitaly.com/	alive	200
ginoble	https://www.ginoble.com/	alive	200
ecoable	https://ecoable.net/	alive	200
fashion4wellness	https://www.fashion4wellness.com/	alive	200
hanne bloch	https://hanne-bloch.com/	alive	200
dure merk	https://duremerk.com/	alive	200
f. p. journe	http://www.fpjourne.com/	alive	200
escama studio	https://www.escamastudio.com/	alive	200
eden life organics	http://edenlifeorganics.com/	alive	200
fion	https://fion.com.hk/	alive	200
farmacy beauty	http://farmacybeauty.com/	alive	200
ed hardy	https://edhardy.eu/	alive	200
ghanda	https://ghanda.com/	alive	200
famous footwear	http://www.famousfootwear.com/	blocked	403
dresden	https://dresden.vision/	alive	200
frostpfoetchen	https://frostpfoetchen.de/	alive	200
eight saints	https://eightsaintsskincare.com/	alive	200
fridaze	https://www.fridazeclothing.com/	alive	200
harly jae	https://harlyjae.com/	alive	200
golden head	https://www.goldenhead.de/	alive	200
earthbound trading company	https://www.earthboundtrading.com/	alive	200
decenio	https://www.decenio.com/en/	alive	200
falke	https://www.falke.com/	alive	200
esthétique brin de beauté	https://www.esthetiquebrindebeaute.com/	alive	200
hailey gerrits	https://haileygerrits.com/	alive	200
flora mirabilis	http://www.floramirabilis.com/	alive	200
ekosport	https://www.ekosport.fr/	blocked	403
genti	https://genti.clothing/nl/about/our-story	alive	200
freetrain	https://freetrain.com/	alive	200
friking	https://www.friking.es/	alive	200
feetje	https://www.feetje-baby.nl/	tls-error	ERR_TLS_CERT_ALTNAME_INVALID
futura jewelry	https://www.futurajewelry.com/pages/good-on-you-futura-jewelry?oid=165&affid=1&source_id=GoY-rating&sub1=brandpage	alive	200
dunnes stores	https://www.dunnesstores.com/	alive	200
good earth	https://www.goodearth.in/	alive	200
eveline cosmetics	https://eveline.pl/	alive	200
harriet morris	https://harrietmorrisjewellery.com/	blocked	401
getstonned	https://getstonned.com/	alive	200
furrer jacot	https://www.furrer-jacot.com/	alive	200
havan	https://www.havan.com.br/	blocked	403
fays australia	https://fays.com.au/	alive	200
harrington	https://www.harrington.fr/	alive	200
fate naturals	http://www.fatenaturals.com/	alive	200
hanoveriancrochetco	http://hanoveriancrochetco.com/	alive	200
holzweiler	https://www.holzweiler.no/	alive	200
don't waste culture	https://www.dontwasteculture.com/	alive	200
goodtrip	https://goodtrip.co.uk/	alive	200
glimmer wish	http://glimmerwish.com/	alive	200
evarae	https://evarae.com/	http-dead	402
ella& il	https://www.ellaandil.com/	alive	200
g. kero	https://www.gkero.com/	alive	200
fendi	https://www.fendi.com/	blocked	403
giomila	https://giomila.com/en/	net-error	UND_ERR_SOCKET
fujii daimaru	https://www.fujiidaimaru.co.jp/	alive	200
estetik.pl	https://estetik.pl/	alive	200
earl of east	https://www.earlofeast.com/	alive	200
gracious may	https://www.graciousmay.com/	alive	200
eileen fisher	https://www.eileenfisher.com/	alive	200
hawes & curtis	https://www.hawesandcurtis.com/	alive	200
gio	https://giostockings.com/	alive	200
ferrany london	https://ferranylondon.com/	alive	200
hawke	https://www.hawke.cc/	alive	200
fera libens	https://feralibens.com/	blocked	403
elena velez	https://www.elenavelez.com/	alive	200
hot magic	https://www.gunze.jp/store/r/r5295/	alive	200
eyeline	https://www.eyelineswim.com/	alive	200
gravel	https://gravel1957.com/	blocked	429
gold toe brands	https://www.goldtoe.com/	alive	200
eye for three	https://eyeforthree.com/	alive	200
emily and fin	https://emilyandfin.co.uk/	alive	200
gandys	https://www.gandyslondon.com/	net-error	UND_ERR_CONNECT_TIMEOUT
finisterre	https://finisterre.com/	alive	200
gaastra international sportswear	https://www.gaastrastore.com/	alive	200
europtica	https://europtica.com.ar/	alive	200
greenpoint	http://www.greenpointfashion.com/	http-dead	404
glisten cosmetics	https://www.glistencosmetics.com/	alive	200
heavenly hair milk™	https://www.emijay.com/	alive	200
gieves & hawkes	https://www.gievesandhawkes.com/	alive	200
errore	http://www.errore.sk/	alive	200
gaillard vivant	https://gaillardvivant.com/	alive	200
fiora muse	https://fioramuse.com/	alive	200
elleme	https://elleme.com/	alive	200
fair harbor	https://www.fairharborclothing.com/	blocked	403
folli follie	http://www.ffgroup.com/	alive	200
goodbaby	https://www.goodbaby.com/en	blocked	403
firetrap	https://www.firetrap.com/	alive	200
fleurs de bagne	https://www.fleursdebagne.com/	alive	200
ecoology	http://www.ecoology.es/en/	alive	200
expresso	http://www.expresso.nl/	blocked	403
enorsia	https://enorsia.com/	blocked	403
elevate beauty	https://elevatebeautyusa.com/	alive	200
guerlain	https://www.guerlain.com/	alive	200
henriette steffensen	https://hscph.com/	alive	200
hund hund	https://www.hundhund.com/	http-dead	402
gladfolk	https://wearegladfolk.com/	alive	200
fusilli	http://fusillihair.com/	alive	200
gazel	https://www.gazel.it/	tls-error	ERR_SSL_SSL/TLS_ALERT_HANDSHAKE_FAILURE
filling pieces	https://www.fillingpieces.com/	alive	200
emma	https://www.emmafootwear.nl/	alive	200
heine	https://www.heine.de/	alive	200
ebony bolts	https://www.ebonybolts.com.au/	alive	200
felmini	https://www.felminishop.com/	alive	200
gai+lisva	https://gai-lisva.com/	alive	200
fast escova	https://fastescova.com.br/	alive	200
florena	http://www.beiersdorf.de/karriere/bereiche-und-teams/unsere-tochtergesellschaften/beiersdorf-manufacturing-waldheim	alive	200
ferruccio vecchi	https://ferrucciovecchi.com/	alive	200
global desi	https://www.globaldesi.in/	alive	200
elie saab	https://www.eliesaab.com/	alive	200
elliott footwear	https://www.elliottfootwear.com/	alive	200
i.am+	https://www.iam-clothing.com/	http-dead	402
galamaar	https://galamaar.com/	alive	200
dr. arsy	http://drarsy.com/	alive	200
flâner	https://flanerfragrances.com/	alive	200
envii	https://www.envii.com/	alive	200
herbal clinic	https://herbalclinic.ca/	blocked	403
denham	https://www.denhamthejeanmaker.com/en/home/	alive	200
goldbergh	https://www.goldbergh.com/	alive	200
finery	https://www.finerylondon.com/	alive	200
foodtextile	https://foodtextile.jp/	alive	200
firn handcrafted	https://www.firnhandcrafted.com/	alive	200
gardenia	https://www.gardeniacopenhagen.com/	alive	200
eifini	https://www.eifini.com/	net-error	ECONNREFUSED
farah	https://www.farah.co.uk/	alive	200
grant stone	https://www.grantstoneshoes.com/	alive	200
golden goose	https://www.goldengoose.com/	alive	200
else	https://elselingerie.com/	alive	200
estetika	https://estetika.com.au/	alive	200
erich fend	http://www.fendfashion.com/	dns-dead	no A/AAAA @1.1.1.1
gattino	https://www.gattino.nl/	alive	200
ikka	https://www.cox-online.co.jp/brand/ikka/	alive	200
heyday	https://www.heydayskincare.com/	alive	200
flora's bare skincare ltd	http://www.florasbare.com/	alive	200
gelly bae	http://www.gellybae.com/	alive	200
dries van noten	https://www.driesvannoten.com/	alive	200
ernest jones	https://www.ernestjones.co.uk/	alive	200
forte_forte	https://www.forte-forte.com/	alive	200
hiatus retail chain	https://www.hiatus.lt/	alive	200
gertrude+gaston	https://www.gertrude-gaston.com/	net-error	ENETUNREACH
flx activewear	https://www.flxactivewear.com/	dns-dead	NXDOMAIN @1.1.1.1+8.8.8.8
desires	https://www.desires.dk/	alive	200
felius for dogs	https://www.feliusfordogs.de/	alive	200
fos amsterdam	https://fosamsterdam.nl/	alive	200
florèz fashion	https://www.florez.nl/	alive	200
go as u.r	https://www.goasur.com/	alive	200
gergana ivanova	https://gerganaivanova.com/	alive	200
heimat	https://www.heimat-textil.com/	alive	200
ground zero clothing	https://www.groundzeroclothing.com/	alive	200
etro	https://www.etro.com/	alive	200
gerald online	http://www.geraldonline.com/	dns-dead	NXDOMAIN @1.1.1.1+8.8.8.8
facettes studio	https://facettes-studio.com/?oid=328&affid=1&source_id=GoY-rating&sub1=brandpage	alive	200
imps&elfs	https://www.noppies.com/en-uk/imps-elfs/	http-dead	404
hispanitas	https://www.hispanitas.com/	alive	200
giambattista valli	https://www.giambattistavalli.com/	alive	200
duren	http://www.duren.jp/	alive	200
estate cosmetics	https://estatecosmetics.com/	alive	200
franklin & marshall	http://www.franklinandmarshall.com/	alive	200
giorgio 1958	https://www.giorgio1958.com/	alive	200
goodnap	https://goodnap.co/?oid=376&affid=1&source_id=GoY-rating&sub1=brandpage	alive	200
forest rhapsody skincare	http://www.forestrhapsodyskincare.com/	alive	200
dick's sporting goods	https://www.dickssportinggoods.com/	http-dead	451
gazing green	https://gazinggreenbeauty.com/	alive	200
emme	https://www.emme.it/	alive	200
finsbury	http://www.finsbury-shoes.com/	alive	200
good alchemy	http://www.goodalchemyhandmade.com/	blocked	403
ginger & smart	https://www.gingerandsmart.com/	dns-dead	no A/AAAA @1.1.1.1
herbaceous hair and skin	http://herbaceoushairandskin.com/	dns-dead	NXDOMAIN @1.1.1.1+8.8.8.8
gustav	https://www.gustav-denmark.com/	alive	200
gin amber beauty	https://ginamber.com/	alive	200
famous	https://www.urban-classics.net/	blocked	401
inglot cosmetics	https://inglot.pl/	blocked	403
gioseppo	https://www.gioseppo.com/	alive	200
earth tempo	http://www.guestsupply.com/	blocked	403
european wax center	https://waxcenter.com/	alive	200
fujisaki	http://www.fujisaki.co.jp/	timeout	
gloria coelho	https://www.gloriacoelho.com.br/	alive	200
grateful body botanical skin care	http://gratefulbody.com/	alive	200
fragonard perfumes	https://www.fragonard.com/	alive	200
faina	https://www.faina.am/	alive	200
diverge	https://www.diverge-sneakers.com/	alive	200
eoe eyewear	https://www.eoe-eyewear.com/sv/	alive	200
flo&sue	https://luxedesigners.com/collections/flo-sue	alive	200
gowipe	https://gowipe.co/	alive	200
glamlite	http://www.glamlite.com/	alive	200
hiamond	https://www.hiamond.com/	dns-dead	NXDOMAIN @1.1.1.1+8.8.8.8
geneva seal	http://www.poincondegeneve.ch/	alive	200
femilet	https://www.femilet.dk/	alive	200
feel confident	https://feelconfident.com/	alive	200
gloow	https://gloow.nl/	alive	200
hommegirls	https://www.hommegirls.com/	alive	200
ecochoices	https://ecochoices.com/	alive	200
exoh	http://exoh.co/	alive	200
goldpaw	https://goldpawseries.com/	alive	200
grounded people	https://groundedpeople.com/	http-dead	404
intertop	https://intertop.kz/	blocked	403
fashion fusion	https://www.fashionfusion.co.za/	alive	200
free fly	https://freeflyapparel.com/	alive	200
hall madden	https://hallmadden.com/	alive	200
erve shop	https://www.erve.shop/	alive	200
foope™	https://foopefragrances.com/	alive	200
frencheye	https://frencheye.com/	alive	200
fokus optik	https://fokusoptik.cz/	alive	200
golbary	https://www.golbary.co.il/	blocked	403
flax	http://www.flaxdesigns.com/	alive	200
goodspread	http://www.goodspreadsuncare.com/	alive	200
essentiel by adele	https://www.essentielbyadele.com/	alive	200
groupe zannier	http://www.kidilizgroup.com/en/	alive	200
hnst	https://www.letsbehonest.eu/	alive	200
gieschen jewelers	https://www.gieschenjewelers.com/	dns-dead	NXDOMAIN @1.1.1.1+8.8.8.8
finger in the nose	https://www.fingerinthenose.com/	alive	200
goldie lux skin	http://goldieluxskin.com/	alive	200
howlin'	https://howlinknitwear.com/	alive	200
egochef	https://www.egochef.it/	alive	200
fabula nebulae	http://www.fabulanebulae.com/	alive	200
guterstoff	https://guterstoff.com/	alive	200
isetan urawa store	https://www.mistore.jp/store/urawa.html	alive	200
fellows united	https://fellows.nl/	alive	200
friendly soap	https://friendlysoap.co.uk/	blocked	429
hackwith design house	https://hackwithdesignhouse.com/	alive	200
estéya intimate	https://esteyaintimate.com/	dns-dead	NXDOMAIN @1.1.1.1+8.8.8.8
fun2wear	https://casabashop.com/collections/fun2wear	alive	200
ext	https://shop.hairclub.com/	alive	200
figue	https://figue.com/	http-dead	404
elementy	https://elementywear.com/en/	alive	200
good weather skin	http://goodweatherskin.com/	alive	200
gratefully threaded	https://www.gratefullythreaded.com/	alive	200
etude house	https://www.etudehouse.com/	server-error	502
guy cotten brand	https://www.guycotten.com/	alive	200
honeylove	https://www.honeylove.com/	alive	200
glacé spa clay	http://www.glacespaclay.com/	net-error	UND_ERR_CONNECT_TIMEOUT
good.clean.goop	https://goodcleangoop.com/	alive	200
glanzstucke munchen	https://www.glanzstuecke.de/	alive	200
emu australia	https://www.emuaustralia.com/	alive	200
domanscy	https://jubilove.pl/	alive	200
fog linen work	https://foglinenwork.com/en/	alive	200
formulary 55	https://www.formulary55.com/	alive	200
ivy copenhagen	https://ivycopenhagen.com/	alive	200
foufou	https://the-museum-foufou.com/	alive	200
g-star raw	https://www.g-star.com/	alive	200
gabba	https://www.gabba-denim.com/	alive	200
hank player	https://www.hankplayer.com/	alive	200
gabor shoes	https://www.gabor.de/	alive	200
fiyta	http://www.fiytagroup.com/	dns-dead	no A/AAAA @1.1.1.1
fleur & bee	https://fleurandbee.com/	alive	200
elle polish	http://www.ellepolish.com/	alive	200
happy earth apparel	https://www.happyearthapparel.com/?oid=86&affid=1&source_id=GoY-rating&sub1=brandpage	alive	200
ewoke	https://ewokestudio.com/	alive	200
hudson	https://www.hudson-shop.com/	alive	200
grandmaslittlelilly	https://www.etsy.com/shop/grandmaslittlelilly/?etsrc=sdt%3Futm_source%3DGoodOnYou+App	blocked	403
hallbergs guld	https://www.hallbergsguld.se/	alive	200
époque évolution	https://epoqueevolution.com/	alive	200
groupe novi	https://groupe-novi.com/	alive	200
douglas	http://www.douglas.eu/	net-error	ECONNRESET
fantasie	https://www.fantasie.com/	alive	200
gog atelier	https://www.gogatelier.com/	dns-dead	no A/AAAA @1.1.1.1
forgotten skincare	http://forgottenskincare.com/	alive	200
frankies bikinis	https://frankiesbikinis.com/	alive	200
greenheart botanicals	http://greenheartbotanicals.com/	alive	200
freada	https://www.daytona-park.com/brand/freada/?sex=men%3Futm_source%3DGoodOnYou+App	alive	200
haro eyewear	https://www.haroeyewear.com/	alive	200
hurley	https://www.hurley.com/	alive	200
elektropulli	https://www.elektropulli.de/	alive	200
halo hair oil	https://www.emijay.com/	alive	200
gamine workwear	https://www.gamineworkwear.com/	alive	200
fm2050	https://fm2050.com/	alive	200
emera cbd haircare	http://www.emerahaircare.com/	alive	200
harunobumurata	https://harunobumurata.com/	alive	200
gritti	https://www.grittifragrances.com/	alive	200
gardeur	https://www.atelier-gardeur.de/	tls-error	ERR_TLS_CERT_ALTNAME_INVALID
esembly	https://esemblybaby.com/	alive	200
gwyllem	https://gwyllem.com.au/	alive	200
feather and coco	http://featherandcoco.com/	alive	200
frank wright	https://www.frankwrightshoes.com/	alive	200
happy haus	https://happyhaus.fr/	alive	200
guayaberas y mas boutique	https://www.guayaberasymas.com/	alive	200
havana postale	https://havanapostale.com/	alive	200
ella+mila	https://www.ellamila.com/	alive	200
ic group	http://da.icgroup.net/	dns-dead	NXDOMAIN @1.1.1.1+8.8.8.8
gelato pique	https://gelatopique.com/	blocked	403
garrett leight	https://www.garrettleight.com/	alive	200
gerry weber	https://www.gerryweber.de/	alive	200
friction labs	https://frictionlabs.com/	alive	200
eva cassis	https://www.evacassis.com.au/	alive	200
genrage	https://genrage.com/	alive	200
faceplant dreams	https://www.faceplantdreams.com/	alive	200
gratitude chicago	https://gratitudechicago.com/	alive	200
fray i.d	https://fray-id.com/	alive	200
fabienne chapot	https://www.fabiennechapot.com/	alive	200
followmefs	https://www.followmefs.com/	alive	200
eterna	https://www.eterna.com/	alive	200
fm 669	https://fm669.net/?oid=243&affid=1&source_id=GoY-rating&sub1=brandpage	alive	200
dressbarn	https://dressbarn.com/	alive	200
goossens paris	https://goossens-paris.com/en/	alive	200
hallyu	https://masque.bar/collections/hallyu.html	alive	200
forever new	https://www.evernew.ca/	alive	200
enter the e	https://enterthee.jp/	alive	200
findig	https://www.findig-online.com/	alive	200
haboob	https://hellohaboob.com/	tls-error	ERR_TLS_CERT_ALTNAME_INVALID
glycine watch sa	http://www.glycine-watch.ch/	alive	200
heidi	https://www.heidi.com/	blocked	429
il gufo	https://www.ilgufo.com/	alive	200
jack wolfskin	https://www.jack-wolfskin.de/	alive	200
gently radiant skin	https://www.gentlyradiantskin.com/	alive	200
ginny & jude designs	https://www.ginnyandjude.com/	alive	200
happy pits natural vegan deodorant	https://www.woodsandwhimsy.com/	alive	200
fifi  au  jardin	https://www.fifiaujardin.fr/	alive	200
gundry md	http://gundrymd.com/	blocked	403
fremdformat	https://www.fremdformat.de/	alive	200
good molecules	https://www.beautylish.com/b/good-molecules	alive	200
forever care	https://forevercare.plus/	alive	200
fur deluxe	https://www.furdeluxe.store/shop	http-dead	404
great many	http://www.greatmany.com/	alive	200
erlich textil	https://erlich-textil.de/	alive	200
happy look	https://happylook.ru/	blocked	403
gondolina	https://gondolinaofficial.com/	alive	200
freya	https://www.freyalingerie.com/	alive	200
giesswein	https://uk.giesswein.com/	alive	200
giacomo the jacket	https://www.giacomo-thejacket.com/	blocked	503
hobacare baby	https://www.jojobacompany.com/	alive	200
gleamin	http://gleamin.com/	alive	200
emily carter london	https://www.emily-carter.co.uk/	alive	200
import parfumerie	https://www.impo.ch/it	alive	200
duo-hue	https://duohue.com/about	alive	200
harvest label	https://www.harvestlabel.jp/	alive	200
farm to hanger	https://farmtohanger.com/	alive	200
heal yes!	http://healyes.co/	alive	200
freemans	http://www.freemans.com/	timeout	
granado	https://www.granado.com.br/	blocked	403
jana	https://www.jana-shoes.com/	alive	200
flawless fusion skincare	https://flawlessfusion.com/	alive	200
fluchos	https://fluchos.com/	alive	200
frank and oak	https://www.frankandoak.com/	alive	200
fumarel	https://fumarel.shop/es/	http-dead	404
fivesso	https://www.fivesso.com/	alive	200
huttelihut	https://www.huttelihut.dk/	alive	200
haruulala	https://haruulala.life/	alive	200
giorgio armani	https://www.giorgioarmanibeauty-usa.com/fragrances/	blocked	403
glacial bay organic clay	https://glacialorganicclay.com/	alive	200
frank & dollys	https://frankanddollys.com/	alive	200
external skin care	http://externalskincare.com/	alive	200
grunge john orchestra.explosion	https://www.grungejohn.com/	alive	200
goumi kids	https://goumikids.com/	alive	200
gil rodriguez	https://gilrodriguez.com/	alive	200
harris scarfe	http://www.harrisscarfe.com.au/	net-error	redirect count exceeded
furore	https://www.furore.fashion/	alive	200
gaia conceptions	https://gaiaconceptions.com/	alive	200
hanacha-studio	https://hanacha-studio.com/	alive	200
gian marco venturi	https://gmv-gianmarcoventuri.it/	timeout	
healthy body head to toe	https://www.healthybodyheadtotoe.com/	alive	200
enrico coveri	https://enricocoveri.com/	alive	200
fandecie	https://list.vip.com/101303172.html	alive	200
grinders	https://www.grinders.co.uk/	alive	200
icebug	https://icebug.com/	blocked	429
ink kare	https://www.yourelegantessentials.com/collections/ink-kare-tattoo-aftercare-system	alive	200
feelgoodz	https://feelgoodz.com/	alive	200
hello nails	https://hellonails.co.uk/	alive	200
grunt	https://www.grunt.dk/	alive	200
earth elements soapworks	https://www.earthelementssoapworks.com/	alive	200
harvest & mill	https://www.harvestandmill.com/?oid=88&affid=1&source_id=GoY-rating&sub1=brandpage	alive	200
glass onion	https://glass-onion.com/	alive	200
facil blanco	https://www.facilblanco.com/	alive	200
forage design	https://foragedesign.com/	alive	200
gypphy	https://gypphy-shop.com/	alive	200
greendigo	https://greendigo.com/	http-dead	404
hawkers estafadores	https://www.hawkersco.com/	alive	200
gagliardi	https://gagliardi.eu/	alive	200
gattinoni	http://www.gattinoni.com/	alive	200
giovanni	http://www.giovannicosmetics.com/	alive	200
fuck me up beauty	https://fmubeauty.com/	alive	200
erin draper	https://erindraper.com/	http-dead	404
helsama	https://helsama.se/	alive	200
gold apple	https://goldapple.qa/	alive	200
freego	https://freegocosmetics.com/	alive	200
flowers atelier	https://flowersatelier.co/	alive	200
free's mart	http://www.frees-mart.com/	alive	200
even&odd	https://even-and-odd.com/en/	alive	200
gabby glam cosmetics	https://gabbyglamcosmetics.com/	alive	200
freedom moses	https://freedomoses.com/	alive	200
i̇pekyol	https://www.ipekyol.com.tr/	alive	200
honeys	https://www.honeys.co.jp/	alive	200
herno	https://www.herno.it/	tls-error	CERT_HAS_EXPIRED
fil melange	https://filmelange.com/	alive	200
fragrance direct	https://www.fragrancedirect.co.uk/	alive	200
gloria jeans	http://www.gloria-jeans.ru/	alive	200
essentiel element spa	http://hoteliers.gilchristsoames.com/our-products/classic/essentiel-elements-spa/	http-dead	404
g1920	https://www.g1920.de/	tls-error	ERR_TLS_CERT_ALTNAME_INVALID
hamburg laplaya	https://hamburg-laplaya.com/	alive	200
heron preston	https://www.heronpreston.com/	alive	200
good organics	https://www.amazon.com/stores/GoodOrganics/page/3514A607-3CD6-41C1-8646-B6A9089B92D3?lp_asin=B0DBPLGXQH&ref_=ast_bln	alive	200
jeanne vouland	https://www.jeannevouland.com/	alive	200
farm to skin	https://farmtoskin.com/	alive	200
gum	http://www.gum.ru/	alive	200
helen mcalinden	https://www.helenmcalinden.com/	alive	200
gypsy jetstream	https://gypsyjetstream.com/	alive	200
halara	https://thehalara.com/	alive	200
harlow skin company inc	http://harlowskinco.com/	alive	200
fugu	https://www.cooljapaneseshoes.com/	alive	200
hublot	http://www.hublot.com/	alive	200
high vibe aromatics	https://www.highvibearomatics.com/	dns-dead	NXDOMAIN @1.1.1.1+8.8.8.8
garmin group	https://www.garmin.com/	blocked	403
flair	https://www.flair-paris.fr/	alive	200
eckhaus latta	https://eckhauslatta.com/	alive	200
free birdees	https://freebirdees.com/	http-dead	402
guapapeaks	https://www.guapaco.com/	alive	200
gatta	https://gatta.pl/	alive	200
goldmark jeweller	https://www.goldmark.co.nz/	alive	200
études	https://www.etudes-studio.com/	alive	200
hikesity	https://hikesity.com/	alive	200
grandvision	https://www.grandvision.it/	alive	200
feelori	https://feelori.com/	alive	200
gerard darel	https://www.gerarddarel.com/fr_fr/	alive	200
glamorous	http://www.glamorous.com/	alive	200
gmbh	http://gmbhofficial.com/	alive	200
fast shop	https://www.fastshop.com.br/	alive	200
goldgarn denim	https://goldgarndenim.de/	alive	200
hamilton and hare	https://www.hamiltonandhare.com/	http-dead	402
havaianas	https://havaianas.com.br/	alive	200
gaastra	https://www.gaastrastore.com/	alive	200
högl	https://hoegl.com/at	http-dead	404
fluco	https://www.fluco.de/	alive	200
for days	https://www.fordays.com/	alive	200
eyemart express	https://www.eyemartexpress.com/	alive	200
from the heart	https://fromtheheartloveland.com/	alive	200
garage	https://www.garageclothing.com/	alive	200
henry christ	https://www.henry-christ.com/	alive	200
hankyu department store umeda main store	https://www.hankyu-dept.co.jp/	alive	200
groceries apparel	https://groceriesapparel.com/	alive	200
isto.	https://isto.pt/?oid=10&affid=1&source_id=GoY-rating&sub1=brandpage	alive	200
fila	https://www.fila.eu/	net-error	UND_ERR_CONNECT_TIMEOUT
gina laura	https://www.gina-laura.com/	alive	200
healthnaturally	http://www.healthnaturally.com/	alive	200
ileyed	https://www.ileyshop.com.tw/	alive	200
hara the label	https://harathelabel.com/	alive	200
hv society	https://www.hvsociety.com/	alive	200
hego's milano	https://hegos.eu/	alive	200
garçonne	https://garconne.com.au/	tls-error	ERR_TLS_CERT_ALTNAME_INVALID
festina	https://festina.com/en-GB	blocked	429
forces of nature	http://www.forcesofnaturemedicine.com/	alive	200
fr2	https://fr2.tokyo/	alive	200
jewlr	https://www.jewlr.com/	alive	200
g+n	https://www.gplusn.com/	alive	200
hi lo the label	https://hilothelabel.com/	alive	200
genabelle	https://genabelle.jp/	alive	200
harry winston  inc.	https://www.harrywinston.com/	alive	200
gung ho design	http://www.gung-ho-design.com/	alive	200
flamingos' life	https://www.en.flamingoslife.com/	alive	200
helmut lang	https://www.helmutlang.com/	blocked	403
glassons	https://www.glassons.com/	alive	200
h&m	https://www.hm.com/	blocked	403
henné organics	https://henneorganics.com/	alive	200
first base	https://thisisfirstbase.com/	alive	200
fraiche	https://fraiche.com.mx/	alive	200
fred meyer jewelers	https://www.fredmeyerjewelers.com/	alive	200
gaofan	https://guvet.com/	alive	200
histoires de parfums	https://www.histoiresdeparfums.com/	alive	200
fairechild	https://fairechild.com/	alive	200
geox	https://www.geox.com/	alive	200
icebug aktiebolag	https://www.icebug.com/	blocked	429
head	https://www.head.com/	blocked	429
générale d'optique	https://www.generale-optique.com/	alive	200
goosecraft	https://www.goosecraft.com/	alive	200
half magic beauty	https://halfmagicbeauty.com/	alive	200
heretic	https://hereticparfum.com/	alive	200
hairstory	http://hairstory.com/	alive	200
hold supply	https://holdsupply.com/	alive	200
ivory ella	https://ivoryella.com/	alive	200
hope & ivy	https://www.hopeandivy.co.uk/	alive	200
hanes	https://www.hanes.com/	blocked	403
go red cosmetics	https://www.gored47.com/	alive	200
heybode	http://www.heybode.com/	alive	200
florida fanatic	https://floridafanatic.com/	alive	200
harber london	https://www.harberlondon.com/	alive	200
fred segal	https://www.fredsegal.com/	alive	200
honestly phresh	http://www.honestlyphresh.com/	alive	200
farai london	https://farailondon.com/	alive	200
fluff	https://fluffouterwear.com/	alive	200
ilja	https://www.ilja.nl/	alive	200
gilly hicks	https://www.hollisterco.com/shop/eu/gilly-hicks	blocked	403
hellenic duty free shops	https://www.dutyfreeshops.gr/	alive	202
grayeagleleather	https://grayeagleleather.com/	alive	200
happiness is...	https://happinessisinc.com/	alive	200
hikari underwear	https://hikariunderwear.shop-pro.jp/	alive	200
gordmans	http://www.gordmans.com/	alive	200
inch wormalley	https://www.inchwormalley.com/	http-dead	402
jacq	https://jacqny.com/	http-dead	404
human woman	http://www.humanwoman.net/	alive	200
harlem soul	https://www.harlemsoul.de/	alive	200
hiso	https://www.hiso.ca/	alive	200
good for nothing	https://www.gfnclothing.com/	alive	200
foot locker kids	https://www.kidsfootlocker.com/	alive	200
hastha katha	https://hasthakatha.com/	alive	200
good + daily	http://www.gooddailybeauty.com/	alive	200
hoya paris	http://hoya-paris.com/	dns-dead	NXDOMAIN @1.1.1.1+8.8.8.8
femmes du sud	https://www.femmesdusud.nl/en/	http-dead	404
genti clothing	https://genti.clothing/	alive	200
hassia	https://www.hassia-shoes.com/	alive	200
foreo	https://www.foreo.com/	alive	200
giardini di toscana	https://www.giardiniditoscana.com/	alive	200
indee	https://indeecollection.com/	alive	200
heal's	http://www.heals.co.uk/	alive	200
hermine hold	https://herminehold.com/	alive	200
hartford	https://www.hartford.fr/	alive	200
gemstone organic	http://www.gemstoneorganic.com/	http-dead	402
hoka one one	https://www.hokaoneone.eu/	tls-error	ERR_TLS_CERT_ALTNAME_INVALID
great plains	https://www.greatplains.co.uk/	blocked	429
innate organic body	http://www.innateorganicbody.com/	alive	200
jansen amsterdam	https://www.jansen-amsterdam.com/	alive	200
gogglesoc	https://gogglesoc.com/	alive	200
edition	https://www.edition.com/edition/zh	net-error	UND_ERR_CONNECT_TIMEOUT
edwin	https://edwin.co.jp/	alive	200
fritzi aus preußen	https://www.fritziauspreussen.de/	alive	200
hylo athletics	https://hyloathletics.com/	alive	200
hommeface	https://hommeface.com/	alive	200
grahams jewellers	https://www.grahams.com.au/	alive	200
foundling	https://www.foundling.com.au/	alive	200
fil noir	https://www.fil-noir.com/	alive	200
gigasports	https://www.gigasports.com.hk/	http-dead	405
frammy land	https://frammy.land/	blocked	429
hanro	https://www.hanro.com/	alive	200
givenchy	http://www.givenchy.com/	alive	200
inno	https://www.inno.be/nl/home	blocked	403
helly hansen	https://www.hellyhansen.com/	blocked	403
head sports	https://www.head.com/	blocked	429
giannico	https://giannicoofficial.com/	dns-dead	NXDOMAIN @1.1.1.1+8.8.8.8
hopeshow	http://www.hopeshow.com/main.php	net-error	UND_ERR_CONNECT_TIMEOUT
iq uv	https://iq-uv.com/en/	alive	200
jelmoli	http://www.jelmoli.ch/	alive	200
good morning universe	https://www.goodmorninguniverse.shop/de	dns-dead	no A/AAAA @1.1.1.1
johanna parv	https://www.johannaparv.com/	alive	200
grüne erde	http://www.grueneerde.com/	alive	200
ewtex	https://ewtex.pl/	alive	200
goutal	https://www.annickgoutal.com/	alive	200
hearth	https://hearthishome.com/	alive	200
frske	https://frske.com/?oid=354&affid=1&source_id=GoY-rating&sub1=brandpage	alive	200
hurr	https://www.hurrcollective.com/	alive	200
glass of venice	https://www.glassofvenice.com/	alive	200
hoppidi handmade	https://www.hoppidihandmade.com/	alive	200
freak's store	https://www.daytona-park.com/shop/freaks_store?%3Futm_source=GoodOnYou+App	alive	200
glamazon beauty	https://glamazonbeauty.com/	alive	200
free label	https://freelabel.com/	alive	200
fydelity	https://www.fydelitybags.com/	net-error	ECONNREFUSED
grenson	https://www.grenson.com/	blocked	403
glowe	https://www.glowecollection.com/	alive	200
harris wilson	https://www.harriswilson.fr/	tls-error	ERR_SSL_SSL/TLS_ALERT_HANDSHAKE_FAILURE
icnk amsterdam	https://www.icnk.amsterdam/	alive	200
hello bello	http://www.hellobello.com/	alive	200
giulia	https://giulia-shoes.com/	alive	200
humble baby goods	https://www.humblebabygoods.com/	alive	200
jim rickey	https://www.jimrickey.com/	alive	200
grandma's natural remedies  inc.	https://www.grandmasnaturalremedies.net/	alive	200
gymvibez	https://gymvibez.co.uk/	tls-error	CERT_HAS_EXPIRED
fabindia	http://www.fabindia.com/	alive	200
g-lab	https://g-lab.com/	alive	200
elder-beerman	http://www.elder-beerman.com/	alive	200
icad universe	https://icad.inescopsolutions.com/	alive	200
greenfibres	https://www.greenfibres.com/	blocked	403
humble brands	http://www.humblebrands.com/	alive	200
gofuturewithlove	https://gofuturewithlove.de/	dns-dead	NXDOMAIN @1.1.1.1+8.8.8.8
heroes on socks	https://heroes-onsocks.com/	alive	200
fleur & compagnie	https://fleuretcompagnie.fr/	alive	200
frescobol carioca	https://www.frescobolcarioca.com/	blocked	429
go om yourself	https://www.goomyourself.com/	alive	200
haus laboratories	https://www.hauslabs.com/	alive	200
goldwin	https://www.goldwin-sports.com/eu/	timeout	
hearth and homestead llc	http://hearthandhomesteadstore.com/	alive	200
immigrant apparel	https://www.immigrantapparel.com/	alive	200
herd tallow	https://herdtallow.com/products/herd-tallow-beef-tallow-moisturizer-2oz	alive	200
john elliott	https://www.johnelliott.com/	alive	200
gallant	https://www.gallantintl.com/	alive	200
grupo elektra	https://www.elektra.com.mx/	alive	200
hender scheme	https://henderscheme.com/	alive	200
el puerto de liverpool	https://www.elpuertodeliverpool.mx/	alive	200
high on love	https://highonlove.co/	alive	200
greyder	https://www.greyder.com.tr/	alive	200
ilag	https://ilagilag.com/	http-dead	404
hytest	https://www.hytest.com/	alive	200
good medicine beauty lab	http://www.goodmedicinebeautylab.com/	alive	200
highbrow hippie	https://highbrowhippie.com/collections/highbrow-hippie-haircare-and-wellness?gad_source=1	alive	200
foempies	https://www.foempies.be/	blocked	403
fus-fá-yo	https://www.fusfayo.com/	alive	200
hysteric glamour	https://store.hystericglamour.jp/index.html	blocked	403
heelys  inc.	http://www.heelys.com/	alive	200
gossard	https://www.gossard.com/	blocked	403
hemen biarritz	https://www.hemen-biarritz.com/	alive	200
indivi	https://store.world.co.jp/s/brand/indivi/	blocked	403
high society	https://www.highsocietyfashion.de/	blocked	429
jos. a. bank clothiers	https://www.josbank.com/	alive	200
hayley menzies	https://hayleymenzies.com/	alive	200
josco jewellers	http://www.joscojewellers.in/	alive	200
howies	http://www.howies.co.uk/	alive	200
guananan london	https://www.guananan.co.uk/	alive	200
hibbett sports	https://www.hibbett.com/	blocked	403
hofleverancier kattenburg	http://www.falconsportswear.com/	alive	200
hemington	https://www.hemington.com.tr/	alive	200
gunas	https://gunasthebrand.com/	http-dead	404
fanfare	https://fanfarelabel.com/?oid=213&affid=1&source_id=GoY-rating&sub1=brandpage	alive	200
identity lingerie	https://identitylingerie.com/	alive	200
hoia homespa	https://hoiahomespa.com/	alive	200
good dye young	https://gooddyeyoung.com/	alive	200
inamorata	https://www.inamoratawoman.com/	alive	200
hengst footwear	https://www.hengstfootwear.com/	dns-dead	NXDOMAIN @1.1.1.1+8.8.8.8
elkline	https://www.elkline.de/	alive	200
hervis	https://www.hervis.de/	alive	200
instantfigure	https://instantfigure.com/	alive	200
julien brandt	https://julienbrandt.ch/	alive	200
gaia segattini knotwear	https://gaiasegattiniknotwear.it/?oid=385&affid=1&source_id=GoY-rating&sub1=brandpage	alive	200
helene galwas	https://www.helenegalwas.com/	alive	200
grammar	https://grammarnyc.com/	alive	200
huppy	http://behuppy.com/	blocked	403
hafendieb	https://www.hafendieb.de/	alive	200
gebr. domhoff	https://www.domhoff.nl/	alive	200
halti	https://www.halti.com/	alive	200
hopaal	https://hopaal.com/	alive	200
fazura beauty	https://www.fazbulous.com/fazurabeauty	tls-error	ERR_TLS_CERT_ALTNAME_INVALID
gypsy sport	https://gypsysportny.com/	alive	200
graceful district	https://www.gracefuldistrict.com/	alive	200
inland grove	https://inlandgrove.com/	alive	200
emel	https://emel.com.pl/	alive	200
frugi	https://www.welovefrugi.com/	alive	200
hills hats	https://hillshats.co.nz/	alive	200
guards london	https://www.guardslondon.com/	alive	200
juste elles	https://juste-elles.com/	alive	200
gauchere	http://gauchere.com/	alive	200
judith leiber	https://judithleiber.com/	alive	200
hereness	https://hereness.jp/	alive	200
ibex	https://ibex.com/	alive	200
impares	https://www.impares-shop.it/	alive	200
ggvv	https://m.dianping.com/ugcdetail/268512932?sceneType=0&bizType=29&msource=baiduappugc%3Futm_source%3DGoodOnYou+App	alive	200
hul le kes	https://hullekes.com/	alive	200
ideal of sweden	https://idealofsweden.com/	alive	200
happy squad	http://happysquad.ca/	alive	200
hamilton watch company	http://www.hamiltonwatch.com/	alive	200
greenpacha	https://www.greenpacha.com/	alive	200
engineered garments	https://www.engineeredgarments.com/	alive	200
fête impériale	https://en.feteimperiale.fr/	tls-error	ERR_SSL_SSL/TLS_ALERT_HANDSHAKE_FAILURE
g-shock	https://www.g-shock.eu/	alive	200
ka-sha	https://www.ka-sha.com/	alive	200
germanier	https://kevingermanier.com/	alive	200
just bubbly	http://www.justbubbly.com/	alive	200
hakata hankyu	http://www.hankyu-dept.co.jp/hakata/	alive	200
gala gloves	https://galagloves.it/	alive	200
hofmann copenhagen	https://hofmanncopenhagen.com/	alive	200
hankyu department store	http://www.hankyu-dept.co.jp/nishinomiya/index.html	alive	200
hope stockholm	https://www.hope-sthlm.com/	alive	200
hyke	https://hyke.jp/	alive	200
hask	https://haskbeauty.com/	alive	200
harbour 2nd	https://www.harbour2ndshop.de/	alive	200
hey sugar fragrance co.	https://heysugarfragranceco.com/	alive	200
gloverall	https://www.gloverall.com/	alive	200
green laces	https://greenlaces.se/en	alive	200
habitual kid	https://habitual.com/	alive	200
iduna group	https://www.iduna.se/	alive	200
gidigio	https://www.gidigio.com/	alive	200
first honey	https://firsthoney.com/	alive	200
herzog & bräuer	https://www.herzogundbraeuer.de/	alive	200
kantjeboord	https://www.kantjeboord.com/	blocked	403
ginanni	https://ginannishoes.com/	alive	200
k by kaia	https://kbykaia.com/	dns-dead	NXDOMAIN @1.1.1.1+8.8.8.8
hansen garments	https://www.hansengarments.com/	alive	200
forthefly customs	https://www.fortheflycustoms.com/	alive	200
hope	https://grupohope.com.br/	alive	200
forget-me-nots	https://forgetmenots.jp/collections/forget-me-nots	alive	200
gudrun sjödén	https://www.gudrunsjoden.com/	alive	200
iron heart	https://www.ironheart.co.uk/	alive	200
italeau	https://italeau.com/	alive	200
icing on the face	http://www.apeelaesthetics.com/	alive	200
impacto activewear sustentável	https://www.useimpacto.com.br/	tls-error	ERR_TLS_CERT_ALTNAME_INVALID
heart's desire clothing	https://heartsdesireclothing.com/	alive	200
hasuna	https://hasuna.com/	alive	200
elixir naturals	http://www.elixirnaturals.ca/	alive	200
hirume	https://www.hirume.jp/	alive	200
gu zhi	https://guzhimy.com/	dns-dead	NXDOMAIN @1.1.1.1+8.8.8.8
hanesbrands	http://www.hanes.com/	blocked	403
galvan	https://www.galvanlondon.com/	alive	200
harper & yve	https://www.harperandyve.com/	alive	200
erdem	https://erdem.com/	alive	200
glacial	https://www.glacialbottle.com/	alive	200
gioielli di valenza	https://www.gioiellidivalenza.com/en/	alive	200
karrimor japan	https://www.karrimor.com/	alive	200
glassworks	https://glassworkslondon.com/	alive	200
kanako sakai	https://kanakosakai.com/	alive	200
harrods	https://www.harrods.com/	alive	200
frassaï	https://frassai.com/	alive	200
hilo de mar	https://www.etsy.com/uk/shop/HILODEMARMADRID	blocked	403
human made	https://humanmade.jp/	blocked	403
frank daniel	https://www.frankdaniel.it/	alive	200
hackett london	https://www.hackett.com/intl/home	alive	200
j. mclaughlin	https://www.jmclaughlin.com/	alive	200
industrie	https://www.industrie.com.au/	alive	200
hobacare jojoba	https://www.jojobacompany.com/	alive	200
indosole	https://www.indosoleeurope.com/	alive	200
humanic	https://www.humanic.net/	alive	200
hemant and nandita	https://www.hemantandnandita.com/	alive	200
iquaneye	https://www.iguaneye.com/	alive	200
holistic body care llc	http://www.holisticbodycare.com/	alive	200
h's	http://dop.hopeshow.com/	dns-dead	NXDOMAIN @1.1.1.1+8.8.8.8
harlow	https://www.harlowstore.com/	alive	200
havlíkova přírodní apotéka	https://havlikovaapoteka.cz/	alive	200
espilane	https://www.espilane.com/	alive	200
floris van bommel	https://int.florisvanbommel.com/	alive	200
gekås	https://www.gekas.se/	alive	200
fubu	http://www.fblegacy.com/	net-error	UND_ERR_CONNECT_TIMEOUT
haus labs by lady gaga	https://www.hauslabs.com/	alive	200
geisha	https://www.geishafashion.eu/en-gb/	alive	200
hidden treasure soap	http://hiddentreasuresoap.com/	alive	200
itobanashi	https://itobanashi.com/pages/concept	alive	200
imaginary authors	https://imaginaryauthors.com/	alive	200
glixi	http://glixibeauty.com/	alive	200
glowing orchid organics	https://glowingorchid.com/	alive	200
esseutesse	https://www.esseutesse.it/	net-error	UND_ERR_CONNECT_TIMEOUT
ina kess	https://www.inakess.com/	alive	200
goldn beauty llc	http://shopgoldnbeauty.com/	alive	200
frenken	https://www.frenkenfashion.com/	alive	200
haze&finn	https://www.hazefinn.com/	alive	200
ioaku	https://www.ioaku.com/en	alive	200
goddess gear	https://goddessgear.net/	alive	200
hoodlum fang	https://www.hoodlumfang.com/	dns-dead	NXDOMAIN @1.1.1.1+8.8.8.8
international clothiers	https://www.internationalclothiers.com/	alive	200
herve leger	https://www.herveleger.com/	alive	200
interparfums	https://www.interparfums.fr/	alive	200
flynow	https://flynowofficial.com/main/about.php	net-error	ECONNRESET
grims	https://grims-kind.de/	alive	200
jade cropper	https://jadecropper.com/	alive	200
hylamide	https://hylamide.com/	dns-dead	no A/AAAA @1.1.1.1
from my mother’s garden	https://frommymothersgarden.co.uk/	alive	200
hand made story by barbara alli	https://handmadestory.at/	alive	200
heartkiss	http://www.heartkiss.eu/	alive	200
giacomo conti	https://giacomo.pl/	alive	200
g|fashion	https://gfashion.com/	dns-dead	no A/AAAA @1.1.1.1
heiko	https://www.heikoclothing.com/	alive	200
foot solutions	https://footsolutions.com/	alive	200
emaal cashmere	https://www.emaalcashmere.com/	alive	200
homesolv	https://www.citrasolv.com/home-solv-1	alive	200
eurocosmesi	https://www.eurocosmesi.com/	alive	200
golden equation	https://www.goldenequation.co.uk/	tls-error	ERR_SSL_SSL/TLS_ALERT_HANDSHAKE_FAILURE
inkspoon	https://inkspoon.org/	alive	200
heligrae	https://heligrae.com/	alive	200
it’real	http://itreal2012.com/stores.html	alive	200
huele museum	https://www.huelemuseum.com/	alive	200
freeman t. porter	https://freemantporter.com/	alive	200
hill & friends	https://www.hillandfriends.com/	alive	200
hangowear	https://www.hangowear.de/	alive	200
hypothesis	https://www.hypothesis.bio/	alive	200
kefi essentials	http://kefiessentials.com/	http-dead	404
forever and a day intimates	https://foreverandaday.com.au/	alive	200
guldfynd	https://www.guldfynd.se/	alive	200
jasmil	https://jasmil.com/	alive	200
isabella rhea	https://isabellarhea.com/	alive	200
g point	https://gpoint.bg/	timeout	
hare	https://www.dot-st.com/hare/	alive	200
hemper	https://hemper.eu/	alive	200
giorgio & mario	https://www.giorgio.fr/	alive	200
indikidual	https://indikidual.bigcartel.com/	alive	200
j.u.s parfums	https://jusparfums.com/	alive	200
italia independent	http://www.italiaindependent.com/	blocked	403
fount society	https://www.fountsociety.com/	alive	200
giaborghini	https://www.giaborghini.it/	alive	200
endurelash	http://endurelash.com/	alive	200
houdini	https://houdinisportswear.com/	alive	200
excesskin	http://www.shyneeknobs.com/	alive	200
iota	http://iotabody.com/	alive	200
herin.cye	https://www.baroque-global.com/jp/brand/herin.cye	alive	200
goodsociety	https://www.goodsociety.org/	alive	200
izutsuya	https://www.izutsuya.co.jp/	alive	200
hostoyo	http://www.hstyfs.com/	alive	200
eton shirts	http://www.etonshirts.com/	alive	200
ick.	https://ick.studio/	alive	200
gomaye	http://gomaye.com/	http-dead	404
gap	https://www.gap.com/	alive	200
hefang	https://hefang.net/	alive	200
fueguia 1833	https://fueguia.com/	alive	200
kickz	https://www.kickz.com/en/	blocked	403
görtz	https://www.goertz.de/	alive	200
jenette skin care	https://www.jenetteskincare.com/	alive	200
kariyushi shirt	https://kariyushi-okinawa.com/	alive	200
ivanhoe of sweden	https://ivanhoe.se/en	alive	200
gallery department	https://gallerydept.com/	alive	200
hesper fox	https://hesperfox.com/	alive	200
inside	https://inside-shops.com/en/inside-us	alive	200
her mannerisms	https://hermannerisms.com/	alive	200
j.cat beauty	http://www.jcatbeauty.com/	alive	200
giorgia streetwear	https://giorgiamode.de/	tls-error	ERR_TLS_CERT_ALTNAME_INVALID
freaks of nature	https://freaksofnature.com/	alive	200
equivalenza	https://equivalenza.com/	alive	200
hunza g	https://www.hunzag.com/	alive	200
fablerune	http://fablerune.com/	alive	200
issey miyake	https://us.isseymiyake.com/	alive	200
jacques lemans	https://www.jacques-lemans.com/	alive	200
gratis	http://www.gratis.com/	alive	200
hummer	http://www.luxebrands.com/	alive	200
gotji beauty	http://gotjibeauty.com/	alive	200
id fine	https://idfine.dk/	alive	200
hairgurt	https://www.hairgurt.com/	alive	200
kd new york	https://kdnewyork.com/	alive	200
good news	https://goodnews.london/	alive	200
geggamoja	https://www.geggamoja.com/	alive	200
james avery artisan jewelry	https://www.jamesavery.com/	http-dead	406
harmont & blaine	http://www.harmontblaine.com/	alive	200
hobo and hatch	https://www.hoboandhatch.com/	alive	200
jade swim	https://jadeswim.com/	alive	200
kinky octopus	https://www.kinkyoctopus.com/	http-dead	423
hvisk	https://dk.hvisk.com/	alive	200
isabel marant	https://www.isabelmarant.com/	alive	200
evolve denim	https://www.evlv.co.za/	alive	200
izia	https://iziaclothing.com/	http-dead	402
groundtruth	https://www.groundtruth.global/?oid=84&affid=1&source_id=GoY-rating&sub1=brandpage	alive	200
i too fashion	https://itoofashion.com/	alive	200
greenburry	https://www.greenburry.de/	alive	200
globo	https://www.globomoda.es/	alive	200
hi-tec	https://hi-tec.com/	alive	200
holifrog	http://www.holifrog.com/	alive	200
hanowa	http://www.hanowa.ch/	alive	200
gemtation gmbh	https://www.gemtation.ch/	alive	200
grandma's olde fashioned soap and candles	http://www.grandmasoldefashionedsoapandcandles.com/	dns-dead	NXDOMAIN @1.1.1.1+8.8.8.8
jared	https://www.jared.com/	alive	200
hats with heart	https://hatswithheart.com/	alive	200
g2000	https://g2000.com.sg/	alive	200
imaima	https://www.iimaima.com/	alive	200
funktion schnitt	https://www.funktionschnitt.de/	alive	200
globus	http://www.globus.ch/	alive	200
frieda & freddies	https://www.frieda-freddies.com/	alive	200
hima	https://hima-originals.com/	alive	200
hooké	https://hooke.ca/	alive	200
jac + mooki	https://www.jacandmooki.com/	alive	200
jbc	https://www.jbc.be/	alive	200
irlandi	http://www.lrlandi.it/	alive	200
iblues	https://www.iblues.it/	alive	200
espadrij	https://espadrij.com/	alive	200
immaculate minerals	https://imagesbymiriam.com/	alive	200
fam jeans	https://www.famjeans.com/	alive	200
haute baby	https://hautebaby.com/	alive	200
ivanovo parachute plant	http://www.ivparachute.ru/	alive	200
knitwear lab	https://knitwearlab.co/	alive	200
goldenpoint	https://www.goldenpoint.com/	blocked	403
hidden white	https://www.hiddenwhite.com/	alive	200
gutteridge	https://www.gutteridge.com/	alive	200
indilisi	https://indilisi.com/?oid=346&affid=1&source_id=GoY-rating&sub1=brandpage	alive	200
goldenlife	https://www.goldenlife.com.tw/	alive	200
jacotte tricote	https://www.jacottetricote.com/	alive	200
hollyghost	https://hollyghost.fr/fr/	alive	200
green girl basics	http://www.greengirlbasics.com/	alive	200
james perse	https://www.jamesperse.com/	alive	200
fusakle	https://www.fusakle.sk/	alive	200
jessica simpson	https://jessicasimpson.com/	alive	200
garçon français	https://garcon-francais.fr/en	alive	200
henna color lab®	http://hennacolorlab.com/	alive	200
hosbjerg	https://www.hosbjerg.com/	alive	200
harris wharf london	https://harriswharflondon.com/	alive	200
etiko	https://etiko.com.au/?oid=76&affid=1&source_id=GoY-rating&sub1=brandpage	alive	200
individni	https://individni.ru/	alive	200
jitrois.	http://www.jitrois.com/	alive	200
fdr	https://fannyderuyter.com/	dns-dead	NXDOMAIN @1.1.1.1+8.8.8.8
heidemann	https://heideman.de/	alive	200
koral	https://koral.com/	net-error	ECONNRESET
goophone	https://www.goophoneshops.com/	alive	200
gianvito rossi	https://www.gianvitorossi.com/	alive	200
hally hair	http://hallyhair.com/	alive	200
jacadi	https://www.jacadi.us/	alive	200
igor	https://www.igordobranic.com/	alive	200
ghospell	https://www.ghospell.com/	alive	200
frangipani body products	http://www.frangipanibodyproducts.com/	alive	200
hockerty	https://www.hockerty.fr/	alive	200
janin handbags	https://janinhandbags.com/	dns-dead	NXDOMAIN @1.1.1.1+8.8.8.8
guanology	http://guanology.com/	alive	200
hot like me	http://www.hotlikeme.com/	alive	200
instaflex	https://www.healthydirections.com/product-categories/pain-relief	blocked	403
il granchio collection	https://www.ilgranchio.com/	alive	200
gtoclothing	https://www.gtoclothing.com/	alive	200
jelt	https://jeltbelt.com/	alive	200
gaia.love	https://gaialoveskincare.com/	http-dead	402
joaillerie guerin	https://www.joaillerieguerin.com/	blocked	403
gen see	http://genseebeauty.com/	alive	200
hummel fashion	https://www.hummelfashion.com/	tls-error	ERR_SSL_TLSV1_UNRECOGNIZED_NAME
hay life	https://haylifeclothing.com/	alive	200
everyday yoga	https://www.everydayyoga.com/	alive	200
insystemout	https://insystemout.com/	alive	200
johnston & murphy	https://www.johnstonmurphy.com/	alive	200
henrik vibskov	https://www.henrikvibskov.com/	http-dead	404
jascha stockholm	https://www.jascha.se/	alive	200
kubenz	https://kubenz.pl/	alive	200
girlfriend	https://www.podrygka.ru/	alive	200
happy horse	https://www.happy-horse.eu/	alive	200
impossible kicks	https://impossiblekicks.com/	tls-error	CERT_HAS_EXPIRED
gabriel cosmetics	http://gabrielcosmeticsinc.com/	alive	200
khloé kardashian fragrances	http://xokhloekardashian.com/	alive	200
hööks hästsport	https://www.hooks.se/	alive	200
freedom	https://freedomlanzarote.jimdo.com/	tls-error	ERR_SSL_SSL/TLS_ALERT_HANDSHAKE_FAILURE
huf	https://www.hufworldwide.eu/	alive	200
jeffrey campbell	https://jeffreycampbellshoes.com/	alive	200
huna skin inc	https://www.hunaskin.com/	alive	200
iro	https://www.iroparis.com/	alive	200
in the style	https://www.inthestyle.com/	alive	200
ichcha	http://www.ichcha.com/	alive	200
jimmy key	https://www.jimmykey.com/	alive	200
i pekar	https://ildipekar.com/	alive	200
gibson london	https://www.gibsonlondon.com/	tls-error	CERT_HAS_EXPIRED
hechter paris	https://www.daniel-hechter.fr/	alive	200
isabee	https://isabee.co.uk/	alive	200
heyanno	https://mosmosh.com/	alive	200
jostar online	https://jostaronline.com/	alive	200
glosslab  llc	http://glosslab.com/	alive	200
goorin bros	https://www.goorin.com/	alive	200
haruyama	http://www.haruyama.co.jp/	alive	200
fiamme	https://www.fiammefootwear.com/	tls-error	DEPTH_ZERO_SELF_SIGNED_CERT
l'atelier d'amaya	https://atelier-amaya.com/fr/	alive	200
gary mash	https://www.garymash.com/	alive	200
huffer	http://www.huffer.co.nz/	alive	200
fub	https://www.fub.dk/en/home/	http-dead	404
hxtn supply	https://www.hxtnsupply.com/	alive	200
jilly designs	https://www.jillydesigns.com/	alive	200
i.am.gia	https://iamgia.com/	alive	200
initio	https://initioparfums.com/	alive	200
giordano colors	http://www.giordanocolors.com/	alive	200
iles formula	http://ilesformula.com/	alive	200
eytys	https://eytys.com/	alive	200
giyi	https://www.giyiworld.com/en/	http-dead	404
hla	http://www.hla.com/website/brand.html	alive	200
hiruna designs	http://www.hirunadesigns.com/	alive	200
h. stern	https://www.hstern.com.br/	alive	200
july twenty	https://julytwenty.com/	dns-dead	NXDOMAIN @1.1.1.1+8.8.8.8
gray matters	https://www.graymattersnyc.com/	alive	200
goldwelt	https://www.goldwelt.com/	dns-dead	NXDOMAIN @1.1.1.1+8.8.8.8
fisch	https://fischswim.com/	alive	200
gauge81	https://gauge81.com/	alive	200
johnny bigg	https://www.johnnybigg.com.au/nz	alive	200
hempy's	https://hempys.com/	alive	200
f426	http://www.f426.net/page/contact/contact.php#?utm_source=GoodOnYou%20App&utm_medium=Referral	net-error	Response does not match the HTTP/1.1 protocol (Mis
la new international	https://www.lanew.com.tw/	alive	200
jennifer behr	https://www.jenniferbehr.com/	alive	200
jamie kay	https://jamiekay.co.nz/	alive	200
hybrid green label	https://hybridgreenlabel.com/	http-dead	402
jb skrub	http://www.jbskrub.com/	alive	200
ici paris	https://www.iciparis.ge/	blocked	403
heydude	https://heydude.nl/	alive	200
ikazz	https://ikazz.com/	dns-dead	NXDOMAIN @1.1.1.1+8.8.8.8
jones new york	http://www.jny.com/	alive	200
king & tuckfield	https://kingandtuckfield.com/	alive	200
gray label	https://gray-label.com/	alive	200
items14	https://www.items14.com/	alive	200
g'loss	https://gloss.gl/	alive	200
homie	https://homie.com.au/	alive	200
hanae mori	https://www.hanae-mori.com/	alive	200
justine clenquet	https://www.justineclenquet.com/	alive	200
gosha rubchinskiy	http://gosharubchinskiy.com/	blocked	429
john richmond sport	https://www.johnrichmond.com/	alive	200
geographical norway	https://www.geographicalnorway-shop.es/en	alive	200
falconeri	https://www.falconeri.com/	alive	200
helena lane skincare	http://www.helenalane.com/	alive	200
idolbeauty	https://www.idolbeauty.com.mx/	alive	200
gerke my pants	https://www.gerke-mypants.de/	tls-error	ERR_TLS_CERT_ALTNAME_INVALID
laborélle – maison de beauté clinique	https://laborelle.shop/	timeout	
itkori	https://itkori.com/	alive	200
glowell	https://glowell.com/	alive	200
hexeline	https://hexe.com.pl/	alive	200
grove	https://store.world.co.jp/s/brand/grove/	blocked	403
globe	https://au.globebrand.com/	alive	200
indiarts collective	https://www.indiartscollective.com/	alive	200
grisport	https://www.grisport.it/	alive	200
jcpenney	https://www.jcpenney.com/	alive	200
impulso	https://www.impulso.cloud/	net-error	ECONNREFUSED
ilovemixtapes	https://ilovemixtapesshop.gambiocloud.com/	http-dead	404
klimatsakis	https://klimatsakis-sandals.gr/en/	blocked	403
icicle	https://eu.icicle.com/en/	alive	200
j.c. rags	https://jcrags.com/	alive	200
joyerías bizzarro	https://www.joyeriasbizzarro.com/	alive	200
histoire d'or	https://www.histoiredor.com/	alive	200
familiar	https://familiar.co.jp/	alive	200
jetlag	https://www.shopjetlag.com/	server-error	526
fastfish	http://www.fastfish.com/contact.html	http-dead	404
infinite beauti holistic wellness	http://www.ibh.earth/	alive	200
grove co	https://www.grove.co/catalog/?category=grove-collaborative	http-dead	404
herdentier	https://www.herden-tier.com/	http-dead	404
ionessi	http://ionessi.ru/	alive	200
hirmer	http://www.hirmer.de/	alive	200
healthknit	https://healthknit.shop-pro.jp/	alive	200
green ice	https://www.greenice.be/	alive	200
lamunt	https://www.lamunt.com/	alive	200
golden rose cosmetics	https://goldenrose.nl/	alive	200
innocentia	https://innocentia.com/	alive	200
gijs	https://www.gijsschoenen.nl/	alive	200
golden hour botanicals	https://goldenhourbotanicals.com/	alive	200
honey punch	https://www.myhoneypunch.com/	alive	200
indicode jeans	https://www.indicodejeans.dk/	alive	200
kaal	https://kaal.store/	alive	200
fatima mohsin	https://www.fatimamohsin.com/	http-dead	404
gym + coffee	https://gympluscoffee.com/	blocked	429
hollybeth organics	http://www.hollybethorganics.com/	alive	200
isleñas	https://lasislenas.com/	alive	200
jaline resort	https://jalineresort.com/	alive	200
j.r. watkins	https://www.jrwatkins.com/	alive	200
kone	https://online.satoseni.com/collections/gea-kone	alive	200
iredale cosmetics  inc.	http://www.janeiredale.com/	alive	200
junk de luxe	https://www.junkdeluxe.com/	alive	200
ganter	https://www.ganter-shoes.com/	alive	200
gu	https://www.gu-global.com/	alive	200
honest basics	https://www.honest-basics.com/?oid=89&affid=1&source_id=GoY-rating&sub1=brandpage	alive	200
hardy amies	http://www.hardyamies.com/	http-dead	404
imean beauty	http://imeanbeauty.com/	alive	200
intrend	https://www.intrend.it/	alive	200
lash affair	https://lashaffair.com/	alive	200
josette la chouette	http://www.josette-la-chouette.fr/	alive	200
jets by jessika allen	https://www.jets.com.au/	alive	200
goopbeauty	https://goop.com/	blocked	403
gilchrist & soames	http://www.gilchristsoames.com/home	alive	200
inglot bangladesh	https://inglotbangladesh.com/	server-error	521
flourea beauty	http://www.flourea.com/	alive	200
guests on earth	http://www.guestsonearth.com/	alive	200
fenalt	https://www.fenalt.com/	alive	200
izac	https://izac.fr/	alive	200
jazmine beauty	https://jazminebeauty.com/	alive	200
innové beauty & wellness	https://sunless.com/	alive	200
homeboy	https://www.homeboy.eu/	alive	200
gymboree	http://www.gymboree.com/	alive	200
ilse jacobsen hornbæk	https://www.ilsejacobsen.com/	alive	200
juwelier van koningsbruggen	https://juweliervankoningsbruggen.nl/	alive	200
jockey	https://jockey.eu/	alive	200
juliemay	https://au.juliemay-lingerie.com/	http-dead	409
isane in the rain	https://insaneintherain.com/	http-dead	404
jochie international	https://www.jochie-freaks.com/	alive	200
gemsthetix	https://gemsthetix.com/	alive	200
götzburg	https://www.goetzburg.com/	alive	200
gleam	http://mygleam.com/	alive	200
hakodate marui imai	https://www.maruiimai.mistore.jp/hakodate.html	alive	200
jacky luxury	https://www.jackyluxury.com/	http-dead	404
infantium victoria	https://www.infantiumvictoria.com/?oid=11&affid=1&source_id=GoY-rating&sub1=brandpage	alive	200
halpern	http://halpernstudio.com/	alive	200
hatemoğlu	https://www.hatemoglu.com/	alive	200
inuovo	https://inuovo.com/	alive	200
jequiti	https://www.jequiti.com.br/	blocked	403
halsduk by esmee	https://www.halsdukbyesmee.nl/	alive	200
krochet kids	https://www.krochetkids.org/	alive	200
kalamargam	https://kalamargam.com/	alive	200
kaplan md beverly hills	http://www.kaplanmd.com/	alive	200
law of the sea	https://www.lawofthesea.com/	alive	200
joop!	https://joop.com/lt/en/	alive	200
hickies	https://www.hickies.com/	alive	200
fioboc	https://www.fioboc.com/	alive	200
footkorner	https://www.footkorner.com/	alive	200
italia independent group	http://www.italiaindependentgroup.com/	alive	200
justbagzz	https://justbagzz.co.uk/	alive	200
gianni lupo	https://www.giannilupo.it/	alive	200
ivory & chain	https://ivoryandchain.com/	alive	200
h4	https://www.h4.com.tr/	alive	200
gray away	https://www.grayaway.com/	alive	200
hot lava	https://www.hotlava.nl/	alive	200
givova sport	https://givova.it/	blocked	403
hsunamï	https://www.hsunamii.com/	alive	200
hanshin department store umeda main store	https://www.hanshin-dept.jp/hshonten/	alive	200
gola	https://www.gola.co.uk/	alive	200
huajian group	http://www.huajiangroup.com/	alive	200
jiusuiban	http://www.jiusuiban.com/	alive	200
fern & petal	https://fernandpetal.ca/	alive	200
intimissimi uomo	https://www.intimissimi.com/uk/men/	alive	200
greenbomb	https://greenbomb.de/	alive	200
kask	https://www.kask.com/	alive	200
heavenly feet	https://www.heavenlyfeet.co.uk/	alive	200
hobbs london	https://www.hobbs.com/	alive	200
four roses	https://fourroses.be/	alive	200
js watch reykjavík	https://www.jswatch.com/	alive	200
le salty	https://lesaltylabel.com.au/	http-dead	404
jack in a bag	https://www.jackinabag.eu/	alive	200
happy spritz	https://happyspritz.com/	alive	200
jordache	http://www.jordache.com/	alive	200
j.laurant	https://jlaurant.com/	alive	200
flora 1761	https://flora1761.com/	alive	200
kaai	https://shop.kaai.eu/	alive	200
indie lee & co.	http://indielee.com/	alive	200
jo ghost	https://www.joghost.com/	alive	200
goa goa	https://www.goagoa.it/	alive	200
happy shorts	https://www.happyshorts.com/	alive	200
grovana watch	https://www.grovana.ch/	alive	200
huron	https://usehuron.com/	alive	200
karen walker	https://www.karenwalker.com/	alive	200
janice	https://www.janice.nl/	alive	200
johshuya	http://www.johshuya.co.jp/	alive	200
hotmilk lingerie	https://www.hotmilklingerie.com/	alive	200
harry lary's	http://www.harrylarys.com/	alive	200
junya watanabe	http://www.comme-des-garcons.com/	alive	200
fred & ginger	https://www.fredginger.com/	net-error	ECONNREFUSED
good weird	https://goodweird.com/	alive	200
harwell godfrey	https://www.harwellgodfrey.com/	alive	200
juan-jo gallery	https://juan-jo.com/	alive	200
hoodrich	https://hoodrichofficials.uk/	alive	200
girlfriend collective	https://www.girlfriend.com/	alive	200
jan vanderstorm	https://www.janvanderstorm.de/	blocked	403
folk	https://www.folkclothing.com/	alive	200
inoue	https://www.inouedp.co.jp/	alive	200
jon josef	https://www.jonjosef.com/	alive	200
husky cz	https://www.huskycz.cz/	alive	200
ireri	https://ireri.it/	alive	200
hemptique	https://hemptique.com/	alive	200
kytone	https://www.kytone.com/	alive	200
harvey norman	https://harveynorman.com.au/	alive	200
isetan	https://isetan.mistore.jp/store/	alive	200
katkim	https://katkimfinejewelry.com/	alive	200
hunter	https://www.hunterboots.com/	alive	200
hummel international	https://www.hummel.net/	alive	200
fiorelli	https://www.fiorelli.com/	alive	200
kempa	https://www.kempa-sports.com/	alive	200
helly hansen japan	https://www.goldwin.co.jp/hellyhansen/	alive	200
jeff	https://jeff.be/	alive	200
handred studio	https://www.handred.com.br/	alive	200
heart and soul	https://www.heartandsoulstyle.it/	alive	200
isaia	http://www.isaia.it/	alive	200
grandoptical	https://www.grandoptical.pt/	alive	200
kantha bae	https://kanthabae.com/	alive	200
good for sunday	https://goodforsunday.com/	alive	200
jacquie aiche	https://jacquieaiche.com/	alive	200
ice online	https://iceonline.com.au/	alive	200
jam clothing	https://jamclothing.co.za/	alive	200
jvn hair	https://jvnhair.com/	alive	200
legends	https://www.legends.dk/	alive	200
jovoy	https://www.jovoyparis.com/en/	alive	200
guacamole	https://www.guacamole.jp/	alive	200
la ligne	https://lalignenyc.com/	alive	200
hestra	https://hestragloves.com/	alive	200
ivylee copenhagen	https://ivyleecopenhagen.com/	alive	200
hear me raw	http://hearmeraw.com/	alive	200
kérastase	https://www.kerastase.fr/	blocked	403
ibana	https://www.ibana.nl/	alive	200
florame	http://www.florame.com/	alive	200
jott	https://justoverthetop.com/	alive	200
kienzle uhren	http://www.kienzle1822.com/	blocked	403
harem pants	https://www.harempants.com/	alive	200
irevedì	https://www.irevedi.com/	alive	200
karoline vitto	https://karolinevitto.com/	alive	200
huella	https://www.huellabeauty.com/	alive	200
jasper hearts wren	http://www.jasperheartswren.com/	alive	200
il makiage	https://www.ilmakiage.com/	alive	200
i was a sari	https://iwasasari.com/?oid=272&affid=1&source_id=GoY-rating&sub1=brandpage	alive	200
jb greek	http://www.justbubbly.com/	alive	200
jurlique	https://jurlique.com/	alive	200
graine	https://www.etsy.com/shop/graineleather/	blocked	403
lerora	https://lerora.nl/	alive	200
junior league	https://juniorleague.se/	tls-error	ERR_TLS_CERT_ALTNAME_INVALID
h2o	https://h2o-sportswear.com/	alive	200
jean perret	http://www.jeanperret.ch/	alive	200
laboratoires expanscience	http://www.expanscience.com/	alive	200
jack59	https://www.jack59.ca/	alive	200
helzberg diamonds	https://www.helzberg.com/	alive	200
ikuko	https://www.ikuko.co.jp/#collection?utm_source=GoodOnYou%20App&utm_medium=Referral	alive	200
junarose	http://junarose.com/	alive	200
kired	https://www.kired.it/	alive	200
glotto	https://glottobrand.com/	alive	200
hema	https://www.hema.nl/	alive	200
frilliance	http://www.frilliance.com/	alive	200
ina style	https://www.ina-style.de/	server-error	500
italianbeltcompany	https://italianbeltcompany.co.uk/	alive	200
gressa inc	http://www.gressaskin.com/	blocked	429
italyshop24	https://www.italyshop24.com/	alive	200
kali shoes	https://kalishoes.it/	alive	200
ivko woman	https://ivko.com/	alive	200
lewis leathers	http://www.lewisleathers.com/	alive	200
jutelaune	https://www.jutelaune.com/	alive	200
handētizer	https://handetizer.com/	alive	200
jeunesse global	https://jeunesseglobal.com/	blocked	403
laline	https://laline.ca/	alive	200
juvia	https://www.juvia.com/	alive	200
juul & belle	https://juulbelle.com/	alive	200
hipanema	https://hipanema.com/	alive	200
goldsmiths	https://www.goldsmiths.co.uk/	alive	200
herth	https://byherth.com/?oid=228&affid=1&source_id=GoY-rating&sub1=brandpage	alive	200
inked by dani	http://www.inkedbydani.com/	alive	200
hazzys	https://www.hazzys.com/	alive	200
j.o. milano	http://www.jomilano.it/	alive	200
gudi home	https://gudihome.pl/	alive	200
kari	https://kari.com/ru/	blocked	403
jack henry	https://jackhenry.co/	alive	200
hvman chosen to prevail	https://hvmanchosentoprevail.com/	alive	200
jan-jan van essche	https://www.janjanvanessche.com/	alive	200
jennifer ritz	https://www.jenniferritz.com/	alive	200
héroïnes paris	https://www.heroines.fr/	alive	200
in the soulshine	https://inthesoulshine.com/	alive	200
haupt shirts	https://www.haupt.fashion/	tls-error	ERR_TLS_CERT_ALTNAME_INVALID
h.a. brieger	https://dzintars.lv/	alive	200
liger	https://www.thisisliger.com/	alive	200
kobe hankyu	https://www.hankyu-dept.co.jp/kobe/	alive	200
harem london	https://www.haremlondon.com/	alive	200
kehleia	https://kehleia.com/	alive	200
gorg	https://gorgstore.com/	alive	200
hilde soliani	https://hildesoliani.com/	alive	200
heliot emil	https://heliotemil.com/collections/view-all	alive	200
jag	https://www	dns-dead	NXDOMAIN @1.1.1.1+8.8.8.8
katy perry	https://www.katyperrycollections.com/	alive	200
ichi	https://www.ichi.biz/	alive	200
jeanerica	https://jeanerica.com/	alive	200
jivanas	https://www.jivanas.com/	alive	200
fortae	http://yourfortae.com/	alive	200
ingugu	https://www.ingugu.com/	tls-error	UNABLE_TO_GET_ISSUER_CERT_LOCALLY
hanalei	http://www.hanaleicompany.com/	alive	200
linen + lace	https://www.linenlacehandmade.ca/	dns-dead	NXDOMAIN @1.1.1.1+8.8.8.8
koröshi	https://www.koroshishop.com/	alive	200
hattric	https://www.hattric.de/	alive	200
kickers	https://www.kickers.co.uk/	alive	200
green bee botanicals	https://greenbeebotanicals.com/	alive	200
holiday the label	https://holidaythelabel.com/	net-error	ECONNREFUSED
hering	https://ciahering.com.br/	alive	200
jax & bard shoes	https://jaxandbard.shoes/	alive	200
kerosene	https://www.houseofkerosene.com/	alive	200
grizas	https://grizas.com/	alive	200
jerem	https://www.jerem.com/en/	alive	200
frapp	https://www.via-appia-mode.com/	alive	200
ipanema	http://www.ipanema-slippers.nl/	tls-error	ERR_TLS_CERT_ALTNAME_INVALID
home~pourri	https://www.pourri.com/	alive	200
invidia	https://invidia1973.com/	alive	200
lara di gianni	https://www.laradigianni.com/	alive	200
fuza wool of denmark	https://www.fuzawool.com/	alive	200
kilomet109	https://www.kilomet109.com/	alive	200
hardy brothers	https://www.hardybrothers.com.au/	alive	200
kultivate	https://www.kultivate.com/	alive	200
kiniki	https://www.kiniki.com/	alive	200
hedgren	https://hedgren.com/	blocked	429
herschel	https://www.herschel.com/	alive	200
haflinger	https://www.haflinger.com/	blocked	429
horus x	https://horus-x.com/	alive	200
itstyle	https://www.itstylemakeup.fr/	timeout	
kimkris beauty	http://kimkrisbeauty.com/	alive	200
gunda hafner	https://www.gundahafner.com/	alive	200
gsus	https://www.g-sus.com/us/	tls-error	ERR_TLS_CERT_ALTNAME_INVALID
hēdoïne	https://www.hedoine.com/	alive	200
jo malone	https://www.jomalone.ru/	alive	200
french farmacie	http://frenchfarmacie.com/	alive	200
hot tools	https://www.hottools.com/	alive	200
j.m. weston	https://eu.jmweston.com/	alive	200
isla ibiza	https://www.islaibizabonita.com/	alive	200
laura elizabeth jewelry	https://www.lauraelizabethjewelry.com/	alive	200
l'envers	https://www.lenversfashion.com/	alive	200
hatley	https://www.hatley.com/	alive	200
kmoni cosmetics llc	http://www.kmonicosmetics.com/	blocked	429
hilary macmillan	https://www.hilarymacmillan.com/	alive	200
it cosmetics	https://www.itcosmetics.com/	blocked	403
galeria	https://www.galeria.de/	blocked	403
k+k schuh-center	https://www.k-und-k-schuhcenter.de/	alive	200
humble chic	https://www.humblechic.com/	alive	200
j&joy	https://jandjoy.com/	alive	200
kjaer weis	https://kjaerweis.com/	alive	200
halada	https://www.halada.cz/	alive	200
h samuel	https://www.hsamuel.co.uk/	alive	200
jenny sibthorp	https://www.jennysibthorp.com/	http-dead	404
jones	https://www.jones-fashion.com/	alive	200
fun	http://www.fun-official.com/	dns-dead	NXDOMAIN @1.1.1.1+8.8.8.8
joshua tree mug company	https://joshuatreemugco.com/	timeout	
hide&jack	https://hideandjack.com/	alive	200
kaimana	http://kaimana.shop/	alive	200
jewelina	https://www.jewelina.de/	alive	200
jill by jill stuart	http://www.jillbyjillstuart.jp/	alive	200
lita by ciara	https://thehouseoflrc.com/pages/lita-by-ciara	alive	200
hann jewelry	https://www.hannjewelry.com/	alive	200
henderson	https://henderson.ru/	blocked	401
heavy tools	https://www.heavytools.sk/	alive	200
holding court	https://holdingcourtinc.com/?_ef_transaction_id=&oid=378&affid=1	alive	200
ivy & elder	https://ivyandelder.com/	alive	200
ixxxi men	https://watchit11.com/ixxxi-men	tls-error	CERT_HAS_EXPIRED
gazur	https://gazur.de/en	alive	200
i luv it	http://www.iluvit.ca/	alive	200
jamido	https://jamido.by/en/	http-dead	404
kolber	https://www.kolbergeneve.ch/	dns-dead	NXDOMAIN @1.1.1.1+8.8.8.8
hunkemöller	https://www.hunkemoller.nl/	alive	200
hanson skincare	http://hansonskincare.com/	alive	200
illumia skincare products	http://illumiaproducts.com/	alive	200
fonem	https://fonemeurope.com/	alive	200
le labo	https://www.lelabofragrances.com/	alive	200
gabe's	https://www.gabesstores.com/	alive	200
julietè skin rituals	https://julieteskin.com/	alive	200
la perla	https://www.laperla.com/	alive	200
iheart	https://www.iheart.de/	alive	200
jamnatura	http://www.jamnatura.com/	alive	200
kapok knot	https://kapok-knot.com/	alive	200
houtbrox	http://www.houtbrox.nl/	net-error	UND_ERR_CONNECT_TIMEOUT
joie	https://www.joie.com/	alive	200
harri	https://harri.london/	dns-dead	NXDOMAIN @1.1.1.1+8.8.8.8
hey honey	http://www.heyhoney.com/	alive	200
hamza	https://hamza.ro/	alive	200
hemptopia	https://www.hemptopia.com/	alive	200
jacquemus	https://www.jacquemus.fr/	blocked	403
jacksons	http://www.jacksonsofreading.co.uk/	alive	200
gessica albu	https://www.gessicaalbu.com/	alive	200
icebreaker	https://www.icebreaker.com/	alive	200
jbs	https://www.jbs.dk/	alive	200
horlogerie viot	http://www.jbviot.fr/	alive	200
kraemer-gruppe	https://juweliere-kraemer.de/	alive	200
gxg	https://www.gxggroup.com/	alive	200
i.n.c international concepts	https://www.macys.com/shop/womens-clothing/inc-international-concepts-womens-apparel	blocked	403
jaggad	https://www.jaggad.com/	alive	200
harry ritchie's	https://harryritchies.com/	alive	200
highciti	https://highciti.com/	alive	200
karen kane	https://www.karenkane.com/	alive	200
kitsch	http://www.mykitsch.com/	alive	200
hocosa	https://danishwool.com/collections/hocosa-of-switzerland-all-ages	alive	200
lee cooper	https://www.leecooper.com/	alive	200
idle	https://beidle.co/	alive	200
immortal perfumes	https://www.immortalperfumes.com/	alive	200
hempz	http://www.hempz.com/	alive	200
jantzen	https://jantzen.com/	alive	200
jj footwear	https://www.jjfootwear.nl/	alive	200
john lobb bootmaker	http://www.johnlobb.com/	blocked	403
joeone	https://www.joeone.cn/	alive	200
hetty friedman designs	http://www.hettyfriedmandesigns.com/	alive	200
jessyline	https://www.efashion-paris.com/en/vendeurs/jessy-line-1688.html	alive	200
gino rossi	https://www.gino-rossi.com/	tls-error	CERT_HAS_EXPIRED
jouer studios	https://jouerstudios.com/	alive	200
jean marc paris	https://jeanmarcparis.com/	alive	200
indicia	http://www.indicia.com.cn/	blocked	403
jane lushka	https://janelushka.com/	alive	200
hardware	https://hardware-bags.de/	alive	200
live free	http://freelivingco.co/	alive	200
garrard	https://www.garrard.com/	alive	200
hiroshima sogo	https://www.sogo-seibu.jp/hiroshima/	alive	200
hoka	https://www.hoka.com/	blocked	403
kokomo	https://www.kokomo-jewellery.com/	alive	200
hoopers	http://www.hoopersstores.com/	alive	200
halonen	https://www.halonen.fi/	alive	200
ladress	https://www.ladress.com/en/home/	alive	200
kash	http://www.kash.it/	alive	200
infinitealoe	https://www.infinitealoe.com/	alive	200
leo pizzo	https://www.leopizzo.com/	alive	200
havu watches oy	https://www.havuwatches.com/	alive	200
foschini	https://www.foschini.co.za/	alive	200
hunting season	https://www.hunting-season.com/	alive	200
johann maria farina gegenüber dem jülichs-platz	http://www.farina1709.com/	alive	200
jeffree star cosmetics	https://jeffreestarcosmetics.com/	alive	200
jollity & co.	https://shopjollity.co/	alive	200
joanna vargas	http://www.joannavargas.com/	alive	200
joma jewellery	https://jomajewellery.com/	blocked	403
jumperfabriken	https://www.jumperfabriken.se/	alive	200
jeuneora	http://jeuneora.com/	alive	200
inmoda pellicceria	https://inmodapellicceria.it/en/	blocked	403
jecca blac	https://jeccablac.com/	alive	200
hippirhino	https://hippirhino.com/	alive	200
hume supernatural	https://humesupernatural.com/	alive	200
jaxon lane	https://jaxonlane.com/	alive	200
jovi rose skin	http://joviroseskin.com/	alive	200
ikkho	https://www.ikkho.co/	alive	200
kuwalla tee	https://kuwallatee.com/	alive	200
just this - feminine care est 2024	http://wearejustthis.com/	alive	200
ile de beaute	http://iledebeaute.ru/	alive	200
glamorise	https://glamorise.com/	alive	200
koradior	http://www.koradior.com/	alive	200
joseph ribkoff	https://www.josephribkoff.com/	alive	200
hat junkie	https://www.hatjunkie.com/	alive	200
lojas renner	https://www.lojasrenner.com.br/	alive	200
lancerto	https://www.lancerto.com/	alive	200
inuikii	https://www.inuikii.com/	alive	200
lévans	http://levansbeauty.com/	alive	200
heilan home	http://www.hla.com.cn/	dns-dead	no A/AAAA @1.1.1.1
katharine hamnett	https://katharinehamnett.com/usd	alive	200
gentle monster	https://www.gentlemonster.com/	alive	200
joostricot	https://joostricot.com/	alive	200
jimmy choo	https://jimmychoo.com/	alive	200
journal standard	https://journal-standard.jp/	alive	200
fratelli russo	https://www.fratellirusso.it/	tls-error	CERT_HAS_EXPIRED
i̇ç giyim özel	https://www.icgiyimozel.com/	alive	200
judas sinned	https://judassinnedclothing.com/	http-dead	404
hudson jeans	https://www.hudsonjeans.com/	alive	200
hey gang	https://theheygang.com/	alive	200
hbface	https://www.hbface.com/	alive	200
homebody	https://homebody.co.uk/	alive	200
happy plant botanicals	https://happyplantbotanicals.com/	alive	200
joeleen torvick	https://www.joeleentorvick.com/	alive	200
in corio	https://www.incorio.com/	alive	200
irene luft	https://ireneluft.com/	alive	200
inaska swimwear	https://www.inaska-swimwear.com/	http-dead	404
latelita	https://www.latelita.com/	alive	200
isbjörn of sweden	https://www.isbjornofsweden.com/en	alive	200
lieblingsstück	https://www.lieblingsstueck.com/	alive	200
heralbony	https://store.heralbony.jp/collections/wear	blocked	429
judydoll	https://judydoll.com/	alive	200
john varvatos	https://www.johnvarvatos.com/	blocked	403
jungkraut	https://jungkraut.ch/	alive	200
hopeless lingerie	https://hopelesslingerie.com/	alive	200
il granchio sport	https://ilgranchio.com/en/sport	http-dead	404
just bite me	https://justbiteme.com/	alive	200
hiroshima mitsukoshi	https://www.mitsukoshi.mistore.jp/hiroshima.html	alive	200
fretz men	https://www.fretz-men.ch/	tls-error	CERT_HAS_EXPIRED
hellmuth	https://www.hellmuth-studios.com/	tls-error	ERR_SSL_SSL/TLS_ALERT_HANDSHAKE_FAILURE
hyde wares	https://www.hydewares.com/	alive	200
gil bret	https://bettybarclay.com/	alive	200
gold palace	https://goldpalace.com/	alive	200
kenny s.	https://www.kennys.de/	alive	200
kps essentials	http://www.kpsessentials.com/	alive	200
imperial riding	https://imperialriding.com/	alive	200
lazarini	https://lazarini.eu/	alive	200
ivy oak	https://ivy-oak.com/	tls-error	CERT_HAS_EXPIRED
italian fashion by guazzone	https://www.italianfashion.pl/	alive	200
jenny yoo	https://www.jennyyoo.com/	alive	200
juvenia	http://www.juvenia.ch/	alive	200
juniper & pine organics	http://www.juniperandpineorganics.com/	server-error	502
kaduy	http://www.kaduy.cn/	alive	200
joremillinery	https://joremi.jimdofree.com/	alive	200
ina kent	https://www.inakent.com/	alive	200
jyoti - fair works	https://jyoti-fairworks.org/en?oid=9&affid=1&source_id=GoY-rating&sub1=brandpage	alive	200
just female	https://www.justfemale.dk/	tls-error	CERT_HAS_EXPIRED
lorenzi	https://lorenzishoes.it/	alive	200
hotiç	https://www.hotic.com.tr/	alive	200
furfur	https://furfurfur.jp/	alive	200
ingreendients	https://ingreendients.com/	alive	200
herbivore botanicals	http://www.herbivorebotanicals.com/	alive	200
ici paris xl	https://www.iciparisxl.lu/	alive	200
jones road beauty	http://jonesroadbeauty.com/	alive	200
glamnetic	https://www.glamnetic.com/	alive	200
juwelenkind	https://juwelenkindschmuck.com/	alive	200
i am skincare for men	http://iammencare.com/	alive	200
kuwaii	https://kuwaii.com.au/	alive	200
infanteenie beenie	https://www.infanteeniebeenie.com/	dns-dead	NXDOMAIN @1.1.1.1+8.8.8.8
jiaoxia	https://official.beneunder.com/about	alive	200
kualesa	https://kualesa.co/	alive	200
le temps des cerises	https://www.letempsdescerises.com/	alive	200
jack london	https://shop.jacklondon.com.au/	alive	200
limelife by alcone	http://www.limelifebyalcone.com/	alive	200
kaft	https://www.kaft.com/	alive	200
kaos	https://www.itskaos.com/	alive	200
juwelier milena wilmsen	https://www.schmuck-shop.at/	alive	200
inis meáin	https://inismeain.ie/	alive	200
josephine & joe	https://www.josephineandjoe.com/	http-dead	404
kamilla purshie	https://purshie.company.site/	http-dead	404
louis vuitton	https://louisvuitton.com/	alive	200
hunkydory	https://hunkydory.com/nl/	dns-dead	no A/AAAA @1.1.1.1
la come di	https://www.lacomedi.com/	alive	200
homecourt	https://homecourt.co/	alive	200
julia june	https://www.juliajune.be/	alive	200
inman	http://www.inman.com.cn/	alive	200
gaëlle constantini	https://en.gaelleconstantini.com/	alive	200
keikyu department store	https://www.keikyu-depart.com/	alive	200
humanrace	https://www.humanrace.com/	alive	200
idi clothing	https://idiclothing.com/	alive	200
j label	https://www.jlabel.com/	alive	200
jw pei	https://www.jwpei.com/	alive	200
invicta	https://www.invicta.it/	alive	200
intimissimi	https://world.intimissimi.com/	alive	200
kilian	https://www.bykilian.com/	alive	200
goodee	https://www.goodeeworld.com/	alive	200
leisure lab	https://theleisurelab.com/	alive	200
hi-tec japan	https://www.hitec-footwear.com/	alive	200
lise watier	https://watier.com/	alive	200
kappa	https://www.kappa-shop.de/	alive	200
jubitom	https://jubitom.com/	alive	200
kala fashion	https://www.kalafashion.de/	alive	200
karine augis	https://karineaugis.com/	alive	200
lovlife	https://weibo.com/u/6045039559	alive	200
ilusión	https://www.ilusion.com/	alive	200
ianalana	https://www.ianalana.com/	dns-dead	NXDOMAIN @1.1.1.1+8.8.8.8
julien d’orcel	https://www.juliendorcel.com/	blocked	403
hotsquash	https://www.hotsquash.com/	alive	200
just peachy	https://www.justpeachybasics.com/	alive	200
jlo beauty	https://www.jlobeauty.com/	alive	200
kiğılı	https://www.kigili.com/	alive	200
jaffic	https://www.jaffic.com/	tls-error	CERT_HAS_EXPIRED
kampos	https://kampos.com/?oid=172&affid=1&source_id=GoY-rating&sub1=brandpage	alive	200
gntl	https://gntlskin.com/	alive	200
isima	http://www.isima.com/	blocked	429
joyn	https://www.joynbags.com/	alive	200
kiton	https://kiton.com/	alive	200
granelito	https://granelito.com/	alive	200
les boutons	https://www.lesboutons.com/	blocked	403
hnp	https://www.inspiredbeauty.com/	alive	200
imperial	https://www.imperialfashion.com/	blocked	403
kastlfel	https://kastlfel.com/	alive	200
just bee queen	https://justbeequeen.com/	alive	200
karen millen	https://www.karenmillen.com/	alive	200
kazani	http://www.kazanihair.com/	alive	200
luke 1977	https://www.luke1977.com/	alive	200
harvey haven lavender farm	http://www.harveyhaven.com/	alive	200
l'artisan parfumeur	http://www.artisanparfumeur.com/	alive	200
ippolita	https://www.ippolita.com/	alive	200
hunter original	https://www.hunterboots.com/	alive	200
jolly clothing	https://www.jollyclothing.com/	net-error	ECONNRESET
kirk's	http://www.kirkssoap.com/	alive	200
kahina giving beauty	http://kahina-givingbeauty.com/	alive	200
iwataya	http://www.i.iwataya-mitsukoshi.co.jp/	alive	200
little pitterpat	http://www.littlepitterpat.com/	alive	200
junk plastic rehab	https://junkplasticrehab.com/	alive	200
levetem	http://levetem.com/	blocked	429
honeybee gardens	http://www.honeybeegardens.com/	alive	200
groisil and co.	https://www.groisilandco.com/	tls-error	ERR_SSL_SSL/TLS_ALERT_HANDSHAKE_FAILURE
ines de la fressange	https://en.inesdelafressange.fr/	alive	200
ken shoe fashion	https://kenshoefashion.be/be-nl/home	alive	200
jyano hair care	http://www.jyanohaircare.com/	alive	200
indiebride	https://indiebridelondon.co.uk/	alive	200
katherine parr	http://www.katherineparr.com/	alive	200
justfab	https://www.justfab.co.uk/	alive	200
luxxxxe	https://www.luxxxxe.com/	alive	200
john hatter	https://www.johnhatter.com/	alive	200
kascha-c	https://www.kascha-c.com/	alive	200
healthy hoohoo®	http://healthyhoohoo.com/	alive	200
it's essential	https://www.itsessential.shop/	alive	200
ikks	https://www.ikks.com/	alive	200
ibd	http://ibdbeauty.com/	alive	200
la methode	https://lamethode.it/	alive	200
khadi & co	https://khadiandco.com/	http-dead	402
kobe lettuce	https://www.lettuce.co.jp/?from=header%3Futm_source%3DGoodOnYou+App	alive	200
ioka skin+science	http://www.iokaskinscience.com/	alive	200
journeys	https://www.journeys.com/	blocked	403
koko noko	https://www.koko-noko.com/	alive	200
javier simorra	https://simorra.com/	alive	200
karité	https://www.mykarite.com/	alive	200
jan jansen	http://www.janjansen.com/	alive	200
la casita de wendy	https://www.lacasitadewendy.com/	alive	200
gussi	http://gussihair.com/	http-dead	423
inti knitwear	https://www.intiknitwear.com/	alive	200
kamik	https://www.kamik.com/	alive	200
kijinokanosei	https://kijinokanosei.com/	alive	200
likemychoice	https://likemychoice.com/	blocked	403
inouitoosh	https://www.inouitoosh.com/	alive	200
kabak	https://www.kabak.com.pl/	alive	200
good flower farm	https://goodflowerfarm.com/	alive	200
hynt beauty	http://hyntbeauty.com/	alive	200
löffler	https://www.loeffler.at/	alive	200
josef seibel	https://www.josef-seibel.de/	alive	200
hidesign	http://www.hidesign.com/	alive	200
j-scent	https://j-scent-global.com/	alive	200
k18 biomimetic hairscience	http://www.k18hair.com/	alive	200
isadore apparel	https://isadore.com/	alive	200
lacalifornienne	https://www.lacalifornienne.com/	alive	200
kensol	https://kensol.eu/	alive	200
la'bo natural cosmetics	http://alacartebeauty.com/	alive	200
mac-house	https://gyet.co.jp/	alive	200
jeanasis	https://www.dot-st.com/jeanasis/	alive	200
kazna asker	https://kaznaasker.com/	alive	200
la seine & moi	https://www.laseinetmoi.com/	alive	200
hale and hush	https://www.haleandhush.com/	alive	200
karin rom	https://karinrom.com/	alive	200
kiss the frog	https://kissthefrogstudio.com/	alive	200
linen wedding dress	https://www.linenweddingdress.com/	alive	200
isabelle varin	https://www.isabellevarin.com/	tls-error	ERR_TLS_CERT_ALTNAME_INVALID
iridescent earth	http://www.iridescentearth.com/	alive	200
graff diamonds	https://www.graff.com/	net-error	redirect count exceeded
id.eight	https://www.id-eight.com/	alive	200
hodo	https://www.hongdou.com/en/industry/nz.html	net-error	UND_ERR_CONNECT_TIMEOUT
jacques levine	https://www.jacqueslevine.com/	alive	200
kanna shoes	https://www.kannashoes.com/es/	http-dead	404
lamoda	https://www.lamoda.co.uk/	blocked	429
killah	http://www.killah.it/	net-error	UND_ERR_CONNECT_TIMEOUT
in gold we trust	https://www.ingoldwetrust-official.com/	alive	200
julbo	https://www.julbo.com/	alive	200
helvetica	https://www.helvetica-mp.com/	alive	200
koryphae	https://koryphae.com/	alive	200
jewel tree london	https://www.jeweltreelondon.com/	blocked	403
kowtow	https://au.kowtowclothing.com/	alive	200
magnlens	https://magnlens.com/	http-dead	404
little farmyard	http://www.littlefarmyard.etsy.com/	blocked	403
itp beauty	https://itpbeauty.com/	alive	200
greg lauren	https://www.greglauren.com/	alive	200
italy in cashmere	https://www.italyincashmere.com/	blocked	403
isolda	https://www.isoldabrasil.com.br/	alive	200
imogen's imagination	https://imogensimagination.co.uk/	alive	200
jarod-pi	https://www.jarod-pi.com/	alive	200
hub footwear	https://www.hubfootwear.com/	alive	200
koché	https://www.koche.fr/	alive	200
kara	https://kara.cz/	alive	200
kayu	https://kayudesign.com/	alive	200
laimbock	https://www.laimbock.net/en	alive	200
kaon	https://www.kaon.it/	alive	200
kultural vibez	https://kulturalvibez.com/	alive	200
happiness project (clothing brand)	https://happinessproject.com/	alive	200
johanna ortiz	https://www.johannaortiz.com/	alive	200
kut from the kloth	https://kutfromthekloth.com/	alive	200
maison pyramide	https://maisonpyramide.com/	alive	200
live unlimited london	https://www.liveunlimitedlondon.com/	alive	200
jack & jones	https://www.jackjones.in/	alive	200
hoopla®	https://hooplastudio.com/	alive	200
guess	https://www.guess.com/	blocked	403
jenny packham	https://jennypackham.com/	alive	200
izayla	https://www.izayla.us/	alive	200
jackfir	http://www.jackfir.com/	alive	200
indochino	https://www.indochino.com/	alive	307
herrlicher	https://www.herrlicher.com/	alive	200
jemimasara	http://www.jemimasara.co.uk/	alive	200
j.ploenes	https://www.jploenes.de/	tls-error	DEPTH_ZERO_SELF_SIGNED_CERT
homeplus	http://www.homeplus.co.kr/	alive	200
hust & claire	https://www.hustandclaire.com/	alive	200
kotoden kawaramachi building	http://www.tenmaya.co.jp/takamatsu/	blocked	403
jungmaven	https://jungmaven.com/	alive	200
kind science	http://www.kindscience.com/	alive	200
kartel	https://www.kartelwatches.com/	alive	200
hartjes	https://www.hartjes.at/	alive	200
la botte gardiane	https://www.labottegardiane.com/#?utm_source=GoodOnYou%20App&utm_medium=Referral	alive	200
ingrosso italy	http://ingrossoitaly.com/	http-dead	404
mame kurogouchi	https://www.mamekurogouchi.com/	alive	200
lola cruz	https://www.lolacruz.com/	alive	200
loomi	http://www.meetloomi.com/	alive	200
l’epée 1839	http://www.lepee-clock.ch/	alive	200
jacob cohën	https://www.jacobcohen.com/en-gb/	alive	200
keyper	https://mykeyper.com/	alive	200
jadu beauty	https://jadubeauty.com/	alive	200
hotter	https://www.hotter.com/	blocked	403
kunert	https://www.kunert.de/	alive	200
kalina	http://www.kalina.org/	net-error	UND_ERR_CONNECT_TIMEOUT
háda	https://hada.hu/	alive	200
laofengxiang	https://lfxjewelry.com/	alive	200
garzini	https://www.garzini.com/	alive	200
keio department store  shinjuku	https://www.keionet.com/info/shinjuku/	alive	200
hugo boss	https://www.hugoboss.com/	alive	200
jiwya	https://www.jiwya.com/?oid=365&affid=1&source_id=GoY-rating&sub1=brandpage	alive	200
khawaja	https://khawaja-ledermoden.de/	alive	200
kitowa	https://kitowafragrance.com/	alive	200
jan ‘n june	https://jannjune.com/	alive	200
ivi ryo corporation	http://www.ivi.com.ph/	alive	200
juwelier ellert	https://ellert.at/	alive	200
manuele ficano	https://www.manuele-ficano.com/	alive	200
lasève	http://www.laseve.ca/	alive	200
lorpen	https://www.lorpen.com/	alive	200
louche	https://www.louchelondon.com/	alive	200
la petite boite à bijoux	https://lapetiteboiteabijoux.com/	alive	200
kind lips	https://kindlips.com/	alive	200
janie and jack	https://www.janieandjack.com/	alive	200
la redoute	https://www.laredoute.com/	blocked	403
klenotnictví jolleo	https://www.jolleo.cz/	alive	200
kari gran	http://www.karigran.com/	alive	200
hilana upcycled cotton	https://www.eco-hilana.com/	blocked	403
hanky panky	https://www.hankypanky.com/	alive	200
lauren brooke cosmetiques	http://www.laurenbrookeco.com/	alive	200
george richards big & tall menswear	https://www.georgerichards.ca/	alive	200
kindri los angeles	http://www.kindri.com/	alive	200
kat burki	http://www.katburki.com/	alive	200
jolleo	https://www.jolleo.cz/	alive	200
jos alukka & sons	https://www.josalukkasonline.com/	alive	200
lagua gem	https://laguagem.jp/	alive	200
jinhua loyal crafts co.  ltd.	https://loyalcrafts-fragrance.com/	alive	200
icebox	https://www.icebox.com/	alive	200
invicta watch group	https://www.invictawatch.com/	alive	200
kai	https://kaifragrance.com/	alive	200
lavinia	https://lavinia.net.cn/	alive	200
maria black	https://www.maria-black.com/	alive	200
loved01	https://loved01.com/	alive	200
heady made apparel	https://headymadeapparel.com/	alive	200
hunterson	https://huntersonwallets.com/	alive	200
lady alamo	https://www.ladyalamo.com/	alive	200
kleider bauer	https://kleiderbauer.at/	alive	200
lafuma	https://www.lafuma.com/	alive	200
kiddie	https://www.kiddie.pk/	http-dead	402
komrads	https://www.komrads.world/	http-dead	404
kavu	https://www.kavu.com/	alive	200
holden	https://holdenouterwear.com/	alive	200
jane carr	http://jane-carr.com/	alive	200
klier hair group	https://klierhairgroup.de/	alive	200
gildan	https://www.gildan.com/	blocked	403
kenneth cole productions	http://www.kennethcole.com/	alive	200
jayley collection	https://www.jayleycollection.com/	alive	200
keio department store	https://www.keionet.com/	alive	200
jude stuecker	https://www.judestuecker.com/	alive	200
johnny urban	https://www.johnny-urban.de/	alive	200
ilé olomu	https://ileolomu.com/	alive	200
l'eudine	http://leudine.com/	alive	200
jeffery west	https://www.jeffery-west.co.uk/	alive	200
jd jeffrey dame fragrance	https://dameperfumery.com/pages/jd-jeffrey-dame	alive	200
karmyliege	https://www.karmyliege.com/	alive	200
intelligent nutrients	http://www.intelligentnutrients.com/	alive	200
lancy	http://www.lancygroup.com/	timeout	
langerchen	https://langerchen.com/	alive	200
krisa	https://www.krisastyle.com/	http-dead	404
konaka	https://www.konaka-jp.com/	alive	200
juwelier voegele	https://www.juwelier-voegele.de/	alive	200
kiki de montparnasse	https://kikidm.com/	alive	200
jensen	https://jensenwomen.dk/	alive	200
heatkeeper	https://heatkeeper.nl/	alive	200
hyer goods	https://hyergoods.com/?oid=90&affid=1&source_id=GoY-rating&sub1=brandpage	alive	200
louminology	https://louminology.com/	alive	200
josip tumapa design	https://josiptumapa.com/	alive	200
jillian boustred	https://jillianboustred.com/	alive	200
jetset	https://jetset.ch/	blocked	429
glash	https://www.glash.sk/	alive	200
keer	http://www.keerworld.com/#/	timeout	
isabel lennse	https://isabellennse.com/	alive	200
le réussi®	https://lereussi.com/	alive	200
kyraani	http://kyraani.com/	alive	200
kalaurie	https://kalaurie.com.au/?oid=300&affid=1&source_id=GoY-rating&sub1=brandpage	alive	200
jnby	https://jnbyplus.com/	alive	200
hempmania	https://www.hempmania.com/	alive	200
icing	https://www.icing.com/	alive	200
komono	https://www.komono.com/	alive	200
il bisonte	https://www.ilbisonte.com/en-world	server-error	500
indego africa	https://indegoafrica.org/	alive	200
isla	https://www.islaoficial.com.br/	alive	200
john miller	https://www.johnmillershirts.com/	alive	200
la petite creme	https://www.lapetitecreme.com/	alive	200
kichykids clothing	https://www.kichykidsclothing.com/	alive	200
ivan troy	https://ivantroy.com/	alive	200
ludlow	https://ludlow.jp/	alive	200
legendary whitetails	https://www.deergear.com/	tls-error	CERT_HAS_EXPIRED
mark formelle	https://markformelle.by/	alive	200
just cavalli	https://www.justcavalli.com/	alive	200
jolyn	https://jolyn.com/	alive	200
kokokahn essential oils	http://kokokahnessentialoils.com/	alive	200
ilysm	https://ilysm.com/	tls-error	CERT_HAS_EXPIRED
krete	http://www.krete.club/	alive	200
lather	http://www.lather.com/	blocked	403
just jeans	https://justjeans.com.au/	alive	200
kinship	http://www.lovekinship.com/	alive	200
inmindseye	https://inmindseye.com.au/	alive	200
jack bunny!!	http://jack-bunny.net/	alive	200
joe merino	https://www.joemerino.com/	alive	200
josephine & co amsterdam	https://www.josephineco.com/	alive	200
lady taty	https://ladytaty.ch/	alive	200
laundry industry	https://www.laundryindustry.com/	alive	200
kingsley heath	https://kingsleyheath.co.za/	alive	200
jabeenz	https://jabeenz.co.uk/	alive	200
kristel kuslapuu	https://www.kristelkuslapuu.com/	alive	200
lusso cloud	https://lussocloud.com/	alive	200
mary kay	https://www.marykay.ca/	alive	200
karengee	https://karengee.com/	alive	200
k and q empire	https://kandqempire.com/	tls-error	CERT_HAS_EXPIRED
hermina athens	https://herminaathens.com/	alive	200
indigenous	https://indigenous.com/	alive	200
koyal beauty	https://koyalbeauty.com/	alive	200
kyra	https://kyra.eu/	http-dead	404
lazo	https://lazostore.in/	alive	200
la fille d'o	https://lafilledo.com/	alive	200
knowledgecotton apparel	https://knowledgecottonapparel.com/	alive	200
ipsy	https://www.ipsy.com/	alive	200
le chic	https://www.lechicfashion.eu/	alive	200
joules	https://www.joules.com/	alive	200
jan hilmer	https://www.janhilmer.com/	alive	200
hello joyous	http://hellojoyous.com/	alive	200
julia leifert	https://julialeifert.com/	alive	200
iben	https://ibenofficial.com/	alive	200
lowie	https://www.ilovelowie.com/	alive	200
kit and ace	https://www.kitandace.com/	alive	200
kyte baby	https://kytebaby.com/	alive	200
jordan	https://www.nike.com/us/en_us/c/jorda	http-dead	404
m+	https://shop.mplus.org.hk/en/style-apparel/	alive	200
matix	http://www.matixclothing.com/	alive	200
katla	https://katla.com/?oid=229&affid=1&source_id=GoY-rating&sub1=brandpage	alive	200
kamoa	https://www.kamoa.at/	alive	200
inov-8	https://www.inov-8.com/	blocked	403
god's original design	https://godsoriginal.design/	alive	200
hip shoe style	https://www.hipshoestyle.com/	alive	200
july to june	https://www.julytojune.fr/	alive	200
leonor greyl	https://www.leonorgreyl-usa.com/	alive	200
la feny	https://www.lafeny.at/	alive	200
ixxxi jewelry	https://www.ixxxi-jewelry.com/	alive	200
journelle	https://www.journelle.com/	alive	200
jamie + the jones	https://jamieandthejones.com/	alive	200
it's the balm diggity	https://www.thebalmdiggity.net/	alive	200
kid blue	https://kidblue.com/	alive	200
jumper maybach	https://jumpermaybach.com/	alive	200
knack	https://knackbags.com/	alive	200
jean louis mahé	https://jeanlouismahe.com/	alive	200
just sports	https://www.shopjustsports.com/	alive	200
kara beauty	https://www.karabeauty.com/	alive	200
lullilu	https://www.lullilu.com/	alive	200
in2green	https://www.in2green.com/	alive	200
horitoki	https://horitoki.com/	alive	200
le specs	https://lespecs.com/	alive	200
kesou	https://voi.0101.co.jp/voi/content/01/sp/media/kesou/about.html?intid=kesou_top_storyabout%3Futm_source%3DGoodOnYou+App	alive	200
maerz	https://www.maerz.de/	alive	200
learn more	https://savvjolie.com/	alive	200
il bussetto	https://ilbussetto.it/	alive	200
koraru	https://www.koraru.co/?oid=381&affid=1&source_id=GoY-rating&sub1=brandpage	alive	200
kerbholz	https://en.kerbholz.com/	dns-dead	NXDOMAIN @1.1.1.1+8.8.8.8
la granni	https://www.lagranni.com/	alive	200
iriedaily	https://www.iriedaily.de/	blocked	401
jack wills	http://www.jackwills.com/	alive	200
karine arabian	https://www.karinearabian.com/	alive	200
koio	https://www.koio.co/	alive	200
jette	https://www.jette.com/	alive	200
le biscuit	http://lebiscuit.com.br/	blocked	403
labfresh	https://labfresh.co.uk/	alive	200
jc sophie	https://www.jcsophie.nl/	alive	200
kat maconie	https://katmaconie.com/	alive	200
lxmi	http://www.lxmi.com/	alive	200
inh hair	https://inhhair.com/	alive	200
hernest project	https://www.hernestproject.com/	alive	200
leju london	https://www.lejudesigns.com/	alive	200
kimoa	https://kimoa.com/	alive	200
mayan fair trade store	https://mayanft.com/	alive	200
lendava	https://www.shoplendava.com/	alive	200
kujten	https://en.kujten.com/	alive	200
kilted suds	http://www.kiltedsuds.com/	alive	200
landmark	https://www.landmark.com.ph/	http-dead	404
laboratoire uspalla	https://laboratoire-uspalla.fr/	alive	200
imperial uomo	https://www.imperialfashion.com/int/en	blocked	403
jane kønig	https://janekoenig.com/	alive	200
kazartt	https://kazartt.com/	alive	200
kotohayokozawa	https://kotohayokozawa.com/	dns-dead	no A/AAAA @1.1.1.1
leaf people skin care	http://www.leafpeople.com/	blocked	403
lala adore cosmetics	http://lala-adore.com/	dns-dead	NXDOMAIN @1.1.1.1+8.8.8.8
jet	https://www.jetonline.co.za/	alive	200
mackage	https://www.mackage.com/	alive	200
high springs leather	https://www.highspringsleather.com/	dns-dead	NXDOMAIN @1.1.1.1+8.8.8.8
juvia's place	https://www.juviasplace.com/	alive	200
les coyotes de paris	https://www.lescoyotesdeparis.com/	alive	200
j. hannah	https://jhannahjewelry.com/	alive	200
les tricots de léa	https://www.lestricotsdelea.com/	alive	200
l'aventura	https://www.laventuraperfumes.com/	alive	200
kitx	https://kitx.com.au/	alive	200
lalabobo	http://www.lalabobo.com/	alive	200
lano	https://www.weibo.com/lno2016?refer_flag=1005050010_	alive	200
inhabited art	https://inhabitedart.com/	alive	200
jeanswest	https://www.jeanswest.co.nz/	alive	200
kunoka	https://www.kunoka.com/	http-dead	402
leila hafzi	https://www.leilahafzi.com/	alive	200
lapuan kankurit	https://www.lapuankankurit.fi/	alive	200
jōb cosmetics hawai'i	http://cosmeticshawaii.com/	alive	200
just watches	https://www.justwatches.com/	alive	200
good juju body & home	http://www.hellogoodjuju.com/	alive	200
joe's toes	https://joestoes.co.uk/	alive	200
khadim's	https://www.khadims.com/	alive	200
kutsusenka	https://www.kutsusenka.com/	alive	200
jubel naturals	https://jubelnaturals.ca/	alive	200
megababe	https://megababebeauty.com/	alive	200
kenneth jay lane	https://kennethjaylane.com/	alive	200
kagure - かぐれ	https://media.urban-research.jp/brand/kagure/	alive	200
label noir	https://www.labelnoirdesign.com/en/about	alive	200
latiture	https://www.latiture.com/	alive	200
lez a lez	https://www.lezalez.com/	alive	200
kinlò	http://kinlo.com/	alive	200
lice queen	http://licequeenproducts.com/	alive	200
la milanesa	https://www.lamilanesa.it/	alive	200
laura lombardi	https://www.lauralombardi.com/	alive	200
inyati	https://www.inyati.de/	http-dead	404
ka & riah	https://kaandriah.com/	alive	200
kopari beauty	http://koparibeauty.com/	alive	200
ji won choi	https://jiwchoi.com/	dns-dead	no A/AAAA @1.1.1.1
lewis & melly	https://www.lewismelly.com/	alive	200
laura bellariva	https://shop.laurabellariva.com/	tls-error	ERR_TLS_CERT_ALTNAME_INVALID
kaenon polarized	https://kaenon.com/	alive	200
harold’s	http://www.harolds-bags.com/	alive	200
grainular	http://getgrainular.com/	alive	200
inwear	https://www.inwear.com/	alive	200
jordan samuel skin	https://jordansamuelskin.com/	alive	200
jungle folk	https://www.junglefolk.com/	alive	200
hogan	https://www.hogan.com/	blocked	403
jusglitty	http://jusglitty.jp/	alive	200
kappahl	https://www.kappahl.se/	alive	200
home spa collection	http://www.homespacollection.com/	alive	200
jones snowboards	https://www.jonessnowboards.com/	alive	200
kokoworld	https://kokoworld.uk/en/	alive	200
maison close	https://www.maison-close.com/	alive	200
k-boxing	http://www.k-boxing.com/	net-error	UNABLE_TO_VERIFY_LEAF_SIGNATURE
lilac limited crochet	https://www.lilaclimited.com/	http-dead	404
humanist beauty	https://humanistbeauty.com/	alive	200
lc leather club	https://lcleatherclub.com/	alive	200
jeans mate	http://www.jeansmate.co.jp/	alive	200
lala	https://lala.pl/	alive	200
mahina beaute	http://www.mahinabeaute.com/	alive	200
kjore project	http://www.kjoreproject.com/	alive	200
lara bags	https://www.larabags.sk/	alive	200
kapdaa	https://kapdaa.com/	alive	200
lace & beads	https://www.laceandbeads.co.uk/	alive	200
lifestyle stores	https://www.lifestylestores.com/	blocked	403
isla lune	https://islalune.ca/	alive	200
jubilee couture	https://www.jubileecouture.com/	dns-dead	NXDOMAIN @1.1.1.1+8.8.8.8
memora	http://www.memora.com.cn/	alive	200
kasurekids	https://kasurekids.jp/?oid=396&affid=1&source_id=GoY-rating&sub1=brandpage	alive	200
hot soles	https://www.hotsoleslondon.com/	dns-dead	NXDOMAIN @1.1.1.1+8.8.8.8
joyya	https://joyya.com/en-au?oid=329&affid=1&source_id=GoY-rating&sub1=brandpage	blocked	429
malone souliers	https://malonesouliers.com/	alive	200
kangaroos	https://www.kangaroos.com/	alive	200
la bottega di brunella	https://www.brunellapositano.it/	alive	200
linenfox	https://linenfoxclothes.com/	alive	200
le-go bekleidungswerke gmbh & co kg	http://www.le-gobw.de/	alive	200
knot	https://www.knotkids.com/	alive	200
jia jia	https://jiajiajewelry.com/	alive	200
lilly sarti	https://www.lillysarti.com.br/	alive	200
les sublimes	https://www.les-sublimes.com/	alive	200
krack	https://www.krackonline.com/	alive	200
kinda 3d swimwear	https://www.kindaswimwear.com/	alive	200
ksubi	https://www.ksubi.com/eu	dns-dead	no A/AAAA @1.1.1.1
lapointe	https://shoplapointe.com/	alive	200
lana baby	https://www.lana-organic.de/	alive	200
john hardy	https://www.johnhardy.com/	alive	200
izabel camille	https://www.izabelcamille.dk/	alive	200
le château	http://www.lechateau.com/	blocked	429
just b different	https://www.just-b-different.com/	alive	200
kendall + kylie	https://kendall-kylie.com/	alive	200
kant-garage	https://stilwerk.com/de/microsite/willkommen-in-berlin	http-dead	404
hundred pieces	http://hundredpieces.com/	alive	200
item m6	https://www.item-m6.com/	alive	200
junona	https://junona.bg/	alive	200
karma kameleon	https://www.karmakameleon.com.au/	alive	200
le garçon chic	https://www.lechicfashion.eu/le-chic-garcon	alive	200
have a look	https://www.havealookshop.de/	alive	200
la relaxed	https://www.larelaxed.com/	alive	200
isla in bloom	https://www.islainbloom.com.au/	alive	200
maison special	https://maisonspecial.co.jp/	alive	200
jadé complexions	http://jadecomplexions.com/	alive	200
lekko aesthetics	http://www.lekkoaesthetics.com/	alive	200
justine tabak	https://www.justinetabak.co.uk/	alive	200
korali	https://www.korali-handmade.com/	alive	200
hope & henry	https://hopeandhenry.com/	alive	200
libbi nails	http://liberation-nails.com/	alive	200
klenoty aurum	https://www.klenotyaurum.cz/	alive	200
l.t. piver	http://www.piver.com/	alive	200
kuyichi	https://kuyichi.com/	alive	200
jose saenz	https://grupojosesaenz.com/	blocked	403
manos del uruguay	https://www.manos.com.uy/	blocked	403
lisa marie fernandez	https://lisamariefernandez.com/	alive	200
john craig	https://johncraig.co.za/	http-dead	406
lauren ralph lauren	https://www.ralphlauren.co.uk/en/discover/womens-brands/lauren-ralph-lauren/70501	blocked	403
karo kauer	https://karokauer.com/	alive	200
hyundai department store	http://www.ehyundai.com/	alive	200
j.press	https://www.jpress.jp/	alive	200
laurence dacade	https://www.laurence-dacade.com/	http-dead	402
juwelier willer	https://willer.de/	alive	200
keefirivunts	https://keefirivunts.ee/	alive	200
kik	https://www.kik.de/	alive	200
heidi soto designer	https://www.heidisotodesigner.com/	alive	200
lagogo	http://www.lagogo.cn/	alive	200
mancera	https://manceraparfums.us/	alive	200
kashmir pink®	http://lasaltco.com/	alive	200
les deux	https://lesdeux.com/	alive	200
l'ouest	http://www.louestca.com/	alive	200
jacky and family	https://jackyandfamily.com/	alive	200
jared the galleria of jewelry	https://www.jared.com/	alive	200
kolo berlin	https://www.kolo-berlin.com/	alive	200
lindry lab	http://lindrylab.com/	alive	200
iyü sunglasses	https://www.iyu.fr/	alive	200
la martina shoes	https://www.lamartina.com/	blocked	429
juwelier rüschenbeck	https://www.rueschenbeck.de/	alive	200
kudos	https://kudoskudos.co/	alive	200
leder pellicce	https://www.leder-pellicce.cz/	alive	200
kona natural soap company	https://www.konanaturalsoap.com/	alive	200
greve	https://www.greve.nl/	alive	200
kai and koa	https://kaikoaworld.com/	alive	200
leatherlly	https://leatherlly.com/	alive	200
keeyahri	https://www.keeyahri.com/	alive	200
idexe	https://idexe.com/	alive	200
jakke	https://jakke.co.uk/	alive	200
lilit botanicals	https://www.lilitbotanicals.com/	alive	200
khujo	https://www.khujo.com/	alive	200
little star organic	https://kitexusa.com/little-star-organic	alive	200
kalenji	https://www.kalenji.fr/	alive	200
henry rose	https://henryrose.com/	alive	200
lash be long	https://www.madamemadeline.com/online_shoppe/LASHbeLONG_Purchase.asp	alive	200
jx & co	https://jxandco.com/	alive	200
i.code	https://www.ikks.com/en/i.code/	alive	200
lanidor	https://www.lanidor.com/	blocked	403
la celle paris	https://lacelle1802.onrender.com/	alive	200
jujiya	http://www.jujiya-yamagataten.com/	alive	200
lfdl	https://www.lfdl.it/en/	alive	200
le kasha	https://www.lekasha.com/	alive	200
la petite mort	https://la-pm.com/	alive	200
jenest	http://www.jenest.com/	alive	200
marco pescarolo	https://marcopescarolo.it/	alive	200
janessa leoné	https://janessaleone.com/	alive	200
kikisix	https://www.kikisix.it/	alive	200
krakatau	https://en.krakatauwear.com/	alive	200
lenslace	https://lenslace.com/	alive	200
l'autre chose	https://www.lautrechose.com/	http-dead	444
kickclusive	https://kickclusivenj.com/	alive	200
jaz	http://jazwatch.com/	alive	200
lipora	http://www.liporaskin.com/	alive	200
labrum	https://labrumlondon.com/	alive	200
human nation	https://thehouseoflrc.com/	alive	200
kara van petrol	https://www.karavanpetrol.com/	alive	200
local luxe swim	https://localluxeswim.com/	dns-dead	NXDOMAIN @1.1.1.1+8.8.8.8
karhu	https://us.karhu.com/	alive	200
jacky	https://www.jacky.de/	alive	200
keith and james	https://keithjames.com/	alive	200
kriss sweden	https://www.kriss.eu/	alive	200
kaltur	https://www.kaltur.com/	blocked	403
jose real	https://joserealshoes.com/	alive	200
laura biagiotti	https://www.laurabiagiotti.it/	alive	200
le fix	https://www.le-fix.com/	alive	200
la strada	https://lastradashoes.com/	alive	200
layermor fragrance	https://layermor.com/	alive	200
kyboe	http://www.kyboe.com/	dns-dead	no A/AAAA @1.1.1.1
marat	https://marat.ee/	alive	200
la palma eco-beachwear	https://www.lapalmaecobw.com/	http-dead	423
kings & queens	https://www.kingsandqueensclothier.shop/	alive	200
lamel	https://lamelcosmetics.com/	alive	200
kat the label	https://www.katthelabel.com/	alive	200
hylton	https://hyltongoods.com/	tls-error	CERT_HAS_EXPIRED
kama fashion & function	https://www.kama.cz/	alive	200
jeepers peepers	https://www.jeeperspeepers.co.uk/	alive	200
janegee	http://janegee.com/	alive	200
imperfect pointes	https://imperfectpointes.com/	alive	200
lesse	https://lesseofficial.com/	alive	200
lita	https://litacouture.com/	alive	200
lé buns	https://lebuns.com.au/	alive	200
jeordie's	https://jeordiesmen.com/en/	alive	200
lecurve	https://www.lecurve.store/	alive	200
lahive	https://shoplahive.com/	alive	200
kari traa	https://www.karitraa.com/	alive	200
maria mcmanus	https://mariamcmanus.com/	alive	200
lee	http://www.lee.com/	blocked	403
laccio	https://laccio.nl/	alive	200
kattan	https://kattan.co.uk/	alive	200
lascana	https://www.lascana.de/	server-error	502
icke berlin	https://www.icke-berlin.de/	alive	200
karin & stefan	https://www.karinundstefan.at/	blocked	403
la compagnie des petits	https://www.lacompagniedespetits.com/	alive	200
jil sander	https://www.jilsander.com/	alive	200
little mo&co.	https://en.moco.com/	alive	200
industry of all nations	http://www.industryofallnations.com/	alive	200
kids foot locker	https://www.kidsfootlocker.com/	alive	200
king trading	https://kingtrading.com/	alive	200
leaf shave company	https://leafshave.com/	alive	200
kith	https://eu.kith.com/	alive	200
jns	https://jnsonline.ru/	net-error	redirect count exceeded
jeep	https://www.jeep-outfitter.com/en_gb	alive	200
living crafts	https://www.livingcrafts.de/en	alive	200
lafes natural bodycare	http://lafes.com/	alive	200
kyrgies	https://kyrgies.com/	alive	200
leo lin	https://leolinofficial.com.au/	alive	200
lana	https://www.lana-organic.de/	alive	200
kering eyewear	https://www.keringeyewear.com/	alive	200
lavard	https://www.lavard.pl/	alive	200
hi-life	https://hilifeshop.com/	alive	200
knickerbocker	https://www.knickerbocker.nyc/	alive	200
lido marinozzi	https://www.lidomarinozzi.com/	alive	200
le silla	https://www.lesilla.com/	alive	200
kayrose	https://getkayrose.com/	alive	200
immaculate anti-aging skincare	https://imagesbymiriam.com/	alive	200
igk llc	http://www.igkhair.com/	alive	200
interparfums usa llc	https://www.interparfumsinc.com/	alive	200
kmart	https://www.kmart.com/	alive	200
leiser handelsgesellschaft	https://www.leiser.de/	alive	200
lantern press	https://lanternpress.com/	alive	200
leni swims	https://leniswims.com/	alive	200
marisa	https://www.marisa.com.br/	alive	200
lojas colombo	https://www.colombo.com.br/	blocked	403
kenny flowers	https://www.kennyflowers.com/	alive	200
kojin	https://www.kojinstore.com/	alive	200
kaylaan	https://www.kaylaan.com/	alive	200
gugguu	https://en.gugguu.com/	alive	200
just in case	https://www.justincase.be/	alive	200
lems shoes	https://www.lemsshoes.com/	alive	200
marlow and mae	https://www.marlowandmae.com/	alive	200
kisscat	https://www.kisscat.com.cn/	alive	200
jigsaw	https://www.jigsaw-online.com/	alive	200
john lewis	https://www.johnlewis.com/	alive	200
lily lemon	http://www.instagram.co	alive	200
leggings park	https://www.leggingspark.com/	dns-dead	no A/AAAA @1.1.1.1
kimai	https://kimai.com/uk/	alive	200
juicy couture	http://shop.davidjones.com.au/webapp/wcs/stores/servlet/SearchDisplay?searchTermScope=&searchType=1000&filterTerm=&maxPrice=&showResultsPage=true&langId=-1&beginIndex=0&sType=SimpleSearch&metaData=&fromBrandDirectory=1&pageSize=21&manufacturer=&resultCatEntryType=&catalogId=10051&pageView=image&searchTerm=&facet=mfName_ntk_cs%253AJuicy%2BCouture&minPrice=&categoryId=&storeId=10051&facetLabel=Juicy+Couture%3Futm_source%3DGoodOnYou+App	alive	200
la fille des fleurs	https://www.lafilledesfleurs.it/	alive	200
kevingston	https://www.kevingston.com/	blocked	403
les tien	https://lestien.com/	alive	200
le petit trou	https://en.le-petit-trou.com/	alive	200
lands downunder	https://www.landsdownunder.com/	alive	200
hiut denim co	https://hiutdenim.co.uk/	alive	200
lomer	https://www.lomer.it/	alive	200
ln|knits	https://www.lnknits.com/	alive	200
inditex	https://www.inditex.com/	alive	200
kiko ouriversarias	https://www.ourivesariakiko.com/en/	alive	200
lab 1082	https://www.lab1082.com/	alive	200
laurel	https://www.laurel-online.com/	alive	200
kettner	https://www.kettner.com/	alive	200
k-3	https://k-3.com/	alive	200
kopper & zink	https://kopperandzinkswimwear.com/	alive	200
john john	https://www.johnjohndenim.com.br/	alive	200
lisa yang	https://lisa-yang.com/	alive	200
in blue handmade	https://inbluehandmade.com/	alive	200
haikure	https://haikure.com/	alive	200
koton	https://www.koton.com/	alive	200
honey cake tiger	https://honeycaketiger.com/	alive	200
isabella's clearly	http://www.isabellasclearly.com/	alive	200
kitz-pichler	https://www.gottstein.at/	alive	200
lolavie	http://www.lolavie.com/	alive	200
lauf	https://www.lauf.com.br/	blocked	403
koi footwear	https://www.koifootwear.com/	alive	200
legend bags& belts	https://www.legend-bags.com/	alive	200
les tricots marcel	https://lestricotsmarcel.com/	alive	200
kincloch anderson	https://www.kinlochanderson.com/	alive	200
kaneea	https://kaneea.com/	alive	200
ktg fashion house	http://officialktgfashionhouse.com/	alive	200
joseff of hollywood	https://www.joseff-hollywood.com/	alive	200
marysia	https://marysia.com/	alive	200
loreak mendian	https://www.loreakmendian.com/	alive	200
joseph	https://www.joseph-fashion.com/	alive	200
jomos	https://www.jomos.de/	alive	200
hannoush jewelers	https://www.hannoush.com/	blocked	403
kurt geiger	https://www.kurtgeiger.com/	blocked	403
hozen	https://hozencollection.com/	alive	200
ivey abitz	https://iveyabitz.com/	alive	200
lorna jane	https://www.lornajane.com.au/	alive	200
koleha	https://koleha.com/	alive	200
instru optiikka	https://www.instru.fi/	alive	200
kotofey	https://kotofey.ru/	alive	200
kintetsu department store main store abeno harukas	https://abenoharukas.d-kintetsu.co.jp/	alive	200
leos	https://www.leos-jeans.de/	alive	200
liberty shoes	https://www.libertyshoesonline.com/	alive	200
karma and luck	https://www.karmaandluck.com/	alive	200
l'afshar	https://www.lafshar.com/	alive	200
julep beauty	https://www.julep.com/	alive	200
matsuzakaya	https://www.matsuzakaya.co.jp/	alive	200
klass	https://www.klass.co.uk/	blocked	403
juli dans jewels	https://julidansjewels.nl/	alive	200
jovani fashion	https://www.jovani.com/	alive	200
harris horology	https://harrishorology.com/	alive	200
l'urv	https://www.lurv.com.au/	alive	200
lake & skye	https://www.lakeandskye.com/	alive	200
lotte.99	https://lotte99.com/	alive	200
louis pion	https://www.louispion.fr/	blocked	403
jacaru australia	https://www.jacaru.com/	blocked	429
letoile	https://letu.ru/	alive	200
just for teens	https://justforteens.biz/	alive	200
lerz	https://www.lerz.it/	alive	200
knwls	https://knwls.com/	alive	200
lcf ledûb corporate fashion	https://www.vanwinkelfashion.com/	alive	200
kunogigi	https://www.kunogigi.com/	alive	200
lillelam	https://lillelam.com/	alive	200
keedo	https://keedo.co.za/	dns-dead	no A/AAAA @1.1.1.1
kook	http://gotkook.com/	alive	200
just junkies	https://www.justjunkies.eu/	dns-dead	NXDOMAIN @1.1.1.1+8.8.8.8
mazine	https://mazine.de/	alive	200
kolors by k ®	http://www.kolorsbyk.com/	alive	200
just over the top	https://jott.com/	alive	200
junior kids	http://juniorkids.ca/	alive	200
love is art	http://www.loveisartkit.com/	alive	200
lazurde company for jewelry	http://www.lazurde.com/	alive	200
lovjoi	https://www.lovjoi.com/	alive	200
liebeskind	https://int.liebeskind-berlin.com/	alive	200
marudai	https://ciina-ciina.com/marudai-niigata/	alive	200
libe clothing	https://www.libeclothing.com/	alive	200
liv bergen	https://en.livbergen.de/	alive	200
leysen	https://www.leysen.eu/en/	alive	200
leabags	https://www.leabags.com/	alive	200
l’intervalle	https://lintervalle.eu/	tls-error	CERT_HAS_EXPIRED
kosas cosmetics	https://kosas.com/	alive	200
khu khu	https://khukhu.com/	alive	200
k-swiss	https://www.kswiss.nl/	alive	200
kintobe	https://www.kintobe.com/	alive	200
krass optik	https://www.krass-optik.com/	alive	200
k-way	https://www.k-way.fr/	alive	200
lashify	https://www.lashify.com/	alive	200
levv	https://levvlabels.nl/	alive	200
iro iro	https://iroirozerowaste.com/?oid=339&affid=1&source_id=GoY-rating&sub1=brandpage	alive	200
hawkers	https://www.hawkersco.com/eu	alive	200
ingmarson	https://ingmarson.com/	alive	200
labienhecha	https://www.labienhecha.com/en	alive	200
krys	https://www.krys.com/	alive	200
husbands paris	https://husbands-paris.com/	alive	200
la petite parisienne	https://lapetiteparisienne.co/	alive	200
k sahai	https://ksahai.com/	alive	200
luiza barcelos	https://www.luizabarcelos.com.br/	alive	200
luca-kayz	https://luca-kayz.de/	tls-error	ERR_SSL_TLSV1_ALERT_INTERNAL_ERROR
juwelier junghähnel	https://www.junghaehnel.de/	alive	200
la matera	https://lamaterashop.com/	alive	200
matahari department store	https://www.matahari.com/	alive	200
lilixir	http://lilixir.com/	alive	200
leanne marshall	https://leannemarshall.com/	alive	200
liquid earth	https://theliquidearth.com/	alive	200
kwaidan editions	https://kwaidaneditions.com/	alive	200
kork-ease	http://www.korkease.com/	blocked	403
less	https://www.less.cn/	alive	200
kangol	https://www.kangol.com/	alive	200
kylie minogue parfums	https://kylieminogueparfums.com/?country=US	alive	200
louxnyx	http://www.louxnyx.com/	alive	200
lies mertens	https://liesmertens.be/	alive	200
ito uroko	http://www.uroko-web.com/	dns-dead	no A/AAAA @1.1.1.1
intimo	https://www.intimo.com.au/	alive	200
kind bag	https://www.kindbag.co/	alive	200
king tartufoli	https://www.king.it/	alive	200
iceberg	https://www.iceberg.com/	alive	200
luxuar fashion	https://www.luxuar-shop.com/	alive	200
kailas	https://kailasgear.com/	alive	200
labucq	https://labucq.com/	alive	200
la petite étoile	https://www.lapetiteetoile.com/	alive	200
maxmila	https://maxmilaparis.com/	alive	200
lipsy limited	https://www.next.co.uk/lipsy	blocked	403
little mistress	https://www.little-mistress.co.uk/	alive	200
jamie makeup	http://www.jamiemakeup.com/	alive	200
kūlson	https://www.kulson.de/	alive	200
karmaloop.com	http://www.karmaloop.com/	alive	200
lala berlin	https://www.lalaberlin.com/	alive	200
la fábrica de nikis	https://www.lafabricadenikis.com/	alive	200
lindbergh	https://www.lindberghfashion.com/sv-se	alive	200
ishkar	https://www.ishkar.com/	alive	200
j'aton couture	http://www.jatoncouture.com/	alive	200
klo organic beauty	https://klobeauty.com/	alive	200
kleckerliese	https://kleckerliese.com/	tls-error	ERR_TLS_CERT_ALTNAME_INVALID
helen kaminski	https://www.helenkaminski.com/	alive	200
ilc	https://www.ilc-shoes.com/	tls-error	ERR_SSL_SSL/TLS_ALERT_HANDSHAKE_FAILURE
lubiam	https://www.lubiam.it/	alive	200
lelasilk	https://lelasilk.shop/	alive	200
macarena	https://www.macarenashoes.com/	alive	200
lamik beauty	https://lamikbeauty.com/	alive	200
lafayette homme	https://haussmann.galerieslafayette.com/en/mens-fashion/	alive	200
little moon essentials	https://www.littlemoonessentials.com/	alive	200
megane store	https://meganestore.co.jp/	alive	200
jcc	https://www.jcc.de/	alive	200
lune active	https://luneactive.com/	alive	200
l. s. ayres	https://web.archive.org/*/www.lsayres.com	alive	200
keep	https://www.keepout.com.tr/	alive	200
laomiaohuangjin	https://www.laomiao.com.cn/	alive	200
laquan smith	https://laquansmith.com/	alive	200
lime crime	http://www.limecrime.com/	alive	200
la chemise francaise	https://www.lachemisefrancaise.fr/	alive	200
koketta kulture	http://kokettakulture.com/	alive	200
laurent vergne	https://www.laurentvergne.com/	alive	200
kontatto	https://www.kontatto.co/	alive	200
herbitual	https://myherbitual.com/	alive	200
luna	https://www.fashion-luna.com/	net-error	redirect count exceeded
lightmark	https://lightmark.cn/	alive	200
magnethik	https://magnethik.com/	alive	200
laseraway	https://www.laseraway.com/	blocked	403
lemuel mc	https://lemuelmc.com/	alive	200
lando studio	https://landostudio.com/	alive	200
lo neel	https://www.loneel.fr/	alive	200
m.gemi	https://mgemi.com/	alive	200
lauren manoogian	https://laurenmanoogian.com/	alive	200
laurence delvallez	https://www.laurencedelvallez.be/	alive	200
laba fashion	https://laba.de/	alive	200
la stupenderia	https://www.lastupenderia.com/en/	alive	200
locaite labs	https://www.locaitelabs.com/	alive	200
lise charmel	https://www.lisecharmel.com/	alive	200
krwn	https://www.krwn.co/	alive	200
ixiah	https://ixiah.com/	alive	200
m (+) plus design	https://mplus.berlin/	alive	200
les girls les boys	https://www.lesgirlslesboys.com/	http-dead	404
linen connections	https://linenconnections.com.au/	alive	200
james lock & co. ltd	https://www.lockhatters.co.uk/	alive	200
le showroom trendsetteuse paris	https://www.trendsetteuse.com/	alive	200
maison michel	https://www.michel-paris.com/	alive	200
lavigne natural skincare	http://www.lavignenaturals.com/	alive	200
lolina	https://lolinashop.com/	alive	200
meow meow tweet	https://meowmeowtweet.com/?gad_source=1&gad_campaignid=11145631853&gbraid=0AAAAADkmL9lob7aYjs5zdE_Ml6PgO2EvF	alive	200
madness	https://www.madness-online.com/	alive	200
le club original	https://www.lecluboriginal.com/	alive	200
lids	https://www.lids.ca/	blocked	403
komodo	https://www.komodo.co.uk/	alive	200
lakeyo	https://lakeyo.com/	alive	200
laidback london	https://www.laidbacklondon.com/	alive	200
lollipops	https://www.lollipops.fr/	alive	200
l.credi	https://lcredi-munich.de/	alive	200
karen by simonsen	https://www.karenbysimonsen.com/	alive	200
la parisina	https://www.laparisina.mx/	alive	200
kovia hair	https://kovia.hair/	alive	200
li-ning	https://en.lining.com/	blocked	403
jb martin	http://www.jbmartin.fr/	alive	200
lattafa	https://lattafa.com/	alive	200
loevenich	https://loevenich-fashion.de/	alive	200
lott.	https://www.lottgioielli.com/	alive	200
madame c.j. walker manufacturing company	https://madamcjwalker.com/	alive	200
maison alfa	https://www.maisonalfa.com/	alive	200
lebes	https://www.lebes.com.br/	alive	200
lily brown	https://lily-brw.com/	net-error	UND_ERR_CONNECT_TIMEOUT
inamore	https://inamore.com/	alive	200
kreizi beauty	http://kreizibeauty.com/	alive	200
lapin house	https://www.lapinhouse.com/	alive	200
jets swimwear	https://www.jets.com.au/	alive	200
lanvin	https://www.lanvin.com/	alive	200
la machine cycle club	https://lamachine.cc/	alive	200
kusaga athletic	https://www.kusagaathletic.com/	http-dead	402
lilian	https://www.lilianschoenen.nl/	tls-error	ERR_TLS_CERT_ALTNAME_INVALID
jeroboam paris	https://jeroboamparis.com/	alive	200
kangol japan	https://kangol.jp/shop/default.aspx	alive	200
longines	https://www.longines.com/	alive	200
love affair	https://www.love-affair.com/	alive	200
le gaulois jeans	https://legauloisjeans.com/	alive	200
lc waikiki	https://corporate.lcwaikiki.com/	net-error	UNABLE_TO_VERIFY_LEAF_SIGNATURE
kandaka safia	https://www.kandakasafia.com/shop	alive	200
malhia kent	https://www.malhia.fr/	alive	200
meacheal	http://www.meacheal.com/	alive	200
legends creek farm	https://www.legendscreekfarm.com/	alive	200
lite year	https://www.liteyear.us/	alive	200
lilar paris	https://lilar-paris.com/en/home-3/	alive	200
jackalo	https://hellojackalo.com/	alive	200
mexibera	https://mexibera.com/	alive	200
liv:ra	https://livra.shop/	alive	200
les tropeziennes par m belarbi	https://www.lestropeziennes.fr/	alive	200
mamasuds	http://www.mamasuds.com/	alive	200
laura vita	https://lauravita.com/	alive	200
l*space	https://www.lspace.com/	alive	200
lionel the label	https://lionelthelabel.com.au/	http-dead	402
hibar	http://www.hellohibar.com/	alive	200
jo malone london	https://www.jomalone.com/	alive	200
karmavore	https://karmavorebrand.com/	alive	200
lotus moon skin care	http://www.lotusmoonskincare.com/	alive	200
luca	https://www.lucajackets.com/	alive	200
ledûb	https://www.ledub.com/	alive	200
manic panic	https://manic-panic.info/	alive	200
lerinn beauty	https://lerinnbeauty.com/	alive	200
livy	https://int.li-vy.com/	alive	200
lingadore	https://www.lingadore.nl/	alive	200
jane	https://www.janeatelier.com/	alive	200
lafesco	https://mp.weixin.qq.com/s/Qf8-A0KWco1w65sFdPH4cw	alive	200
liberty woman	https://www.liberty-woman.com/	alive	200
lisa von tang	https://lisavontang.com/	alive	200
le chemiseur®	https://www.lechemiseur.fr/	alive	200
la portegna	https://www.laportegna.com/	blocked	429
little legends	https://www.littlelegends.nl/	alive	200
jones bootmaker	https://www.jonesbootmaker.com/	alive	200
mikan	https://www.mikanbags.com/	alive	200
luna & rose	https://lalunarose.com/	alive	200
karlacola	https://karlacola.com/	alive	200
laboratoires longévité	https://www.thesimpleplan.co/	alive	200
melissa odabash	https://www.odabash.com/	alive	200
inlight organic skincare	http://www.hugyourskin.com/	alive	200
liska joyas	https://www.liskajoyas.com/	alive	200
leya.me	https://leya.me/	alive	200
lola	https://mylola.com/	alive	200
little indians	https://www.little-indians.com/	tls-error	ERR_TLS_CERT_ALTNAME_INVALID
le phil	https://www.lephil.jp/	alive	200
lands' end	https://www.landsend.com/	alive	200
lilly be organic	http://www.lillybe.com/	alive	200
kyol beauty	https://thekyolbeauty.com/	alive	200
leatherstrata	https://leatherstrata.com/	alive	200
keep pursuing	https://www.keeppursuing.com/	alive	200
laflare	https://laflareusa.com/	alive	200
ll precious creations	https://www.llpreciouscreations.com/	alive	200
mimikri	https://www.mimikri-design.com/	alive	200
lacy branch botanicals	http://www.lacybranchbotanicals.com/	alive	200
loewe	https://www.loewe.com/	alive	200
mainie	https://www.mainie.com.au/	alive	200
messika	https://www.messika.com/	alive	200
lenny neimeyer	https://lennyniemeyer.com/landing-lennyniemeyer.html	http-dead	404
jeans fritz	https://www.jeans-fritz.de/	alive	200
hobbs	https://www.hobbs.com/	alive	200
iphoria design	https://www.iphoria.com/	alive	200
light mountain	http://www.light-mountain-hair-color.com/	alive	200
love  indus	https://loveindus.com/	alive	200
lizush	https://lizush.com/	alive	200
lamade clothing	https://lamadeclothing.com/	alive	200
kibra	https://kibraofficial.com/	alive	200
lauren moshi	http://www.laurenmoshi.com/	alive	200
loro oro	https://www.lorooro.com/	alive	200
legend world wide	https://www.legend.rs/	blocked	403
laudae	https://www.laudae.com/	alive	200
manuel ritz	https://www.manuelritz.com/	alive	200
lana organic	https://www.lana-organic.de/	alive	200
keds	https://www.keds.com/	alive	200
maison yusif	https://maisonyusif.com/	alive	200
michi	https://michiny.com/	alive	200
liv metta	https://www.livmetta.com/	alive	200
les vides anges perfumes	https://www.videsanges.com/	alive	200
le'vahnnelux skincare	http://levahnnelux.store/	alive	200
hoodies	https://www.hoodies.co.il/	alive	200
it's a 10 haircare	http://www.itsa10haircare.com/	alive	200
joyce&girls	https://www.joyceandgirls.com/	alive	200
lucardi	https://www.lucardi.nl/	alive	200
lola ramona	https://www.lolaramona.com/	alive	200
lola rose	https://www.lolaroseglobal.com/	alive	200
lardini	https://www.lardini.com/	alive	200
joe boxer	https://www.joeboxer.com/	alive	200
louisa ballou	https://www.louisaballou.com/	tls-error	ERR_TLS_CERT_ALTNAME_INVALID
leotude	https://leotude.com/	dns-dead	no A/AAAA @1.1.1.1
maria aguyé	https://mariaaguye.com/	dns-dead	NXDOMAIN @1.1.1.1+8.8.8.8
ldnr	https://www.lndr.uk/	blocked	429
khasto	https://www.khasto.com/en/	alive	200
metissier	https://www.metissier.com/	timeout	
la femme roje	https://www.lafemmeroje.com/	alive	200
milkweed baby	https://www.milkweedbaby.com/	alive	200
mango	https://www.mango.com/	alive	200
licia florio	https://www.liciaflorio.com/	alive	200
leland francis	http://www.lelandfrancis.com/	alive	200
j brand	https://www.jbrandjeans.com/	alive	200
hudson london	https://www.hudsonshoes.com/	alive	200
little hedonist	https://www.littlehedonist.nl/	timeout	
lusquinos	https://lusquinos.com/	dns-dead	NXDOMAIN @1.1.1.1+8.8.8.8
lanefortyfive	https://lanefortyfive.com/	alive	200
kataoka jewelry	https://www.kataoka-jewelry.com/	alive	200
mipacha	https://www.mipacha.com/en/	alive	200
loom	https://www.loom.fr/	alive	200
marcia	https://marciawear.com/	alive	200
liquiproof	https://www.liquiproof.co.uk/	alive	200
lindsay nicholas new york	https://lindsaynicholasnewyork.com/	alive	200
lenscrafters	https://www.lenscrafters.com/	alive	200
lastframe	https://lastframe.jp/	alive	200
juniper ridge	https://juniperridge.com/	alive	200
m natural	https://mnatural.vn/	alive	200
liverpool	http://www.liverpooljeans.com/	alive	200
marble berriez	https://marbleberriez.nl/	alive	200
lily	https://www.lily-collection.com/	blocked	429
laurier optical	https://laurier-optical.com/	alive	200
lost in paris	https://lostinparis.com.au/	alive	200
kings of indigo	https://www.kingsofindigo.com/	alive	200
liz claiborne	https://www.jcpenney.com/	alive	200
laulhère	https://www.laulhere-france.com/	alive	200
labeka	https://labeka.de/	alive	200
kenny parker label	https://www.kennyparker.com.au/	alive	200
mister tee	https://www.urban-classics.net/	blocked	401
lou lingerie	https://www.lou-lingerie.fr/	net-error	ECONNREFUSED
little bird revival	https://littlebirdrevival.com/	alive	200
lazamani	https://www.lazamani.nl/	alive	200
juwelier rubin	https://juwelier-rubin.de/	alive	200
leupold & stevens	http://www.leupold.com/	alive	200
king louie	https://www.kinglouie.eu/	alive	200
lois	https://loisjeanstore.com/	alive	200
marie originals	https://marieoriginals.com/	alive	200
lead	https://lead-fabrics.com/	alive	200
lengermann und trieschmann	http://www.l-t.de/	alive	200
le modeste	https://www.lemodeste.fr/	blocked	403
loupe organics	https://loupeorganics.com/	alive	200
kmart australia	https://www.kmart.co.nz/	blocked	403
lola jeanine boutique	https://lolajeannine.com/	dns-dead	NXDOMAIN @1.1.1.1+8.8.8.8
le babe	https://www.lebabe.it/	alive	200
lakole	https://www.dot-st.com/lakole/	alive	200
kiku boutique	http://www.kikuboutique.co.uk/	alive	200
let her	https://lether.shop/	tls-error	ERR_TLS_CERT_ALTNAME_INVALID
lovechild	https://www.lovechild1979.com/	alive	200
le silo bleu	http://lesilobleu.com/	alive	200
livsn	https://www.livsndesigns.com/	alive	200
les georgettes	https://www.lesgeorgettes.com/	alive	200
kalaika	https://www.kalaika.berlin/	alive	200
jordache enterprises  inc.	http://www.jordache.com/	alive	200
klitmøller collective	https://www.klitmollercollective.dk/	alive	200
lorde + belle	https://lordeandbelle.com/	alive	200
marpple corporation	https://www.marpplecorp.com/	alive	200
lemaire	https://eu.lemaire.fr/	dns-dead	no A/AAAA @1.1.1.1
leem	https://www.leem.com/int	alive	200
loeffler randall	https://www.loefflerrandall.com/	alive	200
madamezorro	https://www.madamezorro.com/	alive	200
leader	https://www.lojasleader.com.br/	dns-dead	NXDOMAIN @1.1.1.1+8.8.8.8
little nature lover	https://littlenaturelover.com/	alive	200
losamaré cosmetics	http://www.losamarecosmetics.com/	alive	200
hv.polo	https://hv-polo.com/	alive	200
kitikate	https://www.kitikate.eu/	tls-error	ERR_TLS_CERT_ALTNAME_INVALID
modelinia	http://www.modelinia.com/	http-dead	404
miidii	https://miidii-cn.com/	net-error	ECONNRESET
lorreti	https://lorreti.com/	alive	200
leguano	https://www.leguano.eu/	alive	200
lojas riachuelo	http://www.riachuelo.com.br/	alive	200
li parie	https://liparie.pl/	alive	200
marina rinaldi	https://www.marinarinaldi.com/	alive	200
jubel	https://www.jubel.nl/	alive	200
konplott	https://www.konplott.com/	alive	200
louis philippe	http://www.louisphilippe.com/	alive	200
les hommes	https://www.leshommes.com/it	http-dead	404
leona edmiston	https://www.leonaedmiston.com/	alive	200
long john	https://long-john.nl/	alive	200
mainland skate & surf	https://mainlandskateandsurf.com/	alive	200
local heroes	https://localheroesstore.com/en/	http-dead	404
lounge nine	https://www.loungenine.com/en-en	dns-dead	NXDOMAIN @1.1.1.1+8.8.8.8
icepeak	https://www.icepeak.fi/	alive	200
monaco ducks	https://www.monacoducks.com/	alive	200
ludique	https://ludiqueshop.com/	alive	200
loulou studio	https://louloustudio.fr/en/	tls-error	ERR_TLS_CERT_ALTNAME_INVALID
lil paolo	https://www.laura-jo.com/en/brands/lil-paolo/	alive	200
marshall columbia	https://marshallcolumbia.com/	alive	200
liebeskind berlin	https://www.liebeskind-berlin.com/	alive	200
lisa says gah	https://lisasaysgah.com/	alive	200
kronstadt	https://www.kronstadt.dk/	alive	200
lovett sundries	https://lovettsundries.com/	alive	200
marinela makeup	http://www.marinelamakeup.com/	alive	200
m.patmos	https://mpatmos.com/collections/m-patmos	alive	200
liars & lovers	https://www.liarsandlovers.com/	dns-dead	no A/AAAA @1.1.1.1
lotus garden botanicals	http://www.lgbotanicals.com/	alive	200
lolly's laundry	https://lollyslaundry.com/	alive	200
lozza	https://www.lozzaocchiali.com/	tls-error	CERT_HAS_EXPIRED
lu ren	http://lu-ren.com/	alive	200
mashu	https://mashu.co.uk/?oid=98&affid=1&source_id=GoY-rating&sub1=brandpage	alive	200
jins	http://www.jin-co.com/	timeout	
milly shop	https://www.milly.com/	alive	200
lifetherapy	https://www.lifetherapy.com/	alive	200
kooniez	https://www.kooniez.com/	alive	200
les benjamins	https://lesbenjamins.com/	alive	200
l.g.r	https://www.lgrworld.com/en/	alive	200
lever couture	https://www.lever-couture.com/	alive	200
jupiter	https://hellojupiter.com/	alive	200
loxion	https://loxionkulca.com/	alive	200
massi milano	https://massimilano.at/	tls-error	ERR_SSL_TLSV1_ALERT_INTERNAL_ERROR
majestic filatures	https://www.majesticfilatures.com/	alive	200
kokie cosmetics  inc.	http://www.kokiecosmetics.com/	alive	200
lapin vintage	https://lapin-boutique.com/	alive	200
illicit curls	https://illicitcurls.com/collections/all	alive	200
linii lyubvi	https://liniilubvi.ru/	alive	200
luisa vannini	https://luisa-vannini.com/	alive	200
love who you are	http://bellebeauty.com/	alive	200
lorna murray	https://lornamurray.com.au/	alive	200
lost property of london	http://lostpropertyoflondon.com/	alive	200
maui jim	https://www.mauijim.com/	alive	200
minuit sur terre	https://minuitsurterre.com/	alive	200
ksenia schnaider	https://www.kseniaschnaider.com/	alive	200
lewanowicz	https://www.lewanowicz.com/	alive	200
liebre style	https://www.liebrestyle.com/	alive	200
jw anderson	https://www.jwanderson.com/	blocked	429
lulualways	http://lulualways.com/	alive	200
montechiaro	https://www.montechiaro.cloud/	alive	200
little tienda	https://www.littletienda.com.au/	alive	200
l i v d	https://www.livdapparel.com/	alive	200
kow hoo	http://kowhoo.com.hk/	alive	200
lilyana naturals	https://lilyananaturals.com/	alive	200
minjukim	https://www.minjukim.co/	alive	200
lusso locale	https://lussolocale.com/	alive	200
luxiny  luxurious bath & body	http://www.luxiny.com/	alive	200
lumi3re	https://www.lumi3re.com/	alive	200
mangotti	https://mangotti.com/	alive	200
lulus	https://www.lulus.com/	alive	200
louisa bracq	https://www.louisabracq.com/	alive	200
love brand & co	https://lovebrand.com/	blocked	429
mary katrantzou	https://www.marykatrantzou.com/	alive	200
low classic	http://lowclassic.com/	alive	200
liis	https://liisfragrances.com/	alive	200
lucy	https://lucy.bg/	alive	200
mae & ivy	https://www.maeandivy.com/	blocked	429
karen thomas	https://karenthomasny.com/	alive	200
kalishka's store	https://www.kalishka.com/	alive	200
la maison simons	https://www.simons.ca/en	blocked	403
locally grown clothing co.	https://locallygrownclothing.com/	dns-dead	no A/AAAA @1.1.1.1
missing	https://missingclothier.co.uk/	alive	200
miss etam	https://www.missetam.nl/	alive	200
linda sieto	https://lindasieto.com/	alive	200
lisca	https://www.lisca.com/	blocked	403
lyla blanc private limited	https://www.lylablanc.in/	alive	200
lyndsey clark boutique	http://www.lyndseyclarkboutique.co.uk/	alive	200
lemlem	https://www.lemlem.com/	alive	200
maurie & eve	https://www.maurieandeve.com/	alive	200
moscow gostiny dvor	https://xn--b1abdpfxffsdl4i.xn--80adxhks/	alive	200
matinique	https://www.matinique.com/	alive	200
indian institute of cosmetology  trichology & nutrition	https://iictn.org/	alive	200
marc point venezia	http://www.marcpointvenezia.it/	alive	200
lesca lunetier	https://lescalunetier.com/en/	alive	200
la mania	https://lamania.eu/	alive	200
kari kids	https://kari.com/	blocked	403
lurchi	https://www.lurchi.de/	alive	200
moda in pelle	https://www.modainpelle.com/	alive	200
mackintosh	https://www.mackintosh.com/	alive	200
kusum	https://kusumcosmetics.com/	alive	200
l.o.m.	https://lomfashion.co.uk/	alive	200
linen fairytales	https://linenfairytales.com/	alive	200
labante london	https://labante.co.uk/	alive	200
little lady products	http://www.littleladyproducts.com/	alive	200
mabô	https://maborio.com.br/	alive	200
lovst tokyo	https://lovst-tokyo.com/	alive	200
mayer's markenschuhe	https://www.mayers-markenschuhe.de/	alive	200
macy's	https://www.macys.com/	blocked	403
jhalani and sons	https://jhalaniandsons.com/	alive	200
lyle & scott scotland	https://lyleandscott.com/	alive	200
mcgregor footwear	https://www.mcgregornewyork.com/	alive	200
jacqui e	https://jacquie.jgl.com.au/	alive	200
m.s skincare	http://www.msskincare.co/	alive	200
mr price sport	https://www.mrpsport.com/	alive	200
mnmur	https://www.mnmur.com/	alive	200
kiara shoes	https://www.kiarashoes.it/en/	alive	200
mctavish surf	https://www.mctavish.com.au/	alive	200
les fees du vent	https://wildcurves.com/Les-Fees-du-Vent-c3823431	alive	200
johnnylove	https://johnnylove.com/	alive	200
laura ashley plc	https://www.lauraashley.com/	alive	200
kay konecna studio	https://www.kaykonecna.com/	alive	200
mon chou	https://monchou.com/	alive	200
maison bon voyage	https://maisonbonvoyage.com/	alive	200
mees	https://meesdesign.nl/	tls-error	ERR_TLS_CERT_ALTNAME_INVALID
katini skin	https://www.katiniskin.com/	alive	200
macron	https://www.macron.com/	alive	200
maidenform	https://www.maidenform.com/	blocked	403
lona	http://lonabeauty.com/	alive	200
liv swiss watches	http://www.livwatches.com/	alive	200
little co. by lauren conrad	https://laurenconrad.com/	alive	200
m.micallef	https://parfumsmicallef.com/	alive	200
johansen	https://www.johansenofficial.com/	alive	200
magazine luiza	https://www.magazineluiza.com.br/	blocked	403
melasana soap	https://melaniekaufman.com/	alive	200
musee	https://museethebrand.com/	alive	200
mahla	https://mahlaclothing.com/	alive	200
molo	https://www.molo.com/	alive	200
luca grossi	https://www.lucagrossi.it/	alive	200
lit wickz & crystals	http://litwickzandcrystals.com/	alive	200
le dangerouge	https://www.ledangerouge.com/	alive	200
la martina	https://www.lamartina.com/	blocked	429
liars collective	https://liars.co/	alive	200
memoize london	https://www.memoizeperfume.com/	alive	200
marie-chantal	https://mariechantal.com/	alive	200
le collectif des lunetiers	https://www.lecollectifdeslunetiers.fr/	alive	200
jarlo	https://www.jarlolondon.com/	alive	200
maiyo	https://maiyo.co.uk/	alive	200
meilleur moment	https://meilleur-moment.com/	alive	200
lalotti	https://www.lalotti.be/	alive	200
kinga csilla	https://kingacsilla.com/	alive	200
lukfook	https://www.lukfook.com/en	alive	200
maicazz	https://www.maicazz.nl/	tls-error	ERR_SSL_TLSV1_UNRECOGNIZED_NAME
lk bennett	https://www.lkbennett.com/	alive	200
labante	https://labante.co.uk/?oid=314&affid=1&source_id=GoY-rating&sub1=brandpage	alive	200
magna dea	http://magnadea.com/	alive	200
living kitzbühel	https://www.livingkitzbuehelshop.de/	net-error	ECONNREFUSED
mae & george home fragrances	https://maegeorgehomefragrances.com/	alive	200
maison catanzaro	https://maisoncatanzaro.com/	alive	200
kenzo	https://www.kenzo.com/	alive	200
libertydoll	https://sfw-official.jp/	dns-dead	no A/AAAA @1.1.1.1
maison tahité	https://maisontahite.com/	alive	200
monni	https://desizomonni.com/	blocked	403
lunavit	https://www.lunavit.com/	alive	200
liviana conti	https://www.livianaconti.com/	alive	200
lecomte	https://www.lecomtefashion.de/	tls-error	ERR_SSL_TLSV1_ALERT_INTERNAL_ERROR
metisse	https://www.metisse.it/	alive	200
kessler	https://www.ottokessler.com/	alive	200
mallet london	https://mallet.com/	alive	200
joslin	https://joslinstudio.com/	http-dead	402
marques ' almeida	https://www.marquesalmeida.com/	alive	200
jem	https://www.jem-paris.com/	alive	200
meridian	https://www.meridiangrooming.com/	alive	200
lara mode	https://www.laramode.nl/	alive	200
l37	https://www.l37.eu/	alive	200
luxzuz // one two	https://luxzuz.com/	alive	200
maison les énervés	https://maisonlesenerves.com/	alive	200
lola jeans	http://www.lola-jeans.com/	alive	200
laboratorio cosmético europeo	http://www.laboratoriocosmeticoeuropeo.com/	alive	200
innersense organic beauty	http://www.innersensebeauty.com/	alive	200
n sport	https://www.n-sport.net/	alive	200
mandèl	https://www.mandelsandals.com/	alive	200
malo	https://malo.it/	blocked	429
jose luis joyerias	https://www.joseluisjoyerias.com/pagina/17/empresa/	alive	200
lilly pulitzer	https://www.lillypulitzer.com/	alive	200
kmb	https://www.kmbshoes.es/	alive	200
lola & stella	https://www.lolaandstella.com/	alive	200
montagne jeunesse	http://www.montagnejeunesse.com/	alive	200
m. carya	https://mcarya.com/	alive	200
lemowe	http://lemowe.co.kr/	alive	200
merrell	https://www.merrell.com/	alive	200
mih jeans	http://www.mih-jeans.com/	alive	200
manna kadar beauty	http://www.mannakadarcosmetics.com/	alive	200
lukfook jewellery	https://www.lukfook.com/	alive	200
maska	https://maska.se/	alive	200
julius marlow	https://juliusmarlow.com.au/	alive	200
morjas	https://www.morjas.com/	alive	200
mia contessa	https://www.miacontessa.com/	alive	200
laurence tavernier	https://www.laurencetavernier.fr/	alive	200
mac mode	https://mac-jeans.com/	alive	200
losano	https://losano.com/	alive	200
lamarque	https://www.lamarquecollection.com/	alive	200
ira fahrenheit	https://www.irafahrenheit.com/	timeout	
lndr	https://lndr.com/	alive	200
kinapure	https://www.amazon.com/stores/MimaamiOrganics/Homepage/page/3F6B29E3-DBAE-45B5-AC44-BA415BE32867?ref_=cm_sw_r_ud_sf_stores_KAAPNW9P0920S02X74VJ	alive	200
lottie hall	http://www.lottiehall.com/	alive	200
lilac natural beauty	http://lilacnaturalbeauty.com/	alive	200
jugaad14	https://jugaad14.tokyo/pages/about	alive	200
maison lejaby	https://www.maisonlejaby.com/	alive	200
kookaï	https://www.kookai.com/	alive	200
lorenzoni	https://www.lorenzoni.cloud/	net-error	ECONNREFUSED
morton essentials	http://www.mortonessentials.com/	alive	200
mandala	https://mandala-fashion.com/	alive	200
lamborghini	https://www.lamborghini.it/	alive	200
leslii	http://leslii.de/	alive	200
killtec	https://www.killtec.de/	alive	200
maison birks	https://www.birks.com/	alive	200
marc-antoine barrois	https://marcantoinebarrois.com/	alive	200
maureen	https://boutiquemaureen.com/	alive	200
just the goods	http://justthegoods.net/	alive	200
lecien	https://store.wacoal.jp/brand/lecien/	alive	200
milan laser hair removal	https://milanlaser.com/	alive	200
miaydi	https://miaydi.com/	http-dead	402
la queue du chat	https://www.laqueueduchat.com/	blocked	403
loup charmant	https://loupcharmant.com/	alive	200
lares	https://calzadoslares.com/	alive	200
longlivethequeen	https://www.longlivethequeen.com/	alive	200
moustard	https://moustard.co.uk/	alive	200
mandarina duck	https://www.mandarinaduck.com/	blocked	429
marc aurel	https://www.marc-aurel.com/	alive	200
kjus	https://www.kjus.com/	alive	200
love lolita	https://lovelolita.com/	alive	200
isona linen	https://isonalinen.com/	alive	200
nakedskin essentials	http://www.nakedskinessentials.com/	alive	200
mama;licious	https://www.mamalicious.com/	alive	200
just cool by awdis	https://justcoolbyawdis.com/	tls-error	ERR_TLS_CERT_ALTNAME_INVALID
loulou lollipop	https://louloulollipop.com/	alive	200
mp massimo piombo	https://www.mpmassimopiombo.com/	dns-dead	NXDOMAIN @1.1.1.1+8.8.8.8
mara beauty  llc	http://www.themarabeauty.com/	blocked	429
lilian von trapp	https://www.lilianvontrapp.com/	alive	200
kitri	https://kitristudio.com/	alive	200
marionnaud	https://www.marionnaud.fr/	alive	200
le lis	https://www.lelis.com.br/	alive	200
kaes.	https://kaes.pl/	alive	200
lenox and sixteenth	https://lenoxandsixteenth.com/	alive	200
mineral fusion	http://www.mineralfusion.com/	alive	200
miles culture	https://www.milesculture.com/	http-dead	402
laflore paris	https://lafloreparis.com/	alive	200
ltb jeans	https://www.ltbjeans.com/	alive	200
maggie marilyn	https://maggiemarilyn.com/	alive	200
lotus silver	https://lotus-watches.com/	blocked	429
mukzin	https://shop.mukzin.com/	alive	200
maria la rosa	https://www.marialarosa.it/en	alive	200
milly	http://www.milly.com/	alive	200
kolon sport	https://www.kolonsport.com/	alive	200
männersache	http://www.maennersache.cc/	alive	200
linhart smile care	https://linhart.nyc/	alive	200
manuela henriques	https://www.manuelahenriques.com.br/	dns-dead	NXDOMAIN @1.1.1.1+8.8.8.8
lois jeans	https://www.loisjeans.com/	alive	200
madelyn ashley cosmetics	http://www.madelynashleycosmetics.com/	alive	200
natalie therése	https://www.natalietherese.com/	alive	200
j.d.v	http://www.jdvfashion.com/index2.html	alive	200
k m by l a n g e	https://www.kmbylange.com/	alive	200
luzern	http://luzernlabs.com/	alive	200
linné botanicals	https://linnebotanicals.com/	alive	200
kokolu	https://kokolu.eco/	blocked	429
lotte department store	http://store.lotteshopping.com/	timeout	
liquor n poker	https://www.liquornpoker.co.uk/	alive	200
mcguire army navy	https://www.mcguirearmynavy.com/	alive	200
laneway the label	https://lanewaythelabel.com/	alive	200
manu atelier	https://manuatelier.com/	alive	200
maison rabih kayrouz	https://www.maisonrabihkayrouz.com/	alive	200
lucano	https://lucano.com.au/	alive	200
myeyedr.	https://www.myeyedr.com/	blocked	403
minti	https://www.iloveminti.com/	alive	200
munyé	https://www.munye.com/	alive	200
marco atelier	https://www.marco-trevisan.com/	alive	200
maria tash	https://www.mariatash.com/	alive	200
lords of harlech	https://lordsofharlech.com/	alive	200
lumberunion	https://lumberunion.com/	alive	200
maison aida	https://aidaoze.com/	dns-dead	NXDOMAIN @1.1.1.1+8.8.8.8
jaded london	https://jadedldn.com/	blocked	429
lautashi design	https://lautashi.com/	alive	200
malja	https://www.malja.it/	alive	200
leech	https://leechstore.com/	alive	200
lowa	https://lowa.nl/	alive	200
macgraw	https://macgraw.com/	alive	200
marmarso	https://marmarso.com/	alive	200
mámbino organics	http://www.mambinoorganics.com/	alive	200
lunescape	https://lunescape.com/	alive	200
missha	https://missha.com/	alive	200
meka models	https://mekamodels.com/	alive	200
martha medeiros	http://www.marthamedeiroslabel.com/	http-dead	404
love2wait	https://www.love2wait.com/	alive	200
marine henrion	https://marinehenrion.com/en/	alive	200
jin zhi zun	https://www.3dg-group.com/index.html	alive	200
kozii swimwear	https://www.kozii.com/	alive	200
naheva	https://www.naheva.it/	alive	200
mariah rovery	https://www.mariahrovery.com.br/	alive	200
lylou the label	https://lylouthelabel.com/	alive	200
little liffner	https://www.littleliffner.com/	alive	200
limited sports	https://www.limited-sports.com/	blocked	429
lulu copenhagen	https://www.lulucopenhagen.com/	alive	200
mini molly	https://www.mollybracken.com/	alive	200
naturium	http://naturium.com/	alive	200
manufaktura	https://manufaktura.cz/	alive	200
liberation nails	http://liberation-nails.com/	alive	200
margaret selection paris	https://www.margaretselectionparis.com/	alive	200
louis gabriel nouchi	https://www.louisgabrielnouchi.com/	alive	200
jasper conran	https://www.jasperconran.com/	alive	200
leon & harper	https://www.leonandharper.com/	alive	200
meridaskin	http://www.meridaskin.com/	alive	200
kapital	https://www.kapital.jp/	alive	200
masterpeace	http://masterpeace.ru/	timeout	
martina spetlova	http://www.martinaspetlova.com/	alive	200
nanga shoes	https://www.nanga.at/	alive	200
marloweville	https://www.marloweville.com/	alive	200
macson	https://www.macson.es/	tls-error	ERR_TLS_CERT_ALTNAME_INVALID
liska	https://www.liska.co.at/	timeout	
love and light botanicals	https://loveandlightbotanicals.com/	alive	200
little green radicals	https://littlegreenradicals.co.uk/	alive	200
malelions	https://www.malelions.com/	alive	200
mirth	https://mirthcaftans.com/	alive	200
lily & marigold botanical skincare	http://www.lilyandmarigold.ca/	alive	200
little seed farm	http://www.littleseedfarm.com/	alive	200
loveu organics	https://loveuorganics.com/	alive	200
mystic	http://sunless.com/	alive	200
jennifer chamandi	https://www.jenniferchamandi.com/	alive	200
kashmiria fashion	https://www.kashmiriafashion.it/	alive	200
masumi headwear	https://www.masumiheadwear.com/	alive	200
mavohair	https://mavohair.me/	alive	200
lloyd	https://www.lloyd.com/	alive	200
m.hainey	https://mhainey.com/	alive	200
maiden lane	https://www.maidenlane.nl/	alive	200
live the process	https://livetheprocess.com/	blocked	403
lloyd men's belts	https://www.lloyd-belts.de/	alive	200
marco tozzi	https://marcotozzi.com/	alive	200
mania	https://maniafashionclothing.com/	alive	200
mizuno corporation	https://corp.mizuno.com/en	alive	200
lisa tibaldi	https://lisatibalditerramia.com/	alive	200
masai	https://www.masai.net/	alive	200
luisa spagnoli	https://www.luisaspagnoli.com/	alive	200
nakd. thai crystal deodorant	https://vasarii.com/	alive	200
lvhr	https://shoplvhr.com/	alive	200
nénés	https://nenes-paris.com/	alive	200
marjolaine	https://www.marjolaine.fr/en/	alive	200
me%	https://www.dot-st.com/lowrysfarm/?dispNo=001044%3Futm_source%3DGoodOnYou+App	server-error	500
le monarque	https://lmonarque.com/	alive	200
magno montero	https://magnomontero.com/	alive	200
laura	https://www.laura.ca/	alive	200
natural escapes body	https://www.naturalescapes.com/	alive	200
maxfaber	https://www.maxfaber.de/	tls-error	ERR_TLS_CERT_ALTNAME_INVALID
miakoda	https://www.miakodanewyork.com/?oid=101&affid=1&source_id=GoY-rating&sub1=brandpage	alive	200
maium	https://www.maium.nl/	alive	200
logo	https://www.logoofficial.com/	alive	200
lowes menswear	http://lowes.com.au/	alive	200
lola's bag	https://lolasbag.com/	alive	200
manjeri skincare	http://manjeriskincare.com/	alive	200
markaware	https://markaware.jp/	alive	200
mojave desert skin shield	https://mojavedesertskinshield.com/	alive	200
liu jo	https://www.liujo.com/gb/	alive	200
matsuzakaya nagoya	https://www.matsuzakaya.co.jp/nagoya/	alive	200
local european	https://localeuropean.com/	alive	200
luxoptica	https://luxoptica.ua/	alive	200
lesjour!	https://lesjour.com/	blocked	403
natacha marro	https://www.natachamarro.com/	alive	200
marcella	https://www.marcellanyc.com/	blocked	403
macian	https://maciancollection.com/	alive	200
nicholas k	https://nicholask.com/	alive	200
marville	https://marvilleofficial.it/	alive	200
meliora cleaning products	https://meliorameansbetter.com/?gad_source=1	alive	200
maison marais	https://www.maisonmarais.com/	alive	200
kuumba made	http://www.kuumbamade.com/	alive	200
lé bent	https://www.lebent.com.au/	alive	200
me+em	https://www.meandem.com/	alive	200
mandee	https://www.mandee.com/	tls-error	ERR_SSL_SSL/TLS_ALERT_HANDSHAKE_FAILURE
luna nectar	http://www.lunanectar.com/	alive	200
mascaró	https://www.mascaro.com/	alive	200
kanazawa marukoshi department store	https://www.kmza.jp/	alive	200
miramira	https://mira-mira.es/	alive	200
monies	https://monies.com/	alive	200
level up skincare	http://www.levelupskincare.com/	alive	200
lola tara	https://www.lolatara.com/	alive	200
needles	https://needles.jp/	alive	200
mary tylor naturals	https://marytylor.com/	blocked	403
lolo carolo	https://lolocarolo.com/	server-error	520
nature's alchemy	http://www.naturesalchemy.com/	alive	200
lucy bee	http://www.lucybee.com/	alive	200
magic flying boots	https://www.magicflyingboots.co.uk/	alive	200
nine west	https://ninewest.com/	alive	200
matières fécales	https://www.matieresfecales.com/	blocked	429
mami.x	https://mamix.nl/	tls-error	DEPTH_ZERO_SELF_SIGNED_CERT
lefrik	https://www.lefrik.com/?oid=327&affid=1&source_id=GoY-rating&sub1=brandpage	alive	200
leaf fine jewelry	https://www.leaf-schmuck.de/	alive	200
la boucle	https://laboucle.com/	alive	200
maravilha natural	https://maravilhanatural.com.br/	alive	200
melissa joy manning	https://melissajoymanning.com/?oid=237&affid=1&source_id=GoY-rating&sub1=brandpage	alive	200
marimekko	https://www.marimekko.com/	blocked	429
marmalade	https://www.marmaladefreshclothing.com/	alive	200
matthew bruch	https://matthewbruch.com/	alive	200
karko	https://www.2karko.com/	http-dead	404
mixeri	https://www.mixeri.com/	alive	200
moost wanted	https://www.moostwanted.com/	alive	200
lost ink	https://www.lost-ink.co.uk/	alive	200
liefling	https://mouwlengte7.com/collections/liefling-overhemden/	alive	200
loren stewart	https://www.lorenstewart.com/	alive	200
newline	https://www.newlinesport.com/	net-error	redirect count exceeded
lotte duty free	https://lottedutyfree.com.au/	alive	200
matona	https://www.matona.at/en/	alive	200
lusana	https://lusana.online/	alive	200
maison rebatchi	https://www.rebatchi.com/en/	alive	200
nobodinoz	https://www.nobodinoz.com/en/new.html#page=1?utm_source=GoodOnYou%20App&utm_medium=Referral	alive	200
loopy mango	https://loopymango.com/	alive	200
mac jeans	https://www.mac-jeans.com/	alive	200
leonhard heyden	https://www.leonhard-heyden.com/	alive	200
lemondose	https://www.lemondose.com/	dns-dead	NXDOMAIN @1.1.1.1+8.8.8.8
message factory	https://messagefcty.com/	alive	200
marianamalni	http://www.marianamalni.com/	alive	200
masami	http://www.lovemasami.com/	alive	200
mc2 saint barth	https://www.mc2saintbarth.com/eu/en_eu/	alive	200
kdlr beauty labs	https://shop.kdlrbeautylabs.com/	alive	200
modum	https://www.modum.by/	alive	200
mars loves her	https://marslovesher.com/	alive	200
lidea	https://www.lidea.de/	alive	200
lousy livin underwear	https://www.lousylivin.com/	alive	200
louve	https://louveboutique.fr/	alive	200
loding	https://www.loding.fr/en/	http-dead	404
marco castro	http://marcocastro.world/	alive	200
mod'spe paris	https://www.modspeparis.com/	alive	200
mayo chix	http://www.mayochix.hu/	alive	200
johnny concert	http://www.johnnyconcert.com/	alive	200
noppies	https://www.noppies.com/	alive	200
louembrace	https://louembrace.com/	alive	200
levete room	https://www.leveteroom.com/	alive	200
michele & hoven	https://www.micheleandhoven.com/	alive	200
marmar copenhagen	https://marmarcopenhagen.com/	alive	200
maybelline	https://www.maybelline.com/	alive	200
magnanni	https://magnanni.com/	alive	200
meinekette	https://www.meinekette.com/	tls-error	CERT_HAS_EXPIRED
khrisjoy	https://www.khrisjoy.com/	blocked	429
lasalle	http://www.lasalle-fashion.com/	alive	200
mason garments	https://www.masongarments.com/	alive	200
lily & lionel	https://www.lilyandlionel.com/	dns-dead	NXDOMAIN @1.1.1.1+8.8.8.8
lua skincare	https://luaskincare.com/	alive	200
milani	http://www.milanicosmetics.com/	alive	200
mesolyft micro-needling skincare	http://www.mesolyft.com/	alive	200
lonely kids club	https://www.lonelykidsclub.com/	alive	200
momsrack	https://momsrack.com/	dns-dead	NXDOMAIN @1.1.1.1+8.8.8.8
megan & co herbal apothecary and clinic	http://meganandco.com/	alive	200
madre botanics	http://madrebotanics.com/	alive	200
nour boutique	https://nourboutique.co.uk/	alive	200
limit	https://www.limitwatches.co.uk/	alive	200
nellie's clean	http://nelliesclean.com/	alive	200
la salt co®	http://lasaltco.com/	alive	200
niki heat	https://www.nikiheat.com/	tls-error	CERT_HAS_EXPIRED
masapera	https://masapera.com/	tls-error	CERT_HAS_EXPIRED
merchcode	https://www.urban-classics.net/	blocked	401
manyavar	https://www.manyavar.com/	alive	200
les néréides	https://www.lesnereides.com/	alive	200
m.ph	https://mphbeauty.com/	alive	200
mec canada	https://www.mec.ca/fr	blocked	403
maurice malone	https://mauricemaloneusa.com/	alive	200
lisa kott	https://www.lisakott.com/	alive	200
love copenhagen	https://www.lovecopenhagendk.com/	alive	200
lumisha	https://www.lumisha.de/	alive	200
michael kors	https://www.michaelkors.com/	alive	200
manas	https://www.manas.com/	alive	200
mondraghi	https://www.mondraghi.com/	alive	200
maison manël	https://manelparfums.com/	alive	200
lotus	https://www.phenomene.nl/	alive	200
kekäle	https://www.kekale.fi/	alive	200
king baby studio	https://kingbabystudio.com/	alive	200
lua accessories	https://www.lua-accessories.com/	alive	200
lisette l montreal	https://lisettel.com/	alive	200
ngm	http://www.ngm-mobile.com/	server-error	526
lagoped	https://lagoped.com/en	alive	200
matter outdoors	http://www.mattercompany.com/	alive	200
motivo scar care	http://motivoscarcare.com/	blocked	403
lovery	https://www.lovery.com/	alive	200
maison artc	https://www.maisonartc.com/	alive	200
milktology	https://milktology.us/	alive	200
matter facial	http://mattercompany.com/	alive	200
liël clothing	https://www.lielclothing.com/	alive	200
maria contigiani	https://www.mariacontigiani.it/en/	alive	200
mbt / masai barefoot technology	https://mbtshop.jp/	alive	200
m-tac us	https://m-tac.us/	alive	200
mezzoroni	https://mezzoroni.com/	blocked	403
luca vanucci	https://lucavanucci.co.uk/	alive	200
littlepuddletown	https://www.etsy.com/shop/LittlePuddletown	blocked	403
milkbarn	https://milkbarnkids.com/	alive	200
moonbow skin	https://www.moonbowskin.com/	alive	200
lavani jewels	https://lavanijewels.com/	alive	200
love ur curls	http://loveurcurls.com/	alive	200
kids worldwide	https://kidsworldwide.shop/	alive	200
live bearded	https://livebearded.com/	alive	200
josiny	https://www.josiny.com/	alive	200
klimbim	https://www.klimbimbarcelona.com/	alive	200
minitmute	https://jp.minitmute.com/category/home/117/	http-dead	404
linda farrow	https://int.lindafarrow.com/	alive	200
mamas & papas	https://www.mamasandpapas.com/	alive	200
men's wearhouse	https://www.menswearhouse.com/	alive	200
mali + liili	https://www.maliandlili.com/	alive	200
mapi urban clothes	https://mapiurbanclothing.wordpress.com/	alive	200
most prominent co.	https://mostprominent.co/	alive	200
le monde gourmand	https://www.gourmandbeauty.com/	alive	200
lynx optique	https://www.lynx-optique.com/	alive	200
maed beauty	http://www.maedbeauty.com/	alive	200
kipling	https://www.kipling.com/	server-error	500
lib joie	https://libjoie.com/	http-dead	404
juliette has a gun	https://us.juliettehasagun.com/	alive	200
konges sløjd	https://kongessloejd.com/	alive	200
miss diva	http://missdiva.co.uk/	alive	200
lugz	https://lugz.com/	alive	200
lumin skincare	https://www.luminskin.com/	alive	200
manuela conti	https://www.manuelaconti.com/	blocked	403
melvin & hamilton	http://www.melvin-hamilton.com/	alive	200
melania	http://www.melania.it/en/	alive	200
madam glam	http://www.madamglam.com/	alive	200
mbym	https://www.mbym.dk/	alive	200
marden's	https://www.mardens.com/	alive	200
markberg	https://markberg.com/	alive	200
legend	https://www.legend.rs/	blocked	403
liska lab	https://www.labdiamant.at/	alive	200
maison breeze	https://www.maisonbreeze.com/	http-dead	404
nina ho illustration	https://www.ninahoillustration.com/	alive	200
nulabel	https://the-nulabel.com/	alive	200
ministry of gems	https://ministryofgems.com.au/	alive	200
mazoni	http://www.mazoni.pt/	alive	200
no bad days club	https://www.nbdc-b2b.com/	alive	200
manifestie	https://www.manifestie.com/	alive	200
luna'mour beauty	http://lunamour.co/	alive	200
madebyme co.	http://madebymeco.com/	alive	200
muchachomalo	https://www.muchachomalo.com/	alive	200
mb cork	https://www.mbcork.com/	alive	200
luxbyaura	https://luxbyaura.com/	alive	200
krojay	https://krojay.com/	tls-error	CERT_HAS_EXPIRED
lilimill	https://www.lilimill.com/	alive	200
lynnsophie	https://www.lynnsophie.com/	blocked	403
justine b	https://justineb.fr/	alive	200
lofty manner	https://www.loftymanner.com/	alive	200
lanius	https://www.lanius.com/	alive	200
mari fox wellness	https://www.marifoxwellness.com/shop	alive	200
mikk-line	https://www.mikk-line.dk/	alive	200
lodi	https://www.lodi.es/	alive	200
leons.cz	https://leons.cz/	alive	200
miss chase	https://misschase.com/	alive	200
jiva organics	http://www.jivaorganicfoods.com/	alive	200
lucky brand	https://www.luckybrand.com/	alive	200
marle	https://www.marle.co.nz/	alive	200
mainio	https://www.mainioclothing.com/	alive	200
maryam ahmed official	https://www.maryamahmedofficial.com/	alive	200
kranz	https://www.kranz-munich.de/	alive	200
nomi fame	https://www.nomifame.com/	alive	200
my little belleville	https://www.mylittlebelleville.com/	alive	200
mei apothecary	http://meiapothecary.com/	alive	200
live linen	https://livelinen.com/	alive	200
macy's backstage	https://www.macysbackstage.com/	alive	200
kaene	https://kaene.jp/pages/kaene	blocked	429
laura geller	https://www.laurageller.com/	alive	200
merle norman cosmetics	https://www.merlenorman.com/	alive	200
longevity london	https://longevity-london.com/	tls-error	CERT_HAS_EXPIRED
mine line	http://www.mine-line.com/	alive	200
obakki skincare	https://obakki.com/pages/obakki-skincare	alive	200
lonely	https://lonelylabel.com/	alive	200
meindl	https://www.meindl-fashions.de/	alive	200
levi's kids footwear	https://www.levi.com/	blocked	403
mally	https://mally.com/	http-dead	418
mks eco hair care	http://www.mkseco.com/	alive	200
montado	https://www.montado.pt/en/home	http-dead	404
marylia scott cosmetics	https://maryliascottcosmetics.com/	alive	200
majorica	http://www.majorica.com/es	blocked	429
kylie cosmetics	https://www.kyliecosmetics.com/	blocked	429
nost	https://nostshoes.se/	server-error	500
metro oasis	https://www.metroasis.com.tw/	alive	200
marjolein elisabeth	https://www.marjoleinelisabeth.nl/	alive	200
naf naf	https://www.nafnaf.es/	tls-error	ERR_TLS_CERT_ALTNAME_INVALID
le chameau	https://www.lechameau.com/	blocked	429
john richmond	https://www.johnrichmond.com/	alive	200
marcia de carvalho	https://chaussettesorphelines.com/	alive	200
mrs. meyer's clean day	http://www.mrsmeyers.com/	alive	200
miraculum	https://miraculum.pl/	alive	200
lifestride	https://www.lifestride.com/	blocked	403
matr boomie	https://matrboomie.com/	alive	200
ma.strum	https://www.mastrum.com/	alive	200
matsuda	https://www.matsuda.com/	blocked	429
m. skin care	http://mskincare.com/	alive	200
kzeniya	https://www.kzeniya.com/	alive	200
logoshirt	https://www.logoshirt.de/	blocked	403
la doublej	https://www.ladoublej.com/	alive	200
lip	https://lip.fr/	alive	200
miik	https://www.miik.ca/	alive	200
mètamour	http://www.metamourskincare.com/	alive	200
mary allan skin care	http://www.maryallan.com/	alive	200
maisie wilen	https://maisiewilen.com/	alive	200
miansai	https://www.miansai.com/	alive	200
mmic	https://www.mmic.kr/	alive	200
mane sa	https://www.mane.com/	alive	200
kobayashi optical	https://www.kobayashi.com.tw/	alive	200
marina volpe	https://marinavolpe.com/	dns-dead	no A/AAAA @1.1.1.1
lotto	https://www.lotto.it/	alive	200
mitsui	https://www.999k.com.tw/	blocked	403
mainbocher	http://www.mainbocher.com/	alive	200
louelle	https://www.louelle.co/	http-dead	404
madison reed	https://www.madison-reed.com/	alive	200
oechsle	http://www.oechsle.pe/	alive	200
mercer	https://www.merceramsterdam.com/	alive	200
leap concept	https://leapconceptstore.com/	alive	200
kaotiko	https://www.kaotikobcn.com/	alive	200
maggie's organics	https://maggiesorganics.com/	alive	200
loose riders	https://www.loose-riders.com/	blocked	403
matin	https://www.matinstudio.com/	alive	200
mercer amsterdam	https://www.merceramsterdam.com/en/home	alive	200
milavitsa	https://www.milavitsa.com/	alive	200
malabar gold and diamonds	https://www.malabargoldanddiamonds.com/	alive	200
marc enzo	https://marc-enzo.com/	alive	200
korkoshi	https://www.korkoshi.com/	dns-dead	NXDOMAIN @1.1.1.1+8.8.8.8
mart visser	https://www.martvisser.nl/	alive	200
love republic	https://loverepublic.ru/	alive	200
majestic	https://www.majesticathletic.com/	blocked	403
lovely bird	https://www.shoplovelybird.com/	alive	200
magpie goose	https://magpiegoose.com/	alive	200
nuance	http://www.thenuancegroup.com/	blocked	403
okko	https://okko.ch/	alive	200
maypol	https://www.maypol.es/	alive	200
meyer broeken	https://www.meyerbroeken.nl/	alive	200
lemonhead.la	http://www.getlemonhead.com/	alive	200
louis and mia	https://www.louis-and-mia.de/	alive	200
lab pal zileri	https://www.labpalzileri.com/	alive	200
miga swimwear	https://migaswimwear.com/	alive	200
mezea	https://www.brelery.com/	blocked	503
mini a ture	https://miniature.com/	alive	200
kultajousi	https://www.kultajousi.fi/fi/	alive	200
maison amiir	https://maisonamiir.com/	http-dead	402
massimo romolini	https://www.massimoromolini.com/	http-dead	404
manning cartell	https://www.manningcartell.com.au/	alive	200
manduka	https://eu.manduka.com/	alive	200
ludovic de saint sernin	https://ludovicdesaintsernin.com/	alive	200
nyata	https://nyata.com.au/	dns-dead	NXDOMAIN @1.1.1.1+8.8.8.8
nalani naturals	http://www.nalanibotanics.com/	alive	200
olow	https://www.olow.fr/	alive	200
my beachy side	http://www.mybeachyside.com/	alive	200
megane drug	https://www.meganedrug.com/	alive	200
lina hanson	http://www.linahanson.com/	alive	200
mikii	http://mikiiskin.com/	alive	200
les tricots	https://lestricotsdo.be/	alive	200
loveshackfancy	https://loveshackfancy.com/	alive	200
no44	https://no44store.com/	alive	200
lakelle	https://lakelle.com/	alive	200
milliana	https://www.millianna.com/	alive	200
miribel naturals	https://www.miribelnaturals.com/	alive	200
mikimoto	http://www.mikimoto.com/jp	alive	200
modher	https://www.modher.com/	alive	200
maylyn & co.	http://www.maylynandco.com/	alive	200
l'eau de vie pure skin preparations	http://www.leaudevieskin.com/	alive	200
maurizio baldassari	https://mauriziobaldassari.com/en	alive	200
kashket & partners	https://www.firminhouse.com/about-us/kashket-partners/	alive	200
lucki store	https://shop.sincerelylucki.com/	http-dead	404
marco masi	https://marcomasi.it/	alive	200
la maison de lyllis	https://lamaisondelyllis.com/	alive	200
marc cain	https://www.marc-cain.com/	alive	200
lupo	http://lupo.com.br/	alive	200
ochnik	https://ochnik.com/	alive	200
native shoes	https://www.nativeshoes.com/	blocked	403
malvin	http://www.nonstop-germany.de/	blocked	503
mēnos skin	https://menosskin.com/	alive	200
lissac	https://www.lissac.fr/	alive	200
mimisol	http://mimisol.com/	alive	200
liberitae	https://liberitae.com/en/	http-dead	404
nonsolosport	https://www.nonsolosport.it/	alive	200
laperle beauty	https://shop-laurettelaperle.com/	alive	200
mintedleaf	https://www.directcbdonline.com/brand/mintedleaf/	blocked	429
mina and the moon	https://www.minaandthemoon.com/	alive	200
marie jo	http://www.mariejo.com/en	alive	200
mondaine	https://mondaine.com.au/	alive	200
meganesuper	https://www.meganesuper.co.jp/	alive	200
lux mood by european culture	https://www.european-culture.it/	alive	200
milus	https://www.milus.com/	alive	200
mayerline	https://www.mayerline.be/	alive	200
krystall-soamas	https://www.krystall-soamas.com/	timeout	
mctrek	https://mctrek.de/	tls-error	CERT_HAS_EXPIRED
luis trenker	https://www.luistrenker.com/	alive	200
molliolli	https://www.molliolli.com/	alive	200
makia	https://makia.com/	alive	200
morrsan	https://mp.weixin.qq.com/s/jKD8GY6BWXPrRDj4nT9P5w	alive	200
naadam	https://naadam.co/	alive	200
la paz	https://lapaz.pt/	alive	200
laboratoires fillmed	https://fillmed.com/	alive	200
molly bracken	https://www.mollybracken.com/	alive	200
lunya	https://lunya.co/	alive	200
miracle oil	http://www.hempseedbodycare.com/	alive	200
norvell	http://www.norvelltanning.com/	alive	200
onepiece	https://www.onepiece.com/	alive	200
marni	https://www.marni.com/	alive	200
little man happy	https://www.littlemanhappy.com/	alive	200
montiek	http://www.montiek.com/	dns-dead	NXDOMAIN @1.1.1.1+8.8.8.8
mephisto	https://mephistousa.com/	alive	200
m+rc noir	https://mrcnoir.com/	alive	200
jouer cosmetics	http://www.jouercosmetics.com/	alive	200
minus	https://en.minus.dk/	blocked	429
meemoza	https://meemoza.ca/	alive	200
l.l.bean	https://www.llbean.com/	alive	200
luxe & nature™	https://www.luxeandnature.us/	alive	200
mariclaro	https://www.mariclaro.ca/	alive	200
mozz bags	https://mozzbags.nl/	alive	200
livera	https://www.livera.nl/	alive	200
ladoni kind beauty	https://www.ladonibeauty.ca/	alive	200
laloras	https://laloras.com/	http-dead	404
oh kimono	https://ohkimono.com/	alive	200
miss spa	https://miss-spa.com/	alive	200
m.d. blend	https://mdblend.com/	alive	200
nué studio	https://www.nue-studio.com/	alive	200
monkind	https://monkind.com/	alive	200
orbasics	https://orbasics.com/?_ef_transaction_id=&oid=379&affid=1	alive	200
ndx / index	https://www.index.shop/	blocked	429
maripé	https://www.maripe.com/	alive	200
ln pro	https://ln-pro.com/	alive	200
moss copenhagen	https://www.mosscopenhagen.com/	alive	200
mey	https://www.mey.com/	alive	200
lauren holloway	https://www.laurenholloway.uk/	alive	200
liljenquist & beckstead	https://www.liljenquistbeckstead.com/	alive	200
magenta threads	https://magentathreads.com/	alive	200
mistral	https://www.mistral.com/	alive	200
metz & co	http://metzco.eu/	alive	200
mani	https://skomani.no/	alive	200
miracles & more	https://www.miraclesmore.com/	alive	200
monnari	https://emonnari.pl/	alive	200
la manso	https://lamanso.shop/	alive	200
mochi	https://store.mochishoes.com/	alive	200
oak rock designs	https://www.oakrockdesigns.com/	http-dead	402
members only	https://membersonly.com/	alive	200
olgana paris	https://olganaparis.com/	net-error	ECONNRESET
orovivo	https://www.orovivo.de/	alive	200
martina pipková loudová	http://www.martinapipkovaloudova.cz/	alive	200
lolaliza	https://www.lolaliza.com/	alive	200
le col	https://lecol.cc/	alive	200
lipsy london	https://www.next.co.uk/lipsy	blocked	403
mizuiro ind	https://marcourt.jp/c/mizuiroind	alive	200
mania jeans	https://maniajeans.com/	alive	200
modern age skin	https://modernageskin.com/	alive	200
mansa musu	http://www.mansamusubeautyandcosmetics.com/	alive	200
mika & milo	https://mika-milo.com/	alive	200
masha apparel	https://www.mashaapparel.com/	http-dead	402
marcell von berlin	https://marcellvonberlin.com/	dns-dead	NXDOMAIN @1.1.1.1+8.8.8.8
mitalee	http://www.ov-fs.com/	alive	200
mike davis	https://mikedavis.pt/en/	alive	200
maaji	https://www.maaji.co/	alive	200
mori	https://babymori.com/	alive	200
momoni	https://www.momoni.it/	alive	200
mark's	https://www.marks.com/	alive	200
outerknown llc	https://www.outerknown.com/	blocked	403
maison henry jullien	https://maison-henry-jullien.fr/	alive	200
mastoor	https://mastoor.co/	alive	200
lost pattern	https://lostpattern.com/	alive	200
keisei department store	https://www.mitokeisei.co.jp/	alive	200
moheda toffeln	https://www.mohedatoffeln.com/	dns-dead	NXDOMAIN @1.1.1.1+8.8.8.8
marcelo burlon county of milan	https://www.marceloburlon.eu/	dns-dead	no A/AAAA @1.1.1.1
monarque	https://monarque.us/	alive	200
mimi a la mode hollywood	https://mimi-a-la-mode-2.myshopify.com/	http-dead	402
oddbird	https://www.oddbirdco.com/	alive	200
laboratorio olfattivo	https://www.laboratorioolfattivo.com/	alive	200
mr. lacy	https://www.mr-lacy.com/	alive	200
marigold life	https://www.marigoldbub.com/	alive	200
modern earth skincare	https://www.modernearthskincare.com/	alive	200
magic in mohmaya	https://magicinmohmaya.com/	http-dead	409
monsoon blooms	https://www.monsoonblooms.com/	alive	200
motivi	https://www.motivi.com/	alive	200
muns	https://www.munsthebrand.com/	alive	200
lancel	https://www.lancel.com/	alive	200
malvi & co.	https://malvi.net/	alive	200
lourdes new york	https://lourdes.nyc/	dns-dead	NXDOMAIN @1.1.1.1+8.8.8.8
kids around	https://uk.kidsaround.com/	alive	200
monica hansen beachwear	https://monicahansenbeachwear.com/	tls-error	CERT_HAS_EXPIRED
monter skin	https://monterskin.com/	alive	200
miomojo	https://www.miomojo.com/	alive	200
lamarque collection	https://www.lamarquecollection.com/	alive	200
maty	https://www.maty.com/	alive	200
ojar	https://ojarofficial.com/	alive	200
monc	https://www.monclondon.com/	alive	200
morrocco method int'l	https://www.morroccomethod.com/	net-error	redirect count exceeded
myst enterprise ltd.	https://www.mystenterprise.com/	alive	200
muji / 無印良品	http://www.muji.com/	alive	200
marfa stance	https://www.marfastance.com/	alive	200
manou	http://www.manoucollections.com/	alive	200
luar	https://luar.world/	alive	200
kintetsu department store	https://www.d-kintetsu.co.jp/	dns-dead	no A/AAAA @1.1.1.1
moso morrow	https://shop.mosomorrow.com/	alive	200
larsson & jennings	https://www.larssonjennings.com/	alive	200
lara laurén bags	https://www.laralauren.de/	alive	200
mister jackson	https://misterjacksonshoes.com/	tls-error	CERT_HAS_EXPIRED
melbourne leather co.	https://www.melbourneleatherco.com.au/	alive	200
mads nørgaard a/s	https://www.madsnorgaard.com/	alive	200
loïc or	http://www.loicor.com/	alive	200
lebiar	https://www.lebiar.com/	alive	200
olivia wendel	https://www.oliviawendel.com/	alive	200
mary young	https://maryyoung.com/	alive	200
net	https://www.net-fashion.net/	alive	200
naiwbe natural as i wanna be	https://naiwbe.com/	alive	200
late checkout	https://latecheckoutissalifestyle.com/	alive	200
mcconnell	https://www.mcconnellwoollenmills.ie/	alive	200
lumiyoo	http://www.lumiyoo.com/	alive	200
mr price fashion	http://www.mrp.com/	alive	200
lavair	https://lavairbrand.com/	blocked	429
laurie	https://www.laurie-shop.eu/	alive	200
modcloth	https://www.modcloth.com/	alive	200
merry people	https://merrypeople.com/	alive	200
marsèll	https://www.marsell.it/	alive	200
morgan jewelers	https://www.morganjewelers.com/	alive	200
mimiq	https://mimiq.in/	alive	200
lenose	https://lenose.com/	alive	200
lord veshine	http://limei2016.com.cn/	alive	200
one  all  every	https://www.oneallevery.com/	alive	200
maison de l'asie	https://maisondelasie.sg/	alive	200
m.latin	https://www.mlatin.com/	alive	200
myastreet	https://www.myastreet.com/	alive	200
nicowa	https://www.nicowa.com/	alive	200
monterrain	https://www.monterrain.co.uk/	alive	200
nat’v basics	https://natvbasics.com/?oid=108&affid=1&source_id=GoY-rating&sub1=brandpage	alive	200
lawless beauty	http://www.lawlessbeauty.com/	alive	200
meistersinger gmbh & co. kg	http://www.meistersinger.de/	alive	200
megan leone designs	https://meganleone.com/	alive	200
mussofi	https://mussofi.com/	alive	200
le coq sportif	https://www.lecoqsportif.com/	alive	200
le gramme	https://legramme.com/?lang=en%3Futm_source%3DGoodOnYou+App	alive	200
maribodi beauty	https://maribodi.com/	alive	200
mibo	http://www.abarcasmenorquinas.com/	alive	200
mozhdeh matin	https://mozhdehmatin.com/	alive	200
mustang survival	https://mustangsurvival.com/	alive	200
maska organics	http://www.maskaorganics.com/	alive	200
mountain girl essentials	http://www.mountaingirlessentials.com/	alive	200
leselles	https://www.leselles.be/	alive	200
little planet	https://www.littleplanet.pk/	alive	200
optimist	https://optimist.ge/	alive	200
malwee	https://www.malwee.com.br/	alive	200
pact	https://wearpact.com/	alive	200
mattise	https://mattisebrand.nl/	alive	200
maison alhambra	https://maisonalhambraperfume.com/	alive	200
metersbonwe	https://www.metersbonwe.com/	alive	200
nature republic	https://www.naturerepublic.com/	alive	200
mira mikati	https://miramikati.com/	alive	200
maren jewellery	https://marenjewellery.com/?oid=366&affid=1&source_id=GoY-rating&sub1=brandpage	alive	200
menbur	https://www.menbur.com/	blocked	429
mennace	https://www.mennace.com/	tls-error	ERR_TLS_CERT_ALTNAME_INVALID
marithé + françois girbaud	http://www.girbaud.com/	alive	200
lefties	https://www.lefties.com/	alive	200
maxeffects naturals	https://www.maxeffectsnaturals.com/	alive	200
marshalls	https://www.marshalls.ca/	alive	200
munich	https://www.munichsports.com/es/	alive	200
milestone	http://www.milestone.style/	alive	200
mads nørgaard	https://www.madsnorgaard.com/	alive	200
maurice lacroix	http://www.mauricelacroix.com/	net-error	redirect count exceeded
muebles américa	https://www.mueblesamerica.mx/	alive	200
lico	https://www.lico-sport.com/	blocked	403
ljc designs	https://ljc-designs.com/	alive	200
mansur gavriel	https://www.mansurgavriel.com/pages/about-us	blocked	429
paparesta accessories	https://www.paparestadesign.com/	dns-dead	NXDOMAIN @1.1.1.1+8.8.8.8
nagoya mitsukoshi	https://www.mitsukoshi.mistore.jp/nagoya.html	alive	200
nitwit nz clothing	https://nitwitnz.com/	alive	200
one farm by waayb	http://www.onefarm.com/	alive	200
malin+goetz	https://www.malinandgoetz.com/	alive	200
mightly	https://www.mightly.com/?oid=301&affid=&source_id=GoY-rating&sub1=brandpage	alive	200
mister zimi	https://misterzimi.com/	alive	200
marita moreno	https://maritamoreno.com/	alive	200
møn renn	https://www.monrenn.com/	alive	200
n8ked beauty	https://n8kedbeauty.com/	alive	200
origins natural resources  inc.	https://www.origins.com/	alive	200
knuffle	https://knuffle.shop/	alive	200
lee mathews	https://us.leemathews.com.au/	alive	200
moor spa	http://www.moorspa.com/	alive	200
mym	https://mymitalia.it/	dns-dead	NXDOMAIN @1.1.1.1+8.8.8.8
mini rodini	https://www.minirodini.com/	alive	200
mcm	https://www.mcmworldwide.com/	blocked	403
maison blanche	https://www.maisonblanche.swiss/?oid=355&affid=1&source_id=GoY-rating&sub1=brandpage	alive	200
my soul	https://www.mysoul.dk/	alive	200
na menswear	https://na-menswear.com/	alive	200
marchesa notte bridesmaids	https://www.marchesa.com/	alive	200
me spa	https://www.me-spas.com/	alive	200
lola rey	https://lolarey.es/	alive	200
pascucci	https://pasc.it/	alive	200
narciso rodriguez	http://www.narcisorodriguez.com/	alive	200
manimekala	https://www.manimekala.com/	alive	200
lys beauty	http://www.lysbeauty.com/	alive	200
millstone farm & organics inc.	http://www.millstoneorganics.com/	alive	200
mccall's highlandwear	https://www.mccalls.co.uk/	alive	200
louis erard	http://montres-louiserard.ch/	alive	200
moss botanicals	http://www.mossbotanicals.com/	alive	200
mario doni	https://www.mariodoni.it/en/	alive	200
our pocket hero	https://ourpockethero.com/	alive	200
korean skincare pakistan	https://korean-skincare.pk/	alive	200
leodis leather	https://www.ianatkinson.net/leather/	alive	200
misako	https://www.misako.com/	alive	200
melanbrand skin	http://www.melanbrandskin.com/	alive	200
malion vintage	https://malion-vintage.com/	alive	200
nanadecor	https://www.nanadecor.com/	alive	200
maritime naturals	https://maritimenaturals.com/	alive	200
noisy may	https://www.noisymay.com/	alive	200
pc jeweller	https://www.pcjeweller.com/	alive	200
marc orian	https://www.marc-orian.com/	alive	200
name it	https://www.nameit.com/	alive	200
madame gabriela	http://madamegabrielabeauty.com/	alive	200
meislahn	https://meislahn.de/	alive	200
lovetrust	https://lovetrustbrand.com/?oid=244&affid=1&source_id=GoY-rating&sub1=brandpage	alive	200
mr. big & tall	https://www.mrbigandtall.ca/	alive	200
mineral options	http://www.mineraloptions.com/	alive	200
nago	https://en.nago.com/?redirect=1%3Futm_source%3DGoodOnYou+App	alive	200
pablosky	https://pablosky.com/	alive	200
kule	https://www.kule.com/	alive	200
lotta from stockholm	https://www.lottafromstockholm.co.uk/	server-error	526
marupe linen house	https://marupelinenhouse.com/	blocked	503
mizzen	https://shimatabiyachts.com/collections/mizzen	alive	200
level 99 jeans	https://level99jeans.com/	alive	200
modell's	https://www.modells.com/	alive	200
lilou	https://lilouparis.co.uk/	alive	200
merino kids	https://www.merinokids.co.nz/	alive	200
mason's	https://en.masons.it/	alive	200
manitobah mukluks	https://www.manitobah.ca/	alive	200
maruti	https://www.marutifootwear.com/	alive	200
people of leisure	https://peopleofleisure.co/	alive	200
le tanneur	https://www.letanneur.eu/	alive	200
marine serre	https://marineserre.com/	alive	200
natalyia nova	https://nataliyanova.com/	alive	200
magnet america	https://magnetamerica.com/	alive	200
mercuryduo	https://brand.mercuryduo.com/	alive	200
opera sport	https://operasport.net/	alive	200
mustang	https://www.mustang-jeans.com/	alive	200
narces	https://narces.com/	alive	200
mi-el	http://mi-elskincare.com/	alive	200
leonisa	https://leonisa.co/	alive	200
mirasa design	https://mirasadesign.com/	alive	200
montce	https://www.montce.com/	alive	200
missonep	http://www.missonep.com.cn/	alive	200
molinard	https://molinard.com/	alive	200
maru & ming	http://maruandming.com/	alive	200
lior gabriel	https://liorgabriel.com/	alive	200
maurices	https://www.maurices.com/	alive	200
martin asbjørn	https://www.martinasbjorn.com/	alive	200
marco aldany	https://www.marcoaldany.com/	alive	200
persona	https://persona-chertanovo.ru/	alive	200
lei wai beauty	http://www.hileiwai.com/	alive	200
martan	https://www.martan-official.com/	alive	200
makalu	https://makalu.com.pl/	alive	200
naughty cat apparel	https://naughtycatapparel.com/	tls-error	CERT_HAS_EXPIRED
mi bolsa	https://mibolsalondon.com/	alive	200
natasha schweitzer	https://natashaschweitzer.com/	alive	200
na hoku	https://www.nahoku.com/	alive	200
mila owen	https://milaowen.com/	alive	200
levi's	https://www.levi.com/	blocked	403
lueder	https://lueder.shop/	alive	200
monique	https://monique.store/	alive	200
modallica	https://www.modallica.com/	alive	200
panos emporio	https://www.panos.com/	alive	200
north - menswear	https://www.northmenswear.com/	http-dead	421
littleoddforest	https://www.littleoddforest.com/	alive	200
nails for you	https://nailsforyou.ca/	alive	200
nekko	http://www.nekkocare.com/	alive	200
natura pura	https://naturapura.com/pt-pt/	blocked	403
mcoptic	https://www.mcoptic.ch/	alive	200
marinepool	https://www.marinepool.de/	alive	200
philippe model	https://www.philippemodel.com/	alive	200
les bougies de charroux	https://www.bougies-charroux.com/	alive	200
mianqa	https://mianqa.com/	alive	200
manebí	https://manebi.com/	alive	200
minteyes	https://minteyesbrand.com/	alive	200
l’carriera	https://www.lcarriera.com/	alive	200
neococo	https://neococo.com/?oid=230&affid=1&source_id=GoY-rating&sub1=brandpage	alive	200
matcha paris	https://en.matchaparis.com/	http-dead	404
origin	https://www.originafrica.co.uk/	alive	200
mila beach	https://www.mila-beach.com/	tls-error	ERR_TLS_CERT_ALTNAME_INVALID
mona wie	https://monawie.be/	alive	200
lieblingsstükke by martina wodke	https://www.lieblingsstuekke.de/	alive	200
mon col anvers	https://www.moncol.be/	alive	200
nowadays	https://www.nowadays.com/	alive	200
nasty gal	https://www.nastygal.com/	alive	200
ned dutch fashion design	https://www.nedinternational.nl/	timeout	
moschino	https://www.moschino.com/	alive	200
melanie lyne	https://www.melanielyne.com/	alive	200
mate the label	https://matethelabel.com/?oid=99&affid=1&source_id=GoY-rating&sub1=brandpage	alive	200
milano couture	https://mconline.co.uk/	alive	200
mata traders	https://www.matatraders.com/	alive	200
mooyyy	https://www.mooyyy.cz/	alive	200
mappin & webb	https://www.mappinandwebb.com/	alive	200
metro retail stores group	https://shopmetro.ph/	alive	200
luxe wix®	https://luxewix.com/	alive	200
namesake fragrance	https://namesakefragrance.com/	alive	200
liewood	https://www.liewood.com/	alive	200
nialaya	https://www.nialaya.com/	alive	200
mimi holvast	https://mimiholvast.com/	alive	200
montelle intimates	https://montelleintimates.com/	alive	200
mixik skin	http://www.mixikskin.com/	alive	200
love and confuse	https://loveandconfuse.com/	alive	200
mastermind japan	https://mastermindtokyo.com/en-en	alive	200
never fully dressed	https://www.neverfullydressed.co.uk/	alive	200
mermaid&wild	https://mermaidandwild.com/	dns-dead	NXDOMAIN @1.1.1.1+8.8.8.8
part two	https://www.parttwo.com/	alive	200
nautica competition	https://www.nautica.com/	alive	200
maximo	https://www.maximo-strickmoden.de/	alive	200
mou	https://www.mou-online.com/	alive	200
nanga	https://nanga.jp/	alive	200
nuvadermis	https://nuvadermis.com/	alive	200
miiow	http://www.miiow.com.cn/	alive	200
maxomorra	https://www.maxomorra.com/	alive	200
mabli	https://www.mabli.co.uk/	alive	200
natan	https://www.natan.be/	alive	200
melissa	https://www.melissa.com.br/	alive	200
mariano	https://marianoshoes.com/	alive	200
mr jones watches	https://mrjoneswatches.com/	alive	200
minga london	https://www.mingalondon.com/	alive	200
natural beauty basic	http://n.naturalbeautybasic.com/	alive	200
la parea wellness	https://lapareawellness.com/	alive	200
nautica	https://www.nautica.com/	alive	200
missguided	https://www.missguided.com/	alive	200
nin & laur	https://www.ninlaur.com/	tls-error	ERR_TLS_CERT_ALTNAME_INVALID
løci	https://lociwear.com/	alive	200
niciart	https://www.niciart.com/	alive	200
moe kim textile studio	https://www.m-k-t-s.nl/	alive	200
montale	https://montaleparfums.com/en/	alive	200
mavic	https://www.mavic.com/en-us	alive	200
pineda covalín	https://www.pinedacovalin.com/	alive	200
lexi	https://www.lexiclothing.com.au/	alive	200
motherlove herbal company	http://www.motherlove.com/	alive	200
naturana	https://www.naturana.com/	blocked	429
mud jeans	https://www.mudjeans.eu/	alive	200
natics	https://naticscare.com/	http-dead	402
mimar™	http://www.mimarskin.com/	alive	200
mecre	https://mecre.jp/	dns-dead	NXDOMAIN @1.1.1.1+8.8.8.8
master bunny edition	http://masterbunnyedition.net/	alive	200
magiclinen	https://magiclinen.com/	alive	200
message	https://message.dk/	alive	200
marocafella	https://marocafella.com/	alive	200
muse apothecary	http://musebath.com/	alive	200
miriam tirinzoni	http://www.miriamtirinzoni.it/	alive	200
lina toro beauty	https://www.linatorobeauty.com/	alive	200
minelli	https://www.minelli.fr/	alive	200
lâcher prise	https://lacherpriseapparel.com/?oid=259&affid=1&source_id=GoY-rating&sub1=brandpage	alive	200
needle and thread	https://www.needleandthread.com/	alive	200
moshulu	https://www.moshulu.co.uk/	alive	200
loyal e. paris	https://www.loyaleparis.com/en/	alive	200
londre bodywear	https://londrebodywear.com/	alive	200
morton mac	https://mortonmac.com.au/	alive	200
me mother earth	https://memotherearthbrand.com/	alive	200
lijia baby	https://www.lijiababy.com.cn/#/home	alive	200
nik&nik	https://www.nikandnik.com/	alive	200
msgr	https://msgr-jpn.com/	alive	200
neirami	https://www.neirami.it/	alive	200
my petite coco	http://www.mypetitecoco.ca/	alive	200
minx	https://www.minx-mode.com/en/official-website.html	timeout	
neolife	http://www.neolife.com/	alive	200
miaou	https://www.miaou.com/	alive	200
medicine	https://wearmedicine.com/	alive	200
mirage studios	https://miragestudios.xyz/	alive	200
maison labiche	https://www.maisonlabiche.com/	alive	200
masha popova	https://mashapopova.com/	dns-dead	NXDOMAIN @1.1.1.1+8.8.8.8
miyé	https://www.miye.care/	alive	200
mywalit	https://www.mywalit.com/	alive	200
miraculum s.a.	https://miraculum.pl/	alive	200
lancaster	https://www.lancaster.com/	alive	200
newbie	https://newbiestore.com/	alive	200
mr. b's soulful tees	https://www.mrbssoulfultees.co.uk/	alive	200
paule ka	https://pauleka.com/eu/	http-dead	404
luna bel clothing	https://www.lunabelclothing.com/	dns-dead	NXDOMAIN @1.1.1.1+8.8.8.8
lottusse	https://www.lottusse.com/	alive	200
melin	https://melin.com/	alive	200
my favourite piece	https://www.myfavoritepiece.com/	alive	200
ngali	https://ngali.com.au/	alive	200
pixie market	https://www.pixiemarket.com/	alive	200
limi feu	https://www.yohjiyamamoto.co.jp/limifeu/	alive	200
nenya	https://www.nenya.online/	alive	200
nagano	https://www.ospig.com/nagano	tls-error	ERR_TLS_CERT_ALTNAME_INVALID
melt the lady	https://www.meltthelady.jp/	dns-dead	NXDOMAIN @1.1.1.1+8.8.8.8
otracosa	https://www.otracosa.eu/	alive	200
miumax gifts	https://www.miumax.com/	dns-dead	NXDOMAIN @1.1.1.1+8.8.8.8
monessa	https://www.monessa.de/	alive	200
mauboussin	https://www.mauboussin.fr/	alive	200
mofan	http://www.mofan.com/	alive	200
naked wardrobe	http://www.nakedwardrobe.com/	alive	200
lison paris	https://www.lisonparis.com/en/	alive	200
mitsukoshi	https://mitsukoshi.mistore.jp/store/	alive	200
nike vision	https://www.nikevision.com/	alive	200
musier paris	https://musier-paris.com/	alive	200
penshoppe	https://www.penshoppe.com/	alive	200
ocean & oak	http://www.ocean-oak.com/	alive	200
nicka k new york	https://nicka.com/	alive	200
nadira bag	https://nadirabag.com/	alive	200
nili lotan	https://www.nililotan.com/	alive	200
po-zu	https://po-zu.com/	alive	200
lisette l	https://lisettel.com/	alive	200
nick ricardo collection	https://www.nickricardocollection.com/	http-dead	404
naot	https://www.tevanaot.co.il/	alive	200
özmen ökçe	https://ozmenokce.com/	alive	200
melrose ave fashion	https://melroseavefashion.com.au/	alive	200
modern eternity	https://www.moderneternity.com/	alive	200
mooncastle	https://moon-castle.jp/	alive	200
mcgregor	https://nl.mcgregornewyork.com/	alive	200
ninety percent	https://click.linksynergy.com/deeplink?id=Fluhu2U*BdY&mid=45032&murl=https%3A%2F%2Fninetypercent.com	alive	200
live tinted	http://livetinted.com/	alive	200
no 8 galway	https://no8.ie/	dns-dead	NXDOMAIN @1.1.1.1+8.8.8.8
n.d.c. made by hand	https://www.ndcmadebyhand.com/	alive	200
monge	https://www.tiendamonge.com/	alive	200
ofotért	https://www.ofotert.hu/	alive	200
mission mercantile	https://www.missionmercantile.com/	alive	200
mochidream	https://www.mochidreambeauty.com/	alive	200
nanushka	https://www.nanushka.com/	alive	200
poplinen	https://www.poplinen.co/?oid=277&affid=1&source_id=GoY-rating&sub1=brandpage	alive	200
michèle	https://www.michele.de/	alive	200
ningbo shanshan co. ltd.	http://www.ssgf.net/	dns-dead	no A/AAAA @1.1.1.1
native youth	https://www.native-youth.com/	alive	200
love lori	https://www.amazon.com/stores/LOVELORI/page/34454599-CC63-4571-9333-D9779B3F00B5	alive	200
mavala uk	https://mavala.co.uk/	alive	200
mama sol	https://www.shopmamasol.com/	alive	200
miles of moisture	https://www.milesofmoisture.com/	alive	200
navitus parfums	https://navitusparfums.com/	alive	200
mondaystyle	https://monday-style.com/	dns-dead	NXDOMAIN @1.1.1.1+8.8.8.8
ninoshka	http://ninoshka.co.in/	alive	200
linenbee	https://www.linenbee.com/	alive	200
meitetsu department store head store	https://www.e-meitetsu.com/mds/	http-dead	404
mother	https://www.motherdenim.com/	blocked	429
natalie rae new york	https://www.natalieraeny.com/	alive	200
pernille corydon	https://www.pernillecorydon.com/	alive	200
loho	https://loho88.com/	alive	200
no.624	https://no624.myshopify.com/	alive	200
nomasvello	https://www.nomasvello.it/	alive	200
nala care	https://nalacare.com/	alive	200
old south	https://www.oldsouthapparel.com/	alive	200
prairie rose organics	https://www.amazon.com/stores/PrairieRoseOrganics/PRODUCTS/page/10F16C7F-6AAE-414B-B64B-587FA2AC1C93	alive	200
moda marieclaire	https://www.modamarieclaire.com/	server-error	500
modibodi	https://us.modibodi.com/	alive	200
momotaro jeans	https://www.denimlabo.com/c/momotarojeans	blocked	403
native nature	https://wearenativenature.com/	alive	200
nocturne	https://shopnocturne.com/	tls-error	CERT_HAS_EXPIRED
mes vacances	https://mesvacances.jp/	alive	200
moores	https://www.mooresclothing.ca/	alive	200
lässig	https://www.laessig-fashion.de/	alive	200
milkfed.	https://milkfed.jp/	alive	200
maxrieny	https://www.maxrieny.com/	alive	200
mantas ezcaray	https://www.mantasezcaray.com/	alive	200
nk store	https://www.nkstore.com.br/	alive	200
martes sport	https://martessport.com.pl/	alive	200
mestiza new york	https://mestizanewyork.com/	alive	200
little david	https://www.littledavid.be/	alive	200
nature's skin and body food	https://naturesskinandbody.com/	alive	200
philine of san francisco	https://philinesf.com/collections	alive	200
noda	https://www.noda4you.com/	tls-error	UNABLE_TO_GET_ISSUER_CERT_LOCALLY
nonnative	https://nonnative.com/	dns-dead	no A/AAAA @1.1.1.1
lord & taylor	https://www.lordandtaylor.com/	alive	200
natalija	https://www.natalijathelabel.com.au/	dns-dead	no A/AAAA @1.1.1.1
noserider surf club	https://noseridersurf.com/	alive	200
no name	https://www.no-name.fr/	alive	200
omibia	https://www.omibia.com/	alive	200
primitive tribal craft	https://www.primitivetribalcraft.com/	alive	200
monday swimwear	https://mondayswimwear.com/	alive	200
meshki	https://www.meshki.com.au/	alive	200
monsuri	https://www.monsuri.com/	alive	200
paloma wool	https://palomawool.com/eu_en/	alive	200
noctu	https://www.noctu.co.uk/	alive	200
motherhouse	https://www.mother-house.jp/	alive	200
ministry of supply	https://www.ministryofsupply.com/	alive	200
mediceuticals	https://mediceuticalsusa.com/	alive	200
marhen.j	https://en.marhenj.com/	tls-error	ERR_SSL_TLSV1_ALERT_INTERNAL_ERROR
nordblanc	https://www.nordblanc-obchod.cz/en/	tls-error	DEPTH_ZERO_SELF_SIGNED_CERT
midas	https://www.midasshoes.com.au/	alive	200
merge4 mfg. inc	https://merge4.com/	alive	200
master soap makers	https://mastersoapmakers.com/	alive	200
nene	https://studionene.com/	alive	200
nordbrandt	https://nordbrandtshoes.se/	server-error	500
notafictionalmum	https://shopnotafictionalmum.com/	tls-error	ERR_SSL_SSL/TLS_ALERT_HANDSHAKE_FAILURE
louis copeland and sons	https://www.louiscopeland.com/	blocked	429
nu.	https://nu-inc.co.jp/	alive	200
nbb weekend	https://store.tsigs.com/nbbweekend/	alive	200
nonna lietta	https://www.nonnalietta.com/	alive	200
oodji	http://www.oodji.com/	alive	200
mido	http://www.mido.ch/	alive	200
paris georgia	https://www.parisgeorgiastore.com/	alive	200
montres and co	https://www.montresandco.com/	blocked	403
msgm	https://www.msgm.it/	alive	200
miss chase a+	https://chasehaul.com/collections/miss-chase-aplus	http-dead	404
mini mioche	https://minimioche.com/?oid=308&affid=&source_id=GoY-rating&sub1=brandpage	alive	200
marjana von berlepsch	https://www.marjanavonberlepsch.com/	alive	200
lucardi juwelier	https://www.lucardi.nl/nl-nl	alive	200
morro cadamia	https://morrocadamia.com/	alive	200
milano italy	https://www.milano-italy.de/	alive	200
mi. o milanoptics	https://www.milanoptics.it/	alive	200
layerone by delavie sciences	https://www.delaviesciences.com/collections/layerone	alive	200
proudly	https://www.proudly.com/	alive	200
norba	https://norba.clothing/en/	http-dead	404
nué notes	https://www.nuenotes.com/	alive	200
m_	https://www.moussy.ne.jp/m_/	http-dead	404
nera	http://neraverse.com/	alive	200
moodstreet	https://www.moodstreet.nl/	alive	200
nomads clothing	https://www.nomadsclothing.com/	alive	200
organic zoo	https://organic-zoo.com/	alive	200
livy lingerie	https://int.li-vy.com/	alive	200
piloti	https://piloti.com/	alive	200
paul green	https://www.paul-green.com/	alive	200
my eyelab	https://www.myeyelab.com/	alive	200
mmb by hand	https://mmbbyhand.com/	alive	200
michalsky	http://www.michalsky.com/	http-dead	404
martine rose	https://martine-rose.com/	alive	200
minnie rose	https://www.minnierose.com/	alive	200
mp denmark	http://mpdenmark.espresso4.dk/	net-error	UND_ERR_CONNECT_TIMEOUT
miladys	https://www.miladys.com/	alive	200
live 978	https://www.live978.it/	alive	200
moser trachtenwelt	https://trachten.de/	alive	200
pure intox	http://pureintox.com/	alive	200
nour hammour	https://nour-hammour.com/	alive	200
ny state of mind	https://nystateofmindco.com/	alive	200
nicola santarelli	https://www.nicolasantarelli1915.com/	alive	200
niceaces	https://niceaces.com/	alive	200
northern reflections	https://www.northernreflections.com/	alive	200
otazu	https://rodrigootazu.com/	tls-error	ERR_TLS_CERT_ALTNAME_INVALID
millers	https://www.millers.com.au/	alive	200
lola arnao beauty	https://www.lolaarnao.com/shop-D6P7P	alive	200
pittarello	https://www.pittarello.com/	alive	200
nadell	https://nadell.jp/	alive	200
mossimo	https://www.mossimoauthentic.co.uk/	alive	200
milk makeup	https://www.milkmakeup.com/	alive	200
molly goddard	https://mollygoddard.com/	alive	200
mon platin professional	https://mon-platin.com/	alive	200
materiel	https://materieltbilisi.com/	alive	200
munjoi	https://munjoi.com/	alive	200
mineral & co.	https://mineralandcompany.com/	alive	200
mr. loutre	http://www.mrloutre.com/	alive	200
qoss	https://www.qoss.nl/	alive	200
nulogica	https://nulogicaskincare.com/	alive	200
melt cosmetics	http://www.meltcosmetics.com/	alive	200
nisha manufacturing	https://www.nishamanufacturing.com/	alive	200
mirla beane	https://www.mirlabeane.com/	alive	200
nina von c.	https://www.ninavonc.de/	alive	200
lovetree design	https://lovetreedesign.co.uk/	alive	200
oxbow	https://www.oxbowshop.com/	alive	200
minotaur	https://minotaur.co.jp/	alive	200
nourished by shawnta	https://www.nourishedbyshawnta.com/	alive	200
lunge	https://www.lunge.com/	alive	200
nu swim	https://nu-swim.com/	alive	200
nanso	https://nanso.com/	alive	200
notabag	https://www.notabag.com/	alive	200
monnalisa	https://www.monnalisa.eu/	net-error	UND_ERR_CONNECT_TIMEOUT
le kilt	http://lekilt.co.uk/	alive	200
mayamiko	https://www.mayamiko.com/	alive	200
myskinbuddy	http://myskinbuddy.com/	alive	200
mqg professional	https://mqgvietnam.com/	alive	200
lofte natural care	https://loftenaturalcare.com/	alive	200
naturopathica	http://www.naturopathica.com/	alive	200
madebyesposito	https://madebyesposito.com/	alive	200
oak meadow clothing	https://oakmeadow.com.au/	alive	200
ms glamour	https://msglamourofficial.com/	alive	200
miraj	https://miraj.ro/	alive	200
nourished magnesium	http://www.nourishedmagnesium.com/	alive	200
ne quittez pas	https://www.nequittezpas.jp/	alive	200
nest robe	https://en.nestrobe.com/	alive	200
montbell	https://www.montbell.jp/	alive	200
obchodní centrum letmo	https://www.ocletmo.cz/	alive	200
mrchlabel	https://www.mrchlabel.com/	alive	200
noé & zoë berlin	https://noe-zoe.com/	alive	200
june79	https://june79nyc.com/	net-error	ECONNRESET
ochirly	https://www.ochirly.com.cn/	alive	200
morgan lane	https://www.morgan-lane.com/	alive	200
legit	https://www.legit.co.za/	alive	200
plu laboratories	https://www.plulaboratories.com/	alive	200
loro piana	https://www.loropiana.com/	blocked	403
longhom®	http://www.organicsbuddy.com/	alive	200
nensi dojaka	https://nensidojaka.com/	alive	200
native dubai	https://www.nativedubaionline.com/	alive	200
miumosa	http://www.miumosa.com/	alive	200
nette	https://nettenyc.com/	alive	200
morxiva	https://bouttye.com/en/3_morxiva-shoes	alive	200
radà	https://www.rada.it/	alive	200
oeuf	https://oeufnyc.com/	alive	200
pehr	https://shoppehr.com/	alive	200
juva haircare	https://juvahaircare.com/	alive	200
medzone	https://www.medzonecorp.com/	alive	200
office shoes	https://www.officeshoescee.com/	alive	200
mountain research	https://mountainresearch.jp/	alive	200
les bains selv rituel inc.	http://selvrituel.com/	alive	200
louloudi skincare	https://louloudiskincare.com/	http-dead	404
minimum fashion	https://minimumfashion.nl/collections/minimum-sale?page=10%3Futm_source%3DGoodOnYou+App	http-dead	404
muroexe	https://muroexe.com/	alive	200
miss rose sister violet	https://www.missrosesisterviolet.com/	alive	200
mutsaers	https://www.mutsaers.nl/	alive	200
nümph	https://www.numph.com/	alive	200
palma cosmetics	http://palmacosmetics.com/	alive	200
nordiska kompaniet	https://www.nk.se/	alive	200
night streak	https://nightstreak.com/	alive	200
mpg sport	https://mpgsport.com/	alive	200
oksana fine art and design	https://oksanajohnson.shop/	alive	200
perky peach	https://perkypeach.com/	alive	200
maiook	https://www.maiook.com/	alive	200
m.j. bale	https://www.mjbale.com/	alive	200
nick stenson beauty	https://nickstensonbeauty.com/	alive	200
number one shoes	https://www.numberoneshoes.co.nz/	alive	200
melik shoes	https://www.melikshoes.com/	alive	200
olga joan	https://olgajoan.co/	alive	200
my brand	https://www.my-brand.com/	alive	200
muya	https://muya.shop/	tls-error	CERT_HAS_EXPIRED
muji	https://ryohin-keikaku.jp/	blocked	429
leyt	https://leytworld.com/	alive	200
mishka nyc	http://mishkanyc.com/	alive	200
mystic moods	https://www.mysticmoods.co.uk/	alive	200
moaconcept	https://moaconcept.com/	alive	200
obey clothing	https://obeyclothing.eu/	alive	200
nove	https://www.nove.store/	alive	200
munthe	https://www.munthe.com/	alive	200
olymp	https://www.olymp.com/	blocked	403
makeup by mario	http://makeupbymario.com/	alive	200
madre luna	https://madre-luna.com/	alive	200
nudge	http://shopnudge.com/	alive	200
obey	https://obeyclothing.co.uk/	blocked	403
metalgienchi	https://metalgienchi.com/	dns-dead	NXDOMAIN @1.1.1.1+8.8.8.8
one compass beauty	http://www.onecompassbeauty.com/	alive	200
miss goodlife	https://www.miss-goodlife.de/	alive	200
naainaai	https://naainaai.co.uk/	alive	200
lower park	https://lowerpark.com/	alive	200
loud + proud	https://www.loud-proud.com/	alive	200
na’ali skincare	https://naaliskincare.com/	alive	200
liilu	https://www.liilu.de/	http-dead	402
mlouye	https://www.mlouye.com/	alive	200
naked & famous	https://www.nakedandfamousdenim.com/	alive	200
momi skincare	http://www.momiskin.com/	http-dead	404
rallier	https://rallier.com/	alive	200
nakagami	https://nakagami.black/	alive	200
nurme	https://nurme.eu/	alive	200
odd molly	https://oddmolly.com/	alive	200
mystic select	http://www.mysticselect.com/	dns-dead	NXDOMAIN @1.1.1.1+8.8.8.8
nicholas daley	http://www.nicholasdaley.net/	alive	200
manhattan portage	https://www.manhattanportage.com/	alive	200
nitro	https://gear.nitro.com/	tls-error	ERR_TLS_CERT_ALTNAME_INVALID
näz	https://naz.pt/?oid=109&affid=1&source_id=GoY-rating&sub1=brandpage	alive	200
niu	https://www.niu-fashion.it/	alive	200
kaffe	https://www.kaffe-clothing.com/	alive	200
parfümerie becker	https://parfuemerie-becker.de/	alive	200
n.peal	https://www.npeal.com/	alive	200
o0u	https://o0u.com/	alive	200
of an origin	https://www.ofanorigin.com/	alive	200
miesrohe	https://miesrohe.jp/	alive	200
opera campi	https://www.operacampi.com/?oid=68&affid=1&source_id=GoY-rating&sub1=brandpage	alive	200
mmx germany 2010	https://www.mmxgermany.com/	alive	200
mizuno	https://mizuno.com.au/	alive	200
lulu guinness	http://www.luluguinness.com/	blocked	429
lovelux	https://loveluxlondon.com/	alive	200
nanaka	http://www.nanaka.co/	alive	200
linen boutique	http://www.linenboutique.eu/	alive	200
nwl club	https://club.nwl44.com/	alive	200
poo~pourri	http://www.poopourri.com/	alive	200
nat-2	https://nat-2.eu/eco/	alive	200
of her own kind	https://ofherownkind.com/	alive	200
ojai wild	https://ojaiwild.com/	alive	200
naked & famous denim	https://www.nakedandfamousdenim.com/	alive	200
mesure	https://mesureamsterdam.com/	alive	200
my vegan world	https://myveganworld.nl/	alive	200
maison bernard zins	https://www.zins.com/	alive	200
onīrik	https://onirik.us/	alive	200
nest new york	https://www.nestnewyork.com/	alive	200
noesa	https://noesa.co.id/	alive	200
kaporal	https://www.kaporal.com/	net-error	ECONNREFUSED
pasithea	http://pasitheabrand.com/	alive	200
nanami	https://www.nanami.nl/	alive	200
odakyu department store	https://www.odakyu-dept.co.jp/	alive	200
ola botanicals™	https://shop.mercola.com/category/1777/1/leaping-bunny-certified	alive	200
lvir	https://lvirdtla.com/	alive	200
natasha tonic	https://natashatonic.com/?oid=284&affid=1&source_id=GoY-rating&sub1=brandpage	alive	200
lucky clown	https://luckyclownco.com/	tls-error	CERT_HAS_EXPIRED
noize	https://noize.com/	alive	200
moma	https://moma.it/	alive	200
oceanus	https://oceanusswimwear.com/	alive	200
nature essence aroma	http://www.natureessencearoma.com/	alive	200
olivia latinovich	https://olivialatinovich.com/	alive	200
oil divine	https://oildivine.com/	alive	200
moliin	https://www.moliin.com/	alive	200
midheaven denim	https://www.midheavendenim.com/	alive	200
nannacay	https://nannacay.com/	alive	200
natalie marie jewellery	https://www.nataliemariejewellery.com/	alive	200
real skin retinue	https://www.realskinretinue.com/	alive	200
millets	https://www.millets.co.uk/	alive	200
luisa cerano	https://www.luisacerano.com/	alive	200
norma kamali	https://www.normakamali.com/	alive	200
ordinary truffle	https://www.ordinarytruffle.de/	tls-error	ERR_SSL_TLSV1_ALERT_INTERNAL_ERROR
pebby forevee	https://pebbyforevee.com/	alive	200
lititz watch technicum	http://www.lititzwatchtechnicum.org/	http-dead	404
olympia	https://www.olympia.de/	alive	200
ninette	http://ninettebeauty.com/	alive	200
nicole miller	https://www.nicolemiller.com/	alive	200
nautica japan	https://nautica.jp/	alive	200
prada	https://www.prada.com/	alive	200
noble panacea	http://www.noblepanacea.com/	alive	200
luva huva	https://luvahuva.co.uk/	alive	200
ognx	https://ognx.com/	alive	200
neiwai	https://neiwai.life/	alive	200
marc jacobs	https://www.marcjacobs.com/	blocked	403
monkee genes	https://monkeegenes.com/	alive	200
miller harris	https://us.millerharris.com/	alive	200
md’m	https://www.md-m.es/	alive	200
nature's sugar	https://naturessugarwax.com/	alive	200
reef	https://www.reef.com/	alive	200
modström	http://www.modstrom.com/	alive	200
mohito	https://www.mohito.com/	alive	200
novo	https://www.novoshoes.co.nz/	alive	200
percy & nell	https://www.percyandnell.com/	alive	200
livin' kolor cosmetics	https://www.livinkolor.com/	alive	200
onlē	https://onlepro.com/	alive	200
nobrand	https://www.nobrand.pt/	alive	200
natasha zinko	https://natashazinko.com/	alive	200
mint&mia	http://www.mintandmia.com/	alive	200
peuterey	http://www.peuterey.com/	alive	200
noor fares	http://noorfares.com/	alive	200
monos	https://monos.com/	alive	200
obus	https://obus.com.au/	alive	200
nfuse	https://nfusemagnesium.com/	alive	200
natascha von hirschhausen	https://www.nataschavonhirschhausen.com/	alive	200
marilyn	https://e-marilyn.eu/	alive	200
minori	http://www.minoribeauty.com/	alive	200
prima essenza	https://primaessenza.com/	alive	200
mack weldon	https://mackweldon.com/	alive	200
one with nature	http://onewithnature.com/	alive	200
relace	https://www.relace.nl/	tls-error	CERT_HAS_EXPIRED
ormonde jayne	https://ormondejayne.com/	alive	200
monica ann beauty	http://monicaannbeauty.com/	alive	200
m.rena	https://www.shopmrena.com/	http-dead	402
norse projects	https://www.norseprojects.com/	alive	200
meli melo	https://www.melimeloparis.ro/	alive	200
loints of holland	https://www.lointsofholland.com/	alive	200
oilily	https://www.oilily.com/	alive	200
noproblem	https://noproblemfashion.com/	net-error	ENETUNREACH
oregon soap company	http://www.oregonsoapcompany.com/	alive	200
navy exchange	https://mynavyexchange.com/	timeout	
pieszak	https://www.pieszakdenmark.com/	alive	200
nashe beauty	http://www.nashebeauty.com/	alive	200
morotai	https://morotai.de/	blocked	429
nisolo	https://projectboundincdbanisolo.pxf.io/L0gV7V	alive	200
offbeat sweetie	https://offbeatsweetie.com/	alive	200
neonail	https://www.neonail.pl/	alive	200
navahoo & marikoo	https://www.navahoo.com/	alive	200
mars nails	https://www.marsnails.com/	alive	200
nuthatch naturals	https://nuthatchnaturals.com/	alive	200
mondo mondo	https://mondo-mondo.com/	alive	200
miss pompom	https://misspompom.com/	alive	200
prosa	https://productosprosacolombia.com/	alive	200
maharishi	https://www.maharishistore.com/	alive	200
opticris	https://www.opticris.ro/	alive	200
olfactory house	https://olfactoryhouse.com/	alive	200
niluu	https://niluu.com/	alive	200
outland	https://www.outland-wear.fr/	net-error	ECONNREFUSED
noyoco	https://www.noyoco.com/	alive	200
meryll rogge	https://meryllrogge.com/	alive	200
olive des olive	https://www.olivedesolive-ec.jp/	blocked	403
orslow	http://orslow.jp/	dns-dead	no A/AAAA @1.1.1.1
miss sixty	https://misssixty.com/	alive	200
noumenon	https://nou-menon.com/	alive	200
natures collection	https://naturescollection.eu/	alive	200
malianta	https://www.malianta.com/	alive	200
moxxie	http://moxxiesoap.com/	alive	200
old khaki	https://www.oldkhaki.co.za/	alive	200
nicki colombo	https://www.nickicolombo.com/en/	alive	200
loroetu	https://loroetu.com/	alive	200
neosens	https://www.neosens.com/	alive	200
mascotte	https://mascotte.ru/	alive	200
oblique creations	https://www.obliquecreations.eu/	alive	200
moody me	https://ihascupquake.com/pages/moody-me	alive	200
maison hēroïne	https://maisonheroine.com/	alive	200
monokel eyewear	https://monokel-eyewear.com/	alive	200
original weekend	https://originalweekend.com/	alive	200
ondas organics	http://ondasorganics.com/	blocked	429
luxe rituage	https://luxerituage.com/	alive	200
kastinger	https://www.kastinger.com/	alive	200
padini	https://corporate.padini.com/	alive	200
nuur cosmetics	https://nuurcosmetics.com/	alive	200
michael aram	https://michaelaram.com/	alive	200
magda butrym	https://www.magdabutrym.com/	alive	200
mobile monster pty ltd	https://mobilemonster.com.au/	alive	200
nui organics	https://nuiorganics.com/?oid=253&affid=1&source_id=GoY-rating&sub1=brandpage	alive	200
maniform	https://www.maniform.cn/	alive	200
nemah	http://nemah.com/	alive	200
mumutane	https://mumutane.myshopify.com/	alive	200
pure cashmere	https://www.purecollection.com/	alive	200
nicki minaj fragrances	https://nickiminajfragrance.com/	alive	200
reserved	https://www.reserved.com/	alive	200
olympia brno	https://www.olympia-centrum.cz/	alive	200
noend	https://noenddenim.com/	alive	200
petite mendigote	https://www.petitemendigote.fr/	alive	200
no.1 como	https://www.no1como.com/	alive	200
nioulargo	https://nioulargo.com/	net-error	ECONNREFUSED
our legacy	https://www.ourlegacy.se/	alive	200
nesavaali	https://www.nesavaali.com/	alive	200
maati maati	https://www.maati-maati.com/	alive	200
mo&co.	https://en.moco.com/	alive	200
kenari	https://kenari.ge/	alive	200
pippa small	https://www.pippasmall.com/	alive	200
ocean born	http://oceanbornlifestyle.com/	http-dead	409
milk and skin	http://www.jolune.com/	alive	200
maison francis kurkdjian	https://www.franciskurkdjian.com/	blocked	403
moose knuckles	https://www.mooseknucklescanada.com/	alive	200
louizon	https://www.louizon.com/	alive	200
oakwood	https://www.oakwood.fr/	alive	200
marcmarcs	https://www.marcmarcs.com/	alive	200
morobé	https://www.morobe.com/	alive	200
open32	https://www.open32.nl/	alive	200
mymo	https://mymoshop.de/	http-dead	404
qet botanicals	http://www.qetbotanicals.com/	alive	200
nagonstans	https://www.nagonstans.jp/	alive	200
nemski centar	https://nemski-centar.com/	alive	200
rianna + nina	https://riannaandnina.com/	alive	200
onitsuka tiger	https://www.onitsukatiger.com/	alive	200
norlha	https://www.norlha.com/	alive	200
nono	https://nono-kidswear.nl/	alive	200
nodal	https://www.nodal.jp/	alive	200
paapii design	https://www.paapiidesign.com/en	alive	200
outfit	http://www.outfitfashion.com/	alive	200
mamas medicinals	https://mamasmedicinals.com/	alive	200
nicolaï parfumeur-créateur	https://pnicolai.com/	alive	200
moment.amsterdam	https://moment-amsterdam.com/	alive	200
kijima takayuki	http://www.kijimatakayuki.com/	alive	200
plato's closet	https://www.platoscloset.com/	alive	200
offon	https://offonclothing.com/	alive	200
minimadeia	https://minimadeia.com/	alive	200
maluo	https://www.maluo.nl/	alive	200
motif beauty	http://motifskincare.com/	alive	200
octavia morgan los angeles	http://www.octaviamorgan.com/	alive	200
mossman	https://www.mossman.com.au/	alive	200
organic daisy	https://organicdaisy.ca/	http-dead	404
niovi organics	https://nioviorganics.com/	alive	200
momoco	http://www.fjmomoco.cn/	alive	200
paprcuts	https://www.paprcuts.de/	alive	200
nary	https://www.naryresort.com/	alive	200
magicfelt	https://www.gottstein.at/	alive	200
nicci boutiques	https://www.nicci.co.za/	alive	200
oriental princess	https://www.orientalprincess.com/	alive	200
pien studios	https://pienstudios.com/	alive	200
nicce	https://www.nicceclothing.com/	alive	200
one step	https://onestep.fr/	alive	200
officine générale	https://us.officinegenerale.com/	alive	200
not!ce hair co.	https://noticehairco.com/	alive	200
pangaia	https://pangaia.com/?oid=311&affid=1&source_id=GoY-rating&sub1=brandpage	alive	200
norden	https://www.nordenproject.com/	tls-error	ERR_SSL_SSL/TLS_ALERT_HANDSHAKE_FAILURE
moves	https://movesshop.com/	alive	200
maqu	https://www.bymaqu.com/	alive	200
monoprix	https://www.monoprix.qa/	alive	200
rirandture	http://rirandture.jp/	alive	200
polyn	http://polyn.co/	alive	200
old spice	http://oldspice.com/	alive	200
mise au green	https://www.mise-au-green.com/	alive	200
om organics	http://www.omorganicscanada.com/	alive	200
okie dokie	https://www.jcpenney.com/	alive	200
mrz	https://www.mrz-official.com/	alive	200
óticas carol	https://www.oticascarol.com.br/	alive	200
nishane	https://nishane.com/	alive	200
nourish & refine	https://www.nourishandrefine.com/	alive	200
parle moi de parfum	https://parlemoideparfum.com/	alive	200
orgaid	https://www.orgaid.com/	alive	200
mstrds	https://www.urban-classics.net/	blocked	401
nina rein	https://ninarein.com/	http-dead	409
marine layer	https://www.marinelayer.com/	alive	200
nina nest	https://www.ninanest.com/	alive	200
moreboards	https://www.moreboards.com/	alive	200
opticalia	https://www.opticalia.com/	alive	200
naima	https://www.naima.it/	alive	200
nudnik	https://nudniklife.com/	alive	200
paris perfume company	http://www.parisperfumecompany.com/	alive	200
nourishus naturals	https://nourishusnaturals.com/	alive	200
maria maleta	https://www.mariamaleta.com/	dns-dead	NXDOMAIN @1.1.1.1+8.8.8.8
manos soap co.	https://manossoap.com/	alive	200
moroccan beauty secrets	http://www.moroccanbeautysecrets.com/	alive	200
robin's jean	https://robinsjean.com/	alive	200
powder design	https://www.powder-uk.com/	alive	200
paglieri	http://paglieri.it/	alive	200
mk exclusive	http://www.mkexclusive.co.uk/	dns-dead	NXDOMAIN @1.1.1.1+8.8.8.8
onself clothing	https://onself.lk/	alive	200
olmsted outerwear	https://www.olmstedouterwear.com/	blocked	429
ozeano vision	https://ozeanovision.com/	alive	200
noe(no one else)	https://nooneelse.co.kr/	dns-dead	NXDOMAIN @1.1.1.1+8.8.8.8
nulastin  inc.	https://nulastin.com/	alive	200
pavo couture	https://www.pavocouture.nl/	alive	200
orto parisi	https://ortoparisi.com/	alive	200
rachel elise	http://www.rachelelise.com/	alive	200
muzungu sisters	https://muzungusisters.com/	alive	200
noani	https://noanifashion.de/	alive	200
nodaleto	https://www.nodaleto.com/	alive	200
low season	http://lowseason.co/	alive	200
novinska	https://novinska.com/	alive	200
monsoon	https://uk.monsoon.co.uk/	alive	200
mountain hardwear	https://www.mountainhardwear.com/	alive	200
nassani inc.	http://www.nassani.ca/	alive	200
maison crivelli	https://maisoncrivelli.com/	alive	200
oak & acorn	https://shop-oakacorn.com/	alive	200
paume	http://mypaume.com/	alive	200
marlot paris	https://www.marlot-paris.com/fr/	dns-dead	no A/AAAA @1.1.1.1
pionier workwear	https://www.pionier-workwear.com/	alive	200
rolla's	https://rollasjeans.com/us	alive	200
pretty one	https://prettyone.pl/	tls-error	DEPTH_ZERO_SELF_SIGNED_CERT
organic crew	https://organiccrew.com.au/	alive	200
palmrothin kenkätehdas	https://palmroth.com/	alive	200
kirrin finch	https://kirrinfinch.com/	alive	200
obbi good label	https://obbigoodlabel.com/	alive	200
people tree	https://www.peopletree.co.uk/	blocked	403
outland denim	https://www.outlanddenim.com/?oid=121&affid=1&source_id=GoY-rating&sub1=brandpage	alive	200
n+ (nitori)	https://www.nplus-netshop.jp/	alive	200
nordgreen	https://www.nordgreen.com/	alive	200
nood	https://shopnood.com/	http-dead	402
nuna lie	https://nunalie.it/	alive	200
otiumberg	https://otiumberg.com/	alive	200
lulipa london	https://www.lulipashoes.co.uk/	dns-dead	NXDOMAIN @1.1.1.1+8.8.8.8
naturallyg4u (good for you)	https://naturallyg4u.com/	net-error	UNABLE_TO_VERIFY_LEAF_SIGNATURE
mugambo fashion	https://www.mugambofashion.com/	dns-dead	NXDOMAIN @1.1.1.1+8.8.8.8
odakyu department store shinjuku store	https://www.odakyu-dept.co.jp/shinjuku/index.html	alive	200
mama benz	https://mamabenz.com/	blocked	403
moxē	https://bemoxe.com/	alive	200
penoora's	https://penoora.com/	alive	200
omnes	https://www.omnes.com/?oid=276&affid=1&source_id=GoY-rating&sub1=brandpage	alive	200
mumatote	https://www.mumatote.com/	alive	200
nordstrom rack	https://www.nordstromrack.com/	alive	200
noa noa	https://noanoa.com/	alive	200
paprika	https://www.paprika-shopping.be/	alive	200
pro wrestling tees	https://www.prowrestlingtees.com/	blocked	403
ōshadi	http://oshadi.in/	alive	200
morphe 2	https://www.morphe.com/collections/morphe-2	http-dead	404
parfums quartana	https://six-scents.com/	alive	200
oetori	http://oetori.com/	alive	200
pagonis greek sandals	https://greek-sandals.com/	blocked	403
my july skin llc	https://myjulyskin.com/	alive	200
nakery beauty	https://nakerybeauty.com/	alive	200
molli	https://www.molli.com/	alive	200
object	https://www.objectci.com/	alive	200
ramsey	https://www.ramsey.com.tr/	alive	200
nose of gatsby	https://www.noseofgatsby.com/	alive	200
marypaz	https://www.marypaz.com/	alive	200
old salt grooming supply	http://oldsaltgs.com/	alive	200
kocca	https://kocca.it/	alive	200
original penguin	http://www.originalpenguin.co.uk/	alive	200
marcos nalini	https://www.calzaturificiomarcos.it/	alive	200
perverze	https://perverze.jp/	alive	200
plant faced clothing	https://plantfacedclothing.com/?oid=122&affid=1&source_id=GoY-rating&sub1=brandpage	alive	200
luzi	https://www.luzi.com/	alive	200
marshall artist	https://www.marshallartist.co.uk/	alive	200
mykke hofmann	https://www.mykkehofmann.com/	tls-error	CERT_HAS_EXPIRED
nathan-baume	https://www.nathan-baume.be/	alive	200
monk & anna	https://www.monkandanna.com/	alive	200
patachou	https://patachou.com/	blocked	403
re:designed	https://www.redesigned.nu/	net-error	UND_ERR_CONNECT_TIMEOUT
nuez acres	https://nuezacres.ca/	alive	200
matsuya	https://www.matsuya.com/	alive	200
nous sommes labels	https://www.noussommeslabels.com/	alive	200
omega fashion	https://omegafashion.shop/	dns-dead	NXDOMAIN @1.1.1.1+8.8.8.8
kosmatology	http://www.kosmatology.com/	alive	200
ottoman hands	https://www.ottomanhands.com/	alive	200
overtone color llc	https://overtone.co/	alive	200
oiselle	https://www.oiselle.com/	alive	200
phoebe english	https://www.phoebeenglish.com/	alive	200
neighborhood	https://www.neighborhood.jp/	alive	200
polish me unbothered	https://polishmeunbothered.com/	alive	200
nurtur health	https://nurtur.ca/	alive	200
nails frs	https://nailsfrs.fr/	alive	200
morari perfumes	https://morariperfumes.com/	alive	200
pernambucanas	http://www.pernambucanas.com.br/	alive	200
pedigo firenze	https://www.pedigofirenze.com/en/	tls-error	ERR_SSL_TLSV1_ALERT_INTERNAL_ERROR
oakley	https://au.oakley.com/	blocked	403
redpoint	https://www.redpoint-sportswear.com/	tls-error	ERR_TLS_CERT_ALTNAME_INVALID
nooch	http://nooch.earth/	alive	200
natura siberica	http://www.naturasiberica.ru/	net-error	UNABLE_TO_VERIFY_LEAF_SIGNATURE
onekind	http://www.onekind.us/	alive	200
rosner	http://www.rosner.de/	alive	200
mastak	https://mastaklviv.com/	alive	200
palazzo watches & gems	https://palazzowatches.com/	alive	200
navinka skin	https://www.navinkaskin.com/	alive	200
olive young	https://www.oliveyoung.co.kr/	blocked	403
päälä	https://www.paala.nl/	alive	200
moynat	http://www.moynat.com/	alive	200
pink house mustique	https://www.pinkhousemustique.com/	alive	200
papucei	https://www.papucei.eu/	alive	200
occidente	https://www.occidente.fr/	alive	200
nashtn	https://nash.tn/	alive	200
mother science	http://www.motherscience.com/	alive	200
mumuk	https://www.mumuk.com/	alive	200
perfection	https://beautyconcernsusa.net/	alive	200
reinders	https://www.reinders-jm.com/	alive	200
odel	http://www.odel.lk/	tls-error	ERR_TLS_CERT_ALTNAME_INVALID
machete	https://shopmachete.com/	alive	200
notch	https://tokyodesignchannel.com/c/notch	alive	200
neye	https://www.neye.dk/	alive	200
mansure & prettyman's harp	http://harpquality.com/	alive	200
maze	https://www.maze-shop.de/	alive	200
onyx and green	https://www.onyxandgreen.com/	alive	200
orangenkinder	https://www.orangenkinder.com/	alive	200
maura coscia atelier	https://www.mauracoscia.it/	alive	200
pura lopez	https://www.puralopez.com/	alive	200
mundo de uñas	https://mundodeunas.com.mx/	alive	200
núñez de arenas	https://ndearenas.com/es/	alive	200
pasquale bruni	https://www.pasqualebruni.com/	alive	200
officine creative	https://www.officinecreative.store/	alive	200
mucho gusto	https://muchogusto.nl/	alive	200
needcrystals	https://needcrystals.com/	alive	200
petty pout	http://pettypout.com/	alive	200
repossi	https://repossi.com/	alive	200
okaidi	https://www.okaidi.fr/	alive	200
magosisters	https://magosisters.gr/	alive	200
niko and …	https://www.nikoand.jp/	alive	200
margon metamorfosi	https://metamorfosimilano.com/	alive	200
marisfrolg	https://www.marisfrolg.com/en/world.aspx	alive	200
nāeli	http://www.naelinaturals.com/	alive	200
mclc	https://shopmclc.com/	alive	200
okoko cosmétiques	http://www.okokocosmetiques.com/	alive	200
pwt group	https://www.pwt-group.com/	alive	200
novesta	https://www.novesta.sk/	net-error	redirect count exceeded
mavi step	https://mavistep.com/	alive	200
oblekt	https://oblekt.jp/	net-error	UND_ERR_CONNECT_TIMEOUT
plae	https://plae.co/	alive	200
old navy	https://oldnavy.gap.com/	alive	200
my salon suite	https://www.mysalonsuite.com/	alive	200
phil's	http://getphils.com/	alive	200
nēvo® multi-scent natural deodorant	http://nevonaturals.com/	alive	200
ruans	http://www.ruans.com/	alive	200
pierre hardy	https://www.pierrehardy.com/	alive	200
rh45	https://www.rh45.com/	timeout	
ollie skincare	https://ollieskincare.com/	alive	200
no makeup makeup	http://www.nomakeupmakeup.online/	alive	200
marivie	https://www.marivie.com/	alive	200
marumitsu	http://www.e-marumitsu.com/	dns-dead	NXDOMAIN @1.1.1.1+8.8.8.8
naomi goodsir	https://www.naomigoodsir.com/fr/home	alive	200
mela vastra	https://melavastra.com/	alive	200
olvi's	https://www.olvis-lace.com/	alive	200
núnoo	https://nunoo.eu/	alive	200
quriox	https://quriox.in/	alive	200
off the pitch	https://www.off-the-pitch.com/	alive	200
mautto	https://mautto.com/	alive	200
paspaley	http://www.paspaleypearls.com/english/index.htm	http-dead	404
omar effendi	https://omareffendi.com.eg/	alive	200
my skincare oasis	http://www.myskincareoasis.com/	alive	200
maison roboto	https://maisonroboto.com/	alive	200
one vintage	https://www.onevintagedesigns.com/	alive	200
pot~pourri	https://www.pourri.com/	alive	200
paracas	http://paracas.co/	alive	200
piping hot	https://www.pipinghot.com.au/	http-dead	404
one432	https://www.one432.com/	alive	200
pandora	https://pandora.net/	blocked	403
non commun	https://noncommun.com/	alive	200
rios1931	https://rios1931.com/	net-error	ECONNREFUSED
matalan	https://www.matalan.co.uk/	alive	200
rvdk	https://www.ronaldvanderkemp.com/	alive	200
natural world	https://www.naturalworldeco-shop.com/	alive	200
native nectar botanicals	http://www.nativenectarbotanicals.com/	alive	200
merit	http://www.meritbeauty.com/	blocked	429
onia	https://onia.com/	alive	200
organic terra co.	https://organicterraco.com/password	alive	200
obsidien's boutique	http://www.obsidien.com/	alive	200
myla	https://www.myla.com/	alive	200
mdnt:45	https://mdnt45.com/	alive	200
marvelis	https://www.marvelis.com/en/home.html	alive	200
md glam	http://www.mdglam.com/	alive	200
oo&vv	http://www.ov-fs.com/	alive	200
nagnata	https://nagnata.com/	alive	200
manaco	http://www.manaco.com.bo/	alive	200
opticlasa	https://opticlasa.com/	alive	200
pikolinos	https://www.pikolinos.com/	alive	200
nuebiome	http://nuebiome.com/	alive	200
oofos	https://www.oofos.com/	alive	200
patagonia	https://eu.patagonia.com/	alive	200
plasma records	http://plasmarecords.com/	alive	200
orly international inc.	http://www.orlybeauty.com/	alive	200
optiplaza	https://www.optiplaza.ro/	blocked	403
not just pajama	https://www.notjustpajama.com/	alive	200
maven women	https://www.mavenwomen.com/	blocked	403
neeman's	https://neemans.com/	alive	200
orcanta	https://www.orcanta.fr/	net-error	ECONNREFUSED
nae vegan shoes	https://www.nae-vegan.com/	alive	200
nikben	https://www.nikben.com/	alive	200
öffen	https://offen-gallery.com/	alive	200
naim josefi	https://www.naimjosefi.com/	alive	200
myrrhia fine knitwear	https://myrrhia.storenvy.com/	alive	200
meleg perfumes	https://www.melegperfumes.com/	alive	200
nepenthes	https://nepenthes.co.jp/	alive	200
organic signatures	https://organicsignatures.com/	alive	200
nappy curls	https://www.nappycurlshair.com/	alive	200
peace out skincare	https://peaceoutskincare.com/	alive	200
original sprout	https://originalsprout.com/	alive	200
pitod	https://pitod.com/	alive	200
poan	https://poan.com/	alive	200
peach & lily	https://www.peachandlily.com/pages/beauty-home	alive	200
parley	https://shop.parley.tv/	alive	200
mialuis	https://mialuis.it/	alive	200
roberto collina	https://www.robertocollina.com/	alive	200
megane ichiba	https://www.meganeichiba.jp/	alive	200
pearle studio	https://www.pearlestudio.nl/	dns-dead	NXDOMAIN @1.1.1.1+8.8.8.8
melie bianco	https://www.meliebianco.com/	alive	200
off play	https://www.offplay.eu/	alive	200
original moxie	http://www.originalmoxie.com/	alive	200
manufaktura mms	https://manufaktura-mms.com/	alive	200
meadowlark	https://meadowlarkjewellery.co.uk/	alive	200
out of srl	https://out-of.com/	alive	200
orphelia	https://orphelia.eu/	alive	200
nn.07	https://www.nn07.com/	alive	200
ozsports	https://www.ozsports.net.au/	alive	200
raizzed	https://www.raizzed.com/	alive	200
polo club st martin	https://store.poloclubstmartin.com/	alive	200
ncla beauty	http://nclabeauty.com/	alive	200
plexida	https://plexidaknitwear.com/	alive	200
people’s republic of cashmere	https://www.peoplesrepublicofcashmere.com/	tls-error	CERT_HAS_EXPIRED
paul hewitt	https://www.paul-hewitt.com/	alive	200
natura cosméticos s.a.	https://www.natura.com.br/	alive	200
milano	https://milano.com/	blocked	429
nasomatto	https://nasomatto.com/	alive	200
meomari	https://meomari.com/	alive	200
old habits die hard	https://oldhabits-diehard.com/	alive	200
pepe moll	https://pepemoll.es/	alive	200
mes demoiselles paris	https://www.mesdemoisellesparis.com/	alive	200
olaf hussein	https://olafhussein.com/	alive	200
melanin haircare	https://melaninhaircare.com/	alive	200
pacomartinez	https://www.pacomartinez.com/	blocked	429
nuda	https://nuda.ca/	alive	200
nomasei	https://us.nomasei.com/	blocked	403
prep u products	http://www.prepuproducts.com/	alive	200
oui	https://www.oui.com/	alive	200
pamm	https://pammpamm.store/	alive	200
outerknown	https://www.outerknown.com/	blocked	403
rayne refillery	http://raynerefillery.com/	alive	200
pour moi skincare	https://www.pourmoiskincare.com/	alive	200
nestwell	https://nestwell.jp/	net-error	UND_ERR_CONNECT_TIMEOUT
peserico	https://eu.peserico.com/	alive	200
olamic	http://www.olamicbeauty.com/	alive	200
penhaligon's	http://www.penhaligons.com/	alive	200
ni	http://www.ni-people.com/	alive	200
mineral silk	https://mineralsilk.com/	alive	200
naturally drenched	https://www.naturallydrenched.com/	alive	200
mater soap llc	http://www.matersoap.com/	alive	200
meundies	https://www.meundies.com/	blocked	429
omaura	https://omauraskin.com/	alive	200
petit main	https://www.narumiya-online.jp/shop/brand/18/	alive	200
port de bras	https://www.portdebras.com/	alive	200
mari quinn	https://www.amazon.com/Therapy-Wax-by-Mari-Quinn/dp/B08PW1TKQG	alive	200
messy weekend	https://messyweekend.com/	alive	200
naitangpai	http://www.naitangpai.com/	alive	200
kulture	https://kulturefootwear.com/	alive	200
paola davoli	http://www.paoladavoli.info/	alive	200
pablo	https://pablo.fr/	alive	200
osklen	https://osklen.com/	alive	200
our sister	https://oursister.com/	alive	200
roja parfums	https://rojalondon.com/	alive	200
pada works	https://www.padaworks.com/	alive	200
mersor	https://mersor.com/	alive	200
neca 7	https://www.neca7.co.il/	server-error	526
pretty eccentric	https://www.prettyeccentric.co.uk/	alive	200
niessing manufaktur	https://niessing.com/	net-error	UNABLE_TO_VERIFY_LEAF_SIGNATURE
nose luv	https://nose-luv.com/	alive	200
oak+fort	https://www.oakandfort.com/	alive	200
safo hair	http://safohair.com/	alive	200
nicky diamonds	https://www.westfield.com/fr/france/rennesalma/boutiques/NICKY%20DIAMONDS/66162	http-dead	404
oltre	https://www.oltre.com/	alive	200
maxtara	https://www.maxtara.cz/	tls-error	ERR_TLS_CERT_ALTNAME_INVALID
permanent vacation	https://www.permanentvacation.com.au/	alive	200
phoebe philo	https://www.phoebephilo.com/en_gb/	alive	200
onygo	https://www.onygo.com/de	dns-dead	NXDOMAIN @1.1.1.1+8.8.8.8
michael hill jeweller	https://www.michaelhill.com.au/	alive	200
piccoliny	https://piccolinyshop.com/	alive	200
pramika uniform	https://www.pramikauniform.com/	alive	200
mikaine	https://en.mikaine.com/	tls-error	ERR_SSL_SSL/TLS_ALERT_HANDSHAKE_FAILURE
organically	https://organically.jp/	alive	200
osier	http://www.osier.com/	alive	200
michelle marie boutique	https://michellemarieboutique.com/	alive	200
l'estrange london	https://lestrangelondon.com/	alive	200
park & fifth clothing co	https://parkandfifthco.com/	blocked	429
panerai	https://www.panerai.com/	alive	200
red pantz	https://redpantz.com/	alive	200
pace	https://pacecompany.com.br/	alive	200
rose and myla	https://roseandmyla.com/	tls-error	CERT_HAS_EXPIRED
papaya & bamboo	https://www.papayaandbamboo.com/	tls-error	CERT_HAS_EXPIRED
nast!q studio	https://nastiq.studio/	alive	200
pro-organic ug	https://www.lana-organic.de/	alive	200
nu-in	https://nu-in.com/	alive	200
nira rubens	https://www.nirarubens.com/	blocked	403
medovy.shop	https://www.medovy.shop/	alive	200
pink moon	https://pinkmoon.co/	dns-dead	NXDOMAIN @1.1.1.1+8.8.8.8
organic cube	http://www.myorganiccube.com/	alive	200
pinky club	https://www.pinkyclub.sk/	alive	200
prince & bond	https://www.princeandbond.com/	alive	200
mimi prober	https://www.mimiprober.com/	alive	200
napo	https://www.napo-shop.de/	alive	200
milla amsterdam	https://www.millaamsterdam.com/	net-error	ECONNREFUSED
la perline skincare	http://laperlineskincare.com/	alive	200
parmigiani fleurier	http://www.parmigiani.ch/	blocked	403
neeve	https://www.neeve.com/	alive	200
régime des fleurs	https://regimedesfleurs.com/	alive	200
pantaloons	https://www.pantaloons.com/	alive	200
olympia blue	https://www.olympiablue.com/	alive	200
privates	http://getprivates.com/	alive	200
pons quintana	https://www.ponsquintana.com/	alive	200
owlivia	https://owlivia.com/	alive	200
pavement shoes	https://www.pavement.dk/	net-error	ECONNRESET
nxtstop	https://thenxtstop.com/	alive	200
noé & zoë	https://www.noe-zoe.com/	alive	200
melton	http://mpdenmark.espresso4.dk/brands/melton	net-error	UND_ERR_CONNECT_TIMEOUT
roze + quartz	https://www.rozeandquartz.com/	alive	200
plage	https://plage.baycrews.co.jp/	alive	200
ps fashion	https://www.psfashion.com/	alive	200
mip & toad	http://mipandtoad.com/	alive	200
phi.denim	https://www.phi-denim.com/	http-dead	404
minkpink	https://www.minkpinkworld.com/	net-error	ECONNREFUSED
parís	http://www.paris.cl/	alive	200
ode olive oil beauty	http://www.mcevoyranch.com/	alive	200
sallie sahne	https://www.sallie-sahne.de/en/official-website.html	http-dead	404
mirate	http://www.apeelaesthetics.com/	alive	200
pauline dujancourt	https://paulinedujancourt.com/	alive	200
milk made skin	https://www.milkmadeskin.com/	alive	200
part2 by junko shimada	https://www.crossplus.jp/shop/junkoshimada/	blocked	403
only-m.	https://www.only-m.com/	alive	200
prabal gurung	https://prabalgurung.com/	alive	200
pallet life story	https://palletlifestory.com/	tls-error	ERR_TLS_CERT_ALTNAME_INVALID
rens	https://rensoriginal.com/	alive	200
och!	https://www.ochstore.pl/en/	server-error	500
naturals	https://naturals.in/	alive	200
nordiq moose	https://nordiqmoose.com/	tls-error	ERR_TLS_CERT_ALTNAME_INVALID
never enough	https://www.never-enough.it/	alive	200
nissen	https://www.nissen.fi/	alive	200
pull&bear	https://www.pullandbear.com/	alive	200
mister spex	https://www.misterspex.de/	alive	200
pikes peak apothecary	https://www.pikespeakapothecary.com/?srsltid=AfmBOopcNkEqDTZPnLbIv5XvZkxveEu5Gb_YYygodYZhpaZufSPegkCA	http-dead	402
miss fiorentina	https://missfiorentina.com/	dns-dead	NXDOMAIN @1.1.1.1+8.8.8.8
paul frank	http://www.paulfrank.com/	alive	200
only play	https://playupstore.com/	alive	200
sandströms	https://www.sandstroms.nu/	alive	200
pennyblack	https://pennyblack.com/	alive	200
nexusvii.	https://www.nexusvii.jp/	dns-dead	no A/AAAA @1.1.1.1
plan c	https://www.plan-c.com/	alive	200
miccy's	https://miccys.com/	alive	200
oshin love	https://www.oshinlove.com/	alive	200
pave	https://pave.com.tr/	alive	200
natpure clinical skin care	http://www.naturepure.com/	alive	200
ögon design	https://www.ogondesigns.com/en	alive	200
okabashi	https://www.okabashi.com/	alive	200
otero	https://oteromenswear.com/	alive	200
neiman marcus	https://www.neimanmarcus.com/	blocked	403
nihombashi mitsukoshi main store	https://www.mistore.jp/store/nihombashi.html	alive	200
noire line	https://noireline.com/	dns-dead	NXDOMAIN @1.1.1.1+8.8.8.8
pitka leather	https://pitkaleather.com/	alive	200
meta campania collective	https://meta-campania-collective.com/	alive	200
mmlg	https://en.87mm.co.kr/	dns-dead	no A/AAAA @1.1.1.1
pupa milano	http://www.pupa.it/	alive	200
owndays	https://www.owndays.com/	alive	200
primadonna collection	https://www.primadonnacollection.com/home	alive	200
mode express	https://no1mode.de/	alive	200
parea	https://lapareawellness.com/collections/parea-skin-care	alive	200
revolution	https://revolution.eu/	alive	200
lady burgundy	http://ladyburgundy.com/	alive	200
people of color	http://www.peopleofcolorbeauty.com/	alive	200
puroego	https://www.puroego.com/	alive	200
poc	https://www.pocsports.com/	alive	200
russell & bromley	https://www.russellandbromley.co.uk/	blocked	403
nikkie	https://www.nikkie.com/	alive	200
perfect moment	https://www.perfectmoment.com/	alive	200
minimalisticlinen	https://minimalisticlinen.com/	alive	200
ovv	http://www.ovvworld.com/PC/index.html	dns-dead	NXDOMAIN @1.1.1.1+8.8.8.8
oxford shop	https://www.oxfordshop.com.au/	alive	200
nizhoni	https://nizhoni.es/	blocked	429
norman hartnell ltd	http://www.normanhartnell.com/	alive	200
plein sport	https://www.pleinsport.com/	net-error	redirect count exceeded
mieke dierckx	https://miekedierckx.be/	alive	200
nikki chasin	https://nikkichasin.com/	alive	200
mom aid	http://www.momaid.com/	alive	200
proraso	https://proraso-usa.com/	alive	200
sarah sclarandis	https://www.sclarandis.com/	alive	200
landia skincare	http://www.landiaskincare.com/	alive	200
perryco	https://www.perrycoshoes.com/	alive	200
organ tale	https://organtale.com/	alive	200
pall mall	https://www.pme-legend.com/	alive	200
paseos	https://www.paseos.co.jp/	alive	200
no label	https://www.nolabel.com/	alive	200
misha vaidya	https://mishavaidya.com/	alive	200
palladium	https://www.palladiumboots.com/	alive	200
olga	https://olgaintimates.com/	alive	200
palmarosa shop maroc	https://www.palmarosashop.com/	alive	200
ponche	https://www.melikshoes.com/collectie/ponche	http-dead	404
novum crafts	https://indianheaddress.com/	alive	200
no ka 'oi	https://shopnokaoi.com/	alive	200
mono concept store	https://www.mono-concept.com/	alive	200
penn&ink n.y	https://pennandink-ny.com/	alive	200
pure chemistry	http://www.cosmeticospure.com/	dns-dead	NXDOMAIN @1.1.1.1+8.8.8.8
lathered artisan	https://www.latheredartisan.com/	alive	200
phildar	http://www.phildar.fr/	alive	200
payless shoesource	https://www.payless.com/	alive	200
non	https://non.eco/?oid=261&affid=1&source_id=GoY-rating&sub1=brandpage	alive	200
parafina	https://parafina.eco/	alive	200
sacred state design	https://www.sacredstatedesign.com/	alive	200
pohésia	https://pohesia.com/	alive	200
neycko	http://neycko.com/	alive	200
ondura durable goods	https://www.ondura.de/	alive	200
pp berlin	https://shopp.berlin/	alive	200
nutmeg & apple handmade llc	https://nutmegandapple.etsy.com/	blocked	403
morleys stores ltd	http://www.morleys.co.uk/	alive	200
milimewa	https://www.tstore.com.my/	alive	200
qeelin	https://www.qeelin.com/	alive	200
mona brands	http://www.monabrands.com/	alive	200
lazy oaf	https://www.lazyoaf.com/	alive	200
pig & hen	https://www.pighen.com/	alive	200
people pleaser co.	https://peoplepleaserco.com/	alive	200
parfümerie pieper	https://www.pieper.de/	alive	200
not ours	https://thenotours.com/	alive	200
portspure	http://www.portspure.com/	tls-error	CERT_HAS_EXPIRED
nomads	https://www.nomadsclothing.com/	alive	200
pataugas	https://www.pataugas.com/	tls-error	ERR_SSL_TLSV1_UNRECOGNIZED_NAME
primadonna	https://www.primadonnacollection.com/	alive	200
sayaka davis	https://sayakadavis.com/	alive	200
parfois	https://www.parfois.com/	alive	200
passionata	https://chantelle.com/en/passionata	alive	200
mixxo	https://mixxo.com/	alive	200
pure pitz™	http://www.purepitz.com/	alive	200
opening ceremony	https://www.openingceremony.com/	dns-dead	NXDOMAIN @1.1.1.1+8.8.8.8
quick schuh	https://www.quick-schuh.com/	alive	200
mouth watchers	http://www.mouthwatchers.com/	alive	200
miniluxe  inc.	https://miniluxe.com/	alive	200
nomos glashütte	https://nomos-glashuette.com/	alive	200
montec	https://www.montecwear.com/	alive	200
neatwipes	http://myneatgoods.com/	alive	200
millet mountain	https://www.millet-mountain.com/	alive	200
le tricot perugia	https://www.letricotperugia.com/	alive	200
port products	http://portproducts.com/	alive	200
norton	https://www.nortoncaps.com/	alive	200
pearl street swim	https://pearlstreetswim.com/	blocked	429
schuhkay	https://www.schuhkay.de/	net-error	ECONNREFUSED
patavinity	http://www.patavinity.com/	timeout	
organic basics	https://www.organicbasics.com/	alive	200
occult patches & pins	https://occultpatchespins.co.uk/	alive	200
pregis	https://pregisshoes.com/	alive	200
oriflame cosmetics	https://id.oriflame.com/	alive	200
raging bull	https://www.ragingbull.co.uk/	alive	200
niles and chaz	https://nilesandchaz.com/	alive	200
pedro miralles	https://www.pedromiralles.com/	alive	200
misbhv	https://misbhv.com/	alive	200
moscot	http://www.moscot.com/	alive	200
ortega	http://etienneortega.com/	alive	200
mughal apparel	https://www.mughalapparel.com/	alive	200
petrodvorets watch factory	http://www.raketa.com/	alive	200
mlb	https://en.mlb-korea.com/	alive	200
nubian skin	https://www.nubianskin.com/	alive	200
nova cell	https://www.novacell.tw/	alive	200
sala sarita	https://salasarita.com/	alive	200
pepper pout	http://pepperpoutbeauty.com/	alive	200
prohibition wellness	https://prohibitionwellness.com/	alive	200
sears hometown stores	http://www.searshometownstores.com/	alive	200
pearly gates	http://www.pearlygates.net/	alive	200
princessknobs nail polish	http://www.shyneeknobs.com/	alive	200
óticas diniz	https://www.oticasdiniz.com.br/	alive	200
leki	https://www.leki.com/	alive	200
pearle vision	https://www.pearle.be/	alive	200
neuw	https://www.neuwdenim.com/us	alive	200
perfumy.pl	https://perfumy.pl/	alive	200
mjus	https://www.mjus-shoes.com/	alive	200
mr mittens	https://www.ilovemrmittens.com/	alive	200
outrgs	https://www.outrgs.com/	alive	200
piu brand	https://www.piubrand.com/	alive	200
pierre robert	https://pierrerobert.no/	alive	200
qualash	https://qualash.com/	alive	200
raw leathers	https://www.raw-leathers.com/	alive	200
not basics	https://pantee.co.uk/?oid=212&affid=1&source_id=GoY-rating&sub1=brandpage	alive	200
modern burlap	https://modernburlap.com/	alive	200
o bag	https://www.obag.eu/	alive	200
nuria	http://nuriabeauty.com/	alive	200
sandali shop	https://www.sandalishop.it/	alive	200
mollini	https://www.mollini.com.au/	alive	200
punto belle	https://www.puntobelle.co.uk/	tls-error	UNABLE_TO_GET_ISSUER_CERT_LOCALLY
selim mouzzanar	https://www.selimmouzannar.com/	alive	200
percival	https://www.percivalclo.com/	alive	200
ozeta	https://www.ozeta.sk/	alive	200
les eaux primordiales	https://www.leseauxprimordiales.com/	alive	200
prana	https://www.prana.com/	alive	200
mint velvet	https://www.mintvelvet.co.uk/	alive	200
mykke hoffmann	https://mykkehofmann.com/	alive	200
pequignet	https://pequignet.com/	alive	200
nightshift wax company	http://nightshiftwaxcompany.com/	alive	200
nü denmark	https://nu-denmark.com/	alive	200
petrifun store	https://www.petrifun.fi/	alive	200
personal collection	https://www.personalcollection.com.ph/	alive	200
mollagara since 1895	https://mollagaraofficial.com/	alive	200
palava	https://palava.co/	alive	200
pnina rosenblum ltd.	https://www.rosenblum.co.il/	alive	200
pirin-tex	https://www.pirintex.com/	alive	200
perro collection	http://www.perrocollection.com/	alive	200
recovo	https://recovo.co/#	alive	200
nubyen	https://nubyen.com/	alive	200
osea	http://oseamalibu.com/	alive	200
october	https://www.october.es/	alive	200
no nasties	https://www.nonasties.in/?oid=112&affid=1&source_id=GoY-rating&sub1=brandpage	alive	200
rabe	https://www.rabefashion.com/	alive	200
setchu	https://www.laesetchu.com/	alive	200
peter england	https://www.peterengland.com/	alive	200
pamela mann	https://www.pamelamann.co.uk/	alive	200
princess goes hollywood	https://www.princess-goes-hollywood.com/	alive	200
miss selfridge	https://www.asos.com/miss-selfridge/	alive	200
nail tek	http://nailtek.com/	alive	200
nixnut	https://nixnut.nl/	alive	200
nvlx labs	https://www.nvlxlabs.com/	alive	200
pierrewax	https://pierrewax.hu/	alive	200
philosophy di lorenzo serafini	https://www.philosophyofficial.com/	alive	200
monique péan	https://www.moniquepean.com/0	http-dead	404
pop trading company	https://poptradingcompany.com/	alive	200
radley	https://www.radleylondon.com/	alive	200
pletzsch	https://pletzsch.de/	alive	200
oblige london	https://www.obligelondon.com/	alive	200
philip hog	https://philiphog.com/	alive	200
regal nails	https://regalnails.com/	alive	200
puah	http://www.puahskincare.com/	alive	200
o boticário	https://www.boticario.com/	alive	200
noni	https://www.noni-mode.de/	tls-error	CERT_HAS_EXPIRED
muse copenhagen	https://www.copenhagenmuse.com/	alive	200
rami al ali	https://www.ramialali.com/	alive	200
pussy deluxe	https://www.napo-shop.de/pussy-deluxe	alive	200
ps poelman	https://www.poelman.shoes/	alive	200
nash and jones	http://nashandjones.com/	alive	200
nomad design co	https://nomaddesignco.net/	alive	200
oceania legends	https://oceania-legends.com/	alive	200
monfrère	https://www.monfrerefashion.com/	alive	200
moralfibre	https://moralfibre-fabrics.com/	alive	200
prairie linens studio inc.	https://www.prairielinensstudio.com/	dns-dead	NXDOMAIN @1.1.1.1+8.8.8.8
rare by circle	https://rarebycircle.com/	alive	200
pieces	https://www.pieces.com/	alive	200
off-white	https://www.off---white.com/	alive	200
pilgrim clothing	https://www.pilgrimclothing.com.au/	alive	200
pureseoul	https://pureseoul.co.uk/	alive	200
rim.ark	https://rim-ark.jp/	alive	200
petit nord copenhagen	http://www.petitnord.com/	alive	200
pippa holt	https://www.pippaholt.com/	alive	200
patou	https://www.patou.com/	alive	200
sheego	https://www.sheego.de/	alive	200
quiksilver	https://www.quiksilver.fr/	alive	200
pure culture beauty	http://pureculturebeauty.com/	alive	200
naturalizer	https://www.naturalizer.com/	blocked	403
ogee	https://ogee.com/	blocked	403
q for quinn	https://www.qforquinn.com/?oid=341&affid=1&source_id=GoY-rating&sub1=	alive	200
moonstar	https://www.moonstar.co.jp/	alive	200
paria /farzaneh	https://www.pariafarzaneh.com/	alive	200
not studio	https://www.not.studio/	alive	200
petit pli	https://shop.petitpli.com/en-au?oid=333&affid=1&source_id=GoY-rating&sub1=brandpage	alive	200
mouawad	http://www.mouawad.com/	net-error	redirect count exceeded
réalisation par	https://realisationpar.com/	alive	200
monki	https://www.monki.com/	blocked	403
pintta	https://www.pintta.com/	blocked	429
pono woodworks	https://ponowoodworks.com/	alive	200
old bull lee	http://www.oldbullshorts.com/	alive	200
queen kerosin	https://www.kingkerosin.com/	alive	200
mobach	https://www.mobach-keramiek.nl/	alive	200
pick 'n pay clothing	https://www.picknpayclothing.co.za/	alive	200
pecegueiro & f.os	https://www.pecegueiro.com/	alive	200
rainbow shops	https://www.rainbowshops.com/	alive	200
renatta & go	https://www.renattandgo.com/	alive	200
overcoat	https://overcoatnyc.com/	alive	200
neem	https://neemlondon.com/?oid=199&affid=1&source_id=GoY-rating&sub1=brandpage	alive	200
ölend	https://www.olend.net/	alive	200
motherhood maternity	https://www.motherhood.com/	alive	200
paul & joe sister	https://www.paulandjoe.com/paul-and-joe-sister.html	http-dead	404
picture	https://www.picture-organic-clothing.com/	alive	200
shoe zone	https://www.shoezone.com/	alive	200
n rage	http://nrage.com/	alive	200
moresque	https://www.moresqueparfumshop.com/	alive	200
plaine products	https://www.plaineproducts.com/	alive	200
pq	https://pqswim.com/	alive	200
ohana organics	http://www.ohanaorganics.com/	alive	200
olympic orchids perfumes	https://orchidscents.com/	alive	200
reer3	https://reer3.com/?oid=209&affid=1&source_id=GoY-rating&sub1=brandpage	http-dead	404
mommesilk	https://www.mommesilk.com/	blocked	403
perennial soaps	http://www.perennialsoaps.com/	alive	200
raf simons	https://rafsimons.com/	alive	200
retrouvai	https://www.retrouvai.com/	alive	200
pajar	https://www.pajar.com/	alive	200
ray swimwear	https://rayswimwear.com/	tls-error	CERT_HAS_EXPIRED
mr. niceguy	https://www.mrniceguy.nl/	alive	200
ro.sham.bo eyewear	https://www.roshambo.com/	alive	200
pinocchio shoes	https://www.pinocchioshoes.com/	alive	200
on trend shirts	https://ontrendshirts.com/	alive	200
msch	https://www.mosscopenhagen.com/	alive	200
offrandes	https://offrandes.com/	alive	200
re:ady b	https://readyb.store/	alive	200
lezat	https://www.lezat.com/?oid=324&affid=1&source_id=GoY-rating&sub1=brandpage	alive	200
ocoa	http://ocoabeauty.com/	alive	200
pedro del hierro	https://pedrodelhierro.com/	alive	200
north 56°4	https://www.north56-4.com/	alive	200
olistic the label	https://www.olisticthelabel.com/	alive	200
relax shop	https://www.relaxworld.cz/en/	blocked	403
monsieur brunold	https://www.monsieurbrunold.com/	alive	200
signature	https://signature.dk/	alive	200
petite maison kids	https://petitemaisonkids.com/	alive	200
rare beauty	https://www.rarebeauty.com/	alive	200
polinesia	https://www.polinesia.es/en-eu/	alive	200
nudestix	https://www.nudestix.com/	alive	200
roger dubuis	https://www.rogerdubuis.com/	alive	200
olivida	http://www.olividasoap.com/	alive	200
primitive	https://www.primitiveskate.com/	alive	200
old order	https://old-order.com/	alive	200
rebecca minkoff	https://www.rebeccaminkoff.com/	blocked	403
redgreen	https://redgreen.dk/	alive	200
planeta sport	https://planetasport.rs/	blocked	403
oha vital organic skincare	http://ohaskin.com/	alive	200
ra cosmetics	http://www.racosmetics.com/	alive	200
newnow	https://newnow.jp/	alive	200
my rina	https://www.myrinaworld.com/	http-dead	402
nps	https://us.nps-solovair.com/	alive	200
ooli	https://oolibeauty.com/	alive	200
onno	https://onno.com/	alive	200
rebel green	http://rebelgreen.com/	alive	200
poster girl	https://www.poster-girl.com/	alive	200
my essential wardrobe	https://www.myessentialwardrobe.com/	alive	200
platinum skin care	http://www.platinumskincare.com/	alive	200
pitti vintage	https://www.pittivintage.com/	alive	200
oa non-fashion	https://oanonfashion.com/	alive	200
morphe	https://www.morphe.com/	alive	200
one’sterrace	https://store.world.co.jp/s/brand/onesterrace/	blocked	403
one of yours	https://oneofyours.ru/	alive	200
qualerex beauty	https://www.qualerexbeauty.com/	alive	200
pretty you	https://prettyyoulondon.com/	alive	200
respect	https://respect-shoes.com.ua/	alive	200
pier one	https://www.zalando.co.uk/pier-one/	alive	200
naked wolfe	https://nakedwolfe.com/	alive	200
reina olga	https://reinaolga.com/en-eu	alive	200
ping japan	https://www.ping-appareljapan.com/	alive	200
poilei	https://www.poilei.com/	dns-dead	NXDOMAIN @1.1.1.1+8.8.8.8
olive	https://www.oliveclothing.com/	alive	200
ramidus	https://www.ramidustokyo.com/en	alive	200
sara roka	https://www.sararoka.com/	alive	200
nagev	https://www.nagev.fr/	alive	200
nuvolari	https://www.nuvolari.biz/	timeout	
organsk®	https://organsk.com/	alive	200
mount lai	http://www.mountlai.com/	alive	200
organic cotton mart	https://www.organiccottonmart.com/	alive	200
perfumania	https://www.perfumania.com/	alive	200
reflekt	https://reflektskincare.com/	alive	200
première peau	https://premierepeau.com/	alive	200
nikka place	https://nikkaplace.com/	alive	200
omi crafts	https://omicrafts.wixsite.com/home	alive	200
pinrose	http://www.pinrose.com/	alive	200
nackiyé	https://nackiye.com/	alive	200
simple	https://www.simplethebrand.com/	alive	200
lilanz	https://www.lilanz.com/en/brand.html	alive	200
refined department	https://refineddepartment.com/	alive	200
ridestore ab	https://www.ridestore.com/	alive	200
pepa salazar	https://pepasalazar.com/	alive	200
para mi	https://www.para-mi.com/	alive	200
rado	https://www.rado.com/	alive	200
pj pan	https://www.pjpan.co.uk/	alive	200
pip studio	https://www.pipstudio.nl/	alive	200
one kind clothing	https://wearonekind.com/	http-dead	402
riccitelli milano	https://riccitellimilano.com/	alive	200
odaban	https://odaban.com/	alive	200
protean london	https://www.proteanlondon.co.uk/	alive	200
natalie rolt	https://www.natalierolt.com/	alive	200
opi products	https://www.opi.com/	alive	200
napapijri	https://www.napapijri.com/	alive	200
savon du bois	https://www.savondubois.com/	alive	200
replay	https://www.replayjeans.com/	alive	200
osei-duro	https://oseiduro.com/	blocked	403
moumout	https://www.moumout.com/	alive	200
ótica chilli beans	https://www.oticachillibeans.com.br/	alive	200
re-hash	https://www.rehash.it/en	alive	200
mudita earth	https://www.muditaearth.com/	alive	200
pluto	https://pluto.be/	alive	200
linenme	https://www.linenme.com/	alive	200
rare carat	https://www.rarecarat.com/	alive	200
plant therapy	http://www.planttherapy.com/	alive	200
oobi	https://www.oobi.com.au/?oid=317&affid=1&source_id=GoY-rating&sub1=brandpage	alive	200
roots canada	http://www.roots.com/	alive	200
pfeiffer	https://pfeifferthelabel.com/	alive	200
rellix	https://rellixjeans.com/	alive	200
no excess	https://no-excess.com/	alive	200
six ames	https://www.sixames.com/	alive	200
pleaser shoes	https://pleasershoes.com/	alive	200
munay brand	https://munaybrand.com/	dns-dead	NXDOMAIN @1.1.1.1+8.8.8.8
overose	https://www.overose.com/	alive	200
oyu botanica	https://www.oyubotanica.com/	alive	200
my sheen skin	https://mysheenskin.com/	alive	200
opsm	https://www.opsm.com.au/	alive	200
polished prints	https://polished-prints.com/	alive	200
rixo	https://rixolondon.com/	alive	200
organic threads	https://www.organicthreads.net/	http-dead	404
little burgundy	https://www.littleburgundyshoes.com/	blocked	403
passioni	https://www.passionmode.de/	alive	200
ocean pacific	https://www.oceanpacific.com/	alive	200
result headwear	https://www.resultheadwear.com/	alive	200
nominou	https://nomidesigns.ca/	alive	200
renna deluxe	https://renna-deluxe.de/	alive	200
myomy	https://www.myomy.nl/	tls-error	CERT_HAS_EXPIRED
poplooks	https://www.poplooks.com/	http-dead	404
natori	https://www.natori.com/	alive	200
paloma barceló	https://www.palomabarcelo.com/	alive	200
roxy	https://www.roxy.com/	alive	200
origin mexico	https://originmexico.com/	alive	200
pet~pourri	https://www.pourri.com/	alive	200
nagie	https://nagi-e.com/	dns-dead	NXDOMAIN @1.1.1.1+8.8.8.8
portuguese flannel	https://www.portugueseflannel.com/	alive	200
proport1on body dressing	http://www.proportionbd.com/	alive	200
original fnb	http://originalfnb.com/	alive	200
rg	https://rgtheshop.com/	alive	200
plain & supple organic skincare	http://plainandsupple.com/	alive	200
rocky rosa	https://www.rocky-rosa.com/	alive	200
reamerei	https://reamerei.com/	alive	200
redhead revolution	https://redheadrevolution.us/	alive	200
liz earle	http://us.lizearle.com/	alive	200
posh lash professional inc	http://www.poshlashpro.com/	alive	200
poools	https://www.poools.nl/	alive	200
nano universe	https://store.nanouniverse.jp/jp/	alive	200
prior (české budějovice)	https://www.prior.cz/prodejny/prior-ceske-budejovice	alive	200
osoi	http://osoi.co.kr/	alive	200
oiiver goldsmith	https://www.olivergoldsmith.com/	alive	200
pure hue cosmetics llc	https://purehuecosmeticsllc.com/	alive	200
pololo	https://www.pololo.com/	alive	200
schott nyc	http://www.schottnyc.com/	alive	200
parfums lubin	http://www.lubin.eu/	alive	200
slam	https://www.slam.com/	alive	200
runaway bicycle	https://runawaybicycle.in/	alive	200
pierre-louis mascia	http://pierrelouismascia.com/	http-dead	404
otthie	https://otthie.com/	dns-dead	NXDOMAIN @1.1.1.1+8.8.8.8
nealy naturals	https://linktr.ee/nealynaturals?ltsid=a94108ca-fa6f-4e00-b356-bd47b612cc58	alive	200
pressed pretty	https://pressedpretty.net/collections/rts-tshirts	tls-error	CERT_HAS_EXPIRED
otto kern	https://www.ottokern.com/	timeout	
rio grande	https://riogrande.com/	blocked	403
peach slices	https://www.peachandlily.com/collections/peach-slices	alive	200
o.c.t. mami	http://www.octmami.com/	net-error	UND_ERR_CONNECT_TIMEOUT
rituel de fille	http://www.ritueldefille.com/	alive	200
redora jewels	https://redorajewels.com/	alive	200
pure botanica	https://purebotanica.ca/	alive	200
lola prusac	https://www.lolaprusac.com/	alive	200
pregnidos	https://pregnidos.com/	alive	200
prai beauty	https://praibeauty.com/	alive	200
prairie underground	https://www.prairieunderground.com/	alive	200
revers boisé	https://reversboise.fr/	alive	200
native atlas	http://nativeatlas.com/	alive	200
oxalis apothecary	http://www.oxalisapothecary.com/	alive	200
seajure	https://www.seajure.com/	alive	200
phipps international	https://phipps.international/	alive	200
marks & spencer	https://marksandspencer.ru/	timeout	
polempolen	https://polempolen.pl/	alive	200
puccini	https://puccini.pl/	alive	200
nosta beauty	http://nostabeauty.com/	alive	200
naturino	https://www.naturino.com/	alive	200
reima	https://www.reima.com/en	alive	200
optika mania	https://optikamania.sk/	alive	200
smush	https://www.letssmush.com/	alive	200
qipao	https://www.qipao.fr/	alive	200
naisture	https://naisture.com/	alive	200
privé revaux	https://eu.priverevaux.com/	http-dead	404
pèpè	https://www.pepechildrenshoes.com/	alive	200
relaxsan	https://www.relaxsan.it/en/	alive	200
purusha people	https://purushapeople.com/?oid=274&affid=1&source_id=GoY-rating&sub1=brandpage	alive	200
printemps haussmann	https://www.printemps.com/fr/fr/printemps-paris-haussmann	blocked	403
office kiko	https://officekiko.com/pages/shop	alive	200
primor	https://www.primor.eu/	alive	202
roop	https://www.itsrooper.co.uk/	alive	200
rifò	https://rifo-lab.com/	alive	200
nayko naturals	https://naykonaturals.com/	alive	200
seksy	https://www.sekonda.co.uk/	alive	200
paul & joe	https://paulandjoe.com/	alive	200
pinko	https://www.pinko.com/	alive	200
maryan mehlhorn	https://www.maryanmehlhorn.com/	alive	200
oztrala	https://oztrala.com/	alive	200
october jaipur	https://www.octoberjaipur.in/	alive	200
primecut	https://www.primecutbags.com/	alive	200
purity woods	https://puritywoods.com/	blocked	403
nubikk	https://www.nubikk.com/	alive	200
pala eyewear	https://palaeyewear.com/	alive	200
nene glamour	https://www.neneglamour.com/	http-dead	423
olive branch	http://www.guestsupply.com/	blocked	403
repetto	https://www.repetto.fr/	alive	200
orihica	https://www.orihica.com/	alive	200
rich & royal	https://www.richandroyal.de/	alive	200
rachel zoe	https://shoprachelzoe.com/	alive	200
nassifmd skincare	http://www.nassifmdskincare.com/	alive	200
pippa of london	https://www.pippaoflondon.co.uk/	alive	200
sabina motasem	https://www.sabinamotasem.com/?oid=372&affid=1&source_id=GoY-rating&sub1=brandpage	alive	200
p denim	https://www.p-denim.com/	alive	200
palermo body	https://www.palermobody.com/	alive	200
pub	https://www.pub.se/	alive	200
nette rose	https://www.netterose.com/	alive	200
ole lynggaard copenhagen	https://www.olelynggaard.com/en/	alive	200
nerium international	https://www.nerium.com/	dns-dead	NXDOMAIN @1.1.1.1+8.8.8.8
matri	https://www.matri.com.br/	dns-dead	no A/AAAA @1.1.1.1
pulz	https://www.pulzjeans.com/	alive	200
pampora leather	https://www.pamporaleather.com/	http-dead	402
prosperine	https://www.prosperine.it/	alive	200
nydj	https://www.nydj.com/	alive	200
paraboot shops	https://www.paraboot.com/boutiques/	alive	200
nicholas	https://nicholasthelabel.com/	alive	200
paqu	http://paquthealpacarevolution.com/	alive	200
ouroboros	https://ouroboroslimitededitions.com/password	alive	200
river island	https://us.riverisland.com/	alive	200
naturalmente	https://www.naturalmente-fashion.de/	alive	200
plasticity	https://plasticity.co.jp/	alive	200
peter jr.	https://www.peterjrcollections.com/	alive	200
one spirit vibes	https://www.onespiritvibes.com/	tls-error	ERR_TLS_CERT_ALTNAME_INVALID
saint tropez	https://www.sainttropez.com/	alive	200
positive outlook clothing	https://www.positiveoutlookclothing.com/	http-dead	402
pedestrian project	https://pedestrianproject.com/	alive	200
r+co bleu	http://www.randcobleu.com/	alive	200
pan club	https://panclubrussia.ru/	alive	200
purexis	https://purexisbeauty.com/	alive	200
night addict	https://nightaddict.com/	tls-error	ERR_SSL_SSL/TLS_ALERT_HANDSHAKE_FAILURE
parfum d’empire	https://parfumdempire.com/	alive	200
omora	https://www.omorabeautylab.com/	alive	200
los angeles salt company®	http://lasaltco.com/	alive	200
mazador	https://mazador.com/	alive	200
puroleo	https://puroleo.ca/	alive	200
ohoy swim	https://ohoyswim.com/	alive	200
parise	https://www.pariseofficial.com/	alive	200
pura botanicals inc.	http://www.purabotanicals.ca/	alive	200
passport to organics	http://www.passporttoorganics.com/	alive	200
nina yuun	https://www.ninayuun.com/	alive	200
passion lilie	https://passionlilie.com/?oid=273&affid=1&source_id=GoY-rating&sub1=brandpage	alive	200
neil barrett	https://www.neilbarrett.com/	alive	200
polo ralph lauren	https://www.ralphlauren.com/	alive	307
optical express	https://www.opticalexpress.co.uk/	alive	200
samurai aloha	https://www.samurai-aloha.com/	alive	200
sergio rossi	https://www.sergiorossi.com/gb-en/	alive	200
parissa	http://parissa.com/	alive	200
pabluxe originals	https://pabluxe.com/	alive	200
première note	https://premierenote-parfum.com/	alive	200
plagla	https://shop.plagla.jp/	alive	200
rest religion	http://restreligion.com/	alive	200
rochas	https://www.rochas.com/	alive	200
loumi skincare	https://www.loumiskincare.com/	alive	200
megan wilson jewelry	https://meganwilsonco.com/	http-dead	404
nixon	https://www.nixon.com/	blocked	403
olive & fig apothecary	http://www.oliveandfigapothecary.com/	alive	200
paul lebeau	https://www.paullebeau.fr/	alive	200
pourvous	https://www.pourvous.co.jp/	alive	200
pearl & moss botanicals	https://pearlandmossbotanicals.ca/	alive	200
rockay	https://rockay.com/	alive	200
noblem skincare	http://www.shopnoblem.com/	alive	200
roan fragrances	http://www.roanfragrances.com/	alive	200
neyi	https://neyi-lingerie.com/pages/aboutus	alive	200
pours studios	https://www.pours-studios.com/	http-dead	404
shaun leane	https://shaunleane.com/	alive	200
paul smith	https://www.paulsmith.com/	alive	200
printify	https://printify.com/	alive	200
soduk	https://soduk.co/	alive	200
piaget	https://www.piaget.com/	alive	200
lowrys farm	https://www.dot-st.com/lowrysfarm/	alive	200
q36.5	https://www.q36-5.com/	alive	200
nokwal	https://nokwal.com/	alive	200
one piece store	https://onepiece.store/?doing_wp_cron=1654729284.8748979568481445312500%3Futm_source%3DGoodOnYou+App	alive	200
pepe jeans	https://www.pepejeans.com/en_gb/	alive	200
roman originals	https://www.roman.co.uk/	alive	200
ron dorff	https://www.rondorff.com/	alive	200
noosa active	https://noosaactive.com.au/	dns-dead	NXDOMAIN @1.1.1.1+8.8.8.8
opalook	https://opalook.fr/	blocked	403
roja beauty	http://rojabeauty.com/	alive	200
nile clothing	https://www.nile.ch/	alive	200
shoe carnival	https://www.shoecarnival.com/	alive	200
pinky&dianne	http://www.pinkyanddianne.com/	alive	200
pansy	https://www.pansy.co/	alive	200
rothy's	https://rothys.com/	alive	200
pelle p	https://www.pellepetterson.com/en-us/	blocked	503
quem disse  berenice?	https://www.quemdisseberenice.com.br/	alive	200
queen moda positano	https://www.queenmodapositano.com/	alive	200
ochre	http://ochrebeauty.com/	alive	200
patbo	https://patbo.com/	alive	200
sole	https://www.sole.co.uk/	blocked	429
nicole alex	https://www.shopnicolealex.com/	alive	200
petit kouraj	https://www.petitkouraj.com/	alive	200
rosso35	https://www.rosso35.com/en/hompage/	http-dead	404
notre-v	https://www.omoda.nl/notre-v/	alive	200
optiblu	https://www.optiblu.ro/	blocked	403
peggy sage	http://www.peggysage.com/	alive	200
rose & born	https://roseborn.com/	alive	200
reyya	https://www.labelreyya.com/	alive	200
perfect stranger	https://www.perfectstranger.com.au/	alive	200
poc sports	https://www.pocsports.com/	alive	200
original madras trading company	https://omtcnyc.com/	alive	200
ria menorca	https://www.ria.es/	alive	200
plain people	https://www.plainpeople.jp/	alive	200
partow	https://partow.us/	alive	200
rue saint-patrick	https://www.ruesaintpatrick.com/	alive	200
ross dress for less	https://www.rossstores.com/	alive	200
menique	https://menique.com/	alive	200
raffaello rossi	https://raffaello-rossi.de/	alive	200
oh!zuza	https://ohzuza.com/	alive	200
rmk	https://www.rmkrmk.com/	alive	200
rage age	https://rageage.com/	tls-error	ERR_TLS_CERT_ALTNAME_INVALID
quincy mae	https://www.quincymae.com/	blocked	403
santu beauty	https://santubeauty.com/	alive	200
nukus	https://nukus.nl/	alive	200
original marines	https://www.originalmarines.com/	alive	200
pucci	https://www.pucci.com/	alive	200
rōz hair	https://rozhair.com/collections/all	alive	200
north sails	https://www.northsails.com/	alive	200
no more	https://nomoreaccessories.com/	alive	200
prouds	https://www.prouds.com.au/	alive	200
rino & pelle	https://rino-pelle.com/	alive	200
rubysparrowdesign	https://www.rubysparrowdesign.com/	tls-error	UNABLE_TO_GET_ISSUER_CERT_LOCALLY
ouai	https://theouai.com/	alive	200
port zienna	https://www.portzienna.com/	alive	200
poème clothing	https://www.poemeclothing.com/	http-dead	402
rampage	https://rampage.com/	alive	200
pause	https://pausejeans-online.com/	blocked	403
s4 jackets	https://s4-jackets.com/	tls-error	ERR_TLS_CERT_ALTNAME_INVALID
lululemon	https://www.lululemon.com/	http-dead	400
organique	https://www.organiquestudio.com/?oid=174&affid=1&source_id=GoY-rating&sub1=brandpage	alive	200
metro shoes	https://www.metroshoes.com/	alive	200
räthel & wolf	https://rathelwolf.com/	alive	200
pretty green	http://www.prettygreen.com/	alive	200
ravescoutr	https://ravescoutr.com/	alive	200
petite grand	https://www.petitegrand.com/	alive	200
satori stylez	https://satoristylez.com/	dns-dead	NXDOMAIN @1.1.1.1+8.8.8.8
oamc	http://oamc.com/	alive	200
rachel moayer skin	http://rachelmoayerskin.com/	alive	200
purificacion garcia	https://purificaciongarcia.com/	alive	200
rus	https://www.rusthebrand.com/	alive	200
performance clothing	http://performance.clothingrange.co.uk/	http-dead	410
nonat	https://nihanonat.com/	alive	200
sophia webster	https://www.sophiawebster.com/	alive	200
pure h.tico	https://www.pureshirt.com/	alive	200
ragman	https://www.ragman.de/	alive	200
pratima skincare	https://www.pratimaskincare.com/	alive	200
re;code	https://www.kolonmall.com/RECODE/List/133020162325	alive	200
peninsula swimwear	https://peninsulaswimwear.com/	alive	200
other	https://otheruk.com/	alive	200
miista	https://miista.com/	blocked	429
piazza italia	https://www.piazzaitalia.it/	alive	200
recolution	http://www.recolution.de/	alive	200
pierre lannier	http://www.pierre-lannier.fr/	tls-error	CERT_HAS_EXPIRED
roberto cavalli	https://www.robertocavalli.com/	alive	200
schiesser	https://www.schiesser.com/	alive	200
ranavat	http://www.ranavat.com/	alive	200
queen of the court	https://queenofthecourtbrand.com/	alive	200
pharmadrops	https://pharmadrops.dk/	alive	200
sacoor blue	https://www.sacoorblue.com/rs/en	alive	200
ottolinger	https://www.ottolinger.com/	alive	200
not shy	https://www.notshy.fr/	alive	200
roeckl	https://www.roeckl.com/	alive	200
qrxlabs	https://qrxlabs.com/	alive	200
redmax	https://www.redmaxsportswear.com/	alive	200
oy	https://oysurf.com/eu/en/	alive	200
odette e odile	https://store.united-arrows.co.jp/brand/oeo/?wovn=en%3Futm_source%3DGoodOnYou+App	blocked	403
peas in a pod	http://www.allthingsjill.ca/	alive	200
rita row	https://www.ritarow.com/	alive	200
perlensau	https://perlensau.com/	alive	200
refrigiwear	https://www.refrigiwear.it/	tls-error	CERT_HAS_EXPIRED
proenza schouler	https://www.proenzaschouler.com/	alive	200
sea me happy	https://www.seamehappy.be/	alive	200
re.draft	https://www.redraft-clothing.com/	tls-error	ERR_TLS_CERT_ALTNAME_INVALID
rubin & chapelle	http://www.rubinchapelle.com/	alive	200
rebel sport	https://www.rebelsport.co.nz/	alive	200
rage	https://ragesa.co.za/	alive	200
pig  chicken & cow	http://pigchickencow.com/	alive	200
sal parasuco	https://www.salparasuco.com/	alive	200
nudea	https://www.nudea.com/?oid=290&affid=1&source_id=GoY-rating&sub1=brandpage	alive	200
roote	http://www.rooteofficial.com/	alive	200
rack room shoes	https://www.rackroomshoes.com/	alive	200
rodier	https://www.rodier.fr/	alive	200
reimi botanicals	http://www.reimibotanicals.com/	alive	200
palmers	https://www.palmers.at/	alive	200
rocio canvas	https://www.rociocanvas.com.br/	blocked	403
pharmagel	http://www.pharmagel.net/	alive	200
princess highway	https://www.princesshighway.com.au/	blocked	429
pur schoen	https://purschoen.de/	alive	200
perpèt	https://perpet.men/	alive	200
seidenfelt	https://www.seidenfelt.de/	alive	200
rye beauty	https://ryebeauty.com/	alive	200
pisamonas	https://www.pisamonas.co.uk/	alive	200
rave review	https://www.rave-review.com/	alive	200
np housukauppa	https://housukauppa.fi/	alive	200
sand snow linen	https://www.sandsnowlinen.com/	alive	200
nishimatsuya	https://www.24028.jp/	alive	200
rowan grey	https://www.rowangrey.net/	alive	200
mimaami organics	http://mimaamiorganics.com/	http-dead	402
rarámuri	https://raramuri.co/	alive	200
repipi armario	https://www.dot-st.com/repipiarmario/	alive	200
parfums caron	https://www.parfumscaron.com/	alive	200
rosco emmit body & home	https://www.roscoemmit.ca/	alive	200
romance was born	https://www.romancewasborn.com/	alive	200
piferi	https://www.piferi.com/	dns-dead	NXDOMAIN @1.1.1.1+8.8.8.8
puur ingrid	http://www.puuringrid.com/	alive	200
pheona's jewelers	https://pheonasjewelers.com/	alive	200
p.e nation	https://pe-nation.com/	blocked	429
sage larock	http://www.sagelarock.com/	alive	200
pipette	https://www.pipettebaby.com/	alive	200
septwolves	http://www.septwolves.com/	alive	200
lyle & scott	https://www.lyleandscott.com/	alive	200
pinned by k	https://www.pinnedbyk.com/	alive	200
peregrine	https://www.peregrineclothing.co.uk/	alive	200
oliberté	https://www.oliberte.com/	alive	200
redskins	https://www.redskins.fr/	alive	200
peach john	https://www.peachjohn.co.jp/shop/	alive	200
p448	https://p448.com/	alive	200
s.e.h kelly	http://www.sehkelly.com/	alive	200
o'dore	https://odore.fr/	alive	200
soviet denim	https://sovietdenim.com/	alive	200
reflexone	https://www.reflexone.co.uk/	alive	200
portmans	https://portmans.jgl.com.au/	alive	200
renaissance renaissance	http://www.renaissancerenaissance.com/	alive	200
rossario george	https://rossariogeorge.com/	alive	200
piquadro	https://www.piquadro.com/gb/	alive	200
pan tu nie stał	https://pantuniestal.com/	alive	200
saloni	https://saloniworld.com/	alive	200
macowens	https://www.macowens.com.ar/	alive	200
plain units	https://www.plainunits.com/	blocked	429
petite m.	https://www.petitem.com/	alive	200
one more story	https://www.one-more-story.com/	tls-error	ERR_SSL_TLSV1_ALERT_INTERNAL_ERROR
pssbl	https://www.pssbl.life/	alive	200
sahajan	http://www.sahajan.com/	alive	200
sport 2000	https://sport2000.at/	alive	200
octobre editions	https://www.octobre-editions.com/	blocked	403
preen by thornton bregazzi	https://preenbythorntonbregazzi.com/	alive	200
retinol by robanda	https://retinolbyrobanda.com/	alive	200
play it again sports	https://www.playitagainsports.com/	alive	200
rubirosa	http://rubirosa.com/	alive	200
royle eleven	https://royleeleven.com/	server-error	500
reale actives	https://realeactives.com/	alive	200
playlife	http://www.playlife.com/	timeout	
nurture the nest	https://nurturethenest.com.au/	alive	200
panamuna project	https://www.panamunaproject.com.au/	http-dead	402
mahogany	https://www.mahogany.com.br/	alive	200
piedro	https://www.piedro.com/	alive	200
pure soul organics	http://puresoulorganics.com/	alive	200
pimkie	https://www.pimkie.fr/	alive	200
shaklee	http://www.shaklee.com/	alive	200
opmar	https://opmar.com.tr/	blocked	403
ruhmee	https://ruhmee.com.au/	alive	200
princess polly	https://us.princesspolly.com/	alive	200
sandy liang	https://www.sandyliang.info/	alive	200
qurc. amsterdam	https://www.qurc-amsterdam.com/	alive	200
rye tender	https://ryetender-homepage.com/	dns-dead	NXDOMAIN @1.1.1.1+8.8.8.8
rūpahaus	https://www.rupahaus.com/?oid=351&affid=1&source_id=GoY-rating&sub1=brandpage	alive	200
pepaloves	https://www.pepaloves.com/	alive	200
ocean rodeo	http://www.dutchmint.eu/	dns-dead	NXDOMAIN @1.1.1.1+8.8.8.8
pioneer jeans	https://www.pioneer-jeans.com/	alive	200
reell	https://www.reellworld.com/	blocked	403
pomellato	https://www.pomellato.com/	alive	200
patrizia pepe	https://www.patriziapepe.com/	alive	200
origin memory	https://weibo.com/u/7461494749	alive	200
rezo haircare	http://www.rezohaircare.com/	alive	200
parker clay	https://www.parkerclay.com/	alive	200
ohsevendays	https://ohsevendays.com/?oid=117&affid=1&source_id=GoY-rating&sub1=brandpage	alive	200
polysnifferous	https://polysnifferous.com/	alive	200
plantkos	http://www.plantkosskincare.com/	alive	200
raw love sunscreen	https://rawlovesunscreen.com/	alive	200
pittarosso	https://www.pittarosso.com/	alive	200
noemi swim	https://noemiswim.com/	alive	200
miomi	https://miomiworld.com/	alive	200
raive	https://en.raivejoyas.com/	alive	200
reliv organics inc	http://www.relivorganics.com/	alive	200
sail racing international	https://sailracing.com/	alive	200
pogo	http://www.mypogolife.com/	alive	200
sacha	https://www.sacha.nl/	alive	200
ricosta	http://www.ricosta.de/	alive	200
ptoutwear	https://ptoutwear.com/	alive	200
sara campbell	https://saracampbell.com/	alive	200
sage sister	https://sagesister.co.uk/	alive	200
peckham rye	https://peckhamrye.com/	alive	200
paul smith eyewear	https://www.paulsmith.com/eu/eyewear	alive	200
powerv	https://powervskin.com/	alive	200
polo blue	https://www.poloralphlauren.com/	alive	307
plus ultra	https://liveplusultra.com/	alive	200
norie	http://norieshop.com/	alive	200
raymond group	http://www.raymond.in/	net-error	UND_ERR_CONNECT_TIMEOUT
results by nature®	https://resultsbynature.com/	alive	200
quapi	https://www.quapikidswear.nl/	alive	200
ports 1961	https://ports1961.com/	alive	200
saks potts	https://sakspotts.com/	alive	200
riversol skincare	http://www.riversol.com/	alive	200
salvador artesano	https://www.salvadorartesanostore.com/	alive	200
rio de sol	https://riodesol.com/	alive	200
sarana	https://saranamiracle.com/	alive	200
powster	https://powsterstudios.com/	alive	200
perfect image llc	https://perfectimage.com/	alive	200
ofra cosmetics	https://www.ofracosmetics.com/	alive	200
peruvian kani	https://peruviankani.com/	alive	200
pelli	https://pellibags.com.au/	alive	200
prettylittlething	https://www.prettylittlething.com/	alive	200
poolday-paris	https://poolday-paris.com/	alive	200
nouvelle compagnie des détergents et du savon de marseille	https://savon-de-marseille.com/	alive	200
red kap	https://redkap.com/	alive	200
savicki	https://savicki.com/	blocked	403
richard mille	http://www.richardmille.com/	alive	200
otowil	https://otowil.com/	alive	200
preggo leggings	https://www.preggoleggings.com/	alive	200
sanctuarie	https://sanctuarie.com/	alive	200
saavy naturals	http://www.saavynaturals.com/	alive	200
rockupy	https://rockupy.com/	alive	200
sanmarine	https://sanmarine.us/	dns-dead	NXDOMAIN @1.1.1.1+8.8.8.8
roberto coin	https://robertocoin.com/	alive	200
scabal	https://scabal.com/	alive	200
recreate	https://recreateclothing.co.nz/?oid=270&affid=1&source_id=GoY-rating&sub1=brandpage	alive	200
pride to be	https://www.pridetobe.de/	alive	200
olderbrother	https://olderbrother.us/	alive	200
phosis	http://phosis.com/	alive	200
perlie	https://www.perlie.nl/	alive	200
pragnell	https://www.pragnell.co.uk/	alive	200
nurst llc	https://royalfamilyfarming.com/	alive	200
progressive crawlers	https://www.progressivecrawlers.com/	dns-dead	NXDOMAIN @1.1.1.1+8.8.8.8
reguladora	https://www.reguladora.pt/	alive	200
rive droite	https://www.rivedroite-paris.com/en	alive	200
ozolabs  llc	http://www.ozolabs.com/	alive	200
rejina pyo	https://rejinapyo.com/	alive	200
st. john	https://www.stjohnknits.com/	alive	200
sappo hill soapworks	http://www.sappohill.com/	alive	200
salt gypsy	https://www.saltgypsy.com/	alive	200
rohnisch	https://www.rohnisch.com/	alive	200
regalys	https://www.regalys.shop/	http-dead	404
salsa jeans	https://www.salsajeans.com/	alive	200
omoda	https://www.omoda.be/	alive	200
olive ave polish	http://oliveavepolish.com/	alive	200
missoni	https://www.missoni.com/	alive	200
phenix	https://phenix.jp/en/	alive	200
parkson	http://www.parkson.com.my/	alive	200
purecode usa	https://www.purecodeusa.com/	alive	200
reno-obuv	https://www.reno-obuv.cz/	dns-dead	NXDOMAIN @1.1.1.1+8.8.8.8
pampered bee	http://pamperedbee.com/	alive	200
primavera	https://primavera-bags.com/	tls-error	ERR_TLS_CERT_ALTNAME_INVALID
residus	https://residusofficial.com/	alive	200
savannah morrow the label	https://savannahmorrow.com/	alive	200
sartory-billard	https://sartory-billard.com/	alive	200
purdey	https://www.purdey.com/	alive	200
remonte	https://www.remonte.com/	blocked	403
schott japan	https://schott-nyc.jp/	alive	200
okinawa yamakataya	http://www.yamakataya.co.jp/	alive	200
one plane jane	https://oneplanejane.com/	net-error	UND_ERR_CONNECT_TIMEOUT
modanisa	http://www.modanisa.com/	alive	200
pigmentarium	https://www.pigmentarium.com/en	alive	200
room shop vintage	https://roomshopvintage.com/	alive	200
paul taylor	https://www.paultaylor.it/en/	alive	200
revlon	http://www.revlon.com/	alive	200
paris miki	https://www.paris-miki.co.jp/	alive	200
prosac alwaysmile	https://www.prosacalwaysmile.com/	alive	200
riaz dan	https://www.riaz-dan.de/	alive	200
school rag	https://www.school-rag.com/	alive	200
pyer moss	https://www.pyermoss.com/	alive	200
prohibited	https://www.prohibited.shop/	alive	200
réuni	https://reuni.com/	alive	200
olove® skin	http://onelovebodysoul.com/	alive	200
rockmount ranch wear	https://rockmount.com/	alive	200
scapino	https://www.scapino.nl/	alive	200
pistola	https://www.pistoladenim.com/	alive	200
pinky b beauty	https://pinkybbeauty.com/	alive	200
optical center	https://www.optical-center.fr/	alive	200
paul & shark	https://www.paulandshark.com/uk_en/	alive	200
plant based candles	http://www.plantbasedcandles.com/	alive	200
ooo polish	http://www.ooopolish.com/	alive	200
r.e.m. beauty	https://rembeauty.com/	alive	200
onelogy	https://onelogy.com/	alive	200
petite oh	https://www.petitoh.com/	timeout	
steiff	https://www.steiff.com/	alive	200
occeanne	http://www.occeanne.com/	alive	200
playshoes	https://playshoes.de/	alive	200
saniderm tattoo care	http://saniderm.com/	dns-dead	no A/AAAA @1.1.1.1
scott	https://www.scott-sports.com/gb/en/	alive	200
orient watch company	https://aion.orologiorient.it/	alive	200
mon pull moche de noël	https://www.mon-pull-moche-de-noel.com/	alive	200
pelagic	https://pelagicgear.com/	alive	200
ralf ringer	https://ralf.ru/	alive	200
orangeshine	https://www.orangeshine.com/	alive	200
pierotucci	https://www.pierotucci.com/en	alive	200
office	https://www.office.co.uk/	blocked	403
sarar	https://sarar.com/	alive	200
secrid	https://www.secrid.com/	alive	200
pure choice apparel	https://purechoiceapparel.com/	alive	200
perlato	https://perlato.com/	net-error	UNABLE_TO_VERIFY_LEAF_SIGNATURE
maito	https://maitokomuro.com/	alive	200
rcma	http://www.rcmamakeup.net/	alive	200
old linen mill	https://oldlinenmill.com/	server-error	500
scallywings	https://scallywings.com/	http-dead	402
polis casfino	https://www.poliscasfino.com/	http-dead	423
schwarz etienne	https://www.schwarz-etienne.ch/	alive	200
seaire	http://www.seaireskin.com/	alive	200
penfield	http://penfield.com/	alive	200
qiaodan	https://www.qiaodan.com/	alive	200
princesse nomade	https://www.princessenomade.com/	net-error	ECONNRESET
ottino	https://www.ottino.com/	alive	200
red wing shoes	https://www.redwingshoes.com/	blocked	403
seaesta surf	https://seaestasurf.com/	alive	200
purdori	http://purdori.com/	alive	200
riddle oil	https://riddleoil.com/	alive	200
omdl coastal	https://www.omdlcoastal.com/#/?utm_source=GoodOnYou%20App&utm_medium=Referral	tls-error	ERR_SSL_SSL/TLS_ALERT_HANDSHAKE_FAILURE
pomkin	https://www.pomkin.ca/	alive	200
ormoda	https://ormoda.com/	alive	200
organication	https://www.organication.de/	alive	200
saint james	https://www.saint-james.com/	alive	200
santa fe botanicals	https://santafebotanicals.store/	alive	200
rachel k	http://www.rachelkcosmetics.com/	alive	200
ph5	https://ph5.com/	alive	200
seaside	https://seasidefashionlabel.com/	alive	200
rei	https://www.rei.com/	alive	200
perlita peaches	https://www.perlitapeaches.com/	tls-error	ERR_TLS_CERT_ALTNAME_INVALID
rika skincare	http://rikaskincare.com/	alive	200
select	https://www.selectfashion.co.uk/	alive	200
pyne & smith clothiers	https://www.pyneandsmith.com/	alive	200
onurth skincare	http://onurth.com/	alive	200
rivieras	https://rivieras.com/	alive	200
selected-femme	https://www.selected.com/	alive	200
outback ranch	https://outback-ranch21.square.site/	alive	200
poya	https://www.poyaorganics.com/	blocked	403
stokton	https://www.stokton.it/	alive	200
montblanc	https://www.montblanc.com/	alive	200
oth paris	https://www.oth-paris.com/	alive	200
samsoe samsoe	https://www.samsoe.com/	alive	200
sashaskvo	https://skvoshop.ru/	alive	200
ramraj cotton	https://ramrajcotton.in/	alive	200
sem per lei	https://semperlei.com/	alive	200
pietro brunelli	https://pietrobrunelli.com/	alive	200
risy&jerfs	https://www.risy-jerfs.com/	alive	200
phase eight	https://www.phase-eight.com/	alive	200
postie	https://postie.com.au/	alive	200
rnb jewellery	https://rnbjewellery.ca/	alive	200
serge lutens	https://sergelutens.com/	alive	200
rodan & fields	https://www.rodanandfields.com/	blocked	403
pacsun	https://www.pacsun.com/	alive	200
prim stargazer	https://primstargazer.ca/	dns-dead	NXDOMAIN @1.1.1.1+8.8.8.8
studio clique	https://studio-clique.com/	alive	200
organic farm fresh tees	https://www.etsy.com/shop/organicfarmfreshtees	blocked	403
rotary watches	http://www.rotarywatches.com/	alive	200
mosaert	http://www.mosaert.com/	alive	200
plain jane beauty	http://www.plainjanebeauty.net/	alive	200
selina kyleen	http://selinakyleen.com/	alive	200
renu naturals	https://renunaturals.com/	alive	200
piper lily™ skincare	http://piperlily.ca/	alive	200
re:sin	https://www.re-sin.com/	net-error	UND_ERR_SOCKET
pirouette	https://pirouetteperfume.com/	alive	200
p.j. salvage	https://www.pjsalvage.com/	alive	200
prénatal  netherlands	https://www.prenatal.nl/	alive	200
shanghai tang	https://www.shanghaitang.com/	alive	200
suboo	https://suboo.com.au/	alive	200
mr & mrs italy	https://www.mmi.it/	dns-dead	NXDOMAIN @1.1.1.1+8.8.8.8
scathed	https://www.scathedfashion.com/?oid=382&affid=1&source_id=GoY-rating&sub1=brandpage	alive	200
podyh	https://podyh.com/	alive	200
pro image sports	https://proimagesports.com/	blocked	403
plantéa skincare	https://www.planteaskin.com/	alive	200
redrew	https://www.redrewclothing.com/	alive	200
papaya	https://www.papayaclothing.com/	alive	200
panafrica	https://www.panafrica-store.com/en/	alive	200
oxmox	https://www.oxmox.de/	alive	200
setsofran	https://setsofran.com/	alive	200
robinson department store	https://www.robinson.co.th/	server-error	502
santory	https://santory.com.mx/	alive	200
scody	https://www.scody.com/	alive	200
ships	https://www.shipsltd.co.jp/	alive	200
rewind it 10	https://rewindit10.com/	alive	200
manastash	https://www.manastash.com/	alive	200
reir	https://www.san-ai.com/shopbrand/reir	alive	200
r+co	http://www.randco.com/	alive	200
roger vivier	http://www.rogervivier.com/en-gb/	blocked	403
napo gloves	https://napogloves.com/	alive	200
piilgrim	https://www.piilgrim.com/	alive	200
muscat	https://www.muscat.pl/	blocked	403
scrivens	https://scrivens.com/	blocked	403
pas normal studios	https://pasnormalstudios.com/	alive	200
serge thoraval	http://www.atelier-serge-thoraval.com/	alive	200
palmer//harding	https://www.palmerharding.com/	alive	200
ron herman	https://ronherman.jp/	alive	200
parkhurst	https://parkhurst.ca/	http-dead	404
proze performance nutrition	http://www.proze.com/	alive	200
shynee knobs nail polish	http://www.shyneeknobs.com/	alive	200
portland bee balm	https://portlandbeebalm.com/	alive	200
rally	https://www.rallyskin.com/	alive	200
reprime	https://www.artisanbyreprime.com/	alive	200
rimowa	https://www.rimowa.com/	blocked	403
natura	https://www.naturaselection.com/	blocked	429
oshkosh b'gosh	https://oshkosh.com/	blocked	403
rollmann	https://rollmann.bg/	alive	200
polite worldwide	https://www.politeworldwide.com/	alive	200
sevenroses	https://sevenroses.fr/	alive	200
roopa pemmaraju	https://roopapemmaraju.com/	alive	200
sheike	https://www.sheike.com.au/	alive	200
playful promises	https://playfulpromises.com/	alive	200
shobido	https://www.shobido-corp.co.jp/	alive	200
marathon sports	https://www.marathonsports.com/	alive	200
roots & roses	https://roots-roses.com/	alive	200
rue de femme	https://www.ruedefemme.com/	alive	200
piticas	https://piticas.com.br/	net-error	ECONNREFUSED
pawo	https://sklep.pawo.pl/pl/	blocked	429
pure magnolia	https://puremagnolia.ca/	alive	200
parfums artimique	https://www.parfumsartimique.com/	alive	200
sundance catalog	https://www.sundancecatalog.com/	net-error	UND_ERR_CONNECT_TIMEOUT
pray	https://www.prayforusclothing.com/	tls-error	ERR_SSL_TLSV1_ALERT_INTERNAL_ERROR
punky color	http://punky.com/	alive	200
roamer	http://www.roamer.ch/	alive	200
nebbia	https://nebbia.fitness/	alive	200
sebago	https://www.sebago.fr/	alive	200
mystrada	http://mystrada.jp/	alive	200
ross & snow	https://ross-snow.com/	dns-dead	no A/AAAA @1.1.1.1
poupette st barth	https://www.poupettestbarth.com/	alive	200
rapanui	https://click.linksynergy.com/deeplink?id=Fluhu2U*BdY&mid=50425&murl=https%3A%2F%2Frapanuiclothing.com	alive	200
rosy & earnest	https://rosyandearnest.com/	alive	200
sherris	https://sherris.shop/shop	alive	200
re	https://fesretail.com/re/	alive	200
rougegorge	https://www.rougegorge.com/	alive	200
reinhard frans	https://www.reinhardfrans.com/	alive	200
shanpaulo	https://shanpaulo.com/	alive	200
rhodenwald & söhne	https://rhodenwald.de/	alive	200
pleatsmama	https://en.pleatsmama.com/	alive	200
satin smooth	http://satinsmooth.com/	alive	200
people of earth	http://peopleofearth.co/	alive	200
pristine	https://www.pristine-official.jp/	alive	200
princess jewellery	https://princessjewellery.cz/	alive	200
pyrrha	https://pyrrha.com/	alive	200
rogue	https://rogueperfumery.com/	alive	200
naked and thriving	https://www.nakedandthriving.com/	alive	200
semina	http://www.shopsemina.com/	alive	200
rubicon	https://www.rubicon-fashion.de/	alive	200
preston lane	http://onprestonlane.com/	alive	200
re49	https://www.re49.it/	alive	200
shoo·la ·rue	https://store.world.co.jp/s/brand/shoo-la-rue/	blocked	403
red-rag boys & girls	https://www.red-rag.com/	alive	200
represent	https://eu.representclo.com/	alive	200
shoe city	https://www.shoecity.co.za/	alive	200
paul stuart	https://store.sanyo-shokai.co.jp/pages/paul_stuart	alive	200
ripa ripa	https://riparipa.com/	alive	200
ponara	http://ponara.world/	alive	200
persol	https://persol.com/	blocked	429
polyn baby	http://skinourishment.com/	tls-error	CERT_HAS_EXPIRED
neuw denim	https://www.neuwdenim.com/eu	alive	200
puffin gear	https://puffingear.com/	alive	200
silver jeans co.	https://www.silverjeans.com/	alive	200
psylo	https://psylofashion.com/	alive	200
rosa clará	https://www.rosaclara.es/	alive	200
setup	http://setupclothing.com/	alive	200
natalie perry	https://natalieperryjewellery.com/	alive	200
pro keds	https://www.prokeds.com/	blocked	403
reebok	https://www.reebok.com/	alive	200
rowing blazers	https://rowingblazers.com/	alive	200
shoeday	https://www.shoeday.no/	alive	200
schaap en citroen	https://www.schaapcitroen.nl/	blocked	429
s.p.c.c.	https://www.spccstore.com/	alive	200
sidia	https://sidiathebrand.com/	alive	200
susan bijl	https://www.susanbijl.nl/	alive	200
siemes schuhcenter	https://www.siemes.de/	tls-error	ERR_SSL_TLSV1_ALERT_INTERNAL_ERROR
rudy jude	https://rudyjude.com/	alive	200
mariamare	https://www.mariamare.com/	alive	200
qubz	https://www.qubzclothing.com/	http-dead	404
shekou	https://shekouwoman.com/	alive	200
puna noni naturals	http://www.punanoni.com/	alive	200
naturesupplycompany	https://www.naturesupplyco.com/	alive	200
rumpl	https://www.rumpl.com/	alive	200
sievin jalkine	https://www.sievi.com/	alive	200
patrizia aryton	https://patrizia.aryton.pl/	alive	200
saiid kobeisy	https://saiid-kobeisy.com/	alive	200
r13	https://www.r13denim.com/	alive	200
swolit	https://swolit.co.uk/	alive	200
simkha biocosmetics	https://abonnement.simkhabiocosmetiques.ca/	alive	200
sa fab	https://handblockprintsbagru.com/	alive	200
pretty frank	http://pretty-frank.com/	timeout	
rvlt	https://www.rvlt.com/	dns-dead	no A/AAAA @1.1.1.1
pelliot	https://www.pelliot.com.cn/	alive	200
rael	https://www.getrael.com/	alive	200
roberto geissini	https://www.robertogeissini.de/	alive	200
shoewear	https://upshoewear.nl/	dns-dead	no A/AAAA @1.1.1.1
purely lush	https://www.purelylush.com/	alive	200
sabila skincare	https://sabilaskincare.com/	alive	200
rudedog	https://rudedog.co/	alive	200
simple mama company	https://www.simplemamaco.com/	tls-error	ERR_SSL_SSL/TLS_ALERT_HANDSHAKE_FAILURE
pechoin	http://www.pechoin.com/	alive	200
ralph lauren	https://www.ralphlauren.com/	alive	307
sea	https://sea-ny.com/	alive	200
reiss	https://www.reiss.com/	alive	200
sisters point	https://www.sisterspoint.com/	blocked	429
royal apparel	https://royalapparel.com/	alive	200
proclaim	https://www.wearproclaim.com/?oid=173&affid=1&source_id=GoY-rating&sub1=brandpage	alive	200
sam edelman	https://www.samedelman.com/	blocked	403
saga cosmetics	https://www.sagacosmetics.com/	net-error	ENETUNREACH
quazi design	https://quazidesign.com/	alive	200
raspberryplum	https://raspberryplum.com/	http-dead	402
simmer clothing	http://simmerclothing.squarespace.com/	http-dead	404
owl in a towel	http://www.owlinatowel.com/	alive	200
siena d	https://www.siena-d.com/	net-error	UND_ERR_CONNECT_TIMEOUT
sirens	https://ym-inc.com/brand/sirens/	alive	200
signet jewelers limited	https://www.signetjewelers.com/	blocked	403
siinsiin	https://www.siinsiin.com/	alive	200
purebaby	https://purebaby.com.au/	alive	200
powersutra	http://www.powersutra.co/	alive	200
reign	https://reign.co/	alive	200
rhode	http://rhodeskin.com/	alive	200
philosophy blues original	https://www.pbo-group.com/	alive	200
saint and sofia	https://saintandsofia.com/	alive	200
purnama	https://shoppurnama.com/	alive	200
marlù	https://www.marlu.it/it/	alive	200
sizeer	https://sklep.sizeer.com/	alive	200
seenaya	http://seenaya.com/	alive	200
reserva	https://www.usereserva.com/	alive	200
nena & co.	https://www.nenaandco.com/	alive	200
nicola hinrichsen	https://www.nicola-hinrichsen.com/	alive	200
perfect herbs	https://perfectherbs.ca/	blocked	403
sanre organic skinfood	http://www.sanreorganic.com/	alive	200
seeall	https://seeall.jp/	alive	200
real fruit body	http://realfruitbody.com/	alive	200
palladio beauty	https://www.palladiobeauty.com/	alive	200
simmons bilt	https://www.simmonsbilt.com/	alive	200
quay australia	https://www.quayaustralia.eu/	blocked	403
pretty vacant	https://www.vacantclothing.co.uk/	dns-dead	no A/AAAA @1.1.1.1
rip curl	https://www.ripcurl.com/	alive	200
pig and hen	https://www.pigandhen.nl/	alive	200
same skincare	http://sameskincare.com/	alive	200
querol	https://www.querol.net/	alive	200
skopes	https://www.skopes.co.uk/	alive	200
salmoiraghi & viganò	https://www.salmoiraghievigano.it/	blocked	403
sleeper	https://the-sleeper.com/en	blocked	429
september	https://www.septembertheline.com/	alive	200
perfumer h	https://www.perfumerh.com/	alive	200
puppets and puppets	https://puppetsandpuppets.com/	alive	200
saint steve	https://saintsteve.nl/	alive	200
petite studio	https://www.petitestudionyc.com/	alive	200
powell craft	http://www.powellcraft.com/	alive	200
sense organics	https://www.sense-organics.com/	alive	200
reflect	https://store.world.co.jp/s/brand/reflect/	blocked	403
raeburn	https://www.raeburndesign.co.uk/	alive	200
paraphrase perfume	https://libertinefragrance.com/	alive	200
s.k. manor hill	https://skmanorhill.com/	alive	200
sistie	https://sistie.dk/	net-error	UND_ERR_CONNECT_TIMEOUT
quitan	https://www.quitan.jp/	alive	200
ræburn	https://www.christopherraeburn.co.uk/	alive	200
pixie	https://itspixie.com/	alive	200
simplicitie usa	https://www.simplicitie.com/	alive	200
santicler	https://santicler.com/?oid=246&affid=1&source_id=GoY-rating&sub1=brandpage	alive	200
rageblue	https://www.dot-st.com/rageblue/	alive	200
progetto quid	https://shop.progettoquid.com/	tls-error	ERR_TLS_CERT_ALTNAME_INVALID
niccolò p.	https://www.niccolo-p.com/	alive	200
roksanda	http://roksanda.com/	alive	200
smiths city	https://smithscity.co.nz/	alive	200
sandwich	https://sandwichfashion.nl/	alive	200
shahini fakhourie	https://shahinifakhourie.com/	timeout	
pvh corp.	https://www.pvh.com/	alive	200
simplysiti	https://www.simplysiti.com.my/	alive	200
renuar	https://www.renuar.co.il/he	blocked	429
piera ceresa	https://pieraceresa.com.au/	alive	200
rhythm skin care	https://rhythmskincare.com/	alive	200
religion	https://religionclothing.com/	alive	200
masala tee	http://www.masalateeboutique.com/	alive	200
sahara rose	http://www.sahararose.com/	alive	200
prima moda	https://www.primamoda.com.pl/	tls-error	ERR_SSL_TLSV1_ALERT_INTERNAL_ERROR
niza	https://www.nizaonline.com/	alive	200
ragwear	https://www.ragwear.com/	alive	200
roberto d'angelo	https://www.robertodangelo.nl/	alive	200
sjolie	https://www.sjoliespraytan.com/	alive	200
passion marine	https://passionmarine.fr/	alive	200
sasquatchfabrix	https://sasquatchfabrix.com/	dns-dead	no A/AAAA @1.1.1.1
raw color	https://www.rawcolor.nl/	alive	200
skincare junkie	http://www.skincarejunkie.com/	alive	200
nina ricci	https://www.ninaricci.com/	alive	200
rosec jewels	https://www.rosecjewels.com/	alive	200
sock harbor	https://sockharbor.com/	alive	200
sarah sue design	https://www.sarahsuedesign.com/	alive	200
quotrell	https://quotrell.com/	blocked	429
sezon	https://sezon.ua/	alive	200
shinsegae centum city	https://www.shinsegae.com/store/main.do?storeCd=SC00008	alive	200
site for sore eyes	https://www.siteforsoreeyes.com/	blocked	503
piper & skye	https://www.piperandskye.com/	alive	200
ripley s.a.	http://www.ripley.com/	blocked	403
sister's aroma	https://sistersaroma.com/	alive	200
restore hyper wellness	https://www.restore.com/	alive	200
matteau	https://int.matteau-store.com/	alive	200
rudy's	http://www.rudysbarbershop.com/	alive	200
samuel hubbard	https://www.samuelhubbard.com/	alive	200
nomadic state of mind	https://www.nomadicstateofmind.com/	alive	200
raw threads	https://rawthreads.com/	alive	200
rokit vintage	https://www.rokit.co.uk/	alive	200
pnj	https://www.pnj.com.vn/	alive	200
sleeping with jacques	https://www.sleepingwithjacques.com/	alive	200
skopunkten	https://www.skopunkten.se/	alive	200
recover brands	https://recoverbrands.com/	alive	200
sasa	https://www.sasa.com/	alive	200
nobell’	https://nobell-fashion.com/	tls-error	CERT_HAS_EXPIRED
rewritten beauty	https://www.rewrittenbeauty.com/	alive	200
solar	https://www.solar.com.pl/	alive	200
rains	https://www.rains.dk/	alive	200
smythson	https://www.smythson.com/	alive	200
scent trunk	https://scenttrunk.com/	alive	200
recman	https://www.recman.pl/	timeout	
salvatore ferragamo	https://www.ferragamo.com/	alive	200
project x paris	https://www.projectxparis.com/	alive	200
phera	https://wearephera.com/	alive	200
plantd skincare ltd.	https://plantdskincare.com/	alive	200
rareessence	https://www.rareessencearomatherapy.com/	alive	200
recycledbags.co	https://www.recycledbags.co/	dns-dead	no A/AAAA @1.1.1.1
roseanna	https://roseanna.fr/	alive	200
smith & canova	https://www.smithandcanova.co.uk/	alive	200
snap	https://www.snapclimbing.com/	alive	200
scat	https://scat-jewelry.com/	alive	200
takashimaya osaka store	https://www.takashimaya.co.jp/osaka/	alive	200
rinascimento	https://www.rinascimento.com/	alive	200
sometime soon	https://www.sometimesoon.com/	net-error	redirect count exceeded
raymar cosmetics	https://raymarcosmetics.com/	alive	200
mazzucchelli's	https://mazzucchellis.com.au/	alive	200
scrubs & beyond	https://www.scrubsandbeyond.com/	alive	200
refresh skin therapy llc	https://www.refreshskintherapy.com/	alive	200
popana	https://popana.com/	http-dead	404
pure atlanta	https://www.pureatlanta.com/	alive	200
sabinis	https://sabinis.es/	blocked	503
piʻi botanicals	http://piibotanicals.com/	http-dead	409
pour moi	https://www.pourmoi.it/	alive	200
roberto sarto	https://www.robertosarto.nl/	alive	200
rebecca vallance	https://www.rebeccavallance.com/	blocked	429
northskull	https://northskull.com/	alive	200
rpnzl	http://rpnzlbeauty.com/	alive	200
scottsdale superstar	https://scottsdalesuperstar.com/	timeout	
sofia cardoni	https://sofiacardoni.com/	alive	200
tara and i	https://taraandi.com/	alive	200
sandra adrubau	https://sandraadrubau.com/	http-dead	402
south beach	https://www.southbeachofficial.com/	alive	200
red is bad	https://www.redisbad.pl/	dns-dead	no A/AAAA @1.1.1.1
sayla	http://yoursayla.com/	alive	200
mehran	http://www.mehran.it/	alive	200
regatta	https://www.regatta.com/	alive	200
removery	https://removery.com/	alive	200
rianne de witte	https://riannedewitte.com/	alive	200
santos by monica	https://www.santosbymonica.com/	alive	200
pear concept	http://www.pearconcept.com/	alive	200
pyrrha jewelry	http://www.pyrrha.com/	alive	200
pit bull	https://pitbullstore.eu/	alive	200
pretty cute	https://prettycute.co.uk/	alive	200
sock my feet	https://www.sockmyfeet.com/	alive	200
reflect studio	https://www.reflectstudio.com/	alive	200
rolex	https://www.rolex.com/	alive	200
seeberger	https://www.seeberger-hats.com/	alive	200
smartwool	https://www.smartwool.com/	alive	200
see by chloé	https://www.chloe.com/us	alive	200
pura vida	https://www.puravidabracelets.com/	alive	200
tchai walla	https://tchaiwalla.fr/	dns-dead	NXDOMAIN @1.1.1.1+8.8.8.8
sarvin	https://sarvin.co.uk/	alive	200
splendid	https://www.splendid.com/	alive	200
regen4d	https://regenskinusa.com/	alive	200
schuhpark	https://www.schuhpark.de/	alive	200
merc	https://www.merc.com/	alive	200
rené caovilla	https://www.renecaovilla.com/	alive	200
rive gauche	http://www.rivegauche.ru/	blocked	503
noonday collection	http://www.noondaycollection.com/	alive	200
roark	https://eu.roarkrevival.com/	alive	200
satisfy	https://satisfyrunning.com/	alive	200
ra attire	https://raattire.com/	alive	200
playtex	https://www.playtex.co.uk/	alive	200
peppercorn	https://peppercorn-fashion.com/	net-error	ECONNREFUSED
shuflia	http://www.shfl.com.ua/	alive	200
refinery	https://www.refinerystore.co.za/	alive	200
rustic loom	https://www.rusticloom.com/	alive	200
rosemira organics	http://rosemira.com/	alive	200
ras shoes	https://www.rasshoes.com/	alive	200
sofia	https://www.sofia.sk/	alive	200
senreve	https://www.senreve.com/	http-dead	423
solférino paris	https://solferino-paris.com/	alive	200
terstal	https://www.terstal.nl/	alive	200
renata corsi	https://renatacorsi.com/	alive	200
scarpa	https://www.scarpa.com/	alive	200
re botanicals	https://www.rebotanicals.com/collections/relief-body-oil	alive	200
reno	https://www.reno.de/	alive	200
seasalt	https://www.seasaltcornwall.com/	alive	200
reusefulthingsstudio	https://www.etsy.com/ca/shop/ReUsefulThingsStudio	blocked	403
nothomme blue	https://nothomme.com/	alive	200
polished punk	https://www.polished-punk.com/	alive	200
schiaparelli	https://www.schiaparelli.com/en	alive	200
skmei	https://www.skmei.com/	alive	200
result genuine recycled	https://resultrecycled.com/	alive	200
peter millar	https://www.petermillar.com/	blocked	403
pro.shoe.lab	https://www.proshoelab.com/	alive	200
sacred weaves	https://www.sacredweaves.com/	alive	200
meyba	https://www.meyba.com/en_GB/meyba-lifestyle.html	http-dead	404
rta	https://rtabrand.com/	alive	200
solaris	https://www.solaris.fr/	alive	200
saison beauty	https://www.saisonbeauty.com/	alive	200
the book club	https://tbceyewear.com/	alive	200
retrosuperfuture	https://retrosuperfuture.com/	alive	200
rebel	https://www.rebelsport.com.au/	blocked	403
prairie potions	http://www.prairiepotions.ca/	alive	200
scotta 1985	https://scotta1985.com/	alive	200
rambler studios	https://ramblerstudios.com/	alive	200
soletrader	https://www.soletrader.co.uk/	blocked	429
nui ami	https://www.nuiami.com/	alive	200
pound cake	https://poundcakecosmetics.com/	alive	200
sea kind	http://www.sea-kind.com/	alive	200
rock on ruby	https://rockonruby.co.uk/	alive	200
smith & soul	https://www.smith-soul.de/	alive	200
soapie squad	http://soapiesquad.com/	alive	200
seoul ceuticals	https://seoulceuticals.com/	alive	200
radyan corporation	https://radyan.net/	timeout	
nr rapisardi	https://www.petersheppard.com.au/collections/nr-rapisardi	alive	200
selin laboratory	https://www.selin-lab.com/	alive	200
salamander	https://salamander.de/	alive	200
punto pigro	https://www.puntopigrostore.com/	alive	200
pico	https://www.project-pico.com/?oid=345&affid=1&source_id=GoY-rating&sub1=brandpage	alive	200
rohan	http://www.rohan.co.uk/	alive	200
primitive house farm	http://primitivehousefarm.me/	alive	200
miki house	https://mikihouse.co.uk/	alive	200
roscomar	https://roscomar.com/	timeout	
rute elements	https://www.ruteelements.com/	alive	200
samy cosmetics	https://www.samycosmetics.com/	alive	200
sevya	https://sevya.com/	alive	200
rienda	https://www.baroque-global.com/jp/brand/rienda	alive	200
oakouture	https://www.oakouture.com/	dns-dead	NXDOMAIN @1.1.1.1+8.8.8.8
sør	https://shop.soer-online.de/	alive	200
ree projects	https://www.reeprojects.com/	alive	200
sojanya	https://sojanya.com/	alive	200
pressio	https://pressio.com/	alive	200
slipstop	http://www.slipstop.co/	alive	200
retrouve	http://retrouve.com/	alive	200
sophnet.	https://www.soph.net/shop/	alive	200
reliance trends	https://reliancetrends.com/	alive	200
rare london	https://www.rarelondon.com/	alive	200
sandali siniscalchi	https://sandalisiniscalchi.com/	alive	200
the hair generation	https://us.thehairg.com/	alive	200
sfera	https://www.sfera.com/	alive	200
silvano fashion group	https://www.silvanofashion.com/	alive	200
soaked in luxury	https://www.soakedinluxury.com/	alive	200
setu	https://setuskincare.com/	alive	200
seibu department stores	https://www.seibu.jp/	dns-dead	NXDOMAIN @1.1.1.1+8.8.8.8
protest	https://www.protest.eu/en/gb/	blocked	403
roys of wroxham	http://www.roys.co.uk/	blocked	403
saddlers union	https://www.saddlersunion.com/	alive	200
re-bello	https://www.re-bello.com/en/	http-dead	402
salich	https://www.etsy.com/shop/Salich	blocked	403
shihara	https://www.shihara.com/	alive	200
rj bodywear	https://www.rjbodywear.com/	alive	200
spalding	https://www.spalding.com/	alive	200
relier81	https://relier81.stores.jp/	blocked	403
sector no limits	http://www.sectornolimits.com/	alive	200
pro 4	https://www.pro4.nl/	tls-error	DEPTH_ZERO_SELF_SIGNED_CERT
solvil et titus	http://www.solvil-et-titus.com/hk/en/	http-dead	404
riders by lee	https://ridersbylee.com.au/	blocked	403
rielli	https://riellibrand.com/	alive	200
spagnolo	https://www.spagnolo.es/	alive	200
restorative botanicals	https://www.restorativebotanicals.com/	alive	200
sara sabella ischia	https://www.sarasabellaischia.com/	alive	200
real deal brazil	https://realdealbrazil.com/	alive	200
pye shirts	http://www.pyeshirts.com/	net-error	UNABLE_TO_VERIFY_LEAF_SIGNATURE
snidel	https://snidel.com/	blocked	403
pompea	https://www.pompea.com/	alive	200
the not ok club	https://thenotokclub.com/	alive	200
squigs	http://www.squigsbeauty.com/	alive	200
mimiscrubhats	https://mimiscrubhats.com/	alive	200
ricki's	https://www.rickis.com/	alive	200
september care studio	https://septembercarestudio.com/	alive	200
rupert and buckley	http://www.rupertandbuckley.com/	tls-error	ERR_SSL_SSL/TLS_ALERT_HANDSHAKE_FAILURE
redemption	https://www.redemption.com/	alive	200
shop the flux	https://shoptheflux.com/	alive	200
romwe	https://us.romwe.com/?rep=dir&ret=us%3Futm_source%3DGoodOnYou+App	alive	200
redefined rebel	https://www.redefinedrebel.com/	alive	200
pinqponq	https://www.pinqponq.com/	alive	200
pushaoo	https://www.pushaoo.com/	alive	200
sola salon studios	https://www.solasalonstudios.com/	alive	200
songzio	https://www.songzio.com/	alive	200
rkt hair care	https://rkthaircare.com/	alive	200
semler shoes	https://www.semler.de/	alive	200
rivet utility	https://rivetutility.com/	http-dead	404
sandmaiden sleepwear	https://sandmaidensleepwear.com/	alive	200
soft gallery	https://www.softgallery.dk/	alive	200
the society shop	https://www.thesocietyshop.com/	alive	200
stefan cooke	https://www.stefancooke.co.uk/	alive	200
sport outlet	https://sportoutlet.no/	alive	200
miracle of denim	https://www.miracleofdenim.com/	alive	200
odele	http://odelebeauty.com/	alive	200
river woods	https://www.riverwoods.net/en/	alive	200
sachin & babi	https://www.sachinandbabi.com/	alive	200
sinners attire	https://www.sinnersattire.com/	alive	200
pulz jeans	https://www.pulzjeans.com/en-en	alive	200
silent wave indigo	https://www.silentwaveindigo.com/	alive	200
rossimoda	https://rossimoda.com/	alive	200
restyle	https://restyle.fi/en/	alive	200
sonela beauty	http://www.sonelabeauty.com/	alive	200
reign italia	https://www.reign.it/	server-error	500
pure in heart	http://pureinheart.ca/	alive	200
saola	https://saolashoes.com/	alive	200
pozone	https://pozone.fr/	alive	200
still nordic	https://www.stillnordic.com/	alive	200
mistervinas	https://mistervinas.com/	dns-dead	NXDOMAIN @1.1.1.1+8.8.8.8
okaïdi	https://okaidi.ge/	alive	200
sakurano departmentstore	https://sakurano-dept.jp/	alive	200
skin ceremony	http://example.com/	alive	200
south.st	https://southst.com.au/	alive	200
rich & hanc	https://www.richandhanc.com/	http-dead	404
purse king	https://purseking.com/	alive	200
quoddy	https://www.quoddy.com/	alive	200
sport zone	https://www.sprintersports.com/pt	alive	200
sounder	https://soundergolf.com/	alive	200
shift 80	https://shift80.jp/	alive	200
sheffield pharmaceuticals	http://www.sheffieldpharma.com/	alive	200
satya organic	https://satya.ca/	alive	200
refan bulgaria ltd.	http://www.refan.com/	alive	200
studio 8 by phase eight	https://www.phase-eight.com/plus-size/	alive	200
modepark röther	https://www.modepark.de/	alive	200
sand copenhagen	http://www.sandcopenhagen.com/	alive	200
nv london calcutta	https://www.nvlondoncalcutta.com/	alive	200
spooge	https://spoogespf.com/	alive	200
saxone of scotland	https://saxoneofscotland.com/	alive	200
shaka	https://shaka-jp.com/	alive	200
rivalin  fabricant français de charentaises et sabots	https://www.rivalin.fr/	alive	200
pretty polly	https://www.prettypolly.co.uk/	alive	200
ollygan	https://www.ollygan.com/fr/	alive	200
qwstion	https://www.qwstion.com/	alive	200
rubylove	https://www.rubylove.com/	alive	200
st. rose parfums	https://www.st-rose.com/	alive	200
rocksbox	https://www.rocksbox.com/	alive	200
spitz	https://www.spitz.co.za/	blocked	403
shoe4you	https://www.shoe4you.de/	alive	200
schmoove	https://www.schmoove.fr/	alive	200
relevant	https://thirteenlune.com/	alive	200
monala	https://monalashop.com/	alive	200
seventh generation	http://www.seventhgeneration.com/	alive	200
soul unika	https://unika.com.pt/	alive	200
reiko	https://www.reikojeans.com/	net-error	ECONNREFUSED
then i met you	http://thenimetyou.com/	alive	200
rodolfo medina	https://www.rodolfomedina.com/	alive	200
squishmallows fragrances	https://shop.jazwares.com/collections/squishmallows-fragrances	alive	200
sole~pourri	https://www.pourri.com/	alive	200
quiosque	https://quiosque.pl/	alive	200
rockwear	https://www.rockwear.com.au/	alive	200
sinbono	https://www.sinbono.com/	alive	200
ocean+main	https://oceanandmain.com/#main?utm_source=GoodOnYou%20App&utm_medium=Referral	alive	200
renew bath and body	https://www.renewbathandbody.com/	alive	200
shinzone	https://shinzone.com/	alive	200
sarah creal beauty	http://sarahcrealbeauty.com/	alive	200
promiss	https://www.promiss.nl/	blocked	403
shikpick	https://shikpick.com/	alive	200
st.ann	https://stehmann-store.de/	alive	200
rice & carry	https://www.riceandcarry.com/	alive	200
rodeo crowns wide bowl	https://rodeocrowns.jp/	alive	200
smalls merino	https://smallsmerino.co.uk/	alive	200
s u l t a n	https://www.sultan.si/shoes	dns-dead	NXDOMAIN @1.1.1.1+8.8.8.8
qotn	https://qotn.in/	alive	200
oneka	https://www.onekaelements.com/	alive	200
rakuten books	https://books.rakuten.co.jp/	alive	200
schubert	https://jubilerschubert.pl/	alive	200
planika	https://planika.si/	alive	200
rosamosario	https://www.rosamosario.com/	alive	200
stella and grace	https://stellaandgrace.shop/collections/tees	alive	200
roniko	https://roniko.ge/	alive	200
sprouts farmers market	https://www.sprouts.com/	alive	200
shiekh	https://www.shiekh.com/	alive	200
resteröds	https://resterods.com/	alive	200
spieth & wensky	https://www.spieth-wensky.com/	alive	200
thomas pink	https://thomaspink.com/	alive	200
stefanel	https://www.stefanel.com/	alive	200
shycloset	https://shycloset.com/	tls-error	ERR_SSL_SSL/TLS_ALERT_HANDSHAKE_FAILURE
rock&ride	http://www.rockride.cn/	alive	200
sorel	https://www.sorel.com/	alive	200
stein mart	https://www.steinmart.com/	alive	200
riva mode	https://www.rivafashion.com/en/	alive	200
save the queen	https://www.savethequeen.it/en/	http-dead	404
so-le studio	https://so-le-studio.com/	alive	200
sagrada bioskincare	https://sagradabioskincare.com/	alive	200
opull'ence	https://www.opullence.com/	alive	200
sealand	https://sealandgear.com/	alive	200
polarn o. pyret	https://www.polarnopyret.com/	alive	200
rooted beauty	https://www.grove.co/rootedbeauty	http-dead	404
sara battaglia	https://www.sarabattaglia.com/	alive	200
roon body	https://roonbody.com/	alive	200
stoney creek	https://www.stoneycreek.co.nz/	alive	200
stayreal	http://tw.istayreal.com/	alive	200
rialto jewelry	https://www.rialtojewelry.com/	alive	200
sprinjene natural toothpaste	http://www.sprinjene.com/	alive	200
royal kids	https://royalkids.co.uk/	alive	200
pure apparel	https://www.pureapparel.com.au/	alive	200
skin at peace	https://www.skinatpeace.com/	alive	200
revved beauty	https://revvedbeauty.com/	alive	200
rackle	https://rackleshoes.com/	alive	200
montelliana	https://www.lamontelliana.it/en/	alive	200
roosevelt	https://rooseveltandco.com/	alive	200
rahul mishra	http://www.rahulmishra.in/	alive	200
silver palace	https://shopsilverpalace.com/	tls-error	ERR_SSL_TLSV1_ALERT_INTERNAL_ERROR
rosyne club	https://www.rosyneclub.com/	alive	200
ogl	https://oglmove.com/	alive	200
signature cosmetics & fragrances	https://www.signaturecosmetics.co.za/	alive	200
schott nyc europe	https://www.schott-store.com/	alive	200
stylesaint	https://www.stylesaint.com/	alive	200
shop love and bambii	https://loveandbambii.com/	alive	200
stine goya	https://stinegoya.com/	alive	200
poshe	http://poshe.com/	alive	200
romani design	https://romani.hu/	alive	200
save the duck	https://www.savetheduck.it/	blocked	429
studio courtenay	https://studiocourtenay.com/	server-error	526
rockandblue	https://www.rockandblue.com/	alive	200
shoreditch ski club	https://shoreditchskiclub.com/	alive	200
stora skuggan	https://www.storaskuggan.com/	alive	200
riu paris	https://www.riuparis.fr/	alive	200
state & liberty clothing	https://stateandliberty.com/	alive	200
running room	https://www.runningroom.com/	blocked	403
sea room lynn	https://searoomlynn.jp/	alive	200
rapha	https://www.rapha.cc/	alive	200
tiger prints	https://www.tigerprints.co.uk/	alive	200
rouje	https://www.rouje.com/	alive	200
sir.	https://sirthelabel.com/	alive	200
rotholz	https://rotholz-store.com/	alive	200
repeat cashmere	https://www.repeatcashmere.com/	alive	200
selected-homme	https://www.selected.com/	alive	200
moskva	http://www.unimoscow.ru/	timeout	
rags & gents	https://ragsandgents.com/	alive	200
salty swimwear	https://www.saltyswimwear.com.au/	alive	200
still here	https://www.stillhere.nyc/	alive	200
sun bum	https://www.sunbum.com/	alive	200
ray-ban	https://www.ray-ban.com/	blocked	403
rossi beauty	https://rossibeauty.com.ar/	alive	200
romeo hunte	https://www.romeohunte.com/	alive	200
studio ditte	https://www.studioditte.nl/	alive	200
rock point	https://www.rockpoint.cz/	alive	200
sabinna	https://www.sabinna.com/	alive	200
oleema skincare	https://oleemaskincare.com/	alive	200
schott	https://www.schottnyc.com/	alive	200
slobe iena	https://slobe.jp/	alive	200
sean john	http://www.seanjohn.com/	alive	200
sparkling earth	https://sparklingearth.com/	alive	200
studio 88	https://www.studio-88.co.za/	http-dead	406
sucreabeille	https://sucreabeille.com/	alive	200
rowen rose	https://www.rowenrose.com/	alive	200
raymond weil	http://www.raymond-weil.com/	alive	200
shortish	https://shortishworld.com/	alive	200
real root	http://www.sprouts.com/	alive	200
rrrrrrrrr	https://merci-saga.com/	net-error	UND_ERR_CONNECT_TIMEOUT
tobeg	http://www.tobeg.it/	alive	200
orly	https://orlybeauty.com/	alive	200
rinascente	http://www.rinascente.it/	alive	200
rue de tokyo	https://ruedetokyo.com/	alive	200
pyrenex	https://www.pyrenex.com/	alive	200
superstainable	http://www.superstainable.com/	dns-dead	NXDOMAIN @1.1.1.1+8.8.8.8
skincare for weirdos	https://skincareforweirdos.com/	alive	200
sergio tacchini	https://www.sergiotacchini.com/	alive	200
stevenson overall co.	https://soc-la.com/	alive	200
stubbs & wootton	https://stubbsandwootton.com/	alive	200
raw moda	https://rawmoda.com/	alive	200
rudsak	https://www.rudsak.com/	alive	200
on parle de vous	https://www.onparledevous.fr/	net-error	ECONNREFUSED
sohuman	https://www.sohumanbrand.com/	alive	200
reyn spooner	https://www.reynspooner.com/	alive	200
sportmax	https://us.sportmax.com/	alive	200
simple alchemy co	http://simplealchemyco.com/	alive	200
snors	https://www.snors-shoefriends.com/	alive	200
premiata	https://www.premiata.it/	alive	200
silknsoak	http://www.silknsoak.com/	blocked	429
reed	https://reedsportswear.com/collections/hides	blocked	429
rossignol	https://www.rossignol.com/	alive	200
toni lopez	https://tonilopezplata.com/	alive	200
sanki	https://www.fi-sanki.co.jp/	alive	200
robe di kappa	https://www.robedikappa.com/	alive	200
s.t. dupont	http://www.st-dupont.com/	alive	200
swiss	https://www.swiss.com.pl/	alive	200
rue21	https://www.rue21.com/	alive	200
red queen cosmetics	https://redqueencosmetics.com/	alive	200
studs	https://studs.com/	alive	200
silkenn	https://www.silkennco.com/	alive	200
s.oliver	https://www.soliver.eu/	alive	200
opaque. clip	https://store.world.co.jp/s/brand/opaque-clip/	blocked	403
recycled karma	https://recycledkarmabrands.com/	alive	200
smarteyes	https://www.smarteyes.se/	alive	200
seiko	https://www.seiko.co.jp/	alive	200
stafford	https://www.jcpenney.com/	alive	200
softandwet	https://www.softandwetundies.com/	dns-dead	NXDOMAIN @1.1.1.1+8.8.8.8
selfridges	http://www.selfridges.com/	blocked	403
mr. blue	https://mrblue.pt/	alive	200
reistor	https://reistor.in/	alive	200
subtle shoes	https://www.subtle-shoes.com/en/	alive	200
sarlini	https://www.sarlini.com/	alive	200
sixton london	https://sixton.london/	alive	200
styleworks inc.	https://www.styleworks.co.jp/	alive	200
sika'a	https://www.sikaa.com/	alive	200
sunday saint-tropez	https://sunday-saint-tropez.com/en/	blocked	429
tailored & originals	https://www.tailoredoriginals.com/en-en	alive	200
saalt	https://saalt.com/	alive	200
rumisu	https://international.rumisu.com/	alive	200
sinéad o’dwyer	https://sineadodwyer.com/	alive	200
saie beauty	http://saiehello.com/	alive	200
organique by himalaya	http://himalayausa.com/	alive	200
ourside	https://www.ourside.nyc/	alive	200
saje natural wellness	http://saje.com/	blocked	429
solstice kids	https://www.solsticekids.com/	alive	200
refan	https://www.refan.bg/	alive	200
soap distillery	http://www.soapdistillery.com/	alive	200
solluna by kimberly snyder	http://www.mysolluna.com/	alive	200
müsli	https://www.greencottongroup.com/	alive	200
sunday routine	http://www.sundayroutineskin.com/	alive	200
r+color	http://www.randco.com/randcolor	alive	200
slater menswear	https://www.slaters.co.uk/	blocked	403
sun diego	https://sundiego.com/	alive	200
ruby rose & co.	http://www.rrcandleco.com/	alive	200
simply9 designs	https://www.simply9designs.com/	dns-dead	NXDOMAIN @1.1.1.1+8.8.8.8
tanuki denim	https://www.tanukijapan.com/	alive	200
saint club	http://thesaint.club/	alive	200
saba	https://www.saba.com.au/	alive	200
sinerji	https://www.sinerji.com.au/	alive	200
tote&carry	https://www.totencarry.com/	alive	200
samantha pleet	https://samanthapleet.com/	alive	200
skin balance	http://example.com/	alive	200
san marina	https://sanmarina.fr/	tls-error	ERR_SSL_TLSV1_UNRECOGNIZED_NAME
sou・sou	https://www.sousou.co.jp/	alive	200
rené lezard	http://www.rene-lezard.com/	alive	200
rombaut	http://www.rombaut.com/	alive	200
soke	http://sokebeauty.com/	alive	200
shavestix. by frescabella	http://shavestix.com/	alive	200
sorin	https://sorin.design/	alive	200
red card tokyo	http://redcard.tokyo/	alive	200
sergent major	https://en.sergent-major.com/	alive	200
rehab	https://www.rehabfootwear.com/	alive	200
printfresh	https://printfresh.com/?oid=249&affid=1&source_id=GoY-rating&sub1=brandpage	alive	200
reserveage beauty	https://reserveage.tlcchealth.com/	alive	200
sustain	https://www.sustain.nl/	tls-error	ERR_TLS_CERT_ALTNAME_INVALID
rohde shoes	https://www.rohde-shoes.com/	alive	200
otherwise	https://www.otherwise.shop/	alive	200
stripes beauty	http://stripesbeauty.com/	alive	200
pacific	https://www.tstore.com.my/	alive	200
seraphine	https://www.seraphine.com/	alive	200
samo	https://www.samoshoes.com/	server-error	500
supervista	https://www.brillen.de/	alive	200
sussan	http://www.sussan.com.au/	alive	200
skin reserve	https://www.skinreserve.com/	alive	200
saint laurent	https://www.ysl.com/	blocked	403
tree of life	https://www.treeoflife.com.au/	alive	200
ruby tuesday	http://www.rubytuesday.nl/	alive	200
slvrlake	https://slvrlake-denim.com/	alive	200
sperry	https://www.sperry.com/	alive	200
sapil	https://sapil.com/	alive	200
reusch	http://www.reusch.com/	alive	200
rossi	https://rossi-fashion.com/	alive	200
solvaderm	https://www.solvadermstore.com/	alive	200
spanx	https://www.spanx.com/	alive	200
regarde le ciel	https://www.regardeleciel.com/	alive	200
sheep inc	https://sheepinc.com/	alive	200
n.hoolywood	https://n-hoolywood.com/	alive	200
rentrayage	https://rentrayage.com/	alive	200
riani	https://www.riani.com/	alive	200
shoe dept.	https://www.shoedept.com/	blocked	403
rosalita mcgee	https://www.rosalitamcgee.com/shop/es/en/	http-dead	404
oysho	https://www.oysho.com/	alive	200
styelle swim	https://www.styelleswim.com.au/	dns-dead	NXDOMAIN @1.1.1.1+8.8.8.8
sans arcidet	https://sans-arcidet.fr/	http-dead	402
shakti shanti	https://shaktishantiyogawear.com/	alive	200
santoni	https://www.santonishoes.com/it/	alive	200
smycka	https://www.smycka.se/	alive	200
sydney brown	https://www.sydney-brown.com/	alive	200
sly	https://sly.jp/	alive	200
triumph	https://triumph.com/	net-error	UNABLE_TO_VERIFY_LEAF_SIGNATURE
rinmo	https://shop.rinmo.jp/	alive	200
scapa	http://www.scapaworld.com/	alive	200
pantofola d'oro1886	https://www.pantofoladoro.com/	alive	200
saucony	https://www.saucony.com/	alive	200
spotty lottie	https://www.spottylottie.co.uk/	alive	200
ridge	https://ridge.com/	blocked	403
renew vintage	https://renewvintage.com/	alive	200
sportsgirl	https://www.sportsgirl.com.au/	alive	200
namacheko	https://www.namacheko.com/	alive	200
swiss arabian	https://us.swissarabian.com/	alive	200
ripndip	https://ripndipclothing.com/	alive	200
sienna alexander	http://www.siennaalexander.com/	alive	200
shoe sensation	https://www.shoesensation.com/	http-dead	405
palmes	https://palmes.co/	alive	200
suldn	https://suldn.com/	alive	200
shirtmaster	https://shirtmaster.com/	blocked	403
sasta	https://sasta.fi/	alive	200
soeder	https://en.soeder.ch/	tls-error	ERR_SSL_SSL/TLS_ALERT_HANDSHAKE_FAILURE
snow+rock	https://www.snowandrock.com/	alive	200
samsonite	https://www.samsonite.in/	alive	200
snow peak	https://www.snowpeak.com/	alive	200
royal dutch touring club anwb	https://www.anwb.nl/	alive	200
schmückstück	https://www.schmueckstueck.de/	alive	200
roberta m.	https://roberta-m.com/	alive	200
reverie	http://gmreverie.com/	alive	200
skfk	https://www.skfk-ethical-fashion.com/en/	alive	200
natalys	https://www.natalys.com/	alive	200
starter	https://www.urban-classics.net/	blocked	401
stand studio	https://www.standstudio.com/	alive	200
ruby & rafe	https://rubyandrafe.co.uk/	alive	200
summit finish	https://www.summitfinish.co.uk/	alive	200
sigikid	https://www.sigikid.de/	alive	200
parfums de marly	https://parfums-de-marly.com/	alive	200
ted baker	https://www.tedbaker.com/	alive	200
rizos curls	https://rizoscurls.com/	alive	200
solerebels	https://www.solerebels.com/	http-dead	423
sans complexe lingerie	https://www.sanscomplexe.com/	alive	200
softhyphen	https://www.softhyphen.tokyo/	blocked	503
publux	https://daytonajp.com/brands/	alive	200
scorpion bay	https://scorpionbay.com/en	alive	200
soul kathrine	https://www.soulkathrine.de/	alive	200
swing collections	https://swing-collections.com/	alive	200
simon miller	https://www.simonmillerusa.com/	alive	200
russell athletic	https://www.russellathletic.com/	alive	200
s & l gem co	https://www.sandlgemco.com/	alive	200
rundholz	https://www.studiorundholz.de/	alive	200
tsl	https://eshop.tslj.com/	net-error	UNABLE_TO_VERIFY_LEAF_SIGNATURE
ramayana lestari sentosa	http://www.ramayana.co.id/	alive	200
natventure	https://natventure-store.com/	blocked	403
sail racing	https://www.sailracing.com/	alive	200
stenströms	https://stenstroms.com/en	http-dead	404
ryłko	https://www.rylko.com/	blocked	503
roberto verino	https://www.robertoverino.com/	alive	200
simonetta ravizza	https://www.simonettaravizza.com/	alive	200
terracotta skincare	https://terracottaskincare.com/	alive	200
siani probiotic body care	https://probioticbodycare.com/	alive	200
sophie & eve	https://www.figure8moms.com/d/sophie-and-eve	alive	200
sea'sons	https://seasonsofficial.com/	alive	200
sloggi	https://uk.sloggi.com/	alive	200
sarni oro	https://www.sarnioro.it/	alive	200
soloptical	https://soloptical.net/	alive	200
purifect by symphony beauty	http://www.symphonybeauty.com/	alive	200
revolve	http://www.revolveclothing.com.au/	alive	200
second female	https://www.secondfemale.dk/	alive	200
takedown sportswear	https://takedownshop.com/	alive	200
superdrug	https://superdrug.com/	blocked	403
sistine	https://sistinesistine.com/	alive	200
sacred valley	https://sacredvalley.store/	dns-dead	NXDOMAIN @1.1.1.1+8.8.8.8
sacred rituel	http://www.sacredrituel.com/	alive	200
twilfit	https://www.twilfit.se/	alive	200
spicer bags	https://www.spicerbags.com/	alive	200
riffle	https://www.riffle.amsterdam/	alive	200
softshirts	https://softshirts.com/	alive	200
the beauty standard	https://klarandco.com/	alive	200
take me shoes	https://www.takeme.es/	alive	200
scentrite	http://scentrite.com/	alive	200
siwy denim	https://www.siwydenim.com/	alive	200
rodebjer	https://www.rodebjer.com/	alive	200
rodd & gunn	https://www.roddandgunn.com/	alive	200
sterntaler	https://www.sterntaler.com/	alive	200
queen mum	https://www.noppies.com/en-uk/queen-mum/	http-dead	404
taïla	http://www.tailaskincare.com/	alive	200
saboo	https://www.sabooverse.ru/	alive	200
sweaty betty	https://www.sweatybetty.com/	alive	200
rilla go rilla	https://www.rillagorilla.nl/	alive	200
superrebel	http://www.superrebel.com/gear	alive	200
saki sweden	https://www.saki.se/	alive	200
soror by satasha stephen	https://satashastephen.com/	alive	200
skin resource.md	https://resourceessentialsskincare.com/	alive	200
sambori	https://sambori.es/	alive	200
strand	https://www.strandbags.co.nz/	alive	200
rollas jeans	https://rollasjeans.com/au	alive	200
rks	https://rks.shoes/	blocked	403
tarrow tokyo	https://tarrowtokyo.jp/	alive	200
senorita	https://senorita.pk/	alive	200
rosantica	https://www.rosantica.com/	alive	200
sage stone botanicals	http://www.sagestonebotanicals.com/	alive	200
patta	https://www.patta.nl/	alive	200
pas de calais	https://www.store.galeriedepop.com/pasdecalais/	alive	200
sprinjene natural mouthwash	https://sprinjene.com/	alive	200
re-blue	http://www.re-blue.com/en//	alive	200
scye	https://scye.co.jp/	alive	200
solos smart glasses	https://solosglasses.com/	alive	200
smitten	https://www.smitten.de/	alive	200
salt way botanicals	https://www.salt-way.com/	alive	200
neo noir	https://www.neonoir.com/	alive	200
studio pough luxe	http://www.studiopough.com/	alive	200
rosetta getty	https://rosettagetty.com/	alive	200
silverstick	https://www.silverstick.co.uk/	alive	200
rodeo queen fine art	https://www.rodeoqueenfineart.com/	dns-dead	NXDOMAIN @1.1.1.1+8.8.8.8
sevenoneseven	https://www.seven-one-seven.com/	alive	200
salt & stone	https://www.saltandstone.com/	alive	200
schaf skin care inc	http://www.schafskincare.com/	alive	200
sas catherine daymard	https://www.daymard.com/	alive	200
starlight bags	https://www.starlightbags.com/	dns-dead	no A/AAAA @1.1.1.1
royce lingerie	https://www.royce-lingerie.co.uk/	blocked	403
specform os	https://specform.pro/	alive	200
rag & bone	https://www.rag-bone.com/	blocked	403
strellson	https://strellson.com/	alive	200
pavement	https://www.pavementbrands.com/	alive	200
red-rag women	https://www.red-rag.com/	alive	200
the girl habit	http://thegirlhabit.com/	alive	200
sock atomica	https://sockatomica.com/en-fr	alive	200
t7berlin	https://www.t7berlin.com/	alive	200
tape a l'oeil	https://www.t-a-o.com/	alive	200
spaccio	http://www.spaccio.pt/	alive	200
sophie buhai	https://www.sophiebuhai.com/	alive	200
sky high farm universe	https://skyhighfarmuniverse.com/	alive	200
rthvi	http://rthvi.com/	alive	200
santa barbara polo & racquet club china	https://sbpolo.com/	alive	200
rooptokyo	https://rooptokyo.com/	alive	200
seint	https://www.seintofficial.com/	alive	200
seeker	https://seeker.earth/	alive	200
tarocash	https://www.tarocash.com.au/nz	alive	200
suistudio	https://suitsupply.com/en-si/men	alive	200
sakoshe	https://sakoshebypaty.com/	alive	200
road runner sports	https://www.roadrunnersports.com/	alive	200
scarpe&scarpe	https://scarpescarpe.it/	tls-error	ERR_TLS_CERT_ALTNAME_INVALID
pedal mafia	https://pedalmafia.cc/	alive	200
sani optik	https://www.sanioptik.rs/	alive	200
ratio et motus	https://www.ratioetmotus.com/	alive	200
stüssy	https://www.stussy.com/	alive	200
peony	https://www.peonyswimwear.com/	alive	200
reigning champ	https://reigningchamp.com/	alive	200
the middle daughter	https://themiddledaughter.co.uk/	blocked	429
sportsman's warehouse	https://www.sportsmans.com/	blocked	403
solavida	http://solavida.com/	alive	200
ted louise	https://tedlouise.com/	alive	200
smrk	http://www.smrkwrld.com/	alive	200
rvca	https://www.rvca.com/	alive	200
sandburgritter®	http://www.sandburgritter.shop/	alive	200
sashapure	https://sashapurebeauty.com/	alive	200
rototo	https://www.rototo.jp/collections/all	alive	200
sport 24	https://www.sport24.dk/	alive	200
serena uziyel	https://www.serenauziyel.us/	alive	200
sepehr maghsoudi	https://sepehrmaghsoudi.com/	alive	200
tekkie town	https://tekkietown.co.za/	alive	200
nicholas kirkwood	http://www.nicholaskirkwood.com/	alive	200
specialized	https://www.specialized.com/us/en	alive	200
sherri hill  inc.	https://www.sherrihill.com/	alive	200
rebels refinery	http://rebelsrefinery.com/	alive	200
sukkhacitta	https://www.sukkhacitta.com/?oid=275&affid=1&source_id=GoY-rating&sub1=brandpage	alive	200
renzo costa	https://www.renzocosta.com/	alive	200
the smash society	https://thesmashsociety.com/	alive	200
root journey	http://rootjourney.com/	http-dead	404
terre bleue	https://www.terrebleue.be/	blocked	403
runway catalog	https://www.runwaycatalog.com/	alive	200
sanikai	https://www.sanikai.com/	alive	200
swimm	https://www.swimmwear.com.au/	alive	200
safal kids	https://safalkids.ee/	alive	200
talia collins	https://taliacollins.co.uk/	alive	200
scent fill	https://scentfill.com/	alive	200
shakti.ism	https://shaktiism.com/	alive	200
sarca	https://ancutasarca.com/collections	alive	200
perfect accent	https://perfectaccent.com/	alive	200
perroy	https://perroyparfum.com/	alive	200
sea barrier	https://www.seabarrier.it/	alive	200
scottsdale belt company	https://azbelt.com/	alive	200
sara tamimi	https://saratamimi.com/	alive	200
ultima ii	http://www.ultimaii.com/	alive	200
rogers & hollands jewelers	https://www.rogersandhollands.com/	alive	200
suntegrity skincare	http://www.suntegrityskincare.com/	alive	200
reykjavik raincoats	https://www.reykjavikraincoats.com/	alive	200
rowan	https://forrowan.com/	alive	200
sacai	https://www.sacai.jp/	alive	200
sardine clothing company	https://sardineclothing.com/	alive	200
tag socks	https://tagsocks.com/	alive	200
salitaire	https://salitaire.com/	alive	200
scout	https://scout-schoolbag.com/	timeout	
socksss	https://www.socksss.com/	alive	200
scalpers	https://scalperscompany.com/	alive	200
taza leather	https://tazaleather.com/	blocked	403
petra design	https://www.petra.design/	tls-error	ERR_SSL_SSL/TLS_ALERT_HANDSHAKE_FAILURE
philipp plein	https://www.plein.com/	net-error	redirect count exceeded
st. claire natúrals	https://stclairenaturaljelly.com/	alive	200
rue santé	http://www.ruesante.com/	alive	200
steve o smith	https://steveosmith.com/	alive	200
seductive	https://seductive-pants.com/	alive	200
tessita	https://tessita.com/	alive	200
roovia	https://roovia.com/	alive	200
swear	https://www.swear-london.com/	alive	200
rini	https://heyrini.com/	alive	200
ruhe	https://ruhestore.co.uk/	alive	200
seafolly	https://www.seafolly.com.au/	timeout	
scamp & dude	https://scampanddude.com/	alive	200
tandhem neurocosmetics	https://tandhemneurocosmetics.com/	alive	200
sandra smith	https://shopsandrasmith.com/	alive	200
refresh botanicals	https://refreshbotanicals.com/	alive	200
scofieldtacoma	https://www.etsy.com/shop/scofieldtacoma	blocked	403
sehen!wutscher	https://wutscher.com/	alive	200
nine to five	https://www.ninetofive.biz/de/	alive	200
shona joy	https://shonajoy.com.au/	alive	200
standard issue	https://www.standardissue.co.nz/	alive	200
pinalli	https://www.pinalli.it/	alive	200
teodor	https://teodor.bg/	blocked	403
senjo color gmbh	https://senjo-color.de/	tls-error	ERR_SSL_TLSV1_ALERT_INTERNAL_ERROR
saxx	https://www.saxxunderwear.com/	alive	200
shirts of cotton	https://mouwlengte7.com/collections/shirtsofcotton-t-shirts	alive	200
sold out nyc	https://soldout.nyc/	alive	200
sunniemade	http://www.sunniemade.com/	alive	200
telic japan	https://telic.jp/	alive	200
seea	https://www.theseea.com/	alive	200
pierre cardin	https://pierrecardin.com/	alive	200
robeez	https://robeez.com/	alive	200
saavi	https://saavilife.com/	tls-error	CERT_HAS_EXPIRED
sportsmans warehouse	https://www.sportsmanswarehouse.co.za/	alive	200
the bonnie mob	https://www.thebonniemob.com/	alive	200
remain	https://www.remainbirgerchristensen.com/	timeout	
the white company	http://www.thewhitecompany.com/	alive	200
string ting	https://stringting.com/	alive	200
une nuit nomade	https://www.unenuitnomade.fr/	alive	200
scoredraw	https://www.scoredraw.com/	alive	200
selected	https://www.selected.com/	alive	200
teatum jones	https://www.teatumjones.com/	alive	200
san antonio shoemakers	http://sasshoes.com/	alive	200
sijo	https://sijohome.com/	alive	200
stephanie chehade	https://stephaniechehade.com.au/	alive	200
sephora	https://www.sephora.fr/	blocked	403
nocibé	http://www.nocibe.fr/	blocked	403
sonni	http://www.sonniskin.com/	alive	200
the arrivals	https://thearrivals.com/	dns-dead	NXDOMAIN @1.1.1.1+8.8.8.8
seventy two changes	http://www.truthandpride.com/	dns-dead	no A/AAAA @1.1.1.1
schuback parfümerien	https://www.schuback-parfuemerien.de/	alive	200
siawear	https://siawear.com/	alive	200
tetiana k	https://www.tetianak.com/	blocked	403
secchiari	https://www.secchiariboots.com/	alive	200
sarah regensburger	https://sarahregensburger.co.uk/	alive	200
róhe	https://roheframes.com/	alive	200
stein	https://ssstein.com/	alive	200
the golden secrets	https://www.thegoldensecrets.com/	blocked	429
thisisneverthat	https://thisisneverthat.com/	alive	200
stutterheim	https://stutterheim.com/	alive	200
saks fifth avenue flagship store	https://www.saksfifthavenue.com/locations/s/newyork	alive	200
seche	http://seche.com/	alive	200
serge pariente	https://www.sergepariente.com/	alive	200
ternua workwear	https://www.ternuagroup.com/en/workwear/	net-error	ECONNRESET
sapopa	https://www.sapopa.com/	alive	200
uno due	https://www.unodue.nl/	tls-error	ERR_SSL_TLSV1_UNRECOGNIZED_NAME
simple plan	https://simpleplanskincare.com/	alive	200
shaina mote	https://shainamote.com/	alive	200
saint jacques	https://bettybarclay.com/	alive	200
sontsa	http://www.sontsa.by/	blocked	403
norah	https://www.norah.eu/nl/	alive	200
sisam	https://sisam.jp/	alive	200
seamsfriendly	https://seamsfriendly.com/?oid=278&affid=1&source_id=GoY-rating&sub1=brandpage	alive	200
t.j. maxx	https://www.tjmaxx.com/	alive	200
stall mates wipes	https://matesproducts.com/	alive	200
rosana expósito	https://www.rosanaexposito.com/	alive	200
tillys	https://www.tillys.com/	blocked	403
steffen schraut	https://www.steffenschraut.com/	alive	200
pitusa	https://pitusa.co/	alive	200
the morphbag by gsk	https://www.themorphbag.london/	alive	200
the celect	https://thecelect.com/	alive	200
piperwai natural deodorant	http://www.piperwai.com/	alive	200
sayki	https://www.sayki.com/	alive	200
stolen girlfriends club	https://stolengirlfriendsclub.com/	alive	200
saaf body	http://www.saafbody.com/	alive	200
the blue rabbit house	https://www.thebluerabbithouse.com/	alive	200
spa organica	http://www.spa-organica.com/	alive	200
nourish organics	https://www.nourishorganic.com/	alive	200
shangri-la heritage	https://shangrilaheritage.it/	alive	200
sancho's	https://sanchosshop.com/	alive	200
skinners technologies	https://skinners.cc/	alive	200
svar media network	https://svarmedia.com/	alive	200
résumé	https://www.resumecph.dk/	alive	200
semsem	https://www.semsem.com/	alive	200
sauths	https://sauths.com/	alive	200
southern butter	http://southernbutter.com/	alive	200
samsøe & samsøe	https://www.samsoe.com/	alive	200
selfast	https://shop.selfast.co.za/	tls-error	DEPTH_ZERO_SELF_SIGNED_CERT
studio ar	https://studio-ar.nl/	alive	200
skechers	https://www.skechers.com/	alive	200
shinyakozuka	https://shinyakozuka.com/	alive	200
spirit of kings	https://thespiritofkings.com/	alive	200
smashed lemon	https://www.smashed-lemon.com/	alive	200
stephen webster	https://www.stephenwebster.com/	alive	200
silvia tcherassi	https://www.silviatcherassi.com/	alive	200
the honu shirt company	https://www.thehonushirtcompany.org/	alive	200
rick owens	https://www.rickowens.eu/	alive	200
shockly	https://shockly.it/	alive	200
schneiders	https://www.schneiders.com/	alive	200
story of mine	https://www.story-of-mine.com/	alive	200
strateas carlucci	https://strateascarlucci.com/	alive	200
santoro milan	https://santoromilan.com/	alive	200
tnt	http://www.tntrealife.com/	alive	200
the chloelina all natural soap co.	https://www.chloelina.com/	alive	200
semir	https://www.semir.com/	alive	200
the frye company	https://www.thefryecompany.com/	alive	200
tamaki niime	https://www.niime.jp/	alive	200
plush organic skin care	http://www.plushorganicskincare.com/	alive	200
sapph	https://www.sapph.com/nl/	alive	200
s threads boutique	https://sthreads.boutique/	timeout	
number (n)ine	https://n-nine.com/	alive	200
planted	http://www.shopplanted.com/	alive	200
shiels jewellers	http://www.shiels.com.au/	alive	200
royal republiq	https://www.royalrepubliq.com/	alive	200
st. agni	https://www.st-agni.com/	alive	200
schuh-mann	https://www.schuh-mann.de/	alive	200
seven18 llc	https://seven18beauty.square.site/	alive	200
senszio	https://www.senszio.com/	alive	200
studio jux	https://studiojux.com/	dns-dead	no A/AAAA @1.1.1.1
urban skin rx	http://www.urbanskinrx.com/	alive	200
the face shop	http://www.thefaceshop.com/	alive	200
tomo & edie	https://tomoandedie.com/	alive	200
sisseledelbo	https://sissel-edelbo.dk/	alive	200
studio nok nok	https://www.studionoknok.be/	blocked	403
sea2see	https://www.sea2see.org/	alive	200
siedrés	https://www.siedres.com/	alive	200
syn	https://www.biehler-cycling.com/	alive	200
the short	https://theshortofficial.com/	alive	200
pop my way	https://popmyway.co.uk/?oid=14&affid=1&source_id=GoY-rating&sub1=brandpage	alive	200
sati creation	https://saticreation.com/	alive	200
sagebrush surf bags	https://sagebrushbags.com/	alive	200
polly wales	https://pollywales.com/	alive	200
runnings	https://www.runnings.com/	blocked	403
savage x fenty	https://www.savagex.eu/	blocked	403
oberpollinger	https://www.oberpollinger.de/	net-error	UNABLE_TO_VERIFY_LEAF_SIGNATURE
vacheron constantin	https://www.vacheron-constantin.com/	alive	200
the leather store	https://www.theleatherstoreuk.com/	alive	200
slava watches	http://www.slava-moscow.ru/	blocked	403
tos gallery design	https://www.tosgallery.nl/	alive	200
shelalove	https://www.shelalove.com/	alive	200
seis cosmetics	https://www.seiscosmetics.com/	alive	200
sézane	https://www.sezane.com/	blocked	403
simmi	http://www.simmishoes.com/	alive	200
stegmann	https://www.gottstein.at/	alive	200
seva beauty	https://sevabeauty.com/	alive	200
soapwalla	http://soapwalla.com/	alive	200
spinster sisters co.	http://www.spinstersistersco.com/	alive	200
taya beauty	https://tayabeauty.com/	alive	200
thebesttailor	https://www.thebesttailor.com/	dns-dead	NXDOMAIN @1.1.1.1+8.8.8.8
scentuals	http://www.scentuals.com/	alive	200
suit direct	https://www.suitdirect.com/	blocked	403
pour les femmes	https://plfdreams.com/	blocked	429
the library	https://www.the-lib.jp/brands/brands-women/brands-women-thelibrary/?sz=12%3Futm_source%3DGoodOnYou+App	http-dead	404
stratia	http://www.stratiaskin.com/	alive	200
vatira	http://getvatira.com/	alive	200
substance	http://www.mattercompany.com/	alive	200
shoppers stop	http://www.shoppersstop.com/	blocked	403
snezhnaya koroleva	https://snowqueen.ru/	net-error	redirect count exceeded
sears	http://www.sears.com/	alive	200
shui yun space	http://www.shuiyunspace.com/	alive	200
schöffel	https://www.schoeffel.com/	alive	200
sneaky fox	http://mpdenmark.espresso4.dk/brands/sneakyfox	net-error	UND_ERR_CONNECT_TIMEOUT
the new society	https://thenewsocietykids.com/	alive	200
sabrini exclusive diamonds	https://sabrini.ro/	alive	200
saltworks	https://seasalt.com/bath-salts	alive	200
talbot runhof	https://www.talbotrunhof.com/	alive	200
the salty dog	https://www.saltydogtshirt.com/	alive	200
trax	https://shop.hairclub.com/	alive	200
thread domain	https://threaddomain.com/	alive	200
sdress	https://sdress.com/	alive	200
shikohin	https://shikohin.com/	alive	200
skinwit	http://skinwit.com/	alive	200
sunpoint	https://www.sunpoint.de/	alive	200
shepherd	https://www.shepherdofsweden.com/	alive	200
shokay	https://www.shokay.com/	alive	200
sugarhill brighton	https://www.sugarhillbrighton.com/	alive	200
river organics	http://www.riverorganics.org/	alive	200
sol alpaca	https://www.solalpaca.com/	alive	200
the shop tk	https://store.world.co.jp/s/brand/the-shop-tk/	blocked	403
sr active	https://resourceessentialsskincare.com/collections/sr-active	alive	200
roy robson	https://www.royrobson.com/	alive	200
vermut atelier	https://www.vermutatelier.com/	alive	200
stockmann	https://www.stockmann.com/	alive	200
studio untold	https://www.popken.de/en/popken-fashion-group/b2b	alive	200
suit select	https://www.suit-select.com/	alive	200
the grandpa soap company	http://www.grandpasoap.com/	alive	200
trilipiderm	https://trilipiderm.com/	alive	200
sisters + seekers	https://www.sistersandseekers.com/	alive	200
tati	https://www.tati.fr/	tls-error	CERT_HAS_EXPIRED
seen	https://helloseen.com/index.html	alive	200
shoppers world	http://www.shoppersworldusa.com/	alive	200
the walking company	https://www.thewalkingcompany.com/	blocked	403
svitanak	https://svitanak.by/	alive	200
prai beauty llc	http://www.praibeauty.com/	alive	200
shoesme	https://www.shoesme.nl/	blocked	403
silver mirror skincare	https://shop.silvermirror.com/	alive	200
rockport	https://www.rockport.com/	alive	200
somebody	http://www.shopsomebody.com/	alive	200
stefeno hats	https://stefenohats.com/	alive	200
runners need	https://www.runnersneed.com/	alive	200
vic matie	https://www.vicmatie.com/	alive	200
signature by levi strauss & co.™	https://www.levi.com/	blocked	403
sundara nails	https://sundaranails.com/	alive	200
the organic tshirt	https://www.theorganictshirt.com.au/	alive	200
sunglass hut collection	https://www.sunglasshut.com/	blocked	403
sofie schnoor	https://www.sofieschnoor.com/	alive	200
serendipity 3	http://www.serendipity3.com/	alive	200
saks fifth avenue	http://www.saksfifthavenue.com/	blocked	403
smeek	https://smeekoils.com/	alive	200
seabuck wonders	http://www.seabuckwonders.com/	alive	200
self-portrait	https://eu.self-portrait.com/	alive	200
the white ribbon	https://www.thewhiteribbon.com/	alive	200
skoki	https://www.skokico.com/	dns-dead	NXDOMAIN @1.1.1.1+8.8.8.8
silken favours	https://silkenfavours.com/	alive	200
thinx	https://www.shethinx.com/	blocked	403
tiff manuell	https://tiffmanuell.com/	alive	200
soft moc	https://www.softmoc.com/	alive	200
suitconcern	https://www.suitconcern.com/	alive	200
ronda	http://www.ronda.ch/	alive	200
soule footwear	https://www.soule.in/	alive	200
sabina musáyev	https://sabinamusayev.com/	alive	200
vintique custom design	https://www.vintiquecustomdesign.com/	tls-error	UNABLE_TO_GET_ISSUER_CERT_LOCALLY
susan's soaps & more	https://www.susansoaps.com/	alive	200
suzanne kalan	https://suzannekalan.com/	alive	200
sanita clogs	https://www.sanitaclogs.com/	alive	200
solit!	https://solit-japan.com/	alive	200
sanborns	https://www.sanborns.com.mx/	alive	200
stingray international	https://www.stingray.com.au/	alive	200
soapymania  inc.	http://soapymania.com/	alive	200
pretty ballerinas	https://www.prettyballerinas.com/en/	alive	200
superbloom	https://www.grove.co/beauty/story/superbloom/	http-dead	404
tiferet aromatherapy	http://www.tiferetonline.com/	alive	200
signal	https://signal-clothing.com/	alive	200
solidus	https://www.solidus.info/	alive	200
thompson tee	https://thompsontee.com/	alive	200
the sticky sis club	https://www.stickysis.com/	alive	200
sergio hudson	https://sergiohudson.com/	alive	200
swords rebel	https://www.swordsrebel.shop/	dns-dead	NXDOMAIN @1.1.1.1+8.8.8.8
sarelly beauty	https://sarelly.com/	alive	200
sydney evan	https://sydneyevan.com/	alive	200
studio anneloes	https://www.studioanneloes.nl/	alive	200
sol angeles	https://www.sol-angeles.com/	alive	200
pro optik	https://www.prooptik.de/	alive	200
titan tallow	https://titantallow.com/	blocked	429
sinsay	https://www.sinsay.com/	alive	200
simplified skin	https://simplifiedskin.com/	alive	200
sorella organics	https://sorellaorganics.com.au/?oid=27&affid=1&source_id=GoY-rating&sub1=brandpage	alive	200
silk laundry	https://silklaundry.com.au/	alive	200
théla	https://thela.eco/?oid=217&affid=1&source_id=GoY-rating&sub1=brandpage	alive	200
sunski	https://www.sunski.com/	alive	200
sheertex	https://www.sheertex.com/	alive	200
take haven	http://takehaven.com/	alive	200
swedish hasbeens	https://www.swedishhasbeens.com/	blocked	403
sela	https://sela.ru/	alive	200
shaktiwali	https://www.shaktiwali.com/	alive	200
tales of anyday	https://talesofanyday.com/	http-dead	409
sincerely yours	http://sincerely-yours.com/	alive	200
sōma sportswear	https://www.somasportswear.com/	alive	200
saints & sinners haircare	https://www.realsaintsandsinners.com/	alive	200
skinbiosis plus	https://skinbiosisplus.com/	alive	200
sinar (clothing)	http://sinar.ru/	alive	200
viveh	https://viveh.com/	alive	200
three graces	https://threegraceslondon.com/	alive	200
sorbino	https://www.sorbino.com/en/	alive	200
spijkers and spijkers	https://www.spijkersenspijkers.nl/	alive	200
shoe show	https://www.shoeshow.com/	blocked	403
target corporation	https://www.target.com/	alive	200
skagen connected	https://www.skagen.com/	blocked	403
t.h. baker	https://www.thbaker.co.uk/	blocked	403
sapo all natural	https://www.sapoallnatural.com/	alive	200
tilbea	https://tilbea.com/	alive	200
tatifurs	https://tatifurs.com/	alive	200
oetzi	http://oetzi.com.cn/	dns-dead	no A/AAAA @1.1.1.1
sylvia p sportswear	https://www.sylviap.com.au/	alive	200
to be chic	https://store.sanyo-shokai.co.jp/pages/to_be_chic	alive	200
sleevey wonders	https://sleeveywonders.com/	alive	200
skin aesthetics	https://klarandco.com/	alive	200
tenth	https://www.decimas.com/en-eu/tenth-man	alive	200
punt roma	https://www.puntroma.com/	alive	200
scandinavian edition	https://www.scandinavianedition.com/	alive	200
timesie	https://timesie.com/	blocked	403
sprinter	https://www.sprintersports.com/	alive	200
ten points	https://www.tenpoints.se/	alive	200
siglo xxi	https://www.joyeriasigloxxi.com/	alive	200
smile brilliant	http://www.smilebrilliant.com/	alive	200
skylar body	https://skylarbody.com/	alive	200
saul nash	https://www.saulnash.co.uk/	alive	200
studio claudy jongstra	https://claudyjongstra.com/	alive	200
tendance parfums	https://www.tendance-parfums.com/	alive	200
oky	https://us.okyofficial.com/	http-dead	404
swair	https://www.swairhair.com/	alive	200
samurai punk	https://samuraipunk.com/	alive	200
takko fashion	https://www.takko.com/	alive	200
rosy hill organics	http://rosyhillorganics.com/	alive	200
soulland	https://soulland.com/	alive	200
tamga designs	https://www.tamgadesigns.com/	http-dead	402
truself organics	http://www.truselforganics.com/	alive	200
teia cosmetics	https://teiacosmeticos.com/	alive	200
shabbies amsterdam	https://www.shabbiesamsterdam.com/	alive	200
simply chr	http://www.simplychr.com/	alive	200
tom ripley	https://tom-ripley.com/	alive	200
shiva's delight	http://www.shivasdelight.com/	alive	200
scorett	https://www.scorett.se/	alive	200
skin at work	http://skinatwork.com/	alive	200
simons	https://www.simons.ca/en	blocked	403
tj indigo clothing co	https://www.tjindigo.com/	alive	200
serge blanco	https://sergeblanco.com/	alive	200
styling/	https://stylings.jp/	blocked	503
vulgartees	https://vulgartees.co/	alive	200
subdued	https://www.subdued.com/	alive	200
saola shoes	https://www.saolashoes.com/	alive	200
rudolf wöhrl ag	https://www.woehrl.de/	alive	200
spingle	https://www.spingle.jp/	alive	200
tbalance	https://www.tbalance.co.uk/	dns-dead	NXDOMAIN @1.1.1.1+8.8.8.8
tervolina	https://tervolina.ru/	alive	200
tutu du monde	https://tutudumonde.me.uk/	alive	200
shimamura	https://www.shimamura.gr.jp/	alive	200
tommy john	https://tommyjohn.com/	alive	200
skall studio	https://skallstudio.com/	alive	200
the andamane	https://theandamane.com/	alive	200
staple co	https://stapleco.com.au/?oid=394&affid=1&source_id=GoY-rating&sub1=brandpage	alive	200
secndnture	https://secndnture.com/	tls-error	CERT_HAS_EXPIRED
six gldn	http://www.sixgldn.com/	alive	200
social catalysts	http://www.socialcatalysts.org/products.php	alive	200
schoenen torfs	https://www.torfs.be/	alive	200
slazenger	https://store.slazenger.com/	alive	200
pushbutton	https://pushbutton.co.kr/	alive	200
soapeauty	http://soapeauty.com/	alive	200
thang de hoo	https://thangdehoo.com/	alive	200
smr days	https://www.smrdays.com/	alive	200
toral	https://toral-shoes.com/stores/nl/	alive	200
tasc	https://www.tascperformance.com/	alive	200
sibin/linnebjerg	https://www.sibinlinnebjerg.dk/	alive	200
sylvi	https://sylvi.in/	alive	200
satori wheels	https://www.satoriwheels.org/	http-dead	404
tentree	https://www.tentree.com/?oid=134&affid=1&source_id=GoY-rating&sub1=brandpage	alive	200
tokyu department store  kichijoji	https://www.tokyu-dept.co.jp/kichijouji/index.html	alive	200
suncoo	https://www.suncoo-paris.com/en/	alive	200
toscane	https://www.toscane-boutique.fr/	alive	200
olyanna skincare inc.	http://olyannaskincare.com/	alive	200
semsons tech	https://www.semsonstech.com/	alive	200
slowear	https://www.slowear.com/	alive	200
sky optic	https://skyoptic.bg/	blocked	403
the celtic ranch	https://celticranch.com/	alive	200
sticky lemon	https://www.stickylemon.nl/	alive	200
sparitual	http://www.sparitual.com/	alive	200
shrimps	https://shrimps.com/	alive	200
sleeve7	https://mouwlengte7.com/collections/sleeve7-overhemden	alive	200
s.marlon	https://www.smarlon.de/	alive	200
quiz	https://www.quizclothing.co.uk/	alive	200
schmidt's	http://schmidts.com/	alive	200
that gorilla brand	https://www.thatgorillabrand.com/	alive	200
shane company	https://www.shaneco.com/	alive	200
suri frey	https://www.surifrey.com/	alive	200
sogo yokohama	https://www.sogo-seibu.jp/yokohama/	alive	200
onetrail	https://onetrailgear.com/	dns-dead	NXDOMAIN @1.1.1.1+8.8.8.8
seven7 jeans	https://seven7jeans.com/	alive	200
the ethical silk company	https://www.theethicalsilkco.com/?oid=136&affid=1&source_id=GoY-rating&sub1=brandpage	alive	200
snipes	https://www.snipes.fr/	alive	200
the good tee	https://www.thegoodtee.com/	http-dead	404
stroili	https://www.stroilioro.com/	alive	200
sportmaster	https://www.sportmaster.ru/	blocked	401
silmäasema	https://www.silmaasema.fi/	alive	200
trago mills	http://www.trago.co.uk/	blocked	403
sea ranch	https://www.searanch.dk/	alive	200
tread & butter	https://treadandbutter.com/	http-dead	423
şahinler holding	http://www.sahinlerholding.com.tr/	alive	200
switer	https://www.switer.com.tw/	alive	200
solstice sunglasses	https://solsticesunglasses.com/	alive	200
sherida's closet	https://sheridascloset.com/	alive	200
sproet & sprout	https://sproet-sprout.com/nl/	http-dead	404
temperley london	https://www.temperleylondon.com/	alive	200
soft surroundings	https://www.softsurroundings.com/	alive	200
style fashion	https://stylefashion.co.za/	alive	200
smuggler	https://smuggler.fr/	alive	200
stadium	https://www.stadium.se/	alive	200
snapper rock	https://snapperrock.com/	alive	200
simclan	https://www.simclan.de/	alive	200
sinful hand clothing	https://www.sinfulhand.com/	alive	200
the arabiyat	https://thearabiyat.com/	alive	200
seabass	http://seabass-official.com/	alive	200
solara suncare  inc.	http://www.solarasuncare.com/	alive	200
salzen	https://www.salzen.com/	alive	200
ragyard	https://www.ragyard.com/	alive	200
snö of sweden	https://www.snoofsweden.com/	alive	200
soul flower	https://www.soul-flower.com/	alive	200
the diamond ring co	https://www.thediamondring.com/	alive	200
shola branson	https://sholabranson.com/	alive	200
state of disarray	https://stateofdisarray.co.uk/	alive	200
shkoura	https://shkoura.com/collections	alive	200
thakoon	https://thakoon.com/	tls-error	CERT_HAS_EXPIRED
solluni	http://www.solluni.com/	alive	200
sulwhasoo	https://www.sulwhasoo.com/kr/ko/	alive	200
stella nova	https://www.stella-nova.dk/	blocked	429
sockwell	https://www.sockwellusa.com/	tls-error	CERT_HAS_EXPIRED
sister	https://sisterthebrand.com/	alive	200
the jewelry exchange	http://www.jewelryexchange.com/	blocked	403
skin	https://skinworldwide.com/	alive	200
the fable	https://www.thefable.com.au/	alive	200
talco	https://www.talco.eu/	alive	200
songshanmiandian	http://ssmd.cn/	alive	200
seidensticker	https://www.seidensticker.com/	alive	200
triarchy	https://triarchy.com/	alive	200
sanrio	https://www.sanrio.com/	alive	200
softclox	https://www.softclox.com/	alive	200
spica organics	https://spicaorganics.com/	alive	200
the kaatn trail	https://thekaatntrail.com/	alive	200
sigotto uomo	https://www.sigotto.com/	tls-error	CERT_HAS_EXPIRED
stieglitz	https://stieglitz.nl/	alive	200
sidas	https://www.sidas.com/	alive	200
sorevna	http://www.sorevna.com/	alive	200
sofia godinho	https://www.sofiagodinho.com/	alive	200
sofiacashmere	https://www.sofiacashmere.com/	alive	200
story mfg.	https://www.storymfg.com/	alive	200
soldini	https://calzaturificiosoldini.com/	alive	200
the potion studio	https://thepotionstudio.com/	blocked	403
the korner	https://www.thekorner.fr/	alive	200
tatinbags	https://www.tatinbags.com/shop/en/	http-dead	410
tory burch	http://www.toryburch.eu/	blocked	503
skins	https://www.skins.nl/	alive	200
the dudes factory	https://www.dudes-factory.com/	alive	200
ordifen	https://www.cosmo-lady.com.hk/c/brand_ordifen.php	alive	200
sun holding company	http://www.suntekstil.com.tr/	alive	200
saint ape	https://shop.saint-ape.com/	net-error	UND_ERR_CONNECT_TIMEOUT
smackers	https://www.lipsmacker.com/	alive	200
rawness natural beauty products	http://www.rawnessbeauty.com/	alive	200
strøm	https://strom-clothing.com/	alive	200
solmar	https://solmar-shop.pl/ua/	http-dead	404
solid & striped	https://www.solidandstriped.com/	alive	200
tadashi shoji	https://www.tadashishoji.com/	alive	200
the vintage store	https://thevintagestore.uk/	http-dead	404
the ordinary	https://theordinary.com/en-de	alive	200
tenerita	https://www.tenerita.com/shop/default.aspx	alive	200
trillion skincare	http://www.trillionskincare.com/	alive	200
springfield	https://myspringfield.com/	alive	200
trapstar	https://uk.trapstarlondon.com/	alive	200
smileactives	http://smileactives.com/	alive	200
studio italy	https://www.studioitaly.de/	http-dead	404
the project garments	https://www.theprojectgarments.com/	alive	200
the clothed	https://www.theclothed.com/	alive	200
simi sk beauty	https://www.simibeautysk.com/	alive	200
sekonda	http://www.sekonda.co.uk/	alive	200
orsay	https://www.orsay.com/	alive	200
studio subtl	https://studiosubtl.com/	http-dead	404
sophie bille brahe	https://sophiebillebrahe.com/	alive	200
the kingsman shop (london)	https://www.mrporter.com/en-us/	blocked	403
think big little people	https://www.thinkbiglittlepeople.com/	dns-dead	NXDOMAIN @1.1.1.1+8.8.8.8
truskin naturals	http://truskin.com/	alive	200
stanton optical	https://www.stantonoptical.com/	alive	200
sobagni	https://sobagni.jp/	blocked	403
sugarbearpro	https://sugarbearpro.com/	alive	200
the turkish towel company	https://turkishtowelcompany.com/product-category/towels/organic/	alive	200
sparx underwear	https://sparxunderwear.com.au/	alive	200
the hub	https://hub.co.za/	alive	200
sister organics	https://www.sisterorganics.co.uk/	alive	200
trilane	https://www.healthydirections.com/product-categories/skincare?healthinterests=Skincare	blocked	403
outhorn	https://us.outhorn.com/	alive	200
sequoia	http://www.sequoiaparis.com/	alive	200
spearmintlove	https://spearmintlove.com/	alive	200
sergio valente	http://www.svjeans.com/	net-error	UND_ERR_CONNECT_TIMEOUT
the sak	https://www.thesak.com/	alive	200
the quartermaster	https://www.thequartermaster.it/	alive	200
simply grey	https://www.simplygreylife.com/	alive	200
sami miro vintage	https://samimirovintage.com/	alive	200
sarah flint	https://www.sarahflint.com/	alive	200
tobu department store	https://www.tobu-dept.jp/ikebukuro/	alive	200
snurk	https://www.snurkamsterdam.com/	alive	200
solid	https://www.solidmen.com/	alive	200
true religion	https://www.truereligion.com/	alive	200
stetson	https://scentbeauty.com/collections/stetson	blocked	429
sol bar	https://soleau-store.com/?_atid=IJAAAYO7AjoehFrL5f6KpPzqjIzSxu	alive	200
sundry	https://sundryclothing.com/	alive	200
thialh	http://www.thialh.com/	alive	200
the pearl source	https://www.thepearlsource.com/	alive	200
the 7 virtues	https://the7virtues.com/	alive	200
superga	https://superga.com/	alive	200
skipper bar	https://www.skipperbar.co.za/	http-dead	406
supply & demand	https://www.supplyanddemand.co.uk/	http-dead	404
taranis	https://taraniskids.com/	alive	200
paddock's	https://www.paddocks-jeans.de/	http-dead	400
soothla	https://www.soothla.com/	alive	200
sport vision	https://www.sportvision.group/	alive	200
shay & blue	https://www.shayandblue.com/	alive	200
wally's natural	http://wallysnatural.com/	alive	200
the unbranded brand	https://theunbrandedbrand.com/	alive	200
skatie	https://www.skatie.es/	alive	200
souple luz	https://www.soupleluz.shop/	alive	200
serge denimes	https://www.sergedenimes.com/	alive	200
sorbas	https://sorbasshoes.com/	alive	200
the sting	https://www.thesting.com/	alive	200
suzanne grae	https://www.suzannegrae.com.au/	alive	200
santa lolla	https://www.santalolla.com.br/	alive	200
sweer	https://www.swear.com.tw/	alive	200
swiss military hanowa	https://swissmilitary.ch/	alive	200
teen fashion	https://teenfashionstore.com/	alive	200
scaglione	https://scaglione.it/	alive	200
spa de soleil	http://spadesoleil.com/	alive	200
thyli	https://thyli.com/	tls-error	ERR_TLS_CERT_ALTNAME_INVALID
st95	https://st95.com/	alive	200
the statement by sandra claire inc.	http://www.thestatementskincare.com/	alive	200
red apple lipstick	https://www.redapplelipstick.com/	alive	200
turo	https://www.turoshop.com/	alive	200
sleepy jones	https://sleepyjonestyle.shop-pro.jp/	dns-dead	no A/AAAA @1.1.1.1
shamballa jewels	https://www.shamballajewels.com/	alive	200
sofia jewelry	https://sofiajewelry.com/	alive	200
ulalü	https://ulalue.de/	alive	200
spa sense	https://www.amazon.com/Spa-Sense-Plant-Derived-Eucalyptus-Shower/dp/B08N838H88/ref=sr_1_1?crid=2X7GON60DJSV8&keywords=spa+sense&qid=1647470886&sprefix=spa+se%2Caps%2C168&sr=8-1	alive	200
sylvia toledano	https://www.sylviatoledano.com/	alive	200
shoe palace	https://www.shoepalace.com/	alive	200
spitzbub	https://www.spitzbub.shop/	tls-error	ERR_SSL_TLSV1_ALERT_INTERNAL_ERROR
sass & bide	https://www.sassandbide.com/	alive	200
waxing the city	https://www.waxingthecity.com/	alive	200
taka-q	https://online.taka-q.jp/shop/brand/taka-q/	alive	200
terrevera	https://terrevera.com/	alive	200
son de flor	https://sondeflor.com/	alive	200
smells like books	https://smellslikebooks.com/	alive	200
scott barnes cosmetics	https://scottbarnes.com/	alive	200
soon skincare	http://www.soonskincare.com/	alive	200
tindi	https://maureentindi.com/	tls-error	CERT_HAS_EXPIRED
tonn	https://tonn.shop/	alive	200
suits inc	https://www.suitsinc.com/en/	alive	200
uchino	https://uchino.shop/	alive	200
sneaky steve	https://www.sneakysteve.com/	alive	200
shiwi	https://shiwi.com/	alive	200
underground threads	https://undergroundthreads.com/	alive	200
sporting life	https://www.sportinglife.ca/	blocked	403
sierra trading post	https://www.sierra.com/	alive	200
truly lifestyle brand	http://www.trulylifestylebrand.com/	alive	200
wells	https://wells.pt/	alive	200
tutuanna	https://online.tutuanna.jp/shop/	alive	200
strenesse	http://www.strenesse.com/	alive	200
stéphane humbert lucas	https://stephanehumbertlucas.com/	alive	200
the body shop	https://www.thebodyshop.com/	alive	200
thiele	https://www.thiele.dk/	alive	200
therapina	http://therapina.com/	http-dead	402
sportscraft	https://www.sportscraft.com.au/	alive	200
scentix	https://scentix.eu/	alive	200
supermaggie	https://www.supermaggie.com/	alive	200
uncs	https://www.uncs.eu/en/	alive	200
spooq	https://www.spooqthelabel.com/	alive	200
sofie & jane	http://www.sofiejane.sk/	alive	200
thyme maternity	http://www.thymematernity.com/	alive	200
staccato	https://staccato.com.hk/	alive	200
universal works	https://universalworks.co.uk/	alive	200
tabi-ji	https://tabiji.co.jp/en	alive	200
simone rocha	https://simonerocha.com/	alive	200
tutti rouge	https://www.tuttirouge.com/	alive	200
themoirè	https://www.the-moire.com/	alive	200
ulanka	https://www.ulanka.com/	blocked	429
stunning lure	https://stun-l.com/	alive	200
strange & twisted	https://www.strangeandtwisted.com/	alive	200
the garment	https://thegarmentcopenhagen.com/	alive	200
whole naturals	https://www.whole-naturals.com/	alive	200
the earthling co.	http://www.theearthlingco.com/	alive	200
scuola nautica italiana	https://www.scuolanauticaitaliana.com/	alive	200
touch me not	https://www.touchmenotclothing.com/?lang=en%3Futm_source%3DGoodOnYou+App	alive	200
spun bamboo	https://www.bambooclothes.com/	alive	200
shakes + speares	https://www.shakesandspeares.com/	alive	200
tøjeksperten	http://www.toejeksperten.dk/	alive	200
urban medley	https://urbanmedley.com/	blocked	403
sita murt	https://www.sitamurt.com/	alive	200
three four time	https://threefourtime.jp/	alive	200
three flowers	https://aiibeauty.com/	alive	200
underprotection	https://underprotection.eu/	alive	200
studio r330	https://r330.jp/	alive	200
the new originals	https://www.theneworiginals.eu/	alive	200
windsor	https://www.windsor.de/	alive	200
the knotty ones	https://www.theknottyones.com/?oid=344&affid=1&source_id=GoY-rating&sub1=brandpage	alive	200
seegarn	https://seegarn.de/	alive	200
souliers martinez	http://www.souliersmartinez.com/	alive	200
tapestry  inc.	http://www.tapestry.com/	alive	200
regelica	https://www.regelica.com/	alive	200
stefan brandt	https://stefanbrandt.com/	net-error	UND_ERR_SOCKET
top to bottom	https://ttbfashion.com/	alive	200
stella cadente	http://www.stella-cadente.com/	alive	200
vakrata	https://vakrata.com/	dns-dead	NXDOMAIN @1.1.1.1+8.8.8.8
skoringen	https://www.skoringen.no/	alive	200
unknown	https://unknownlondon.com/	alive	200
the social studio	https://www.thesocialstudio.org/	alive	200
swellies	https://www.swellies.com/	alive	200
spangeltangel	https://www.spangeltangelshop.de/de/	http-dead	404
the ragged priest	https://theraggedpriest.com/	alive	200
suit	https://www.suit.dk/	tls-error	ERR_SSL_SSL/TLS_ALERT_HANDSHAKE_FAILURE
stanczyk	https://www.stanczyk.biz/en/	alive	200
tanaka	https://www.tanakanytyo.com/	alive	200
sedryk le blanc	https://www.sedryk.sk/	alive	200
teddy smith	https://www.teddy-smith.com/	alive	200
solid state clothing	https://solidstate.clothing/	alive	200
rené rofé	https://www.renerofe.com/	alive	200
st andrews	https://store.tsigs.com/standrews/	alive	200
tip top tailors	https://www.tiptop.ca/	alive	200
suku	https://sukuhome.com/	alive	200
sick sad girls shop	https://www.sicksadgirls.com/	alive	200
soch	https://www.soch.com/	alive	200
smitten merino	https://www.smittenmerino.com/	alive	200
spinns	https://www.spinns.jp/	alive	200
urban originals	https://uo.com.au/	alive	200
tacori	http://www.tacori.com/	alive	200
sportisimo	https://www.sportisimo.cz/	blocked	403
stems	https://stems.luxury/	alive	200
treesizeverse	https://www.treesizeverse.com/	alive	200
solotre	https://www.solotre.com/	alive	200
threeasfour	http://www.threeasfour.com/	alive	200
ukrzoloto	https://ukrzoloto.ua/	alive	200
the volon	http://www.thevolon.com/index.html	alive	200
vaquera	https://vaquera.nyc/	alive	200
track & field	https://www.tf.com.br/	alive	200
storchenwiege	https://www.storchenwiege.de/	alive	200
supa naturals	https://supanaturals.com/	alive	200
sorbet group	https://www.sorbet.co.za/	blocked	403
simetrie	https://simetrie.com.au/	alive	200
sockmate	https://sockmate.store/	alive	200
timebeam beauty	http://timebeam.com/	alive	200
valani	https://www.valani.com/	alive	200
tanishq	https://www.tanishq.co.in/	blocked	403
sunnysky	https://sunnyskystore.com/	alive	200
senqu	https://senqu.co.za/	alive	200
ssōne	https://ssone.com/	dns-dead	NXDOMAIN @1.1.1.1+8.8.8.8
still meadow farm soaps and sundries	https://www.squareup.com/store/still-meadow-farm-soaps-and-sundries	alive	200
soshe beauty	http://soshebeauty.com/	alive	200
tin marin	https://tinmarinbrand.com/	alive	200
señorita lemoniez	https://lemoniez.com/senoritalemoniez/	alive	200
the union bag company	https://unionbag.com/	alive	200
underblue	https://www.underblue.net/	alive	200
thistlescotch	http://tthistlesscotch.com/	http-dead	409
tresor	https://tresorjewelspk.com/	http-dead	402
united arrows	https://www.united-arrows.co.jp/	alive	200
studio ebn	https://studioebn.com/	alive	200
sweatblock	https://sweatblock.com/	alive	200
sister jane	https://sisterjane.com/	alive	200
wondergloss	http://www.wondergloss.com/	alive	200
taking shape	https://takingshape.com/	alive	200
terra thread	https://www.terrathread.com/	alive	200
thecleanstandard®	https://thecleanstandard.com/	alive	200
td by true decadence	https://www.truedecadence.com/	alive	200
tch	http://en.tchchina.cn/	alive	200
street shoes	https://www.street-shoes.com/	alive	200
spectra fine jewelry	https://www.spectrafinejewelry.com/	alive	200
sh skincare	https://www.etsy.com/shop/StyleHouseHawaii?listing_id=951122520&from_page=listing	blocked	403
thin lizzy	https://www.thinlizzy.co.nz/	alive	200
svea clothing	https://www.sveasvea.com/	net-error	UNABLE_TO_VERIFY_LEAF_SIGNATURE
sephirah seven candle collective	https://sephirahseven.com/	timeout	
tif tiffy denmark	https://tiftiffy.com/	http-dead	404
sol sana	https://www.sol-sana.com/	alive	200
tru virtu	https://www.truvirtu.com/	alive	200
upwear	https://upwearapparel.com/shop-now/	http-dead	404
primigi	https://www.primigi.it/	alive	200
t.m. lewin	https://tmlewin.co.uk/	alive	200
skiny	https://www.skiny.com/	alive	200
stehmann	https://stehmann-store.de/	alive	200
threaded pear	https://threadedpear.com/	alive	200
vargu	https://www.vargu.com/	alive	200
shirin nyc	https://www.shirinnyc.com/	alive	200
the store	https://www.tstore.com.my/	alive	200
wu-wear	https://www.urban-classics.net/	blocked	401
tk maxx	https://www.tkmaxx.com/	alive	200
sporty & rich	https://sportyandrich.com/	alive	200
shilton	https://www.shilton.fr/	alive	200
stylethics	https://stylethicsto.com/	tls-error	CERT_HAS_EXPIRED
syncs.earth	https://syncs-earth.com/en	alive	200
suedwind footwear	https://www.suedwind.com/	alive	200
spao	https://spao.my/	alive	200
shadetwin.app	https://shadetwin.app/	blocked	429
stradivarius	http://www.stradivarius.com/	alive	200
uyn sports	https://uynsports.com/	alive	200
seventy + mochi	https://www.seventymochi.com/	alive	200
tamaris	https://www.tamaris.com/	alive	200
smiles for miles	https://www.smilesformiles-oralhealth.com/	alive	200
stokke	https://www.stokke.com/	net-error	UND_ERR_HEADERS_OVERFLOW
tim van steenbergen	https://timvansteenbergen.com/	alive	200
vera wang	https://www.verawang.com/	alive	200
siacera	https://siacera.com/	alive	200
stefano ricci	http://www.stefanoricci.com/	alive	200
universal standard	https://www.universalstandard.com/	alive	200
reuzel	http://www.reuzel.com/	alive	200
tuckerman & co	https://www.tuckerman.co/	alive	200
spruce grooming products	http://www.spruce.me/	alive	200
son of a tailor	https://www.sonofatailor.com/	alive	200
terez & honor	https://terezandhonor.com/	alive	200
toni pons	https://tonipons.nl/	alive	200
solbari	https://www.solbari.com.au/	alive	200
showpo	https://www.showpo.com/us/	alive	200
sum of all	http://www.sumofall.com/	alive	200
sportler	https://www.sportler.com/	alive	200
vanacci	https://vanacci.com/	alive	200
taygra shoes	https://www.taygra.shoes/	alive	200
shielded beauty	https://shieldedbeauty.com/	alive	200
studio clip	https://www.adastria.co.jp/brands/studioclip/	alive	200
to be hawaii	http://www.tobehawaii.com/	alive	200
viable vegans	https://www.viablevegans.com/	http-dead	409
prota fiori	https://protafiori.com/	alive	200
storm & marie	https://www.stormandmarie.com/	tls-error	CERT_HAS_EXPIRED
urban industry	https://www.urbanindustry.co.uk/	alive	200
rieker	https://www.rieker.com/	blocked	403
typo	https://www.typo.com/	alive	200
sound fragrances	https://www.soundfragrances.com/	alive	200
the attico	https://www.theattico.com/	alive	200
totémica	https://totemicabeauty.com/	alive	200
silverist	https://silverist.com/	alive	200
sundried	https://www.sundried.com/	alive	200
theo grace	https://www.theograce.com/	alive	200
state of elevenate	https://elevenate.com/	alive	200
tofvel	https://tofvel.com/	alive	200
tissot	https://www.tissotwatches.com/	alive	200
the boy&i	https://www.theboyandi.com.au/	alive	200
vera bradley	http://www.verabradley.com/	alive	200
sub_urban riot	https://www.suburbanriot.com/	alive	200
toni brattin hair fabulous	http://tonibrattin.com/	alive	200
vinevida	https://www.vinevida.com/	alive	200
pure heart essentials	https://pureheartessentials.com/	alive	200
studio eva d.	https://www.studioevad.com/	alive	200
rjsebastian	https://www.rjsebastian.net/	dns-dead	NXDOMAIN @1.1.1.1+8.8.8.8
terminal b	http://www.terminalbstore.com/	alive	200
supersmile	https://www.supersmile.com/	alive	200
shopko optical	https://www.shopko.com/	alive	200
sparkz copenhagen	https://www.sparkz.dk/	net-error	UND_ERR_CONNECT_TIMEOUT
studio pia	https://www.studiopia.co.uk/	alive	200
xxzxx	http://www.xxzxxvip.com/	net-error	UND_ERR_SOCKET
treehut	https://treehut.co/	alive	200
tasaki	https://www.tasaki-global.com/	alive	200
sustain by kat	https://sustainbykat.com/?oid=263&affid=1&source_id=GoY-rating&sub1=brandpage	alive	200
threesixfive	https://www.three-six-five.co.uk/	alive	200
stighlorgan	https://www.stighlorgan.com/	alive	200
vaida petreikis	http://vaidapetreikis.com/	alive	200
tom ford	https://www.tomford.com/	alive	200
the glade	https://theglade.com.au/?oid=306&affid=&source_id=GoY-rating&sub1=brandpage	alive	200
un jour ailleurs	https://www.unjourailleurs.com/	alive	200
sun68	https://www.sun68.com/	alive	200
vhues beauty	https://vhues.ca/	alive	200
toswim	http://www.toswim.com/	alive	200
qmbeautique	https://www.qmbeautique.ca/	alive	200
suelle	https://suelleboutique.com/	alive	200
sirens & starlight	https://www.sirensandstarlight.com/	tls-error	UNABLE_TO_GET_ISSUER_CERT_LOCALLY
the bar	https://the--bar.com/	alive	200
troop sport	http://worldoftroop.com/	alive	200
spiritualshirt	https://www.spiritualshirt.com/	net-error	ECONNRESET
venroy	https://www.venroy.com.au/	alive	200
siksilk	https://siksilk.com/	alive	200
sportscene	https://www.sportscene.co.za/	alive	200
tenth & pine	https://tenthandpine.com/	alive	200
rodo	https://uk.rodo.it/	tls-error	ERR_SSL_SSL/TLS_ALERT_HANDSHAKE_FAILURE
tinta style	http://www.tintastyle.es/	alive	200
star body espresso yourself healthy lifestyle brand	http://www.espress-o-yourself.com/	alive	200
tolani u.s.a	https://www.tolanicollection.com/	alive	200
yese studio	https://yesestudio.com/	alive	200
tales of tanush	https://talesoftanush.com/	alive	200
soccx	https://www.campdavid-soccx.de/	alive	200
thulisa naturals	http://www.thulisanaturals.com/	alive	200
vanina	https://vanina.me/	alive	200
swims	https://us.swims.com/	alive	200
temu	https://www.temu.com/	alive	200
suicoke	https://suicoke.com/	alive	200
swiss watch expo	https://www.swisswatchexpo.com/	alive	200
tredy fashion	https://www.tredy-fashion.de/	alive	200
the fix	https://www.thefix.co.za/	alive	200
sunflower	https://www.hellosunflower.com/	alive	200
sonqo	https://www.bysonqo.com/	alive	200
unikspace	https://unikspace.com.au/	alive	200
silktáge	http://www.silktage.com/	alive	200
timeless skin care	https://www.timelessha.com/	alive	200
stuart weitzman	https://eu.stuartweitzman.com/	alive	200
vincija swim	https://vincijaswim.com/	alive	200
triya	https://www.triya.com.br/	alive	200
sin	https://fesretail.com/sin/	alive	200
stalvey	https://stalvey.com/	alive	200
root	https://root1887.shop/	alive	200
skinfood	http://www.theskinfood.com/	alive	200
shinsegae	http://www.shinsegae.com/	alive	200
toptop	https://toptop.ru/	alive	200
the apawthecary co.	https://theapawthecary.co/	alive	200
takeo kikuchi	https://store.world.co.jp/s/brand/takeo-kikuchi/	blocked	403
taifun	https://www.gerryweber.com/en-eu/brands/taifun/	http-dead	404
venn	https://vennskincare.com/	alive	200
sunless body	https://www.sunlessbody.com/	alive	200
rachel silk	https://www.rachelsilk.com/	alive	200
target optical	https://www.targetoptical.com/	alive	200
tezenis	https://www.tezenis.com/	alive	200
tiny rituals	https://tinyrituals.co/	alive	200
stylein	https://stylein.com/	alive	200
viu eyewear	https://shopviu.com/	alive	200
square-up	https://www.square-up.fr/	alive	200
skims	https://skims.com/	alive	200
steppin out	https://www.steppinout.nl/	alive	200
vetements	https://vetementswebsite.com/	alive	200
sol beauty & care	https://solbeautyandcare.com/	alive	200
smashbox	https://www.smashbox.com/	alive	200
shu	https://shuclothes.com/	alive	200
surgi-care	http://surgiwax.com/	alive	200
tobias & the bear	https://www.tobiasandthebear.com/	http-dead	402
the elder statesman	https://elder-statesman.com/	alive	200
tarte  inc.	http://tartecosmetics.com/	alive	200
tanning shop	https://thetanningshop.co.uk/	alive	200
the linen company	https://www.thelinen.co/	alive	200
triple2	https://triple2.de/	blocked	429
svala	https://svala.co/?oid=130&affid=1&source_id=GoY-rating&sub1=brandpage	alive	200
tramplemousse	https://www.tramplemousse.fr/	alive	200
too hot to hide	https://www.toohottohide.de/	alive	200
vivaia	https://www.vivaiacollection.com/	alive	200
younique	https://www.youniqueproducts.com/	alive	200
tendam	http://www.tendam.es/	alive	200
sumigi	https://shop.sumi-gi.com/	alive	200
suunto	http://www.suunto.com/	alive	200
status anxiety	https://www.statusanxiety.com.au/	alive	200
tsptr	https://tsptr.com/	alive	200
singular society	https://singular-society.com/	alive	200
street called madison	https://www.streetcalledmadison.com/	alive	200
rangoni	https://rangonistore.com/	alive	200
sona cosmetics	https://sonacosmetics.ca/	alive	200
soapply	https://soapplybox.com/	alive	200
silq rose	https://silqrose.com/	alive	200
stella soomlais	https://stellasoomlais.com/	alive	200
swofcare	https://www.swofcare.com/	alive	200
teluris	https://teluris.co/	alive	200
technomarine	https://www.technomarine.com/	alive	200
the shirtmakers	http://www.theshirtmakers.com/	alive	200
the mountain	https://www.themountain.com/	alive	200
symbology	https://symbologyclothing.com/	alive	200
the common good company	https://www.thecommongoodco.com/?oid=25&affid=1&source_id=GoY-rating&sub1=brandpage	alive	200
triangle fragrance	http://trianglefragrance.com/	alive	200
von zipper	https://us.vonzipper.com/	alive	200
zanone	https://www.farfetch.com/uk/shopping/women/zanone/items.aspx	alive	200
that good good shea	https://thatgoodgoodshea.com/	alive	200
supermom	https://www.noppies.com/nl-nl/supermom/	alive	200
sylhouette parfums	https://sylhouetteparfums.com/	alive	200
twinlife	https://www.twinlife.com/	alive	200
skin by regen	http://www.regenrus.com/	alive	200
south2 west8	https://south2west8.com/	alive	200
re/done	https://shopredone.com/	alive	200
soko	https://www.shopsoko.com/	alive	200
sinner	https://www.sinner.eu/	alive	200
vilebrequin	https://www.vilebrequin.com/	alive	200
teva	https://www.teva-eu.com/	blocked	403
the simple folk	https://thesimplefolk.co/	alive	200
tokio inkarami	http://www.wikidata.org/.well-known/genid/ffbf3c0e54c07fbcce1bc8cba8cd3bc0	http-dead	404
true nature skincare	https://www.symphonybeauty.com/true-nature-skincare/	alive	200
walking on a cloud	https://www.walkingonacloud.com/	blocked	403
the dust	https://www.the-dust.com/	alive	200
swiat zlota	https://swiatzlotasklep.pl/	blocked	503
ultimate direction	https://ultimatedirection.com/	alive	200
vgrass	http://www.v-grass.com/cn/index.html	alive	200
trvl drss	https://www.zenggi.com/trvldrss	alive	200
soulstar	https://www.soulstarclothing.com/	alive	200
take a shot	https://www.takeashot.de/	alive	200
tonino lamborghini spa	https://www.lamborghini.it/	alive	200
rove	https://www.rovedesigns.com/	alive	200
the webster	https://thewebster.com/	alive	200
touz moda	https://touzmoda.com/	alive	200
the flexx	https://www.theflexx.com/	alive	200
terranova	https://www.terranovastyle.com/	alive	200
takes.	https://takes.jp/	alive	200
slopes & town	https://www.slopesandtown.com/	alive	200
untoxicated skincare	http://www.untoxicated.com/	alive	200
watson & wolfe	https://www.watsonwolfe.com/	alive	200
redwood classics apparel	https://redwoodclassics.net/	alive	200
vitalfit	https://resourceessentialsskincare.com/collections/vitalfitsr	alive	200
topvalu	https://www.topvalu.net/items/category/200000000/	http-dead	404
tabitha ringwood	https://tabitharingwood.com/	alive	200
vincent pradier	https://www.vincent-pradier.com/	alive	200
spendless shoes	https://www.spendless.co.nz/	alive	200
stilfaser	https://www.jungfeld.com/	alive	200
taranko	https://taranko.com/en/	blocked	403
topicals	https://mytopicals.com/	alive	200
zettia	https://zettia.es/	net-error	redirect count exceeded
thokkthokk	https://www.thokkthokkmarket.com/en/	alive	200
trendy	https://www.maquillajetrendyshop.com/	alive	200
soma	https://www.soma.com/	alive	200
spiral bags	https://www.spiraluk.com/	alive	200
tartine et chocolat	https://www.tartine-et-chocolat.com/	alive	200
the konjac sponge company	http://www.konjacspongecompany.com/	alive	200
smaak amsterdam	https://www.smaakamsterdam.nl/	alive	200
snif	https://snif.co/	alive	200
turnbull & asser	https://turnbullandasser.com/	alive	200
the blue suit	https://www.thebluesuit.ch/	server-error	530
voodoo makeup	http://voodoomakeup.com/	alive	200
rufskin	https://www.rufskin.com/	alive	200
the children's place	https://www.childrensplace.com/	alive	200
vitasana	https://thevitasana.com/	alive	200
the handmade soap company	http://www.thehandmadesoapcompany.ie/	alive	200
twentyfour	https://www.twentyfour.no/	alive	200
teenmix	https://www.teenmix.com.cn/	alive	200
zoe karssen	https://zoekarssen.com/	dns-dead	no A/AAAA @1.1.1.1
tiforganics	http://www.tiforganics.com/	blocked	403
paperthinks	https://paperthinks.us/	net-error	UND_ERR_CONNECT_TIMEOUT
une piece	https://unepiece.com/	alive	200
souldaze	http://www.souldazecollection.com/	server-error	500
utekos	https://utekos.no/	alive	200
vrea cosmetics	http://www.vreacosmetics.com/	alive	200
tokiwa	http://www.tokiwa-portal.com/	alive	200
snowe	https://snowehome.com/	alive	200
the gift label	https://www.lyn-n.com/	alive	200
waldläufer	https://xn--waldlufer-z2a.de/	alive	200
the perfume garden	https://www.perfumegarden.co.za/	alive	200
ulook	http://www.ulookcosmetics.com/	alive	200
taleo	https://taleo.co/	alive	200
stride rite	https://www.striderite.com/	alive	200
tsumori chisato	http://tsumorichisato.co.jp/	alive	200
the make	https://themake.nl/	alive	200
terror kittens	https://www.terrorkittens.com/	alive	200
spykar	https://spykar.com/	alive	200
titanea	https://titanea.fr/	alive	200
top3 shoes	https://www.top3shoes.com/	alive	200
trotters	https://www.trotters.co.uk/	alive	200
stührling	http://www.stuhrling.com/	alive	200
sśaint	https://www.ssaint.com.au/	alive	200
trade secrets	https://tradesecrets.ca/	alive	200
tanner fletcher	https://tannerfletcherstudios.com/	alive	200
the row	https://www.therow.com/us	alive	200
well read company	https://us.wellreadcompany.com/	alive	200
telfar	https://telfar.net/	alive	200
spilled	https://spilleddenim.com/	alive	200
skinbuzz	http://www.skinbuzz.com/	alive	200
sogo	http://www.sogo-gogo.com/	dns-dead	NXDOMAIN @1.1.1.1+8.8.8.8
the suss edit	https://thesussedit.com/	http-dead	402
the bubble collection	https://www.thebubblecollection.com/	alive	200
tom tailor	https://www.tom-tailor.de/	alive	200
tracksmith	https://www.tracksmith.com/	alive	200
washi-tech	https://washi.tech/	alive	200
stowa	http://www.stowa.com/	alive	200
tubelaces	https://www.urban-classics.net/	blocked	401
the madison collection	https://themadisoncollection.com/	alive	200
tretorn	https://www.tretorn.com/	alive	200
vpl	http://www.vplnyc.com/	alive	200
texture clothing company	https://textureclothing.in/	alive	200
the kenyan crafts company	https://www.thekenyancraftscompany.com/	alive	200
suitshop	https://suitshop.com/	alive	200
the seaweed bath co.	https://seaweedbathco.com/?srsltid=AfmBOorvvSyLs2l5CksotTo9qPAkvQfiOjpsGtxVSXqne9kqk4mySU3v	alive	200
unreal fur	https://www.unrealfur.com/	alive	200
the high-end hippie wellness inc	https://thehighendhippie.ca/	alive	200
undress code	https://undress-code.com/	alive	200
small wonder	https://smallwonder.world/	alive	200
úchè	https://uche.world/	alive	200
reitmans	https://www.reitmans.com/	alive	200
pashwrap	https://pashwrap.com/	alive	200
torannce	https://www.torannce.com/	alive	200
soft rebels	https://www.soft-rebels.com/	alive	200
tresse paris	https://www.tresseparis.com/	alive	200
wallace bishop	https://wallacebishop.com.au/	alive	200
sprinjene original toothpaste	https://sprinjene.com/collections/sprinjene-original	alive	200
stefano branchini	https://www.branchinishoes.com/	timeout	
solosix	https://www.solosix.co/	alive	200
the guestlist	https://www.the-guestlist.com/	alive	200
true body	http://www.thhcp.com/	alive	200
twist&tango	https://www.twisttango.com/	alive	200
walking through flowers	https://www.etsy.com/shop/walkinthroughflowers	blocked	403
tateossian	https://www.tateossian.com/	alive	200
state of escape	https://www.stateofescape.com/	alive	200
the q collection	https://carolynquan.com/clothing/	http-dead	404
td tom davies	http://www.tdtomdavies.com/	alive	200
whitney bowe	http://drwhitneybowe.com/	alive	200
tychea skin care	https://tycheaholisticandwellness.com/	alive	200
urbancoolab	https://urbancoolab.com/	alive	200
the north face japan	https://www.goldwin.co.jp/tnf/	alive	200
uncommon beauty	https://uncommonjames.com/pages/beauty	alive	200
reprise	https://www.repriseactivewear.com/	alive	200
trands	http://www.trands.com/	alive	200
traffic people	http://www.trafficpeople.co.uk/	alive	200
true beauty lashes  inc.	https://inspiretruebeauty.com/	alive	200
stylenanda	http://www.stylenanda.com/	alive	200
waterlust	https://waterlust.com/	alive	200
state of change	https://stateofchangeparfum.com/	alive	200
van bommel	http://www.vanbommel.com/nl/	alive	200
solito scarfs	https://www.solito.eu/	tls-error	DEPTH_ZERO_SELF_SIGNED_CERT
tuikauri	https://tuikauri.com/	dns-dead	no A/AAAA @1.1.1.1
ultraceuticals	https://www.ultraceuticals.com.au/	alive	200
ten little	https://tenlittle.com/	alive	200
sunsuelle	https://www.sunsuelle.com/	net-error	ECONNREFUSED
the sleep shirt	https://www.thesleepshirt.com/	alive	200
uno de 50	https://www.unode50.com/eu/en/home	alive	200
soruka	https://soruka.com/	alive	200
terminal x	https://www.terminalx.com/	alive	200
the artful mitten	https://www.etsy.com/shop/theartfulmitten	blocked	403
umbrella ink merch	https://www.ebay.com.au/str/umbrellainkmerch	http-dead	410
therawell	http://uppercanadasoap.com/	alive	200
valentino by mario valentino	https://www.mariovalentino.it/	alive	200
weekend offender	https://weekendoffender.com/	alive	200
unit 1	https://unit1gear.com/	alive	200
rhone	https://www.rhone.com/	blocked	403
studio modd	https://www.studiomodd.com/	alive	200
watercult	https://www.watercult.com/	alive	200
tuhkana swimwear	http://www.tuhkana.com/	alive	200
the victorian garden organic skincare company	http://www.thevictoriangarden.co.za/	alive	200
the stone	https://www.thestone.nl/	alive	200
summersalt	https://www.summersalt.com/	alive	200
stitches	https://urban-planet.com/pages/stitches	http-dead	404
stevie may	https://www.steviemay.com.au/	alive	200
veka	https://allwear.co.za/	alive	200
sorelle fontana	http://www.sorellefontana.com/	alive	200
tzoma	https://www.tzoma.com/	alive	200
thalé blanc	https://thaleblanc.com/	alive	200
swarovski	https://www.swarovski.com/	alive	200
the white stripes tailors and shirtmakers	https://whitestripes-tailoring.com/	alive	200
specsavers	https://www.specsavers.nl/	blocked	403
the forest clothing	https://theforestclothing.com/	alive	200
wellensteyn	https://www.wellensteyn.com/	alive	200
the north face	https://www.thenorthface.com/	alive	200
soap cauldron	http://www.soapcauldron.com/	alive	200
uptown studio designs	https://uptownstudiodesign.com/	dns-dead	NXDOMAIN @1.1.1.1+8.8.8.8
sugarbird	https://sugarbird.com/	alive	200
tzol'skin	https://tzolskin.com/	alive	200
this is unfolded	https://thisisunfolded.com/	alive	200
wilson and frenchy	https://www.wilsonandfrenchy.com.au/	alive	200
tribe lacrosse	https://www.tribelacrosse.com/	alive	200
the well worn	https://thewellworn.co.uk/?oid=397&affid=1&source_id=GoY-rating&sub1=brandpage	alive	200
peace bird women	https://shop.peacebird.com/	alive	200
the ultimate	https://www.theultimatepromandbridal.com/	alive	200
studio amelia	https://studioamelia.co/	alive	200
vertmax design	https://vertmaxdesign.com/	dns-dead	NXDOMAIN @1.1.1.1+8.8.8.8
spartoo	https://www.spartoo.net/	alive	200
unaloe	https://www.unaloe.it/	alive	200
synsam	https://www.synsam.se/	alive	200
thousand fell	https://www.thousandfell.com/	alive	200
sportspower	https://www.sportspower.com.au/	alive	200
vatter	https://www.vatter-fashion.com/	alive	200
ripani	https://www.ripani.com/	alive	200
the manchester shop	https://www.themanchestershop.co.uk/	alive	200
supernoud	https://www.supernoud.nl/	alive	200
the circle model management	https://www.thecirclemodels.com/	alive	200
unfrosen	https://www.unfrosen.com/	alive	200
the spotted quoll studio	https://thespottedquoll.com.au/	alive	200
uyn	http://uynsports.com/	alive	200
sungold botanicals	https://www.sgborganics.com/	alive	200
stila	http://stilacosmetics.com/	alive	200
tibi	http://www.tibi.com/	alive	200
saana ja olli	http://www.saanajaolli.com/	alive	200
woman within	https://www.womanwithin.com/	http-dead	433
true tribe	https://truetribe.paris/	alive	200
vietopia	https://vietopiathebrand.com/	alive	200
sportscheck	https://www.sportscheck.com/	timeout	
tally weijl	https://www.tally-weijl.com/	alive	200
tike studio	https://www.tikestudio.com/he/home	dns-dead	NXDOMAIN @1.1.1.1+8.8.8.8
standard procedure	https://standardprocedure.com/	blocked	429
robel	https://www.robel.sk/	alive	200
triana	https://sunshinenaturalfoods.net/	alive	200
the sclpt co	https://thesclptco.com/	alive	200
unseen footwear	https://www.unseenfootwear.com/	alive	200
the winsome apothecary	https://www.thewinsomeapothecary.com/	alive	200
the cure skincare	https://thecureskincare.ca/	alive	200
suzusan	https://suzusan-shibori.com/	alive	200
whiting & davis company  inc.	https://whitinganddaviscollection.com/	alive	200
people of shibuya	https://peopleofshibuya.com/	alive	200
the hooded hare	https://thehoodedhare.com/	alive	200
saint e	https://saint-e.world/	dns-dead	NXDOMAIN @1.1.1.1+8.8.8.8
woven wildly	https://wovenwildly.com/en/home/	alive	200
turtledove	https://www.turtledovelondon.com/	dns-dead	NXDOMAIN @1.1.1.1+8.8.8.8
three ships	http://www.threeshipsbeauty.com/	alive	200
theatre products	http://www.theatreproducts.co.jp/	alive	200
viscata	https://www.viscata.com/	alive	200
vernisse	https://vernisse.it/	alive	200
soho grit	https://www.sohogrit.com/	alive	200
stance	https://www.stance.com/	alive	200
tattoo numbing cream co.	https://tattoonumbingcream.com/	alive	200
titan industries	https://www.titan.co.in/	blocked	403
tlczm	https://www.houseoftlczm.com/	dns-dead	NXDOMAIN @1.1.1.1+8.8.8.8
stephieann	https://www.stephieanndesign.com/	alive	200
roler	https://roler.com.au/	alive	200
the warehouse	https://thewarehouse.co.nz/	blocked	403
urlazh	https://urlazhny.com/	alive	200
three floor	https://www.threefloor.com/	net-error	ECONNRESET
una pluma	https://unapluma.com/	alive	200
urban revivo	https://urbanrevivo.com/	alive	200
suave	https://www.suaveshoes.com/	http-dead	404
wilson	https://www.wilson.com/	blocked	403
the original muck boot company	https://muckbootcompany.co.uk/	alive	200
pertini	https://www.pertini.es/	alive	200
xti	https://xti.es/	blocked	429
union horlogère sa	https://www.unionhorlogere.ch/	alive	200
timex group usa	https://www.timex.com/	alive	200
theodore & pringle optical	https://www.theodoreandpringle.ca/	alive	200
thor steinar	http://www.thorsteinar.de/	alive	200
volcano	https://volcano.pl/	alive	200
solsoller	http://solsoller.com/	alive	200
samoon	https://samoon.com/	alive	200
tennen	https://tennengood.com/	alive	200
tommy hilfiger	https://www.tommy.com/	alive	200
roselin joyeros	https://roselin.es/	alive	200
strauss	https://www.strauss.com/cz/cs	alive	200
whish beauty products	http://www.whishbody.com/	alive	200
timberland	https://www.timberland.de/	alive	200
strive	https://striveskin.com/	alive	200
van lier shoes	https://www.vanlier.nl/	alive	200
thinking mu	https://www.thinkingmu.com/	alive	200
thesus	https://thesusoutdoors.com/?oid=47&affid=1&source_id=GoY-rating&sub1=brandpage	alive	200
ugg	https://www.ugg.com/	blocked	403
phlur	https://phlur.com/	blocked	403
yd.	https://www.yd.com.au/nz	alive	200
up & running	https://www.upandrunning.co.uk/	alive	200
tilt beauty	https://tiltbeauty.com/	alive	200
wahts	https://www.wahts.com/	alive	200
sylvie eder	https://www.girlsbestfriends.de/	net-error	UND_ERR_CONNECT_TIMEOUT
sans beast	https://sansbeast.com/?oid=198&affid=1&source_id=GoY-rating&sub1=brandpage	alive	200
stellar moon sacred beauty & skincare	https://thestellarmoon.com/	alive	200
valentina karellas	https://valentinakarellas.com/	alive	200
rs sports	https://rs-sports.com/global/	blocked	429
true grit grooming products for men	https://theofficialtruegrit.com/	alive	200
tivoli	https://www.tivoliclothing.com/	alive	200
velvet & sweet pea's purrfumery	http://purrfumery.com/	alive	200
valero pearls	https://www.valero-pearls.com/	alive	200
stacy adams	http://www.stacyadams.com/shop/index.html	http-dead	404
thtc	https://thtc.com/?oid=348&affid=1&source_id=GoY-rating&sub1=brandpage	alive	200
utrano	https://www.utrano.com/	alive	200
stubble & co	https://www.stubbleandco.com/	alive	200
the summer house	https://int.thesummerhouse.in/?oid=297&affid=1&source_id=GoY-rating&sub1=brandpage	alive	200
sottotono	https://sottotono.it/	alive	200
weleda	http://www.weleda.com/	alive	200
the ampal creative	https://www.theampalcreative.com/	alive	200
young designers emporium	https://www.yde.co.za/	alive	200
the institute for art and olfaction	https://artandolfaction.com/	alive	200
tolu coker	https://tolucoker.com/	http-dead	404
sun kissed & co.	https://shopsunkissedandco.com/	alive	200
todomoda	https://pe.todomoda.com/	alive	200
undefeated	https://undefeated.com/	alive	200
torrid	https://www.torrid.com/	blocked	403
thomas maine	https://www.thomasmaine.com/	alive	200
womaness	http://womaness.com/	alive	200
tiffany & co.	https://www.tiffany.com/	alive	200
vice & virtue	http://viceandvirtueskin.com/	alive	200
unice	https://www.uniceunice.com/	alive	200
thrills	https://thrills.co/	alive	200
to boot new york	https://toboot.com/	alive	200
studious	https://studious.co.jp/	alive	200
satch	https://www.satch.com/	alive	200
takashimaya	https://www.takashimaya.co.jp/	alive	200
stox	https://stoxenergy.com/	alive	200
tumbleweed + thyme for men	https://ajoyforever.com/collections/men	alive	200
tinne+mia	https://www.rillagorilla.nl/	alive	200
valentino beauty	https://www.valentino-beauty.com/	alive	200
wildflower ethical apparel	https://www.wildflowereco.com.au/	alive	200
wardruna	https://wardrunashop.com/	alive	200
the creative bag company	https://thecreativebagcompany.com/	dns-dead	NXDOMAIN @1.1.1.1+8.8.8.8
stella forest	https://www.stellaforest.fr/	alive	200
tie rack	https://www.draegerparis.com/pages/accueil-tie-rack	http-dead	404
vintner's daughter	http://www.vintnersdaughter.com/	alive	200
wrangler	https://www.wrangler.com/	blocked	403
timex	https://www.timex.com/	alive	200
white house black market	https://www.whitehouseblackmarket.com/	alive	200
titania inglis	http://www.titaniainglis.com/	alive	200
pink chawkulit	http://www.pinkchawkulit.com/	alive	200
rut & circle	https://www.rutandcircle.com/	alive	200
vasky	https://www.vasky.cz/	alive	200
thérapie clinic	https://therapieclinic.com/uk/join?code=d2LRs0	alive	200
taschendieb wien	https://www.taschendieb-wien.com/	alive	200
studio noos	http://www.studionoos.com/	blocked	429
styland	https://www.stylandstore.com/	alive	200
too high to die	https://toohightodie.cz/	alive	200
the pretty hat	https://www.theprettyhat.com/	alive	200
wolf brothers	https://wolfbrothers.men/	alive	200
toms	https://www.toms.com/	alive	200
supré	https://supre.com.au/	alive	200
uashmama	https://uashmama.com/ww/en	alive	200
scents of wood	https://scentsofwood.com/	alive	200
spell	https://eu.spell.co/?oid=281&affid=1&source_id=GoY-rating&sub1=brandpage	alive	200
we rock.	https://www.werock.store/	dns-dead	NXDOMAIN @1.1.1.1+8.8.8.8
tiny twig	https://tinytwig.com.au/	alive	200
travismathew	https://travismathew.ca/	alive	200
swim against	https://www.swimagainst.com/	alive	200
william k. park	https://www.williamkpark.com/	alive	200
saddler	https://www.saddler.com/	alive	200
suite reyad	https://suitereyad.com/	alive	200
vecona vintage	https://www.vecona-vintage.com/	alive	200
stylemixer	https://style-mixer.com/	alive	200
pj's soaps and bombs	https://pjssoapsandbombs.com/	alive	200
the lab	https://thelab.care/	alive	200
topten	http://www.topten10.co.kr/	alive	200
yvonne koné	https://www.yvonnekone.com/	alive	200
untold jewellery	https://untoldjewellery.com/	alive	200
three peaks clothing	https://www.threepeaksclothing.com/	dns-dead	NXDOMAIN @1.1.1.1+8.8.8.8
viverano	https://www.viverano.com/	alive	200
the ubeauty.com  llc	https://ubeauty.com/	blocked	403
switch2pure	https://mdblend.com/	alive	200
toschi	https://www.toschipellicce.com/	alive	200
sulina shop	https://sulinashop.com/	alive	200
vestrum	https://www.vestrum-italy.com/	alive	200
uncle sam	https://www.unclesamshop.com/de/	tls-error	ERR_SSL_TLSV1_ALERT_INTERNAL_ERROR
sprayground	https://sprayground.com/	alive	200
tous	https://www.tous.com/	alive	200
tokyo bags	https://tokyobags.co/	alive	200
tag heuer	https://www.tagheuer.com/	net-error	redirect count exceeded
wolverine	https://www.wolverine.com/	alive	200
salewa	https://www.salewa.com/	alive	200
toby tiger	https://www.tobytiger.co.uk/	alive	200
tommy & lottie	https://www.tommyandlottie.com/	alive	200
sullen clothing	https://sullenclothing.com/	alive	200
po:dl	https://podl.co.kr/	dns-dead	no A/AAAA @1.1.1.1
world of crow	https://worldofcrow.com/	alive	200
the recycled planet	https://therecycledplanetco.com/	alive	200
storm active	http://stormactive.com/	alive	200
usha clothing	http://www.usha.de/	alive	200
sui	https://us.wearesui.com/?oid=304&affid=1&source_id=GoY-rating&sub1=brandpage	alive	200
vyalure	http://vyalure.com/	alive	200
tok beauty	http://www.tokbeauty.com/	alive	200
takahiromiyashita the soloist	https://the-soloist.net/	alive	200
trilastin	https://trilastin.com/	alive	200
sunspel	https://www.sunspel.com/	alive	200
unisa europa	https://www.unisa-europa.com/	alive	200
trendsplant	https://trendsplant.com/	alive	200
toread	https://www.toread.com.cn/	alive	200
tanni	http://www.tanni.com/	dns-dead	NXDOMAIN @1.1.1.1+8.8.8.8
vila	https://www.vila.com/	alive	200
zenmed	https://zenmed.com/?srsltid=AfmBOooQ92iCRrlvU-S6a6fq81C2hfRbCR0lK1d7bLw1-cQXYjZfNlqn	alive	200
tonno panna	https://tonno-panna.de/	alive	200
worthington	https://www.jcpenney.com/	alive	200
treading water perfume	https://www.treadingwaterperfume.com/	alive	200
torpedo7	https://www.torpedo7.co.nz/	alive	200
supernatural	https://supernatural.com/	http-dead	423
the utilikilts company	https://www.utilikilts.com/	blocked	403
time watch investments limited	https://www.timewatch.com.hk/	alive	200
valmano	https://www.valmano.de/	alive	200
walmart	https://www.walmart.com/	alive	200
top secret	https://topsecret.pl/	alive	200
superdry	https://www.superdry.com/	alive	200
pop bag usa	https://popbagusa.com/	http-dead	404
traki	https://home.traki.com/	tls-error	ERR_TLS_CERT_ALTNAME_INVALID
united tokyo	https://united-tokyo.com/shop/default.aspx	alive	200
tone	http://www.tonetokyo.com/	alive	200
uninfluenced	https://www.uninfluenced.shop/	timeout	
upnature	https://www.amazon.com/stores/UpNature/page/62191A06-D192-4166-BC74-39B30C0DC77E	alive	200
tropic skincare	http://www.tropicskincare.com/	alive	200
sandqvist	https://www.sandqvist.com/	alive	200
team sportia	https://www.teamsportia.se/	alive	200
zjoos	https://zjoos.dk/	alive	200
start-rite shoes	https://www.startriteshoes.com/	alive	200
there was one	https://www.farfetch.com/shopping/women/designer-there-was-one/items.aspx	alive	200
xq	https://xq-footwear.nl/	alive	200
think!	https://www.thinkshoes.com/	alive	200
waxon	https://shopwaxon.com/	alive	200
veganesetees	https://www.etsy.com/sg-en/shop/VeganeseTees	blocked	403
studio 189	https://studiooneeightynine.com/	alive	200
swedish stockings	https://swedishstockings.com/	alive	200
west49	http://www.west49.com/	alive	200
prakti	https://praktibeauty.com/	alive	200
tara	https://taraformula.com/	alive	200
vita kin	https://www.vitakin.com/	alive	200
triangl	https://triangl.com/	blocked	429
ur&penn	https://uropenn.se/	alive	200
sarah chofakian	https://www.sarahchofakian.com.br/	blocked	403
verdura	http://www.verdura.com/	alive	200
touch body works	http://www.evoketouch.com/	net-error	UND_ERR_CONNECT_TIMEOUT
véritécoeur	https://veritecoeur.com/	alive	200
trina turk	https://www.trinaturk.com/	alive	200
trans work	https://store.sanyo-shokai.co.jp/pages/trans_work	alive	200
uvu	https://uvuclub.com/	alive	200
ternua	https://www.ternua.com/	alive	200
uomosport	https://uomosport.com/	alive	200
tranquil touch llc	http://tranquiltouchclean.com/	alive	200
sdg eastlondon	https://www.sdgeastlondon.com/	alive	200
swann paris	https://www.swann-paris.fr/	alive	200
von&zu	https://von-zu.de/	alive	200
true heart products	https://www.thhcp.com/	alive	200
xtep	https://www.xtep.com.hk/	alive	200
touchland	http://touchland.com/	alive	200
v perfumes	https://www.vperfumes.com/	alive	200
xo facecare	http://www.xotreatmentroom.com/	alive	200
vibram fivefingers	https://vibram.com/	net-error	UNABLE_TO_VERIFY_LEAF_SIGNATURE
swildens	https://www.swildens.fr/	http-dead	404
tocoto vintage	https://www.tocotovintage.com/	alive	200
vélez	https://www.nappa.com.co/	alive	200
tricoci skin	http://tricoci.com/	alive	200
the bar a soap company  llc	http://thebarsoapco.com/	alive	200
welter shelter	https://www.weltershelter.com/	alive	200
truly linen	https://www.trulylinen.com/	alive	200
usaflex	https://www.usaflex.com.br/	alive	200
tricoci collection	https://www.tricoci.com/	alive	200
seelight paris	https://seelight.paris/	alive	200
synoptik	https://www.synoptik.dk/	alive	200
wal & pai	https://walandpaifootwear.com/	dns-dead	NXDOMAIN @1.1.1.1+8.8.8.8
tumi	https://www.tumi.com/	alive	200
yawoni	https://www.yawoni.com/	alive	200
yanga	http://www.yanga.com/	alive	200
van laack	https://www.vanlaack.com/	alive	200
viori	https://viori.com/	alive	200
treelance yoga	https://treelance.us/	alive	200
taeve africa	https://www.taeveafrica.com/	dns-dead	NXDOMAIN @1.1.1.1+8.8.8.8
tonsure	https://www.tonsure.eu/	alive	200
thxsilk	https://thxsilk.com/	alive	200
prime shoes	https://www.prime-shoes.com/	alive	200
the fragrance world	https://thefragranceworld.co.uk/	blocked	403
vanessa bruno	https://www.vanessabruno.com/	alive	200
versȧtile paris	https://versatileparis.com/	alive	200
totalsports	https://www.totalsports.co.za/	alive	200
tremblepierre	https://www.tremblepierre.com/	net-error	ECONNREFUSED
tvoe	https://tvoe.ru/	alive	200
sugar	https://sugarproduct.com/	alive	200
true wipes	https://www.thhcp.com/	alive	200
tali and tasi	https://www.tasitravels.com/?oid=133&affid=1&source_id=GoY-rating&sub1=brandpage	dns-dead	NXDOMAIN @1.1.1.1+8.8.8.8
warriors of the divine	https://warriorsdivine.com/	alive	200
true&co.	https://trueandco.com/	alive	200
taylor made polish	http://taylormadepolish.com/	alive	200
vibi venezia	https://vibivenezia.it/en	alive	200
ub2	https://urbanbabybonnets.com/	alive	200
yoi	https://drhc-cosmetics.com/pages/yoi	alive	200
sterns	https://www.sterns.co.za/	alive	200
velveteen	https://velveteenclothing.com/	http-dead	402
viyella	https://www.viyella-online.co.uk/	blocked	403
van dal	https://www.vdal.nl/	alive	200
tanner goods	https://www.tannergoods.com/	alive	200
touché privé	https://toucheprive.com/	alive	200
tubby todd bath co.	http://tubbytodd.com/	alive	200
石徹白洋品店 / itoshiro yohinten	https://itoshiro.org/	alive	200
saye	https://www.sayebrand.com/	alive	200
prymora	https://www.prymora.com/	alive	200
victus sports	https://victussports.com/	alive	200
velvet eyewear	https://velveteyewear.com/	alive	200
wild grace	https://wildgrace.ca/	alive	200
trophy clothing	https://www.trophy-clothing.com/	dns-dead	no A/AAAA @1.1.1.1
ul:kin	https://ulkin.co.kr/	alive	200
turtledove london	https://www.turtledovelondon.com/	dns-dead	NXDOMAIN @1.1.1.1+8.8.8.8
sunglass hut	https://www.sunglasshut.com/	blocked	403
tatuum	https://www.tatuum.com/	blocked	403
weekend max mara	https://www.weekendmaxmara.com/	alive	200
wholesome culture	https://www.wholesomeculture.com/	http-dead	404
tuscany leather	https://www.tuscanyleather.it/en/	alive	200
terra dea	https://www.terradea.com.au/	http-dead	404
uncle studios	https://unclexstudios.com/	alive	200
yves renard	https://yvesrenard.be/	alive	200
young & reckless	https://www.youngandreckless.com/	alive	200
w.kleinberg	https://www.wkleinberg.com/	alive	200
veldskoen	https://www.veldskoenshoes.com/	alive	200
trebius valens	http://www.trebiusvalens.com/	alive	200
trust fund beauty	http://www.trustfundbeauty.com/	alive	200
tina cassaday beverly hills	https://tinacassadaybh.com/	alive	200
the moonrise project	https://www.diamondbrandgear.com/the-moonrise-project/	http-dead	404
schuh	https://www.schuh.co.uk/	blocked	403
withblack	https://www.withblack.com/	alive	200
tabbeau place llc	http://tabbeauplace.com/	alive	200
senses.the label	https://www.sensesthelabel.com/	alive	200
straye footwear	https://straye.com/	alive	200
ty balm	https://tybalm.com/	alive	200
thylie	https://www.thylie.com/	alive	200
vf corporation	https://vfc.com/	alive	200
vestopazzo	https://shop.vestopazzo.it/	alive	200
veshh-eon	https://veshheon.in/	dns-dead	no A/AAAA @1.1.1.1
pure path	https://www.pure-path.com/	alive	200
suza	https://fashion-suza.com/	dns-dead	NXDOMAIN @1.1.1.1+8.8.8.8
trollkids	https://www.trollkids.com/	alive	200
ugo cacciatori	https://www.ugocacciatori.com/	alive	200
whimsy + row	https://whimsyandrow.com/?oid=153&affid=1&source_id=GoY-rating&sub1=brandpage	alive	200
walveey	https://www.walveey.com/	dns-dead	NXDOMAIN @1.1.1.1+8.8.8.8
zaful	https://www.zaful.com/	alive	200
tweak'd by nature	https://www.tweak-d.com/	alive	200
the shoe company	https://www.theshoecompany.ca/	alive	200
seamingly possible	https://seaminglypossible.co.uk/	alive	200
shadetwin	https://shadetwin.app/	blocked	429
uma raquel davidowicz	https://www.umaraqueldavidowicz.com/	blocked	403
trophycatch supply	https://trophycatch.supply/	http-dead	423
tan republic	https://www.tanrepublic.com/	alive	200
viguera	https://www.alpargatasviguera.com/	alive	200
tinyacornarts	https://artofwhere.com/artists/tinyacornarts	blocked	403
sylth virago	https://www.sylthvirago.com/	alive	200
vero moda	https://www.veromoda.in/	alive	200
wildflower aftercare	https://wildfloweraftercare.com/	alive	200
windsor lane	https://windsorlane.com.au/	alive	200
we	https://www.wefashion.com/	alive	200
quaker marine supply co.	https://quakermarine.com/	alive	200
the brave formula	https://www.thebraveformulaofficial.com/	alive	200
undercover	https://undercoverism.com/	alive	200
unisono	http://www.unisono.eu/	blocked	403
tree bottle usa	https://treebottles.com/	alive	200
viktoria and woods	https://viktoriaandwoods.com.au/	alive	200
uhlsport	https://www.uhlsport.de/	alive	200
undefined beauty	https://undefinedco.com/	alive	200
stumbly	https://www.huelemuseum.com/STUMBLY/	alive	200
tender co.	https://www.tenderstores.com/	alive	200
woolly	https://www.woolly.clothing/	alive	200
vintage industries	https://www.vintageindustries.nl/	alive	200
selfawear	https://selfawear.com.au/	alive	200
ubras	https://ubras.com/	alive	200
the white briefs	https://www.thewhitebriefs.com/	alive	200
zellbury	https://www.zellbury.com/	alive	200
takeshy kurosawa	https://www.takeshykurosawa.com/	alive	200
visilab	https://www.visilab.ch/	alive	200
vira	http://www.virasensual.com/	alive	200
vilagallo	https://www.vilagallo.es/	alive	200
teätora	https://teatora.jp/	alive	200
units	http://www.beautylish.com/b/units	alive	200
sük workwear	https://sukworkwear.com.au/	alive	200
under armour	https://www.underarmour.com/	http-dead	418
xandres	https://www.xandres.com/	alive	200
sessions	http://www.sessions.com/	alive	200
wempe	https://www.wempe.com/	alive	200
uni-ustyle department store	http://www.uni-hankyu.com.tw/	alive	200
uptown girl headwear	https://www.uptowngirlheadwear.com/	alive	200
zeno-watch basel	http://www.zeno-watch.ch/	alive	200
the goodpeople	https://thegoodpeople.com/	alive	200
tsuruya department store	http://www.tsuruya-dept.co.jp/	alive	200
voile blanche	https://www.voileblanche.com/	blocked	403
tas design	https://www.tasdesign.nl/	alive	200
vivoderm natural skincare	https://www.vivoderm.com/	blocked	403
terns	http://terns.com/	alive	200
sundew sewing co	https://sundewsewing.com/	alive	200
vigoss jeans	https://www.vigossjeans.cz/	alive	200
shea natural	https://back2africa.com/collections/all-shea-natural	alive	200
wibes	https://wibes-store.com/	alive	200
the amateur weather observers	https://www.amateurweatherobservers.com/	alive	200
untitled collective	https://untitledcollective.net/	alive	200
shinorastudio	https://shinorastudio.com/	alive	200
zion health inc.	http://www.zionhealth.com/	blocked	403
thought	https://www.wearethought.com/	alive	200
twisted tailor	https://www.twistedtailor.com/	alive	200
wa:it	https://www.waitbotanicamente.com/	alive	200
wajd fragrances	https://wajdfragrances.com/	alive	200
the bare home	http://www.thebarehome.ca/	alive	200
swatch	https://www.swatch.com/	alive	200
vita grace	https://vitagrace.co.uk/	alive	200
yakuza	https://www.yakuzastore.com/	alive	200
winners	https://www.winners.ca/	alive	200
the edinburgh woollen mill	https://www.ewm.co.uk/	alive	200
usedlux	https://www.ebay.co.uk/str/UsedLux	alive	200
zwillingsherz	https://zwillingsherz.com/	alive	200
tikau	https://tikau.com/	alive	200
wander beauty	https://www.wanderbeauty.com/	alive	200
tripulse	https://www.tripulse.co/?oid=36&affid=1&source_id=GoY-rating&sub1=brandpage	alive	200
the fragrance shop	https://www.thefragranceshop.co.uk/	blocked	403
universal flowering	https://www.universalflowering.com/	alive	200
ultras sportswear	https://ultras.com/	alive	200
zizzi	https://www.zizzi.no/	alive	200
trachten	https://gebr-weis.de/	alive	200
universal store	https://www.universalstore.com/	alive	200
toga	http://www.toga.jp/	alive	200
valliani jewelers	https://www.vallianijewelers.com/	alive	200
woodbird	https://woodbird.eu/	alive	200
we are we wear	http://wearewewear.com/	alive	200
vishes design gmbh	https://shop.vishes.de/	alive	200
vive maria	https://www.vivemaria.de/	alive	200
urban baby co.	https://www.urbanbabyco.com/	alive	200
the level collective	https://thelevelcollective.com/?oid=374&affid=1&source_id=GoY-rating&sub1=brandpage	alive	200
uy studio	https://www.uy-studio.com/	alive	200
tbh kids	http://tbhkids.com/	alive	200
tsuruya	http://www.try-group.co.jp/	alive	200
tsau	https://tsaustore.com/	dns-dead	NXDOMAIN @1.1.1.1+8.8.8.8
t j hughes	https://www.tjhughes.co.uk/	alive	200
urban classics	https://urbanclassics.com.au/	alive	200
unfair athletics	https://www.unfairathletics.com/	alive	200
trespass	https://www.trespass.com/	net-error	redirect count exceeded
the hour	https://thehourlondon.com/	alive	200
vegan luxe esthetics skincare	http://veganluxebrands.com/	alive	200
ymc	https://www.youmustcreate.com/	alive	200
wesc	https://www.wesc.uk/	alive	200
volcom	https://www.volcom.com/	alive	200
vostok europe	http://www.vostok-europe.com/	alive	200
wonderplace	https://wonderplace.co.kr/	alive	200
tj collection	https://tjcollection.ru/	alive	200
v.gan	https://vgan-life.com/	blocked	429
vulé skin	https://vuleskin.com/	alive	200
tokyo shoes retailing center	http://www.chiyodagrp.co.jp/	alive	200
shreve & co.	http://shreve.com/	alive	200
wolf & whistle	https://www.wolfandwhistle.co.uk/	alive	200
warehouse shoe sale	http://www.shopwss.com/	alive	200
shoe plaza	https://www.chiyodagrp.co.jp/shoeplaza/	alive	200
urban kids	https://urban-planet.com/pages/urban-kids	alive	200
tembea	https://torso-design.com/	alive	200
tsutsumi	http://www.tsutsumi.co.jp/	alive	200
the range	https://www.therangenyc.com/	alive	200
van lier	https://www.vanlier.nl/	alive	200
unravel project	https://www.bentavernitiunravelproject.com/	dns-dead	no A/AAAA @1.1.1.1
wild clouds	https://wildclouds.com/?oid=359&affid=1&source_id=GoY-rating&sub1=brandpage	alive	200
waiwai rio	https://waiwairio.com/	alive	200
walk heart espadrilles	https://walkheart.org/	tls-error	ERR_TLS_CERT_ALTNAME_INVALID
wuf kids	https://www.wufkids.com/	alive	200
vanessa wu	https://www.vanessawu.fr/	alive	200
wwake	https://wwake.com/	alive	200
silou	https://siloulondon.com/	http-dead	402
world hair and skin	http://world.ca/	alive	200
top charoen	https://www.topcharoen.co.th/	net-error	UNABLE_TO_VERIFY_LEAF_SIGNATURE
vaincourt paris	https://www.vaincourt.com/	alive	200
tessa koops	https://www.tessakoops.com/	alive	200
the upside	https://www.theupside.com/	alive	200
venezia	https://www.venezia.pl/	blocked	403
us blanks	https://usblanks.net/	alive	200
wardrobe.nyc	https://www.wardrobe.nyc/	alive	200
wasted paris	https://wasted.fr/en/	alive	200
yuka+face	https://www.yukaface.com/	alive	200
va bene	https://www.vabene-fashion.de/	alive	200
trubillion	https://www.trubillion.com/	alive	200
tamagini leather	https://tamaginileather.com/	alive	200
xxl sport & villmark	https://www.xxl.no/	alive	200
tomcsanyi	https://tomcsanyi.eu/	alive	200
the social outfit	https://thesocialoutfit.org/	alive	200
xlarge	https://xlarge.jp/	alive	200
靴下屋 / tabio	https://tabio.com/jp/	alive	200
vans	https://www.vans.com/	alive	200
the crafty bird	https://www.thecraftybird.co.uk/	alive	200
vestal watches	http://www.vestalwatch.com/	alive	200
valet studio	https://www.valetstudio.com/	http-dead	402
topman	https://www.topman.com/	alive	200
sinn	https://sinn.com/	alive	200
weill	https://www.weill.com/	alive	200
y.a.s	https://www.y-a-s.com/	alive	200
zaylore studio	https://www.zaylorestudio.in/	alive	200
vanguard	https://www.vanguard-clothing.com/	alive	200
visvim	https://visvim.tv/	timeout	
wallis evera	https://wallisevera.com/	alive	200
tavrovska	https://tavrovska.com/	alive	200
yeshua skin cosmetics	https://www.yeshuaskin.ca/yeshua-skin-cosmetics	alive	200
torrain	https://torrain.org/?oid=257&affid=1&source_id=GoY-rating&sub1=brandpage	alive	200
tq amsterdam	https://www.tq-amsterdam.nl/	alive	200
yanbal	http://www.yanbal.com/	alive	200
vercelli	https://www.lvdishop.com/	dns-dead	NXDOMAIN @1.1.1.1+8.8.8.8
the hour glass limited	http://www.thehourglass.com/	alive	200
wear london	https://wear-london.com/	alive	200
trades of brit	http://tradesofbrit.com/	alive	200
skin2.0	https://klarandco.com/	alive	200
ziggy denim	https://www.ziggydenim.com/	alive	200
velvet heartbeat	https://velvetheartbeat.com/	alive	200
twice as nice	https://www.twiceasnice.com/en	alive	200
tudor	https://www.tudorwatch.com/en	alive	200
verteo luxury	https://www.verteo.cz/	alive	200
tenson	http://tenson.com/	alive	200
we-ar4	https://www.we-ar4.com/?oid=258&affid=1&source_id=GoY-rating&sub1=brandpage	alive	200
wax/fauve karl oorts	https://waxcollection.be/	alive	200
von ruz	https://www.vonruz.com/	http-dead	404
the mercer - n.y.	https://www.themercerny.com/	alive	200
thief&bandit	https://thiefandbandit.com/	alive	200
underson underson	https://undersonunderson.com/	alive	200
veecollective	https://www.vee-collective.com/	alive	200
yesstyle	https://www.yesstyle.com/	alive	200
westward bound	https://www.westwardbound.com/	alive	200
småfolk	https://www.smafolk.dk/	alive	200
r4g	https://r4g.jp/	alive	200
sift	http://www.withsift.com/	alive	200
vfiles	https://www.vfiles.com/	alive	200
ulta beauty	https://www.ulta.com/	alive	200
victorvictoria	https://victorvictoria.com/	alive	200
wellness matters most	http://wellnessmattersmost.com/	alive	200
walbusch	https://www.walbusch.de/	alive	200
ten cate	https://ltencate.com/nl/	timeout	
thursday boot company	https://thursdayboots.com/	alive	200
trap genius	https://trapgenius.nyc/	alive	200
the women's locker	https://www.thewomenslocker.com/	http-dead	402
unless collective	https://unlesscollective.com/	alive	200
two2guys	http://www.two2guys.com/	alive	200
twinset	https://www.twinset.com/	alive	200
tyler ellis	https://tylerellis.com/	alive	200
vike	http://www.vikebeauty.com/	alive	200
tresanti	https://www.tresanti.eu/	alive	200
westmore beauty	https://westmorebeauty.com/	alive	200
younman	https://www.youngman.com.tw/	tls-error	ERR_SSL_DH_KEY_TOO_SMALL
warrior	http://www.warriorshoes.com/	alive	200
where does it come from?	https://www.wheredoesitcomefrom.co.uk/	alive	200
so avant garde	https://so-avant-garde.com/	alive	200
villages	https://villagesny.com/	alive	200
vh skincare by vanessa hernandez	http://vhskincare.com/	alive	200
rapisardi	https://www.nrrapisardi.it/	net-error	ECONNRESET
the outset	http://theoutset.com/	alive	200
threadoire	https://threadoire.com/	dns-dead	NXDOMAIN @1.1.1.1+8.8.8.8
urban outfitters	https://www.urbanoutfitters.com/	blocked	403
ulvang	https://www.ulvang.com/	blocked	503
zou xou	https://www.zouxou.com/	alive	200
yourturn	https://www.your-turn.com/en	alive	200
tru alchemy	http://www.trualchemyskin.com/	alive	200
wild roman inc.	http://wildroman.com/	alive	200
textile house for euro trade	https://textilehouse.sk/	alive	200
wildling	https://www.wildling.shoes/	alive	200
versaspa	http://sunless.com/	alive	200
the anjelms project	https://www.anjelms.com/?oid=279&affid=1&source_id=GoY-social&sub1=brandpage	alive	200
who what wear	http://www.whowhatwear.com/	alive	200
vitkac	https://www.vitkac.com/pl	blocked	403
vital	https://www.vital-schuhe.com/	alive	200
realher	https://www.realher.com/	alive	200
tiger mist	https://www.tigermist.com/	alive	200
trek	http://www.allthingsjill.ca/	alive	200
ungrid	https://ungrid.jp/	alive	200
wittchen	https://www.wittchen.com/	alive	200
wild things  japan	https://www.wildthings.jp/	blocked	429
vip collection	https://vip-collection.pl/	alive	200
wolford	https://www.wolford.com/	alive	200
the dessy group	https://dessy.com/	alive	200
the english hatter	https://www.english-hatter.nl/	alive	200
winds of change	https://windsofchangeshop.com/	alive	200
ultrabasic	https://www.ultrabasic.com/	alive	200
weat	https://www.weeatavocadotoast.com/	alive	200
tiny army	https://www.tinyarmy.com/	alive	200
voulez-vous	https://voulez-vous.ge/	alive	200
sunheroes	https://www.sunheroes.com/	alive	200
tk.takeo kikuchi	https://store.world.co.jp/s/brand/tk/	blocked	403
vinci leather	https://www.vincileather.com/	alive	200
von holzhausen	https://vonholzhausen.com/	alive	200
victorian organics	https://victorianorganics.com/	alive	200
woolworth europe	https://www.woolworth.eu/	alive	200
the hundreds	https://thehundreds.com/	alive	200
true color by ann	https://www.truecolor.pl/	alive	200
the leather expert shop	https://theleatherexpertshop.com/	dns-dead	NXDOMAIN @1.1.1.1+8.8.8.8
wonder jeans	https://wonderjeans.nl/	alive	200
wishcompany	https://www.wishcompany.net/	alive	200
unfeigned	https://unfeignedgear.com/	alive	200
the shishikui	https://www.theshishikui.com/	alive	200
suzy shier	https://suzyshier.com/	alive	200
walk london	https://eu.walklondonshoes.com/	tls-error	ERR_SSL_SSL/TLS_ALERT_HANDSHAKE_FAILURE
untamed	https://untamedperfumes.com/en-us	alive	200
trigema	https://www.trigema.de/	alive	200
simonetta	https://www.simonetta.it/	alive	200
yasania	https://yasania.com/	alive	200
yohji yamamoto	https://www.yohjiyamamoto.co.jp/	alive	200
voce haircare	https://www.vocehaircare.com/	alive	200
tokyo basic	https://www.tokyo-basic.com/	alive	200
world tennis (shop)	https://www.wtennis.com.br/	alive	200
tucano	https://www.tucano.com/	alive	200
vionic	https://www.vionicshoes.co.uk/	blocked	403
tulita	https://www.tulita.co/en-us	alive	200
une nana cool	https://www.une-nana-cool.com/index.php	alive	200
the swatch group	http://www.swatchgroup.com/	alive	200
woolf outdoor	https://woolf.store/	alive	200
zatik naturals	http://www.zatiknatural.com/	alive	200
symbiome	http://www.symbiome.com/	alive	200
wat? apparel	https://www.watapparel.de/	alive	200
wald berlin	https://wald-berlin.de/	alive	200
sogo omiya	https://www.sogo-seibu.jp/omiya/	alive	200
the perfume shop	https://www.theperfumeshop.com/	alive	200
un3d	https://unthreed.com/	alive	200
viu	https://shopviu.com/	alive	200
xerjoff	https://www.xerjoff.com/	alive	200
wittner	https://wittner.com.au/	alive	200
us polo assn.	https://uspoloassn.com/	alive	200
valdé beauty	http://www.valdebeauty.com/	alive	200
yves enzo	https://www.yvesenzo.fr/	net-error	UNABLE_TO_VERIFY_LEAF_SIGNATURE
topaz boutique swim	http://www.topazluxe.com/	alive	200
vizio makeup academy	https://makeuponlineschool.com/	alive	200
u.mi-1	https://www.umi1.co.uk/	alive	200
unpaste	http://unpaste.us/	alive	200
theory	https://www.theory.com/	blocked	403
x-bionic	https://www.x-bionic.com/	blocked	429
zeybra	http://zeybra.com/	alive	200
talbots	https://www.talbots.com/	alive	200
wrstbhvr	https://www.worst-behavior.com/	blocked	429
warrior shanghai	https://warrior-shanghai.com/	alive	200
the wellness apothecary	https://twapothecary.com/	alive	200
the ten spot	https://thetenspot.com/	alive	200
trueprodigy	https://trueprodigy.de/	alive	200
vrai	https://www.vrai.com/	alive	200
reemoor	http://www.reemoor.com/	alive	200
valley apparel l.l.c.	http://valleyapparel.net/	alive	200
unrobe	https://www.unrobe.com/	alive	200
variety hour	https://varietyhourstudio.com/	alive	200
teras	https://akari-teras.com/	alive	200
tradehome shoes	https://tradehome.com/	alive	200
woolworth gmbh	https://woolworth.de/	alive	200
wheat	https://www.wheat.dk/	alive	200
the rocks push	https://www.therockspush.com/	alive	200
yama to michi - 山と道	https://www.yamatomichi.com/	alive	200
sitrène	https://sitrene.com/	alive	200
yosaelab	https://yosaelab.com/	alive	200
zamt	https://zamtprojects.com/	alive	200
typeshirts	https://typeshirts.com/	alive	200
xoos	https://www.xoos.ca/en	alive	200
tomorrowland	https://store.tomorrowland.co.jp/	alive	200
unborn	https://www.unborn.co/	alive	200
vrg grl	https://www.vergegirl.com/	alive	200
urban savage	https://urbansavage.com/	alive	200
w.kruk	https://wkruk.pl/	alive	200
relax baby be cool	https://relaxbabybecool.com/	alive	200
zona20 milano	https://zona20milano.it/	alive	200
therm	https://www.therm.co.nz/	alive	200
yoé & co. inc	https://yoeandco.com/	alive	200
skurk kids	https://www.skurk.nl/	dns-dead	NXDOMAIN @1.1.1.1+8.8.8.8
zadig & voltaire	https://zadigetvoltaire.com/	alive	200
zepter cabinet	https://www.zeptercabinet.com/	alive	200
yanuk	https://www.yanuk.jp/?gad_source=1%3Futm_source%3DGoodOnYou+App	alive	200
xumu	https://www.xumu.company/	alive	200
thom browne	https://www.thombrowne.com/	alive	200
three sisters apothecary	http://www.soapcauldron.com/	alive	200
tutti & co.	https://www.tuttiandco.com/	alive	200
walkking's	https://walkkings.com/	alive	200
toskovat'	https://toskovat.com/	alive	200
solovair	https://www.nps-solovair.co.uk/	alive	200
weis	https://www.gebr-weis.de/	alive	200
vedi beauty	https://www.vedibeauty.com/	alive	200
the very good bra	https://www.theverygoodbra.com/?oid=176&affid=1&source_id=GoY-rating&sub1=brandpage	alive	200
yuliawave	https://yuliawave.com/	alive	200
smitten organic	https://www.smittenorganic.com/	alive	200
urbanica	http://urbanica-wh.com/	blocked	403
zeha berlin	https://www.zeha-berlin.de/	alive	200
zoff	https://www.zoff.co.jp/	alive	200
zeigskin	http://www.zeigskin.com/	alive	200
the athlete's foot	https://www.taf.com.mx/	alive	200
uniq	https://www.uniqclothing.co.za/	alive	200
tiba + marl	https://www.tibaandmarl.com/	alive	200
yellowpelota	https://www.yellowpelota.com/	dns-dead	NXDOMAIN @1.1.1.1+8.8.8.8
ukiyo	https://www.ukiyo-co.com/	alive	200
waterfall glen soap company	http://www.waterfallglensoap.com/	alive	200
tredy	https://www.tredy-fashion.de/	alive	200
soso swim	https://www.sososwim.com/	alive	200
resource essentials	https://resourceessentialsskincare.com/	alive	200
thirtytwo	http://thirtytwo.com/	alive	200
valentina karnoubi	https://www.valentinakarnoubi.com/	alive	200
zapshop	https://zapshop.es/	alive	200
valery joseph hair care inc.	http://valeryjoseph.com/	alive	200
zinzi	https://www.zinzi.com/	alive	200
webbers	https://www.webbers.co.za/	alive	200
the east order	https://www.theeastorder.com.au/	dns-dead	no A/AAAA @1.1.1.1
upcyclelino	https://upcyclelino.com/	alive	200
titicaca	https://www.titicaca-online.jp/	alive	200
youngor group	http://www.youngor.com/	alive	200
vered organic botanicals	http://www.veredbotanicals.com/	alive	200
sockshouse	https://sockshouse.nl/	alive	200
well people	http://www.wellpeople.com/	alive	200
uniform bridge	https://www.uniformbridge.com/	alive	200
timezone	https://www.timezone.de/	alive	200
wandler	https://wandler.com/	alive	200
yahki	https://www.yahki.jp/	alive	200
thriving brands llc	https://thriving-brands.com/	alive	200
un jeu d'échecs	https://unjeudechecs.com/	alive	200
wamdenim	https://www.wamdenim.com/	alive	200
vaude	https://www.vaude.com/	alive	200
xd design	https://www.xd-design.com/	alive	200
vastra india	https://www.etsy.com/shop/VastraIndia	blocked	403
tata italia	https://www.tataitalia.com/	alive	200
yoken	https://www.yoken.com/	alive	200
tommy bahama	https://www.tommybahama.com/	alive	200
zizia botanicals	https://ziziabotanicals.com/	alive	200
wheelup	https://www.wheelup.it/	alive	200
uveekai	https://uveekai.com/	alive	200
under the nile	https://underthenile.com/	alive	200
ti sento	https://www.tisento-milano.com/	alive	200
zales	https://www.zales.com/	alive	200
wildfleur	http://www.wildfleur.com/	alive	200
treve	http://www.treveskincare.com/	alive	200
we are knitters	https://www.weareknitters.com/	alive	200
yitty	https://yitty.fabletics.com/	blocked	403
time road	https://timeroadshop.com/pt-PT	blocked	429
uniform destination	https://www.uniformdestination.com/	alive	200
we are hah	https://www.wearehah.com/	http-dead	402
triola	https://triola.cz/	alive	200
yamamay	https://www.yamamay.com/	blocked	429
vermont	https://www.vermont.cz/	alive	200
yves rocher	https://www.yves-rocher.be/	alive	200
veronica gautschi	https://www.veronicagautschi.com/	tls-error	ERR_TLS_CERT_ALTNAME_INVALID
京和晒綿紗 / kyowazarashi mensha	https://www.daitoushingu.com/kyowazarashi/	alive	200
tod's	https://www.tods.com/	blocked	403
versed	http://www.versedskin.com/	alive	200
wildflo studio	https://www.wildflostudio.com/?oid=251&affid=1&source_id=GoY-rating&sub1=brandpage	alive	200
zilch	https://www.zilch.nl/	alive	200
universal overall	https://universaloverall.jp/	alive	200
tiradia	https://tiradia.com/	alive	200
zerocentcinq	https://0-105.com/en/	alive	200
wólczanka	https://wolczanka.pl/	alive	200
true botanicals	http://truebotanicals.com/	alive	200
werq	https://www.wearwerq.com/	tls-error	ERR_SSL_SSL/TLS_ALERT_HANDSHAKE_FAILURE
ysabel mora	https://fr.ysabelmora.com/	server-error	500
untouched world	https://www.untouchedworld.com/en-eu?oid=334&affid=1&source_id=GoY-rating&sub1=	alive	200
wendy malinovsky	https://en.wendymalinovsky.com/	alive	200
truworths	https://www.truworths.co.za/	alive	200
yoak	https://store.yoaktokyo.com/	alive	200
zema	https://www.zema.com/	alive	200
vicomte a.	https://www.vicomte-a.com/	alive	200
whiskey and woof	https://www.whiskeyandwoof.com/	alive	200
wolf & shepherd	https://wolfandshepherd.com/	alive	200
zumo	https://www.zumo-international.com/	alive	200
untuckit	https://www.untuckit.com/	alive	200
world duty free	https://worlddutyfree.com/	alive	200
the lab girl	https://www.thelabgirl.com/	alive	200
speedo	https://www.speedo.com/	alive	200
tukuy	https://tukuybrand.com/	alive	200
uskees	https://uskees.com/	blocked	429
solchic	https://www.solchic.com/	alive	200
wibra	https://www.wibra.eu/	alive	200
tony moly	http://etonymoly.ru/	alive	200
victorinox	https://www.victorinox.com/	alive	200
work world	https://www.workworld.com/	alive	200
van graaf	https://www.vangraaf.com/	alive	200
xios	http://www.xiosamerica.com/	dns-dead	NXDOMAIN @1.1.1.1+8.8.8.8
ricagno	https://ricagno.com/	alive	200
white label project	https://www.whitelabel-project.com/	alive	200
zuzu luxe	http://gabrielcosmeticsinc.com/brand/zuzu-luxe	alive	200
spot fade	http://www.bodyfirm.com/	alive	200
will & atlas	https://willandatlas.com/	alive	200
zayla	https://zaylanewyork.com/	alive	200
torga optical	https://torgaoptical.co.za/	alive	200
the shirt project	https://theshirtproject.de/	alive	200
violet botanical skincare llc	http://www.violetbody.net/	alive	200
urban goddess	https://www.urban-goddess.com/	alive	200
velocio	https://velocio.cc/	blocked	429
yanawara	https://www.yanawara.com/	alive	200
viamailbag	https://www.viamailbag.it/	alive	200
william dunst	http://williamdunst.com/	alive	200
wolfskin tech lab	https://www.jack-wolfskin.de/	blocked	429
violette_fr	https://www.violettefr.com/	alive	200
ziener	https://ziener.com/en/	alive	200
u-mask	https://u-maskstore.eu/	alive	200
rituals	https://www.rituals.com/	alive	200
vibram	https://us.vibram.com/	alive	200
wig wash	http://wigwashbeauty.com/	alive	200
told london	https://toldlondon.com/	alive	200
zippy	https://zippyonline.com/	alive	200
the wanderlight co.	https://www.thewanderlightco.com/	alive	200
vessi	https://vessi.com/	alive	200
vince camuto	https://www.vincecamuto.com/	alive	200
vampire emu	http://thunderhorsehollow.com/	alive	200
winning nails	https://aiibeauty.com/	alive	200
wormland	https://www.wormland.de/	dns-dead	NXDOMAIN @1.1.1.1+8.8.8.8
vivicho	https://vivicho.com/	alive	200
zoriana	https://www.zoriana.es/	dns-dead	NXDOMAIN @1.1.1.1+8.8.8.8
vagabond	https://www.vagabond.com/	alive	200
unbelts	https://unbelts.com/?oid=312&affid=1&source_id=GoY-rating&sub1=brandpage	alive	200
roccoban berlin	https://roccoban.com/	dns-dead	NXDOMAIN @1.1.1.1+8.8.8.8
vintalia	https://vintaliabags.com/	dns-dead	NXDOMAIN @1.1.1.1+8.8.8.8
tourneau	https://www.tourneau.com/	alive	200
vlieger & vandam	https://vliegervandam.com/	alive	200
uterqüe	http://www.uterque.com/	alive	200
starbars	https://www.starbars.com/	alive	200
zodiac clothing company ltd.	https://www.zodiaconline.com/	alive	200
todayful	https://lifes-203.com/	alive	200
wolvis	https://www.wolvis.be/shop/p/olive-beanie	http-dead	404
yueyaer	http://www.yueyaer.com.cn/	dns-dead	no A/AAAA @1.1.1.1
thirteen thieves	http://www.thirteenthieves.co/	blocked	403
xpluswear	https://www.xpluswear.com/	blocked	403
viking	https://www.viking.nl/	alive	200
vanilia	https://vanilia.com/	alive	200
vyom london	https://vyom.london/	dns-dead	NXDOMAIN @1.1.1.1+8.8.8.8
xirü	http://www.xiruskincare.com/	alive	200
romain gauthier	http://www.montres-rg.com/	alive	200
sonsie®	http://www.sonsieskin.com/	alive	200
transtape	https://transtape.life/	alive	200
vegetarian shoes	https://www.vegetarian-shoes.co.uk/	alive	200
yoga jeans	https://yogajeans.ca/	alive	200
viva health skincare	https://vivahealthskincare.com/	alive	200
woodland	https://www.woodlandworldwide.com/	alive	200
vera mont	https://www.veramont.com/	net-error	UND_ERR_CONNECT_TIMEOUT
van cleef & arpels	https://www.vancleefarpels.com/	alive	200
steptronic	https://www.steptronicfootwear.co.uk/	alive	200
wipeys	http://www.shopwipeys.com/	alive	200
wouf	https://wouf.com/	alive	200
w.management	https://www.douyin.com/user/MS4wLjABAAAAOARTW8RAZFzWdWaO_gX2svFiI6q9l0qQUko-Xo6Y4p8	alive	200
rosemunde	https://www.rosemunde.com/	alive	200
trenbee	https://www.trenbee.com/	alive	200
zyderma hs	http://www.zyderma.com/	alive	200
yuvita linens	https://yuvitalinens.com/	dns-dead	NXDOMAIN @1.1.1.1+8.8.8.8
walundi	https://walundi.com/	alive	200
vision source	https://visionsource.com/	alive	200
soyaconcept	https://www.soyaconcept.com/	alive	200
vivéa skincare	https://viveaskincare.co.nz/	alive	200
tiffosi	https://www.tiffosi.com/	alive	200
yan tan	https://yan-tan.com/	alive	200
zeb	https://www.zeb.be/	alive	200
street one	https://www.street-one.de/	alive	200
very true tattoo	https://verytruetattoo.com/	alive	200
xsensible	https://www.xsensible.com/	blocked	403
verbenas	https://www.verbenas.com/	alive	200
wool&co.	https://www.woolandco.it/	alive	200
zeeman	https://www.zeeman.com/	alive	200
titan tone skincare	https://titantoneskincare.com/	alive	200
vekem	https://www.vekem.com/gomlek	tls-error	ERR_TLS_CERT_ALTNAME_INVALID
vostok watches	https://vostokinc.com/	alive	200
yarmouth oilskins	https://yarmouthoilskins.com/	alive	200
tricoci university of beauty culture	http://www.tricociuniversity.edu/	alive	200
rubie's costume company	https://www.rubies.com/	alive	200
stulpenkult	https://www.stulpenkult.de/	net-error	ECONNRESET
wama	https://wamaunderwear.com/?oid=151&affid=1&source_id=GoY-rating&sub1=brandpage	alive	200
topsport	https://topsport.ge/	alive	200
wycon cosmetics	https://www.wyconcosmetics.com/	blocked	429
vg sara x	http://vgsarax.ca/	http-dead	423
wunderthings	https://wunderthings.com.au/	alive	200
vertigo paris	https://www.vertigo-paris.com/	alive	200
walls	http://www.walls.com/	alive	200
yöli & otis	https://www.yoliandotis.com/	alive	200
truelle cosmetics	http://www.truellecosmetics.com/	alive	200
spoolies	https://spoolies.com/	alive	200
very	https://www.very.co.uk/	blocked	403
rýdl	https://www.prsteny.cz/	alive	200
suitsuit	https://www.suitsuit.com/	alive	200
trafic	https://trafic.com/	alive	200
we are kin	https://www.wearekin.co/	alive	200
union launch	https://unionlaunch.jp/	alive	200
vild house of little	https://www.vildhouseoflittle.com/	alive	200
zillertaler trachtenwelt	https://trachtenwelt.com/	alive	200
vieri	https://vieri.com/	alive	200
yvette libby n'guyen	https://yvettelibby.com/	alive	200
zimina d'art	https://ziminad.art/	alive	200
wayre	https://www.shopwayre.com/	alive	200
sage and veda	http://www.sageandveda.com/	dns-dead	NXDOMAIN @1.1.1.1+8.8.8.8
ten hair care	http://tenhaircare.com/	alive	200
tropic of c	https://tropicofc.com/	alive	200
volley	https://www.volley.com.au/	alive	200
up-fuse	https://upfuse.net/?oid=203&affid=&source_id=GoY-rating&sub1=brandpage	alive	200
ssense	https://www.ssense.com/	blocked	403
tutete	https://www.tutete.com/tienda/es/	alive	200
zuri	https://www.shopzuri.com/	alive	200
sunuva	https://www.sunuva.com/	alive	200
virginskin	https://virginskinbeauty.com/	alive	200
y.o.u underwear	https://www.youunderwear.com/	alive	200
zen diamond	https://www.zen-diamond.de/	alive	200
wendy buiter	http://wendybuiter.com/	alive	200
sally b's skin yummies	http://www.sallybskinyummies.com/	alive	200
tu lizé	https://tulize.it/en/	alive	200
utu	https://www.utu-sun.com/	alive	200
stefford	https://steffordonline.com/	tls-error	CERT_HAS_EXPIRED
tween brands	https://www.shopjustice.com/	tls-error	CERT_HAS_EXPIRED
vigo swim	https://www.houseofvigo.com/	alive	200
volanlı	https://volanli.com/	alive	200
wax london	https://waxlondon.com/	alive	200
yasou skin care	http://www.yasouskincare.com/	alive	200
vitiv	https://vitiv.com/	alive	200
tools bc 8000	https://www.toolsbc8000.com/	alive	200
yogasearcher	https://www.yogasearcher.com/	alive	200
wakkatoa	https://wakkatoa.com/	alive	200
wenjulan whole body care	https://wenjulan.com/	alive	200
stockholm (surfboard) club	https://stockholmsurfboardclub.com/	alive	200
ulla johnson	https://ullajohnson.com/	alive	200
thaely	https://thaely.com/	alive	200
twothirds	https://twothirds.com/	blocked	403
why red	https://whyred.com/	tls-error	CERT_HAS_EXPIRED
zuthats	https://www.zuthats.com/	alive	200
tomboyx	https://tomboyx.com/	alive	200
sanetta	https://www.sanetta.de/	alive	200
van gils	https://www.vangils.eu/	tls-error	ERR_SSL_SSL/TLS_ALERT_HANDSHAKE_FAILURE
wellnesse	http://www.wellnesse.com/	alive	200
tove	https://tove-studio.com/	alive	200
vtmnts	https://www.vtmnts.website/	alive	200
yuzefi	https://yuzefi.com/	alive	200
vince	https://www.vince.com/	alive	200
triaction	https://triumph-jo.com/	alive	200
ulysse nardin	http://www.ulysse-nardin.ch/	alive	200
winky lux	https://winkylux.com/	alive	200
sarah's bag	https://sarahsbag.com/	alive	200
svs vision	https://www.svsvision.com/	alive	200
yagihashi	https://www.yagihashi.co.jp/	alive	200
vottera	https://vottera.com/?oid=363&affid=1&source_id=GoY-rating&sub1=brandpage	alive	200
yeti	https://www.yeti.com/	alive	200
trendyol	https://www.trendyol.com/	blocked	403
youkeshu	https://www.yesstyle.com/en/youkeshu/list.html/bpt.299_bid.327728	http-dead	404
true decadence	https://www.truedecadence.com/	alive	200
unhidden	https://unhiddenclothing.com/	alive	200
sbe beauty	https://skinbyella.com/	alive	200
vsarnni	https://www.vsarnni.com/	alive	200
yishion kids	https://yishion.sg/	blocked	403
ziq and yoni	https://znyworldwide.com/	alive	200
troubadour	https://www.troubadourgoods.com/	net-error	redirect count exceeded
warner's	https://warners.com/	alive	200
tumble 'n dry	https://tumblendry.com/	alive	200
wallace cotton	https://www.wallacecotton.com/	alive	200
zegna	https://www.zegna.com/	alive	200
want les essentiels	https://www.wantlesessentiels.com/	alive	200
yru	https://yrushoes.com/	alive	200
studio beije	https://www.studiobeije.com/	alive	200
untitled	https://store.world.co.jp/s/brand/untitled/	blocked	403
wearable verbiage	https://www.redbubble.com/people/WearableVerbiag/shop	blocked	403
visha skincare	https://www.vishaskincare.com/	alive	200
vellion	https://vellion.com/	alive	200
vitaly	https://www.vitalydesign.eu/	alive	200
understatement	https://www.shopunderstatement.com/	alive	200
schutz	https://schutz-shoes.com/	alive	200
toral shoes	https://www.toral-shoes.com/	alive	200
your elegant essentials	https://www.yourelegantessentials.com/	alive	200
walk in the park	https://www.walkinthepark-shoes.com/	alive	200
uhr	http://uhr.co.jp/	alive	200
wood wood	https://www.woodwood.com/	alive	200
wauw capow	https://wauwcapow.com/	alive	200
tuc tuc	https://www.tuctuc.com/en-gb/	alive	200
zinzane	https://www.zinzane.com.br/	alive	200
the classic t-shirt company	https://theclassictshirt.com/?oid=135&affid=1&source_id=GoY-rating&sub1=brandpage	alive	200
widda	https://shop.widda-berlin.de/	alive	200
suavs shoes	https://www.suavshoes.com/	alive	200
we love eyes	https://www.weloveeyes.com/	alive	200
whole foods market	http://wholefoodsmarket.com/	alive	200
tramontana	https://www.tramontana.eu/	alive	200
zac zac posen	https://www.zacposen.com/	alive	200
zancan	https://italy.zancangioielli.com/	alive	200
under the canopy	https://underthecanopy.com/	alive	200
wellfit	http://wellfitskincare.com/	alive	200
zuzabartshopoutlet	http://zuzabart.com/	dns-dead	NXDOMAIN @1.1.1.1+8.8.8.8
the inoue brothers...	https://www.theinouebrothers.net/	alive	200
winter hill jewelry	https://www.winterhill3d.com/	alive	200
west activewear	https://westactivewear.com/	dns-dead	NXDOMAIN @1.1.1.1+8.8.8.8
tribe australia	https://www.tribeaustralia.com.au/	alive	200
wunderwerk	https://www.wunderwerk.com/	alive	200
sun tan city	https://www.suntancity.com/	blocked	403
weworewhat	https://weworewhat.com/	alive	200
unlined	https://un-lined.com/	alive	200
whitney linen	https://whitneylinen.com/	alive	200
the pro shop	https://www.theproshop.co.za/	alive	200
woodrow	https://woodrowstudio.com/	alive	200
true touch collections llc	https://mytruetouch.net/	blocked	403
surface deep	https://surfacedeep.com/	alive	200
wild veil	https://wildveilperfume.com/	alive	200
wat the brand	https://www.watthebrand.com/	alive	200
wuxly movement	https://wuxly.com/?oid=205&affid=1&source_id=GoY-rating&sub1=brandpage	alive	200
universal genève	http://www.universal.ch/	alive	200
syster p	https://www.systerp.com/	alive	200
switcher	http://www.switcher.ch/	alive	200
seasalt cornwall	https://www.seasaltcornwall.co.uk/	alive	200
weird fish	https://www.weirdfish.co.uk/	alive	200
y/project	https://www.yproject.fr/	alive	200
ua hawaii	https://uabody.com/	alive	200
vesica piscis	https://vesicapiscisfootwear.com/en/	alive	200
sellenes	https://sellenes.com/	alive	200
tam fashion	https://www.tam-fashion.com/	alive	200
volchok	https://www.volchok.ru/	alive	200
yess	https://www.yessbelgium.be/	alive	200
uncle harry's natural products	https://www.uncleharrys.com/	alive	200
vihe	http://www.vihe.com.br/	http-dead	409
zenara woman	https://zenarawoman.com/	alive	200
serpent and the swan	https://serpentandtheswan.com/	alive	200
tauko	https://www.taukodesign.fi/	alive	200
zanetti 1965	https://www.zanetti1965.com/	alive	200
willow	https://willow-leather.com/	alive	200
waidzeit	https://waidzeitdesign.com/	alive	200
unisa	https://www.unisa-europa.com/	alive	200
urban decay	https://urbandecay.com/	blocked	403
the terra tribe	https://www.theterratribe.in/	alive	200
zizo	https://www.zi-zo.com/	tls-error	CERT_HAS_EXPIRED
sheglam	https://www.sheglam.com/	alive	200
tenshoppe	https://tenshoppe.com/	alive	200
zielinski & rozen	https://zielinskiandrozen.com/	alive	200
wonderblush	http://www.wonderblush.com/	alive	200
voz	https://www.madebyvoz.com/	alive	200
warehouse	https://www.warehouse.co.uk/	alive	200
upim	https://www.upim.com/	alive	200
zhrill	https://www.zhrill.eu/	alive	200
therma kōta	https://thermakota.com/	http-dead	404
宝島染工 / takarajima senkou	https://takarajimasenkou.com/	alive	200
shoeby	https://www.shoeby.nl/	alive	200
zoso	https://www.fashion-allover.nl/	alive	200
wild for the weekend	https://www.wearewildfortheweekend.com/	alive	200
walkiddy	https://walkiddy.de/	alive	200
wsly	https://www.bandier.com/collections/wsly	http-dead	404
uvr berlin	https://www.uvr-connected.de/	timeout	
zone 365	https://www.amazon.com/stores/ZONE-365/page/2E5D810F-FBBD-458E-AE96-9C48A1497535?ref_=ast_bln&store_ref=bl_ast_dp_brandLogo_sto	blocked	429
xyrena	https://xyrena.com/	alive	200
turo tailor	https://www.turoshop.com/	alive	200
wilsons leather	https://www.wilsonsleather.com/	alive	200
たゆう / tayu	https://www.tayuh.jp/	alive	200
tygo & vito	https://www.tygovito.com/	alive	200
urban planet	https://urban-planet.com/	alive	200
signature innovation group	https://signatureinnovationgroup.com/	alive	200
youth to the people  inc.	http://www.youthtothepeople.com/	blocked	403
watch depot	https://www.watchdepot.com.au/	alive	200
usaato	https://www.usaato.net/	alive	200
vision express	https://visionexpress.pl/	alive	200
van heusen	https://www.vanheusen.com/	alive	200
ucon acrobatics	https://ucon-acrobatics.com/	alive	200
yest	https://www.yest.com/	alive	200
umbro	https://www.umbro.com/	alive	200
zattura	https://zattura.com/	alive	200
whistles	https://www.whistles.com/	alive	200
welden bags	https://www.weldenbags.com/	alive	200
valecuatro	https://www.valecuatro.com/en/	alive	200
vollebak	https://www.vollebak.com/	alive	200
velvet by graham&spencer	https://www.velvet-tees.com/	alive	200
yours	https://drhc-cosmetics.com/	alive	200
xuly bët	https://xulybet.com/	alive	200
unichel	https://unichel.ru/	alive	200
zhejiang aokang shoes co.  ltd.	https://www.aokang.com/	dns-dead	no A/AAAA @1.1.1.1
whispering willow	http://whisperingwillow.com/	alive	200
wakayama kintetsu department store	http://www.w-kintetsu.co.jp/	dns-dead	NXDOMAIN @1.1.1.1+8.8.8.8
undeadmagpie	https://www.undeadmagpie.com/	alive	200
valleygirl	https://www.valleygirl.com.au/	alive	200
zapatos vas	https://www.zapatosvas.com/marcas/vas	blocked	403
untold stories	https://www.untoldstories.no/	alive	200
zoolmates	https://zoolmates.com/	alive	200
women'secret	https://womensecret.com/	alive	200
vacation®	http://vacation.inc/	alive	200
vegamour llc	http://www.vegamour.com/	alive	200
zeus sport	https://www.zeusport.it/	alive	200
simple happy	http://simplehappyskin.com/	alive	200
wrdmrk	https://wrdmrk.com/	alive	200
wo-ma	https://www.wo-ma.co.uk/	alive	200
zolotyi vik	https://zolotiyvik.ua/	alive	200
sixth june	https://www.sixthjune.com/	alive	200
thunderpants us	https://thunderpantsus.com/?oid=383&affid=1&source_id=GoY-rating&sub1=brandpage	alive	200
yeprem	https://yepremjewellery.com/	alive	200
vertbaudet	https://www.vertbaudet.co.uk/	blocked	403
usc	https://www.usc.co.uk/	alive	200
sky organics	https://skyorganics.com/	alive	200
vanharen	https://www.vanharen.nl/	alive	200
the animals observatory	https://www.theanimalsobservatory.com/	alive	200
vesl studio	http://veslstudio.com/	alive	200
united by blue	https://unitedbyblue.com/	alive	200
we-ar	http://we-ar.com/	alive	200
warmbat	https://www.warmbat.com/	alive	200
wilène	http://www.wilenebeauty.com/	alive	200
verandah	https://www.studioverandah.com/	alive	200
vfl bochum fanshop	https://www.merchandising-onlineshop.com/vflbochum1848/	alive	200
villaro	https://villaro.pl/	blocked	403
val kristopher	https://valkristopher.com/	alive	200
vitos 1925	https://www.vitos1925.com/	tls-error	ERR_SSL_SSL/TLS_ALERT_HANDSHAKE_FAILURE
youngblood mineral cosmetics	http://ybskin.com/	alive	200
the eastern loom	https://www.theeasternloom.com/	alive	200
vovk	https://vovk.com/	alive	200
xtian de medici	https://www.xtianmedici.com/	alive	200
zadig&voltaire	https://www.zadig-et-voltaire.com/	alive	200
ydence	https://ydence.com/	alive	200
wolf and zephyr	https://wolfandzephyr.com/	http-dead	404
zerra & co.	http://www.zerraco.com/	alive	200
young elite	https://youngelite.co/	alive	200
zoë	https://zoeforthegirlies.com/	alive	200
zalando	https://www.zalando.de/	alive	200
zense sportswear	https://www.zense-sportswear.com/	server-error	500
smyk	https://www.smyk.com/	alive	200
variously	https://www.studiovariously.com/	alive	200
walkers natural body care	http://www.walkersnatural.com/	alive	200
viktor&rolf	http://www.viktor-rolf.com/	alive	200
the lash lounge	https://www.thelashlounge.com/	alive	200
wear your love	https://wearyourlovexo.com/	alive	200
westside	https://www.westside.com/	alive	200
wewood	https://www.we-wood.com/	server-error	526
upwest	https://upwest.com/	alive	200
watch & diamonds by kiss	https://watchanddiamonds.at/	alive	200
zlatarna celje	https://zlatarnacelje.com/	alive	200
worldbox	https://worldbox.pl/	alive	200
vistula	https://vistula.pl/	alive	200
wild things	https://www.wildthings.jp/	blocked	429
uzurii	https://www.uzurii.com/	alive	200
wild hermit wellness	https://www.wild-hermit-wellness.com/	alive	200
wekusko wild boreal skincare	https://www.wekuskowild.ca/	alive	200
veganologie	https://veganologie.com/	alive	200
wooyoungmi	https://wooyoungmi.com/	alive	200
sof	https://sofbodycare.com/	alive	200
voltage sport	https://voltagesport.com/	http-dead	402
xmondo hair	https://xmondohair.com/	alive	200
willfully	https://willfully.me/	alive	200
victorio & lucchino	https://www.victorioylucchino.com/	alive	200
wal g.	https://www.walg.co.uk/	alive	200
wolven	https://wolventhreads.com/	alive	200
verena von eschenbach	https://www.verena-von-eschenbach.com/	alive	200
vineyard vines	https://www.vineyardvines.com/	alive	200
warrior / huili	https://www.warriorshoes.com/home/index.aspx	alive	200
worth & worth	https://hatshop.com/	alive	200
takashimaya kyōto store	https://www.takashimaya.co.jp/kyoto/	alive	200
xiao wang	https://xiaowangnyc.com/	alive	200
wknd apparel	https://wknd-apparel.com/	server-error	521
witt weiden	https://www.witt-weiden.de/	alive	200
soleil soleil	https://soleilsoleil.com.au/	alive	200
vertere berlin	https://www.vertere-berlin.com/	alive	200
taproot threads	https://www.taprootthreads.com/	alive	200
yamato international	http://www.yamatointr.co.jp/	timeout	
tinchens	https://www.tinchens.net/	alive	200
woolrich	https://www.woolrich.com/	alive	200
sonavi	https://sonavi.fr/	alive	200
teemill	https://teemill.com/	alive	200
tog24	https://www.tog24.com/	alive	200
terre de cuir	https://www.terre-de-cuir.com/	alive	200
the british bag company	https://www.thebritishbagcompany.com/	alive	200
the good patch	https://thegoodpatch.com/	alive	200
xpooos	https://www.xpooos.com/	blocked	429
vm cosmetics	https://vmcosmetics.co.il/	alive	200
vibe harsløf	https://www.vibeharsloef.dk/	http-dead	404
yarra trail	https://www.yarratrail.com.au/	alive	200
vingino	https://www.vingino.com/en/	alive	200
w6yz	https://www.w6yz.com/	alive	200
yoro naturals	https://yoronaturals.com/	alive	200
vivara	https://www.vivara.com.br/	alive	200
wama underwear	https://www.wamaunderwear.com/	alive	200
yoek	https://www.yoek.com/	alive	200
vsp	https://vspparis.com/	alive	200
we are kindred	https://wearekindred.com.au/	alive	200
the mr.crossbow co.	https://mrcrossbow.com/	http-dead	404
werner christ	https://www.wernerchrist.com/	alive	200
the sneaker factory	https://www.thesneakerfactory.co.za/	alive	200
wiesmade	https://wiesmade.com/	alive	200
thecaityperry	https://justjohnsonscreations.com/	dns-dead	NXDOMAIN @1.1.1.1+8.8.8.8
winter water factory	https://www.winterwaterfactory.com/	alive	200
woody's	http://woodysgrooming.com/	alive	200
threadheads	https://threadheads.com/	blocked	429
tilley	https://www.tilley.com/	alive	200
to112	http://www.to112.com/	alive	200
tomshot	https://www.tomshot.com/	alive	200
xc	https://fesretail.com/xc/	alive	200
the reracs	https://thereracs.net/	alive	200
totally workwear	https://www.totallyworkwear.com.au/	alive	200
za-ziba studio	https://www.zaziba.com.au/	alive	200
the vampires wife	https://thevampireswife.com/	tls-error	DEPTH_ZERO_SELF_SIGNED_CERT
think	https://gothink.com/	alive	200
toouch	https://toouchscent.com/vi-vn	alive	200
vander amsterdam	https://vanderamsterdam.nl/	alive	200
zenith	https://www.zenith-watches.com/	blocked	403
yume yume	https://www.yumeyume.eu/	alive	200
tian	https://www.tian-watches.com/	alive	200
spacely clothing	https://spacely.clothing/	alive	200
zebra	https://www.yayzebra.com/	alive	200
vidal & vidal	https://www.vidal-vidal.com/en/	alive	200
zimba	https://shopzimba.com/	alive	200
wearenativ	http://www.wearenativ.com/	alive	200
zusa	https://zusa.com/	alive	200
treceuticals	http://treceuticals.com/	alive	200
trip1	https://tanmarukyoto.thebase.in/	alive	200
ventesima strada	https://www.ventesimastrada.it/	alive	200
vexed generation	http://vexed.co.uk/	alive	200
wheelers.v	https://wheelersv.com/	alive	200
sport chek	https://www.sportchek.ca/	alive	200
trvl by zenggi	https://www.trvldrss.com/	alive	200
wallien	https://www.wallien.com/	alive	200
wildcraft	http://www.wildcraftcare.com/	alive	200
vilet	https://www.viletfashion.com/	alive	200
visionworks of america	https://www.visionworks.com/	blocked	403
woolworths	https://www.woolworths.co.za/	alive	200
ziq&yoni (zny)	https://znyworldwide.com/	alive	200
wauw capow by bangbang copenhagen	https://wauwcapow.com/	alive	200
wojas	https://wojas.pl/	alive	200
yalmeh naturals	https://www.yalmeh.com/	alive	200
white bros	https://www.gebr-weis.de/	alive	200
twenty montreal	https://twentymontreal.com/	alive	200
st. meto	http://stmeto.com/	alive	200
workman	https://www.workman.jp/	dns-dead	NXDOMAIN @1.1.1.1+8.8.8.8
toye  kenning & spencer	https://toye.com/	alive	200
virblatt	https://virblatt.com/	alive	200
vor	https://vor.shoes/	alive	200
ulla popken	https://www.popken.de/en/popken-fashion-group/b2b	alive	200
wynken	https://www.wynken.co.uk/	alive	200
tira	http://www.tirabeauty.com/	alive	200
stelar	https://www.thisisstelar.com/	alive	200
wellicious	https://www.wellicious.com/	alive	200
xidan department store	https://www.xdsc.cn/	blocked	403
treo organics	https://treoorganics.com/	alive	200
xexymix	https://en.xexymix.com/	alive	200
will's vegan store	https://www.wills-vegan-store.com/?oid=226&affid=1&source_id=GoY-rating&sub1=brandpage	alive	200
undersummers	https://undersummers.com/	alive	200
yngr	https://www.yngr.eu/	alive	200
yaeca	https://www.yaeca.com/	alive	200
white mountaineering	https://whitemountaineering.com/	alive	200
yan neo	https://yanneo.com/	alive	200
unmade	https://www.unmade.dk/	dns-dead	NXDOMAIN @1.1.1.1+8.8.8.8
yuki threads	https://www.yukithreads.com/	alive	200
trovata	https://www.trovata.com/	alive	200
winden	https://www.windenjewelry.com/	alive	200
wolky	http://wolky.nl/	alive	200
tucann	https://www.tucann.com/	blocked	403
voit	https://voit.com/	alive	200
tokyu department store	https://www.tokyu-dept.co.jp/	alive	200
yoga democracy	https://yogademocracy.com/	alive	200
stoov	https://www.stoov.com/	alive	200
wales bonner	https://walesbonner.net/pages/about	alive	200
yupoong flexfit	https://www.urban-classics.net/	blocked	401
tyler mcgillivary	https://www.tylermcgillivary.com/	alive	200
zarina	https://zarina.ru/	alive	200
womsh	https://www.womsh.com/	alive	200
studio de lostanges	https://www.delostanges.com/	alive	200
yargici	https://www.yargici.com/	alive	200
wasted atelier	https://wastedatelier.be/	server-error	526
ziggy zoog	https://ziggyzoog.com/	http-dead	402
久米繊維 / kume	https://kume.jp/	alive	200
ygm trading ltd.	http://www.ygmtrading.com/	alive	200
topshop	https://www.topshop.com/	alive	200
urban research	https://media.urban-research.jp/brand/urban-research/	alive	200
zeccoro	https://www.zeccoro.pl/	alive	200
umòja shoes	https://umoja-shoes.com/	dns-dead	no A/AAAA @1.1.1.1
zulu & zephyr	https://us.zuluandzephyr.com/	alive	200
wrinn	https://wrinn.jp/	alive	200
zimmermann	https://www.zimmermann.com/	alive	200
yamamoto kogaku	https://yamamoto-kogaku.co.jp/	alive	200
woron	https://www.woronstore.com/	alive	200
unif	https://www.unifclothing.com/	alive	200
ymc you must create	https://www.youmustcreate.com/	alive	200
trafalgar	https://www.trafalgarstore.com/	alive	200
yoko london	https://www.yokolondon.com/	alive	200
valege	https://www.valege.com/fr/	alive	200
yves salomon fourreur	https://www.yves-salomon.com/	alive	200
varley	https://www.varley.com/	alive	200
zemna	https://www.zemna.eu/	http-dead	404
tri colour federation	https://tricolourfederation.com/	alive	200
zusss	https://www.zusss.nl/	alive	200
untouched underwear	https://www.untouchedunderwear.com/	alive	200
yowas	https://yowas.com.es/	alive	200
zawadee	https://www.zawadee.com/	http-dead	402
wego	https://wego.jp/	alive	200
veriphy skincare	http://www.veriphyskincare.com/	alive	200
vib's	https://www.vibs.com/	blocked	403
whistler's lips lip balm inc.	http://www.whistlerslips.com/	alive	200
vintage handmade	https://www.vintagehandmade.nl/	alive	200
true colour beauty	https://truecolourbeauty.com/	alive	200
xplct studios	https://www.xplctstudios.com/nl/	alive	200
ziozia china	http://ziozia.uunn.cn/	alive	200
waccowacco	http://waccowacco.com/	alive	200
with sense	https://merci-saga.com/c/all_brand/WITHSENSE	net-error	UND_ERR_CONNECT_TIMEOUT
ushi	https://shop150772591.m.youzan.com/wscshop/showcase/homepage?kdt_id=150580423&sub_kdt_id=150580423	alive	200
wildsmith shoes	http://www.wildsmith.com/	alive	200
ziaja	https://ziaja.com/	alive	200
tultex	https://tultex.com/	alive	200
огgапiсаliьrа	http://www.somelove.com/	dns-dead	NXDOMAIN @1.1.1.1+8.8.8.8
xtreme	https://xtreme-sockswear.nl/	alive	200
wolfers	https://www.wolfers.be/	alive	200
vivaiodays	http://www.vivaiodays.com/	alive	200
zoologist	https://zoologistperfumes.ca/	alive	200
woolkind	https://woolkind.com/	alive	200
yeezy	https://yeezy.com/	blocked	403
young frankk	https://www.youngfrankk.com/	alive	200
wanderflower	http://uppercanadasoap.com/	alive	200
world of pop	https://world-of-pop.com/	alive	200
zalie	https://zalie.com.au/	tls-error	CERT_HAS_EXPIRED
xocoi	https://xocoi.net/	dns-dead	NXDOMAIN @1.1.1.1+8.8.8.8
yarok	http://www.yarokhair.com/	alive	200
vama	http://www.vamawellness.com/	alive	200
vuarnet	http://www.vuarnet.com/	alive	200
zelli italia	https://zelliitalia.com/	alive	200
yanowska	https://www.yanowska.pl/	alive	200
u/ti	http://www.u-ti.com/	http-dead	404
uncl	https://www.shopuncl.com/	tls-error	CERT_HAS_EXPIRED
vegasrabbitclothing	https://vegasrabbitclothing.patternbyetsy.com/	alive	200
yoors star	http://www.yoorsstar.nl/	alive	200
uniqlo	https://www.uniqlo.com/	alive	200
yogi peace club	https://yogipeaceclub.com/	alive	200
vertiche	https://vertiche.mx/	blocked	403
wallis	http://www.wallis.co.uk/	alive	200
zlatníctvo isolda	https://zlatnictvo.sk/	alive	200
yumeko	https://www.yumeko.nl/	alive	200
yvette libby n'guyen paris	https://yvettelibby.com/	alive	200
xagon man	http://www.xagonman.it/	alive	200
upcycleluxe	https://upcycleluxe.com/	alive	200
wawwa	https://wawwaclothing.com/	alive	200
yaktrax	https://yaktrax.implus.com/	alive	200
zenggi	https://www.zenggi.com/	alive	200
wellington of bilmore	https://www.wellington-of-bilmore.de/	alive	200
ylistyle	https://ylistyle.com/	alive	200
zelys paris	https://www.zelystore.com/en	alive	200
uviña skin	http://www.uvinaskin.com/	alive	200
van harper	https://vanharper.com/	http-dead	409
who decides war	https://whodecideswar.com/	alive	200
velour and vellum	https://velourandvellum.com/	alive	200
william tell leather co	https://www.williamtellleather.com/	tls-error	ERR_SSL_SSL/TLS_ALERT_HANDSHAKE_FAILURE
wonder valley	https://welcometowondervalley.com/	alive	200
zip and zoe	https://www.babymel.com/	alive	200
wrong weather	https://www.wrongweather.net/	alive	200
vestige	https://www.vestigebrand.com/	alive	200
zwitsal	https://www.zwitsal.nl/	alive	200
xtreme boardshop	https://xbusa.com/	alive	200
viking footwear	https://vikingfootwear.com/	alive	200
yeezy gap	https://www.yeezygap.com/	alive	200
vissla	https://www.vissla.com/	alive	200
suburbia	http://www.suburbia.com.mx/	net-error	redirect count exceeded
volt	https://voltfashion.com/	blocked	403
yuima nakazato	https://www.yuimanakazato.com/	alive	200
youngor	http://www.youngor.com/	alive	200
zazzle	https://www.zazzle.co.uk/	blocked	403
sunday riley	http://www.sundayriley.com/	alive	200
zign	https://en.zalando.de/zign	alive	200
susanne bommer	https://www.susannebommer.com/	alive	200
zamberlan	https://eu.zamberlan.com/	alive	200
zuiki	https://www.zuiki.it/	alive	200
syd botanica	https://www.sydbotanica.com/	alive	200
ziyel	http://www.ziyel.com/	alive	200
wako	https://www.wako.co.jp/	alive	200
warren james	https://www.warrenjames.co.uk/	net-error	UNABLE_TO_VERIFY_LEAF_SIGNATURE
zerobarracento	https://zerobarracento.com/?oid=41&affid=1&source_id=GoY-rating&sub1=brandpage	alive	200
tafanelli	https://tafanelli.fr/	alive	200
target australia	https://www.target.com.au/	blocked	403
teilor	https://www.teilor.com/	alive	200
zlatokov	https://www.zlatokov.sk/	alive	200
we fashion	https://www.sfashion.si/	alive	200
teso life	https://www.tesolife.com/	alive	200
yume	https://yumelabel.com/	tls-error	UNABLE_TO_GET_ISSUER_CERT_LOCALLY
wearecph	https://www.wearecph.com/	alive	200
weshoes	https://weshoes.co.il/	alive	200
リブ / lib	https://l-i-b.shop/	alive	200
the campamento	https://www.thecampamento.com/	alive	200
west end watch co	http://www.westendwatchco.ch/	alive	200
zeal optics	https://www.zealoptics.com/	alive	200
whoopie loopie	http://www.whoopieloopie.com/	alive	200
wilda.eco	https://wilda.eco/?oid=368&affid=1&source_id=GoY-rating&sub1=brandpage	alive	200
zilton	https://www.zilton.com/	alive	200
zumiez	https://www.zumiez.com/	alive	200
wit & west perfumes	https://witandwest.com/	alive	200
woden	https://woden.com/	alive	200
won hundred	https://wonhundred.com/	alive	200
work authority	https://workauthority.ca/	alive	200
xiamen mega garment co.  ltd.	https://iyoumega.com/	alive	200
x-socks	http://www.xsocks.nl/	alive	200
yaitte	https://yaitte.com/	alive	200
the goodland markets	https://www.urban-research.jp/shop/the-goodland-market/?krt_id=_18010894538&gad_source=1	alive	200
the organic skin co.	https://theorganicskinco.com/	alive	200
vidorreta	https://www.calzadosvidorreta.com/	net-error	UND_ERR_CONNECT_TIMEOUT
virus international	https://eu.virusintl.com/	dns-dead	NXDOMAIN @1.1.1.1+8.8.8.8
ylève	https://www.yleve.jp/	alive	200
voir haircare	https://voirhair.com/	alive	200
yu stepanel	https://www.yu-stepanel.com/	net-error	ECONNRESET
yamma	https://yamma.jp/index.html	alive	200
zapa	https://www.zapa.fr/	alive	200
ziengs	https://www.ziengs.nl/	alive	200
zsigmond	https://zsigmonddoramenswear.com/	alive	200
the standard stitch	https://www.thestandardstitch.com/	alive	200
yoga by katy	https://yogabykaty.com/	alive	200
theproudlondon	https://www.theproudlondon.co.uk/	alive	200
yumi clothing	https://www.yumi.co.uk/	alive	200
wacoal	https://www.wacoal.jp/	alive	200
zebra fashion	https://www.zebrafashion.com/	alive	200
warby parker	https://www.warbyparker.com/	blocked	403
threads 4 thought	https://www.threads4thought.com/?oid=139&affid=1&source_id=GoY-rating&sub1=brandpage	alive	200
timeless pearly	https://timelesspearly.com/	alive	200
zilli	http://www.zilli.fr/	alive	200
zuska art	https://www.zuskaart.com/	dns-dead	NXDOMAIN @1.1.1.1+8.8.8.8
toad&co	https://www.toadandco.com/?oid=169&affid=1&source_id=GoY-rating&sub1=brandpage	alive	200
toni sailer	https://www.tonisailer.com/	alive	200
totto	https://totto.com/	alive	301
treekid	https://www.treekid.com.au/	alive	200
we got cookies	https://wegotcookies.se/	alive	200
west 14th	https://w14th.com/	alive	200
troentorp clogs	http://www.troentorpsclogs.com/	alive	200
wild country	https://www.wildcountry.com/	alive	200
witchery	https://www.witchery.com/	blocked	403
tsu lange yor	https://tsu-lange-yor.au/	alive	200
twins & trackstyle	https://www.twins-trackstyle.nl/	tls-error	ERR_TLS_CERT_ALTNAME_INVALID
woolfit	https://www.woolfit.de/	alive	200
xabarwan	https://xabarwan.com/	http-dead	402
yakshi fragrances	https://www.amazon.com/s?k=Yakshi+Fragrances	alive	200
yliana yepez	https://ylianayepez.com/	alive	200
yu mei	https://www.yumeibrand.com/	alive	200
zazi	https://zazi-vintage.com/	alive	200
zig+star	https://zigandstar.com/	alive	200
zudio	https://www.zudio.com/	alive	200
ultra diamonds	http://www.ultradiamonds.com/	timeout	
unearthly cosmetics	http://www.unearthlycosmetics.com/	alive	200
unrl	https://www.unrl.com/	alive	200
urbangift	https://urbangift.co.uk/	alive	200
valerian hughes	https://www.valerianhughes.com/	alive	200
vaucher manufacture fleurier	http://www.vauchermanufacture.ch/	alive	200
verona jewelry	https://verona.pl/	alive	200
vicolo	https://www.vicolo.com/	alive	200
vintage spirit designs	https://www.vintagespiritdesigns.com/	alive	200
viviano	http://vivianostudio.com/	alive	200
vyayama	https://www.vyayama.com/	net-error	ECONNRESET
walsh	https://www.normanwalshuk.com/	alive	200
way natural	https://waynaturalcare.com/	alive	200
wemoto	https://wemotoclothing.com/en/	http-dead	404
why not	https://www.whynotbrand.com/	alive	200
wingit	https://wingitclub.com/	alive	200
wonderskin	http://www.wonderskin.com/	alive	200
wuka	https://wuka.co.uk/	alive	200
xxl sports & outdoor	https://www.xxlsports.at/	alive	200
yeshveda	https://yeshveda.com/	alive	200
your blissful	http://www.yourblissful.com/	alive	200
zag bijoux	https://corry-van-gruijthuijsen.nl/	tls-error	DEPTH_ZERO_SELF_SIGNED_CERT
zeus + dione	https://www.zeusndione.com/	blocked	403
zoe leggings	https://www.zoeleggings.com/	blocked	403
