nom	site	bucket	detail
a perfect jane	https://aperfectjane.com/	dns-dead	no A/AAAA @1.1.1.1
281z	https://281z.store/	dns-dead	no A/AAAA @1.1.1.1
andreādamo	https://andreaadamo.it/	tls-error	ERR_SSL_TLSV1_ALERT_INTERNAL_ERROR
allkind	https://allkind.co.uk/	tls-error	ERR_SSL_TLSV1_ALERT_INTERNAL_ERROR
0&1	https://en.0and1.de/	http-dead	404
amari amari	https://amariamari.co.uk/	http-dead	402
a better mistake	https://shop.abettermistake.com/collections/shop-collection	http-dead	402
alpenglow	https://shopalpenglowapparel.com/	http-dead	402
a.b.c.l.	https://www.abclgarments.com/	tls-error	CERT_HAS_EXPIRED
05 studio	https://www.the05studio.com/	http-dead	404
allen schwartz	https://www.allenschwartz.com/	tls-error	CERT_HAS_EXPIRED
1017 alyx 9sm	https://www.alyxstudio.com/	http-dead	404
alster vandel	https://alstervandel.com/	http-dead	409
alternative	https://www.alternativeapparel.com/	tls-error	ERR_TLS_CERT_ALTNAME_INVALID
alternative apparel	https://www.alternativeapparel.com/	tls-error	ERR_TLS_CERT_ALTNAME_INVALID
alpe women shoes	https://www.alpeteam.com/	http-dead	402
anita bilardi	https://www.anitabilardi.com/en/	http-dead	404
artelusa	https://artelusa.pt/	tls-error	CERT_HAS_EXPIRED
articles of society	https://articlesofsociety.com/	http-dead	404
ammehoela	https://www.ammehoela-kids.nl/	http-dead	404
am jewelry	https://angelomoretti.be/	http-dead	404
aznar innova s.a.	https://www.aznarinnova.com/en/	alive	200
aaron esh	https://aaronesh.com/	tls-error	ERR_SSL_TLSV1_ALERT_INTERNAL_ERROR
audelia's collection	http://audeliascollection.com/	alive	200
auli skin	https://www.auliskin.com/	alive	200
aiste anaite	https://www.aisteanaite.com/en/	alive	200
a.d.s.r	https://www.adsrfoundation.com/top/	http-dead	404
ballantyne cashmere spa	https://www.ballantyne.it/	blocked	403
au vieux campeur	https://www.auvieuxcampeur.fr/	alive	200
atm	https://atmcollection.com/	alive	200
awave awake	https://www.awaveawake.com/	alive	200
anchors-n-asteroids	https://www.anchors-n-asteroids.com/	http-dead	404
american golf	https://www.americangolf.co.uk/	alive	200
absolutely bear	https://www.absolutelybear.com/	tls-error	CERT_HAS_EXPIRED
backstage make-up	https://backstage-makeup.de/	alive	200
age of innocence	https://www.age-of-innocence.com/	alive	200
a2z beauty	https://www.michaelgiordanointl.com/home	http-dead	404
ascention parfums	http://ascentionbeautyco.com/	alive	200
aro	https://aroshoes.com/	alive	200
aizea	https://www.aizea-paris.com/	tls-error	ERR_SSL_SSL/TLS_ALERT_HANDSHAKE_FAILURE
azure	http://www.azureskincare.com/	alive	200
arcopedico	https://arcopedico.com/en/spring-2021/	http-dead	404
accessoire diffusion	https://www.accessoire-diffusion.com/	tls-error	ERR_SSL_TLSV1_ALERT_INTERNAL_ERROR
agolde	https://agolde.com/	alive	200
aob products	http://www.aobproducts.ca/	http-dead	404
andrea lucy designs	https://andrealucydesigns.com.au/	tls-error	CERT_HAS_EXPIRED
adya designs	https://adyadesigns.in/	tls-error	CERT_HAS_EXPIRED
aethera	https://www.aethera.com.au/	alive	200
aisle5	http://www.aisle5skin.com/	alive	200
babymel	http://www.babymel.com/	alive	200
agua bendita	https://www.aguabendita.com.co/	alive	200
auralee	https://auralee.jp/	alive	200
armani jeans	https://www.armani.com/ru/armanijeans	http-dead	404
atelier rebul	https://www.atelierrebul.com.tr/	alive	200
autumn adeigbo	https://autumnadeigbo.com/	http-dead	402
abyl	https://aybl.com/	alive	200
airpaq	https://www.airpaq.de/	alive	200
backes & strauss	https://www.backesandstrauss.com/	alive	200
adidas	https://www.adidas.com/	blocked	403
astley clarke	https://www.astleyclarke.com/	alive	200
artlove	https://www.artlove.fr/	alive	200
aemmi	https://www.ae-mmi.com/	alive	200
beiersdorf	https://www.beiersdorf.com/	alive	200
à la garçonne	https://alagarconne.com.br/en	http-dead	404
aurelia	https://shopforaurelia.com/	alive	200
ayurveda sutra co	https://www.ayurvedasutra.co/	alive	200
avesso	https://www.avesso.com/	alive	200
ahlvar gallery	https://ahlvar.com/	alive	200
5lakes&mt	https://5lakesmt.com/	dns-dead	no A/AAAA @1.1.1.1
alcott	https://www.alcott.eu/	alive	200
arquiste	https://arquiste.com/	alive	200
athari wear	https://athariwear.com/	alive	200
arivastreetwear	https://arivastreetwear.com/	tls-error	ERR_SSL_SSL/TLS_ALERT_HANDSHAKE_FAILURE
balm baby	http://www.taylorsnatural.com/	alive	200
arzukara	https://www.arzukara.com/	alive	200
arctic bay	https://arctic-bay.ca/	alive	200
bape	https://int.bape.com/	alive	200
artichoke	https://artichokebags.com/	alive	200
aktivoptik	https://www.aktivoptik.de/	alive	200
base london	https://www.baselondon.com/	alive	200
amber goes green	http://ambergoesgreen.ca/accessories-collection/	http-dead	404
akola	https://akola.co/	alive	200
against all odds	https://www.againstallodds.shop/	alive	200
billykirk	https://www.billykirk.com/	alive	200
akris	http://www.akris.ch/	alive	200
aspesi	https://www.aspesi.com/	alive	200
afflecks	https://www.afflecks.com/	alive	200
aroma prodigy	http://www.aromaprodigy.com/	alive	200
avia	http://www.avia.com/	alive	200
azizi	https://www.soraya-azizi.com/	alive	200
basile	https://www.basileitalia.com/fashion/il-marchio-basile/	http-dead	404
aventura	https://aventuraclothing.com/	alive	200
al ambra	https://alambraperfumes.com/	alive	200
agave healing oil	http://www.agaveoil.com/	alive	200
barbarossa moratti	https://www.barbarossamoratti.com/	alive	200
agella beauty	https://www.agellabeauty.com/	alive	200
beatrice valenzuela	https://beatricevalenzuela.com/	alive	200
barney cools	https://barneycools.com/	alive	200
bathsheba	https://bathshebarituals.com/	alive	200
barbella co.	http://barbellaco.com/	alive	200
bcf	https://www.bcf.com.au/	blocked	403
abbot kinney apothecary	https://abbotkinneyapothecary.com/	alive	200
bali lash	http://www.balilash.com/	http-dead	404
becci boo's custom shoes	https://beccibooscustomshoes.com/	alive	200
bassike	https://intl.bassike.com/	alive	200
authentic	http://www.authentichemp.com/	alive	200
auricoste	http://www.auricoste.fr/	alive	200
batsheva	https://www.batsheva.com/	alive	200
balm n calm	https://balmncalm.com/	alive	200
barocco tribal	https://www.baroccotribal.com/	alive	200
alder	https://www.alderapparel.com/	alive	200
adia	https://www.adiafashion.dk/	alive	200
ayten gasson	https://www.aytengasson.com/	alive	200
beams	https://www.beams.co.jp/	alive	200
banks journal	https://banksjournal.com/	alive	200
babyone	https://www.babyone.de/	alive	200
baby phat	https://babyphat.com/	alive	200
atunas	https://www.atunas.com.tw/	alive	200
belair	https://www.belair-paris.fr/	alive	200
aevi wellness	http://aeviwellness.com/	alive	200
article22	https://article22.com/?oid=52&affid=1&source_id=GoY-rating&sub1=brandpage	alive	200
anaconda	https://www.anacondastores.com/	net-error	redirect count exceeded
bethany williams	http://www.bethany-williams.com/	alive	200
bannedla	https://ruinmylife.la/	http-dead	402
billini	https://www.billini.com/	alive	200
adriana degreas	https://shop.adrianadegreas.com/	http-dead	404
be pure dutch	https://bepure-dutch.com/	http-dead	404
après studio	https://apresstudio.com.au/	alive	200
aware hair	https://awarehair.com/	alive	200
beaumont organic	https://beaumontorganic.com/	alive	200
aimer	https://aimeronline.com/	alive	200
bellfield	https://www.bellfieldclothing.com/	http-dead	423
benfica official store	https://www.slbenfica.pt/	alive	200
alejandra alonso rojas	https://www.alejandraalonsorojas.com/	alive	200
alexandria professional	http://www.alexandriaprofessional.com/	alive	200
bandi vamos	https://www.bandi.cz/	alive	200
bearpaw	https://www.bearpaw.com/	alive	200
alighieri	https://www.alighieri.com/	alive	200
bela beauty college	https://belabeautycollege.com/	alive	200
big lots	https://www.biglots.com/	alive	200
aristocrazy	https://www.aristocrazy.com/	alive	200
bata	https://www.bata.in/	alive	200
4you	https://www.4you.de/	net-error	ENETUNREACH
alcina	https://www.alcina.de/	alive	200
aveda	https://www.aveda.ca/	alive	200
berner kühl	https://bernerkuhl.com/	alive	200
bergstein	https://www.bergsteinfootwear.com/	alive	200
behno	https://behno.com/	alive	200
bav tailor	https://bavtailor.com/	alive	200
bambu earth	https://bambuearth.com/	alive	200
bb sheep	https://www.bbsheep.com/	alive	200
blukey	https://www.blukey.it/	alive	200
bernie mev new york	https://www.berniemev.eu/	alive	200
az factory	https://www.azfactory.com/	http-dead	404
belt fashion	https://beltfashion.nl/	alive	200
black pepper clothing	https://www.blackpepper.com.au/	alive	200
blood brother	https://www.blood-brother.com/	server-error	500
bossini	https://www.bossini.com/	alive	200
arthur knight	https://arthurknight.com/	net-error	redirect count exceeded
bimba y lola	https://www.bimbaylola.com/	alive	200
babybear	https://babybear.lk/	alive	200
bella freud	https://bellafreud.com/	alive	200
ak custom jewelers	https://akjewelers.com/	alive	200
beau ties	https://www.beautiesltd.com/	alive	200
black fashion	https://www.blackfashionbrand.com/nl/	http-dead	404
bielenda group	https://bielenda.pl/	alive	200
bohemian mama	https://www.bohemianmama.com/?_vsrefdom=adwords%3Futm_source%3DGoodOnYou+App	http-dead	404
alghabra parfums	https://alghabra-parfums.com/	alive	200
bella bliss	https://klarandco.com/	alive	200
adriana iglesias	https://adrianaiglesias.com/	alive	200
audimas  ab	https://www.audimas.lt/	alive	200
aubrie	https://aubrie.com.au/	alive	200
beneunder	https://shop.beneunder.com/	alive	200
aexae	https://www.aexae.com/	alive	200
bdk parfums	https://bdkparfums.com/	alive	200
artuyt	https://artuyt.com/	alive	200
benyamin apoo	https://benyaminapoo.com/	alive	200
better botanicals	http://www.betterbotanicals.com/	alive	200
akro	https://akrofragrances.com/	alive	200
balenciaga	https://www.balenciaga.com/	alive	200
blenzo	https://www.blenzoshoes.com/	tls-error	ERR_TLS_CERT_ALTNAME_INVALID
bench	https://www.bench.co.uk/	alive	200
alida pure	http://www.alidapurebodycare.com/	alive	200
benetton	http://www.benetton.com/	alive	200
beekind	https://www.gilchristsoames.com/collections/beekind.html	alive	200
be bare	https://naisture.com/pages/bebareus	alive	200
bcakes llc	http://www.bcakesllc.com/	alive	200
bess	https://www.b-e-s-s.com/	alive	200
body soup for the soul	http://www.bodysoupforthesoul.com/	http-dead	404
aiir professional	https://aiirprofessional.com/	alive	200
bardot	https://www.bardot.com/	net-error	redirect count exceeded
alinari-firenze	https://www.alinarifirenze.com/	alive	200
bailey nelson	https://baileynelson.com/	alive	200
batoner	https://www.batoner.com/	alive	200
biankina	https://biankina.com/	alive	200
baggage factory	https://www.baggagefactory.co.uk/	alive	200
basic rights	https://www.basicrights.com/	http-dead	404
aiayu	https://aiayu.com/	alive	200
babystyling	https://www.babystyling.com/	alive	200
bulldog natural skincare	http://www.bulldogskincare.com/	alive	200
bared footwear	https://baredfootwear.pxf.io/R0Z47g	alive	200
bogs	https://www.bogsfootwear.com/	alive	200
alex de pase	http://www.alexdepase.eu/	alive	200
bibi lou	https://www.bibilou.es/	alive	200
belair paris	https://www.belair-paris.fr/	alive	200
attesa	https://www.attesa.it/	alive	200
buddica	https://www.buddica.com/	blocked	403
bhima jewellers	https://www.bhima.in/	dns-dead	no A/AAAA @1.1.1.1
auromère	https://www.auromere.com/	alive	200
blufin	http://www.blufin.it/#/en/	alive	200
awg-modecenter	https://www.awg-mode.de/	alive	200
berkelmans	https://www.berkelmans.nl/	net-error	UNABLE_TO_VERIFY_LEAF_SIGNATURE
bella beauty	https://klarandco.com/	alive	200
big w	https://www.bigw.com/	alive	200
beckett simonon	https://www.beckettsimonon.com/	alive	200
bedhead pajamas	https://bedheadpjs.com/	alive	200
billabong	http://www.billabongbiz.com/	alive	200
berkner	https://berkner.pl/en/	alive	200
bram's fruit	https://bramsfruit.com/	alive	200
basefield	https://www.basefield.de/	alive	200
baume et mercier	https://www.baume-et-mercier.com/	alive	200
bloomings	https://www.bloomings.eu/	alive	200
afroblonde	https://afroblonde.com.au/	alive	200
bickley + mitchell	https://bickleyandmitchell.com/	alive	200
braun büffel	https://www.braun-bueffel.com/	alive	200
agent p	https://www.agentpnyc.com/	alive	200
bonne suits	https://bonnelife.com/	alive	200
bāeo	http://www.baeo.com/	alive	200
avirex japan	https://www.avirex-usa.com/	alive	200
bloomshell	https://bloomshell.co/	alive	200
accurist	https://www.accurist.co.uk/	alive	200
azmera skin care	http://www.azmera-skin.com/	alive	200
bershka	https://www.bershka.com/	alive	200
athleta	https://www.athleta.com/	alive	200
algo bonito	https://algo-bonito.com/	alive	200
ader error	https://adererror.com/	alive	200
blackstone footwear	https://www.blackstonefootwear.com/	alive	200
beatrice .b	https://www.beatriceb.it/	net-error	ECONNRESET
billion dollar beauty	http://billiondollarbeauty.com/	alive	200
cajoy	https://www.cajoy.com/	alive	200
brandtex	https://www.brandtex.dk/	tls-error	CERT_HAS_EXPIRED
biotechbeauty	https://biotechbeautyus.com/	alive	200
beverly hills md	http://beverlyhillsmd.com/	blocked	403
blume	http://blume.com/	alive	200
cg – club of gents	https://www.cg.fashion/	alive	200
blanche cph	https://blanchecph.com/	alive	200
berghen	https://www.berghen.com/	alive	200
bobo global	https://boboglobal.com/	alive	200
baeblu	http://www.baeblu.com/	alive	200
befree	https://befree.ru/	alive	200
bullboxer	https://www.bullboxer.com/	alive	200
belnu	https://belnu.com/	alive	200
blijdesteijn	http://blijdesteijn.nl/	alive	200
binda italia	http://www.bindagroup.com/	alive	200
bring	https://bring.org/	alive	200
boyzz only	http://www.boyzzonly.com/	alive	200
bl'eau	http://www.bleaubeauty.com/	alive	200
bohemian dream	https://bohemiandream.in/	alive	200
bourrienne paris	https://www.bourrienne.com/	alive	200
beneshty	https://beneshty.com/	alive	200
buddha to buddha	https://www.buddhatobuddha.com/	alive	200
charming charlie	https://charmingcharlie.com/	alive	200
arioseyears	https://arioseyears.com/	timeout	
black yak	http://www.blackyak.com/	alive	200
belchou's	https://www.belchous.com/	alive	200
boohoo group	https://www.boohoo.com/	alive	200
briglia blu	https://www.briglia1949.com/	alive	200
björn borg	https://bjornborg.com/	alive	200
bushman	https://bushman.cz/	alive	200
brbl	https://www.brbl.net/	alive	200
byza	https://byza.com/	alive	200
cassels	https://cassels.se/	alive	200
city chic	https://www.citychic.com/	blocked	503
christy dawn	https://christydawn.com/?oid=64&affid=1&source_id=GoY-rating&sub1=brandpage	alive	200
bonne gueule	https://www.bonnegueule.fr/	alive	200
bisous skateboards	https://bisousskateboards.com/	alive	200
biosilk	https://biosilk.com/	tls-error	CERT_HAS_EXPIRED
baileys	https://www.baileys.nl/	timeout	
carlton london	https://carltonlondon.co.in/	alive	200
catherine rowe designs	https://www.catherinerowedesigns.com/	alive	200
bull & berry	https://www.bullandberry.de/	alive	200
buffalo london	https://www.buffalo-boots.com/en-gb/buffalo-london	blocked	403
burrows & co	https://burrowsandco.com.au/	tls-error	ERR_TLS_CERT_ALTNAME_INVALID
atmosphere	https://www.atmosphere.ca/en.html	alive	200
bretelle&braces	https://www.bretelleitaliane.com/	tls-error	ERR_TLS_CERT_ALTNAME_INVALID
bleue burnham	https://bleueburnham.com/	alive	200
caboo paper products	https://cabooproducts.com/	alive	200
bedi	https://bedistudios.com/?oid=233&affid=1&source_id=GoY-rating&sub1=brandpage	alive	200
beecos	http://beecosbeauty.com/	alive	200
boomba	https://getboomba.com/	alive	200
bricktown	https://www.bricktownworld.com/	alive	200
caravana	https://www.caravana.land/	alive	200
brandit	https://www.brandit-wear.com/	alive	200
cad-b makeup and skincare	http://cad-b.com/	alive	200
bronx	https://bronxshoes.com/en/	http-dead	404
bloome*	http://bloome.com/	alive	200
bundgaard	https://bundgaard-schuhe.de/	alive	200
ahirain	https://www.ahirain.com/	alive	200
carpatree	https://carpatree.com/	alive	200
belly's candle co.	http://www.bellyscandleco.com/	alive	200
blueberry	https://www.bluebeery.eu/	alive	200
candy x paints	http://www.candyxpaints.com/	alive	200
back to earth	https://backtoearthskin.com/en-ca	alive	200
belle	https://www.belleintl.com/	dns-dead	no A/AAAA @1.1.1.1
búho	https://buhobcn.com/en/	alive	200
cinnao	https://www.cinnao.com/	tls-error	UNABLE_TO_GET_ISSUER_CERT_LOCALLY
benibeca	http://www.benibeca.com/	alive	200
charmed aroma	https://ca.charmedaroma.com/	alive	200
care by me	https://carebymeusa.com/	http-dead	404
brow art 23	https://browart23.com/	alive	200
alicia audrey	https://aliciaaudreycollection.com/	alive	200
china gold	https://www.chnau99999.com/	alive	200
cadini	https://www.cadini.com/	alive	200
bewildher fitwear	https://www.bewildher.com/	alive	200
boho aromatic	http://www.bohoaromatic.com/	alive	200
bnsm	https://www.bnsm.de/	alive	200
bucherer	https://www.bucherer.com/	alive	200
bitte kai rand	https://www.bittekairand.com/	alive	200
catherines	https://www.catherines.com/	http-dead	433
car shoe	http://www.carshoe.com/	alive	200
borneo paris	https://www.borneo-paris.com/?oid=362&affid=1&source_id=GoY-rating&sub1=brandpage	alive	200
breastflower	https://www.breastflower.com/	alive	200
barnyardstorm	https://www.adastria.co.jp/brands/barnyardstorm/	alive	200
caftari	https://caftari.com/	alive	200
aldo martins	https://www.aldomartins.com/	alive	200
byrd	https://byrdhair.com/?srsltid=AfmBOop3mhglDx5oOnFAdj0tOZnG9ifMB-KLH-ZuXzQIXyrP4tZxLRi3	alive	200
blooh	https://www.blooh.co/	alive	200
bohempia	https://bohempia.com/	alive	200
brotege	http://www.brotege.com/	alive	200
bootlegger	https://www.bootlegger.com/	alive	200
calliope by megan moroney	https://fragrancebymeganmoroney.com/	alive	200
british passport	https://britishpassport.it/en	http-dead	404
brand black	https://brandblack.com/	http-dead	402
boob	https://www.boobdesign.com/	alive	200
careeon	http://careeon.com/	alive	200
cl	https://selflovebycl.ca/	alive	200
bayankala	http://www.bayankala.com/	net-error	UND_ERR_SOCKET
boston	https://www.bostonwear.com/es/	alive	200
chevalier d’éon	https://www.chevalierdeonheritage.com/	net-error	ECONNRESET
bask in the sun	https://www.baskinthesun.fr/	alive	200
chet lo	https://www.chetlo.com/	alive	200
costco	https://www.costco.ca/	alive	200
bobo choses	https://www.bobochoses.com/	alive	200
bogdar	https://bogdar.com/	alive	200
canivro	https://www.canivro.com/	alive	200
cécile canj	https://cecilecanj.com/	alive	200
cache cache	https://www.cache-cache.fr/	blocked	403
cape horn	https://www.capehorn.it/	alive	200
brighty&co	https://brightyandco.com/en/	http-dead	404
cam cam	https://camcamcopenhagen.com/	alive	200
cascade theatre	http://www.cascadetheatre.org/	alive	200
caterpillar	https://catworkwear.com/	alive	200
brighthouse	https://www.brighthouse.co.uk/	net-error	ECONNRESET
cellbone	https://www.cellbone.com/	alive	200
by the way  your hair looks fabulous	http://www.thebtwco.com/	alive	200
big bud press	https://bigbudpress.com/	alive	200
burban	https://www.burban.gr/	alive	200
crepe erase	http://www.bodyfirm.com/	alive	200
bolzr	https://www.bolzr.store/	alive	200
bombers original	https://www.bombers-original.com/	alive	200
atmos pink	https://www.atmos-pink.com/	alive	200
canali	https://www.canali.com/	alive	200
camps & camps	https://www.campsencamps.nl/	alive	200
brownie	https://www.browniespain.com/es	alive	200
bode	https://www.bodenewyork.com/	alive	200
camicissima	https://www.camicissima.it/	alive	200
cocoa by cece	https://cocoabycece.com/	alive	200
cocojojo	http://www.cocojojo.com/	alive	200
caldera + lab	http://www.calderalab.com/	alive	200
clean rebellion	https://cleanrebellion.com/	alive	200
bathu	https://www.bathu.co.za/	alive	200
capelli new york	https://www.capellinewyork.de/	alive	200
breva soap co.	https://brevasoap.com/	http-dead	404
botanicary skincare	https://botanicary.com/	alive	200
bunnies jr	https://www.bunnies.nl/	alive	200
christopher kane	https://www.christopherkane.com/	dns-dead	no A/AAAA @1.1.1.1
chnge	https://chnge.com/	alive	200
cklass	https://cklass.com/	alive	200
chiquelle	https://www.chiquelle.com/splash-page.html?v=3%3Futm_source%3DGoodOnYou+App	blocked	401
celyfos	https://www.celyfos.com/	tls-error	UNABLE_TO_GET_ISSUER_CERT_LOCALLY
chevignon	https://www.chevignon.fr/	alive	200
bellabeautebar llc	https://bellabeautebar.com/	alive	200
capsule	https://capsulestudio.net/	http-dead	404
cabbeen	https://www.ir.cabbeen.com/	tls-error	ERR_TLS_CERT_ALTNAME_INVALID
circle sportswear	https://en.circlesportswear.com/	tls-error	ERR_SSL_SSL/TLS_ALERT_HANDSHAKE_FAILURE
casselini	https://www.casselini.com/	alive	200
camouflage	https://camouflage-couture.com/	http-dead	402
boemos	http://www.boemos.it/	alive	200
bungert	https://www.bungert-online.de/	alive	200
chaumet	https://www.chaumet.com/fr	blocked	403
cocoshnik	https://store.world.co.jp/s/brand/cocoshnik/	blocked	403
carat*	https://www.caratlondon.com/	alive	200
crying center	https://www.cryingcentertw.com/	alive	200
btartboxnails	http://btartboxnails.com/	alive	200
christian philip	https://christianphilip.com/	alive	200
chuda skincare	http://www.chudaskincare.com/	alive	200
berghaus	https://int.berghaus.com/	timeout	
cannasmack	https://cannasmack.com/	net-error	ECONNREFUSED
blackberrys	https://blackberrys.com/	alive	200
cks	https://www.cks-fashion.com/	alive	200
bloomingdale's	https://www.bloomingdales.com/	blocked	403
carl gross	https://carlgross.com/	alive	200
christina krämer	https://www.christinakraemer.com/	alive	200
chiushui	http://www.qsyr.com/	alive	200
cake maternity	https://www.cakematernity.com/	alive	200
cacharel	http://cacharel.com/	alive	200
callaghan	https://www.callaghan.es/	alive	200
calliope	https://www.calliope.style/	alive	200
dakota501	https://dakota501.com/	http-dead	404
cottonworld	https://cottonworld.net/	alive	200
bbp	http://bbpbx.shop-pro.jp/	http-dead	404
bernstock speirs	https://bernstockspeirs.com/	alive	200
cat footwear	https://www.catfootwear.nl/	alive	200
courtney sykes molecular anti-aging	http://www.courtneysykes.com/	alive	200
cezanne hair	http://cezanne-hair.com/	alive	200
carmen sol	https://carmensol.com/	alive	200
busnel	https://www.busnel.com/	alive	200
bioclarity	http://bioclarity.com/	alive	200
beaumont	https://www.beaumont.eu/	alive	200
decantx	https://www.decantx.com/	alive	200
beyond pure	http://beyondpure.ca/	alive	200
buffalo exchange	https://www.buffaloexchange.com/	alive	200
clover & ide	http://cloverandide.com/	alive	200
cero nine	https://cero-nine.com/	alive	200
bepon	https://www.bepon.sk/	blocked	403
borsheim's fine jewelry	http://www.borsheims.com/	blocked	403
chiban	https://www.chibanleather.com/	alive	200
clean beauty by joy	https://cleanbeautybyjoy.com/	alive	200
bro fitwear	https://www.brofitwear.com.br/	alive	200
copdi	http://www.copdibeauty.com/	alive	200
btartbox	http://btartboxnails.com/	alive	200
chiccheria brand	http://chiccheriabrand.com/	http-dead	404
castle soap company	https://castlesoapcompany.com/	alive	200
cecil mcbee	http://www.j-im.jp/	alive	200
calzeat	https://www.calzeat.com/	alive	200
caprice	https://www.caprice.de/	alive	200
bon clic bon genre	https://www.bon-clic-bon-genre.us/	alive	200
beth & jeni	https://www.bethyjeni.com/	tls-error	ERR_TLS_CERT_ALTNAME_INVALID
costume national	http://www.costumenational.com/	alive	200
cefinn	https://www.cefinn.com/	alive	200
bloch	https://eu.blochworld.com/	alive	200
arei outdoor gear	https://areioutdoorgear.co.id/	alive	200
club of comfort	https://www.club-of-comfort.de/	alive	200
daily brat	https://dailybrat.com/	alive	200
cashmere couture	https://simonebruns.com/	alive	200
coolcat	https://www.coolcat.nl/	blocked	403
cedar & sage	http://uppercanadasoap.com/	alive	200
all about audrey	https://allaboutaudrey.co.uk/	alive	200
charm diamond centres	https://charmdiamondcentres.com/	blocked	403
coconutacha	https://coconutacha.com/	alive	200
cloverpost	https://www.cloverpost.com/	tls-error	ERR_SSL_TLSV1_ALERT_INTERNAL_ERROR
coup de chance	https://store.world.co.jp/s/brand/coup-de-chance/	blocked	403
claudia sträter	https://www.claudiastrater.com/	blocked	403
cramers van asten	https://www.cramersvanasten.nl/	alive	200
danskin	https://www.danskin.com/	tls-error	ERR_TLS_CERT_ALTNAME_INVALID
comma	https://www.comma-store.eu/	alive	200
country line	https://www.country-line.de/	alive	200
badimyon	https://www.badimyon.com/	timeout	
caes	https://www.caes-store.com/	alive	200
canadian tire	https://www.canadiantire.ca/	alive	200
akyn	https://www.akyn.com/?oid=364&affid=1&source_id=GoY-rating&sub1=brandpage	alive	200
bonobo	https://bonobos.com/	http-dead	404
björk and berries	https://bjorkandberries.com/	alive	200
deabused	https://www.deabused.com/	alive	200
boragio	https://www.boragio.nl/	http-dead	402
beldona	https://www.beldona.com/	alive	200
calamar	https://www.calamar-menswear.com/	alive	200
berdoues	https://berdoues.com/	alive	200
bexley	https://www.bexley.fr/	alive	200
claudie pierlot	https://fr.claudiepierlot.com/	alive	200
davidoff	http://davidoff.com/age-gate	alive	200
damiani	http://www.damiani.com/it	blocked	403
cero & etage	https://www.cero-etage.dk/	alive	200
dharma bums	https://www.dharmabums.com.au/	alive	200
ciso	https://www.ciso.dk/	alive	200
coperni	https://us.coperniparis.com/	alive	200
citychamp watch & jewellery	http://www.citychampwatchjewellery.com/	dns-dead	no A/AAAA @1.1.1.1
daimaru umeda	https://www.daimaru.co.jp/umedamise/	alive	200
denina mártin collection	https://shop.deninamartin.com/	alive	200
cp shades	https://cpshades.com/	http-dead	404
charlie mae swimwear	https://www.charliemae.com.au/	alive	200
dawn denim	https://www.dawndenim.com/	alive	200
crooked chaps	http://crookedchaps.com/	alive	200
borges & scott	https://borgesandscott.com/	alive	200
b nosy	https://www.b-nosy.com/	alive	200
création gross gmbh & co. kg	https://creationgross.com/	alive	200
crate 61 organics	http://www.crate61.com/	alive	200
coalatree	https://coalatree.com/	alive	200
elkie + co.	https://elkieco.com/	alive	200
common ground®	http://www.organicsbuddy.com/	alive	200
corneliani	https://www.corneliani.com/	alive	200
cardon	https://cardon.com.ar/	alive	200
city shirt co	https://cityshirt.co/	alive	200
crime london	https://www.crimelondon.com/	blocked	403
after label	https://www.afterlabel.com/	timeout	
bellabu bear	https://bellabubear.com/	alive	200
bosanova	https://www.bosanova.es/en/	alive	200
elcove	https://elcove.co/	alive	200
clane	https://clane-design.com/	alive	200
carriwell	https://www.carriwell.com/	alive	200
brora	https://www.broraonline.com/	alive	200
chasers	https://www.chsrs.nl/	tls-error	ERR_TLS_CERT_ALTNAME_INVALID
cosmette skincare	http://www.cosmetteskincare.com/	alive	200
da beauty with jacalyn rae	https://donnysangel.com/pages/da-beauty-with-jacalyn-rae	http-dead	404
dawei	https://www.daweistudio.com/	tls-error	CERT_HAS_EXPIRED
crossfixe	http://skinourishment.com/	tls-error	CERT_HAS_EXPIRED
commando	https://www.wearcommando.com/	alive	200
dharmacrafts	https://dharmacrafts.com/	alive	200
cooph	https://store.cooph.com/	alive	200
bed|stü	https://www.bedstu.com/	alive	200
be a 10	http://www.bea10.com/	alive	200
desavery	http://www.desavery.co/	alive	200
aigner	https://www.aignermunich.de/	blocked	403
baabuk	https://www.baabuk.com/	alive	200
diega	https://www.diega.fr/	alive	200
coin	https://www.coin.it/	alive	200
cavallo	https://www.cavallo.info/	alive	200
björn borg footwear	https://www.bjornborg.com/	alive	200
destination maternity	https://www.destinationmaternity.com/	http-dead	404
colchester rubber co	https://www.colchesters.com/	alive	200
birdbath	http://birdbathbodytreats.com/	alive	200
ck calvin klein	http://www.ck.com/ck/watchesjewelry.aspx	alive	200
chaser brand	https://www.chaserbrand.com/	blocked	403
bikinikloset	https://www.bikinikloset.com/	alive	200
chumbak	https://www.chumbak.com/	alive	200
briju	https://www.briju.pl/	alive	200
comptoir des cotonniers	https://www.comptoirdescotonniers.eu/	alive	200
dj dutchjeans	https://www.vangenniptextiles.com/	alive	200
ecmile	https://ecmile.shop/	alive	200
brow bandit	http://browbandit.com/	alive	200
bates	https://www.batesfootwear.com/	alive	200
calapo biotic products	https://www.calapo.com/	alive	200
calle del mar	https://www.calledelmar.us/	alive	200
costes	https://www.costesfashion.com/	alive	200
befeni	https://www.befeni.com/	alive	200
dear kate	https://www.dearkates.com/	alive	200
balsais	https://balsais.com/	alive	200
dora larsen	https://doralarsen.com/	alive	200
bijou brigitte	https://www.bijou-brigitte.com/	alive	200
cuplé	https://www.cuple.com/	alive	200
co exist	http://co-exist.com/	alive	200
dick pearce & friends	https://dickpearce.com/	alive	200
daybird	https://daybird.co/	alive	200
dynafit	https://www.dynafit.com/	alive	200
cuisse de grenouille	https://www.cuissedegrenouille.com/	alive	200
elizabeth mott	http://elizabethmott.com/	alive	200
cotton club	https://www.cottonclub.nl/	alive	200
church's	https://www.church-footwear.com/	alive	200
co'couture	https://www.cocouture.dk/	alive	200
challo	http://challobeauty.com/	tls-error	CERT_HAS_EXPIRED
chris cayne	https://www.chriscayne.com/	alive	200
alife and kickin	https://www.alifeandkickin.com/	alive	200
ciciban	https://ciciban.rs/	blocked	403
donnay	https://www.donnay.nl/	alive	200
calzoleria tescana	https://calzoleriatoscana.com/en/	blocked	403
brunnaco	https://www.brunnaco.com/	alive	200
edge of ember	https://edgeofember.com/	alive	200
beauregard	https://beauregard.ch/	alive	200
bf moda fashion	https://bfmodafashion.com/	tls-error	ERR_SSL_WRONG_VERSION_NUMBER
besson shoes	https://www.besson-shoes.com/	blocked	403
céla by celine tadrissi	http://www.thisiscela.com/	alive	200
desmond & dempsey	https://desmondanddempsey.com/	alive	200
basler	https://www.basler-fashion.com/	blocked	403
chelsea peers	https://www.chelseapeersnyc.com/	alive	200
clearspf	http://www.clearspf.com/	http-dead	404
boux avenue	https://www.bouxavenue.com/	alive	200
ca'shott	https://www.cashott.com/	tls-error	CERT_HAS_EXPIRED
curlstate	http://curlstatehair.com/	alive	200
bree	https://bree.com/	alive	200
dermatouch	https://homespacollection.com/	alive	200
black and gold	https://www.blackandgoldofficial.com/	alive	200
cbdistillery	https://www.thecbdistillery.com/	blocked	403
cholewiński	https://cholewinski.com/	alive	200
dome beauty	http://www.domebeauty.com/	alive	200
constance (shoes brand)	https://www.constance.com.br/	alive	200
creenstone	https://www.creenstone.com/	alive	200
citi trends	https://www.cititrends.com/	alive	200
akoiaswim	https://akoiaswim.com/	alive	200
bi-mart	http://www.bimart.com/	alive	200
boston proper	https://www.bostonproper.com/	alive	200
chylak	https://chylak.com/us/en	alive	200
dwell and slumber	https://dwellandslumber.com/	alive	200
canussa	https://www.canussa.com/	alive	200
bonprix	https://bonprix.com/	alive	200
bretter und stoff	https://www.bretterundstoff.com/	http-dead	404
b-well	https://www.karl-rieker-online-shop.de/	tls-error	CERT_HAS_EXPIRED
coogi	http://www.coogi.com/	alive	200
concreted	https://concreted.com/	alive	200
christian audette	https://christianaudette.com/	alive	200
curl cardio	http://curlcardio.com/	alive	200
cobblestone living	https://cobblestone-living.com/	alive	200
christine laure	https://www.christine-laure.fr/	alive	200
buttah	https://www.buttahskin.com/	alive	200
dermatologist's choice skincare	http://www.dermchoice.com/	alive	200
ascension swim	https://ascensionswim.com/	alive	200
delpozo	https://www.delpozo.com/en/	http-dead	402
curie	http://www.curiebod.com/	alive	200
conquista	http://www.conquista-fashion.com/	alive	200
earthley wellness	http://www.earthley.com/	alive	200
cork culture	https://corkculture.us/	alive	200
elvine	http://www.elvine.se/	alive	200
desal	https://desal.in/	alive	200
claudia firenze	https://claudiafirenze.com/	alive	200
celtic fusion	https://celticfusiondesign.com/	alive	200
craghoppers	https://www.craghoppers.com/	alive	200
beppi	https://www.beppi.pt/	alive	200
chantal temam	https://www.chantaltemam.com/	alive	200
café du cycliste	https://www.cafeducycliste.com/en_us/	http-dead	404
cloudy	https://cloudy-tokyo.com/	alive	200
crickit	http://www.crickit.de/	alive	200
fob paris	https://www.fob-paris.com/	alive	200
d-mara	https://dmara.es/	blocked	503
crinolino	https://crinolino.gr/	alive	200
dressterior	https://store.world.co.jp/s/brand/dressterior/	blocked	403
emoi	https://emoi.fashion/	tls-error	UNABLE_TO_GET_ISSUER_CERT_LOCALLY
claire's	https://www.claires.com/us/	http-dead	404
bond no. 9	https://www.bondno9.com/	alive	200
cross colours	https://www.crosscolours.com/	alive	200
cognomen	https://cognomen.jp/	alive	200
cohen's fashion optical	https://www.cohensfashionoptical.com/	blocked	503
dear  klairs	https://www.klairs.com/	alive	200
eah chanie	https://www.aliexpress.com/i/3256808284482327.html?gatewayAdapt=4itemAdapt%3Futm_source%3DGoodOnYou+App	alive	200
clean + easy	http://cleanandeasyspa.com/	alive	200
design letters	https://designletters.dk/	alive	200
conscious the label	https://www.consciousthelabel.com/	alive	200
camel	https://www.camel.com.cn/	dns-dead	no A/AAAA @1.1.1.1
dwrs label	http://www.dwrslabel.com/	alive	200
decadent copenhagen	https://www.decadentcopenhagen.dk/	alive	200
delma	https://www.delma.ch/	alive	200
carpe	http://www.mycarpe.com/	alive	200
c.l. seifert	https://clseifert.com/	alive	200
carnival glam hub	https://www.carnivalglamhub.com/	alive	200
coco shop	https://cocoshopwi.com/	alive	200
clamp	https://www.clamp.pt/	alive	200
ccdk copenhagen	https://ccdk.dk/	tls-error	ERR_TLS_CERT_ALTNAME_INVALID
devred	https://www.devred.com/	alive	200
elvang denmark	https://www.elvangdenmark.dk/	alive	200
brador	http://www.bradorshop.it/	alive	200
dylan's tees	https://dylanstees.com/	alive	200
chemist confessions inc.	http://www.chemistconfessions.com/	alive	200
cabana	http://cabanacomfort.com/	alive	200
chufy	https://chufy.com/	timeout	
castelijn& beerens	https://www.castelijnenbeerens.com/	alive	200
crazy rumors	http://crazyrumors.com/	alive	200
body drench	http://www.bodydrench.com/index.html	alive	200
carolina cosmetics	http://www.carolinacosmetics.com/	http-dead	404
coco & kandy	https://cocoandkandy.com/?oid=292&affid=1&source_id=GoY-rating&sub1=brandpage	alive	200
by billie	https://bybillie.com.au/	alive	200
expressions parfumées	https://www.epparfums.com/en/	alive	200
black iris	https://shopblackiris.com/	timeout	
daimaru shinsaibashi	https://www.daimaru.co.jp/shinsaibashi/	alive	200
brochu walker	https://www.brochuwalker.com/	alive	200
counter	http://www.counter.com/	alive	200
dolores haze	https://doloreshaze.com/	alive	200
big bazaar - ffb	https://shop.bigbazaar.com/	net-error	ECONNRESET
buffalo industries	https://www.buffaloindustries.com/	alive	200
emily van den bergh	https://yours-emily.de/	alive	200
clay and olive skincare	https://clayandoliveskincare.com/	alive	200
buffalo	https://www.buffalo.de/	blocked	403
blackstone	https://www.blackstonefootwear.com/en/	alive	200
cyma watches	http://www.cyma.ch/	alive	200
daily sports	https://www.dailysports.com/	alive	200
colloseum	https://colloseumfashion.com/	alive	200
bonobos	https://bonobos.com/	http-dead	404
el palacio de hierro	http://www.elpalaciodehierro.com/	blocked	403
dr. martens	https://www.drmartens.com/	blocked	403
carducci	https://carducci.bg/	alive	200
deuter	https://www.deuter.com/	alive	200
copenhagen studios	https://www.copenhagenstudios.com/	alive	200
earth creations	https://www.earthcreations.net/	dns-dead	no A/AAAA @1.1.1.1
chilli beans	https://loja.chillibeans.com.br/	alive	200
distretto12	https://www.distretto12.com/	alive	200
botticelli	https://botticelli.es/	alive	200
camomilla milano	http://www.camomilla.it/	alive	200
coachtopia	https://japan.coach.com/shop/coachtopia	net-error	redirect count exceeded
carter's	https://www.carters.com/	blocked	403
citizens humanity	https://www.citizensofhumanity.com/	alive	200
castori	https://www.castorishoes.com/	alive	200
ellyla	https://ellyla.com/	alive	200
barone	https://www.baronefirenze.com/	alive	200
circles and cycles	http://www.circlesandcyclesalchemy.com/	alive	200
catarina mina	https://www.catarinamina.com/	blocked	403
chinese laundry	https://www.chineselaundry.com/	alive	200
dollylocks	https://www.dollylocks.com/	alive	200
cyberoptix	https://www.cyberoptix.com/	alive	200
dare fashion	https://darefashionusa.com/	alive	200
bugatti	https://www.bugatti-fashion.com/	alive	200
denham the jeanmaker	https://www.denhamthejeanmaker.com/	alive	200
dansk copenhagen	https://www.danskcopenhagen.dk/	dns-dead	no A/AAAA @1.1.1.1
blackout	https://www.blackout.ch/	alive	200
cdm bedrijfskleding	https://www.cdm-bedrijfskleding.nl/	alive	200
goat organic apparel	https://goatorganicapparel.com/	alive	200
demeter fragrance library	http://www.demeterfragrance.com/	alive	200
claesen's	https://www.claesens.com/	alive	200
fann retail	https://www.fann.cz/	alive	200
doré	https://wearedore.com/	alive	200
dasmarca hats	https://www.dasmarca.co.uk/	alive	200
burgeon outdoor	https://www.burgeonoutdoor.com/	alive	200
goldsign	https://goldsigndenim.com/	alive	200
gilda tonelli	https://gildatonelli.it/	dns-dead	no A/AAAA @1.1.1.1
edgars	https://edgars.co.za/	alive	200
dodo	https://www.dodojewels.com/	alive	200
carmela	https://www.carmelashoes.com/	alive	200
cobraeleven	https://www.cobraeleven.com/	alive	200
en vogue sculptured nail systems	https://www.envoguenails.com/	alive	200
epsoak naturals collection	http://www.epsoak.com/	alive	200
diamanti per tutti	https://www.diamantipertutti.com/	alive	200
dk company	http://www.dkcompany.dk/	alive	200
emling	https://www.emling.fr/en/	alive	200
blake brown	https://blakebrownbeauty.com/	alive	200
charlie constantinou	https://charlieconstantinou.com/	alive	200
être cécile	https://etrececile.com/	http-dead	423
chika kisada	http://www.chikakisada.com/	dns-dead	no A/AAAA @1.1.1.1
eleven44	https://eleven44.com/	alive	200
cinque	https://www.cinque.de/	alive	200
chimi	https://www.chimieyewear.com/	blocked	403
émoi émoi	https://en.emoi-emoi.com/	alive	200
chicor	https://chicor.com/main	alive	200
digel	https://www.digel.de/	alive	200
clic! shoes	https://www.clic-shoes.com/	alive	200
cultureopolis	https://cultureopolis.com/	http-dead	404
emilia george	https://emiliageorgeofficial.com/	alive	200
dl1961	https://www.dl1961.com/	alive	200
daydream society	https://daydreamsociety.com/	alive	200
el ganso	https://www.elganso.com/	alive	202
ebbe	https://www.ebbekids.com/	alive	200
devane beauty	http://devanebeauty.com/	alive	200
dachstein	https://luhta.com/fi/en/c/dachstein	http-dead	404
edie parker	https://edie-parker.com/	alive	200
demoulin bros. and co.	https://demoulin.com/	alive	200
chloé stora	https://www.chloestora.com/	http-dead	402
des petits hauts	https://www.despetitshauts.com/	alive	200
devred 1902	https://www.devred.com/	alive	200
gramicci	https://www.gramicci.com/	alive	200
burkely	https://www.burkely.nl/	alive	200
elena miro	https://www.elenamiro.com/	alive	200
factorie	https://www.factorie.com.au/	alive	200
curatrix	https://shopcuratrix.com/	alive	200
costa da morte # death coast	https://dthcst.com/	alive	200
bybba	https://bybba.com/	alive	200
forman mills	https://formanmills.com/	alive	200
és skateboarding	http://esskateboarding.com/	alive	200
buckle	https://www.buckle.com/	alive	200
falla finland	https://fallafinland.com/	alive	200
cutler & gross	https://www.cutlerandgross.com/	alive	200
carhartt	https://www.carhartt.com/	alive	200
christine lingerie	https://christinelingerie.com/	alive	200
dstld	https://www.dstld.com/	alive	200
contém1g	http://www.contem1g.com.br/	alive	200
enza costa	https://www.enzacosta.com/	alive	200
clean beauty collective	https://www.cleanbeauty.com/	alive	200
faro	https://faro-shop.com/	alive	200
coton doux	https://cotondoux.com/	alive	200
drm-lnd	https://drm-lnd.com/	alive	200
corem	https://thecorem.com/	tls-error	ERR_TLS_CERT_ALTNAME_INVALID
d.lissome	http://d-lissome.com/	alive	200
fashion brand company	https://www.fashionbrandcompany.com/	alive	200
filmore	https://www.filmorebrand.com/	alive	200
cortefiel	https://cortefiel.com/	alive	200
chums japan	https://www.chums.jp/	alive	200
franco tucci	https://tuccitime.com/	alive	200
caraline skincare	https://www.caralineskin.com/	blocked	403
ftc cashmere	https://shop.ftc-cashmere.com/	alive	200
danish endurance	https://danishendurance.com/	alive	200
culya	https://culya.com/	alive	200
engbers	https://www.engbers.com/	alive	200
charleston shoe co.	http://charlestonshoeco.com/	alive	200
cosmosophie	https://cosmosophie.com/	alive	200
ellesse	https://www.ellesse.com/	alive	200
davut kültür studios	https://www.davutkulturstudios.com/	timeout	
baodao optical	http://www.baodao.com.cn/	timeout	
by malene birger	https://www.bymalenebirger.com/	alive	200
d'zzit	https://www.dazzle-fashion.com/	blocked	403
collection genesis	https://www.collectiongenesis.com/	timeout	
galleria department store	http://www.hanwhagalleria.co.kr/	dns-dead	no A/AAAA @1.1.1.1
cotton on kids	https://cottonon.com/AU/cottononkids	alive	200
colorado threads	https://coloradothreads.com/	alive	200
doughnut	https://www.doughnutofficial.co.uk/	alive	200
cia do terno	https://www.ciadoterno.com.br/	alive	200
colours & beauty	https://coloursandbeauty.it/	tls-error	ERR_SSL_WRONG_VERSION_NUMBER
caley cosmetics	https://www.caleycosmetics.com/	alive	200
duer	https://shopduer.com/	alive	200
cashmere junkies	https://cashmerejunkies.com/	http-dead	404
element brooklyn	https://www.elementbrooklyn.com/	alive	200
christine valmy inc.	https://www.christinevalmy.com/	alive	200
elonai	https://elonai.us/	alive	200
demellier	https://www.demellierlondon.com/	alive	200
d’amante	https://www.kronoshop.com/en	blocked	403
castart	https://www.castartclothing.com/	tls-error	CERT_HAS_EXPIRED
dollcake skincare	http://www.dollcakeskincare.com/	http-dead	402
camel active	https://www.camelactive.de/	alive	200
canopy verde	https://www.canopyverde.com/	tls-error	ERR_SSL_SSL/TLS_ALERT_HANDSHAKE_FAILURE
curology	http://www.curology.com/	alive	200
doppelgänger	https://www.doppelganger.it/	alive	200
duret paris	https://www.duret-paris.com/	alive	200
celford	https://celford.com/	alive	200
drivemebikini	https://www.drivemebikini.com/	alive	200
caroline biss	https://carolinebiss.com/	blocked	403
darily	https://darily-underwear.pl/	dns-dead	no A/AAAA @1.1.1.1
clean glow co.	https://cleanglowcompany.com/	alive	200
double dutchess	https://www.doubledutchesspolish.com/	alive	200
česká oční optika holding	https://www.orangeoptik.cz/	alive	200
ecoright	https://www.ecoright.com/	alive	200
bucherer group	https://www.bucherer.com/	alive	200
enweis	https://www.enweis.cn/	alive	200
bhumi	https://bhumi.com.au/?oid=260&affid=1&source_id=GoY-rating&sub1=brandpage	alive	200
bijoux cailloux	https://bijouxcailloux.fr/	alive	200
daiwa pier39	https://daiwapier39.jp/	alive	200
balibaris	https://www.balibaris.com/	alive	200
fayettechill	https://www.fayettechill.com/	alive	200
dermophil indien	http://www.dermophil.fr/	alive	200
elsewhere	https://www.elsewherefashion.com/	alive	200
cloud haircare	http://cloudhaircare.com/	alive	200
de la vali	https://delavali.com/	alive	200
equestrian stockholm	https://equestrianstockholm.com/	alive	200
eisenberg paris	http://www.eisenberg.com/	alive	200
chorus supernatural	http://www.chorussupernatural.com/	alive	200
earth kiss	http://www.loveearthkiss.com/	tls-error	CERT_HAS_EXPIRED
elfs	https://www.elfs.hr/	alive	200
dedoles	https://www.dedoles.sk/	alive	200
cerruti	https://www.cerruti.com/	alive	200
devons jewelers	https://www.devonsjewelers.com/	alive	200
brihans natural products	https://brihansnatural.com/	alive	200
earth mama organics	https://earthmamaorganics.com/	alive	200
dorvene	https://dorvene.com/	dns-dead	no A/AAAA @1.1.1.1
corkhouse	https://corkhouse.com/	alive	200
bellaire	http://bellaire.nl/	alive	200
dibs	http://www.dibsbeauty.com/	alive	200
cpl1953	http://www.centropel.com/	alive	200
daquini	https://daquini.com/	alive	200
chella	http://www.chella.com/	alive	200
ella k parfums	https://www.ellakparfums.com/	alive	200
comme ca	https://www.fivefoxes.co.jp/brand/comme-ca-men.html	http-dead	404
eagle creek	https://www.eaglecreek.com/homepage.html	alive	200
bylima	https://bylima.nl/	alive	200
buttertea	https://buttertea.shop/	alive	200
colorphlex	https://colorphlex.com/shop/	alive	200
deux visions	https://deux-visions.com/	tls-error	ERR_SSL_TLSV1_ALERT_INTERNAL_ERROR
danefae	https://www.danefae.dk/	alive	200
edward armah	https://www.edwardarmah.com/	alive	200
fly3	https://www.fly3.it/	alive	200
cresci e perdi	https://crescieperdi.com/	alive	200
eating the goober	https://www.eatingthegoober.com/	alive	200
d’etoiles casiopé	https://www.detoilescasiope.com/	tls-error	CERT_HAS_EXPIRED
emily & noah	https://www.emilyundnoah.com/	alive	200
coco verdure	http://cocoverdure.com/	http-dead	402
cayler & sons	https://www.caylerandsons.com/	blocked	401
dr. sorbie	https://www.drsorbie.co.il/	alive	200
dreamers & drifters	https://dreamersanddrifters.com.au/	alive	200
dogo	https://www.dogostore.com/	alive	200
compagnia italiana	https://www.compagniaitaliana.it/	alive	200
erl	https://erl.store/	alive	200
emilio pucci	https://www.emiliopucci.com/en-us/	dns-dead	no A/AAAA @1.1.1.1
dinh van	https://www.dinhvan.com/	alive	200
eloquii	https://www.eloquii.com/	http-dead	433
eptm.	https://eptmusa.com/	alive	200
chipmunks	https://www.chipmunksfootwear.co.uk/	timeout	
din sko	https://feetfirst.se/dinsko	alive	200
fleur du mal	https://www.fleurdumal.com/	alive	200
delacourte paris	https://delacourte.com/	alive	200
couper et coudre	https://couperetcoudre.com/collections/bags	alive	200
doc & glo	http://www.docandglo.com/	alive	200
feratt	https://feratt.cz/	alive	200
blipers	http://www.blipers.it/	alive	200
f.a.st by nisim	http://fasthaircare.com/	alive	200
ceceba	https://www.ceceba.com/	alive	200
eileen west	https://www.eileenwest.com/	alive	200
evisu	https://www.evisu.com/	alive	200
earthdye	https://www.earthdye.com/	alive	200
flowers for friends	https://www.flowers-for-friends.com/	alive	200
cup of joe (coj) denim	https://www.cojdenim.com/	alive	200
east 29th	http://www.east29th.com/	alive	200
craig green	https://craig-green.com/	alive	200
crushed aftercare inc.	http://www.crushedaftercare.com/	alive	200
contradictions in ilk	https://www.ilkperfume.com/	alive	200
dealbodies	https://dealbodies.com/	alive	200
fenty beauty	https://www.fentybeauty.com/	alive	200
buffout	https://buffout.life/	alive	200
fomin soap	http://fominsoap.com/	alive	200
dionis goat milk skincare	https://www.dionisgmskincare.com/	alive	200
dr. eddie's facial fortress	https://facialfortress.com/	alive	200
cue	https://www.cue.cc/	alive	200
brunocenere	https://brunocenere.com/	alive	200
editions de parfums frédéric malle	https://www.fredericmalle.com/	alive	200
d'annam	https://dannam.co/	alive	200
damanci®	https://damanci.com/	alive	200
comme des garçons	https://www.comme-des-garcons.com/	alive	200
ensulo	https://ensulo.jp/	alive	200
elmas phil	https://www.elmasphil.it/	alive	200
caftanii	http://caftanii.it/	alive	200
georg jensen	https://www.georgjensen.com/	alive	200
benedetta bruzziches	https://benedettabruzziches.com/	alive	200
claudia dean world	https://claudiadeanworld.com/	dns-dead	no A/AAAA @1.1.1.1
bréal	https://www.breal.net/	blocked	403
dime beauty	https://dimebeautyco.com/	alive	200
eleventy	https://www.eleventymilano.it/	alive	200
comunitymade	https://comunitymade.com/	alive	200
cross jeans	https://www.crossjeans.de/	alive	200
de siershop	https://www.desiershop.nl/	alive	200
ethletic	http://ethletic.com/en/about/ethletic/	http-dead	404
e.l.v. denim	https://elvdenim.com/?oid=269&affid=1&source_id=GoY-rating&sub1=brandpage	alive	200
clodi	https://clodi.pl/	alive	200
dr. lift	https://homespacollection.com/	alive	200
deni cler milano	https://denicler.eu/	alive	200
costume privé paris	https://www.costume-prive-paris.com/	alive	200
eau de mélisse des carmes	https://eaudemelisse.com/	alive	200
fathers & sons	https://www.fatherandsons.fr/	alive	200
gigue	https://www.gigue.com/	alive	200
better not younger	http://www.better-notyounger.com/	alive	200
emerica	http://emerica.com/	alive	200
diopta	https://diopta.rs/	alive	200
flexi	https://www.flexi.com.mx/	alive	200
fina garcia	https://finagarcia.com/	alive	200
dodo's	https://www.dodos.co.za/	dns-dead	no A/AAAA @1.1.1.1
demonia	https://demoniacult.com/	alive	200
em’z blendz soap co.	http://emzblendz.com/	alive	200
farago the label	http://www.faragothelabel.com/	alive	200
esby apparel	https://www.esbyapparel.com/	alive	200
fur	http://furyou.com/	alive	200
garcia	https://b2b.wearegarcia.com/	alive	200
brickell men's products	https://www.brickellmensproducts.com/	alive	200
each other	https://www.each-other.com/en/	http-dead	404
doops designs	https://www.doopsdesigns.com/	alive	200
eos	http://www.evolutionofsmooth.com/	alive	200
father & sons	http://www.fatherandsons.fr/	alive	200
fratelli rossetti	https://www.fratellirossetti.com/	alive	200
ellen tracy	https://ellentracy.com/	alive	200
charles j wahba	https://www.boydsmadisonave.com/collections/charles-wahba	alive	200
didriksons	https://www.didriksons.com/	alive	200
dolly beauty	https://dollybeauty.com/	alive	200
frankie morello	http://www.frankiemorello.com/	timeout	
forge men	https://try-forge.com/	alive	200
gio	https://giostockings.com/	alive	200
doctor cutillas	https://www.doctorcutillas.com/	alive	200
bontoni	http://www.bontoni.com/	alive	200
ganor dominic	https://ganordominic.com/	alive	200
donguimogam	https://hairofkorean.com/	alive	200
dion lee	https://global.dionlee.com/	dns-dead	no A/AAAA @1.1.1.1
ginny & jude designs	https://www.ginnyandjude.com/	alive	200
herbal clinic	https://herbalclinic.ca/	blocked	403
far eastern department stores	http://www.feds.com.tw/	blocked	403
earthbound trading company	https://www.earthboundtrading.com/	alive	200
era watch company	https://www.edox.ch/	alive	200
dunnes stores	https://www.dunnesstores.com/	alive	200
himalaya clothing	https://www.himalayaclothing.com/	tls-error	ERR_SSL_TLSV1_ALERT_INTERNAL_ERROR
buzz skincare co	http://buzzskincareco.com/	alive	200
evaluna shoes	https://www.evalunashoes.com/	alive	200
envy	https://klarandco.com/	alive	200
curvy kate	https://www.curvykate.com/	alive	200
carlance	https://www.carlance.fr/	alive	200
fulton	https://walkfulton.com/	alive	200
hawes & curtis	https://www.hawesandcurtis.com/	alive	200
fairy tales hair care	http://fairytaleshaircare.com/	alive	200
duke + dexter	https://dukeanddexter.com/	alive	200
democratique socks	https://www.democratiquesocks.com/	alive	200
cal & gary's	http://calgarycoop.com/	timeout	
erdos	https://en.erdos.cn/	timeout	
cee cee's closet	https://www.ceeceesclosetnyc.com/	alive	200
erfurt luxury	https://www.erfurtluxury.com/	alive	200
european culture	https://www.european-culture.it/	alive	200
embrogo	https://embrogobrand.com/	alive	200
clothing junction	https://clothingjunction.co.za/	alive	200
cheeta teamwear pty ltd	https://cheetateamwear.com.au/	alive	200
e. tautz	https://etautz.com/	tls-error	CERT_HAS_EXPIRED
grimey	https://www.grimeywear.com/	timeout	
finsk	http://finsk.com/	alive	200
fg s.r.l.s.	https://www.fgitalianleatherbags.com/en/	blocked	503
fassbender	https://myfassbender.com/	tls-error	CERT_HAS_EXPIRED
buzz	https://www.buzzsneakers.ro/	alive	200
de bonne facture	https://debonnefacture.fr/	alive	200
colette schilde	https://coletteschilde.be/	tls-error	CERT_HAS_EXPIRED
flavia aranha	https://www.flaviaaranha.com/	blocked	403
femkit	https://www.femkit.de/	alive	200
decus beauty	http://decusbeauty.com/	alive	200
gaastra international sportswear	https://www.gaastrastore.com/	alive	200
hank player	https://www.hankplayer.com/	alive	200
eurosko	https://www.eurosko.no/	alive	200
damselfly	https://www.damselflyorganicclothing.com/	alive	200
foot locker kids	https://www.kidsfootlocker.com/	alive	200
erin snow	https://erinsnow.com/	http-dead	404
diamond supply co.	https://www.diamondsupplyco.com/	blocked	403
chloé	https://www.chloe.com/	alive	200
hamilton perkins collection	https://hamiltonperkins.com/collections/shop-bags	blocked	403
eva mann	https://eva-mann.com/	alive	200
golden head	https://www.goldenhead.de/	alive	200
eiger	https://eigeradventure.com/	net-error	UND_ERR_HEADERS_OVERFLOW
hawkers estafadores	https://www.hawkersco.com/	alive	200
cashmirino	https://www.cashmirino.com/	alive	200
frisur	https://www.frisurclothing.com/	alive	200
calvin klein	https://www.ck.com/	alive	200
fos amsterdam	https://fosamsterdam.nl/	alive	200
coppel	https://www.coppel.com/	blocked	403
inglot cosmetics	https://inglot.pl/	blocked	403
flora mirabilis	http://www.floramirabilis.com/	alive	200
esembly	https://esemblybaby.com/	alive	200
faith connexion	https://faithconnexion.com/	alive	200
dries van noten	https://www.driesvannoten.com/	alive	200
due.	https://duefashion.com/	alive	200
erin draper	https://erindraper.com/	http-dead	404
hackett	https://www.hackett.com/uk/en_gb/	alive	200
ericeira surf & skate	https://ericeirasurfskate.pt/pt/en/	alive	200
camilla pihl	https://camillapihl.com/	alive	200
fracomina	https://en.fracomina.com/	alive	200
carmin	https://carmin.pk/	alive	200
chaser	https://chaserbrand.com/	blocked	403
clmx	http://www.intagram.com/	alive	200
ed. pinaud	http://ed-pinaud.com/	alive	200
face atelier	https://www.faceatelier.com/	alive	200
goosecraft	https://www.goosecraft.com/	alive	200
hard night good morning	http://www.hardnightgoodmorning.com/	alive	200
consigned	https://www.consigned.co.uk/	alive	200
cqp	https://c-qp.com/	alive	200
flax	http://www.flaxdesigns.com/	alive	200
fashion fusion	https://www.fashionfusion.co.za/	alive	200
head	https://www.head.com/	blocked	429
fifthcraftystreet	https://www.fifthcraftystreet.com/	tls-error	UNABLE_TO_GET_ISSUER_CERT_LOCALLY
g1920	https://www.g1920.de/	tls-error	ERR_TLS_CERT_ALTNAME_INVALID
designer brands	https://www.dsw.com/	alive	200
emanate essentials	https://emanateessentials.com/	alive	200
cipo & baxx	https://www.cipoandbaxx.com/	alive	200
eauso vert	https://eauso.com/	alive	200
earthyskin	http://earthyskin.com/	alive	200
giorgio 1958	https://www.giorgio1958.com/	alive	200
cat workwear	https://catwwr.com/	alive	200
catimini	https://www.catimini.fr/	alive	200
hearth and homestead llc	http://hearthandhomesteadstore.com/	alive	200
cyrillus	https://www.cyrillus.fr/	alive	200
gustav	https://www.gustav-denmark.com/	alive	200
daily paper	https://www.dailypaperclothing.com/	alive	200
fruit of the loom	https://www.fruit.com/	alive	200
flower mountain	http://www.flowermountain.com/	alive	200
country road	https://www.countryroad.com/	blocked	403
hello bello	http://www.hellobello.com/	alive	200
époque évolution	https://epoqueevolution.com/	alive	200
kantjeboord	https://www.kantjeboord.com/	blocked	403
franklin & marshall	http://www.franklinandmarshall.com/	alive	200
ground zero clothing	https://www.groundzeroclothing.com/	alive	200
elefanten	https://www.elefanten.de/	alive	200
crtfd	https://feature.com/collections/crtfd	alive	200
emily and fin	https://emilyandfin.co.uk/	alive	200
dosé lab	https://doselab.ch/	alive	200
cosabella	https://www.cosabella.com/	alive	200
howies	http://www.howies.co.uk/	alive	200
covergirl	http://www.covergirl.com/	alive	200
daisy blue naturals	https://daisybluenaturals.com/	alive	200
hangowear	https://www.hangowear.de/	alive	200
eckhaus latta	https://eckhauslatta.com/	alive	200
georgespaul	https://georgespaul.fr/	alive	200
freitag	https://www.freitag.ch/	net-error	redirect count exceeded
esp	https://esp-oslo.no/	alive	200
il gufo	https://www.ilgufo.com/	alive	200
fortify	http://www.fortifyskincare.com/	alive	200
dancing leopard	https://www.dancingleopard.co.uk/	alive	200
gladfolk	https://wearegladfolk.com/	alive	200
courreges	https://www.courreges.com/	alive	200
genial day	https://www.genialday.com/	alive	200
chi chi	https://www.chichiwholesale.com/	http-dead	402
ezze wear	https://www.ezzewearstore.ca/	timeout	
franceschetti	https://www.franceschetti.it/	alive	200
fenella smith	https://fenellasmith.com/	alive	200
fm2050	https://fm2050.com/	alive	200
greenpoint	http://www.greenpointfashion.com/	http-dead	404
early majority	https://www.earlymajority.com/	http-dead	404
ivanhoe of sweden	https://ivanhoe.se/en	alive	200
capezio	https://www.capezio.com/	alive	200
g.h. bass & co.	http://ghbass.com/	alive	200
galiente	https://www.galiente.com/	alive	200
global work	https://www.globalwork.jp/	alive	200
eudoxie	https://eudoxie.shop/	alive	200
eight saints	https://eightsaintsskincare.com/	alive	200
èvoque beauty	https://evoquecares.com/	alive	200
gardeur	https://www.atelier-gardeur.de/	tls-error	ERR_TLS_CERT_ALTNAME_INVALID
denoir cosmetics	http://denoircosmetics.com/	alive	200
dr. amy wechsler	https://spotlessclinics.com/	alive	200
havan	https://www.havan.com.br/	blocked	403
greater than beauty	https://greaterthanbeauty.co/	alive	200
foodtextile	https://foodtextile.jp/	alive	200
coco d'este	https://www.cocodeste.com/	alive	200
erve shop	https://www.erve.shop/	alive	200
fownes brothers	http://www.fownesbrothers.com/	http-dead	404
etiko	https://etiko.com.au/?oid=76&affid=1&source_id=GoY-rating&sub1=brandpage	alive	200
fabula nebulae	http://www.fabulanebulae.com/	alive	200
gibson london	https://www.gibsonlondon.com/	tls-error	CERT_HAS_EXPIRED
harris scarfe	http://www.harrisscarfe.com.au/	net-error	redirect count exceeded
genrage	https://genrage.com/	alive	200
goophone	https://www.goophoneshops.com/	alive	200
hallyu	https://masque.bar/collections/hallyu.html	alive	200
finery	https://www.finerylondon.com/	alive	200
garment project	https://www.garmentproject.com/	alive	200
fluco	https://www.fluco.de/	alive	200
hobbs london	https://www.hobbs.com/	alive	200
emanuele bicocchi	https://www.emanuelebicocchi.it/?lang=en%3Futm_source%3DGoodOnYou+App	alive	200
essentiel element spa	http://hoteliers.gilchristsoames.com/our-products/classic/essentiel-elements-spa/	http-dead	404
gossard	https://www.gossard.com/	blocked	403
butcher of blue	https://www.butcherofblue.com/	alive	200
cubavera	https://www.cubavera.com/	blocked	403
golbary	https://www.golbary.co.il/	blocked	403
heather	https://www.dot-st.com/heather/	alive	200
hansen garments	https://www.hansengarments.com/	alive	200
elle polish	http://www.ellepolish.com/	alive	200
i.am+	https://www.iam-clothing.com/	http-dead	402
fokus očná optika	https://fokusoptika.sk/	alive	200
dresden	https://dresden.vision/	alive	200
henné organics	https://henneorganics.com/	alive	200
gabriela hearst	http://www.gabrielahearst.com/	alive	200
iredale cosmetics  inc.	http://www.janeiredale.com/	alive	200
erlich textil	https://erlich-textil.de/	alive	200
dr. eddie's happy cappy	https://happycappyshampoo.com/	alive	200
gracious may	https://www.graciousmay.com/	alive	200
club voltaire	https://www.fashionhouse-donnamaria.nl/	alive	200
igor	https://www.igordobranic.com/	alive	200
for horses	https://forhorses.it/	alive	200
dreffa	http://www.dreffa.com/	timeout	
guest in residence	https://guestinresidence.com/	alive	200
draper james	https://draperjames.com/	alive	200
hiso	https://www.hiso.ca/	alive	200
hafendieb	https://www.hafendieb.de/	alive	200
everyday yoga	https://www.everydayyoga.com/	alive	200
fiorucci	https://www.fiorucci.com/	alive	200
ecko unltd	https://www.ecko.com/	alive	200
highbrow hippie	https://highbrowhippie.com/collections/highbrow-hippie-haircare-and-wellness?gad_source=1	alive	200
jostar online	https://jostaronline.com/	alive	200
eliurpi	https://www.eliurpi.com/	alive	200
hi lo the label	https://hilothelabel.com/	alive	200
ethniks	https://www.ethniks.fr/	alive	200
de prati	http://www.deprati.com.ec/	blocked	403
french connection	https://eu.frenchconnection.com/	blocked	403
control corrective skincare systems	http://www.controlcorrective.com/	timeout	
dissona	http://www.dissona.com/	timeout	
julien brandt	https://julienbrandt.ch/	alive	200
i pekar	https://ildipekar.com/	alive	200
krochet kids	https://www.krochetkids.org/	alive	200
esas nyc	http://www.esasnyc.com/	alive	200
drumohr	http://www.drumohr.com/	alive	200
fat moose	https://fatmoosebrand.com/	alive	200
epicuren discovery	https://epicuren.com/	alive	200
ergobag	https://www.ergobag.de/	alive	200
instantfigure	https://instantfigure.com/	alive	200
dose of colors	http://doseofcolors.com/	alive	200
first honey	https://firsthoney.com/	alive	200
elevated	http://www.taylorsnatural.com/	alive	200
dolce vita	https://www.dolcevita.com/	alive	200
e5 mode	https://www.e5.be/	alive	200
cocosolis	https://cocosolis.com/de/	alive	200
green bee botanicals	https://greenbeebotanicals.com/	alive	200
le salty	https://lesaltylabel.com.au/	http-dead	404
dub	https://www.dubapparels.com/	alive	200
fraiche	https://fraiche.com.mx/	alive	200
era department stores	https://era.com.cy/	alive	200
hunza g	https://www.hunzag.com/	alive	200
do good surf club	https://www.dogoodsurfclub.com/?oid=386&affid=1&source_id=GoY-rating&sub1=brandpage	alive	200
develab	https://www.develab.com/	alive	200
carel	https://www.carel.fr/	alive	200
donsje	https://www.donsje.com/	alive	200
healthy hoohoo®	http://healthyhoohoo.com/	alive	200
gaofan	https://guvet.com/	alive	200
etnies	https://etnies.com/	alive	200
högl	https://hoegl.com/at	http-dead	404
gas bijoux	https://www.gasbijoux.com/	alive	200
desires	https://www.desires.dk/	alive	200
deep steep	https://www.deepsteep.com/	alive	200
dockers	https://www.dockers.com/	alive	200
dare to roam	https://daretoroam.com/	http-dead	404
jaggad	https://www.jaggad.com/	alive	200
crash baggage	https://crashbaggage.com/en/	alive	200
furrer jacot	https://www.furrer-jacot.com/	alive	200
designers remix	https://designersremix.com/	alive	200
herve leger	https://www.herveleger.com/	alive	200
cycleing	https://cycleing.stores.jp/	blocked	403
hanson skincare	http://hansonskincare.com/	alive	200
johshuya	http://www.johshuya.co.jp/	alive	200
inno	https://www.inno.be/nl/home	blocked	403
etq	https://www.etq-amsterdam.com/	alive	200
feller	https://www.feller.clothing/	alive	200
ferreira signature line	https://ferreirasignatureline.com/	alive	200
floral spell	http://floralspell.co/	alive	200
hesper fox	https://hesperfox.com/	alive	200
faberlic	https://faberlic.com/	alive	200
herth	https://byherth.com/?oid=228&affid=1&source_id=GoY-rating&sub1=brandpage	alive	200
coq en pâte	http://www.coqenpate.com/	alive	200
hare	https://www.dot-st.com/hare/	alive	200
enviroscent	http://enviroscent.com/	alive	200
goodspread	http://www.goodspreadsuncare.com/	alive	200
furla	https://www.furla.com/	alive	200
hispanitas	https://www.hispanitas.com/	alive	200
izutsuya	https://www.izutsuya.co.jp/	alive	200
kaft	https://www.kaft.com/	alive	200
helmut lang	https://www.helmutlang.com/	blocked	403
eleanor bowmer	https://www.eleanorbowmer.co.uk/	alive	200
eau de juice	http://www.luxebrands.com/	alive	200
jacq	https://jacqny.com/	http-dead	404
harrods	https://www.harrods.com/	alive	200
g|fashion	https://gfashion.com/	dns-dead	no A/AAAA @1.1.1.1
evans	https://www.evans.co.uk/	blocked	403
eby	https://shop.join-eby.com/	alive	200
hummer	http://www.luxebrands.com/	alive	200
erich fend	http://www.fendfashion.com/	dns-dead	no A/AAAA @1.1.1.1
donni.	https://shopdonni.com/	alive	200
delikate rayne	https://www.delikaterayne.com/	alive	200
elliker	http://www.elliker.co.uk/	alive	200
j&joy	https://jandjoy.com/	alive	200
fisch	https://fischswim.com/	alive	200
evan kinori	https://www.evankinori.com/shop	alive	200
gung ho design	http://www.gung-ho-design.com/	alive	200
free label	https://freelabel.com/	alive	200
james perse	https://www.jamesperse.com/	alive	200
hylo athletics	https://hyloathletics.com/	alive	200
gen see	http://genseebeauty.com/	alive	200
galamaar	https://galamaar.com/	alive	200
fraenck	https://fraenck.com/	alive	200
head sports	https://www.head.com/	blocked	429
deckers x lab	https://deckersxlab.com/	net-error	ECONNREFUSED
dreimaster	https://www.drei-master.de/	tls-error	CERT_HAS_EXPIRED
billion	https://billiongroup.com.my/	dns-dead	no A/AAAA @1.1.1.1
ivko woman	https://ivko.com/	alive	200
givenchy	http://www.givenchy.com/	alive	200
fête impériale	https://en.feteimperiale.fr/	tls-error	ERR_SSL_SSL/TLS_ALERT_HANDSHAKE_FAILURE
crafsto	https://crafsto.jp/	alive	200
d'urban	https://www.d-urban.com/	net-error	UND_ERR_SOCKET
havlíkova přírodní apotéka	https://havlikovaapoteka.cz/	alive	200
juste elles	https://juste-elles.com/	alive	200
composerx	https://composerx.com/	alive	200
e'mar	https://www.emaritaly.com/	alive	200
grandvision	https://www.grandvision.it/	alive	200
gardenia	https://www.gardeniacopenhagen.com/	alive	200
in the style	https://www.inthestyle.com/	alive	200
jeanerica	https://jeanerica.com/	alive	200
harvey norman	https://harveynorman.com.au/	alive	200
dranella	https://www.dranella.com/en-en	alive	200
cerruti 1881	https://www.cerruti.com/	alive	200
feel confident	https://feelconfident.com/	alive	200
limelife by alcone	http://www.limelifebyalcone.com/	alive	200
ina kent	https://www.inakent.com/	alive	200
familyshoes	https://www.familyshoes.com.tw/	alive	200
golden goose	https://www.goldengoose.com/	alive	200
dr.kong	https://www.dr-kong.com.hk/	alive	200
ego	https://ego.co.uk/	blocked	403
dick's sporting goods	https://www.dickssportinggoods.com/	http-dead	451
grainular	http://getgrainular.com/	alive	200
eva franco	http://www.evafranco.com/	alive	200
ermanno scervino	https://www.ermannoscervino.com/	alive	200
isleñas	https://lasislenas.com/	alive	200
ética	https://eticadenim.com/	http-dead	423
formless beauty	https://formlessbeauty.com/	alive	200
exoh	http://exoh.co/	alive	200
ez flow	http://ezflow.com/	alive	200
essen	https://essenthelabel.com/?oid=319&affid=1&source_id=GoY-rating&sub1=brandpage	alive	200
feben	https://feben.co/shop	dns-dead	no A/AAAA @1.1.1.1
everymood	https://everymood.com/	alive	200
firma schröder	https://www.schrodermodestoffen.nl/	alive	200
harvest label	https://www.harvestlabel.jp/	alive	200
farm rio	https://www.farmrio.com/	alive	200
elli	https://www.ellieclothing.com/	alive	200
f. hinds	https://www.fhinds.co.uk/	alive	200
daikokuya	http://www.mmjp.or.jp/daikokuya/	http-dead	404
hirume	https://www.hirume.jp/	alive	200
cotton candy	https://www.cottoncandy-fashion.de/	http-dead	402
jockey	https://jockey.eu/	alive	200
fin & vince	https://finandvince.com/	alive	200
heavy tools	https://www.heavytools.sk/	alive	200
gore® wear	https://www.gorewear.com/	alive	200
fate naturals	http://www.fatenaturals.com/	alive	200
gioseppo	https://www.gioseppo.com/	alive	200
fount society	https://www.fountsociety.com/	alive	200
forever care	https://forevercare.plus/	alive	200
éxito	https://www.exito.com/	alive	200
halsduk by esmee	https://www.halsdukbyesmee.nl/	alive	200
glamsquad	https://glamsquad.com/	alive	200
graine de pastel	https://grainedepastel.com/	alive	200
joyn	https://www.joynbags.com/	alive	200
fae	https://www.fae.house/	alive	200
citron vert	https://citron-vert.fr/	alive	200
jack59	https://www.jack59.ca/	alive	200
hasuna	https://hasuna.com/	alive	200
judas sinned	https://judassinnedclothing.com/	http-dead	404
heligrae	https://heligrae.com/	alive	200
foreva	http://www.foreva.pt/	alive	200
gum	http://www.gum.ru/	alive	200
hanesbrands	http://www.hanes.com/	blocked	403
hally hair	http://hallyhair.com/	alive	200
form and fold	https://formandfold.com/	alive	200
jantzen	https://jantzen.com/	alive	200
harunobumurata	https://harunobumurata.com/	alive	200
earth music and ecology	https://stripe-club.com/brand/earth1999/	alive	200
h samuel	https://www.hsamuel.co.uk/	alive	200
grupo famsa	https://www.famsa.com/	timeout	
fuzzi	https://www.fuzzi.com/en/	timeout	
harbour 2nd	https://www.harbour2ndshop.de/	alive	200
jade swim	https://jadeswim.com/	alive	200
heidemann	https://heideman.de/	alive	200
elie tahari	https://www.elietahari.com/	alive	200
kari	https://kari.com/ru/	blocked	403
fernando jorge	https://www.fernandojorge.co.uk/	alive	200
fiveunits	https://www.fiveunits.com/	alive	200
hechter paris	https://www.daniel-hechter.fr/	alive	200
ethyst® skincare	http://ethyst.com/	alive	200
etnia barcelona	https://www.etniabarcelona.com/us/en	alive	200
kuwaii	https://kuwaii.com.au/	alive	200
enamel	https://enamel.dk/	alive	200
j.c. rags	https://jcrags.com/	alive	200
manuele ficano	https://www.manuele-ficano.com/	alive	200
elias rumelis	https://elias-rumelis.com/	alive	200
eastermia	https://www.eastermia.com/	http-dead	404
gently radiant skin	https://www.gentlyradiantskin.com/	alive	200
dl sport	https://www.dlsport.it/	alive	200
ivy & elder	https://ivyandelder.com/	alive	200
ecoalf	https://ecoalf.com/	alive	200
footnotes	https://www.footnotes.nl/	alive	200
furfur	https://furfurfur.jp/	alive	200
fus-fá-yo	https://www.fusfayo.com/	alive	200
hunting season	https://www.hunting-season.com/	alive	200
jlo beauty	https://www.jlobeauty.com/	alive	200
john varvatos	https://www.johnvarvatos.com/	blocked	403
g-star raw	https://www.g-star.com/	alive	200
hamilton and hare	https://www.hamiltonandhare.com/	http-dead	402
gabor	https://www.gabor.de/	alive	200
fatima mohsin	https://www.fatimamohsin.com/	http-dead	404
faithfull the brand	https://www.faithfullthebrand.com/	alive	200
justine clenquet	https://www.justineclenquet.com/	alive	200
jasper hearts wren	http://www.jasperheartswren.com/	alive	200
esica	https://esica.shop/	alive	200
freckles skincare	https://itsfreckles.com/	alive	200
ch!iii	https://chiiiibag.com/	alive	200
g point	https://gpoint.bg/	timeout	
geggamoja	https://www.geggamoja.com/	alive	200
gentiluomo	https://gentiluomo.com/	alive	200
giomila	https://giomila.com/en/	net-error	UND_ERR_SOCKET
first resort by ramola bachchan	https://www.firstresort.in/	alive	200
extraaf	https://www.extraaf.com/	tls-error	ERR_TLS_CERT_ALTNAME_INVALID
krete	http://www.krete.club/	alive	200
colors of california	https://www.colorsofcalifornia.it/	alive	200
fragonard perfumes	https://www.fragonard.com/	alive	200
episode	https://episode.eu/	alive	200
cosmoparis	https://www.cosmoparis.com/	alive	200
grunt	https://www.grunt.dk/	alive	200
glamazon beauty	https://glamazonbeauty.com/	alive	200
figue	https://figue.com/	http-dead	404
kinky octopus	https://www.kinkyoctopus.com/	http-dead	423
in corio	https://www.incorio.com/	alive	200
huella	https://www.huellabeauty.com/	alive	200
ginger & smart	https://www.gingerandsmart.com/	dns-dead	no A/AAAA @1.1.1.1
fydelity	https://www.fydelitybags.com/	net-error	ECONNREFUSED
ernest jones	https://www.ernestjones.co.uk/	alive	200
genabelle	https://genabelle.jp/	alive	200
ella baché	http://www.ellabache.com/	alive	200
giyi	https://www.giyiworld.com/en/	http-dead	404
ella+mila	https://www.ellamila.com/	alive	200
earthly body	http://earthlybody.com/	alive	200
elendeek	https://elendeek.com/	alive	200
florame	http://www.florame.com/	alive	200
hipanema	https://hipanema.com/	alive	200
jim rickey	https://www.jimrickey.com/	alive	200
junona	https://junona.bg/	alive	200
hopaal	https://hopaal.com/	alive	200
goodbaby	https://www.goodbaby.com/en	blocked	403
comfy copenhagen	https://www.comfycopenhagen.com/	alive	200
kalaurie	https://kalaurie.com.au/?oid=300&affid=1&source_id=GoY-rating&sub1=brandpage	alive	200
eko-banz	https://ekobanz.com/	alive	200
fabio rusconi	https://www.fabiorusconi.it/	tls-error	CERT_HAS_EXPIRED
divine beauty brand	https://divinebeautybrand.com/	alive	200
hereness	https://hereness.jp/	alive	200
davida cashmere	https://www.davida.se/	alive	200
human made	https://humanmade.jp/	blocked	403
g-shock	https://www.g-shock.eu/	alive	200
f426	http://www.f426.net/page/contact/contact.php#?utm_source=GoodOnYou%20App&utm_medium=Referral	net-error	Response does not match the HTTP/1.1 protocol (Mis
giulia	https://giulia-shoes.com/	alive	200
gloria!gloria!	https://www.gloria-gloria.com/	http-dead	404
fitz & huxley	https://www.fitzandhuxley.com/	alive	200
klenoty aurum	https://www.klenotyaurum.cz/	alive	200
dr. loretta	http://www.drloretta.com/	alive	200
gog atelier	https://www.gogatelier.com/	dns-dead	no A/AAAA @1.1.1.1
inh hair	https://inhhair.com/	alive	200
fueguia 1833	https://fueguia.com/	alive	200
good citizens eyewear	https://www.goodcitizens.com.au/?oid=313&affid=1&source_id=GoY-rating&sub1=brandpage	alive	200
hytest	https://www.hytest.com/	alive	200
fly london	https://www.flylondon.com/	alive	200
hummel fashion	https://www.hummelfashion.com/	tls-error	ERR_SSL_TLSV1_UNRECOGNIZED_NAME
fred & ginger	https://www.fredginger.com/	net-error	ECONNREFUSED
joseph	https://www.joseph-fashion.com/	alive	200
freaks of nature	https://freaksofnature.com/	alive	200
hask	https://haskbeauty.com/	alive	200
gigasports	https://www.gigasports.com.hk/	http-dead	405
finkid	https://www.finkid.de/	alive	200
maison pyramide	https://maisonpyramide.com/	alive	200
durea	https://www.durea.nl/	alive	200
k and q empire	https://kandqempire.com/	tls-error	CERT_HAS_EXPIRED
isabee	https://isabee.co.uk/	alive	200
jacques levine	https://www.jacqueslevine.com/	alive	200
djula	https://www.djula.fr/en/	alive	200
frapp	https://www.via-appia-mode.com/	alive	200
karoline vitto	https://karolinevitto.com/	alive	200
hope stockholm	https://www.hope-sthlm.com/	alive	200
green girl basics	http://www.greengirlbasics.com/	alive	200
eczema honey	http://eczemahoneyco.com/	alive	200
ecochoices	https://ecochoices.com/	alive	200
individni	https://individni.ru/	alive	200
fastfish	http://www.fastfish.com/contact.html	http-dead	404
icad universe	https://icad.inescopsolutions.com/	alive	200
hilde soliani	https://hildesoliani.com/	alive	200
gloria jeans	http://www.gloria-jeans.ru/	alive	200
george richards big & tall menswear	https://www.georgerichards.ca/	alive	200
frank daniel	https://www.frankdaniel.it/	alive	200
eberhard & co.	http://www.eberhard-co-watches.ch/en/	alive	200
fashionholic	https://fashionholic.pl/	blocked	503
italia independent	http://www.italiaindependent.com/	blocked	403
goodsociety	https://www.goodsociety.org/	alive	200
k+k schuh-center	https://www.k-und-k-schuhcenter.de/	alive	200
fzotic	https://fzotic.com/	alive	200
flâner	https://flanerfragrances.com/	alive	200
guldfynd	https://www.guldfynd.se/	alive	200
la ligne	https://lalignenyc.com/	alive	200
lady taty	https://ladytaty.ch/	alive	200
ingrosso italy	http://ingrossoitaly.com/	http-dead	404
les boutons	https://www.lesboutons.com/	blocked	403
desti saint	https://destisaint.com/	alive	200
hackett london	https://www.hackett.com/intl/home	alive	200
costamani	https://www.costamani.dk/	alive	200
kappa	https://www.kappa-shop.de/	alive	200
diverge	https://www.diverge-sneakers.com/	alive	200
cilveti	https://www.joyeriacilveti.com/	alive	200
juul & belle	https://juulbelle.com/	alive	200
gwyllem	https://gwyllem.com.au/	alive	200
iwataya	http://www.i.iwataya-mitsukoshi.co.jp/	alive	200
giambattista valli	https://www.giambattistavalli.com/	alive	200
el yoga mola	https://elyogamola.com/	alive	200
ichi	https://www.ichi.biz/	alive	200
kyte baby	https://kytebaby.com/	alive	200
earth and body wise	http://www.earthbodywise.com/	alive	200
jewel tree london	https://www.jeweltreelondon.com/	blocked	403
jumperfabriken	https://www.jumperfabriken.se/	alive	200
groupe zannier	http://www.kidilizgroup.com/en/	alive	200
jb martin	http://www.jbmartin.fr/	alive	200
lenslace	https://lenslace.com/	alive	200
jecca blac	https://jeccablac.com/	alive	200
lendava	https://www.shoplendava.com/	alive	200
gelly bae	http://www.gellybae.com/	alive	200
kala fashion	https://www.kalafashion.de/	alive	200
dea kudibal	https://www.deakudibal.dk/	alive	200
junk plastic rehab	https://junkplasticrehab.com/	alive	200
houdini	https://houdinisportswear.com/	alive	200
koröshi	https://www.koroshishop.com/	alive	200
guacamole	https://www.guacamole.jp/	alive	200
imogen's imagination	https://imogensimagination.co.uk/	alive	200
impulso	https://www.impulso.cloud/	net-error	ECONNREFUSED
gondolina	https://gondolinaofficial.com/	alive	200
lovjoi	https://www.lovjoi.com/	alive	200
jessica simpson	https://jessicasimpson.com/	alive	200
feather and coco	http://featherandcoco.com/	alive	200
free fly	https://freeflyapparel.com/	alive	200
guananan london	https://www.guananan.co.uk/	alive	200
kut from the kloth	https://kutfromthekloth.com/	alive	200
desert dyes	https://desertdyes.com/	alive	200
iridescent earth	http://www.iridescentearth.com/	alive	200
lorenzi	https://lorenzishoes.it/	alive	200
jeffrey campbell	https://jeffreycampbellshoes.com/	alive	200
jimmy choo	https://jimmychoo.com/	alive	200
kascha-c	https://www.kascha-c.com/	alive	200
ipanema	http://www.ipanema-slippers.nl/	tls-error	ERR_TLS_CERT_ALTNAME_INVALID
j.o. milano	http://www.jomilano.it/	alive	200
gorg	https://gorgstore.com/	alive	200
itp beauty	https://itpbeauty.com/	alive	200
dulce nail sprinkles	http://www.dulcenailsprinkles.com/	alive	200
louis philippe	http://www.louisphilippe.com/	alive	200
hatley	https://www.hatley.com/	alive	200
kamik	https://www.kamik.com/	alive	200
m+	https://shop.mplus.org.hk/en/style-apparel/	alive	200
isbjörn of sweden	https://www.isbjornofsweden.com/en	alive	200
inmoda pellicceria	https://inmodapellicceria.it/en/	blocked	403
jack henry	https://jackhenry.co/	alive	200
kienzle uhren	http://www.kienzle1822.com/	blocked	403
lusso cloud	https://lussocloud.com/	alive	200
fejn	https://www.fejn.com/en	alive	200
happy squad	http://happysquad.ca/	alive	200
home~pourri	https://www.pourri.com/	alive	200
jazmine beauty	https://jazminebeauty.com/	alive	200
humble chic	https://www.humblechic.com/	alive	200
diane higgins skincare	http://dianehiggins.com/	alive	200
hunter	https://www.hunterboots.com/	alive	200
deinde	http://deinde.com/	http-dead	409
jacquemus	https://www.jacquemus.fr/	blocked	403
il bisonte	https://www.ilbisonte.com/en-world	server-error	500
matsuzakaya	https://www.matsuzakaya.co.jp/	alive	200
goldpaw	https://goldpawseries.com/	alive	200
finnmark	https://www.finnmark-clothing.com/	alive	200
konaka	https://www.konaka-jp.com/	alive	200
inis meáin	https://inismeain.ie/	alive	200
hernest project	https://www.hernestproject.com/	alive	200
garçonne	https://garconne.com.au/	tls-error	ERR_TLS_CERT_ALTNAME_INVALID
django & juliette	https://www.djangoandjuliette.com.au/	blocked	403
dulis	https://dulisshoes.com/	alive	200
isolda	https://www.isoldabrasil.com.br/	alive	200
hooké	https://hooke.ca/	alive	200
lez a lez	https://www.lezalez.com/	alive	200
isabel lennse	https://isabellennse.com/	alive	200
coulange	https://coulange1918.com/	alive	200
lola cruz	https://www.lolacruz.com/	alive	200
j.cat beauty	http://www.jcatbeauty.com/	alive	200
justine tabak	https://www.justinetabak.co.uk/	alive	200
lewis leathers	http://www.lewisleathers.com/	alive	200
gertrude+gaston	https://www.gertrude-gaston.com/	net-error	ENETUNREACH
inov-8	https://www.inov-8.com/	blocked	403
hill & friends	https://www.hillandfriends.com/	alive	200
frammy land	https://frammy.land/	blocked	429
fred mello	https://www.fredmello.it/	alive	200
lazarini	https://lazarini.eu/	alive	200
hot magic	https://www.gunze.jp/store/r/r5295/	alive	200
just bee queen	https://justbeequeen.com/	alive	200
elder-beerman	http://www.elder-beerman.com/	alive	200
inaska swimwear	https://www.inaska-swimwear.com/	http-dead	404
ecozz	https://www.ecozz.com/	alive	200
gravel	https://gravel1957.com/	blocked	429
juniper & pine organics	http://www.juniperandpineorganics.com/	server-error	502
endurelash	http://endurelash.com/	alive	200
ep soak by san francisco salt co	https://epsoak.com/	alive	200
kiddie	https://www.kiddie.pk/	http-dead	402
josip tumapa design	https://josiptumapa.com/	alive	200
izia	https://iziaclothing.com/	http-dead	402
dick's house of sport	https://www.dickssportinggoods.com/s/houseofsport	http-dead	451
jia jia	https://jiajiajewelry.com/	alive	200
howlin'	https://howlinknitwear.com/	alive	200
goldie lux skin	http://goldieluxskin.com/	alive	200
leabags	https://www.leabags.com/	alive	200
ioka skin+science	http://www.iokaskinscience.com/	alive	200
goldbergh	https://www.goldbergh.com/	alive	200
little moon essentials	https://www.littlemoonessentials.com/	alive	200
ito uroko	http://www.uroko-web.com/	dns-dead	no A/AAAA @1.1.1.1
hikesity	https://hikesity.com/	alive	200
emera cbd haircare	http://www.emerahaircare.com/	alive	200
kastlfel	https://kastlfel.com/	alive	200
ginoble	https://www.ginoble.com/	alive	200
glass onion	https://glass-onion.com/	alive	200
lo neel	https://www.loneel.fr/	alive	200
farai london	https://farailondon.com/	alive	200
gunas	https://gunasthebrand.com/	http-dead	404
koyal beauty	https://koyalbeauty.com/	alive	200
hibar	http://www.hellohibar.com/	alive	200
hundred pieces	http://hundredpieces.com/	alive	200
john elliott	https://www.johnelliott.com/	alive	200
fransa	https://www.fransa.com/	alive	200
erke	https://en.erke.com/	alive	200
essentiel by adele	https://www.essentielbyadele.com/	alive	200
gessica albu	https://www.gessicaalbu.com/	alive	200
lekko aesthetics	http://www.lekkoaesthetics.com/	alive	200
hemper	https://hemper.eu/	alive	200
hemen biarritz	https://www.hemen-biarritz.com/	alive	200
hanes	https://www.hanes.com/	blocked	403
fynch-hatton	https://fynch-hatton.com/	alive	200
good medicine beauty lab	http://www.goodmedicinebeautylab.com/	alive	200
inouitoosh	https://www.inouitoosh.com/	alive	200
jovoy	https://www.jovoyparis.com/en/	alive	200
ivy oak	https://ivy-oak.com/	tls-error	CERT_HAS_EXPIRED
kickclusive	https://kickclusivenj.com/	alive	200
epøkhe	https://www.epokhe.co/	alive	200
hanky panky	https://www.hankypanky.com/	alive	200
kiniki	https://www.kiniki.com/	alive	200
juicy couture	http://shop.davidjones.com.au/webapp/wcs/stores/servlet/SearchDisplay?searchTermScope=&searchType=1000&filterTerm=&maxPrice=&showResultsPage=true&langId=-1&beginIndex=0&sType=SimpleSearch&metaData=&fromBrandDirectory=1&pageSize=21&manufacturer=&resultCatEntryType=&catalogId=10051&pageView=image&searchTerm=&facet=mfName_ntk_cs%253AJuicy%2BCouture&minPrice=&categoryId=&storeId=10051&facetLabel=Juicy+Couture%3Futm_source%3DGoodOnYou+App	alive	200
hey honey	http://www.heyhoney.com/	alive	200
fujii daimaru	https://www.fujiidaimaru.co.jp/	alive	200
hope & ivy	https://www.hopeandivy.co.uk/	alive	200
lovlife	https://weibo.com/u/6045039559	alive	200
hoka one one	https://www.hokaoneone.eu/	tls-error	ERR_TLS_CERT_ALTNAME_INVALID
lorna jane	https://www.lornajane.com.au/	alive	200
hanowa	http://www.hanowa.ch/	alive	200
giovanni	http://www.giovannicosmetics.com/	alive	200
fleurs de bagne	https://www.fleursdebagne.com/	alive	200
everist	https://helloeverist.com/	alive	200
hnp	https://www.inspiredbeauty.com/	alive	200
goldwin	https://www.goldwin-sports.com/eu/	timeout	
lana	https://www.lana-organic.de/	alive	200
hund hund	https://www.hundhund.com/	http-dead	402
lily lemon	http://www.instagram.co	alive	200
maxmila	https://maxmilaparis.com/	alive	200
johnston & murphy	https://www.johnstonmurphy.com/	alive	200
gotji beauty	http://gotjibeauty.com/	alive	200
honestly phresh	http://www.honestlyphresh.com/	alive	200
jean louis mahé	https://jeanlouismahe.com/	alive	200
gina laura	https://www.gina-laura.com/	alive	200
jack bunny!!	http://jack-bunny.net/	alive	200
hiroshima mitsukoshi	https://www.mitsukoshi.mistore.jp/hiroshima.html	alive	200
donne da sogno	https://www.donnedasogno.it/	alive	200
kazartt	https://kazartt.com/	alive	200
jacaru australia	https://www.jacaru.com/	blocked	429
hanoveriancrochetco	http://hanoveriancrochetco.com/	alive	200
jan hilmer	https://www.janhilmer.com/	alive	200
kant-garage	https://stilwerk.com/de/microsite/willkommen-in-berlin	http-dead	404
komrads	https://www.komrads.world/	http-dead	404
equivalenza	https://equivalenza.com/	alive	200
espilane	https://www.espilane.com/	alive	200
laura biagiotti	https://www.laurabiagiotti.it/	alive	200
glisten cosmetics	https://www.glistencosmetics.com/	alive	200
lana organic	https://www.lana-organic.de/	alive	200
kleider bauer	https://kleiderbauer.at/	alive	200
mineral fusion	http://www.mineralfusion.com/	alive	200
indosole	https://www.indosoleeurope.com/	alive	200
gabor shoes	https://www.gabor.de/	alive	200
kinship	http://www.lovekinship.com/	alive	200
gemstone organic	http://www.gemstoneorganic.com/	http-dead	402
cordwainer	https://www.cordwainer.es/	alive	200
famous	https://www.urban-classics.net/	blocked	401
hartford	https://www.hartford.fr/	alive	200
jack wills	http://www.jackwills.com/	alive	200
le biscuit	http://lebiscuit.com.br/	blocked	403
liberty shoes	https://www.libertyshoesonline.com/	alive	200
john craig	https://johncraig.co.za/	http-dead	406
la strada	https://lastradashoes.com/	alive	200
lanefortyfive	https://lanefortyfive.com/	alive	200
karmavore	https://karmavorebrand.com/	alive	200
goldmark jeweller	https://www.goldmark.co.nz/	alive	200
harris horology	https://harrishorology.com/	alive	200
facil blanco	https://www.facilblanco.com/	alive	200
felisi	https://www.felisibagsandbelts.it/	alive	200
centauro	https://centauro.com.br/	blocked	403
loupe organics	https://loupeorganics.com/	alive	200
lies mertens	https://liesmertens.be/	alive	200
kūlson	https://www.kulson.de/	alive	200
glassworks	https://glassworkslondon.com/	alive	200
hikari underwear	https://hikariunderwear.shop-pro.jp/	alive	200
kwaidan editions	https://kwaidaneditions.com/	alive	200
ilja	https://www.ilja.nl/	alive	200
elleme	https://elleme.com/	alive	200
hudson	https://www.hudson-shop.com/	alive	200
ledûb	https://www.ledub.com/	alive	200
labfresh	https://labfresh.co.uk/	alive	200
kindri los angeles	http://www.kindri.com/	alive	200
knot	https://www.knotkids.com/	alive	200
farmacy beauty	http://farmacybeauty.com/	alive	200
hofleverancier kattenburg	http://www.falconsportswear.com/	alive	200
emmi	https://emmi.jp/	alive	200
k-way	https://www.k-way.fr/	alive	200
marie originals	https://marieoriginals.com/	alive	200
haro eyewear	https://www.haroeyewear.com/	alive	200
infinitealoe	https://www.infinitealoe.com/	alive	200
hanae mori	https://www.hanae-mori.com/	alive	200
kempa	https://www.kempa-sports.com/	alive	200
laquan smith	https://laquansmith.com/	alive	200
girlfriend collective	https://www.girlfriend.com/	alive	200
ldnr	https://www.lndr.uk/	blocked	429
mac-house	https://gyet.co.jp/	alive	200
kunoka	https://www.kunoka.com/	http-dead	402
iphoria design	https://www.iphoria.com/	alive	200
nanga shoes	https://www.nanga.at/	alive	200
gowipe	https://gowipe.co/	alive	200
dress like flo	https://www.flo.nl/	alive	200
fellows united	https://fellows.nl/	alive	200
duren	http://www.duren.jp/	alive	200
jolyn	https://jolyn.com/	alive	200
kilted suds	http://www.kiltedsuds.com/	alive	200
huffer	http://www.huffer.co.nz/	alive	200
havaianas	https://havaianas.com.br/	alive	200
it's the balm diggity	https://www.thebalmdiggity.net/	alive	200
fable & mane	https://fableandmane.com/	alive	200
kérastase	https://www.kerastase.fr/	blocked	403
jack london	https://shop.jacklondon.com.au/	alive	200
love ur curls	http://loveurcurls.com/	alive	200
jaz	http://jazwatch.com/	alive	200
harvest & mill	https://www.harvestandmill.com/?oid=88&affid=1&source_id=GoY-rating&sub1=brandpage	alive	200
louelle	https://www.louelle.co/	http-dead	404
karo kauer	https://karokauer.com/	alive	200
magic in mohmaya	https://magicinmohmaya.com/	http-dead	409
heybode	http://www.heybode.com/	alive	200
laline	https://laline.ca/	alive	200
fusilli	http://fusillihair.com/	alive	200
friendly soap	https://friendlysoap.co.uk/	blocked	429
eivy	https://www.eivyclothing.com/	blocked	429
first base	https://thisisfirstbase.com/	alive	200
longlivethequeen	https://www.longlivethequeen.com/	alive	200
kazani	http://www.kazanihair.com/	alive	200
initio	https://initioparfums.com/	alive	200
grupo elektra	https://www.elektra.com.mx/	alive	200
j.press	https://www.jpress.jp/	alive	200
hudson london	https://www.hudsonshoes.com/	alive	200
denirobootco	https://denirobootco.it/	alive	200
feelori	https://feelori.com/	alive	200
mr. lacy	https://www.mr-lacy.com/	alive	200
ecco	https://nl.ecco.com/	blocked	429
kask	https://www.kask.com/	alive	200
ixxxi men	https://watchit11.com/ixxxi-men	tls-error	CERT_HAS_EXPIRED
jem	https://www.jem-paris.com/	alive	200
ishkar	https://www.ishkar.com/	alive	200
manufaktura	https://manufaktura.cz/	alive	200
happiness is...	https://happinessisinc.com/	alive	200
la palma eco-beachwear	https://www.lapalmaecobw.com/	http-dead	423
koral	https://koral.com/	net-error	ECONNRESET
jos. a. bank clothiers	https://www.josbank.com/	alive	200
idexe	https://idexe.com/	alive	200
meyer broeken	https://www.meyerbroeken.nl/	alive	200
kagure - かぐれ	https://media.urban-research.jp/brand/kagure/	alive	200
hanro	https://www.hanro.com/	alive	200
jose saenz	https://grupojosesaenz.com/	blocked	403
gerke my pants	https://www.gerke-mypants.de/	tls-error	ERR_TLS_CERT_ALTNAME_INVALID
kids foot locker	https://www.kidsfootlocker.com/	alive	200
ilag	https://ilagilag.com/	http-dead	404
hellenic duty free shops	https://www.dutyfreeshops.gr/	alive	202
helene galwas	https://www.helenegalwas.com/	alive	200
fiyta	http://www.fiytagroup.com/	dns-dead	no A/AAAA @1.1.1.1
minti	https://www.iloveminti.com/	alive	200
frogs and dogs	http://frogsanddogs.nl/	alive	200
homeplus	http://www.homeplus.co.kr/	alive	200
heron preston	https://www.heronpreston.com/	alive	200
handētizer	https://handetizer.com/	alive	200
marita moreno	https://maritamoreno.com/	alive	200
high society	https://www.highsocietyfashion.de/	blocked	429
ixxxi jewelry	https://www.ixxxi-jewelry.com/	alive	200
hara the label	https://harathelabel.com/	alive	200
lulualways	http://lulualways.com/	alive	200
gretail	https://www.sam73.cz/	alive	200
fritzi aus preußen	https://www.fritziauspreussen.de/	alive	200
glacial	https://www.glacialbottle.com/	alive	200
huppy	http://behuppy.com/	blocked	403
luxzuz // one two	https://luxzuz.com/	alive	200
gattinoni	http://www.gattinoni.com/	alive	200
l*space	https://www.lspace.com/	alive	200
herd tallow	https://herdtallow.com/products/herd-tallow-beef-tallow-moisturizer-2oz	alive	200
kanako sakai	https://kanakosakai.com/	alive	200
ibex	https://ibex.com/	alive	200
lxmi	http://www.lxmi.com/	alive	200
luna nectar	http://www.lunanectar.com/	alive	200
kudos	https://kudoskudos.co/	alive	200
l. s. ayres	https://web.archive.org/*/www.lsayres.com	alive	200
kat maconie	https://katmaconie.com/	alive	200
mister jackson	https://misterjacksonshoes.com/	tls-error	CERT_HAS_EXPIRED
gym + coffee	https://gympluscoffee.com/	blocked	429
joyya	https://joyya.com/en-au?oid=329&affid=1&source_id=GoY-rating&sub1=brandpage	blocked	429
laboratoires expanscience	http://www.expanscience.com/	alive	200
john john	https://www.johnjohndenim.com.br/	alive	200
goorin bros	https://www.goorin.com/	alive	200
groundtruth	https://www.groundtruth.global/?oid=84&affid=1&source_id=GoY-rating&sub1=brandpage	alive	200
manimekala	https://www.manimekala.com/	alive	200
giorgia streetwear	https://giorgiamode.de/	tls-error	ERR_TLS_CERT_ALTNAME_INVALID
mesolyft micro-needling skincare	http://www.mesolyft.com/	alive	200
malone souliers	https://malonesouliers.com/	alive	200
inglot bangladesh	https://inglotbangladesh.com/	server-error	521
holifrog	http://www.holifrog.com/	alive	200
industry of all nations	http://www.industryofallnations.com/	alive	200
dooney & bourke	https://www.dooney.com/	alive	200
hööks hästsport	https://www.hooks.se/	alive	200
it’real	http://itreal2012.com/stores.html	alive	200
lipora	http://www.liporaskin.com/	alive	200
mason garments	https://www.masongarments.com/	alive	200
hear me raw	http://hearmeraw.com/	alive	200
lovery	https://www.lovery.com/	alive	200
innate organic body	http://www.innateorganicbody.com/	alive	200
mackage	https://www.mackage.com/	alive	200
hybrid green label	https://hybridgreenlabel.com/	http-dead	402
maria mcmanus	https://mariamcmanus.com/	alive	200
lilixir	http://lilixir.com/	alive	200
holistic body care llc	http://www.holisticbodycare.com/	alive	200
harlow	https://www.harlowstore.com/	alive	200
julietè skin rituals	https://julieteskin.com/	alive	200
luiza barcelos	https://www.luizabarcelos.com.br/	alive	200
northern reflections	https://www.northernreflections.com/	alive	200
fub	https://www.fub.dk/en/home/	http-dead	404
hope	https://grupohope.com.br/	alive	200
law of the sea	https://www.lawofthesea.com/	alive	200
kotohayokozawa	https://kotohayokozawa.com/	dns-dead	no A/AAAA @1.1.1.1
laurence dacade	https://www.laurence-dacade.com/	http-dead	402
muji	https://ryohin-keikaku.jp/	blocked	429
lola arnao beauty	https://www.lolaarnao.com/shop-D6P7P	alive	200
olgana paris	https://olganaparis.com/	net-error	ECONNRESET
koleha	https://koleha.com/	alive	200
jōb cosmetics hawai'i	http://cosmeticshawaii.com/	alive	200
loulou studio	https://louloustudio.fr/en/	tls-error	ERR_TLS_CERT_ALTNAME_INVALID
harwell godfrey	https://www.harwellgodfrey.com/	alive	200
humble brands	http://www.humblebrands.com/	alive	200
julius marlow	https://juliusmarlow.com.au/	alive	200
la maison simons	https://www.simons.ca/en	blocked	403
linen connections	https://linenconnections.com.au/	alive	200
hermine hold	https://herminehold.com/	alive	200
dsg disgusto	http://www.dsgdisgusto.com/	alive	200
fil noir	https://www.fil-noir.com/	alive	200
gymvibez	https://gymvibez.co.uk/	tls-error	CERT_HAS_EXPIRED
la petite boite à bijoux	https://lapetiteboiteabijoux.com/	alive	200
jones	https://www.jones-fashion.com/	alive	200
love lolita	https://lovelolita.com/	alive	200
jenest	http://www.jenest.com/	alive	200
edwin usa	https://edwin-usa.com/	alive	200
louisa bracq	https://www.louisabracq.com/	alive	200
hypothesis	https://www.hypothesis.bio/	alive	200
frilliance	http://www.frilliance.com/	alive	200
girlfriend	https://www.podrygka.ru/	alive	200
ferrany london	https://ferranylondon.com/	alive	200
gcds	https://gcds.it/	net-error	ECONNREFUSED
hilary macmillan	https://www.hilarymacmillan.com/	alive	200
haruyama	http://www.haruyama.co.jp/	alive	200
henna color lab®	http://hennacolorlab.com/	alive	200
khu khu	https://khukhu.com/	alive	200
malhia kent	https://www.malhia.fr/	alive	200
hvman chosen to prevail	https://hvmanchosentoprevail.com/	alive	200
hawke	https://www.hawke.cc/	alive	200
hotsquash	https://www.hotsquash.com/	alive	200
italia independent group	http://www.italiaindependentgroup.com/	alive	200
love brand & co	https://lovebrand.com/	blocked	429
luke 1977	https://www.luke1977.com/	alive	200
miumosa	http://www.miumosa.com/	alive	200
keedo	https://keedo.co.za/	dns-dead	no A/AAAA @1.1.1.1
harem pants	https://www.harempants.com/	alive	200
kraemer-gruppe	https://juweliere-kraemer.de/	alive	200
gaastra	https://www.gaastrastore.com/	alive	200
judydoll	https://judydoll.com/	alive	200
hiruna designs	http://www.hirunadesigns.com/	alive	200
laborélle – maison de beauté clinique	https://laborelle.shop/	timeout	
mountain girl essentials	http://www.mountaingirlessentials.com/	alive	200
j.ploenes	https://www.jploenes.de/	tls-error	DEPTH_ZERO_SELF_SIGNED_CERT
monaco ducks	https://www.monacoducks.com/	alive	200
laura elizabeth jewelry	https://www.lauraelizabethjewelry.com/	alive	200
joop!	https://joop.com/lt/en/	alive	200
greenburry	https://www.greenburry.de/	alive	200
lilly be organic	http://www.lillybe.com/	alive	200
les tien	https://lestien.com/	alive	200
laseraway	https://www.laseraway.com/	blocked	403
frances valentine	https://francesvalentine.com/	alive	200
loevenich	https://loevenich-fashion.de/	alive	200
ivey abitz	https://iveyabitz.com/	alive	200
gressa inc	http://www.gressaskin.com/	blocked	429
leysen	https://www.leysen.eu/en/	alive	200
grayeagleleather	https://grayeagleleather.com/	alive	200
gtoclothing	https://www.gtoclothing.com/	alive	200
onlē	https://onlepro.com/	alive	200
j. mclaughlin	https://www.jmclaughlin.com/	alive	200
haflinger	https://www.haflinger.com/	blocked	429
herbitual	https://myherbitual.com/	alive	200
heliot emil	https://heliotemil.com/collections/view-all	alive	200
lunavit	https://www.lunavit.com/	alive	200
hirmer	http://www.hirmer.de/	alive	200
maxfaber	https://www.maxfaber.de/	tls-error	ERR_TLS_CERT_ALTNAME_INVALID
jivanas	https://www.jivanas.com/	alive	200
gratefully threaded	https://www.gratefullythreaded.com/	alive	200
lerora	https://lerora.nl/	alive	200
kefi essentials	http://kefiessentials.com/	http-dead	404
just over the top	https://jott.com/	alive	200
persona	https://persona-chertanovo.ru/	alive	200
holiday the label	https://holidaythelabel.com/	net-error	ECONNREFUSED
nakedskin essentials	http://www.nakedskinessentials.com/	alive	200
heilan home	http://www.hla.com.cn/	dns-dead	no A/AAAA @1.1.1.1
lotus garden botanicals	http://www.lgbotanicals.com/	alive	200
j.d.v	http://www.jdvfashion.com/index2.html	alive	200
gunda hafner	https://www.gundahafner.com/	alive	200
gudi home	https://gudihome.pl/	alive	200
kiss the frog	https://kissthefrogstudio.com/	alive	200
katherine parr	http://www.katherineparr.com/	alive	200
manic panic	https://manic-panic.info/	alive	200
landmark	https://www.landmark.com.ph/	http-dead	404
gino rossi	https://www.gino-rossi.com/	tls-error	CERT_HAS_EXPIRED
hakodate marui imai	https://www.maruiimai.mistore.jp/hakodate.html	alive	200
divoký býk	https://www.divokybyk.cz/	alive	200
kalamargam	https://kalamargam.com/	alive	200
joyce&girls	https://www.joyceandgirls.com/	alive	200
mizuno corporation	https://corp.mizuno.com/en	alive	200
j'aton couture	http://www.jatoncouture.com/	alive	200
gazur	https://gazur.de/en	alive	200
jetlag	https://www.shopjetlag.com/	server-error	526
hylamide	https://hylamide.com/	dns-dead	no A/AAAA @1.1.1.1
gerard darel	https://www.gerarddarel.com/fr_fr/	alive	200
hunter original	https://www.hunterboots.com/	alive	200
lanvin	https://www.lanvin.com/	alive	200
malo	https://malo.it/	blocked	429
jenny sibthorp	https://www.jennysibthorp.com/	http-dead	404
icing	https://www.icing.com/	alive	200
harry ritchie's	https://harryritchies.com/	alive	200
mixeri	https://www.mixeri.com/	alive	200
isla ibiza	https://www.islaibizabonita.com/	alive	200
folk	https://www.folkclothing.com/	alive	200
megan & co herbal apothecary and clinic	http://meganandco.com/	alive	200
inoue	https://www.inouedp.co.jp/	alive	200
homie	https://homie.com.au/	alive	200
hust & claire	https://www.hustandclaire.com/	alive	200
emily carter london	https://www.emily-carter.co.uk/	alive	200
kerosene	https://www.houseofkerosene.com/	alive	200
losano	https://losano.com/	alive	200
liebre style	https://www.liebrestyle.com/	alive	200
ibana	https://www.ibana.nl/	alive	200
ji won choi	https://jiwchoi.com/	dns-dead	no A/AAAA @1.1.1.1
matinique	https://www.matinique.com/	alive	200
kimkris beauty	http://kimkrisbeauty.com/	alive	200
hedgren	https://hedgren.com/	blocked	429
heretic	https://hereticparfum.com/	alive	200
indochino	https://www.indochino.com/	alive	307
lost ink	https://www.lost-ink.co.uk/	alive	200
miss chase	https://misschase.com/	alive	200
jane kønig	https://janekoenig.com/	alive	200
latelita	https://www.latelita.com/	alive	200
libbi nails	http://liberation-nails.com/	alive	200
hot lava	https://www.hotlava.nl/	alive	200
just bite me	https://justbiteme.com/	alive	200
lua accessories	https://www.lua-accessories.com/	alive	200
indilisi	https://indilisi.com/?oid=346&affid=1&source_id=GoY-rating&sub1=brandpage	alive	200
maium	https://www.maium.nl/	alive	200
haupt shirts	https://www.haupt.fashion/	tls-error	ERR_TLS_CERT_ALTNAME_INVALID
great plains	https://www.greatplains.co.uk/	blocked	429
hēdoïne	https://www.hedoine.com/	alive	200
kookaï	https://www.kookai.com/	alive	200
greg lauren	https://www.greglauren.com/	alive	200
lieblingsstück	https://www.lieblingsstueck.com/	alive	200
maerz	https://www.maerz.de/	alive	200
johnny urban	https://www.johnny-urban.de/	alive	200
joanna vargas	http://www.joannavargas.com/	alive	200
il granchio sport	https://ilgranchio.com/en/sport	http-dead	404
hunkydory	https://hunkydory.com/nl/	dns-dead	no A/AAAA @1.1.1.1
mary katrantzou	https://www.marykatrantzou.com/	alive	200
inyati	https://www.inyati.de/	http-dead	404
fiamme	https://www.fiammefootwear.com/	tls-error	DEPTH_ZERO_SELF_SIGNED_CERT
holding court	https://holdingcourtinc.com/?_ef_transaction_id=&oid=378&affid=1	alive	200
hoia homespa	https://hoiahomespa.com/	alive	200
kiton	https://kiton.com/	alive	200
hay life	https://haylifeclothing.com/	alive	200
frescobol carioca	https://www.frescobolcarioca.com/	blocked	429
ingugu	https://www.ingugu.com/	tls-error	UNABLE_TO_GET_ISSUER_CERT_LOCALLY
kampos	https://kampos.com/?oid=172&affid=1&source_id=GoY-rating&sub1=brandpage	alive	200
jovani fashion	https://www.jovani.com/	alive	200
jacky luxury	https://www.jackyluxury.com/	http-dead	404
kabak	https://www.kabak.com.pl/	alive	200
homebody	https://homebody.co.uk/	alive	200
lingadore	https://www.lingadore.nl/	alive	200
helena lane skincare	http://www.helenalane.com/	alive	200
granelito	https://granelito.com/	alive	200
hxtn supply	https://www.hxtnsupply.com/	alive	200
jillian boustred	https://jillianboustred.com/	alive	200
lamoda	https://www.lamoda.co.uk/	blocked	429
johann maria farina gegenüber dem jülichs-platz	http://www.farina1709.com/	alive	200
germanier	https://kevingermanier.com/	alive	200
memoize london	https://www.memoizeperfume.com/	alive	200
joostricot	https://joostricot.com/	alive	200
l.credi	https://lcredi-munich.de/	alive	200
locally grown clothing co.	https://locallygrownclothing.com/	dns-dead	no A/AAAA @1.1.1.1
jeffree star cosmetics	https://jeffreestarcosmetics.com/	alive	200
ines de la fressange	https://en.inesdelafressange.fr/	alive	200
i.n.c international concepts	https://www.macys.com/shop/womens-clothing/inc-international-concepts-womens-apparel	blocked	403
jolly clothing	https://www.jollyclothing.com/	net-error	ECONNRESET
jott	https://justoverthetop.com/	alive	200
jones road beauty	http://jonesroadbeauty.com/	alive	200
kmoni cosmetics llc	http://www.kmonicosmetics.com/	blocked	429
hemptopia	https://www.hemptopia.com/	alive	200
kash	http://www.kash.it/	alive	200
it's essential	https://www.itsessential.shop/	alive	200
keer	http://www.keerworld.com/#/	timeout	
loding	https://www.loding.fr/en/	http-dead	404
kipling	https://www.kipling.com/	server-error	500
mary kay	https://www.marykay.ca/	alive	200
good morning universe	https://www.goodmorninguniverse.shop/de	dns-dead	no A/AAAA @1.1.1.1
kangaroos	https://www.kangaroos.com/	alive	200
nonsolosport	https://www.nonsolosport.it/	alive	200
iceberg	https://www.iceberg.com/	alive	200
lidea	https://www.lidea.de/	alive	200
kanna shoes	https://www.kannashoes.com/es/	http-dead	404
nour boutique	https://nourboutique.co.uk/	alive	200
isima	http://www.isima.com/	blocked	429
liberitae	https://liberitae.com/en/	http-dead	404
keeyahri	https://www.keeyahri.com/	alive	200
le château	http://www.lechateau.com/	blocked	429
narciso rodriguez	http://www.narcisorodriguez.com/	alive	200
masterpeace	http://masterpeace.ru/	timeout	
j-scent	https://j-scent-global.com/	alive	200
lojas colombo	https://www.colombo.com.br/	blocked	403
jack in a bag	https://www.jackinabag.eu/	alive	200
la bottega di brunella	https://www.brunellapositano.it/	alive	200
lovely bird	https://www.shoplovelybird.com/	alive	200
lasève	http://www.laseve.ca/	alive	200
kaltur	https://www.kaltur.com/	blocked	403
hotter	https://www.hotter.com/	blocked	403
marpple corporation	https://www.marpplecorp.com/	alive	200
marchesa notte bridesmaids	https://www.marchesa.com/	alive	200
liars & lovers	https://www.liarsandlovers.com/	dns-dead	no A/AAAA @1.1.1.1
lavinia	https://lavinia.net.cn/	alive	200
kavu	https://www.kavu.com/	alive	200
l'aventura	https://www.laventuraperfumes.com/	alive	200
l'urv	https://www.lurv.com.au/	alive	200
kai	https://kaifragrance.com/	alive	200
leos	https://www.leos-jeans.de/	alive	200
ici paris xl	https://www.iciparisxl.lu/	alive	200
luna & rose	https://lalunarose.com/	alive	200
kow hoo	http://kowhoo.com.hk/	alive	200
matona	https://www.matona.at/en/	alive	200
ikuko	https://www.ikuko.co.jp/#collection?utm_source=GoodOnYou%20App&utm_medium=Referral	alive	200
jadu beauty	https://jadubeauty.com/	alive	200
liv bergen	https://en.livbergen.de/	alive	200
loren stewart	https://www.lorenstewart.com/	alive	200
le-go bekleidungswerke gmbh & co kg	http://www.le-gobw.de/	alive	200
ken shoe fashion	https://kenshoefashion.be/be-nl/home	alive	200
jilly designs	https://www.jillydesigns.com/	alive	200
guess	https://www.guess.com/	blocked	403
gussi	http://gussihair.com/	http-dead	423
luxxxxe	https://www.luxxxxe.com/	alive	200
krisa	https://www.krisastyle.com/	http-dead	404
lime crime	http://www.limecrime.com/	alive	200
lisa tibaldi	https://lisatibalditerramia.com/	alive	200
macron	https://www.macron.com/	alive	200
meridaskin	http://www.meridaskin.com/	alive	200
metisse	https://www.metisse.it/	alive	200
inmindseye	https://inmindseye.com.au/	alive	200
nala care	https://nalacare.com/	alive	200
ochnik	https://ochnik.com/	alive	200
leatherlly	https://leatherlly.com/	alive	200
liël clothing	https://www.lielclothing.com/	alive	200
insystemout	https://insystemout.com/	alive	200
maison catanzaro	https://maisoncatanzaro.com/	alive	200
katla	https://katla.com/?oid=229&affid=1&source_id=GoY-rating&sub1=brandpage	alive	200
montale	https://montaleparfums.com/en/	alive	200
inlight organic skincare	http://www.hugyourskin.com/	alive	200
laura vita	https://lauravita.com/	alive	200
liis	https://liisfragrances.com/	alive	200
lozza	https://www.lozzaocchiali.com/	tls-error	CERT_HAS_EXPIRED
jakke	https://jakke.co.uk/	alive	200
kjaer weis	https://kjaerweis.com/	alive	200
ilysm	https://ilysm.com/	tls-error	CERT_HAS_EXPIRED
maison breeze	https://www.maisonbreeze.com/	http-dead	404
manduka	https://eu.manduka.com/	alive	200
jacques lemans	https://www.jacques-lemans.com/	alive	200
jubel	https://www.jubel.nl/	alive	200
leaf people skin care	http://www.leafpeople.com/	blocked	403
hempmania	https://www.hempmania.com/	alive	200
lotus silver	https://lotus-watches.com/	blocked	429
lice queen	http://licequeenproducts.com/	alive	200
madness	https://www.madness-online.com/	alive	200
lovechild	https://www.lovechild1979.com/	alive	200
kyboe	http://www.kyboe.com/	dns-dead	no A/AAAA @1.1.1.1
live bearded	https://livebearded.com/	alive	200
leggings park	https://www.leggingspark.com/	dns-dead	no A/AAAA @1.1.1.1
khrisjoy	https://www.khrisjoy.com/	blocked	429
mame kurogouchi	https://www.mamekurogouchi.com/	alive	200
ndx / index	https://www.index.shop/	blocked	429
les tricots de léa	https://www.lestricotsdelea.com/	alive	200
kayrose	https://getkayrose.com/	alive	200
jensen	https://jensenwomen.dk/	alive	200
luxoptica	https://luxoptica.ua/	alive	200
livy	https://int.li-vy.com/	alive	200
monni	https://desizomonni.com/	blocked	403
k-3	https://k-3.com/	alive	200
ivan troy	https://ivantroy.com/	alive	200
motivi	https://www.motivi.com/	alive	200
leo lin	https://leolinofficial.com.au/	alive	200
kyraani	http://kyraani.com/	alive	200
jean perret	http://www.jeanperret.ch/	alive	200
mac jeans	https://www.mac-jeans.com/	alive	200
inti knitwear	https://www.intiknitwear.com/	alive	200
jetset	https://jetset.ch/	blocked	429
john hardy	https://www.johnhardy.com/	alive	200
mister zimi	https://misterzimi.com/	alive	200
munich	https://www.munichsports.com/es/	alive	200
lamik beauty	https://lamikbeauty.com/	alive	200
mami.x	https://mamix.nl/	tls-error	DEPTH_ZERO_SELF_SIGNED_CERT
kasurekids	https://kasurekids.jp/?oid=396&affid=1&source_id=GoY-rating&sub1=brandpage	alive	200
matix	http://www.matixclothing.com/	alive	200
mywalit	https://www.mywalit.com/	alive	200
heralbony	https://store.heralbony.jp/collections/wear	blocked	429
hul le kes	https://hullekes.com/	alive	200
jw anderson	https://www.jwanderson.com/	blocked	429
momoni	https://www.momoni.it/	alive	200
mandarina duck	https://www.mandarinaduck.com/	blocked	429
magnethik	https://magnethik.com/	alive	200
gosha rubchinskiy	http://gosharubchinskiy.com/	blocked	429
kujten	https://en.kujten.com/	alive	200
jet	https://www.jetonline.co.za/	alive	200
kangol	https://www.kangol.com/	alive	200
lenox and sixteenth	https://lenoxandsixteenth.com/	alive	200
ned dutch fashion design	https://www.nedinternational.nl/	timeout	
mojave desert skin shield	https://mojavedesertskinshield.com/	alive	200
keep	https://www.keepout.com.tr/	alive	200
j brand	https://www.jbrandjeans.com/	alive	200
holden	https://holdenouterwear.com/	alive	200
mussofi	https://mussofi.com/	alive	200
luca	https://www.lucajackets.com/	alive	200
marcmarcs	https://www.marcmarcs.com/	alive	200
les deux	https://lesdeux.com/	alive	200
icke berlin	https://www.icke-berlin.de/	alive	200
klo organic beauty	https://klobeauty.com/	alive	200
loulou lollipop	https://louloulollipop.com/	alive	200
macy's backstage	https://www.macysbackstage.com/	alive	200
little farmyard	http://www.littlefarmyard.etsy.com/	blocked	403
monsoon	https://uk.monsoon.co.uk/	alive	200
optimist	https://optimist.ge/	alive	200
meinekette	https://www.meinekette.com/	tls-error	CERT_HAS_EXPIRED
kalenji	https://www.kalenji.fr/	alive	200
lousy livin underwear	https://www.lousylivin.com/	alive	200
ksubi	https://www.ksubi.com/eu	dns-dead	no A/AAAA @1.1.1.1
marc-antoine barrois	https://marcantoinebarrois.com/	alive	200
lana baby	https://www.lana-organic.de/	alive	200
olympia	https://www.olympia.de/	alive	200
miracle oil	http://www.hempseedbodycare.com/	alive	200
majorica	http://www.majorica.com/es	blocked	429
neococo	https://neococo.com/?oid=230&affid=1&source_id=GoY-rating&sub1=brandpage	alive	200
isla in bloom	https://www.islainbloom.com.au/	alive	200
nordblanc	https://www.nordblanc-obchod.cz/en/	tls-error	DEPTH_ZERO_SELF_SIGNED_CERT
mediceuticals	https://mediceuticalsusa.com/	alive	200
la martina shoes	https://www.lamartina.com/	blocked	429
markaware	https://markaware.jp/	alive	200
laidback london	https://www.laidbacklondon.com/	alive	200
la boucle	https://laboucle.com/	alive	200
nuez acres	https://nuezacres.ca/	alive	200
matter outdoors	http://www.mattercompany.com/	alive	200
muse apothecary	http://musebath.com/	alive	200
nicola santarelli	https://www.nicolasantarelli1915.com/	alive	200
mae & george home fragrances	https://maegeorgehomefragrances.com/	alive	200
outland	https://www.outland-wear.fr/	net-error	ECONNREFUSED
kailas	https://kailasgear.com/	alive	200
kapdaa	https://kapdaa.com/	alive	200
ivi ryo corporation	http://www.ivi.com.ph/	alive	200
mikii	http://mikiiskin.com/	alive	200
kaos	https://www.itskaos.com/	alive	200
macson	https://www.macson.es/	tls-error	ERR_TLS_CERT_ALTNAME_INVALID
luxiny  luxurious bath & body	http://www.luxiny.com/	alive	200
maiyo	https://maiyo.co.uk/	alive	200
lemaire	https://eu.lemaire.fr/	dns-dead	no A/AAAA @1.1.1.1
nfuse	https://nfusemagnesium.com/	alive	200
marjana von berlepsch	https://www.marjanavonberlepsch.com/	alive	200
mibo	http://www.abarcasmenorquinas.com/	alive	200
krojay	https://krojay.com/	tls-error	CERT_HAS_EXPIRED
levetem	http://levetem.com/	blocked	429
lascana	https://www.lascana.de/	server-error	502
morton mac	https://mortonmac.com.au/	alive	200
nove	https://www.nove.store/	alive	200
panos emporio	https://www.panos.com/	alive	200
la petite mort	https://la-pm.com/	alive	200
hattric	https://www.hattric.de/	alive	200
maylyn & co.	http://www.maylynandco.com/	alive	200
juli dans jewels	https://julidansjewels.nl/	alive	200
ilc	https://www.ilc-shoes.com/	tls-error	ERR_SSL_SSL/TLS_ALERT_HANDSHAKE_FAILURE
limit	https://www.limitwatches.co.uk/	alive	200
meindl	https://www.meindl-fashions.de/	alive	200
lares	https://calzadoslares.com/	alive	200
lost property of london	http://lostpropertyoflondon.com/	alive	200
katkim	https://katkimfinejewelry.com/	alive	200
oeuf	https://oeufnyc.com/	alive	200
lindbergh	https://www.lindberghfashion.com/sv-se	alive	200
josephine & co amsterdam	https://www.josephineco.com/	alive	200
maui jim	https://www.mauijim.com/	alive	200
luxe & nature™	https://www.luxeandnature.us/	alive	200
lancerto	https://www.lancerto.com/	alive	200
leaf fine jewelry	https://www.leaf-schmuck.de/	alive	200
melin	https://melin.com/	alive	200
mido	http://www.mido.ch/	alive	200
loup charmant	https://loupcharmant.com/	alive	200
marco masi	https://marcomasi.it/	alive	200
minus	https://en.minus.dk/	blocked	429
nobodinoz	https://www.nobodinoz.com/en/new.html#page=1?utm_source=GoodOnYou%20App&utm_medium=Referral	alive	200
long john	https://long-john.nl/	alive	200
mcgregor	https://nl.mcgregornewyork.com/	alive	200
mr. b's soulful tees	https://www.mrbssoulfultees.co.uk/	alive	200
ira fahrenheit	https://www.irafahrenheit.com/	timeout	
hoopers	http://www.hoopersstores.com/	alive	200
mightly	https://www.mightly.com/?oid=301&affid=&source_id=GoY-rating&sub1=brandpage	alive	200
ln pro	https://ln-pro.com/	alive	200
lakeyo	https://lakeyo.com/	alive	200
mystic moods	https://www.mysticmoods.co.uk/	alive	200
lab pal zileri	https://www.labpalzileri.com/	alive	200
mini a ture	https://miniature.com/	alive	200
masai	https://www.masai.net/	alive	200
have a look	https://www.havealookshop.de/	alive	200
karine augis	https://karineaugis.com/	alive	200
lavigne natural skincare	http://www.lavignenaturals.com/	alive	200
kaenon polarized	https://kaenon.com/	alive	200
little david	https://www.littledavid.be/	alive	200
klitmøller collective	https://www.klitmollercollective.dk/	alive	200
parfümerie becker	https://parfuemerie-becker.de/	alive	200
pink house mustique	https://www.pinkhousemustique.com/	alive	200
po-zu	https://po-zu.com/	alive	200
maison francis kurkdjian	https://www.franciskurkdjian.com/	blocked	403
katy perry	https://www.katyperrycollections.com/	alive	200
lititz watch technicum	http://www.lititzwatchtechnicum.org/	http-dead	404
nocturne	https://shopnocturne.com/	tls-error	CERT_HAS_EXPIRED
ngm	http://www.ngm-mobile.com/	server-error	526
marsèll	https://www.marsell.it/	alive	200
lancy	http://www.lancygroup.com/	timeout	
mine line	http://www.mine-line.com/	alive	200
horus x	https://horus-x.com/	alive	200
just sports	https://www.shopjustsports.com/	alive	200
natics	https://naticscare.com/	http-dead	402
groisil and co.	https://www.groisilandco.com/	tls-error	ERR_SSL_SSL/TLS_ALERT_HANDSHAKE_FAILURE
jose real	https://joserealshoes.com/	alive	200
nour hammour	https://nour-hammour.com/	alive	200
lucky clown	https://luckyclownco.com/	tls-error	CERT_HAS_EXPIRED
lamel	https://lamelcosmetics.com/	alive	200
mephisto	https://mephistousa.com/	alive	200
miss chase a+	https://chasehaul.com/collections/miss-chase-aplus	http-dead	404
i.code	https://www.ikks.com/en/i.code/	alive	200
local heroes	https://localheroesstore.com/en/	http-dead	404
nui organics	https://nuiorganics.com/?oid=253&affid=1&source_id=GoY-rating&sub1=brandpage	alive	200
hale and hush	https://www.haleandhush.com/	alive	200
marionnaud	https://www.marionnaud.fr/	alive	200
nisha manufacturing	https://www.nishamanufacturing.com/	alive	200
l’intervalle	https://lintervalle.eu/	tls-error	CERT_HAS_EXPIRED
lola ramona	https://www.lolaramona.com/	alive	200
modallica	https://www.modallica.com/	alive	200
maripé	https://www.maripe.com/	alive	200
morton essentials	http://www.mortonessentials.com/	alive	200
labucq	https://labucq.com/	alive	200
krass optik	https://www.krass-optik.com/	alive	200
nué studio	https://www.nue-studio.com/	alive	200
lolaliza	https://www.lolaliza.com/	alive	200
leisure lab	https://theleisurelab.com/	alive	200
pure intox	http://pureintox.com/	alive	200
jusglitty	http://jusglitty.jp/	alive	200
mimi a la mode hollywood	https://mimi-a-la-mode-2.myshopify.com/	http-dead	402
ln|knits	https://www.lnknits.com/	alive	200
mumutane	https://mumutane.myshopify.com/	alive	200
jeroboam paris	https://jeroboamparis.com/	alive	200
limited sports	https://www.limited-sports.com/	blocked	429
lloyd men's belts	https://www.lloyd-belts.de/	alive	200
kronstadt	https://www.kronstadt.dk/	alive	200
keefirivunts	https://keefirivunts.ee/	alive	200
matcha paris	https://en.matchaparis.com/	http-dead	404
knwls	https://knwls.com/	alive	200
lavard	https://www.lavard.pl/	alive	200
henry rose	https://henryrose.com/	alive	200
mámbino organics	http://www.mambinoorganics.com/	alive	200
lulu copenhagen	https://www.lulucopenhagen.com/	alive	200
jeuneora	http://jeuneora.com/	alive	200
laboratoire uspalla	https://laboratoire-uspalla.fr/	alive	200
monsoon blooms	https://www.monsoonblooms.com/	alive	200
noani	https://noanifashion.de/	alive	200
minuit sur terre	https://minuitsurterre.com/	alive	200
lei wai beauty	http://www.hileiwai.com/	alive	200
les vides anges perfumes	https://www.videsanges.com/	alive	200
nin & laur	https://www.ninlaur.com/	tls-error	ERR_TLS_CERT_ALTNAME_INVALID
jeanswest	https://www.jeanswest.co.nz/	alive	200
m_	https://www.moussy.ne.jp/m_/	http-dead	404
label noir	https://www.labelnoirdesign.com/en/about	alive	200
mania jeans	https://maniajeans.com/	alive	200
kings of indigo	https://www.kingsofindigo.com/	alive	200
laperle beauty	https://shop-laurettelaperle.com/	alive	200
locaite labs	https://www.locaitelabs.com/	alive	200
megane drug	https://www.meganedrug.com/	alive	200
izayla	https://www.izayla.us/	alive	200
jabeenz	https://jabeenz.co.uk/	alive	200
nicki minaj fragrances	https://nickiminajfragrance.com/	alive	200
kitikate	https://www.kitikate.eu/	tls-error	ERR_TLS_CERT_ALTNAME_INVALID
maison michel	https://www.michel-paris.com/	alive	200
pennyblack	https://pennyblack.com/	alive	200
paris perfume company	http://www.parisperfumecompany.com/	alive	200
le club original	https://www.lecluboriginal.com/	alive	200
lenose	https://lenose.com/	alive	200
les girls les boys	https://www.lesgirlslesboys.com/	http-dead	404
laura bellariva	https://shop.laurabellariva.com/	tls-error	ERR_TLS_CERT_ALTNAME_INVALID
nike vision	https://www.nikevision.com/	alive	200
karin rom	https://karinrom.com/	alive	200
le silo bleu	http://lesilobleu.com/	alive	200
maximo	https://www.maximo-strickmoden.de/	alive	200
laurence delvallez	https://www.laurencedelvallez.be/	alive	200
magnet america	https://magnetamerica.com/	alive	200
nonnative	https://nonnative.com/	dns-dead	no A/AAAA @1.1.1.1
lfdl	https://www.lfdl.it/en/	alive	200
leyt	https://leytworld.com/	alive	200
helen kaminski	https://www.helenkaminski.com/	alive	200
liv metta	https://www.livmetta.com/	alive	200
pieszak	https://www.pieszakdenmark.com/	alive	200
neonail	https://www.neonail.pl/	alive	200
mama benz	https://mamabenz.com/	blocked	403
lorna murray	https://lornamurray.com.au/	alive	200
matthew bruch	https://matthewbruch.com/	alive	200
kdlr beauty labs	https://shop.kdlrbeautylabs.com/	alive	200
miriam tirinzoni	http://www.miriamtirinzoni.it/	alive	200
libertydoll	https://sfw-official.jp/	dns-dead	no A/AAAA @1.1.1.1
montbell	https://www.montbell.jp/	alive	200
mancera	https://manceraparfums.us/	alive	200
miik	https://www.miik.ca/	alive	200
luisa spagnoli	https://www.luisaspagnoli.com/	alive	200
ōshadi	http://oshadi.in/	alive	200
martan	https://www.martan-official.com/	alive	200
perky peach	https://perkypeach.com/	alive	200
lapuan kankurit	https://www.lapuankankurit.fi/	alive	200
paule ka	https://pauleka.com/eu/	http-dead	404
mister tee	https://www.urban-classics.net/	blocked	401
la feny	https://www.lafeny.at/	alive	200
matsuzakaya nagoya	https://www.matsuzakaya.co.jp/nagoya/	alive	200
icepeak	https://www.icepeak.fi/	alive	200
kat the label	https://www.katthelabel.com/	alive	200
mayamiko	https://www.mayamiko.com/	alive	200
martin asbjørn	https://www.martinasbjorn.com/	alive	200
james lock & co. ltd	https://www.lockhatters.co.uk/	alive	200
pippa small	https://www.pippasmall.com/	alive	200
mirth	https://mirthcaftans.com/	alive	200
meliora cleaning products	https://meliorameansbetter.com/?gad_source=1	alive	200
laurence tavernier	https://www.laurencetavernier.fr/	alive	200
mango	https://www.mango.com/	alive	200
lissac	https://www.lissac.fr/	alive	200
magenta threads	https://magentathreads.com/	alive	200
la portegna	https://www.laportegna.com/	blocked	429
kessler	https://www.ottokessler.com/	alive	200
maska organics	http://www.maskaorganics.com/	alive	200
neosens	https://www.neosens.com/	alive	200
momotaro jeans	https://www.denimlabo.com/c/momotarojeans	blocked	403
lazamani	https://www.lazamani.nl/	alive	200
marshall columbia	https://marshallcolumbia.com/	alive	200
jo malone london	https://www.jomalone.com/	alive	200
ningbo shanshan co. ltd.	http://www.ssgf.net/	dns-dead	no A/AAAA @1.1.1.1
laboratoires longévité	https://www.thesimpleplan.co/	alive	200
kylie cosmetics	https://www.kyliecosmetics.com/	blocked	429
nicholas daley	http://www.nicholasdaley.net/	alive	200
leotude	https://leotude.com/	dns-dead	no A/AAAA @1.1.1.1
jamido	https://jamido.by/en/	http-dead	404
just the goods	http://justthegoods.net/	alive	200
noctu	https://www.noctu.co.uk/	alive	200
heidi soto designer	https://www.heidisotodesigner.com/	alive	200
penshoppe	https://www.penshoppe.com/	alive	200
mazine	https://mazine.de/	alive	200
kotofey	https://kotofey.ru/	alive	200
mina and the moon	https://www.minaandthemoon.com/	alive	200
orly international inc.	http://www.orlybeauty.com/	alive	200
master bunny edition	http://masterbunnyedition.net/	alive	200
pada works	https://www.padaworks.com/	alive	200
longhom®	http://www.organicsbuddy.com/	alive	200
matalan	https://www.matalan.co.uk/	alive	200
nitro	https://gear.nitro.com/	tls-error	ERR_TLS_CERT_ALTNAME_INVALID
nature's skin and body food	https://naturesskinandbody.com/	alive	200
ltb jeans	https://www.ltbjeans.com/	alive	200
matahari department store	https://www.matahari.com/	alive	200
ipsy	https://www.ipsy.com/	alive	200
naturana	https://www.naturana.com/	blocked	429
michalsky	http://www.michalsky.com/	http-dead	404
piccoliny	https://piccolinyshop.com/	alive	200
linné botanicals	https://linnebotanicals.com/	alive	200
isona linen	https://isonalinen.com/	alive	200
magiclinen	https://magiclinen.com/	alive	200
nowadays	https://www.nowadays.com/	alive	200
little legends	https://www.littlelegends.nl/	alive	200
jyano hair care	http://www.jyanohaircare.com/	alive	200
martha medeiros	http://www.marthamedeiroslabel.com/	http-dead	404
modern eternity	https://www.moderneternity.com/	alive	200
mitalee	http://www.ov-fs.com/	alive	200
pasquale bruni	https://www.pasqualebruni.com/	alive	200
larsson & jennings	https://www.larssonjennings.com/	alive	200
kashmiria fashion	https://www.kashmiriafashion.it/	alive	200
little mistress	https://www.little-mistress.co.uk/	alive	200
reef	https://www.reef.com/	alive	200
miracles & more	https://www.miraclesmore.com/	alive	200
princess goes hollywood	https://www.princess-goes-hollywood.com/	alive	200
leya.me	https://leya.me/	alive	200
marhen.j	https://en.marhenj.com/	tls-error	ERR_SSL_TLSV1_ALERT_INTERNAL_ERROR
lonely kids club	https://www.lonelykidsclub.com/	alive	200
penhaligon's	http://www.penhaligons.com/	alive	200
morotai	https://morotai.de/	blocked	429
naiwbe natural as i wanna be	https://naiwbe.com/	alive	200
legendary whitetails	https://www.deergear.com/	tls-error	CERT_HAS_EXPIRED
konplott	https://www.konplott.com/	alive	200
pierre robert	https://pierrerobert.no/	alive	200
old bull lee	http://www.oldbullshorts.com/	alive	200
michele & hoven	https://www.micheleandhoven.com/	alive	200
live unlimited london	https://www.liveunlimitedlondon.com/	alive	200
lando studio	https://landostudio.com/	alive	200
milano	https://milano.com/	blocked	429
nu.	https://nu-inc.co.jp/	alive	200
konges sløjd	https://kongessloejd.com/	alive	200
jns	https://jnsonline.ru/	net-error	redirect count exceeded
lynnsophie	https://www.lynnsophie.com/	blocked	403
milk makeup	https://www.milkmakeup.com/	alive	200
mr. big & tall	https://www.mrbigandtall.ca/	alive	200
jude stuecker	https://www.judestuecker.com/	alive	200
payless shoesource	https://www.payless.com/	alive	200
naked & famous denim	https://www.nakedandfamousdenim.com/	alive	200
jane	https://www.janeatelier.com/	alive	200
minori	http://www.minoribeauty.com/	alive	200
kzeniya	https://www.kzeniya.com/	alive	200
kiko ouriversarias	https://www.ourivesariakiko.com/en/	alive	200
michelle marie boutique	https://michellemarieboutique.com/	alive	200
lapin house	https://www.lapinhouse.com/	alive	200
orovivo	https://www.orovivo.de/	alive	200
minnie rose	https://www.minnierose.com/	alive	200
pureseoul	https://pureseoul.co.uk/	alive	200
lamarque collection	https://www.lamarquecollection.com/	alive	200
love is art	http://www.loveisartkit.com/	alive	200
msgm	https://www.msgm.it/	alive	200
liz claiborne	https://www.jcpenney.com/	alive	200
lojas riachuelo	http://www.riachuelo.com.br/	alive	200
lolavie	http://www.lolavie.com/	alive	200
love2wait	https://www.love2wait.com/	alive	200
otero	https://oteromenswear.com/	alive	200
juva haircare	https://juvahaircare.com/	alive	200
meridian	https://www.meridiangrooming.com/	alive	200
rallier	https://rallier.com/	alive	200
masha apparel	https://www.mashaapparel.com/	http-dead	402
marinepool	https://www.marinepool.de/	alive	200
ozeta	https://www.ozeta.sk/	alive	200
mey	https://www.mey.com/	alive	200
pirin-tex	https://www.pirintex.com/	alive	200
lé buns	https://lebuns.com.au/	alive	200
leselles	https://www.leselles.be/	alive	200
morxiva	https://bouttye.com/en/3_morxiva-shoes	alive	200
lamborghini	https://www.lamborghini.it/	alive	200
mi. o milanoptics	https://www.milanoptics.it/	alive	200
mimar™	http://www.mimarskin.com/	alive	200
maria la rosa	https://www.marialarosa.it/en	alive	200
pavo couture	https://www.pavocouture.nl/	alive	200
organic zoo	https://organic-zoo.com/	alive	200
maison labiche	https://www.maisonlabiche.com/	alive	200
nest new york	https://www.nestnewyork.com/	alive	200
la stupenderia	https://www.lastupenderia.com/en/	alive	200
nobrand	https://www.nobrand.pt/	alive	200
mcoptic	https://www.mcoptic.ch/	alive	200
jil sander	https://www.jilsander.com/	alive	200
le chemiseur®	https://www.lechemiseur.fr/	alive	200
organic daisy	https://organicdaisy.ca/	http-dead	404
lolly's laundry	https://lollyslaundry.com/	alive	200
lionel the label	https://lionelthelabel.com.au/	http-dead	402
lou lingerie	https://www.lou-lingerie.fr/	net-error	ECONNREFUSED
lumiyoo	http://www.lumiyoo.com/	alive	200
kari kids	https://kari.com/	blocked	403
one compass beauty	http://www.onecompassbeauty.com/	alive	200
moss botanicals	http://www.mossbotanicals.com/	alive	200
polish me unbothered	https://polishmeunbothered.com/	alive	200
moonstar	https://www.moonstar.co.jp/	alive	200
menbur	https://www.menbur.com/	blocked	429
navy exchange	https://mynavyexchange.com/	timeout	
lollipops	https://www.lollipops.fr/	alive	200
lords of harlech	https://lordsofharlech.com/	alive	200
pave	https://pave.com.tr/	alive	200
lua skincare	https://luaskincare.com/	alive	200
n+ (nitori)	https://www.nplus-netshop.jp/	alive	200
love who you are	http://bellebeauty.com/	alive	200
lamarque	https://www.lamarquecollection.com/	alive	200
kylie minogue parfums	https://kylieminogueparfums.com/?country=US	alive	200
l'afshar	https://www.lafshar.com/	alive	200
luca vanucci	https://lucavanucci.co.uk/	alive	200
nanso	https://nanso.com/	alive	200
monoprix	https://www.monoprix.qa/	alive	200
roger dubuis	https://www.rogerdubuis.com/	alive	200
la martina	https://www.lamartina.com/	blocked	429
old south	https://www.oldsouthapparel.com/	alive	200
mae & ivy	https://www.maeandivy.com/	blocked	429
monday swimwear	https://mondayswimwear.com/	alive	200
matsuya	https://www.matsuya.com/	alive	200
mukzin	https://shop.mukzin.com/	alive	200
louis copeland and sons	https://www.louiscopeland.com/	blocked	429
maison tahité	https://maisontahite.com/	alive	200
mabli	https://www.mabli.co.uk/	alive	200
our legacy	https://www.ourlegacy.se/	alive	200
mountain research	https://mountainresearch.jp/	alive	200
oodji	http://www.oodji.com/	alive	200
patavinity	http://www.patavinity.com/	timeout	
rg	https://rgtheshop.com/	alive	200
lola jeans	http://www.lola-jeans.com/	alive	200
louembrace	https://louembrace.com/	alive	200
monsieur brunold	https://www.monsieurbrunold.com/	alive	200
magic flying boots	https://www.magicflyingboots.co.uk/	alive	200
ministry of supply	https://www.ministryofsupply.com/	alive	200
kultajousi	https://www.kultajousi.fi/fi/	alive	200
repetto	https://www.repetto.fr/	alive	200
nadira bag	https://nadirabag.com/	alive	200
kalaika	https://www.kalaika.berlin/	alive	200
leonhard heyden	https://www.leonhard-heyden.com/	alive	200
nodaleto	https://www.nodaleto.com/	alive	200
old navy	https://oldnavy.gap.com/	alive	200
kokolu	https://kokolu.eco/	blocked	429
petrodvorets watch factory	http://www.raketa.com/	alive	200
paloma wool	https://palomawool.com/eu_en/	alive	200
offbeat sweetie	https://offbeatsweetie.com/	alive	200
opera campi	https://www.operacampi.com/?oid=68&affid=1&source_id=GoY-rating&sub1=brandpage	alive	200
pampora leather	https://www.pamporaleather.com/	http-dead	402
osier	http://www.osier.com/	alive	200
liilu	https://www.liilu.de/	http-dead	402
milliana	https://www.millianna.com/	alive	200
mela vastra	https://melavastra.com/	alive	200
mustang	https://www.mustang-jeans.com/	alive	200
och!	https://www.ochstore.pl/en/	server-error	500
rituel de fille	http://www.ritueldefille.com/	alive	200
lyndsey clark boutique	http://www.lyndseyclarkboutique.co.uk/	alive	200
my sheen skin	https://mysheenskin.com/	alive	200
petrifun store	https://www.petrifun.fi/	alive	200
neca 7	https://www.neca7.co.il/	server-error	526
naim josefi	https://www.naimjosefi.com/	alive	200
nué notes	https://www.nuenotes.com/	alive	200
sallie sahne	https://www.sallie-sahne.de/en/official-website.html	http-dead	404
minimum fashion	https://minimumfashion.nl/collections/minimum-sale?page=10%3Futm_source%3DGoodOnYou+App	http-dead	404
mi bolsa	https://mibolsalondon.com/	alive	200
ravescoutr	https://ravescoutr.com/	alive	200
md glam	http://www.mdglam.com/	alive	200
kaene	https://kaene.jp/pages/kaene	blocked	429
nightshift wax company	http://nightshiftwaxcompany.com/	alive	200
pilgrim clothing	https://www.pilgrimclothing.com.au/	alive	200
living kitzbühel	https://www.livingkitzbuehelshop.de/	net-error	ECONNREFUSED
masumi headwear	https://www.masumiheadwear.com/	alive	200
oak & acorn	https://shop-oakacorn.com/	alive	200
pura botanicals inc.	http://www.purabotanicals.ca/	alive	200
recolution	http://www.recolution.de/	alive	200
mikaine	https://en.mikaine.com/	tls-error	ERR_SSL_SSL/TLS_ALERT_HANDSHAKE_FAILURE
live tinted	http://livetinted.com/	alive	200
lily	https://www.lily-collection.com/	blocked	429
pharmadrops	https://pharmadrops.dk/	alive	200
lotte department store	http://store.lotteshopping.com/	timeout	
rocio canvas	https://www.rociocanvas.com.br/	blocked	403
norman hartnell ltd	http://www.normanhartnell.com/	alive	200
jaded london	https://jadedldn.com/	blocked	429
morrocco method int'l	https://www.morroccomethod.com/	net-error	redirect count exceeded
licia florio	https://www.liciaflorio.com/	alive	200
marina volpe	https://marinavolpe.com/	dns-dead	no A/AAAA @1.1.1.1
o boticário	https://www.boticario.com/	alive	200
my brand	https://www.my-brand.com/	alive	200
onia	https://onia.com/	alive	200
mks eco hair care	http://www.mkseco.com/	alive	200
lunescape	https://lunescape.com/	alive	200
nails frs	https://nailsfrs.fr/	alive	200
mastoor	https://mastoor.co/	alive	200
mart visser	https://www.martvisser.nl/	alive	200
margon metamorfosi	https://metamorfosimilano.com/	alive	200
noda	https://www.noda4you.com/	tls-error	UNABLE_TO_GET_ISSUER_CERT_LOCALLY
matières fécales	https://www.matieresfecales.com/	blocked	429
lucardi	https://www.lucardi.nl/	alive	200
le gramme	https://legramme.com/?lang=en%3Futm_source%3DGoodOnYou+App	alive	200
lilly pulitzer	https://www.lillypulitzer.com/	alive	200
nisolo	https://projectboundincdbanisolo.pxf.io/L0gV7V	alive	200
nubyen	https://nubyen.com/	alive	200
sem per lei	https://semperlei.com/	alive	200
notch	https://tokyodesignchannel.com/c/notch	alive	200
maurizio baldassari	https://mauriziobaldassari.com/en	alive	200
mondraghi	https://www.mondraghi.com/	alive	200
orbasics	https://orbasics.com/?_ef_transaction_id=&oid=379&affid=1	alive	200
one kind clothing	https://wearonekind.com/	http-dead	402
nikben	https://www.nikben.com/	alive	200
naked & famous	https://www.nakedandfamousdenim.com/	alive	200
maria contigiani	https://www.mariacontigiani.it/en/	alive	200
lavair	https://lavairbrand.com/	blocked	429
meryll rogge	https://meryllrogge.com/	alive	200
milan laser hair removal	https://milanlaser.com/	alive	200
nine west	https://ninewest.com/	alive	200
organic cube	http://www.myorganiccube.com/	alive	200
pierre hardy	https://www.pierrehardy.com/	alive	200
liska	https://www.liska.co.at/	timeout	
rocky rosa	https://www.rocky-rosa.com/	alive	200
printemps haussmann	https://www.printemps.com/fr/fr/printemps-paris-haussmann	blocked	403
ramidus	https://www.ramidustokyo.com/en	alive	200
marloweville	https://www.marloweville.com/	alive	200
longevity london	https://longevity-london.com/	tls-error	CERT_HAS_EXPIRED
mintedleaf	https://www.directcbdonline.com/brand/mintedleaf/	blocked	429
moss copenhagen	https://www.mosscopenhagen.com/	alive	200
mimisol	http://mimisol.com/	alive	200
levete room	https://www.leveteroom.com/	alive	200
régime des fleurs	https://regimedesfleurs.com/	alive	200
okko	https://okko.ch/	alive	200
novum crafts	https://indianheaddress.com/	alive	200
proraso	https://proraso-usa.com/	alive	200
paul lebeau	https://www.paullebeau.fr/	alive	200
pedigo firenze	https://www.pedigofirenze.com/en/	tls-error	ERR_SSL_TLSV1_ALERT_INTERNAL_ERROR
manitobah mukluks	https://www.manitobah.ca/	alive	200
räthel & wolf	https://rathelwolf.com/	alive	200
remonte	https://www.remonte.com/	blocked	403
red kap	https://redkap.com/	alive	200
norse projects	https://www.norseprojects.com/	alive	200
olive des olive	https://www.olivedesolive-ec.jp/	blocked	403
les tricots	https://lestricotsdo.be/	alive	200
odel	http://www.odel.lk/	tls-error	ERR_TLS_CERT_ALTNAME_INVALID
kusum	https://kusumcosmetics.com/	alive	200
little seed farm	http://www.littleseedfarm.com/	alive	200
naturallyg4u (good for you)	https://naturallyg4u.com/	net-error	UNABLE_TO_VERIFY_LEAF_SIGNATURE
maison rabih kayrouz	https://www.maisonrabihkayrouz.com/	alive	200
minx	https://www.minx-mode.com/en/official-website.html	timeout	
mctrek	https://mctrek.de/	tls-error	CERT_HAS_EXPIRED
nuria	http://nuriabeauty.com/	alive	200
palava	https://palava.co/	alive	200
rifò	https://rifo-lab.com/	alive	200
obey clothing	https://obeyclothing.eu/	alive	200
lancaster	https://www.lancaster.com/	alive	200
maypol	https://www.maypol.es/	alive	200
portspure	http://www.portspure.com/	tls-error	CERT_HAS_EXPIRED
nuance	http://www.thenuancegroup.com/	blocked	403
lisa kott	https://www.lisakott.com/	alive	200
just cool by awdis	https://justcoolbyawdis.com/	tls-error	ERR_TLS_CERT_ALTNAME_INVALID
nixnut	https://nixnut.nl/	alive	200
mise au green	https://www.mise-au-green.com/	alive	200
mundo de uñas	https://mundodeunas.com.mx/	alive	200
oy	https://oysurf.com/eu/en/	alive	200
mara beauty  llc	http://www.themarabeauty.com/	blocked	429
obsidien's boutique	http://www.obsidien.com/	alive	200
oblique creations	https://www.obliquecreations.eu/	alive	200
l.l.bean	https://www.llbean.com/	alive	200
ognx	https://ognx.com/	alive	200
mansur gavriel	https://www.mansurgavriel.com/pages/about-us	blocked	429
nira rubens	https://www.nirarubens.com/	blocked	403
rami al ali	https://www.ramialali.com/	alive	200
orto parisi	https://ortoparisi.com/	alive	200
pecegueiro & f.os	https://www.pecegueiro.com/	alive	200
mykke hofmann	https://www.mykkehofmann.com/	tls-error	CERT_HAS_EXPIRED
philosophy di lorenzo serafini	https://www.philosophyofficial.com/	alive	200
nizhoni	https://nizhoni.es/	blocked	429
lottusse	https://www.lottusse.com/	alive	200
ollie skincare	https://ollieskincare.com/	alive	200
lilac natural beauty	http://lilacnaturalbeauty.com/	alive	200
rio grande	https://riogrande.com/	blocked	403
monique péan	https://www.moniquepean.com/0	http-dead	404
pitka leather	https://pitkaleather.com/	alive	200
paris georgia	https://www.parisgeorgiastore.com/	alive	200
reprime	https://www.artisanbyreprime.com/	alive	200
pallet life story	https://palletlifestory.com/	tls-error	ERR_TLS_CERT_ALTNAME_INVALID
rianna + nina	https://riannaandnina.com/	alive	200
lily & marigold botanical skincare	http://www.lilyandmarigold.ca/	alive	200
noor fares	http://noorfares.com/	alive	200
lotte duty free	https://lottedutyfree.com.au/	alive	200
mila beach	https://www.mila-beach.com/	tls-error	ERR_TLS_CERT_ALTNAME_INVALID
miribel naturals	https://www.miribelnaturals.com/	alive	200
nono	https://nono-kidswear.nl/	alive	200
shaklee	http://www.shaklee.com/	alive	200
reina olga	https://reinaolga.com/en-eu	alive	200
mr price fashion	http://www.mrp.com/	alive	200
raffaello rossi	https://raffaello-rossi.de/	alive	200
roseanna	https://roseanna.fr/	alive	200
petit nord copenhagen	http://www.petitnord.com/	alive	200
monessa	https://www.monessa.de/	alive	200
moody me	https://ihascupquake.com/pages/moody-me	alive	200
miraculum	https://miraculum.pl/	alive	200
millstone farm & organics inc.	http://www.millstoneorganics.com/	alive	200
nae vegan shoes	https://www.nae-vegan.com/	alive	200
peninsula swimwear	https://peninsulaswimwear.com/	alive	200
mappin & webb	https://www.mappinandwebb.com/	alive	200
le chameau	https://www.lechameau.com/	blocked	429
oo&vv	http://www.ov-fs.com/	alive	200
rage	https://ragesa.co.za/	alive	200
robin's jean	https://robinsjean.com/	alive	200
original moxie	http://www.originalmoxie.com/	alive	200
mmlg	https://en.87mm.co.kr/	dns-dead	no A/AAAA @1.1.1.1
pigmentarium	https://www.pigmentarium.com/en	alive	200
mollagara since 1895	https://mollagaraofficial.com/	alive	200
pan club	https://panclubrussia.ru/	alive	200
qoss	https://www.qoss.nl/	alive	200
outrgs	https://www.outrgs.com/	alive	200
marmar copenhagen	https://marmarcopenhagen.com/	alive	200
neeman's	https://neemans.com/	alive	200
nashe beauty	http://www.nashebeauty.com/	alive	200
mosaert	http://www.mosaert.com/	alive	200
nayko naturals	https://naykonaturals.com/	alive	200
milestone	http://www.milestone.style/	alive	200
loumi skincare	https://www.loumiskincare.com/	alive	200
parise	https://www.pariseofficial.com/	alive	200
mom aid	http://www.momaid.com/	alive	200
pearl street swim	https://pearlstreetswim.com/	blocked	429
plantkos	http://www.plantkosskincare.com/	alive	200
my favourite piece	https://www.myfavoritepiece.com/	alive	200
nomads	https://www.nomadsclothing.com/	alive	200
mercuryduo	https://brand.mercuryduo.com/	alive	200
represent	https://eu.representclo.com/	alive	200
montado	https://www.montado.pt/en/home	http-dead	404
purity woods	https://puritywoods.com/	blocked	403
mr mittens	https://www.ilovemrmittens.com/	alive	200
lonely	https://lonelylabel.com/	alive	200
pretty vacant	https://www.vacantclothing.co.uk/	dns-dead	no A/AAAA @1.1.1.1
miomojo	https://www.miomojo.com/	alive	200
milano couture	https://mconline.co.uk/	alive	200
rinascimento	https://www.rinascimento.com/	alive	200
old spice	http://oldspice.com/	alive	200
nuebiome	http://nuebiome.com/	alive	200
robinson department store	https://www.robinson.co.th/	server-error	502
mother	https://www.motherdenim.com/	blocked	429
maska	https://maska.se/	alive	200
minimadeia	https://minimadeia.com/	alive	200
monique	https://monique.store/	alive	200
ninety percent	https://click.linksynergy.com/deeplink?id=Fluhu2U*BdY&mid=45032&murl=https%3A%2F%2Fninetypercent.com	alive	200
orihica	https://www.orihica.com/	alive	200
pikes peak apothecary	https://www.pikespeakapothecary.com/?srsltid=AfmBOopcNkEqDTZPnLbIv5XvZkxveEu5Gb_YYygodYZhpaZufSPegkCA	http-dead	402
sears hometown stores	http://www.searshometownstores.com/	alive	200
maluo	https://www.maluo.nl/	alive	200
louis and mia	https://www.louis-and-mia.de/	alive	200
miraculum s.a.	https://miraculum.pl/	alive	200
ozolabs  llc	http://www.ozolabs.com/	alive	200
louve	https://louveboutique.fr/	alive	200
passioni	https://www.passionmode.de/	alive	200
ralph lauren	https://www.ralphlauren.com/	alive	307
olistic the label	https://www.olisticthelabel.com/	alive	200
sounder	https://soundergolf.com/	alive	200
luar	https://luar.world/	alive	200
lowes menswear	http://lowes.com.au/	alive	200
natpure clinical skin care	http://www.naturepure.com/	alive	200
red is bad	https://www.redisbad.pl/	dns-dead	no A/AAAA @1.1.1.1
nensi dojaka	https://nensidojaka.com/	alive	200
juliette has a gun	https://us.juliettehasagun.com/	alive	200
maati maati	https://www.maati-maati.com/	alive	200
paul green	https://www.paul-green.com/	alive	200
park & fifth clothing co	https://parkandfifthco.com/	blocked	429
silknsoak	http://www.silknsoak.com/	blocked	429
niessing manufaktur	https://niessing.com/	net-error	UNABLE_TO_VERIFY_LEAF_SIGNATURE
reflekt	https://reflektskincare.com/	alive	200
mishka nyc	http://mishkanyc.com/	alive	200
only-m.	https://www.only-m.com/	alive	200
one piece store	https://onepiece.store/?doing_wp_cron=1654729284.8748979568481445312500%3Futm_source%3DGoodOnYou+App	alive	200
maria tash	https://www.mariatash.com/	alive	200
olympic orchids perfumes	https://orchidscents.com/	alive	200
seenaya	http://seenaya.com/	alive	200
sea me happy	https://www.seamehappy.be/	alive	200
off-white	https://www.off---white.com/	alive	200
loveshackfancy	https://loveshackfancy.com/	alive	200
pavement shoes	https://www.pavement.dk/	net-error	ECONNRESET
lord & taylor	https://www.lordandtaylor.com/	alive	200
kintetsu department store	https://www.d-kintetsu.co.jp/	dns-dead	no A/AAAA @1.1.1.1
philip hog	https://philiphog.com/	alive	200
natalija	https://www.natalijathelabel.com.au/	dns-dead	no A/AAAA @1.1.1.1
nulastin  inc.	https://nulastin.com/	alive	200
ofotért	https://www.ofotert.hu/	alive	200
levi's kids footwear	https://www.levi.com/	blocked	403
rpnzl	http://rpnzlbeauty.com/	alive	200
pèpè	https://www.pepechildrenshoes.com/	alive	200
mc2 saint barth	https://www.mc2saintbarth.com/eu/en_eu/	alive	200
ojar	https://ojarofficial.com/	alive	200
shoe carnival	https://www.shoecarnival.com/	alive	200
marigold life	https://www.marigoldbub.com/	alive	200
lemonhead.la	http://www.getlemonhead.com/	alive	200
rooted beauty	https://www.grove.co/rootedbeauty	http-dead	404
plan c	https://www.plan-c.com/	alive	200
kids around	https://uk.kidsaround.com/	alive	200
nonat	https://nihanonat.com/	alive	200
matsuda	https://www.matsuda.com/	blocked	429
sunday saint-tropez	https://sunday-saint-tropez.com/en/	blocked	429
not!ce hair co.	https://noticehairco.com/	alive	200
plain units	https://www.plainunits.com/	blocked	429
princess highway	https://www.princesshighway.com.au/	blocked	429
percy & nell	https://www.percyandnell.com/	alive	200
nashtn	https://nash.tn/	alive	200
mou	https://www.mou-online.com/	alive	200
naot	https://www.tevanaot.co.il/	alive	200
polished prints	https://polished-prints.com/	alive	200
sanctuarie	https://sanctuarie.com/	alive	200
noserider surf club	https://noseridersurf.com/	alive	200
mofan	http://www.mofan.com/	alive	200
miaou	https://www.miaou.com/	alive	200
pajar	https://www.pajar.com/	alive	200
phosis	http://phosis.com/	alive	200
otto kern	https://www.ottokern.com/	timeout	
monica hansen beachwear	https://monicahansenbeachwear.com/	tls-error	CERT_HAS_EXPIRED
lulu guinness	http://www.luluguinness.com/	blocked	429
marcelo burlon county of milan	https://www.marceloburlon.eu/	dns-dead	no A/AAAA @1.1.1.1
petit kouraj	https://www.petitkouraj.com/	alive	200
moumout	https://www.moumout.com/	alive	200
majestic	https://www.majesticathletic.com/	blocked	403
nonna lietta	https://www.nonnalietta.com/	alive	200
marylia scott cosmetics	https://maryliascottcosmetics.com/	alive	200
newbie	https://newbiestore.com/	alive	200
my eyelab	https://www.myeyelab.com/	alive	200
roote	http://www.rooteofficial.com/	alive	200
modanisa	http://www.modanisa.com/	alive	200
pioneer jeans	https://www.pioneer-jeans.com/	alive	200
night streak	https://nightstreak.com/	alive	200
makeup by mario	http://makeupbymario.com/	alive	200
plaine products	https://www.plaineproducts.com/	alive	200
pangaia	https://pangaia.com/?oid=311&affid=1&source_id=GoY-rating&sub1=brandpage	alive	200
madame gabriela	http://madamegabrielabeauty.com/	alive	200
onurth skincare	http://onurth.com/	alive	200
nicki colombo	https://www.nickicolombo.com/en/	alive	200
removery	https://removery.com/	alive	200
sage larock	http://www.sagelarock.com/	alive	200
percival	https://www.percivalclo.com/	alive	200
people of leisure	https://peopleofleisure.co/	alive	200
mori	https://babymori.com/	alive	200
pelli	https://pellibags.com.au/	alive	200
lakelle	https://lakelle.com/	alive	200
nautica japan	https://nautica.jp/	alive	200
p.e nation	https://pe-nation.com/	blocked	429
sandwich	https://sandwichfashion.nl/	alive	200
neo noir	https://www.neonoir.com/	alive	200
plato's closet	https://www.platoscloset.com/	alive	200
phenix	https://phenix.jp/en/	alive	200
motherhood maternity	https://www.motherhood.com/	alive	200
lvir	https://lvirdtla.com/	alive	200
obbi good label	https://obbigoodlabel.com/	alive	200
martine rose	https://martine-rose.com/	alive	200
shaun leane	https://shaunleane.com/	alive	200
mascotte	https://mascotte.ru/	alive	200
perfumania	https://www.perfumania.com/	alive	200
savannah morrow the label	https://savannahmorrow.com/	alive	200
meitetsu department store head store	https://www.e-meitetsu.com/mds/	http-dead	404
simmons bilt	https://www.simmonsbilt.com/	alive	200
musier paris	https://musier-paris.com/	alive	200
the not ok club	https://thenotokclub.com/	alive	200
saavy naturals	http://www.saavynaturals.com/	alive	200
lawless beauty	http://www.lawlessbeauty.com/	alive	200
nene	https://studionene.com/	alive	200
ouai	https://theouai.com/	alive	200
roberto sarto	https://www.robertosarto.nl/	alive	200
marine serre	https://marineserre.com/	alive	200
onelogy	https://onelogy.com/	alive	200
loints of holland	https://www.lointsofholland.com/	alive	200
persol	https://persol.com/	blocked	429
munjoi	https://munjoi.com/	alive	200
okaïdi	https://okaidi.ge/	alive	200
native nature	https://wearenativenature.com/	alive	200
nature republic	https://www.naturerepublic.com/	alive	200
seidenfelt	https://www.seidenfelt.de/	alive	200
nanami	https://www.nanami.nl/	alive	200
pride to be	https://www.pridetobe.de/	alive	200
partow	https://partow.us/	alive	200
omibia	https://www.omibia.com/	alive	200
pregnidos	https://pregnidos.com/	alive	200
reed	https://reedsportswear.com/collections/hides	blocked	429
nikka place	https://nikkaplace.com/	alive	200
octobre editions	https://www.octobre-editions.com/	blocked	403
onself clothing	https://onself.lk/	alive	200
loho	https://loho88.com/	alive	200
reer3	https://reer3.com/?oid=209&affid=1&source_id=GoY-rating&sub1=brandpage	http-dead	404
nps	https://us.nps-solovair.com/	alive	200
rose and myla	https://roseandmyla.com/	tls-error	CERT_HAS_EXPIRED
meyba	https://www.meyba.com/en_GB/meyba-lifestyle.html	http-dead	404
livin' kolor cosmetics	https://www.livinkolor.com/	alive	200
sahara rose	http://www.sahararose.com/	alive	200
risy&jerfs	https://www.risy-jerfs.com/	alive	200
shekou	https://shekouwoman.com/	alive	200
mpg sport	https://mpgsport.com/	alive	200
nature's sugar	https://naturessugarwax.com/	alive	200
pechoin	http://www.pechoin.com/	alive	200
safal kids	https://safalkids.ee/	alive	200
puffin gear	https://puffingear.com/	alive	200
paglieri	http://paglieri.it/	alive	200
nicole alex	https://www.shopnicolealex.com/	alive	200
the leather store	https://www.theleatherstoreuk.com/	alive	200
poster girl	https://www.poster-girl.com/	alive	200
quazi design	https://quazidesign.com/	alive	200
thisisneverthat	https://thisisneverthat.com/	alive	200
peter england	https://www.peterengland.com/	alive	200
monter skin	https://monterskin.com/	alive	200
titan tallow	https://titantallow.com/	blocked	429
oxmox	https://www.oxmox.de/	alive	200
playtex	https://www.playtex.co.uk/	alive	200
native atlas	http://nativeatlas.com/	alive	200
positive outlook clothing	https://www.positiveoutlookclothing.com/	http-dead	402
primitive house farm	http://primitivehousefarm.me/	alive	200
pamm	https://pammpamm.store/	alive	200
siawear	https://siawear.com/	alive	200
roark	https://eu.roarkrevival.com/	alive	200
result headwear	https://www.resultheadwear.com/	alive	200
rag & bone	https://www.rag-bone.com/	blocked	403
oregon soap company	http://www.oregonsoapcompany.com/	alive	200
reistor	https://reistor.in/	alive	200
poème clothing	https://www.poemeclothing.com/	http-dead	402
purely lush	https://www.purelylush.com/	alive	200
milkfed.	https://milkfed.jp/	alive	200
reykjavik raincoats	https://www.reykjavikraincoats.com/	alive	200
qrxlabs	https://qrxlabs.com/	alive	200
rosemira organics	http://rosemira.com/	alive	200
nadell	https://nadell.jp/	alive	200
ranavat	http://www.ranavat.com/	alive	200
première peau	https://premierepeau.com/	alive	200
natures collection	https://naturescollection.eu/	alive	200
nuur cosmetics	https://nuurcosmetics.com/	alive	200
pierre-louis mascia	http://pierrelouismascia.com/	http-dead	404
mymo	https://mymoshop.de/	http-dead	404
pristine	https://www.pristine-official.jp/	alive	200
spagnolo	https://www.spagnolo.es/	alive	200
motherhouse	https://www.mother-house.jp/	alive	200
sievin jalkine	https://www.sievi.com/	alive	200
oceanus	https://oceanusswimwear.com/	alive	200
nokwal	https://nokwal.com/	alive	200
rave review	https://www.rave-review.com/	alive	200
piedro	https://www.piedro.com/	alive	200
offon	https://offonclothing.com/	alive	200
tos gallery design	https://www.tosgallery.nl/	alive	200
pascucci	https://pasc.it/	alive	200
lâcher prise	https://lacherpriseapparel.com/?oid=259&affid=1&source_id=GoY-rating&sub1=brandpage	alive	200
rthvi	http://rthvi.com/	alive	200
petite maison kids	https://petitemaisonkids.com/	alive	200
mizzen	https://shimatabiyachts.com/collections/mizzen	alive	200
samuel hubbard	https://www.samuelhubbard.com/	alive	200
rkt hair care	https://rkthaircare.com/	alive	200
rubirosa	http://rubirosa.com/	alive	200
native nectar botanicals	http://www.nativenectarbotanicals.com/	alive	200
orslow	http://orslow.jp/	dns-dead	no A/AAAA @1.1.1.1
overose	https://www.overose.com/	alive	200
monica ann beauty	http://monicaannbeauty.com/	alive	200
studs	https://studs.com/	alive	200
morgan lane	https://www.morgan-lane.com/	alive	200
t.h. baker	https://www.thbaker.co.uk/	blocked	403
romeo hunte	https://www.romeohunte.com/	alive	200
padini	https://corporate.padini.com/	alive	200
oceania legends	https://oceania-legends.com/	alive	200
people tree	https://www.peopletree.co.uk/	blocked	403
ulanka	https://www.ulanka.com/	blocked	429
prettylittlething	https://www.prettylittlething.com/	alive	200
mixik skin	http://www.mixikskin.com/	alive	200
reinders	https://www.reinders-jm.com/	alive	200
olmsted outerwear	https://www.olmstedouterwear.com/	blocked	429
santos by monica	https://www.santosbymonica.com/	alive	200
the potion studio	https://thepotionstudio.com/	blocked	403
sportmax	https://us.sportmax.com/	alive	200
nominou	https://nomidesigns.ca/	alive	200
mr. loutre	http://www.mrloutre.com/	alive	200
rios1931	https://rios1931.com/	net-error	ECONNREFUSED
so-le studio	https://so-le-studio.com/	alive	200
meomari	https://meomari.com/	alive	200
rachel moayer skin	http://rachelmoayerskin.com/	alive	200
rayne refillery	http://raynerefillery.com/	alive	200
nothomme blue	https://nothomme.com/	alive	200
qurc. amsterdam	https://www.qurc-amsterdam.com/	alive	200
pheona's jewelers	https://pheonasjewelers.com/	alive	200
polo ralph lauren	https://www.ralphlauren.com/	alive	307
materiel	https://materieltbilisi.com/	alive	200
panamuna project	https://www.panamunaproject.com.au/	http-dead	402
redmax	https://www.redmaxsportswear.com/	alive	200
paul hewitt	https://www.paul-hewitt.com/	alive	200
tin marin	https://tinmarinbrand.com/	alive	200
one farm by waayb	http://www.onefarm.com/	alive	200
shoreditch ski club	https://shoreditchskiclub.com/	alive	200
redpoint	https://www.redpoint-sportswear.com/	tls-error	ERR_TLS_CERT_ALTNAME_INVALID
rip curl	https://www.ripcurl.com/	alive	200
lovelux	https://loveluxlondon.com/	alive	200
marivie	https://www.marivie.com/	alive	200
organic crew	https://organiccrew.com.au/	alive	200
tokyu department store  kichijoji	https://www.tokyu-dept.co.jp/kichijouji/index.html	alive	200
qet botanicals	http://www.qetbotanicals.com/	alive	200
seaire	http://www.seaireskin.com/	alive	200
swolit	https://swolit.co.uk/	alive	200
rh45	https://www.rh45.com/	timeout	
sebago	https://www.sebago.fr/	alive	200
soule footwear	https://www.soule.in/	alive	200
saddlers union	https://www.saddlersunion.com/	alive	200
naima	https://www.naima.it/	alive	200
rialto jewelry	https://www.rialtojewelry.com/	alive	200
the ragged priest	https://theraggedpriest.com/	alive	200
merit	http://www.meritbeauty.com/	blocked	429
semina	http://www.shopsemina.com/	alive	200
windsor	https://www.windsor.de/	alive	200
radà	https://www.rada.it/	alive	200
purse king	https://purseking.com/	alive	200
nobell’	https://nobell-fashion.com/	tls-error	CERT_HAS_EXPIRED
marlot paris	https://www.marlot-paris.com/fr/	dns-dead	no A/AAAA @1.1.1.1
s.oliver	https://www.soliver.eu/	alive	200
vhues beauty	https://vhues.ca/	alive	200
oetori	http://oetori.com/	alive	200
ralf ringer	https://ralf.ru/	alive	200
omaura	https://omauraskin.com/	alive	200
ramraj cotton	https://ramrajcotton.in/	alive	200
sorella organics	https://sorellaorganics.com.au/?oid=27&affid=1&source_id=GoY-rating&sub1=brandpage	alive	200
sigikid	https://www.sigikid.de/	alive	200
typo	https://www.typo.com/	alive	200
petty pout	http://pettypout.com/	alive	200
pye shirts	http://www.pyeshirts.com/	net-error	UNABLE_TO_VERIFY_LEAF_SIGNATURE
the middle daughter	https://themiddledaughter.co.uk/	blocked	429
triple2	https://triple2.de/	blocked	429
the golden secrets	https://www.thegoldensecrets.com/	blocked	429
nuda	https://nuda.ca/	alive	200
sylhouette parfums	https://sylhouetteparfums.com/	alive	200
retrosuperfuture	https://retrosuperfuture.com/	alive	200
penoora's	https://penoora.com/	alive	200
miesrohe	https://miesrohe.jp/	alive	200
sita murt	https://www.sitamurt.com/	alive	200
matri	https://www.matri.com.br/	dns-dead	no A/AAAA @1.1.1.1
niko and …	https://www.nikoand.jp/	alive	200
moliin	https://www.moliin.com/	alive	200
morleys stores ltd	http://www.morleys.co.uk/	alive	200
noproblem	https://noproblemfashion.com/	net-error	ENETUNREACH
the linen company	https://www.thelinen.co/	alive	200
manaco	http://www.manaco.com.bo/	alive	200
schiesser	https://www.schiesser.com/	alive	200
plantéa skincare	https://www.planteaskin.com/	alive	200
moscot	http://www.moscot.com/	alive	200
status anxiety	https://www.statusanxiety.com.au/	alive	200
prosac alwaysmile	https://www.prosacalwaysmile.com/	alive	200
puna noni naturals	http://www.punanoni.com/	alive	200
monsuri	https://www.monsuri.com/	alive	200
pig and hen	https://www.pigandhen.nl/	alive	200
natventure	https://natventure-store.com/	blocked	403
not ours	https://thenotours.com/	alive	200
noé & zoë	https://www.noe-zoe.com/	alive	200
pour moi skincare	https://www.pourmoiskincare.com/	alive	200
livy lingerie	https://int.li-vy.com/	alive	200
tokio inkarami	http://www.wikidata.org/.well-known/genid/ffbf3c0e54c07fbcce1bc8cba8cd3bc0	http-dead	404
scye	https://scye.co.jp/	alive	200
mjus	https://www.mjus-shoes.com/	alive	200
softhyphen	https://www.softhyphen.tokyo/	blocked	503
querol	https://www.querol.net/	alive	200
smith & soul	https://www.smith-soul.de/	alive	200
ozeano vision	https://ozeanovision.com/	alive	200
o bag	https://www.obag.eu/	alive	200
kaporal	https://www.kaporal.com/	net-error	ECONNREFUSED
neiman marcus	https://www.neimanmarcus.com/	blocked	403
no ka 'oi	https://shopnokaoi.com/	alive	200
sinéad o’dwyer	https://sineadodwyer.com/	alive	200
nesavaali	https://www.nesavaali.com/	alive	200
pacsun	https://www.pacsun.com/	alive	200
pleatsmama	https://en.pleatsmama.com/	alive	200
serena uziyel	https://www.serenauziyel.us/	alive	200
monkee genes	https://monkeegenes.com/	alive	200
mieke dierckx	https://miekedierckx.be/	alive	200
pick 'n pay clothing	https://www.picknpayclothing.co.za/	alive	200
pablo	https://pablo.fr/	alive	200
select	https://www.selectfashion.co.uk/	alive	200
milk made skin	https://www.milkmadeskin.com/	alive	200
spinns	https://www.spinns.jp/	alive	200
mars nails	https://www.marsnails.com/	alive	200
polo blue	https://www.poloralphlauren.com/	alive	307
st. claire natúrals	https://stclairenaturaljelly.com/	alive	200
pepper pout	http://pepperpoutbeauty.com/	alive	200
schott japan	https://schott-nyc.jp/	alive	200
re:sin	https://www.re-sin.com/	net-error	UND_ERR_SOCKET
pearly gates	http://www.pearlygates.net/	alive	200
muse copenhagen	https://www.copenhagenmuse.com/	alive	200
rachel k	http://www.rachelkcosmetics.com/	alive	200
paul & joe sister	https://www.paulandjoe.com/paul-and-joe-sister.html	http-dead	404
kijima takayuki	http://www.kijimatakayuki.com/	alive	200
twilfit	https://www.twilfit.se/	alive	200
montec	https://www.montecwear.com/	alive	200
schott nyc europe	https://www.schott-store.com/	alive	200
ponara	http://ponara.world/	alive	200
tuikauri	https://tuikauri.com/	dns-dead	no A/AAAA @1.1.1.1
ternua workwear	https://www.ternuagroup.com/en/workwear/	net-error	ECONNRESET
ps poelman	https://www.poelman.shoes/	alive	200
sleeper	https://the-sleeper.com/en	blocked	429
prep u products	http://www.prepuproducts.com/	alive	200
nioulargo	https://nioulargo.com/	net-error	ECONNREFUSED
neem	https://neemlondon.com/?oid=199&affid=1&source_id=GoY-rating&sub1=brandpage	alive	200
plasma records	http://plasmarecords.com/	alive	200
shynee knobs nail polish	http://www.shyneeknobs.com/	alive	200
setchu	https://www.laesetchu.com/	alive	200
myomy	https://www.myomy.nl/	tls-error	CERT_HAS_EXPIRED
mucho gusto	https://muchogusto.nl/	alive	200
sydney evan	https://sydneyevan.com/	alive	200
the quartermaster	https://www.thequartermaster.it/	alive	200
nutmeg & apple handmade llc	https://nutmegandapple.etsy.com/	blocked	403
sunday routine	http://www.sundayroutineskin.com/	alive	200
on trend shirts	https://ontrendshirts.com/	alive	200
pit bull	https://pitbullstore.eu/	alive	200
pq	https://pqswim.com/	alive	200
reno	https://www.reno.de/	alive	200
phoebe english	https://www.phoebeenglish.com/	alive	200
the ethical silk company	https://www.theethicalsilkco.com/?oid=136&affid=1&source_id=GoY-rating&sub1=brandpage	alive	200
modepark röther	https://www.modepark.de/	alive	200
renzo costa	https://www.renzocosta.com/	alive	200
rosec jewels	https://www.rosecjewels.com/	alive	200
root journey	http://rootjourney.com/	http-dead	404
perryco	https://www.perrycoshoes.com/	alive	200
retrouvai	https://www.retrouvai.com/	alive	200
lululemon	https://www.lululemon.com/	http-dead	400
skin ceremony	http://example.com/	alive	200
noesa	https://noesa.co.id/	alive	200
pwt group	https://www.pwt-group.com/	alive	200
sequoia	http://www.sequoiaparis.com/	alive	200
sdress	https://sdress.com/	alive	200
sasta	https://sasta.fi/	alive	200
shakti shanti	https://shaktishantiyogawear.com/	alive	200
studio ar	https://studio-ar.nl/	alive	200
stetson	https://scentbeauty.com/collections/stetson	blocked	429
poplooks	https://www.poplooks.com/	http-dead	404
solerebels	https://www.solerebels.com/	http-dead	423
primor	https://www.primor.eu/	alive	202
shycloset	https://shycloset.com/	tls-error	ERR_SSL_SSL/TLS_ALERT_HANDSHAKE_FAILURE
tutu du monde	https://tutudumonde.me.uk/	alive	200
nicky diamonds	https://www.westfield.com/fr/france/rennesalma/boutiques/NICKY%20DIAMONDS/66162	http-dead	404
unknown	https://unknownlondon.com/	alive	200
pours studios	https://www.pours-studios.com/	http-dead	404
mrz	https://www.mrz-official.com/	alive	200
miss selfridge	https://www.asos.com/miss-selfridge/	alive	200
people’s republic of cashmere	https://www.peoplesrepublicofcashmere.com/	tls-error	CERT_HAS_EXPIRED
rta	https://rtabrand.com/	alive	200
no label	https://www.nolabel.com/	alive	200
nexusvii.	https://www.nexusvii.jp/	dns-dead	no A/AAAA @1.1.1.1
nile clothing	https://www.nile.ch/	alive	200
rage age	https://rageage.com/	tls-error	ERR_TLS_CERT_ALTNAME_INVALID
ondas organics	http://ondasorganics.com/	blocked	429
po:dl	https://podl.co.kr/	dns-dead	no A/AAAA @1.1.1.1
sporting life	https://www.sportinglife.ca/	blocked	403
stella nova	https://www.stella-nova.dk/	blocked	429
scottsdale superstar	https://scottsdalesuperstar.com/	timeout	
solito scarfs	https://www.solito.eu/	tls-error	DEPTH_ZERO_SELF_SIGNED_CERT
sekonda	http://www.sekonda.co.uk/	alive	200
regen4d	https://regenskinusa.com/	alive	200
niceaces	https://niceaces.com/	alive	200
onitsuka tiger	https://www.onitsukatiger.com/	alive	200
paul frank	http://www.paulfrank.com/	alive	200
yoi	https://drhc-cosmetics.com/pages/yoi	alive	200
truskin naturals	http://truskin.com/	alive	200
pace	https://pacecompany.com.br/	alive	200
roja beauty	http://rojabeauty.com/	alive	200
original marines	https://www.originalmarines.com/	alive	200
people pleaser co.	https://peoplepleaserco.com/	alive	200
totémica	https://totemicabeauty.com/	alive	200
sea kind	http://www.sea-kind.com/	alive	200
teen fashion	https://teenfashionstore.com/	alive	200
simple	https://www.simplethebrand.com/	alive	200
noni	https://www.noni-mode.de/	tls-error	CERT_HAS_EXPIRED
spalding	https://www.spalding.com/	alive	200
petit main	https://www.narumiya-online.jp/shop/brand/18/	alive	200
óticas diniz	https://www.oticasdiniz.com.br/	alive	200
mimaami organics	http://mimaamiorganics.com/	http-dead	402
schuhkay	https://www.schuhkay.de/	net-error	ECONNREFUSED
nash and jones	http://nashandjones.com/	alive	200
oa non-fashion	https://oanonfashion.com/	alive	200
saints & sinners haircare	https://www.realsaintsandsinners.com/	alive	200
stems	https://stems.luxury/	alive	200
recycledbags.co	https://www.recycledbags.co/	dns-dead	no A/AAAA @1.1.1.1
samurai aloha	https://www.samurai-aloha.com/	alive	200
mip & toad	http://mipandtoad.com/	alive	200
snif	https://snif.co/	alive	200
pandora	https://pandora.net/	blocked	403
nudea	https://www.nudea.com/?oid=290&affid=1&source_id=GoY-rating&sub1=brandpage	alive	200
ræburn	https://www.christopherraeburn.co.uk/	alive	200
nourishus naturals	https://nourishusnaturals.com/	alive	200
the book club	https://tbceyewear.com/	alive	200
studio pia	https://www.studiopia.co.uk/	alive	200
pressed pretty	https://pressedpretty.net/collections/rts-tshirts	tls-error	CERT_HAS_EXPIRED
semsons tech	https://www.semsonstech.com/	alive	200
svitanak	https://svitanak.by/	alive	200
palladium	https://www.palladiumboots.com/	alive	200
msch	https://www.mosscopenhagen.com/	alive	200
seven7 jeans	https://seven7jeans.com/	alive	200
mono concept store	https://www.mono-concept.com/	alive	200
okaidi	https://www.okaidi.fr/	alive	200
mouth watchers	http://www.mouthwatchers.com/	alive	200
saucony	https://www.saucony.com/	alive	200
rocksbox	https://www.rocksbox.com/	alive	200
pj pan	https://www.pjpan.co.uk/	alive	200
spitz	https://www.spitz.co.za/	blocked	403
raw threads	https://rawthreads.com/	alive	200
tillys	https://www.tillys.com/	blocked	403
seksy	https://www.sekonda.co.uk/	alive	200
terra thread	https://www.terrathread.com/	alive	200
september care studio	https://septembercarestudio.com/	alive	200
rose & born	https://roseborn.com/	alive	200
raging bull	https://www.ragingbull.co.uk/	alive	200
teluris	https://teluris.co/	alive	200
ukiyo	https://www.ukiyo-co.com/	alive	200
pacomartinez	https://www.pacomartinez.com/	blocked	429
sojanya	https://sojanya.com/	alive	200
san marina	https://sanmarina.fr/	tls-error	ERR_SSL_TLSV1_UNRECOGNIZED_NAME
smileactives	http://smileactives.com/	alive	200
one spirit vibes	https://www.onespiritvibes.com/	tls-error	ERR_TLS_CERT_ALTNAME_INVALID
réuni	https://reuni.com/	alive	200
sun68	https://www.sun68.com/	alive	200
messy weekend	https://messyweekend.com/	alive	200
petite studio	https://www.petitestudionyc.com/	alive	200
spooge	https://spoogespf.com/	alive	200
ron dorff	https://www.rondorff.com/	alive	200
moralfibre	https://moralfibre-fabrics.com/	alive	200
progetto quid	https://shop.progettoquid.com/	tls-error	ERR_TLS_CERT_ALTNAME_INVALID
re;code	https://www.kolonmall.com/RECODE/List/133020162325	alive	200
ruhe	https://ruhestore.co.uk/	alive	200
rainbow shops	https://www.rainbowshops.com/	alive	200
nuvolari	https://www.nuvolari.biz/	timeout	
oamc	http://oamc.com/	alive	200
seen	https://helloseen.com/index.html	alive	200
nihombashi mitsukoshi main store	https://www.mistore.jp/store/nihombashi.html	alive	200
rielli	https://riellibrand.com/	alive	200
superbloom	https://www.grove.co/beauty/story/superbloom/	http-dead	404
saie beauty	http://saiehello.com/	alive	200
notre-v	https://www.omoda.nl/notre-v/	alive	200
olive	https://www.oliveclothing.com/	alive	200
sundry	https://sundryclothing.com/	alive	200
maryan mehlhorn	https://www.maryanmehlhorn.com/	alive	200
sister	https://sisterthebrand.com/	alive	200
melanin haircare	https://melaninhaircare.com/	alive	200
sumigi	https://shop.sumi-gi.com/	alive	200
standard procedure	https://standardprocedure.com/	blocked	429
regarde le ciel	https://www.regardeleciel.com/	alive	200
the library	https://www.the-lib.jp/brands/brands-women/brands-women-thelibrary/?sz=12%3Futm_source%3DGoodOnYou+App	http-dead	404
sahajan	http://www.sahajan.com/	alive	200
metro shoes	https://www.metroshoes.com/	alive	200
seventy two changes	http://www.truthandpride.com/	dns-dead	no A/AAAA @1.1.1.1
ohana organics	http://www.ohanaorganics.com/	alive	200
perlie	https://www.perlie.nl/	alive	200
saje natural wellness	http://saje.com/	blocked	429
pequignet	https://pequignet.com/	alive	200
la perline skincare	http://laperlineskincare.com/	alive	200
three four time	https://threefourtime.jp/	alive	200
maxtara	https://www.maxtara.cz/	tls-error	ERR_TLS_CERT_ALTNAME_INVALID
norie	http://norieshop.com/	alive	200
soshe beauty	http://soshebeauty.com/	alive	200
parfums caron	https://www.parfumscaron.com/	alive	200
valley apparel l.l.c.	http://valleyapparel.net/	alive	200
tim van steenbergen	https://timvansteenbergen.com/	alive	200
standard issue	https://www.standardissue.co.nz/	alive	200
stunning lure	https://stun-l.com/	alive	200
nurst llc	https://royalfamilyfarming.com/	alive	200
misbhv	https://misbhv.com/	alive	200
wholesome culture	https://www.wholesomeculture.com/	http-dead	404
rossario george	https://rossariogeorge.com/	alive	200
style fashion	https://stylefashion.co.za/	alive	200
performance clothing	http://performance.clothingrange.co.uk/	http-dead	410
softclox	https://www.softclox.com/	alive	200
refresh botanicals	https://refreshbotanicals.com/	alive	200
olove® skin	http://onelovebodysoul.com/	alive	200
whitney bowe	http://drwhitneybowe.com/	alive	200
oha vital organic skincare	http://ohaskin.com/	alive	200
queen of the court	https://queenofthecourtbrand.com/	alive	200
spirit of kings	https://thespiritofkings.com/	alive	200
the spotted quoll studio	https://thespottedquoll.com.au/	alive	200
restorative botanicals	https://www.restorativebotanicals.com/	alive	200
ocean pacific	https://www.oceanpacific.com/	alive	200
rowan	https://forrowan.com/	alive	200
nukus	https://nukus.nl/	alive	200
selim mouzzanar	https://www.selimmouzannar.com/	alive	200
solvaderm	https://www.solvadermstore.com/	alive	200
timex group usa	https://www.timex.com/	alive	200
stefan brandt	https://stefanbrandt.com/	net-error	UND_ERR_SOCKET
recovo	https://recovo.co/#	alive	200
solluni	http://www.solluni.com/	alive	200
skoringen	https://www.skoringen.no/	alive	200
naturalmente	https://www.naturalmente-fashion.de/	alive	200
re.draft	https://www.redraft-clothing.com/	tls-error	ERR_TLS_CERT_ALTNAME_INVALID
renna deluxe	https://renna-deluxe.de/	alive	200
svea clothing	https://www.sveasvea.com/	net-error	UNABLE_TO_VERIFY_LEAF_SIGNATURE
pyne & smith clothiers	https://www.pyneandsmith.com/	alive	200
runnings	https://www.runnings.com/	blocked	403
relax shop	https://www.relaxworld.cz/en/	blocked	403
perlato	https://perlato.com/	net-error	UNABLE_TO_VERIFY_LEAF_SIGNATURE
tibi	http://www.tibi.com/	alive	200
solstice kids	https://www.solsticekids.com/	alive	200
pixie	https://itspixie.com/	alive	200
results by nature®	https://resultsbynature.com/	alive	200
sandra adrubau	https://sandraadrubau.com/	http-dead	402
tatinbags	https://www.tatinbags.com/shop/en/	http-dead	410
silq rose	https://silqrose.com/	alive	200
pur schoen	https://purschoen.de/	alive	200
playshoes	https://playshoes.de/	alive	200
r+co bleu	http://www.randcobleu.com/	alive	200
the kaatn trail	https://thekaatntrail.com/	alive	200
pure magnolia	https://puremagnolia.ca/	alive	200
the crafty bird	https://www.thecraftybird.co.uk/	alive	200
regal nails	https://regalnails.com/	alive	200
pro keds	https://www.prokeds.com/	blocked	403
rnb jewellery	https://rnbjewellery.ca/	alive	200
réalisation par	https://realisationpar.com/	alive	200
sprinter	https://www.sprintersports.com/	alive	200
sleepy jones	https://sleepyjonestyle.shop-pro.jp/	dns-dead	no A/AAAA @1.1.1.1
tales of anyday	https://talesofanyday.com/	http-dead	409
puroleo	https://puroleo.ca/	alive	200
oyu botanica	https://www.oyubotanica.com/	alive	200
traki	https://home.traki.com/	tls-error	ERR_TLS_CERT_ALTNAME_INVALID
the sting	https://www.thesting.com/	alive	200
shkoura	https://shkoura.com/collections	alive	200
ports 1961	https://ports1961.com/	alive	200
other	https://otheruk.com/	alive	200
velvet heartbeat	https://velvetheartbeat.com/	alive	200
pisamonas	https://www.pisamonas.co.uk/	alive	200
tree of life	https://www.treeoflife.com.au/	alive	200
touché privé	https://toucheprive.com/	alive	200
pan tu nie stał	https://pantuniestal.com/	alive	200
rockupy	https://rockupy.com/	alive	200
suzusan	https://suzusan-shibori.com/	alive	200
strauss	https://www.strauss.com/cz/cs	alive	200
sport 2000	https://sport2000.at/	alive	200
stance	https://www.stance.com/	alive	200
wolford	https://www.wolford.com/	alive	200
sorbino	https://www.sorbino.com/en/	alive	200
room shop vintage	https://roomshopvintage.com/	alive	200
wa:it	https://www.waitbotanicamente.com/	alive	200
the beauty standard	https://klarandco.com/	alive	200
scabal	https://scabal.com/	alive	200
primavera	https://primavera-bags.com/	tls-error	ERR_TLS_CERT_ALTNAME_INVALID
nicholas	https://nicholasthelabel.com/	alive	200
vilet	https://www.viletfashion.com/	alive	200
regalys	https://www.regalys.shop/	http-dead	404
the shirtmakers	http://www.theshirtmakers.com/	alive	200
skinners technologies	https://skinners.cc/	alive	200
zou xou	https://www.zouxou.com/	alive	200
zeybra	http://zeybra.com/	alive	200
stokke	https://www.stokke.com/	net-error	UND_ERR_HEADERS_OVERFLOW
sportscheck	https://www.sportscheck.com/	timeout	
nui ami	https://www.nuiami.com/	alive	200
wrdmrk	https://wrdmrk.com/	alive	200
prima moda	https://www.primamoda.com.pl/	tls-error	ERR_SSL_TLSV1_ALERT_INTERNAL_ERROR
shay & blue	https://www.shayandblue.com/	alive	200
sasquatchfabrix	https://sasquatchfabrix.com/	dns-dead	no A/AAAA @1.1.1.1
soko	https://www.shopsoko.com/	alive	200
the gift label	https://www.lyn-n.com/	alive	200
saint steve	https://saintsteve.nl/	alive	200
uyn sports	https://uynsports.com/	alive	200
realher	https://www.realher.com/	alive	200
timberland	https://www.timberland.de/	alive	200
terns	http://terns.com/	alive	200
not shy	https://www.notshy.fr/	alive	200
skin aesthetics	https://klarandco.com/	alive	200
snowe	https://snowehome.com/	alive	200
sportmaster	https://www.sportmaster.ru/	blocked	401
the victorian garden organic skincare company	http://www.thevictoriangarden.co.za/	alive	200
princess polly	https://us.princesspolly.com/	alive	200
simplysiti	https://www.simplysiti.com.my/	alive	200
osoi	http://osoi.co.kr/	alive	200
sans arcidet	https://sans-arcidet.fr/	http-dead	402
terre bleue	https://www.terrebleue.be/	blocked	403
natalie perry	https://natalieperryjewellery.com/	alive	200
peckham rye	https://peckhamrye.com/	alive	200
shea natural	https://back2africa.com/collections/all-shea-natural	alive	200
sophie bille brahe	https://sophiebillebrahe.com/	alive	200
shoewear	https://upshoewear.nl/	dns-dead	no A/AAAA @1.1.1.1
tresse paris	https://www.tresseparis.com/	alive	200
senreve	https://www.senreve.com/	http-dead	423
silken favours	https://silkenfavours.com/	alive	200
shanghai tang	https://www.shanghaitang.com/	alive	200
the sleep shirt	https://www.thesleepshirt.com/	alive	200
vanguard	https://www.vanguard-clothing.com/	alive	200
palmers	https://www.palmers.at/	alive	200
velveteen	https://velveteenclothing.com/	http-dead	402
xti	https://xti.es/	blocked	429
robel	https://www.robel.sk/	alive	200
roamer	http://www.roamer.ch/	alive	200
r.e.m. beauty	https://rembeauty.com/	alive	200
squishmallows fragrances	https://shop.jazwares.com/collections/squishmallows-fragrances	alive	200
sigotto uomo	https://www.sigotto.com/	tls-error	CERT_HAS_EXPIRED
plus ultra	https://liveplusultra.com/	alive	200
sock harbor	https://sockharbor.com/	alive	200
play it again sports	https://www.playitagainsports.com/	alive	200
shilton	https://www.shilton.fr/	alive	200
trendy	https://www.maquillajetrendyshop.com/	alive	200
renuar	https://www.renuar.co.il/he	blocked	429
wesc	https://www.wesc.uk/	alive	200
soke	http://sokebeauty.com/	alive	200
tommy john	https://tommyjohn.com/	alive	200
untouched world	https://www.untouchedworld.com/en-eu?oid=334&affid=1&source_id=GoY-rating&sub1=	alive	200
urbancoolab	https://urbancoolab.com/	alive	200
rogue	https://rogueperfumery.com/	alive	200
tilt beauty	https://tiltbeauty.com/	alive	200
see by chloé	https://www.chloe.com/us	alive	200
shirtmaster	https://shirtmaster.com/	blocked	403
pinky&dianne	http://www.pinkyanddianne.com/	alive	200
pelle p	https://www.pellepetterson.com/en-us/	blocked	503
st95	https://st95.com/	alive	200
parkhurst	https://parkhurst.ca/	http-dead	404
seasalt cornwall	https://www.seasaltcornwall.co.uk/	alive	200
sprinjene natural toothpaste	http://www.sprinjene.com/	alive	200
studio r330	https://r330.jp/	alive	200
sugarbearpro	https://sugarbearpro.com/	alive	200
pintta	https://www.pintta.com/	blocked	429
the amateur weather observers	https://www.amateurweatherobservers.com/	alive	200
trendyol	https://www.trendyol.com/	blocked	403
paraphrase perfume	https://libertinefragrance.com/	alive	200
prakti	https://praktibeauty.com/	alive	200
ten little	https://tenlittle.com/	alive	200
optical express	https://www.opticalexpress.co.uk/	alive	200
sperry	https://www.sperry.com/	alive	200
petite oh	https://www.petitoh.com/	timeout	
satisfy	https://satisfyrunning.com/	alive	200
waterlust	https://waterlust.com/	alive	200
orient watch company	https://aion.orologiorient.it/	alive	200
toscane	https://www.toscane-boutique.fr/	alive	200
sbe beauty	https://skinbyella.com/	alive	200
yitty	https://yitty.fabletics.com/	blocked	403
rowan grey	https://www.rowangrey.net/	alive	200
river island	https://us.riverisland.com/	alive	200
pedal mafia	https://pedalmafia.cc/	alive	200
stighlorgan	https://www.stighlorgan.com/	alive	200
prai beauty	https://praibeauty.com/	alive	200
the original muck boot company	https://muckbootcompany.co.uk/	alive	200
sagebrush surf bags	https://sagebrushbags.com/	alive	200
playlife	http://www.playlife.com/	timeout	
sheertex	https://www.sheertex.com/	alive	200
pietro brunelli	https://pietrobrunelli.com/	alive	200
vicomte a.	https://www.vicomte-a.com/	alive	200
pirouette	https://pirouetteperfume.com/	alive	200
pvh corp.	https://www.pvh.com/	alive	200
secrid	https://www.secrid.com/	alive	200
scrubs & beyond	https://www.scrubsandbeyond.com/	alive	200
rack room shoes	https://www.rackroomshoes.com/	alive	200
relier81	https://relier81.stores.jp/	blocked	403
souliers martinez	http://www.souliersmartinez.com/	alive	200
saniderm tattoo care	http://saniderm.com/	dns-dead	no A/AAAA @1.1.1.1
simonetta ravizza	https://www.simonettaravizza.com/	alive	200
ted louise	https://tedlouise.com/	alive	200
starlight bags	https://www.starlightbags.com/	dns-dead	no A/AAAA @1.1.1.1
princesse nomade	https://www.princessenomade.com/	net-error	ECONNRESET
rossimoda	https://rossimoda.com/	alive	200
sustain by kat	https://sustainbykat.com/?oid=263&affid=1&source_id=GoY-rating&sub1=brandpage	alive	200
the shop tk	https://store.world.co.jp/s/brand/the-shop-tk/	blocked	403
pyer moss	https://www.pyermoss.com/	alive	200
ungrid	https://ungrid.jp/	alive	200
suzanne kalan	https://suzannekalan.com/	alive	200
saint tropez	https://www.sainttropez.com/	alive	200
noonday collection	http://www.noondaycollection.com/	alive	200
taka-q	https://online.taka-q.jp/shop/brand/taka-q/	alive	200
sand copenhagen	http://www.sandcopenhagen.com/	alive	200
pray	https://www.prayforusclothing.com/	tls-error	ERR_SSL_TLSV1_ALERT_INTERNAL_ERROR
violet botanical skincare llc	http://www.violetbody.net/	alive	200
von zipper	https://us.vonzipper.com/	alive	200
rené rofé	https://www.renerofe.com/	alive	200
verdura	http://www.verdura.com/	alive	200
yueyaer	http://www.yueyaer.com.cn/	dns-dead	no A/AAAA @1.1.1.1
vered organic botanicals	http://www.veredbotanicals.com/	alive	200
wendy buiter	http://wendybuiter.com/	alive	200
pop my way	https://popmyway.co.uk/?oid=14&affid=1&source_id=GoY-rating&sub1=brandpage	alive	200
nina yuun	https://www.ninayuun.com/	alive	200
origin memory	https://weibo.com/u/7461494749	alive	200
sizeer	https://sklep.sizeer.com/	alive	200
sara battaglia	https://www.sarabattaglia.com/	alive	200
wrstbhvr	https://www.worst-behavior.com/	blocked	429
tanaka	https://www.tanakanytyo.com/	alive	200
tiger prints	https://www.tigerprints.co.uk/	alive	200
weekend max mara	https://www.weekendmaxmara.com/	alive	200
number (n)ine	https://n-nine.com/	alive	200
tutti rouge	https://www.tuttirouge.com/	alive	200
sisters point	https://www.sisterspoint.com/	blocked	429
palmes	https://palmes.co/	alive	200
yoek	https://www.yoek.com/	alive	200
roovia	https://roovia.com/	alive	200
real deal brazil	https://realdealbrazil.com/	alive	200
relevant	https://thirteenlune.com/	alive	200
triumph	https://triumph.com/	net-error	UNABLE_TO_VERIFY_LEAF_SIGNATURE
west49	http://www.west49.com/	alive	200
sweaty betty	https://www.sweatybetty.com/	alive	200
parker clay	https://www.parkerclay.com/	alive	200
the new originals	https://www.theneworiginals.eu/	alive	200
us blanks	https://usblanks.net/	alive	200
simkha biocosmetics	https://abonnement.simkhabiocosmetiques.ca/	alive	200
walls	http://www.walls.com/	alive	200
shu	https://shuclothes.com/	alive	200
tamaris	https://www.tamaris.com/	alive	200
saiid kobeisy	https://saiid-kobeisy.com/	alive	200
shirin nyc	https://www.shirinnyc.com/	alive	200
trendsplant	https://trendsplant.com/	alive	200
zadig&voltaire	https://www.zadig-et-voltaire.com/	alive	200
origin mexico	https://originmexico.com/	alive	200
sydney brown	https://www.sydney-brown.com/	alive	200
the hub	https://hub.co.za/	alive	200
rvlt	https://www.rvlt.com/	dns-dead	no A/AAAA @1.1.1.1
true botanicals	http://truebotanicals.com/	alive	200
oth paris	https://www.oth-paris.com/	alive	200
yoro naturals	https://yoronaturals.com/	alive	200
the unbranded brand	https://theunbrandedbrand.com/	alive	200
qmbeautique	https://www.qmbeautique.ca/	alive	200
mehran	http://www.mehran.it/	alive	200
pretty cute	https://prettycute.co.uk/	alive	200
samsoe samsoe	https://www.samsoe.com/	alive	200
reiko	https://www.reikojeans.com/	net-error	ECONNREFUSED
salitaire	https://salitaire.com/	alive	200
vollebak	https://www.vollebak.com/	alive	200
riani	https://www.riani.com/	alive	200
think!	https://www.thinkshoes.com/	alive	200
signet jewelers limited	https://www.signetjewelers.com/	blocked	403
ross & snow	https://ross-snow.com/	dns-dead	no A/AAAA @1.1.1.1
tikau	https://tikau.com/	alive	200
simone rocha	https://simonerocha.com/	alive	200
viu eyewear	https://shopviu.com/	alive	200
rubicon	https://www.rubicon-fashion.de/	alive	200
natura	https://www.naturaselection.com/	blocked	429
stefeno hats	https://stefenohats.com/	alive	200
penfield	http://penfield.com/	alive	200
team sportia	https://www.teamsportia.se/	alive	200
vfl bochum fanshop	https://www.merchandising-onlineshop.com/vflbochum1848/	alive	200
uncl	https://www.shopuncl.com/	tls-error	CERT_HAS_EXPIRED
simmer clothing	http://simmerclothing.squarespace.com/	http-dead	404
quotrell	https://quotrell.com/	blocked	429
sally b's skin yummies	http://www.sallybskinyummies.com/	alive	200
timex	https://www.timex.com/	alive	200
smith & canova	https://www.smithandcanova.co.uk/	alive	200
skincare junkie	http://www.skincarejunkie.com/	alive	200
naked and thriving	https://www.nakedandthriving.com/	alive	200
wardrobe.nyc	https://www.wardrobe.nyc/	alive	200
skylar body	https://skylarbody.com/	alive	200
snurk	https://www.snurkamsterdam.com/	alive	200
story mfg.	https://www.storymfg.com/	alive	200
state & liberty clothing	https://stateandliberty.com/	alive	200
urlazh	https://urlazhny.com/	alive	200
to112	http://www.to112.com/	alive	200
vintique custom design	https://www.vintiquecustomdesign.com/	tls-error	UNABLE_TO_GET_ISSUER_CERT_LOCALLY
spendless shoes	https://www.spendless.co.nz/	alive	200
noblem skincare	http://www.shopnoblem.com/	alive	200
vfiles	https://www.vfiles.com/	alive	200
perlita peaches	https://www.perlitapeaches.com/	tls-error	ERR_TLS_CERT_ALTNAME_INVALID
refresh skin therapy llc	https://www.refreshskintherapy.com/	alive	200
ul:kin	https://ulkin.co.kr/	alive	200
the terra tribe	https://www.theterratribe.in/	alive	200
sol sana	https://www.sol-sana.com/	alive	200
palladio beauty	https://www.palladiobeauty.com/	alive	200
talbots	https://www.talbots.com/	alive	200
preen by thornton bregazzi	https://preenbythorntonbregazzi.com/	alive	200
salt way botanicals	https://www.salt-way.com/	alive	200
thtc	https://thtc.com/?oid=348&affid=1&source_id=GoY-rating&sub1=brandpage	alive	200
skin	https://skinworldwide.com/	alive	200
uncle studios	https://unclexstudios.com/	alive	200
tie rack	https://www.draegerparis.com/pages/accueil-tie-rack	http-dead	404
trands	http://www.trands.com/	alive	200
shoe4you	https://www.shoe4you.de/	alive	200
sly	https://sly.jp/	alive	200
vegamour llc	http://www.vegamour.com/	alive	200
reign italia	https://www.reign.it/	server-error	500
woody's	http://woodysgrooming.com/	alive	200
renew vintage	https://renewvintage.com/	alive	200
tag heuer	https://www.tagheuer.com/	net-error	redirect count exceeded
valmano	https://www.valmano.de/	alive	200
reprise	https://www.repriseactivewear.com/	alive	200
vita grace	https://vitagrace.co.uk/	alive	200
rumisu	https://international.rumisu.com/	alive	200
velvet & sweet pea's purrfumery	http://purrfumery.com/	alive	200
shamballa jewels	https://www.shamballajewels.com/	alive	200
spitzbub	https://www.spitzbub.shop/	tls-error	ERR_SSL_TLSV1_ALERT_INTERNAL_ERROR
victus sports	https://victussports.com/	alive	200
shinsegae centum city	https://www.shinsegae.com/store/main.do?storeCd=SC00008	alive	200
ripa ripa	https://riparipa.com/	alive	200
swildens	https://www.swildens.fr/	http-dead	404
rock point	https://www.rockpoint.cz/	alive	200
tricoci skin	http://tricoci.com/	alive	200
trillion skincare	http://www.trillionskincare.com/	alive	200
vermont	https://www.vermont.cz/	alive	200
second female	https://www.secondfemale.dk/	alive	200
shola branson	https://sholabranson.com/	alive	200
silmäasema	https://www.silmaasema.fi/	alive	200
toni brattin hair fabulous	http://tonibrattin.com/	alive	200
studio anneloes	https://www.studioanneloes.nl/	alive	200
wolvis	https://www.wolvis.be/shop/p/olive-beanie	http-dead	404
sun diego	https://sundiego.com/	alive	200
the sneaker factory	https://www.thesneakerfactory.co.za/	alive	200
opaque. clip	https://store.world.co.jp/s/brand/opaque-clip/	blocked	403
studio noos	http://www.studionoos.com/	blocked	429
the society shop	https://www.thesocietyshop.com/	alive	200
zoff	https://www.zoff.co.jp/	alive	200
winter hill jewelry	https://www.winterhill3d.com/	alive	200
real fruit body	http://realfruitbody.com/	alive	200
swear	https://www.swear-london.com/	alive	200
sidas	https://www.sidas.com/	alive	200
wildflo studio	https://www.wildflostudio.com/?oid=251&affid=1&source_id=GoY-rating&sub1=brandpage	alive	200
tracksmith	https://www.tracksmith.com/	alive	200
sun bum	https://www.sunbum.com/	alive	200
scalpers	https://scalperscompany.com/	alive	200
wycon cosmetics	https://www.wyconcosmetics.com/	blocked	429
serpent and the swan	https://serpentandtheswan.com/	alive	200
underprotection	https://underprotection.eu/	alive	200
toni lopez	https://tonilopezplata.com/	alive	200
secndnture	https://secndnture.com/	tls-error	CERT_HAS_EXPIRED
stylethics	https://stylethicsto.com/	tls-error	CERT_HAS_EXPIRED
ulook	http://www.ulookcosmetics.com/	alive	200
vanacci	https://vanacci.com/	alive	200
trust fund beauty	http://www.trustfundbeauty.com/	alive	200
ryłko	https://www.rylko.com/	blocked	503
the vintage store	https://thevintagestore.uk/	http-dead	404
william k. park	https://www.williamkpark.com/	alive	200
refan	https://www.refan.bg/	alive	200
sirens & starlight	https://www.sirensandstarlight.com/	tls-error	UNABLE_TO_GET_ISSUER_CERT_LOCALLY
ofra cosmetics	https://www.ofracosmetics.com/	alive	200
ydence	https://ydence.com/	alive	200
svala	https://svala.co/?oid=130&affid=1&source_id=GoY-rating&sub1=brandpage	alive	200
skechers	https://www.skechers.com/	alive	200
seventy + mochi	https://www.seventymochi.com/	alive	200
sportscene	https://www.sportscene.co.za/	alive	200
ratio et motus	https://www.ratioetmotus.com/	alive	200
socksss	https://www.socksss.com/	alive	200
the english hatter	https://www.english-hatter.nl/	alive	200
outback ranch	https://outback-ranch21.square.site/	alive	200
tennen	https://tennengood.com/	alive	200
simple plan	https://simpleplanskincare.com/	alive	200
warrior	http://www.warriorshoes.com/	alive	200
the simple folk	https://thesimplefolk.co/	alive	200
strenesse	http://www.strenesse.com/	alive	200
rebecca vallance	https://www.rebeccavallance.com/	blocked	429
spinster sisters co.	http://www.spinstersistersco.com/	alive	200
studio jux	https://studiojux.com/	dns-dead	no A/AAAA @1.1.1.1
veldskoen	https://www.veldskoenshoes.com/	alive	200
true body	http://www.thhcp.com/	alive	200
vieri	https://vieri.com/	alive	200
moskva	http://www.unimoscow.ru/	timeout	
stylenanda	http://www.stylenanda.com/	alive	200
sashapure	https://sashapurebeauty.com/	alive	200
thalé blanc	https://thaleblanc.com/	alive	200
the suss edit	https://thesussedit.com/	http-dead	402
tauko	https://www.taukodesign.fi/	alive	200
prairie potions	http://www.prairiepotions.ca/	alive	200
polly wales	https://pollywales.com/	alive	200
sjolie	https://www.sjoliespraytan.com/	alive	200
waldläufer	https://xn--waldlufer-z2a.de/	alive	200
the bubble collection	https://www.thebubblecollection.com/	alive	200
rich & hanc	https://www.richandhanc.com/	http-dead	404
wondergloss	http://www.wondergloss.com/	alive	200
velocio	https://velocio.cc/	blocked	429
robe di kappa	https://www.robedikappa.com/	alive	200
rentrayage	https://rentrayage.com/	alive	200
rvca	https://www.rvca.com/	alive	200
shahini fakhourie	https://shahinifakhourie.com/	timeout	
vishes design gmbh	https://shop.vishes.de/	alive	200
salzen	https://www.salzen.com/	alive	200
verbenas	https://www.verbenas.com/	alive	200
redrew	https://www.redrewclothing.com/	alive	200
utrano	https://www.utrano.com/	alive	200
piper & skye	https://www.piperandskye.com/	alive	200
rare london	https://www.rarelondon.com/	alive	200
yvette libby n'guyen	https://yvettelibby.com/	alive	200
studio subtl	https://studiosubtl.com/	http-dead	404
sorelle fontana	http://www.sorellefontana.com/	alive	200
yanga	http://www.yanga.com/	alive	200
shinzone	https://shinzone.com/	alive	200
the garment	https://thegarmentcopenhagen.com/	alive	200
tailored & originals	https://www.tailoredoriginals.com/en-en	alive	200
studio ditte	https://www.studioditte.nl/	alive	200
still nordic	https://www.stillnordic.com/	alive	200
street called madison	https://www.streetcalledmadison.com/	alive	200
usha clothing	http://www.usha.de/	alive	200
vitkac	https://www.vitkac.com/pl	blocked	403
viyella	https://www.viyella-online.co.uk/	blocked	403
three flowers	https://aiibeauty.com/	alive	200
pas normal studios	https://pasnormalstudios.com/	alive	200
running room	https://www.runningroom.com/	blocked	403
switcher	http://www.switcher.ch/	alive	200
snipes	https://www.snipes.fr/	alive	200
oetzi	http://oetzi.com.cn/	dns-dead	no A/AAAA @1.1.1.1
roberto geissini	https://www.robertogeissini.de/	alive	200
orangeshine	https://www.orangeshine.com/	alive	200
uyn	http://uynsports.com/	alive	200
sanrio	https://www.sanrio.com/	alive	200
smitten	https://www.smitten.de/	alive	200
poya	https://www.poyaorganics.com/	blocked	403
wild clouds	https://wildclouds.com/?oid=359&affid=1&source_id=GoY-rating&sub1=brandpage	alive	200
the elder statesman	https://elder-statesman.com/	alive	200
ourside	https://www.ourside.nyc/	alive	200
sunflower	https://www.hellosunflower.com/	alive	200
thompson tee	https://thompsontee.com/	alive	200
saki sweden	https://www.saki.se/	alive	200
waterfall glen soap company	http://www.waterfallglensoap.com/	alive	200
schneiders	https://www.schneiders.com/	alive	200
the bar	https://the--bar.com/	alive	200
sofie & jane	http://www.sofiejane.sk/	alive	200
wólczanka	https://wolczanka.pl/	alive	200
suntegrity skincare	http://www.suntegrityskincare.com/	alive	200
sistine	https://sistinesistine.com/	alive	200
shihara	https://www.shihara.com/	alive	200
save the duck	https://www.savetheduck.it/	blocked	429
shaina mote	https://shainamote.com/	alive	200
tekkie town	https://tekkietown.co.za/	alive	200
scott barnes cosmetics	https://scottbarnes.com/	alive	200
xirü	http://www.xiruskincare.com/	alive	200
flynow	https://flynowofficial.com/main/about.php	net-error	ECONNRESET
stroili	https://www.stroilioro.com/	alive	200
sir.	https://sirthelabel.com/	alive	200
simmi	http://www.simmishoes.com/	alive	200
whispering willow	http://whisperingwillow.com/	alive	200
uninfluenced	https://www.uninfluenced.shop/	timeout	
sungold botanicals	https://www.sgborganics.com/	alive	200
sunglass hut	https://www.sunglasshut.com/	blocked	403
truworths	https://www.truworths.co.za/	alive	200
robeez	https://robeez.com/	alive	200
shoe sensation	https://www.shoesensation.com/	http-dead	405
taproot threads	https://www.taprootthreads.com/	alive	200
tomshot	https://www.tomshot.com/	alive	200
tog24	https://www.tog24.com/	alive	200
welden bags	https://www.weldenbags.com/	alive	200
spingle	https://www.spingle.jp/	alive	200
ripley s.a.	http://www.ripley.com/	blocked	403
yeshua skin cosmetics	https://www.yeshuaskin.ca/yeshua-skin-cosmetics	alive	200
urban outfitters	https://www.urbanoutfitters.com/	blocked	403
surface deep	https://surfacedeep.com/	alive	200
religion	https://religionclothing.com/	alive	200
trebius valens	http://www.trebiusvalens.com/	alive	200
troubadour	https://www.troubadourgoods.com/	net-error	redirect count exceeded
sonavi	https://sonavi.fr/	alive	200
the ten spot	https://thetenspot.com/	alive	200
uncs	https://www.uncs.eu/en/	alive	200
parfums de marly	https://parfums-de-marly.com/	alive	200
the winsome apothecary	https://www.thewinsomeapothecary.com/	alive	200
teddy smith	https://www.teddy-smith.com/	alive	200
rouje	https://www.rouje.com/	alive	200
schuback parfümerien	https://www.schuback-parfuemerien.de/	alive	200
truelle cosmetics	http://www.truellecosmetics.com/	alive	200
volanlı	https://volanli.com/	alive	200
shop the flux	https://shoptheflux.com/	alive	200
stella cadente	http://www.stella-cadente.com/	alive	200
tiferet aromatherapy	http://www.tiferetonline.com/	alive	200
well people	http://www.wellpeople.com/	alive	200
sunsuelle	https://www.sunsuelle.com/	net-error	ECONNREFUSED
world duty free	https://worlddutyfree.com/	alive	200
seabass	http://seabass-official.com/	alive	200
vibe harsløf	https://www.vibeharsloef.dk/	http-dead	404
studio amelia	https://studioamelia.co/	alive	200
virginskin	https://virginskinbeauty.com/	alive	200
street shoes	https://www.street-shoes.com/	alive	200
pro optik	https://www.prooptik.de/	alive	200
spectra fine jewelry	https://www.spectrafinejewelry.com/	alive	200
thin lizzy	https://www.thinlizzy.co.nz/	alive	200
viable vegans	https://www.viablevegans.com/	http-dead	409
true wipes	https://www.thhcp.com/	alive	200
sprayground	https://sprayground.com/	alive	200
thokkthokk	https://www.thokkthokkmarket.com/en/	alive	200
serge pariente	https://www.sergepariente.com/	alive	200
uskees	https://uskees.com/	blocked	429
revolve	http://www.revolveclothing.com.au/	alive	200
thyli	https://thyli.com/	tls-error	ERR_TLS_CERT_ALTNAME_INVALID
takeo kikuchi	https://store.world.co.jp/s/brand/takeo-kikuchi/	blocked	403
zettia	https://zettia.es/	net-error	redirect count exceeded
tanuki denim	https://www.tanukijapan.com/	alive	200
sofie schnoor	https://www.sofieschnoor.com/	alive	200
piʻi botanicals	http://piibotanicals.com/	http-dead	409
sandra smith	https://shopsandrasmith.com/	alive	200
true heart products	https://www.thhcp.com/	alive	200
why red	https://whyred.com/	tls-error	CERT_HAS_EXPIRED
tonsure	https://www.tonsure.eu/	alive	200
spiral bags	https://www.spiraluk.com/	alive	200
wuf kids	https://www.wufkids.com/	alive	200
danaë trans-missie	https://www.trans-missie.nl/	timeout	
the statement by sandra claire inc.	http://www.thestatementskincare.com/	alive	200
top secret	https://topsecret.pl/	alive	200
thought	https://www.wearethought.com/	alive	200
sylvia toledano	https://www.sylviatoledano.com/	alive	200
therma kōta	https://thermakota.com/	http-dead	404
smashbox	https://www.smashbox.com/	alive	200
t.m. lewin	https://tmlewin.co.uk/	alive	200
trilipiderm	https://trilipiderm.com/	alive	200
storm & marie	https://www.stormandmarie.com/	tls-error	CERT_HAS_EXPIRED
urban originals	https://uo.com.au/	alive	200
ulysse nardin	http://www.ulysse-nardin.ch/	alive	200
voodoo makeup	http://voodoomakeup.com/	alive	200
triangl	https://triangl.com/	blocked	429
the glade	https://theglade.com.au/?oid=306&affid=&source_id=GoY-rating&sub1=brandpage	alive	200
articles de paris	https://www.articlesdeparis.com/	timeout	
pop bag usa	https://popbagusa.com/	http-dead	404
zemna	https://www.zemna.eu/	http-dead	404
wolf brothers	https://wolfbrothers.men/	alive	200
tweak'd by nature	https://www.tweak-d.com/	alive	200
zone 365	https://www.amazon.com/stores/ZONE-365/page/2E5D810F-FBBD-458E-AE96-9C48A1497535?ref_=ast_bln&store_ref=bl_ast_dp_brandLogo_sto	blocked	429
schmidt's	http://schmidts.com/	alive	200
wemoto	https://wemotoclothing.com/en/	http-dead	404
pretty frank	http://pretty-frank.com/	timeout	
vaude	https://www.vaude.com/	alive	200
selfast	https://shop.selfast.co.za/	tls-error	DEPTH_ZERO_SELF_SIGNED_CERT
reverie	http://gmreverie.com/	alive	200
sass & bide	https://www.sassandbide.com/	alive	200
versed	http://www.versedskin.com/	alive	200
the moonrise project	https://www.diamondbrandgear.com/the-moonrise-project/	http-dead	404
rs sports	https://rs-sports.com/global/	blocked	429
sōma sportswear	https://www.somasportswear.com/	alive	200
uvr berlin	https://www.uvr-connected.de/	timeout	
snezhnaya koroleva	https://snowqueen.ru/	net-error	redirect count exceeded
sound fragrances	https://www.soundfragrances.com/	alive	200
von ruz	https://www.vonruz.com/	http-dead	404
spot fade	http://www.bodyfirm.com/	alive	200
zimba	https://shopzimba.com/	alive	200
sister jane	https://sisterjane.com/	alive	200
venroy	https://www.venroy.com.au/	alive	200
tru alchemy	http://www.trualchemyskin.com/	alive	200
stutterheim	https://stutterheim.com/	alive	200
the recycled planet	https://therecycledplanetco.com/	alive	200
underblue	https://www.underblue.net/	alive	200
wonder jeans	https://wonderjeans.nl/	alive	200
threaded pear	https://threadedpear.com/	alive	200
the edinburgh woollen mill	https://www.ewm.co.uk/	alive	200
stylein	https://stylein.com/	alive	200
zatik naturals	http://www.zatiknatural.com/	alive	200
state of escape	https://www.stateofescape.com/	alive	200
rieker	https://www.rieker.com/	blocked	403
smiles for miles	https://www.smilesformiles-oralhealth.com/	alive	200
wild things	https://www.wildthings.jp/	blocked	429
walmart	https://www.walmart.com/	alive	200
smitten organic	https://www.smittenorganic.com/	alive	200
xabarwan	https://xabarwan.com/	http-dead	402
yese studio	https://yesestudio.com/	alive	200
uchino	https://uchino.shop/	alive	200
vasky	https://www.vasky.cz/	alive	200
scentuals	http://www.scentuals.com/	alive	200
supply & demand	https://www.supplyanddemand.co.uk/	http-dead	404
scout	https://scout-schoolbag.com/	timeout	
sacai	https://www.sacai.jp/	alive	200
upcyclelino	https://upcyclelino.com/	alive	200
smrk	http://www.smrkwrld.com/	alive	200
namacheko	https://www.namacheko.com/	alive	200
sockmate	https://sockmate.store/	alive	200
umòja shoes	https://umoja-shoes.com/	dns-dead	no A/AAAA @1.1.1.1
westward bound	https://www.westwardbound.com/	alive	200
swiss military hanowa	https://swissmilitary.ch/	alive	200
remain	https://www.remainbirgerchristensen.com/	timeout	
trespass	https://www.trespass.com/	net-error	redirect count exceeded
tattoo numbing cream co.	https://tattoonumbingcream.com/	alive	200
tartine et chocolat	https://www.tartine-et-chocolat.com/	alive	200
still meadow farm soaps and sundries	https://www.squareup.com/store/still-meadow-farm-soaps-and-sundries	alive	200
tiger mist	https://www.tigermist.com/	alive	200
u-mask	https://u-maskstore.eu/	alive	200
the hundreds	https://thehundreds.com/	alive	200
unit 1	https://unit1gear.com/	alive	200
breco's	https://www.brecos1975.com/	timeout	
vovk	https://vovk.com/	alive	200
x-bionic	https://www.x-bionic.com/	blocked	429
teemill	https://teemill.com/	alive	200
sela	https://sela.ru/	alive	200
the east order	https://www.theeastorder.com.au/	dns-dead	no A/AAAA @1.1.1.1
vanilia	https://vanilia.com/	alive	200
3pommes	https://www.3pommes.com/	timeout	
zadig & voltaire	https://zadigetvoltaire.com/	alive	200
souldaze	http://www.souldazecollection.com/	server-error	500
småfolk	https://www.smafolk.dk/	alive	200
trophy clothing	https://www.trophy-clothing.com/	dns-dead	no A/AAAA @1.1.1.1
the shoe company	https://www.theshoecompany.ca/	alive	200
wolven	https://wolventhreads.com/	alive	200
recman	https://www.recman.pl/	timeout	
the vampires wife	https://thevampireswife.com/	tls-error	DEPTH_ZERO_SELF_SIGNED_CERT
vera wang	https://www.verawang.com/	alive	200
solsoller	http://solsoller.com/	alive	200
spa sense	https://www.amazon.com/Spa-Sense-Plant-Derived-Eucalyptus-Shower/dp/B08N838H88/ref=sr_1_1?crid=2X7GON60DJSV8&keywords=spa+sense&qid=1647470886&sprefix=spa+se%2Caps%2C168&sr=8-1	alive	200
sarlini	https://www.sarlini.com/	alive	200
yamamay	https://www.yamamay.com/	blocked	429
wsly	https://www.bandier.com/collections/wsly	http-dead	404
world hair and skin	http://world.ca/	alive	200
the korner	https://www.thekorner.fr/	alive	200
utu	https://www.utu-sun.com/	alive	200
wuxly movement	https://wuxly.com/?oid=205&affid=1&source_id=GoY-rating&sub1=brandpage	alive	200
untitled collective	https://untitledcollective.net/	alive	200
vintner's daughter	http://www.vintnersdaughter.com/	alive	200
studio 88	https://www.studio-88.co.za/	http-dead	406
fujisaki	http://www.fujisaki.co.jp/	timeout	
trades of brit	http://tradesofbrit.com/	alive	200
waidzeit	https://waidzeitdesign.com/	alive	200
tretorn	https://www.tretorn.com/	alive	200
tommy hilfiger	https://www.tommy.com/	alive	200
tove	https://tove-studio.com/	alive	200
wolf & shepherd	https://wolfandshepherd.com/	alive	200
roler	https://roler.com.au/	alive	200
y/project	https://www.yproject.fr/	alive	200
warren james	https://www.warrenjames.co.uk/	net-error	UNABLE_TO_VERIFY_LEAF_SIGNATURE
wahts	https://www.wahts.com/	alive	200
switch2pure	https://mdblend.com/	alive	200
sift	http://www.withsift.com/	alive	200
tumi	https://www.tumi.com/	alive	200
shoppers world	http://www.shoppersworldusa.com/	alive	200
tonno panna	https://tonno-panna.de/	alive	200
yamato international	http://www.yamatointr.co.jp/	timeout	
vanina	https://vanina.me/	alive	200
the upside	https://www.theupside.com/	alive	200
zebra	https://www.yayzebra.com/	alive	200
unfrosen	https://www.unfrosen.com/	alive	200
top to bottom	https://ttbfashion.com/	alive	200
synsam	https://www.synsam.se/	alive	200
zhejiang aokang shoes co.  ltd.	https://www.aokang.com/	dns-dead	no A/AAAA @1.1.1.1
the warehouse	https://thewarehouse.co.nz/	blocked	403
youngblood mineral cosmetics	http://ybskin.com/	alive	200
suri frey	https://www.surifrey.com/	alive	200
whitney linen	https://whitneylinen.com/	alive	200
sephirah seven candle collective	https://sephirahseven.com/	timeout	
krystall-soamas	https://www.krystall-soamas.com/	timeout	
under the canopy	https://underthecanopy.com/	alive	200
vargu	https://www.vargu.com/	alive	200
the social studio	https://www.thesocialstudio.org/	alive	200
trafic	https://trafic.com/	alive	200
sarah chofakian	https://www.sarahchofakian.com.br/	blocked	403
june79	https://june79nyc.com/	net-error	ECONNRESET
unhidden	https://unhiddenclothing.com/	alive	200
zepter cabinet	https://www.zeptercabinet.com/	alive	200
the bare home	http://www.thebarehome.ca/	alive	200
yawoni	https://www.yawoni.com/	alive	200
xuly bët	https://xulybet.com/	alive	200
ultraceuticals	https://www.ultraceuticals.com.au/	alive	200
wild things  japan	https://www.wildthings.jp/	blocked	429
w6yz	https://www.w6yz.com/	alive	200
studio eva d.	https://www.studioevad.com/	alive	200
zinzi	https://www.zinzi.com/	alive	200
zeha berlin	https://www.zeha-berlin.de/	alive	200
the eastern loom	https://www.theeasternloom.com/	alive	200
stacy adams	http://www.stacyadams.com/shop/index.html	http-dead	404
ucon acrobatics	https://ucon-acrobatics.com/	alive	200
van heusen	https://www.vanheusen.com/	alive	200
wolfskin tech lab	https://www.jack-wolfskin.de/	blocked	429
vsp	https://vspparis.com/	alive	200
young elite	https://youngelite.co/	alive	200
xq	https://xq-footwear.nl/	alive	200
wibra	https://www.wibra.eu/	alive	200
tiforganics	http://www.tiforganics.com/	blocked	403
tiny twig	https://tinytwig.com.au/	alive	200
vexed generation	http://vexed.co.uk/	alive	200
unravel project	https://www.bentavernitiunravelproject.com/	dns-dead	no A/AAAA @1.1.1.1
vessi	https://vessi.com/	alive	200
wildcraft	http://www.wildcraftcare.com/	alive	200
wellfit	http://wellfitskincare.com/	alive	200
we are kindred	https://wearekindred.com.au/	alive	200
viori	https://viori.com/	alive	200
marks & spencer	https://marksandspencer.ru/	timeout	
tivoli	https://www.tivoliclothing.com/	alive	200
vostok watches	https://vostokinc.com/	alive	200
w.kleinberg	https://www.wkleinberg.com/	alive	200
yume	https://yumelabel.com/	tls-error	UNABLE_TO_GET_ISSUER_CERT_LOCALLY
zen diamond	https://www.zen-diamond.de/	alive	200
twinlife	https://www.twinlife.com/	alive	200
salewa	https://www.salewa.com/	alive	200
veshh-eon	https://veshheon.in/	dns-dead	no A/AAAA @1.1.1.1
we are we wear	http://wearewewear.com/	alive	200
true beauty lashes  inc.	https://inspiretruebeauty.com/	alive	200
wat? apparel	https://www.watapparel.de/	alive	200
yess	https://www.yessbelgium.be/	alive	200
little hedonist	https://www.littlehedonist.nl/	timeout	
viguera	https://www.alpargatasviguera.com/	alive	200
cbi laboratories	http://www.cbiskincare.com/	timeout	
tsuruya department store	http://www.tsuruya-dept.co.jp/	alive	200
vitos 1925	https://www.vitos1925.com/	tls-error	ERR_SSL_SSL/TLS_ALERT_HANDSHAKE_FAILURE
stila	http://stilacosmetics.com/	alive	200
zattura	https://zattura.com/	alive	200
wild roman inc.	http://wildroman.com/	alive	200
weat	https://www.weeatavocadotoast.com/	alive	200
true touch collections llc	https://mytruetouch.net/	blocked	403
voltage sport	https://voltagesport.com/	http-dead	402
watch depot	https://www.watchdepot.com.au/	alive	200
vince camuto	https://www.vincecamuto.com/	alive	200
thialh	http://www.thialh.com/	alive	200
betmar	https://www.betmarhats.com/	timeout	
ara	http://www.shoebuy.com/ara-shoes.htm	timeout	
stefano branchini	https://www.branchinishoes.com/	timeout	
top3 shoes	https://www.top3shoes.com/	alive	200
thursday boot company	https://thursdayboots.com/	alive	200
therapina	http://therapina.com/	http-dead	402
stefford	https://steffordonline.com/	tls-error	CERT_HAS_EXPIRED
the pro shop	https://www.theproshop.co.za/	alive	200
the attico	https://www.theattico.com/	alive	200
pour les femmes	https://plfdreams.com/	blocked	429
the fragrance shop	https://www.thefragranceshop.co.uk/	blocked	403
tommy bahama	https://www.tommybahama.com/	alive	200
theory	https://www.theory.com/	blocked	403
upim	https://www.upim.com/	alive	200
terre de cuir	https://www.terre-de-cuir.com/	alive	200
tenson	http://tenson.com/	alive	200
toread	https://www.toread.com.cn/	alive	200
zoe karssen	https://zoekarssen.com/	dns-dead	no A/AAAA @1.1.1.1
zielinski & rozen	https://zielinskiandrozen.com/	alive	200
warrior shanghai	https://warrior-shanghai.com/	alive	200
stevie may	https://www.steviemay.com.au/	alive	200
valliani jewelers	https://www.vallianijewelers.com/	alive	200
s threads boutique	https://sthreads.boutique/	timeout	
vulé skin	https://vuleskin.com/	alive	200
xtian de medici	https://www.xtianmedici.com/	alive	200
seafolly	https://www.seafolly.com.au/	timeout	
uniform destination	https://www.uniformdestination.com/	alive	200
pertini	https://www.pertini.es/	alive	200
torrain	https://torrain.org/?oid=257&affid=1&source_id=GoY-rating&sub1=brandpage	alive	200
roselin joyeros	https://roselin.es/	alive	200
topaz boutique swim	http://www.topazluxe.com/	alive	200
yourturn	https://www.your-turn.com/en	alive	200
warrior / huili	https://www.warriorshoes.com/home/index.aspx	alive	200
rut & circle	https://www.rutandcircle.com/	alive	200
solstice sunglasses	https://solsticesunglasses.com/	alive	200
velvet by graham&spencer	https://www.velvet-tees.com/	alive	200
discount universe	https://discountuniverse.com.au/	timeout	
we are knitters	https://www.weareknitters.com/	alive	200
warriors of the divine	https://warriorsdivine.com/	alive	200
yest	https://www.yest.com/	alive	200
the inoue brothers...	https://www.theinouebrothers.net/	alive	200
ten cate	https://ltencate.com/nl/	timeout	
sans beast	https://sansbeast.com/?oid=198&affid=1&source_id=GoY-rating&sub1=brandpage	alive	200
sundew sewing co	https://sundewsewing.com/	alive	200
wearable verbiage	https://www.redbubble.com/people/WearableVerbiag/shop	blocked	403
younman	https://www.youngman.com.tw/	tls-error	ERR_SSL_DH_KEY_TOO_SMALL
sessions	http://www.sessions.com/	alive	200
sheglam	https://www.sheglam.com/	alive	200
van harper	https://vanharper.com/	http-dead	409
ferruccio vecchi	https://ferrucciovecchi.com/	alive	200
waiwai rio	https://waiwairio.com/	alive	200
zancan	https://italy.zancangioielli.com/	alive	200
tween brands	https://www.shopjustice.com/	tls-error	CERT_HAS_EXPIRED
zoolmates	https://zoolmates.com/	alive	200
metissier	https://www.metissier.com/	timeout	
zillertaler trachtenwelt	https://trachtenwelt.com/	alive	200
warehouse	https://www.warehouse.co.uk/	alive	200
unpaste	http://unpaste.us/	alive	200
wknd apparel	https://wknd-apparel.com/	server-error	521
tilley	https://www.tilley.com/	alive	200
woodrow	https://woodrowstudio.com/	alive	200
roscomar	https://roscomar.com/	timeout	
ascena retail group	https://www.ascenaretail.com/	timeout	
ultra diamonds	http://www.ultradiamonds.com/	timeout	
radyan corporation	https://radyan.net/	timeout	
threadheads	https://threadheads.com/	blocked	429
visvim	https://visvim.tv/	timeout	
tiradia	https://tiradia.com/	alive	200
wendy malinovsky	https://en.wendymalinovsky.com/	alive	200
yu stepanel	https://www.yu-stepanel.com/	net-error	ECONNRESET
ziener	https://ziener.com/en/	alive	200
yishion kids	https://yishion.sg/	blocked	403
v.gan	https://vgan-life.com/	blocked	429
walbusch	https://www.walbusch.de/	alive	200
winds of change	https://windsofchangeshop.com/	alive	200
gian marco venturi	https://gmv-gianmarcoventuri.it/	timeout	
the mr.crossbow co.	https://mrcrossbow.com/	http-dead	404
zerocentcinq	https://0-105.com/en/	alive	200
joshua tree mug company	https://joshuatreemugco.com/	timeout	
zerra & co.	http://www.zerraco.com/	alive	200
actree	http://www.actree.co.jp/en/	timeout	
yves enzo	https://www.yvesenzo.fr/	net-error	UNABLE_TO_VERIFY_LEAF_SIGNATURE
werner christ	https://www.wernerchrist.com/	alive	200
daniele	https://www.danielecarlotta.com/	timeout	
freemans	http://www.freemans.com/	timeout	
vyayama	https://www.vyayama.com/	net-error	ECONNRESET
valery joseph hair care inc.	http://valeryjoseph.com/	alive	200
tessa koops	https://www.tessakoops.com/	alive	200
wama underwear	https://www.wamaunderwear.com/	alive	200
vg sara x	http://vgsarax.ca/	http-dead	423
zumo	https://www.zumo-international.com/	alive	200
seelight paris	https://seelight.paris/	alive	200
zolotyi vik	https://zolotiyvik.ua/	alive	200
blueberry jam store	https://www.blueberryjam.de/	timeout	
xpooos	https://www.xpooos.com/	blocked	429
