F0 le dernier RUN achevé et la fenêtre de 7 jours
id|debut|fin|status
b4e6b708-77b7-4436-9f9e-e5c2278cecf8|2026-10-01 16:03|2026-10-01 18:25|FAILED
(1 row)
F1 nouvelles publications par source ACTIVE et par jour (7 jours pleins) — la règle de sélection lue par la passe
key|kind|lastRunStatus|nouvelles_7j|par_jour|ancienne|connues
boots|generic-listing|OK|1906|272.3|f|1985
estee-lauder-companies|eightfold|DEGRADED|1898|271.1|f|1973
pvh|phenom|OK|1584|226.3|f|1605
kering|eightfold|OK|1079|154.1|f|1116
lvmh|lvmh_algolia|DEGRADED|824|117.7|t|7501
hm-group|smartrecruiters-whitelabel|OK|662|94.6|t|2839
ulta-jibe|jibe|OK|659|94.1|t|11248
knitwell-us-retail|workday|DEGRADED|627|89.6|t|2755
nordstrom|workday|DEGRADED|479|68.4|t|2142
tiffany-oracle|oraclehcm|OK|467|66.7|f|474
lovisa|teamtailor|OK|442|63.1|t|1731
rituals|rituals|OK|423|60.4|t|1308
wttj-sector|wttj-sector|OK|422|60.3|t|2586
tapestry|workday|DEGRADED|369|52.7|t|2704
skechers-phenom|phenom|OK|350|50.0|t|1969
sephora-france|successfactors|DEGRADED|342|48.9|t|2683
primark|smartrecruiters-whitelabel|OK|323|46.1|t|1499
swatch-group|swatchgroup|DEGRADED|309|44.1|t|399
swarovski|workday|DEGRADED|265|37.9|t|854
urbn-hub|icims|OK|250|35.7|t|1806
bloomingdales-oracle|oraclehcm|OK|196|28.0|t|1225
hugo-boss-phenom|phenom|OK|195|27.9|t|780
mango|workday|DEGRADED|193|27.6|t|1890
nike|workday|DEGRADED|186|26.6|t|1105
adidas|successfactors|OK|163|23.3|t|1463
richemont-workday|workday|DEGRADED|154|22.0|t|1680
crocs|successfactors|DEGRADED|132|18.9|t|645
monoprix|digitalrecruiters|OK|117|16.7|t|890
lagardere-travel-retail|talentsoft|OK|109|15.6|f|109
penningtons|smartrecruiters-whitelabel|OK|102|14.6|t|429
groupe-printemps|talentsoft|OK|101|14.4|f|103
normal|teamtailor|OK|101|14.4|t|679
foot-locker-france|phenom|OK|100|14.3|t|3128
saks|workday|OK|98|14.0|t|925
capri-michael-kors|workday|OK|95|13.6|t|633
pandora-talenthub|generic-listing|OK|95|13.6|t|1024
beauty-success-geodir|geodirectory|OK|89|12.7|f|103
la-casa-de-las-carcasas|teamtailor|OK|87|12.4|t|823
parfums-chanel|workday|OK|87|12.4|t|1252
intersport-france|jobaffinity-wordpress|DEGRADED|85|12.1|t|1029
sandro|smartrecruiters-whitelabel|OK|74|10.6|t|631
nike-nke2|workday|DEGRADED|70|10.0|t|96
aroma-zone|teamtailor|OK|67|9.6|t|268
puma|workday|DEGRADED|67|9.6|t|714
zegna-altamira|altamira|OK|66|9.4|f|67
richemont|workday|DEGRADED|63|9.0|t|592
madewell|workday|OK|61|8.7|t|414
space-nk|teamtailor|OK|56|8.0|t|203
lush|greenhouse|OK|55|7.9|t|369
lacoste|digitalrecruiters|OK|52|7.4|t|549
deckers|workday|OK|50|7.1|t|505
drunk-elephant-2|successfactors|OK|46|6.6|t|218
rivoli-typesense|typesense|OK|46|6.6|f|46
prada-group|successfactors|OK|44|6.3|t|301
groupe-chantelle|talentsoft|OK|42|6.0|f|42
lindex-easycruit|easycruit|OK|41|5.9|f|44
bash-talents|bashtalents|OK|40|5.7|t|94
marc-o-polo|generic-listing|DEGRADED|40|5.7|t|121
vf-corporation|workday|DEGRADED|40|5.7|t|944
a-derma-4|workday|OK|39|5.6|t|284
kiabi|smartrecruiters-whitelabel|OK|36|5.1|t|270
element-6|magnet|OK|35|5.0|t|411
lancel|generic-listing|OK|34|4.9|f|34
therealreal|workday|DEGRADED|33|4.7|t|155
douglas-sf|successfactors|OK|32|4.6|t|351
beiersdorf|generic-listing|OK|31|4.4|t|216
rolex|successfactors|OK|29|4.1|t|247
arcteryx|lever|OK|28|4.0|t|341
brown-thomas-taleo|taleo|OK|28|4.0|t|99
jean-paul-gaultier-5|successfactors|OK|27|3.9|t|266
galeries-lafayette|teamtailor|OK|26|3.7|t|178
nocibe-eqwa|eqwa|OK|26|3.7|t|304
asos|smartrecruiters-whitelabel|OK|25|3.6|t|90
petit-bateau|smartrecruiters-whitelabel|OK|25|3.6|t|67
white-stuff|teamtailor|OK|25|3.6|t|214
clarkson-eyecare|greenhouse|OK|23|3.3|t|179
courir|smartrecruiters-whitelabel|OK|23|3.3|t|438
escada-parfums-16|successfactors|OK|23|3.3|t|207
reformation|greenhouse|OK|23|3.3|t|176
american-vintage-dr|digitalrecruiters|OK|22|3.1|t|81
burberry|successfactors|OK|22|3.1|t|176
etam|teamtailor|OK|22|3.1|t|303
kiko-milano|recruitee|OK|21|3.0|t|42
valentino|successfactors|OK|21|3.0|t|95
kult-olymp-hades|recruitee|OK|20|2.9|t|106
pga-tour-superstore|workday|OK|20|2.9|t|202
dr-martens-tf|talentfunnel|OK|19|2.7|t|224
hans-anders|teamtailor|OK|19|2.7|t|167
hot-topic|lever|OK|19|2.7|f|19
luxexperience|generic-listing|OK|19|2.7|t|79
marella|smartrecruiters-whitelabel|OK|19|2.7|t|214
apm-monaco|workable|OK|18|2.6|t|172
chalhoub|teamtailor|OK|18|2.6|t|179
clarins|successfactors|DEGRADED|18|2.6|t|111
salomon|smartrecruiters-whitelabel|OK|18|2.6|t|129
aptar-beauty|successfactors|OK|17|2.4|t|255
everything-but-water|workday|OK|17|2.4|t|74
maison-margiela|successfactors|OK|17|2.4|t|197
adopt-parfums|flatchr|OK|16|2.3|t|154
mejuri|greenhouse|OK|16|2.3|t|172
selfridges|generic-listing|OK|16|2.3|t|99
jules|talentview|OK|15|2.1|t|90
ami-paris|recruitee|OK|14|2.0|t|35
conde-nast-france|workday|OK|14|2.0|t|153
eram-3|magnet|OK|14|2.0|t|107
figs|greenhouse|OK|14|2.0|t|40
jeans-centre|recruitee|OK|14|2.0|t|82
sezane|workable|OK|14|2.0|t|141
singularu|teamtailor|OK|14|2.0|t|58
suitsupply|greenhouse|OK|14|2.0|t|181
aigle|digitalrecruiters|OK|13|1.9|t|138
avolta|successfactors|OK|13|1.9|t|262
canada-goose|workday|DEGRADED|13|1.9|t|90
molton-brown|greenhouse|OK|13|1.9|t|29
oak-essentials|greenhouse|OK|13|1.9|t|49
soeur|teamtailor|OK|13|1.9|t|68
aritzia|workday|DEGRADED|12|1.7|t|554
armand-thiery-flatchr|flatchr|OK|12|1.7|t|210
dr-pierre-ricaud|successfactors|OK|12|1.7|t|85
knitwell-us-corporate|workday|OK|12|1.7|t|128
mecca|workday|DEGRADED|12|1.7|t|180
capri-jimmy-choo|workday|OK|11|1.6|t|62
gymshark|greenhouse|OK|11|1.6|t|40
ilia|greenhouse|OK|11|1.6|t|23
jojo-maman-bebe|teamtailor|OK|11|1.6|t|33
kastner-ohler|generic-listing|DEGRADED|11|1.6|t|17
katie-loxton|teamtailor|OK|11|1.6|t|33
merkal|teamtailor|OK|11|1.6|t|44
monica-vinader|teamtailor|OK|11|1.6|t|60
nars|radancy|OK|11|1.6|t|53
quince|greenhouse|OK|11|1.6|t|160
browns-shoes|teamtailor|BROKEN|10|1.4|t|90
eric-bompard|smartrecruiters-whitelabel|OK|10|1.4|t|95
funky-buddha|smartrecruiters-whitelabel|OK|10|1.4|t|36
lagardere-travel-retail-de|talentsoft|OK|10|1.4|f|10
luxury-of-retail|digitalrecruiters|OK|10|1.4|t|32
my-jewellery|recruitee|OK|10|1.4|t|131
new-balance|workday|OK|10|1.4|t|113
psycho-bunny|generic-listing|OK|10|1.4|t|158
uniqlo-stores|workday|DEGRADED|10|1.4|t|116
audemars-piguet|smartrecruiters-whitelabel|OK|9|1.3|t|97
diptyque-workday|workday|ERROR|9|1.3|t|206
lagardere-duty-free|talentsoft|OK|9|1.3|f|9
promod|talentview|OK|9|1.3|t|60
saltrock-harri|harri|OK|9|1.3|t|45
acne-studios-jobylon|jobylon|OK|8|1.1|t|39
akira|teamtailor|OK|8|1.1|t|201
blue-banana|teamtailor|OK|8|1.1|t|25
gant|digitalrecruiters|OK|8|1.1|t|119
ms-mode|recruitee|OK|8|1.1|t|73
silbon|teamtailor|OK|8|1.1|t|85
skin-laundry|greenhouse|OK|8|1.1|t|62
boardriders|successfactors|OK|7|1.0|t|55
browns|lever|OK|7|1.0|t|58
loccitane-fr|teamtailor|OK|7|1.0|t|23
medik8|teamtailor|OK|7|1.0|t|18
movado|workday|DEGRADED|7|1.0|t|137
orlebar-brown|teamtailor|OK|7|1.0|t|22
ssense|teamtailor|OK|7|1.0|t|31
aeropostale|icims|OK|6|0.9|t|25
blackstore|jobaffinity-wordpress|DEGRADED|6|0.9|t|61
boggi-milano|recruitee|OK|6|0.9|t|119
brilliant-earth|greenhouse|OK|6|0.9|t|128
dolce-gabbana|successfactors|OK|6|0.9|t|104
ephemera|teamtailor|OK|6|0.9|t|52
everlane|greenhouse|OK|6|0.9|t|53
fenwick-volcanic|volcanic|OK|6|0.9|t|50
georges|teamtailor|OK|6|0.9|t|23
globus|generic-listing|OK|6|0.9|t|37
honey-birdette|teamtailor|OK|6|0.9|t|75
jd-sports|greenhouse|OK|6|0.9|t|220
longchamp|talentsoft|OK|6|0.9|t|46
mulberry|lever|OK|6|0.9|t|48
pepco|personio|OK|6|0.9|t|62
the-kooples|digitalrecruiters|OK|6|0.9|t|84
ackermans|teamtailor|OK|5|0.7|t|14
burnt|teamtailor|OK|5|0.7|t|9
bzb|teamtailor|OK|5|0.7|t|22
caudalie|generic-listing|OK|5|0.7|t|50
club-l-london|teamtailor|OK|5|0.7|t|29
decjuba|successfactors|OK|5|0.7|t|168
faguo|teamtailor|OK|5|0.7|t|14
lager-157|teamtailor|OK|5|0.7|t|47
maison-123|teamtailor|OK|5|0.7|t|75
naos|successfactors|OK|5|0.7|t|33
polene|ashby|OK|5|0.7|t|89
toteme|teamtailor|OK|5|0.7|t|26
uniqlo-headquarters|workday|OK|5|0.7|t|21
wehkamp|smartrecruiters-whitelabel|OK|5|0.7|t|8
balmain|talentsoft|OK|4|0.6|t|24
bevilles-jewellers|generic-listing|OK|4|0.6|t|26
breitling-sf|successfactors|OK|4|0.6|t|49
brunello-cucinelli|workday|DEGRADED|4|0.6|t|50
b-s-international|smartrecruiters-whitelabel|OK|4|0.6|t|77
celio|teamtailor|OK|4|0.6|t|16
fred-perry|teamtailor|OK|4|0.6|t|20
glitter|teamtailor|OK|4|0.6|t|43
intersport|teamtailor|OK|4|0.6|t|7
la-prairie|successfactors|OK|4|0.6|t|36
little-words-project|greenhouse|OK|4|0.6|t|19
l-occitane-en-provence-2|successfactors|OK|4|0.6|t|37
nutrafol|greenhouse|OK|4|0.6|t|13
nutrire|teamtailor|OK|4|0.6|t|68
oh-my-cream|teamtailor|OK|4|0.6|t|27
on-running|greenhouse|DEGRADED|4|0.6|t|304
parachute|greenhouse|OK|4|0.6|t|16
profil-optik|teamtailor|OK|4|0.6|t|37
siebel-juweliers|recruitee|OK|4|0.6|t|25
sisley|smartrecruiters-whitelabel|OK|4|0.6|t|49
tekla|greenhouse|OK|4|0.6|t|9
uniqlo-us-retail|workday|OK|4|0.6|t|361
veronica-beard|greenhouse|OK|4|0.6|t|73
vivienne-westwood|teamtailor|OK|4|0.6|t|14
vlisco|teamtailor|OK|4|0.6|t|12
asics|smartrecruiters-whitelabel|OK|3|0.4|t|40
blueland|lever|OK|3|0.4|t|5
bravissimo|teamtailor|OK|3|0.4|t|17
buck-mason|lever|OK|3|0.4|t|247
eurofragrance|teamtailor|OK|3|0.4|t|43
gemmyo|generic-listing|OK|3|0.4|t|11
gorjana|greenhouse|OK|3|0.4|t|170
goyard-successfactors|successfactors|OK|3|0.4|t|24
hoff|teamtailor|OK|3|0.4|t|12
la-fee-maraboutee|teamtailor|OK|3|0.4|t|23
la-redoute-talentview|talentview|OK|3|0.4|t|8
laverana-gmbh-co-kg|personio|OK|3|0.4|t|27
lucy-yak|teamtailor|OK|3|0.4|t|6
mq-marqet|teamtailor|OK|3|0.4|t|9
mr-marvis|teamtailor|OK|3|0.4|t|40
multiopticas|teamtailor|OK|3|0.4|t|100
orchestra|teamtailor|OK|3|0.4|t|86
ounass|teamtailor|OK|3|0.4|t|33
pegador|personio|OK|3|0.4|t|15
shein|greenhouse|OK|3|0.4|t|21
thomas-sabo|personio|OK|3|0.4|t|44
undiz|teamtailor|OK|3|0.4|t|64
vivobarefoot|teamtailor|OK|3|0.4|t|18
aime-leon-dore|greenhouse|OK|2|0.3|t|13
bonsoirs|wttj|OK|2|0.3|t|3
bubble|greenhouse|OK|2|0.3|t|8
castore|teamtailor|OK|2|0.3|t|32
dune-london|teamtailor|OK|2|0.3|t|28
fitflop|teamtailor|OK|2|0.3|t|14
g-label-by-goop|greenhouse|OK|2|0.3|t|8
glossier|greenhouse|OK|2|0.3|t|32
jewells|teamtailor|OK|2|0.3|t|7
j-lindeberg|teamtailor|OK|2|0.3|t|14
kicks|teamtailor|OK|2|0.3|t|16
luhta|teamtailor|OK|2|0.3|t|5
madhappy|lever|OK|2|0.3|t|18
magasin-du-nord|teamtailor|OK|2|0.3|t|40
nude-project|teamtailor|OK|2|0.3|t|21
patek-philippe|successfactors|OK|2|0.3|t|16
peak-performance|teamtailor|OK|2|0.3|t|20
rebag|greenhouse|OK|2|0.3|t|20
riu-paris|flatchr|OK|2|0.3|t|24
shinola-retail|greenhouse|OK|2|0.3|t|15
stella-mccartney|workday|OK|2|0.3|t|36
yse-paris|teamtailor|OK|2|0.3|t|30
aeyde|personio|OK|1|0.1|t|9
alpha-industries|personio|OK|1|0.1|t|3
amiri|lever|OK|1|0.1|t|39
apivita|workable|OK|1|0.1|t|10
baccarat|talentview|OK|1|0.1|t|19
brothers|teamtailor|OK|1|0.1|t|18
cabaia|teamtailor|OK|1|0.1|t|11
camper|teamtailor|OK|1|0.1|t|51
catbird|lever|OK|1|0.1|t|25
closed|personio|OK|1|0.1|t|16
dolls-kill|lever|OK|1|0.1|t|14
end-clothing|generic-listing|OK|1|0.1|t|21
ganni-talentrecruiter|talentrecruiter|OK|1|0.1|t|25
got-bag|personio|OK|1|0.1|t|4
herschel-supply-co|greenhouse|OK|1|0.1|t|11
indiska|teamtailor|OK|1|0.1|t|5
john-henric|teamtailor|OK|1|0.1|t|14
julie-grace|personio|OK|1|0.1|t|5
killstar|teamtailor|OK|1|0.1|t|4
knitwell-us-distribution|workday|OK|1|0.1|t|20
la-senza|greenhouse|OK|1|0.1|t|61
levis|workday|DEGRADED|1|0.1|t|3
lexington|teamtailor|OK|1|0.1|f|1
madame-figaro|wttj|OK|1|0.1|t|15
motel|teamtailor|OK|1|0.1|t|4
naturkompaniet|teamtailor|OK|1|0.1|t|5
nyx-professional-makeup|teamtailor|OK|1|0.1|t|15
oh-polly|teamtailor|OK|1|0.1|t|20
petrol-industries|teamtailor|OK|1|0.1|t|6
printful|teamtailor|OK|1|0.1|t|13
profuomo|recruitee|OK|1|0.1|t|11
saffron|teamtailor|OK|1|0.1|t|3
shinola|greenhouse|OK|1|0.1|t|13
tiger-of-sweden|teamtailor|OK|1|0.1|t|6
toscane|flatchr|OK|1|0.1|t|27
tropicfeel|teamtailor|OK|1|0.1|f|1
trussardi|teamtailor|OK|1|0.1|t|16
uniqlo-graduates|workday|OK|1|0.1|t|12
uniqlo-vn-headquarters|workday|OK|1|0.1|t|13
yaya|recruitee|OK|1|0.1|t|25
585-gold|smartrecruiters-whitelabel|OK|0|0.0|t|3
abercrombie|smartrecruiters-whitelabel|OK|0|0.0|t|8
aim-n|teamtailor|OK|0|0.0|t|4
alberto|generic-listing|OK|0|0.0|t|4
annoushka|teamtailor|OK|0|0.0|t|3
asket|teamtailor|OK|0|0.0|t|2
attaquer|generic-listing|DEGRADED|0|0.0|t|3
axel-arigato|teamtailor|OK|0|0.0|t|6
ballantynes|smartrecruiters-whitelabel|OK|0|0.0|t|9
baron|smartrecruiters-whitelabel|OK|0|0.0|t|5
bellabeat|smartrecruiters-whitelabel|OK|0|0.0|t|1
bella-canvas|greenhouse|OK|0|0.0|t|2
bellroy|greenhouse|OK|0|0.0|t|13
belstaff|teamtailor|OK|0|0.0|t|44
bernadette|greenhouse|OK|0|0.0|t|1
bespoke-post|lever|OK|0|0.0|t|3
blacks|greenhouse|OK|0|0.0|t|1
bloom|smartrecruiters-whitelabel|OK|0|0.0|t|2
bombas|greenhouse|OK|0|0.0|t|12
buff|teamtailor|OK|0|0.0|t|4
cambio|teamtailor|OK|0|0.0|t|7
chico-s|workday|OK|0|0.0|t|16
chisholm-hunter|smartrecruiters-whitelabel|OK|0|0.0|t|1
chrome|greenhouse|OK|0|0.0|t|1
city-beauty|greenhouse|OK|0|0.0|t|1
claires-workday|workday|OK|0|0.0|t|12
club-monaco|greenhouse|OK|0|0.0|t|25
cove|teamtailor|OK|0|0.0||0
cuyana|greenhouse|OK|0|0.0|t|1
cynthia-rowley|smartrecruiters-whitelabel|OK|0|0.0|t|1
damart|teamtailor|OK|0|0.0|t|4
damiani|successfactors|OK|0|0.0|t|29
dfs|successfactors|OK|0|0.0|t|4
eastpak|smartrecruiters-whitelabel|OK|0|0.0|t|4
el-palacio-de-hierro|successfactors|OK|0|0.0|t|4
essilorluxottica|smartrecruiters-whitelabel|OK|0|0.0|t|7
fast-retailing-id-headquarters|workday|OK|0|0.0|t|6
fast-retailing-ph-headquarters|workday|OK|0|0.0|t|3
ferrari|successfactors|OK|0|0.0|t|14
filson|greenhouse|OK|0|0.0|t|7
fjallraven|teamtailor|OK|0|0.0|t|1
frank-darling|teamtailor|OK|0|0.0|t|28
good-american|lever|OK|0|0.0|t|16
go-outdoors|greenhouse|OK|0|0.0|t|4
groundies|personio|OK|0|0.0|t|1
gu-hk-headquarters|workday|OK|0|0.0|t|2
gu-us-headquarters|workday|OK|0|0.0|t|2
gu-us-retail|workday|OK|0|0.0|t|6
hanna-andersson|lever|OK|0|0.0|t|7
happy-socks|teamtailor|OK|0|0.0|t|3
horace|teamtailor|OK|0|0.0|t|26
innisfree|smartrecruiters-whitelabel|OK|0|0.0|t|1
iris-van-herpen|recruitee|OK|0|0.0|t|7
it-s-fashion|smartrecruiters-whitelabel|OK|0|0.0|t|1
jansport|workday|DEGRADED|0|0.0|t|2
joe-fresh|smartrecruiters-whitelabel|OK|0|0.0|t|3
jonsson-workwear|greenhouse|OK|0|0.0|t|29
kapten-son|recruitee|OK|0|0.0|t|29
karla-otto|teamtailor|OK|0|0.0|t|11
kate-mcleod|greenhouse|OK|0|0.0|t|4
kidzart|smartrecruiters-whitelabel|OK|0|0.0|t|1
klattermusen|teamtailor|OK|0|0.0|t|2
lavish-alice|teamtailor|OK|0|0.0|t|2
lensa|teamtailor|OK|0|0.0|t|3
lerros|personio|OK|0|0.0|t|1
loplabbet|teamtailor|OK|0|0.0|t|1
l-oreal-professionnel|avature|BROKEN|0|0.0||0
lounge|teamtailor|OK|0|0.0|t|16
lovable|greenhouse|OK|0|0.0|t|61
lumentee|generic-listing|DEGRADED|0|0.0|t|5
margaret-howell|teamtailor|OK|0|0.0|t|1
mascot-workwear|successfactors|OK|0|0.0|t|46
merz-b-schwanen|personio|OK|0|0.0|t|2
mvmt|smartrecruiters-whitelabel|OK|0|0.0|t|1
nikin|recruitee|OK|0|0.0|t|3
nudie-jeans|teamtailor|OK|0|0.0|t|4
olaplex|greenhouse|OK|0|0.0|t|9
ortovox|personio|OK|0|0.0|t|1
oska|generic-listing|OK|0|0.0|t|30
parco|smartrecruiters-whitelabel|OK|0|0.0|t|1
passage-du-desir|teamtailor|OK|0|0.0|t|11
peacocks|smartrecruiters-whitelabel|OK|0|0.0|t|25
picard|generic-listing|DEGRADED|0|0.0|t|12
point-zero|smartrecruiters-whitelabel|OK|0|0.0|t|1
prisma-media|teamtailor|OK|0|0.0|t|17
pronovias|teamtailor|OK|0|0.0|t|26
realself|lever|OK|0|0.0|t|2
sabon|teamtailor|OK|0|0.0|t|2
sacoor-brothers|smartrecruiters-whitelabel|OK|0|0.0|t|1
showroomprive|teamtailor|OK|0|0.0|t|29
spinelli-kilcollin|greenhouse|OK|0|0.0|t|3
stanley-stella|personio|OK|0|0.0|t|10
state-of-art|recruitee|OK|0|0.0|t|33
subset|teamtailor|OK|0|0.0|t|4
supergoop|greenhouse|OK|0|0.0|t|9
taylor-stitch|smartrecruiters-whitelabel|OK|0|0.0|t|2
theory-eu|workday|OK|0|0.0|t|18
theory-us-retail|workday|OK|0|0.0|t|6
thirdlove|greenhouse|OK|0|0.0|t|24
tods|successfactors|OK|0|0.0|t|16
tom-wood|teamtailor|OK|0|0.0|t|3
typology|teamtailor|OK|0|0.0|t|8
uniqlo-au-graduates|workday|OK|0|0.0|t|2
uniqlo-au-stores|workday|OK|0|0.0|t|71
uniqlo-hkm-headquarters|workday|DEGRADED|0|0.0|t|4
uniqlo-my-headquarters|workday|OK|0|0.0|t|5
uniqlo-th-headquarters|workday|OK|0|0.0|t|2
uniqlo-us-headquarters|workday|OK|0|0.0|t|10
united-colors-of-benetton|smartrecruiters-whitelabel|OK|0|0.0|t|1
velvet-canyon|smartrecruiters-whitelabel|OK|0|0.0|t|1
vestiaire-collective|lever|OK|0|0.0|t|9
visionlab|smartrecruiters-whitelabel|OK|0|0.0|t|1
yema|smartrecruiters-whitelabel|OK|0|0.0|t|6
(412 rows)
F2 requêtes de la collecte d offres du dernier RUN (sous décision d accès), par source et par forme d adresse
sk|kind|method|forme|requetes
585-gold|SMARTRECRUITERS|GET|/#/companies/#/postings/#|3
abercrombie|SMARTRECRUITERS|GET|/#/companies/AbercrombieAndFitchCo/postings/#|8
acne-studios-jobylon|JOBYLON|GET|/jobs/#/|31
a-derma-4|WORKDAY|GET|/wday/cxs/pierrefabre/External_Career_Site/job/#/#|104
a-derma-4|WORKDAY|POST|/wday/cxs/pierrefabre/External_Career_Site/jobs|12
a-derma-4|WORKDAY|GET|/wday/cxs/pierrefabre/External_Career_Site/job/Belgium---Bruxelles---Office/#|11
a-derma-4|WORKDAY|GET|/wday/cxs/pierrefabre/External_Career_Site/job/Greece---Athens/#|8
a-derma-4|WORKDAY|GET|/wday/cxs/pierrefabre/External_Career_Site/job/Brazil---Barra/#|6
a-derma-4|WORKDAY|GET|/wday/cxs/pierrefabre/External_Career_Site/job/UK---London/#|6
a-derma-4|WORKDAY|GET|/wday/cxs/pierrefabre/External_Career_Site/job/USA---Secaucus/#|5
a-derma-4|WORKDAY|GET|/wday/cxs/pierrefabre/External_Career_Site/job/Mexico---Corporativo-Legaria/#|4
a-derma-4|WORKDAY|GET|/wday/cxs/pierrefabre/External_Career_Site/job/Singapore---Office/#|4
a-derma-4|WORKDAY|GET|/wday/cxs/pierrefabre/External_Career_Site/job/UK---Networks/#|4
a-derma-4|WORKDAY|GET|/wday/cxs/pierrefabre/External_Career_Site/job/Hong-Kong---Hong-Kong/#|3
a-derma-4|WORKDAY|GET|/wday/cxs/pierrefabre/External_Career_Site/job/Taiwan---Taipei/#|3
a-derma-4|WORKDAY|GET|/wday/cxs/pierrefabre/External_Career_Site/job/Tianjin/#|3
a-derma-4|WORKDAY|GET|/wday/cxs/pierrefabre/External_Career_Site/job/Trkiye---Networks/#|3
a-derma-4|WORKDAY|GET|/wday/cxs/pierrefabre/External_Career_Site/job/China---Beijing/#|3
a-derma-4|WORKDAY|GET|/wday/cxs/pierrefabre/External_Career_Site/job/Germany---Freiburg/#|3
a-derma-4|WORKDAY|GET|/wday/cxs/pierrefabre/External_Career_Site/job/Germany---Networks/#|3
a-derma-4|WORKDAY|GET|/wday/cxs/pierrefabre/External_Career_Site/job/USA---Networks/#|3
a-derma-4|WORKDAY|GET|/wday/cxs/pierrefabre/External_Career_Site/job/Brazil---Networks/#|3
a-derma-4|WORKDAY|GET|/wday/cxs/pierrefabre/External_Career_Site/job/Hangzhou/#|3
a-derma-4|WORKDAY|GET|/wday/cxs/pierrefabre/External_Career_Site/job/China---Shanghai/#|3
a-derma-4|WORKDAY|GET|/wday/cxs/pierrefabre/External_Career_Site/job/Germany---Berlin/#|3
a-derma-4|WORKDAY|GET|/wday/cxs/pierrefabre/External_Career_Site/job/Wuhan/#|2
a-derma-4|WORKDAY|GET|/wday/cxs/pierrefabre/External_Career_Site/job/Chongqing/#|2
a-derma-4|WORKDAY|GET|/wday/cxs/pierrefabre/External_Career_Site/job/France---Lavaur---Les-Cauquillous/#|2
a-derma-4|WORKDAY|GET|/wday/cxs/pierrefabre/External_Career_Site/job/Greece---Networks/#|2
a-derma-4|WORKDAY|GET|/wday/cxs/pierrefabre/External_Career_Site/job/Guangzhou/#|2
a-derma-4|WORKDAY|GET|/wday/cxs/pierrefabre/External_Career_Site/job/Hefei/#|2
a-derma-4|WORKDAY|GET|/wday/cxs/pierrefabre/External_Career_Site/job/Mexico---Networks/#|2
a-derma-4|WORKDAY|GET|/wday/cxs/pierrefabre/External_Career_Site/job/Russia---Moscow/#|2
a-derma-4|WORKDAY|GET|/wday/cxs/pierrefabre/External_Career_Site/job/Russia---Networks/#|2
a-derma-4|WORKDAY|GET|/wday/cxs/pierrefabre/External_Career_Site/job/Zhengzhou/#|2
a-derma-4|WORKDAY|GET|/wday/cxs/pierrefabre/External_Career_Site/job/Spain---Networks/#|2
a-derma-4|WORKDAY|GET|/wday/cxs/pierrefabre/External_Career_Site/job/UAE---Dubai/#|2
a-derma-4|WORKDAY|GET|/wday/cxs/pierrefabre/External_Career_Site/job/Chengdu/#|2
a-derma-4|WORKDAY|GET|/wday/cxs/pierrefabre/External_Career_Site/job/Australia---North-Sydney/#|2
adidas|SUCCESSFACTORS|GET|/job/#/#/|957
adidas|SUCCESSFACTORS|GET|/search/|24
adidas|SUCCESSFACTORS|GET|/job/Serravalle-Retail-Professional/#/|7
adidas|SUCCESSFACTORS|GET|/adidas/job/#/#/|5
adidas|SUCCESSFACTORS|GET|/job/Johannesburg-Permanent-Part-timer-Woodmead-GP/#/|4
adidas|SUCCESSFACTORS|GET|/job/Dalian-Specialist-GBS-AR-Retail-&amp;-Wholesale-LN/#/|3
adidas|SUCCESSFACTORS|GET|/job/Johannesburg-Permanent-Part-timer-Worldwear-Johannesburg-GP/#/|2
adidas|SUCCESSFACTORS|GET|/job/Mumbai-Retail-Associate-MH/#/|2
adidas|SUCCESSFACTORS|GET|/job/Dalian-Specialist-GBS-AR-eCom-LN/#/|2
adidas|SUCCESSFACTORS|GET|/job/Shanghai-Manager-Product-Incubation-SH/#/|2
adidas|SUCCESSFACTORS|GET|/job/Shanghai-Senior-Graphic-Designer-SH/#/|2
adidas|SUCCESSFACTORS|GET|/job/Warsaw-Shop-Assistant-MZ/#/|2
adidas|SUCCESSFACTORS|GET|/job/Chengdu-Assistant-Manager-FRS-Ops-West-SC/#/|2
adidas|SUCCESSFACTORS|GET|/job/France-Vendeur-Polyvalent-adidas-HFD-Avignon/#/|2
aeropostale|ICIMS|GET|/jobs/#/store-manager/job|5
aeropostale|ICIMS|GET|/jobs/#/store-manager---cal/job|3
aeropostale|ICIMS|GET|/jobs/#/associate-designer/job|3
aeropostale|ICIMS|GET|/jobs/#/#/job|2
aeropostale|ICIMS|GET|/jobs/#/product-manager/job|2
aeyde|PERSONIO|GET|/job/#|8
aigle|DIGITALRECRUITERS|GET|/fr/annonce/#|64
akira|TEAMTAILOR|GET|/jobs.json|2
alpha-industries|PERSONIO|GET|/job/#|2
american-vintage-dr|DIGITALRECRUITERS|GET|/fr/annonce/#|58
apm-monaco|WORKABLE|POST|/api/#/accounts/apm-monaco/jobs|18
aptar-beauty|SUCCESSFACTORS|GET|/job/#/#/|209
aptar-beauty|SUCCESSFACTORS|GET|/search/|3
arcteryx|LEVER|GET|/#/postings/arcteryx.com|3
aritzia|WORKDAY|GET|/wday/cxs/aritzia/External/job/#/#|414
aritzia|WORKDAY|GET|/wday/cxs/aritzia/External/job/Vancouver-BC-Canada-SO---Vancouver/#|79
aritzia|WORKDAY|POST|/wday/cxs/aritzia/External/jobs|27
aritzia|WORKDAY|GET|/wday/cxs/aritzia/External/job/Seattle-WA-USA-SO---Seattle/#|10
aritzia|WORKDAY|GET|/wday/cxs/aritzia/External/job/Texas-All-Stores/#|4
aritzia|WORKDAY|GET|/wday/cxs/aritzia/External/job/Toronto-ON-Canada-SO---Toronto/#|2
aritzia|WORKDAY|GET|/wday/cxs/aritzia/External/job/New-York-NY-USA-SO---New-York/#|2
aritzia|WORKDAY|GET|/wday/cxs/aritzia/External/job/British-Columbia-All-Stores/#|2
aroma-zone|TEAMTAILOR|GET|/jobs.json|2
asics|SMARTRECRUITERS|GET|/#/companies/asics/postings/#|34
asos|SMARTRECRUITERS|GET|/#/companies/asos/postings/#|71
attaquer|GENERIC_JSONLD|GET|/pages/careers|5
audemars-piguet|SMARTRECRUITERS|GET|/#/companies/audemarspiguet/postings/#|83
avolta|SUCCESSFACTORS|GET|/job/#/#/|55
avolta|SUCCESSFACTORS|GET|/search/|10
avolta|SUCCESSFACTORS|GET|/job/FSSC-Accounts-Payable-Specialist/#/|4
avolta|SUCCESSFACTORS|GET|/job/FSSC-General-Ledger-Senior-Accountant/#/|3
avolta|SUCCESSFACTORS|GET|/job/Parttime-Horecamedewerker-Nachtdiensten-Schiphol/#/|2
avolta|SUCCESSFACTORS|GET|/job/Teamleader-Kitchen/#/|2
avolta|SUCCESSFACTORS|GET|/job/Crew-Member-Gastronomy-Le-Chef/#/|2
baccarat|TALENTVIEW|GET|/funnel/#/companies/baccarat/campaigns/#|12
baccarat|TALENTVIEW|GET|/funnel/#/companies/baccarat/campaigns|3
ballantynes|SMARTRECRUITERS|GET|/#/companies/ballantynes/postings/#|8
balmain|TALENTSOFT|GET|/offre-de-emploi/liste-toutes-offres.aspx|3
balmain|TALENTSOFT|GET|/offre-de-emploi/#|2
baron|SMARTRECRUITERS|GET|/#/companies/baron/postings/#|5
bash-talents|BASH_TALENTS|GET|/fr-FR/offre/#|50
beiersdorf|GENERIC_JSONLD|GET|/career/jobs/#|134
beiersdorf|GENERIC_JSONLD|GET|/karriere/jobs/#|27
beiersdorf|GENERIC_JSONLD|GET|/ajax/Jobboard/JobResultAjax|18
bevilles-jewellers|GENERIC_JSONLD|GET|/jobs/#|7
blackstore|JOBAFFINITY_WORDPRESS|GET|/apply/#|56
blackstore|JOBAFFINITY_WORDPRESS|GET|/communes|39
bloom|SMARTRECRUITERS|GET|/#/companies/bloom/postings/#|2
bloomingdales-oracle|ORACLE_HCM|GET|/hcmRestApi/resources/latest/recruitingCEJobRequisitionDetails|987
bloomingdales-oracle|ORACLE_HCM|GET|/hcmRestApi/resources/latest/recruitingCEJobRequisitions|5
boardriders|SUCCESSFACTORS|GET|/job/#/#/|40
boardriders|SUCCESSFACTORS|GET|/search/|3
boots|GENERIC_JSONLD|GET|/jobs/#|1519
boots|GENERIC_JSONLD|GET|/#|2
breitling-sf|SUCCESSFACTORS|GET|/job/#/#|33
breitling-sf|SUCCESSFACTORS|POST|/services/recruiting/#/jobs|9
brown-thomas-taleo|TALEO|GET|/#/ats/careers/#/viewRequisition|82
brown-thomas-taleo|TALEO|GET|/#/ats/careers/#/searchResults|38
brunello-cucinelli|WORKDAY|GET|/wday/cxs/brunellocucinelli/Cucinelli/job/SOLOMEO/#|9
brunello-cucinelli|WORKDAY|GET|/wday/cxs/brunellocucinelli/Cucinelli/job/PARIS/#|5
brunello-cucinelli|WORKDAY|GET|/wday/cxs/brunellocucinelli/Cucinelli/job/LONDON/#|5
brunello-cucinelli|WORKDAY|GET|/wday/cxs/brunellocucinelli/Cucinelli/job/MONTECARLO/#|3
brunello-cucinelli|WORKDAY|GET|/wday/cxs/brunellocucinelli/Cucinelli/job/MADRID/#|3
brunello-cucinelli|WORKDAY|POST|/wday/cxs/brunellocucinelli/Cucinelli/jobs|3
brunello-cucinelli|WORKDAY|GET|/wday/cxs/brunellocucinelli/Cucinelli/job/ZURIGO/#|2
brunello-cucinelli|WORKDAY|GET|/wday/cxs/brunellocucinelli/Cucinelli/job/ABU-DHABI/#|2
brunello-cucinelli|WORKDAY|GET|/wday/cxs/brunellocucinelli/Cucinelli/job/NEW-YORK/#|2
b-s-international|SMARTRECRUITERS|GET|/#/companies/bsinternational/postings/#|51
buck-mason|LEVER|GET|/#/postings/buckmason|3
burberry|SUCCESSFACTORS|GET|/job/#/#/|35
burberry|SUCCESSFACTORS|GET|/search/|6
burberry|SUCCESSFACTORS|GET|/job/Tokyo-Department-Manager-Not/#/|2
burberry|SUCCESSFACTORS|GET|/job/Austin-Client-Advisor-Texa/#/|2
burberry|SUCCESSFACTORS|GET|/job/Costa-Mesa-Client-Advisor-Cali/#/|2
canada-goose|WORKDAY|GET|/wday/cxs/canadagoose/CanadaGooseCareers/job/Toronto-Ontario-CAN/#|20
canada-goose|WORKDAY|GET|/wday/cxs/canadagoose/CanadaGooseCareers/job/Winnipeg-Manitoba-CAN/#|13
canada-goose|WORKDAY|POST|/wday/cxs/canadagoose/CanadaGooseCareers/jobs|6
canada-goose|WORKDAY|GET|/wday/cxs/canadagoose/CanadaGooseCareers/job/Scarborough-Ontario-CAN/#|5
canada-goose|WORKDAY|GET|/wday/cxs/canadagoose/CanadaGooseCareers/job/King-of-Prussia-Pennsylvania-USA/#|5
canada-goose|WORKDAY|GET|/wday/cxs/canadagoose/CanadaGooseCareers/job/New-York-New-York-USA/#|5
canada-goose|WORKDAY|GET|/wday/cxs/canadagoose/CanadaGooseCareers/job/London-England-UK/#|4
canada-goose|WORKDAY|GET|/wday/cxs/canadagoose/CanadaGooseCareers/job/Oxfordshire-England-UK/#|4
canada-goose|WORKDAY|GET|/wday/cxs/canadagoose/CanadaGooseCareers/job/Montreal-Quebec-CAN/#|3
canada-goose|WORKDAY|GET|/wday/cxs/canadagoose/CanadaGooseCareers/job/Paris-FRA/#|3
canada-goose|WORKDAY|GET|/wday/cxs/canadagoose/CanadaGooseCareers/job/Costa-Mesa-California-USA/#|3
canada-goose|WORKDAY|GET|/wday/cxs/canadagoose/CanadaGooseCareers/job/Oakridge-Vancouver-British-Columbia-CAN/#|3
canada-goose|WORKDAY|GET|/wday/cxs/canadagoose/CanadaGooseCareers/job/Boston-Massachusetts-USA/#|3
canada-goose|WORKDAY|GET|/wday/cxs/canadagoose/CanadaGooseCareers/job/Atlanta-Georgia-USA/#|2
canada-goose|WORKDAY|GET|/wday/cxs/canadagoose/CanadaGooseCareers/job/Denver-Colorado-USA/#|2
canada-goose|WORKDAY|GET|/wday/cxs/canadagoose/CanadaGooseCareers/job/Munich-GEU/#|2
canada-goose|WORKDAY|GET|/wday/cxs/canadagoose/CanadaGooseCareers/job/Amsterdam-NLD/#|2
canada-goose|WORKDAY|GET|/wday/cxs/canadagoose/CanadaGooseCareers/job/Ottawa-Ontario-CAN/#|2
canada-goose|WORKDAY|GET|/wday/cxs/canadagoose/CanadaGooseCareers/job/Bellevue-Washington-USA/#|2
canada-goose|WORKDAY|GET|/wday/cxs/canadagoose/CanadaGooseCareers/job/Troy-Michigan-USA/#|2
canada-goose|WORKDAY|GET|/wday/cxs/canadagoose/CanadaGooseCareers/job/Vancouver-British-Columbia-CAN/#|2
capri-jimmy-choo|WORKDAY|GET|/wday/cxs/capri/JimmyChooCareers/job/London/#|16
capri-jimmy-choo|WORKDAY|GET|/wday/cxs/capri/JimmyChooCareers/job/#/#|5
capri-jimmy-choo|WORKDAY|GET|/wday/cxs/capri/JimmyChooCareers/job/Inland-Empire-Area/#|3
capri-jimmy-choo|WORKDAY|POST|/wday/cxs/capri/JimmyChooCareers/jobs|3
capri-jimmy-choo|WORKDAY|GET|/wday/cxs/capri/JimmyChooCareers/job/NY-Metro-Area/#|2
capri-jimmy-choo|WORKDAY|GET|/wday/cxs/capri/JimmyChooCareers/job/Paris/#|2
capri-jimmy-choo|WORKDAY|GET|/wday/cxs/capri/JimmyChooCareers/job/La-Roca/#|2
capri-michael-kors|WORKDAY|GET|/wday/cxs/capri/Michael_Kors/job/NY-Metro-Area/#|31
capri-michael-kors|WORKDAY|POST|/wday/cxs/capri/Michael_Kors/jobs|26
capri-michael-kors|WORKDAY|GET|/wday/cxs/capri/Michael_Kors/job/London/#|25
capri-michael-kors|WORKDAY|GET|/wday/cxs/capri/Michael_Kors/job/City-of-Las-Vegas/#|14
capri-michael-kors|WORKDAY|GET|/wday/cxs/capri/Michael_Kors/job/DallasFort-Worth-Metro/#|11
capri-michael-kors|WORKDAY|GET|/wday/cxs/capri/Michael_Kors/job/DC-Metro-Atlantic/#|10
capri-michael-kors|WORKDAY|GET|/wday/cxs/capri/Michael_Kors/job/Los-Angeles-Metropolitan-Area/#|10
capri-michael-kors|WORKDAY|GET|/wday/cxs/capri/Michael_Kors/job/San-Francisco---South-Bay-Area/#|10
capri-michael-kors|WORKDAY|GET|/wday/cxs/capri/Michael_Kors/job/Metropolitan-Area---Miami-Ft-Lauderdale-and-West-Palm-Beach/#|9
capri-michael-kors|WORKDAY|GET|/wday/cxs/capri/Michael_Kors/job/Orlando/#|8
capri-michael-kors|WORKDAY|GET|/wday/cxs/capri/Michael_Kors/job/Houston-Metro/#|7
capri-michael-kors|WORKDAY|GET|/wday/cxs/capri/Michael_Kors/job/Toronto/#|7
capri-michael-kors|WORKDAY|GET|/wday/cxs/capri/Michael_Kors/job/Phoenix-Metropolitan-Area/#|6
capri-michael-kors|WORKDAY|GET|/wday/cxs/capri/Michael_Kors/job/Greater-Atlanta/#|6
capri-michael-kors|WORKDAY|GET|/wday/cxs/capri/Michael_Kors/job/Barcelona/#|6
capri-michael-kors|WORKDAY|GET|/wday/cxs/capri/Michael_Kors/job/East-Rutherford/#|5
capri-michael-kors|WORKDAY|GET|/wday/cxs/capri/Michael_Kors/job/Austin-Metro/#|5
capri-michael-kors|WORKDAY|GET|/wday/cxs/capri/Michael_Kors/job/Edmonton/#|5
capri-michael-kors|WORKDAY|GET|/wday/cxs/capri/Michael_Kors/job/Inland-Empire-Area/#|5
capri-michael-kors|WORKDAY|GET|/wday/cxs/capri/Michael_Kors/job/San-Francisco---East-Bay-Area/#|5
capri-michael-kors|WORKDAY|GET|/wday/cxs/capri/Michael_Kors/job/Tokyo/#|5
capri-michael-kors|WORKDAY|GET|/wday/cxs/capri/Michael_Kors/job/Cypress-TX/#|5
capri-michael-kors|WORKDAY|GET|/wday/cxs/capri/Michael_Kors/job/Paris/#|4
capri-michael-kors|WORKDAY|GET|/wday/cxs/capri/Michael_Kors/job/Auburn-Hills-MI/#|4
capri-michael-kors|WORKDAY|GET|/wday/cxs/capri/Michael_Kors/job/Aurora/#|4
capri-michael-kors|WORKDAY|GET|/wday/cxs/capri/Michael_Kors/job/Cabazon-CA/#|4
capri-michael-kors|WORKDAY|GET|/wday/cxs/capri/Michael_Kors/job/Roermond/#|4
capri-michael-kors|WORKDAY|GET|/wday/cxs/capri/Michael_Kors/job/Central-Valley-NY/#|4
capri-michael-kors|WORKDAY|GET|/wday/cxs/capri/Michael_Kors/job/San-Diego-Metro-Area/#|4
capri-michael-kors|WORKDAY|GET|/wday/cxs/capri/Michael_Kors/job/Merrimack/#|4
capri-michael-kors|WORKDAY|GET|/wday/cxs/capri/Michael_Kors/job/Venlo/#|4
capri-michael-kors|WORKDAY|GET|/wday/cxs/capri/Michael_Kors/job/Monroe-OH/#|4
capri-michael-kors|WORKDAY|GET|/wday/cxs/capri/Michael_Kors/job/Saint-Bruno/#|3
capri-michael-kors|WORKDAY|GET|/wday/cxs/capri/Michael_Kors/job/Canutillo/#|3
capri-michael-kors|WORKDAY|GET|/wday/cxs/capri/Michael_Kors/job/Frankfurt/#|3
capri-michael-kors|WORKDAY|GET|/wday/cxs/capri/Michael_Kors/job/Orange-CA/#|3
capri-michael-kors|WORKDAY|GET|/wday/cxs/capri/Michael_Kors/job/San-Francisco---North-Bay-Area/#|3
capri-michael-kors|WORKDAY|GET|/wday/cxs/capri/Michael_Kors/job/Oberhausen/#|3
capri-michael-kors|WORKDAY|GET|/wday/cxs/capri/Michael_Kors/job/Manchester/#|3
capri-michael-kors|WORKDAY|GET|/wday/cxs/capri/Michael_Kors/job/Southaven/#|3
capri-michael-kors|WORKDAY|GET|/wday/cxs/capri/Michael_Kors/job/Lake-George/#|3
capri-michael-kors|WORKDAY|GET|/wday/cxs/capri/Michael_Kors/job/Miami-FL/#|3
capri-michael-kors|WORKDAY|GET|/wday/cxs/capri/Michael_Kors/job/Ingolstadt/#|3
capri-michael-kors|WORKDAY|GET|/wday/cxs/capri/Michael_Kors/job/Nashville/#|3
capri-michael-kors|WORKDAY|GET|/wday/cxs/capri/Michael_Kors/job/Foley/#|3
capri-michael-kors|WORKDAY|GET|/wday/cxs/capri/Michael_Kors/job/Tucson/#|3
capri-michael-kors|WORKDAY|GET|/wday/cxs/capri/Michael_Kors/job/Gretna/#|3
capri-michael-kors|WORKDAY|GET|/wday/cxs/capri/Michael_Kors/job/Tulsa/#|3
capri-michael-kors|WORKDAY|GET|/wday/cxs/capri/Michael_Kors/job/Munich/#|3
capri-michael-kors|WORKDAY|GET|/wday/cxs/capri/Michael_Kors/job/Arvin/#|3
capri-michael-kors|WORKDAY|GET|/wday/cxs/capri/Michael_Kors/job/Richmond/#|3
capri-michael-kors|WORKDAY|GET|/wday/cxs/capri/Michael_Kors/job/Richmond-Heights/#|3
capri-michael-kors|WORKDAY|GET|/wday/cxs/capri/Michael_Kors/job/Metzingen/#|3
capri-michael-kors|WORKDAY|GET|/wday/cxs/capri/Michael_Kors/job/Gonzales/#|3
capri-michael-kors|WORKDAY|GET|/wday/cxs/capri/Michael_Kors/job/Ashford/#|3
capri-michael-kors|WORKDAY|GET|/wday/cxs/capri/Michael_Kors/job/Lisbon/#|3
capri-michael-kors|WORKDAY|GET|/wday/cxs/capri/Michael_Kors/job/Tampa/#|2
capri-michael-kors|WORKDAY|GET|/wday/cxs/capri/Michael_Kors/job/Marseille/#|2
capri-michael-kors|WORKDAY|GET|/wday/cxs/capri/Michael_Kors/job/Albany/#|2
capri-michael-kors|WORKDAY|GET|/wday/cxs/capri/Michael_Kors/job/Albertville/#|2
capri-michael-kors|WORKDAY|GET|/wday/cxs/capri/Michael_Kors/job/Albuquerque/#|2
capri-michael-kors|WORKDAY|GET|/wday/cxs/capri/Michael_Kors/job/Anchorage/#|2
capri-michael-kors|WORKDAY|GET|/wday/cxs/capri/Michael_Kors/job/Birmingham/#|2
capri-michael-kors|WORKDAY|GET|/wday/cxs/capri/Michael_Kors/job/Calgary/#|2
capri-michael-kors|WORKDAY|GET|/wday/cxs/capri/Michael_Kors/job/Camarillo/#|2
capri-michael-kors|WORKDAY|GET|/wday/cxs/capri/Michael_Kors/job/Clinton-CT/#|2
capri-michael-kors|WORKDAY|GET|/wday/cxs/capri/Michael_Kors/job/Columbia/#|2
capri-michael-kors|WORKDAY|GET|/wday/cxs/capri/Michael_Kors/job/Commerce/#|2
capri-michael-kors|WORKDAY|GET|/wday/cxs/capri/Michael_Kors/job/Destin/#|2
capri-michael-kors|WORKDAY|GET|/wday/cxs/capri/Michael_Kors/job/Edinburgh/#|2
capri-michael-kors|WORKDAY|GET|/wday/cxs/capri/Michael_Kors/job/Florence/#|2
capri-michael-kors|WORKDAY|GET|/wday/cxs/capri/Michael_Kors/job/Garden-City-NY/#|2
capri-michael-kors|WORKDAY|GET|/wday/cxs/capri/Michael_Kors/job/Greater-Cleveland-Area/#|2
capri-michael-kors|WORKDAY|GET|/wday/cxs/capri/Michael_Kors/job/Halifax/#|2
capri-michael-kors|WORKDAY|GET|/wday/cxs/capri/Michael_Kors/job/Hershey/#|2
capri-michael-kors|WORKDAY|GET|/wday/cxs/capri/Michael_Kors/job/Honolulu-county/#|2
capri-michael-kors|WORKDAY|GET|/wday/cxs/capri/Michael_Kors/job/Kln/#|2
capri-michael-kors|WORKDAY|GET|/wday/cxs/capri/Michael_Kors/job/Lancaster/#|2
capri-michael-kors|WORKDAY|GET|/wday/cxs/capri/Michael_Kors/job/Leeds/#|2
capri-michael-kors|WORKDAY|GET|/wday/cxs/capri/Michael_Kors/job/Leeds-AL-USA/#|2
capri-michael-kors|WORKDAY|GET|/wday/cxs/capri/Michael_Kors/job/Leesburg/#|2
capri-michael-kors|WORKDAY|GET|/wday/cxs/capri/Michael_Kors/job/Lehi/#|2
capri-michael-kors|WORKDAY|GET|/wday/cxs/capri/Michael_Kors/job/Littleton/#|2
capri-michael-kors|WORKDAY|GET|/wday/cxs/capri/Michael_Kors/job/Ludwigsburg/#|2
capri-michael-kors|WORKDAY|GET|/wday/cxs/capri/Michael_Kors/job/Lutz/#|2
capri-michael-kors|WORKDAY|GET|/wday/cxs/capri/Michael_Kors/job/Manhasset/#|2
capri-michael-kors|WORKDAY|GET|/wday/cxs/capri/Michael_Kors/job/Markham/#|2
capri-michael-kors|WORKDAY|GET|/wday/cxs/capri/Michael_Kors/job/Mercedes/#|2
capri-michael-kors|WORKDAY|GET|/wday/cxs/capri/Michael_Kors/job/Milan/#|2
capri-michael-kors|WORKDAY|GET|/wday/cxs/capri/Michael_Kors/job/Mirabel/#|2
capri-michael-kors|WORKDAY|GET|/wday/cxs/capri/Michael_Kors/job/MK-Nashville/#|2
capri-michael-kors|WORKDAY|GET|/wday/cxs/capri/Michael_Kors/job/MK-Rodeo/#|2
capri-michael-kors|WORKDAY|GET|/wday/cxs/capri/Michael_Kors/job/Niagara-Falls/#|2
capri-michael-kors|WORKDAY|GET|/wday/cxs/capri/Michael_Kors/job/Niagara-on-the-Lake/#|2
capri-michael-kors|WORKDAY|GET|/wday/cxs/capri/Michael_Kors/job/North-Conway/#|2
capri-michael-kors|WORKDAY|GET|/wday/cxs/capri/Michael_Kors/job/Orange-County-Area/#|2
capri-michael-kors|WORKDAY|GET|/wday/cxs/capri/Michael_Kors/job/Parndorf/#|2
capri-michael-kors|WORKDAY|GET|/wday/cxs/capri/Michael_Kors/job/Pont-Sainte-Marie/#|2
capri-michael-kors|WORKDAY|GET|/wday/cxs/capri/Michael_Kors/job/Riverhead/#|2
capri-michael-kors|WORKDAY|GET|/wday/cxs/capri/Michael_Kors/job/Rosemont/#|2
capri-michael-kors|WORKDAY|GET|/wday/cxs/capri/Michael_Kors/job/Sacramento-Metropolitan-Area/#|2
capri-michael-kors|WORKDAY|GET|/wday/cxs/capri/Michael_Kors/job/San-Antonio-Metro/#|2
capri-michael-kors|WORKDAY|GET|/wday/cxs/capri/Michael_Kors/job/Sevierville/#|2
capri-michael-kors|WORKDAY|GET|/wday/cxs/capri/Michael_Kors/job/Sunbury/#|2
capri-michael-kors|WORKDAY|GET|/wday/cxs/capri/Michael_Kors/job/Thornton/#|2
capri-michael-kors|WORKDAY|GET|/wday/cxs/capri/Michael_Kors/job/Tulalip/#|2
capri-michael-kors|WORKDAY|GET|/wday/cxs/capri/Michael_Kors/job/Vaughan/#|2
capri-michael-kors|WORKDAY|GET|/wday/cxs/capri/Michael_Kors/job/Vienna/#|2
capri-michael-kors|WORKDAY|GET|/wday/cxs/capri/Michael_Kors/job/Wals-Himmelreich/#|2
capri-michael-kors|WORKDAY|GET|/wday/cxs/capri/Michael_Kors/job/Wrentham/#|2
capri-michael-kors|WORKDAY|GET|/wday/cxs/capri/Michael_Kors/job/Wustermark-OT-Elstal/#|2
caudalie|GENERIC_JSONLD|GET|/apply/offer/#|38
chalhoub|TEAMTAILOR|GET|/jobs.json|2
chico-s|WORKDAY|GET|/wday/cxs/knitwellgroup/Canada_Jobs/job/#/#|13
claires-workday|WORKDAY|GET|/wday/cxs/claires/Claires/job/Scarborough-North-Yorkshire/#|4
clarins|SUCCESSFACTORS|GET|/job/#/#/|83
clarins|SUCCESSFACTORS|GET|/search/|9
closed|PERSONIO|GET|/job/#|11
conde-nast-france|WORKDAY|GET|/wday/cxs/condenast/CondeCareers/job/#/#|85
conde-nast-france|WORKDAY|GET|/wday/cxs/condenast/CondeCareers/job/The-Adelphi-London-GB/#|25
conde-nast-france|WORKDAY|POST|/wday/cxs/condenast/CondeCareers/jobs|7
conde-nast-france|WORKDAY|GET|/wday/cxs/condenast/CondeCareers/job/Keelung-Road-Taipei-TW/#|5
conde-nast-france|WORKDAY|GET|/wday/cxs/condenast/CondeCareers/job/One-Lodha-Place-Mumbai-IN/#|4
conde-nast-france|WORKDAY|GET|/wday/cxs/condenast/CondeCareers/job/MARKSQUARE-Bengaluru-IN/#|4
courir|SMARTRECRUITERS|GET|/#/companies/courir/postings/#|381
courir|SMARTRECRUITERS|GET|/#/companies/courir/postings|4
crocs|SUCCESSFACTORS|GET|/job/#/#/|519
crocs|SUCCESSFACTORS|GET|/search/|28
crocs|SUCCESSFACTORS|GET|/job/Singapore-Store-Sales-Associate-Sing/#/|2
damiani|SUCCESSFACTORS|GET|/job/#/#/|2
damiani|SUCCESSFACTORS|GET|/search/|2
decjuba|SUCCESSFACTORS|GET|/job/#/#/|165
decjuba|SUCCESSFACTORS|GET|/search/|7
deckers|WORKDAY|GET|/wday/cxs/deckers/Deckers/job/#/#|32
deckers|WORKDAY|GET|/wday/cxs/deckers/Deckers/job/US---California-Remote/#|25
deckers|WORKDAY|GET|/wday/cxs/deckers/Deckers/job/Portland-Oregon/#|23
deckers|WORKDAY|POST|/wday/cxs/deckers/Deckers/jobs|21
deckers|WORKDAY|GET|/wday/cxs/deckers/Deckers/job/Goleta-California/#|20
deckers|WORKDAY|GET|/wday/cxs/deckers/Deckers/job/US---IN-Mooresville-Distribution-Center/#|14
deckers|WORKDAY|GET|/wday/cxs/deckers/Deckers/job/Shanghai-China/#|14
deckers|WORKDAY|GET|/wday/cxs/deckers/Deckers/job/HOKA-Houston-Outlet-Retail-Store-Texas-City-TX/#|6
deckers|WORKDAY|GET|/wday/cxs/deckers/Deckers/job/HOKA-Abbot-Kinney-Retail-Store-Venice-CA/#|5
deckers|WORKDAY|GET|/wday/cxs/deckers/Deckers/job/UGG-Williamsburg-Retail-Store-Williamsburg-NY/#|5
deckers|WORKDAY|GET|/wday/cxs/deckers/Deckers/job/UGG-Merrimack-Premium-Outlets-Merrimack-NH/#|5
deckers|WORKDAY|GET|/wday/cxs/deckers/Deckers/job/UGG-South-Coast-Plaza-Costa-Mesa-CA/#|5
deckers|WORKDAY|GET|/wday/cxs/deckers/Deckers/job/UGG-Garden-State-Plaza-Paramus-NJ/#|5
deckers|WORKDAY|GET|/wday/cxs/deckers/Deckers/job/UGG-Chicago-Premium-Outlets-Aurora-IL/#|5
deckers|WORKDAY|GET|/wday/cxs/deckers/Deckers/job/London-United-Kingdom/#|5
deckers|WORKDAY|GET|/wday/cxs/deckers/Deckers/job/HOKA-San-Marcos-Outlet-Retail-Store-San-Marcos-TX/#|5
deckers|WORKDAY|GET|/wday/cxs/deckers/Deckers/job/HOKA-Riverhead-Outlet-Riverhead-NY/#|5
deckers|WORKDAY|GET|/wday/cxs/deckers/Deckers/job/OKA-National-Harbor-Outlet-National-Harbor-MD/#|5
deckers|WORKDAY|GET|/wday/cxs/deckers/Deckers/job/Cheshire-Oaks-United-Kingdom/#|5
deckers|WORKDAY|GET|/wday/cxs/deckers/Deckers/job/Blackwood-New-Jersey-UGG-Gloucester-Premium-Outlets/#|4
deckers|WORKDAY|GET|/wday/cxs/deckers/Deckers/job/New-York-New-York/#|4
deckers|WORKDAY|GET|/wday/cxs/deckers/Deckers/job/HOKA-Woodbury-Outlets-Central-Valley-NY/#|4
deckers|WORKDAY|GET|/wday/cxs/deckers/Deckers/job/London-England/#|4
deckers|WORKDAY|GET|/wday/cxs/deckers/Deckers/job/UGG-American-Dream-East-Rutherford-NJ/#|4
deckers|WORKDAY|GET|/wday/cxs/deckers/Deckers/job/UGG-McArthurGlen-Designer-Outlet-Richmond-BC/#|4
deckers|WORKDAY|GET|/wday/cxs/deckers/Deckers/job/UGG-Michigan-Avenue-Retail-Store-Chicago-IL/#|4
deckers|WORKDAY|GET|/wday/cxs/deckers/Deckers/job/UGG-Newbury-Street-Pop-Up-Boston-MA/#|4
deckers|WORKDAY|GET|/wday/cxs/deckers/Deckers/job/UGG-Riverhead-Tanger-Outlets-Riverhead-NY/#|4
deckers|WORKDAY|GET|/wday/cxs/deckers/Deckers/job/UGG-San-Francisco-Premium-Outlets-Livermore-CA/#|4
deckers|WORKDAY|GET|/wday/cxs/deckers/Deckers/job/UGG-SoHo-Retail-Store-New-York-NY/#|4
deckers|WORKDAY|GET|/wday/cxs/deckers/Deckers/job/DE---Munich-UGG-Retail-Store/#|3
deckers|WORKDAY|GET|/wday/cxs/deckers/Deckers/job/Serris-France/#|3
deckers|WORKDAY|GET|/wday/cxs/deckers/Deckers/job/HOKA-Toronto-Eaton-Centre-Toronto-ON/#|3
deckers|WORKDAY|GET|/wday/cxs/deckers/Deckers/job/UGG-Vaughan-Mills-Vaughan-ON/#|3
deckers|WORKDAY|GET|/wday/cxs/deckers/Deckers/job/HOKA-Santana-Row-Retail-Store-San-Jose-CA/#|3
deckers|WORKDAY|GET|/wday/cxs/deckers/Deckers/job/UGG-Citadel-Outlets-Commerce-CA/#|3
deckers|WORKDAY|GET|/wday/cxs/deckers/Deckers/job/UGG-Denver-Premium-Outlets-Thornton-CO/#|3
deckers|WORKDAY|GET|/wday/cxs/deckers/Deckers/job/HOKA-Palm-Beach-Outlet-West-Palm-Beach-FL/#|3
deckers|WORKDAY|GET|/wday/cxs/deckers/Deckers/job/UGG-Las-Vegas-North-Premium-Outlets-Las-Vegas-NV/#|3
deckers|WORKDAY|GET|/wday/cxs/deckers/Deckers/job/UGG-Lenox-Square-Atlanta-GA/#|3
deckers|WORKDAY|GET|/wday/cxs/deckers/Deckers/job/HOKA-Castle-Rock-Outlet-Castle-Rock-CO/#|3
deckers|WORKDAY|GET|/wday/cxs/deckers/Deckers/job/HOKA-Citadel-Outlet-Retail-Store-Commerce-CA/#|3
deckers|WORKDAY|GET|/wday/cxs/deckers/Deckers/job/FR---Le-Marais-Paris-HOKA-Concept-Store/#|3
deckers|WORKDAY|GET|/wday/cxs/deckers/Deckers/job/UGG-North-Georgia-Premium-Outlets-Dawsonville-GA/#|3
deckers|WORKDAY|GET|/wday/cxs/deckers/Deckers/job/UGG-Philadelphia-Premium-Outlets-Pottstown-PA/#|3
deckers|WORKDAY|GET|/wday/cxs/deckers/Deckers/job/UGG-Pleasant-Prairie-Premium-Outlets-Pleasant-Prairie-WI/#|3
deckers|WORKDAY|GET|/wday/cxs/deckers/Deckers/job/UGG-Powell-Street-Retail-Store-San-Francisco-CA/#|3
deckers|WORKDAY|GET|/wday/cxs/deckers/Deckers/job/UGG-Seattle-Premium-Outlets-Tulalip-WA/#|3
deckers|WORKDAY|GET|/wday/cxs/deckers/Deckers/job/HOKA-Las-Vegas-North-Premium-Outlets-Las-Vegas-NV/#|3
deckers|WORKDAY|GET|/wday/cxs/deckers/Deckers/job/HOKA-Chicago-Chicago-IL/#|3
deckers|WORKDAY|GET|/wday/cxs/deckers/Deckers/job/UGG-St-Louis-Premium-Outlets-Chesterfield-MO/#|3
deckers|WORKDAY|GET|/wday/cxs/deckers/Deckers/job/UGG-Toronto-Premium-Outlets-Halton-Hills-ON/#|3
deckers|WORKDAY|GET|/wday/cxs/deckers/Deckers/job/Kowloon-Hong-Kong/#|3
deckers|WORKDAY|GET|/wday/cxs/deckers/Deckers/job/Lancaster-Pennsylvania-UGG-Tanger-Outlets/#|3
deckers|WORKDAY|GET|/wday/cxs/deckers/Deckers/job/Madrid-Spain/#|3
deckers|WORKDAY|GET|/wday/cxs/deckers/Deckers/job/Minato-ku-Tokyo-Japan/#|3
deckers|WORKDAY|GET|/wday/cxs/deckers/Deckers/job/Neumunster-Germany/#|3
deckers|WORKDAY|GET|/wday/cxs/deckers/Deckers/job/UGG-Jersey-Shore-Premium-Outlets-Tinton-Falls-NJ/#|2
deckers|WORKDAY|GET|/wday/cxs/deckers/Deckers/job/HOKA-Garibaldi-Store-Milan-IT/#|2
deckers|WORKDAY|GET|/wday/cxs/deckers/Deckers/job/UGG-Leesburg--Premium-Outlets-Leesburg-VA/#|2
deckers|WORKDAY|GET|/wday/cxs/deckers/Deckers/job/UGG-The-Mills-at-Jersey-Gardens-Elizabeth-NJ/#|2
deckers|WORKDAY|GET|/wday/cxs/deckers/Deckers/job/UGG-Macys-Herald-Square-New-York-NY/#|2
deckers|WORKDAY|GET|/wday/cxs/deckers/Deckers/job/UGG-Mall-of-America-Bloomington-MN/#|2
deckers|WORKDAY|GET|/wday/cxs/deckers/Deckers/job/UGG-Pocono-Premium-Outlets-Tannersville-PA/#|2
deckers|WORKDAY|GET|/wday/cxs/deckers/Deckers/job/FR---Lyon-HOKA-Pop-Up-Store/#|2
deckers|WORKDAY|GET|/wday/cxs/deckers/Deckers/job/HOKA-Garden-State-Plaza-Retail-Store-Paramus-NJ/#|2
deckers|WORKDAY|GET|/wday/cxs/deckers/Deckers/job/HOKA-Dallas-Retail-Store-Dallas-TX/#|2
deckers|WORKDAY|GET|/wday/cxs/deckers/Deckers/job/Maasmechelen-Belgium/#|2
deckers|WORKDAY|GET|/wday/cxs/deckers/Deckers/job/HOKA-Newbury-Street-Retail-Store-Boston-MA/#|2
deckers|WORKDAY|GET|/wday/cxs/deckers/Deckers/job/HOKA-Orlando-Vineland-Premium-Outlets-Orlando-FL/#|2
deckers|WORKDAY|GET|/wday/cxs/deckers/Deckers/job/Bicester-England/#|2
deckers|WORKDAY|GET|/wday/cxs/deckers/Deckers/job/HOKA-Melrose-Retail-Store-West-Hollywood-CA/#|2
deckers|WORKDAY|GET|/wday/cxs/deckers/Deckers/job/HOKA-Hawaii-Ala-Moana-Oahu-HI/#|2
deckers|WORKDAY|GET|/wday/cxs/deckers/Deckers/job/Amsterdam-Netherlands/#|2
deckers|WORKDAY|GET|/wday/cxs/deckers/Deckers/job/HOKA-South-Coast-Plaza-Costa-Mesa-CA/#|2
deckers|WORKDAY|GET|/wday/cxs/deckers/Deckers/job/HOKA-Studio-City-Retail-Store-Studio-City-CA/#|2
deckers|WORKDAY|GET|/wday/cxs/deckers/Deckers/job/Roermond-Netherlands/#|2
deckers|WORKDAY|GET|/wday/cxs/deckers/Deckers/job/Moreno-Valley-California/#|2
deckers|WORKDAY|GET|/wday/cxs/deckers/Deckers/job/UGG-Wrentham-Village-Premium-Outlets-Wrentham-MA/#|2
deckers|WORKDAY|GET|/wday/cxs/deckers/Deckers/job/UGG-National-Harbor-Tanger-Outlets-National-Harbor-MD/#|2
deckers|WORKDAY|GET|/wday/cxs/deckers/Deckers/job/UGG-Camarillo-Premium-Outlets-Camarillo-CA/#|2
deckers|WORKDAY|GET|/wday/cxs/deckers/Deckers/job/Portsmouth-England/#|2
deckers|WORKDAY|GET|/wday/cxs/deckers/Deckers/job/York-England/#|2
deckers|WORKDAY|GET|/wday/cxs/deckers/Deckers/job/UGG-Clarksburg-Premium-Outlets-Clarksburg-MD/#|2
deckers|WORKDAY|GET|/wday/cxs/deckers/Deckers/job/UGG-Concord-Mills-Concord-NC/#|2
deckers|WORKDAY|GET|/wday/cxs/deckers/Deckers/job/UGG-Orlando-Vineland-Premium-Outlets-Orlando-FL/#|2
deckers|WORKDAY|GET|/wday/cxs/deckers/Deckers/job/UGG-Desert-Hills-Premium-Outlets-Cabazon-CA/#|2
deckers|WORKDAY|GET|/wday/cxs/deckers/Deckers/job/UGG-Fashion-Outlets-of-Chicago-Rosemont-IL/#|2
deckers|WORKDAY|GET|/wday/cxs/deckers/Deckers/job/UGG-Outlet-Collection-at-Niagara-Niagara-on-the-lake-ON/#|2
deckers|WORKDAY|GET|/wday/cxs/deckers/Deckers/job/UGG-Great-Lakes-Crossing-Outlets-Auburn-Hills-MI/#|2
dfs|SUCCESSFACTORS|GET|/job/Beauty-Advisor/#/|3
dolce-gabbana|SUCCESSFACTORS|GET|/job/#/#/|45
dolce-gabbana|SUCCESSFACTORS|GET|/search/|5
dolce-gabbana|SUCCESSFACTORS|GET|/job/Roermond-Sales-Assistant-Roermond/#/|2
douglas-sf|SUCCESSFACTORS|GET|/default/job/#/#|313
douglas-sf|SUCCESSFACTORS|POST|/services/recruiting/#/jobs|126
dr-martens-tf|TALENT_FUNNEL|GET|/js/vacancy/#|187
dr-pierre-ricaud|SUCCESSFACTORS|GET|/job/#/#/|40
dr-pierre-ricaud|SUCCESSFACTORS|GET|/search/|8
dr-pierre-ricaud|SUCCESSFACTORS|GET|/job/Issy-les-Moulineaux-Digital-Data-Analyst-HFX/#/|2
drunk-elephant-2|SUCCESSFACTORS|GET|/job/#/#/|163
drunk-elephant-2|SUCCESSFACTORS|GET|/search/|4
drunk-elephant-2|SUCCESSFACTORS|GET|/job/Schiphol-Make-up-Artist-NARS-NH/#/|2
eastpak|SMARTRECRUITERS|GET|/#/companies/eastpak/postings/#|4
element-6|MAGNET|POST|/#/job-offers|4
el-palacio-de-hierro|SUCCESSFACTORS|GET|/job/#/#/|4
end-clothing|GENERIC_JSONLD|GET|/p/#|20
eric-bompard|SMARTRECRUITERS|GET|/#/companies/ericbompard/postings/#|76
escada-parfums-16|SUCCESSFACTORS|GET|/job/#/#/|175
escada-parfums-16|SUCCESSFACTORS|GET|/search/|4
essilorluxottica|SMARTRECRUITERS|GET|/#/companies/essilorluxottica/postings/#|7
estee-lauder-companies|EIGHTFOLD|GET|/api/pcsx/position_details|1913
estee-lauder-companies|EIGHTFOLD|GET|/api/pcsx/search|192
etam|TEAMTAILOR|GET|/jobs.json|3
everything-but-water|WORKDAY|POST|/wday/cxs/everythingbutwater/External/jobs|3
everything-but-water|WORKDAY|GET|/wday/cxs/everythingbutwater/External/job/Greenvale-NY/#|3
everything-but-water|WORKDAY|GET|/wday/cxs/everythingbutwater/External/job/Lake-Buena-Vista-FL/#|3
everything-but-water|WORKDAY|GET|/wday/cxs/everythingbutwater/External/job/Charleston-SC/#|2
everything-but-water|WORKDAY|GET|/wday/cxs/everythingbutwater/External/job/Garden-City-NY/#|2
everything-but-water|WORKDAY|GET|/wday/cxs/everythingbutwater/External/job/Westport-CT/#|2
everything-but-water|WORKDAY|GET|/wday/cxs/everythingbutwater/External/job/Atlanta-GA/#|2
everything-but-water|WORKDAY|GET|/wday/cxs/everythingbutwater/External/job/Miami-FL/#|2
everything-but-water|WORKDAY|GET|/wday/cxs/everythingbutwater/External/job/Naples-FL/#|2
everything-but-water|WORKDAY|GET|/wday/cxs/everythingbutwater/External/job/Sarasota-FL/#|2
everything-but-water|WORKDAY|GET|/wday/cxs/everythingbutwater/External/job/Bellevue-WA/#|2
everything-but-water|WORKDAY|GET|/wday/cxs/everythingbutwater/External/job/Boca-Raton-FL/#|2
fast-retailing-id-headquarters|WORKDAY|GET|/wday/cxs/fastretailing/headquarters_id_Uniqlo/job/Jakarta/#|4
fast-retailing-ph-headquarters|WORKDAY|GET|/wday/cxs/fastretailing/headquarters_ph_Uniqlo/job/Store-Support-Center/#|3
fenwick-volcanic|VOLCANIC|GET|/job/#|37
fenwick-volcanic|VOLCANIC|GET|/api/#/jobs.json|2
ferrari|SUCCESSFACTORS|GET|/job/#/#/|9
foot-locker-france|PHENOM|GET|/api/jobs|31
funky-buddha|SMARTRECRUITERS|GET|/#/companies/ALTEXSA/postings/#|23
galeries-lafayette|TEAMTAILOR|GET|/jobs.json|2
gant|DIGITALRECRUITERS|GET|/fr/annonce/#|111
gant|DIGITALRECRUITERS|POST|/public/#/careers-site/job-ads|2
gemmyo|GENERIC_JSONLD|GET|/companies/gemmyo/#|5
gemmyo|GENERIC_JSONLD|GET|/companies/gemmyo|2
globus|GENERIC_JSONLD|GET|/#|25
globus|GENERIC_JSONLD|GET|/offre-emplois.html|2
got-bag|PERSONIO|GET|/job/#|3
goyard-successfactors|SUCCESSFACTORS|GET|/job/#/#|13
goyard-successfactors|SUCCESSFACTORS|POST|/services/recruiting/#/jobs|10
goyard-successfactors|SUCCESSFACTORS|GET|/job/Sales-Associate/#|2
groupe-chantelle|TALENTSOFT|GET|/offre-de-emploi/#|29
groupe-chantelle|TALENTSOFT|GET|/offre-de-emploi/liste-toutes-offres.aspx|3
groupe-printemps|TALENTSOFT|GET|/offre-de-emploi/#|72
groupe-printemps|TALENTSOFT|GET|/offre-de-emploi/liste-toutes-offres.aspx|10
gu-us-retail|WORKDAY|GET|/wday/cxs/fastretailing/retail_us_GU/job/GU-NY-SOHOGUUS/#|6
hans-anders|TEAMTAILOR|GET|/jobs.json|2
hm-group|SMARTRECRUITERS|GET|/#/companies/HMGroup/postings/#|1935
hm-group|SMARTRECRUITERS|GET|/#/companies/HMGroup/postings|20
hugo-boss-phenom|PHENOM|GET|/global/en/job/#/#|99
hugo-boss-phenom|PHENOM|GET|/global/en/job/#/assistant-manager-boss-store-st-foy|4
hugo-boss-phenom|PHENOM|POST|/widgets|4
hugo-boss-phenom|PHENOM|GET|/global/en/job/#/assistant-manager-boss-store-st-bruno|3
hugo-boss-phenom|PHENOM|GET|/global/en/job/#/assistant-store-manager-boss-outlet-citadel|2
hugo-boss-phenom|PHENOM|GET|/global/en/job/#/assistant-store-manager-boss-outlet-cross-iron-mills|2
hugo-boss-phenom|PHENOM|GET|/global/en/job/#/assistant-store-manager-boss-outlet-halton-hills|2
hugo-boss-phenom|PHENOM|GET|/global/en/job/#/aushilfe-im-verkauf-boss-store-w-m-d|2
hugo-boss-phenom|PHENOM|GET|/global/en/job/#/full-time-key-holder-boss-outlet-mebane|2
hugo-boss-phenom|PHENOM|GET|/global/en/job/#/full-time-key-holder-boss-outlet-thornton|2
hugo-boss-phenom|PHENOM|GET|/global/en/job/#/full-time-key-holder-boss-store-austin|2
hugo-boss-phenom|PHENOM|GET|/global/en/job/#/full-time-key-holder-boss-store-glendale-galleria|2
hugo-boss-phenom|PHENOM|GET|/global/en/job/#/full-time-key-holder-boss-store-oakridge|2
hugo-boss-phenom|PHENOM|GET|/global/en/job/#/full-time-key-holder-boss-store-st-foy|2
hugo-boss-phenom|PHENOM|GET|/global/en/job/#/full-time-key-holder-hugo-store-la-plaza|2
hugo-boss-phenom|PHENOM|GET|/global/en/job/#/full-time-sales-associate-boss-outlet-clarksburg|2
hugo-boss-phenom|PHENOM|GET|/global/en/job/#/full-time-sales-associate-boss-outlet-jersey-gardens|2
hugo-boss-phenom|PHENOM|GET|/global/en/job/#/full-time-sales-associate-boss-outlet-mebane|2
hugo-boss-phenom|PHENOM|GET|/global/en/job/#/full-time-sales-associate-macy-s-shop-cobb-town-center|2
hugo-boss-phenom|PHENOM|GET|/global/en/job/#/full-time-sales-associate-macy-s-shop-metro-center|2
hugo-boss-phenom|PHENOM|GET|/global/en/job/#/full-time-sales-associate-macy-s-shop-northpoint|2
hugo-boss-phenom|PHENOM|GET|/global/en/job/#/full-time-sales-associate-macy-s-shop-scottsdale|2
hugo-boss-phenom|PHENOM|GET|/global/en/job/#/key-holder-boss-store-somerset|2
hugo-boss-phenom|PHENOM|GET|/global/en/job/#/loss-prevention-inventory-control-associate|2
hugo-boss-phenom|PHENOM|GET|/global/en/job/#/part-time-sales-associate-boss-outlet-clarksburg|2
hugo-boss-phenom|PHENOM|GET|/global/en/job/#/part-time-sales-associate-boss-outlet-clinton|2
hugo-boss-phenom|PHENOM|GET|/global/en/job/#/part-time-sales-associate-boss-outlet-gilroy|2
hugo-boss-phenom|PHENOM|GET|/global/en/job/#/part-time-sales-associate-boss-outlet-grand-prairie|2
hugo-boss-phenom|PHENOM|GET|/global/en/job/#/part-time-sales-associate-boss-outlet-kansas-city|2
hugo-boss-phenom|PHENOM|GET|/global/en/job/#/part-time-sales-associate-boss-outlet-merrimack|2
hugo-boss-phenom|PHENOM|GET|/global/en/job/#/part-time-sales-associate-boss-outlet-miromar|2
hugo-boss-phenom|PHENOM|GET|/global/en/job/#/part-time-sales-associate-boss-outlet-thornton|2
hugo-boss-phenom|PHENOM|GET|/global/en/job/#/part-time-sales-associate-boss-outlet-woodstock|2
hugo-boss-phenom|PHENOM|GET|/global/en/job/#/part-time-sales-associate-boss-store-beverly-center|2
hugo-boss-phenom|PHENOM|GET|/global/en/job/#/part-time-sales-associate-boss-store-denver-cherry-creek|2
hugo-boss-phenom|PHENOM|GET|/global/en/job/#/assistant-manager-boss-outlet-jersey-gardens|2
hugo-boss-phenom|PHENOM|GET|/global/en/job/#/part-time-sales-associate-boss-store-lv-caesars|2
hugo-boss-phenom|PHENOM|GET|/global/en/job/#/part-time-sales-associate-boss-store-nashville|2
hugo-boss-phenom|PHENOM|GET|/global/en/job/#/part-time-sales-associate-boss-store-richmond-centre|2
hugo-boss-phenom|PHENOM|GET|/global/en/job/#/part-time-sales-associate-hugo-outlet-cross-iron-mills|2
hugo-boss-phenom|PHENOM|GET|/global/en/job/#/regional-manager-canada-west|2
hugo-boss-phenom|PHENOM|GET|/global/en/job/#/sales-associate|2
hugo-boss-phenom|PHENOM|GET|/global/en/job/#/store-manager-boss-outlet-hanover|2
hugo-boss-phenom|PHENOM|GET|/global/en/job/#/store-manager-boss-store-chinook|2
hugo-boss-phenom|PHENOM|GET|/global/en/job/#/test-please-do-not-apply|2
hugo-boss-phenom|PHENOM|GET|/global/en/job/#/part-time-stock-associate-boss-outlet-cross-iron-mills|2
hugo-boss-phenom|PHENOM|GET|/global/en/job/#/assistant-manager-boss-outlet-mirabel|2
hugo-boss-phenom|PHENOM|GET|/global/en/job/#/assistant-manager-boss-store-manhasset|2
hugo-boss-phenom|PHENOM|GET|/global/en/job/#/assistant-manager-boss-outlet-cross-iron-mills|2
intersport-france|JOBAFFINITY_WORDPRESS|GET|/apply/#|928
intersport-france|JOBAFFINITY_WORDPRESS|GET|/communes|491
intersport-france|JOBAFFINITY_WORDPRESS|GET|/wp-json/wp/#/posts|10
jansport|WORKDAY|GET|/wday/cxs/vfc/jansport_careers/job/#/#|3
jansport|WORKDAY|GET|/wday/cxs/vfc/jansport_careers/job/USCA--USA--New-Jersey--Jersey-City---KIP/#|3
jean-paul-gaultier-5|SUCCESSFACTORS|GET|/job/#/#/|122
jean-paul-gaultier-5|SUCCESSFACTORS|GET|/search/|9
jean-paul-gaultier-5|SUCCESSFACTORS|GET|/job/Madrid-Beauty-Advisor-Madrid-MD/#/|2
jean-paul-gaultier-5|SUCCESSFACTORS|GET|/job/Barcelona-Beauty-Advisor-Barcelona/#/|2
joe-fresh|SMARTRECRUITERS|GET|/#/companies/joefresh/postings/#|3
jules|TALENTVIEW|GET|/funnel/#/companies/jules-recrutement/campaigns/#|67
jules|TALENTVIEW|GET|/funnel/#/companies/jules-recrutement/campaigns|9
julie-grace|PERSONIO|GET|/job/#|4
kastner-ohler|GENERIC_JSONLD|GET|/job-karriere/angebot/backoffice-mitarbeiterin-graz-teilzeit/|3
kering|EIGHTFOLD|GET|/api/pcsx/position_details|1080
kering|EIGHTFOLD|GET|/api/pcsx/search|108
kiabi|SMARTRECRUITERS|GET|/#/companies/kiabi/postings/#|194
kiabi|SMARTRECRUITERS|GET|/#/companies/kiabi/postings|2
knitwell-us-corporate|WORKDAY|GET|/wday/cxs/knitwellgroup/US_Corporate_Jobs/job/#/#|86
knitwell-us-corporate|WORKDAY|GET|/wday/cxs/knitwellgroup/US_Corporate_Jobs/job/New-York-Office/#|6
knitwell-us-corporate|WORKDAY|POST|/wday/cxs/knitwellgroup/US_Corporate_Jobs/jobs|5
knitwell-us-distribution|WORKDAY|GET|/wday/cxs/knitwellgroup/US_Distribution_Center/job/#/#|15
knitwell-us-retail|WORKDAY|GET|/wday/cxs/knitwellgroup/US_Retail_Jobs/job/#/#|2000
knitwell-us-retail|WORKDAY|POST|/wday/cxs/knitwellgroup/US_Retail_Jobs/jobs|189
la-casa-de-las-carcasas|TEAMTAILOR|GET|/jobs.json|7
lacoste|DIGITALRECRUITERS|GET|/fr/annonce/#|486
lacoste|DIGITALRECRUITERS|POST|/public/#/careers-site/job-ads|5
lacoste|DIGITALRECRUITERS|GET|/fr/annonce/#/#|4
lagardere-travel-retail|TALENTSOFT|GET|/offre-de-emploi/#|89
lagardere-travel-retail|TALENTSOFT|GET|/offre-de-emploi/liste-toutes-offres.aspx|11
lancel|GENERIC_JSONLD|GET|/poste/#/|32
la-prairie|SUCCESSFACTORS|GET|/job/#/#/|32
la-prairie|SUCCESSFACTORS|GET|/search/|2
la-redoute-talentview|TALENTVIEW|GET|/funnel/#/companies/laredoute-talent/campaigns/#|5
la-redoute-talentview|TALENTVIEW|GET|/funnel/#/companies/laredoute-talent/campaigns|2
laverana-gmbh-co-kg|PERSONIO|GET|/job/#|19
levis|WORKDAY|POST|/wday/cxs/levistraussandco/External/jobs|65
levis|WORKDAY|GET|/wday/cxs/levistraussandco/External/job/#/#|29
levis|WORKDAY|GET|/wday/cxs/levistraussandco/External/job/HQ-Office-San-Francisco-CA-USA/#|20
levis|WORKDAY|GET|/wday/cxs/levistraussandco/External/job/GCC-Office--ITC-Green-Center-Bengaluru-Karnataka-India/#|16
levis|WORKDAY|GET|/wday/cxs/levistraussandco/External/job/Sky-Harbor-Distribution-Center-Henderson-NV-USA/#|13
levis|WORKDAY|GET|/wday/cxs/levistraussandco/External/job/Office-Mexico-DF-Mexico/#|12
levis|WORKDAY|GET|/wday/cxs/levistraussandco/External/job/Freehold-New-Jersey-Raceway-Mall/#|9
levis|WORKDAY|GET|/wday/cxs/levistraussandco/External/job/Corte-Madera-CA-USA-BY-Corte-Madera/#|9
levis|WORKDAY|GET|/wday/cxs/levistraussandco/External/job/LS-LONDON-REGENT-STREET-London-United-Kingdom/#|8
levis|WORKDAY|GET|/wday/cxs/levistraussandco/External/job/LFO-KILDARE-OUTLET-VILLAGE-Kildare-Ireland/#|7
levis|WORKDAY|GET|/wday/cxs/levistraussandco/External/job/LFO-METZINGEN-OUTLETCITY-Metzingen-Germany/#|7
levis|WORKDAY|GET|/wday/cxs/levistraussandco/External/job/LFO-ISTANBUL-VIAPORT-ASIA-OUTLET-SHOPPING-Istanbul-Turkey/#|6
levis|WORKDAY|GET|/wday/cxs/levistraussandco/External/job/LFO-BATAVIASTAD-FASHION-OUTLET-Lelystad-Netherlands/#|6
levis|WORKDAY|GET|/wday/cxs/levistraussandco/External/job/LS-DUBLIN-GRAFTON-STREET-Dublin-Ireland/#|5
levis|WORKDAY|GET|/wday/cxs/levistraussandco/External/job/Bethesda-Maryland-BY-Montgomery-Mall/#|5
levis|WORKDAY|GET|/wday/cxs/levistraussandco/External/job/Soho-New-York-NY-USA/#|5
levis|WORKDAY|GET|/wday/cxs/levistraussandco/External/job/San-Clemente-California-BY-Outlet/#|5
levis|WORKDAY|GET|/wday/cxs/levistraussandco/External/job/Sawgrass-Mills-Sunrise-FL-USA/#|5
levis|WORKDAY|GET|/wday/cxs/levistraussandco/External/job/LFO-ROERMOND-DESIGNER-OUTLET--Roermond-Netherlands/#|5
levis|WORKDAY|GET|/wday/cxs/levistraussandco/External/job/Paramus-New-Jersey-Levis-Westfield-Garden-Plaza/#|5
levis|WORKDAY|GET|/wday/cxs/levistraussandco/External/job/Outlets-of-Des-Moines-Altoona-IA-USA/#|5
levis|WORKDAY|GET|/wday/cxs/levistraussandco/External/job/Orlando-Vineland-Premium-Outlets-Orlando-Florida-USA/#|5
levis|WORKDAY|GET|/wday/cxs/levistraussandco/External/job/Ontario-Mills-Ontario-CA-USA/#|5
levis|WORKDAY|GET|/wday/cxs/levistraussandco/External/job/Nashville-TN-USA/#|5
levis|WORKDAY|GET|/wday/cxs/levistraussandco/External/job/Chandler-Arizona-Chandler-Fashion-Ctr/#|5
levis|WORKDAY|GET|/wday/cxs/levistraussandco/External/job/Ixelles-Belgium/#|5
levis|WORKDAY|GET|/wday/cxs/levistraussandco/External/job/Houston-Texas-Beyond-Yoga-City-Centre/#|5
levis|WORKDAY|GET|/wday/cxs/levistraussandco/External/job/Barcelona-Spain/#|5
levis|WORKDAY|GET|/wday/cxs/levistraussandco/External/job/Warsaw-Poland/#|5
levis|WORKDAY|GET|/wday/cxs/levistraussandco/External/job/Commerce-CA-USA/#|5
levis|WORKDAY|GET|/wday/cxs/levistraussandco/External/job/Lynnwood-WA-Alderwood-Mall/#|4
levis|WORKDAY|GET|/wday/cxs/levistraussandco/External/job/Lynnfield-MA-USA/#|4
levis|WORKDAY|GET|/wday/cxs/levistraussandco/External/job/LS-ROMA-PORTA-DI-ROMA-Roma-Italy/#|4
levis|WORKDAY|GET|/wday/cxs/levistraussandco/External/job/LS-Mannheim-Mannheim-Germany/#|4
levis|WORKDAY|GET|/wday/cxs/levistraussandco/External/job/LS-GLASGOW-SILVERBURN-Glasgow--United-Kingdom/#|4
levis|WORKDAY|GET|/wday/cxs/levistraussandco/External/job/LS-DUBLIN-HENRY-ST-Dublin-Ireland/#|4
levis|WORKDAY|GET|/wday/cxs/levistraussandco/External/job/LS-BOCHUM-RUHR-PARK-Bochum-Germany/#|4
levis|WORKDAY|GET|/wday/cxs/levistraussandco/External/job/LS-BERLIN-KURFUERSTENDAMM-Berlin-Germany/#|4
levis|WORKDAY|GET|/wday/cxs/levistraussandco/External/job/LFO-WUSTERMARK-BERLIN-DESIGNER-OUTLET-Wustermark-Germany/#|4
levis|WORKDAY|GET|/wday/cxs/levistraussandco/External/job/Gilroy-Premium-Outlets-Gilroy-CA-USA/#|4
levis|WORKDAY|GET|/wday/cxs/levistraussandco/External/job/LFO-Sankt-Augustin-HUMA-Sankt-Augustin-Germany/#|4
levis|WORKDAY|GET|/wday/cxs/levistraussandco/External/job/LFO-WERTHEIM-VILLAGE-Wertheim-Germany/#|4
levis|WORKDAY|GET|/wday/cxs/levistraussandco/External/job/Bellevue-WA-BY-Bellevue-Sqare/#|4
levis|WORKDAY|GET|/wday/cxs/levistraussandco/External/job/Gurnee-Mills-Gurnee-IL-USA/#|4
levis|WORKDAY|GET|/wday/cxs/levistraussandco/External/job/LFO-POP-UP-Schwarzheide-Schwarzheide-Germany/#|4
levis|WORKDAY|GET|/wday/cxs/levistraussandco/External/job/Hudson-Yards-New-York-NY-USA/#|4
levis|WORKDAY|GET|/wday/cxs/levistraussandco/External/job/Indianapolis-IN-USA/#|4
levis|WORKDAY|GET|/wday/cxs/levistraussandco/External/job/LFO-CASTELGUELFO-THE-STYLE-OUTLET--Bologna-Italy/#|4
levis|WORKDAY|GET|/wday/cxs/levistraussandco/External/job/LFO-BREMERHAVEN-POP-UP--Bremerhaven-Germany/#|4
levis|WORKDAY|GET|/wday/cxs/levistraussandco/External/job/LFO-BIRMINGHAM-RESORTWORLD-Birmingham-United-Kingdom/#|4
levis|WORKDAY|GET|/wday/cxs/levistraussandco/External/job/Danbury-Connecticut-Levis-Danbury-Fair-Mall/#|4
levis|WORKDAY|GET|/wday/cxs/levistraussandco/External/job/Chicago-Illinois-N-Michigan-Ave/#|4
levis|WORKDAY|GET|/wday/cxs/levistraussandco/External/job/Cincinnati-Premium-Outlets-Monroe-OH-USA/#|4
levis|WORKDAY|GET|/wday/cxs/levistraussandco/External/job/Clinton-Crossing-Premium-Outlets-Clinton-CT-USA/#|4
levis|WORKDAY|GET|/wday/cxs/levistraussandco/External/job/Cherry-Hill-NJ-USA/#|4
levis|WORKDAY|GET|/wday/cxs/levistraussandco/External/job/Albertville-Premium-Outlets-Albertville-MN-USA/#|4
levis|WORKDAY|GET|/wday/cxs/levistraussandco/External/job/Des-Peres-MO-West-County-Center/#|4
levis|WORKDAY|GET|/wday/cxs/levistraussandco/External/job/Burlington-MA-Levis-Burlington-Mall/#|4
levis|WORKDAY|GET|/wday/cxs/levistraussandco/External/job/Camarillo-Premium-Outlets-Camarillo-CA-USA/#|4
levis|WORKDAY|GET|/wday/cxs/levistraussandco/External/job/Empire-Outlets-Staten-Island-NY-USA/#|4
levis|WORKDAY|GET|/wday/cxs/levistraussandco/External/job/Westport-CT-USA---Beyond-Yoga-Store/#|4
levis|WORKDAY|GET|/wday/cxs/levistraussandco/External/job/USA-Culver-City-Beyond-Yoga-HQ/#|4
levis|WORKDAY|GET|/wday/cxs/levistraussandco/External/job/Times-Square-New-York-NY-USA/#|4
levis|WORKDAY|GET|/wday/cxs/levistraussandco/External/job/Stuhr-Bremen-Stuhr/#|4
levis|WORKDAY|GET|/wday/cxs/levistraussandco/External/job/Roseville-CA-USA/#|4
levis|WORKDAY|GET|/wday/cxs/levistraussandco/External/job/Remote---USA/#|4
levis|WORKDAY|GET|/wday/cxs/levistraussandco/External/job/Portland-OR-USA/#|4
levis|WORKDAY|GET|/wday/cxs/levistraussandco/External/job/Orlando-FL-USA/#|4
levis|WORKDAY|GET|/wday/cxs/levistraussandco/External/job/North-Bend-Premium-Outlets-North-Bend-WA-USA/#|4
levis|WORKDAY|GET|/wday/cxs/levistraussandco/External/job/Market-Mall-Calgary-AB-CAN/#|4
levis|WORKDAY|GET|/wday/cxs/levistraussandco/External/job/Madison-WI-USA/#|4
levis|WORKDAY|GET|/wday/cxs/levistraussandco/External/job/Philadelphia-Premium-Outlets-Pottstown-PA-USA/#|3
levis|WORKDAY|GET|/wday/cxs/levistraussandco/External/job/Broomfield-Colorado-Flatiron-Crossing/#|3
levis|WORKDAY|GET|/wday/cxs/levistraussandco/External/job/Columbia-Gorge-Outlets-Troutdale-OR-USA/#|3
levis|WORKDAY|GET|/wday/cxs/levistraussandco/External/job/Colorado-Mills-Lakewood-CO-USA/#|3
levis|WORKDAY|GET|/wday/cxs/levistraussandco/External/job/Carlsbad-Premium-Outlets-Carlsbad-CA-USA/#|3
levis|WORKDAY|GET|/wday/cxs/levistraussandco/External/job/Edison-NJ-Levis-Menlo-Park/#|3
levis|WORKDAY|GET|/wday/cxs/levistraussandco/External/job/Chicago-Illinois-Orland-Park-Mall/#|3
levis|WORKDAY|GET|/wday/cxs/levistraussandco/External/job/Elmont-NY-Belmont-Hall---UBS-Arena/#|3
levis|WORKDAY|GET|/wday/cxs/levistraussandco/External/job/Christiana-DE-USA/#|3
levis|WORKDAY|GET|/wday/cxs/levistraussandco/External/job/Boston-MA-USA/#|3
levis|WORKDAY|GET|/wday/cxs/levistraussandco/External/job/Asheville-Outlets-Asheville-NC-USA/#|3
levis|WORKDAY|GET|/wday/cxs/levistraussandco/External/job/Culver-City-California-Levis-Westfield-Mall/#|3
levis|WORKDAY|GET|/wday/cxs/levistraussandco/External/job/Dallas-TX-USA/#|3
levis|WORKDAY|GET|/wday/cxs/levistraussandco/External/job/Bengaluru-India/#|3
levis|WORKDAY|GET|/wday/cxs/levistraussandco/External/job/Erlanger-Distribution-Center-Erlanger-KY-USA/#|3
levis|WORKDAY|GET|/wday/cxs/levistraussandco/External/job/Canoga-Park-CA/#|3
levis|WORKDAY|GET|/wday/cxs/levistraussandco/External/job/Groveport-Ohio-Distribution-Center/#|3
levis|WORKDAY|GET|/wday/cxs/levistraussandco/External/job/Hingham-MA-USA/#|3
levis|WORKDAY|GET|/wday/cxs/levistraussandco/External/job/Houston-Texas-Willowbrook-Mall/#|3
levis|WORKDAY|GET|/wday/cxs/levistraussandco/External/job/Irvine-CA-USA/#|3
levis|WORKDAY|GET|/wday/cxs/levistraussandco/External/job/Jettingen-Scheppach-DEU-LFO-Jettingen-Scheppach/#|3
levis|WORKDAY|GET|/wday/cxs/levistraussandco/External/job/King-of-Prussia-PA-USA/#|3
levis|WORKDAY|GET|/wday/cxs/levistraussandco/External/job/Las-Vegas-North-Premium-Outlets-Las-Vegas-NV-USA/#|3
levis|WORKDAY|GET|/wday/cxs/levistraussandco/External/job/LFO-BAD-MUENSTEREIFEL-POP-UP-Bad-Mnstereifel-Marktstrasse/#|3
levis|WORKDAY|GET|/wday/cxs/levistraussandco/External/job/LFO-CASTELROMANO-DESIGNER-OUTLET-Castel-Romano-Italy/#|3
levis|WORKDAY|GET|/wday/cxs/levistraussandco/External/job/LFO-INGOLSTADT-VILLAGE-Ingolstadt-Germany/#|3
levis|WORKDAY|GET|/wday/cxs/levistraussandco/External/job/LFO-ISTANBUL-OLIVIUM-OUTLET-CENTER-Istanbul-Turkey/#|3
levis|WORKDAY|GET|/wday/cxs/levistraussandco/External/job/LFO-MONTABAUR-THE-STYLE-OUTLET-Montabaur-Germany/#|3
levis|WORKDAY|GET|/wday/cxs/levistraussandco/External/job/LFO-ROOSENDAAL-DESIGNER-OUTLET-Roosendaal-Netherlands/#|3
levis|WORKDAY|GET|/wday/cxs/levistraussandco/External/job/LFO-Santangelo-Outlet-Village-Pescara-Italy/#|3
levis|WORKDAY|GET|/wday/cxs/levistraussandco/External/job/LFO-SERRAVALLE-DESIGNER-OUTLET-Serravalle-Scrivia-Italy/#|3
levis|WORKDAY|GET|/wday/cxs/levistraussandco/External/job/LFO-SERRIS-LA-VALLEE-VILLAGE-Serris-France/#|3
levis|WORKDAY|GET|/wday/cxs/levistraussandco/External/job/LFO-STERBOHOLY-PRAHA-FASHION-ARENA-Praha-Sterboholy-Czechia/#|3
levis|WORKDAY|GET|/wday/cxs/levistraussandco/External/job/LFO-WARSZAWA-FACTORY-URSUS-Warszawa-Poland/#|3
levis|WORKDAY|GET|/wday/cxs/levistraussandco/External/job/LFO-YORK-DESIGNER-OUTLET-York-United-Kingdom/#|3
levis|WORKDAY|GET|/wday/cxs/levistraussandco/External/job/Lincoln-City-Outlets-Lincoln-City-OR-USA/#|3
levis|WORKDAY|GET|/wday/cxs/levistraussandco/External/job/London-ON-CAN/#|3
levis|WORKDAY|GET|/wday/cxs/levistraussandco/External/job/Lone-Tree-Colorado-Park-Meadows/#|3
levis|WORKDAY|GET|/wday/cxs/levistraussandco/External/job/Los-Angeles-CA-USA-BY-Larchmont/#|3
levis|WORKDAY|GET|/wday/cxs/levistraussandco/External/job/LS-AMSTERDAM-KALVERSTRAAT-Amsterdam-Netherlands/#|3
levis|WORKDAY|GET|/wday/cxs/levistraussandco/External/job/LS-Berlin-Schnhauser-Berlin-Germany/#|3
levis|WORKDAY|GET|/wday/cxs/levistraussandco/External/job/LS-FO-NCCC-Mall-Davao-Davao-City-PHL/#|3
levis|WORKDAY|GET|/wday/cxs/levistraussandco/External/job/LS-Konstanz-Lago-Konstanz-Germany/#|3
levis|WORKDAY|GET|/wday/cxs/levistraussandco/External/job/LS-LIVERPOOL-ONE-Liverpool-United-Kingdom/#|3
levis|WORKDAY|GET|/wday/cxs/levistraussandco/External/job/LS-London-Battersea-London-United-Kingdom/#|3
levis|WORKDAY|GET|/wday/cxs/levistraussandco/External/job/LS-MUENCHEN-SENDLINGER-STRASSE-Muenchen-Germany/#|3
levis|WORKDAY|GET|/wday/cxs/levistraussandco/External/job/LS-OBERHAUSEN-CENTRO-Oberhausen-Germany/#|3
levis|WORKDAY|GET|/wday/cxs/levistraussandco/External/job/LS-Osnabrck-Osnabrck-DEU/#|3
levis|WORKDAY|GET|/wday/cxs/levistraussandco/External/job/LS-ROMA-VIA-DEL-CORSO-Roma-Italia/#|3
levis|WORKDAY|GET|/wday/cxs/levistraussandco/External/job/LS-SINDELFINGEN-BREUNINGERLAND-Sindelfingen-Germany/#|3
levis|WORKDAY|GET|/wday/cxs/levistraussandco/External/job/LS-SOUTHAMPTON-WEST-QUAY-Southampton-United-Kingdom/#|3
levis|WORKDAY|GET|/wday/cxs/levistraussandco/External/job/Mall-of-America-Bloomington-MN-USA/#|3
levis|WORKDAY|GET|/wday/cxs/levistraussandco/External/job/Market-Street-Store-San-Francisco-CA-USA/#|3
levis|WORKDAY|GET|/wday/cxs/levistraussandco/External/job/McArthurGlen-Designer-Vancouver-Outlets-Richmond-BC-CAN/#|3
levis|WORKDAY|GET|/wday/cxs/levistraussandco/External/job/Milano-Italy/#|3
levis|WORKDAY|GET|/wday/cxs/levistraussandco/External/job/Nebraska-Crossing-Gretna-NE-USA/#|3
levis|WORKDAY|GET|/wday/cxs/levistraussandco/External/job/Newport-Beach-CA/#|3
levis|WORKDAY|GET|/wday/cxs/levistraussandco/External/job/New-York-NY-BY-NYC-Pop-Up/#|3
levis|WORKDAY|GET|/wday/cxs/levistraussandco/External/job/Opry-Mills-Nashville-TN-USA/#|3
levis|WORKDAY|GET|/wday/cxs/levistraussandco/External/job/Orlando-International-Premium-Outlets-Orlando-FL-USA/#|3
levis|WORKDAY|GET|/wday/cxs/levistraussandco/External/job/Outlets-at-Lake-Elsinore-Lake-Elsinore-CA-USA/#|3
levis|WORKDAY|GET|/wday/cxs/levistraussandco/External/job/Outlets-at-San-Clemente-San-Clemente-CA-USA/#|3
levis|WORKDAY|GET|/wday/cxs/levistraussandco/External/job/Palm-Beach-Outlets-West-Palm-Beach-FL-USA/#|3
levis|WORKDAY|GET|/wday/cxs/levistraussandco/External/job/Park-Royal-West-Vancouver-BC-CAN/#|3
levis|WORKDAY|GET|/wday/cxs/levistraussandco/External/job/Santa-Monica-CA-USA/#|3
levis|WORKDAY|GET|/wday/cxs/levistraussandco/External/job/Scottsdale-AZ-USA/#|3
levis|WORKDAY|GET|/wday/cxs/levistraussandco/External/job/Seattle-WA-USA/#|3
levis|WORKDAY|GET|/wday/cxs/levistraussandco/External/job/Silver-Sands-Premium-Outlets-Destin-FL-USA/#|3
levis|WORKDAY|GET|/wday/cxs/levistraussandco/External/job/St-Louis-Premium-Outlets-Chesterfield-MO-USA/#|3
levis|WORKDAY|GET|/wday/cxs/levistraussandco/External/job/Tanger-Outlets-Tilton-Tilton-NH-USA/#|3
levis|WORKDAY|GET|/wday/cxs/levistraussandco/External/job/The-Mills-at-Jersey-Gardens-Elizabeth-NJ-USA/#|3
levis|WORKDAY|GET|/wday/cxs/levistraussandco/External/job/Vacaville-Premium-Outlets-Vacaville-CA-USA/#|3
levis|WORKDAY|GET|/wday/cxs/levistraussandco/External/job/Vancouver-British-Col-Pacific-Centre/#|3
levis|WORKDAY|GET|/wday/cxs/levistraussandco/External/job/White-Plains-NY-USA/#|3
levis|WORKDAY|GET|/wday/cxs/levistraussandco/External/job/Woodfield-Mall-Schaumburg-IL-USA/#|3
levis|WORKDAY|GET|/wday/cxs/levistraussandco/External/job/Yonkers-NY-Levis-Cross-County/#|3
levis|WORKDAY|GET|/wday/cxs/levistraussandco/External/job/Yorkdale-Shopping-Centre-Toronto-ON-CAN/#|3
levis|WORKDAY|GET|/wday/cxs/levistraussandco/External/job/LS-BIJENKORF-AMSTERDAM-MEN-Amsterdam-Netherlands/#|2
levis|WORKDAY|GET|/wday/cxs/levistraussandco/External/job/Fort-Worth-TX-USA/#|2
levis|WORKDAY|GET|/wday/cxs/levistraussandco/External/job/LS-BOLOGNA-INDIPENDENZA-Bologna-Italy/#|2
levis|WORKDAY|GET|/wday/cxs/levistraussandco/External/job/LS-BOYNER-ISTANBUL-ISTINYEPARK-Istanbul-Turkey/#|2
levis|WORKDAY|GET|/wday/cxs/levistraussandco/External/job/Folsom-Premium-Outlets-Folsom-CA-USA/#|2
levis|WORKDAY|GET|/wday/cxs/levistraussandco/External/job/Finger-Lakes-Premium-Outlets-Waterloo-NY-USA/#|2
levis|WORKDAY|GET|/wday/cxs/levistraussandco/External/job/LS-DUBLIN-Liffey-Valley-Dublin-Ireland/#|2
levis|WORKDAY|GET|/wday/cxs/levistraussandco/External/job/LS-ERFURT-ANGER-Erfurt-Germany/#|2
levis|WORKDAY|GET|/wday/cxs/levistraussandco/External/job/LS-EXETER-PRINCESSHAY-Exeter-United-Kingdom/#|2
levis|WORKDAY|GET|/wday/cxs/levistraussandco/External/job/Tanger-Outlets-San-Marcos-San-Marcos-TX-USA/#|2
levis|WORKDAY|GET|/wday/cxs/levistraussandco/External/job/LS-Frankfurt-MyZeil-Frankfurt-Germany/#|2
levis|WORKDAY|GET|/wday/cxs/levistraussandco/External/job/LS-GALERIES-LAFAYETTE-PARIS-HAUSSMANN-Men-Paris-France/#|2
levis|WORKDAY|GET|/wday/cxs/levistraussandco/External/job/Emaar-Square-Sitesi-AVM-Istanbul-TUR/#|2
levis|WORKDAY|GET|/wday/cxs/levistraussandco/External/job/LS-Hamburg-Schleusenbrucke-Hamburg-Germany/#|2
levis|WORKDAY|GET|/wday/cxs/levistraussandco/External/job/LS-Hamburg-Spitalerstrasse-Hamburg-Germany/#|2
levis|WORKDAY|GET|/wday/cxs/levistraussandco/External/job/LS-HANNOVER-EAG-Hannover-Germany/#|2
levis|WORKDAY|GET|/wday/cxs/levistraussandco/External/job/LS-HEIDELBERG-HAUPTSTRASSE-Heidelberg-Germany/#|2
levis|WORKDAY|GET|/wday/cxs/levistraussandco/External/job/LS-ISTANBUL-BEYOGLU-Istanbul-Turkey/#|2
levis|WORKDAY|GET|/wday/cxs/levistraussandco/External/job/Tanger-Outlets-Terrell-Terrell-TX-USA/#|2
levis|WORKDAY|GET|/wday/cxs/levistraussandco/External/job/LS-LEIPZIG-GRIMMAISCHE-STRASSE-Leipzig-Germany/#|2
levis|WORKDAY|GET|/wday/cxs/levistraussandco/External/job/Williamsburg-Brooklyn-NY-USA/#|2
levis|WORKDAY|GET|/wday/cxs/levistraussandco/External/job/The-Domain-Austin-TX-USA/#|2
levis|WORKDAY|GET|/wday/cxs/levistraussandco/External/job/LS-LONDON-CARNABY-STREET-London-United-Kingdom/#|2
levis|WORKDAY|GET|/wday/cxs/levistraussandco/External/job/Ellenton-Premium-Outlets-Ellenton-FL-USA/#|2
levis|WORKDAY|GET|/wday/cxs/levistraussandco/External/job/LS-London-St-Pancras-London-United-Kingdom/#|2
levis|WORKDAY|GET|/wday/cxs/levistraussandco/External/job/LS-Lyngby-Lyngby-Denmark/#|2
levis|WORKDAY|GET|/wday/cxs/levistraussandco/External/job/Dolphin-Mall-Miami-FL-USA/#|2
levis|WORKDAY|GET|/wday/cxs/levistraussandco/External/job/LS-MILANO-GAE-AULENTI-Milano-Gae-Aulenti-Italy/#|2
levis|WORKDAY|GET|/wday/cxs/levistraussandco/External/job/LS-MILANO-VIA-TORINO-Milan-Italy/#|2
levis|WORKDAY|GET|/wday/cxs/levistraussandco/External/job/LS-MUENCHEN-NEUHAUSER-STRASSE-Muenchen-Germany/#|2
levis|WORKDAY|GET|/wday/cxs/levistraussandco/External/job/The-Forum-Shops-Las-Vegas-NV-USA/#|2
levis|WORKDAY|GET|/wday/cxs/levistraussandco/External/job/LS-MUENSTER-ARKADEN-Mnster-Germany/#|2
levis|WORKDAY|GET|/wday/cxs/levistraussandco/External/job/Williamsburg-Premium-Outlets-Williamsburg-VA-USA/#|2
levis|WORKDAY|GET|/wday/cxs/levistraussandco/External/job/The-Outlet-Collection--Seattle-Auburn-WA-USA/#|2
levis|WORKDAY|GET|/wday/cxs/levistraussandco/External/job/LS-PARIS-CHAMPS-ELYSEES-Paris-France/#|2
levis|WORKDAY|GET|/wday/cxs/levistraussandco/External/job/DEU-LS-Ulm/#|2
levis|WORKDAY|GET|/wday/cxs/levistraussandco/External/job/The-Outlets-at-Barstow-Barstow-CA-USA/#|2
levis|WORKDAY|GET|/wday/cxs/levistraussandco/External/job/LS-SHEFFIELD-MEADOWHAL-Sheffield-United-Kingdom/#|2
levis|WORKDAY|GET|/wday/cxs/levistraussandco/External/job/The-Outlet-Shoppes-at-El-Paso-Canutillo-TX-USA/#|2
levis|WORKDAY|GET|/wday/cxs/levistraussandco/External/job/The-Pike-Long-Beach-CA-USA/#|2
levis|WORKDAY|GET|/wday/cxs/levistraussandco/External/job/LS-WARSZAWA-WESTFIELD-ARKADIA-Warsaw-Poland/#|2
levis|WORKDAY|GET|/wday/cxs/levistraussandco/External/job/LS-YORK-HIGH-OUSEGATE-York-United-Kingdom/#|2
levis|WORKDAY|GET|/wday/cxs/levistraussandco/External/job/DEU-LFO-Broderstorf/#|2
levis|WORKDAY|GET|/wday/cxs/levistraussandco/External/job/Desert-Hills-Premium-Outlets-Cabazon-CA-USA/#|2
levis|WORKDAY|GET|/wday/cxs/levistraussandco/External/job/Concord-Mills-Concord-NC-USA/#|2
levis|WORKDAY|GET|/wday/cxs/levistraussandco/External/job/Thiele-Square-Portland-OR-USA/#|2
levis|WORKDAY|GET|/wday/cxs/levistraussandco/External/job/Manhattan-Beach-California/#|2
levis|WORKDAY|GET|/wday/cxs/levistraussandco/External/job/Columbus-Outlets-Sunbury-OH-USA/#|2
levis|WORKDAY|GET|/wday/cxs/levistraussandco/External/job/Atlanta-GA/#|2
levis|WORKDAY|GET|/wday/cxs/levistraussandco/External/job/Markham-Ontario-Markville-Mall/#|2
levis|WORKDAY|GET|/wday/cxs/levistraussandco/External/job/Toronto-Eaton-Centre-Toronto-ON-CAN/#|2
levis|WORKDAY|GET|/wday/cxs/levistraussandco/External/job/Merrimack-Premium-Outlets-Merrimack-NH-USA/#|2
levis|WORKDAY|GET|/wday/cxs/levistraussandco/External/job/Miami-FL-USA/#|2
levis|WORKDAY|GET|/wday/cxs/levistraussandco/External/job/Tucson-Premium-Outlets-Tucson-AZ-USA/#|2
levis|WORKDAY|GET|/wday/cxs/levistraussandco/External/job/Murray-UT-USA/#|2
levis|WORKDAY|GET|/wday/cxs/levistraussandco/External/job/Napa-Premium-Outlets-Napa-CA-USA/#|2
levis|WORKDAY|GET|/wday/cxs/levistraussandco/External/job/Columbus-OH/#|2
levis|WORKDAY|GET|/wday/cxs/levistraussandco/External/job/Twin-Cities-Premium-Outlets-Eagan-MN-USA/#|2
levis|WORKDAY|GET|/wday/cxs/levistraussandco/External/job/UK-LS-Kingston/#|2
levis|WORKDAY|GET|/wday/cxs/levistraussandco/External/job/Assembly-Row-Somerville-MA-USA/#|2
levis|WORKDAY|GET|/wday/cxs/levistraussandco/External/job/Clarksburg-Premium-Outlets-Clarksburg-MD-USA/#|2
levis|WORKDAY|GET|/wday/cxs/levistraussandco/External/job/Oakbrook-Center-Oakbrook-IL-USA/#|2
levis|WORKDAY|GET|/wday/cxs/levistraussandco/External/job/Offenbach-Germany/#|2
levis|WORKDAY|GET|/wday/cxs/levistraussandco/External/job/Chicago-IL-USA-BY-Fulton-Market/#|2
levis|WORKDAY|GET|/wday/cxs/levistraussandco/External/job/Century-City-Los-Angeles-CA-USA/#|2
levis|WORKDAY|GET|/wday/cxs/levistraussandco/External/job/USA-McLean-Virginia-Tysons-Corner-Relo/#|2
levis|WORKDAY|GET|/wday/cxs/levistraussandco/External/job/Orlando-Florida-Mall-at-Millenia/#|2
levis|WORKDAY|GET|/wday/cxs/levistraussandco/External/job/Carolina-Premium-Outlets-Smithfield-NC-USA/#|2
levis|WORKDAY|GET|/wday/cxs/levistraussandco/External/job/Windsor-Crossing-Premium-Outlet-Windsor-ON-CAN/#|2
levis|WORKDAY|GET|/wday/cxs/levistraussandco/External/job/Campi-Bisenzio-Italy/#|2
levis|WORKDAY|GET|/wday/cxs/levistraussandco/External/job/Outlet-Collection-at-Niagara-Niagara-on-the-Lake-ON-CAN/#|2
levis|WORKDAY|GET|/wday/cxs/levistraussandco/External/job/Outlet-Marketplace-Orlando-FL-USA/#|2
levis|WORKDAY|GET|/wday/cxs/levistraussandco/External/job/Outlets-at-Anthem-Phoenix-AZ-USA/#|2
levis|WORKDAY|GET|/wday/cxs/levistraussandco/External/job/Woodbury-Common-Premium-Outlets-Central-Valley-NY-USA/#|2
levis|WORKDAY|GET|/wday/cxs/levistraussandco/External/job/Outlets-at-Lake-George-Lake-George-NY-USA/#|2
levis|WORKDAY|GET|/wday/cxs/levistraussandco/External/job/Outlets-at-Legends-Sparks-NV-USA/#|2
levis|WORKDAY|GET|/wday/cxs/levistraussandco/External/job/Outlets-at-Orange-Orange-CA-USA/#|2
levis|WORKDAY|GET|/wday/cxs/levistraussandco/External/job/Vaughan-Ontario-Vaughan-Mills-Outlet/#|2
levis|WORKDAY|GET|/wday/cxs/levistraussandco/External/job/Outlets-at-Silverthorne-Silverthorne-CO-USA/#|2
levis|WORKDAY|GET|/wday/cxs/levistraussandco/External/job/Outlets-at-The-Dells-Baraboo-WI-USA/#|2
levis|WORKDAY|GET|/wday/cxs/levistraussandco/External/job/Outlets-at-Traverse-Mountain-Lehi-UT-USA/#|2
levis|WORKDAY|GET|/wday/cxs/levistraussandco/External/job/Outlet-Shops-of-Grand-River-Leeds-AL-USA/#|2
levis|WORKDAY|GET|/wday/cxs/levistraussandco/External/job/Buford-Georgia-Mall-of-Georgia/#|2
levis|WORKDAY|GET|/wday/cxs/levistraussandco/External/job/Outlets-of-Little-Rock-Little-Rock-AR-USA/#|2
levis|WORKDAY|GET|/wday/cxs/levistraussandco/External/job/Outlets-Park-City-Park-City-UT-USA/#|2
levis|WORKDAY|GET|/wday/cxs/levistraussandco/External/job/Palm-Beach-Gardens-Florida-Gardens-Mall/#|2
levis|WORKDAY|GET|/wday/cxs/levistraussandco/External/job/Walnut-Creek-CA-USA/#|2
levis|WORKDAY|GET|/wday/cxs/levistraussandco/External/job/Boston-MA-USA---Beyond-Yoga-Seaport/#|2
levis|WORKDAY|GET|/wday/cxs/levistraussandco/External/job/Arundel-Mills-Hanover-MD-USA/#|2
levis|WORKDAY|GET|/wday/cxs/levistraussandco/External/job/Petaluma-Village-Premium-Outlets-Petaluma-CA-USA/#|2
levis|WORKDAY|GET|/wday/cxs/levistraussandco/External/job/Bluffton-SC-USA/#|2
levis|WORKDAY|GET|/wday/cxs/levistraussandco/External/job/Phoenix-AZ-USA/#|2
levis|WORKDAY|GET|/wday/cxs/levistraussandco/External/job/Phoenix-Premium-Outlets-Chandler-AZ-USA/#|2
levis|WORKDAY|GET|/wday/cxs/levistraussandco/External/job/Pleasant-Prairie-Premium-Outlets-Kenosha-WI-USA/#|2
levis|WORKDAY|GET|/wday/cxs/levistraussandco/External/job/Birmingham-AL-USA/#|2
levis|WORKDAY|GET|/wday/cxs/levistraussandco/External/job/Poznan-Poland/#|2
levis|WORKDAY|GET|/wday/cxs/levistraussandco/External/job/Raleigh-NC/#|2
levis|WORKDAY|GET|/wday/cxs/levistraussandco/External/job/Bellevue-WA-USA/#|2
levis|WORKDAY|GET|/wday/cxs/levistraussandco/External/job/Riccarton-Christchurch-NZL/#|2
levis|WORKDAY|GET|/wday/cxs/levistraussandco/External/job/Richmond-BC-Richmond-Centre-Mall/#|2
levis|WORKDAY|GET|/wday/cxs/levistraussandco/External/job/Riverhead-NY-USA/#|2
levis|WORKDAY|GET|/wday/cxs/levistraussandco/External/job/Riverwalk-New-Orleans-LA-USA/#|2
levis|WORKDAY|GET|/wday/cxs/levistraussandco/External/job/Bay-Street-Store-Emeryville-CA-USA/#|2
levis|WORKDAY|GET|/wday/cxs/levistraussandco/External/job/Round-Rock-Premium-Outlets-Round-Rock-TX-USA/#|2
levis|WORKDAY|GET|/wday/cxs/levistraussandco/External/job/Sacramento-California-Arden-Fair/#|2
levis|WORKDAY|GET|/wday/cxs/levistraussandco/External/job/BARCELONA-ESP-LS-BARCELONA-PORTAL-DE-LANGEL/#|2
levis|WORKDAY|GET|/wday/cxs/levistraussandco/External/job/San-Francisco-Premium-Outlets-Livermore-CA-USA/#|2
levis|WORKDAY|GET|/wday/cxs/levistraussandco/External/job/San-Jose-California-BY-Westfield-Valley-Fair/#|2
levis|WORKDAY|GET|/wday/cxs/levistraussandco/External/job/Washington-PA-USA/#|2
levis|WORKDAY|GET|/wday/cxs/levistraussandco/External/job/Saskatoon-Saskatchewan-Levis-Midtown/#|2
levis|WORKDAY|GET|/wday/cxs/levistraussandco/External/job/Aventura-Mall-Miami-FL-USA/#|2
levis|WORKDAY|GET|/wday/cxs/levistraussandco/External/job/Scottsdale-Arizona-BY-Kierland-Commons/#|2
levis|WORKDAY|GET|/wday/cxs/levistraussandco/External/job/Weiterstadt-DEU-LS-Weiterstadt/#|2
levis|WORKDAY|GET|/wday/cxs/levistraussandco/External/job/Seattle-Premium-Outlets-Tulalip-WA-USA/#|2
levis|WORKDAY|GET|/wday/cxs/levistraussandco/External/job/Kittery-ME-USA/#|2
levis|WORKDAY|GET|/wday/cxs/levistraussandco/External/job/Kittery-Premium-Outlets-Kittery-ME-USA/#|2
levis|WORKDAY|GET|/wday/cxs/levistraussandco/External/job/Las-Americas-Premium-Outlets-San-Ysidro-CA-USA/#|2
levis|WORKDAY|GET|/wday/cxs/levistraussandco/External/job/American-Dream-Mall-East-Rutherford-NJ-USA/#|2
levis|WORKDAY|GET|/wday/cxs/levistraussandco/External/job/Lee-Premium-Outlets-Lee-MA-USA/#|2
levis|WORKDAY|GET|/wday/cxs/levistraussandco/External/job/Levis-Hamburg-bersee-Germany/#|2
levis|WORKDAY|GET|/wday/cxs/levistraussandco/External/job/Levi-Strauss-Sao-Paulo-So-Paulo-Brazil/#|2
levis|WORKDAY|GET|/wday/cxs/levistraussandco/External/job/Settlers-Green-Outlet-Village-North-Conway-NH-USA/#|2
levis|WORKDAY|GET|/wday/cxs/levistraussandco/External/job/LFO-BARBERINO-DESIGNER-OUTLET-Firenze-Italy/#|2
levis|WORKDAY|GET|/wday/cxs/levistraussandco/External/job/Jersey-Shore-Premium-Outlets-Tinton-Falls-NJ-USA/#|2
levis|WORKDAY|GET|/wday/cxs/levistraussandco/External/job/Jenks-OK-USA/#|2
levis|WORKDAY|GET|/wday/cxs/levistraussandco/External/job/LFO-BRAINTREE-VILLAGE-Essex-United-Kingdom/#|2
levis|WORKDAY|GET|/wday/cxs/levistraussandco/External/job/Jackson-Premium-Outlets-Jackson-Township-NJ-USA/#|2
levis|WORKDAY|GET|/wday/cxs/levistraussandco/External/job/LFO-Cannock-West-Midlands-United-Kingdom/#|2
levis|WORKDAY|GET|/wday/cxs/levistraussandco/External/job/Indiana-Premium-Outlets-Edinburgh-IN-USA/#|2
levis|WORKDAY|GET|/wday/cxs/levistraussandco/External/job/DEU-LS-Magdeburg/#|2
levis|WORKDAY|GET|/wday/cxs/levistraussandco/External/job/LFO-FOIANO-VALDICHIANA-OUTLET-VILLAGE-Foiano-della-Chiana-Italy/#|2
levis|WORKDAY|GET|/wday/cxs/levistraussandco/External/job/LFO-Franconville-Franconville-FRA/#|2
levis|WORKDAY|GET|/wday/cxs/levistraussandco/External/job/Australia-Brisbane/#|2
levis|WORKDAY|GET|/wday/cxs/levistraussandco/External/job/Austin-Texas-Barton-Creek-Square/#|2
levis|WORKDAY|GET|/wday/cxs/levistraussandco/External/job/Huntington-Station-NY-USA/#|2
levis|WORKDAY|GET|/wday/cxs/levistraussandco/External/job/Houston-TX-USA/#|2
levis|WORKDAY|GET|/wday/cxs/levistraussandco/External/job/LFO-MADRID-LAS-ROZAS-VILLAGE-Madrid-Spain/#|2
levis|WORKDAY|GET|/wday/cxs/levistraussandco/External/job/Hilton-Head-Bluffton-SC-USA/#|2
levis|WORKDAY|GET|/wday/cxs/levistraussandco/External/job/Spectrum-Center-Irvine-CA-USA/#|2
levis|WORKDAY|GET|/wday/cxs/levistraussandco/External/job/LFO-NOVENTA-DI-PIAVE-DESIGNER-OUTLET-Noventa-Di-Piave-Italy/#|2
levis|WORKDAY|GET|/wday/cxs/levistraussandco/External/job/LFO-PIASECZNO-DESIGNER-OUTLET-Piaseczno-Poland/#|2
levis|WORKDAY|GET|/wday/cxs/levistraussandco/External/job/Hamburg--LS-Galeria-Hamburg-Women-Germany/#|2
levis|WORKDAY|GET|/wday/cxs/levistraussandco/External/job/Halton-Hills-ON-CAN/#|2
levis|WORKDAY|GET|/wday/cxs/levistraussandco/External/job/Square-One-Shopping-Centre-Mississauga-ON-CAN/#|2
levis|WORKDAY|GET|/wday/cxs/levistraussandco/External/job/Greenwich-CT-USA---Beyond-Yoga-Store/#|2
levis|WORKDAY|GET|/wday/cxs/levistraussandco/External/job/Stanford-Shopping-Center-Palo-Alto-CA-USA/#|2
levis|WORKDAY|GET|/wday/cxs/levistraussandco/External/job/Wicker-Park-Chicago-IL-USA/#|2
levis|WORKDAY|GET|/wday/cxs/levistraussandco/External/job/Aurora-OH-USA/#|2
levis|WORKDAY|GET|/wday/cxs/levistraussandco/External/job/Sugarloaf-Mills-Lawrenceville-GA-USA/#|2
levis|WORKDAY|GET|/wday/cxs/levistraussandco/External/job/LFO-STREET-CLARKS-VILLAGE-Somerset-United-Kingdom/#|2
levis|WORKDAY|GET|/wday/cxs/levistraussandco/External/job/LFO-SWINDON-DESIGNER-OUTLET-Swindon-United-Kingdom/#|2
levis|WORKDAY|GET|/wday/cxs/levistraussandco/External/job/LFO-WARSZAWA-FACTORY-ANNOPOL-Warsaw-Poland/#|2
levis|WORKDAY|GET|/wday/cxs/levistraussandco/External/job/Tanger-Outlets-Atlantic-City-Atlantic-City-NJ-USA/#|2
levis|WORKDAY|GET|/wday/cxs/levistraussandco/External/job/Grand-Prairie-Premium-Outlets-Grand-Prairie-TX-USA/#|2
levis|WORKDAY|GET|/wday/cxs/levistraussandco/External/job/LFO-WOLFSBURG-DESIGNER-OUTLET-Wolfsburg-Germany/#|2
levis|WORKDAY|GET|/wday/cxs/levistraussandco/External/job/Garden-City-NY-USA/#|2
levis|WORKDAY|GET|/wday/cxs/levistraussandco/External/job/Tanger-Outlets-Commerce-Commerce-GA-USA/#|2
levis|WORKDAY|GET|/wday/cxs/levistraussandco/External/job/Lighthouse-Place-Michigan-City-IN-USA/#|2
levis|WORKDAY|GET|/wday/cxs/levistraussandco/External/job/Tanger-Outlets-Cookstown-Cookstown-ON-CAN/#|2
levis|WORKDAY|GET|/wday/cxs/levistraussandco/External/job/Tanger-Outlets-Fort-Worth-Fort-Worth-TX-USA/#|2
levis|WORKDAY|GET|/wday/cxs/levistraussandco/External/job/London-United-Kingdom/#|2
levis|WORKDAY|GET|/wday/cxs/levistraussandco/External/job/Tanger-Outlets-Hershey-Hershey-PA-USA/#|2
levis|WORKDAY|GET|/wday/cxs/levistraussandco/External/job/Lone-tree-CO-USA/#|2
levis|WORKDAY|GET|/wday/cxs/levistraussandco/External/job/Tanger-Outlets-Mebane-NC-USA/#|2
levis|WORKDAY|GET|/wday/cxs/levistraussandco/External/job/LS-AACHEN-AQUIS-PLAZA-Aachen-Germany/#|2
levis|WORKDAY|GET|/wday/cxs/levistraussandco/External/job/Tanger-Outlets-Phoenix-Glendale-AZ-USA/#|2
levis|WORKDAY|GET|/wday/cxs/levistraussandco/External/job/Friendswood-Texas-Baybrook-Mall/#|2
levis|WORKDAY|GET|/wday/cxs/levistraussandco/External/job/LS-BERLIN-MEMHARDSTRASSE-Berlin-Germany/#|2
levis|WORKDAY|GET|/wday/cxs/levistraussandco/External/job/Tanger-Outlets-Rehoboth-Beach-Rehoboth-Beach-DE-USA/#|2
lindex-easycruit|EASYCRUIT|GET|/vacancy/#/#|33
lindex-easycruit|EASYCRUIT|GET|/export/xml/vacancy/#|33
l-occitane-en-provence-2|SUCCESSFACTORS|GET|/job/#/#/|21
l-occitane-en-provence-2|SUCCESSFACTORS|GET|/search/|3
longchamp|TALENTSOFT|GET|/offre-de-emploi/#|25
longchamp|TALENTSOFT|GET|/offre-de-emploi/liste-toutes-offres.aspx|4
l-oreal-professionnel|AVATURE|GET|/en_US/jobs/SearchJobs/|3
lovisa|TEAMTAILOR|GET|/jobs.json|14
lumentee|GENERIC_JSONLD|GET|/careers/|6
luxexperience|GENERIC_JSONLD|GET|/open-positions/job-detail/#|52
luxexperience|GENERIC_JSONLD|GET|/open-positions|7
luxury-of-retail|DIGITALRECRUITERS|GET|/fr/annonce/#|26
lvmh|LVMH_ALGOLIA|POST|/#/indexes/PRD-en-us/query|60
madame-figaro|WTTJ|GET|/api/#/organizations/groupe-figaro/jobs/#|2
madewell|WORKDAY|GET|/wday/cxs/jcrew/MadewellCareers/job/New-York-NY-USA-Headquarters/#|22
madewell|WORKDAY|POST|/wday/cxs/jcrew/MadewellCareers/jobs|18
madewell|WORKDAY|GET|/wday/cxs/jcrew/MadewellCareers/job/#/#|10
madewell|WORKDAY|GET|/wday/cxs/jcrew/MadewellCareers/job/New-York-NY-USA-Third-Avenue---Madewell/#|6
madewell|WORKDAY|GET|/wday/cxs/jcrew/MadewellCareers/job/Pittsburgh-PA-USA-Ross-Park---Madewell/#|5
madewell|WORKDAY|GET|/wday/cxs/jcrew/MadewellCareers/job/Walnut-Creek-CA-USA-Broadway-Plaza---Madewell/#|5
madewell|WORKDAY|GET|/wday/cxs/jcrew/MadewellCareers/job/San-Jose-CA-USA-Santana-Row---Madewell/#|5
madewell|WORKDAY|GET|/wday/cxs/jcrew/MadewellCareers/job/Costa-Mesa-CA-USA-South-Coast-Plaza---Madewell/#|5
madewell|WORKDAY|GET|/wday/cxs/jcrew/MadewellCareers/job/Brooklyn-NY-USA-Williamsburg----Madewell/#|5
madewell|WORKDAY|GET|/wday/cxs/jcrew/MadewellCareers/job/Huntington-Station-NY-USA-Walt-Whitman---Madewell/#|4
madewell|WORKDAY|GET|/wday/cxs/jcrew/MadewellCareers/job/Bellevue-WA-USA-Bellevue---Madewell/#|4
madewell|WORKDAY|GET|/wday/cxs/jcrew/MadewellCareers/job/Bozeman-MT-USA-Gallatin-Crossing---Madewell/#|4
madewell|WORKDAY|GET|/wday/cxs/jcrew/MadewellCareers/job/Dallas-TX-USA-Northpark---Madewell/#|4
madewell|WORKDAY|GET|/wday/cxs/jcrew/MadewellCareers/job/Brooklyn-NY-USA-Cobble-Hill---Madewell/#|4
madewell|WORKDAY|GET|/wday/cxs/jcrew/MadewellCareers/job/Edina-MN-USA-Southdale---Madewell/#|4
madewell|WORKDAY|GET|/wday/cxs/jcrew/MadewellCareers/job/Edina-MN-USA-Galleria-Edina---Madewell/#|4
madewell|WORKDAY|GET|/wday/cxs/jcrew/MadewellCareers/job/Washington-DC-USA-Georgetown---Madewell/#|4
madewell|WORKDAY|GET|/wday/cxs/jcrew/MadewellCareers/job/Skokie-IL-USA-Old-Orchard---Madewell/#|4
madewell|WORKDAY|GET|/wday/cxs/jcrew/MadewellCareers/job/Seattle-WA-USA-University-Village---Madewell/#|4
madewell|WORKDAY|GET|/wday/cxs/jcrew/MadewellCareers/job/Sag-Harbor-NY-USA-Sag-Harbor---Madewell/#|4
madewell|WORKDAY|GET|/wday/cxs/jcrew/MadewellCareers/job/Los-Angeles-CA-USA-Century-City---Madewell/#|4
madewell|WORKDAY|GET|/wday/cxs/jcrew/MadewellCareers/job/Austin-TX-USA-South-Congress---Madewell/#|3
madewell|WORKDAY|GET|/wday/cxs/jcrew/MadewellCareers/job/Durham-NC-USA-Streets-at-Southpoint---Madewell/#|3
madewell|WORKDAY|GET|/wday/cxs/jcrew/MadewellCareers/job/Albany-NY-USA-Stuyvesant-Plaza---Madewell/#|3
madewell|WORKDAY|GET|/wday/cxs/jcrew/MadewellCareers/job/Alpharetta-GA-USA-Avalon---Madewell/#|3
madewell|WORKDAY|GET|/wday/cxs/jcrew/MadewellCareers/job/Austin-TX-USA-Domain---Madewell/#|3
madewell|WORKDAY|GET|/wday/cxs/jcrew/MadewellCareers/job/Bend-OR-USA-Old-Mill-District---Madewell/#|3
madewell|WORKDAY|GET|/wday/cxs/jcrew/MadewellCareers/job/Bethesda-MD-USA-Montgomery---Madewell/#|3
madewell|WORKDAY|GET|/wday/cxs/jcrew/MadewellCareers/job/Bloomington-MN-USA-Mall-of-America---Madewell/#|3
madewell|WORKDAY|GET|/wday/cxs/jcrew/MadewellCareers/job/Boston-MA-USA-Newbury-Street---Madewell/#|3
madewell|WORKDAY|GET|/wday/cxs/jcrew/MadewellCareers/job/Boston-MA-USA-Prudential-Center---Madewell/#|3
madewell|WORKDAY|GET|/wday/cxs/jcrew/MadewellCareers/job/Burlington-MA-USA-Burlington-Mall---Madewell/#|3
madewell|WORKDAY|GET|/wday/cxs/jcrew/MadewellCareers/job/Cary-NC-USA-Fenton---Madewell/#|3
madewell|WORKDAY|GET|/wday/cxs/jcrew/MadewellCareers/job/Chestnut-Hill-MA-USA-Chestnut-Hill---Madewell/#|3
madewell|WORKDAY|GET|/wday/cxs/jcrew/MadewellCareers/job/Farmington-CT-USA-Westfarms---Madewell/#|3
madewell|WORKDAY|GET|/wday/cxs/jcrew/MadewellCareers/job/Garden-City-NY-USA-Roosevelt-Field---Madewell/#|3
madewell|WORKDAY|GET|/wday/cxs/jcrew/MadewellCareers/job/Greenville-SC-USA-Downtown-Greenville---Madewell/#|3
madewell|WORKDAY|GET|/wday/cxs/jcrew/MadewellCareers/job/Hingham-MA-USA-Derby-Street---Madewell/#|3
madewell|WORKDAY|GET|/wday/cxs/jcrew/MadewellCareers/job/Manhasset-NY-USA-Americana-Manhasset---Madewell/#|3
madewell|WORKDAY|GET|/wday/cxs/jcrew/MadewellCareers/job/Meridian-ID-USA-Village-at-Meridian---Madewell/#|3
madewell|WORKDAY|GET|/wday/cxs/jcrew/MadewellCareers/job/Minnetonka-MN-USA-Ridgedale-Center---Madewell/#|3
madewell|WORKDAY|GET|/wday/cxs/jcrew/MadewellCareers/job/Murray-UT-USA-Fashion-Place---Madewell/#|3
madewell|WORKDAY|GET|/wday/cxs/jcrew/MadewellCareers/job/New-York-NY-USA-Brookfield-Place---Mens---Madewell/#|3
madewell|WORKDAY|GET|/wday/cxs/jcrew/MadewellCareers/job/Palm-Beach-Gardens-FL-USA-The-Gardens---Madewell/#|3
madewell|WORKDAY|GET|/wday/cxs/jcrew/MadewellCareers/job/Palo-Alto-CA-USA-Stanford-Shopping-Center---Madewell/#|3
madewell|WORKDAY|GET|/wday/cxs/jcrew/MadewellCareers/job/Paramus-NJ-USA-Garden-State-Plaza---Madewell/#|3
madewell|WORKDAY|GET|/wday/cxs/jcrew/MadewellCareers/job/Plano-TX-USA-Legacy-West---Madewell/#|3
madewell|WORKDAY|GET|/wday/cxs/jcrew/MadewellCareers/job/San-Ramon-CA-USA-Bishop-Ranch---Madewell/#|3
madewell|WORKDAY|GET|/wday/cxs/jcrew/MadewellCareers/job/Scottsdale-AZ-USA-Scottsdale-Fashion-Square---Madewell/#|3
madewell|WORKDAY|GET|/wday/cxs/jcrew/MadewellCareers/job/Short-Hills-NJ-USA-Short-Hills---Madewell/#|3
madewell|WORKDAY|GET|/wday/cxs/jcrew/MadewellCareers/job/Victor-NY-USA-Eastview-Mall---Madewell/#|3
madewell|WORKDAY|GET|/wday/cxs/jcrew/MadewellCareers/job/Westport-CT-USA-Westport---Madewell/#|3
madewell|WORKDAY|GET|/wday/cxs/jcrew/MadewellCareers/job/Indianapolis-IN-USA-Keystone---Madewell/#|2
madewell|WORKDAY|GET|/wday/cxs/jcrew/MadewellCareers/job/Jacksonville-FL-USA-St-Johns-Town-Center---Madewell/#|2
madewell|WORKDAY|GET|/wday/cxs/jcrew/MadewellCareers/job/King-of-Prussia-PA-USA-King-of-Prussia---Madewell/#|2
madewell|WORKDAY|GET|/wday/cxs/jcrew/MadewellCareers/job/Leawood-KS-USA-Town-Center-Plaza---Madewell/#|2
madewell|WORKDAY|GET|/wday/cxs/jcrew/MadewellCareers/job/Lone-Tree-CO-USA-Park-Meadows---Madewell/#|2
madewell|WORKDAY|GET|/wday/cxs/jcrew/MadewellCareers/job/Ann-Arbor-MI-USA-Arbor-Hills---Madewell/#|2
madewell|WORKDAY|GET|/wday/cxs/jcrew/MadewellCareers/job/Louisville-KY-USA-Oxmoor-Center---Madewell/#|2
madewell|WORKDAY|GET|/wday/cxs/jcrew/MadewellCareers/job/Lynnfield-MA-USA-Lynnfield---Madewell/#|2
madewell|WORKDAY|GET|/wday/cxs/jcrew/MadewellCareers/job/Madison-WI-USA-Hilldale---Madewell/#|2
madewell|WORKDAY|GET|/wday/cxs/jcrew/MadewellCareers/job/West-Des-Moines-IA-USA-Jordan-Creek---Madewell/#|2
madewell|WORKDAY|GET|/wday/cxs/jcrew/MadewellCareers/job/Shrewsbury-NJ-USA-Shrewsbury---Madewell/#|2
madewell|WORKDAY|GET|/wday/cxs/jcrew/MadewellCareers/job/Minneapolis-MN-USA-North-Loop---Madewell/#|2
madewell|WORKDAY|GET|/wday/cxs/jcrew/MadewellCareers/job/Columbus-OH-USA-Easton-Town-Center---Madewell/#|2
madewell|WORKDAY|GET|/wday/cxs/jcrew/MadewellCareers/job/Mission-Viejo-CA-USA-Mission-Viejo---Madewell/#|2
madewell|WORKDAY|GET|/wday/cxs/jcrew/MadewellCareers/job/Southlake-TX-USA-Southlake-Town-Square---Madewell/#|2
madewell|WORKDAY|GET|/wday/cxs/jcrew/MadewellCareers/job/Nashville-TN-USA-Green-Hills-Mall---Madewell/#|2
madewell|WORKDAY|GET|/wday/cxs/jcrew/MadewellCareers/job/Natick-MA-USA-Natick-Mall---Madewell/#|2
madewell|WORKDAY|GET|/wday/cxs/jcrew/MadewellCareers/job/New-York-NY-USA-Brookfield-Place---Madewell/#|2
madewell|WORKDAY|GET|/wday/cxs/jcrew/MadewellCareers/job/Studio-City-CA-USA-Sportsman-Lodge---Madewell/#|2
madewell|WORKDAY|GET|/wday/cxs/jcrew/MadewellCareers/job/New-York-NY-USA-Columbus-Ave---Madewell/#|2
madewell|WORKDAY|GET|/wday/cxs/jcrew/MadewellCareers/job/Atlanta-GA-USA-Perimeter---Madewell/#|2
madewell|WORKDAY|GET|/wday/cxs/jcrew/MadewellCareers/job/New-York-NY-USA-Hudson-Yards---Madewell/#|2
madewell|WORKDAY|GET|/wday/cxs/jcrew/MadewellCareers/job/Atlanta-GA-USA-Shops-Around-Lenox---Madewell/#|2
madewell|WORKDAY|GET|/wday/cxs/jcrew/MadewellCareers/job/Oak-Brook-IL-USA-Oakbrook---Madewell/#|2
madewell|WORKDAY|GET|/wday/cxs/jcrew/MadewellCareers/job/Omaha-NE-USA-Village-Pointe---Madewell/#|2
madewell|WORKDAY|GET|/wday/cxs/jcrew/MadewellCareers/job/Tigard-OR-USA-Bridgeport-Village---Madewell/#|2
madewell|WORKDAY|GET|/wday/cxs/jcrew/MadewellCareers/job/Troy-MI-USA-Somerset---Madewell/#|2
madewell|WORKDAY|GET|/wday/cxs/jcrew/MadewellCareers/job/Charlotte-NC-USA-Atherton-Mill---Madewell/#|2
madewell|WORKDAY|GET|/wday/cxs/jcrew/MadewellCareers/job/Denver-CO-USA-Cherry-Creek---Madewell/#|2
madewell|WORKDAY|GET|/wday/cxs/jcrew/MadewellCareers/job/Hoboken-NJ-USA-Hoboken---Madewell/#|2
madewell|WORKDAY|GET|/wday/cxs/jcrew/MadewellCareers/job/Portland-ME-USA-Old-Port---Madewell/#|2
madewell|WORKDAY|GET|/wday/cxs/jcrew/MadewellCareers/job/Raleigh-NC-USA-North-Hills---Madewell/#|2
madewell|WORKDAY|GET|/wday/cxs/jcrew/MadewellCareers/job/Richmond-VA-USA-Short-Pump---Madewell/#|2
madewell|WORKDAY|GET|/wday/cxs/jcrew/MadewellCareers/job/Rogers-AR-USA-Pinnacle-Hills-Promenade---Madewell/#|2
madewell|WORKDAY|GET|/wday/cxs/jcrew/MadewellCareers/job/Austin-TX-USA-South-Congress-Mens---Madewell/#|2
madewell|WORKDAY|GET|/wday/cxs/jcrew/MadewellCareers/job/San-Diego-CA-USA-UTC---Madewell/#|2
madewell|WORKDAY|GET|/wday/cxs/jcrew/MadewellCareers/job/San-Francisco-CA-USA-Marina-District---Madewell/#|2
madewell|WORKDAY|GET|/wday/cxs/jcrew/MadewellCareers/job/San-Francisco-CA-USA-Marina-Mens---Madewell/#|2
madewell|WORKDAY|GET|/wday/cxs/jcrew/MadewellCareers/job/Birmingham-AL-USA-Birmingham---Madewell/#|2
madewell|WORKDAY|GET|/wday/cxs/jcrew/MadewellCareers/job/Charlotte-NC-USA-Southpark---Madewell/#|2
madewell|WORKDAY|GET|/wday/cxs/jcrew/MadewellCareers/job/Scottsdale-AZ-USA-Kierland-Commons---Madewell/#|2
madewell|WORKDAY|GET|/wday/cxs/jcrew/MadewellCareers/job/Wauwatosa-WI-USA-Mayfair-Mall---Madewell/#|2
madewell|WORKDAY|GET|/wday/cxs/jcrew/MadewellCareers/job/Corte-Madera-CA-USA-Corte-Madera---Madewell/#|2
madewell|WORKDAY|GET|/wday/cxs/jcrew/MadewellCareers/job/Fairfax-VA-USA-Mosaic---Madewell/#|2
madewell|WORKDAY|GET|/wday/cxs/jcrew/MadewellCareers/job/Greenwich-CT-USA-Greenwich---Madewell/#|2
madewell|WORKDAY|GET|/wday/cxs/jcrew/MadewellCareers/job/Fresno-CA-USA-Fig-Garden-Village---Madewell/#|2
madewell|WORKDAY|GET|/wday/cxs/jcrew/MadewellCareers/job/Ft-Lauderdale-FL-USA-River-Market---Madewell/#|2
madewell|WORKDAY|GET|/wday/cxs/jcrew/MadewellCareers/job/Houston-TX-USA-Highland-Village---Madewell/#|2
madewell|WORKDAY|GET|/wday/cxs/jcrew/MadewellCareers/job/Gilbert-AZ-USA-SanTan-Village---Madewell/#|2
madewell|WORKDAY|GET|/wday/cxs/jcrew/MadewellCareers/job/Brookfield-WI-USA-Corners-of-Brookfield---Madewell/#|2
madewell|WORKDAY|GET|/wday/cxs/jcrew/MadewellCareers/job/Boulder-CO-USA-Boulder---Madewell/#|2
madewell|WORKDAY|GET|/wday/cxs/jcrew/MadewellCareers/job/Burlingame-CA-USA-Burlingame-Avenue---Madewell/#|2
madewell|WORKDAY|GET|/wday/cxs/jcrew/MadewellCareers/job/Grand-Rapids-MI-USA-Breton-Village---Madewell/#|2
madewell|WORKDAY|GET|/wday/cxs/jcrew/MadewellCareers/job/Canoga-Park-CA-USA-Topanga-Plaza---Madewell/#|2
madewell|WORKDAY|GET|/wday/cxs/jcrew/MadewellCareers/job/Carlsbad-CA-USA-The-Forum-at-Carlsbad---Madewell/#|2
madewell|WORKDAY|GET|/wday/cxs/jcrew/MadewellCareers/job/Greensboro-NC-USA-Friendly-Center---Madewell/#|2
madewell|WORKDAY|GET|/wday/cxs/jcrew/MadewellCareers/job/El-Segundo-CA-USA-The-Point---Madewell/#|2
maison-margiela|SUCCESSFACTORS|GET|/job/#/#/|71
maison-margiela|SUCCESSFACTORS|GET|/search/|14
mango|WORKDAY|POST|/wday/cxs/mango/Mango_Work_Your_Passion/jobs|83
mango|WORKDAY|GET|/wday/cxs/mango/Mango_Work_Your_Passion/job/Palau-solit-i-Plegamans-Catalonia-Spain/#|77
mango|WORKDAY|GET|/wday/cxs/mango/Mango_Work_Your_Passion/job/Madrid-Community-of-Madrid-Spain/#|74
mango|WORKDAY|GET|/wday/cxs/mango/Mango_Work_Your_Passion/job/#/#|59
mango|WORKDAY|GET|/wday/cxs/mango/Mango_Work_Your_Passion/job/London-England-United-Kingdom/#|53
mango|WORKDAY|GET|/wday/cxs/mango/Mango_Work_Your_Passion/job/ISTANBUL/#|52
mango|WORKDAY|GET|/wday/cxs/mango/Mango_Work_Your_Passion/job/Paris-le-de-France-France/#|49
mango|WORKDAY|GET|/wday/cxs/mango/Mango_Work_Your_Passion/job/Lyon-Auvergne-Rhne-Alpes-France/#|31
mango|WORKDAY|GET|/wday/cxs/mango/Mango_Work_Your_Passion/job/Seville-Andalusia-Spain/#|28
mango|WORKDAY|GET|/wday/cxs/mango/Mango_Work_Your_Passion/job/Singapore/#|28
mango|WORKDAY|GET|/wday/cxs/mango/Mango_Work_Your_Passion/job/Barcelona-Catalonia-Spain/#|27
mango|WORKDAY|GET|/wday/cxs/mango/Mango_Work_Your_Passion/job/Marbella-Andalusia-Spain/#|27
mango|WORKDAY|GET|/wday/cxs/mango/Mango_Work_Your_Passion/job/Mlaga-Andalusia-Spain/#|24
mango|WORKDAY|GET|/wday/cxs/mango/Mango_Work_Your_Passion/job/BRUXELLES-BRUXELLES-BELGIUM/#|22
mango|WORKDAY|GET|/wday/cxs/mango/Mango_Work_Your_Passion/job/Santa-Cruz-de-Tenerife-Canary-Islands-Spain/#|20
mango|WORKDAY|GET|/wday/cxs/mango/Mango_Work_Your_Passion/job/Bordeaux-Nouvelle-Aquitaine-France/#|15
mango|WORKDAY|GET|/wday/cxs/mango/Mango_Work_Your_Passion/job/Annecy-Auvergne-Rhne-Alpes-France/#|14
mango|WORKDAY|GET|/wday/cxs/mango/Mango_Work_Your_Passion/job/Milan-Lombardy-Italy/#|11
mango|WORKDAY|GET|/wday/cxs/mango/Mango_Work_Your_Passion/job/Ibiza-Balearic-Islands-Spain/#|11
mango|WORKDAY|GET|/wday/cxs/mango/Mango_Work_Your_Passion/job/pagny-Auvergne-Rhne-Alpes-France/#|10
mango|WORKDAY|GET|/wday/cxs/mango/Mango_Work_Your_Passion/job/Madrid-Spain/#|10
mango|WORKDAY|GET|/wday/cxs/mango/Mango_Work_Your_Passion/job/Valencia-Valencian-Community-Spain/#|9
mango|WORKDAY|GET|/wday/cxs/mango/Mango_Work_Your_Passion/job/Germany-Bayern-Mnchen/#|9
mango|WORKDAY|GET|/wday/cxs/mango/Mango_Work_Your_Passion/job/Crteil-le-de-France-France/#|9
mango|WORKDAY|GET|/wday/cxs/mango/Mango_Work_Your_Passion/job/Serris-le-de-France-France/#|9
mango|WORKDAY|GET|/wday/cxs/mango/Mango_Work_Your_Passion/job/Llia-dAmunt-Barcelona-Spain/#|9
mango|WORKDAY|GET|/wday/cxs/mango/Mango_Work_Your_Passion/job/Salamanca-Castilla-and-Leon-Spain/#|8
mango|WORKDAY|GET|/wday/cxs/mango/Mango_Work_Your_Passion/job/Poitiers-Nouvelle-Aquitaine-France/#|8
mango|WORKDAY|GET|/wday/cxs/mango/Mango_Work_Your_Passion/job/London-City-of-London-United-Kingdom/#|8
mango|WORKDAY|GET|/wday/cxs/mango/Mango_Work_Your_Passion/job/Le-Plessis-Pate-Essonne-France/#|8
mango|WORKDAY|GET|/wday/cxs/mango/Mango_Work_Your_Passion/job/Marseille-Provence-Alpes-Cte-dAzur-France/#|8
mango|WORKDAY|GET|/wday/cxs/mango/Mango_Work_Your_Passion/job/Zagreb-City-of-Zagreb-Croatia/#|8
mango|WORKDAY|GET|/wday/cxs/mango/Mango_Work_Your_Passion/job/Le-Chesnay-le-de-France-France/#|7
mango|WORKDAY|GET|/wday/cxs/mango/Mango_Work_Your_Passion/job/Miami-Florida-United-States/#|7
mango|WORKDAY|GET|/wday/cxs/mango/Mango_Work_Your_Passion/job/Nice-Provence-Alpes-Cte-dAzur-France/#|7
mango|WORKDAY|GET|/wday/cxs/mango/Mango_Work_Your_Passion/job/Palma-Balearic-Islands-Spain/#|7
mango|WORKDAY|GET|/wday/cxs/mango/Mango_Work_Your_Passion/job/ROMA-Galleria-Alberto-Sordi-SC/#|7
mango|WORKDAY|GET|/wday/cxs/mango/Mango_Work_Your_Passion/job/Saint-Herblain-Pays-de-la-Loire-France/#|7
mango|WORKDAY|GET|/wday/cxs/mango/Mango_Work_Your_Passion/job/Battersea-London-City-of-London-UK/#|7
mango|WORKDAY|GET|/wday/cxs/mango/Mango_Work_Your_Passion/job/VALLADOLID-Rio-Shopp-SC-TN/#|7
mango|WORKDAY|GET|/wday/cxs/mango/Mango_Work_Your_Passion/job/Bgles-Nouvelle-Aquitaine-France/#|7
mango|WORKDAY|GET|/wday/cxs/mango/Mango_Work_Your_Passion/job/WIJNEGEM-FLANDERS-BELGIUM/#|7
mango|WORKDAY|GET|/wday/cxs/mango/Mango_Work_Your_Passion/job/Las-Palmas-de-Gran-Canaria-Canary-Islands-Spain/#|7
mango|WORKDAY|GET|/wday/cxs/mango/Mango_Work_Your_Passion/job/Lisboa-Lisbon-Portugal/#|7
mango|WORKDAY|GET|/wday/cxs/mango/Mango_Work_Your_Passion/job/MADRID-La-Vaguada-SC-MN/#|7
mango|WORKDAY|GET|/wday/cxs/mango/Mango_Work_Your_Passion/job/Belfast-Belfast-United-Kingdom/#|6
mango|WORKDAY|GET|/wday/cxs/mango/Mango_Work_Your_Passion/job/Klagenfurt-am-Woerthersee-Kcrnten-Austria/#|6
mango|WORKDAY|GET|/wday/cxs/mango/Mango_Work_Your_Passion/job/Anvers-Belgium/#|6
mango|WORKDAY|GET|/wday/cxs/mango/Mango_Work_Your_Passion/job/Nailloux-Occitanie-France/#|6
mango|WORKDAY|GET|/wday/cxs/mango/Mango_Work_Your_Passion/job/GENT-FLANDERS-BELGIUM/#|6
mango|WORKDAY|GET|/wday/cxs/mango/Mango_Work_Your_Passion/job/Leon-Castilla-y-Leon-Spain/#|6
mango|WORKDAY|GET|/wday/cxs/mango/Mango_Work_Your_Passion/job/Moulins-ls-Metz-Grand-Est-France/#|6
mango|WORKDAY|GET|/wday/cxs/mango/Mango_Work_Your_Passion/job/Mahadahonda-Madrid-Spain/#|6
mango|WORKDAY|GET|/wday/cxs/mango/Mango_Work_Your_Passion/job/Platja-dAro-Catalonia-Spain/#|6
mango|WORKDAY|GET|/wday/cxs/mango/Mango_Work_Your_Passion/job/ANTWERP-FLANDERS-BELGIUM/#|6
mango|WORKDAY|GET|/wday/cxs/mango/Mango_Work_Your_Passion/job/Athens-Regional-Unit-of-Central-Athens-Attica-Greece/#|6
mango|WORKDAY|GET|/wday/cxs/mango/Mango_Work_Your_Passion/job/Frisco-Texas-United-States/#|6
mango|WORKDAY|GET|/wday/cxs/mango/Mango_Work_Your_Passion/job/Rennes-Brittany-France/#|6
mango|WORKDAY|GET|/wday/cxs/mango/Mango_Work_Your_Passion/job/Houston-Texas-United-States/#|6
mango|WORKDAY|GET|/wday/cxs/mango/Mango_Work_Your_Passion/job/ADANA/#|6
mango|WORKDAY|GET|/wday/cxs/mango/Mango_Work_Your_Passion/job/Burgos-Castilla-and-Leon-Spain/#|6
mango|WORKDAY|GET|/wday/cxs/mango/Mango_Work_Your_Passion/job/External-Name-Amsterdam-North-Holland-Netherlands/#|6
mango|WORKDAY|GET|/wday/cxs/mango/Mango_Work_Your_Passion/job/Zurich-Zurich-Switzerland/#|6
mango|WORKDAY|GET|/wday/cxs/mango/Mango_Work_Your_Passion/job/Muenchen-Bayern-Alemania/#|6
mango|WORKDAY|GET|/wday/cxs/mango/Mango_Work_Your_Passion/job/Bilbao-Bilbo-Basque-Country-Spain/#|6
mango|WORKDAY|GET|/wday/cxs/mango/Mango_Work_Your_Passion/job/Dublin-County-Dublin-Ireland/#|5
mango|WORKDAY|GET|/wday/cxs/mango/Mango_Work_Your_Passion/job/Bucharest-Bucharest-Romania/#|5
mango|WORKDAY|GET|/wday/cxs/mango/Mango_Work_Your_Passion/job/MONS-WALLONIE-BELGIUM/#|5
mango|WORKDAY|GET|/wday/cxs/mango/Mango_Work_Your_Passion/job/San-Blan---Canillejas-Madrid-Spain/#|5
mango|WORKDAY|GET|/wday/cxs/mango/Mango_Work_Your_Passion/job/Crdoba-Andalusia-Spain/#|5
mango|WORKDAY|GET|/wday/cxs/mango/Mango_Work_Your_Passion/job/VALLADOLID-Rio-Shopping-SC-MN/#|5
mango|WORKDAY|GET|/wday/cxs/mango/Mango_Work_Your_Passion/job/MUGLA/#|5
mango|WORKDAY|GET|/wday/cxs/mango/Mango_Work_Your_Passion/job/Nancy-Grand-Est-France/#|5
mango|WORKDAY|GET|/wday/cxs/mango/Mango_Work_Your_Passion/job/Lieusaint-le-de-France-France/#|5
mango|WORKDAY|GET|/wday/cxs/mango/Mango_Work_Your_Passion/job/Puteaux-le-de-France-France/#|5
mango|WORKDAY|GET|/wday/cxs/mango/Mango_Work_Your_Passion/job/Koblenz-Rheinland-Pfalz-Germany/#|5
mango|WORKDAY|GET|/wday/cxs/mango/Mango_Work_Your_Passion/job/Den-Haag-South-Holland-Netherlands/#|5
mango|WORKDAY|GET|/wday/cxs/mango/Mango_Work_Your_Passion/job/External-Name-Lyon-Auvergne-Rhne-Alpes-France/#|5
mango|WORKDAY|GET|/wday/cxs/mango/Mango_Work_Your_Passion/job/Elephant-and-Castle-Town-City-of-London-United-Kingdom/#|5
mango|WORKDAY|GET|/wday/cxs/mango/Mango_Work_Your_Passion/job/Split-Split-Dalmatia-County-Croatia/#|4
mango|WORKDAY|GET|/wday/cxs/mango/Mango_Work_Your_Passion/job/Pont-Sainte-Marie-Grand-Est-France/#|4
mango|WORKDAY|GET|/wday/cxs/mango/Mango_Work_Your_Passion/job/Prague-Prague-Capital-City-of-Prague-Czechia/#|4
mango|WORKDAY|GET|/wday/cxs/mango/Mango_Work_Your_Passion/job/St-tienne-Auvergne-Rhne-Alpes-France/#|4
mango|WORKDAY|GET|/wday/cxs/mango/Mango_Work_Your_Passion/job/Mulhouse-Grand-Est-France/#|4
mango|WORKDAY|GET|/wday/cxs/mango/Mango_Work_Your_Passion/job/LA-JONQUERA-Gran-Jonquera-SC/#|4
mango|WORKDAY|GET|/wday/cxs/mango/Mango_Work_Your_Passion/job/Roma-Roma-Italia/#|4
mango|WORKDAY|GET|/wday/cxs/mango/Mango_Work_Your_Passion/job/Fuengirola-Andalusia-Spain/#|4
mango|WORKDAY|GET|/wday/cxs/mango/Mango_Work_Your_Passion/job/Majadahonda-Madrid-Spain/#|4
mango|WORKDAY|GET|/wday/cxs/mango/Mango_Work_Your_Passion/job/Germany-Hamburg-Hamburg/#|4
mango|WORKDAY|GET|/wday/cxs/mango/Mango_Work_Your_Passion/job/BUSAN-Samjung-Tower-SC-WN/#|4
mango|WORKDAY|GET|/wday/cxs/mango/Mango_Work_Your_Passion/job/SOUTHAMPTON-Westquay-SC-WN/#|4
mango|WORKDAY|GET|/wday/cxs/mango/Mango_Work_Your_Passion/job/Vlizy-Villacoublay-le-de-France-France/#|4
mango|WORKDAY|GET|/wday/cxs/mango/Mango_Work_Your_Passion/job/AIX-EN-PROV-J-Bouffan-SC-WN/#|4
mango|WORKDAY|GET|/wday/cxs/mango/Mango_Work_Your_Passion/job/Arese-Lombardia-Italia/#|4
mango|WORKDAY|GET|/wday/cxs/mango/Mango_Work_Your_Passion/job/Germany-Berlin-Berlin/#|4
mango|WORKDAY|GET|/wday/cxs/mango/Mango_Work_Your_Passion/job/Baton-Rouge-Louisiana-USA/#|4
mango|WORKDAY|GET|/wday/cxs/mango/Mango_Work_Your_Passion/job/Rosny-sous-Bois-Seine-Saint-Denis-France/#|4
mango|WORKDAY|GET|/wday/cxs/mango/Mango_Work_Your_Passion/job/Berlin-Berlin-Germany/#|4
mango|WORKDAY|GET|/wday/cxs/mango/Mango_Work_Your_Passion/job/Bologna-Emilia-Romagna-Italy/#|4
mango|WORKDAY|GET|/wday/cxs/mango/Mango_Work_Your_Passion/job/Cannes-Provence-Alpes-Cte-dAzur-France/#|4
mango|WORKDAY|GET|/wday/cxs/mango/Mango_Work_Your_Passion/job/LOUVAIN-LA-NEUVE-WALLONIE-BELGIUM/#|4
mango|WORKDAY|GET|/wday/cxs/mango/Mango_Work_Your_Passion/job/Casamassima-Bari-Italia/#|4
mango|WORKDAY|GET|/wday/cxs/mango/Mango_Work_Your_Passion/job/Valladolid-Castilla-and-Leon-Spain/#|4
mango|WORKDAY|GET|/wday/cxs/mango/Mango_Work_Your_Passion/job/Luxemburg/#|4
mango|WORKDAY|GET|/wday/cxs/mango/Mango_Work_Your_Passion/job/Maastricht-Limburg-Netherlands/#|4
mango|WORKDAY|GET|/wday/cxs/mango/Mango_Work_Your_Passion/job/Collgien-le-de-France-France/#|4
mango|WORKDAY|GET|/wday/cxs/mango/Mango_Work_Your_Passion/job/Sint-Niklaas-Sint-Niklaas-Flandre-Orientale/#|4
mango|WORKDAY|GET|/wday/cxs/mango/Mango_Work_Your_Passion/job/Milan-Italy/#|4
mango|WORKDAY|GET|/wday/cxs/mango/Mango_Work_Your_Passion/job/Venezia-Venezia-Italia/#|4
mango|WORKDAY|GET|/wday/cxs/mango/Mango_Work_Your_Passion/job/San-Sebastian-de-los-Reyes-Madrid-Spain/#|4
mango|WORKDAY|GET|/wday/cxs/mango/Mango_Work_Your_Passion/job/Lake-Grove-New-York-United-States/#|3
mango|WORKDAY|GET|/wday/cxs/mango/Mango_Work_Your_Passion/job/Mahn-Balearic-Islands-Spain/#|3
mango|WORKDAY|GET|/wday/cxs/mango/Mango_Work_Your_Passion/job/Rome-Italy/#|3
mango|WORKDAY|GET|/wday/cxs/mango/Mango_Work_Your_Passion/job/FUENGIROLA-Miramar-SC-TN/#|3
mango|WORKDAY|GET|/wday/cxs/mango/Mango_Work_Your_Passion/job/Roquetas-de-Mar-Andalusia-Spain/#|3
mango|WORKDAY|GET|/wday/cxs/mango/Mango_Work_Your_Passion/job/Cadiz-Andalusia-Spain/#|3
mango|WORKDAY|GET|/wday/cxs/mango/Mango_Work_Your_Passion/job/Rouen-Normandy-France/#|3
mango|WORKDAY|GET|/wday/cxs/mango/Mango_Work_Your_Passion/job/Almera-Andalusia-Spain/#|3
mango|WORKDAY|GET|/wday/cxs/mango/Mango_Work_Your_Passion/job/ANTALYA/#|3
mango|WORKDAY|GET|/wday/cxs/mango/Mango_Work_Your_Passion/job/Escaldes-Engordany-Andorra/#|3
mango|WORKDAY|GET|/wday/cxs/mango/Mango_Work_Your_Passion/job/Enschede-Overijssel-Netherlands/#|3
mango|WORKDAY|GET|/wday/cxs/mango/Mango_Work_Your_Passion/job/Sant-Cugat-del-Valles-Catalonia-Spain/#|3
mango|WORKDAY|GET|/wday/cxs/mango/Mango_Work_Your_Passion/job/El-Paso-Texas-United-States/#|3
mango|WORKDAY|GET|/wday/cxs/mango/Mango_Work_Your_Passion/job/Barkirkoy-Istambul-Turkey/#|3
mango|WORKDAY|GET|/wday/cxs/mango/Mango_Work_Your_Passion/job/Edinburgh-Scotland-United-Kingdom/#|3
mango|WORKDAY|GET|/wday/cxs/mango/Mango_Work_Your_Passion/job/Germany-Hessen-Frankfurt-am-Main/#|3
mango|WORKDAY|GET|/wday/cxs/mango/Mango_Work_Your_Passion/job/Germany-Niedersachsen-Bremen/#|3
mango|WORKDAY|GET|/wday/cxs/mango/Mango_Work_Your_Passion/job/NAMUR-WALLONIE-BELGIUM/#|3
mango|WORKDAY|GET|/wday/cxs/mango/Mango_Work_Your_Passion/job/Cambridge-Massachusetts-United-States/#|3
mango|WORKDAY|GET|/wday/cxs/mango/Mango_Work_Your_Passion/job/Tours-Centre-Val-de-Loire-France/#|3
mango|WORKDAY|GET|/wday/cxs/mango/Mango_Work_Your_Passion/job/Tudela-Chartered-Community-of-Navarre-Spain/#|3
mango|WORKDAY|GET|/wday/cxs/mango/Mango_Work_Your_Passion/job/Glasgow-City-Glasgow-UK/#|3
mango|WORKDAY|GET|/wday/cxs/mango/Mango_Work_Your_Passion/job/Utrecht-Utrecht-Netherlands/#|3
mango|WORKDAY|GET|/wday/cxs/mango/Mango_Work_Your_Passion/job/VALLADOLID-Rio-Shopping-SC-WN/#|3
mango|WORKDAY|GET|/wday/cxs/mango/Mango_Work_Your_Passion/job/Manchester-England-United-Kingdom/#|3
mango|WORKDAY|GET|/wday/cxs/mango/Mango_Work_Your_Passion/job/HASSELT-FLANDERS-BELGIUM/#|3
mango|WORKDAY|GET|/wday/cxs/mango/Mango_Work_Your_Passion/job/Hong-Kong-Hong-Kong/#|3
mango|WORKDAY|GET|/wday/cxs/mango/Mango_Work_Your_Passion/job/Warsaw-Mazowieckie-Poland/#|3
mango|WORKDAY|GET|/wday/cxs/mango/Mango_Work_Your_Passion/job/Marbella-Mlaga-Espaa/#|3
mango|WORKDAY|GET|/wday/cxs/mango/Mango_Work_Your_Passion/job/Yuen-Long-New-Territories-Hong-Kong/#|3
mango|WORKDAY|GET|/wday/cxs/mango/Mango_Work_Your_Passion/job/Yvelines-le-de-France-France/#|3
mango|WORKDAY|GET|/wday/cxs/mango/Mango_Work_Your_Passion/job/ANKARA/#|3
mango|WORKDAY|GET|/wday/cxs/mango/Mango_Work_Your_Passion/job/Kingston-upon-Thames-England-United-Kingdom/#|3
mango|WORKDAY|GET|/wday/cxs/mango/Mango_Work_Your_Passion/job/Roissy-en-France-le-de-France-France/#|3
mango|WORKDAY|GET|/wday/cxs/mango/Mango_Work_Your_Passion/job/Campi-Bisenzio-Firenze-Italia/#|3
mango|WORKDAY|GET|/wday/cxs/mango/Mango_Work_Your_Passion/job/La-Valette-du-Var-Provence-Alpes-Cte-dAzur-France/#|3
mango|WORKDAY|GET|/wday/cxs/mango/Mango_Work_Your_Passion/job/Amsterdam-North-Holland-Netherlands/#|3
mango|WORKDAY|GET|/wday/cxs/mango/Mango_Work_Your_Passion/job/Linz-Obersterreich-Austria/#|3
mango|WORKDAY|GET|/wday/cxs/mango/Mango_Work_Your_Passion/job/Chester-Cheshire-West-United-Kingdom/#|3
mango|WORKDAY|GET|/wday/cxs/mango/Mango_Work_Your_Passion/job/Ljubljana-Ljubljana-Slovenia/#|3
mango|WORKDAY|GET|/wday/cxs/mango/Mango_Work_Your_Passion/job/Montpellier-Occitanie-France/#|3
mango|WORKDAY|GET|/wday/cxs/mango/Mango_Work_Your_Passion/job/Luxembourg-Luxembourg/#|3
mango|WORKDAY|GET|/wday/cxs/mango/Mango_Work_Your_Passion/job/Castilleja-de-la-Cuesta-Andalusia-Spain/#|3
mango|WORKDAY|GET|/wday/cxs/mango/Mango_Work_Your_Passion/job/Brest-Brittany-France/#|3
mango|WORKDAY|GET|/wday/cxs/mango/Mango_Work_Your_Passion/job/Colmar-Grand-Est-France/#|3
mango|WORKDAY|GET|/wday/cxs/mango/Mango_Work_Your_Passion/job/Madrid-Madrid-Spain/#|3
mango|WORKDAY|GET|/wday/cxs/mango/Mango_Work_Your_Passion/job/Mahadahonda-Madrid-Espaa/#|3
mango|WORKDAY|GET|/wday/cxs/mango/Mango_Work_Your_Passion/job/Potsdam-Heinkelstrasse-Germany/#|3
mango|WORKDAY|GET|/wday/cxs/mango/Mango_Work_Your_Passion/job/CHELTENHAM-Regent-Arcade-SC-WN/#|3
mango|WORKDAY|GET|/wday/cxs/mango/Mango_Work_Your_Passion/job/STAR-MESTO-Kosice-Region-Eslovaquia/#|2
mango|WORKDAY|GET|/wday/cxs/mango/Mango_Work_Your_Passion/job/Alenquer-Lisbon-Portugal/#|2
mango|WORKDAY|GET|/wday/cxs/mango/Mango_Work_Your_Passion/job/BUDAPEST-Mammut-Mall-SC-WN/#|2
mango|WORKDAY|GET|/wday/cxs/mango/Mango_Work_Your_Passion/job/Aldaya-Valencian-Community-Spain/#|2
mango|WORKDAY|GET|/wday/cxs/mango/Mango_Work_Your_Passion/job/Albacete-Castilla-la-Mancha-Espaa/#|2
mango|WORKDAY|GET|/wday/cxs/mango/Mango_Work_Your_Passion/job/Busnago-Lombardy-Italy/#|2
mango|WORKDAY|GET|/wday/cxs/mango/Mango_Work_Your_Passion/job/Caen-Normandy-France/#|2
mango|WORKDAY|GET|/wday/cxs/mango/Mango_Work_Your_Passion/job/CARDIFF-St-Davids-SC-WN/#|2
mango|WORKDAY|GET|/wday/cxs/mango/Mango_Work_Your_Passion/job/Cascais-Lisbon-Portugal/#|2
mango|WORKDAY|GET|/wday/cxs/mango/Mango_Work_Your_Passion/job/Armilla-Andalusia-Spain/#|2
mango|WORKDAY|GET|/wday/cxs/mango/Mango_Work_Your_Passion/job/Arroyomolinos-Community-of-Madrid-Spain/#|2
mango|WORKDAY|GET|/wday/cxs/mango/Mango_Work_Your_Passion/job/Arroyomolinos-Madrid-Spain/#|2
mango|WORKDAY|GET|/wday/cxs/mango/Mango_Work_Your_Passion/job/Arlington-Virginia-United-States/#|2
mango|WORKDAY|GET|/wday/cxs/mango/Mango_Work_Your_Passion/job/Atlanta-Georgia-United-States/#|2
mango|WORKDAY|GET|/wday/cxs/mango/Mango_Work_Your_Passion/job/Aydin-Aydin-Turkey/#|2
mango|WORKDAY|GET|/wday/cxs/mango/Mango_Work_Your_Passion/job/Chalandri-Attica-Grecia/#|2
mango|WORKDAY|GET|/wday/cxs/mango/Mango_Work_Your_Passion/job/Annemasse-Auvergne-Rhne-Alpes-France/#|2
mango|WORKDAY|GET|/wday/cxs/mango/Mango_Work_Your_Passion/job/BEAUCOUZE-LAtoll-Angers-SC/#|2
mango|WORKDAY|GET|/wday/cxs/mango/Mango_Work_Your_Passion/job/Charleroi-Hainaut-Belgium/#|2
mango|WORKDAY|GET|/wday/cxs/mango/Mango_Work_Your_Passion/job/Besanon-Bourgogne-Franche-Comt-France/#|2
mango|WORKDAY|GET|/wday/cxs/mango/Mango_Work_Your_Passion/job/Bethesda-Maryland-United-States/#|2
mango|WORKDAY|GET|/wday/cxs/mango/Mango_Work_Your_Passion/job/Amiens-Hauts-de-France-Francia/#|2
mango|WORKDAY|GET|/wday/cxs/mango/Mango_Work_Your_Passion/job/Birmingham-England-United-Kingdom/#|2
mango|WORKDAY|GET|/wday/cxs/mango/Mango_Work_Your_Passion/job/ALMERIA-Mediterraneo-SC-TN/#|2
mango|WORKDAY|GET|/wday/cxs/mango/Mango_Work_Your_Passion/job/Bretton-Chester-Cheshire-West-and-Ch-United-Kingdom/#|2
mango|WORKDAY|GET|/wday/cxs/mango/Mango_Work_Your_Passion/job/Bruges-Belgium/#|2
mango|WORKDAY|GET|/wday/cxs/mango/Mango_Work_Your_Passion/job/Bruxelles-Bruxelles-Belgium/#|2
mango|WORKDAY|GET|/wday/cxs/mango/Mango_Work_Your_Passion/job/Cork-County-Cork-Ireland/#|2
mango|WORKDAY|GET|/wday/cxs/mango/Mango_Work_Your_Passion/job/Craigavon-Northern-Ireland-United-Kingdom/#|2
mango|WORKDAY|GET|/wday/cxs/mango/Mango_Work_Your_Passion/job/Dartford-England-United-Kingdom/#|2
mango|WORKDAY|GET|/wday/cxs/mango/Mango_Work_Your_Passion/job/Dedham-Massachusetts-United-States/#|2
mango|WORKDAY|GET|/wday/cxs/mango/Mango_Work_Your_Passion/job/Dijon-Bourgogne-Franche-Comt-France/#|2
mango|WORKDAY|GET|/wday/cxs/mango/Mango_Work_Your_Passion/job/Elmas-Cagliari-Italy/#|2
mango|WORKDAY|GET|/wday/cxs/mango/Mango_Work_Your_Passion/job/Fifth-Avenue-New-York-New-York/#|2
mango|WORKDAY|GET|/wday/cxs/mango/Mango_Work_Your_Passion/job/Galleria-Dallas-Mall-Dallas-Texas/#|2
mango|WORKDAY|GET|/wday/cxs/mango/Mango_Work_Your_Passion/job/Gdynia-Pomorskie-Poland/#|2
mango|WORKDAY|GET|/wday/cxs/mango/Mango_Work_Your_Passion/job/Germany-Baden-Wrttemberg-Karlsruhe/#|2
mango|WORKDAY|GET|/wday/cxs/mango/Mango_Work_Your_Passion/job/Germany-Baden-Wrttemberg-Mannheim/#|2
mango|WORKDAY|GET|/wday/cxs/mango/Mango_Work_Your_Passion/job/Germany-Nordrhein-Westfalen-Bielefeld/#|2
mango|WORKDAY|GET|/wday/cxs/mango/Mango_Work_Your_Passion/job/Germany-Nordrhein-Westfalen-Bochum/#|2
mango|WORKDAY|GET|/wday/cxs/mango/Mango_Work_Your_Passion/job/Germany-Rheinland-Pfalz-Trier/#|2
mango|WORKDAY|GET|/wday/cxs/mango/Mango_Work_Your_Passion/job/Girona-Catalonia-Spain/#|2
mango|WORKDAY|GET|/wday/cxs/mango/Mango_Work_Your_Passion/job/Glasgow-County-of-Lanarkshire-Scotland-United-Kingdom/#|2
mango|WORKDAY|GET|/wday/cxs/mango/Mango_Work_Your_Passion/job/GRANADA-Nevada-SC-HM/#|2
mango|WORKDAY|GET|/wday/cxs/mango/Mango_Work_Your_Passion/job/Groningen-Groningen-Netherlands/#|2
mango|WORKDAY|GET|/wday/cxs/mango/Mango_Work_Your_Passion/job/Huelva-Andalusia-Spain/#|2
mango|WORKDAY|GET|/wday/cxs/mango/Mango_Work_Your_Passion/job/Huntington-Station-New-York-United-States/#|2
mango|WORKDAY|GET|/wday/cxs/mango/Mango_Work_Your_Passion/job/ISTANBUL-Tersane-SC-WN/#|2
mango|WORKDAY|GET|/wday/cxs/mango/Mango_Work_Your_Passion/job/Jersey-City-New-Jersey-USA/#|2
mango|WORKDAY|GET|/wday/cxs/mango/Mango_Work_Your_Passion/job/Krakow-Malopolskie-Poland/#|2
mango|WORKDAY|GET|/wday/cxs/mango/Mango_Work_Your_Passion/job/La-Roca-del-Valls-Catalonia-Spain/#|2
mango|WORKDAY|GET|/wday/cxs/mango/Mango_Work_Your_Passion/job/Len-Castilla-and-Leon-Spain/#|2
mango|WORKDAY|GET|/wday/cxs/mango/Mango_Work_Your_Passion/job/Lieusaint-Seine-et-Marne-France/#|2
mango|WORKDAY|GET|/wday/cxs/mango/Mango_Work_Your_Passion/job/Lille-Hauts-de-France-France/#|2
mango|WORKDAY|GET|/wday/cxs/mango/Mango_Work_Your_Passion/job/Lleida-Espaa/#|2
mango|WORKDAY|GET|/wday/cxs/mango/Mango_Work_Your_Passion/job/Londonderry-Derry-City-Northern-Ireland-United-Kingdom/#|2
mango|WORKDAY|GET|/wday/cxs/mango/Mango_Work_Your_Passion/job/LONDON-Westfield-SC-PopUp-MN/#|2
mango|WORKDAY|GET|/wday/cxs/mango/Mango_Work_Your_Passion/job/Los-Angeles-California-United-States/#|2
mango|WORKDAY|GET|/wday/cxs/mango/Mango_Work_Your_Passion/job/Lucerne-Lucerne-Switzerland/#|2
mango|WORKDAY|GET|/wday/cxs/mango/Mango_Work_Your_Passion/job/Madrid-Espaa/#|2
mango|WORKDAY|GET|/wday/cxs/mango/Mango_Work_Your_Passion/job/MALAGA-Larios-SC-TEEN/#|2
mango|WORKDAY|GET|/wday/cxs/mango/Mango_Work_Your_Passion/job/Marcianise-Campania-Italy/#|2
mango|WORKDAY|GET|/wday/cxs/mango/Mango_Work_Your_Passion/job/Marratx-Balearic-Islands-Spain/#|2
mango|WORKDAY|GET|/wday/cxs/mango/Mango_Work_Your_Passion/job/Metairie-Louisiana-USA/#|2
mango|WORKDAY|GET|/wday/cxs/mango/Mango_Work_Your_Passion/job/Metrocentre-Gateshead-England/#|2
mango|WORKDAY|GET|/wday/cxs/mango/Mango_Work_Your_Passion/job/Metz-Moselle-France/#|2
mango|WORKDAY|GET|/wday/cxs/mango/Mango_Work_Your_Passion/job/Milano-Milano-Italia/#|2
mango|WORKDAY|GET|/wday/cxs/mango/Mango_Work_Your_Passion/job/Milano-Milano-Italy/#|2
mango|WORKDAY|GET|/wday/cxs/mango/Mango_Work_Your_Passion/job/Modena-Emilia-Romagna-Italy/#|2
mango|WORKDAY|GET|/wday/cxs/mango/Mango_Work_Your_Passion/job/Montigny-Le-Bretonneux-Yvelines-France/#|2
mango|WORKDAY|GET|/wday/cxs/mango/Mango_Work_Your_Passion/job/Murcia-Regin-de-Murcia-Spain/#|2
mango|WORKDAY|GET|/wday/cxs/mango/Mango_Work_Your_Passion/job/Murcia-Spain/#|2
mango|WORKDAY|GET|/wday/cxs/mango/Mango_Work_Your_Passion/job/Newcastle-upon-Tyne-England-United-Kingdom/#|2
mango|WORKDAY|GET|/wday/cxs/mango/Mango_Work_Your_Passion/job/Nijmegen-Gelderland-Netherlands/#|2
mango|WORKDAY|GET|/wday/cxs/mango/Mango_Work_Your_Passion/job/Noordwijk-Binnen-South-Holland-Netherlands/#|2
mango|WORKDAY|GET|/wday/cxs/mango/Mango_Work_Your_Passion/job/Odivelas-Lisbon-Portugal/#|2
mango|WORKDAY|GET|/wday/cxs/mango/Mango_Work_Your_Passion/job/Oeiras-Lisbon-Portugal/#|2
mango|WORKDAY|GET|/wday/cxs/mango/Mango_Work_Your_Passion/job/Osnabrck-Niedersachsen-Germany/#|2
mango|WORKDAY|GET|/wday/cxs/mango/Mango_Work_Your_Passion/job/Oviedo-Principality-of-Asturias-Spain/#|2
mango|WORKDAY|GET|/wday/cxs/mango/Mango_Work_Your_Passion/job/Palermo-Italy/#|2
mango|WORKDAY|GET|/wday/cxs/mango/Mango_Work_Your_Passion/job/Prama-Prato-Italy/#|2
mango|WORKDAY|GET|/wday/cxs/mango/Mango_Work_Your_Passion/job/Priors-Land-Limerick-Ireland/#|2
mango|WORKDAY|GET|/wday/cxs/mango/Mango_Work_Your_Passion/job/Riccione-Emilia-Romagna-Italy/#|2
mango|WORKDAY|GET|/wday/cxs/mango/Mango_Work_Your_Passion/job/Rome-Latium-Italy/#|2
mango|WORKDAY|GET|/wday/cxs/mango/Mango_Work_Your_Passion/job/ROTTERDAM-Alexandrium-SC-WN_new/#|2
mango|WORKDAY|GET|/wday/cxs/mango/Mango_Work_Your_Passion/job/Saint-Genis-Laval-Rhne-France/#|2
mango|WORKDAY|GET|/wday/cxs/mango/Mango_Work_Your_Passion/job/Saint-Priest-Auvergne-Rhne-Alpes-France/#|2
mango|WORKDAY|GET|/wday/cxs/mango/Mango_Work_Your_Passion/job/San-Antonio-Texas-United-States/#|2
mango|WORKDAY|GET|/wday/cxs/mango/Mango_Work_Your_Passion/job/San-Cristbal-de-La-Laguna-Canary-Islands-Spain/#|2
mango|WORKDAY|GET|/wday/cxs/mango/Mango_Work_Your_Passion/job/Santander-Cantabria-Spain/#|2
mango|WORKDAY|GET|/wday/cxs/mango/Mango_Work_Your_Passion/job/SEOUL-IFC-Mall-SC/#|2
mango|WORKDAY|GET|/wday/cxs/mango/Mango_Work_Your_Passion/job/Soho-Broadway-New-York-New-York/#|2
mango|WORKDAY|GET|/wday/cxs/mango/Mango_Work_Your_Passion/job/St-Gallen-St-Gallen-Switzerland/#|2
mango|WORKDAY|GET|/wday/cxs/mango/Mango_Work_Your_Passion/job/Strasbourg-Grand-Est-France/#|2
mango|WORKDAY|GET|/wday/cxs/mango/Mango_Work_Your_Passion/job/Thiais-le-de-France-France/#|2
mango|WORKDAY|GET|/wday/cxs/mango/Mango_Work_Your_Passion/job/Toledo-Castile-La-Mancha-Spain/#|2
mango|WORKDAY|GET|/wday/cxs/mango/Mango_Work_Your_Passion/job/TOLEDO-Luz-del-Tajo-SC-reap/#|2
mango|WORKDAY|GET|/wday/cxs/mango/Mango_Work_Your_Passion/job/TOLEDO-Luz-del-Tajo-SC-TN/#|2
mango|WORKDAY|GET|/wday/cxs/mango/Mango_Work_Your_Passion/job/Tysons-Virginia-United-States/#|2
mango|WORKDAY|GET|/wday/cxs/mango/Mango_Work_Your_Passion/job/Velez-Malaga-Malaga-Espaa/#|2
mango|WORKDAY|GET|/wday/cxs/mango/Mango_Work_Your_Passion/job/Venice-Veneto-Italy/#|2
mango|WORKDAY|GET|/wday/cxs/mango/Mango_Work_Your_Passion/job/Vernier-Geneva-Switzerland/#|2
mango|WORKDAY|GET|/wday/cxs/mango/Mango_Work_Your_Passion/job/Verona-Italy/#|2
mango|WORKDAY|GET|/wday/cxs/mango/Mango_Work_Your_Passion/job/Victoria-Gardens-Rancho-Cucamonga-California/#|2
mango|WORKDAY|GET|/wday/cxs/mango/Mango_Work_Your_Passion/job/vry-le-de-France-France/#|2
mango|WORKDAY|GET|/wday/cxs/mango/Mango_Work_Your_Passion/job/Windsor-Berkshire-England-United-Kingdom/#|2
mango|WORKDAY|GET|/wday/cxs/mango/Mango_Work_Your_Passion/job/Woodlands-Texas-United-States/#|2
marella|SMARTRECRUITERS|GET|/#/companies/MaxMaraFashionGroup/postings/#|197
marella|SMARTRECRUITERS|GET|/#/companies/MaxMaraFashionGroup/postings|2
mascot-workwear|SUCCESSFACTORS|GET|/job/#/#/|35
mascot-workwear|SUCCESSFACTORS|GET|/search/|3
mecca|WORKDAY|GET|/wday/cxs/mecca/careers/job/New-South-Wales/#|29
mecca|WORKDAY|GET|/wday/cxs/mecca/careers/job/Victoria/#|29
mecca|WORKDAY|GET|/wday/cxs/mecca/careers/job/Richmond/#|21
mecca|WORKDAY|GET|/wday/cxs/mecca/careers/job/Western-Australia/#|15
mecca|WORKDAY|GET|/wday/cxs/mecca/careers/job/Australian-Capital-Territory/#|13
mecca|WORKDAY|GET|/wday/cxs/mecca/careers/job/#|11
mecca|WORKDAY|GET|/wday/cxs/mecca/careers/job/Tasmania/#|10
mecca|WORKDAY|POST|/wday/cxs/mecca/careers/jobs|9
mecca|WORKDAY|GET|/wday/cxs/mecca/careers/job/New-Zealand/#|7
mecca|WORKDAY|GET|/wday/cxs/mecca/careers/job/Queensland/#|6
mecca|WORKDAY|GET|/wday/cxs/mecca/careers/job/Otago/#|5
mecca|WORKDAY|GET|/wday/cxs/mecca/careers/job/MECCA-Bourke-Street/#|4
mecca|WORKDAY|GET|/wday/cxs/mecca/careers/job/MECCA-George-St/#|3
mecca|WORKDAY|GET|/wday/cxs/mecca/careers/job/MECCA-Eastgardens/#|2
mecca|WORKDAY|GET|/wday/cxs/mecca/careers/job/MECCA-Hornsby/#|2
merz-b-schwanen|PERSONIO|GET|/job/#|2
monoprix|DIGITALRECRUITERS|GET|/fr/annonce/#|742
monoprix|DIGITALRECRUITERS|POST|/public/#/careers-site/job-ads|8
monoprix|DIGITALRECRUITERS|GET|/fr/annonce/#/#|2
movado|WORKDAY|GET|/wday/cxs/movadogroup/Careers/job/Mexico-City-HID/#|10
movado|WORKDAY|GET|/wday/cxs/movadogroup/Careers/job/Paramus-NJ/#|7
movado|WORKDAY|POST|/wday/cxs/movadogroup/Careers/jobs|7
movado|WORKDAY|GET|/wday/cxs/movadogroup/Careers/job/Moonachie-NJ/#|7
movado|WORKDAY|GET|/wday/cxs/movadogroup/Careers/job/Rijswijk-Netherlands/#|6
movado|WORKDAY|GET|/wday/cxs/movadogroup/Careers/job/Deer-Park-NY/#|5
movado|WORKDAY|GET|/wday/cxs/movadogroup/Careers/job/Bangalore-India/#|5
movado|WORKDAY|GET|/wday/cxs/movadogroup/Careers/job/Rosemont-IL/#|4
movado|WORKDAY|GET|/wday/cxs/movadogroup/Careers/job/Nashville-TN/#|3
movado|WORKDAY|GET|/wday/cxs/movadogroup/Careers/job/Eagan-MN/#|3
movado|WORKDAY|GET|/wday/cxs/movadogroup/Careers/job/London-UK/#|3
movado|WORKDAY|GET|/wday/cxs/movadogroup/Careers/job/Merrimack-NH/#|3
movado|WORKDAY|GET|/wday/cxs/movadogroup/Careers/job/Las-Vegas-NV/#|2
movado|WORKDAY|GET|/wday/cxs/movadogroup/Careers/job/Leesburg-VA/#|2
movado|WORKDAY|GET|/wday/cxs/movadogroup/Careers/job/Wrentham-MA/#|2
movado|WORKDAY|GET|/wday/cxs/movadogroup/Careers/job/Allen-TX/#|2
movado|WORKDAY|GET|/wday/cxs/movadogroup/Careers/job/Hamburg-Germany/#|2
movado|WORKDAY|GET|/wday/cxs/movadogroup/Careers/job/Grapevine-TX/#|2
movado|WORKDAY|GET|/wday/cxs/movadogroup/Careers/job/Clinton-CT/#|2
movado|WORKDAY|GET|/wday/cxs/movadogroup/Careers/job/Orlando-FL/#|2
movado|WORKDAY|GET|/wday/cxs/movadogroup/Careers/job/Chandler-AZ/#|2
movado|WORKDAY|GET|/wday/cxs/movadogroup/Careers/job/Cabazon-CA/#|2
movado|WORKDAY|GET|/wday/cxs/movadogroup/Careers/job/Riverhead-NY/#|2
movado|WORKDAY|GET|/wday/cxs/movadogroup/Careers/job/Bienne-Switzerland/#|2
movado|WORKDAY|GET|/wday/cxs/movadogroup/Careers/job/San-Marcos-TX/#|2
movado|WORKDAY|GET|/wday/cxs/movadogroup/Careers/job/Sunrise-FL/#|2
movado|WORKDAY|GET|/wday/cxs/movadogroup/Careers/job/Vacaville-CA/#|2
movado|WORKDAY|GET|/wday/cxs/movadogroup/Careers/job/Williamsburg-VA/#|2
movado|WORKDAY|GET|/wday/cxs/movadogroup/Careers/job/Woodbridge-VA/#|2
movado|WORKDAY|GET|/wday/cxs/movadogroup/Careers/job/JingAn-District-SH/#|2
movado|WORKDAY|GET|/wday/cxs/movadogroup/Careers/job/Kittery-ME/#|2
naos|SUCCESSFACTORS|GET|/job/#/#/|25
naos|SUCCESSFACTORS|GET|/search/|2
nars|GENERIC_JSONLD|GET|/job/east-windsor/#/#/#|6
nars|GENERIC_JSONLD|GET|/job/groveport/lead-warehouse/#/#|4
nars|GENERIC_JSONLD|GET|/job/groveport/warehouse-associate-equipment-operator/#/#|2
new-balance|WORKDAY|GET|/wday/cxs/newbalance/Careers-UK/job/DTC-Office-Amsterdam/#|8
new-balance|WORKDAY|GET|/wday/cxs/newbalance/Careers-UK/job/Appleton-House-Warrington/#|6
new-balance|WORKDAY|GET|/wday/cxs/newbalance/Careers-UK/job/Metzingen-Germany-Retail/#|5
new-balance|WORKDAY|GET|/wday/cxs/newbalance/Careers-UK/job/Bicester-England-Retail/#|5
new-balance|WORKDAY|POST|/wday/cxs/newbalance/Careers-UK/jobs|5
new-balance|WORKDAY|GET|/wday/cxs/newbalance/Careers-UK/job/Antwerp-Belgium-Retail/#|4
new-balance|WORKDAY|GET|/wday/cxs/newbalance/Careers-UK/job/Oxford-Street-London-Retail/#|4
new-balance|WORKDAY|GET|/wday/cxs/newbalance/Careers-UK/job/Amsterdam-Netherlands-Retail/#|4
new-balance|WORKDAY|GET|/wday/cxs/newbalance/Careers-UK/job/Leeds-England-Retail/#|3
new-balance|WORKDAY|GET|/wday/cxs/newbalance/Careers-UK/job/Wertheim-Germany-Retail/#|3
new-balance|WORKDAY|GET|/wday/cxs/newbalance/Careers-UK/job/Oberhausen-Germany-Retail/#|3
new-balance|WORKDAY|GET|/wday/cxs/newbalance/Careers-UK/job/Cheshire-Oaks-England-Retail/#|3
new-balance|WORKDAY|GET|/wday/cxs/newbalance/Careers-UK/job/Berlin-West-Germany-Retail/#|3
new-balance|WORKDAY|GET|/wday/cxs/newbalance/Careers-UK/job/Munich-Germany-Retail/#|2
new-balance|WORKDAY|GET|/wday/cxs/newbalance/Careers-UK/job/Berlin-Outlet-Germany-Retail/#|2
new-balance|WORKDAY|GET|/wday/cxs/newbalance/Careers-UK/job/Copenhagen-Denmark-Retail/#|2
new-balance|WORKDAY|GET|/wday/cxs/newbalance/Careers-UK/job/Fidenza-Italy-Retail/#|2
new-balance|WORKDAY|GET|/wday/cxs/newbalance/Careers-UK/job/Forum-des-Halles-France-Retail/#|2
new-balance|WORKDAY|GET|/wday/cxs/newbalance/Careers-UK/job/Gunwharf-Quays-England-Retail/#|2
new-balance|WORKDAY|GET|/wday/cxs/newbalance/Careers-UK/job/Nice-France-Retail/#|2
new-balance|WORKDAY|GET|/wday/cxs/newbalance/Careers-UK/job/Ochtum-Park-Germany-Retail/#|2
new-balance|WORKDAY|GET|/wday/cxs/newbalance/Careers-UK/job/Paris-le-Marais-France-Retail/#|2
new-balance|WORKDAY|GET|/wday/cxs/newbalance/Careers-UK/job/Roosendaal-Netherlands-Retail/#|2
new-balance|WORKDAY|GET|/wday/cxs/newbalance/Careers-UK/job/Westfield-Mall-of-the-Netherlands-Netherlands-Retail/#|2
nike|WORKDAY|GET|/wday/cxs/nike/nke/job/Beaverton-Oregon/#|131
nike|WORKDAY|GET|/wday/cxs/nike/nke/job/Karnataka-India/#|79
nike|WORKDAY|GET|/wday/cxs/nike/nke/job/Shanghai-China-Mainland/#|78
nike|WORKDAY|POST|/wday/cxs/nike/nke/jobs|41
nike|WORKDAY|GET|/wday/cxs/nike/nke/job/Hilversum-Netherlands/#|21
nike|WORKDAY|GET|/wday/cxs/nike/nke/job/Tokyo-Japan/#|13
nike|WORKDAY|GET|/wday/cxs/nike/nke/job/Seoul-Korea/#|11
nike|WORKDAY|GET|/wday/cxs/nike/nke/job/Laakdal-Belgium/#|11
nike|WORKDAY|GET|/wday/cxs/nike/nke/job/Guangzhou-China-Mainland/#|11
nike|WORKDAY|GET|/wday/cxs/nike/nke/job/Beijing-China-Mainland/#|9
nike|WORKDAY|GET|/wday/cxs/nike/nke/job/Melbourne-Victoria/#|9
nike|WORKDAY|GET|/wday/cxs/nike/nke/job/Boston-Massachusetts/#|9
nike|WORKDAY|GET|/wday/cxs/nike/nke/job/Paris-France/#|8
nike|WORKDAY|GET|/wday/cxs/nike/nke/job/Hong-Kong-Island-Hong-Kong/#|7
nike|WORKDAY|GET|/wday/cxs/nike/nke/job/Edmonton-Alberta/#|7
nike|WORKDAY|GET|/wday/cxs/nike/nke/job/Neumunster-Germany/#|7
nike|WORKDAY|GET|/wday/cxs/nike/nke/job/Foshan-China-Mainland/#|6
nike|WORKDAY|GET|/wday/cxs/nike/nke/job/Sydney-New-South-Wales/#|6
nike|WORKDAY|GET|/wday/cxs/nike/nke/job/Roermond-Netherlands/#|6
nike|WORKDAY|GET|/wday/cxs/nike/nke/job/NIKE-VIETNAM-HQ/#|6
nike|WORKDAY|GET|/wday/cxs/nike/nke/job/Berlin-Germany/#|5
nike|WORKDAY|GET|/wday/cxs/nike/nke/job/St-Charles-Missouri/#|5
nike|WORKDAY|GET|/wday/cxs/nike/nke/job/Adelaide-South-Australia/#|5
nike|WORKDAY|GET|/wday/cxs/nike/nke/job/Mirabel-Canada/#|5
nike|WORKDAY|GET|/wday/cxs/nike/nke/job/Gyeonggi-do-Korea/#|5
nike|WORKDAY|GET|/wday/cxs/nike/nke/job/Sandersdorf-Brehna-Germany/#|5
nike|WORKDAY|GET|/wday/cxs/nike/nke/job/LONDON-OFFICE/#|4
nike|WORKDAY|GET|/wday/cxs/nike/nke/job/Kildare-Ireland/#|4
nike|WORKDAY|GET|/wday/cxs/nike/nke/job/Holon-Israel/#|4
nike|WORKDAY|GET|/wday/cxs/nike/nke/job/Dahisar-Mumbai/#|4
nike|WORKDAY|GET|/wday/cxs/nike/nke/job/Dalian-China-Mainland/#|4
nike|WORKDAY|GET|/wday/cxs/nike/nke/job/Winnipeg-Manitoba/#|4
nike|WORKDAY|GET|/wday/cxs/nike/nke/job/Villefontaine-France/#|4
nike|WORKDAY|GET|/wday/cxs/nike/nke/job/Croydon-United-Kingdom/#|4
nike|WORKDAY|GET|/wday/cxs/nike/nke/job/Taipei-Taiwan/#|4
nike|WORKDAY|GET|/wday/cxs/nike/nke/job/South-Singapore-Singapore/#|4
nike|WORKDAY|GET|/wday/cxs/nike/nke/job/Bhiwandi-Mumbai/#|4
nike|WORKDAY|GET|/wday/cxs/nike/nke/job/Biggera-Waters-Australia/#|4
nike|WORKDAY|GET|/wday/cxs/nike/nke/job/Salzburg-Austria/#|4
nike|WORKDAY|GET|/wday/cxs/nike/nke/job/Jakarta-Raya-Indonesia/#|4
nike|WORKDAY|GET|/wday/cxs/nike/nke/job/Busan-Korea/#|3
nike|WORKDAY|GET|/wday/cxs/nike/nke/job/AU-NIKE-COMPANY-STORE-MELBOURNE/#|3
nike|WORKDAY|GET|/wday/cxs/nike/nke/job/Montebelluna-Italy/#|3
nike|WORKDAY|GET|/wday/cxs/nike/nke/job/New-York-New-York/#|3
nike|WORKDAY|GET|/wday/cxs/nike/nke/job/Ontario-Canada/#|3
nike|WORKDAY|GET|/wday/cxs/nike/nke/job/Radolfzell-Germany/#|3
nike|WORKDAY|GET|/wday/cxs/nike/nke/job/Roppenheim-France/#|3
nike|WORKDAY|GET|/wday/cxs/nike/nke/job/Roubaix-France/#|3
nike|WORKDAY|GET|/wday/cxs/nike/nke/job/Sainte-Genevieve-Des-Bois-France/#|3
nike|WORKDAY|GET|/wday/cxs/nike/nke/job/Salerno-Italy/#|3
nike|WORKDAY|GET|/wday/cxs/nike/nke/job/Taichung-Taiwan/#|3
nike|WORKDAY|GET|/wday/cxs/nike/nke/job/Tochigi-Japan/#|3
nike|WORKDAY|GET|/wday/cxs/nike/nke/job/Wertheim-Germany/#|3
nike|WORKDAY|GET|/wday/cxs/nike/nke/job/Wolfsburg-Germany/#|3
nike|WORKDAY|GET|/wday/cxs/nike/nke/job/Zweibrucken-Germany/#|3
nike|WORKDAY|GET|/wday/cxs/nike/nke/job/Begles-France/#|2
nike|WORKDAY|GET|/wday/cxs/nike/nke/job/London-United-Kingdom/#|2
nike|WORKDAY|GET|/wday/cxs/nike/nke/job/Los-Angeles-California/#|2
nike|WORKDAY|GET|/wday/cxs/nike/nke/job/Madrid-Spain/#|2
nike|WORKDAY|GET|/wday/cxs/nike/nke/job/Brandenburg-Germany/#|2
nike|WORKDAY|GET|/wday/cxs/nike/nke/job/Memphis-Tennessee/#|2
nike|WORKDAY|GET|/wday/cxs/nike/nke/job/Mie-Japan/#|2
nike|WORKDAY|GET|/wday/cxs/nike/nke/job/Milano-Italy/#|2
nike|WORKDAY|GET|/wday/cxs/nike/nke/job/Bilu-Israel/#|2
nike|WORKDAY|GET|/wday/cxs/nike/nke/job/Mississauga-Ontario/#|2
nike|WORKDAY|GET|/wday/cxs/nike/nke/job/Miyagi-Japan/#|2
nike|WORKDAY|GET|/wday/cxs/nike/nke/job/Montabaur-Germany/#|2
nike|WORKDAY|GET|/wday/cxs/nike/nke/job/Changchun-China-Mainland/#|2
nike|WORKDAY|GET|/wday/cxs/nike/nke/job/Montreal-Quebec/#|2
nike|WORKDAY|GET|/wday/cxs/nike/nke/job/Muiden-Netherlands/#|2
nike|WORKDAY|GET|/wday/cxs/nike/nke/job/Bicester-United-Kingdom/#|2
nike|WORKDAY|GET|/wday/cxs/nike/nke/job/New-South-Wales-Australia/#|2
nike|WORKDAY|GET|/wday/cxs/nike/nke/job/Tswwassen-Canada/#|2
nike|WORKDAY|GET|/wday/cxs/nike/nke/job/NFS-IT-TORINO/#|2
nike|WORKDAY|GET|/wday/cxs/nike/nke/job/Atlanta-Georgia/#|2
nike|WORKDAY|GET|/wday/cxs/nike/nke/job/Noventa-di-Piave-Italy/#|2
nike|WORKDAY|GET|/wday/cxs/nike/nke/job/Vancouver-Canada/#|2
nike|WORKDAY|GET|/wday/cxs/nike/nke/job/Osaka-Japan/#|2
nike|WORKDAY|GET|/wday/cxs/nike/nke/job/Ottawa-Ontario/#|2
nike|WORKDAY|GET|/wday/cxs/nike/nke/job/Oxford-Street-London/#|2
nike|WORKDAY|GET|/wday/cxs/nike/nke/job/Palma-Nova-Italy/#|2
nike|WORKDAY|GET|/wday/cxs/nike/nke/job/Gretna-Green-United-Kingdom/#|2
nike|WORKDAY|GET|/wday/cxs/nike/nke/job/Parndorf-Burgenland/#|2
nike|WORKDAY|GET|/wday/cxs/nike/nke/job/Plaisir-France/#|2
nike|WORKDAY|GET|/wday/cxs/nike/nke/job/Puebla-Mexico/#|2
nike|WORKDAY|GET|/wday/cxs/nike/nke/job/Castel-Romano-Italy/#|2
nike|WORKDAY|GET|/wday/cxs/nike/nke/job/Rocky-View-Canada/#|2
nike|WORKDAY|GET|/wday/cxs/nike/nke/job/Florence-Italy/#|2
nike|WORKDAY|GET|/wday/cxs/nike/nke/job/Wembley-London/#|2
nike|WORKDAY|GET|/wday/cxs/nike/nke/job/Rostock-Germany/#|2
nike|WORKDAY|GET|/wday/cxs/nike/nke/job/Zapopan-Mexico/#|2
nike|WORKDAY|GET|/wday/cxs/nike/nke/job/Rugby-United-Kingdom/#|2
nike|WORKDAY|GET|/wday/cxs/nike/nke/job/Westfield-White-City-Shepherds-Bush-London/#|2
nike|WORKDAY|GET|/wday/cxs/nike/nke/job/Saitama-Japan/#|2
nike|WORKDAY|GET|/wday/cxs/nike/nke/job/Cannock-United-Kingdom/#|2
nike|WORKDAY|GET|/wday/cxs/nike/nke/job/Eilat-Israel/#|2
nike|WORKDAY|GET|/wday/cxs/nike/nke/job/Samut-Prakan-Thailand/#|2
nike|WORKDAY|GET|/wday/cxs/nike/nke/job/Barcelona-Spain/#|2
nike|WORKDAY|GET|/wday/cxs/nike/nke/job/Schwarzheide-Germany/#|2
nike|WORKDAY|GET|/wday/cxs/nike/nke/job/Durham-United-Kingdom/#|2
nike|WORKDAY|GET|/wday/cxs/nike/nke/job/Dublin-Ireland/#|2
nike|WORKDAY|GET|/wday/cxs/nike/nke/job/Shiga-Japan/#|2
nike|WORKDAY|GET|/wday/cxs/nike/nke/job/Shisui-Japan/#|2
nike|WORKDAY|GET|/wday/cxs/nike/nke/job/Halton-Hills-Ontario/#|2
nike|WORKDAY|GET|/wday/cxs/nike/nke/job/Haifa-District-Israel/#|2
nike|WORKDAY|GET|/wday/cxs/nike/nke/job/St-Maximin-France/#|2
nike|WORKDAY|GET|/wday/cxs/nike/nke/job/Stockton-United-Kingdom/#|2
nike|WORKDAY|GET|/wday/cxs/nike/nke/job/Amsterdam-Netherlands/#|2
nike|WORKDAY|GET|/wday/cxs/nike/nke/job/Canberra-Australian-Capital-Territory/#|2
nike|WORKDAY|GET|/wday/cxs/nike/nke/job/Chiba-Japan/#|2
nike|WORKDAY|GET|/wday/cxs/nike/nke/job/Wroclaw-Poland/#|2
nike|WORKDAY|GET|/wday/cxs/nike/nke/job/Istanbul-Turkey/#|2
nike|WORKDAY|GET|/wday/cxs/nike/nke/job/Incheon-Korea/#|2
nike|WORKDAY|GET|/wday/cxs/nike/nke/job/Jerusalem-District-Israel/#|2
nike|WORKDAY|GET|/wday/cxs/nike/nke/job/Jindalee-Australia/#|2
nike|WORKDAY|GET|/wday/cxs/nike/nke/job/Kanagawa-Japan/#|2
nike|WORKDAY|GET|/wday/cxs/nike/nke/job/Hyogo-Japan/#|2
nike|WORKDAY|GET|/wday/cxs/nike/nke/job/Kilbride-United-Kingdom/#|2
nike|WORKDAY|GET|/wday/cxs/nike/nke/job/Hiroshima-Japan/#|2
nike|WORKDAY|GET|/wday/cxs/nike/nke/job/Kisarazu-Japan/#|2
nike|WORKDAY|GET|/wday/cxs/nike/nke/job/Kitchener-Ontario/#|2
nike|WORKDAY|GET|/wday/cxs/nike/nke/job/Bremen-Germany/#|2
nike|WORKDAY|GET|/wday/cxs/nike/nke/job/Leon-Mexico/#|2
nike|WORKDAY|GET|/wday/cxs/nike/nke/job/Liege-Belgium/#|2
nike-nke2|WORKDAY|POST|/wday/cxs/nike/#/jobs|21
nike-nke2|WORKDAY|GET|/wday/cxs/nike/#/job/Las-Vegas-Nevada/#|11
nike-nke2|WORKDAY|GET|/wday/cxs/nike/#/job/New-York-New-York/#|9
nike-nke2|WORKDAY|GET|/wday/cxs/nike/#/job/Orlando-Florida/#|8
nike-nke2|WORKDAY|GET|/wday/cxs/nike/#/job/Eagan-Minnesota/#|6
nike-nke2|WORKDAY|GET|/wday/cxs/nike/#/job/Sevierville-Tennessee/#|6
nike-nke2|WORKDAY|GET|/wday/cxs/nike/#/job/Central-Valley-New-York/#|5
nike-nke2|WORKDAY|GET|/wday/cxs/nike/#/job/Miami-Florida/#|5
nike-nke2|WORKDAY|GET|/wday/cxs/nike/#/job/Hanover-Maryland/#|5
nike-nke2|WORKDAY|GET|/wday/cxs/nike/#/job/Wisconsin-Dells-Wisconsin/#|5
nike-nke2|WORKDAY|GET|/wday/cxs/nike/#/job/Somerville-Massachusetts/#|5
nike-nke2|WORKDAY|GET|/wday/cxs/nike/#/job/San-Francisco-California/#|5
nike-nke2|WORKDAY|GET|/wday/cxs/nike/#/job/Phoenix-Arizona/#|5
nike-nke2|WORKDAY|GET|/wday/cxs/nike/#/job/King-of-Prussia-Pennsylvania/#|4
nike-nke2|WORKDAY|GET|/wday/cxs/nike/#/job/Queenstown-Maryland/#|4
nike-nke2|WORKDAY|GET|/wday/cxs/nike/#/job/Pigeon-Forge-Tennessee/#|4
nike-nke2|WORKDAY|GET|/wday/cxs/nike/#/job/Charleston-South-Carolina/#|4
nike-nke2|WORKDAY|GET|/wday/cxs/nike/#/job/Nashville-Tennessee/#|4
nike-nke2|WORKDAY|GET|/wday/cxs/nike/#/job/Kittery-Maine/#|4
nike-nke2|WORKDAY|GET|/wday/cxs/nike/#/job/Carlsbad-California/#|4
nike-nke2|WORKDAY|GET|/wday/cxs/nike/#/job/Long-Beach-California/#|3
nike-nke2|WORKDAY|GET|/wday/cxs/nike/#/job/Boston-Massachusetts/#|3
nike-nke2|WORKDAY|GET|/wday/cxs/nike/#/job/Beaverton-Oregon/#|3
nike-nke2|WORKDAY|GET|/wday/cxs/nike/#/job/Aurora-Illinois/#|3
nike-nke2|WORKDAY|GET|/wday/cxs/nike/#/job/Aurora-Ohio/#|3
nike-nke2|WORKDAY|GET|/wday/cxs/nike/#/job/Aventura-Florida/#|3
nike-nke2|WORKDAY|GET|/wday/cxs/nike/#/job/Albertville-Minnesota/#|3
nike-nke2|WORKDAY|GET|/wday/cxs/nike/#/job/Bend-Oregon/#|3
nike-nke2|WORKDAY|GET|/wday/cxs/nike/#/job/Brooklyn-New-York/#|3
nike-nke2|WORKDAY|GET|/wday/cxs/nike/#/job/Charlotte-North-Carolina/#|3
nike-nke2|WORKDAY|GET|/wday/cxs/nike/#/job/Commerce-GA/#|3
nike-nke2|WORKDAY|GET|/wday/cxs/nike/#/job/Cypress-Texas/#|3
nike-nke2|WORKDAY|GET|/wday/cxs/nike/#/job/Dawsonville-Georgia/#|3
nike-nke2|WORKDAY|GET|/wday/cxs/nike/#/job/Destin-Florida/#|3
nike-nke2|WORKDAY|GET|/wday/cxs/nike/#/job/Edinburgh-Indiana/#|3
nike-nke2|WORKDAY|GET|/wday/cxs/nike/#/job/Estero-Florida/#|3
nike-nke2|WORKDAY|GET|/wday/cxs/nike/#/job/Fort-Worth-Texas/#|3
nike-nke2|WORKDAY|GET|/wday/cxs/nike/#/job/Glendale-California/#|3
nike-nke2|WORKDAY|GET|/wday/cxs/nike/#/job/Gretna-Nebraska/#|3
nike-nke2|WORKDAY|GET|/wday/cxs/nike/#/job/Gurnee-Illinois/#|3
nike-nke2|WORKDAY|GET|/wday/cxs/nike/#/job/Howell-Michigan/#|3
nike-nke2|WORKDAY|GET|/wday/cxs/nike/#/job/Niagara-Falls-New-York/#|3
nike-nke2|WORKDAY|GET|/wday/cxs/nike/#/job/Orange-California/#|3
nike-nke2|WORKDAY|GET|/wday/cxs/nike/#/job/Paramus-New-Jersey/#|3
nike-nke2|WORKDAY|GET|/wday/cxs/nike/#/job/Pasadena-Texas/#|3
nike-nke2|WORKDAY|GET|/wday/cxs/nike/#/job/Pleasant-Prairie-Wisconsin/#|3
nike-nke2|WORKDAY|GET|/wday/cxs/nike/#/job/Reno-Nevada/#|3
nike-nke2|WORKDAY|GET|/wday/cxs/nike/#/job/Riverhead-New-York/#|3
nike-nke2|WORKDAY|GET|/wday/cxs/nike/#/job/San-Antonio-Texas/#|3
nike-nke2|WORKDAY|GET|/wday/cxs/nike/#/job/San-Clemente-California/#|3
nike-nke2|WORKDAY|GET|/wday/cxs/nike/#/job/Savannah-Georgia/#|3
nike-nke2|WORKDAY|GET|/wday/cxs/nike/#/job/Seaside-Oregon/#|3
nike-nke2|WORKDAY|GET|/wday/cxs/nike/#/job/Simpsonville-Kentucky/#|3
nike-nke2|WORKDAY|GET|/wday/cxs/nike/#/job/Southaven-Mississippi/#|3
nike-nke2|WORKDAY|GET|/wday/cxs/nike/#/job/Sunbury-Ohio/#|3
nike-nke2|WORKDAY|GET|/wday/cxs/nike/#/job/Tejon-Ranch-California/#|3
nike-nke2|WORKDAY|GET|/wday/cxs/nike/#/job/Tempe-Arizona/#|3
nike-nke2|WORKDAY|GET|/wday/cxs/nike/#/job/Thornton-Colorado/#|3
nike-nke2|WORKDAY|GET|/wday/cxs/nike/#/job/Tinton-Falls-New-Jersey/#|3
nike-nke2|WORKDAY|GET|/wday/cxs/nike/#/job/West-Palm-Beach-Florida/#|3
nike-nke2|WORKDAY|GET|/wday/cxs/nike/#/job/Woodburn-Oregon/#|3
nike-nke2|WORKDAY|GET|/wday/cxs/nike/#/job/Leesburg-Virginia/#|2
nike-nke2|WORKDAY|GET|/wday/cxs/nike/#/job/Daytona-Beach-Florida/#|2
nike-nke2|WORKDAY|GET|/wday/cxs/nike/#/job/Lehi-Utah/#|2
nike-nke2|WORKDAY|GET|/wday/cxs/nike/#/job/Bluffton-South-Carolina/#|2
nike-nke2|WORKDAY|GET|/wday/cxs/nike/#/job/Milpitas-California/#|2
nike-nke2|WORKDAY|GET|/wday/cxs/nike/#/job/Grand-Rapids-Michigan/#|2
nike-nke2|WORKDAY|GET|/wday/cxs/nike/#/job/Newburgh-New-York/#|2
nike-nke2|WORKDAY|GET|/wday/cxs/nike/#/job/Grand-Prairie-Texas/#|2
nike-nke2|WORKDAY|GET|/wday/cxs/nike/#/job/Sunrise-Florida/#|2
nike-nke2|WORKDAY|GET|/wday/cxs/nike/#/job/Oakbrook-Illinois/#|2
nike-nke2|WORKDAY|GET|/wday/cxs/nike/#/job/Oklahoma-City-Oklahoma/#|2
nike-nke2|WORKDAY|GET|/wday/cxs/nike/#/job/Tampa-Florida/#|2
nike-nke2|WORKDAY|GET|/wday/cxs/nike/#/job/Gonzales-Louisiana/#|2
nike-nke2|WORKDAY|GET|/wday/cxs/nike/#/job/Oshkosh-Wisconsin/#|2
nike-nke2|WORKDAY|GET|/wday/cxs/nike/#/job/Oxon-Hill-Maryland/#|2
nike-nke2|WORKDAY|GET|/wday/cxs/nike/#/job/Palm-Beach-Gardens-Florida/#|2
nike-nke2|WORKDAY|GET|/wday/cxs/nike/#/job/Tannersville-PA/#|2
nike-nke2|WORKDAY|GET|/wday/cxs/nike/#/job/Elizabeth-New-Jersey/#|2
nike-nke2|WORKDAY|GET|/wday/cxs/nike/#/job/Petaluma-California/#|2
nike-nke2|WORKDAY|GET|/wday/cxs/nike/#/job/Los-Angeles-California/#|2
nike-nke2|WORKDAY|GET|/wday/cxs/nike/#/job/Gainesville-Florida/#|2
nike-nke2|WORKDAY|GET|/wday/cxs/nike/#/job/Woodbridge-Virginia/#|2
nike-nke2|WORKDAY|GET|/wday/cxs/nike/#/job/Pottstown-Pennsylvania/#|2
nike-nke2|WORKDAY|GET|/wday/cxs/nike/#/job/Gaffney-South-Carolina/#|2
nike-nke2|WORKDAY|GET|/wday/cxs/nike/#/job/Rehoboth-Beach-Delaware/#|2
nike-nke2|WORKDAY|GET|/wday/cxs/nike/#/job/Terrell-Texas/#|2
nike-nke2|WORKDAY|GET|/wday/cxs/nike/#/job/Lincoln-City-Oregon/#|2
nike-nke2|WORKDAY|GET|/wday/cxs/nike/#/job/Round-Rock-Texas/#|2
nike-nke2|WORKDAY|GET|/wday/cxs/nike/#/job/Woodstock-Georgia/#|2
nike-nke2|WORKDAY|GET|/wday/cxs/nike/#/job/Tulare-California/#|2
nike-nke2|WORKDAY|GET|/wday/cxs/nike/#/job/Michigan-City-Indiana/#|2
nike-nke2|WORKDAY|GET|/wday/cxs/nike/#/job/Santa-Clarita-California/#|2
nike-nke2|WORKDAY|GET|/wday/cxs/nike/#/job/Tulsa-Oklahoma/#|2
nike-nke2|WORKDAY|GET|/wday/cxs/nike/#/job/Vacaville-California/#|2
nike-nke2|WORKDAY|GET|/wday/cxs/nike/#/job/Foley-Alabama/#|2
nike-nke2|WORKDAY|GET|/wday/cxs/nike/#/job/Silver-Spring-Maryland/#|2
nike-nke2|WORKDAY|GET|/wday/cxs/nike/#/job/Washington-Pennsylvania/#|2
nike-nke2|WORKDAY|GET|/wday/cxs/nike/#/job/Livermore-California/#|2
nike-nke2|WORKDAY|GET|/wday/cxs/nike/#/job/Waterloo-New-York/#|2
nike-nke2|WORKDAY|GET|/wday/cxs/nike/#/job/St-Louis-Missouri/#|2
nike-nke2|WORKDAY|GET|/wday/cxs/nike/#/job/Wrentham-Massachusetts/#|2
nike-nke2|WORKDAY|GET|/wday/cxs/nike/#/job/Grapevine-Texas/#|2
nike-nke2|WORKDAY|GET|/wday/cxs/nike/#/job/Lubbock-Texas/#|2
nike-nke2|WORKDAY|GET|/wday/cxs/nike/#/job/Grove-City-Pennsylvania/#|2
nike-nke2|WORKDAY|GET|/wday/cxs/nike/#/job/Mashantucket-Connecticut/#|2
nike-nke2|WORKDAY|GET|/wday/cxs/nike/#/job/Bloomington-Minnesota/#|2
nike-nke2|WORKDAY|GET|/wday/cxs/nike/#/job/Antioch-Tennessee/#|2
nike-nke2|WORKDAY|GET|/wday/cxs/nike/#/job/Johnson-Creek-Wisconsin/#|2
nike-nke2|WORKDAY|GET|/wday/cxs/nike/#/job/Katy-Texas/#|2
nike-nke2|WORKDAY|GET|/wday/cxs/nike/#/job/Baton-Rouge-Louisiana/#|2
nike-nke2|WORKDAY|GET|/wday/cxs/nike/#/job/Kissimmee-Florida/#|2
nike-nke2|WORKDAY|GET|/wday/cxs/nike/#/job/Auburn-Washington/#|2
nike-nke2|WORKDAY|GET|/wday/cxs/nike/#/job/Calhoun-Georgia/#|2
nike-nke2|WORKDAY|GET|/wday/cxs/nike/#/job/Bronx-New-York/#|2
nike-nke2|WORKDAY|GET|/wday/cxs/nike/#/job/Lancaster-Pennsylvania/#|2
nike-nke2|WORKDAY|GET|/wday/cxs/nike/#/job/Chicago-Illinois/#|2
nike-nke2|WORKDAY|GET|/wday/cxs/nike/#/job/Clinton-Connecticut/#|2
nike-nke2|WORKDAY|GET|/wday/cxs/nike/#/job/Asheville-North-Carolina/#|2
nike-nke2|WORKDAY|GET|/wday/cxs/nike/#/job/Concord-North-Carolina/#|2
nike-nke2|WORKDAY|GET|/wday/cxs/nike/#/job/Lawrenceville-New-Jersey/#|2
nike-nke2|WORKDAY|GET|/wday/cxs/nike/#/job/Dania-Beach-Florida/#|2
nocibe-eqwa|EQWA|GET|/front-jobs-detail.html|268
nordstrom|WORKDAY|GET|/wday/cxs/nordstrom/nordstrom_careers/job/Seattle-WA/#|75
nordstrom|WORKDAY|POST|/wday/cxs/nordstrom/nordstrom_careers/jobs|66
nordstrom|WORKDAY|GET|/wday/cxs/nordstrom/nordstrom_careers/job/New-York-NY/#|33
nordstrom|WORKDAY|GET|/wday/cxs/nordstrom/nordstrom_careers/job/San-Diego-CA/#|28
nordstrom|WORKDAY|GET|/wday/cxs/nordstrom/nordstrom_careers/job/San-Jose-CA/#|27
nordstrom|WORKDAY|GET|/wday/cxs/nordstrom/nordstrom_careers/job/Austin-TX/#|25
nordstrom|WORKDAY|GET|/wday/cxs/nordstrom/nordstrom_careers/job/Nashville-TN/#|23
nordstrom|WORKDAY|GET|/wday/cxs/nordstrom/nordstrom_careers/job/Corte-Madera-CA/#|21
nordstrom|WORKDAY|GET|/wday/cxs/nordstrom/nordstrom_careers/job/Garden-City-NY/#|19
nordstrom|WORKDAY|GET|/wday/cxs/nordstrom/nordstrom_careers/job/Los-Angeles-CA/#|19
nordstrom|WORKDAY|GET|/wday/cxs/nordstrom/nordstrom_careers/job/Lone-Tree-CO/#|18
nordstrom|WORKDAY|GET|/wday/cxs/nordstrom/nordstrom_careers/job/Natick-MA/#|18
nordstrom|WORKDAY|GET|/wday/cxs/nordstrom/nordstrom_careers/job/Beachwood-OH/#|17
nordstrom|WORKDAY|GET|/wday/cxs/nordstrom/nordstrom_careers/job/Palo-Alto-CA/#|17
nordstrom|WORKDAY|GET|/wday/cxs/nordstrom/nordstrom_careers/job/Minnetonka-MN/#|17
nordstrom|WORKDAY|GET|/wday/cxs/nordstrom/nordstrom_careers/job/Honolulu-HI/#|17
nordstrom|WORKDAY|GET|/wday/cxs/nordstrom/nordstrom_careers/job/Bellevue-WA/#|16
nordstrom|WORKDAY|GET|/wday/cxs/nordstrom/nordstrom_careers/job/Schaumburg-IL/#|16
nordstrom|WORKDAY|GET|/wday/cxs/nordstrom/nordstrom_careers/job/Durham-NC/#|16
nordstrom|WORKDAY|GET|/wday/cxs/nordstrom/nordstrom_careers/job/Pittsburgh-PA/#|15
nordstrom|WORKDAY|GET|/wday/cxs/nordstrom/nordstrom_careers/job/Walnut-Creek-CA/#|15
nordstrom|WORKDAY|GET|/wday/cxs/nordstrom/nordstrom_careers/job/Columbus-OH/#|15
nordstrom|WORKDAY|GET|/wday/cxs/nordstrom/nordstrom_careers/job/Burlington-MA/#|15
nordstrom|WORKDAY|GET|/wday/cxs/nordstrom/nordstrom_careers/job/Bloomington-MN/#|15
nordstrom|WORKDAY|GET|/wday/cxs/nordstrom/nordstrom_careers/job/Cherry-Hill-NJ/#|15
nordstrom|WORKDAY|GET|/wday/cxs/nordstrom/nordstrom_careers/job/Dallas-TX/#|15
nordstrom|WORKDAY|GET|/wday/cxs/nordstrom/nordstrom_careers/job/Scottsdale-AZ/#|15
nordstrom|WORKDAY|GET|/wday/cxs/nordstrom/nordstrom_careers/job/Oak-Brook-IL/#|15
nordstrom|WORKDAY|GET|/wday/cxs/nordstrom/nordstrom_careers/job/King-Of-Prussia-PA/#|14
nordstrom|WORKDAY|GET|/wday/cxs/nordstrom/nordstrom_careers/job/Short-Hills-NJ/#|14
nordstrom|WORKDAY|GET|/wday/cxs/nordstrom/nordstrom_careers/job/Atlanta-GA/#|14
nordstrom|WORKDAY|GET|/wday/cxs/nordstrom/nordstrom_careers/job/Mclean-VA/#|14
nordstrom|WORKDAY|GET|/wday/cxs/nordstrom/nordstrom_careers/job/Des-Peres-MO/#|14
nordstrom|WORKDAY|GET|/wday/cxs/nordstrom/nordstrom_careers/job/Tigard-OR/#|14
nordstrom|WORKDAY|GET|/wday/cxs/nordstrom/nordstrom_careers/job/Lynnwood-WA/#|14
nordstrom|WORKDAY|GET|/wday/cxs/nordstrom/nordstrom_careers/job/Paramus-NJ/#|14
nordstrom|WORKDAY|GET|/wday/cxs/nordstrom/nordstrom_careers/job/Wauwatosa-WI/#|14
nordstrom|WORKDAY|GET|/wday/cxs/nordstrom/nordstrom_careers/job/Novi-MI/#|13
nordstrom|WORKDAY|GET|/wday/cxs/nordstrom/nordstrom_careers/job/Arcadia-CA/#|13
nordstrom|WORKDAY|GET|/wday/cxs/nordstrom/nordstrom_careers/job/Canoga-Park-CA/#|13
nordstrom|WORKDAY|GET|/wday/cxs/nordstrom/nordstrom_careers/job/Glendale-CA/#|13
nordstrom|WORKDAY|GET|/wday/cxs/nordstrom/nordstrom_careers/job/Costa-Mesa-CA/#|13
nordstrom|WORKDAY|GET|/wday/cxs/nordstrom/nordstrom_careers/job/Farmington-CT/#|13
nordstrom|WORKDAY|GET|/wday/cxs/nordstrom/nordstrom_careers/job/Tukwila-WA/#|13
nordstrom|WORKDAY|GET|/wday/cxs/nordstrom/nordstrom_careers/job/Portland-OR/#|12
nordstrom|WORKDAY|GET|/wday/cxs/nordstrom/nordstrom_careers/job/Dubuque-IA/#|12
nordstrom|WORKDAY|GET|/wday/cxs/nordstrom/nordstrom_careers/job/Overland-Park-KS/#|12
nordstrom|WORKDAY|GET|/wday/cxs/nordstrom/nordstrom_careers/job/Skokie-IL/#|12
nordstrom|WORKDAY|GET|/wday/cxs/nordstrom/nordstrom_careers/job/San-Mateo-CA/#|12
nordstrom|WORKDAY|GET|/wday/cxs/nordstrom/nordstrom_careers/job/Norwalk-CT/#|11
nordstrom|WORKDAY|GET|/wday/cxs/nordstrom/nordstrom_careers/job/Denver-CO/#|11
nordstrom|WORKDAY|GET|/wday/cxs/nordstrom/nordstrom_careers/job/Houston-TX/#|11
nordstrom|WORKDAY|GET|/wday/cxs/nordstrom/nordstrom_careers/job/Frisco-TX/#|11
nordstrom|WORKDAY|GET|/wday/cxs/nordstrom/nordstrom_careers/job/Newport-Beach-CA/#|11
nordstrom|WORKDAY|GET|/wday/cxs/nordstrom/nordstrom_careers/job/Tampa-FL/#|10
nordstrom|WORKDAY|GET|/wday/cxs/nordstrom/nordstrom_careers/job/Charlotte-NC/#|10
nordstrom|WORKDAY|GET|/wday/cxs/nordstrom/nordstrom_careers/job/Boca-Raton-FL/#|10
nordstrom|WORKDAY|GET|/wday/cxs/nordstrom/nordstrom_careers/job/Bethesda-MD/#|10
nordstrom|WORKDAY|GET|/wday/cxs/nordstrom/nordstrom_careers/job/Coral-Gables-FL/#|10
nordstrom|WORKDAY|GET|/wday/cxs/nordstrom/nordstrom_careers/job/Mission-Viejo-CA/#|10
nordstrom|WORKDAY|GET|/wday/cxs/nordstrom/nordstrom_careers/job/Murray-UT/#|10
nordstrom|WORKDAY|GET|/wday/cxs/nordstrom/nordstrom_careers/job/Roseville-CA/#|10
nordstrom|WORKDAY|GET|/wday/cxs/nordstrom/nordstrom_careers/job/Indianapolis-IN/#|9
nordstrom|WORKDAY|GET|/wday/cxs/nordstrom/nordstrom_careers/job/Cincinnati-OH/#|9
nordstrom|WORKDAY|GET|/wday/cxs/nordstrom/nordstrom_careers/job/Arlington-VA/#|8
nordstrom|WORKDAY|GET|/wday/cxs/nordstrom/nordstrom_careers/job/Chicago-IL/#|8
nordstrom|WORKDAY|GET|/wday/cxs/nordstrom/nordstrom_careers/job/Columbia-MD/#|8
nordstrom|WORKDAY|GET|/wday/cxs/nordstrom/nordstrom_careers/job/Spokane-WA/#|8
nordstrom|WORKDAY|GET|/wday/cxs/nordstrom/nordstrom_careers/job/San-Antonio-TX/#|8
nordstrom|WORKDAY|GET|/wday/cxs/nordstrom/nordstrom_careers/job/Thousand-Oaks-CA/#|8
nordstrom|WORKDAY|GET|/wday/cxs/nordstrom/nordstrom_careers/job/Jacksonville-FL/#|7
nordstrom|WORKDAY|GET|/wday/cxs/nordstrom/nordstrom_careers/job/Salt-Lake-City-UT/#|7
nordstrom|WORKDAY|GET|/wday/cxs/nordstrom/nordstrom_careers/job/Troy-MI/#|7
nordstrom|WORKDAY|GET|/wday/cxs/nordstrom/nordstrom_careers/job/The-Woodlands-TX/#|7
nordstrom|WORKDAY|GET|/wday/cxs/nordstrom/nordstrom_careers/job/Irvine-CA/#|7
nordstrom|WORKDAY|GET|/wday/cxs/nordstrom/nordstrom_careers/job/Aventura-FL/#|7
nordstrom|WORKDAY|GET|/wday/cxs/nordstrom/nordstrom_careers/job/White-Plains-NY/#|7
nordstrom|WORKDAY|GET|/wday/cxs/nordstrom/nordstrom_careers/job/Torrance-CA/#|6
nordstrom|WORKDAY|GET|/wday/cxs/nordstrom/nordstrom_careers/job/Brea-CA/#|6
nordstrom|WORKDAY|GET|/wday/cxs/nordstrom/nordstrom_careers/job/Las-Vegas-NV/#|5
nordstrom|WORKDAY|GET|/wday/cxs/nordstrom/nordstrom_careers/job/Elizabethtown-PA/#|5
nordstrom|WORKDAY|GET|/wday/cxs/nordstrom/nordstrom_careers/job/Tacoma-WA/#|5
nordstrom|WORKDAY|GET|/wday/cxs/nordstrom/nordstrom_careers/job/Palm-Beach-Gardens-FL/#|5
nordstrom|WORKDAY|GET|/wday/cxs/nordstrom/nordstrom_careers/job/Cerritos-CA/#|5
nordstrom|WORKDAY|GET|/wday/cxs/nordstrom/nordstrom_careers/job/Cedar-Rapids-IA/#|4
nordstrom|WORKDAY|GET|/wday/cxs/nordstrom/nordstrom_careers/job/Towson-MD/#|4
nordstrom|WORKDAY|GET|/wday/cxs/nordstrom/nordstrom_careers/job/Lenexa-KS/#|4
nordstrom|WORKDAY|GET|/wday/cxs/nordstrom/nordstrom_careers/job/Edison-NJ/#|4
nordstrom|WORKDAY|GET|/wday/cxs/nordstrom/nordstrom_careers/job/Tarzana-CA/#|3
nordstrom|WORKDAY|GET|/wday/cxs/nordstrom/nordstrom_careers/job/Noblesville-IN/#|3
nordstrom|WORKDAY|GET|/wday/cxs/nordstrom/nordstrom_careers/job/Lake-Grove-NY/#|3
nordstrom|WORKDAY|GET|/wday/cxs/nordstrom/nordstrom_careers/job/Danvers-MA/#|3
nordstrom|WORKDAY|GET|/wday/cxs/nordstrom/nordstrom_careers/job/Annapolis-MD/#|3
nordstrom|WORKDAY|GET|/wday/cxs/nordstrom/nordstrom_careers/job/Livingston-NJ/#|3
nordstrom|WORKDAY|GET|/wday/cxs/nordstrom/nordstrom_careers/job/Riverside-CA/#|3
nordstrom|WORKDAY|GET|/wday/cxs/nordstrom/nordstrom_careers/job/Santa-Clarita-CA/#|3
nordstrom|WORKDAY|GET|/wday/cxs/nordstrom/nordstrom_careers/job/West-Des-Moines-IA/#|3
nordstrom|WORKDAY|GET|/wday/cxs/nordstrom/nordstrom_careers/job/Lancaster-PA/#|2
nordstrom|WORKDAY|GET|/wday/cxs/nordstrom/nordstrom_careers/job/Reno-NV/#|2
nordstrom|WORKDAY|GET|/wday/cxs/nordstrom/nordstrom_careers/job/Plymouth-MA/#|2
nordstrom|WORKDAY|GET|/wday/cxs/nordstrom/nordstrom_careers/job/Phoenix-AZ/#|2
nordstrom|WORKDAY|GET|/wday/cxs/nordstrom/nordstrom_careers/job/Orland-Park-IL/#|2
nordstrom|WORKDAY|GET|/wday/cxs/nordstrom/nordstrom_careers/job/Omaha-NE/#|2
nordstrom|WORKDAY|GET|/wday/cxs/nordstrom/nordstrom_careers/job/Olympia-WA/#|2
nordstrom|WORKDAY|GET|/wday/cxs/nordstrom/nordstrom_careers/job/Sterling-VA/#|2
nordstrom|WORKDAY|GET|/wday/cxs/nordstrom/nordstrom_careers/job/Allentown-PA/#|2
nordstrom|WORKDAY|GET|/wday/cxs/nordstrom/nordstrom_careers/job/Farragut-TN/#|2
nordstrom|WORKDAY|GET|/wday/cxs/nordstrom/nordstrom_careers/job/Boston-MA/#|2
nordstrom|WORKDAY|GET|/wday/cxs/nordstrom/nordstrom_careers/job/Gaithersburg-MD/#|2
nordstrom|WORKDAY|GET|/wday/cxs/nordstrom/nordstrom_careers/job/Eatontown-NJ/#|2
nordstrom|WORKDAY|GET|/wday/cxs/nordstrom/nordstrom_careers/job/Columbia-MO/#|2
nordstrom|WORKDAY|GET|/wday/cxs/nordstrom/nordstrom_careers/job/National-City-CA/#|2
nordstrom|WORKDAY|GET|/wday/cxs/nordstrom/nordstrom_careers/job/Brentwood-TN/#|2
nordstrom|WORKDAY|GET|/wday/cxs/nordstrom/nordstrom_careers/job/Kirkland-WA/#|2
nordstrom|WORKDAY|GET|/wday/cxs/nordstrom/nordstrom_careers/job/Woodbury-MN/#|2
nordstrom|WORKDAY|GET|/wday/cxs/nordstrom/nordstrom_careers/job/Morrisville-NC/#|2
nordstrom|WORKDAY|GET|/wday/cxs/nordstrom/nordstrom_careers/job/Washington-DC/#|2
nordstrom|WORKDAY|GET|/wday/cxs/nordstrom/nordstrom_careers/job/Madison-WI/#|2
nordstrom|WORKDAY|GET|/wday/cxs/nordstrom/nordstrom_careers/job/Littleton-CO/#|2
nordstrom|WORKDAY|GET|/wday/cxs/nordstrom/nordstrom_careers/job/La-Jolla-CA/#|2
nordstrom|WORKDAY|GET|/wday/cxs/nordstrom/nordstrom_careers/job/San-Clemente-CA/#|2
nordstrom|WORKDAY|GET|/wday/cxs/nordstrom/nordstrom_careers/job/Saint-Louis-MO/#|2
normal|TEAMTAILOR|GET|/jobs.json|5
pandora-talenthub|GENERIC_JSONLD|GET|/fr-fr/#/job/#|328
pandora-talenthub|GENERIC_JSONLD|GET|/fr/jobs/page/#|92
pandora-talenthub|GENERIC_JSONLD|GET|/fr-fr/specialist-chemistry-calibration/job/#|10
pandora-talenthub|GENERIC_JSONLD|GET|/fr-fr/conseiller-de-vente-h-f/job/#|10
pandora-talenthub|GENERIC_JSONLD|GET|/fr-fr/assistant-store-manager/job/#|6
pandora-talenthub|GENERIC_JSONLD|GET|/fr-fr/specialist-production/job/#|6
pandora-talenthub|GENERIC_JSONLD|GET|/fr-fr/sales-associate/job/#|5
pandora-talenthub|GENERIC_JSONLD|GET|/fr-fr/group-leader-production/job/#|5
pandora-talenthub|GENERIC_JSONLD|GET|/fr-fr/vendedor-a-de-loja/job/#|5
pandora-talenthub|GENERIC_JSONLD|GET|/fr-fr/specialist-utilities-engineer-lamphun/job/#|4
pandora-talenthub|GENERIC_JSONLD|GET|/fr-fr/store-manager-m-f-d-rotterdam-alexandrium/job/#|4
pandora-talenthub|GENERIC_JSONLD|GET|/fr-fr/supervisor-standard-time-industrialization-data-governance-aaa/job/#|4
pandora-talenthub|GENERIC_JSONLD|GET|/fr-fr/staff-advance-quality-inspection/job/#|4
pandora-talenthub|GENERIC_JSONLD|GET|/fr-fr/gerente-de-loja/job/#|3
pandora-talenthub|GENERIC_JSONLD|GET|/fr-fr/aushilfe-m-w-x-landquart-outlet/job/#|3
pandora-talenthub|GENERIC_JSONLD|GET|/fr-fr/vendeur-demonstrateur-h-f/job/#|3
pandora-talenthub|GENERIC_JSONLD|GET|/fr-fr/vice-president-manufacturing-technology/job/#|3
pandora-talenthub|GENERIC_JSONLD|GET|/fr-fr/consultor-a-de-vendas/job/#|3
pandora-talenthub|GENERIC_JSONLD|GET|/fr-fr/team-member-qc-inspection/job/#|2
pandora-talenthub|GENERIC_JSONLD|GET|/fr-fr/team-member-supplier-quality-control/job/#|2
pandora-talenthub|GENERIC_JSONLD|GET|/fr-fr/specialist-ecommerce-trading-web-merchandising/job/#|2
pandora-talenthub|GENERIC_JSONLD|GET|/fr-fr/conseiller-de-vente-h-f-metz/job/#|2
pandora-talenthub|GENERIC_JSONLD|GET|/fr-fr/conseiller-de-vente-h-f-saint-lazare/job/#|2
pandora-talenthub|GENERIC_JSONLD|GET|/fr-fr/officer-innovation-quality/job/#|2
pandora-talenthub|GENERIC_JSONLD|GET|/fr-fr/officer-physical-lab/job/#|2
pandora-talenthub|GENERIC_JSONLD|GET|/fr-fr/regional-sales-manager/job/#|2
pandora-talenthub|GENERIC_JSONLD|GET|/fr-fr/senior-engineer/job/#|2
pandora-talenthub|GENERIC_JSONLD|GET|/fr-fr/senior-officer-product-engineer/job/#|2
pandora-talenthub|GENERIC_JSONLD|GET|/fr-fr/specialist-aps-excellence/job/#|2
pandora-talenthub|GENERIC_JSONLD|GET|/fr-fr/specialist-ci-engineer-aaa/job/#|2
pandora-talenthub|GENERIC_JSONLD|GET|/fr-fr/business-analyst/job/#|2
pandora-talenthub|GENERIC_JSONLD|GET|/fr-fr/specialist-global-process-owner/job/#|2
pandora-talenthub|GENERIC_JSONLD|GET|/fr-fr/specialist-lean-manufacturing/job/#|2
pandora-talenthub|GENERIC_JSONLD|GET|/fr-fr/specialist-pmo-mitd-data-excellence/job/#|2
pandora-talenthub|GENERIC_JSONLD|GET|/fr-fr/staff-calibration/job/#|2
pandora-talenthub|GENERIC_JSONLD|GET|/fr-fr/store-manager/job/#|2
parfums-chanel|WORKDAY|GET|/wday/cxs/cc/ChanelCareers/job/Paris/#|318
parfums-chanel|WORKDAY|POST|/wday/cxs/cc/ChanelCareers/jobs|57
parfums-chanel|WORKDAY|GET|/wday/cxs/cc/ChanelCareers/job/Hong-Kong-SAR/#|45
parfums-chanel|WORKDAY|GET|/wday/cxs/cc/ChanelCareers/job/Neuilly-Sur-Seine/#|43
parfums-chanel|WORKDAY|GET|/wday/cxs/cc/ChanelCareers/job/London/#|38
parfums-chanel|WORKDAY|GET|/wday/cxs/cc/ChanelCareers/job/Seoul/#|37
parfums-chanel|WORKDAY|GET|/wday/cxs/cc/ChanelCareers/job/Singapore/#|29
parfums-chanel|WORKDAY|GET|/wday/cxs/cc/ChanelCareers/job/New-York/#|24
parfums-chanel|WORKDAY|GET|/wday/cxs/cc/ChanelCareers/job/Tokyo/#|24
parfums-chanel|WORKDAY|GET|/wday/cxs/cc/ChanelCareers/job/#|21
parfums-chanel|WORKDAY|GET|/wday/cxs/cc/ChanelCareers/job/Shanghai/#|21
parfums-chanel|WORKDAY|GET|/wday/cxs/cc/ChanelCareers/job/New-York-NY/#|18
parfums-chanel|WORKDAY|GET|/wday/cxs/cc/ChanelCareers/job/Pantin/#|16
parfums-chanel|WORKDAY|GET|/wday/cxs/cc/ChanelCareers/job/Geneve/#|14
parfums-chanel|WORKDAY|GET|/wday/cxs/cc/ChanelCareers/job/Las-Vegas-Nv/#|13
parfums-chanel|WORKDAY|GET|/wday/cxs/cc/ChanelCareers/job/Duba/#|13
parfums-chanel|WORKDAY|GET|/wday/cxs/cc/ChanelCareers/job/Beverly-Hills-Ca/#|11
parfums-chanel|WORKDAY|GET|/wday/cxs/cc/ChanelCareers/job/Taipei-City/#|11
parfums-chanel|WORKDAY|GET|/wday/cxs/cc/ChanelCareers/job/Nice/#|10
parfums-chanel|WORKDAY|GET|/wday/cxs/cc/ChanelCareers/job/Macao-SAR/#|10
parfums-chanel|WORKDAY|GET|/wday/cxs/cc/ChanelCareers/job/Genve/#|9
parfums-chanel|WORKDAY|GET|/wday/cxs/cc/ChanelCareers/job/Cannes/#|9
parfums-chanel|WORKDAY|GET|/wday/cxs/cc/ChanelCareers/job/Bangkok/#|8
parfums-chanel|WORKDAY|GET|/wday/cxs/cc/ChanelCareers/job/Kuala-Lumpur/#|8
parfums-chanel|WORKDAY|GET|/wday/cxs/cc/ChanelCareers/job/Ho-Chi-Minh-City/#|8
parfums-chanel|WORKDAY|GET|/wday/cxs/cc/ChanelCareers/job/GF-CHTELAIN-La-Chaux-de-Fonds/#|8
parfums-chanel|WORKDAY|GET|/wday/cxs/cc/ChanelCareers/job/Roissy-En-France/#|8
parfums-chanel|WORKDAY|GET|/wday/cxs/cc/ChanelCareers/job/Toronto/#|8
parfums-chanel|WORKDAY|GET|/wday/cxs/cc/ChanelCareers/job/Firenze-Osmannoro/#|7
parfums-chanel|WORKDAY|GET|/wday/cxs/cc/ChanelCareers/job/Verneuil-En-Halatte/#|7
parfums-chanel|WORKDAY|GET|/wday/cxs/cc/ChanelCareers/job/Nanjing/#|7
parfums-chanel|WORKDAY|GET|/wday/cxs/cc/ChanelCareers/job/Zapopan/#|7
parfums-chanel|WORKDAY|GET|/wday/cxs/cc/ChanelCareers/job/Madrid/#|7
parfums-chanel|WORKDAY|GET|/wday/cxs/cc/ChanelCareers/job/Monaco/#|7
parfums-chanel|WORKDAY|GET|/wday/cxs/cc/ChanelCareers/job/HANGZHOU/#|7
parfums-chanel|WORKDAY|GET|/wday/cxs/cc/ChanelCareers/job/Compiegne/#|6
parfums-chanel|WORKDAY|GET|/wday/cxs/cc/ChanelCareers/job/Chamant/#|6
parfums-chanel|WORKDAY|GET|/wday/cxs/cc/ChanelCareers/job/Costa-Mesa-Ca/#|6
parfums-chanel|WORKDAY|GET|/wday/cxs/cc/ChanelCareers/job/Osaka/#|6
parfums-chanel|WORKDAY|GET|/wday/cxs/cc/ChanelCareers/job/Vancouver/#|6
parfums-chanel|WORKDAY|GET|/wday/cxs/cc/ChanelCareers/job/Milano/#|5
parfums-chanel|WORKDAY|GET|/wday/cxs/cc/ChanelCareers/job/Amsterdam/#|5
parfums-chanel|WORKDAY|GET|/wday/cxs/cc/ChanelCareers/job/Cdmx/#|5
parfums-chanel|WORKDAY|GET|/wday/cxs/cc/ChanelCareers/job/Honolulu-Hi/#|5
parfums-chanel|WORKDAY|GET|/wday/cxs/cc/ChanelCareers/job/Guangzhou/#|5
parfums-chanel|WORKDAY|GET|/wday/cxs/cc/ChanelCareers/job/So-Paulo/#|4
parfums-chanel|WORKDAY|GET|/wday/cxs/cc/ChanelCareers/job/Barcelona/#|4
parfums-chanel|WORKDAY|GET|/wday/cxs/cc/ChanelCareers/job/Los-Angeles-Ca/#|4
parfums-chanel|WORKDAY|GET|/wday/cxs/cc/ChanelCareers/job/Bal-Harbour-Fl/#|4
parfums-chanel|WORKDAY|GET|/wday/cxs/cc/ChanelCareers/job/Miami-Fl/#|4
parfums-chanel|WORKDAY|GET|/wday/cxs/cc/ChanelCareers/job/Boston-Ma/#|4
parfums-chanel|WORKDAY|GET|/wday/cxs/cc/ChanelCareers/job/Chicago-Il/#|4
parfums-chanel|WORKDAY|GET|/wday/cxs/cc/ChanelCareers/job/Dallas-Tx/#|3
parfums-chanel|WORKDAY|GET|/wday/cxs/cc/ChanelCareers/job/Montreal/#|3
parfums-chanel|WORKDAY|GET|/wday/cxs/cc/ChanelCareers/job/BEIJING/#|3
parfums-chanel|WORKDAY|GET|/wday/cxs/cc/ChanelCareers/job/Boca-Raton-FL/#|3
parfums-chanel|WORKDAY|GET|/wday/cxs/cc/ChanelCareers/job/Candiac/#|3
parfums-chanel|WORKDAY|GET|/wday/cxs/cc/ChanelCareers/job/Colchester/#|3
parfums-chanel|WORKDAY|GET|/wday/cxs/cc/ChanelCareers/job/Hamburg/#|3
parfums-chanel|WORKDAY|GET|/wday/cxs/cc/ChanelCareers/job/Houston-Tx/#|3
parfums-chanel|WORKDAY|GET|/wday/cxs/cc/ChanelCareers/job/Manchester/#|3
parfums-chanel|WORKDAY|GET|/wday/cxs/cc/ChanelCareers/job/MANUFACTURING-VENETTE-FB/#|3
parfums-chanel|WORKDAY|GET|/wday/cxs/cc/ChanelCareers/job/North-York/#|3
parfums-chanel|WORKDAY|GET|/wday/cxs/cc/ChanelCareers/job/Palm-Beach-Fl/#|3
parfums-chanel|WORKDAY|GET|/wday/cxs/cc/ChanelCareers/job/Piscataway/#|3
parfums-chanel|WORKDAY|GET|/wday/cxs/cc/ChanelCareers/job/Zrich/#|3
parfums-chanel|WORKDAY|GET|/wday/cxs/cc/ChanelCareers/job/Roma/#|3
parfums-chanel|WORKDAY|GET|/wday/cxs/cc/ChanelCareers/job/San-Francisco-Ca/#|3
parfums-chanel|WORKDAY|GET|/wday/cxs/cc/ChanelCareers/job/SHENZHEN/#|3
parfums-chanel|WORKDAY|GET|/wday/cxs/cc/ChanelCareers/job/Zhengzhou/#|3
parfums-chanel|WORKDAY|GET|/wday/cxs/cc/ChanelCareers/job/Zona-Centro/#|3
parfums-chanel|WORKDAY|GET|/wday/cxs/cc/ChanelCareers/job/Aichi/#|2
parfums-chanel|WORKDAY|GET|/wday/cxs/cc/ChanelCareers/job/Ningbo/#|2
parfums-chanel|WORKDAY|GET|/wday/cxs/cc/ChanelCareers/job/Hsinchu-City/#|2
parfums-chanel|WORKDAY|GET|/wday/cxs/cc/ChanelCareers/job/Changzhou/#|2
parfums-chanel|WORKDAY|GET|/wday/cxs/cc/ChanelCareers/job/Oxford/#|2
parfums-chanel|WORKDAY|GET|/wday/cxs/cc/ChanelCareers/job/Vemars/#|2
parfums-chanel|WORKDAY|GET|/wday/cxs/cc/ChanelCareers/job/Macau/#|2
parfums-chanel|WORKDAY|GET|/wday/cxs/cc/ChanelCareers/job/Chongqing/#|2
parfums-chanel|WORKDAY|GET|/wday/cxs/cc/ChanelCareers/job/Milton-Keynes/#|2
parfums-chanel|WORKDAY|GET|/wday/cxs/cc/ChanelCareers/job/Washington-Dc/#|2
parfums-chanel|WORKDAY|GET|/wday/cxs/cc/ChanelCareers/job/Dublin/#|2
parfums-chanel|WORKDAY|GET|/wday/cxs/cc/ChanelCareers/job/Samutprakarn/#|2
parfums-chanel|WORKDAY|GET|/wday/cxs/cc/ChanelCareers/job/San-Diego/#|2
parfums-chanel|WORKDAY|GET|/wday/cxs/cc/ChanelCareers/job/Firenze/#|2
parfums-chanel|WORKDAY|GET|/wday/cxs/cc/ChanelCareers/job/San-Jose/#|2
parfums-chanel|WORKDAY|GET|/wday/cxs/cc/ChanelCareers/job/Luxembourg/#|2
parfums-chanel|WORKDAY|GET|/wday/cxs/cc/ChanelCareers/job/Ciudad-De-Mexico/#|2
parfums-chanel|WORKDAY|GET|/wday/cxs/cc/ChanelCareers/job/Shaoxing/#|2
parfums-chanel|WORKDAY|GET|/wday/cxs/cc/ChanelCareers/job/Shenyang/#|2
parfums-chanel|WORKDAY|GET|/wday/cxs/cc/ChanelCareers/job/Frankfurt-am-Main/#|2
parfums-chanel|WORKDAY|GET|/wday/cxs/cc/ChanelCareers/job/Short-Hills-Nj/#|2
parfums-chanel|WORKDAY|GET|/wday/cxs/cc/ChanelCareers/job/Denver/#|2
parfums-chanel|WORKDAY|GET|/wday/cxs/cc/ChanelCareers/job/DONGGUAN/#|2
parfums-chanel|WORKDAY|GET|/wday/cxs/cc/ChanelCareers/job/Stansted/#|2
parfums-chanel|WORKDAY|GET|/wday/cxs/cc/ChanelCareers/job/Dsseldorf/#|2
parfums-chanel|WORKDAY|GET|/wday/cxs/cc/ChanelCareers/job/Jinan/#|2
parfums-chanel|WORKDAY|GET|/wday/cxs/cc/ChanelCareers/job/Istanbul/#|2
parfums-chanel|WORKDAY|GET|/wday/cxs/cc/ChanelCareers/job/Berlin/#|2
parfums-chanel|WORKDAY|GET|/wday/cxs/cc/ChanelCareers/job/Fukuoka/#|2
parfums-chanel|WORKDAY|GET|/wday/cxs/cc/ChanelCareers/job/Harbin/#|2
parfums-chanel|WORKDAY|GET|/wday/cxs/cc/ChanelCareers/job/Gyeonggi-Do/#|2
parfums-chanel|WORKDAY|GET|/wday/cxs/cc/ChanelCareers/job/Birmingham/#|2
parfums-chanel|WORKDAY|GET|/wday/cxs/cc/ChanelCareers/job/Newport-Beach-Ca/#|2
parfums-chanel|WORKDAY|GET|/wday/cxs/cc/ChanelCareers/job/New-South-Wales/#|2
parfums-chanel|WORKDAY|GET|/wday/cxs/cc/ChanelCareers/job/Mclean-Va/#|2
parfums-chanel|WORKDAY|GET|/wday/cxs/cc/ChanelCareers/job/#/#|2
patek-philippe|SUCCESSFACTORS|GET|/job/#/#/|12
peacocks|SMARTRECRUITERS|GET|/#/companies/peacocks/postings/#|25
pegador|PERSONIO|GET|/job/#|10
penningtons|SMARTRECRUITERS|GET|/#/companies/ReitmansCanadaLteLtd/postings/#|326
penningtons|SMARTRECRUITERS|GET|/#/companies/ReitmansCanadaLteLtd/postings|4
pepco|PERSONIO|GET|/job/#|58
petit-bateau|SMARTRECRUITERS|GET|/#/companies/PetitBateau/postings/#|45
pga-tour-superstore|WORKDAY|POST|/wday/cxs/pgatoursuperstore/PGAT_SS/jobs|9
pga-tour-superstore|WORKDAY|GET|/wday/cxs/pgatoursuperstore/PGAT_SS/job/Natick-MA/#|7
pga-tour-superstore|WORKDAY|GET|/wday/cxs/pgatoursuperstore/PGAT_SS/job/Scottsdale-AZ/#|6
pga-tour-superstore|WORKDAY|GET|/wday/cxs/pgatoursuperstore/PGAT_SS/job/Store-Support-Center---Roswell-GA/#|6
pga-tour-superstore|WORKDAY|GET|/wday/cxs/pgatoursuperstore/PGAT_SS/job/Downers-Grove-IL/#|6
pga-tour-superstore|WORKDAY|GET|/wday/cxs/pgatoursuperstore/PGAT_SS/job/Roswell-GA/#|5
pga-tour-superstore|WORKDAY|GET|/wday/cxs/pgatoursuperstore/PGAT_SS/job/Northbrook--IL/#|5
pga-tour-superstore|WORKDAY|GET|/wday/cxs/pgatoursuperstore/PGAT_SS/job/Plymouth-Meeting-PA/#|5
pga-tour-superstore|WORKDAY|GET|/wday/cxs/pgatoursuperstore/PGAT_SS/job/Preston-Road-TX/#|5
pga-tour-superstore|WORKDAY|GET|/wday/cxs/pgatoursuperstore/PGAT_SS/job/Milwaukee-WI/#|4
pga-tour-superstore|WORKDAY|GET|/wday/cxs/pgatoursuperstore/PGAT_SS/job/Naples-FL/#|4
pga-tour-superstore|WORKDAY|GET|/wday/cxs/pgatoursuperstore/PGAT_SS/job/Jacksonville-FL/#|4
pga-tour-superstore|WORKDAY|GET|/wday/cxs/pgatoursuperstore/PGAT_SS/job/Braintree-MA/#|4
pga-tour-superstore|WORKDAY|GET|/wday/cxs/pgatoursuperstore/PGAT_SS/job/White-Plains-NY/#|4
pga-tour-superstore|WORKDAY|GET|/wday/cxs/pgatoursuperstore/PGAT_SS/job/Tampa-FL/#|4
pga-tour-superstore|WORKDAY|GET|/wday/cxs/pgatoursuperstore/PGAT_SS/job/Vernon-Hills-IL/#|4
pga-tour-superstore|WORKDAY|GET|/wday/cxs/pgatoursuperstore/PGAT_SS/job/Dublin-CA/#|4
pga-tour-superstore|WORKDAY|GET|/wday/cxs/pgatoursuperstore/PGAT_SS/job/Cool-Springs-TN/#|4
pga-tour-superstore|WORKDAY|GET|/wday/cxs/pgatoursuperstore/PGAT_SS/job/La-Quinta-CA/#|4
pga-tour-superstore|WORKDAY|GET|/wday/cxs/pgatoursuperstore/PGAT_SS/job/Peabody-MA/#|4
pga-tour-superstore|WORKDAY|GET|/wday/cxs/pgatoursuperstore/PGAT_SS/job/Woodbury-MN/#|3
pga-tour-superstore|WORKDAY|GET|/wday/cxs/pgatoursuperstore/PGAT_SS/job/Irvine-CA/#|3
pga-tour-superstore|WORKDAY|GET|/wday/cxs/pgatoursuperstore/PGAT_SS/job/Denver-CO/#|3
pga-tour-superstore|WORKDAY|GET|/wday/cxs/pgatoursuperstore/PGAT_SS/job/Timonium-MD/#|3
pga-tour-superstore|WORKDAY|GET|/wday/cxs/pgatoursuperstore/PGAT_SS/job/Hilton-Head-SC/#|3
pga-tour-superstore|WORKDAY|GET|/wday/cxs/pgatoursuperstore/PGAT_SS/job/Westbury-NY/#|3
pga-tour-superstore|WORKDAY|GET|/wday/cxs/pgatoursuperstore/PGAT_SS/job/Southlake-TX/#|3
pga-tour-superstore|WORKDAY|GET|/wday/cxs/pgatoursuperstore/PGAT_SS/job/Austin-TX/#|3
pga-tour-superstore|WORKDAY|GET|/wday/cxs/pgatoursuperstore/PGAT_SS/job/Norwalk-CT/#|3
pga-tour-superstore|WORKDAY|GET|/wday/cxs/pgatoursuperstore/PGAT_SS/job/Sugarloaf-GA/#|3
pga-tour-superstore|WORKDAY|GET|/wday/cxs/pgatoursuperstore/PGAT_SS/job/Delray-FL/#|2
pga-tour-superstore|WORKDAY|GET|/wday/cxs/pgatoursuperstore/PGAT_SS/job/Charlotte-NC/#|2
pga-tour-superstore|WORKDAY|GET|/wday/cxs/pgatoursuperstore/PGAT_SS/job/Estero-FL/#|2
pga-tour-superstore|WORKDAY|GET|/wday/cxs/pgatoursuperstore/PGAT_SS/job/Greenville-SC/#|2
pga-tour-superstore|WORKDAY|GET|/wday/cxs/pgatoursuperstore/PGAT_SS/job/Kennesaw-GA/#|2
pga-tour-superstore|WORKDAY|GET|/wday/cxs/pgatoursuperstore/PGAT_SS/job/Louisville-KY/#|2
pga-tour-superstore|WORKDAY|GET|/wday/cxs/pgatoursuperstore/PGAT_SS/job/Minnetonka-MN/#|2
pga-tour-superstore|WORKDAY|GET|/wday/cxs/pgatoursuperstore/PGAT_SS/job/Buckhead-GA/#|2
pga-tour-superstore|WORKDAY|GET|/wday/cxs/pgatoursuperstore/PGAT_SS/job/Orland-Park-IL/#|2
pga-tour-superstore|WORKDAY|GET|/wday/cxs/pgatoursuperstore/PGAT_SS/job/Overland-Park-KS/#|2
pga-tour-superstore|WORKDAY|GET|/wday/cxs/pgatoursuperstore/PGAT_SS/job/Palm-Beach-Gardens/#|2
pga-tour-superstore|WORKDAY|GET|/wday/cxs/pgatoursuperstore/PGAT_SS/job/Plantation-FL/#|2
pga-tour-superstore|WORKDAY|GET|/wday/cxs/pgatoursuperstore/PGAT_SS/job/Arlington-TX/#|2
pga-tour-superstore|WORKDAY|GET|/wday/cxs/pgatoursuperstore/PGAT_SS/job/Richmond-VA/#|2
pga-tour-superstore|WORKDAY|GET|/wday/cxs/pgatoursuperstore/PGAT_SS/job/Rockville-MD/#|2
pga-tour-superstore|WORKDAY|GET|/wday/cxs/pgatoursuperstore/PGAT_SS/job/Boise-ID/#|2
pga-tour-superstore|WORKDAY|GET|/wday/cxs/pgatoursuperstore/PGAT_SS/job/St-Pete-FL/#|2
pga-tour-superstore|WORKDAY|GET|/wday/cxs/pgatoursuperstore/PGAT_SS/job/Cherry-Hill-NJ/#|2
prada-group|SUCCESSFACTORS|GET|/job/#/#/|82
prada-group|SUCCESSFACTORS|GET|/search/|41
prada-group|SUCCESSFACTORS|GET|/job/Singapore-PRADA-Client-Advisor-ION-Orchard/#/|3
prada-group|SUCCESSFACTORS|GET|/job/Tokyo-Talent-Acquisition-Intern/#/|2
prada-group|SUCCESSFACTORS|GET|/job/Milano-MIU-MIU-Client-Advisor-Milano-Sant&amp;apos;Andrea/#/|2
prada-group|SUCCESSFACTORS|GET|/job/Tokyo-MIU-MIU-Retail-Training-Intern/#/|2
prada-group|SUCCESSFACTORS|GET|/job/Beijing-CLIENT-ADVISOR/#/|2
prada-group|SUCCESSFACTORS|GET|/job/Tokyo-MIU-MIU-Field-Retail-Trainer/#/|2
prada-group|SUCCESSFACTORS|GET|/job/Tokyo-Business-Support-Assistant-Manager/#/|2
primark|SMARTRECRUITERS|GET|/#/companies/Primark/postings/#|909
primark|SMARTRECRUITERS|GET|/#/companies/Primark/postings|10
promod|TALENTVIEW|GET|/funnel/#/companies/promodjob/campaigns/#|39
promod|TALENTVIEW|GET|/funnel/#/companies/promodjob/campaigns|5
psycho-bunny|GENERIC_JSONLD|GET|/job/#/sales_associate|51
psycho-bunny|GENERIC_JSONLD|GET|/job/#/key_holder|47
psycho-bunny|GENERIC_JSONLD|GET|/job/#/store_manager|15
psycho-bunny|GENERIC_JSONLD|GET|/job/#/assistant_store_manager|8
puma|WORKDAY|GET|/wday/cxs/puma/Jobs_at_Puma/job/PUMA-Way-Headquarters/#|68
puma|WORKDAY|POST|/wday/cxs/puma/Jobs_at_Puma/jobs|34
puma|WORKDAY|GET|/wday/cxs/puma/Jobs_at_Puma/job/Local-Office-Pune-Global-Function/#|28
puma|WORKDAY|GET|/wday/cxs/puma/Jobs_at_Puma/job/PUMA-Boston-Regional-Office/#|16
puma|WORKDAY|GET|/wday/cxs/puma/Jobs_at_Puma/job/Local-Office-Bangalore/#|15
puma|WORKDAY|GET|/wday/cxs/puma/Jobs_at_Puma/job/COBRA-PUMA-Golf---Carlsbad-Office/#|12
puma|WORKDAY|GET|/wday/cxs/puma/Jobs_at_Puma/job/PGS-Vietnam-Office/#|10
puma|WORKDAY|GET|/wday/cxs/puma/Jobs_at_Puma/job/PUMA-Boston-International-Office/#|10
puma|WORKDAY|GET|/wday/cxs/puma/Jobs_at_Puma/job/Global-IT-Services-Office-Philippines/#|9
puma|WORKDAY|GET|/wday/cxs/puma/Jobs_at_Puma/job/Local-Office-Bangalore-Global-Function/#|9
puma|WORKDAY|GET|/wday/cxs/puma/Jobs_at_Puma/job/PEG---Regional-HUB/#|7
puma|WORKDAY|GET|/wday/cxs/puma/Jobs_at_Puma/job/Philippines-Office/#|7
puma|WORKDAY|GET|/wday/cxs/puma/Jobs_at_Puma/job/Outlet-Iruma/#|6
puma|WORKDAY|GET|/wday/cxs/puma/Jobs_at_Puma/job/PGS-China---Shanghai/#|6
puma|WORKDAY|GET|/wday/cxs/puma/Jobs_at_Puma/job/PUMA-Malaysia/#|6
puma|WORKDAY|GET|/wday/cxs/puma/Jobs_at_Puma/job/Store-Osaka/#|5
puma|WORKDAY|GET|/wday/cxs/puma/Jobs_at_Puma/job/#/#|5
puma|WORKDAY|GET|/wday/cxs/puma/Jobs_at_Puma/job/AU-Office-Melbourne/#|5
puma|WORKDAY|GET|/wday/cxs/puma/Jobs_at_Puma/job/LATAM-HQ/#|5
puma|WORKDAY|GET|/wday/cxs/puma/Jobs_at_Puma/job/Outlet-Harbourtown/#|4
puma|WORKDAY|GET|/wday/cxs/puma/Jobs_at_Puma/job/PUMA-Retail-Store---Mirabel/#|4
puma|WORKDAY|GET|/wday/cxs/puma/Jobs_at_Puma/job/PUMA-Way-PEG/#|4
puma|WORKDAY|GET|/wday/cxs/puma/Jobs_at_Puma/job/Outlet-Livermore/#|4
puma|WORKDAY|GET|/wday/cxs/puma/Jobs_at_Puma/job/Outlet-Fidenza/#|4
puma|WORKDAY|GET|/wday/cxs/puma/Jobs_at_Puma/job/Corporativo-Mexico/#|4
puma|WORKDAY|GET|/wday/cxs/puma/Jobs_at_Puma/job/PGS-China---Xiamen/#|4
puma|WORKDAY|GET|/wday/cxs/puma/Jobs_at_Puma/job/PUMA-China-Shanghai-Office/#|4
puma|WORKDAY|GET|/wday/cxs/puma/Jobs_at_Puma/job/PUMA-Retail-Store---Lehi/#|4
puma|WORKDAY|GET|/wday/cxs/puma/Jobs_at_Puma/job/Outlet-IMM/#|3
puma|WORKDAY|GET|/wday/cxs/puma/Jobs_at_Puma/job/Outlet-Bromont/#|3
puma|WORKDAY|GET|/wday/cxs/puma/Jobs_at_Puma/job/Outlet-Malaga/#|3
puma|WORKDAY|GET|/wday/cxs/puma/Jobs_at_Puma/job/Outlet-Great-Lakes/#|3
puma|WORKDAY|GET|/wday/cxs/puma/Jobs_at_Puma/job/Local-Office-Mumbai/#|3
puma|WORKDAY|GET|/wday/cxs/puma/Jobs_at_Puma/job/McArthurGlen-Designer-Outlet-Ochtrup/#|3
puma|WORKDAY|GET|/wday/cxs/puma/Jobs_at_Puma/job/NSW-BirkenheadPoint/#|3
puma|WORKDAY|GET|/wday/cxs/puma/Jobs_at_Puma/job/Oficina-Central-PUMA-Chile/#|3
puma|WORKDAY|GET|/wday/cxs/puma/Jobs_at_Puma/job/Oficina-Central-PUMA-Peru/#|3
puma|WORKDAY|GET|/wday/cxs/puma/Jobs_at_Puma/job/Outlet-Arundel-Mills/#|3
puma|WORKDAY|GET|/wday/cxs/puma/Jobs_at_Puma/job/Outlet-Cheshire-Oaks-Designer-Outlet/#|3
puma|WORKDAY|GET|/wday/cxs/puma/Jobs_at_Puma/job/Outlet-Carlsbad/#|3
puma|WORKDAY|GET|/wday/cxs/puma/Jobs_at_Puma/job/Outlet-Kildare/#|3
puma|WORKDAY|GET|/wday/cxs/puma/Jobs_at_Puma/job/Outlet-North-Georgia-Dawsonville/#|3
puma|WORKDAY|GET|/wday/cxs/puma/Jobs_at_Puma/job/Outlet-Ontario-Mills/#|3
puma|WORKDAY|GET|/wday/cxs/puma/Jobs_at_Puma/job/Outlet-Rosemont/#|3
puma|WORKDAY|GET|/wday/cxs/puma/Jobs_at_Puma/job/Outlet-Scalo-Milano/#|3
puma|WORKDAY|GET|/wday/cxs/puma/Jobs_at_Puma/job/Outlet-The-Block-at-Orange/#|3
puma|WORKDAY|GET|/wday/cxs/puma/Jobs_at_Puma/job/Outlet-Woodstock/#|3
puma|WORKDAY|GET|/wday/cxs/puma/Jobs_at_Puma/job/PUMA-Retail-Store---Des-Moines/#|3
puma|WORKDAY|GET|/wday/cxs/puma/Jobs_at_Puma/job/PUMA-Retail-Store---Grand-Rapids/#|3
puma|WORKDAY|GET|/wday/cxs/puma/Jobs_at_Puma/job/PUMA-Retail-Store---Kansas-City/#|3
puma|WORKDAY|GET|/wday/cxs/puma/Jobs_at_Puma/job/PUMA-Retail-Store---Las-Vegas/#|3
puma|WORKDAY|GET|/wday/cxs/puma/Jobs_at_Puma/job/PUMA-Retail-Store---Oklahoma/#|3
puma|WORKDAY|GET|/wday/cxs/puma/Jobs_at_Puma/job/PUMA-Retail-Store---Orlando-Marketplace/#|3
puma|WORKDAY|GET|/wday/cxs/puma/Jobs_at_Puma/job/PUMA-Studio-LA-BOS/#|3
puma|WORKDAY|GET|/wday/cxs/puma/Jobs_at_Puma/job/PUMA-Way-Central-Europe/#|3
puma|WORKDAY|GET|/wday/cxs/puma/Jobs_at_Puma/job/Remote-Luhari-Warehouse/#|3
puma|WORKDAY|GET|/wday/cxs/puma/Jobs_at_Puma/job/Seoul/#|3
puma|WORKDAY|GET|/wday/cxs/puma/Jobs_at_Puma/job/Tokyo/#|3
puma|WORKDAY|GET|/wday/cxs/puma/Jobs_at_Puma/job/Outlet-Philadelphia-Premium/#|2
puma|WORKDAY|GET|/wday/cxs/puma/Jobs_at_Puma/job/Outlet-Philly-Mills/#|2
puma|WORKDAY|GET|/wday/cxs/puma/Jobs_at_Puma/job/Outlet-Phoenix/#|2
puma|WORKDAY|GET|/wday/cxs/puma/Jobs_at_Puma/job/Outlet-Potomac-Mills/#|2
puma|WORKDAY|GET|/wday/cxs/puma/Jobs_at_Puma/job/Outlet-Ringsted/#|2
puma|WORKDAY|GET|/wday/cxs/puma/Jobs_at_Puma/job/Outlet-Riverhead/#|2
puma|WORKDAY|GET|/wday/cxs/puma/Jobs_at_Puma/job/Outlet-Marche-Centrale/#|2
puma|WORKDAY|GET|/wday/cxs/puma/Jobs_at_Puma/job/FOC_CZ_PRAGUE_POP/#|2
puma|WORKDAY|GET|/wday/cxs/puma/Jobs_at_Puma/job/Castel-Guelfo-di-Bologna/#|2
puma|WORKDAY|GET|/wday/cxs/puma/Jobs_at_Puma/job/Outlet-Toronto-Premium/#|2
puma|WORKDAY|GET|/wday/cxs/puma/Jobs_at_Puma/job/Outlet-Twin-Cities/#|2
puma|WORKDAY|GET|/wday/cxs/puma/Jobs_at_Puma/job/Outlet-Waterloo/#|2
puma|WORKDAY|GET|/wday/cxs/puma/Jobs_at_Puma/job/Outlet-Weil-am-Rhein-Outlet-City/#|2
puma|WORKDAY|GET|/wday/cxs/puma/Jobs_at_Puma/job/Outlet-Westgate/#|2
puma|WORKDAY|GET|/wday/cxs/puma/Jobs_at_Puma/job/Remote-Hyderabad/#|2
puma|WORKDAY|GET|/wday/cxs/puma/Jobs_at_Puma/job/Outlet-Wrentham-II/#|2
puma|WORKDAY|GET|/wday/cxs/puma/Jobs_at_Puma/job/Outlet-Dolphin-Mall/#|2
puma|WORKDAY|GET|/wday/cxs/puma/Jobs_at_Puma/job/PGS-Bangladesh-Office/#|2
puma|WORKDAY|GET|/wday/cxs/puma/Jobs_at_Puma/job/PGS-China-Office/#|2
puma|WORKDAY|GET|/wday/cxs/puma/Jobs_at_Puma/job/Outlet-Citadel-II/#|2
puma|WORKDAY|GET|/wday/cxs/puma/Jobs_at_Puma/job/Outlet-Castle-Rock/#|2
puma|WORKDAY|GET|/wday/cxs/puma/Jobs_at_Puma/job/PGS-Hong-Kong-Office/#|2
puma|WORKDAY|GET|/wday/cxs/puma/Jobs_at_Puma/job/Outlet-Camarillo/#|2
puma|WORKDAY|GET|/wday/cxs/puma/Jobs_at_Puma/job/Outlet-Brennero/#|2
puma|WORKDAY|GET|/wday/cxs/puma/Jobs_at_Puma/job/Pilar-Administration/#|2
puma|WORKDAY|GET|/wday/cxs/puma/Jobs_at_Puma/job/Outlet-Aurora/#|2
puma|WORKDAY|GET|/wday/cxs/puma/Jobs_at_Puma/job/Outlet-Assembly-Row/#|2
puma|WORKDAY|GET|/wday/cxs/puma/Jobs_at_Puma/job/NZ-Westgate/#|2
puma|WORKDAY|GET|/wday/cxs/puma/Jobs_at_Puma/job/NZ-Papamoa/#|2
puma|WORKDAY|GET|/wday/cxs/puma/Jobs_at_Puma/job/Puma-Outlet-Sendai-Izumi/#|2
puma|WORKDAY|GET|/wday/cxs/puma/Jobs_at_Puma/job/PUMA-Retail-Store---Aurora-Farms/#|2
puma|WORKDAY|GET|/wday/cxs/puma/Jobs_at_Puma/job/PUMA-Retail-Store---Columbus/#|2
puma|WORKDAY|GET|/wday/cxs/puma/Jobs_at_Puma/job/PUMA-Retail-Store---Deer-Park/#|2
puma|WORKDAY|GET|/wday/cxs/puma/Jobs_at_Puma/job/PUMA-Retail-Store---Denver/#|2
puma|WORKDAY|GET|/wday/cxs/puma/Jobs_at_Puma/job/Remote-Indore/#|2
puma|WORKDAY|GET|/wday/cxs/puma/Jobs_at_Puma/job/PUMA-Retail-Store---El-Paso/#|2
puma|WORKDAY|GET|/wday/cxs/puma/Jobs_at_Puma/job/Warehouse-Bangalore/#|2
puma|WORKDAY|GET|/wday/cxs/puma/Jobs_at_Puma/job/PUMA-Retail-Store---Jersey-Gardens-II/#|2
puma|WORKDAY|GET|/wday/cxs/puma/Jobs_at_Puma/job/Warsaw-Office/#|2
puma|WORKDAY|GET|/wday/cxs/puma/Jobs_at_Puma/job/#|2
puma|WORKDAY|GET|/wday/cxs/puma/Jobs_at_Puma/job/Helsingborg-Office/#|2
puma|WORKDAY|GET|/wday/cxs/puma/Jobs_at_Puma/job/PUMA-Retail-Store---Locust-Grove/#|2
puma|WORKDAY|GET|/wday/cxs/puma/Jobs_at_Puma/job/FOC_DE_Schwarzheide_-Dresden/#|2
puma|WORKDAY|GET|/wday/cxs/puma/Jobs_at_Puma/job/PUMA-Retail-Store---Norfolk/#|2
puma|WORKDAY|GET|/wday/cxs/puma/Jobs_at_Puma/job/Store-Santa-Fe/#|2
puma|WORKDAY|GET|/wday/cxs/puma/Jobs_at_Puma/job/Store-Soltau-Designer-Outlet/#|2
puma|WORKDAY|GET|/wday/cxs/puma/Jobs_at_Puma/job/PUMA-Retail-Store---Savannah/#|2
puma|WORKDAY|GET|/wday/cxs/puma/Jobs_at_Puma/job/PUMA-Retail-Store---Sugarloaf/#|2
puma|WORKDAY|GET|/wday/cxs/puma/Jobs_at_Puma/job/PUMA-Retail-Store---Winnipeg/#|2
puma|WORKDAY|GET|/wday/cxs/puma/Jobs_at_Puma/job/PUMA-SEA-Singapore-Office/#|2
puma|WORKDAY|GET|/wday/cxs/puma/Jobs_at_Puma/job/Outlet-Edinburgh/#|2
puma|WORKDAY|GET|/wday/cxs/puma/Jobs_at_Puma/job/Outlet-Gilroy/#|2
puma|WORKDAY|GET|/wday/cxs/puma/Jobs_at_Puma/job/Outlet-Gotemba/#|2
puma|WORKDAY|GET|/wday/cxs/puma/Jobs_at_Puma/job/Outlet-Homebush/#|2
puma|WORKDAY|GET|/wday/cxs/puma/Jobs_at_Puma/job/Outlet-Kirchheim/#|2
puma|WORKDAY|GET|/wday/cxs/puma/Jobs_at_Puma/job/Outlet-Lancaster/#|2
puma|WORKDAY|GET|/wday/cxs/puma/Jobs_at_Puma/job/Outlet-Leesburg/#|2
puma|WORKDAY|GET|/wday/cxs/puma/Jobs_at_Puma/job/Outlet-Merrimack/#|2
puma|WORKDAY|GET|/wday/cxs/puma/Jobs_at_Puma/job/Outlet-Milpitas/#|2
puma|WORKDAY|GET|/wday/cxs/puma/Jobs_at_Puma/job/Outlet-Nebraska-Crossing/#|2
puma|WORKDAY|GET|/wday/cxs/puma/Jobs_at_Puma/job/Outlet-Niagara-on-the-Lake/#|2
puma|WORKDAY|GET|/wday/cxs/puma/Jobs_at_Puma/job/Store-Vivo-City/#|2
puma|WORKDAY|GET|/wday/cxs/puma/Jobs_at_Puma/job/Outlet-Noventa-di-Piave/#|2
puma|WORKDAY|GET|/wday/cxs/puma/Jobs_at_Puma/job/Outlet-Nuremberg-Klingenhofstrasse/#|2
puma|WORKDAY|GET|/wday/cxs/puma/Jobs_at_Puma/job/Outlet-Onehunga/#|2
puma|WORKDAY|GET|/wday/cxs/puma/Jobs_at_Puma/job/PUMA-Utrecht/#|2
puma|WORKDAY|GET|/wday/cxs/puma/Jobs_at_Puma/job/Outlet-Orlando-International/#|2
pvh|PHENOM|GET|/us/en/job/#/#|245
pvh|PHENOM|GET|/us/en/job/#/sales-associate-part-time|185
pvh|PHENOM|GET|/us/en/job/#/temporary-sales-associate-part-time|113
pvh|PHENOM|GET|/us/en/job/#/christmas-sales-consultant|87
pvh|PHENOM|GET|/us/en/job/#/floor-supervisor-full-time|46
pvh|PHENOM|GET|/us/en/job/#/floor-supervisor-part-time|35
pvh|PHENOM|GET|/us/en/job/#/assistant-store-manager|25
pvh|PHENOM|GET|/us/en/job/#/stage-sales-associate-tommy-hilfiger|15
pvh|PHENOM|GET|/us/en/job/#/lead-sales-associate-part-time|15
pvh|PHENOM|GET|/us/en/job/#/stage-sales-associate-calvin-klein|15
pvh|PHENOM|GET|/us/en/job/#/store-manager|13
pvh|PHENOM|GET|/us/en/job/#/assistant-store-manager-full-time|13
pvh|PHENOM|GET|/us/en/job/#/sales-associate-full-time|12
pvh|PHENOM|GET|/us/en/job/#/stockroom-associate-part-time|9
pvh|PHENOM|GET|/us/en/job/#/sales-associate|8
pvh|PHENOM|POST|/widgets|7
pvh|PHENOM|GET|/us/en/job/#/stockroom-specialist-tommy-hilfiger|7
pvh|PHENOM|GET|/us/en/job/#/associe-e-aux-ventes-temps-partiel|7
pvh|PHENOM|GET|/us/en/job/#/stage-stockroom-specialist-calvin-klein|6
pvh|PHENOM|GET|/us/en/job/#/floor-supervisor|6
pvh|PHENOM|GET|/us/en/job/#/stockroom-specialist-calvin-klein|5
pvh|PHENOM|GET|/us/en/job/#/associe-e-aux-ventes-temporaire-temps-partiel|5
pvh|PHENOM|GET|/us/en/job/#/associate-store-manager|4
pvh|PHENOM|GET|/us/en/job/#/sales-associate-calvin-klein|4
pvh|PHENOM|GET|/us/en/job/#/stage-stockroom-specialist-tommy-hilfiger|4
pvh|PHENOM|GET|/us/en/job/#/superviseur-e-de-plancher-temps-plein|4
pvh|PHENOM|GET|/us/en/job/#/associate-store-manager-full-time|4
pvh|PHENOM|GET|/us/en/job/#/sales-advisor-oproep-calvin-klein-halfweg-sugar-city-outlet-fixed-term-contract|3
pvh|PHENOM|GET|/us/en/job/#/part-time-sales-support-associate-calvin-klein|3
pvh|PHENOM|GET|/us/en/job/#/senior-director-of-strategy-pvh-emea|3
pvh|PHENOM|GET|/us/en/job/#/merchandising-manager|3
pvh|PHENOM|GET|/us/en/job/#/stage-stockroom-specialist-calvin-klein-underwear-napoli-toledo|3
pvh|PHENOM|GET|/us/en/job/#/warehouse-associate|3
pvh|PHENOM|GET|/us/en/job/#/lead-cashier|3
pvh|PHENOM|GET|/us/en/job/#/deputy-manager-customer-experience-sales|3
pvh|PHENOM|GET|/us/en/job/#/warehouse-driver-part-time|3
pvh|PHENOM|GET|/us/en/job/#/sales-advisor-oproep-tommy-hilfiger-calvin-klein-de-bijenkorf-amstelveen|3
pvh|PHENOM|GET|/us/en/job/#/sales-advisor-oproep-tommy-hilfiger-calvin-klein-de-bijenkorf-amsterdam-dutch-speaking|3
pvh|PHENOM|GET|/us/en/job/#/sales-advisor-oproep-tommy-hilfiger-halfweg-sugar-city-outlet-fixed-term-contract|3
pvh|PHENOM|GET|/us/en/job/#/sales-advisor-oproep-tommy-jeans-amsterdam-kalverstraat|3
pvh|PHENOM|GET|/us/en/job/#/temporary-store-warehouse-associate-part-time|2
pvh|PHENOM|GET|/us/en/job/#/stockroom-specialist-full-time|2
pvh|PHENOM|GET|/us/en/job/#/part-time-sales-associate-tommy-hilfiger-limerick|2
pvh|PHENOM|GET|/us/en/job/#/sales-support-associate-part-time|2
pvh|PHENOM|GET|/us/en/job/#/sales-advisor-oproep-calvin-klein-roosendaal|2
pvh|PHENOM|GET|/us/en/job/#/part-time-floor-supervisor|2
pvh|PHENOM|GET|/us/en/job/#/stock-supervisor|2
pvh|PHENOM|GET|/us/en/job/#/lead-stockroom-associate|2
pvh|PHENOM|GET|/us/en/job/#/costing-engineer|2
pvh|PHENOM|GET|/us/en/job/#/store-manager-full-time|2
pvh|PHENOM|GET|/us/en/job/#/studentische-aushilfe-oberhausen-calvin-klein-jeans-m-w-d|2
pvh|PHENOM|GET|/us/en/job/#/job-on-call-sales-associate-calvin-klein|2
richemont|WORKDAY|GET|/wday/cxs/richemont/broadbean_external/job/PARIS/#|123
richemont|WORKDAY|GET|/wday/cxs/richemont/broadbean_external/job/NEW-YORK/#|46
richemont|WORKDAY|GET|/wday/cxs/richemont/broadbean_external/job/SINGAPORE/#|44
richemont|WORKDAY|GET|/wday/cxs/richemont/broadbean_external/job/HONG-KONG-SAR-China/#|37
richemont|WORKDAY|POST|/wday/cxs/richemont/broadbean_external/jobs|25
richemont|WORKDAY|GET|/wday/cxs/richemont/broadbean_external/job/DUBAI/#|12
richemont|WORKDAY|GET|/wday/cxs/richemont/broadbean_external/job/SYDNEY/#|11
richemont|WORKDAY|GET|/wday/cxs/richemont/broadbean_external/job/MILAN/#|10
richemont|WORKDAY|GET|/wday/cxs/richemont/broadbean_external/job/MEXICO-CITY/#|9
richemont|WORKDAY|GET|/wday/cxs/richemont/broadbean_external/job/GENEVA/#|9
richemont|WORKDAY|GET|/wday/cxs/richemont/broadbean_external/job/KUALA-LUMPUR/#|9
richemont|WORKDAY|GET|/wday/cxs/richemont/broadbean_external/job/LAS-VEGAS/#|9
richemont|WORKDAY|GET|/wday/cxs/richemont/broadbean_external/job/AMSTERDAM/#|6
richemont|WORKDAY|GET|/wday/cxs/richemont/broadbean_external/job/LES-BREULEUX/#|6
richemont|WORKDAY|GET|/wday/cxs/richemont/broadbean_external/job/HOUSTON/#|6
richemont|WORKDAY|GET|/wday/cxs/richemont/broadbean_external/job/SHORT-HILLS/#|6
richemont|WORKDAY|GET|/wday/cxs/richemont/broadbean_external/job/MEYRIN/#|5
richemont|WORKDAY|GET|/wday/cxs/richemont/broadbean_external/job/DALLAS/#|5
richemont|WORKDAY|GET|/wday/cxs/richemont/broadbean_external/job/MCLEAN/#|4
richemont|WORKDAY|GET|/wday/cxs/richemont/broadbean_external/job/MIAMI/#|4
richemont|WORKDAY|GET|/wday/cxs/richemont/broadbean_external/job/MONTE-CARLO/#|4
richemont|WORKDAY|GET|/wday/cxs/richemont/broadbean_external/job/TURIN/#|4
richemont|WORKDAY|GET|/wday/cxs/richemont/broadbean_external/job/COSTA-MESA/#|4
richemont|WORKDAY|GET|/wday/cxs/richemont/broadbean_external/job/SANTA-CLARA/#|4
richemont|WORKDAY|GET|/wday/cxs/richemont/broadbean_external/job/PLAN-LES-OUATES/#|4
richemont|WORKDAY|GET|/wday/cxs/richemont/broadbean_external/job/BIARRITZ/#|4
richemont|WORKDAY|GET|/wday/cxs/richemont/broadbean_external/job/LA-CHAUX-DE-FONDS/#|4
richemont|WORKDAY|GET|/wday/cxs/richemont/broadbean_external/job/PERTH/#|4
richemont|WORKDAY|GET|/wday/cxs/richemont/broadbean_external/job/MELBOURNE/#|4
richemont|WORKDAY|GET|/wday/cxs/richemont/broadbean_external/job/TORONTO/#|3
richemont|WORKDAY|GET|/wday/cxs/richemont/broadbean_external/job/BEVERLY-HILLS/#|3
richemont|WORKDAY|GET|/wday/cxs/richemont/broadbean_external/job/BOSTON/#|3
richemont|WORKDAY|GET|/wday/cxs/richemont/broadbean_external/job/BRUSSELS/#|3
richemont|WORKDAY|GET|/wday/cxs/richemont/broadbean_external/job/GRAND-PRAIRIE/#|3
richemont|WORKDAY|GET|/wday/cxs/richemont/broadbean_external/job/GUADALAJARA/#|3
richemont|WORKDAY|GET|/wday/cxs/richemont/broadbean_external/job/KING-OF-PRUSSIA/#|3
richemont|WORKDAY|GET|/wday/cxs/richemont/broadbean_external/job/Macau-SAR-China/#|3
richemont|WORKDAY|GET|/wday/cxs/richemont/broadbean_external/job/SAN-FRANCISCO/#|3
richemont|WORKDAY|GET|/wday/cxs/richemont/broadbean_external/job/#/#|3
richemont|WORKDAY|GET|/wday/cxs/richemont/broadbean_external/job/TROY/#|3
richemont|WORKDAY|GET|/wday/cxs/richemont/broadbean_external/job/VANCOUVER/#|3
richemont|WORKDAY|GET|/wday/cxs/richemont/broadbean_external/job/VILLARS-SUR-GLANE/#|3
richemont|WORKDAY|GET|/wday/cxs/richemont/broadbean_external/job/SAN-DIEGO/#|2
richemont|WORKDAY|GET|/wday/cxs/richemont/broadbean_external/job/ATLANTA/#|2
richemont|WORKDAY|GET|/wday/cxs/richemont/broadbean_external/job/FRANKFURT/#|2
richemont|WORKDAY|GET|/wday/cxs/richemont/broadbean_external/job/FLORENCE/#|2
richemont|WORKDAY|GET|/wday/cxs/richemont/broadbean_external/job/CANOGA-PARK/#|2
richemont|WORKDAY|GET|/wday/cxs/richemont/broadbean_external/job/BERLIN/#|2
richemont|WORKDAY|GET|/wday/cxs/richemont/broadbean_external/job/VALENZA/#|2
richemont|WORKDAY|GET|/wday/cxs/richemont/broadbean_external/job/ANTWERP/#|2
richemont|WORKDAY|GET|/wday/cxs/richemont/broadbean_external/job/NEUCHATEL/#|2
richemont|WORKDAY|GET|/wday/cxs/richemont/broadbean_external/job/MONTERREY/#|2
richemont|WORKDAY|GET|/wday/cxs/richemont/broadbean_external/job/LYON/#|2
richemont|WORKDAY|GET|/wday/cxs/richemont/broadbean_external/job/HONOLULU/#|2
richemont|WORKDAY|GET|/wday/cxs/richemont/broadbean_external/job/RIYADH/#|2
richemont-workday|WORKDAY|GET|/wday/cxs/richemont/Richemont/job/PARIS/#|230
richemont-workday|WORKDAY|GET|/wday/cxs/richemont/Richemont/job/NEW-YORK/#|95
richemont-workday|WORKDAY|GET|/wday/cxs/richemont/Richemont/job/SEOUL/#|73
richemont-workday|WORKDAY|POST|/wday/cxs/richemont/Richemont/jobs|69
richemont-workday|WORKDAY|GET|/wday/cxs/richemont/Richemont/job/TOKYO/#|68
richemont-workday|WORKDAY|GET|/wday/cxs/richemont/Richemont/job/SINGAPORE/#|48
richemont-workday|WORKDAY|GET|/wday/cxs/richemont/Richemont/job/HONG-KONG-SAR-China/#|47
richemont-workday|WORKDAY|GET|/wday/cxs/richemont/Richemont/job/MOSCAVIDE/#|42
richemont-workday|WORKDAY|GET|/wday/cxs/richemont/Richemont/job/DUBAI/#|36
richemont-workday|WORKDAY|GET|/wday/cxs/richemont/Richemont/job/MEYRIN/#|36
richemont-workday|WORKDAY|GET|/wday/cxs/richemont/Richemont/job/LONDON/#|33
richemont-workday|WORKDAY|GET|/wday/cxs/richemont/Richemont/job/SYDNEY/#|31
richemont-workday|WORKDAY|GET|/wday/cxs/richemont/Richemont/job/HAMBURG/#|29
richemont-workday|WORKDAY|GET|/wday/cxs/richemont/Richemont/job/MILAN/#|24
richemont-workday|WORKDAY|GET|/wday/cxs/richemont/Richemont/job/VILLARS-SUR-GLANE/#|22
richemont-workday|WORKDAY|GET|/wday/cxs/richemont/Richemont/job/GENEVA/#|19
richemont-workday|WORKDAY|GET|/wday/cxs/richemont/Richemont/job/BELLEVUE/#|19
richemont-workday|WORKDAY|GET|/wday/cxs/richemont/Richemont/job/LA-CHAUX-DE-FONDS/#|18
richemont-workday|WORKDAY|GET|/wday/cxs/richemont/Richemont/job/AMSTERDAM/#|17
richemont-workday|WORKDAY|GET|/wday/cxs/richemont/Richemont/job/LAS-VEGAS/#|15
richemont-workday|WORKDAY|GET|/wday/cxs/richemont/Richemont/job/BRUSSELS/#|14
richemont-workday|WORKDAY|GET|/wday/cxs/richemont/Richemont/job/TAIPEI/#|12
richemont-workday|WORKDAY|GET|/wday/cxs/richemont/Richemont/job/MIAMI/#|12
richemont-workday|WORKDAY|GET|/wday/cxs/richemont/Richemont/job/MUNICH/#|11
richemont-workday|WORKDAY|GET|/wday/cxs/richemont/Richemont/job/BANGKOK/#|11
richemont-workday|WORKDAY|GET|/wday/cxs/richemont/Richemont/job/LYON/#|11
richemont-workday|WORKDAY|GET|/wday/cxs/richemont/Richemont/job/PLAN-LES-OUATES/#|10
richemont-workday|WORKDAY|GET|/wday/cxs/richemont/Richemont/job/GRAND-PRAIRIE/#|10
richemont-workday|WORKDAY|GET|/wday/cxs/richemont/Richemont/job/BUTTES/#|10
richemont-workday|WORKDAY|GET|/wday/cxs/richemont/Richemont/job/MONTE-CARLO/#|9
richemont-workday|WORKDAY|GET|/wday/cxs/richemont/Richemont/job/GLASHUeTTE/#|9
richemont-workday|WORKDAY|GET|/wday/cxs/richemont/Richemont/job/RIYADH/#|9
richemont-workday|WORKDAY|GET|/wday/cxs/richemont/Richemont/job/KUALA-LUMPUR/#|9
richemont-workday|WORKDAY|GET|/wday/cxs/richemont/Richemont/job/MEXICO-CITY/#|8
richemont-workday|WORKDAY|GET|/wday/cxs/richemont/Richemont/job/PANGYO/#|8
richemont-workday|WORKDAY|GET|/wday/cxs/richemont/Richemont/job/#/#|8
richemont-workday|WORKDAY|GET|/wday/cxs/richemont/Richemont/job/COUVET/#|8
richemont-workday|WORKDAY|GET|/wday/cxs/richemont/Richemont/job/DALLAS/#|7
richemont-workday|WORKDAY|GET|/wday/cxs/richemont/Richemont/job/LES-BREULEUX/#|7
richemont-workday|WORKDAY|GET|/wday/cxs/richemont/Richemont/job/VALENZA/#|7
richemont-workday|WORKDAY|GET|/wday/cxs/richemont/Richemont/job/TORONTO/#|7
richemont-workday|WORKDAY|GET|/wday/cxs/richemont/Richemont/job/SHORT-HILLS/#|7
richemont-workday|WORKDAY|GET|/wday/cxs/richemont/Richemont/job/HOUSTON/#|6
richemont-workday|WORKDAY|GET|/wday/cxs/richemont/Richemont/job/BEVERLY-HILLS/#|6
richemont-workday|WORKDAY|GET|/wday/cxs/richemont/Richemont/job/ABU-DHABI/#|6
richemont-workday|WORKDAY|GET|/wday/cxs/richemont/Richemont/job/MCLEAN/#|6
richemont-workday|WORKDAY|GET|/wday/cxs/richemont/Richemont/job/MELBOURNE/#|6
richemont-workday|WORKDAY|GET|/wday/cxs/richemont/Richemont/job/FUKUOKA/#|6
richemont-workday|WORKDAY|GET|/wday/cxs/richemont/Richemont/job/GLOVELIER/#|6
richemont-workday|WORKDAY|GET|/wday/cxs/richemont/Richemont/job/PHUKET/#|6
richemont-workday|WORKDAY|GET|/wday/cxs/richemont/Richemont/job/JEDDAH/#|5
richemont-workday|WORKDAY|GET|/wday/cxs/richemont/Richemont/job/COSTA-MESA/#|5
richemont-workday|WORKDAY|GET|/wday/cxs/richemont/Richemont/job/BAL-HARBOUR/#|5
richemont-workday|WORKDAY|GET|/wday/cxs/richemont/Richemont/job/OSAKA/#|5
richemont-workday|WORKDAY|GET|/wday/cxs/richemont/Richemont/job/VIENNA/#|5
richemont-workday|WORKDAY|GET|/wday/cxs/richemont/Richemont/job/SHELTON/#|5
richemont-workday|WORKDAY|GET|/wday/cxs/richemont/Richemont/job/PALM-BEACH/#|5
richemont-workday|WORKDAY|GET|/wday/cxs/richemont/Richemont/job/PERTH/#|5
richemont-workday|WORKDAY|GET|/wday/cxs/richemont/Richemont/job/BERLIN/#|5
richemont-workday|WORKDAY|GET|/wday/cxs/richemont/Richemont/job/BOSTON/#|4
richemont-workday|WORKDAY|GET|/wday/cxs/richemont/Richemont/job/DUSSELDORF/#|4
richemont-workday|WORKDAY|GET|/wday/cxs/richemont/Richemont/job/LE-SENTIER/#|4
richemont-workday|WORKDAY|GET|/wday/cxs/richemont/Richemont/job/AVENTURA/#|4
richemont-workday|WORKDAY|GET|/wday/cxs/richemont/Richemont/job/ATHENS/#|4
richemont-workday|WORKDAY|GET|/wday/cxs/richemont/Richemont/job/DAEJEON/#|4
richemont-workday|WORKDAY|GET|/wday/cxs/richemont/Richemont/job/DAEGU/#|4
richemont-workday|WORKDAY|GET|/wday/cxs/richemont/Richemont/job/BARCELONA/#|4
richemont-workday|WORKDAY|GET|/wday/cxs/richemont/Richemont/job/ISTANBUL/#|4
richemont-workday|WORKDAY|GET|/wday/cxs/richemont/Richemont/job/BIARRITZ/#|4
richemont-workday|WORKDAY|GET|/wday/cxs/richemont/Richemont/job/MADRID/#|4
richemont-workday|WORKDAY|GET|/wday/cxs/richemont/Richemont/job/SCHAFFHAUSEN/#|4
richemont-workday|WORKDAY|GET|/wday/cxs/richemont/Richemont/job/TAMPA/#|4
richemont-workday|WORKDAY|GET|/wday/cxs/richemont/Richemont/job/TURIN/#|4
richemont-workday|WORKDAY|GET|/wday/cxs/richemont/Richemont/job/SAINT-DIE-DES-VOSGES/#|3
richemont-workday|WORKDAY|GET|/wday/cxs/richemont/Richemont/job/ATLANTA/#|3
richemont-workday|WORKDAY|GET|/wday/cxs/richemont/Richemont/job/ZURICH/#|3
richemont-workday|WORKDAY|GET|/wday/cxs/richemont/Richemont/job/PALO-ALTO/#|3
richemont-workday|WORKDAY|GET|/wday/cxs/richemont/Richemont/job/Macau-SAR-China/#|3
richemont-workday|WORKDAY|GET|/wday/cxs/richemont/Richemont/job/BOCA-RATON/#|3
richemont-workday|WORKDAY|GET|/wday/cxs/richemont/Richemont/job/FRANKFURT/#|3
richemont-workday|WORKDAY|GET|/wday/cxs/richemont/Richemont/job/LE-LOCLE/#|3
richemont-workday|WORKDAY|GET|/wday/cxs/richemont/Richemont/job/VANCOUVER/#|3
richemont-workday|WORKDAY|GET|/wday/cxs/richemont/Richemont/job/CENTRAL-VALLEY/#|3
richemont-workday|WORKDAY|GET|/wday/cxs/richemont/Richemont/job/GUADALAJARA/#|3
richemont-workday|WORKDAY|GET|/wday/cxs/richemont/Richemont/job/WEST-MALLING/#|3
richemont-workday|WORKDAY|GET|/wday/cxs/richemont/Richemont/job/FORT-WORTH/#|3
richemont-workday|WORKDAY|GET|/wday/cxs/richemont/Richemont/job/ASPEN/#|3
richemont-workday|WORKDAY|GET|/wday/cxs/richemont/Richemont/job/KING-OF-PRUSSIA/#|2
richemont-workday|WORKDAY|GET|/wday/cxs/richemont/Richemont/job/FLORENCE/#|2
richemont-workday|WORKDAY|GET|/wday/cxs/richemont/Richemont/job/TAICHUNG/#|2
richemont-workday|WORKDAY|GET|/wday/cxs/richemont/Richemont/job/TAOYUAN/#|2
richemont-workday|WORKDAY|GET|/wday/cxs/richemont/Richemont/job/NEW-DELHI/#|2
richemont-workday|WORKDAY|GET|/wday/cxs/richemont/Richemont/job/NEUCHATEL/#|2
richemont-workday|WORKDAY|GET|/wday/cxs/richemont/Richemont/job/NAGOYA/#|2
richemont-workday|WORKDAY|GET|/wday/cxs/richemont/Richemont/job/ORLANDO/#|2
richemont-workday|WORKDAY|GET|/wday/cxs/richemont/Richemont/job/MONTERREY/#|2
richemont-workday|WORKDAY|GET|/wday/cxs/richemont/Richemont/job/PANGBOURNE/#|2
richemont-workday|WORKDAY|GET|/wday/cxs/richemont/Richemont/job/BICESTER/#|2
richemont-workday|WORKDAY|GET|/wday/cxs/richemont/Richemont/job/DELEMONT/#|2
richemont-workday|WORKDAY|GET|/wday/cxs/richemont/Richemont/job/LISBON/#|2
richemont-workday|WORKDAY|GET|/wday/cxs/richemont/Richemont/job/CANNES/#|2
richemont-workday|WORKDAY|GET|/wday/cxs/richemont/Richemont/job/BUSAN/#|2
richemont-workday|WORKDAY|GET|/wday/cxs/richemont/Richemont/job/PRE-SAINT-GERVAIS/#|2
richemont-workday|WORKDAY|GET|/wday/cxs/richemont/Richemont/job/CHICAGO/#|2
richemont-workday|WORKDAY|GET|/wday/cxs/richemont/Richemont/job/SAN-DIEGO/#|2
richemont-workday|WORKDAY|GET|/wday/cxs/richemont/Richemont/job/SAN-JOSE/#|2
richemont-workday|WORKDAY|GET|/wday/cxs/richemont/Richemont/job/SANTA-CLARA/#|2
richemont-workday|WORKDAY|GET|/wday/cxs/richemont/Richemont/job/ANTWERP/#|2
rituals|RITUALS|POST|/api/#/jobs/|33
rivoli-typesense|TYPESENSE|GET|/careers/vacancies/#|3
rolex|SUCCESSFACTORS|GET|/Rolex/job/#/#/|164
rolex|SUCCESSFACTORS|GET|/#/job/#/#/|50
rolex|SUCCESSFACTORS|GET|/search/|9
rolex|SUCCESSFACTORS|GET|/Tudor/job/#/#/|8
saks|WORKDAY|GET|/wday/cxs/saks/careers_at_saks/job/#/#|796
saks|WORKDAY|POST|/wday/cxs/saks/careers_at_saks/jobs|42
saks|WORKDAY|GET|/wday/cxs/saks/careers_at_saks/job/Remote_New-York/#|12
saks|WORKDAY|GET|/wday/cxs/saks/careers_at_saks/job/Remote_Texas/#|11
saks|WORKDAY|GET|/wday/cxs/saks/careers_at_saks/job/Remote_California/#|2
salomon|SMARTRECRUITERS|GET|/#/companies/salomon/postings/#|80
saltrock-harri|HARRI|GET|/core-reader/api/#/profile/job/#|35
saltrock-harri|HARRI|POST|/core/api/#/harri_search/search_jobs|2
sandro|SMARTRECRUITERS|GET|/#/companies/SMCP/postings/#|542
sandro|SMARTRECRUITERS|GET|/#/companies/SMCP/postings|6
selfridges|GENERIC_JSONLD|GET|/jobs/job/#/#|13
selfridges|GENERIC_JSONLD|GET|/jobs/search/#/#|7
sephora-france|SUCCESSFACTORS|GET|/USA/job/#/#/|1246
sephora-france|SUCCESSFACTORS|GET|/Canada/job/#/#/|253
sephora-france|SUCCESSFACTORS|GET|/France/job/#/#/|177
sephora-france|SUCCESSFACTORS|GET|/search/|95
sephora-france|SUCCESSFACTORS|GET|/Germany/job/#/#/|35
sephora-france|SUCCESSFACTORS|GET|/UnitedKingdom/job/#/#/|15
sephora-france|SUCCESSFACTORS|GET|/Switzerland/job/#/#/|15
sephora-france|SUCCESSFACTORS|GET|/Poland/job/#/#/|14
sephora-france|SUCCESSFACTORS|GET|/Brazil/job/#/#/|14
sephora-france|SUCCESSFACTORS|GET|/Italy/job/#/#/|13
sephora-france|SUCCESSFACTORS|GET|/job/#/#/|11
sephora-france|SUCCESSFACTORS|GET|/Spain/job/#/#/|11
sephora-france|SUCCESSFACTORS|GET|/Singapore/job/#/#/|10
sephora-france|SUCCESSFACTORS|GET|/Malaysia/job/#/#/|9
sephora-france|SUCCESSFACTORS|GET|/Balkans/job/#/#/|5
sephora-france|SUCCESSFACTORS|GET|/Nordics/job/#/#/|4
sephora-france|SUCCESSFACTORS|GET|/Australia/job/#/#/|3
sephora-france|SUCCESSFACTORS|GET|/MiddleEast/job/Doha-Store-Director/#/|2
sephora-france|SUCCESSFACTORS|GET|/Italy/job/Roma-Beauty-Advisor-Roma-Tritone/#/|2
sephora-france|SUCCESSFACTORS|GET|/Italy/job/Milano-Specialist-Milano-via-Torino/#/|2
sezane|WORKABLE|POST|/api/#/accounts/#/jobs|13
sisley|SMARTRECRUITERS|GET|/#/companies/sisley/postings/#|42
skechers-phenom|PHENOM|GET|/us/en/job/#/retail-sales-associate|629
skechers-phenom|PHENOM|GET|/us/en/job/#/retail-assistant-store-manager|201
skechers-phenom|PHENOM|GET|/us/en/job/#/retail-key-holder|163
skechers-phenom|PHENOM|GET|/us/en/job/#/#|29
skechers-phenom|PHENOM|GET|/us/en/job/#/retail-store-manager|24
skechers-phenom|PHENOM|GET|/us/en/job/#/asociado-de-ventas-full-time|20
skechers-phenom|PHENOM|GET|/us/en/job/#/part-time-product-specialist|15
skechers-phenom|PHENOM|GET|/us/en/job/#/retail-sales-associate-seasonal|12
skechers-phenom|PHENOM|GET|/us/en/job/#/asociado-de-ventas-part-time|11
skechers-phenom|PHENOM|GET|/us/en/job/#/conseiller-de-vente-h-f|11
skechers-phenom|PHENOM|POST|/widgets|8
skechers-phenom|PHENOM|GET|/us/en/job/#/superviseur-d-equipe-de-vente-h-f|7
skechers-phenom|PHENOM|GET|/us/en/job/#/retail-sales-associate-overnight|4
skechers-phenom|PHENOM|GET|/us/en/job/#/assistant-store-manager-h-f|4
skechers-phenom|PHENOM|GET|/us/en/job/#/vendedor-full-time-iquitos-per|3
skechers-phenom|PHENOM|GET|/us/en/job/#/seasonal-retail-sales-associate|3
skechers-phenom|PHENOM|GET|/us/en/job/#/subjefe-de-tienda|3
skechers-phenom|PHENOM|GET|/us/en/job/#/vendedor-full-time-jiron-de-la-union-per|3
skechers-phenom|PHENOM|GET|/us/en/job/#/vendedor-full-time-mall-arauco-chillan-chl|3
skechers-phenom|PHENOM|GET|/us/en/job/#/vendedor-full-time-mall-aventura-chiclayo-per|3
skechers-phenom|PHENOM|GET|/us/en/job/#/vendedor-full-time-mall-del-sur-per|3
skechers-phenom|PHENOM|GET|/us/en/job/#/vendedor-full-time-mall-marina-arauco-chl|3
skechers-phenom|PHENOM|GET|/us/en/job/#/vendedor-part-time|3
skechers-phenom|PHENOM|GET|/us/en/job/#/vendedor-part-time-larcomar-per|3
skechers-phenom|PHENOM|GET|/us/en/job/#/vendedor-part-time-real-plaza-cuzco-per|3
skechers-phenom|PHENOM|GET|/us/en/job/#/vendedor-full-time-mall-plaza-norte-chl|2
skechers-phenom|PHENOM|GET|/us/en/job/#/sales-associate|2
skechers-phenom|PHENOM|GET|/us/en/job/#/seasonal-part-time-product-specialist|2
skechers-phenom|PHENOM|GET|/us/en/job/#/vendedor-full-time-mall-quilpue-chl|2
skechers-phenom|PHENOM|GET|/us/en/job/#/senior-sales-associate|2
skechers-phenom|PHENOM|GET|/us/en/job/#/shoppi-tivoli-verkaufspersonal|2
skechers-phenom|PHENOM|GET|/us/en/job/#/vendedor-part-time-mall-arauco-maipu-chl|2
skechers-phenom|PHENOM|GET|/us/en/job/#/executive-assistant|2
skechers-phenom|PHENOM|GET|/us/en/job/#/vendedor|2
skechers-phenom|PHENOM|GET|/us/en/job/#/merchandise-planner|2
skechers-phenom|PHENOM|GET|/us/en/job/#/intern-trainee|2
space-nk|TEAMTAILOR|GET|/jobs.json|2
stanley-stella|PERSONIO|GET|/job/#|9
stella-mccartney|WORKDAY|GET|/wday/cxs/stellamccartney/SMCExternal/job/Olaf-Street-London/#|7
stella-mccartney|WORKDAY|GET|/wday/cxs/stellamccartney/SMCExternal/job/Via-Gibellini-Novara/#|5
stella-mccartney|WORKDAY|GET|/wday/cxs/stellamccartney/SMCExternal/job/Noventa-di-Piave-Outlet/#|4
stella-mccartney|WORKDAY|GET|/wday/cxs/stellamccartney/SMCExternal/job/Via-Morimondo-Milan/#|2
stella-mccartney|WORKDAY|GET|/wday/cxs/stellamccartney/SMCExternal/job/#/#|2
stella-mccartney|WORKDAY|POST|/wday/cxs/stellamccartney/SMCExternal/jobs|2
swarovski|WORKDAY|POST|/wday/cxs/swarovski/swarovski/jobs|37
swarovski|WORKDAY|GET|/wday/cxs/swarovski/swarovski/job/New-York-NY-USA/#|21
swarovski|WORKDAY|GET|/wday/cxs/swarovski/swarovski/job/Gdansk-POL/#|18
swarovski|WORKDAY|GET|/wday/cxs/swarovski/swarovski/job/Bandar-Bayan-Baru-MYS/#|18
swarovski|WORKDAY|GET|/wday/cxs/swarovski/swarovski/job/Toronto-CAN/#|11
swarovski|WORKDAY|GET|/wday/cxs/swarovski/swarovski/job/Wattens-AUT/#|11
swarovski|WORKDAY|GET|/wday/cxs/swarovski/swarovski/job/MiamiFLUSA/#|8
swarovski|WORKDAY|GET|/wday/cxs/swarovski/swarovski/job/Calgary-CAN/#|8
swarovski|WORKDAY|GET|/wday/cxs/swarovski/swarovski/job/ColumbusOHUSA/#|7
swarovski|WORKDAY|GET|/wday/cxs/swarovski/swarovski/job/Ottawa-CAN/#|6
swarovski|WORKDAY|GET|/wday/cxs/swarovski/swarovski/job/London-GBR/#|6
swarovski|WORKDAY|GET|/wday/cxs/swarovski/swarovski/job/Belfast-GBR/#|6
swarovski|WORKDAY|GET|/wday/cxs/swarovski/swarovski/job/Short-HillsNJUSA/#|5
swarovski|WORKDAY|GET|/wday/cxs/swarovski/swarovski/job/San-AntonioTXUSA/#|5
swarovski|WORKDAY|GET|/wday/cxs/swarovski/swarovski/job/Paris-FRA/#|5
swarovski|WORKDAY|GET|/wday/cxs/swarovski/swarovski/job/Allen-TX-USA/#|5
swarovski|WORKDAY|GET|/wday/cxs/swarovski/swarovski/job/HoustonTXUSA/#|5
swarovski|WORKDAY|GET|/wday/cxs/swarovski/swarovski/job/Tsawwassen-CAN/#|5
swarovski|WORKDAY|GET|/wday/cxs/swarovski/swarovski/job/Stuttgart-DEU/#|4
swarovski|WORKDAY|GET|/wday/cxs/swarovski/swarovski/job/San-MarcosTXUSA/#|4
swarovski|WORKDAY|GET|/wday/cxs/swarovski/swarovski/job/Polanco-MEX/#|4
swarovski|WORKDAY|GET|/wday/cxs/swarovski/swarovski/job/East-RutherfordNJUSA/#|4
swarovski|WORKDAY|GET|/wday/cxs/swarovski/swarovski/job/#/#|4
swarovski|WORKDAY|GET|/wday/cxs/swarovski/swarovski/job/Bagnolo-San-Vito-ITA/#|4
swarovski|WORKDAY|GET|/wday/cxs/swarovski/swarovski/job/BostonMAUSA/#|4
swarovski|WORKDAY|GET|/wday/cxs/swarovski/swarovski/job/BellevueWAUSA/#|4
swarovski|WORKDAY|GET|/wday/cxs/swarovski/swarovski/job/BeachwoodOHUSA/#|4
swarovski|WORKDAY|GET|/wday/cxs/swarovski/swarovski/job/FriendswoodTXUSA/#|4
swarovski|WORKDAY|GET|/wday/cxs/swarovski/swarovski/job/PottstownPAUSA/#|4
swarovski|WORKDAY|GET|/wday/cxs/swarovski/swarovski/job/WilliamsburgVAUSA/#|4
swarovski|WORKDAY|GET|/wday/cxs/swarovski/swarovski/job/Westport-CTUSA/#|4
swarovski|WORKDAY|GET|/wday/cxs/swarovski/swarovski/job/RaleighNCUSA/#|4
swarovski|WORKDAY|GET|/wday/cxs/swarovski/swarovski/job/Monterrey-MEX/#|4
swarovski|WORKDAY|GET|/wday/cxs/swarovski/swarovski/job/Mrida-MEX/#|4
swarovski|WORKDAY|GET|/wday/cxs/swarovski/swarovski/job/Phra-Nakhon-Si-Ayutthaya-THA/#|4
swarovski|WORKDAY|GET|/wday/cxs/swarovski/swarovski/job/CharlotteNCUSA/#|3
swarovski|WORKDAY|GET|/wday/cxs/swarovski/swarovski/job/EdisonNJUSA/#|3
swarovski|WORKDAY|GET|/wday/cxs/swarovski/swarovski/job/Ann-Arbor-MI-USA/#|3
swarovski|WORKDAY|GET|/wday/cxs/swarovski/swarovski/job/ArlingtonVAUSA/#|3
swarovski|WORKDAY|GET|/wday/cxs/swarovski/swarovski/job/AustinTXUSA/#|3
swarovski|WORKDAY|GET|/wday/cxs/swarovski/swarovski/job/Bienhoa-VNM/#|3
swarovski|WORKDAY|GET|/wday/cxs/swarovski/swarovski/job/Burlington-CAN/#|3
swarovski|WORKDAY|GET|/wday/cxs/swarovski/swarovski/job/Cherry-HillNJUSA/#|3
swarovski|WORKDAY|GET|/wday/cxs/swarovski/swarovski/job/Chicago-IL-USA/#|3
swarovski|WORKDAY|GET|/wday/cxs/swarovski/swarovski/job/Coyoacn-MEX/#|3
swarovski|WORKDAY|GET|/wday/cxs/swarovski/swarovski/job/CranstonRIUSA/#|3
swarovski|WORKDAY|GET|/wday/cxs/swarovski/swarovski/job/Edmonton-CAN/#|3
swarovski|WORKDAY|GET|/wday/cxs/swarovski/swarovski/job/Ellesmere-Port-GBR/#|3
swarovski|WORKDAY|GET|/wday/cxs/swarovski/swarovski/job/Guadalajara-MEX/#|3
swarovski|WORKDAY|GET|/wday/cxs/swarovski/swarovski/job/Kitchener-CAN/#|3
swarovski|WORKDAY|GET|/wday/cxs/swarovski/swarovski/job/Las-Vegas-NV-USA/#|3
swarovski|WORKDAY|GET|/wday/cxs/swarovski/swarovski/job/Laval-CAN/#|3
swarovski|WORKDAY|GET|/wday/cxs/swarovski/swarovski/job/LutzFLUSA/#|3
swarovski|WORKDAY|GET|/wday/cxs/swarovski/swarovski/job/Markham-CAN/#|3
swarovski|WORKDAY|GET|/wday/cxs/swarovski/swarovski/job/Merrillville-IN-USA/#|3
swarovski|WORKDAY|GET|/wday/cxs/swarovski/swarovski/job/NoviMIUSA/#|3
swarovski|WORKDAY|GET|/wday/cxs/swarovski/swarovski/job/NSW-Hurstville-AUS/#|3
swarovski|WORKDAY|GET|/wday/cxs/swarovski/swarovski/job/NSW-Rouse-Hill-AU/#|3
swarovski|WORKDAY|GET|/wday/cxs/swarovski/swarovski/job/OrlandoFLUSA/#|3
swarovski|WORKDAY|GET|/wday/cxs/swarovski/swarovski/job/Pembroke-PinesFLUSA/#|3
swarovski|WORKDAY|GET|/wday/cxs/swarovski/swarovski/job/Prague-Palladium-CZE/#|3
swarovski|WORKDAY|GET|/wday/cxs/swarovski/swarovski/job/RockawayNJUSA/#|3
swarovski|WORKDAY|GET|/wday/cxs/swarovski/swarovski/job/Rotterdam-NLD/#|3
swarovski|WORKDAY|GET|/wday/cxs/swarovski/swarovski/job/Sao-Paulo-BRA/#|3
swarovski|WORKDAY|GET|/wday/cxs/swarovski/swarovski/job/SunriseFLUSA/#|3
swarovski|WORKDAY|GET|/wday/cxs/swarovski/swarovski/job/Surrey-CAN/#|3
swarovski|WORKDAY|GET|/wday/cxs/swarovski/swarovski/job/SyracuseNYUSA/#|3
swarovski|WORKDAY|GET|/wday/cxs/swarovski/swarovski/job/TroyMIUSA/#|3
swarovski|WORKDAY|GET|/wday/cxs/swarovski/swarovski/job/UncasvilleCTUSA/#|3
swarovski|WORKDAY|GET|/wday/cxs/swarovski/swarovski/job/WaipahuHIUSA/#|3
swarovski|WORKDAY|GET|/wday/cxs/swarovski/swarovski/job/West-Thurrock--GBR/#|3
swarovski|WORKDAY|GET|/wday/cxs/swarovski/swarovski/job/Wien-AUT/#|3
swarovski|WORKDAY|GET|/wday/cxs/swarovski/swarovski/job/Wrocaw-POL/#|3
swarovski|WORKDAY|GET|/wday/cxs/swarovski/swarovski/job/Mebane-NC-USA/#|2
swarovski|WORKDAY|GET|/wday/cxs/swarovski/swarovski/job/WA-Morley-AUS/#|2
swarovski|WORKDAY|GET|/wday/cxs/swarovski/swarovski/job/MerrimackNHUSA/#|2
swarovski|WORKDAY|GET|/wday/cxs/swarovski/swarovski/job/Groningen-NLD/#|2
swarovski|WORKDAY|GET|/wday/cxs/swarovski/swarovski/job/Milton-Keynes--GBR/#|2
swarovski|WORKDAY|GET|/wday/cxs/swarovski/swarovski/job/Minnetonka-MN-USA/#|2
swarovski|WORKDAY|GET|/wday/cxs/swarovski/swarovski/job/Mission-ViejoCAUSA/#|2
swarovski|WORKDAY|GET|/wday/cxs/swarovski/swarovski/job/Greenhithe-GBR/#|2
swarovski|WORKDAY|GET|/wday/cxs/swarovski/swarovski/job/Montral-CAN/#|2
swarovski|WORKDAY|GET|/wday/cxs/swarovski/swarovski/job/Mont-Royal-CAN/#|2
swarovski|WORKDAY|GET|/wday/cxs/swarovski/swarovski/job/Athens-Ermou-GR/#|2
swarovski|WORKDAY|GET|/wday/cxs/swarovski/swarovski/job/Mumbai-Jio-World-Drive-IND/#|2
swarovski|WORKDAY|GET|/wday/cxs/swarovski/swarovski/job/NewarkDEUSA/#|2
swarovski|WORKDAY|GET|/wday/cxs/swarovski/swarovski/job/Athens-Maroussi-Golden-Hall-GR/#|2
swarovski|WORKDAY|GET|/wday/cxs/swarovski/swarovski/job/New-YorkNYUSA/#|2
swarovski|WORKDAY|GET|/wday/cxs/swarovski/swarovski/job/NorwalkCTUSA/#|2
swarovski|WORKDAY|GET|/wday/cxs/swarovski/swarovski/job/Warsaw-Arkadia-POL/#|2
swarovski|WORKDAY|GET|/wday/cxs/swarovski/swarovski/job/Nrnberg-DEU/#|2
swarovski|WORKDAY|GET|/wday/cxs/swarovski/swarovski/job/Washington-DC-USA/#|2
swarovski|WORKDAY|GET|/wday/cxs/swarovski/swarovski/job/Basel-CHE/#|2
swarovski|WORKDAY|GET|/wday/cxs/swarovski/swarovski/job/NSW-Warringahl-Mall-AUS/#|2
swarovski|WORKDAY|GET|/wday/cxs/swarovski/swarovski/job/NSW-Westfield-Sydney-AUS/#|2
swarovski|WORKDAY|GET|/wday/cxs/swarovski/swarovski/job/Nuevo-Len-MEX/#|2
swarovski|WORKDAY|GET|/wday/cxs/swarovski/swarovski/job/Oak-BrookILUSA/#|2
swarovski|WORKDAY|GET|/wday/cxs/swarovski/swarovski/job/WauwatosaWIUSA/#|2
swarovski|WORKDAY|GET|/wday/cxs/swarovski/swarovski/job/Orland-ParkILUSA/#|2
swarovski|WORKDAY|GET|/wday/cxs/swarovski/swarovski/job/FreeholdNJUSA/#|2
swarovski|WORKDAY|GET|/wday/cxs/swarovski/swarovski/job/Palm-Beach-GardensFLUSA/#|2
swarovski|WORKDAY|GET|/wday/cxs/swarovski/swarovski/job/Jaipur-Pacific-Jaipur-Mansarovar-IND/#|2
swarovski|WORKDAY|GET|/wday/cxs/swarovski/swarovski/job/WayneNJUSA/#|2
swarovski|WORKDAY|GET|/wday/cxs/swarovski/swarovski/job/Iztapalapa-MEX/#|2
swarovski|WORKDAY|GET|/wday/cxs/swarovski/swarovski/job/PittsburghPAUSA/#|2
swarovski|WORKDAY|GET|/wday/cxs/swarovski/swarovski/job/AtlantaGAUSA/#|2
swarovski|WORKDAY|GET|/wday/cxs/swarovski/swarovski/job/Edina-MN-USA/#|2
swarovski|WORKDAY|GET|/wday/cxs/swarovski/swarovski/job/Wertheim-Outlet-DEU/#|2
swarovski|WORKDAY|GET|/wday/cxs/swarovski/swarovski/job/Prague-Zlicin-Metropole-CZ/#|2
swarovski|WORKDAY|GET|/wday/cxs/swarovski/swarovski/job/Pune-Mall-of-Millenium-IND/#|2
swarovski|WORKDAY|GET|/wday/cxs/swarovski/swarovski/job/QLD-Brisbane-Airport-AUS/#|2
swarovski|WORKDAY|GET|/wday/cxs/swarovski/swarovski/job/AuroraILUSA/#|2
swarovski|WORKDAY|GET|/wday/cxs/swarovski/swarovski/job/Rio-De-Janeiro-BRA/#|2
swarovski|WORKDAY|GET|/wday/cxs/swarovski/swarovski/job/RiverheadNYUSA/#|2
swarovski|WORKDAY|GET|/wday/cxs/swarovski/swarovski/job/West-NyackNYUSA/#|2
swarovski|WORKDAY|GET|/wday/cxs/swarovski/swarovski/job/Roma-Condotti-ITA/#|2
swarovski|WORKDAY|GET|/wday/cxs/swarovski/swarovski/job/RosevilleCAUSA/#|2
swarovski|WORKDAY|GET|/wday/cxs/swarovski/swarovski/job/Roseville-MN-USA/#|2
swarovski|WORKDAY|GET|/wday/cxs/swarovski/swarovski/job/West-Palm-BeachFLUSA/#|2
swarovski|WORKDAY|GET|/wday/cxs/swarovski/swarovski/job/SalemNHUSA/#|2
swarovski|WORKDAY|GET|/wday/cxs/swarovski/swarovski/job/Dresden-DEU/#|2
swarovski|WORKDAY|GET|/wday/cxs/swarovski/swarovski/job/San-FranciscoCAUSA/#|2
swarovski|WORKDAY|GET|/wday/cxs/swarovski/swarovski/job/San-Juan-Puerto-Rico/#|2
swarovski|WORKDAY|GET|/wday/cxs/swarovski/swarovski/job/DanburyCTUSA/#|2
swarovski|WORKDAY|GET|/wday/cxs/swarovski/swarovski/job/Clinton-CT-USA/#|2
swarovski|WORKDAY|GET|/wday/cxs/swarovski/swarovski/job/SchaumburgILUSA/#|2
swarovski|WORKDAY|GET|/wday/cxs/swarovski/swarovski/job/Scottsdale-AZ-USA/#|2
swarovski|WORKDAY|GET|/wday/cxs/swarovski/swarovski/job/Seoul-KOR/#|2
swarovski|WORKDAY|GET|/wday/cxs/swarovski/swarovski/job/Istanbul-TUR/#|2
swarovski|WORKDAY|GET|/wday/cxs/swarovski/swarovski/job/SkokieILUSA/#|2
swarovski|WORKDAY|GET|/wday/cxs/swarovski/swarovski/job/St-Louis-MO-USA/#|2
swarovski|WORKDAY|GET|/wday/cxs/swarovski/swarovski/job/Cranston-RI-USA/#|2
swarovski|WORKDAY|GET|/wday/cxs/swarovski/swarovski/job/Subotica-SRB/#|2
swarovski|WORKDAY|GET|/wday/cxs/swarovski/swarovski/job/Sugar-LandTXUSA/#|2
swarovski|WORKDAY|GET|/wday/cxs/swarovski/swarovski/job/Hannover-DEU/#|2
swarovski|WORKDAY|GET|/wday/cxs/swarovski/swarovski/job/Zrich-Flagship-CHE/#|2
swarovski|WORKDAY|GET|/wday/cxs/swarovski/swarovski/job/Higienopolis-So-Paulo-BRA/#|2
swarovski|WORKDAY|GET|/wday/cxs/swarovski/swarovski/job/TampaFLUSA/#|2
swarovski|WORKDAY|GET|/wday/cxs/swarovski/swarovski/job/Tinton-FallsNJUSA/#|2
swarovski|WORKDAY|GET|/wday/cxs/swarovski/swarovski/job/Altamonte-SpingsFLUSA/#|2
swarovski|WORKDAY|GET|/wday/cxs/swarovski/swarovski/job/Windsor-CAN/#|2
swarovski|WORKDAY|GET|/wday/cxs/swarovski/swarovski/job/Corte-Madera-CA-USA/#|2
swarovski|WORKDAY|GET|/wday/cxs/swarovski/swarovski/job/BraintreeMAUSA/#|2
swarovski|WORKDAY|GET|/wday/cxs/swarovski/swarovski/job/Budapest-Allee-HUN/#|2
swarovski|WORKDAY|GET|/wday/cxs/swarovski/swarovski/job/Budapest-Arena-Plaza-HUN/#|2
swarovski|WORKDAY|GET|/wday/cxs/swarovski/swarovski/job/King-Of-PrussiaPAUSA/#|2
swarovski|WORKDAY|GET|/wday/cxs/swarovski/swarovski/job/Bicester-GBR/#|2
swarovski|WORKDAY|GET|/wday/cxs/swarovski/swarovski/job/CarlsbadCAUSA/#|2
swarovski|WORKDAY|GET|/wday/cxs/swarovski/swarovski/job/Chandler-AZ-USA/#|2
swarovski|WORKDAY|GET|/wday/cxs/swarovski/swarovski/job/Halifax-CAN/#|2
swarovski|WORKDAY|GET|/wday/cxs/swarovski/swarovski/job/TulsaOKUSA/#|2
swarovski|WORKDAY|GET|/wday/cxs/swarovski/swarovski/job/Kowloon-HKG/#|2
swarovski|WORKDAY|GET|/wday/cxs/swarovski/swarovski/job/Kuala-Lumpur-Mid-Valley-MYS/#|2
swarovski|WORKDAY|GET|/wday/cxs/swarovski/swarovski/job/Winnipeg-CAN/#|2
swarovski|WORKDAY|GET|/wday/cxs/swarovski/swarovski/job/VIC-Chadstone-AUS/#|2
swarovski|WORKDAY|GET|/wday/cxs/swarovski/swarovski/job/LeesburgVAUSA/#|2
swarovski|WORKDAY|GET|/wday/cxs/swarovski/swarovski/job/Lieusaint-FRA/#|2
swarovski|WORKDAY|GET|/wday/cxs/swarovski/swarovski/job/Livingston--GBR/#|2
swarovski|WORKDAY|GET|/wday/cxs/swarovski/swarovski/job/Lodz-POL/#|2
swarovski|WORKDAY|GET|/wday/cxs/swarovski/swarovski/job/London--GBR/#|2
swarovski|WORKDAY|GET|/wday/cxs/swarovski/swarovski/job/Bilbao-ECI-ESP/#|2
swarovski|WORKDAY|GET|/wday/cxs/swarovski/swarovski/job/Los-AngelesCAUSA/#|2
swarovski|WORKDAY|GET|/wday/cxs/swarovski/swarovski/job/VIC-Emporium-AUS/#|2
swarovski|WORKDAY|GET|/wday/cxs/swarovski/swarovski/job/Marbella-Boutique-ESP/#|2
swarovski|WORKDAY|GET|/wday/cxs/swarovski/swarovski/job/Woodbridge-VA-USA/#|2
swarovski|WORKDAY|GET|/wday/cxs/swarovski/swarovski/job/McallenTXUSA/#|2
tapestry|WORKDAY|POST|/wday/cxs/tapestry/Tapestry_Careers/jobs|221
tapestry|WORKDAY|GET|/wday/cxs/tapestry/Tapestry_Careers/job/New-York-New-York-USA-Corporate-Headquarters/#|65
tapestry|WORKDAY|GET|/wday/cxs/tapestry/Tapestry_Careers/job/#/#|46
tapestry|WORKDAY|GET|/wday/cxs/tapestry/Tapestry_Careers/job/Livermore-California-USA-San-Francisco-Premium-Outlets---Coach/#|28
tapestry|WORKDAY|GET|/wday/cxs/tapestry/Tapestry_Careers/job/Clinton-Connecticut-USA-Clinton-Crossing---Coach/#|22
tapestry|WORKDAY|GET|/wday/cxs/tapestry/Tapestry_Careers/job/Pleasant-Prairie-Wisconsin-USA-Pleasant-Prairie---Coach/#|18
tapestry|WORKDAY|GET|/wday/cxs/tapestry/Tapestry_Careers/job/Chesterfield-Missouri-USA-St-Louis-Premium---Coach/#|18
tapestry|WORKDAY|GET|/wday/cxs/tapestry/Tapestry_Careers/job/Waterloo-New-York-USA-Geneva---Coach/#|18
tapestry|WORKDAY|GET|/wday/cxs/tapestry/Tapestry_Careers/job/Gretna-Nebraska-USA-Omaha-Nebraska-Crossing-Outlets---Coach/#|17
tapestry|WORKDAY|GET|/wday/cxs/tapestry/Tapestry_Careers/job/Katy-Texas-USA-Katy-Mills---Coach/#|17
tapestry|WORKDAY|GET|/wday/cxs/tapestry/Tapestry_Careers/job/Central-Valley-New-York-USA-Woodbury-Common-Premium-Outlets---Kate-Spade/#|16
tapestry|WORKDAY|GET|/wday/cxs/tapestry/Tapestry_Careers/job/Norfolk-Virginia-USA-Norfolk---Coach/#|15
tapestry|WORKDAY|GET|/wday/cxs/tapestry/Tapestry_Careers/job/Central-Valley-New-York-USA-Woodbury-Common---Coach/#|14
tapestry|WORKDAY|GET|/wday/cxs/tapestry/Tapestry_Careers/job/Orlando-Florida-USA-Orlando-Vineland-Premium-Outlets---Kate-Spade/#|13
tapestry|WORKDAY|GET|/wday/cxs/tapestry/Tapestry_Careers/job/Greater-London-GBR-United-Kingdom-Corporate-Office/#|12
tapestry|WORKDAY|GET|/wday/cxs/tapestry/Tapestry_Careers/job/Schaumburg-Illinois-USA-Woodfield---Coach/#|12
tapestry|WORKDAY|GET|/wday/cxs/tapestry/Tapestry_Careers/job/Deer-Park-New-York-USA-Deer-Park---Coach/#|11
tapestry|WORKDAY|GET|/wday/cxs/tapestry/Tapestry_Careers/job/Minato-Ku--JPN-Tokyo-Corporate-Office/#|11
tapestry|WORKDAY|GET|/wday/cxs/tapestry/Tapestry_Careers/job/Seoul-KORKorea-Corporate-Office/#|11
tapestry|WORKDAY|GET|/wday/cxs/tapestry/Tapestry_Careers/job/Williamsburg-Virginia-USA-Berkeley-Commons---Coach/#|11
tapestry|WORKDAY|GET|/wday/cxs/tapestry/Tapestry_Careers/job/Syracuse-New-York-USA-Destiny-USA---Coach/#|11
tapestry|WORKDAY|GET|/wday/cxs/tapestry/Tapestry_Careers/job/Fort-Worth-Texas-USA-Tanger-Outlets-Fort-Worth---Kate-Spade/#|11
tapestry|WORKDAY|GET|/wday/cxs/tapestry/Tapestry_Careers/job/Sunbury-Ohio-USA-Columbus---Coach/#|11
tapestry|WORKDAY|GET|/wday/cxs/tapestry/Tapestry_Careers/job/Merrimack-New-Hampshire-USA-Merrimack---Coach/#|11
tapestry|WORKDAY|GET|/wday/cxs/tapestry/Tapestry_Careers/job/Calgary-Alberta-CANChinook-Centre---Coach/#|10
tapestry|WORKDAY|GET|/wday/cxs/tapestry/Tapestry_Careers/job/Aurora-Ohio-USA-Aurora-Farms-Premium-Outlets---Coach/#|10
tapestry|WORKDAY|GET|/wday/cxs/tapestry/Tapestry_Careers/job/Deer-Park-New-York-USA-Tanger-Outlets-Deer-Park---Kate-Spade/#|10
tapestry|WORKDAY|GET|/wday/cxs/tapestry/Tapestry_Careers/job/San-Antonio-Texas-USA-North-Star-Mall---Coach/#|10
tapestry|WORKDAY|GET|/wday/cxs/tapestry/Tapestry_Careers/job/Milpitas-California-USA-Great-Mall---Kate-Spade/#|10
tapestry|WORKDAY|GET|/wday/cxs/tapestry/Tapestry_Careers/job/Halton-Hills-Ontario-CANToronto---Coach/#|10
tapestry|WORKDAY|GET|/wday/cxs/tapestry/Tapestry_Careers/job/Grapevine-Texas-USA-Grapevine-Mills---Coach/#|10
tapestry|WORKDAY|GET|/wday/cxs/tapestry/Tapestry_Careers/job/Estero-Florida-USA-Miromar---Coach/#|10
tapestry|WORKDAY|GET|/wday/cxs/tapestry/Tapestry_Careers/job/Edinburgh-Indiana-USA-Indiana-Premium-Outlet---Coach/#|10
tapestry|WORKDAY|GET|/wday/cxs/tapestry/Tapestry_Careers/job/Lone-Tree-Colorado-USA-Park-Meadows---Coach/#|9
tapestry|WORKDAY|GET|/wday/cxs/tapestry/Tapestry_Careers/job/Singapore-SGP-Singapore-Corporate-Office/#|9
tapestry|WORKDAY|GET|/wday/cxs/tapestry/Tapestry_Careers/job/Vaughan-Ontario-CANVaughan-Mills---Coach/#|9
tapestry|WORKDAY|GET|/wday/cxs/tapestry/Tapestry_Careers/job/Byron-Center-Michigan-USA-Grand-Rapids---Coach/#|9
tapestry|WORKDAY|GET|/wday/cxs/tapestry/Tapestry_Careers/job/Miami-Florida-USA-Dolphin-Mall---Coach/#|9
tapestry|WORKDAY|GET|/wday/cxs/tapestry/Tapestry_Careers/job/West-Hartford-Connecticut-USA-Westfarms---Coach/#|9
tapestry|WORKDAY|GET|/wday/cxs/tapestry/Tapestry_Careers/job/Blackwood-New-Jersey-USA-Gloucester---Coach/#|9
tapestry|WORKDAY|GET|/wday/cxs/tapestry/Tapestry_Careers/job/Charlotte-North-Carolina-USA-Charlotte---Coach/#|9
tapestry|WORKDAY|GET|/wday/cxs/tapestry/Tapestry_Careers/job/Edison-USAMenlo-Park---Coach/#|9
tapestry|WORKDAY|GET|/wday/cxs/tapestry/Tapestry_Careers/job/Houston-Texas-USA-Memorial-City---Coach/#|9
tapestry|WORKDAY|GET|/wday/cxs/tapestry/Tapestry_Careers/job/Texas-City-Texas-USA-South-Houston---Coach/#|9
tapestry|WORKDAY|GET|/wday/cxs/tapestry/Tapestry_Careers/job/Locust-Grove-Georgia-USA-Locust-Grove---Coach/#|9
tapestry|WORKDAY|GET|/wday/cxs/tapestry/Tapestry_Careers/job/Toronto-Ontario-CANYorkdale---Coach/#|9
tapestry|WORKDAY|GET|/wday/cxs/tapestry/Tapestry_Careers/job/Glendale-Arizona-USA-Arrowhead-Towne-Center---Coach/#|9
tapestry|WORKDAY|GET|/wday/cxs/tapestry/Tapestry_Careers/job/Skokie-Illinois-USA-Old-Orchard---Coach/#|8
tapestry|WORKDAY|GET|/wday/cxs/tapestry/Tapestry_Careers/job/Richmond-British-Columbia-CANDesigner-Outlet-Vancouver---Coach/#|8
tapestry|WORKDAY|GET|/wday/cxs/tapestry/Tapestry_Careers/job/Orlando-Florida-USA-Orlando-International-Premium-Outlets---Kate-Spade/#|8
tapestry|WORKDAY|GET|/wday/cxs/tapestry/Tapestry_Careers/job/Orlando-Florida-USA-Disney-Springs---Coach/#|8
tapestry|WORKDAY|GET|/wday/cxs/tapestry/Tapestry_Careers/job/Murray-Utah-USA-Fashion-Place---Coach/#|8
tapestry|WORKDAY|GET|/wday/cxs/tapestry/Tapestry_Careers/job/Mirabel-Quebec-CANMontreal-Premium-Outlets---Coach/#|8
tapestry|WORKDAY|GET|/wday/cxs/tapestry/Tapestry_Careers/job/Mercedes-Texas-USA-Rio-Grande-Valley---Coach/#|8
tapestry|WORKDAY|GET|/wday/cxs/tapestry/Tapestry_Careers/job/Las-Vegas-Nevada-USA-Las-Vegas-North-Premium-Outlets---Kate-Spade/#|8
tapestry|WORKDAY|GET|/wday/cxs/tapestry/Tapestry_Careers/job/Wrentham-Massachusetts-USA-Wrentham---Coach/#|8
tapestry|WORKDAY|GET|/wday/cxs/tapestry/Tapestry_Careers/job/Hong-Kong-Hong-Kong-SAR-Hk-Sogo-CAUSeway-Bay---Coach/#|8
tapestry|WORKDAY|GET|/wday/cxs/tapestry/Tapestry_Careers/job/Beachwood-Ohio-USA-Beachwood---Coach/#|8
tapestry|WORKDAY|GET|/wday/cxs/tapestry/Tapestry_Careers/job/Bicester-GBR-Coach-Bicester-Outlet---Coach/#|8
tapestry|WORKDAY|GET|/wday/cxs/tapestry/Tapestry_Careers/job/Grapevine-Texas-USA-Grapevine-Mills---Kate-Spade/#|8
tapestry|WORKDAY|GET|/wday/cxs/tapestry/Tapestry_Careers/job/Eagan-Minnesota-USA-Minneapolis---Coach/#|8
tapestry|WORKDAY|GET|/wday/cxs/tapestry/Tapestry_Careers/job/Shanghai-Mainland-China-Shanghai-Corporate-Office/#|8
tapestry|WORKDAY|GET|/wday/cxs/tapestry/Tapestry_Careers/job/San-Antonio-USASan-Antonio---Coach/#|8
tapestry|WORKDAY|GET|/wday/cxs/tapestry/Tapestry_Careers/job/Elizabeth-New-Jersey-USA-Jersey-Gardens---Coach/#|8
tapestry|WORKDAY|GET|/wday/cxs/tapestry/Tapestry_Careers/job/Round-Rock-Texas-USA-Round-Rock---Coach/#|8
tapestry|WORKDAY|GET|/wday/cxs/tapestry/Tapestry_Careers/job/Gyeonggi-Do-KORCoh-Kr-Gyeonggi-Hd-Gimpo-Outlet---Coach/#|7
tapestry|WORKDAY|GET|/wday/cxs/tapestry/Tapestry_Careers/job/Cabazon-California-USA-Desert-Hills-Premium-Outlets---Kate-Spade/#|7
tapestry|WORKDAY|GET|/wday/cxs/tapestry/Tapestry_Careers/job/Aurora-Illinois-USA-Chicago-Premium-Outlets---Coach/#|7
tapestry|WORKDAY|GET|/wday/cxs/tapestry/Tapestry_Careers/job/Somerville-Massachusetts-USA-Assembly-Row---Coach/#|7
tapestry|WORKDAY|GET|/wday/cxs/tapestry/Tapestry_Careers/job/Central-Valley-New-York-USA-Woodbury-Common-Coffee-Shop---Coach/#|7
tapestry|WORKDAY|GET|/wday/cxs/tapestry/Tapestry_Careers/job/Cypress-Texas-USA-Houston---MenS---Coach/#|7
tapestry|WORKDAY|GET|/wday/cxs/tapestry/Tapestry_Careers/job/San-Diego-California-USA-Fashion-Valley---Kate-Spade/#|7
tapestry|WORKDAY|GET|/wday/cxs/tapestry/Tapestry_Careers/job/Orlando-Florida-USA-Orlando---Coach/#|7
tapestry|WORKDAY|GET|/wday/cxs/tapestry/Tapestry_Careers/job/Sunrise-Florida-USA-Sawgrass-Mills---Coach/#|7
tapestry|WORKDAY|GET|/wday/cxs/tapestry/Tapestry_Careers/job/Friendswood-USABaybrook---Coach/#|7
tapestry|WORKDAY|GET|/wday/cxs/tapestry/Tapestry_Careers/job/Mclean-Virginia-USA-TysonS-Corner---Kate-Spade/#|7
tapestry|WORKDAY|GET|/wday/cxs/tapestry/Tapestry_Careers/job/Mirabel-Quebec-CANPremium-Outlets-Montreal---Kate-Spade/#|7
tapestry|WORKDAY|GET|/wday/cxs/tapestry/Tapestry_Careers/job/Niagara-On-The-Lake-Ontario-CANOutlet-Collection-At-Niagara---Coach/#|7
tapestry|WORKDAY|GET|/wday/cxs/tapestry/Tapestry_Careers/job/Woodstock-Georgia-USA-Atlanta---Coach/#|7
tapestry|WORKDAY|GET|/wday/cxs/tapestry/Tapestry_Careers/job/Paramus-New-Jersey-USA-Garden-State-Plaza---Coach/#|7
tapestry|WORKDAY|GET|/wday/cxs/tapestry/Tapestry_Careers/job/Las-Vegas-Nevada-USA-Fashion-Show---Coach/#|7
tapestry|WORKDAY|GET|/wday/cxs/tapestry/Tapestry_Careers/job/Cypress-Texas-USA-Houston---Coach/#|7
tapestry|WORKDAY|GET|/wday/cxs/tapestry/Tapestry_Careers/job/North-Charleston-South-Carolina-USA-Tanger-Outlets-Charleston---Kate-Spade/#|7
tapestry|WORKDAY|GET|/wday/cxs/tapestry/Tapestry_Careers/job/Flushing-New-York-USA-Flushing---Coach/#|7
tapestry|WORKDAY|GET|/wday/cxs/tapestry/Tapestry_Careers/job/Ontario-California-USA-Ontario-Mills---Coach/#|7
tapestry|WORKDAY|GET|/wday/cxs/tapestry/Tapestry_Careers/job/Haiphong-VNM-Vietnam-Corporate-Office/#|7
tapestry|WORKDAY|GET|/wday/cxs/tapestry/Tapestry_Careers/job/Rocky-View-County-Alberta-CANCrossiron-Mills---Kate-Spade/#|6
tapestry|WORKDAY|GET|/wday/cxs/tapestry/Tapestry_Careers/job/Altoona-Iowa-USA-Outlet-Of-Des-Moines---Coach/#|6
tapestry|WORKDAY|GET|/wday/cxs/tapestry/Tapestry_Careers/job/Asheville-North-Carolina-USA-Asheville-Outlets---Coach/#|6
tapestry|WORKDAY|GET|/wday/cxs/tapestry/Tapestry_Careers/job/Chester-New-York-USA-Woodbury-Asc---Kate-Spade/#|6
tapestry|WORKDAY|GET|/wday/cxs/tapestry/Tapestry_Careers/job/Columbus-Ohio-USA-Easton-Town-Center---Coach/#|6
tapestry|WORKDAY|GET|/wday/cxs/tapestry/Tapestry_Careers/job/Costa-Mesa-California-USA-South-Coast-Plaza---Kate-Spade/#|6
tapestry|WORKDAY|GET|/wday/cxs/tapestry/Tapestry_Careers/job/East-Rutherford-New-Jersey-USA-American-Dream---Coach/#|6
tapestry|WORKDAY|GET|/wday/cxs/tapestry/Tapestry_Careers/job/Elizabeth-New-Jersey-USA-Jersey-Gardens-MenS---Coach/#|6
tapestry|WORKDAY|GET|/wday/cxs/tapestry/Tapestry_Careers/job/Fort-Worth-USAUniversity-Park-Village---Coach/#|6
tapestry|WORKDAY|GET|/wday/cxs/tapestry/Tapestry_Careers/job/Freeport-Maine-USA-Freeport---Coach/#|6
tapestry|WORKDAY|GET|/wday/cxs/tapestry/Tapestry_Careers/job/Gilroy-California-USA-Gilroy---Coach/#|6
tapestry|WORKDAY|GET|/wday/cxs/tapestry/Tapestry_Careers/job/Grove-City-Pennsylvania-USA-Premium-Outlets-At-Grove-City---Coach/#|6
tapestry|WORKDAY|GET|/wday/cxs/tapestry/Tapestry_Careers/job/Hagerstown-Maryland-USA-Hagerstown-Premium-Outlets---Kate-Spade/#|6
tapestry|WORKDAY|GET|/wday/cxs/tapestry/Tapestry_Careers/job/Hanover-Maryland-USA-Arundel-Mills---Coach/#|6
tapestry|WORKDAY|GET|/wday/cxs/tapestry/Tapestry_Careers/job/Hong-Kong-Hong-Kong-SAR-Hk-New-Town-Plaza---Coach/#|6
tapestry|WORKDAY|GET|/wday/cxs/tapestry/Tapestry_Careers/job/Leesburg-Virginia-USA-Leesburg-Corner-Premium-Outlets---Kate-Spade/#|6
tapestry|WORKDAY|GET|/wday/cxs/tapestry/Tapestry_Careers/job/Livermore-California-USA-San-Francisco-Premium-Outlets---Kate-Spade/#|6
tapestry|WORKDAY|GET|/wday/cxs/tapestry/Tapestry_Careers/job/Mashantucket-Connecticut-USA-Foxwoods---Coach/#|6
tapestry|WORKDAY|GET|/wday/cxs/tapestry/Tapestry_Careers/job/Miami-Florida-USA-Dadeland---Coach/#|6
tapestry|WORKDAY|GET|/wday/cxs/tapestry/Tapestry_Careers/job/New-York-New-York-USA-Herald-Square---Coach/#|6
tapestry|WORKDAY|GET|/wday/cxs/tapestry/Tapestry_Careers/job/New-York-New-York-USA-Hudson-Yards---Kate-Spade/#|6
tapestry|WORKDAY|GET|/wday/cxs/tapestry/Tapestry_Careers/job/New-York-New-York-USA-Rockefeller-Center---Kate-Spade/#|6
tapestry|WORKDAY|GET|/wday/cxs/tapestry/Tapestry_Careers/job/Orlando-Florida-USA-Orlando-South---Coach/#|6
tapestry|WORKDAY|GET|/wday/cxs/tapestry/Tapestry_Careers/job/Pearl-Mississippi-USA-Outlets-Of-Mississippi---Coach/#|6
tapestry|WORKDAY|GET|/wday/cxs/tapestry/Tapestry_Careers/job/Petaluma-California-USA-Petaluma---Coach/#|6
tapestry|WORKDAY|GET|/wday/cxs/tapestry/Tapestry_Careers/job/Phnom-Penh-Khm-Cambodia-Corporate-Office/#|6
tapestry|WORKDAY|GET|/wday/cxs/tapestry/Tapestry_Careers/job/Salem-New-Hampshire-USA-Rockingham-Park---Coach/#|6
tapestry|WORKDAY|GET|/wday/cxs/tapestry/Tapestry_Careers/job/San-Marcos-Texas-USA-San-Marcos---Coach/#|6
tapestry|WORKDAY|GET|/wday/cxs/tapestry/Tapestry_Careers/job/Sevierville-Tennessee-USA-Sevierville---Coach/#|6
tapestry|WORKDAY|GET|/wday/cxs/tapestry/Tapestry_Careers/job/Sydney-AUS-Australia-Corporate-Office/#|6
tapestry|WORKDAY|GET|/wday/cxs/tapestry/Tapestry_Careers/job/Tempe-Arizona-USA-Tempe-Coach/#|6
tapestry|WORKDAY|GET|/wday/cxs/tapestry/Tapestry_Careers/job/Tigard-Oregon-USA-Washington-Square---Coach/#|6
tapestry|WORKDAY|GET|/wday/cxs/tapestry/Tapestry_Careers/job/Tinton-Falls-New-Jersey-USA-Jersey-Shore---Coach/#|6
tapestry|WORKDAY|GET|/wday/cxs/tapestry/Tapestry_Careers/job/Tucson-Arizona-USA-Tucson-Premium-Outlets---Coach/#|6
tapestry|WORKDAY|GET|/wday/cxs/tapestry/Tapestry_Careers/job/Uncasville-Connecticut-USA-Mohegan-Sun---Coach/#|6
tapestry|WORKDAY|GET|/wday/cxs/tapestry/Tapestry_Careers/job/Ville-Mont-Royal-Quebec-CANRoyalmount---Coach/#|6
tapestry|WORKDAY|GET|/wday/cxs/tapestry/Tapestry_Careers/job/Waipahu-Hawaii-USA-Waikele---Coach/#|6
tapestry|WORKDAY|GET|/wday/cxs/tapestry/Tapestry_Careers/job/Washington-Pennsylvania-USA-Pittsburgh---Coach/#|6
tapestry|WORKDAY|GET|/wday/cxs/tapestry/Tapestry_Careers/job/West-Palm-Beach-Florida-USA-Palm-Beach-Outlets---Coach/#|6
tapestry|WORKDAY|GET|/wday/cxs/tapestry/Tapestry_Careers/job/Merrimack-New-Hampshire-USA-Merrimack-Premium-Outlets---Kate-Spade/#|5
tapestry|WORKDAY|GET|/wday/cxs/tapestry/Tapestry_Careers/job/Clarksburg-Maryland-USA-Clarksburg-Premium-Outlets---Kate-Spade/#|5
tapestry|WORKDAY|GET|/wday/cxs/tapestry/Tapestry_Careers/job/White-Plains-New-York-USA-White-Plains---Coach/#|5
tapestry|WORKDAY|GET|/wday/cxs/tapestry/Tapestry_Careers/job/Oakbrook-Illinois-USA-Oakbrook---Coach/#|5
tapestry|WORKDAY|GET|/wday/cxs/tapestry/Tapestry_Careers/job/New-York-New-York-USA-Soho---Coach/#|5
tapestry|WORKDAY|GET|/wday/cxs/tapestry/Tapestry_Careers/job/Durham-North-Carolina-USA-Southpoint-Coach/#|5
tapestry|WORKDAY|GET|/wday/cxs/tapestry/Tapestry_Careers/job/Auburn-Hills-Michigan-USA-Great-Lakes-Crossing-Outlets---Kate-Spade/#|5
tapestry|WORKDAY|GET|/wday/cxs/tapestry/Tapestry_Careers/job/New-York-New-York-USA-Hudson-Yards---Coach/#|5
tapestry|WORKDAY|GET|/wday/cxs/tapestry/Tapestry_Careers/job/Berlin-DEUCoach-Kadewe---Berlin---Coach/#|5
tapestry|WORKDAY|GET|/wday/cxs/tapestry/Tapestry_Careers/job/Ellenton-Florida-USA-Ellenton-Premium-Outlets---Kate-Spade/#|5
tapestry|WORKDAY|GET|/wday/cxs/tapestry/Tapestry_Careers/job/Aventura-Florida-USA-Aventura---Coach/#|5
tapestry|WORKDAY|GET|/wday/cxs/tapestry/Tapestry_Careers/job/Mebane-North-Carolina-USA-Mebane---Coach/#|5
tapestry|WORKDAY|GET|/wday/cxs/tapestry/Tapestry_Careers/job/Wrentham-Massachusetts-USA-Wrentham-Village-Premium-Outlets---Kate-Spade/#|5
tapestry|WORKDAY|GET|/wday/cxs/tapestry/Tapestry_Careers/job/Myrtle-Beach-South-Carolina-USA-Myrtle-Beach-North---Coach/#|5
tapestry|WORKDAY|GET|/wday/cxs/tapestry/Tapestry_Careers/job/AUStin-Texas-USA-The-Domain---Coach/#|5
tapestry|WORKDAY|GET|/wday/cxs/tapestry/Tapestry_Careers/job/Bethesda-Maryland-USA-Montgomery-Mall---Coach/#|5
tapestry|WORKDAY|GET|/wday/cxs/tapestry/Tapestry_Careers/job/Wayne-New-Jersey-USA-Wayne---Coach/#|5
tapestry|WORKDAY|GET|/wday/cxs/tapestry/Tapestry_Careers/job/Monroe-Ohio-USA-Cincinnati---Coach/#|5
tapestry|WORKDAY|GET|/wday/cxs/tapestry/Tapestry_Careers/job/Mississauga-Ontario-CANSquare-One-Shopping-Centre---Kate-Spade/#|5
tapestry|WORKDAY|GET|/wday/cxs/tapestry/Tapestry_Careers/job/Gyeonggi-Do-KORCoh-Kr-Gyeonggi-Ssg-Yeoju-Outlet---Coach/#|5
tapestry|WORKDAY|GET|/wday/cxs/tapestry/Tapestry_Careers/job/Troy-Michigan-USA-Somerset---Coach/#|5
tapestry|WORKDAY|GET|/wday/cxs/tapestry/Tapestry_Careers/job/Torrance-California-USA-Del-Amo-Fashion-Center---Coach/#|5
tapestry|WORKDAY|GET|/wday/cxs/tapestry/Tapestry_Careers/job/Bethlehem-Pennsylvania-USA-Wind-Creek-Bethlehem---Coach/#|5
tapestry|WORKDAY|GET|/wday/cxs/tapestry/Tapestry_Careers/job/Hamburg-DEUCoach-Kadewe---Alsterhaus---Coach/#|5
tapestry|WORKDAY|GET|/wday/cxs/tapestry/Tapestry_Careers/job/Hershey-Pennsylvania-USA-Hershey---Coach/#|5
tapestry|WORKDAY|GET|/wday/cxs/tapestry/Tapestry_Careers/job/Antioch-Tennessee-USA-Tanger-Outlets-Nashville---Kate-Spade/#|5
tapestry|WORKDAY|GET|/wday/cxs/tapestry/Tapestry_Careers/job/Austin-Texas-USA-Barton-Creek---Coach/#|5
tapestry|WORKDAY|GET|/wday/cxs/tapestry/Tapestry_Careers/job/Broomfield-Colorado-USA-Flatiron---Coach/#|5
tapestry|WORKDAY|GET|/wday/cxs/tapestry/Tapestry_Careers/job/Cabazon-California-USA-Cabazon-Coffee-Shop---Coach/#|5
tapestry|WORKDAY|GET|/wday/cxs/tapestry/Tapestry_Careers/job/Carlsbad-California-USA-Carlsbad-Premium-Outlets---Kate-Spade/#|5
tapestry|WORKDAY|GET|/wday/cxs/tapestry/Tapestry_Careers/job/Florida-City-Florida-USA-Florida-City---Coach/#|5
tapestry|WORKDAY|GET|/wday/cxs/tapestry/Tapestry_Careers/job/Jacksonville-Florida-USA-St-JohnS-Town-Center---Coach/#|5
tapestry|WORKDAY|GET|/wday/cxs/tapestry/Tapestry_Careers/job/Johnson-Creek-Wisconsin-USA-Johnson-Creek---Coach/#|5
tapestry|WORKDAY|GET|/wday/cxs/tapestry/Tapestry_Careers/job/Simpsonville-Kentucky-USA-Outlet-Shoppes-Of-The-Bluegrass---Coach/#|5
tapestry|WORKDAY|GET|/wday/cxs/tapestry/Tapestry_Careers/job/Scottsdale-Arizona-USA-Scottsdale---Coach/#|5
tapestry|WORKDAY|GET|/wday/cxs/tapestry/Tapestry_Careers/job/Kittery-Maine-USA-Kittery---Coach/#|5
tapestry|WORKDAY|GET|/wday/cxs/tapestry/Tapestry_Careers/job/San-Marcos-Texas-USA-San-Marcos-Premium-Outlets---Kate-Spade/#|5
tapestry|WORKDAY|GET|/wday/cxs/tapestry/Tapestry_Careers/job/El-Paso-Texas-USA-El-Paso-Outlets---Coach/#|5
tapestry|WORKDAY|GET|/wday/cxs/tapestry/Tapestry_Careers/job/Frisco-Texas-USA-Stonebriar-Centre---Coach/#|5
tapestry|WORKDAY|GET|/wday/cxs/tapestry/Tapestry_Careers/job/Pottstown-Pennsylvania-USA-Philadelphia-Premium-Outlets---Kate-Spade/#|5
tapestry|WORKDAY|GET|/wday/cxs/tapestry/Tapestry_Careers/job/Pottstown-Pennsylvania-USA-Philadelphia-Premium-Outlets---Coach/#|5
tapestry|WORKDAY|GET|/wday/cxs/tapestry/Tapestry_Careers/job/Phoenix-Arizona-USA-Anthem---Coach/#|5
tapestry|WORKDAY|GET|/wday/cxs/tapestry/Tapestry_Careers/job/Leawood-Kansas-USA-Town-Center-Crossing-Coach/#|5
tapestry|WORKDAY|GET|/wday/cxs/tapestry/Tapestry_Careers/job/Leeds-Alabama-USA-Grand-River---Coach/#|5
tapestry|WORKDAY|GET|/wday/cxs/tapestry/Tapestry_Careers/job/Rosemont-Illinois-USA-Rosemont---Coach/#|4
tapestry|WORKDAY|GET|/wday/cxs/tapestry/Tapestry_Careers/job/Tilton-New-Hampshire-USA-Tilton---Coach/#|4
tapestry|WORKDAY|GET|/wday/cxs/tapestry/Tapestry_Careers/job/Lancaster-Pennsylvania-USA-Tanger-Outlets-Lancaster---Kate-Spade/#|4
tapestry|WORKDAY|GET|/wday/cxs/tapestry/Tapestry_Careers/job/Rosemont-Illinois-USA-Fashion-Outlets-Of-Chicago---Kate-Spade/#|4
tapestry|WORKDAY|GET|/wday/cxs/tapestry/Tapestry_Careers/job/Tampa-Florida-USA-International-Plaza--Bay-Street---Kate-Spade/#|4
tapestry|WORKDAY|GET|/wday/cxs/tapestry/Tapestry_Careers/job/Edmonton-International-Airport-Alberta-CANEdmonton---Coach/#|4
tapestry|WORKDAY|GET|/wday/cxs/tapestry/Tapestry_Careers/job/Richmond-British-Columbia-CANRichmond-Centre---Coach/#|4
tapestry|WORKDAY|GET|/wday/cxs/tapestry/Tapestry_Careers/job/Honolulu-Hawaii-USA-Royal-Hawaiian---Kate-Spade/#|4
tapestry|WORKDAY|GET|/wday/cxs/tapestry/Tapestry_Careers/job/Houston-Texas-USA-Houston-Galleria---Coach/#|4
tapestry|WORKDAY|GET|/wday/cxs/tapestry/Tapestry_Careers/job/Sweetwater-Florida-USA-Dolphin-Mall---Kate-Spade/#|4
tapestry|WORKDAY|GET|/wday/cxs/tapestry/Tapestry_Careers/job/Houston-Texas-USA-The-Galleria---Kate-Spade/#|4
tapestry|WORKDAY|GET|/wday/cxs/tapestry/Tapestry_Careers/job/Grand-Prairie-Texas-USA-Grand-Prairie-Premium-Outlets---Kate-Spade/#|4
tapestry|WORKDAY|GET|/wday/cxs/tapestry/Tapestry_Careers/job/Indianapolis-Indiana-USA-Indianapolis---Coach/#|4
tapestry|WORKDAY|GET|/wday/cxs/tapestry/Tapestry_Careers/job/Williamsburg-Iowa-USA-Williamsburg---Coach/#|4
tapestry|WORKDAY|GET|/wday/cxs/tapestry/Tapestry_Careers/job/Richmond-British-Columbia-CANMcarthurglen-Designer-Outlets---Kate-Spade/#|4
tapestry|WORKDAY|GET|/wday/cxs/tapestry/Tapestry_Careers/job/Park-City-Utah-USA-Park-City---Coach/#|4
tapestry|WORKDAY|GET|/wday/cxs/tapestry/Tapestry_Careers/job/London-GBRKs-Wembley-Outlet---Kate-Spade/#|4
tapestry|WORKDAY|GET|/wday/cxs/tapestry/Tapestry_Careers/job/Cherry-Hill-New-Jersey-USA-Cherry-Hill---Coach/#|4
tapestry|WORKDAY|GET|/wday/cxs/tapestry/Tapestry_Careers/job/Ontario-California-USA-Ontario-Mills---Kate-Spade/#|4
tapestry|WORKDAY|GET|/wday/cxs/tapestry/Tapestry_Careers/job/Oklahoma-City-Oklahoma-USA-Outlet-Shoppes-At-Oklahoma-City---Kate-Spade/#|4
tapestry|WORKDAY|GET|/wday/cxs/tapestry/Tapestry_Careers/job/Gloucestershire-GBRCotswolds-Outlet---Kate-Spade/#|4
tapestry|WORKDAY|GET|/wday/cxs/tapestry/Tapestry_Careers/job/Brooklyn-New-York-USA-Kings-Plaza---Coach/#|4
tapestry|WORKDAY|GET|/wday/cxs/tapestry/Tapestry_Careers/job/Lehi-Utah-USA-Traverse-Mountain---Coach/#|4
tapestry|WORKDAY|GET|/wday/cxs/tapestry/Tapestry_Careers/job/Lynnwood-USAAlderwood---Coach/#|4
tapestry|WORKDAY|GET|/wday/cxs/tapestry/Tapestry_Careers/job/Branson-Missouri-USA-Branson---Coach/#|4
tapestry|WORKDAY|GET|/wday/cxs/tapestry/Tapestry_Careers/job/Smithfield-North-Carolina-USA-Smithfield---Coach/#|4
tapestry|WORKDAY|GET|/wday/cxs/tapestry/Tapestry_Careers/job/Marlton-New-Jersey-USA-The-Promenade--Sagemore---Coach/#|4
tapestry|WORKDAY|GET|/wday/cxs/tapestry/Tapestry_Careers/job/Auburn-Washington-USA-Auburn-The-Outlet-CollectionSeattle---Coach/#|4
tapestry|WORKDAY|GET|/wday/cxs/tapestry/Tapestry_Careers/job/Cypress-Texas-USA-Houston-Premium-Outlets---Kate-Spade/#|4
tapestry|WORKDAY|GET|/wday/cxs/tapestry/Tapestry_Careers/job/Sioux-Falls-South-Dakota-USA-Empire-Mall---Coach/#|4
tapestry|WORKDAY|GET|/wday/cxs/tapestry/Tapestry_Careers/job/Elizabeth-New-Jersey-USA-Mills-At-Jersey-Gardens---Kate-Spade/#|4
tapestry|WORKDAY|GET|/wday/cxs/tapestry/Tapestry_Careers/job/Albertville-Minnesota-USA-Albertville---Coach/#|4
tapestry|WORKDAY|GET|/wday/cxs/tapestry/Tapestry_Careers/job/Grand-Prairie-Texas-USA-Grand-Prairie---Coach/#|4
tapestry|WORKDAY|GET|/wday/cxs/tapestry/Tapestry_Careers/job/Allen-Texas-USA-Allen-Premium-Outlets---Kate-Spade/#|4
tapestry|WORKDAY|GET|/wday/cxs/tapestry/Tapestry_Careers/job/Nashville-Tennessee-USA-Opry-Mills---Coach/#|4
tapestry|WORKDAY|GET|/wday/cxs/tapestry/Tapestry_Careers/job/Serris-FRACoach-La-Vallee-Outlet---Coach/#|4
tapestry|WORKDAY|GET|/wday/cxs/tapestry/Tapestry_Careers/job/Pooler-Georgia-USA-Savannah---Coach/#|4
tapestry|WORKDAY|GET|/wday/cxs/tapestry/Tapestry_Careers/job/Santa-Barbara-California-USA-Santa-Barbara---Coach/#|4
tapestry|WORKDAY|GET|/wday/cxs/tapestry/Tapestry_Careers/job/Castle-Rock-Colorado-USA-Castle-Rock---Coach/#|4
tapestry|WORKDAY|GET|/wday/cxs/tapestry/Tapestry_Careers/job/Chandler-Arizona-USA-Phoenix-Premium-Outlets---Kate-Spade/#|4
tapestry|WORKDAY|GET|/wday/cxs/tapestry/Tapestry_Careers/job/King-Of-Prussia-Pennsylvania-USA-Kop-Ii---Coach/#|4
tapestry|WORKDAY|GET|/wday/cxs/tapestry/Tapestry_Careers/job/Edina-Minnesota-USA-Southdale-Center---Coach/#|4
tapestry|WORKDAY|GET|/wday/cxs/tapestry/Tapestry_Careers/job/Michigan-City-Indiana-USA-Michigan-City---Coach/#|4
tapestry|WORKDAY|GET|/wday/cxs/tapestry/Tapestry_Careers/job/Midland-Texas-USA-Midland-Park-Mall---Coach/#|4
tapestry|WORKDAY|GET|/wday/cxs/tapestry/Tapestry_Careers/job/Miramas-FRACoach-Provence-Outlet---Coach/#|4
tapestry|WORKDAY|GET|/wday/cxs/tapestry/Tapestry_Careers/job/Laval-Quebec-CANCarrefour-Laval---Coach/#|4
tapestry|WORKDAY|GET|/wday/cxs/tapestry/Tapestry_Careers/job/Tucson-Arizona-USA-La-Encantada---Coach/#|4
tapestry|WORKDAY|GET|/wday/cxs/tapestry/Tapestry_Careers/job/Hagerstown-Maryland-USA-Hagerstown---Coach/#|4
tapestry|WORKDAY|GET|/wday/cxs/tapestry/Tapestry_Careers/job/Clarksburg-Maryland-USA-Clarksburg-Premium-Outlet---Coach/#|4
tapestry|WORKDAY|GET|/wday/cxs/tapestry/Tapestry_Careers/job/San-Diego-California-USA-Fashion-Valley---Coach/#|4
tapestry|WORKDAY|GET|/wday/cxs/tapestry/Tapestry_Careers/job/Lake-George-New-York-USA-Lake-George---Coach/#|4
tapestry|WORKDAY|GET|/wday/cxs/tapestry/Tapestry_Careers/job/Chesterfield-Missouri-USA-St-Louis-Premium-Outlets---Kate-Spade/#|4
tapestry|WORKDAY|GET|/wday/cxs/tapestry/Tapestry_Careers/job/Petaluma-California-USA-Petaluma-Village-Premium-Outlets---Kate-Spade/#|4
tapestry|WORKDAY|GET|/wday/cxs/tapestry/Tapestry_Careers/job/Toronto-Ontario-CANScarborough-Town-Centre---Coach/#|4
tapestry|WORKDAY|GET|/wday/cxs/tapestry/Tapestry_Careers/job/San-Antonio-Texas-USA-La-Cantera---Coach/#|4
tapestry|WORKDAY|GET|/wday/cxs/tapestry/Tapestry_Careers/job/Ho-Chi-Minh-VNM-Vietnam-Corporate-Office/#|4
tapestry|WORKDAY|GET|/wday/cxs/tapestry/Tapestry_Careers/job/Niagara-Falls-New-York-USA-Niagara-Falls---Coach/#|3
tapestry|WORKDAY|GET|/wday/cxs/tapestry/Tapestry_Careers/job/Foley-Alabama-USA-Foley---Coach/#|3
tapestry|WORKDAY|GET|/wday/cxs/tapestry/Tapestry_Careers/job/Foley-Alabama-USA-Tanger-Outlets-Foley---Kate-Spade/#|3
tapestry|WORKDAY|GET|/wday/cxs/tapestry/Tapestry_Careers/job/Folsom-California-USA-Folsom---Coach/#|3
tapestry|WORKDAY|GET|/wday/cxs/tapestry/Tapestry_Careers/job/Folsom-California-USA-Folsom-Premium-Outlets---Kate-Spade/#|3
tapestry|WORKDAY|GET|/wday/cxs/tapestry/Tapestry_Careers/job/Fort-Worth-Texas-USA-Fort-Worth---Coach/#|3
tapestry|WORKDAY|GET|/wday/cxs/tapestry/Tapestry_Careers/job/Charlotte-North-Carolina-USA-Charlotte-Premium-Outlets---Kate-Spade/#|3
tapestry|WORKDAY|GET|/wday/cxs/tapestry/Tapestry_Careers/job/Gilroy-California-USA-Gilroy-MenS---Coach/#|3
tapestry|WORKDAY|GET|/wday/cxs/tapestry/Tapestry_Careers/job/Gilroy-California-USA-Gilroy-Premium-Outlets---Kate-Spade/#|3
tapestry|WORKDAY|GET|/wday/cxs/tapestry/Tapestry_Careers/job/Glendale-Arizona-USA-Westgate---Coach/#|3
tapestry|WORKDAY|GET|/wday/cxs/tapestry/Tapestry_Careers/job/Glendale-Arizona-USA-Westgate-Coffee-Shop---Coach/#|3
tapestry|WORKDAY|GET|/wday/cxs/tapestry/Tapestry_Careers/job/Greenwood-Indiana-USA-Greenwood-Park---Coach/#|3
tapestry|WORKDAY|GET|/wday/cxs/tapestry/Tapestry_Careers/job/Castle-Rock-Colorado-USA-Outlets-At-Castle-Rock---Kate-Spade/#|3
tapestry|WORKDAY|GET|/wday/cxs/tapestry/Tapestry_Careers/job/Halton-Hills-Ontario-CANToronto-Premium-Outlets---Kate-Spade/#|3
tapestry|WORKDAY|GET|/wday/cxs/tapestry/Tapestry_Careers/job/Hong-Kong-Hong-Kong-SAR-Hk-Sogo-Kai-Tak---Coach/#|3
tapestry|WORKDAY|GET|/wday/cxs/tapestry/Tapestry_Careers/job/Indonesia/#|3
tapestry|WORKDAY|GET|/wday/cxs/tapestry/Tapestry_Careers/job/Jackson-New-Jersey-USA-Jackson-Premium-Outlets---Coach/#|3
tapestry|WORKDAY|GET|/wday/cxs/tapestry/Tapestry_Careers/job/King-Of-Prussia-Pennsylvania-USA-King-Of-Prussia---Kate-Spade/#|3
tapestry|WORKDAY|GET|/wday/cxs/tapestry/Tapestry_Careers/job/Kuala-Lumpur-MYS-My-Kuala-Lumpur-Klcc---Coach/#|3
tapestry|WORKDAY|GET|/wday/cxs/tapestry/Tapestry_Careers/job/Lake-Grove-USASmith-Haven---Coach/#|3
tapestry|WORKDAY|GET|/wday/cxs/tapestry/Tapestry_Careers/job/Las-Rozas-ESP-Coach-Las-Rozas-Outlet---Coach/#|3
tapestry|WORKDAY|GET|/wday/cxs/tapestry/Tapestry_Careers/job/Las-Vegas-Nevada-USA-Forum---Coach/#|3
tapestry|WORKDAY|GET|/wday/cxs/tapestry/Tapestry_Careers/job/Las-Vegas-USALvp-Coffee-Shop---Coach/#|3
tapestry|WORKDAY|GET|/wday/cxs/tapestry/Tapestry_Careers/job/Lee-Massachusetts-USA-Lee---Coach/#|3
tapestry|WORKDAY|GET|/wday/cxs/tapestry/Tapestry_Careers/job/Leesburg-Virginia-USA-Leesburg-Outlets---Coach/#|3
tapestry|WORKDAY|GET|/wday/cxs/tapestry/Tapestry_Careers/job/Washington-Pennsylvania-USA-Tanger-Outlets-Pittsburgh---Kate-Spade/#|3
tapestry|WORKDAY|GET|/wday/cxs/tapestry/Tapestry_Careers/job/Lutz-Florida-USA-Tampa-Premium-Outlets---Kate-Spade/#|3
tapestry|WORKDAY|GET|/wday/cxs/tapestry/Tapestry_Careers/job/Mashantucket-Connecticut-USA-Tanger-Outlets-Foxwoods---Kate-Spade/#|3
tapestry|WORKDAY|GET|/wday/cxs/tapestry/Tapestry_Careers/job/Mcallen-Texas-USA-La-Plaza---Coach/#|3
tapestry|WORKDAY|GET|/wday/cxs/tapestry/Tapestry_Careers/job/Mclean-Virginia-USA-Tysons---Coach/#|3
tapestry|WORKDAY|GET|/wday/cxs/tapestry/Tapestry_Careers/job/Mebane-North-Carolina-USA-Tanger-Outlets-Mebane---Kate-Spade/#|3
tapestry|WORKDAY|GET|/wday/cxs/tapestry/Tapestry_Careers/job/Metairie-Louisiana-USA-Lakeside---Coach/#|3
tapestry|WORKDAY|GET|/wday/cxs/tapestry/Tapestry_Careers/job/Miami-Florida-USA-Brickell-City-Centre---Coach/#|3
tapestry|WORKDAY|GET|/wday/cxs/tapestry/Tapestry_Careers/job/Montebello-California-USA-Montebello-Town-Center---Coach/#|3
tapestry|WORKDAY|GET|/wday/cxs/tapestry/Tapestry_Careers/job/Munchen-DEUCoach-Ludwig-Beck---Coach/#|3
tapestry|WORKDAY|GET|/wday/cxs/tapestry/Tapestry_Careers/job/Myrtle-Beach-South-Carolina-USA-Tanger-Outlets-Myrtle-Beach---Kate-Spade/#|3
tapestry|WORKDAY|GET|/wday/cxs/tapestry/Tapestry_Careers/job/Nashville-Tennessee-USA-Opry-Mills---Kate-Spade/#|3
tapestry|WORKDAY|GET|/wday/cxs/tapestry/Tapestry_Careers/job/Natick-Massachusetts-USA-Natick-Coach/#|3
tapestry|WORKDAY|GET|/wday/cxs/tapestry/Tapestry_Careers/job/New-Taipei-Taiwan-Region-Tw-Taipei-Far-Eastern-Banciao---Coach/#|3
tapestry|WORKDAY|GET|/wday/cxs/tapestry/Tapestry_Careers/job/New-York-New-York-USA-World-Trade-Center---Kate-Spade/#|3
tapestry|WORKDAY|GET|/wday/cxs/tapestry/Tapestry_Careers/job/Norfolk-Virginia-USA-Norfolk-Premium-Outlets---Kate-Spade/#|3
tapestry|WORKDAY|GET|/wday/cxs/tapestry/Tapestry_Careers/job/Orlando-Florida-USA-The-Mall-At-Millenia---Coach/#|3
tapestry|WORKDAY|GET|/wday/cxs/tapestry/Tapestry_Careers/job/Ottawa-Ontario-CANOttawa---Coach/#|3
tapestry|WORKDAY|GET|/wday/cxs/tapestry/Tapestry_Careers/job/Arlington-Virginia-USA-Pentagon---Coach/#|3
tapestry|WORKDAY|GET|/wday/cxs/tapestry/Tapestry_Careers/job/Paris-FRACoach-Printemps-HAUSsmann---Coach/#|3
tapestry|WORKDAY|GET|/wday/cxs/tapestry/Tapestry_Careers/job/Pembroke-Pines-Florida-USA-Pembroke-Gardens---Coach/#|3
tapestry|WORKDAY|GET|/wday/cxs/tapestry/Tapestry_Careers/job/Williamsburg-Virginia-USA-Williamsburg-Premium-Outlets---Kate-Spade/#|3
tapestry|WORKDAY|GET|/wday/cxs/tapestry/Tapestry_Careers/job/Pittsburgh-Pennsylvania-USA-Ross-Park-Mall---Coach/#|3
tapestry|WORKDAY|GET|/wday/cxs/tapestry/Tapestry_Careers/job/Plano-Texas-USA-Legacy-West---Coach/#|3
tapestry|WORKDAY|GET|/wday/cxs/tapestry/Tapestry_Careers/job/Ashford-GBR-Coach-Ashford-Outlet---Coach/#|3
tapestry|WORKDAY|GET|/wday/cxs/tapestry/Tapestry_Careers/job/Queenstown-Maryland-USA-Queenstown---Coach/#|3
tapestry|WORKDAY|GET|/wday/cxs/tapestry/Tapestry_Careers/job/Atlanta-Georgia-USA-Ponce-City-Market-Coach/#|3
tapestry|WORKDAY|GET|/wday/cxs/tapestry/Tapestry_Careers/job/Rocky-View-Alberta-CANCrossiron-Mills---Coach/#|3
tapestry|WORKDAY|GET|/wday/cxs/tapestry/Tapestry_Careers/job/Buford-Georgia-USA-Mall-Of-Georgia---Coach/#|3
tapestry|WORKDAY|GET|/wday/cxs/tapestry/Tapestry_Careers/job/Buffalo-New-York-USA-Walden-Galleria---Coach/#|3
tapestry|WORKDAY|GET|/wday/cxs/tapestry/Tapestry_Careers/job/Sacramento-California-USA-Sacramento---Coach/#|3
tapestry|WORKDAY|GET|/wday/cxs/tapestry/Tapestry_Careers/job/Saint-Augustine-Florida-USA-St-Augustine---Coach/#|3
tapestry|WORKDAY|GET|/wday/cxs/tapestry/Tapestry_Careers/job/Winnipeg-Manitoba-CANWinnipeg---Coach/#|3
tapestry|WORKDAY|GET|/wday/cxs/tapestry/Tapestry_Careers/job/Salt-Lake-City-Utah-USA-City-Creek-Center---Coach/#|3
tapestry|WORKDAY|GET|/wday/cxs/tapestry/Tapestry_Careers/job/Carlsbad-California-USA-Carlsbad---Coach/#|3
tapestry|WORKDAY|GET|/wday/cxs/tapestry/Tapestry_Careers/job/Ann-Arbor-Michigan-USA-Briarwood---Coach/#|3
tapestry|WORKDAY|GET|/wday/cxs/tapestry/Tapestry_Careers/job/Canutillo-Texas-USA-The-Outlet-Shoppes-At-El-Paso---Kate-Spade/#|3
tapestry|WORKDAY|GET|/wday/cxs/tapestry/Tapestry_Careers/job/San-Diego-California-USA-Las-Americas-Outlets---Coach/#|3
tapestry|WORKDAY|GET|/wday/cxs/tapestry/Tapestry_Careers/job/San-Diego-California-USA-Westfield-Utc-La-Jolla---Kate-Spade/#|3
tapestry|WORKDAY|GET|/wday/cxs/tapestry/Tapestry_Careers/job/San-Juan-USAMontehiedra---Coach/#|3
tapestry|WORKDAY|GET|/wday/cxs/tapestry/Tapestry_Careers/job/Camarillo-California-USA-Camarillo-MenS---Coach/#|3
tapestry|WORKDAY|GET|/wday/cxs/tapestry/Tapestry_Careers/job/Cabazon-California-USA-Cabazon---Coach/#|3
tapestry|WORKDAY|GET|/wday/cxs/tapestry/Tapestry_Careers/job/Woodbridge-Virginia-USA-Potomac-Mills---Kate-Spade/#|3
tapestry|WORKDAY|GET|/wday/cxs/tapestry/Tapestry_Careers/job/Short-Hills-New-Jersey-USA-Short-Hills---Coach/#|3
tapestry|WORKDAY|GET|/wday/cxs/tapestry/Tapestry_Careers/job/Siheung-Si-KORCoh-Kr-Gyeonggi-Sg-Siheung-Outlet---Coach/#|3
tapestry|WORKDAY|GET|/wday/cxs/tapestry/Tapestry_Careers/job/Sunrise-Florida-USA-Sawgrass-Mills---Kate-Spade/#|3
tapestry|WORKDAY|GET|/wday/cxs/tapestry/Tapestry_Careers/job/Woodburn-Oregon-USA-Woodburn---Coach/#|3
tapestry|WORKDAY|GET|/wday/cxs/tapestry/Tapestry_Careers/job/Syracuse-New-York-USA-Destiny-USA---Kate-Spade/#|3
tapestry|WORKDAY|GET|/wday/cxs/tapestry/Tapestry_Careers/job/Tampa-Florida-USA-International-Plaza---Coach/#|3
tapestry|WORKDAY|GET|/wday/cxs/tapestry/Tapestry_Careers/job/Taoyuan-Taiwan-Region-Tw-Taoyuan-Tai-Mall-Factory-Outlet---Coach/#|3
tapestry|WORKDAY|GET|/wday/cxs/tapestry/Tapestry_Careers/job/Woodburn-Oregon-USA-Woodburn-Premium-Outlets---Kate-Spade/#|3
tapestry|WORKDAY|GET|/wday/cxs/tapestry/Tapestry_Careers/job/The-Woodlands-Texas-USA-Woodlands-Mall---Coach/#|3
tapestry|WORKDAY|GET|/wday/cxs/tapestry/Tapestry_Careers/job/Thornton-Colorado-USA-Denver-Premium---Coach/#|3
tapestry|WORKDAY|GET|/wday/cxs/tapestry/Tapestry_Careers/job/Tokyo-JPN-Kate-Spade-Tokyo-Headquarters---Kate-Spade/#|3
tapestry|WORKDAY|GET|/wday/cxs/tapestry/Tapestry_Careers/job/Toronto-Ontario-CANToronto-Eaton-Centre---Coach/#|3
tapestry|WORKDAY|GET|/wday/cxs/tapestry/Tapestry_Careers/job/Tucson-Arizona-USA-Tucson-Premium-Outlets---Kate-Spade/#|3
tapestry|WORKDAY|GET|/wday/cxs/tapestry/Tapestry_Careers/job/Tulalip-Washington-USA-Seattle-Outlets---Coach/#|3
tapestry|WORKDAY|GET|/wday/cxs/tapestry/Tapestry_Careers/job/Concord-North-Carolina-USA-Concord-Mills---Coach/#|3
tapestry|WORKDAY|GET|/wday/cxs/tapestry/Tapestry_Careers/job/Commerce-California-USA-Citadel-Outlets---Kate-Spade/#|3
tapestry|WORKDAY|GET|/wday/cxs/tapestry/Tapestry_Careers/job/Dallas-Texas-USA-Northpark-Center---Coach/#|3
tapestry|WORKDAY|GET|/wday/cxs/tapestry/Tapestry_Careers/job/Danbury-Connecticut-USA-Danbury-Fair---Coach/#|3
tapestry|WORKDAY|GET|/wday/cxs/tapestry/Tapestry_Careers/job/Clinton-Connecticut-USA-Clinton-Crossing-Premium-Outlets---Kate-Spade/#|3
tapestry|WORKDAY|GET|/wday/cxs/tapestry/Tapestry_Careers/job/Denver-Colorado-USA-Cherry-Creek---Coach/#|3
tapestry|WORKDAY|GET|/wday/cxs/tapestry/Tapestry_Careers/job/Edina-Minnesota-USA-Edina---Coach/#|3
tapestry|WORKDAY|GET|/wday/cxs/tapestry/Tapestry_Careers/job/Edinburgh-GBR-Coach-Edinburgh---Coach/#|3
tapestry|WORKDAY|GET|/wday/cxs/tapestry/Tapestry_Careers/job/Edinburgh-Indiana-USA-Edinburgh-Premium-Outlets---Kate-Spade/#|3
tapestry|WORKDAY|GET|/wday/cxs/tapestry/Tapestry_Careers/job/Cincinnati-Ohio-USA-Cincinnati---Coach/#|3
tapestry|WORKDAY|GET|/wday/cxs/tapestry/Tapestry_Careers/job/Tyler-Texas-USA-Broadway-Square---Coach/#|3
tapestry|WORKDAY|GET|/wday/cxs/tapestry/Tapestry_Careers/job/Farmington-Connecticut-USA-Westfarms---Kate-Spade/#|3
tapestry|WORKDAY|GET|/wday/cxs/tapestry/Tapestry_Careers/job/Bellevue-Washington-USA-Bellevue-Square---Coach/#|2
tapestry|WORKDAY|GET|/wday/cxs/tapestry/Tapestry_Careers/job/Homebush-AUS-Dfo-Homebush---Coach/#|2
tapestry|WORKDAY|GET|/wday/cxs/tapestry/Tapestry_Careers/job/Penang-MYS-My-George-Town-Gurney-Plaza---Coach/#|2
tapestry|WORKDAY|GET|/wday/cxs/tapestry/Tapestry_Careers/job/Lincoln-City-Oregon-USA-Lincoln-City---Coach/#|2
tapestry|WORKDAY|GET|/wday/cxs/tapestry/Tapestry_Careers/job/Zweibrcken-DEUCoach-Zweibrucken-Outlet---Coach/#|2
tapestry|WORKDAY|GET|/wday/cxs/tapestry/Tapestry_Careers/job/Gaffney-South-Carolina-USA-Gaffney-Outlet-Marketplace---Kate-Spade/#|2
tapestry|WORKDAY|GET|/wday/cxs/tapestry/Tapestry_Careers/job/Lawrenceville-New-Jersey-USA-Quaker-Bridge-Mall---Coach/#|2
tapestry|WORKDAY|GET|/wday/cxs/tapestry/Tapestry_Careers/job/Pismo-Beach-California-USA-Pismo-Beach---Coach/#|2
tapestry|WORKDAY|GET|/wday/cxs/tapestry/Tapestry_Careers/job/Pismo-Beach-California-USA-Pismo-Beach-Premium-Outlets---Kate-Spade/#|2
tapestry|WORKDAY|GET|/wday/cxs/tapestry/Tapestry_Careers/job/Zhongli-Taiwan-Region-Tw-Zhongli-Sogo---Coach/#|2
tapestry|WORKDAY|GET|/wday/cxs/tapestry/Tapestry_Careers/job/Gonzales-Louisiana-USA-Gonzales---Coach/#|2
tapestry|WORKDAY|GET|/wday/cxs/tapestry/Tapestry_Careers/job/Toronto-Ontario-CANToronto-Eaton-Centre---Kate-Spade/#|2
tapestry|WORKDAY|GET|/wday/cxs/tapestry/Tapestry_Careers/job/Las-Vegas-Nevada-USA-Las-Vegas-Outlet-Center---Coach/#|2
tapestry|WORKDAY|GET|/wday/cxs/tapestry/Tapestry_Careers/job/Portland-Oregon-USA-Clackamas-Town-Center---Coach/#|2
tapestry|WORKDAY|GET|/wday/cxs/tapestry/Tapestry_Careers/job/Camarillo-California-USA-Camarillo-Premium-Outlets---Kate-Spade/#|2
tapestry|WORKDAY|GET|/wday/cxs/tapestry/Tapestry_Careers/job/Las-Vegas-Nevada-USA-Grand-Canal-Shoppes---Kate-Spade/#|2
tapestry|WORKDAY|GET|/wday/cxs/tapestry/Tapestry_Careers/job/Birch-Run-Michigan-USA-Birch-Run-Premium-Outlets---Kate-Spade/#|2
tapestry|WORKDAY|GET|/wday/cxs/tapestry/Tapestry_Careers/job/Raleigh-North-Carolina-USA-Crabtree-Valley---Coach/#|2
tapestry|WORKDAY|GET|/wday/cxs/tapestry/Tapestry_Careers/job/Rehoboth-Beach-Delaware-USA-Rehoboth---Coach/#|2
tapestry|WORKDAY|GET|/wday/cxs/tapestry/Tapestry_Careers/job/Reno-Nevada-USA-Meadowood-Mall---Coach/#|2
tapestry|WORKDAY|GET|/wday/cxs/tapestry/Tapestry_Careers/job/Alpine-California-USA-Viejas---Coach/#|2
tapestry|WORKDAY|GET|/wday/cxs/tapestry/Tapestry_Careers/job/Cannock-GBR-Coach-West-Midlands-Outlet---Coach/#|2
tapestry|WORKDAY|GET|/wday/cxs/tapestry/Tapestry_Careers/job/Laredo-Texas-USA-Laredo---Coach/#|2
tapestry|WORKDAY|GET|/wday/cxs/tapestry/Tapestry_Careers/job/Riverhead-New-York-USA-Riverhead---Coach/#|2
tapestry|WORKDAY|GET|/wday/cxs/tapestry/Tapestry_Careers/job/Wustermark-GBR-Coach-Berlin-Outlet---Coach/#|2
tapestry|WORKDAY|GET|/wday/cxs/tapestry/Tapestry_Careers/job/Tsawwassen-British-Columbia-CANTsawwassen-Mills---Kate-Spade/#|2
tapestry|WORKDAY|GET|/wday/cxs/tapestry/Tapestry_Careers/job/Roermond-Nld-Ks-Roermond-Outlet---Kate-Spade/#|2
tapestry|WORKDAY|GET|/wday/cxs/tapestry/Tapestry_Careers/job/Landquart-CHF-Landquart-Outlet---Coach/#|2
tapestry|WORKDAY|GET|/wday/cxs/tapestry/Tapestry_Careers/job/Lancaster-Pennsylvania-USA-Lancaster---Coach/#|2
tapestry|WORKDAY|GET|/wday/cxs/tapestry/Tapestry_Careers/job/Roseville-California-USA-Roseville---Coach/#|2
tapestry|WORKDAY|GET|/wday/cxs/tapestry/Tapestry_Careers/job/Tsawwassen-Mills-British-Columbia-CANTsawwassen-Mills---Coach/#|2
tapestry|WORKDAY|GET|/wday/cxs/tapestry/Tapestry_Careers/job/Gyeongsangnam-Do-KORCoh-Kr-Gyeongnam-Lt-Gimhae-Outlet---Coach/#|2
tapestry|WORKDAY|GET|/wday/cxs/tapestry/Tapestry_Careers/job/Grove-City-Pennsylvania-USA-Grove-City-Premium-Outlets---Kate-Spade/#|2
tapestry|WORKDAY|GET|/wday/cxs/tapestry/Tapestry_Careers/job/Elmont-New-York-USA-Elmont---Coach/#|2
tapestry|WORKDAY|GET|/wday/cxs/tapestry/Tapestry_Careers/job/Charleston-South-Carolina-USA-King-Street---Kate-Spade/#|2
tapestry|WORKDAY|GET|/wday/cxs/tapestry/Tapestry_Careers/job/Lakewood-Colorado-USA-Colorado-Mills---Coach/#|2
tapestry|WORKDAY|GET|/wday/cxs/tapestry/Tapestry_Careers/job/Tulalip-Washington-USA-Seattle-Premium-Outlets---Kate-Spade/#|2
tapestry|WORKDAY|GET|/wday/cxs/tapestry/Tapestry_Careers/job/Concord-North-Carolina-USA-Concord-Mills---Kate-Spade/#|2
tapestry|WORKDAY|GET|/wday/cxs/tapestry/Tapestry_Careers/job/Lake-Buena-Vista-Florida-USA-Disney-Springs---Kate-Spade/#|2
tapestry|WORKDAY|GET|/wday/cxs/tapestry/Tapestry_Careers/job/Cookstown-Ontario-CANCookstown---Coach/#|2
tapestry|WORKDAY|GET|/wday/cxs/tapestry/Tapestry_Careers/job/Tulare-California-USA-Tulare---Coach/#|2
tapestry|WORKDAY|GET|/wday/cxs/tapestry/Tapestry_Careers/job/San-Diego-California-USA-Las-Americas-Premium-Outlet---Kate-Spade/#|2
tapestry|WORKDAY|GET|/wday/cxs/tapestry/Tapestry_Careers/job/Glendale-Arizona-USA-Tanger-Outlets-West-Gate---Kate-Spade/#|2
tapestry|WORKDAY|GET|/wday/cxs/tapestry/Tapestry_Careers/job/Vacaville-California-USA-Vacaville---Coach/#|2
tapestry|WORKDAY|GET|/wday/cxs/tapestry/Tapestry_Careers/job/Woodbridge-Virginia-USA-Potomac-Mills---Coach/#|2
tapestry|WORKDAY|GET|/wday/cxs/tapestry/Tapestry_Careers/job/Kowloon-Hong-Kong-SAR-Hk-Nathan-Road---Coach/#|2
tapestry|WORKDAY|GET|/wday/cxs/tapestry/Tapestry_Careers/job/Kildare-IRL-Coach-Kildare-Outlet---Coach/#|2
tapestry|WORKDAY|GET|/wday/cxs/tapestry/Tapestry_Careers/job/Santa-Clara-California-USA-Valley-Fair---Coach/#|2
tapestry|WORKDAY|GET|/wday/cxs/tapestry/Tapestry_Careers/job/Centralia-Washington-USA-Centralia---Coach/#|2
tapestry|WORKDAY|GET|/wday/cxs/tapestry/Tapestry_Careers/job/Key-West-Florida-USA-Key-West---Coach/#|2
tapestry|WORKDAY|GET|/wday/cxs/tapestry/Tapestry_Careers/job/Seoul-KORCoh-Kr-Hyundai-Ths-Dps---Coach/#|2
tapestry|WORKDAY|GET|/wday/cxs/tapestry/Tapestry_Careers/job/Vacaville-California-USA-Vacaville-Premium-Outlets---Kate-Spade/#|2
tapestry|WORKDAY|GET|/wday/cxs/tapestry/Tapestry_Careers/job/Katy-Texas-USA-Katy-Mills---Kate-Spade/#|2
tapestry|WORKDAY|GET|/wday/cxs/tapestry/Tapestry_Careers/job/Dallas-Texas-USA-Northpark-Center---Kate-Spade/#|2
tapestry|WORKDAY|GET|/wday/cxs/tapestry/Tapestry_Careers/job/Sevierville-Tennessee-USA-Tanger-Outlets-Sevierville---Kate-Spade/#|2
tapestry|WORKDAY|GET|/wday/cxs/tapestry/Tapestry_Careers/job/Atlantic-City-New-Jersey-USA-Atlantic-City---Coach/#|2
tapestry|WORKDAY|GET|/wday/cxs/tapestry/Tapestry_Careers/job/Gilbert-Arizona-USA-San-Tan-Village---Coach/#|2
tapestry|WORKDAY|GET|/wday/cxs/tapestry/Tapestry_Careers/job/Dawsonville-Georgia-USA-Dawsonville---Coach/#|2
tapestry|WORKDAY|GET|/wday/cxs/tapestry/Tapestry_Careers/job/Kaohsiung-Taiwan-Region-Tw-Kaohsiung-Han-Shin-North---Coach/#|2
tapestry|WORKDAY|GET|/wday/cxs/tapestry/Tapestry_Careers/job/Kaohsiung-Taiwan-Region-Tw-Kaohsiung-Han-Shin---Coach/#|2
tapestry|WORKDAY|GET|/wday/cxs/tapestry/Tapestry_Careers/job/Kaohsiung-Taiwan-Region-Tw-Kaohsiung-Far-Eastern---Coach/#|2
tapestry|WORKDAY|GET|/wday/cxs/tapestry/Tapestry_Careers/job/Kaohsiung-City-Taiwan-Region-Skm-Park-Outlet---Coach/#|2
tapestry|WORKDAY|GET|/wday/cxs/tapestry/Tapestry_Careers/job/Kansas-City-Kansas-USA-Legends-Outlets-Kansas-City---Kate-Spade/#|2
tapestry|WORKDAY|GET|/wday/cxs/tapestry/Tapestry_Careers/job/Kansas-City-Kansas-USA-Legends-Outlets-Kansas-City---Coach/#|2
tapestry|WORKDAY|GET|/wday/cxs/tapestry/Tapestry_Careers/job/St-Augustine-Florida-USA-St-Augustine-Premium-Outlets---Kate-Spade/#|2
tapestry|WORKDAY|GET|/wday/cxs/tapestry/Tapestry_Careers/job/Sugarland-Texas-USA-First-Colony-Mall---Coach/#|2
tapestry|WORKDAY|GET|/wday/cxs/tapestry/Tapestry_Careers/job/Jenks-Oklahoma-USA-Tulsa---Coach/#|2
tapestry|WORKDAY|GET|/wday/cxs/tapestry/Tapestry_Careers/job/Sunbury-Ohio-USA-Tanger-Outlets-Columbus---Sunbury---Kate-Spade/#|2
tapestry|WORKDAY|GET|/wday/cxs/tapestry/Tapestry_Careers/job/Hsinchu-Taiwan-Region-Tw-Hsinchu-Far-Eastern---Coach/#|2
tapestry|WORKDAY|GET|/wday/cxs/tapestry/Tapestry_Careers/job/Dawsonville-Georgia-USA-North-Georgia-Premium-Outlets---Kate-Spade/#|2
tapestry|WORKDAY|GET|/wday/cxs/tapestry/Tapestry_Careers/job/Auburn-Hills-Michigan-USA-Great-Lakes-Crossing---Coach/#|2
tapestry|WORKDAY|GET|/wday/cxs/tapestry/Tapestry_Careers/job/Daytona-Beach-Florida-USA-Tanger-Outlets-Daytona-Beach---Kate-Spade/#|2
tapestry|WORKDAY|GET|/wday/cxs/tapestry/Tapestry_Careers/job/Honolulu-Hawaii-USA-Ala-Moana---Coach/#|2
tapestry|WORKDAY|GET|/wday/cxs/tapestry/Tapestry_Careers/job/Commerce-California-USA-Citadel-Outlets---Coach/#|2
tapestry|WORKDAY|GET|/wday/cxs/tapestry/Tapestry_Careers/job/Taichung-Taiwan-Region-Tw-Mitsui-Outlet-Park-Taichung-Port---Coach/#|2
tapestry|WORKDAY|GET|/wday/cxs/tapestry/Tapestry_Careers/job/Taichung-Taiwan-Region-Tw-Taichung-Chung-Yo---Coach/#|2
tapestry|WORKDAY|GET|/wday/cxs/tapestry/Tapestry_Careers/job/Tainan-City-Taiwan-Region-Tainan-Xiaobeimen---Coach/#|2
tapestry|WORKDAY|GET|/wday/cxs/tapestry/Tapestry_Careers/job/Tainan-Taiwan-Region-Tw-Tainan-Mitsukoshi---Coach/#|2
tapestry|WORKDAY|GET|/wday/cxs/tapestry/Tapestry_Careers/job/Taipei-Taiwan-Region-Tw-Taipei-Nanking---Coach/#|2
tapestry|WORKDAY|GET|/wday/cxs/tapestry/Tapestry_Careers/job/Burlington-Massachusetts-USA-Burlington---Coach/#|2
tapestry|WORKDAY|GET|/wday/cxs/tapestry/Tapestry_Careers/job/Minnetonka-Minnesota-USA-Ridgedale---Coach/#|2
tapestry|WORKDAY|GET|/wday/cxs/tapestry/Tapestry_Careers/job/Arvin-California-USA-Tejon-Ranch---Coach/#|2
tapestry|WORKDAY|GET|/wday/cxs/tapestry/Tapestry_Careers/job/Banbridge-GBR-Boulevard---Kate-Spade/#|2
tapestry|WORKDAY|GET|/wday/cxs/tapestry/Tapestry_Careers/job/Burlington-Ontario-CANMapleview-Shopping-Centre---Coach/#|2
tapestry|WORKDAY|GET|/wday/cxs/tapestry/Tapestry_Careers/job/Mishawaka-Indiana-USA-University-Park-Mall---Coach/#|2
tapestry|WORKDAY|GET|/wday/cxs/tapestry/Tapestry_Careers/job/Mississauga-Ontario-CANAsc-Location-Does-Not-Display-On-Website---Kate-Spade/#|2
tapestry|WORKDAY|GET|/wday/cxs/tapestry/Tapestry_Careers/job/Mississauga-Ontario-CANSquare-One---Coach/#|2
tapestry|WORKDAY|GET|/wday/cxs/tapestry/Tapestry_Careers/job/Michigan-City-Indiana-USA-Lighthouse-Place-Premium-Outlets---Kate-Spade/#|2
tapestry|WORKDAY|GET|/wday/cxs/tapestry/Tapestry_Careers/job/BUSAn-KORCoh-Kr-BUSAn-Lt-EastbUSAn-Outlet---Coach/#|2
tapestry|WORKDAY|GET|/wday/cxs/tapestry/Tapestry_Careers/job/Birch-Run-Michigan-USA-Birch-Run---Coach/#|2
tapestry|WORKDAY|GET|/wday/cxs/tapestry/Tapestry_Careers/job/Wuhan-Mainland-China-Wuhan-Skp-Permanent-Store---Coach/#|2
tapestry|WORKDAY|GET|/wday/cxs/tapestry/Tapestry_Careers/job/Allen-Texas-USA-Allen---Coach/#|2
tapestry|WORKDAY|GET|/wday/cxs/tapestry/Tapestry_Careers/job/BUSAn-KORCoh-Kr-BUSAn-Ssg-Kijang-Outlet---Coach/#|2
tapestry|WORKDAY|GET|/wday/cxs/tapestry/Tapestry_Careers/job/Myrtle-Beach-South-Carolina-USA-Myrtle-Beach-South---Coach/#|2
tapestry|WORKDAY|GET|/wday/cxs/tapestry/Tapestry_Careers/job/Taoyuan-Taiwan-Region-Tw-Far-Eastern-Taoyuan---Coach/#|2
tapestry|WORKDAY|GET|/wday/cxs/tapestry/Tapestry_Careers/job/Nanning-Mainland-China-Nanning-NFS---Coach/#|2
tapestry|WORKDAY|GET|/wday/cxs/tapestry/Tapestry_Careers/job/Baraboo-Wisconsin-USA-Wisconsin-Dells---Coach/#|2
tapestry|WORKDAY|GET|/wday/cxs/tapestry/Tapestry_Careers/job/Garden-City-New-York-USA-Roosevelt-Field---Coach/#|2
tapestry|WORKDAY|GET|/wday/cxs/tapestry/Tapestry_Careers/job/Nashville-Tennessee-USA-The-Mall-At-Green-Hills---Kate-Spade/#|2
tapestry|WORKDAY|GET|/wday/cxs/tapestry/Tapestry_Careers/job/Temecula-California-USA-Promenade-In-Temecula---Coach/#|2
tapestry|WORKDAY|GET|/wday/cxs/tapestry/Tapestry_Careers/job/New-Orleans-Louisiana-USA-The-Outlet-Collection-At-Riverwalk---Kate-Spade/#|2
tapestry|WORKDAY|GET|/wday/cxs/tapestry/Tapestry_Careers/job/New-Taipei-City-Taiwan-Region-Tw-Honhui-Plaza---Coach/#|2
tapestry|WORKDAY|GET|/wday/cxs/tapestry/Tapestry_Careers/job/Cerritos-California-USA-Los-Cerritos-Coach/#|2
tapestry|WORKDAY|GET|/wday/cxs/tapestry/Tapestry_Careers/job/Newton-Massachusetts-USA-Chestnut-Hill---Coach/#|2
tapestry|WORKDAY|GET|/wday/cxs/tapestry/Tapestry_Careers/job/New-York-New-York-USA-Broome-Street---Kate-Spade/#|2
tapestry|WORKDAY|GET|/wday/cxs/tapestry/Tapestry_Careers/job/Barcelona-ESP-Coach-La-Roca-Outlet---Coach/#|2
tapestry|WORKDAY|GET|/wday/cxs/tapestry/Tapestry_Careers/job/Banning-California-USA-Cabazon-Asc---Kate-Spade/#|2
tapestry|WORKDAY|GET|/wday/cxs/tapestry/Tapestry_Careers/job/Markham-Ontario-CANMarkville-Shopping-Center---Coach/#|2
tapestry|WORKDAY|GET|/wday/cxs/tapestry/Tapestry_Careers/job/Macau-Macau-SAR-Coh-Mc-Old-Town---Coach/#|2
tapestry|WORKDAY|GET|/wday/cxs/tapestry/Tapestry_Careers/job/West-Palm-Beach-Florida-USA-Palm-Beach-Outlets---Kate-Spade/#|2
tapestry|WORKDAY|GET|/wday/cxs/tapestry/Tapestry_Careers/job/Lutz-Florida-USA-Tampa---Coach/#|2
tapestry|WORKDAY|GET|/wday/cxs/tapestry/Tapestry_Careers/job/Hong-Kong-Hong-Kong-SAR-Hk-Ocean-Terminal---Coach/#|2
tapestry|WORKDAY|GET|/wday/cxs/tapestry/Tapestry_Careers/job/New-York-USAHudson-Yards-Coffee-Shop---Coach/#|2
tapestry|WORKDAY|GET|/wday/cxs/tapestry/Tapestry_Careers/job/Charlotte-North-Carolina-USA-Southpark---Coach/#|2
tapestry|WORKDAY|GET|/wday/cxs/tapestry/Tapestry_Careers/job/Brea-California-USA-Brea---Coach/#|2
tapestry|WORKDAY|GET|/wday/cxs/tapestry/Tapestry_Careers/job/Antioch-Tennessee-USA-Nashville---Coach/#|2
tapestry|WORKDAY|GET|/wday/cxs/tapestry/Tapestry_Careers/job/Chandler-Arizona-USA-Phoenix---Coach/#|2
tapestry|WORKDAY|GET|/wday/cxs/tapestry/Tapestry_Careers/job/North-Bend-Washington-USA-North-Bend---Coach/#|2
tapestry|WORKDAY|GET|/wday/cxs/tapestry/Tapestry_Careers/job/Braintree-GBR-Ce-Braintree-Outlet---Coach/#|2
tapestry|WORKDAY|GET|/wday/cxs/tapestry/Tapestry_Careers/job/Oak-Brook-Illinois-USA-Oakbrook-Center---Kate-Spade/#|2
tapestry|WORKDAY|GET|/wday/cxs/tapestry/Tapestry_Careers/job/Lubbock-Texas-USA-Lubbock---Coach/#|2
tapestry|WORKDAY|GET|/wday/cxs/tapestry/Tapestry_Careers/job/Ocean-City-Maryland-USA-Ocean-City---Coach/#|2
tapestry|WORKDAY|GET|/wday/cxs/tapestry/Tapestry_Careers/job/Los-Angeles-California-USA-The-Grove-La---Coach/#|2
tapestry|WORKDAY|GET|/wday/cxs/tapestry/Tapestry_Careers/job/Omaha-Nebraska-USA-Village-Pointe---Coach/#|2
tapestry|WORKDAY|GET|/wday/cxs/tapestry/Tapestry_Careers/job/Boston-Massachusetts-USA-Faneuil-Hall---Coach/#|2
tapestry|WORKDAY|GET|/wday/cxs/tapestry/Tapestry_Careers/job/Los-Angeles-California-USA-Beverly-Center---Coach/#|2
tapestry|WORKDAY|GET|/wday/cxs/tapestry/Tapestry_Careers/job/Boise-Idaho-USA-Boise-Town-Square---Coach/#|2
tapestry|WORKDAY|GET|/wday/cxs/tapestry/Tapestry_Careers/job/Bloomington-Minnesota-USA-Mall-Of-America---Kate-Spade/#|2
tapestry|WORKDAY|GET|/wday/cxs/tapestry/Tapestry_Careers/job/Bloomington-Minnesota-USA-Mall-Of-America---Coach/#|2
tapestry|WORKDAY|GET|/wday/cxs/tapestry/Tapestry_Careers/job/Carlsbad-California-USA-Carlsbad-MenS---Coach/#|2
tapestry|WORKDAY|GET|/wday/cxs/tapestry/Tapestry_Careers/job/Blackwood-New-Jersey-USA-Gloucester-Premium-Outlets---Kate-Spade/#|2
tapestry|WORKDAY|GET|/wday/cxs/tapestry/Tapestry_Careers/job/Tulsa-Oklahoma-USA-Woodland--Tulsa---Coach/#|2
tapestry|WORKDAY|GET|/wday/cxs/tapestry/Tapestry_Careers/job/Thornton-Colorado-USA-Denver-Premium-Outlets---Kate-Spade/#|2
tapestry|WORKDAY|GET|/wday/cxs/tapestry/Tapestry_Careers/job/Ottawa-Ontario-CANTanger-Outlets-Ottawa---Kate-Spade/#|2
tapestry|WORKDAY|GET|/wday/cxs/tapestry/Tapestry_Careers/job/Oxon-Hill-Maryland-USA-Tanger-Outlets-National-Harbor---Kate-Spade/#|2
tapestry|WORKDAY|GET|/wday/cxs/tapestry/Tapestry_Careers/job/Palm-Beach-Gardens-Florida-USA-Palm-Beach---Coach/#|2
tapestry|WORKDAY|GET|/wday/cxs/tapestry/Tapestry_Careers/job/Palo-Alto-California-USA-Palo-Alto---Coach/#|2
tapestry|WORKDAY|GET|/wday/cxs/tapestry/Tapestry_Careers/job/Waipahu-Hawaii-USA-Waikele-MenS---Coach/#|2
tapestry|WORKDAY|GET|/wday/cxs/tapestry/Tapestry_Careers/job/Hong-Kong-Hong-Kong-SAR-Hk-Citygate-Factory---Coach/#|2
tapestry|WORKDAY|GET|/wday/cxs/tapestry/Tapestry_Careers/job/Aurora-Illinois-USA-Chicago-Premium-Outlets---Kate-Spade/#|2
taylor-stitch|SMARTRECRUITERS|GET|/#/companies/taylorstitch/postings/#|2
the-kooples|DIGITALRECRUITERS|GET|/fr/annonce/#|63
theory-eu|WORKDAY|GET|/wday/cxs/fastretailing/eu_Theory/job/Link-Theory-UK-Ltd-London-Showroom/#|6
theory-eu|WORKDAY|GET|/wday/cxs/fastretailing/eu_Theory/job/TW-Harvey-NicholsLTDE/#|3
theory-eu|WORKDAY|GET|/wday/cxs/fastretailing/eu_Theory/job/Theory-Regent-StreetLTEU/#|3
theory-eu|WORKDAY|GET|/wday/cxs/fastretailing/eu_Theory/job/TW-PrintempsLTFR/#|3
theory-eu|WORKDAY|GET|/wday/cxs/fastretailing/eu_Theory/job/Theory-Covent-GardenLTEU/#|2
theory-us-retail|WORKDAY|GET|/wday/cxs/fastretailing/retail_us_Theory/job/Theory-GansevoortLTUS/#|3
theory-us-retail|WORKDAY|GET|/wday/cxs/fastretailing/retail_us_Theory/job/Theory-Greene-StLTUS/#|2
therealreal|WORKDAY|GET|/wday/cxs/therealreal/Careers/job/#/#|20
therealreal|WORKDAY|GET|/wday/cxs/therealreal/Careers/job/Onsite---Phoenix-AZ/#|17
therealreal|WORKDAY|GET|/wday/cxs/therealreal/Careers/job/Onsite---Perth-Amboy-NJ/#|17
therealreal|WORKDAY|GET|/wday/cxs/therealreal/Careers/job/Remote---California/#|9
therealreal|WORKDAY|GET|/wday/cxs/therealreal/Careers/job/San-Francisco-CA/#|8
therealreal|WORKDAY|GET|/wday/cxs/therealreal/Careers/job/New-York-NY/#|7
therealreal|WORKDAY|POST|/wday/cxs/therealreal/Careers/jobs|6
therealreal|WORKDAY|GET|/wday/cxs/therealreal/Careers/job/Los-Angeles-CA/#|5
therealreal|WORKDAY|GET|/wday/cxs/therealreal/Careers/job/Miami-FL/#|3
therealreal|WORKDAY|GET|/wday/cxs/therealreal/Careers/job/Chestnut-Hill---Retail/#|3
therealreal|WORKDAY|GET|/wday/cxs/therealreal/Careers/job/Palo-Alto-CA/#|2
therealreal|WORKDAY|GET|/wday/cxs/therealreal/Careers/job/Chicago-IL/#|2
therealreal|WORKDAY|GET|/wday/cxs/therealreal/Careers/job/Glendale---Retail/#|2
therealreal|WORKDAY|GET|/wday/cxs/therealreal/Careers/job/Newport-Beach-CA/#|2
therealreal|WORKDAY|GET|/wday/cxs/therealreal/Careers/job/Remote---New-York/#|2
thomas-sabo|PERSONIO|GET|/job/#|37
tiffany-oracle|ORACLE_HCM|GET|/hcmRestApi/resources/latest/recruitingCEJobRequisitionDetails|471
tiffany-oracle|ORACLE_HCM|GET|/hcmRestApi/resources/latest/recruitingCEJobRequisitions|3
tods|SUCCESSFACTORS|GET|/job/#/#/|2
ulta-jibe|JIBE|GET|/api/jobs|101
uniqlo-au-graduates|WORKDAY|GET|/wday/cxs/fastretailing/graduates_au_Uniqlo/job/Melbourne/#|2
uniqlo-au-stores|WORKDAY|GET|/wday/cxs/fastretailing/store_staff_au_Uniqlo/job/Sydney-Australia/#|26
uniqlo-au-stores|WORKDAY|GET|/wday/cxs/fastretailing/store_staff_au_Uniqlo/job/Melbourne-Australia/#|15
uniqlo-au-stores|WORKDAY|GET|/wday/cxs/fastretailing/store_staff_au_Uniqlo/job/Brisbane-City-Australia/#|8
uniqlo-au-stores|WORKDAY|GET|/wday/cxs/fastretailing/store_staff_au_Uniqlo/job/Perth-WA-Australia/#|6
uniqlo-au-stores|WORKDAY|GET|/wday/cxs/fastretailing/store_staff_au_Uniqlo/job/Adelaide-Australia/#|6
uniqlo-au-stores|WORKDAY|POST|/wday/cxs/fastretailing/store_staff_au_Uniqlo/jobs|4
uniqlo-au-stores|WORKDAY|GET|/wday/cxs/fastretailing/store_staff_au_Uniqlo/job/Broadbeach-Waters-Australia/#|2
uniqlo-au-stores|WORKDAY|GET|/wday/cxs/fastretailing/store_staff_au_Uniqlo/job/Robina-Australia/#|2
uniqlo-au-stores|WORKDAY|GET|/wday/cxs/fastretailing/store_staff_au_Uniqlo/job/UNIQLO-Canberra-CentreUQAU/#|2
uniqlo-headquarters|WORKDAY|GET|/wday/cxs/fastretailing/headquarters_eu_Uniqlo/job/Paris-France/#|7
uniqlo-headquarters|WORKDAY|GET|/wday/cxs/fastretailing/headquarters_eu_Uniqlo/job/London-United-Kingdom/#|6
uniqlo-headquarters|WORKDAY|GET|/wday/cxs/fastretailing/headquarters_eu_Uniqlo/job/Berlin-Germany/#|2
uniqlo-hkm-headquarters|WORKDAY|GET|/wday/cxs/fastretailing/headquarters_hkm_Uniqlo/job/#|4
uniqlo-hkm-headquarters|WORKDAY|GET|/wday/cxs/fastretailing/headquarters_hkm_Uniqlo/job/Hong-Kong-Tsim-Sha-Tsui-UQHK/#|4
uniqlo-my-headquarters|WORKDAY|GET|/wday/cxs/fastretailing/headquarters_my_Uniqlo/job/Kuala-Lumpur/#|4
uniqlo-stores|WORKDAY|GET|/wday/cxs/fastretailing/store_staff_eu_Uniqlo/job/London-United-Kingdom/#|12
uniqlo-stores|WORKDAY|GET|/wday/cxs/fastretailing/store_staff_eu_Uniqlo/job/Madrid-Spain/#|8
uniqlo-stores|WORKDAY|GET|/wday/cxs/fastretailing/store_staff_eu_Uniqlo/job/Barcelona-Spain/#|7
uniqlo-stores|WORKDAY|POST|/wday/cxs/fastretailing/store_staff_eu_Uniqlo/jobs|6
uniqlo-stores|WORKDAY|GET|/wday/cxs/fastretailing/store_staff_eu_Uniqlo/job/Kln-Germany/#|5
uniqlo-stores|WORKDAY|GET|/wday/cxs/fastretailing/store_staff_eu_Uniqlo/job/Paris-France/#|5
uniqlo-stores|WORKDAY|GET|/wday/cxs/fastretailing/store_staff_eu_Uniqlo/job/Frankfurt-Germany/#|5
uniqlo-stores|WORKDAY|GET|/wday/cxs/fastretailing/store_staff_eu_Uniqlo/job/Milan-Italy/#|4
uniqlo-stores|WORKDAY|GET|/wday/cxs/fastretailing/store_staff_eu_Uniqlo/job/Lyon-France/#|4
uniqlo-stores|WORKDAY|GET|/wday/cxs/fastretailing/store_staff_eu_Uniqlo/job/Hamburg-Germany/#|4
uniqlo-stores|WORKDAY|GET|/wday/cxs/fastretailing/store_staff_eu_Uniqlo/job/Glasgow-Scotland/#|3
uniqlo-stores|WORKDAY|GET|/wday/cxs/fastretailing/store_staff_eu_Uniqlo/job/Annecy-France/#|3
uniqlo-stores|WORKDAY|GET|/wday/cxs/fastretailing/store_staff_eu_Uniqlo/job/Berlin-Germany/#|3
uniqlo-stores|WORKDAY|GET|/wday/cxs/fastretailing/store_staff_eu_Uniqlo/job/Cannes-France/#|3
uniqlo-stores|WORKDAY|GET|/wday/cxs/fastretailing/store_staff_eu_Uniqlo/job/Dsseldorf-Germany/#|3
uniqlo-stores|WORKDAY|GET|/wday/cxs/fastretailing/store_staff_eu_Uniqlo/job/Manchester-United-Kingdom/#|3
uniqlo-stores|WORKDAY|GET|/wday/cxs/fastretailing/store_staff_eu_Uniqlo/job/Munich-Germany/#|3
uniqlo-stores|WORKDAY|GET|/wday/cxs/fastretailing/store_staff_eu_Uniqlo/job/Copenhagen-Denmark/#|2
uniqlo-stores|WORKDAY|GET|/wday/cxs/fastretailing/store_staff_eu_Uniqlo/job/City-of-Luxembourg-Luxembourg/#|2
uniqlo-stores|WORKDAY|GET|/wday/cxs/fastretailing/store_staff_eu_Uniqlo/job/Antwerpen-Belgium/#|2
uniqlo-stores|WORKDAY|GET|/wday/cxs/fastretailing/store_staff_eu_Uniqlo/job/Levallois-Perret-France/#|2
uniqlo-stores|WORKDAY|GET|/wday/cxs/fastretailing/store_staff_eu_Uniqlo/job/Birmingham-United-Kingdom/#|2
uniqlo-stores|WORKDAY|GET|/wday/cxs/fastretailing/store_staff_eu_Uniqlo/job/Strasbourg-France/#|2
uniqlo-stores|WORKDAY|GET|/wday/cxs/fastretailing/store_staff_eu_Uniqlo/job/Toulouse-France/#|2
uniqlo-th-headquarters|WORKDAY|GET|/wday/cxs/fastretailing/headquarters_th_Uniqlo/job/Bangkok/#|2
uniqlo-us-headquarters|WORKDAY|GET|/wday/cxs/fastretailing/headquarters_us_Uniqlo/job/New-York-NY/#|7
uniqlo-us-retail|WORKDAY|GET|/wday/cxs/fastretailing/retail_us_Uniqlo/job/New-York-NY/#|45
uniqlo-us-retail|WORKDAY|GET|/wday/cxs/fastretailing/retail_us_Uniqlo/job/Miami-FL/#|17
uniqlo-us-retail|WORKDAY|POST|/wday/cxs/fastretailing/retail_us_Uniqlo/jobs|17
uniqlo-us-retail|WORKDAY|GET|/wday/cxs/fastretailing/retail_us_Uniqlo/job/Brooklyn-NY/#|10
uniqlo-us-retail|WORKDAY|GET|/wday/cxs/fastretailing/retail_us_Uniqlo/job/Boston-MA/#|9
uniqlo-us-retail|WORKDAY|GET|/wday/cxs/fastretailing/retail_us_Uniqlo/job/Orlando-FL/#|8
uniqlo-us-retail|WORKDAY|GET|/wday/cxs/fastretailing/retail_us_Uniqlo/job/Mclean-VA/#|8
uniqlo-us-retail|WORKDAY|GET|/wday/cxs/fastretailing/retail_us_Uniqlo/job/San-Francisco-CA/#|8
uniqlo-us-retail|WORKDAY|GET|/wday/cxs/fastretailing/retail_us_Uniqlo/job/Santa-Clara-CA/#|8
uniqlo-us-retail|WORKDAY|GET|/wday/cxs/fastretailing/retail_us_Uniqlo/job/Washington-DC/#|7
uniqlo-us-retail|WORKDAY|GET|/wday/cxs/fastretailing/retail_us_Uniqlo/job/Houston-TX/#|7
uniqlo-us-retail|WORKDAY|GET|/wday/cxs/fastretailing/retail_us_Uniqlo/job/Milpitas-CA/#|6
uniqlo-us-retail|WORKDAY|GET|/wday/cxs/fastretailing/retail_us_Uniqlo/job/Framingham-MA/#|6
uniqlo-us-retail|WORKDAY|GET|/wday/cxs/fastretailing/retail_us_Uniqlo/job/Providence-RI/#|6
uniqlo-us-retail|WORKDAY|GET|/wday/cxs/fastretailing/retail_us_Uniqlo/job/Honolulu-HI/#|6
uniqlo-us-retail|WORKDAY|GET|/wday/cxs/fastretailing/retail_us_Uniqlo/job/Chestnut-Hill-MA/#|6
uniqlo-us-retail|WORKDAY|GET|/wday/cxs/fastretailing/retail_us_Uniqlo/job/San-DiegoCA/#|5
uniqlo-us-retail|WORKDAY|GET|/wday/cxs/fastretailing/retail_us_Uniqlo/job/Philadelphia-PA/#|5
uniqlo-us-retail|WORKDAY|GET|/wday/cxs/fastretailing/retail_us_Uniqlo/job/Sherman-Oaks-CA/#|5
uniqlo-us-retail|WORKDAY|GET|/wday/cxs/fastretailing/retail_us_Uniqlo/job/King-of-Prussia-PA/#|5
uniqlo-us-retail|WORKDAY|GET|/wday/cxs/fastretailing/retail_us_Uniqlo/job/BurlingtonMA/#|5
uniqlo-us-retail|WORKDAY|GET|/wday/cxs/fastretailing/retail_us_Uniqlo/job/Valley-Stream-New-York/#|5
uniqlo-us-retail|WORKDAY|GET|/wday/cxs/fastretailing/retail_us_Uniqlo/job/Dallas-TX/#|4
uniqlo-us-retail|WORKDAY|GET|/wday/cxs/fastretailing/retail_us_Uniqlo/job/Bronx-NY/#|4
uniqlo-us-retail|WORKDAY|GET|/wday/cxs/fastretailing/retail_us_Uniqlo/job/San-Mateo-CA/#|4
uniqlo-us-retail|WORKDAY|GET|/wday/cxs/fastretailing/retail_us_Uniqlo/job/Huntington-Station-New-York/#|4
uniqlo-us-retail|WORKDAY|GET|/wday/cxs/fastretailing/retail_us_Uniqlo/job/Edison-NJ/#|4
uniqlo-us-retail|WORKDAY|GET|/wday/cxs/fastretailing/retail_us_Uniqlo/job/Garden-City-NY/#|4
uniqlo-us-retail|WORKDAY|GET|/wday/cxs/fastretailing/retail_us_Uniqlo/job/White-Plains-NY/#|4
uniqlo-us-retail|WORKDAY|GET|/wday/cxs/fastretailing/retail_us_Uniqlo/job/East-Rutherford-NJ/#|4
uniqlo-us-retail|WORKDAY|GET|/wday/cxs/fastretailing/retail_us_Uniqlo/job/San-JoseCA/#|4
uniqlo-us-retail|WORKDAY|GET|/wday/cxs/fastretailing/retail_us_Uniqlo/job/Flushing-NY/#|4
uniqlo-us-retail|WORKDAY|GET|/wday/cxs/fastretailing/retail_us_Uniqlo/job/Costa-Mesa-CA/#|4
uniqlo-us-retail|WORKDAY|GET|/wday/cxs/fastretailing/retail_us_Uniqlo/job/Lynnwood-WA/#|3
uniqlo-us-retail|WORKDAY|GET|/wday/cxs/fastretailing/retail_us_Uniqlo/job/NewarkDE/#|3
uniqlo-us-retail|WORKDAY|GET|/wday/cxs/fastretailing/retail_us_Uniqlo/job/Braintree-Massachusetts/#|3
uniqlo-us-retail|WORKDAY|GET|/wday/cxs/fastretailing/retail_us_Uniqlo/job/Oak-Brook-IL/#|3
uniqlo-us-retail|WORKDAY|GET|/wday/cxs/fastretailing/retail_us_Uniqlo/job/Ontario-CA/#|3
uniqlo-us-retail|WORKDAY|GET|/wday/cxs/fastretailing/retail_us_Uniqlo/job/FriscoTX/#|3
uniqlo-us-retail|WORKDAY|GET|/wday/cxs/fastretailing/retail_us_Uniqlo/job/Emeryville-CA/#|3
uniqlo-us-retail|WORKDAY|GET|/wday/cxs/fastretailing/retail_us_Uniqlo/job/Fairfax-VA/#|3
uniqlo-us-retail|WORKDAY|GET|/wday/cxs/fastretailing/retail_us_Uniqlo/job/Concord-CA/#|3
uniqlo-us-retail|WORKDAY|GET|/wday/cxs/fastretailing/retail_us_Uniqlo/job/Chicago-IL/#|3
uniqlo-us-retail|WORKDAY|GET|/wday/cxs/fastretailing/retail_us_Uniqlo/job/IssaquahWA/#|3
uniqlo-us-retail|WORKDAY|GET|/wday/cxs/fastretailing/retail_us_Uniqlo/job/Jersey-City-NJ/#|3
uniqlo-us-retail|WORKDAY|GET|/wday/cxs/fastretailing/retail_us_Uniqlo/job/TukwilaWA/#|3
uniqlo-us-retail|WORKDAY|GET|/wday/cxs/fastretailing/retail_us_Uniqlo/job/Los-Angeles-CA/#|3
uniqlo-us-retail|WORKDAY|GET|/wday/cxs/fastretailing/retail_us_Uniqlo/job/Pleasanton-CA/#|3
uniqlo-us-retail|WORKDAY|GET|/wday/cxs/fastretailing/retail_us_Uniqlo/job/Bellevue-WA/#|3
uniqlo-us-retail|WORKDAY|GET|/wday/cxs/fastretailing/retail_us_Uniqlo/job/SacramentoCA/#|3
uniqlo-us-retail|WORKDAY|GET|/wday/cxs/fastretailing/retail_us_Uniqlo/job/Staten-Island-NY/#|3
uniqlo-us-retail|WORKDAY|GET|/wday/cxs/fastretailing/retail_us_Uniqlo/job/Torrance-CA/#|3
uniqlo-us-retail|WORKDAY|GET|/wday/cxs/fastretailing/retail_us_Uniqlo/job/Yonkers-NY/#|3
uniqlo-us-retail|WORKDAY|GET|/wday/cxs/fastretailing/retail_us_Uniqlo/job/ArlingtonTX/#|2
uniqlo-us-retail|WORKDAY|GET|/wday/cxs/fastretailing/retail_us_Uniqlo/job/Schaumburg-IL/#|2
uniqlo-us-retail|WORKDAY|GET|/wday/cxs/fastretailing/retail_us_Uniqlo/job/Seattle-WA/#|2
uniqlo-us-retail|WORKDAY|GET|/wday/cxs/fastretailing/retail_us_Uniqlo/job/Arcadia-CA/#|2
uniqlo-us-retail|WORKDAY|GET|/wday/cxs/fastretailing/retail_us_Uniqlo/job/Silver-Spring-MD/#|2
uniqlo-us-retail|WORKDAY|GET|/wday/cxs/fastretailing/retail_us_Uniqlo/job/Glendale-CA/#|2
uniqlo-us-retail|WORKDAY|GET|/wday/cxs/fastretailing/retail_us_Uniqlo/job/Tacoma-WA/#|2
uniqlo-us-retail|WORKDAY|GET|/wday/cxs/fastretailing/retail_us_Uniqlo/job/Paramus-NJ/#|2
uniqlo-us-retail|WORKDAY|GET|/wday/cxs/fastretailing/retail_us_Uniqlo/job/UNIQLO-CA-Westfield-TopangaUQUS/#|2
uniqlo-us-retail|WORKDAY|GET|/wday/cxs/fastretailing/retail_us_Uniqlo/job/Elizabeth-NJ/#|2
uniqlo-us-retail|WORKDAY|GET|/wday/cxs/fastretailing/retail_us_Uniqlo/job/Cherry-Hill-NJ/#|2
uniqlo-us-retail|WORKDAY|GET|/wday/cxs/fastretailing/retail_us_Uniqlo/job/Daly-City-CA/#|2
uniqlo-us-retail|WORKDAY|GET|/wday/cxs/fastretailing/retail_us_Uniqlo/job/BethesdaMD/#|2
uniqlo-us-retail|WORKDAY|GET|/wday/cxs/fastretailing/retail_us_Uniqlo/job/Wayne-NJ/#|2
uniqlo-us-retail|WORKDAY|GET|/wday/cxs/fastretailing/retail_us_Uniqlo/job/ArlingtonVA/#|2
uniqlo-us-retail|WORKDAY|GET|/wday/cxs/fastretailing/retail_us_Uniqlo/job/UNIQLO-TX-First-Colony-MallUQUS/#|2
uniqlo-us-retail|WORKDAY|GET|/wday/cxs/fastretailing/retail_us_Uniqlo/job/BreaCA/#|2
uniqlo-vn-headquarters|WORKDAY|GET|/wday/cxs/fastretailing/headquarter_roles_vn_Uniqlo/job/UQ-Head-office-Vietnam/#|7
uniqlo-vn-headquarters|WORKDAY|GET|/wday/cxs/fastretailing/headquarter_roles_vn_Uniqlo/job/Vietnam-Production-office/#|4
urbn-hub|ICIMS|GET|/jobs/#/#/job|281
urbn-hub|ICIMS|GET|/jobs/#/anthropologie-sales-associate/job|105
urbn-hub|ICIMS|GET|/jobs/#/urban-outfitters-brand-ambassador/job|83
urbn-hub|ICIMS|GET|/jobs/#/anthropologie-seasonal-sales-associate/job|76
urbn-hub|ICIMS|GET|/jobs/#/free-people-stylist/job|63
urbn-hub|ICIMS|GET|/jobs/#/anthropologie-key-holder/job|59
urbn-hub|ICIMS|GET|/jobs/#/fp-movement-stylist/job|53
urbn-hub|ICIMS|GET|/jobs/#/free-people-key-holder/job|52
urbn-hub|ICIMS|GET|/jobs/#/fp-movement-key-holder/job|48
urbn-hub|ICIMS|GET|/jobs/#/urban-outfitters-seasonal-brand-ambassador/job|37
urbn-hub|ICIMS|GET|/jobs/#/anthropologie-assistant-department-manager/job|34
urbn-hub|ICIMS|GET|/jobs/#/free-people-seasonal-stylist/job|33
urbn-hub|ICIMS|GET|/jobs/search|30
urbn-hub|ICIMS|GET|/jobs/#/urban-outfitters-key-holder/job|30
urbn-hub|ICIMS|GET|/jobs/#/anthropologie-back-of-house-specialist/job|26
urbn-hub|ICIMS|GET|/jobs/#/anthropologie-weddings-stylist---part-time/job|20
urbn-hub|ICIMS|GET|/jobs/#/fp-movement-assistant-store-manager/job|20
urbn-hub|ICIMS|GET|/jobs/#/anthropologie-personal-stylist---part-time/job|19
urbn-hub|ICIMS|GET|/jobs/#/fp-movement-seasonal-stylist/job|18
urbn-hub|ICIMS|GET|/jobs/#/free-people-assistant-store-manager/job|17
urbn-hub|ICIMS|GET|/jobs/#/anthropologie-visual-merchandising-manager/job|16
urbn-hub|ICIMS|GET|/jobs/#/urban-outfitters-visual-merchandising-manager/job|13
urbn-hub|ICIMS|GET|/jobs/#/urban-outfitters-store-manager/job|12
urbn-hub|ICIMS|GET|/jobs/#/urban-outfitters-product-flow-specialist/job|9
urbn-hub|ICIMS|GET|/jobs/#/free-people-assistant-visual-manager/job|9
urbn-hub|ICIMS|GET|/jobs/#/urban-outfitters-assistant-manager/job|8
urbn-hub|ICIMS|GET|/jobs/#/terrain-sales-associate---decor/job|6
urbn-hub|ICIMS|GET|/jobs/#/fp-movement-assistant-visual-manager/job|6
urbn-hub|ICIMS|GET|/jobs/#/reclectic-sales-associate/job|5
urbn-hub|ICIMS|GET|/jobs/#/terrain-artisan/job|5
urbn-hub|ICIMS|GET|/jobs/#/anthropologie-store-manager/job|5
urbn-hub|ICIMS|GET|/jobs/#/terrain-seasonal-sales-associate---decor/job|4
urbn-hub|ICIMS|GET|/jobs/#/anthropologie-personal-stylist---full-time/job|4
urbn-hub|ICIMS|GET|/jobs/#/terrain-design-services-artisan/job|4
urbn-hub|ICIMS|GET|/jobs/#/terrain-sales-associate---nursery/job|4
urbn-hub|ICIMS|GET|/jobs/#/anthropologie-merchandiser/job|3
urbn-hub|ICIMS|GET|/jobs/#/urban-outfitters-seasonal-key-holder/job|3
urbn-hub|ICIMS|GET|/jobs/#/reclectic-seasonal-sales-associate/job|3
urbn-hub|ICIMS|GET|/jobs/#/free-est-x-free-people-stylist/job|3
urbn-hub|ICIMS|GET|/jobs/#/urbn-inventory-control-quality-audit-clerk/job|3
urbn-hub|ICIMS|GET|/jobs/#/free-people-store-manager/job|3
urbn-hub|ICIMS|GET|/jobs/#/urbn-order-picker-operator/job|3
urbn-hub|ICIMS|GET|/jobs/#/free-people-senior-stylist/job|3
urbn-hub|ICIMS|GET|/jobs/#/maeve-by-anthropologie-stylist/job|3
urbn-hub|ICIMS|GET|/jobs/#/anthropologie-weddings-stylist---full-time/job|3
urbn-hub|ICIMS|GET|/jobs/#/reclectic-product-flow-specialist/job|3
urbn-hub|ICIMS|GET|/jobs/#/terrain-key-holder---decor/job|3
urbn-hub|ICIMS|GET|/jobs/#/urbn-warehouse-group-lead/job|2
urbn-hub|ICIMS|GET|/jobs/#/free-est-x-free-people-key-holder/job|2
urbn-hub|ICIMS|GET|/jobs/#/maeve-by-anthropologie-senior-stylist/job|2
urbn-hub|ICIMS|GET|/jobs/#/nuuly-inspection-clerk/job|2
urbn-hub|ICIMS|GET|/jobs/#/nuuly-spotting-clerk/job|2
urbn-hub|ICIMS|GET|/jobs/#/reclectic-department-manager/job|2
urbn-hub|ICIMS|GET|/jobs/#/reclectic-key-holder/job|2
urbn-hub|ICIMS|GET|/jobs/#/fp-movement-store-manager/job|2
urbn-hub|ICIMS|GET|/jobs/#/fp-movement-key-holder---studio/job|2
urbn-hub|ICIMS|GET|/jobs/#/terrain-seasonal-sales-associate---nursery/job|2
urbn-hub|ICIMS|GET|/jobs/#/terrain-seasonal-tree-attendant/job|2
urbn-hub|ICIMS|GET|/jobs/#/anthropologie-temporary-buying-operations-coordinator/job|2
urbn-hub|ICIMS|GET|/jobs/#/anthropologie-home-stylist---full-time/job|2
urbn-hub|ICIMS|GET|/jobs/#/anthropologie-home-outlet-sales-associate/job|2
urbn-hub|ICIMS|GET|/jobs/#/urbn-operations-supervisor/job|2
valentino|SUCCESSFACTORS|GET|/job/#/#/|19
valentino|SUCCESSFACTORS|GET|/search/|8
vf-corporation|WORKDAY|GET|/wday/cxs/vfc/vfc_careers/job/#/#|1072
vf-corporation|WORKDAY|POST|/wday/cxs/vfc/vfc_careers/jobs|70
vf-corporation|WORKDAY|GET|/wday/cxs/vfc/vfc_careers/job/USCA--USA--Colorado--Denver-HQ---VFC/#|25
vf-corporation|WORKDAY|GET|/wday/cxs/vfc/vfc_careers/job/ASIA--VNM--Ho-Chi-Minh-City--Friendship-Tower-Office/#|21
vf-corporation|WORKDAY|GET|/wday/cxs/vfc/vfc_careers/job/ASIA--SGP--Singapore--GMT-Product-Supply-Office/#|20
vf-corporation|WORKDAY|GET|/wday/cxs/vfc/vfc_careers/job/USCA--USA--North-Carolina--Greensboro---VFC/#|10
vf-corporation|WORKDAY|GET|/wday/cxs/vfc/vfc_careers/job/USCA--USA--Pennsylvania--Jonestown-ECDC---VAN/#|9
vf-corporation|WORKDAY|GET|/wday/cxs/vfc/vfc_careers/job/ASIA--VNM--Hanoi--Remote/#|8
vf-corporation|WORKDAY|GET|/wday/cxs/vfc/vfc_careers/job/ASIA--VNM--Thanh-Hoa--Remote/#|7
vf-corporation|WORKDAY|GET|/wday/cxs/vfc/vfc_careers/job/ASIA--MYS--Kuala-Lumpur--KL-Office/#|7
vf-corporation|WORKDAY|GET|/wday/cxs/vfc/vfc_careers/job/USCA--USA--Kentucky--Danville-DC---TBL/#|6
vf-corporation|WORKDAY|GET|/wday/cxs/vfc/vfc_careers/job/ASIA--VNM--Hai-Phong--Remote/#|5
vf-corporation|WORKDAY|GET|/wday/cxs/vfc/vfc_careers/job/ASIA--BGD--Dhaka--Empori-Financial-Tower-Office/#|5
vf-corporation|WORKDAY|GET|/wday/cxs/vfc/vfc_careers/job/USCA--USA--California--Visalia-DC---TNF/#|5
vf-corporation|WORKDAY|GET|/wday/cxs/vfc/vfc_careers/job/USCA--USA--Wisconsin--Remote/#|5
vf-corporation|WORKDAY|GET|/wday/cxs/vfc/vfc_careers/job/USCA--USA--California--Costa-Mesa-HQ---VAN/#|4
vf-corporation|WORKDAY|GET|/wday/cxs/vfc/vfc_careers/job/USCA--USA--New-Jersey--Jersey-City---KIP/#|4
vf-corporation|WORKDAY|GET|/wday/cxs/vfc/vfc_careers/job/ASIA--JPN--Tokyo--Sumitomo-Fudosan-Harajuku-Building-Office/#|4
vf-corporation|WORKDAY|GET|/wday/cxs/vfc/vfc_careers/job/EMEA--DEU--Berlin--Berlin-Kudam---TNF/#|4
vf-corporation|WORKDAY|GET|/wday/cxs/vfc/vfc_careers/job/ASIA--TWN--Taipei--SK-Manhattan-Office/#|3
vf-corporation|WORKDAY|GET|/wday/cxs/vfc/vfc_careers/job/ASIA--KOR--Seoul--SINSA-SQUARE-Office/#|3
vf-corporation|WORKDAY|GET|/wday/cxs/vfc/vfc_careers/job/ASIA--NZL--Auckland---Ponsonby-Office/#|3
vf-corporation|WORKDAY|GET|/wday/cxs/vfc/vfc_careers/job/USCA--USA--New-Hampshire--Stratham-Domain-Dr-HQ---TBL/#|3
vf-corporation|WORKDAY|GET|/wday/cxs/vfc/vfc_careers/job/EMEA--NLD--Almelo--DC/#|3
vf-corporation|WORKDAY|GET|/wday/cxs/vfc/vfc_careers/job/EMEA--ESP--Madrid--Las-Rozas-Outlet---VAN/#|3
vf-corporation|WORKDAY|GET|/wday/cxs/vfc/vfc_careers/job/EMEA--GBR--Cannock--West-Midlands---TNF/#|2
vf-corporation|WORKDAY|GET|/wday/cxs/vfc/vfc_careers/job/EMEA--GBR--London--London-Brent-Cross---TNF/#|2
vf-corporation|WORKDAY|GET|/wday/cxs/vfc/vfc_careers/job/EMEA--GBR--Nottingham--Park-Road-East/#|2
vf-corporation|WORKDAY|GET|/wday/cxs/vfc/vfc_careers/job/EMEA--GBR--Street--Clarks-RELO---TNF/#|2
vf-corporation|WORKDAY|GET|/wday/cxs/vfc/vfc_careers/job/EMEA--GBR--Tewkesbury--Cotswolds---TNF/#|2
vf-corporation|WORKDAY|GET|/wday/cxs/vfc/vfc_careers/job/EMEA--GBR--York--York-relo---VAN/#|2
vf-corporation|WORKDAY|GET|/wday/cxs/vfc/vfc_careers/job/EMEA--ITA--Courmayeur-AO--NAP/#|2
vf-corporation|WORKDAY|GET|/wday/cxs/vfc/vfc_careers/job/EMEA--ITA--Locate-Triulzi--Scalo-Milano---VAN/#|2
vf-corporation|WORKDAY|GET|/wday/cxs/vfc/vfc_careers/job/EMEA--NLD--Roermond--Stadtsweide---TNF/#|2
vf-corporation|WORKDAY|GET|/wday/cxs/vfc/vfc_careers/job/EMEA--PRT--GAIA--Concession---TNF/#|2
vf-corporation|WORKDAY|GET|/wday/cxs/vfc/vfc_careers/job/USCA--USA--California--Ontario-West-Coast-DC/#|2
vf-corporation|WORKDAY|GET|/wday/cxs/vfc/vfc_careers/job/USCA--USA--Colorado--Denver-Lab---VFC/#|2
vf-corporation|WORKDAY|GET|/wday/cxs/vfc/vfc_careers/job/ASIA--IDN--Central-Java--Remote/#|2
vf-corporation|WORKDAY|GET|/wday/cxs/vfc/vfc_careers/job/ASIA--BGD--Chittagong--Remote/#|2
vf-corporation|WORKDAY|GET|/wday/cxs/vfc/vfc_careers/job/ASIA--AUS--New-South-Wales--Sydney-Office---TNF/#|2
vf-corporation|WORKDAY|GET|/wday/cxs/vfc/vfc_careers/job/ASIA----NZL--Queenstown--OConnell-Shopping-Centre--SWL/#|2
vf-corporation|WORKDAY|GET|/wday/cxs/vfc/vfc_careers/job/EMEA--BEL--Maasmechelen--Zetellaan---TNF/#|2
vf-corporation|WORKDAY|GET|/wday/cxs/vfc/vfc_careers/job/EMEA--DEU--Berlin--Wustermark---TNF/#|2
vf-corporation|WORKDAY|GET|/wday/cxs/vfc/vfc_careers/job/EMEA--DEU--Metzingen--Outlet---TBL/#|2
vf-corporation|WORKDAY|GET|/wday/cxs/vfc/vfc_careers/job/EMEA--ESP--Barcelona--Concession-Diagonal---TNF/#|2
vf-corporation|WORKDAY|GET|/wday/cxs/vfc/vfc_careers/job/EMEA--ESP--Barcelona--Viladecans-Barcelona---TBL/#|2
vf-corporation|WORKDAY|GET|/wday/cxs/vfc/vfc_careers/job/EMEA--ESP--La-Roca-del-Valles-Barcelona--Outlet---NAP/#|2
vf-corporation|WORKDAY|GET|/wday/cxs/vfc/vfc_careers/job/EMEA--ESP--Madrid--Madrid-VF-Office/#|2
vf-corporation|WORKDAY|GET|/wday/cxs/vfc/vfc_careers/job/EMEA--GBR--Alfreton--East-Midlands---TBL/#|2
vf-corporation|WORKDAY|GET|/wday/cxs/vfc/vfc_careers/job/EMEA--GBR--Bicester--Bicester-Village---TNF/#|2
vf-corporation|WORKDAY|GET|/wday/cxs/vfc/vfc_careers/job/EMEA--GBR--Bicester--Outlet---TBL/#|2
vf-corporation|WORKDAY|GET|/wday/cxs/vfc/vfc_careers/job/EMEA--GBR--Braintree--TNF/#|2
vf-corporation|WORKDAY|GET|/wday/cxs/vfc/vfc_careers/job/EMEA--GBR--Bridgend--Bridgend---TNF/#|2
wehkamp|SMARTRECRUITERS|GET|/#/companies/wehkamp/postings/#|8
white-stuff|TEAMTAILOR|GET|/jobs.json|2
wttj-sector|WTTJ|GET|/api/#/organizations/hermes/jobs/#|397
wttj-sector|WTTJ|POST|/#/indexes/wttj_jobs_production_fr/query|129
wttj-sector|WTTJ|GET|/api/#/organizations/kiabi/jobs/#|116
wttj-sector|WTTJ|GET|/api/#/organizations/calzedonia/jobs/#|93
wttj-sector|WTTJ|GET|/api/#/organizations/thom-europe/jobs/#|50
wttj-sector|WTTJ|GET|/api/#/organizations/l-oreal/jobs/#|46
wttj-sector|WTTJ|GET|/api/#/organizations/pandora-/jobs/#|41
wttj-sector|WTTJ|GET|/api/#/organizations/sessun/jobs/#|37
wttj-sector|WTTJ|GET|/api/#/organizations/#/jobs/#|32
wttj-sector|WTTJ|GET|/api/#/organizations/aubade/jobs/#|25
wttj-sector|WTTJ|GET|/api/#/organizations/groupe-rocher/jobs/#|22
wttj-sector|WTTJ|GET|/api/#/organizations/yse/jobs/#|22
wttj-sector|WTTJ|GET|/api/#/organizations/jonak/jobs/#|20
wttj-sector|WTTJ|GET|/api/#/organizations/american-vintage/jobs/#|19
wttj-sector|WTTJ|GET|/api/#/organizations/sud-express/jobs/#|19
wttj-sector|WTTJ|GET|/api/#/organizations/fusalp/jobs/#|17
wttj-sector|WTTJ|GET|/api/#/organizations/diptyque-paris/jobs/#|16
wttj-sector|WTTJ|GET|/api/#/organizations/lacoste/jobs/#|15
wttj-sector|WTTJ|GET|/api/#/organizations/charlotte-tilbury/jobs/#|14
wttj-sector|WTTJ|GET|/api/#/organizations/groupe-l-occitane/jobs/#|12
wttj-sector|WTTJ|GET|/api/#/organizations/lectra/jobs/#|11
wttj-sector|WTTJ|GET|/api/#/organizations/balzac-paris/jobs/#|9
wttj-sector|WTTJ|GET|/api/#/organizations/maison-eres/jobs/#|9
wttj-sector|WTTJ|GET|/api/#/organizations/respire/jobs/#|9
wttj-sector|WTTJ|GET|/api/#/organizations/bleu-libellule/jobs/#|8
wttj-sector|WTTJ|GET|/api/#/organizations/tissus-des-ursules-tdu-group/jobs/#|8
wttj-sector|WTTJ|GET|/api/#/organizations/lush-france/jobs/#|8
wttj-sector|WTTJ|GET|/api/#/organizations/haddad-brands-europe/jobs/#|7
wttj-sector|WTTJ|GET|/api/#/organizations/la-rosee/jobs/#|7
wttj-sector|WTTJ|GET|/api/#/organizations/faguo/jobs/#|5
wttj-sector|WTTJ|GET|/api/#/organizations/veja/jobs/#|5
wttj-sector|WTTJ|GET|/api/#/organizations/from-future/jobs/#|5
wttj-sector|WTTJ|GET|/api/#/organizations/puig/jobs/#|4
wttj-sector|WTTJ|GET|/api/#/organizations/surprise-paris/jobs/#|4
wttj-sector|WTTJ|GET|/api/#/organizations/odaje/jobs/#|4
wttj-sector|WTTJ|GET|/api/#/organizations/simone-perele/jobs/#|3
wttj-sector|WTTJ|GET|/api/#/organizations/make-my-lemonade/jobs/#|3
wttj-sector|WTTJ|GET|/api/#/organizations/js-exp/jobs/#|3
wttj-sector|WTTJ|GET|/api/#/organizations/armand-thiery/jobs/#|3
wttj-sector|WTTJ|GET|/api/#/organizations/pied-de-biche/jobs/#|3
wttj-sector|WTTJ|GET|/api/#/organizations/pm-studio/jobs/#|3
wttj-sector|WTTJ|GET|/api/#/organizations/a-p-c/jobs/#|3
wttj-sector|WTTJ|GET|/api/#/organizations/aime/jobs/#|2
wttj-sector|WTTJ|GET|/api/#/organizations/groupe-clarins/jobs/#|2
wttj-sector|WTTJ|GET|/api/#/organizations/daily-retail/jobs/#|2
wttj-sector|WTTJ|GET|/api/#/organizations/hello-hossy/jobs/#|2
wttj-sector|WTTJ|GET|/api/#/organizations/collector-square/jobs/#|2
wttj-sector|WTTJ|GET|/api/#/organizations/holidermie/jobs/#|2
wttj-sector|WTTJ|GET|/api/#/organizations/cabaia/jobs/#|2
wttj-sector|WTTJ|GET|/api/#/organizations/kitsune-fr/jobs/#|2
wttj-sector|WTTJ|GET|/api/#/organizations/la-bonne-brosse/jobs/#|2
wttj-sector|WTTJ|GET|/api/#/organizations/bettina/jobs/#|2
wttj-sector|WTTJ|GET|/api/#/organizations/wolf-lingerie/jobs/#|2
yema|SMARTRECRUITERS|GET|/#/companies/yema/postings/#|6
zegna-altamira|ALTAMIRA|GET|/jobs/job-details|66
zegna-altamira|ALTAMIRA|GET|/default|8
(3268 rows)
F3 ordre des listes : rang des publications nouvelles dans la sortie de la collecte du RUN (3 derniers RUN)
sk|collectes|sorties|nouvelles|rang_med|rang_p90|rang_max
hm-group|3|1939|567|0.05|0.15|0.18
knitwell-us-retail|3|1999|346|0.04|0.08|1.00
lvmh|3|6178|323|0.01|0.02|0.95
rituals|3|891|250|0.77|0.96|1.00
nordstrom|3|1320|246|0.04|0.09|0.11
boots|3|1507|238|0.04|0.07|0.32
wttj-sector|3|2134|210|0.26|0.86|0.99
ulta-jibe|3|9940|206|0.00|0.01|0.98
primark|3|911|201|0.04|0.07|0.09
tapestry|3|2356|171|0.01|0.97|1.00
skechers-phenom|3|1659|142|0.64|0.97|1.00
lovisa|3|1355|122|0.01|0.04|0.40
white-stuff|3|171|106|0.20|0.42|0.48
swarovski|3|720|104|0.03|0.06|0.75
adidas|3|1223|103|0.04|0.97|1.00
mango|3|1656|103|0.01|0.03|0.03
nike|3|825|103|0.03|0.05|0.08
estee-lauder-companies|2|1907|101|0.05|0.08|0.64
bloomingdales-oracle|3|998|93|0.06|0.09|0.09
monoprix|3|738|76|0.02|0.04|0.05
richemont-workday|3|1386|76|0.01|0.02|0.03
sephora-france|2|2140|68|0.08|0.99|0.99
urbn-hub|2|1500|68|0.01|0.67|0.89
saks|3|821|66|0.02|0.04|0.04
normal|3|451|63|0.04|0.06|0.99
sandro|3|534|54|0.02|0.03|0.04
kering|2|1077|54|0.03|0.04|0.07
prada-group|3|245|51|0.07|0.14|1.00
foot-locker-france|3|3012|50|0.48|0.79|0.99
capri-michael-kors|3|507|45|0.09|0.11|0.12
penningtons|3|325|45|0.02|0.05|0.06
la-casa-de-las-carcasas|3|677|42|0.05|0.06|0.93
puma|3|662|42|0.01|0.03|0.04
intersport-france|3|936|41|0.01|0.02|0.02
lacoste|3|483|38|0.01|0.02|0.03
crocs|3|524|38|0.04|0.09|1.00
pvh|2|1469|37|0.34|0.95|1.00
vf-corporation|3|1380|34|0.02|0.03|1.00
a-derma-4|3|238|34|0.19|0.22|0.23
parfums-chanel|3|1138|33|0.01|0.02|0.02
bash-talents|3|50|32|0.12|0.24|0.28
madewell|3|353|32|0.03|0.05|0.06
brilliant-earth|1|81|31|0.70|0.85|0.99
richemont|3|496|31|0.01|0.03|0.03
pandora-talenthub|3|923|30|0.01|0.02|0.14
kiabi|3|194|27|0.02|0.04|0.05
deckers|3|418|26|0.01|0.03|0.03
lush|3|322|21|0.29|0.95|1.00
nike-nke2|3|382|20|0.04|0.07|0.11
apm-monaco|3|165|20|0.65|0.79|0.88
space-nk|3|168|20|0.02|0.05|0.06
rolex|3|229|19|0.05|0.08|1.00
drunk-elephant-2|3|188|19|0.03|0.27|0.99
reformation|3|137|19|0.41|0.69|0.92
hans-anders|3|145|19|0.02|0.14|0.37
beiersdorf|3|169|18|0.09|0.15|0.22
jean-paul-gaultier-5|3|212|16|0.03|0.53|1.00
luxexperience|3|52|16|0.04|0.10|0.11
beauty-success-geodir|2|96|16|0.06|0.12|0.13
chalhoub|3|140|15|0.01|0.73|0.96
asos|3|69|15|0.03|0.08|0.10
clarkson-eyecare|3|145|14|0.53|0.77|0.97
element-6|3|338|14|0.01|0.02|0.62
douglas-sf|3|317|13|0.11|0.12|0.99
salomon|2|82|13|0.04|0.08|0.10
nocibe-eqwa|3|269|13|0.99|1.00|1.00
galeries-lafayette|3|154|13|0.03|0.04|0.05
aptar-beauty|3|215|13|0.02|0.05|0.06
burberry|3|135|12|0.03|0.04|0.07
escada-parfums-16|3|177|12|0.05|0.94|0.99
arcteryx|3|282|12|0.58|0.86|0.95
jules|3|80|12|0.03|0.09|0.10
etam|3|244|11|0.05|0.06|0.45
eram-3|3|79|11|0.01|0.04|0.05
adopt-parfums|3|124|11|0.01|0.02|0.03
marella|3|196|11|0.01|0.02|0.02
clarins|3|91|11|0.02|0.05|0.06
pga-tour-superstore|3|176|11|0.03|0.06|0.06
sezane|3|120|11|0.59|0.86|0.91
aroma-zone|3|172|11|0.01|0.02|0.02
suitsupply|3|166|11|0.59|0.90|0.92
swatch-group|1|342|11|0.01|0.05|0.06
valentino|2|74|11|0.05|0.11|0.69
courir|2|379|10|0.01|0.01|0.01
tiffany-oracle|2|470|10|0.05|0.06|0.06
kult-olymp-hades|2|89|10|0.03|0.07|0.08
brown-thomas-taleo|3|83|10|0.36|0.56|0.76
american-vintage-dr|3|58|9|0.03|0.23|0.89
avolta|3|236|9|0.03|1.00|1.00
armand-thiery-flatchr|2|189|9|0.06|0.08|0.08
mejuri|3|160|8|0.82|0.96|0.97
boggi-milano|2|106|8|0.02|0.22|0.57
ms-mode|2|54|8|0.03|0.08|0.09
maison-margiela|2|169|7|0.04|0.44|0.99
dr-martens-tf|3|193|7|0.01|0.37|0.90
my-jewellery|2|91|7|0.15|0.39|0.71
everything-but-water|2|57|7|0.04|0.08|0.09
mecca|3|165|7|0.01|0.01|0.01
dr-pierre-ricaud|3|72|7|0.07|0.09|0.10
new-balance|3|98|6|0.02|0.04|0.04
conde-nast-france|3|137|6|0.02|0.03|0.04
therealreal|2|118|5|0.01|0.01|0.02
aritzia|2|525|5|0.00|0.01|0.01
canada-goose|3|106|5|0.01|0.02|0.03
b-s-international|1|51|5|0.04|0.07|0.08
uniqlo-us-retail|3|337|5|0.01|0.02|0.02
knitwell-us-corporate|3|98|5|0.01|0.02|0.02
browns-shoes|2|57|5|0.02|0.04|0.05
audemars-piguet|3|83|5|0.00|0.01|0.01
(109 rows)
F4 la règle exacte de la passe (significantSources, lightPass.ts) à l instant de la mesure : flux d au moins 1 par jour, mesuré depuis le lendemain du premier chargement d une source enregistrée dans la fenêtre
key|kind|n|jours|par_jour|retenue
hm-group|smartrecruiters-whitelabel|894|7.00|127.7|t
lvmh|lvmh_algolia|727|7.00|103.9|t
ulta-jibe|jibe|679|7.00|97.0|t
knitwell-us-retail|workday|621|7.00|88.7|t
nordstrom|workday|494|7.00|70.6|t
rituals|rituals|464|7.00|66.3|t
wttj-sector|wttj-sector|428|7.00|61.1|t
estee-lauder-companies|eightfold|75|1.26|59.4|t
boots|generic-listing|407|7.00|58.1|t
sephora-france|successfactors|364|7.00|52.0|t
tapestry|workday|364|7.00|52.0|t
lovisa|teamtailor|355|7.00|50.7|t
primark|smartrecruiters-whitelabel|353|7.00|50.4|t
swarovski|workday|281|7.00|40.1|t
urbn-hub|icims|269|7.00|38.4|t
skechers-phenom|phenom|261|7.00|37.3|t
kering|eightfold|37|1.25|29.6|t
mango|workday|193|7.00|27.6|t
nike|workday|185|7.00|26.4|t
adidas|successfactors|180|7.00|25.7|t
bloomingdales-oracle|oraclehcm|167|7.00|23.9|t
richemont-workday|workday|145|7.00|20.7|t
crocs|successfactors|125|7.00|17.9|t
pvh|phenom|21|1.20|17.5|t
monoprix|digitalrecruiters|122|7.00|17.4|t
white-stuff|teamtailor|113|7.00|16.1|t
normal|teamtailor|107|7.00|15.3|t
foot-locker-france|phenom|99|7.00|14.1|t
saks|workday|98|7.00|14.0|t
swatch-group|swatchgroup|95|7.00|13.6|t
penningtons|smartrecruiters-whitelabel|94|7.00|13.4|t
marc-o-polo|generic-listing|91|7.00|13.0|t
capri-michael-kors|workday|87|7.00|12.4|t
intersport-france|jobaffinity-wordpress|83|7.00|11.9|t
sandro|smartrecruiters-whitelabel|82|7.00|11.7|t
parfums-chanel|workday|81|7.00|11.6|t
beauty-success-geodir|geodirectory|14|1.23|11.3|t
la-casa-de-las-carcasas|teamtailor|79|7.00|11.3|t
pandora-talenthub|generic-listing|79|7.00|11.3|t
nike-nke2|workday|73|7.00|10.4|t
puma|workday|65|7.00|9.3|t
hugo-boss-phenom|phenom|63|7.00|9.0|t
madewell|workday|62|7.00|8.9|t
prada-group|successfactors|62|7.00|8.9|t
lacoste|digitalrecruiters|57|7.00|8.1|t
richemont|workday|56|7.00|8.0|t
lush|greenhouse|52|7.00|7.4|t
deckers|workday|45|7.00|6.4|t
space-nk|teamtailor|45|7.00|6.4|t
drunk-elephant-2|successfactors|43|7.00|6.1|t
bash-talents|bashtalents|42|7.00|6.0|t
kiabi|smartrecruiters-whitelabel|42|7.00|6.0|t
vf-corporation|workday|41|7.00|5.9|t
tiffany-oracle|oraclehcm|7|1.22|5.8|t
a-derma-4|workday|40|7.00|5.7|t
element-6|magnet|34|7.00|4.9|t
brilliant-earth|greenhouse|33|7.00|4.7|t
beiersdorf|generic-listing|32|7.00|4.6|t
rolex|successfactors|31|7.00|4.4|t
douglas-sf|successfactors|30|7.00|4.3|t
arcteryx|lever|29|7.00|4.1|t
jean-paul-gaultier-5|successfactors|28|7.00|4.0|t
reformation|greenhouse|28|7.00|4.0|t
brown-thomas-taleo|taleo|26|7.00|3.7|t
nocibe-eqwa|eqwa|26|7.00|3.7|t
therealreal|workday|26|7.00|3.7|t
escada-parfums-16|successfactors|25|7.00|3.6|t
galeries-lafayette|teamtailor|25|7.00|3.6|t
courir|smartrecruiters-whitelabel|24|7.00|3.4|t
pga-tour-superstore|workday|24|7.00|3.4|t
apm-monaco|workable|23|7.00|3.3|t
asos|smartrecruiters-whitelabel|23|7.00|3.3|t
hans-anders|teamtailor|23|7.00|3.3|t
marella|smartrecruiters-whitelabel|23|7.00|3.3|t
aroma-zone|teamtailor|22|7.00|3.1|t
etam|teamtailor|22|7.00|3.1|t
petit-bateau|smartrecruiters-whitelabel|21|7.00|3.0|t
american-vintage-dr|digitalrecruiters|20|7.00|2.9|t
burberry|successfactors|20|7.00|2.9|t
chalhoub|teamtailor|20|7.00|2.9|t
dr-martens-tf|talentfunnel|19|7.00|2.7|t
luxexperience|generic-listing|19|7.00|2.7|t
clarkson-eyecare|greenhouse|18|7.00|2.6|t
everything-but-water|workday|18|7.00|2.6|t
adopt-parfums|flatchr|17|7.00|2.4|t
aptar-beauty|successfactors|17|7.00|2.4|t
clarins|successfactors|17|7.00|2.4|t
jules|talentview|17|7.00|2.4|t
singularu|teamtailor|17|7.00|2.4|t
lindex-easycruit|easycruit|3|1.33|2.3|t
mejuri|greenhouse|16|7.00|2.3|t
salomon|smartrecruiters-whitelabel|16|7.00|2.3|t
canada-goose|workday|15|7.00|2.1|t
selfridges|generic-listing|15|7.00|2.1|t
soeur|teamtailor|15|7.00|2.1|t
valentino|successfactors|15|7.00|2.1|t
armand-thiery-flatchr|flatchr|14|7.00|2.0|t
eram-3|magnet|14|7.00|2.0|t
figs|greenhouse|14|7.00|2.0|t
maison-margiela|successfactors|14|7.00|2.0|t
ms-mode|recruitee|14|7.00|2.0|t
sezane|workable|14|7.00|2.0|t
suitsupply|greenhouse|14|7.00|2.0|t
avolta|successfactors|13|7.00|1.9|t
conde-nast-france|workday|13|7.00|1.9|t
dr-pierre-ricaud|successfactors|13|7.00|1.9|t
luxury-of-retail|digitalrecruiters|13|7.00|1.9|t
nars|radancy|13|7.00|1.9|t
oak-essentials|greenhouse|13|7.00|1.9|t
boggi-milano|recruitee|12|7.00|1.7|t
jeans-centre|recruitee|12|7.00|1.7|t
kiko-milano|recruitee|12|7.00|1.7|t
groupe-printemps|talentsoft|2|1.23|1.6|t
jojo-maman-bebe|teamtailor|11|7.00|1.6|t
kult-olymp-hades|recruitee|11|7.00|1.6|t
merkal|teamtailor|11|7.00|1.6|t
aigle|digitalrecruiters|10|7.00|1.4|t
ami-paris|recruitee|10|7.00|1.4|t
browns-shoes|teamtailor|10|7.00|1.4|t
capri-jimmy-choo|workday|10|7.00|1.4|t
knitwell-us-corporate|workday|10|7.00|1.4|t
longchamp|talentsoft|10|7.00|1.4|t
mecca|workday|10|7.00|1.4|t
my-jewellery|recruitee|10|7.00|1.4|t
new-balance|workday|10|7.00|1.4|t
akira|teamtailor|9|7.00|1.3|t
blue-banana|teamtailor|9|7.00|1.3|t
ephemera|teamtailor|9|7.00|1.3|t
promod|talentview|9|7.00|1.3|t
acne-studios-jobylon|jobylon|8|7.00|1.1|t
boardriders|successfactors|8|7.00|1.1|t
browns|lever|8|7.00|1.1|t
diptyque-workday|workday|8|7.00|1.1|t
eric-bompard|smartrecruiters-whitelabel|8|7.00|1.1|t
gymshark|greenhouse|8|7.00|1.1|t
molton-brown|greenhouse|8|7.00|1.1|t
monica-vinader|teamtailor|8|7.00|1.1|t
uniqlo-stores|workday|8|7.00|1.1|t
aritzia|workday|7|7.00|1.0|t
blackstore|jobaffinity-wordpress|7|7.00|1.0|t
b-s-international|smartrecruiters-whitelabel|7|7.00|1.0|t
jd-sports|greenhouse|7|7.00|1.0|t
katie-loxton|teamtailor|7|7.00|1.0|t
medik8|teamtailor|7|7.00|1.0|t
psycho-bunny|generic-listing|7|7.00|1.0|t
saltrock-harri|harri|7|7.00|1.0|t
skin-laundry|greenhouse|7|7.00|1.0|t
aeropostale|icims|6|7.00|0.9|f
audemars-piguet|smartrecruiters-whitelabel|6|7.00|0.9|f
burnt|teamtailor|6|7.00|0.9|f
fenwick-volcanic|volcanic|6|7.00|0.9|f
globus|generic-listing|6|7.00|0.9|f
loccitane-fr|teamtailor|6|7.00|0.9|f
mulberry|lever|6|7.00|0.9|f
pepco|personio|6|7.00|0.9|f
quince|greenhouse|6|7.00|0.9|f
ssense|teamtailor|6|7.00|0.9|f
uniqlo-us-retail|workday|6|7.00|0.9|f
zegna-altamira|altamira|1|1.25|0.8|f
ackermans|teamtailor|5|7.00|0.7|f
bzb|teamtailor|5|7.00|0.7|f
club-l-london|teamtailor|5|7.00|0.7|f
everlane|greenhouse|5|7.00|0.7|f
faguo|teamtailor|5|7.00|0.7|f
gant|digitalrecruiters|5|7.00|0.7|f
georges|teamtailor|5|7.00|0.7|f
lager-157|teamtailor|5|7.00|0.7|f
la-prairie|successfactors|5|7.00|0.7|f
maison-123|teamtailor|5|7.00|0.7|f
movado|workday|5|7.00|0.7|f
naos|successfactors|5|7.00|0.7|f
nutrire|teamtailor|5|7.00|0.7|f
polene|ashby|5|7.00|0.7|f
profil-optik|teamtailor|5|7.00|0.7|f
sisley|smartrecruiters-whitelabel|5|7.00|0.7|f
the-kooples|digitalrecruiters|5|7.00|0.7|f
uniqlo-headquarters|workday|5|7.00|0.7|f
vivienne-westwood|teamtailor|5|7.00|0.7|f
wehkamp|smartrecruiters-whitelabel|5|7.00|0.7|f
breitling-sf|successfactors|4|7.00|0.6|f
brunello-cucinelli|workday|4|7.00|0.6|f
castore|teamtailor|4|7.00|0.6|f
catbird|lever|4|7.00|0.6|f
caudalie|generic-listing|4|7.00|0.6|f
celio|teamtailor|4|7.00|0.6|f
decjuba|successfactors|4|7.00|0.6|f
dolce-gabbana|successfactors|4|7.00|0.6|f
gemmyo|generic-listing|4|7.00|0.6|f
glitter|teamtailor|4|7.00|0.6|f
gorjana|greenhouse|4|7.00|0.6|f
groupe-chantelle|talentsoft|4|7.00|0.6|f
intersport|teamtailor|4|7.00|0.6|f
kastner-ohler|generic-listing|4|7.00|0.6|f
l-occitane-en-provence-2|successfactors|4|7.00|0.6|f
lucy-yak|teamtailor|4|7.00|0.6|f
pegador|personio|4|7.00|0.6|f
printful|teamtailor|4|7.00|0.6|f
siebel-juweliers|recruitee|4|7.00|0.6|f
silbon|teamtailor|4|7.00|0.6|f
vlisco|teamtailor|4|7.00|0.6|f
balmain|talentsoft|3|7.00|0.4|f
blueland|lever|3|7.00|0.4|f
bravissimo|teamtailor|3|7.00|0.4|f
buck-mason|lever|3|7.00|0.4|f
fred-perry|teamtailor|3|7.00|0.4|f
ganni-talentrecruiter|talentrecruiter|3|7.00|0.4|f
goyard-successfactors|successfactors|3|7.00|0.4|f
hoff|teamtailor|3|7.00|0.4|f
ilia|greenhouse|3|7.00|0.4|f
kicks|teamtailor|3|7.00|0.4|f
la-fee-maraboutee|teamtailor|3|7.00|0.4|f
little-words-project|greenhouse|3|7.00|0.4|f
magasin-du-nord|teamtailor|3|7.00|0.4|f
multiopticas|teamtailor|3|7.00|0.4|f
parachute|greenhouse|3|7.00|0.4|f
riu-paris|flatchr|3|7.00|0.4|f
shein|greenhouse|3|7.00|0.4|f
tekla|greenhouse|3|7.00|0.4|f
thomas-sabo|personio|3|7.00|0.4|f
toteme|teamtailor|3|7.00|0.4|f
undiz|teamtailor|3|7.00|0.4|f
veronica-beard|greenhouse|3|7.00|0.4|f
asics|smartrecruiters-whitelabel|2|7.00|0.3|f
baccarat|talentview|2|7.00|0.3|f
bonsoirs|wttj|2|7.00|0.3|f
brothers|teamtailor|2|7.00|0.3|f
bubble|greenhouse|2|7.00|0.3|f
closed|personio|2|7.00|0.3|f
dune-london|teamtailor|2|7.00|0.3|f
fitflop|teamtailor|2|7.00|0.3|f
funky-buddha|smartrecruiters-whitelabel|2|7.00|0.3|f
glossier|greenhouse|2|7.00|0.3|f
horace|teamtailor|2|7.00|0.3|f
la-redoute-talentview|talentview|2|7.00|0.3|f
la-senza|greenhouse|2|7.00|0.3|f
laverana-gmbh-co-kg|personio|2|7.00|0.3|f
lounge|teamtailor|2|7.00|0.3|f
luhta|teamtailor|2|7.00|0.3|f
madhappy|lever|2|7.00|0.3|f
motel|teamtailor|2|7.00|0.3|f
mq-marqet|teamtailor|2|7.00|0.3|f
nude-project|teamtailor|2|7.00|0.3|f
oh-my-cream|teamtailor|2|7.00|0.3|f
on-running|greenhouse|2|7.00|0.3|f
orchestra|teamtailor|2|7.00|0.3|f
ounass|teamtailor|2|7.00|0.3|f
patek-philippe|successfactors|2|7.00|0.3|f
peak-performance|teamtailor|2|7.00|0.3|f
rebag|greenhouse|2|7.00|0.3|f
stella-mccartney|workday|2|7.00|0.3|f
uniqlo-vn-headquarters|workday|2|7.00|0.3|f
vivobarefoot|teamtailor|2|7.00|0.3|f
yaya|recruitee|2|7.00|0.3|f
yse-paris|teamtailor|2|7.00|0.3|f
aeyde|personio|1|7.00|0.1|f
aime-leon-dore|greenhouse|1|7.00|0.1|f
alpha-industries|personio|1|7.00|0.1|f
amiri|lever|1|7.00|0.1|f
cabaia|teamtailor|1|7.00|0.1|f
camper|teamtailor|1|7.00|0.1|f
dolls-kill|lever|1|7.00|0.1|f
eurofragrance|teamtailor|1|7.00|0.1|f
frank-darling|teamtailor|1|7.00|0.1|f
g-label-by-goop|greenhouse|1|7.00|0.1|f
good-american|lever|1|7.00|0.1|f
got-bag|personio|1|7.00|0.1|f
herschel-supply-co|greenhouse|1|7.00|0.1|f
honey-birdette|teamtailor|1|7.00|0.1|f
jewells|teamtailor|1|7.00|0.1|f
j-lindeberg|teamtailor|1|7.00|0.1|f
john-henric|teamtailor|1|7.00|0.1|f
julie-grace|personio|1|7.00|0.1|f
killstar|teamtailor|1|7.00|0.1|f
knitwell-us-distribution|workday|1|7.00|0.1|f
levis|workday|1|7.00|0.1|f
madame-figaro|wttj|1|7.00|0.1|f
mr-marvis|teamtailor|1|7.00|0.1|f
naturkompaniet|teamtailor|1|7.00|0.1|f
nutrafol|greenhouse|1|7.00|0.1|f
saffron|teamtailor|1|7.00|0.1|f
shinola-retail|greenhouse|1|7.00|0.1|f
showroomprive|teamtailor|1|7.00|0.1|f
thirdlove|greenhouse|1|7.00|0.1|f
tiger-of-sweden|teamtailor|1|7.00|0.1|f
uniqlo-graduates|workday|1|7.00|0.1|f
(285 rows)
