fr,id,jobs,kind,name,active,domain,sector,aliases,atsType,careersUrl,parentGroup,canonicalKey,domainSource,lastJobSyncAt,discoveryStatus
0,cmtpuyimv3pbul35m36fwuuzo,10051,UNKNOWN,Ulta Beauty,10051,ulta.com,BEAUTY,,UNKNOWN,,,ULTA_BEAUTY,source-careers,,PENDING
171,cmtk48dz71brqny2bsyv4ml8m,2405,UNKNOWN,Sephora,2299,sephora.com,RETAIL,,UNKNOWN,,LVMH,SEPHORA,source-careers,,PENDING
119,cmtjwf6ge08pfo72b7oqm8q3c,1937,UNKNOWN,Pandora,1937,pandoragroup.com,JEWELRY_WATCHES,,UNKNOWN,,,PANDORA,source-careers,,PENDING
149,cmtjzhlnt0000oe2b1pugscrp,1925,UNKNOWN,Foot Locker,1914,footlocker.com,RETAIL,,UNKNOWN,,Foot Locker Inc.,FOOT_LOCKER,source-careers,,PENDING
5,cmtpwvij600giql5m8iiplvov,1773,UNKNOWN,L’Oréal Professionnel,1773,loreal.com,BEAUTY,,UNKNOWN,,L'Oreal,L_OREAL_PROFESSIONNEL,source-careers,,PENDING
52,cmtp46ok11vbvqq4zlowazudi,1761,UNKNOWN,H&M Group,1761,hmgroup.com,RETAIL,,UNKNOWN,,,H_AND_M_GROUP,manual,,PENDING
0,cmtp6p1s52xnlqq4zm1zqljup,1660,UNKNOWN,Tapestry,1660,tapestry.com,RETAIL,,UNKNOWN,,,TAPESTRY,manual,,PENDING
1,cmtpjx4nv2wqjpf5ljaaqw1jm,1506,UNKNOWN,Boots,1506,boots.jobs,RETAIL,,UNKNOWN,,,BOOTS,source-careers,,PENDING
90,cmtpjsp7t2oscpf5llnw44g9z,1379,UNKNOWN,PVH,1379,pvh.com,FASHION,,UNKNOWN,,PVH,PVH,wikidata,,PENDING
6,cmtpkx0dp59qspf5lz9252szw,1365,UNKNOWN,URBN,1365,urbn.com,RETAIL,,UNKNOWN,,,URBN,manual,,PENDING
34,cmtn7s1lr1rosqq5liqmue7z6,1338,UNKNOWN,Levi's,1321,levi.com,RETAIL,,UNKNOWN,,,LEVI_S,manual,,PENDING
0,cmtpjpt4j2hoypf5lusxkuh9m,1302,UNKNOWN,Nordstrom,1302,nordstrom.com,RETAIL,,UNKNOWN,,,NORDSTROM,wikidata,,PENDING
254,cmtpjk6s927a5pf5la87dwntz,1145,UNKNOWN,Rituals,1145,rituals.com,BEAUTY,,UNKNOWN,,,RITUALS,source-careers,,PENDING
430,cmtk3fqsl0q3vny2brbrpo8tx,1134,UNKNOWN,Parfums Chanel,1117,chanel.com,BEAUTY,,UNKNOWN,,,PARFUMS_CHANEL,manual,,PENDING
52,cmtkdvv771rzinf2b3bt9vqu4,1107,UNKNOWN,adidas,1106,adidas-group.com,RETAIL,,UNKNOWN,,,ADIDAS,source-careers,,PENDING
26,cmtkdvy3z1swwnf2bo3y8vb22,1099,UNKNOWN,RALPH LAUREN,1097,ralphlauren.com,FASHION,,UNKNOWN,,,RALPH_LAUREN,source-careers,,PENDING
67,cmtn76cbr1guhqq5lw7243y4e,964,UNKNOWN,Primark,929,primark.com,FASHION,,UNKNOWN,,,PRIMARK,source-careers,,PENDING
87,cmtpubijn1lqrl35mlzn8kffd,838,UNKNOWN,Lovi,838,lovisa.com,RETAIL,,UNKNOWN,,,LOVI,source-careers,,PENDING
45,cmtn69siz11vgqq5lojru10az,812,UNKNOWN,Richemont,812,richemont.com,LUXURY,,UNKNOWN,,Richemont,RICHEMONT,wikidata,,PENDING
0,cmtpjdc6z1tmzpf5l6zgfjkse,777,UNKNOWN,Bloomingdale's,777,bloomingdales.com,RETAIL,,UNKNOWN,,,BLOOMINGDALE_S,wikidata,,PENDING
0,cmtpuc6031nlel35mf3c1vtkn,756,UNKNOWN,SAKS,756,saks.com,RETAIL,,UNKNOWN,,,SAKS,manual,,PENDING
55,cmtm8oy381hbdpv5jzsp4t1a8,785,UNKNOWN,NIKE,749,nike.com,RETAIL,,UNKNOWN,,,NIKE,source-careers,,PENDING
120,cmtpua9s11g7wl35mbbp7fhvk,735,UNKNOWN,La casa de las Carca,735,lacasadelascarcasas.com,RETAIL,,UNKNOWN,,,LA_CASA_DE_LAS_CARCA,manual,,PENDING
439,cmtjwf5mi0a6rld2b52mvdmlg,665,UNKNOWN,Hermès,650,hermes.com,FASHION,,UNKNOWN,,Hermes,HERMES,wikidata,,PENDING
120,cmtk48ee91bx9ny2bt1bil52u,631,UNKNOWN,Louis Vuitton,616,louisvuitton.com,FASHION,,UNKNOWN,,LVMH,LOUIS_VUITTON,wikidata,,PENDING
316,cmtn89596205lqq5l0deggb1g,623,UNKNOWN,Mango,604,mango.com,FASHION,,UNKNOWN,,,MANGO,wikidata,,PENDING
248,cmtk29nb80m1dnv2bg5xl385h,569,UNKNOWN,Sandro,557,sandro-paris.com,FASHION,,UNKNOWN,,SMCP,SANDRO,manual,,PENDING
0,cmtrt7ar82tvhpg5md2ogtmho,545,UNKNOWN,MANGO MNG,545,,FASHION,,UNKNOWN,,,MANGO_MNG,,,PENDING
107,cmtk26ge70hulnv2b0qav4amw,523,UNKNOWN,Normal,487,normal.eu,RETAIL,,UNKNOWN,,,NORMAL,source-careers,,PENDING
11,cmtm7ezsb0xitpv5jwefmjxlg,512,UNKNOWN,Crocs,486,crocs.com,RETAIL,,UNKNOWN,,,CROCS,source-careers,,PENDING
282,cmtk48e6r1bu9ny2bxbq8un50,495,UNKNOWN,Christian Dior Couture,485,dior.com,FASHION,,UNKNOWN,,LVMH,DIOR,manual,,PENDING
0,cmtpxurht00063nxck320zx3t,483,UNKNOWN,Champs Sports,483,champssports.com,RETAIL,,UNKNOWN,,,CHAMPS_SPORTS,manual,,PENDING
0,cmtk273yh0j80nv2bcgx4xvzg,478,UNKNOWN,Luxe Talent,478,luxetalent.fr,RECRUITER,,UNKNOWN,,,LUXE_TALENT,manual,,PENDING
95,cmtk4xpoe1ryyny2b4n2dj391,479,UNKNOWN,Lacoste,460,lacoste.com,FASHION,,UNKNOWN,,,LACOSTE,source-careers,,PENDING
10,cmtk48dyr1brmny2bmqymom3o,441,UNKNOWN,Tiffany & Co.,436,tiffany.com,JEWELRY_WATCHES,,UNKNOWN,,LVMH,TIFFANY,wikidata,,PENDING
0,cmtpxur2b00003nxcmcnc6054,429,UNKNOWN,Kids Foot Locker,429,footlocker.com,RETAIL,,UNKNOWN,,,KIDS_FOOT_LOCKER,manual,,PENDING
302,cmtjvn7mp0000ld2bc3dm4w94,460,UNKNOWN,Groupe Courir,425,courir.com,RETAIL,,UNKNOWN,,,COURIR,manual,,PENDING
11,cmtkdvuwf1rvenf2bk6p3g02y,422,UNKNOWN,Estée Lauder Companies,414,elcompanies.com,BEAUTY,,UNKNOWN,,Estée Lauder Companies,ESTEE_LAUDER_COMPANIES,wikidata,,PENDING
8,cmtm9jh7l1uqopv5jskt56qzo,364,UNKNOWN,MAC,359,maccosmetics.com,RETAIL,,UNKNOWN,,,MAC,manual,,PENDING
0,cmtp3x9qd1i2rqq4zrhu5qavu,348,UNKNOWN,Aritzia,348,aritzia.com,RETAIL,,UNKNOWN,,,ARITZIA,wikidata,,PENDING
0,cmtm7dvh50vl7pv5jsetivsoz,337,UNKNOWN,Penningtons,320,penningtons.com,RETAIL,,UNKNOWN,,,PENNINGTONS,source-careers,,PENDING
211,cmtjwf5lj0a6nld2bnolo0jgg,330,UNKNOWN,Kiabi,319,kiabi.com,FASHION,,UNKNOWN,,,KIABI,wikidata,,PENDING
267,cmtpj22dg131zpf5lm4whphbj,313,UNKNOWN,Nocibé,313,nocibe.fr,BEAUTY,,UNKNOWN,,,NOCIBE,source-careers,,PENDING
14,cmtnfq0zm17kyqq4zqj5ndjdd,288,UNKNOWN,Michael Kors,281,michaelkors.com,RETAIL,,UNKNOWN,,,MICHAEL_KORS,manual,,PENDING
109,cmtpnabka00003nltzkvgh51x,274,UNKNOWN,Van Cleef & Arpels,274,vancleefarpels.com,JEWELRY_WATCHES,,UNKNOWN,,Richemont,VAN_CLEEF,wikidata,,PENDING
85,cmtn5ohf00ryrqq5l7babv4xg,255,UNKNOWN,Pierre Fabre,255,pierre-fabre.com,BEAUTY,,UNKNOWN,,Pierre Fabre,PIERRE_FABRE,manual,,PENDING
0,cmtpu5x4x0ydzl35mzx7mn4da,254,UNKNOWN,Madewell Stores Madewell,254,madewell.com,RETAIL,,UNKNOWN,,,MADEWELL_STORES_MADEWELL,manual,,PENDING
120,cmtk48ead1bvtny2br5o6wk5j,259,UNKNOWN,Parfums Christian Dior,253,dior.com,BEAUTY,,UNKNOWN,,LVMH,PARFUMS_DIOR,manual,,PENDING
9,cmtpuwrrk3kpdl35mc7vg5ben,250,UNKNOWN,Coach,250,coach.com,RETAIL,,UNKNOWN,,,COACH,manual,,PENDING
1,cmtp2hoqe0woqqq4zqz53x29p,246,UNKNOWN,Avolta,246,avoltaworld.com,RETAIL,,UNKNOWN,,,AVOLTA,manual,,PENDING
0,cmtm7brz00t78pv5jd8ieauxz,245,UNKNOWN,Buck Mason,245,buckmason.com,RETAIL,,UNKNOWN,,,BUCK_MASON,wikidata,,PENDING
152,cmtk21s720aa5nv2byuid9uwb,247,UNKNOWN,Etam,241,groupeetam.com,FASHION,,UNKNOWN,,Groupe Etam,ETAM,source-careers,,PENDING
73,cmtkdvxxm1sunnf2bzy0l1xiw,239,UNKNOWN,JEAN PAUL GAULTIER,233,jeanpaulgaultier.com,FASHION,,UNKNOWN,,Puig,JEAN_PAUL_GAULTIER,wikidata,,PENDING
5,cmtpukumb299pl35mjhjnch7w,226,UNKNOWN,Gucci,226,gucci.com,FASHION,,UNKNOWN,,Kering,GUCCI,manual,,PENDING
29,cmtk227go0av0nv2bi28nhs5f,218,UNKNOWN,Aptar Beauty,214,aptar.com,SUPPLIER,,UNKNOWN,,,APTAR_BEAUTY,source-careers,,PENDING
0,cmtpj0vom0xiepf5lq0cvy73h,211,UNKNOWN,Rolex,211,rolex.com,JEWELRY_WATCHES,,UNKNOWN,,,ROLEX,source-careers,,PENDING
0,cmtp3x7uq1hanqq4zt2cwpjve,206,UNKNOWN,Aritzia LP,206,aritzia.com,RETAIL,,UNKNOWN,,,ARITZIA_LP,manual,,PENDING
58,cmtpukum3299ml35mw6vwiqno,203,UNKNOWN,Saint Laurent,203,ysl.com,FASHION,,UNKNOWN,,Kering,SAINT_LAURENT,manual,,PENDING
0,cmtm79t8k0pxwpv5j18srpsl3,204,UNKNOWN,JD Sports,202,jdsports.de,RETAIL,,UNKNOWN,,JD Sports,JD_SPORTS,wikidata,,PENDING
6,cmtp330q814d6qq4zz48zfwno,200,UNKNOWN,UGG,200,ugg.com,RETAIL,,UNKNOWN,,,UGG,wikidata,,PENDING
3,cmtk21o7a09qvnv2be8azetpy,202,UNKNOWN,Marella,196,marella.com,FASHION,,UNKNOWN,,,MARELLA,manual,,PENDING
31,cmtp3skie1djoqq4z8560r3vp,196,UNKNOWN,Swarovski,196,swarovski.com,JEWELRY_WATCHES,,UNKNOWN,,,SWAROVSKI,wikidata,,PENDING
10,cmtp2e9ep0s5oqq4zb3sg9k9a,194,UNKNOWN,LUSH |,194,lush.com,RETAIL,,UNKNOWN,,,LUSH,wikidata,,PENDING
0,cmtm79qrr0pcvpv5jlih5kg3j,192,UNKNOWN,"Golf & Tennis Pro Shop, Inc. d/b/a PGA TOUR Superstore",192,pgatoursuperstore.com,RETAIL,,UNKNOWN,,,GOLF_AND_TENNIS_PRO_SHOP_INC_D_B_A_PGA_TOUR_SUPERSTORE,manual,,PENDING
181,cmtm78mgv0ntlpv5jqkyn1ncz,183,UNKNOWN,Aroma-Zone,182,aroma-zone.com,RETAIL,,UNKNOWN,,,AROMA_ZONE,source-careers,,PENDING
0,cmtm78ka60nacpv5ja17slmk7,175,UNKNOWN,AKIRA,175,shopakira.com,RETAIL,,UNKNOWN,,,AKIRA,source-careers,,PENDING
150,cmtk48efg1bxtny2bpe0ppxlg,169,UNKNOWN,Cheval Blanc,167,chevalblanc.com,LUXURY,,UNKNOWN,,,CHEVAL_BLANC,wikidata,,PENDING
0,cmtm78g6y0mrqpv5jpyf41x3j,167,UNKNOWN,Gorjana,167,gorjana.com,RETAIL,,UNKNOWN,,,GORJANA,wikidata,,PENDING
161,cmtjwevud09phld2b3dd13ehg,172,UNKNOWN,Galeries Lafayette,165,groupegalerieslafayette.com,RETAIL,,UNKNOWN,,Galeries Lafayette Group,GALERIES_LAFAYETTE,source-careers,,PENDING
0,cmtm78ejy0m9tpv5j3yx633o0,165,UNKNOWN,Suitsupply,164,suitsupply.com,RETAIL,,UNKNOWN,,,SUITSUPPLY,wikidata,,PENDING
46,cmtke5ftx06hglp2ba60asvet,162,UNKNOWN,Drunk Elephant,162,drunkelephant.com,BEAUTY,,UNKNOWN,,Shiseido Group,DRUNK_ELEPHANT,manual,,PENDING
0,cmtpu4rhw0tagl35mz8iyzlg0,162,UNKNOWN,MECCA Brands,162,mecca.com,RETAIL,,UNKNOWN,,,MECCA_BRANDS,manual,,PENDING
102,cmtkgqym00xm7mn2bsqf6ewhn,155,UNKNOWN,Cartier,155,cartier.com,JEWELRY_WATCHES,,UNKNOWN,,Richemont,CARTIER,wikidata,,PENDING
2,cmtm77zgu0ky4pv5j5ptxtpw9,155,UNKNOWN,VIA,155,viarail.ca,RETAIL,,UNKNOWN,,,VIA,wikidata,,PENDING
34,cmtk1xe9n01a0nv2b2p3qyil0,153,UNKNOWN,Diptyque,153,diptyqueparis.com,BEAUTY,,UNKNOWN,,,DIPTYQUE,wikidata,,PENDING
26,cmtlq3u2u1lvjpg2byhnrakn6,152,UNKNOWN,Dr. Martens,152,drmartens.com,RETAIL,,UNKNOWN,,,DR_MARTENS,source-careers,,PENDING
10,cmtpukulc299gl35mw39q19gd,148,UNKNOWN,Bottega Veneta,148,bottegaveneta.com,FASHION,,UNKNOWN,,Kering,BOTTEGA_VENETA,manual,,PENDING
0,cmtm77tpf0jjxpv5jje165a7u,149,UNKNOWN,DECJUBA,148,decjuba.com.au,RETAIL,,UNKNOWN,,,DECJUBA,source-careers,,PENDING
69,cmtk48eib1bytny2b0aeiqprm,146,UNKNOWN,Celine,143,celine.com,FASHION,,UNKNOWN,,LVMH,CELINE,wikidata,,PENDING
0,cmtp27w900jrqqq4zyxgp05b2,143,UNKNOWN,Chalhoub Group,143,chalhoubgroup.com,RETAIL,,UNKNOWN,,,CHALHOUB_GROUP,manual,,PENDING
0,cmtm77xw10kgrpv5juvc8awww,156,UNKNOWN,Clarkson Eyecare,142,clarksoneyecare.com,RETAIL,,UNKNOWN,,,CLARKSON_EYECARE,manual,,PENDING
0,cmtm77waq0k06pv5jainds8wa,154,UNKNOWN,Hans Anders,141,hansanders.nl,RETAIL,,UNKNOWN,,,HANS_ANDERS,source-careers,,PENDING
0,cmtlyqkm00n4rqf5kjaumzqtp,141,UNKNOWN,Mejuri,141,mejuri.com,RETAIL,,UNKNOWN,,,MEJURI,manual,,PENDING
32,cmtpukur529bgl35m0lsirz9b,139,UNKNOWN,Balenciaga,139,balenciaga.com,FASHION,,UNKNOWN,,Kering,BALENCIAGA,manual,,PENDING
0,cmtpiyush0n2hpf5l25uk1wu9,138,UNKNOWN,Douglas,138,douglas.group,RETAIL,,UNKNOWN,,,DOUGLAS,source-careers,,PENDING
3,cmtlyq4jc0m9xqf5k4ysl9hwg,142,UNKNOWN,Reformation,137,thereformation.com,RETAIL,,UNKNOWN,,,REFORMATION,manual,,PENDING
0,cmtp2asf60m9cqq4zxqq7fbli,136,UNKNOWN,The RealReal,136,therealreal.com,RETAIL,,UNKNOWN,,,THE_REALREAL,wikidata,,PENDING
0,cmtn5j20e0jc4qq5lukahzq6w,135,UNKNOWN,Burberry,135,burberry.com,RETAIL,,UNKNOWN,,,BURBERRY,source-careers,,PENDING
115,cmtne0bra03erqq4z1zo8emif,134,UNKNOWN,ONIVERSE,134,oniverse.it,RETAIL,,UNKNOWN,,,ONIVERSE,manual,,PENDING
0,cmtlyprc70lgmqf5kya1nsksa,139,UNKNOWN,Quince,132,quince.com,RETAIL,,UNKNOWN,,,QUINCE,manual,,PENDING
16,cmtke4i4q04wvlp2bovmyapbq,134,UNKNOWN,Escada Parfums,129,escada-fragrances.com,BEAUTY,,UNKNOWN,,Coty,ESCADA_PARFUMS,manual,,PENDING
0,cmtpuzklu3yvgl35mnr9elxwo,129,UNKNOWN,Estée Lauder,126,,BEAUTY,,UNKNOWN,,Estee Lauder,ESTEE_LAUDER,,,PENDING
3,cmtm9jhdf1us8pv5jzx7vl620,122,UNKNOWN,Jo Malone London,121,jomalone.fr,BEAUTY,,UNKNOWN,,Estee Lauder,JO_MALONE_LONDON,wikidata,,PENDING
74,cmtkdvvqa1s6anf2bc4v3e8e5,126,UNKNOWN,Printemps,120,printemps.com,RETAIL,,UNKNOWN,,Groupe Printemps,PRINTEMPS,wikidata,,PENDING
47,cmtpukup029apl35mgtskxs6a,117,UNKNOWN,Kering Corporate,117,kering.com,LUXURY,,UNKNOWN,,,KERING_CORPORATE,manual,,PENDING
76,cmtk48g7g1cp9ny2bsq7h0e65,118,UNKNOWN,Guerlain,116,guerlain.com,BEAUTY,,UNKNOWN,,LVMH,GUERLAIN,wikidata,,PENDING
5,cmtp330rv14dyqq4z2tb0eunw,115,UNKNOWN,HOKA,115,hoka.com,RETAIL,,UNKNOWN,,,HOKA,wikidata,,PENDING
0,cmtrsn7p81emfpg5mjzzcnwh9,114,UNKNOWN,Swarovski Retail Ventures,114,,JEWELRY_WATCHES,,UNKNOWN,,,SWAROVSKI_RETAIL_VENTURES,,,PENDING
72,cmtkdvw5m1sb2nf2bvkqxcjar,114,UNKNOWN,SÉZANE,113,sezane.com,FASHION,,UNKNOWN,,,SEZANE,wikidata,,PENDING
9,cmtk48ejw1bzgny2bkqrqp6dp,116,UNKNOWN,Bulgari,112,bulgari.com,JEWELRY_WATCHES,,UNKNOWN,,LVMH,BULGARI,wikidata,,PENDING
1,cmtk1ylsa0480nv2b4opry0mr,125,UNKNOWN,De Beers London,112,debeers.com,JEWELRY_WATCHES,,UNKNOWN,,,DE_BEERS_LONDON,manual,,PENDING
0,cmtrt7axo2ty8pg5mmptjtt0t,112,UNKNOWN,MNG-MANGO,112,,FASHION,,UNKNOWN,,,MNG_MANGO,,,PENDING
1,cmtm9jhoq1uwgpv5jb20n95wp,115,UNKNOWN,Clinique,110,clinique.com,BEAUTY,,UNKNOWN,,Estee Lauder,CLINIQUE,wikidata,,PENDING
109,cmtpiybmp0kgopf5lx59eajm5,109,UNKNOWN,Beauty Success,109,beautysuccess.fr,RETAIL,,UNKNOWN,,,BEAUTY_SUCCESS,source-careers,,PENDING
11,cmtpiy9vu0jzmpf5ljoimrw0m,108,UNKNOWN,Beiersdorf,108,beiersdorf.com,RETAIL,,UNKNOWN,,,BEIERSDORF,wikidata,,PENDING
105,cmtlyojxw0k1zqf5k0bdeyvwn,107,UNKNOWN,Aigle,107,aigle.com,FASHION,,UNKNOWN,,,AIGLE,source-careers,,PENDING
4,cmtn5g0u60h5bqq5l9r3yv88p,107,UNKNOWN,GANT,107,gant.com,RETAIL,,UNKNOWN,,,GANT,source-careers,,PENDING
13,cmtk1y3xj02mznv2bpqzs2233,151,UNKNOWN,Maison Margiela,107,maisonmargiela.com,FASHION,,UNKNOWN,,,MARGIELA,wikidata,,PENDING
21,cmtk48edn1bx1ny2bw96j1oca,110,UNKNOWN,Moët Hennessy,107,,LUXURY,,UNKNOWN,,,MOET_HENNESSY,,,PENDING
7,cmtm7vjv513hvpv5jmhnanl7l,108,UNKNOWN,Montblanc,107,montblanc.com,LUXURY,,UNKNOWN,,Richemont,MONTBLANC,wikidata,,PENDING
5,cmtn5dgoo0b8pqq5lh5676e8v,179,UNKNOWN,Prada Group,103,pradagroup.com,LUXURY,,UNKNOWN,,,PRADA_GROUP,wikidata,,PENDING
13,cmtn5fspd0gu6qq5l2opddoki,102,UNKNOWN,Boggi Milano,102,boggi.com,RETAIL,,UNKNOWN,,,BOGGI_MILANO,wikidata,,PENDING
4,cmtk48g3r1cnrny2bd0sjfisq,103,UNKNOWN,Loro Piana,101,loropiana.com,FASHION,,UNKNOWN,,LVMH,LORO_PIANA,wikidata,,PENDING
14,cmtk1yo9b04j7nv2bvtd8huil,114,UNKNOWN,APM MONACO,100,apm.mc,JEWELRY_WATCHES,,UNKNOWN,,,APM_MONACO,wikidata,,PENDING
2,cmtk1ywiz04tnnv2bym3tmeto,98,UNKNOWN,Canada Goose,96,canada-goose.com,FASHION,,UNKNOWN,,,CANADA_GOOSE,wikidata,,PENDING
4,cmtk48gbl1cqxny2basnh2vl5,98,UNKNOWN,Fendi,93,fendi.com,FASHION,,UNKNOWN,,LVMH,FENDI,wikidata,,PENDING
0,cmtlynjg60i2qqf5khn8bsbkr,93,UNKNOWN,Space NK,93,spacenk.com,RETAIL,,UNKNOWN,,,SPACE_NK,wikidata,,PENDING
4,cmtk1yc6s036rnv2bbklpocx9,89,UNKNOWN,Audemars Piguet,88,audemarspiguet.com,JEWELRY_WATCHES,,UNKNOWN,,,AUDEMARS_PIGUET,wikidata,,PENDING
10,cmtk48hzp1dhmny2bo7vhzeof,90,UNKNOWN,Rimowa,88,rimowa.com,FASHION,,UNKNOWN,,LVMH,RIMOWA,wikidata,,PENDING
5,cmtlynmdg0ilcqf5k9pasow7u,91,UNKNOWN,My Jewellery,87,my-jewellery.com,JEWELRY_WATCHES,,UNKNOWN,,,MY_JEWELLERY,wikidata,,PENDING
0,cmtp330po14d2qq4zofyyqjx1,86,UNKNOWN,Deckers,86,deckers.com,RETAIL,,UNKNOWN,,,DECKERS,wikidata,,PENDING
7,cmtlyn9aa0gg8qf5k7eadcmde,96,UNKNOWN,Dolce & Gabbana,86,dolcegabbana.com,RETAIL,,UNKNOWN,,,DOLCE_AND_GABBANA,source-careers,,PENDING
0,cmtlynle20ibvqf5k46oyi3ki,86,UNKNOWN,Multiópticas,85,multiopticas.pt,RETAIL,,UNKNOWN,,,MULTIOPTICAS,wikidata,,PENDING
83,cmtpgj7p83dohqq4zc6l1us92,83,UNKNOWN,ALAIN AFFLELOU,83,alainafflelouoptico.es,FASHION,,UNKNOWN,,,ALAIN_AFFLELOU,wikidata,,PENDING
0,cmtlymy4p0g0uqf5kq1a5f0nf,83,UNKNOWN,ION,83,ionorchard.com,RETAIL,,UNKNOWN,,,ION,manual,,PENDING
0,cmtlynhuu0htlqf5kubyzlti7,82,UNKNOWN,Brilliant Earth,82,brilliantearth.com,RETAIL,,UNKNOWN,,,BRILLIANT_EARTH,wikidata,,PENDING
4,cmtm9jhkp1uv4pv5jmuw0jg4m,82,UNKNOWN,Bobbi Brown Cosmetics,81,bobbibrowncosmetics.com,BEAUTY,,UNKNOWN,,,BOBBI_BROWN_COSMETICS,wikidata,,PENDING
0,cmtlyndkq0h53qf5kle7uhegj,83,UNKNOWN,White Stuff,81,whitestuff.com,RETAIL,,UNKNOWN,,,WHITE_STUFF,wikidata,,PENDING
0,cmtlynes70hdwqf5ku1zn3amx,82,UNKNOWN,KULT | OLYMP&HADES,80,kult-olymp-hades.de,RETAIL,,UNKNOWN,,,KULT_OLYMP_AND_HADES,source-careers,,PENDING
46,cmtk01dhf0000kc47k44sukf3,81,UNKNOWN,POLÈNE,79,polene-paris.com,FASHION,,UNKNOWN,,,POLENE,wikidata,,PENDING
0,cmtlynaw10godqf5k0fol89uc,78,UNKNOWN,Silbon,78,silbonshop.com,RETAIL,,UNKNOWN,,,SILBON,manual,,PENDING
36,cmtlyn3er0g8jqf5k5deva229,82,UNKNOWN,Salomon,77,salomon.com,RETAIL,,UNKNOWN,,,SALOMON,wikidata,,PENDING
0,cmtrt7avz2txepg5m3r70jyih,76,UNKNOWN,MANGO TR TEKSTIL TICARET LTD.S,76,,FASHION,,UNKNOWN,,,MANGO_TR_TEKSTIL_TICARET_LTD_S,,,PENDING
58,cmtjwp1bd0665m72bmgtojhlh,75,UNKNOWN,ba&sh,75,ba-sh.com,FASHION,,UNKNOWN,,,BA_AND_SH,source-careers,,PENDING
0,cmtrt7giq2vr1pg5m1hz6detx,75,UNKNOWN,MANGO NY,75,,FASHION,,UNKNOWN,,,MANGO_NY,,,PENDING
0,cmtrsg8q90kaopg5mbydgg3vg,73,UNKNOWN,Movado Retail Group,73,,RETAIL,,UNKNOWN,,,MOVADO_RETAIL_GROUP,,,PENDING
0,cmtm9jh821uqspv5jo8nfdl8f,73,UNKNOWN,Aveda,72,aveda.com,BEAUTY,,UNKNOWN,,Estee Lauder,AVEDA,wikidata,,PENDING
0,cmtpixdjv0fb3pf5l1rzuyhzx,72,UNKNOWN,Brown Thomas Arnotts,72,brownthomasarnotts.com,RETAIL,,UNKNOWN,,,BROWN_THOMAS_ARNOTTS,manual,,PENDING
72,cmtjwf6za08pxo72be8uvm8kn,73,UNKNOWN,L'Oréal Groupe,72,loreal.com,BEAUTY,,UNKNOWN,,,L_OREAL_GROUPE,wikidata,,PENDING
45,cmtk48edz1bx5ny2bwve7xek3,71,UNKNOWN,LVMH,71,lvmh.com,LUXURY,,UNKNOWN,,LVMH,LVMH,source-careers,,PENDING
4,cmtm9jhbl1uropv5jgiox664p,72,UNKNOWN,Tom Ford,71,tomford.com,FASHION,,UNKNOWN,,,TOM_FORD,wikidata,,PENDING
3,cmtpukumq299vl35m0urpfp28,70,UNKNOWN,Kering Eyewear,70,keringeyewear.com,LUXURY,,UNKNOWN,,Kering,KERING_EYEWEAR,manual,,PENDING
0,cmtrt7aqv2tvcpg5mcq3nesft,70,UNKNOWN,MNG MANGO BELGIQUE S.P.R.L,70,,FASHION,,UNKNOWN,,,MNG_MANGO_BELGIQUE_S_P_R_L,,,PENDING
0,cmtlym3d80dovqf5k7gbe6c8m,71,UNKNOWN,Jeans Centre,69,jeanscentre.nl,RETAIL,,UNKNOWN,,,JEANS_CENTRE,wikidata,,PENDING
11,cmtpj2g8y1460pf5lltllly0i,69,UNKNOWN,Swatch,69,swatch.com,JEWELRY_WATCHES,,UNKNOWN,,,SWATCH,wikidata,,PENDING
56,cmtlymv130ftcqf5ksa2087g6,69,UNKNOWN,The Kooples,69,thekooples.com,FASHION,,UNKNOWN,,,THE_KOOPLES,source-careers,,PENDING
0,cmtlymj6s0f75qf5kgfd29yws,67,UNKNOWN,B2,67,,RETAIL,,UNKNOWN,,,B2,,,PENDING
0,cmtpiwcqo0apdpf5l5u32983f,67,UNKNOWN,Selfridges,67,selfridges.com,RETAIL,,UNKNOWN,,,SELFRIDGES,source-careers,,PENDING
0,cmtlymkbu0feiqf5k498s8x1u,67,UNKNOWN,Browns Shoes,66,brownsshoes.com,RETAIL,,UNKNOWN,,,BROWNS_SHOES,wikidata,,PENDING
0,cmtlym6270e1pqf5kuhifc0my,65,UNKNOWN,Browns,65,brownsfashion.com,RETAIL,,UNKNOWN,,,BROWNS,source-careers,,PENDING
0,cmtrspy2f1pqmpg5mtx61w9oj,65,UNKNOWN,Nike Sports (China) Co.,65,,RETAIL,,UNKNOWN,,,NIKE_SPORTS_CHINA_CO,,,PENDING
0,cmtlympe50flvqf5kap2lx5o8,69,UNKNOWN,ASOS,64,asos.com,RETAIL,,UNKNOWN,,,ASOS,wikidata,,PENDING
64,cmtm7ucoz10xspv5jc900ovd5,64,UNKNOWN,La Halle,64,lahalle.com,RETAIL,,UNKNOWN,,Groupe Beaumanoir,LA_HALLE,manual,,PENDING
0,cmtlymhzm0f00qf5kgifcvvtr,65,UNKNOWN,MS Mode,64,msmode.nl,FASHION,,UNKNOWN,,,MS_MODE,wikidata,,PENDING
2,cmtpixe3h0fg8pf5ldkiy5zdt,64,UNKNOWN,Zegna,64,zegnagroup.com,RETAIL,,UNKNOWN,,,ZEGNA,source-careers,,PENDING
0,cmtlymh890eszqf5kd0ors4g2,63,UNKNOWN,Lovable,63,lovable.it,RETAIL,,UNKNOWN,,,LOVABLE,wikidata,,PENDING
0,cmtpu1wpq0cqol35mt9czrz1s,62,UNKNOWN,B's,62,bs-intl.jp,RETAIL,,UNKNOWN,,,B_S,manual,,PENDING
0,cmtlyme0p0em2qf5k3jw9prng,64,UNKNOWN,LOFT,62,loft.com,RETAIL,,UNKNOWN,,,LOFT,manual,,PENDING
61,cmtm7ucr010y7pv5j8qg9y2m6,61,UNKNOWN,Cache Cache,61,cache-cache.fr,FASHION,,UNKNOWN,,Groupe Beaumanoir,CACHE_CACHE,wikidata,,PENDING
0,cmtk48g5s1conny2bv651ayg7,64,UNKNOWN,Loewe,61,loewe.com,FASHION,,UNKNOWN,,LVMH,LOEWE,wikidata,,PENDING
16,cmtp25hct0fl7qq4zwb6y1cby,63,UNKNOWN,New Balance,60,newbalance.com,FASHION,,UNKNOWN,,,NEW_BALANCE,manual,,PENDING
40,cmtk1xyja02asnv2b2cq1izbi,60,UNKNOWN,Maison 123,59,maison123.com,FASHION,,UNKNOWN,,Groupe Etam,123,source-careers,,PENDING
0,cmtrspy0n1pptpg5mtyi23le1,59,UNKNOWN,NIKE India Technology Center Private,59,,RETAIL,,UNKNOWN,,,NIKE_INDIA_TECHNOLOGY_CENTER_PRIVATE,,,PENDING
11,cmtk48fsk1cjbny2bgajhyzgg,58,UNKNOWN,LVMH Perfumes & Cosmetics,58,,BEAUTY,,UNKNOWN,,LVMH,LVMH_PERFUMES_AND_COSMETICS,,,PENDING
56,cmtmkagh72joxpv4x39t228br,57,UNKNOWN,Histoire d'Or,56,histoiredor.com,JEWELRY_WATCHES,,UNKNOWN,,THOM Group,HISTOIRE_D_OR,wikidata,,PENDING
0,cmtlym49w0dv8qf5kwt47my82,59,UNKNOWN,Honey Birdette,56,honeybirdette.com,RETAIL,,UNKNOWN,,,HONEY_BIRDETTE,manual,,PENDING
46,cmtk1xrp9020anv2bx7tlltw0,58,UNKNOWN,PETIT BATEAU,56,petit-bateau.com,FASHION,,UNKNOWN,,,PETIT_BATEAU,wikidata,,PENDING
35,cmtke3sdt02imlp2b58mkcxwv,56,UNKNOWN,Soeur,55,soeur.fr,FASHION,,UNKNOWN,,,SOEUR,manual,,PENDING
0,cmtlylxp80d81qf5kbtj1mux8,56,UNKNOWN,ASICS,54,asics.com,RETAIL,,UNKNOWN,,,ASICS,wikidata,,PENDING
21,cmtpukupk29ayl35m17qtqyup,54,UNKNOWN,Boucheron,54,boucheron.com,JEWELRY_WATCHES,,UNKNOWN,,Kering,BOUCHERON,manual,,PENDING
0,cmtlyl8xk0c2pqf5k3hiiznf3,54,UNKNOWN,La Senza,54,lasenza.com,RETAIL,,UNKNOWN,,,LA_SENZA,wikidata,,PENDING
0,cmtpiwqt90c84pf5lmyf2ej5r,54,UNKNOWN,LuxExperience,54,luxexperience.com,RETAIL,,UNKNOWN,,,LUXEXPERIENCE,wikidata,,PENDING
0,cmtrsmvex1d6fpg5mc0k6glor,54,UNKNOWN,Michael Kors Stores California,54,,RETAIL,,UNKNOWN,,,MICHAEL_KORS_STORES_CALIFORNIA,,,PENDING
0,cmtlyllrd0cxpqf5krbxzkjko,54,UNKNOWN,Pepco,54,pepco.pl,RETAIL,,UNKNOWN,,,PEPCO,wikidata,,PENDING
0,cmtk1y1hh02gunv2bgh8lfefv,53,UNKNOWN,Egon Zehnder,53,egonzehnder.com,RECRUITER,,UNKNOWN,,,EGON_ZEHNDER,wikidata,,PENDING
0,cmtke3l8a020rlp2bxmnyau6y,53,UNKNOWN,NARS,53,narscosmetics.com,BEAUTY,,UNKNOWN,,Shiseido Group,NARS,wikidata,,PENDING
13,cmtk1xmf601msnv2bnv9cn2rz,77,UNKNOWN,Groupe Clarins,51,groupeclarins.com,BEAUTY,,UNKNOWN,,,CLARINS,source-careers,,PENDING
0,cmtm9jh3y1uq0pv5j8iia3oel,51,UNKNOWN,Le Labo,51,lelabofragrances.com,BEAUTY,,UNKNOWN,,Estee Lauder,LE_LABO,wikidata,,PENDING
30,cmtrta68w39ukpg5mze4sqp6m,51,UNKNOWN,LVMH Fragrance Brands,51,,BEAUTY,,UNKNOWN,,LVMH,LVMH_FRAGRANCE_BRANDS,,,PENDING
0,cmtlyl9qv0c86qf5ksrcvj56d,51,UNKNOWN,Nutrire,50,nutrire.com,RETAIL,,UNKNOWN,,,NUTRIRE,wikidata,,PENDING
0,cmtlyktrf0bimqf5kplgr5l4b,49,UNKNOWN,LAGER 157,48,lager157.com,RETAIL,,UNKNOWN,,,LAGER_157,source-careers,,PENDING
48,cmtk48eex1bxlny2b3drci9sc,51,UNKNOWN,Le Bon Marché,48,lebonmarche.com,RETAIL,,UNKNOWN,,LVMH,BON_MARCHE,wikidata,,PENDING
48,cmtkdvwy01sjhnf2bsr141joy,48,UNKNOWN,SUD EXPRESS,48,sudexpress.com,FASHION,,UNKNOWN,,,SUD_EXPRESS,wikidata,,PENDING
32,cmtlyl72q0brzqf5kvz8u8x0t,48,UNKNOWN,Undiz,48,undiz.com,FASHION,,UNKNOWN,,Groupe Etam,UNDIZ,wikidata,,PENDING
0,cmtpiwnq30btbpf5lm3qhojej,47,UNKNOWN,Rivoli Group,47,rivoligroup.com,RETAIL,,UNKNOWN,,,RIVOLI_GROUP,source-careers,,PENDING
0,cmtrsgp7y0lvupg5mrhp80j1c,46,UNKNOWN,Advance Magazine Publishers,46,,RETAIL,,UNKNOWN,,,ADVANCE_MAGAZINE_PUBLISHERS,,,PENDING
0,cmtlykryt0b8sqf5k0ya11jmv,46,UNKNOWN,Belstaff,46,belstaff.com,RETAIL,,UNKNOWN,,,BELSTAFF,wikidata,,PENDING
46,cmtm7ucwb10zupv5jceo6wpcz,46,UNKNOWN,Boardriders,46,boardriders.com,RETAIL,,UNKNOWN,,,BOARDRIDERS,manual,,PENDING
0,cmtlykpsc0azhqf5kt8xxoq2x,45,UNKNOWN,Everlane,45,everlane.com,RETAIL,,UNKNOWN,,,EVERLANE,wikidata,,PENDING
45,cmtkdvxc91sninf2br3plbw5g,46,UNKNOWN,MORGAN,45,morgandetoi.com,FASHION,,UNKNOWN,,Groupe Beaumanoir,MORGAN,manual,,PENDING
44,cmtm7ucrz10yjpv5jxyca11id,44,UNKNOWN,Bonobo,44,bonoboplanet.com,FASHION,,UNKNOWN,,Groupe Beaumanoir,BONOBO,manual,,PENDING
5,cmtlykp600auoqf5kc4pmoaql,44,UNKNOWN,Dim,44,dim.com,RETAIL,,UNKNOWN,,,DIM,manual,,PENDING
0,cmtpj2gvt14eqpf5lq28crd67,44,UNKNOWN,ETA,44,eta.ch,RETAIL,,UNKNOWN,,,ETA,manual,,PENDING
0,cmtlyk6rt0a46qf5k2bvkhed5,44,UNKNOWN,Magasin du Nord,44,magasin.dk,RETAIL,,UNKNOWN,,,MAGASIN_DU_NORD,wikidata,,PENDING
0,cmtlyksr60bdpqf5ku0w2rslx,48,UNKNOWN,Skin Laundry,44,skinlaundry.com,RETAIL,,UNKNOWN,,,SKIN_LAUNDRY,wikidata,,PENDING
1,cmtlykan40ad4qf5ki13taw2h,45,UNKNOWN,Veronica Beard,44,veronicabeard.com,RETAIL,,UNKNOWN,,,VERONICA_BEARD,manual,,PENDING
5,cmtlq3uim1m0gpg2bcbdwtixo,43,UNKNOWN,CAMPER,43,camper.com,RETAIL,,UNKNOWN,,,CAMPER,source-careers,,PENDING
1,cmtlyjbk307y0qf5kj62terkl,43,UNKNOWN,THOMAS SABO,43,thomassabo.com,RETAIL,,UNKNOWN,,,THOMAS_SABO,wikidata,,PENDING
0,cmtlyk9yo0a8nqf5ktrqph14t,48,UNKNOWN,MASCOT Workwear,42,mascot.dk,RETAIL,,UNKNOWN,,,MASCOT_WORKWEAR,source-careers,,PENDING
0,cmtk1xpzv01vonv2bzmxjc610,42,UNKNOWN,AMIRI,41,amiri.com,FASHION,,UNKNOWN,,,AMIRI,wikidata,,PENDING
0,cmtpiw7tl09ylpf5ljsb8xnnt,41,UNKNOWN,Breitling,41,breitling.com,JEWELRY_WATCHES,,UNKNOWN,,,BREITLING,source-careers,,PENDING
0,cmtk48ef51bxpny2bimpd88oz,44,UNKNOWN,Fresh,41,fresh.com,BEAUTY,,UNKNOWN,,LVMH,FRESH,manual,,PENDING
3,cmtpj2gae146jpf5la2b9h93r,41,UNKNOWN,Omega,41,omegawatches.com,JEWELRY_WATCHES,,UNKNOWN,,,OMEGA,wikidata,,PENDING
0,cmtpu17sq09isl35mpcwd0cgz,41,UNKNOWN,Orlando Bathing Suit,41,orlandobathingsuit.com,RETAIL,,UNKNOWN,,,ORLANDO_BATHING_SUIT,manual,,PENDING
5,cmtptzpyj02cil35mltt03knh,41,UNKNOWN,UNIQLO,41,uniqlo.com,FASHION,,UNKNOWN,,,UNIQLO,manual,,PENDING
41,cmtrsctqp025gpg5mms0umgrp,41,UNKNOWN,UNIQLO EUROPE LIMITED FRENCH BRANCH,41,,FASHION,,UNKNOWN,,,UNIQLO_EUROPE_LIMITED_FRENCH_BRANCH,,,PENDING
0,cmtlyhuzx03y3qf5kd8pwex6t,42,UNKNOWN,Marc O'Polo,40,marc-o-polo.com,RETAIL,,UNKNOWN,,,MARC_O_POLO,source-careers,,PENDING
0,cmtrtc42p3muspg5me6xho7w7,39,UNKNOWN,Coach Korea,39,,RETAIL,,UNKNOWN,,,COACH_KOREA,,,PENDING
39,cmtk1xhso01g1nv2ba8gk7kul,59,UNKNOWN,Dr Pierre Ricaud,39,drpierre-ricaud.com,BEAUTY,,UNKNOWN,,Groupe Rocher,DR_PIERRE_RICAUD,manual,,PENDING
0,cmtlyk07m09j6qf5k7kq9wuox,45,UNKNOWN,Merkal,39,merkal.com,RETAIL,,UNKNOWN,,,MERKAL,wikidata,,PENDING
0,cmtlyk1rj09rcqf5k7pnmynrv,39,UNKNOWN,Monica Vinader,39,monicavinader.com,RETAIL,,UNKNOWN,,,MONICA_VINADER,source-careers,,PENDING
1,cmtm7vkmb13urpv5jyhkiiuqy,38,UNKNOWN,Delvaux,38,delvaux.com,FASHION,,UNKNOWN,,Richemont,DELVAUX,manual,,PENDING
0,cmtlyk0vv09n7qf5k812hyz8w,38,UNKNOWN,Eurofragrance,38,eurofragance.com,RETAIL,,UNKNOWN,,,EUROFRAGRANCE,manual,,PENDING
22,cmtke332p010plp2b807b00bh,38,UNKNOWN,Groupe Chantelle,38,groupechantelle.com,FASHION,,UNKNOWN,,,CHANTELLE,wikidata,,PENDING
25,cmtjwf6tz0a8dld2bumichh9u,39,UNKNOWN,Sessùn,38,sessun.com,FASHION,,UNKNOWN,,,SESSUN,manual,,PENDING
37,cmtm7ucrc10ybpv5j8tv9kuxe,37,UNKNOWN,Caroll,37,caroll.com,FASHION,,UNKNOWN,,Groupe Beaumanoir,CAROLL,manual,,PENDING
0,cmtrsmvfo1d6mpg5maithlr7r,37,UNKNOWN,Michael Kors (Canada),37,,RETAIL,,UNKNOWN,,,MICHAEL_KORS_CANADA,,,PENDING
0,cmtrsmvwm1dcapg5mu596zm79,37,UNKNOWN,Michael Kors (USA),37,,RETAIL,,UNKNOWN,,,MICHAEL_KORS_USA,,,PENDING
0,cmtlyjzjm09f9qf5kabmg43a6,39,UNKNOWN,Profil Optik,37,profiloptik.dk,RETAIL,,UNKNOWN,,,PROFIL_OPTIK,wikidata,,PENDING
0,cmtrsn7il1ejppg5mdisq3dni,37,UNKNOWN,"Swarovski Crystal, S.A de C.V",37,,JEWELRY_WATCHES,,UNKNOWN,,,SWAROVSKI_CRYSTAL_S_A_DE_C_V,,,PENDING
0,cmtlyk2kh09vhqf5ksbz9mphe,38,UNKNOWN,Jonsson Workwear,36,jonssonworkwear.com,RETAIL,,UNKNOWN,,,JONSSON_WORKWEAR,wikidata,,PENDING
0,cmtrsmvmg1d8rpg5mjuur76ft,36,UNKNOWN,Michael Kors (UK),36,,RETAIL,,UNKNOWN,,,MICHAEL_KORS_UK,,,PENDING
35,cmtm7uctm10yypv5jyqjvi6le,35,UNKNOWN,Clog,35,clog.fr,RETAIL,,UNKNOWN,,,CLOG,manual,,PENDING
32,cmtkdvvsi1s76nf2bi5afj7va,36,UNKNOWN,ERIC BOMPARD,35,eric-bompard.com,FASHION,,UNKNOWN,,,ERIC_BOMPARD,wikidata,,PENDING
35,cmtlyntsb0j24qf5kxz2mq88k,35,UNKNOWN,Gémo,35,gemo.fr,RETAIL,,UNKNOWN,,Groupe Eram,GEMO,manual,,PENDING
0,cmtrseftp0ai2pg5mlh7v7w8q,35,UNKNOWN,J Choo,35,,RETAIL,,UNKNOWN,,,J_CHOO,,,PENDING
9,cmtlyj52707cbqf5kakmthuio,35,UNKNOWN,Pronovias,35,pronovias.com,RETAIL,,UNKNOWN,,,PRONOVIAS,source-careers,,PENDING
25,cmtk48ek71bzkny2b9rs9hzev,34,UNKNOWN,Berluti,34,berluti.com,FASHION,,UNKNOWN,,LVMH,BERLUTI,wikidata,,PENDING
1,cmtk1xg5w01d2nv2bq5sx8fs0,66,UNKNOWN,Valentino,34,valentino.com,FASHION,,UNKNOWN,,,VALENTINO,source-careers,,PENDING
0,cmtlyjyak097tqf5k60n3lbg4,34,UNKNOWN,Frank Darling,33,frankdarling.com,RETAIL,,UNKNOWN,,,FRANK_DARLING,source-careers,,PENDING
0,cmtrspy4c1prlpg5m1dka97ou,33,UNKNOWN,Nike Commercial (China),33,,RETAIL,,UNKNOWN,,,NIKE_COMMERCIAL_CHINA,,,PENDING
4,cmtk1xxkp025dnv2b2ssr1yjk,33,UNKNOWN,Versace,33,versace.com,FASHION,,UNKNOWN,,,VERSACE,manual,,PENDING
0,cmtm7vlnx14abpv5jyrtawce8,32,UNKNOWN,A.Lange and Sohne,32,alange-soehne.com,JEWELRY_WATCHES,,UNKNOWN,,Richemont,A_LANGE_AND_SOHNE,manual,,PENDING
6,cmtp22cxr0a7gqq4z2yq4wjhy,32,UNKNOWN,BRUNELLO CUCINELLI,32,brunellocucinelli.com,RETAIL,,UNKNOWN,,,BRUNELLO_CUCINELLI,manual,,PENDING
0,cmtlyjq6j08mvqf5kum2gene4,35,UNKNOWN,Glitter,32,glitter.se,RETAIL,,UNKNOWN,,,GLITTER,manual,,PENDING
0,cmtlyjlsm08afqf5k40oerjed,39,UNKNOWN,HUBER,32,huber.com,RETAIL,,UNKNOWN,,,HUBER,source-careers,,PENDING
30,cmtk48fxt1clbny2bmdwyoihy,34,UNKNOWN,Maison Francis Kurkdjian,32,franciskurkdjian.com,BEAUTY,,UNKNOWN,,LVMH,FRANCIS_KURKDJIAN,wikidata,,PENDING
0,cmtlyjwbd090nqf5kjkpanxml,32,UNKNOWN,Mulberry,32,mulberry.com,RETAIL,,UNKNOWN,,,MULBERRY,wikidata,,PENDING
0,cmtlyjm8j08dsqf5k7jsr5r1u,32,UNKNOWN,Oak Essentials,32,oakessentials.com,RETAIL,,UNKNOWN,,,OAK_ESSENTIALS,source-careers,,PENDING
0,cmtk48hz71dheny2bq61jvrz5,32,UNKNOWN,TAG Heuer,32,tagheuer.com,JEWELRY_WATCHES,,UNKNOWN,,LVMH,TAG_HEUER,wikidata,,PENDING
0,cmtlyjwt40948qf5ktdhepez5,32,UNKNOWN,ThirdLove,32,thirdlove.com,RETAIL,,UNKNOWN,,,THIRDLOVE,wikidata,,PENDING
1,cmtm7vk4i13mjpv5j6cxfx6x6,31,UNKNOWN,Buccellati,31,buccellati.com,JEWELRY_WATCHES,,UNKNOWN,,Richemont,BUCCELLATI,wikidata,,PENDING
0,cmtpivvid07ykpf5l98iapg0r,31,UNKNOWN,Fenwick,31,fenwick.co.uk,RETAIL,,UNKNOWN,,,FENWICK,source-careers,,PENDING
0,cmtjw1ejj0141ld2bt20epmki,101,UNKNOWN,L'Oréal,31,loreal.com,BEAUTY,,UNKNOWN,,L'Oreal,LOREAL,source-careers,,PENDING
1,cmtlyjqt808qcqf5kesjkbdi9,32,UNKNOWN,MR MARVIS,31,mrmarvis.com,RETAIL,,UNKNOWN,,,MR_MARVIS,manual,,PENDING
0,cmtrsn8my1evopg5mm2r087ec,31,UNKNOWN,Swarovski (Deutschland),31,,JEWELRY_WATCHES,,UNKNOWN,,,SWAROVSKI_DEUTSCHLAND,,,PENDING
31,cmtpz5wyq055i3ncqggpqy45n,31,UNKNOWN,Tissus des Ursules - TDU Group,31,tissusdesursules.fr,RETAIL,,UNKNOWN,,,TISSUS_DES_URSULES_TDU_GROUP,manual,,PENDING
31,cmtm7ucqi10y3pv5j1s4jalzb,31,UNKNOWN,Vib's,31,vibs.com,FASHION,,UNKNOWN,,Groupe Beaumanoir,VIB_S,manual,,PENDING
3,cmtpivor3076wpf5l7m081zui,30,UNKNOWN,Acne Studios,30,acnestudios.com,FASHION,,UNKNOWN,,,ACNE_STUDIOS,wikidata,,PENDING
23,cmtkdvumn1rqynf2bxg2eyo0q,32,UNKNOWN,BALMAIN,30,balmain.com,FASHION,,UNKNOWN,,,BALMAIN,wikidata,,PENDING
0,cmtlyj76h07ojqf5kvq0et6n7,30,UNKNOWN,FIGS,30,wearfigs.com,RETAIL,,UNKNOWN,,,FIGS,source-careers,,PENDING
0,cmtlyj7pg07roqf5k5fyrkf05,30,UNKNOWN,Kapten & Son,30,kapten-son.com,RETAIL,,UNKNOWN,,,KAPTEN_AND_SON,manual,,PENDING
29,cmtke394t01kilp2bpousq8lf,31,UNKNOWN,Showroomprive,30,showroomprive.com,RETAIL,,UNKNOWN,,,SHOWROOMPRIVE,wikidata,,PENDING
0,cmtlyjre208ttqf5k9bx76b4z,31,UNKNOWN,Singularu,30,singularu.com,RETAIL,,UNKNOWN,,,SINGULARU,manual,,PENDING
29,cmtlyja1p07utqf5kdf0s34b3,31,UNKNOWN,Sisley,30,sisley-paris.com,RETAIL,,UNKNOWN,,,SISLEY,wikidata,,PENDING
0,cmtrsctrp025wpg5md12ddu6y,30,UNKNOWN,UNIQLO EUROPE LIMITED GERMAN BRANCH,30,,FASHION,,UNKNOWN,,,UNIQLO_EUROPE_LIMITED_GERMAN_BRANCH,,,PENDING
0,cmtrsgpdk0lxlpg5mi3xcj5ln,29,UNKNOWN,Advance Magazine Publishers Inc. HQ,29,,RETAIL,,UNKNOWN,,,ADVANCE_MAGAZINE_PUBLISHERS_INC_HQ,,,PENDING
0,cmtlyjc0d0815qf5ky4dnb0wa,30,UNKNOWN,Orchestra,29,orchestra.com,RETAIL,,UNKNOWN,,,ORCHESTRA,manual,,PENDING
0,cmtpukulu299jl35m7o9uu7n5,29,UNKNOWN,Pomellato,29,pomellato.com,JEWELRY_WATCHES,,UNKNOWN,,Kering,POMELLATO,manual,,PENDING
1,cmtpj2gbr1473pf5l1wfwy9ur,29,UNKNOWN,Swatch Group,29,swatchgroup.com,JEWELRY_WATCHES,,UNKNOWN,,,SWATCH_GROUP,wikidata,,PENDING
2,cmtm8ozlu1htlpv5jpyr60y9f,29,UNKNOWN,Converse,28,converse.com,RETAIL,,UNKNOWN,,,CONVERSE,manual,,PENDING
0,cmtlyiv9806sjqf5kt5xeac73,29,UNKNOWN,Dune London,28,dunelondon.com,RETAIL,,UNKNOWN,,,DUNE_LONDON,source-careers,,PENDING
0,cmtm9jhhk1uu0pv5j158p5va1,28,UNKNOWN,La Mer,28,cremedelamer.com,BEAUTY,,UNKNOWN,,Estee Lauder,LA_MER,manual,,PENDING
0,cmtlyj5hc07fcqf5kfdk0exlk,28,UNKNOWN,State of Art,28,stateofart.com,RETAIL,,UNKNOWN,,,STATE_OF_ART,manual,,PENDING
27,cmtlyiz3m076kqf5kegty1y42,27,UNKNOWN,Aubade Paris,27,aubade.com,RETAIL,,UNKNOWN,,,AUBADE_PARIS,wikidata,,PENDING
27,cmtlyijan05ykqf5kd1gklb7m,28,UNKNOWN,EPHEMERA,27,,RETAIL,,UNKNOWN,,,EPHEMERA,,,PENDING
25,cmtk1x9j900v9nv2bsq7qg8m1,28,UNKNOWN,Oh My Cream,27,ohmycream.com,RETAIL,,UNKNOWN,,,OH_MY_CREAM,source-careers,,PENDING
0,cmtlyium006pqqf5kymyiavbr,26,UNKNOWN,Castore,26,castore.com,RETAIL,,UNKNOWN,,,CASTORE,source-careers,,PENDING
0,cmtp20pmn06rsqq4z8vcw2c3y,26,UNKNOWN,Damiani,26,damianigroup.com,RETAIL,,UNKNOWN,,,DAMIANI,source-careers,,PENDING
23,cmtlyj6mk07leqf5kn4ipgxhk,26,UNKNOWN,Diptyque paris,26,diptyqueparis.com,RETAIL,,UNKNOWN,,,DIPTYQUE_PARIS,manual,,PENDING
0,cmtlyivw906vcqf5kgxm9nkhx,29,UNKNOWN,JoJo Maman Bébé,26,jojomamanbebe.com,RETAIL,,UNKNOWN,,,JOJO_MAMAN_BEBE,wikidata,,PENDING
24,cmtk1x83i00pqnv2biab352pq,26,UNKNOWN,Jonak,26,jonak.fr,FASHION,,UNKNOWN,,,JONAK,wikidata,,PENDING
18,cmtkdvuvo1rv2nf2bol2swzih,26,UNKNOWN,Longchamp,26,longchamp.com,FASHION,,UNKNOWN,,Longchamp,LONGCHAMP,wikidata,,PENDING
25,cmtkdvutp1ru9nf2bbqeq9stw,25,UNKNOWN,Chloe,25,chloe.com,FASHION,,UNKNOWN,,Richemont,CHLOE,wikidata,,PENDING
16,cmtk48ipj1dpiny2bgnr0fj3t,25,UNKNOWN,KENZO,25,kenzo.com,FASHION,,UNKNOWN,,LVMH,KENZO,wikidata,,PENDING
10,cmtlyj1au079hqf5kf1288dwd,26,UNKNOWN,NAOS,25,naos.com,RETAIL,,UNKNOWN,,,NAOS,source-careers,,PENDING
0,cmtp20kiw06hsqq4zgn49j8dh,25,UNKNOWN,Ounass,25,ounass.com,RETAIL,,UNKNOWN,,,OUNASS,source-careers,,PENDING
0,cmtlyiyg0070yqf5k4jkqsmce,25,UNKNOWN,Peacocks,25,peacocks.co.uk,RETAIL,,UNKNOWN,,,PEACOCKS,wikidata,,PENDING
0,cmtk1xktt01jdnv2ba1o5xwx4,25,UNKNOWN,Stella McCartney,25,stellamccartney.com,FASHION,,UNKNOWN,,,STELLA_MCCARTNEY,wikidata,,PENDING
0,cmtlyitdx06irqf5kpes03i2d,24,UNKNOWN,Bevilles Jewellers,24,bevilles.com.au,JEWELRY_WATCHES,,UNKNOWN,,,BEVILLES_JEWELLERS,source-careers,,PENDING
0,cmtlyitrx06lcqf5kzkrxbrla,24,UNKNOWN,Club Monaco,24,clubmonaco.com,RETAIL,,UNKNOWN,,,CLUB_MONACO,wikidata,,PENDING
0,cmtrtc42d3munpg5m0viy8ppz,24,UNKNOWN,Coach Shanghai,24,,RETAIL,,UNKNOWN,,,COACH_SHANGHAI,,,PENDING
1,cmtk48irc1dqany2bt7e36jw9,24,UNKNOWN,Fashion Group,24,lvmh.com,FASHION,,UNKNOWN,,LVMH,FASHION_GROUP,manual,,PENDING
7,cmtk48iq11dpqny2bwfo36lp2,24,UNKNOWN,Givenchy,24,givenchy.com,FASHION,,UNKNOWN,,LVMH,GIVENCHY,wikidata,,PENDING
24,cmtm7ucvd10zipv5jhj0euv63,24,UNKNOWN,Groupe Beaumanoir,24,groupe-beaumanoir.com,RETAIL,,UNKNOWN,,,BEAUMANOIR,wikidata,,PENDING
0,cmtlyiwgw06y5qf5k7tgu4zn8,25,UNKNOWN,Laverana GmbH & Co. KG,24,laverana.com,RETAIL,,UNKNOWN,,,LAVERANA_GMBH_AND_CO_KG,source-careers,,PENDING
24,cmtp1xiqw03ngqq4zikinuk6e,24,UNKNOWN,L’Occitane,24,loccitane.com,BEAUTY,,UNKNOWN,,,L_OCCITANE,source-careers,,PENDING
0,cmtrt7e2e2uuipg5mibjrf3d6,24,UNKNOWN,MANGO SINGAPORE GARMENTS PTE,24,,FASHION,,UNKNOWN,,,MANGO_SINGAPORE_GARMENTS_PTE,,,PENDING
0,cmtrsmvej1d6bpg5mmfh3m8f4,24,UNKNOWN,Michael Kors (Germany),24,,RETAIL,,UNKNOWN,,,MICHAEL_KORS_GERMANY,,,PENDING
2,cmtlypqc50l71qf5ka25kzsy3,32,UNKNOWN,Movado Group,24,,RETAIL,,UNKNOWN,,,MOVADO_GROUP,,,PENDING
0,cmtrspyfo1pwipg5mngn6t2nw,24,UNKNOWN,NIKE Korea,24,,RETAIL,,UNKNOWN,,,NIKE_KOREA,,,PENDING
0,cmtm7vjwi13ijpv5jzwlbc7k8,24,UNKNOWN,Piaget,24,piaget.com,JEWELRY_WATCHES,,UNKNOWN,,Richemont,PIAGET,wikidata,,PENDING
0,cmtlyiysd073rqf5kvk20h67f,25,UNKNOWN,YAYA,24,yaya.nl,RETAIL,,UNKNOWN,,,YAYA,manual,,PENDING
0,cmtpu5x5w0ye8l35mk5a5n19w,23,UNKNOWN,Corporate J. Crew Group,23,jcrew.com,RETAIL,,UNKNOWN,,,CORPORATE_J_CREW_GROUP,manual,,PENDING
0,cmtpivf1805zdpf5l7uqlcm4v,23,UNKNOWN,Globus,23,globus.ch,RETAIL,,UNKNOWN,,,GLOBUS,source-careers,,PENDING
0,cmtlyimrl06efqf5kdnzxb9e8,23,UNKNOWN,Glossier,23,glossier.com,RETAIL,,UNKNOWN,,,GLOSSIER,wikidata,,PENDING
23,cmtjwf5w00a7bld2btatjxphs,23,UNKNOWN,Lectra,23,lectra.com,SUPPLIER,,UNKNOWN,,,LECTRA,wikidata,,PENDING
0,cmtrspy101ppypg5mgur3j8cw,23,UNKNOWN,Nike NEON,23,,RETAIL,,UNKNOWN,,,NIKE_NEON,,,PENDING
18,cmtk48oez1fh6ny2benucme2z,23,UNKNOWN,Thélios,23,thelios.com,FASHION,,UNKNOWN,,LVMH,THELIOS,manual,,PENDING
22,cmtkdvwgc1sednf2bnfwm5tv7,23,UNKNOWN,A.P.C.,22,apc.fr,RETAIL,,UNKNOWN,,,A_P_C,wikidata,,PENDING
14,cmtk48gcc1cr9ny2b332i90at,22,UNKNOWN,Chaumet,22,chaumet.com,JEWELRY_WATCHES,,UNKNOWN,,LVMH,CHAUMET,wikidata,,PENDING
0,cmtpivgpi063zpf5lyoc3h76b,22,UNKNOWN,END.,22,endclothing.com,RETAIL,,UNKNOWN,,,END,source-careers,,PENDING
0,cmtlyijrp060xqf5kqcg8kgpo,23,UNKNOWN,Kiko Milano,22,kikocosmetics.com,BEAUTY,,UNKNOWN,,,KIKO_MILANO,wikidata,,PENDING
6,cmtk48edb1bwxny2bji7mu21b,22,UNKNOWN,Make Up For Ever,22,makeupforever.com,BEAUTY,,UNKNOWN,,LVMH,MAKE_UP_FOR_EVER,wikidata,,PENDING
0,cmtrspxz61ppapg5m6q905375,22,UNKNOWN,"NIKE de Mexico, S. de R.L. de C.V.",22,,RETAIL,,UNKNOWN,,,NIKE_DE_MEXICO_S_DE_R_L_DE_C_V,,,PENDING
1,cmtm7vjr713g7pv5ji8tuynax,22,UNKNOWN,Panerai,22,panerai.com,JEWELRY_WATCHES,,UNKNOWN,,Richemont,PANERAI,wikidata,,PENDING
0,cmtlyilew0680qf5ko5brogba,24,UNKNOWN,Siebel Juweliers,22,siebeljuweliers.nl,RETAIL,,UNKNOWN,,,SIEBEL_JUWELIERS,wikidata,,PENDING
1,cmtpukv2229eml35msvpmgb2m,21,UNKNOWN,Alexander McQueen,21,alexandermcqueen.com,FASHION,,UNKNOWN,,Kering,ALEXANDER_MCQUEEN,manual,,PENDING
14,cmtk1xawc00zknv2b2dybtlb7,21,UNKNOWN,AMI PARIS,21,amiparis.com,FASHION,,UNKNOWN,,,AMI_PARIS,wikidata,,PENDING
0,cmtlyihvp05tsqf5k84z61i7k,21,UNKNOWN,Army Logic,21,,RETAIL,,UNKNOWN,,,ARMY_LOGIC,,,PENDING
19,cmtpysj9l00e13ncqrmgfrbo0,21,UNKNOWN,Balzac Paris,21,balzac-paris.fr,FASHION,,UNKNOWN,,,BALZAC_PARIS,manual,,PENDING
20,cmtn5a7sg053rqq5ltoj3513x,22,UNKNOWN,Bizzbee,21,b-z-b.com,RETAIL,,UNKNOWN,,,BIZZBEE,manual,,PENDING
20,cmtlyiig305w5qf5kntqzz9kw,23,UNKNOWN,BZB,21,b-z-b.com,FASHION,,UNKNOWN,,,BZB,wikidata,,PENDING
0,cmtn69t80123tqq5lh099wqef,21,UNKNOWN,Jaeger LeCoultre,21,jaeger-lecoultre.com,JEWELRY_WATCHES,,UNKNOWN,,Richemont,JAEGER_LECOULTRE,wikidata,,PENDING
10,cmtpu023j04jil35mg4a1g7vf,21,UNKNOWN,Lagardère Travel,21,lagardere-tr.com,RETAIL,,UNKNOWN,,,LAGARDERE_TRAVEL,manual,,PENDING
0,cmtk1x8k600rgnv2bgkniul2q,21,UNKNOWN,Medik8,21,medik8.com,BEAUTY,,UNKNOWN,,L'Oreal,MEDIK8,source-careers,,PENDING
4,cmtlyilyx06adqf5k81x49q0u,21,UNKNOWN,Totême,21,toteme.com,RETAIL,,UNKNOWN,,,TOTEME,manual,,PENDING
0,cmtlyi2qu04ntqf5k9shi80fe,21,UNKNOWN,Vitamin A,21,vitaminaswim.com,RETAIL,,UNKNOWN,,,VITAMIN_A,manual,,PENDING
19,cmtjwp18i065ym72bg5ksg9ol,20,UNKNOWN,American Vintage,20,americanvintage-store.com,FASHION,,UNKNOWN,,,AMERICAN_VINTAGE,wikidata,,PENDING
3,cmtk48gld1cv1ny2b50vkg4lx,20,UNKNOWN,BeneFit Cosmetics,20,benefitcosmetics.com,BEAUTY,,UNKNOWN,,LVMH,BENEFIT_COSMETICS,wikidata,,PENDING
2,cmtlyhx0m046aqf5kb0dpui0a,20,UNKNOWN,Fred Perry,20,fredperry.com,JEWELRY_WATCHES,,UNKNOWN,,,FRED_PERRY,source-careers,,PENDING
0,cmtlyicmd05ezqf5kga7az5mj,29,UNKNOWN,Funky Buddha,20,funky-buddha.com,RETAIL,,UNKNOWN,,,FUNKY_BUDDHA,source-careers,,PENDING
0,cmtlyif3a05mvqf5k7qlbus4m,20,UNKNOWN,Jako,20,jako.com,RETAIL,,UNKNOWN,,,JAKO,wikidata,,PENDING
0,cmtrsff1b0gpopg5mlo8o4ita,20,UNKNOWN,New Balance Athletic Shoes (UK),20,,RETAIL,,UNKNOWN,,,NEW_BALANCE_ATHLETIC_SHOES_UK,,,PENDING
0,cmtlyi3e704pqqf5kcmhw6ned,19,UNKNOWN,Blue Banana,19,bluebananabrand.com,RETAIL,,UNKNOWN,,,BLUE_BANANA,manual,,PENDING
0,cmtpukupr29b1l35mckj6xsi1,19,UNKNOWN,Brioni,19,brioni.com,FASHION,,UNKNOWN,,Kering,BRIONI,manual,,PENDING
11,cmtlyicya05h8qf5kra05oe95,19,UNKNOWN,Fusalp,19,fusalp.com,RETAIL,,UNKNOWN,,,FUSALP,wikidata,,PENDING
0,cmtlyi6fr04zuqf5kw9hxeyd4,19,UNKNOWN,Gate,19,gate.shop,RETAIL,,UNKNOWN,,,GATE,manual,,PENDING
15,cmtp1zcsb04f7qq4z5t2zk25s,19,UNKNOWN,Horace,19,horace.com,RETAIL,,UNKNOWN,,,HORACE,manual,,PENDING
0,cmtlyi71m051zqf5kpqlswzj9,21,UNKNOWN,Katie Loxton,19,katieloxton.com,RETAIL,,UNKNOWN,,,KATIE_LOXTON,source-careers,,PENDING
1,cmtk48rn61ge3ny2b1tkivmlp,23,UNKNOWN,Kendo,19,kendobrands.com,BEAUTY,,UNKNOWN,,LVMH,KENDO,manual,,PENDING
19,cmtlyikj7063aqf5k8tvb7mww,21,UNKNOWN,NYX Professional Makeup,19,nyxcosmetics.com,BEAUTY,,UNKNOWN,,L'Oreal,NYX_PROFESSIONAL_MAKEUP,wikidata,,PENDING
0,cmtk1x78x00m0nv2bfhsot1ji,19,UNKNOWN,Patek Philippe,19,patek.com,JEWELRY_WATCHES,,UNKNOWN,,,PATEK_PHILIPPE,source-careers,,PENDING
19,cmtk1x8xt00t5nv2bhhenw4ml,20,UNKNOWN,Prisma Media,19,prismamedia.com,MEDIA_AGENCY,,UNKNOWN,,Vivendi,PRISMA_MEDIA,source-careers,,PENDING
19,cmtkdvumu1rr2nf2bqcmyma7r,29,UNKNOWN,SINTEL,19,sintel-recrutement.fr,FASHION,,UNKNOWN,,,SINTEL,manual,,PENDING
0,cmtrsgp6q0lvipg5mcqzvspmw,19,UNKNOWN,The Condé Nast Publications,19,,RETAIL,,UNKNOWN,,,THE_CONDE_NAST_PUBLICATIONS,,,PENDING
0,cmtrscttd026rpg5mfewq8f5u,19,UNKNOWN,UNIQLO EUROPE LIMITED SPANISH BRANCH,19,,FASHION,,UNKNOWN,,,UNIQLO_EUROPE_LIMITED_SPANISH_BRANCH,,,PENDING
0,cmtptzvf303fpl35murd5wim1,18,UNKNOWN,Aéropostale,18,aeropostale.com,RETAIL,,UNKNOWN,,,AEROPOSTALE,manual,,PENDING
0,cmtlyiaxt05cyqf5kr2cawjnq,18,UNKNOWN,Catbird,18,catbirdnyc.com,RETAIL,,UNKNOWN,,,CATBIRD,source-careers,,PENDING
0,cmtlyhw8t042oqf5kfvzq8w3k,18,UNKNOWN,Club L London,18,clubllondon.com,RETAIL,,UNKNOWN,,,CLUB_L_LONDON,source-careers,,PENDING
11,cmtk48kyn1ejzny2b7kllqhhd,18,UNKNOWN,Fred,18,fred.com,JEWELRY_WATCHES,,UNKNOWN,,LVMH,FRED,manual,,PENDING
18,cmtke40s803ihlp2bivl9w2x4,23,UNKNOWN,Groupe ERAM,18,groupe-eram.com,RETAIL,,UNKNOWN,,,ERAM,source-careers,,PENDING
2,cmtpj2gua14e6pf5l5v8wmjm1,18,UNKNOWN,Longines,18,longines.com,JEWELRY_WATCHES,,UNKNOWN,,,LONGINES,wikidata,,PENDING
0,cmtlyi4aw04tsqf5k50qupsf6,18,UNKNOWN,Plume Impression,18,plumeimpression.com,RETAIL,,UNKNOWN,,,PLUME_IMPRESSION,wikidata,,PENDING
0,cmtlyi4ql04vtqf5kkb4u1z5g,18,UNKNOWN,SHEIN,18,shein.com,RETAIL,,UNKNOWN,,,SHEIN,wikidata,,PENDING
0,cmtrsn7mh1eldpg5m44ti7avy,18,UNKNOWN,Swarovski Global Business Services sp. z o.o.,18,,JEWELRY_WATCHES,,UNKNOWN,,,SWAROVSKI_GLOBAL_BUSINESS_SERVICES_SP_Z_O_O,,,PENDING
17,cmtjwf60o0a7fld2bfo7snlma,18,UNKNOWN,VEJA,18,veja-store.com,FASHION,,UNKNOWN,,,VEJA,manual,,PENDING
0,cmtk1x7nm00ntnv2bzsidjrg9,17,UNKNOWN,Charlotte Tilbury,17,charlottetilbury.com,BEAUTY,,UNKNOWN,,Puig,CHARLOTTE_TILBURY,wikidata,,PENDING
0,cmtrtc42y3muxpg5m9l8kw13k,17,UNKNOWN,Coach Malaysia SDN. BHD.,17,,RETAIL,,UNKNOWN,,,COACH_MALAYSIA_SDN_BHD,,,PENDING
0,cmtlyhzrj04ejqf5kkgad5vvx,18,UNKNOWN,Coast,17,coastfashion.com,RETAIL,,UNKNOWN,,,COAST,manual,,PENDING
0,cmtlyhwlw044hqf5k9mgag7ep,17,UNKNOWN,f.a.e.,17,,RETAIL,,UNKNOWN,,,F_A_E,,,PENDING
0,cmtlyi0bf04ggqf5kii03oitb,17,UNKNOWN,Fastrack,17,fastrack.in,RETAIL,,UNKNOWN,,,FASTRACK,wikidata,,PENDING
17,cmtpyux0801di3ncqqxwcy7ut,17,UNKNOWN,Groupe Rocher,17,groupe-rocher.com,BEAUTY,,UNKNOWN,,Groupe Rocher,ROCHER,manual,,PENDING
0,cmtlyi0pc04idqf5khs11erou,19,UNKNOWN,Gymshark,17,gymshark.com,RETAIL,,UNKNOWN,,,GYMSHARK,wikidata,,PENDING
0,cmtlyi1th04kaqf5kedeae1lw,17,UNKNOWN,Hot Topic,17,hottopic.com,RETAIL,,UNKNOWN,,,HOT_TOPIC,wikidata,,PENDING
17,cmtkdvx4o1skknf2bpqfbvpnd,18,UNKNOWN,ISABEL MARANT,17,isabelmarant.com,FASHION,,UNKNOWN,,,ISABEL_MARANT,wikidata,,PENDING
0,cmtlyi3x804rrqf5kte3ijisu,22,UNKNOWN,Molton Brown,17,moltonbrown.co.uk,RETAIL,,UNKNOWN,,,MOLTON_BROWN,wikidata,,PENDING
0,cmtptzwdo03ool35mkl7saijw,17,UNKNOWN,Reb,17,,RETAIL,,UNKNOWN,,,REB,,,PENDING
0,cmtlyhz0u04bgqf5kswsphz11,17,UNKNOWN,Sioux,17,sioux.de,RETAIL,,UNKNOWN,,,SIOUX,manual,,PENDING
0,cmtlyhnj303huqf5k14lf53w8,17,UNKNOWN,Bravissimo,16,bravissimo.com,RETAIL,,UNKNOWN,,,BRAVISSIMO,source-careers,,PENDING
0,cmtp40a301nknqq4zeavsl6ld,16,UNKNOWN,NEIMAN MARCUS GROUP TECHNOLOGY SERVICES PRIVATE LIMITED (INDIA),16,neimanmarcusgroup.com,RETAIL,,UNKNOWN,,,NEIMAN_MARCUS_GROUP_TECHNOLOGY_SERVICES_PRIVATE_LIMITED_INDIA,manual,,PENDING
16,cmtk1xadl00xcnv2bvoxue0t9,16,UNKNOWN,Respire,16,respire.co,BEAUTY,,UNKNOWN,,,RESPIRE,manual,,PENDING
0,cmtpukvza29pal35m5874cfy1,16,UNKNOWN,Richard Ginori,16,ginori1735.com,RETAIL,,UNKNOWN,,,RICHARD_GINORI,manual,,PENDING
0,cmtlyhvs7040zqf5kt5evq4es,16,UNKNOWN,Trussardi,16,trussardi.com,RETAIL,,UNKNOWN,,,TRUSSARDI,wikidata,,PENDING
1,cmtm7vjvc13hzpv5jonszu153,16,UNKNOWN,Watchfinder,16,watchfinder.co.uk,JEWELRY_WATCHES,,UNKNOWN,,,WATCHFINDER,wikidata,,PENDING
15,cmtkdw0421tf8nf2bolc7zbpd,18,UNKNOWN,DARJEELING,15,darjeeling.fr,FASHION,,UNKNOWN,,Groupe Chantelle,DARJEELING,wikidata,,PENDING
0,cmtlyhqey03rcqf5kneidce8h,15,UNKNOWN,Good American,15,goodamerican.com,RETAIL,,UNKNOWN,,,GOOD_AMERICAN,wikidata,,PENDING
0,cmtlyh15f02yjqf5kmbggp8lo,15,UNKNOWN,Honor,15,honor.com,RETAIL,,UNKNOWN,,,HONOR,wikidata,,PENDING
0,cmtlyhkdf037zqf5kdue32mhc,15,UNKNOWN,ILIA,15,iliabeauty.com,RETAIL,,UNKNOWN,,,ILIA,manual,,PENDING
14,cmtk1x6d300k6nv2b24wkfwy7,15,UNKNOWN,La Rosée,15,larosee-cosmetiques.com,BEAUTY,,UNKNOWN,,,LA_ROSEE,manual,,PENDING
9,cmtke2us500d0lp2bu5et2x5u,21,UNKNOWN,L’Occitane en Provence,15,loccitane.com,BEAUTY,,UNKNOWN,,L'Occitane,L_OCCITANE_EN_PROVENCE,source-careers,,PENDING
0,cmtlygx3r02mxqf5kj3i91cne,15,UNKNOWN,Lounge,15,lounge.com,RETAIL,,UNKNOWN,,,LOUNGE,source-careers,,PENDING
0,cmtlyhs8h03upqf5k3up6nt7x,15,UNKNOWN,Madhappy,15,madhappy.com,RETAIL,,UNKNOWN,,,MADHAPPY,wikidata,,PENDING
1,cmtlyhpeq03prqf5kxox4zbik,15,UNKNOWN,Orlebar Brown,15,orlebarbrown.com,RETAIL,,UNKNOWN,,,ORLEBAR_BROWN,source-careers,,PENDING
0,cmtp1xawu03evqq4zn23bprbr,15,UNKNOWN,SSENSE,15,ssense.com,RETAIL,,UNKNOWN,,,SSENSE,source-careers,,PENDING
0,cmtrsn81y1epmpg5m6l4qx7qt,15,UNKNOWN,Swarovski (Schweiz),15,,JEWELRY_WATCHES,,UNKNOWN,,,SWAROVSKI_SCHWEIZ,,,PENDING
1,cmtp1x2x7035hqq4zq4ywmjx2,15,UNKNOWN,Tod's Group,15,todsgroup.com,RETAIL,,UNKNOWN,,,TOD_S_GROUP,wikidata,,PENDING
1,cmtm9jhk11uuspv5j88l02rs6,15,UNKNOWN,Too Faced,15,toofaced.com,BEAUTY,,UNKNOWN,,Estee Lauder,TOO_FACED,manual,,PENDING
0,cmtptzq6202dql35mtgyplhzp,14,UNKNOWN,Bellr,14,,RETAIL,,UNKNOWN,,,BELLR,,,PENDING
0,cmtlyhnx503jfqf5kpc9cxsmz,14,UNKNOWN,CLOSED,14,closed.com,RETAIL,,UNKNOWN,,,CLOSED,wikidata,,PENDING
0,cmtlyhod003l0qf5kqw8skna9,14,UNKNOWN,John Henric,14,johnhenric.com,RETAIL,,UNKNOWN,,,JOHN_HENRIC,manual,,PENDING
14,cmtrsgp4y0lv2pg5mac9pj7co,14,UNKNOWN,Les Publications Condé Nast,14,,RETAIL,,UNKNOWN,,,LES_PUBLICATIONS_CONDE_NAST,,,PENDING
0,cmtlyhp0k03o6qf5kbsr3ljo1,14,UNKNOWN,Little Words Project,14,littlewordsproject.com,RETAIL,,UNKNOWN,,,LITTLE_WORDS_PROJECT,manual,,PENDING
0,cmtlyhlso03byqf5k43lc0t4i,14,UNKNOWN,MQ MarQet,14,mq.se,RETAIL,,UNKNOWN,,,MQ_MARQET,source-careers,,PENDING
13,cmtk1x5m100ignv2bspx16mz2,14,UNKNOWN,Passage du Desir,14,passagedudesir.com,BEAUTY,,UNKNOWN,,,PASSAGE_DU_DESIR,manual,,PENDING
0,cmtm8oy3h1hbhpv5j1cszq8so,13,UNKNOWN,Air MI,13,nike.com,RETAIL,,UNKNOWN,,,AIR_MI,manual,,PENDING
0,cmtlyhk1k036iqf5ko0n3lzmv,13,UNKNOWN,Bombas,13,bombas.com,RETAIL,,UNKNOWN,,,BOMBAS,wikidata,,PENDING
0,cmtlygkgv0265qf5kppelqtcf,13,UNKNOWN,Brothers,13,,RETAIL,,UNKNOWN,,,BROTHERS,,,PENDING
0,cmtp522sk2cvyqq4zqwc70j3f,13,UNKNOWN,Dunhill,13,dunhill.com,FASHION,,UNKNOWN,,Richemont,DUNHILL,manual,,PENDING
13,cmtkdvyvj1t4unf2bw0iei77m,13,UNKNOWN,FROM FUTURE,13,fromfuture.com,FASHION,,UNKNOWN,,,FROM_FUTURE,manual,,PENDING
0,cmtlyh0u502x6qf5k5tay38z5,15,UNKNOWN,Galileo,13,,RETAIL,,UNKNOWN,,,GALILEO,,,PENDING
13,cmtk48l021ekiny2bg3mr1jeh,13,UNKNOWN,Groupe Les Echos Le Parisien,13,lesechosleparisien.fr,LUXURY,,UNKNOWN,,,LES_ECHOS_LE_PARISIEN,manual,,PENDING
0,cmtlyhl6k03ahqf5k7i70t2gs,13,UNKNOWN,KENT,13,,RETAIL,,UNKNOWN,,,KENT,,,PENDING
0,cmtlyhopb03mlqf5k6py3jgor,15,UNKNOWN,Kicks,13,kicks.se,RETAIL,,UNKNOWN,,,KICKS,source-careers,,PENDING
0,cmtrt7cgi2ubxpg5m7jwdt3sj,13,UNKNOWN,MANGO ÖSTERRREICH HANDELS.,13,,FASHION,,UNKNOWN,,,MANGO_OSTERRREICH_HANDELS,,,PENDING
0,cmtrspy2s1pqrpg5mvlaqi23d,13,UNKNOWN,Nike Israel,13,,RETAIL,,UNKNOWN,,,NIKE_ISRAEL,,,PENDING
0,cmtlyhm8u03dfqf5kpfbtftiv,13,UNKNOWN,Nude Project,13,nude-project.com,RETAIL,,UNKNOWN,,,NUDE_PROJECT,wikidata,,PENDING
11,cmtk48gjk1cu9ny2b980gxybv,13,UNKNOWN,Officine Universelle Buly,13,buly1803.com,BEAUTY,,UNKNOWN,,LVMH,OFFICINE_UNIVERSELLE_BULY,manual,,PENDING
0,cmtlyhmoj03ewqf5k2551tht7,13,UNKNOWN,Pegador,13,pegador.com,RETAIL,,UNKNOWN,,,PEGADOR,manual,,PENDING
13,cmtk1x1ns0072nv2bytyhwuta,18,UNKNOWN,Promod,13,promod.com,FASHION,,UNKNOWN,,,PROMOD,wikidata,,PENDING
0,cmtrsn7l71ektpg5mouwgpngq,13,UNKNOWN,Swarovski Cristais Ltda.,13,,JEWELRY_WATCHES,,UNKNOWN,,,SWAROVSKI_CRISTAIS_LTDA,,,PENDING
1,cmtk1x36n00cgnv2bhktbf88p,13,UNKNOWN,Vivienne Westwood,13,viviennewestwood.com,FASHION,,UNKNOWN,,,VIVIENNE_WESTWOOD,wikidata,,PENDING
0,cmtlyhn2r03gdqf5k849n1bow,13,UNKNOWN,Vivobarefoot,13,vivobarefoot.com,RETAIL,,UNKNOWN,,,VIVOBAREFOOT,wikidata,,PENDING
0,cmtlygzbk02ugqf5k8rqf9j6p,12,UNKNOWN,Aimé Leon Dore,12,aimeleondore.com,RETAIL,,UNKNOWN,,,AIME_LEON_DORE,wikidata,,PENDING
12,cmtk1x2e5009znv2bt1564w1s,13,UNKNOWN,Asphalte,12,asphalte.com,FASHION,,UNKNOWN,,,ASPHALTE,manual,,PENDING
0,cmtlygzpv02vtqf5kcz0l342d,13,UNKNOWN,CARLA B,12,carlabruni.com,RETAIL,,UNKNOWN,,,CARLA_B,wikidata,,PENDING
0,cmtk20nla07q3nv2buhvgyyas,16,UNKNOWN,Condé Nast,12,,MEDIA_AGENCY,,UNKNOWN,,Conde Nast,CONDE_NAST,,,PENDING
0,cmtm9jj1i1v9rpv5jqtul8ypw,12,UNKNOWN,DECIEM,12,deciem.com,BEAUTY,,UNKNOWN,,Estee Lauder,DECIEM,manual,,PENDING
12,cmtlygvz802ljqf5keokucp6v,14,UNKNOWN,GEORGES,12,,RETAIL,,UNKNOWN,,,GEORGES,,,PENDING
12,cmtlyh1em02zwqf5kv0mxy3c6,12,UNKNOWN,Groupe Figaro,12,groupe-figaro.fr,RETAIL,,UNKNOWN,,,FIGARO,manual,,PENDING
2,cmtpj2hgn14mdpf5ljry7zz5n,12,UNKNOWN,Hour Passion,12,hourpassion.com,RETAIL,,UNKNOWN,,,HOUR_PASSION,wikidata,,PENDING
0,cmtk48m7x1eylny2b53zlavs6,12,UNKNOWN,Hublot,12,hublot.com,JEWELRY_WATCHES,,UNKNOWN,,LVMH,HUBLOT,wikidata,,PENDING
0,cmtp523d72d4xqq4zk7shd82a,12,UNKNOWN,IWC,12,iwc.com,JEWELRY_WATCHES,,UNKNOWN,,,IWC,wikidata,,PENDING
0,cmtlygljl029kqf5k57j9i624,12,UNKNOWN,J.Lindeberg,12,jlindebergusa.com,RETAIL,,UNKNOWN,,,J_LINDEBERG,wikidata,,PENDING
12,cmtpz17g1031a3ncqz0xose2v,12,UNKNOWN,JUNE,12,,RETAIL,,UNKNOWN,,,JUNE,,,PENDING
0,cmtk1x3jl00dnnv2bq2hnoyzo,12,UNKNOWN,Karla Otto,12,karlaotto.com,MEDIA_AGENCY,,UNKNOWN,,The Independents,KARLA_OTTO,source-careers,,PENDING
12,cmtpgj7lb3dn5qq4z3cxvzsk6,12,UNKNOWN,KRYS,12,krys.com,FASHION,,UNKNOWN,,,KRYS,wikidata,,PENDING
0,cmtlyh1sg0319qf5k584376uw,13,UNKNOWN,Nutrafol,12,nutrafol.com,RETAIL,,UNKNOWN,,,NUTRAFOL,manual,,PENDING
9,cmtlyh20a032mqf5kbcvcruas,12,UNKNOWN,Puig,12,puig.com,BEAUTY,,UNKNOWN,,Puig,PUIG,wikidata,,PENDING
0,cmtrsn9061eyopg5msxj647wn,12,UNKNOWN,Swarovski GBS,12,,JEWELRY_WATCHES,,UNKNOWN,,,SWAROVSKI_GBS,,,PENDING
0,cmtrsn7sl1entpg5mwvb3kua9,12,UNKNOWN,Swarovski India Private,12,,JEWELRY_WATCHES,,UNKNOWN,,,SWAROVSKI_INDIA_PRIVATE,,,PENDING
0,cmtrsn7rx1enjpg5mx7rsuprg,12,UNKNOWN,Swarovski Int. d'Italia,12,,JEWELRY_WATCHES,,UNKNOWN,,,SWAROVSKI_INT_D_ITALIA,,,PENDING
9,cmtp1wba602d3qq4zgo9r0gp7,12,UNKNOWN,Vestiaire Collective,12,vestiairecollective.com,RETAIL,,UNKNOWN,,,VESTIAIRE_COLLECTIVE,wikidata,,PENDING
11,cmtp5231m2czuqq4zugsqalxv,11,UNKNOWN,Alaia,11,maison-alaia.com,FASHION,,UNKNOWN,,Richemont,ALAIA,manual,,PENDING
0,cmtk1x25v008snv2bv7w2h0el,11,UNKNOWN,Apivita,11,apivita.com,BEAUTY,,UNKNOWN,,Puig,APIVITA,manual,,PENDING
0,cmtlygtsm02gjqf5kxwsgn40j,11,UNKNOWN,Ballantynes,11,ballantynes.com,RETAIL,,UNKNOWN,,,BALLANTYNES,wikidata,,PENDING
0,cmtlygu1p02hsqf5kh6u8mjeh,11,UNKNOWN,Bego,11,,RETAIL,,UNKNOWN,,,BEGO,,,PENDING
11,cmtpysr3a00ic3ncq4do9xp6s,11,UNKNOWN,Bleu Libellule,11,bleulibellule.com,RETAIL,,UNKNOWN,,,BLEU_LIBELLULE,manual,,PENDING
11,cmtm7ud191117pv5jj1qug7bf,11,UNKNOWN,Bréal,11,breal.net,FASHION,,UNKNOWN,,Groupe Beaumanoir,BREAL,manual,,PENDING
0,cmtlygv3s02j1qf5kapuwhfcb,11,UNKNOWN,Dolls Kill,11,dollskill.com,RETAIL,,UNKNOWN,,,DOLLS_KILL,wikidata,,PENDING
0,cmtlygvke02kaqf5kzt18xou4,11,UNKNOWN,GANNI,11,ganni.com,RETAIL,,UNKNOWN,,,GANNI,wikidata,,PENDING
10,cmtk1x1dn0067nv2bokd2qj4h,12,UNKNOWN,JULES,11,jules.com,FASHION,,UNKNOWN,,AFM/Mulliez,JULES,manual,,PENDING
0,cmtrsmvr71dafpg5m1bphr849,11,UNKNOWN,Michael Kors (Italy) srl con socio unico,11,,RETAIL,,UNKNOWN,,,MICHAEL_KORS_ITALY_SRL_CON_SOCIO_UNICO,,,PENDING
0,cmtrsmvng1d93pg5ms8ufsb7v,11,UNKNOWN,"Michael Kors Spain, S.L.U.",11,,RETAIL,,UNKNOWN,,,MICHAEL_KORS_SPAIN_S_L_U,,,PENDING
0,cmtlygxjg02o6qf5kja4crsw6,11,UNKNOWN,Oh Polly,11,ohpolly.com,RETAIL,,UNKNOWN,,,OH_POLLY,manual,,PENDING
0,cmtlygxyn02pfqf5kej297efs,11,UNKNOWN,Sport 1,11,sport1.no,RETAIL,,UNKNOWN,,,SPORT_1,wikidata,,PENDING
0,cmtlygyon02ryqf5kx4wjvarj,11,UNKNOWN,Supergoop!,11,supergoop.com,RETAIL,,UNKNOWN,,,SUPERGOOP,manual,,PENDING
0,cmtlygz1902t7qf5ktk4dmexb,11,UNKNOWN,Wunderkind,11,wunderkind.com,RETAIL,,UNKNOWN,,,WUNDERKIND,wikidata,,PENDING
11,cmtpz68jo05bk3ncq0uqw5phj,11,UNKNOWN,Ysé,11,yse-paris.com,RETAIL,,UNKNOWN,,,YSE,manual,,PENDING
0,cmtk4969e1j8tny2bqz2ta2m1,10,UNKNOWN,Acqua Di Parma,10,acquadiparma.com,BEAUTY,,UNKNOWN,,LVMH,ACQUA_DI_PARMA,wikidata,,PENDING
0,cmtlygj550245qf5k1glgn6w6,10,UNKNOWN,aeyde,10,aeyde.com,RETAIL,,UNKNOWN,,,AEYDE,source-careers,,PENDING
10,cmtk1wz6d0046nv2bucbg8xh9,10,UNKNOWN,Armand Thiery,10,armandthiery.fr,FASHION,,UNKNOWN,,,ARMAND_THIERY,wikidata,,PENDING
10,cmtk1x1x8007xnv2bua2lbw3p,11,UNKNOWN,Baccarat,10,baccarat.com,LUXURY,,UNKNOWN,,,BACCARAT,wikidata,,PENDING
2,cmtpj2grq14d6pf5lipm1dd0p,10,UNKNOWN,Blancpain,10,blancpain.ch,JEWELRY_WATCHES,,UNKNOWN,,,BLANCPAIN,wikidata,,PENDING
0,cmtrtc89b3o06pg5m2v23wlhu,10,UNKNOWN,Coach Operations Singapore Pte.,10,,RETAIL,,UNKNOWN,,,COACH_OPERATIONS_SINGAPORE_PTE,,,PENDING
0,cmtrtcapf3oo6pg5mf3dj74b7,10,UNKNOWN,Coach Vietnam Company,10,,RETAIL,,UNKNOWN,,,COACH_VIETNAM_COMPANY,,,PENDING
7,cmtlyghjc01zzqf5k2a95m27g,10,UNKNOWN,Faguo,10,faguo-store.com,RETAIL,,UNKNOWN,,,FAGUO,source-careers,,PENDING
0,cmtlygl54028fqf5kvdkk6rlc,10,UNKNOWN,FitFlop,10,fitflop.com,RETAIL,,UNKNOWN,,,FITFLOP,source-careers,,PENDING
0,cmtrseluu0biupg5m8eyk81p2,10,UNKNOWN,Gianni Versace,10,,RETAIL,,UNKNOWN,,,GIANNI_VERSACE,,,PENDING
10,cmtpkwxds59g5pf5ls2ooxi17,10,UNKNOWN,INDITEX,10,inditex.com,FASHION,,UNKNOWN,,,INDITEX,wikidata,,PENDING
0,cmtrt7dq42uqtpg5mzoe5op3j,10,UNKNOWN,MANGO MODA D.O.O.,10,,FASHION,,UNKNOWN,,,MANGO_MODA_D_O_O,,,PENDING
0,cmtrt7dda2umfpg5mslyds62z,10,UNKNOWN,MANGONOR Comércio de Vestuário,10,,RETAIL,,UNKNOWN,,,MANGONOR_COMERCIO_DE_VESTUARIO,,,PENDING
0,cmtrt7bzr2u6jpg5mdve0o1du,10,UNKNOWN,MANGO Polska Sp.z.o.o.,10,,FASHION,,UNKNOWN,,,MANGO_POLSKA_SP_Z_O_O,,,PENDING
1,cmtk48o4l1fdzny2b19sg7r4g,10,UNKNOWN,Marc Jacobs,10,marcjacobs.com,FASHION,,UNKNOWN,,LVMH,MARC_JACOBS,wikidata,,PENDING
0,cmtpu4rro0td7l35mjtu7y2pp,10,UNKNOWN,MECCA Brands NZ,10,mecca.com,RETAIL,,UNKNOWN,,,MECCA_BRANDS_NZ,manual,,PENDING
0,cmtrsg8ud0kd9pg5m5c6tp0xb,10,UNKNOWN,MGI Distribucion S. de R.L. de C.V.,10,,RETAIL,,UNKNOWN,,,MGI_DISTRIBUCION_S_DE_R_L_DE_C_V,,,PENDING
0,cmtrt7b142tzkpg5mdxmwoi0s,10,UNKNOWN,MNG MANGO IRELAND,10,,FASHION,,UNKNOWN,,,MNG_MANGO_IRELAND,,,PENDING
0,cmtrspy191pq3pg5m222snsqa,10,UNKNOWN,NIKE Retail Poland,10,,RETAIL,,UNKNOWN,,,NIKE_RETAIL_POLAND,,,PENDING
0,cmtp1vibn01wzqq4z0wazg4jb,10,UNKNOWN,OLAPLEX,10,olaplex.com,RETAIL,,UNKNOWN,,,OLAPLEX,manual,,PENDING
0,cmtlygmu702bkqf5kzswd8475,10,UNKNOWN,Peak Performance,10,peakperformance.com,RETAIL,,UNKNOWN,,,PEAK_PERFORMANCE,wikidata,,PENDING
1,cmtk48i0l1di2ny2b5nkl6pdu,10,UNKNOWN,Perfumes Loewe,10,loewe.com,BEAUTY,,UNKNOWN,,LVMH,PERFUMES_LOEWE,wikidata,,PENDING
0,cmtlygsbd02dkqf5kpbjp81jd,13,UNKNOWN,Psycho Bunny,10,psychobunny.com,RETAIL,,UNKNOWN,,,PSYCHO_BUNNY,source-careers,,PENDING
0,cmtlygy9202qoqf5kr065p5st,12,UNKNOWN,STANLEY/STELLA,10,stanleystella.com,RETAIL,,UNKNOWN,,,STANLEY_STELLA,manual,,PENDING
1,cmtpj2g9f1468pf5lzi6hobp4,10,UNKNOWN,Tissot,10,tissotwatches.com,JEWELRY_WATCHES,,UNKNOWN,,Swatch Group,TISSOT,wikidata,,PENDING
10,cmtkdvuvh1ruynf2bgauxrzqm,23,UNKNOWN,ZADIG & VOLTAIRE,10,zadig-et-voltaire.com,FASHION,,UNKNOWN,,,ZADIG_AND_VOLTAIRE,wikidata,,PENDING
0,cmtm9jo9m1wn3pv5jhgmin92n,9,UNKNOWN,Balmain Beauty,9,balmainbeauty.com,BEAUTY,,UNKNOWN,,Estee Lauder,BALMAIN_BEAUTY,manual,,PENDING
0,cmtlygd6b01uuqf5kerxri0t9,10,UNKNOWN,Blend,9,,RETAIL,,UNKNOWN,,,BLEND,,,PENDING
9,cmtlyntzi0j3rqf5k76y9zjzn,9,UNKNOWN,BOCAGE,9,bocage.fr,RETAIL,,UNKNOWN,,Groupe Eram,BOCAGE,manual,,PENDING
0,cmtlygdei01vvqf5kghi61e13,9,UNKNOWN,BRIGHT,9,,RETAIL,,UNKNOWN,,,BRIGHT,,,PENDING
0,cmtlygdrt01wwqf5k1xe2rb05,9,UNKNOWN,CAMBIO,9,cambio.de,RETAIL,,UNKNOWN,,,CAMBIO,manual,,PENDING
0,cmtlygh4l01yyqf5kgz19cyvb,9,UNKNOWN,DIDI,9,,RETAIL,,UNKNOWN,,,DIDI,,,PENDING
0,cmtlygksz027aqf5k0i1fwv3c,10,UNKNOWN,Filson,9,filson.com,RETAIL,,UNKNOWN,,,FILSON,wikidata,,PENDING
9,cmtpyv1g501fq3ncqff9ifdmu,9,UNKNOWN,HADDAD BRANDS,9,haddad.com,RETAIL,,UNKNOWN,,,HADDAD_BRANDS,manual,,PENDING
6,cmtp1vdes01o4qq4zdpcrh599,9,UNKNOWN,Lagardère Duty Free,9,lagardere-tr.com,OTHER,,UNKNOWN,,,LAGARDERE_DUTY_FREE,manual,,PENDING
9,cmtkdvvnl1s56nf2b4wguve1b,43,UNKNOWN,LTD INTERNATIONAL,9,,FASHION,,UNKNOWN,,,LTD_INTERNATIONAL,,,PENDING
9,cmtk1x0yj005anv2bh3cj5lcq,9,UNKNOWN,MAISON KITSUNÉ,9,maisonkitsune.com,FASHION,,UNKNOWN,,,KITSUNE,wikidata,,PENDING
0,cmtlygihe0223qf5kw8bngmmt,9,UNKNOWN,Mateo,9,mateonewyork.com,RETAIL,,UNKNOWN,,,MATEO,manual,,PENDING
9,cmtk48jr51e4yny2brotio6bt,9,UNKNOWN,Moët & Chandon,9,moet.com,LUXURY,,UNKNOWN,,,MOET_AND_CHANDON,manual,,PENDING
0,cmtrspzc91q8npg5mipjhqect,9,UNKNOWN,Nike China Holding HK,9,,RETAIL,,UNKNOWN,,,NIKE_CHINA_HOLDING_HK,,,PENDING
0,cmtrspzh11qabpg5m8libz2q8,9,UNKNOWN,NIKE Sourcing (Guangzhou),9,,RETAIL,,UNKNOWN,,,NIKE_SOURCING_GUANGZHOU,,,PENDING
9,cmtpgj89w3dxpqq4z58l2gs53,9,UNKNOWN,OPTIC 2000,9,optic2000.com,FASHION,,UNKNOWN,,,OPTIC_2000,wikidata,,PENDING
0,cmtpukwfg29u7l35mwnpobyd8,9,UNKNOWN,Qeelin,9,qeelin.com,JEWELRY_WATCHES,,UNKNOWN,,Kering,QEELIN,manual,,PENDING
0,cmtm7vjsd13gjpv5joc783er9,9,UNKNOWN,Roger Dubuis,9,rogerdubuis.com,JEWELRY_WATCHES,,UNKNOWN,,Richemont,ROGER_DUBUIS,wikidata,,PENDING
0,cmtlygiu40234qf5k9awmfhj2,9,UNKNOWN,Shinola,9,shinola.com,RETAIL,,UNKNOWN,,,SHINOLA,manual,,PENDING
0,cmtpxuy89004o3nxc8450smpe,9,UNKNOWN,WSS,9,shopwss.com,RETAIL,,UNKNOWN,,,WSS,manual,,PENDING
0,cmtp1v3vg01b0qq4zderk1xev,8,UNKNOWN,Abercrombie & Fitch,8,abercrombie.com,RETAIL,,UNKNOWN,,,ABERCROMBIE_AND_FITCH,wikidata,,PENDING
8,cmtpysplz00hi3ncqxjsc3vfv,8,UNKNOWN,BIOLOGIQUE RECHERCHE,8,biologique-recherche.com,BEAUTY,,UNKNOWN,,,BIOLOGIQUE_RECHERCHE,manual,,PENDING
0,cmtrsq0ou1qp2pg5mrrk94e9r,8,UNKNOWN,BRS Nike Taiwan,8,,RETAIL,,UNKNOWN,,,BRS_NIKE_TAIWAN,,,PENDING
0,cmtlyg0iv01ccqf5k240v130q,9,UNKNOWN,Burnt,8,burnt.co.za,RETAIL,,UNKNOWN,,,BURNT,source-careers,,PENDING
8,cmtlyg0wt01d5qf5k13fihscd,8,UNKNOWN,CABAIA,8,cabaia.com,RETAIL,,UNKNOWN,,,CABAIA,wikidata,,PENDING
8,cmtlygar301pjqf5k29qof7s7,8,UNKNOWN,celio,8,celio.com,FASHION,,UNKNOWN,,,CELIO,wikidata,,PENDING
0,cmtlygbuo01qhqf5kdsd2zqe0,8,UNKNOWN,Hanna Andersson,8,hannaandersson.com,RETAIL,,UNKNOWN,,,HANNA_ANDERSSON,wikidata,,PENDING
1,cmtkdvzo21ta7nf2bo73b5hca,9,UNKNOWN,Hoff,8,thehoffbrand.com,RETAIL,,UNKNOWN,,,HOFF,source-careers,,PENDING
3,cmtm9jhl91uvcpv5jsvprsagj,8,UNKNOWN,KILIAN PARIS,8,bykilian.com,BEAUTY,,UNKNOWN,,Estee Lauder,KILIAN_PARIS,wikidata,,PENDING
8,cmtpkwyco59jmpf5l7q90nip8,8,UNKNOWN,LA BOUTIQUE DU COIFFEUR,8,laboutiqueducoiffeur.com,RETAIL,,UNKNOWN,,,LA_BOUTIQUE_DU_COIFFEUR,wikidata,,PENDING
8,cmtrup1pw4mnupg5mp5zf8mds,8,UNKNOWN,LTD,8,,FASHION,,UNKNOWN,,,LTD,,,PENDING
0,cmtrt7bkt2u47pg5m6fetpinr,8,UNKNOWN,MANGO HUNGARY Kft.,8,,FASHION,,UNKNOWN,,,MANGO_HUNGARY_KFT,,,PENDING
0,cmtp2dsp50rjpqq4zsv7dmc4t,8,UNKNOWN,MECCA,8,mecca.com,RETAIL,,UNKNOWN,,,MECCA,manual,,PENDING
0,cmtlygc9t01s3qf5kfku6fq6s,8,UNKNOWN,Minimalist,8,beminimalist.co,RETAIL,,UNKNOWN,,,MINIMALIST,manual,,PENDING
8,cmtp8689s3rhiqq4zkjut95yo,8,UNKNOWN,MODELOR COUTURE,8,modelor.fr,FASHION,,UNKNOWN,,,MODELOR_COUTURE,manual,,PENDING
0,cmtrspyeb1pvrpg5mcvhxufhh,8,UNKNOWN,NIKE India Private,8,,RETAIL,,UNKNOWN,,,NIKE_INDIA_PRIVATE,,,PENDING
0,cmtlygckc01t0qf5kq0ynelae,8,UNKNOWN,Parachute,8,parachutehome.com,RETAIL,,UNKNOWN,,,PARACHUTE,source-careers,,PENDING
8,cmtkdvyol1t39nf2bydq6zztr,14,UNKNOWN,PERCASSI,8,percassi.com,FASHION,,UNKNOWN,,,PERCASSI,manual,,PENDING
0,cmtlygcur01txqf5ksb3q8hm8,8,UNKNOWN,TALA,8,wearetala.com,RETAIL,,UNKNOWN,,,TALA,manual,,PENDING
8,cmtlyntz10j3nqf5k4qbz9fb0,8,UNKNOWN,TBS,8,tbs.nl,FASHION,,UNKNOWN,,Groupe Eram,TBS,wikidata,,PENDING
8,cmtk1wyuo002onv2b3n2zt0td,8,UNKNOWN,Typology,8,typology.com,BEAUTY,,UNKNOWN,,,TYPOLOGY,wikidata,,PENDING
7,cmtk1wz0k003dnv2bwzphy7tt,7,UNKNOWN,Aime,7,aime.co,BEAUTY,,UNKNOWN,,,AIME,manual,,PENDING
7,cmtpkwx4n59fkpf5lz5pmczqs,7,UNKNOWN,ARC'TERYX,7,arcteryx.com,FASHION,,UNKNOWN,,,ARC_TERYX,wikidata,,PENDING
0,cmtrsff530gr2pg5myvu6z51s,7,UNKNOWN,Broporma Retail SLU,7,,RETAIL,,UNKNOWN,,,BROPORMA_RETAIL_SLU,,,PENDING
0,cmtrtc75n3nq0pg5mg4zsn7lt,7,UNKNOWN,Coach Shanghai Limited 2,7,,RETAIL,,UNKNOWN,,,COACH_SHANGHAI_LIMITED_2,,,PENDING
0,cmtrtc8iy3o2rpg5mvevbehnf,7,UNKNOWN,Coach Singapore Pte.,7,,RETAIL,,UNKNOWN,,,COACH_SINGAPORE_PTE,,,PENDING
0,cmtrtc4p13n1npg5mydxlcbjg,7,UNKNOWN,Coach Stores Puerto Rico,7,,RETAIL,,UNKNOWN,,,COACH_STORES_PUERTO_RICO,,,PENDING
0,cmtm9jhdr1uscpv5jsrlet8v2,7,UNKNOWN,Editions de Parfums Frédéric Malle,7,fredericmalle.com,BEAUTY,,UNKNOWN,,Estee Lauder,EDITIONS_DE_PARFUMS_FREDERIC_MALLE,wikidata,,PENDING
1,cmtk48i0d1dhyny2btode4nsu,7,UNKNOWN,Emilio Pucci,7,pucci.com,FASHION,,UNKNOWN,,LVMH,EMILIO_PUCCI,wikidata,,PENDING
0,cmtlyg1rw01dzqf5kg3qi5nht,7,UNKNOWN,EssilorLuxottica,7,essilorluxottica.com,RETAIL,,UNKNOWN,,,ESSILORLUXOTTICA,wikidata,,PENDING
0,cmtlyg2l701esqf5k6fybz85z,7,UNKNOWN,Ferrari,7,ferrari.com,RETAIL,,UNKNOWN,,,FERRARI,source-careers,,PENDING
0,cmtlyg2u201flqf5klox5u8uw,7,UNKNOWN,Hades,7,,RETAIL,,UNKNOWN,,,HADES,,,PENDING
7,cmtk48ipq1dpmny2bdnjbcv1u,7,UNKNOWN,Hennessy,7,hennessy.com,LUXURY,,UNKNOWN,,,HENNESSY,wikidata,,PENDING
0,cmtlyg32k01geqf5kkdybw7s8,7,UNKNOWN,Herschel Supply Co.,7,herschel.com,RETAIL,,UNKNOWN,,,HERSCHEL_SUPPLY_CO,wikidata,,PENDING
7,cmtpw95zy4k0hl35mew33fqog,7,UNKNOWN,KSI,7,ks-groupe.com,FASHION,,UNKNOWN,,,KSI,manual,,PENDING
0,cmtlyg3ew01h7qf5ky32oq9vd,7,UNKNOWN,Lindex,7,lindex.com,RETAIL,,UNKNOWN,,,LINDEX,wikidata,,PENDING
0,cmtrt7g1q2vkkpg5mmuudj73w,7,UNKNOWN,MANGO GARMENTS HELLAS E.P.E.,7,,FASHION,,UNKNOWN,,,MANGO_GARMENTS_HELLAS_E_P_E,,,PENDING
0,cmtrt7fv12vi4pg5mfh4l5etv,7,UNKNOWN,MANGO LUXEMBOURG S.à.r.l.,7,,FASHION,,UNKNOWN,,,MANGO_LUXEMBOURG_S_A_R_L,,,PENDING
7,cmtkdvxic1spmnf2bszodb3wk,7,UNKNOWN,MANPOWER COUTURE MODE ET LUXE,7,,FASHION,,UNKNOWN,,,MANPOWER_COUTURE_MODE_ET_LUXE,,,PENDING
7,cmtk1yga503pknv2busrstjte,7,UNKNOWN,Mellow Yellow,7,mellowyellow.com,FASHION,,UNKNOWN,,Groupe Eram,MELLOW_YELLOW,manual,,PENDING
0,cmtlyg43c01i0qf5knvlnwias,7,UNKNOWN,Miu Miu,7,miumiu.com,FASHION,,UNKNOWN,,,MIU_MIU,wikidata,,PENDING
7,cmtlyg4ad01itqf5krlev71zk,7,UNKNOWN,Monsieur TSHIRT,7,monsieurtshirt.com,RETAIL,,UNKNOWN,,,MONSIEUR_TSHIRT,wikidata,,PENDING
0,cmtlyg4mv01jmqf5k0gysyucu,7,UNKNOWN,ONE,7,one.com,RETAIL,,UNKNOWN,,,ONE,source-careers,,PENDING
3,cmtlyg8ly01kfqf5kfrj65rrx,7,UNKNOWN,OSKA,7,oska.com,RETAIL,,UNKNOWN,,,OSKA,source-careers,,PENDING
0,cmtk49u951oakny2b2fr859g1,7,UNKNOWN,Parfums Givenchy,7,parfumsgivenchy.com,BEAUTY,,UNKNOWN,,LVMH,PARFUMS_GIVENCHY,wikidata,,PENDING
0,cmtlyg8tw01l8qf5kpfwyil5w,7,UNKNOWN,Profuomo,7,profuomo.com,RETAIL,,UNKNOWN,,,PROFUOMO,manual,,PENDING
0,cmtpu0ykr086sl35m7swvoori,7,UNKNOWN,Stella McCartney (Japan),7,stellamccartney.com,RETAIL,,UNKNOWN,,,STELLA_MCCARTNEY_JAPAN,manual,,PENDING
0,cmtrsn93g1eznpg5mxw2pujs2,7,UNKNOWN,Swarovski Korea,7,,JEWELRY_WATCHES,,UNKNOWN,,,SWAROVSKI_KOREA,,,PENDING
0,cmtlygfhc01y9qf5kvq0ggi25,8,UNKNOWN,Talbots,7,talbots.co.jp,RETAIL,,UNKNOWN,,,TALBOTS,wikidata,,PENDING
0,cmtlyg97h01m1qf5k7g96o1qo,7,UNKNOWN,Vlisco,7,vlisco.com,RETAIL,,UNKNOWN,,,VLISCO,wikidata,,PENDING
0,cmtlyfub3013kqf5k69l0ztwx,6,UNKNOWN,ASHOKA,6,ashokaparis.com,RETAIL,,UNKNOWN,,,ASHOKA,manual,,PENDING
0,cmtrse7pp09mvpg5mq0g8ahf1,6,UNKNOWN,BRUNELLO CUCINELLI (ENGLAND),6,,RETAIL,,UNKNOWN,,,BRUNELLO_CUCINELLI_ENGLAND,,,PENDING
0,cmtlyfuj70149qf5kbtdnqtcx,6,UNKNOWN,Bubble,6,hellobubble.com,RETAIL,,UNKNOWN,,,BUBBLE,source-careers,,PENDING
0,cmtm9jhxx1uz4pv5j4te5c4ys,6,UNKNOWN,Bumble and bumble,6,bumbleandbumble.com,BEAUTY,,UNKNOWN,,Estee Lauder,BUMBLE_AND_BUMBLE,wikidata,,PENDING
0,cmtrtc51h3n56pg5m8p0d64pm,6,UNKNOWN,Coach Netherlands B.V. - Taiwan Branch,6,,RETAIL,,UNKNOWN,,,COACH_NETHERLANDS_B_V_TAIWAN_BRANCH,,,PENDING
0,cmtrtc5n63nb3pg5m9ld4fz8i,6,UNKNOWN,Coach Stores Austria,6,,RETAIL,,UNKNOWN,,,COACH_STORES_AUSTRIA,,,PENDING
0,cmtrsgp8t0lw1pg5mflkju81q,6,UNKNOWN,CONDE NAST (INDIA) PVT LTD - 30361,6,,RETAIL,,UNKNOWN,,,CONDE_NAST_INDIA_PVT_LTD_30361,,,PENDING
0,cmtrspyfg1pwdpg5mo0ai5gjp,6,UNKNOWN,Converse Sporting Goods,6,,RETAIL,,UNKNOWN,,,CONVERSE_SPORTING_GOODS,,,PENDING
6,cmtkdvuio1rpbnf2bltfbynz2,12,UNKNOWN,DEPECH'MODE,6,depechmode-paris.com,FASHION,,UNKNOWN,,,DEPECH_MODE,manual,,PENDING
0,cmtrsgp4e0luxpg5musa89zv3,6,UNKNOWN,Edizioni Condé Nast,6,,RETAIL,,UNKNOWN,,,EDIZIONI_CONDE_NAST,,,PENDING
0,cmtpj2gur14edpf5lvktv0wyq,6,UNKNOWN,EM Microelectronic,6,emmicroelectronic.com,RETAIL,,UNKNOWN,,,EM_MICROELECTRONIC,wikidata,,PENDING
0,cmtk1wyi0001znv2bg0mj7o48,6,UNKNOWN,Iris van Herpen,6,irisvanherpen.com,FASHION,,UNKNOWN,,,IRIS_VAN_HERPEN,wikidata,,PENDING
0,cmtlyfxhp017kqf5kw1o3b1rj,6,UNKNOWN,JanSport,6,jansport.com,RETAIL,,UNKNOWN,,,JANSPORT,source-careers,,PENDING
6,cmtpz3q3804613ncqqb6f9psj,6,UNKNOWN,LITTLE CIGOGNE,6,little-cigogne.com,RETAIL,,UNKNOWN,,,LITTLE_CIGOGNE,manual,,PENDING
6,cmtpz3x04049c3ncqfj6ripzh,6,UNKNOWN,MANUCURIST,6,manucurist.com,RETAIL,,UNKNOWN,,,MANUCURIST,manual,,PENDING
0,cmtrsg8ti0kclpg5m5ilxv0tk,6,UNKNOWN,Movado Group Private,6,,RETAIL,,UNKNOWN,,,MOVADO_GROUP_PRIVATE,,,PENDING
0,cmtrspzmk1qcepg5ma5gc9br8,6,UNKNOWN,Nike (Thailand),6,,RETAIL,,UNKNOWN,,,NIKE_THAILAND,,,PENDING
0,cmtrspymz1pzfpg5ma16f1j7o,6,UNKNOWN,NIKE U,6,,RETAIL,,UNKNOWN,,,NIKE_U,,,PENDING
0,cmtrsq2jy1rcnpg5mk60jfnw9,6,UNKNOWN,NIKE Vietnam Limited Liability Company,6,,RETAIL,,UNKNOWN,,,NIKE_VIETNAM_LIMITED_LIABILITY_COMPANY,,,PENDING
0,cmtpj2gnr14bnpf5l16orcp9o,6,UNKNOWN,Nivarox,6,nivarox.ch,RETAIL,,UNKNOWN,,,NIVAROX,wikidata,,PENDING
0,cmtlyfyg90189qf5k33xaawao,7,UNKNOWN,Novara,6,,RETAIL,,UNKNOWN,,,NOVARA,,,PENDING
6,cmtpz4kkd04j13ncq79vbs3pb,6,UNKNOWN,Panier Des Sens,6,panierdessens.com,RETAIL,,UNKNOWN,,,PANIER_DES_SENS,manual,,PENDING
6,cmtlyfyn6018yqf5kzdk3yvi7,6,UNKNOWN,Pied de Biche,6,pieddebiche-paris.com,RETAIL,,UNKNOWN,,,PIED_DE_BICHE,manual,,PENDING
6,cmtpz4oci04kn3ncq1biagbnv,6,UNKNOWN,PM Studio Paris,6,,RETAIL,,UNKNOWN,,,PM_STUDIO_PARIS,,,PENDING
0,cmtrspzwb1qfppg5mua9gjght,6,UNKNOWN,PT Nike Indonesia,6,,RETAIL,,UNKNOWN,,,PT_NIKE_INDONESIA,,,PENDING
0,cmtp523242d01qq4zp8s1kid6,6,UNKNOWN,Purdey,6,purdey.com,LUXURY,,UNKNOWN,,Richemont,PURDEY,wikidata,,PENDING
6,cmtkdvuig1rp7nf2bffwmb758,7,UNKNOWN,REPETTO,6,repetto.com,FASHION,,UNKNOWN,,,REPETTO,wikidata,,PENDING
6,cmtk496f61jalny2bwhwhnnrw,6,UNKNOWN,Repossi,6,repossi.com,JEWELRY_WATCHES,,UNKNOWN,,LVMH,REPOSSI,wikidata,,PENDING
6,cmtp8696z3rquqq4zlhwfc365,6,UNKNOWN,RIM PARFUM,6,,BEAUTY,,UNKNOWN,,,RIM_PARFUM,,,PENDING
0,cmtrsn7qu1en4pg5mzwh46ew2,6,UNKNOWN,Swarovski Ibérica,6,,JEWELRY_WATCHES,,UNKNOWN,,,SWAROVSKI_IBERICA,,,PENDING
0,cmtrsn7ud1eoepg5mbef3jgs1,6,UNKNOWN,Swarovski Kristal Ticaret Ltd Sti.,6,,JEWELRY_WATCHES,,UNKNOWN,,,SWAROVSKI_KRISTAL_TICARET_LTD_STI,,,PENDING
0,cmtpj2gau146ppf5letxqbxr9,6,UNKNOWN,Swiss Timing,6,swisstiming.com,RETAIL,,UNKNOWN,,,SWISS_TIMING,wikidata,,PENDING
0,cmtlyfzxq01b1qf5kcja65tqq,6,UNKNOWN,Yema,6,yema.com,JEWELRY_WATCHES,,UNKNOWN,,,YEMA,wikidata,,PENDING
0,cmtlyg9r801muqf5klchmoqem,5,UNKNOWN,Alberto,5,alberto-pants.com,RETAIL,,UNKNOWN,,,ALBERTO,source-careers,,PENDING
5,cmtk1xdjg0176nv2b70ayaadr,7,UNKNOWN,AUBADE,5,aubade.com,FASHION,,UNKNOWN,,,AUBADE,wikidata,,PENDING
0,cmtlyfpzs00w4qf5k8yxuw6kx,5,UNKNOWN,Baron,5,,RETAIL,,UNKNOWN,,,BARON,,,PENDING
0,cmtpysoay00gt3ncqcw6fjkre,5,UNKNOWN,Bettina,5,bettinaofficial.com,RETAIL,,UNKNOWN,,,BETTINA,manual,,PENDING
5,cmtpytzgb011p3ncqttiwnk6u,5,UNKNOWN,Choose,5,,RETAIL,,UNKNOWN,,,CHOOSE,,,PENDING
0,cmtlyfg1a00n9qf5kpkdeci1u,5,UNKNOWN,Cleo,5,,RETAIL,,UNKNOWN,,,CLEO,,,PENDING
0,cmtrtc43r3mvcpg5mmvi7euyk,5,UNKNOWN,Coach Hong Kong Limited - Macau Branch,5,,RETAIL,,UNKNOWN,,,COACH_HONG_KONG_LIMITED_MACAU_BRANCH,,,PENDING
4,cmtlyfg6v00nqqf5k929kj41w,5,UNKNOWN,Columbia Sportswear Company,5,columbia.com,RETAIL,,UNKNOWN,,,COLUMBIA_SPORTSWEAR_COMPANY,wikidata,,PENDING
0,cmtrsgq7j0m6bpg5m6jfgt7ua,5,UNKNOWN,CONDE NAST (INDIA) PVT LTD - 30360,5,,RETAIL,,UNKNOWN,,,CONDE_NAST_INDIA_PVT_LTD_30360,,,PENDING
5,cmtkdvwgx1selnf2bfysmzr7y,7,UNKNOWN,CONFIDENTIEL,5,,FASHION,,UNKNOWN,,,CONFIDENTIEL,,,PENDING
5,cmtkdw0g31tilnf2b8781vbza,5,UNKNOWN,DJULA,5,djula.fr,FASHION,,UNKNOWN,,,DJULA,manual,,PENDING
0,cmtm7vlqt14bnpv5jwkbal0n0,5,UNKNOWN,Donzé-Baume,5,swatchgroup.com,RETAIL,,UNKNOWN,,,DONZE_BAUME,manual,,PENDING
0,cmtlyfquu00wpqf5k7r34d0t9,5,UNKNOWN,Genesis,5,genesis-sim.org,RETAIL,,UNKNOWN,,,GENESIS,wikidata,,PENDING
0,cmtlyfuwp015nqf5k637r11dh,6,UNKNOWN,G.Label by Goop,5,goop.com,RETAIL,,UNKNOWN,,,G_LABEL_BY_GOOP,source-careers,,PENDING
5,cmtpkwyw259lhpf5ljczxqsjf,5,UNKNOWN,GRANDVISION,5,grandvision.com,FASHION,,UNKNOWN,,,GRANDVISION,wikidata,,PENDING
5,cmtpwkbba001jql5matawp32p,5,UNKNOWN,Hindb,5,hindbag.fr,RETAIL,,UNKNOWN,,,HINDB,manual,,PENDING
0,cmtlyfvaf016cqf5k6yvon72v,6,UNKNOWN,INTERSPORT,5,intersport.com,OTHER,,UNKNOWN,,,INTERSPORT,wikidata,,PENDING
0,cmtp1ugf000qsqq4ziso5gxms,5,UNKNOWN,La Redoute,5,laredoute.it,RETAIL,,UNKNOWN,,Galeries Lafayette Group,LA_REDOUTE,wikidata,,PENDING
0,cmtlyfrdm00xvqf5knnpyn8ld,5,UNKNOWN,Lucy & Yak,5,lucyandyak.com,RETAIL,,UNKNOWN,,,LUCY_AND_YAK,wikidata,,PENDING
0,cmtlyfnyz00sxqf5kx3ps3jmp,5,UNKNOWN,Luhta,5,luhta.com,RETAIL,,UNKNOWN,,,LUHTA,wikidata,,PENDING
0,cmtlyfryv00ygqf5kv4lecpr2,5,UNKNOWN,Lumentee,5,lumentee.com,RETAIL,,UNKNOWN,,,LUMENTEE,source-careers,,PENDING
0,cmtrt7j6r2wpjpg5mwnnw7tu5,5,UNKNOWN,MANGO GARMENTS ROM.,5,,FASHION,,UNKNOWN,,,MANGO_GARMENTS_ROM,,,PENDING
0,cmtrt7arx2tvrpg5mrjlm1or7,5,UNKNOWN,"MANGO MERITXELL, S.L.U",5,,FASHION,,UNKNOWN,,,MANGO_MERITXELL_S_L_U,,,PENDING
0,cmtrsg98p0km4pg5mmv3ox73m,5,UNKNOWN,MGI Luxury Group Sàrl,5,,FASHION,,UNKNOWN,,,MGI_LUXURY_GROUP,,,PENDING
0,cmtrsmx0g1dptpg5m5rk92tp9,5,UNKNOWN,Michael Kors (Europe),5,,RETAIL,,UNKNOWN,,,MICHAEL_KORS_EUROPE,,,PENDING
5,cmtkdvydr1szwnf2b9lkp3v4c,5,UNKNOWN,MINIMEPARIS,5,,FASHION,,UNKNOWN,,,MINIMEPARIS,,,PENDING
0,cmtlyfsbu00z1qf5kd1gz2yfk,6,UNKNOWN,Naturkompaniet,5,naturkompaniet.se,RETAIL,,UNKNOWN,,,NATURKOMPANIET,wikidata,,PENDING
0,cmtrspz2z1q5apg5mmh73hnon,5,UNKNOWN,NIKE ELC,5,,RETAIL,,UNKNOWN,,,NIKE_ELC,,,PENDING
0,cmtrspyqi1q0lpg5mgfyppt7x,5,UNKNOWN,NIKE Retail Austria,5,,RETAIL,,UNKNOWN,,,NIKE_RETAIL_AUSTRIA,,,PENDING
0,cmtrspy001ppkpg5mgr44dtdl,5,UNKNOWN,NIKE Retail Ireland,5,,RETAIL,,UNKNOWN,,,NIKE_RETAIL_IRELAND,,,PENDING
0,cmtlyfsqq0107qf5ktxfd079c,5,UNKNOWN,Nimble,5,nimbleactivewear.com,RETAIL,,UNKNOWN,,,NIMBLE,manual,,PENDING
5,cmtpz40kp04av3ncqes6do3vb,5,UNKNOWN,Odaje (ex M. Moustache),5,odaje.com,RETAIL,,UNKNOWN,,,ODAJE_EX_M_MOUSTACHE,manual,,PENDING
0,cmtpj2gqp14ctpf5lugexsrp6,5,UNKNOWN,Rado,5,rado.com,RETAIL,,UNKNOWN,,,RADO,manual,,PENDING
0,cmtpj2gt814dspf5l816akcde,5,UNKNOWN,Renata,5,renata.com,RETAIL,,UNKNOWN,,,RENATA,wikidata,,PENDING
0,cmtlyft5r011dqf5kp2i1ey6x,5,UNKNOWN,ROTATE,5,rotatebirgerchristensen.com,RETAIL,,UNKNOWN,,,ROTATE,manual,,PENDING
5,cmtm7udvv11bjpv5jpfcafu5v,5,UNKNOWN,Sarenza,5,sarenza.com,RETAIL,,UNKNOWN,,Groupe Beaumanoir,SARENZA,manual,,PENDING
0,cmtlyftfv011yqf5kftnj8gca,5,UNKNOWN,SEP,5,,RETAIL,,UNKNOWN,,,SEP,,,PENDING
5,cmtpkwywl59llpf5lk66a4sjp,5,UNKNOWN,SHOWROOM GROUP,5,,FASHION,,UNKNOWN,,,SHOWROOM_GROUP,,,PENDING
5,cmtjwp1i00669m72by8btsmwp,5,UNKNOWN,Simone Pérèle,5,simone-perele.com,FASHION,,UNKNOWN,,,SIMONE_PERELE,wikidata,,PENDING
0,cmtrsn91c1ez0pg5m5mw6g3k3,5,UNKNOWN,Swarovski Internat. N. Z.,5,,JEWELRY_WATCHES,,UNKNOWN,,,SWAROVSKI_INTERNAT_N_Z,,,PENDING
0,cmtrsnbb61fmopg5mal3jz0do,5,UNKNOWN,Swarovski Manufacturing (Thailand),5,,JEWELRY_WATCHES,,UNKNOWN,,,SWAROVSKI_MANUFACTURING_THAILAND,,,PENDING
0,cmtlyfz00019nqf5kw5f4wj55,6,UNKNOWN,Tiger of Sweden,5,tigerofsweden.com,RETAIL,,UNKNOWN,,,TIGER_OF_SWEDEN,wikidata,,PENDING
0,cmtrsctsg026cpg5m5gqwsv0r,5,UNKNOWN,UNIQLO EUROPE LIMITED ITALIAN BRANCH,5,,FASHION,,UNKNOWN,,,UNIQLO_EUROPE_LIMITED_ITALIAN_BRANCH,,,PENDING
0,cmtrselua0bikpg5m16tbhy9u,5,UNKNOWN,Versace España S.A.U.,5,,RETAIL,,UNKNOWN,,,VERSACE_ESPANA_S_A_U,,,PENDING
0,cmtlyfttv012zqf5k1aupiavc,5,UNKNOWN,YES,5,,RETAIL,,UNKNOWN,,,YES,,,PENDING
0,cmtk495s61j4bny2b0vq1t73c,5,UNKNOWN,Zenith,5,zenith-watches.com,JEWELRY_WATCHES,,UNKNOWN,,LVMH,ZENITH,wikidata,,PENDING
0,cmtlyfcc400jyqf5k8ws3kzvm,4,UNKNOWN,Agency,4,,RETAIL,,UNKNOWN,,,AGENCY,,,PENDING
0,cmtlyfclj00kfqf5k2x4ws00y,4,UNKNOWN,Aim'n,4,aimn.com,RETAIL,,UNKNOWN,,,AIM_N,source-careers,,PENDING
0,cmtlyfcvr00kwqf5k13vjbmae,4,UNKNOWN,Annoushka,4,annoushka.com,RETAIL,,UNKNOWN,,,ANNOUSHKA,source-careers,,PENDING
4,cmtpys3cg006n3ncqlstzadvs,4,UNKNOWN,ATELIER 15,4,,RETAIL,,UNKNOWN,,,ATELIER_15,,,PENDING
0,cmtlyfefz00ldqf5k6fnvpkg0,4,UNKNOWN,Bespoke Post,4,bespokepost.com,RETAIL,,UNKNOWN,,,BESPOKE_POST,wikidata,,PENDING
0,cmtpj2hrb14q1pf5lmkwqcnul,4,UNKNOWN,Breguet,4,breguet.com,JEWELRY_WATCHES,,UNKNOWN,,,BREGUET,wikidata,,PENDING
0,cmtlyff7e00mbqf5kw0pz5xzc,4,UNKNOWN,BUFF,4,buff.com,RETAIL,,UNKNOWN,,,BUFF,source-careers,,PENDING
0,cmtptzb9200gsl35m8fwcy589,4,UNKNOWN,Çalık,4,calik.com,RETAIL,,UNKNOWN,,,CALIK,source-careers,,PENDING
4,cmtkdvygh1t10nf2briurzyb4,4,UNKNOWN,CAMELEONS RH,4,cameleonsrh.com,FASHION,,UNKNOWN,,,CAMELEONS_RH,manual,,PENDING
4,cmtkdvxl61sqgnf2bhklqiqd8,4,UNKNOWN,Collector Square,4,collectorsquare.com,RETAIL,,UNKNOWN,,,COLLECTOR_SQUARE,manual,,PENDING
4,cmtkdvvyz1s9hnf2b7y3h2cj3,10,UNKNOWN,CONCEPT RECRUTEMENT,4,concept-recrutement.fr,FASHION,,UNKNOWN,,,CONCEPT_RECRUTEMENT,manual,,PENDING
2,cmtm9jl8x1vt3pv5jnt5xp4ry,4,UNKNOWN,Darphin Paris,4,darphin.com,RETAIL,,UNKNOWN,,,DARPHIN_PARIS,manual,,PENDING
0,cmtk1wy4r0012nv2b3e8ive7o,4,UNKNOWN,DFS,4,dfs.com,RETAIL,,UNKNOWN,,LVMH,DFS,source-careers,,PENDING
0,cmtrsn9bm1f1zpg5m8uoimdxi,4,UNKNOWN,D. Swarovski Tourism,4,,JEWELRY_WATCHES,,UNKNOWN,,,D_SWAROVSKI_TOURISM,,,PENDING
0,cmtlyfkto00ooqf5k9jltqp95,4,UNKNOWN,Eastpak,4,eastpak.com,RETAIL,,UNKNOWN,,,EASTPAK,wikidata,,PENDING
0,cmtp1u8t500jkqq4z4mtaif49,4,UNKNOWN,El Palacio de Hierro,4,palaciohierro.com.mx,RETAIL,,UNKNOWN,,,EL_PALACIO_DE_HIERRO,source-careers,,PENDING
4,cmtne4hs40a91qq4zaaa1o2wc,4,UNKNOWN,Franchoo,4,,RETAIL,,UNKNOWN,,,FRANCHOO,,,PENDING
0,cmtlyfl2m00p5qf5kiewm0kse,5,UNKNOWN,Ghost,4,,RETAIL,,UNKNOWN,,,GHOST,,,PENDING
0,cmtlyflb400pmqf5k8bot6tdm,4,UNKNOWN,Go Outdoors,4,gooutdoors.co.uk,RETAIL,,UNKNOWN,,,GO_OUTDOORS,wikidata,,PENDING
0,cmtlyfm4n00q3qf5k2f0nwtmw,4,UNKNOWN,Gridline,4,,RETAIL,,UNKNOWN,,,GRIDLINE,,,PENDING
0,cmtlyfmcn00qkqf5km9p1bxw9,4,UNKNOWN,Guild+Pepper,4,,RETAIL,,UNKNOWN,,,GUILD_PEPPER,,,PENDING
0,cmtlyfmns00r1qf5kez0yn3qk,4,UNKNOWN,Happy Socks,4,happysocks.com,RETAIL,,UNKNOWN,,,HAPPY_SOCKS,wikidata,,PENDING
0,cmtpuc7sl1o7hl35m1bmg9r85,4,UNKNOWN,HBC INDIA PVT,4,hbc.com,RETAIL,,UNKNOWN,,,HBC_INDIA_PVT,manual,,PENDING
4,cmtkdvubp1rmknf2buqbqgu2l,10,UNKNOWN,HUGO BOSS,4,hugoboss.com,FASHION,,UNKNOWN,,,HUGO_BOSS,manual,,PENDING
0,cmtlyfmw100riqf5k6utjl7kl,4,UNKNOWN,imi's,4,imisystems.com,RETAIL,,UNKNOWN,,,IMI_S,wikidata,,PENDING
4,cmtlq3uds1lywpg2b7gowhkg4,4,UNKNOWN,In Haircare,4,,RETAIL,,UNKNOWN,,,IN_HAIRCARE,,,PENDING
0,cmtlyfn8t00rzqf5klup5d6b1,4,UNKNOWN,Jewells,4,,JEWELRY_WATCHES,,UNKNOWN,,,JEWELLS,,,PENDING
0,cmtlyfnio00sgqf5ktlprgd17,4,UNKNOWN,Julie & Grace,4,julie-grace.de,RETAIL,,UNKNOWN,,,JULIE_AND_GRACE,source-careers,,PENDING
0,cmtlyf6zn00f4qf5k07p5lyfi,4,UNKNOWN,Kastner & Öhler,4,kastner-oehler.at,RETAIL,,UNKNOWN,,,KASTNER_AND_OHLER,source-careers,,PENDING
2,cmtjwa11205v4ld2b4be98q45,50,UNKNOWN,Kering,4,kering.com,LUXURY,,UNKNOWN,,Kering,KERING,source-careers,,PENDING
4,cmtpz35qu03yc3ncq9dkfdsgb,4,UNKNOWN,La Bonne Brosse,4,labonnebrosse.com,RETAIL,,UNKNOWN,,,LA_BONNE_BROSSE,manual,,PENDING
4,cmtkdw0ny1tkynf2bzqvvh2d1,8,UNKNOWN,LFP EMPLOI MODE,4,,FASHION,,UNKNOWN,,,LFP_EMPLOI_MODE,,,PENDING
3,cmtlyfo4800teqf5k2jjyt09y,4,UNKNOWN,LUNETTES POUR TOUS,4,lunettespourtous.com,RETAIL,,UNKNOWN,,,LUNETTES_POUR_TOUS,manual,,PENDING
0,cmtrt7l6d2xevpg5mh376rjbq,4,UNKNOWN,MANGO (CZ) s.r.o.,4,,FASHION,,UNKNOWN,,,MANGO_CZ_S_R_O,,,PENDING
0,cmtrt7b6f2u21pg5mzt1x4v3i,4,UNKNOWN,Mango Korea,4,,FASHION,,UNKNOWN,,,MANGO_KOREA,,,PENDING
0,cmtrt7jpc2wvmpg5m7hob93d8,4,UNKNOWN,MANGO SVERIGE,4,,FASHION,,UNKNOWN,,,MANGO_SVERIGE,,,PENDING
4,cmtkdvuso1rttnf2b8qqswto4,4,UNKNOWN,MANPOWER CABINET DE RECRUTEMENT COMMERCE MODE LUXE,4,,FASHION,,UNKNOWN,,,MANPOWER_CABINET_DE_RECRUTEMENT_COMMERCE_MODE_LUXE,,,PENDING
1,cmtk1wyb0001hnv2b6x0jz8y9,4,UNKNOWN,Margaret Howell,4,margarethowell.co.uk,FASHION,,UNKNOWN,,,MARGARET_HOWELL,source-careers,,PENDING
0,cmtpj2hvx14ripf5lolmzho2m,4,UNKNOWN,Meco,4,,RETAIL,,UNKNOWN,,,MECO,,,PENDING
0,cmtrsmvhi1d78pg5mztwhu3y1,4,UNKNOWN,Michael Kors (Austria),4,,RETAIL,,UNKNOWN,,,MICHAEL_KORS_AUSTRIA,,,PENDING
0,cmtrsmvrh1dakpg5myjmefzw9,4,UNKNOWN,Michael Kors (Switzerland),4,,RETAIL,,UNKNOWN,,,MICHAEL_KORS_SWITZERLAND,,,PENDING
0,cmtlyfskm00zmqf5k7e2fq8bx,5,UNKNOWN,Nexus,4,nexus-ag.de,RETAIL,,UNKNOWN,,,NEXUS,wikidata,,PENDING
0,cmtrspzcj1q8rpg5mhwhojfve,4,UNKNOWN,Nike Japan Group,4,,RETAIL,,UNKNOWN,,,NIKE_JAPAN_GROUP,,,PENDING
0,cmtlyfok800u8qf5ktamsx9x5,4,UNKNOWN,Nudie Jeans,4,nudiejeans.com,RETAIL,,UNKNOWN,,,NUDIE_JEANS,source-careers,,PENDING
0,cmtlyfsyi010sqf5kw0w3wr96,5,UNKNOWN,PICARD,4,,RETAIL,,UNKNOWN,,,PICARD,,,PENDING
4,cmtpkwyaf59j6pf5ljou0p1ha,4,UNKNOWN,PIMKIE,4,pimkie.com,FASHION,,UNKNOWN,,,PIMKIE,wikidata,,PENDING
0,cmtlyfovc00upqf5kk8ad45wj,4,UNKNOWN,Printful,4,printful.com,RETAIL,,UNKNOWN,,,PRINTFUL,source-careers,,PENDING
3,cmtpz4q2i04lh3ncqifzc5flc,4,UNKNOWN,Prose,4,prose.com,RETAIL,,UNKNOWN,,,PROSE,manual,,PENDING
0,cmtlyfp3k00v6qf5k912us8y2,4,UNKNOWN,Public,4,,RETAIL,,UNKNOWN,,,PUBLIC,,,PENDING
0,cmtpj2ix0154lpf5lvxbmvebf,4,UNKNOWN,Rubattel et Weyermann,4,swatchgroup.com,RETAIL,,UNKNOWN,,,RUBATTEL_ET_WEYERMANN,manual,,PENDING
0,cmtlyfpf500vnqf5kdshqn1pu,4,UNKNOWN,Subset,4,,RETAIL,,UNKNOWN,,,SUBSET,,,PENDING
4,cmtpz5iv404ww3ncqf7e6ekuh,4,UNKNOWN,Surprise-paris,4,surprise-paris.com,RETAIL,,UNKNOWN,,,SURPRISE_PARIS,manual,,PENDING
0,cmtrsnb3g1fk0pg5mv6541c7q,4,UNKNOWN,Swarovski Bohemia spol.s.r.o.,4,,JEWELRY_WATCHES,,UNKNOWN,,,SWAROVSKI_BOHEMIA_SPOL_S_R_O,,,PENDING
0,cmtrsnboj1fr1pg5mdo2ffjwa,4,UNKNOWN,Swarovski Hellas,4,,JEWELRY_WATCHES,,UNKNOWN,,,SWAROVSKI_HELLAS,,,PENDING
0,cmtrsn7nj1elrpg5m69nuxphw,4,UNKNOWN,Swarovski Hungary Retail Limited Liability Company,4,,JEWELRY_WATCHES,,UNKNOWN,,,SWAROVSKI_HUNGARY_RETAIL_LIMITED_LIABILITY_COMPANY,,,PENDING
0,cmtrsn7v31eompg5mbpekhifv,4,UNKNOWN,Swarovski Poland Sp. z o.o.,4,,JEWELRY_WATCHES,,UNKNOWN,,,SWAROVSKI_POLAND_SP_Z_O_O,,,PENDING
0,cmtlyf1yk00b6qf5kpjwwio4g,4,UNKNOWN,Tekla,4,tekla.com,RETAIL,,UNKNOWN,,,TEKLA,wikidata,,PENDING
4,cmtrt96hh32jrpg5mkohtfcgs,4,UNKNOWN,The Bradery,4,,RETAIL,,UNKNOWN,,,THE_BRADERY,,,PENDING
0,cmtnhcuo323w4qq4z28gpi5bo,4,UNKNOWN,The Estée Lauder Companies,4,,BEAUTY,,UNKNOWN,,,THE_ESTEE_LAUDER_COMPANIES,,,PENDING
0,cmtrscts20265pg5m5l37wirn,4,UNKNOWN,UNIQLO EUROPE LIMITED BELGIAN BRANCH,4,,FASHION,,UNKNOWN,,,UNIQLO_EUROPE_LIMITED_BELGIAN_BRANCH,,,PENDING
0,cmtpj2gjv14a3pf5lmppb1ei0,4,UNKNOWN,Universo,4,,RETAIL,,UNKNOWN,,,UNIVERSO,,,PENDING
0,cmtrselyt0bk2pg5m85qz10ma,4,UNKNOWN,Versace UK PLC.,4,,RETAIL,,UNKNOWN,,,VERSACE_UK_PLC,,,PENDING
4,cmtk48icj1dl9ny2bil442xa0,4,UNKNOWN,Veuve Clicquot Ponsardin,4,veuveclicquot.com,LUXURY,,UNKNOWN,,,VEUVE_CLICQUOT_PONSARDIN,manual,,PENDING
0,cmtlyf2nu00boqf5kuyuhtkee,3,UNKNOWN,585 Gold,3,zoloto585.ru,RETAIL,,UNKNOWN,,,585_GOLD,wikidata,,PENDING
0,cmtlyfbvx00jhqf5ktfzhwp6r,4,UNKNOWN,Ackermans,3,ackermans.co.za,RETAIL,,UNKNOWN,,,ACKERMANS,source-careers,,PENDING
3,cmtpyry8w004j3ncqvpj2k5vd,3,UNKNOWN,Antipodes Médical,3,antipodes-medical.com,RETAIL,,UNKNOWN,,,ANTIPODES_MEDICAL,manual,,PENDING
0,cmtlyf2w500c1qf5k6yt452ds,3,UNKNOWN,Atlantis,3,,RETAIL,,UNKNOWN,,,ATLANTIS,,,PENDING
0,cmtlyf4ja00ceqf5ku6o1sxkz,3,UNKNOWN,Attaquer,3,attaquercycling.com,RETAIL,,UNKNOWN,,,ATTAQUER,source-careers,,PENDING
3,cmtkdw0jf1tjenf2b9vzjv9fb,3,UNKNOWN,AURÉLIE BIDERMANN,3,aureliebidermann.com,FASHION,,UNKNOWN,,,AURELIE_BIDERMANN,manual,,PENDING
0,cmtlyfeu700luqf5kwy5yz2yd,4,UNKNOWN,Blueland,3,blueland.com,RETAIL,,UNKNOWN,,,BLUELAND,manual,,PENDING
0,cmtrse7zv09sfpg5m2xkqx8s3,3,UNKNOWN,BRUNELLO CUCINELLI MIDDLE EAST L.L.C,3,,RETAIL,,UNKNOWN,,,BRUNELLO_CUCINELLI_MIDDLE_EAST_L_L_C,,,PENDING
3,cmtkdvzna1t9vnf2bsx57k9p4,4,UNKNOWN,CHILDREN WORLDWIDE FASHION C.W.F,3,cwf.fr,FASHION,,UNKNOWN,,,CHILDREN_WORLDWIDE_FASHION_C_W_F,manual,,PENDING
0,cmtrtc4bz3my9pg5mapcjg5qx,3,UNKNOWN,Coach Stores Ireland,3,,RETAIL,,UNKNOWN,,,COACH_STORES_IRELAND,,,PENDING
0,cmtpj2h5g14hwpf5ldzgkrcyu,3,UNKNOWN,Comadur,3,comadur.com,RETAIL,,UNKNOWN,,,COMADUR,wikidata,,PENDING
0,cmtlyf4ye00crqf5ktjngwekz,3,UNKNOWN,Cotton On,3,cottonon.com,RETAIL,,UNKNOWN,,,COTTON_ON,wikidata,,PENDING
0,cmtlyf59l00d4qf5kji99ofjs,4,UNKNOWN,Damart,3,damart.fr,RETAIL,,UNKNOWN,,,DAMART,wikidata,,PENDING
3,cmtk1wu5l000bnv2by772ury1,3,UNKNOWN,Embryolisse,3,embryolisse.com,BEAUTY,,UNKNOWN,,,EMBRYOLISSE,manual,,PENDING
1,cmtpj2hi714mypf5lt18hehov,3,UNKNOWN,Glashütte Original,3,glashuette-original.com,RETAIL,,UNKNOWN,,,GLASHUTTE_ORIGINAL,wikidata,,PENDING
0,cmtptz9fn00a6l35mc1yxvt0b,3,UNKNOWN,GOT B,3,got-bag.com,RETAIL,,UNKNOWN,,,GOT_B,source-careers,,PENDING
3,cmtkdvun31rr6nf2br4o71hap,3,UNKNOWN,GROUPE CHANTELLE LINGERIE,3,groupechantelle.com,FASHION,,UNKNOWN,,,CHANTELLE_LINGERIE,manual,,PENDING
3,cmtpz12gd02z33ncqopqskfr3,3,UNKNOWN,IZIPIZI,3,izipizi.com,RETAIL,,UNKNOWN,,,IZIPIZI,manual,,PENDING
0,cmtrseg0q0amcpg5m2ktzz2ze,3,UNKNOWN,Jimmy Choo Tokyo,3,,RETAIL,,UNKNOWN,,,JIMMY_CHOO_TOKYO,,,PENDING
0,cmtlyf6dr00erqf5k71exi0hj,3,UNKNOWN,Joe Fresh,3,joefresh.com,RETAIL,,UNKNOWN,,,JOE_FRESH,wikidata,,PENDING
0,cmtlyf79100fhqf5k30uyqrhs,3,UNKNOWN,Kate McLeod,3,katemcleod.com,RETAIL,,UNKNOWN,,,KATE_MCLEOD,manual,,PENDING
0,cmtlyf7k100fuqf5k7cb69xnn,3,UNKNOWN,KILLSTAR,3,killstar.com,RETAIL,,UNKNOWN,,,KILLSTAR,manual,,PENDING
3,cmtpyu31f013a3ncqpu9x82sr,3,UNKNOWN,Kilo Shop,3,kilo-shop.com,RETAIL,,UNKNOWN,,,KILO_SHOP,manual,,PENDING
3,cmtkdvxgl1soynf2buwtrw9nd,3,UNKNOWN,LANCEL,3,lancel.com,FASHION,,UNKNOWN,,,LANCEL,wikidata,,PENDING
0,cmtptz9yc00bgl35mwcutj8h2,3,UNKNOWN,Len,3,,RETAIL,,UNKNOWN,,,LEN,,,PENDING
3,cmtpz3pcq045m3ncq0h3ihtkd,3,UNKNOWN,Les Secrets De Loly,3,secretsdeloly.com,RETAIL,,UNKNOWN,,,LES_SECRETS_DE_LOLY,manual,,PENDING
3,cmtkdvy1j1svxnf2bhwmol39o,3,UNKNOWN,LE TANNEUR & CIE,3,,FASHION,,UNKNOWN,,,LE_TANNEUR_AND_CIE,,,PENDING
3,cmtpkwxjp59hcpf5lc3ggp4ii,3,UNKNOWN,L'OREAL GROUP,3,loreal.com,BEAUTY,,UNKNOWN,,,L_OREAL_GROUP,wikidata,,PENDING
3,cmtpz3rz2046v3ncqkxb7ogjb,3,UNKNOWN,LOSANJE,3,losanje.com,FASHION,,UNKNOWN,,,LOSANJE,manual,,PENDING
0,cmtm8p93s1j2hpv5jnxbp934v,45,UNKNOWN,Lovisa,3,lovisa.com,RETAIL,,UNKNOWN,,,LOVISA,source-careers,,PENDING
0,cmtrt7mw22y09pg5m3gytueys,3,UNKNOWN,MANGO SL D.O.O.,3,,FASHION,,UNKNOWN,,,MANGO_SL_D_O_O,,,PENDING
0,cmtlyf8pn00gkqf5kvdh8auil,3,UNKNOWN,Markham,3,,RETAIL,,UNKNOWN,,,MARKHAM,,,PENDING
0,cmtlyf9ll00gxqf5ki7k236ub,3,UNKNOWN,MaryRuth's,3,maryruths.com,RETAIL,,UNKNOWN,,,MARYRUTH_S,source-careers,,PENDING
0,cmtrsmvgj1d6wpg5m8fdo2ifk,3,UNKNOWN,Michael Kors (Portugal),3,,RETAIL,,UNKNOWN,,,MICHAEL_KORS_PORTUGAL,,,PENDING
3,cmtkdw00x1te8nf2bums86jpf,3,UNKNOWN,MINOÏ,3,,FASHION,,UNKNOWN,,,MINOI,,,PENDING
3,cmtp869213rpfqq4zz8l0wssq,3,UNKNOWN,MODELOR SERVICE,3,modelor.fr,FASHION,,UNKNOWN,,,MODELOR_SERVICE,manual,,PENDING
3,cmtrtbfgg3mm4pg5mao2upd6m,3,UNKNOWN,Moët Hennessy Champagne,3,,LUXURY,,UNKNOWN,,,MOET_HENNESSY_CHAMPAGNE,,,PENDING
0,cmtrta7qg3a8gpg5mqfp4f0y1,3,UNKNOWN,Moët Hennessy Wine Estates,3,,LUXURY,,UNKNOWN,,,MOET_HENNESSY_WINE_ESTATES,,,PENDING
3,cmtkdw0sv1tmknf2b27tk2k1w,3,UNKNOWN,NACH,3,nachbijoux.com,FASHION,,UNKNOWN,,,NACH,manual,,PENDING
0,cmtrsq2o01re5pg5mtv9dfhk0,3,UNKNOWN,Nike 360 (Korea),3,,RETAIL,,UNKNOWN,,,NIKE_360_KOREA,,,PENDING
0,cmtrspyie1pxrpg5meo6pft52,3,UNKNOWN,NIKE Global Trading,3,,RETAIL,,UNKNOWN,,,NIKE_GLOBAL_TRADING,,,PENDING
0,cmtrspznx1qcupg5mv938uoam,3,UNKNOWN,NIKE New Zealand Company,3,,RETAIL,,UNKNOWN,,,NIKE_NEW_ZEALAND_COMPANY,,,PENDING
0,cmtrspyc91puxpg5moxyzy5jh,3,UNKNOWN,Nike Retail BV Branch,3,,RETAIL,,UNKNOWN,,,NIKE_RETAIL_BV_BRANCH,,,PENDING
0,cmtrspys81q14pg5mqgfo3jzq,3,UNKNOWN,NRBV Turkey,3,,RETAIL,,UNKNOWN,,,NRBV_TURKEY,,,PENDING
3,cmtkdvx7q1slqnf2b1yd4d54w,3,UNKNOWN,OCARAT,3,ocarat.com,JEWELRY_WATCHES,,UNKNOWN,,,OCARAT,manual,,PENDING
0,cmtk49msx1ms1ny2bkeriur6w,3,UNKNOWN,Rossimoda,3,rossimoda.com,FASHION,,UNKNOWN,,LVMH,ROSSIMODA,wikidata,,PENDING
3,cmtpz4zwp04p63ncqjiz7v7vs,3,UNKNOWN,SAFE HARBOR,3,,RETAIL,,UNKNOWN,,,SAFE_HARBOR,,,PENDING
0,cmtlyfaei00hnqf5kon4uijpz,5,UNKNOWN,Saltrock,3,saltrock.com,RETAIL,,UNKNOWN,,,SALTROCK,wikidata,,PENDING
0,cmtrse7qp09ndpg5m6oxw0fg9,3,UNKNOWN,SAM BRUNELLO CUCINELLI MONACO,3,,RETAIL,,UNKNOWN,,,SAM_BRUNELLO_CUCINELLI_MONACO,,,PENDING
0,cmtlyfamo00i0qf5k0684zvii,3,UNKNOWN,Seer,3,,RETAIL,,UNKNOWN,,,SEER,,,PENDING
0,cmtlyfate00idqf5kmdzxjahu,3,UNKNOWN,Spinelli Kilcollin,3,spinellikilcollin.com,RETAIL,,UNKNOWN,,,SPINELLI_KILCOLLIN,manual,,PENDING
3,cmtkdvyob1t35nf2bp92av46f,5,UNKNOWN,SUNGLASS HUT,3,sunglasshut.com,FASHION,,UNKNOWN,,,SUNGLASS_HUT,manual,,PENDING
0,cmtrsnbr01frupg5m57sg0btt,3,UNKNOWN,Swarovski Austria,3,,JEWELRY_WATCHES,,UNKNOWN,,,SWAROVSKI_AUSTRIA,,,PENDING
0,cmtrsn8951eripg5mou9fs2r2,3,UNKNOWN,Swarovski Iberica SA PT,3,,JEWELRY_WATCHES,,UNKNOWN,,,SWAROVSKI_IBERICA_PT,,,PENDING
0,cmtrsnbki1fpspg5mjtzc8fbv,3,UNKNOWN,Swarovski Thailand,3,,JEWELRY_WATCHES,,UNKNOWN,,,SWAROVSKI_THAILAND,,,PENDING
0,cmtp330rp14duqq4zgstlhn22,3,UNKNOWN,TEVA,3,tevapharm.com,RETAIL,,UNKNOWN,,,TEVA,wikidata,,PENDING
3,cmtkdvy4x1sxcnf2b93cyn46y,3,UNKNOWN,THE FRANKIE SHOP,3,,FASHION,,UNKNOWN,,,THE_FRANKIE_SHOP,,,PENDING
0,cmtlyf29g00bfqf5k3r33ienm,3,UNKNOWN,Tom Wood,3,tomwoodproject.com,RETAIL,,UNKNOWN,,,TOM_WOOD,manual,,PENDING
0,cmtrsctuv027dpg5m30dgnhu1,3,UNKNOWN,UNIQLO EUROPE LIMITED DENMARK BRANCH,3,,FASHION,,UNKNOWN,,,UNIQLO_EUROPE_LIMITED_DENMARK_BRANCH,,,PENDING
3,cmtkdw0yx1toonf2but44npz9,3,UNKNOWN,VALERIAN HUGHES PARIS,3,valerianhughes.com,FASHION,,UNKNOWN,,,VALERIAN_HUGHES_PARIS,manual,,PENDING
0,cmtlyfb8300iqqf5kk13pvuds,3,UNKNOWN,Wehkamp,3,wehkamp.nl,RETAIL,,UNKNOWN,,,WEHKAMP,wikidata,,PENDING
3,cmtlyfbdg00j3qf5kcmsvepi2,3,UNKNOWN,Wolf Lingerie,3,wolf-lingerie.com,FASHION,,UNKNOWN,,,WOLF_LINGERIE,wikidata,,PENDING
3,cmtpkwz1p59mppf5ljfnyi3dj,3,UNKNOWN,YVES ROCHER,3,yves-rocher.com,BEAUTY,,UNKNOWN,,Groupe Rocher,YVES_ROCHER,wikidata,,PENDING
2,cmtkdw0aw1tgrnf2bke9mhl7g,4,UNKNOWN,360 TALENT LONDON,2,360talentlondon.com,FASHION,,UNKNOWN,,,360_TALENT_LONDON,manual,,PENDING
2,cmtkdvxmi1sqsnf2bqyk4udiq,4,UNKNOWN,AGATHA,2,agatha.fr,JEWELRY_WATCHES,,UNKNOWN,,THOM Group,AGATHA,manual,,PENDING
0,cmtlyev9l004yqf5kbb6c49du,2,UNKNOWN,alpha industries,2,alphaindustries.eu,RETAIL,,UNKNOWN,,,ALPHA_INDUSTRIES,source-careers,,PENDING
2,cmtkdvwkd1sfwnf2bfqbhra29,2,UNKNOWN,ARABIAN OUD,2,,FASHION,,UNKNOWN,,,ARABIAN_OUD,,,PENDING
2,cmtkdvwyi1sjpnf2bh2d43ha5,2,UNKNOWN,ARLETTIE PARIS,2,arlettie.com,FASHION,,UNKNOWN,,,ARLETTIE_PARIS,manual,,PENDING
0,cmtlyevk20057qf5kgs31wn7d,2,UNKNOWN,ASKET,2,asket.com,RETAIL,,UNKNOWN,,,ASKET,manual,,PENDING
0,cmtlyevwq005gqf5k9zlmaszb,2,UNKNOWN,AXEL ARIGATO,2,axelarigato.com,RETAIL,,UNKNOWN,,,AXEL_ARIGATO,manual,,PENDING
0,cmtlyew3a005pqf5knzvlkkli,2,UNKNOWN,BELLA+CANVAS,2,bellacanvas.com,RETAIL,,UNKNOWN,,,BELLA_CANVAS,manual,,PENDING
0,cmtlyewfc005yqf5kknnxe42a,2,UNKNOWN,Bloom,2,,RETAIL,,UNKNOWN,,,BLOOM,,,PENDING
0,cmtlygfgf01xxqf5k8ny9a0yl,2,UNKNOWN,Chico's Outlet,2,chicos.com,RETAIL,,UNKNOWN,,,CHICO_S_OUTLET,manual,,PENDING
0,cmtrtc5oj3nbhpg5mdg9l4gze,2,UNKNOWN,Coach Consulting Dongguan,2,,RETAIL,,UNKNOWN,,,COACH_CONSULTING_DONGGUAN,,,PENDING
0,cmtrtc88u3o02pg5mr37q4bxh,2,UNKNOWN,Coach Management (Shanghai),2,,RETAIL,,UNKNOWN,,,COACH_MANAGEMENT_SHANGHAI,,,PENDING
0,cmtrsgqiw0mcrpg5mlauwn6i6,2,UNKNOWN,Condé Nast Taiwan Publications,2,,RETAIL,,UNKNOWN,,,CONDE_NAST_TAIWAN_PUBLICATIONS,,,PENDING
0,cmtrsq1op1r18pg5mpkzyfohk,2,UNKNOWN,Converse Korea,2,,RETAIL,,UNKNOWN,,,CONVERSE_KOREA,,,PENDING
2,cmtkdvupo1rshnf2b5mz54rmt,2,UNKNOWN,CREATIONS FUSALP,2,fusalp.com,FASHION,,UNKNOWN,,,CREATIONS_FUSALP,wikidata,,PENDING
0,cmtkh4iq611o8mn2b6gawe3qz,2,UNKNOWN,Dr.Jart+,2,drjart.com,BEAUTY,,UNKNOWN,,Estee Lauder,DR_JART,manual,,PENDING
2,cmtk1wuf7000pnv2bt7jfac3t,2,UNKNOWN,ERES,2,eres.fr,FASHION,,UNKNOWN,,,ERES,wikidata,,PENDING
2,cmtkdw13q1tq3nf2b0uw3elbs,2,UNKNOWN,EXE WORLDWIDE,2,,FASHION,,UNKNOWN,,,EXE_WORLDWIDE,,,PENDING
0,cmtlyewm30067qf5k28xyw353,2,UNKNOWN,Fay,2,,RETAIL,,UNKNOWN,,,FAY,,,PENDING
0,cmtk49ily1lzyny2b1ctj3ioy,2,UNKNOWN,Fenty,2,fenty.com,BEAUTY,,UNKNOWN,,LVMH,FENTY,wikidata,,PENDING
2,cmtkdvv5c1ryunf2b97b3chj5,2,UNKNOWN,Figaret,2,figaret.com,RETAIL,,UNKNOWN,,,FIGARET,wikidata,,PENDING
2,cmtkdvxn61sr0nf2bv93bmc7i,2,UNKNOWN,FRANCOISE,2,,FASHION,,UNKNOWN,,,FRANCOISE,,,PENDING
2,cmtpkwysl59kupf5ltt1dvyhx,2,UNKNOWN,FRENCH TEX,2,,FASHION,,UNKNOWN,,,FRENCH_TEX,,,PENDING
2,cmtkdvzmt1t9nnf2bfm84y91x,2,UNKNOWN,GAS BIJOUX,2,gasbijoux.com,JEWELRY_WATCHES,,UNKNOWN,,,GAS_BIJOUX,manual,,PENDING
0,cmtlyex0q006oqf5kkzb67rhl,2,UNKNOWN,Giga,2,,RETAIL,,UNKNOWN,,,GIGA,,,PENDING
2,cmtpkwyxn59ltpf5lq5vk2ing,2,UNKNOWN,GOYARD,2,goyard.com,LUXURY,,UNKNOWN,,,GOYARD,wikidata,,PENDING
2,cmtpyv4mn01gz3ncqigpri78n,2,UNKNOWN,Hast,2,hastparis.com,RETAIL,,UNKNOWN,,,HAST,manual,,PENDING
0,cmtlyex72006xqf5kqi8rs51d,2,UNKNOWN,HONE,2,honeywell.com,RETAIL,,UNKNOWN,,,HONE,wikidata,,PENDING
0,cmtlyexg10076qf5kqkafnciy,3,UNKNOWN,Indiska,2,indiska.com,RETAIL,,UNKNOWN,,,INDISKA,source-careers,,PENDING
1,cmtpz5jvv04xg3ncq4p1o4uik,2,UNKNOWN,Invisible Collection,2,theinvisiblecollection.com,RETAIL,,UNKNOWN,,,INVISIBLE_COLLECTION,manual,,PENDING
2,cmtp868om3rkqqq4z6mef2dsi,2,UNKNOWN,IRIDESCENCE BIJOUX,2,iridescence-bijoux.fr,JEWELRY_WATCHES,,UNKNOWN,,,IRIDESCENCE_BIJOUX,manual,,PENDING
2,cmtkdvy0b1svhnf2b0j2ruzkm,2,UNKNOWN,ISTITUTO MARANGONI PARIS,2,,FASHION,,UNKNOWN,,,ISTITUTO_MARANGONI_PARIS,,,PENDING
2,cmtptz8150061l35moynpiw97,2,UNKNOWN,J,2,,RETAIL,,UNKNOWN,,,J,,,PENDING
0,cmtrsegax0aqppg5mkzcxhot4,2,UNKNOWN,Jimmy Choo (Shanghai) Trading Co.,2,,RETAIL,,UNKNOWN,,,JIMMY_CHOO_SHANGHAI_TRADING_CO,,,PENDING
2,cmtkdvw5w1sb6nf2b5wzr2wr3,2,UNKNOWN,JULIETTE HAS A GUN,2,,BEAUTY,,UNKNOWN,,,JULIETTE_HAS_A_GUN,,,PENDING
0,cmtlyey5c007oqf5kmrdce6b0,3,UNKNOWN,Klättermusen,2,klattermusen.com,RETAIL,,UNKNOWN,,,KLATTERMUSEN,source-careers,,PENDING
0,cmtlyeyci007xqf5k9v1c5uv0,2,UNKNOWN,Knock Knock,2,,RETAIL,,UNKNOWN,,,KNOCK_KNOCK,,,PENDING
2,cmtpz2pqp03rw3ncqnt29j46j,2,UNKNOWN,Kymono,2,kymono.co,RETAIL,,UNKNOWN,,,KYMONO,manual,,PENDING
0,cmtlyeymn0086qf5k5gtx9ere,2,UNKNOWN,Lavish Alice,2,lavishalice.com,RETAIL,,UNKNOWN,,,LAVISH_ALICE,wikidata,,PENDING
2,cmtpz3hpj043b3ncqerxuyuhf,2,UNKNOWN,LEBEURRE,2,lma1880.com,RETAIL,,UNKNOWN,,,LEBEURRE,manual,,PENDING
2,cmtpkx0ca59qgpf5lohfivgwj,2,UNKNOWN,LEFTIES,2,lefties.com,FASHION,,UNKNOWN,,,LEFTIES,wikidata,,PENDING
2,cmtpz3owk045c3ncq3o4qjwas,2,UNKNOWN,Les Ateliers Autrement,2,ateliers-autrement.com,RETAIL,,UNKNOWN,,,LES_ATELIERS_AUTREMENT,manual,,PENDING
2,cmtpkx0ab59q1pf5lc6mahy5u,2,UNKNOWN,LE TEMPS DES CERISES,2,letempsdescerises.com,FASHION,,UNKNOWN,,,LE_TEMPS_DES_CERISES,wikidata,,PENDING
0,cmtlyez04008fqf5kjcl13lyw,2,UNKNOWN,Lexington,2,lexingtoncompany.com,RETAIL,,UNKNOWN,,,LEXINGTON,source-careers,,PENDING
2,cmtlyez4l008oqf5kvnv9cl9o,3,UNKNOWN,Louise Misha,2,louisemisha.com,RETAIL,,UNKNOWN,,,LOUISE_MISHA,manual,,PENDING
2,cmtkdvy8m1syinf2bzhu09kjb,2,UNKNOWN,LUMYA STUDIO,2,,FASHION,,UNKNOWN,,,LUMYA_STUDIO,,,PENDING
2,cmtpz3vmc048m3ncqjb6n1fff,2,UNKNOWN,MADNETWORK,2,,RETAIL,,UNKNOWN,,,MADNETWORK,,,PENDING
2,cmtpz3wkc04923ncqguqdiepd,2,UNKNOWN,Make My Lemonade,2,makemylemonade.com,RETAIL,,UNKNOWN,,,MAKE_MY_LEMONADE,manual,,PENDING
0,cmtlyezcj008xqf5ks3hwh8gv,2,UNKNOWN,Merz B. Schwanen,2,merzbschwanen.com,RETAIL,,UNKNOWN,,,MERZ_B_SCHWANEN,manual,,PENDING
0,cmtlyezzk0096qf5kif69oi6o,2,UNKNOWN,METHOD H L.A.,2,method-h-la.com,RETAIL,,UNKNOWN,,,METHOD_H_L_A,wikidata,,PENDING
0,cmtrsg8u30kd2pg5m8h440yoe,2,UNKNOWN,MGI Luxury Trading,2,,FASHION,,UNKNOWN,,,MGI_LUXURY_TRADING,,,PENDING
0,cmtpu3d9z0l02l35m78zr0vbh,2,UNKNOWN,MGS Distribution,2,,RETAIL,,UNKNOWN,,,MGS_DISTRIBUTION,,,PENDING
0,cmtrsmykb1e9lpg5m088rt2lj,2,UNKNOWN,Michael Kors (Czech Republic) s.r.o.,2,,RETAIL,,UNKNOWN,,,MICHAEL_KORS_CZECH_REPUBLIC_S_R_O,,,PENDING
0,cmtrsmvjw1d7xpg5m3q1moof5,2,UNKNOWN,Michael Kors (Hungary) Kft,2,,RETAIL,,UNKNOWN,,,MICHAEL_KORS_HUNGARY_KFT,,,PENDING
0,cmtrsmy6k1e4opg5mlkjczyoy,2,UNKNOWN,Michael Kors (Lithuania) U,2,,RETAIL,,UNKNOWN,,,MICHAEL_KORS_LITHUANIA_U,,,PENDING
0,cmtrsmwlc1dkcpg5mwpypniju,2,UNKNOWN,Michael Kors (Netherlands),2,,RETAIL,,UNKNOWN,,,MICHAEL_KORS_NETHERLANDS,,,PENDING
0,cmtrsmxz61e1upg5ma0fic7aq,2,UNKNOWN,Michael Kors (Poland) sp. z. o.o.,2,,RETAIL,,UNKNOWN,,,MICHAEL_KORS_POLAND_SP_Z_O_O,,,PENDING
0,cmtk48jpp1e4eny2bmt0x8uay,3,UNKNOWN,Moynat,2,moynat.com,FASHION,,UNKNOWN,,LVMH,MOYNAT,manual,,PENDING
0,cmtrsq1k01r00pg5m5623f24w,2,UNKNOWN,NIKE Malaysia,2,,RETAIL,,UNKNOWN,,,NIKE_MALAYSIA,,,PENDING
0,cmtrspzwm1qftpg5m3potji5s,2,UNKNOWN,NIKE Sourcing India Private,2,,RETAIL,,UNKNOWN,,,NIKE_SOURCING_INDIA_PRIVATE,,,PENDING
0,cmtlyf06m009fqf5kcjtuqdy6,2,UNKNOWN,NIKIN,2,nikin.ch,RETAIL,,UNKNOWN,,,NIKIN,manual,,PENDING
2,cmtkdvzeg1t7dnf2bi47pw33b,2,UNKNOWN,ODAEL,2,,FASHION,,UNKNOWN,,,ODAEL,,,PENDING
2,cmtkdvxx41sufnf2b1rgv1kd1,3,UNKNOWN,PACO RABANNE MODE,2,,FASHION,,UNKNOWN,,,PACO_RABANNE_MODE,,,PENDING
2,cmtke435r03yilp2bboffufjb,2,UNKNOWN,PARADE,2,parade-protection.com,FASHION,,UNKNOWN,,Groupe Eram,PARADE,manual,,PENDING
0,cmtlyf0g1009oqf5k9dm76ojx,2,UNKNOWN,Petrol Industries,2,petrolindustries.com,RETAIL,,UNKNOWN,,,PETROL_INDUSTRIES,source-careers,,PENDING
0,cmtlyf0nw009xqf5koft1d168,2,UNKNOWN,Piña,2,,RETAIL,,UNKNOWN,,,PINA,,,PENDING
2,cmtpw96kt4k50l35m5ickofp2,2,UNKNOWN,POIRAY,2,poiray.com,JEWELRY_WATCHES,,UNKNOWN,,,POIRAY,manual,,PENDING
2,cmtkdvyfy1t0snf2bgtnt9x0y,2,UNKNOWN,POSTURE FASHION AGENCY,2,,FASHION,,UNKNOWN,,,POSTURE_FASHION_AGENCY,,,PENDING
2,cmtp8686e3rh3qq4z7tykspax,2,UNKNOWN,PRADA,2,pradagroup.com,LUXURY,,UNKNOWN,,,PRADA,wikidata,,PENDING
2,cmtpkx0bb59q9pf5le0vx07cg,2,UNKNOWN,PROMOD - MAGASIN,2,promod.fr,FASHION,,UNKNOWN,,,PROMOD_MAGASIN,manual,,PENDING
2,cmtkdvztw1tc8nf2bvomrp7jo,2,UNKNOWN,PROTOTEXTILE,2,,FASHION,,UNKNOWN,,,PROTOTEXTILE,,,PENDING
2,cmtrup2zo4n0xpg5m00e2d0s0,2,UNKNOWN,REDLINE,2,,FASHION,,UNKNOWN,,,REDLINE,,,PENDING
0,cmtlyf0va00a6qf5ktzqtuofo,2,UNKNOWN,route one skin,2,routeoneskin.com,RETAIL,,UNKNOWN,,,ROUTE_ONE_SKIN,manual,,PENDING
0,cmtlyf15d00afqf5kkmggppyy,2,UNKNOWN,Sabon,2,sabon.fr,BEAUTY,,UNKNOWN,,Groupe Rocher,SABON,wikidata,,PENDING
0,cmtlyf1fg00aoqf5kzaxhccvm,2,UNKNOWN,Saffron,2,,RETAIL,,UNKNOWN,,,SAFFRON,,,PENDING
2,cmtm7ud6s1130pv5jovfzvdq6,2,UNKNOWN,Sarenza Studio,2,sarenza.com,RETAIL,,UNKNOWN,,,SARENZA_STUDIO,manual,,PENDING
2,cmtpkwydu59jupf5lu9u2aoxk,2,UNKNOWN,SHISEIDO,2,shiseido.com,BEAUTY,,UNKNOWN,,Shiseido Group,SHISEIDO,wikidata,,PENDING
2,cmtkdvus41rtlnf2bmzsytd4n,2,UNKNOWN,SIMONE A BORDEAUX,2,simoneabordeaux.com,RETAIL,,UNKNOWN,,,SIMONE_A_BORDEAUX,manual,,PENDING
0,cmtndwnrq01ihqq4z66sly7oj,2,UNKNOWN,Soma,2,soma.com,RETAIL,,UNKNOWN,,,SOMA,manual,,PENDING
2,cmtpz59yw04t43ncqitmdwtqx,2,UNKNOWN,STANDARD TEXTILE,2,standardtextile.com,FASHION,,UNKNOWN,,,STANDARD_TEXTILE,manual,,PENDING
0,cmtrsn8361epzpg5mx7kh2wan,2,UNKNOWN,"Swarovski AG, Triesen, Zweigniederlassung Männedorf",2,,JEWELRY_WATCHES,,UNKNOWN,,,SWAROVSKI_AG_TRIESEN_ZWEIGNIEDERLASSUNG_MANNEDORF,,,PENDING
0,cmtrsn85u1eqipg5m8g9bbiq0,2,UNKNOWN,Swarovski Ireland,2,,JEWELRY_WATCHES,,UNKNOWN,,,SWAROVSKI_IRELAND,,,PENDING
0,cmtrsn90x1eywpg5mapwtqe9y,2,UNKNOWN,Swarovski Manufacturing Vietnam,2,,JEWELRY_WATCHES,,UNKNOWN,,,SWAROVSKI_MANUFACTURING_VIETNAM,,,PENDING
0,cmtrsn86s1equpg5mreemkkdj,2,UNKNOWN,Swarovski Subotica DOO,2,,JEWELRY_WATCHES,,UNKNOWN,,,SWAROVSKI_SUBOTICA_DOO,,,PENDING
0,cmtrtc87u3nzupg5msxjy6c5r,2,UNKNOWN,Tapestry (Cambodia) Company,2,,RETAIL,,UNKNOWN,,,TAPESTRY_CAMBODIA_COMPANY,,,PENDING
0,cmtlyf1rt00axqf5ki70zmk2r,2,UNKNOWN,Taylor Stitch,2,taylorstitch.com,RETAIL,,UNKNOWN,,,TAYLOR_STITCH,manual,,PENDING
0,cmtpunkpu2m55l35me77g1x5r,2,UNKNOWN,THA- Levi Strauss (Thailand),2,levi.com,RETAIL,,UNKNOWN,,,THA_LEVI_STRAUSS_THAILAND,manual,,PENDING
2,cmtpz62nt058z3ncqqocbxdkj,2,UNKNOWN,Une Robe Un Soir,2,unerobeunsoir.com,RETAIL,,UNKNOWN,,,UNE_ROBE_UN_SOIR,manual,,PENDING
0,cmtrsctsr026jpg5mdx8mldgl,2,UNKNOWN,UNIQLO EUROPE LIMITED NETHERLANDS BRANCH,2,,FASHION,,UNKNOWN,,,UNIQLO_EUROPE_LIMITED_NETHERLANDS_BRANCH,,,PENDING
0,cmtrsctug0278pg5mlzn6i9g5,2,UNKNOWN,UNIQLO EUROPE LIMITED POLISH BRANCH,2,,FASHION,,UNKNOWN,,,UNIQLO_EUROPE_LIMITED_POLISH_BRANCH,,,PENDING
0,cmtrscttq026ypg5m0ogy3mh9,2,UNKNOWN,UNIQLO EUROPE LIMITED SWEDISH BRANCH,2,,FASHION,,UNKNOWN,,,UNIQLO_EUROPE_LIMITED_SWEDISH_BRANCH,,,PENDING
2,cmtkdvwju1sfonf2bhwfvc49o,2,UNKNOWN,VAILLANT STUDIO,2,,FASHION,,UNKNOWN,,,VAILLANT_STUDIO,,,PENDING
2,cmtkdvugb1ro7nf2b00w12jbk,3,UNKNOWN,VANESSA BRUNO,2,vanessabruno.com,FASHION,,UNKNOWN,,,VANESSA_BRUNO,wikidata,,PENDING
2,cmtp868o43rkiqq4zhga3pvg5,2,UNKNOWN,VARIOUS ARCHIVES,2,variousarchives.com,FASHION,,UNKNOWN,,,VARIOUS_ARCHIVES,manual,,PENDING
2,cmtpz67ru05b53ncqvo7e6dwb,2,UNKNOWN,Yade,2,yade-paris.com,RETAIL,,UNKNOWN,,,YADE,manual,,PENDING
1,cmtkdvzx21td0nf2bpm258lmx,1,UNKNOWN,58 FACETTES,1,58facettes.fr,FASHION,,UNKNOWN,,,58_FACETTES,manual,,PENDING
1,cmtkdvuel1rnnnf2ba6k0ky9j,1,UNKNOWN,AGNÈS B.,1,agnesb.com,FASHION,,UNKNOWN,,,AGNES_B,wikidata,,PENDING
1,cmtp868z33rnzqq4zjy1vwkng,1,UNKNOWN,AKHO,1,,FASHION,,UNKNOWN,,,AKHO,,,PENDING
1,cmtkdw0l91tk1nf2bns84n4tr,1,UNKNOWN,ALBYA,1,,FASHION,,UNKNOWN,,,ALBYA,,,PENDING
1,cmtpyrti4002p3ncq64cyetrk,1,UNKNOWN,Amantys,1,amantys.fr,RETAIL,,UNKNOWN,,,AMANTYS,manual,,PENDING
0,cmtrsq0h61qmfpg5mkmceemxm,1,UNKNOWN,American Converse,1,,RETAIL,,UNKNOWN,,,AMERICAN_CONVERSE,,,PENDING
1,cmtkdvup61rs5nf2baqharc22,1,UNKNOWN,AMOREPACIFIC,1,amorepacific.com,FASHION,,UNKNOWN,,,AMOREPACIFIC,wikidata,,PENDING
1,cmtkdw12j1tpnnf2bb9ch9kcd,1,UNKNOWN,ATELIER 19.6,1,atelier19six.com,FASHION,,UNKNOWN,,,ATELIER_19_6,manual,,PENDING
1,cmtp868ys3rnvqq4z7cf8do74,1,UNKNOWN,ATELIER DIANA MARTINEZ,1,,FASHION,,UNKNOWN,,,ATELIER_DIANA_MARTINEZ,,,PENDING
1,cmtkdvzxf1td4nf2bna3s85fp,1,UNKNOWN,AXENTIA,1,,FASHION,,UNKNOWN,,,AXENTIA,,,PENDING
0,cmtlyejok0005qf5kw1u6ovvk,1,UNKNOWN,Bellabeat,1,bellabeat.com,RETAIL,,UNKNOWN,,,BELLABEAT,wikidata,,PENDING
0,cmtlyejvw000aqf5kiysof0wm,1,UNKNOWN,BERNADETTE,1,bernadetteantwerp.com,RETAIL,,UNKNOWN,,,BERNADETTE,manual,,PENDING
0,cmtlyek3h000fqf5k6s23u0ze,1,UNKNOWN,Blacks,1,blackstone.com,RETAIL,,UNKNOWN,,,BLACKS,wikidata,,PENDING
1,cmtpystqz00jv3ncqf1u3mcyq,1,UNKNOWN,Blissim,1,blissim.fr,RETAIL,,UNKNOWN,,,BLISSIM,manual,,PENDING
1,cmtkdw0361tf0nf2birz84kkt,2,UNKNOWN,BLUE BOX,1,blue-box.fr,FASHION,,UNKNOWN,,,BLUE_BOX,wikidata,,PENDING
1,cmtpystyv00k03ncqkpybv0gh,1,UNKNOWN,Bogoods,1,,RETAIL,,UNKNOWN,,,BOGOODS,,,PENDING
0,cmtrsffg50guzpg5myc3qlde9,1,UNKNOWN,Broporma Retail Portugal,1,,RETAIL,,UNKNOWN,,,BROPORMA_RETAIL_PORTUGAL,,,PENDING
0,cmtrse83509ucpg5m4nbn95x7,1,UNKNOWN,BRUNELLO CUCINELLI (MACAU) FASHION,1,,FASHION,,UNKNOWN,,,BRUNELLO_CUCINELLI_MACAU_FASHION,,,PENDING
1,cmtkdvy851syenf2bskkudv9r,1,UNKNOWN,BRUN STUDIO - ARTIST DESIGNER,1,,FASHION,,UNKNOWN,,,BRUN_STUDIO_ARTIST_DESIGNER,,,PENDING
1,cmtpys46400723ncqe1sx61p5,1,UNKNOWN,Brut Clothing,1,brut-clothing.com,RETAIL,,UNKNOWN,,,BRUT_CLOTHING,manual,,PENDING
1,cmtkdw17j1trcnf2btvinbjwg,2,UNKNOWN,C&A,1,c-and-a.com,FASHION,,UNKNOWN,,,C_AND_A,wikidata,,PENDING
1,cmtpysv6j00km3ncq50dc3cg0,1,UNKNOWN,Call It By Your Name,1,callitbyyourname.fr,RETAIL,,UNKNOWN,,,CALL_IT_BY_YOUR_NAME,manual,,PENDING
0,cmtrsfvyy0j3epg5m7f6mxp3h,1,UNKNOWN,Canada Goose EU B.V. UK Branch,1,,RETAIL,,UNKNOWN,,,CANADA_GOOSE_EU_B_V_UK_BRANCH,,,PENDING
0,cmtrsfvx50j22pg5m7kxvxtui,1,UNKNOWN,"Canada Goose HK Limited, Macau Branch",1,,RETAIL,,UNKNOWN,,,CANADA_GOOSE_HK_LIMITED_MACAU_BRANCH,,,PENDING
0,cmtrsfv6d0iowpg5m4llcg0v0,1,UNKNOWN,Canada Goose Retail Denmark ApS,1,,RETAIL,,UNKNOWN,,,CANADA_GOOSE_RETAIL_DENMARK_APS,,,PENDING
0,cmtrsfven0islpg5mcf6ha3or,1,UNKNOWN,"Canada Goose Services Limited, Paris Branch",1,,RETAIL,,UNKNOWN,,,CANADA_GOOSE_SERVICES_LIMITED_PARIS_BRANCH,,,PENDING
0,cmtrsfv4u0io4pg5m1t8mntqw,1,UNKNOWN,"Canada Goose UK Retail Limited, Ireland Branch",1,,RETAIL,,UNKNOWN,,,CANADA_GOOSE_UK_RETAIL_LIMITED_IRELAND_BRANCH,,,PENDING
1,cmtpw96hg4k4dl35mhmmk4slt,1,UNKNOWN,CARVEN,1,carven.com,FASHION,,UNKNOWN,,,CARVEN,manual,,PENDING
1,cmtkdvy5q1sxknf2bt8tuhwni,1,UNKNOWN,CÉLESTE MOGADOR,1,,FASHION,,UNKNOWN,,,CELESTE_MOGADOR,,,PENDING
0,cmtpj2gm714b2pf5lt635jg84,1,UNKNOWN,Certina,1,certina.com,RETAIL,,UNKNOWN,,,CERTINA,wikidata,,PENDING
0,cmtk496501j81ny2b9b8jgyer,1,UNKNOWN,Chandon,1,chandon.com,LUXURY,,UNKNOWN,,,CHANDON,manual,,PENDING
0,cmtlyekdh000kqf5k235x5km4,1,UNKNOWN,Chisholm Hunter,1,chisholmhunter.co.uk,RETAIL,,UNKNOWN,,,CHISHOLM_HUNTER,wikidata,,PENDING
0,cmtlyenhc000pqf5kwscvbdhl,1,UNKNOWN,Chrome,1,chromeindustries.com,RETAIL,,UNKNOWN,,,CHROME,source-careers,,PENDING
1,cmtnac1rq2smgqq5l9m0c9puq,1,UNKNOWN,CITIZENS OF HUMANITY,1,citizensofhumanity.com,JEWELRY_WATCHES,,UNKNOWN,,,CITIZENS_OF_HUMANITY,manual,,PENDING
0,cmtlyeno8000uqf5k6th92oke,1,UNKNOWN,City Beauty,1,citybeauty.com,BEAUTY,,UNKNOWN,,,CITY_BEAUTY,wikidata,,PENDING
1,cmtpkx0pr59sqpf5lfz0vxtaf,1,UNKNOWN,CLAIRE'S,1,claires.com,FASHION,,UNKNOWN,,,CLAIRE_S,wikidata,,PENDING
0,cmtrtcg0g3q1mpg5ma1thlkre,1,UNKNOWN,Coach Leatherware India Private,1,,RETAIL,,UNKNOWN,,,COACH_LEATHERWARE_INDIA_PRIVATE,,,PENDING
0,cmtrtchsy3qjjpg5mt5rzti8m,1,UNKNOWN,Coach New Zealand,1,,RETAIL,,UNKNOWN,,,COACH_NEW_ZEALAND,,,PENDING
0,cmtrsgqhl0mbxpg5m7rat0xsy,1,UNKNOWN,"Conde Nast de México, S.A. de C.V.",1,,RETAIL,,UNKNOWN,,,CONDE_NAST_DE_MEXICO_S_A_DE_C_V,,,PENDING
0,cmtrsgqb10m8apg5mci2jrzoa,1,UNKNOWN,Condé Nast Digital Taiwan,1,,RETAIL,,UNKNOWN,,,CONDE_NAST_DIGITAL_TAIWAN,,,PENDING
1,cmtp868px3rlaqq4z2ltmpmk7,1,UNKNOWN,CONSCIOUS LOVE,1,,FASHION,,UNKNOWN,,,CONSCIOUS_LOVE,,,PENDING
1,cmtkdvyh41t1cnf2bwghkhpg0,1,UNKNOWN,COUTURE & RETAIL CAMÉLÉONS RH,1,,FASHION,,UNKNOWN,,,COUTURE_AND_RETAIL_CAMELEONS_RH,,,PENDING
0,cmtlyenya000zqf5k2brvb2pd,1,UNKNOWN,Cove,1,,RETAIL,,UNKNOWN,,,COVE,,,PENDING
0,cmtpj2jho15bvpf5l0grcvf65,1,UNKNOWN,CPK Swatch Group,1,swatchgroup.com,JEWELRY_WATCHES,,UNKNOWN,,,CPK_SWATCH_GROUP,manual,,PENDING
1,cmtp868zy3rofqq4zrmuqlmk5,1,UNKNOWN,CROSSMODE PARIS,1,,FASHION,,UNKNOWN,,,CROSSMODE_PARIS,,,PENDING
0,cmtlyeo5b0014qf5kj093s97h,1,UNKNOWN,Cuyana,1,cuyana.com,RETAIL,,UNKNOWN,,,CUYANA,manual,,PENDING
0,cmtlyeoft0019qf5ksb60zdxo,1,UNKNOWN,Cynthia Rowley,1,cynthiarowley.com,RETAIL,,UNKNOWN,,,CYNTHIA_ROWLEY,wikidata,,PENDING
1,cmtkdw0rv1tm8nf2bb825qxri,1,UNKNOWN,DEELUXE,1,deeluxe.fr,FASHION,,UNKNOWN,,,DEELUXE,manual,,PENDING
0,cmtnac1py2slpqq5lh2i6um91,1,UNKNOWN,DEVRED 1902,1,devred.com,FASHION,,UNKNOWN,,,DEVRED_1902,wikidata,,PENDING
1,cmtkdvxw01su3nf2but3bkw0q,1,UNKNOWN,DINH VAN,1,,JEWELRY_WATCHES,,UNKNOWN,,,DINH_VAN,,,PENDING
1,cmtkdvyuw1t4mnf2bpbim5cwq,1,UNKNOWN,DINH VAN PARIS,1,dinhvan.com,JEWELRY_WATCHES,,UNKNOWN,,,DINH_VAN_PARIS,manual,,PENDING
0,cmtlyeon9001eqf5kzysaa48a,1,UNKNOWN,dna,1,dna.fi,RETAIL,,UNKNOWN,,,DNA,wikidata,,PENDING
1,cmtkdvylj1t2nnf2bns1q360w,1,UNKNOWN,DO YOU SPEAK FRANÇAIS ?,1,,FASHION,,UNKNOWN,,,DO_YOU_SPEAK_FRANCAIS,,,PENDING
1,cmtlynuc70j6zqf5k49qoc6wk,1,UNKNOWN,DRESCO,1,dresco.fr,RETAIL,,UNKNOWN,,,DRESCO,manual,,PENDING
0,cmtrsnc3u1fw0pg5mpx5w7aen,1,UNKNOWN,DSW Kristall AG & Co KG,1,,RETAIL,,UNKNOWN,,,DSW_KRISTALL_AG_AND_CO_KG,,,PENDING
1,cmtkdw05t1tfwnf2bbaq97jqn,1,UNKNOWN,DUMEBI,1,,FASHION,,UNKNOWN,,,DUMEBI,,,PENDING
0,cmtlyeoud001jqf5kc85228vo,1,UNKNOWN,éclipse,1,,RETAIL,,UNKNOWN,,,ECLIPSE,,,PENDING
1,cmtrup3ob4n99pg5mrrljc38t,1,UNKNOWN,ELLE,1,,FASHION,,UNKNOWN,,,ELLE,,,PENDING
1,cmtkdw0li1tk5nf2bai9y64y1,1,UNKNOWN,ELSA SCHIAPARELLI,1,schiaparelli.com,FASHION,,UNKNOWN,,,ELSA_SCHIAPARELLI,wikidata,,PENDING
1,cmtkdvy131svtnf2b9xjx7akf,1,UNKNOWN,ETERNEL PARISIEN,1,,FASHION,,UNKNOWN,,,ETERNEL_PARISIEN,,,PENDING
1,cmtpw96do4k3nl35mii9jtnaj,1,UNKNOWN,FAIR FASHION AGENT,1,,FASHION,,UNKNOWN,,,FAIR_FASHION_AGENT,,,PENDING
1,cmtkdvutv1rudnf2biteg22ga,4,UNKNOWN,FASHION EXPERT,1,,FASHION,,UNKNOWN,,,FASHION_EXPERT,,,PENDING
1,cmtp868vn3rmyqq4zr6do6jh6,1,UNKNOWN,FATHER AND SONS,1,fatherandsons.fr,FASHION,,UNKNOWN,,,FATHER_AND_SONS,manual,,PENDING
0,cmtp523092cz6qq4zsjbz9woy,1,UNKNOWN,FHH,1,hautehorlogerie.org,RETAIL,,UNKNOWN,,,FHH,manual,,PENDING
0,cmtlyep1y001oqf5kmwwss0kn,1,UNKNOWN,Fjällräven,1,fjallraven.com,RETAIL,,UNKNOWN,,,FJALLRAVEN,source-careers,,PENDING
0,cmtpj2jkt15cspf5lmyf0m6b0,1,UNKNOWN,Flik Flak,1,flikflak.com,RETAIL,,UNKNOWN,,,FLIK_FLAK,wikidata,,PENDING
1,cmtpyugfx01713ncq2gq28pv8,1,UNKNOWN,FRNCH,1,frnch.fr,RETAIL,,UNKNOWN,,,FRNCH,manual,,PENDING
1,cmtpkx0g459rcpf5l7ijhrer1,1,UNKNOWN,GALDERMA,1,galderma.com,FASHION,,UNKNOWN,,,GALDERMA,wikidata,,PENDING
0,cmtk48jzo1e83ny2bro9eaeb8,5,UNKNOWN,Glenmorangie,1,glenmorangie.com,LUXURY,,UNKNOWN,,,GLENMORANGIE,manual,,PENDING
0,cmtlyep9y001tqf5k2m002yw8,1,UNKNOWN,Groundies,1,groundies.com,RETAIL,,UNKNOWN,,,GROUNDIES,wikidata,,PENDING
1,cmtkdvwzj1sk4nf2bc9qilm0t,4,UNKNOWN,GUESS,1,guess.com,FASHION,,UNKNOWN,,,GUESS,wikidata,,PENDING
0,cmtpj2j01155rpf5lqnl6h7hz,1,UNKNOWN,Hamilton,1,hamiltonwatch.com,RETAIL,,UNKNOWN,,,HAMILTON,manual,,PENDING
0,cmtlyepmq001yqf5k9vuzx4go,1,UNKNOWN,Innisfree,1,innisfree.co.kr,RETAIL,,UNKNOWN,,,INNISFREE,wikidata,,PENDING
0,cmtpu3w370nlgl35mwoziubpq,1,UNKNOWN,Interculture Total Media Service,1,,RETAIL,,UNKNOWN,,,INTERCULTURE_TOTAL_MEDIA_SERVICE,,,PENDING
1,cmtpz11xf02yt3ncqlxog52yz,1,UNKNOWN,Inuwet,1,inuwet.com,RETAIL,,UNKNOWN,,,INUWET,manual,,PENDING
1,cmtpz127v02yy3ncqo8zgczgv,1,UNKNOWN,ISOTONER,1,isotoner.fr,RETAIL,,UNKNOWN,,,ISOTONER,manual,,PENDING
0,cmtpu1jsf0apdl35mk04nxxgf,1,UNKNOWN,Itachoo,1,,RETAIL,,UNKNOWN,,,ITACHOO,,,PENDING
0,cmtlyepx70023qf5kvs9hngwv,1,UNKNOWN,It's Fashion,1,itsfashions.com,FASHION,,UNKNOWN,,,IT_S_FASHION,wikidata,,PENDING
1,cmtkdvuyp1rw6nf2b3qcsj9pn,1,UNKNOWN,IZAC,1,izac.fr,FASHION,,UNKNOWN,,,IZAC,wikidata,,PENDING
1,cmtp8690h3ronqq4zwaz2fx4l,1,UNKNOWN,JACK GOMME,1,jackgomme.com,FASHION,,UNKNOWN,,,JACK_GOMME,manual,,PENDING
1,cmtkdvyxg1t5jnf2bcibg8md1,1,UNKNOWN,JAMINI,1,,FASHION,,UNKNOWN,,,JAMINI,,,PENDING
0,cmtrseg7x0aplpg5m8zdf9l2f,1,UNKNOWN,J Choo (Switzerland),1,,RETAIL,,UNKNOWN,,,J_CHOO_SWITZERLAND,,,PENDING
1,cmtm7ud90113spv5j3puy2q4l,1,UNKNOWN,Jennyfer,1,jennyfer.com,RETAIL,,UNKNOWN,,,JENNYFER,manual,,PENDING
1,cmtlyeq2y0028qf5khgaakw4k,1,UNKNOWN,Jérôme Dreyfuss,1,jerome-dreyfuss.com,RETAIL,,UNKNOWN,,,JEROME_DREYFUSS,manual,,PENDING
0,cmtpu1jq90ao8l35mi3a8soo6,1,UNKNOWN,Jimmy Choo,1,jimmychoo.com,RETAIL,,UNKNOWN,,,JIMMY_CHOO,manual,,PENDING
0,cmtrsefvu0ajlpg5ma78q6ri1,1,UNKNOWN,Jimmy Choo Florence,1,,RETAIL,,UNKNOWN,,,JIMMY_CHOO_FLORENCE,,,PENDING
0,cmtrsefu30aicpg5mgrvto2e7,1,UNKNOWN,Jimmy Choo Hungary KFT,1,,RETAIL,,UNKNOWN,,,JIMMY_CHOO_HUNGARY_KFT,,,PENDING
1,cmtkdvy481sx0nf2b59zo3txa,1,UNKNOWN,JM.ATELSON,1,,FASHION,,UNKNOWN,,,JM_ATELSON,,,PENDING
0,cmtkdvy7k1sy6nf2bk4odsuwu,1,UNKNOWN,JULES & JENN,1,,FASHION,,UNKNOWN,,,JULES_AND_JENN,,,PENDING
1,cmtpul3f72blvl35mj7oc58ov,1,UNKNOWN,Kering Beaute,1,kering.com,LUXURY,,UNKNOWN,,,KERING_BEAUTE,manual,,PENDING
1,cmtpz1ar3032y3ncqnh0c7hxu,1,UNKNOWN,Kerzon,1,kerzon.paris,RETAIL,,UNKNOWN,,,KERZON,manual,,PENDING
0,cmtlyeqdv002dqf5kb8jj1p9z,1,UNKNOWN,Kidzart,1,,RETAIL,,UNKNOWN,,,KIDZART,,,PENDING
1,cmtp868vg3rmuqq4z150o1s59,1,UNKNOWN,KSI MODE,1,ks-groupe.com,FASHION,,UNKNOWN,,,KSI_MODE,manual,,PENDING
1,cmtrup1wv4mrbpg5m25zfncj1,1,UNKNOWN,LAB DIP,1,,FASHION,,UNKNOWN,,,LAB_DIP,,,PENDING
1,cmtpz3a4804053ncq55lvnzdj,1,UNKNOWN,Laboté,1,labote.com,RETAIL,,UNKNOWN,,,LABOTE,manual,,PENDING
1,cmtkdw05g1tfsnf2bsrl8uhnq,2,UNKNOWN,LA BRUNE ET LA BLONDE,1,labruneetlablonde.com,FASHION,,UNKNOWN,,,LA_BRUNE_ET_LA_BLONDE,manual,,PENDING
1,cmtm9jv7m1yo7pv5j3tr8q3gz,1,UNKNOWN,Lab Series,1,labseries.com,BEAUTY,,UNKNOWN,,Estee Lauder,LAB_SERIES,wikidata,,PENDING
1,cmtpw96kd4k4wl35mg0lw9202,1,UNKNOWN,LA MODE VINTAGE,1,,FASHION,,UNKNOWN,,,LA_MODE_VINTAGE,,,PENDING
1,cmtkdvurw1rthnf2b8qwacb78,2,UNKNOWN,LANVIN,1,lanvin.com,FASHION,,UNKNOWN,,,LANVIN,wikidata,,PENDING
1,cmtkdw0141tecnf2bjamzjotg,1,UNKNOWN,LA RÉPONSE D,1,,FASHION,,UNKNOWN,,,LA_REPONSE_D,,,PENDING
0,cmtpj2gsr14dkpf5ls9l548mc,1,UNKNOWN,Lascor,1,,RETAIL,,UNKNOWN,,,LASCOR,,,PENDING
1,cmtkdw13f1tpznf2bkuzfx1cy,1,UNKNOWN,LAURE DE SAGAZAN,1,lauredesagazan.fr,FASHION,,UNKNOWN,,,LAURE_DE_SAGAZAN,manual,,PENDING
1,cmtkdw0sl1tmgnf2b0zlevsmx,1,UNKNOWN,LAURENCE BRAS,1,laurencebras.com,FASHION,,UNKNOWN,,,LAURENCE_BRAS,manual,,PENDING
1,cmtp868xg3rngqq4ztaue6dkx,1,UNKNOWN,LE COQ SPORTIF,1,lecoqsportif.com,FASHION,,UNKNOWN,,,LE_COQ_SPORTIF,wikidata,,PENDING
1,cmtkdvvtj1s7lnf2bo95yg5p5,1,UNKNOWN,LEMAIRE,1,lemaire.fr,FASHION,,UNKNOWN,,,LEMAIRE,manual,,PENDING
0,cmtlyeqlf002iqf5ke01ref2u,1,UNKNOWN,LERROS,1,lerros.com,RETAIL,,UNKNOWN,,,LERROS,manual,,PENDING
1,cmtkdvzfu1t7snf2bayrckjm0,1,UNKNOWN,LESAGE PARIS,1,lesage-paris.com,FASHION,,UNKNOWN,,,LESAGE_PARIS,manual,,PENDING
1,cmtk1wtu60000nv2bu7ldtw3l,1,UNKNOWN,Le Slip Français,1,leslipfrancais.fr,FASHION,,UNKNOWN,,,LE_SLIP_FRANCAIS,wikidata,,PENDING
1,cmtkdvy381swpnf2bfeu4pym4,1,UNKNOWN,L'HOMME INVISIBLE,1,,FASHION,,UNKNOWN,,,L_HOMME_INVISIBLE,,,PENDING
1,cmtkdvy4n1sx8nf2bvxwv79tb,1,UNKNOWN,LIPAULT (GROUPE SAMSONITE),1,,FASHION,,UNKNOWN,,,LIPAULT_GROUPE_SAMSONITE,,,PENDING
1,cmtlynuf50j7rqf5kwlmp66le,1,UNKNOWN,LOG XL,1,,RETAIL,,UNKNOWN,,,LOG_XL,,,PENDING
0,cmtlyer4c002rqf5k71c1cftw,1,UNKNOWN,Löplabbet,1,,RETAIL,,UNKNOWN,,,LOPLABBET,,,PENDING
1,cmtkdvzq11tavnf2bkvbw63up,1,UNKNOWN,LUNAS,1,lunasfrance.fr,FASHION,,UNKNOWN,,,LUNAS,manual,,PENDING
0,cmtpu5xu50ylbl35mf7yal6t3,1,UNKNOWN,Lynch DC / Cust Care J.Crew,1,jcrew.com,RETAIL,,UNKNOWN,,,LYNCH_DC_CUST_CARE_J_CREW,manual,,PENDING
1,cmtkdvy7s1syanf2be6gcepur,1,UNKNOWN,MAISON BM,1,,FASHION,,UNKNOWN,,,BM,,,PENDING
1,cmtkdvyhn1t1gnf2bfb5inlv1,1,UNKNOWN,MAISON MONTAGUT,1,,FASHION,,UNKNOWN,,,MONTAGUT,,,PENDING
0,cmtrt7meu2xurpg5mtvjhy3qx,1,UNKNOWN,MANGO BULGARIA EOOD,1,,FASHION,,UNKNOWN,,,MANGO_BULGARIA_EOOD,,,PENDING
0,cmtrt7itx2wkkpg5mvv7wmscl,1,UNKNOWN,MANGO BULGARIA EOOD (EUR),1,,FASHION,,UNKNOWN,,,MANGO_BULGARIA_EOOD_EUR,,,PENDING
0,cmtrt7lc42xh9pg5myoiuwl6c,1,UNKNOWN,MANGO DANMARK APS,1,,FASHION,,UNKNOWN,,,MANGO_DANMARK_APS,,,PENDING
0,cmtn8951b201pqq5lkkbmq6gw,5,UNKNOWN,"MANGO MNG, S.A.",1,mango.com,FASHION,,UNKNOWN,,,MANGO_MNG_S_A,wikidata,,PENDING
0,cmtrt7lgl2xj6pg5m5azkzdpu,1,UNKNOWN,MANGO NORGE A.S.,1,,FASHION,,UNKNOWN,,,MANGO_NORGE_A_S,,,PENDING
0,cmtrt7m602xrtpg5mh8ep2dtu,1,UNKNOWN,"MANGO SLOVENSKO, s.r.o.",1,,FASHION,,UNKNOWN,,,MANGO_SLOVENSKO_S_R_O,,,PENDING
0,cmtrt7jrc2wwdpg5m1wm8vi25,1,UNKNOWN,MANGO UKRAINE TOV,1,,FASHION,,UNKNOWN,,,MANGO_UKRAINE_TOV,,,PENDING
1,cmtkdw04k1tfgnf2b0ya3jxzl,1,UNKNOWN,MANG PRODUCTION,1,mangproduction.com,FASHION,,UNKNOWN,,,MANG_PRODUCTION,manual,,PENDING
1,cmtpz3ylw04a63ncqroyshtdk,1,UNKNOWN,MARTHA,1,martha.paris,RETAIL,,UNKNOWN,,,MARTHA,manual,,PENDING
1,cmtkdw1a51ts3nf2btqrq8c49,1,UNKNOWN,MAX MARA,1,,FASHION,,UNKNOWN,,,MAX_MARA,,,PENDING
0,cmtrsg8vx0kefpg5mtr1luusj,1,UNKNOWN,MGI Distribution Pte,1,,RETAIL,,UNKNOWN,,,MGI_DISTRIBUTION_PTE,,,PENDING
0,cmtrsga0s0kyipg5mezh40h78,1,UNKNOWN,MGI Luxury Malaysia Bhd,1,,FASHION,,UNKNOWN,,,MGI_LUXURY_MALAYSIA_BHD,,,PENDING
0,cmtrsmw131ddppg5mqmsergba,1,UNKNOWN,Michael Kors (Bucharest Stores),1,,RETAIL,,UNKNOWN,,,MICHAEL_KORS_BUCHAREST_STORES,,,PENDING
0,cmtrsmzbp1ej8pg5m6tj5xdhw,1,UNKNOWN,Michael Kors (HongKong),1,,RETAIL,,UNKNOWN,,,MICHAEL_KORS_HONGKONG,,,PENDING
0,cmtrsmwmj1dkspg5m6q4p5x9r,1,UNKNOWN,Michael Kors (Sweden),1,,RETAIL,,UNKNOWN,,,MICHAEL_KORS_SWEDEN,,,PENDING
0,cmtrsmxk11dwepg5moe5hhgkj,1,UNKNOWN,Michael Kors Yuhanhoe,1,,RETAIL,,UNKNOWN,,,MICHAEL_KORS_YUHANHOE,,,PENDING
0,cmtpj2hvd14rcpf5lux514kfh,1,UNKNOWN,Micro Crystal,1,swatchgroup.com,RETAIL,,UNKNOWN,,,MICRO_CRYSTAL,manual,,PENDING
1,cmtp868hc3rivqq4zf7lktov5,1,UNKNOWN,MIDNIGHT THEORY,1,,FASHION,,UNKNOWN,,,MIDNIGHT_THEORY,,,PENDING
1,cmtp868zr3robqq4z6ubcm4n7,1,UNKNOWN,MIMI & COOKIE,1,mimiandcookie.com,FASHION,,UNKNOWN,,,MIMI_AND_COOKIE,manual,,PENDING
1,cmtkdvzpp1tarnf2bv5wtdbxo,1,UNKNOWN,MIRA BELLEPARIS,1,mira-belle.fr,FASHION,,UNKNOWN,,,MIRA_BELLEPARIS,manual,,PENDING
1,cmtpw96v64k7el35m53n2f1ce,1,UNKNOWN,MODELOR,1,modelor.fr,FASHION,,UNKNOWN,,,MODELOR,manual,,PENDING
1,cmtkdw0dv1thtnf2bwq90fpar,1,UNKNOWN,MODESIGN,1,,FASHION,,UNKNOWN,,,MODESIGN,,,PENDING
1,cmtlyer8c002wqf5kxyjfg4sv,1,UNKNOWN,MoEa,1,moea.io,RETAIL,,UNKNOWN,,,MOEA,manual,,PENDING
0,cmtpj2inp150vpf5lhqvz0rq3,1,UNKNOWN,MOM Le Prélet,1,swatchgroup.com,RETAIL,,UNKNOWN,,,MOM_LE_PRELET,manual,,PENDING
1,cmtrup2gm4mw2pg5msl9kb7zl,1,UNKNOWN,MOSSI,1,,FASHION,,UNKNOWN,,,MOSSI,,,PENDING
0,cmtlyerhl0031qf5khxg5jubg,1,UNKNOWN,Motel,1,motelrocks.com,RETAIL,,UNKNOWN,,,MOTEL,source-careers,,PENDING
0,cmtlypqm80lalqf5k0vf3uydw,1,UNKNOWN,Movado,1,movado.com,RETAIL,,UNKNOWN,,,MOVADO,source-careers,,PENDING
0,cmtrsg96r0kkypg5m3bzak14r,1,UNKNOWN,Movado Group Deutchland,1,,RETAIL,,UNKNOWN,,,MOVADO_GROUP_DEUTCHLAND,,,PENDING
0,cmtrsg9rd0kuvpg5mfhlrttu5,1,UNKNOWN,Movado Group España S.L.U.,1,,RETAIL,,UNKNOWN,,,MOVADO_GROUP_ESPANA_S_L_U,,,PENDING
0,cmtrsg9io0kq0pg5mdan8x7zw,1,UNKNOWN,Movado Group of Canada Inc. (Retail),1,,RETAIL,,UNKNOWN,,,MOVADO_GROUP_OF_CANADA_INC_RETAIL,,,PENDING
1,cmtp868y43rnoqq4zl4ymbpau,1,UNKNOWN,MPTW INTERNATIONAL,1,,FASHION,,UNKNOWN,,,MPTW_INTERNATIONAL,,,PENDING
1,cmtkdvzz91tdsnf2bdh98logm,1,UNKNOWN,MUM OF,1,mumof.com,FASHION,,UNKNOWN,,,MUM_OF,manual,,PENDING
0,cmtlyerss0036qf5k9zsq1hgj,1,UNKNOWN,MVMT,1,mvmtwatches.com,RETAIL,,UNKNOWN,,,MVMT,wikidata,,PENDING
1,cmtrup2bo4muhpg5m0gvq0etc,1,UNKNOWN,MYLO CONCEPT,1,,FASHION,,UNKNOWN,,,MYLO_CONCEPT,,,PENDING
0,cmtrsfflo0gwtpg5mwdtxf1g6,1,UNKNOWN,New Balance Athletics,1,,RETAIL,,UNKNOWN,,,NEW_BALANCE_ATHLETICS,,,PENDING
0,cmtrsff960gsjpg5m6k30tpa5,1,UNKNOWN,New Balance Belgium Retail BVBA,1,,RETAIL,,UNKNOWN,,,NEW_BALANCE_BELGIUM_RETAIL_BVBA,,,PENDING
0,cmtrsq1pv1r1lpg5mfxgjvf8l,1,UNKNOWN,Nike 360 (Hong Kong),1,,RETAIL,,UNKNOWN,,,NIKE_360_HONG_KONG,,,PENDING
0,cmtrsq1hq1qz5pg5mszphy6me,1,UNKNOWN,NIKE Brasil Marketing,1,,RETAIL,,UNKNOWN,,,NIKE_BRASIL_MARKETING,,,PENDING
0,cmtrsq3yz1rtkpg5magqtxpvt,1,UNKNOWN,Nike China Holding HK Limited (Macau Branch),1,,RETAIL,,UNKNOWN,,,NIKE_CHINA_HOLDING_HK_LIMITED_MACAU_BRANCH,,,PENDING
0,cmtrsq2nr1re1pg5muhoc60gp,1,UNKNOWN,NIKE Retail B.V. Norway,1,,RETAIL,,UNKNOWN,,,NIKE_RETAIL_B_V_NORWAY,,,PENDING
0,cmtrsq0401qibpg5mfn8osilk,1,UNKNOWN,NIKE Retail Denmark,1,,RETAIL,,UNKNOWN,,,NIKE_RETAIL_DENMARK,,,PENDING
0,cmtrsq1f21qy7pg5mhe9r1gpm,1,UNKNOWN,NIKE Retail Hungary,1,,RETAIL,,UNKNOWN,,,NIKE_RETAIL_HUNGARY,,,PENDING
0,cmtrsq2711r7spg5mv34u3yy9,1,UNKNOWN,NIKE Retail Portugal,1,,RETAIL,,UNKNOWN,,,NIKE_RETAIL_PORTUGAL,,,PENDING
0,cmtrsq1rb1r23pg5m60zp7urc,1,UNKNOWN,Nike Taiwan,1,,RETAIL,,UNKNOWN,,,NIKE_TAIWAN,,,PENDING
1,cmtpz40ay04aq3ncq1e4vg5i2,1,UNKNOWN,Nooānce,1,nooance-paris.com,RETAIL,,UNKNOWN,,,NOOANCE,manual,,PENDING
1,cmtp868uw3rmnqq4z9f9u7z2p,1,UNKNOWN,NOUKTAH,1,,FASHION,,UNKNOWN,,,NOUKTAH,,,PENDING
0,cmtrspzz61qgspg5m1x46bu44,1,UNKNOWN,NRBV Admin (inactive),1,,RETAIL,,UNKNOWN,,,NRBV_ADMIN_INACTIVE,,,PENDING
0,cmtlyeryi003bqf5kqj3pve3b,1,UNKNOWN,OBI OBI,1,obi-obi.com,RETAIL,,UNKNOWN,,,OBI_OBI,wikidata,,PENDING
1,cmtpz426o04bk3ncq09ordman,1,UNKNOWN,Oden,1,oden.fr,RETAIL,,UNKNOWN,,,ODEN,manual,,PENDING
0,cmtlyes66003gqf5k68lt8kx7,1,UNKNOWN,ORTOVOX,1,ortovox.com,RETAIL,,UNKNOWN,,,ORTOVOX,wikidata,,PENDING
1,cmtkdw0f81tidnf2b7vv03ul0,1,UNKNOWN,PARAMOUR,1,paramour.fr,FASHION,,UNKNOWN,,,PARAMOUR,manual,,PENDING
0,cmtlyesg1003lqf5kpsykrexc,1,UNKNOWN,Parco,1,,RETAIL,,UNKNOWN,,,PARCO,,,PENDING
1,cmtpz4mag04jv3ncq17psklkf,1,UNKNOWN,PATTERN,1,,RETAIL,,UNKNOWN,,,PATTERN,,,PENDING
1,cmtk1wu370006nv2bypaqmugs,1,UNKNOWN,PAYOT,1,payot.com,BEAUTY,,UNKNOWN,,,PAYOT,wikidata,,PENDING
1,cmtkdw04c1tfcnf2bhdjdv9g7,1,UNKNOWN,PERRIER COMMUNICATION,1,perriercommunication.com,FASHION,,UNKNOWN,,,PERRIER_COMMUNICATION,manual,,PENDING
1,cmtpz4mtc04k33ncqb7uj4uzs,1,UNKNOWN,PETIT PICOTIN,1,petitpicotin.com,RETAIL,,UNKNOWN,,,PETIT_PICOTIN,manual,,PENDING
0,cmtlyesum003uqf5ksjtz26r5,1,UNKNOWN,Point Zero,1,pointzero.ca,RETAIL,,UNKNOWN,,,POINT_ZERO,manual,,PENDING
1,cmtp868u13rmbqq4ztjczy5br,1,UNKNOWN,PR CONSULTING PARIS,1,,FASHION,,UNKNOWN,,,PR_CONSULTING_PARIS,,,PENDING
0,cmtlyetic003zqf5k3il85yi5,1,UNKNOWN,RealSelf,1,realself.com,RETAIL,,UNKNOWN,,,REALSELF,manual,,PENDING
1,cmtpz4zrx04p13ncq398dovwb,1,UNKNOWN,Rosae Paris,1,rosaeparis.com,RETAIL,,UNKNOWN,,,ROSAE_PARIS,manual,,PENDING
0,cmtlyett00044qf5kvrvom4yi,1,UNKNOWN,Sacoor Brothers,1,sacoorbrothers.com,RETAIL,,UNKNOWN,,,SACOOR_BROTHERS,manual,,PENDING
0,cmtpuc6a21notl35m4yqt2lbd,1,UNKNOWN,SAKS COM,1,saks.com,RETAIL,,UNKNOWN,,,SAKS_COM,manual,,PENDING
0,cmtp40fms1pr7qq4zp29qlmwk,1,UNKNOWN,Saks Fifth Avenue,1,saksfifthavenue.com,RETAIL,,UNKNOWN,,,SAKS_FIFTH_AVENUE,wikidata,,PENDING
1,cmtkdw00e1te4nf2bfthmmfoh,1,UNKNOWN,SAMSOE SAMSOE,1,samsoe.com,FASHION,,UNKNOWN,,,SAMSOE_SAMSOE,wikidata,,PENDING
0,cmtlyeu1c0049qf5k3yl177sy,1,UNKNOWN,Samson,1,,RETAIL,,UNKNOWN,,,SAMSON,,,PENDING
1,cmtkdw0b51tgvnf2ba1ilmb9j,1,UNKNOWN,SAS LA RUCHE SKINCARE,1,,BEAUTY,,UNKNOWN,,,LA_RUCHE_SKINCARE,,,PENDING
1,cmtp868pp3rl6qq4zejl3mpkw,1,UNKNOWN,SEPTIÈME LARGEUR CHAUSSEUR,1,septiemelargeur.fr,FASHION,,UNKNOWN,,,SEPTIEME_LARGEUR_CHAUSSEUR,manual,,PENDING
1,cmtp8690q3rorqq4zjbvm55ok,1,UNKNOWN,SH PARIS,1,,FASHION,,UNKNOWN,,,SH_PARIS,,,PENDING
1,cmtkdvzhn1t8enf2ba10y8tq3,1,UNKNOWN,SIGAL,1,sigalparis.com,FASHION,,UNKNOWN,,,SIGAL,manual,,PENDING
0,cmtm9jt0m1y23pv5jdiiiv612,1,UNKNOWN,Smashbox,1,smashbox.com,BEAUTY,,UNKNOWN,,Estee Lauder,SMASHBOX,wikidata,,PENDING
1,cmtkdvuiy1rpfnf2bkl5uui4v,1,UNKNOWN,SOPHIE D'AGON,1,sophiedagon.com,FASHION,,UNKNOWN,,,SOPHIE_D_AGON,manual,,PENDING
1,cmtkdvw9g1scinf2bsayuyht9,1,UNKNOWN,STEPHANE HUMBERT LUCAS,1,stephanehumbertlucas.com,FASHION,,UNKNOWN,,,STEPHANE_HUMBERT_LUCAS,wikidata,,PENDING
0,cmtrsn8h61eu4pg5mwokgj06i,1,UNKNOWN,Swarovski Crystal Comp.Lt,1,,JEWELRY_WATCHES,,UNKNOWN,,,SWAROVSKI_CRYSTAL_COMP_LT,,,PENDING
0,cmtrsncfy1g05pg5mq6a5xgl4,1,UNKNOWN,Swarovski Malaysia,1,,JEWELRY_WATCHES,,UNKNOWN,,,SWAROVSKI_MALAYSIA,,,PENDING
0,cmtrsnc611fwspg5mlrcpzdxd,1,UNKNOWN,Swarovski Mobility,1,,JEWELRY_WATCHES,,UNKNOWN,,,SWAROVSKI_MOBILITY,,,PENDING
0,cmtrsn8sc1ew8pg5msc54me9d,1,UNKNOWN,"Swarovski Servicios, S.A. de CV",1,,JEWELRY_WATCHES,,UNKNOWN,,,SWAROVSKI_SERVICIOS_S_A_DE_CV,,,PENDING
1,cmtnac12c2se8qq5l9vr4jla6,1,UNKNOWN,TARATATA BIJOUX,1,taratata-bijoux.com,JEWELRY_WATCHES,,UNKNOWN,,,TARATATA_BIJOUX,manual,,PENDING
1,cmtkdvyiy1t1nnf2bk8opeofc,1,UNKNOWN,TEDDY SMITH,1,,FASHION,,UNKNOWN,,,TEDDY_SMITH,,,PENDING
1,cmtnac1hs2sk6qq5lduz9cj80,1,UNKNOWN,THALGO,1,thalgo.fr,BEAUTY,,UNKNOWN,,,THALGO,wikidata,,PENDING
1,cmtkdvykb1t23nf2bllykrw8n,1,UNKNOWN,THE ROOM,1,,FASHION,,UNKNOWN,,,THE_ROOM,,,PENDING
1,cmtkdvyjo1t1vnf2bfl4fa7ez,1,UNKNOWN,THEUNISSEN,1,,FASHION,,UNKNOWN,,,THEUNISSEN,,,PENDING
1,cmtkdvxyq1suznf2b27jfskv5,3,UNKNOWN,TRESSÉ,1,,FASHION,,UNKNOWN,,,TRESSE,,,PENDING
1,cmtpz62g5058u3ncqtv2zuqqc,1,UNKNOWN,Trone,1,,RETAIL,,UNKNOWN,,,TRONE,,,PENDING
0,cmtlyeu92004eqf5kzcgmo9i2,1,UNKNOWN,Tropicfeel,1,tropicfeel.com,RETAIL,,UNKNOWN,,,TROPICFEEL,manual,,PENDING
0,cmtpkdkdi474apf5l272m6owb,1,UNKNOWN,"Ulta Beauty, Inc.",1,ulta.com,BEAUTY,,UNKNOWN,,,ULTA_BEAUTY_INC,wikidata,,PENDING
0,cmtrsctu20274pg5mi66obabt,1,UNKNOWN,UNIQLO EUROPE LTD. LUXEMBOURG BRANCH,1,,FASHION,,UNKNOWN,,,UNIQLO_EUROPE_LTD_LUXEMBOURG_BRANCH,,,PENDING
0,cmtlyeuiq004jqf5k3rccw1vd,1,UNKNOWN,United Colors of Benetton,1,benetton.com,RETAIL,,UNKNOWN,,,UNITED_COLORS_OF_BENETTON,wikidata,,PENDING
1,cmtkdw18p1trsnf2bp3mqm1u4,1,UNKNOWN,UNIVERS PRESSE,1,,FASHION,,UNKNOWN,,,UNIVERS_PRESSE,,,PENDING
1,cmtpz634c05993ncqs0w970fd,1,UNKNOWN,Vanessa Wu,1,vanessawu.com,RETAIL,,UNKNOWN,,,VANESSA_WU,manual,,PENDING
1,cmtkdw1341tpvnf2bah13iwjl,1,UNKNOWN,V DE VINSTER,1,vdevinster.com,FASHION,,UNKNOWN,,,V_DE_VINSTER,manual,,PENDING
0,cmtlyeusm004oqf5kcmhd21q2,1,UNKNOWN,Velvet Canyon,1,velvetcanyon.com,RETAIL,,UNKNOWN,,,VELVET_CANYON,manual,,PENDING
0,cmtrselvk0bj2pg5m0w7ubecu,1,UNKNOWN,Versace Austria,1,,RETAIL,,UNKNOWN,,,VERSACE_AUSTRIA,,,PENDING
0,cmtrselxb0bjmpg5m3fe40gh7,1,UNKNOWN,"Versace España, S.A.U., Sucursal em Portugal",1,,RETAIL,,UNKNOWN,,,VERSACE_ESPANA_S_A_U_SUCURSAL_EM_PORTUGAL,,,PENDING
0,cmtptz7e0003ul35ma17cje3v,1,UNKNOWN,VisionL,1,,RETAIL,,UNKNOWN,,,VISIONL,,,PENDING
1,cmtkdw0ak1tgnnf2bqedvcp6r,1,UNKNOWN,WEILL,1,weill.com,FASHION,,UNKNOWN,,,WEILL,wikidata,,PENDING
1,cmtp868ul3rmjqq4zy6kzyfzn,1,UNKNOWN,WOOYOUNGMI,1,wooyoungmi.com,FASHION,,UNKNOWN,,,WOOYOUNGMI,wikidata,,PENDING
1,cmtkdvyjw1t1znf2bwjr24yz0,1,UNKNOWN,WOP WORLD OF POP,1,,FASHION,,UNKNOWN,,,WOP_WORLD_OF_POP,,,PENDING
1,cmtpz68bi05bf3ncqbq9kled8,1,UNKNOWN,YAY,1,yay.paris,RETAIL,,UNKNOWN,,,YAY,manual,,PENDING
1,cmtkdvyn41t2ynf2b4k624zyy,2,UNKNOWN,ZAPA (GROUPE BRAND SISTERS),1,zapa.fr,FASHION,,UNKNOWN,,,ZAPA_GROUPE_BRAND_SISTERS,manual,,PENDING
1,cmtpz6b4m05d33ncq9dpit5c9,1,UNKNOWN,Zen Collective,1,zencollective.com,RETAIL,,UNKNOWN,,,ZEN_COLLECTIVE,manual,,PENDING
1,cmtpz6bck05d83ncq2o1u9ov0,1,UNKNOWN,Zeta Shoes,1,zeta-shoes.com,RETAIL,,UNKNOWN,,,ZETA_SHOES,manual,,PENDING
1,cmtkdw04w1tfknf2bluc0dg4u,1,UNKNOWN,ZIMMERMANN,1,zimmermann.com,FASHION,,UNKNOWN,,,ZIMMERMANN,manual,,PENDING
1,cmtkdw1281tpjnf2blnu9pqbo,1,UNKNOWN,ZUHAIR MURAD,1,zuhairmurad.com,FASHION,,UNKNOWN,,,ZUHAIR_MURAD,wikidata,,PENDING
0,cmtkdvxpe1sronf2b4pgv8aru,0,UNKNOWN,23 MAI PARIS,0,,OTHER,,UNKNOWN,,,23_MAI_PARIS,,,PENDING
0,cmtk4975x1jhbny2bwqudq3pn,1,UNKNOWN,24S.com,0,24s.com,RETAIL,,UNKNOWN,,LVMH,24S_COM,wikidata,,PENDING
0,cmtkdw2sg1u8znf2bjpd9lgvr,1,UNKNOWN,2 MAI PARIS,0,,FASHION,,UNKNOWN,,,2_MAI_PARIS,,,PENDING
0,cmtlq3uh81lzzpg2bs51mn11d,0,UNKNOWN,3D TRADE,0,,FASHION,,UNKNOWN,,,3D_TRADE,,,PENDING
0,cmtkdvzgn1t83nf2ba9rhyuip,1,UNKNOWN,ABSOLUT CASHMERE,0,absolutcashmere.com,FASHION,,UNKNOWN,,,ABSOLUT_CASHMERE,manual,,PENDING
0,cmtke7tkh0ae1lp2b57izhi1r,0,UNKNOWN,A-Derma,0,aderma.fr,BEAUTY,,UNKNOWN,,Pierre Fabre,A_DERMA,wikidata,,PENDING
0,cmtkdvwk31sfsnf2bq61mln8j,0,UNKNOWN,A DISTINCT NOISE,0,,OTHER,,UNKNOWN,,,A_DISTINCT_NOISE,,,PENDING
0,cmtlyqizb0moyqf5ktcsftk5m,0,UNKNOWN,Advance Magazine Publishers Inc.,0,,RETAIL,,UNKNOWN,,,ADVANCE_MAGAZINE_PUBLISHERS_INC,,,PENDING
0,cmtkdvv6y1rzenf2bsoxju045,0,UNKNOWN,AGENCE DRESSCODE,0,,OTHER,,UNKNOWN,,,AGENCE_DRESSCODE,,,PENDING
0,cmtkdvx4x1skonf2bnkxmcbw7,0,UNKNOWN,ÂGE PARIS,0,,OTHER,,UNKNOWN,,,AGE_PARIS,,,PENDING
0,cmtkdw26y1u1gnf2biqd4m0tu,1,UNKNOWN,ALEXANDRA ZHUKOVA,0,,FASHION,,UNKNOWN,,,ALEXANDRA_ZHUKOVA,,,PENDING
0,cmtkdvujg1rpnnf2b42lriz7o,1,UNKNOWN,ALEXEIN CONSEIL,0,,FASHION,,UNKNOWN,,,ALEXEIN_CONSEIL,,,PENDING
0,cmtkdvzor1tafnf2bb0j058kz,3,UNKNOWN,ALOHAS,0,,FASHION,,UNKNOWN,,,ALOHAS,,,PENDING
0,cmtkdvwi11sf1nf2bnatrxkov,0,UNKNOWN,ALTER DESIGNS,0,,OTHER,,UNKNOWN,,,ALTER_DESIGNS,,,PENDING
0,cmtkdw2nl1u79nf2bpupgruh3,1,UNKNOWN,ALVEOLE STUDIO,0,,FASHION,,UNKNOWN,,,ALVEOLE_STUDIO,,,PENDING
0,cmtm8oyn41hi9pv5jorut827w,0,UNKNOWN,American Converse S.L.,0,,RETAIL,,UNKNOWN,,,AMERICAN_CONVERSE_S_L,,,PENDING
0,cmtkdvv2x1rxunf2b7qkds44w,0,UNKNOWN,AMESKA,0,,OTHER,,UNKNOWN,,,AMESKA,,,PENDING
0,cmtkdvuw81rvanf2b54k7a2ch,1,UNKNOWN,AMINA MUADDI,0,aminamuaddi.com,FASHION,,UNKNOWN,,,AMINA_MUADDI,wikidata,,PENDING
0,cmtnac1rh2smcqq5lnrpu7crl,1,UNKNOWN,ANNE FONTAINE,0,annefontaine.com,FASHION,,UNKNOWN,,,ANNE_FONTAINE,wikidata,,PENDING
0,cmtoq4zay2zxkqq4zn3e3scsq,1,UNKNOWN,ANTOINE ET LILI,0,antoineetlili.com,FASHION,,UNKNOWN,,,ANTOINE_ET_LILI,wikidata,,PENDING
0,cmtkdvveq1s2cnf2b63n27ss0,0,UNKNOWN,APA CAPITAL,0,,OTHER,,UNKNOWN,,,APA_CAPITAL,,,PENDING
0,cmtkdvuc91rmsnf2bcgwxwjng,1,UNKNOWN,APOSTROPHE,0,apostrophe-paris.com,FASHION,,UNKNOWN,,,APOSTROPHE,manual,,PENDING
0,cmtkdvw651sbanf2b4uf43ga3,0,UNKNOWN,ARGELLIES RP.,0,,OTHER,,UNKNOWN,,,ARGELLIES_RP,,,PENDING
0,cmtkdvugw1rofnf2b1b13rupe,1,UNKNOWN,ARLETTIE,0,arlettie.com,FASHION,,UNKNOWN,,,ARLETTIE,manual,,PENDING
0,cmtlq3u9u1lxipg2b9gu9rfdx,2,UNKNOWN,ARMINE OHANYAN PARIS,0,,FASHION,,UNKNOWN,,,ARMINE_OHANYAN_PARIS,,,PENDING
0,cmtkdw1zi1tytnf2b64w6fbuf,2,UNKNOWN,ARQÉ PARIS,0,,FASHION,,UNKNOWN,,,ARQE_PARIS,,,PENDING
0,cmtkdvuyc1rw2nf2bexd99q0j,0,UNKNOWN,ATELIER FOUQUET,0,,OTHER,,UNKNOWN,,,ATELIER_FOUQUET,,,PENDING
0,cmtkdvxza1sv6nf2b7a3h5njr,0,UNKNOWN,ATELSON,0,,OTHER,,UNKNOWN,,,ATELSON,,,PENDING
0,cmtkdw2f21u4jnf2b2nd4klck,1,UNKNOWN,AUDETTE,0,,FASHION,,UNKNOWN,,,AUDETTE,,,PENDING
0,cmtp6oxtq2w0dqq4zy3lgvzb2,0,UNKNOWN,Autocar Hong Kong Limited - Succursale de Macao,0,,RETAIL,,UNKNOWN,,,AUTOCAR_HONG_KONG_LIMITED_SUCCURSALE_DE_MACAO,,,PENDING
0,cmtkdw2a91u2wnf2bq23iunzg,2,UNKNOWN,AUTREMENT PR,0,,FASHION,,UNKNOWN,,,AUTREMENT_PR,,,PENDING
0,cmtlygac101omqf5kj8gfk05z,0,UNKNOWN,Avila,0,,RETAIL,,UNKNOWN,,,AVILA,,,PENDING
0,cmtkdvuoz1rs1nf2bqrva17su,1,UNKNOWN,AZZEDINE ALAIA,0,maison-alaia.com,FASHION,,UNKNOWN,,,AZZEDINE_ALAIA,wikidata,,PENDING
0,cmtkdvv3x1ry6nf2b2zoo462c,0,UNKNOWN,BANANA MOON,0,,OTHER,,UNKNOWN,,,BANANA_MOON,,,PENDING
0,cmtkdw3321ucsnf2ba6ml5xly,1,UNKNOWN,BANDE ORIGINALE,0,,FASHION,,UNKNOWN,,,BANDE_ORIGINALE,,,PENDING
0,cmtkdw2931u2fnf2baqrbuhnh,1,UNKNOWN,BANGLE UP,0,,FASHION,,UNKNOWN,,,BANGLE_UP,,,PENDING
0,cmtkdvuhp1rovnf2bf3wgeias,1,UNKNOWN,BAOBAB COLLECTION,0,,FASHION,,UNKNOWN,,,BAOBAB_COLLECTION,,,PENDING
0,cmtkdw20z1tzdnf2brufdm9gd,2,UNKNOWN,BARBARA BUI,0,barbarabui.com,FASHION,,UNKNOWN,,,BARBARA_BUI,wikidata,,PENDING
0,cmtkdw2ai1u30nf2bjgxj2odr,1,UNKNOWN,BARBARISME PARIS,0,,FASHION,,UNKNOWN,,,BARBARISME_PARIS,,,PENDING
0,cmtkdvxhe1spanf2bpj5g78ex,0,UNKNOWN,B.BRAND,0,,OTHER,,UNKNOWN,,,B_BRAND,,,PENDING
0,cmtlyejcd0000qf5kibwn6y3z,0,UNKNOWN,Bedrock,0,,RETAIL,,UNKNOWN,,,BEDROCK,,,PENDING
0,cmtkdvx5y1sl0nf2bw87enif4,0,UNKNOWN,BELLEROSE,0,,FASHION,,UNKNOWN,,,BELLEROSE,,,PENDING
0,cmtlyhhlu0351qf5kzrb4v4ld,0,UNKNOWN,Bellroy,0,bellroy.com,RETAIL,,UNKNOWN,,,BELLROY,wikidata,,PENDING
0,cmtlyo2tm0jasqf5k0l9i17c4,0,UNKNOWN,Bentley,0,bentley.com,RETAIL,,UNKNOWN,,,BENTLEY,source-careers,,PENDING
0,cmtkdvwa01scqnf2bnomlnaix,1,UNKNOWN,BERENICE,0,berenice.net,FASHION,,UNKNOWN,,,BERENICE,manual,,PENDING
0,cmtks20ee218lp72bwvh5qwss,0,UNKNOWN,BERTO + ZITA,0,,OTHER,,UNKNOWN,,,BERTO_ZITA,,,PENDING
0,cmtkdw2g01u4vnf2bwk4se0tp,1,UNKNOWN,BLACK CAT STUDIO,0,,FASHION,,UNKNOWN,,,BLACK_CAT_STUDIO,,,PENDING
0,cmtkdvvez1s2gnf2blgcl5orb,0,UNKNOWN,BLUEMARBLE,0,,FASHION,,UNKNOWN,,,BLUEMARBLE,,,PENDING
0,cmtlq3ubl1lxxpg2bqe29ftoo,1,UNKNOWN,BOADICÉE,0,,FASHION,,UNKNOWN,,,BOADICEE,,,PENDING
0,cmtkdvwa81scunf2bfu8zyg04,0,UNKNOWN,BOON,0,,OTHER,,UNKNOWN,,,BOON,,,PENDING
0,cmtp25hh70fnbqq4z52gi7f3s,0,UNKNOWN,Broporma Retail Portugal LDA,0,,RETAIL,,UNKNOWN,,,BROPORMA_RETAIL_PORTUGAL_LDA,,,PENDING
0,cmtm8oyxa1hltpv5jqwinzohj,0,UNKNOWN,"BRS Nike Taiwan, Inc.",0,,RETAIL,,UNKNOWN,,,BRS_NIKE_TAIWAN_INC,,,PENDING
0,cmtp22cyf0a7oqq4zdela752d,0,UNKNOWN,BRUNELLO CUCINELLI (ENGLAND) LIMITED,0,,RETAIL,,UNKNOWN,,,BRUNELLO_CUCINELLI_ENGLAND_LIMITED,,,PENDING
0,cmtp22d7q0accqq4zoqpwoenk,0,UNKNOWN,"BRUNELLO CUCINELLI (MACAU) FASHION CO., LTD",0,,FASHION,,UNKNOWN,,,BRUNELLO_CUCINELLI_MACAU_FASHION_CO_LTD,,,PENDING
0,cmtp22d0y0a8wqq4zitiwldi9,0,UNKNOWN,BRUNELLO CUCINELLI RETAIL SPAIN S.L.,0,,RETAIL,,UNKNOWN,,,BRUNELLO_CUCINELLI_RETAIL_SPAIN_S_L,,,PENDING
0,cmtp22cy70a7kqq4zs862c5d5,0,UNKNOWN,BRUNELLO CUCINELLI SPA,0,brunellocucinelli.com,RETAIL,,UNKNOWN,,,BRUNELLO_CUCINELLI_SPA,wikidata,,PENDING
0,cmtp22d1k0a98qq4z14m7w1pj,0,UNKNOWN,BRUNELLO CUCINELLI SUISSE SA,0,,RETAIL,,UNKNOWN,,,BRUNELLO_CUCINELLI_SUISSE,,,PENDING
0,cmtp22d240a9kqq4zxhzbmqou,0,UNKNOWN,BRUNELLO CUCINELLI USA INC,0,,RETAIL,,UNKNOWN,,,BRUNELLO_CUCINELLI_USA_INC,,,PENDING
0,cmtlym2oc0diiqf5ku1pczppi,1,UNKNOWN,B's International,0,bs-intl.jp,RETAIL,,UNKNOWN,,,B_S_INTERNATIONAL,manual,,PENDING
0,cmtkdvvt01s7enf2btvhwa58l,1,UNKNOWN,BUREAU DE PRESSE PASCALE VENOT,0,,FASHION,,UNKNOWN,,,BUREAU_DE_PRESSE_PASCALE_VENOT,,,PENDING
0,cmtkdw2jh1u66nf2b0bno4g04,1,UNKNOWN,BY MARIE,0,,FASHION,,UNKNOWN,,,BY_MARIE,,,PENDING
0,cmtkdvxd01snunf2b3gi645d0,0,UNKNOWN,CALEB PARIS,0,,OTHER,,UNKNOWN,,,CALEB_PARIS,,,PENDING
0,cmtlyffsi00msqf5k8b23l5c6,0,UNKNOWN,Çalık Holding,0,calik.com,RETAIL,,UNKNOWN,,,CALIK_HOLDING,source-careers,,PENDING
0,cmtlyovtf0kg2qf5k7rh4j7jd,0,UNKNOWN,Canada Goose Australia Pty Limited,0,,RETAIL,,UNKNOWN,,,CANADA_GOOSE_AUSTRALIA_PTY_LIMITED,,,PENDING
0,cmtlyovz70khuqf5klh50hzcy,0,UNKNOWN,Canada Goose France Retail SAS,0,,RETAIL,,UNKNOWN,,,CANADA_GOOSE_RETAIL,,,PENDING
0,cmtlyovow0kf1qf5kgf5pzb1z,0,UNKNOWN,Canada Goose Germany Retail GmbH,0,,RETAIL,,UNKNOWN,,,CANADA_GOOSE_GERMANY_RETAIL_GMBH,,,PENDING
0,cmtlyovkg0kdqqf5k83kywzrp,0,UNKNOWN,Canada Goose Inc.,0,,RETAIL,,UNKNOWN,,,CANADA_GOOSE_INC,,,PENDING
0,cmtlyowez0klvqf5k7tmmu48i,0,UNKNOWN,Canada Goose Italy Retail S.R.L.,0,,RETAIL,,UNKNOWN,,,CANADA_GOOSE_ITALY_RETAIL_S_R_L,,,PENDING
0,cmtlyovo50ketqf5ks92xylq9,0,UNKNOWN,Canada Goose Netherlands Retail B.V.,0,,RETAIL,,UNKNOWN,,,CANADA_GOOSE_NETHERLANDS_RETAIL_B_V,,,PENDING
0,cmtlyovme0ke9qf5k7o3bce3g,0,UNKNOWN,Canada Goose UK Retail Limited,0,,RETAIL,,UNKNOWN,,,CANADA_GOOSE_UK_RETAIL_LIMITED,,,PENDING
0,cmtlyovmr0kedqf5k72kqog21,0,UNKNOWN,"Canada Goose, US Inc.",0,,RETAIL,,UNKNOWN,,,CANADA_GOOSE_US_INC,,,PENDING
0,cmtnrub4q2y71qq4zu0551vws,1,UNKNOWN,CANOPEA,0,canopea-paris.com,FASHION,,UNKNOWN,,,CANOPEA,manual,,PENDING
0,cmtm7vk7813nrpv5jf2vgabx4,0,UNKNOWN,Cartier Logo,0,,JEWELRY_WATCHES,,UNKNOWN,,,CARTIER_LOGO,,,PENDING
0,cmtkdw2o31u7hnf2blhqsf1cp,1,UNKNOWN,CÈUCLE,0,,FASHION,,UNKNOWN,,,CEUCLE,,,PENDING
0,cmtkdvurp1rtdnf2boo5regmx,0,UNKNOWN,CHAMPION,0,,OTHER,,UNKNOWN,,,CHAMPION,,,PENDING
0,cmtkdvxrc1ssbnf2bpo3v9yzx,1,UNKNOWN,CHARLESTOWN,0,,FASHION,,UNKNOWN,,,CHARLESTOWN,,,PENDING
0,cmtkdw3kf1uipnf2bakgxro7h,0,UNKNOWN,CHASSAGNAC,0,,FASHION,,UNKNOWN,,,CHASSAGNAC,,,PENDING
0,cmtkdvub61rmgnf2bq7yh4n5l,2,UNKNOWN,CHIC AT WORK,0,,FASHION,,UNKNOWN,,,CHIC_AT_WORK,,,PENDING
0,cmtm7vjst13grpv5jf7aqs98v,0,UNKNOWN,Chloe Logo,0,,LUXURY,,UNKNOWN,,,CHLOE_LOGO,,,PENDING
0,cmtkdw2m91u6rnf2bj6cukiw5,1,UNKNOWN,CHN HAI,0,,FASHION,,UNKNOWN,,,CHN_HAI,,,PENDING
0,cmtks20zm21ctp72brutdjgi6,0,UNKNOWN,CHRISTINE PHUNG DESIGN,0,,OTHER,,UNKNOWN,,,CHRISTINE_PHUNG_DESIGN,,,PENDING
0,cmtp6ox0y2vn1qq4zlamx8wkr,0,UNKNOWN,Coach Consulting Dongguan Co. Ltd,0,,RETAIL,,UNKNOWN,,,COACH_CONSULTING_DONGGUAN_CO_LTD,,,PENDING
0,cmtp6ow4s2v8xqq4zzbsp0n0s,0,UNKNOWN,Coach Korea Limited,0,,RETAIL,,UNKNOWN,,,COACH_KOREA_LIMITED,,,PENDING
0,cmtp6p68t2zb9qq4z8jn0lycn,0,UNKNOWN,Coach Leatherware India Private Limited,0,,RETAIL,,UNKNOWN,,,COACH_LEATHERWARE_INDIA_PRIVATE_LIMITED,,,PENDING
0,cmtp6oz632wl9qq4zsz0dggzv,0,UNKNOWN,"Coach Management (Shanghai) Co., Ltd.",0,,RETAIL,,UNKNOWN,,,COACH_MANAGEMENT_SHANGHAI_CO_LTD,,,PENDING
0,cmtp6oz6j2wlhqq4ztr2fc5wy,0,UNKNOWN,Coach Operations Singapore Pte. Ltd.,0,,RETAIL,,UNKNOWN,,,COACH_OPERATIONS_SINGAPORE_PTE_LTD,,,PENDING
0,cmtp6owzw2vmhqq4zese328w5,0,UNKNOWN,Coach Shanghai Limited,0,,RETAIL,,UNKNOWN,,,COACH_SHANGHAI_LIMITED,,,PENDING
0,cmtp6oyd32w8tqq4zgp987m5d,0,UNKNOWN,Coach Stores Australie,0,,RETAIL,,UNKNOWN,,,COACH_STORES_AUSTRALIE,,,PENDING
0,cmtp6ox042vmlqq4zgxd783di,0,UNKNOWN,Coach Stores Austria GmbH,0,,RETAIL,,UNKNOWN,,,COACH_STORES_AUSTRIA_GMBH,,,PENDING
0,cmtp6owv12vk5qq4zttxl2gmk,0,UNKNOWN,Coach Stores France SARL,0,,RETAIL,,UNKNOWN,,,COACH_STORES,,,PENDING
0,cmtp6owj02vetqq4z1pvty6mn,0,UNKNOWN,Coach Stores Germany GmbH,0,,RETAIL,,UNKNOWN,,,COACH_STORES_GERMANY_GMBH,,,PENDING
0,cmtp6owfa2vdhqq4z8vgmi5ry,0,UNKNOWN,Coach Stores Ireland Limited,0,,RETAIL,,UNKNOWN,,,COACH_STORES_IRELAND_LIMITED,,,PENDING
0,cmtp6ow3y2v8hqq4z1robd01e,0,UNKNOWN,Coach Stores Limited,0,coachaustralia.com,RETAIL,,UNKNOWN,,,COACH_STORES_LIMITED,wikidata,,PENDING
0,cmtp6ow5v2v9hqq4zvwrjcbuw,0,UNKNOWN,"Coach Stores Puerto Rico, Inc.",0,,RETAIL,,UNKNOWN,,,COACH_STORES_PUERTO_RICO_INC,,,PENDING
0,cmtp6p1ds2xhdqq4zma61q3i2,0,UNKNOWN,Coach Vietnam Company Limited,0,,RETAIL,,UNKNOWN,,,COACH_VIETNAM_COMPANY_LIMITED,,,PENDING
0,cmtkdvznu1ta3nf2bxoqpfm5o,0,UNKNOWN,COLD CULTURE,0,,FASHION,,UNKNOWN,,,COLD_CULTURE,,,PENDING
0,cmtkdw2mh1u6vnf2bv8y3qxhq,4,UNKNOWN,COLTESSE,0,,FASHION,,UNKNOWN,,,COLTESSE,,,PENDING
0,cmtkdvvn31s4znf2ba3q5d95e,1,UNKNOWN,COM DEMAIN,0,,OTHER,,UNKNOWN,,,COM_DEMAIN,,,PENDING
0,cmtkdw3nw1ujrnf2brkg20jem,0,UNKNOWN,COMITÉ COLBERT,0,,FASHION,,UNKNOWN,,,COMITE_COLBERT,,,PENDING
0,cmtkdvv4v1rymnf2bli4c5yus,0,UNKNOWN,COMME TU VEUX,0,,OTHER,,UNKNOWN,,,COMME_TU_VEUX,,,PENDING
0,cmtkdvvws1s8pnf2bwla95cz7,1,UNKNOWN,COMPTOIR DES COTONNIERS,0,comptoirdescotonniers.com,FASHION,,UNKNOWN,,,COMPTOIR_DES_COTONNIERS,wikidata,,PENDING
0,cmtnac0xi2sdfqq5lk7d6j81z,1,UNKNOWN,COMPTOIR VINTAGE,0,comptoirvintage.com,FASHION,,UNKNOWN,,,COMPTOIR_VINTAGE,manual,,PENDING
0,cmtlyqk520n1qqf5kh7soj978,0,UNKNOWN,Condé Nast Digital Taiwan Co. Ltd,0,,RETAIL,,UNKNOWN,,,CONDE_NAST_DIGITAL_TAIWAN_CO_LTD,,,PENDING
0,cmtlyqjch0msyqf5k52v58bzq,0,UNKNOWN,Condé Nast Germany GmbH,0,,RETAIL,,UNKNOWN,,,CONDE_NAST_GERMANY_GMBH,,,PENDING
0,cmtlyqizz0mp2qf5k96kqbr52,0,UNKNOWN,Condé Nast Holdings Limited,0,,RETAIL,,UNKNOWN,,,CONDE_NAST_HOLDINGS_LIMITED,,,PENDING
0,cmtlyqkce0n46qf5k3z6z166r,0,UNKNOWN,Condé Nast Taiwan Publications Limited,0,,RETAIL,,UNKNOWN,,,CONDE_NAST_TAIWAN_PUBLICATIONS_LIMITED,,,PENDING
0,cmtm8ox3b1gz9pv5jmkrgaq3h,0,UNKNOWN,Converse Deutschland GmbH,0,,RETAIL,,UNKNOWN,,,CONVERSE_DEUTSCHLAND_GMBH,,,PENDING
0,cmtm8p1jr1iddpv5jampes0cf,0,UNKNOWN,"Converse Footwear Technical Service (Zhongshan) Co., Ltd.",0,,RETAIL,,UNKNOWN,,,CONVERSE_FOOTWEAR_TECHNICAL_SERVICE_ZHONGSHAN_CO_LTD,,,PENDING
0,cmtm8owz21gxtpv5jtgo1o25p,0,UNKNOWN,Converse Inc.,0,converse.com,RETAIL,,UNKNOWN,,,CONVERSE_INC,wikidata,,PENDING
0,cmtm8p09w1i1hpv5jdzjlyvg0,0,UNKNOWN,Converse Retail UK Ltd,0,,RETAIL,,UNKNOWN,,,CONVERSE_RETAIL_UK_LTD,,,PENDING
0,cmtlq3ucl1lycpg2bi77mf37o,1,UNKNOWN,COPAINS,0,,FASHION,,UNKNOWN,,,COPAINS,,,PENDING
0,cmtm7cjz00tytpv5jaucykxjg,1,UNKNOWN,"Corporate J. Crew Group, LLC",0,,RETAIL,,UNKNOWN,,,CORPORATE_J_CREW_GROUP_LLC,,,PENDING
0,cmtlyfuok014yqf5kc77pcedr,0,UNKNOWN,CORUM L'Épargne,0,corum.fr,RETAIL,,UNKNOWN,,,CORUM_L_EPARGNE,wikidata,,PENDING
0,cmtkdw4401uocnf2bejlcwlch,0,UNKNOWN,COUCOT,0,,FASHION,,UNKNOWN,,,COUCOT,,,PENDING
0,cmtkdw44g1uognf2bgy08w25z,0,UNKNOWN,COUCOT- L'ARTISAN CRÉATEUR,0,,FASHION,,UNKNOWN,,,COUCOT_L_ARTISAN_CREATEUR,,,PENDING
0,cmtkdw2b81u3bnf2bzkhmrt75,1,UNKNOWN,COURREGES DISTRIBUTION,0,,FASHION,,UNKNOWN,,,COURREGES_DISTRIBUTION,,,PENDING
0,cmtnac1pp2sllqq5llqla2dqa,1,UNKNOWN,CTZAR,0,,FASHION,,UNKNOWN,,,CTZAR,,,PENDING
0,cmtkdvvs91s72nf2biv8j9ngh,0,UNKNOWN,DANIEL FÉAU CONSEIL IMMOBILIER,0,,OTHER,,UNKNOWN,,,DANIEL_FEAU_CONSEIL_IMMOBILIER,,,PENDING
0,cmtkdvwfb1sdxnf2bbn7x3fcw,0,UNKNOWN,DE BONNE FACTURE,0,,OTHER,,UNKNOWN,,,DE_BONNE_FACTURE,,,PENDING
0,cmtjwfi2008qco72bl5udoek1,0,UNKNOWN,Decathlon,0,decathlon.com,RETAIL,,UNKNOWN,,,DECATHLON,wikidata,,PENDING
0,cmtkdvuku1rqbnf2beqvrwzz5,1,UNKNOWN,DE GABOR PARIS,0,,FASHION,,UNKNOWN,,,DE_GABOR_PARIS,,,PENDING
0,cmtkdw27j1u1snf2b6k637kiw,1,UNKNOWN,DELAGE,0,delage-automobiles.com,FASHION,,UNKNOWN,,,DELAGE,wikidata,,PENDING
0,cmtm7b5zo0rubpv5jrpt4diu2,0,UNKNOWN,dept,0,,RETAIL,,UNKNOWN,,,DEPT,,,PENDING
0,cmtkdw1yq1tymnf2bpa2buiu8,1,UNKNOWN,DEVERNOIS,0,devernois.fr,FASHION,,UNKNOWN,,,DEVERNOIS,wikidata,,PENDING
0,cmtkdw25v1u16nf2bhe67lj18,1,UNKNOWN,DIAPERIS,0,,FASHION,,UNKNOWN,,,DIAPERIS,,,PENDING
0,cmtlq3u221lvbpg2bi5cppnwo,1,UNKNOWN,DIGIWEST AGENCY,0,,FASHION,,UNKNOWN,,,DIGIWEST_AGENCY,,,PENDING
0,cmtmkagpb2jqgpv4x5iufop2g,1,UNKNOWN,DIVPROTOCOL,0,,FASHION,,UNKNOWN,,,DIVPROTOCOL,,,PENDING
0,cmtkdvxrm1ssfnf2b3cbw0xug,0,UNKNOWN,DM MEDIA INTERNATIONAL,0,,OTHER,,UNKNOWN,,,DM_MEDIA_INTERNATIONAL,,,PENDING
0,cmtkdw1ya1tyenf2b44uvotk1,1,UNKNOWN,DONATELLE GODART - PARIS,0,,FASHION,,UNKNOWN,,,DONATELLE_GODART_PARIS,,,PENDING
0,cmtnac1ny2sktqq5lqrf4wp6u,1,UNKNOWN,D'ORSAY,0,dorsay.paris,FASHION,,UNKNOWN,,,D_ORSAY,wikidata,,PENDING
0,cmtkdw2df1u3znf2b5d65u1xm,2,UNKNOWN,DRÔLE DE MONSIEUR,0,droledemonsieur.com,FASHION,,UNKNOWN,,,DROLE_DE_MONSIEUR,wikidata,,PENDING
0,cmtkdvwj11sfdnf2blxj7sfw4,0,UNKNOWN,DROPSHIRT,0,,OTHER,,UNKNOWN,,,DROPSHIRT,,,PENDING
0,cmtp3skzn1dr4qq4zzu4b0t1f,0,UNKNOWN,D. Swarovski Tourism Services GmbH,0,,JEWELRY_WATCHES,,UNKNOWN,,,D_SWAROVSKI_TOURISM_SERVICES_GMBH,,,PENDING
0,cmtkdvupi1rsdnf2bluk35mnh,2,UNKNOWN,EDEN PARK,0,eden-park.fr,FASHION,,UNKNOWN,,,EDEN_PARK,wikidata,,PENDING
0,cmtlyqjbp0msqqf5k4nabcraf,0,UNKNOWN,Edizioni Condé Nast S.p.A.,0,,RETAIL,,UNKNOWN,,,EDIZIONI_CONDE_NAST_S_P_A,,,PENDING
0,cmtkdvvei1s28nf2b4btt1vo3,0,UNKNOWN,EGONLAB,0,,FASHION,,UNKNOWN,,,EGONLAB,,,PENDING
0,cmtke8pvh0cyelp2bpe0rowj9,11,UNKNOWN,Element,0,,FASHION,,UNKNOWN,,Groupe Beaumanoir,ELEMENT,,,PENDING
0,cmtkdw0hr1tiznf2bth7vfiky,0,UNKNOWN,ELLE INTERNATIONAL,0,elleinternational.com,FASHION,,UNKNOWN,,,ELLE_INTERNATIONAL,manual,,PENDING
0,cmtkdvvgw1s38nf2bswuqrmt3,0,UNKNOWN,EMILY MODELS,0,,OTHER,,UNKNOWN,,,EMILY_MODELS,,,PENDING
0,cmtp6owx92vl9qq4zwqx4vl0k,0,UNKNOWN,"Entraîneur de l'Espagne, S.L.",0,,RETAIL,,UNKNOWN,,,ENTRAINEUR_DE_L_ESPAGNE_S_L,,,PENDING
0,cmtp6owzb2vmdqq4zqm30e2fh,0,UNKNOWN,Entraîneur Hong Kong Limited,0,,RETAIL,,UNKNOWN,,,ENTRAINEUR_HONG_KONG_LIMITED,,,PENDING
0,cmtp6ox2b2vnlqq4zbtn28ok8,0,UNKNOWN,Entraîneur Malaysia SDN. BHD.,0,,RETAIL,,UNKNOWN,,,ENTRAINEUR_MALAYSIA_SDN_BHD,,,PENDING
0,cmtp6owy12vlpqq4z9pibkork,0,UNKNOWN,Entraîneur Netherlands B.V.,0,,RETAIL,,UNKNOWN,,,ENTRAINEUR_NETHERLANDS_B_V,,,PENDING
0,cmtp6owgt2ve5qq4zwlgt8sh6,0,UNKNOWN,Entraîneur Netherlands B.V. - Taiwan Branch,0,,RETAIL,,UNKNOWN,,,ENTRAINEUR_NETHERLANDS_B_V_TAIWAN_BRANCH,,,PENDING
0,cmtp6p85e2zyhqq4z6ir86nqj,0,UNKNOWN,Entraîneur Nouvelle-Zélande,0,,RETAIL,,UNKNOWN,,,ENTRAINEUR_NOUVELLE_ZELANDE,,,PENDING
0,cmtp6ozff2woxqq4zwe4hj69l,0,UNKNOWN,Entraîneur Singapore Pte. Ltd.,0,,RETAIL,,UNKNOWN,,,ENTRAINEUR_SINGAPORE_PTE_LTD,,,PENDING
0,cmtkdvvq11s66nf2brixkqyy0,0,UNKNOWN,EPICURISME MAG,0,,OTHER,,UNKNOWN,,,EPICURISME_MAG,,,PENDING
0,cmtkdw3hi1uhqnf2b62dz5l8t,0,UNKNOWN,ERNEST LEOTY,0,,FASHION,,UNKNOWN,,,ERNEST_LEOTY,,,PENDING
0,cmtnac1tt2sn8qq5l3jk84cel,0,UNKNOWN,FAIR FASHION AGENT INTERNATIONAL,0,,FASHION,,UNKNOWN,,,FAIR_FASHION_AGENT_INTERNATIONAL,,,PENDING
0,cmtkdvvyj1s99nf2bz7el23su,0,UNKNOWN,FASHION GREEN HUB,0,,FASHION,,UNKNOWN,,,FASHION_GREEN_HUB,,,PENDING
0,cmtkdw1kp1tuqnf2blnmd3epp,0,UNKNOWN,FASHION JOBS,0,,FASHION,,UNKNOWN,,,FASHION_JOBS,,,PENDING
0,cmtkdvw6f1sbenf2bh5n8yakd,0,UNKNOWN,FAVORI,0,,OTHER,,UNKNOWN,,,FAVORI,,,PENDING
0,cmtkdvxvq1stznf2bxvkawsma,0,UNKNOWN,FAXION,0,,OTHER,,UNKNOWN,,,FAXION,,,PENDING
0,cmtkdw2a21u2snf2bwyyhmm7s,1,UNKNOWN,FIRN,0,,FASHION,,UNKNOWN,,,FIRN,,,PENDING
0,cmtkdw1yi1tyinf2bvy2gtaly,0,UNKNOWN,FLORENCE LE BALC'H DESIGN,0,,OTHER,,UNKNOWN,,,FLORENCE_LE_BALC_H_DESIGN,,,PENDING
0,cmtkdw2nu1u7dnf2b7as10qhb,1,UNKNOWN,FLORENCE MOORHEAD,0,,FASHION,,UNKNOWN,,,FLORENCE_MOORHEAD,,,PENDING
0,cmtkdvvm81s4pnf2b3ej52h46,0,UNKNOWN,FOUNDRY MODE,0,,FASHION,,UNKNOWN,,,FOUNDRY_MODE,,,PENDING
0,cmtlyf5pn00e1qf5khh935v7y,0,UNKNOWN,Frame,0,,FASHION,,UNKNOWN,,,FRAME,,,PENDING
0,cmtlq3ud31lykpg2bduhm3r5e,1,UNKNOWN,FRANCINE BRAMLI PARIS,0,,FASHION,,UNKNOWN,,,FRANCINE_BRAMLI_PARIS,,,PENDING
0,cmtkdw3mv1ujgnf2bmc86cgmc,0,UNKNOWN,FREAKY DEBBIE,0,,FASHION,,UNKNOWN,,,FREAKY_DEBBIE,,,PENDING
0,cmtlq3u701lwopg2bnh177ykl,1,UNKNOWN,FREEMAN T.PORTER,0,,FASHION,,UNKNOWN,,,FREEMAN_T_PORTER,,,PENDING
0,cmtks20i0219rp72b0vd2xj9y,0,UNKNOWN,F. SCHUMACHER & CO FRANCE,0,,OTHER,,UNKNOWN,,,F_SCHUMACHER_AND_CO,,,PENDING
0,cmtkdvxuy1stnnf2b5kpzckar,0,UNKNOWN,GALERIES LAFAYETTE MENTON,0,,RETAIL,,UNKNOWN,,,GALERIES_LAFAYETTE_MENTON,,,PENDING
0,cmtlyljbk0cjaqf5kj89hylbo,0,UNKNOWN,Gianni Versace S.r.l.,0,versace.com,RETAIL,,UNKNOWN,,,GIANNI_VERSACE_S_R_L,wikidata,,PENDING
0,cmtlq3u481lvypg2bftz89cli,1,UNKNOWN,GILI'S,0,gilis.com,FASHION,,UNKNOWN,,,GILI_S,wikidata,,PENDING
0,cmtoq4zdi2zybqq4zuqr7kpil,1,UNKNOWN,GISELE PARIS,0,gisele.paris,FASHION,,UNKNOWN,,,GISELE_PARIS,manual,,PENDING
0,cmtkdvw3y1safnf2bwoliwvko,0,UNKNOWN,GIVE BACK BEAUTY,0,,BEAUTY,,UNKNOWN,,,GIVE_BACK_BEAUTY,,,PENDING
0,cmtkdw4c31uqvnf2byqa5k9je,0,UNKNOWN,GOESWRONG,0,,OTHER,,UNKNOWN,,,GOESWRONG,,,PENDING
0,cmtlq3tzd1lufpg2b19q1inc8,1,UNKNOWN,GOOD BRANDS - TYPOLOGY,0,,FASHION,,UNKNOWN,,,GOOD_BRANDS_TYPOLOGY,,,PENDING
0,cmtlyf5xz00eeqf5kjz375dze,0,UNKNOWN,GOT BAG,0,got-bag.com,RETAIL,,UNKNOWN,,,GOT_BAG,source-careers,,PENDING
0,cmtk20c3s07asnv2bgt9szt5n,0,UNKNOWN,GQ France,0,,MEDIA_AGENCY,,UNKNOWN,,Conde Nast,GQ,,,PENDING
0,cmtkdvwf21sdtnf2bw5246zos,0,UNKNOWN,GROUPE JAJ,0,,OTHER,,UNKNOWN,,,JAJ,,,PENDING
0,cmtkdvw6s1sbinf2bovqz2f5g,0,UNKNOWN,GROUPE JEAN-FRANCOIS PIEGE,0,,OTHER,,UNKNOWN,,,JEAN_FRANCOIS_PIEGE,,,PENDING
0,cmtkdvxds1so6nf2bcqgzudhz,0,UNKNOWN,GROUPE MARIE CLAIRE,0,,OTHER,,UNKNOWN,,,MARIE_CLAIRE,,,PENDING
0,cmtkdvuqf1rstnf2bhwlokuxf,0,UNKNOWN,Groupe MONOPRIX,0,,OTHER,,UNKNOWN,,,MONOPRIX,,,PENDING
0,cmtkdw2wv1ualnf2ba5xa96hn,1,UNKNOWN,GROUPE RAUTUREAU APPLE SHOES,0,,FASHION,,UNKNOWN,,,RAUTUREAU_APPLE_SHOES,,,PENDING
0,cmtmkagqn2jqwpv4x29ldqtld,1,UNKNOWN,HAST PARIS,0,,FASHION,,UNKNOWN,,,HAST_PARIS,,,PENDING
0,cmtp40c1n1ocrqq4zqhsfh0ss,0,UNKNOWN,HBC INDIA PVT LTD,0,,RETAIL,,UNKNOWN,,,HBC_INDIA_PVT_LTD,,,PENDING
0,cmtke3vth02xjlp2b1q64xylk,4,UNKNOWN,Helena Rubinstein,0,,BEAUTY,,UNKNOWN,,L'Oreal,HELENA_RUBINSTEIN,,,PENDING
0,cmtkdvuec1rnjnf2bufb7jic1,1,UNKNOWN,HÉROÏNES !,0,heroines.fr,FASHION,,UNKNOWN,,,HEROINES,manual,,PENDING
0,cmtkdvzz01tdonf2b644sxz3d,1,UNKNOWN,HESCHUNG,0,heschung.com,FASHION,,UNKNOWN,,,HESCHUNG,wikidata,,PENDING
0,cmtlyfr1600xaqf5kej8v3ztx,0,UNKNOWN,Hindbag,0,,RETAIL,,UNKNOWN,,,HINDBAG,,,PENDING
0,cmtkdvvhg1s3gnf2b1g3nujzn,0,UNKNOWN,HOLIDERMIE,0,,OTHER,,UNKNOWN,,,HOLIDERMIE,,,PENDING
0,cmtks20nu21aep72biqlrdoft,0,UNKNOWN,HOMECORE,0,,OTHER,,UNKNOWN,,,HOMECORE,,,PENDING
0,cmtkdvwhe1setnf2bpao5w51d,0,UNKNOWN,HÔTEL PARTICULIER MONTMARTRE,0,,OTHER,,UNKNOWN,,,HOTEL_PARTICULIER_MONTMARTRE,,,PENDING
0,cmtkdw1u61twznf2bxr87nqid,0,UNKNOWN,HUMILITY,0,,OTHER,,UNKNOWN,,,HUMILITY,,,PENDING
0,cmtkdw12u1tprnf2bw7gsk5zi,1,UNKNOWN,IBIS ROUGE,0,ibis-rouge.com,FASHION,,UNKNOWN,,,IBIS_ROUGE,manual,,PENDING
0,cmtkdw1k81tuinf2bjq8n04ul,0,UNKNOWN,ICON-ICON,0,,OTHER,,UNKNOWN,,,ICON_ICON,,,PENDING
0,cmtlq3u9o1lxepg2bsv9nq6ab,1,UNKNOWN,IMPASSE DE LA DÉFENSE,0,,FASHION,,UNKNOWN,,,IMPASSE_DE_LA_DEFENSE,,,PENDING
0,cmtm7ugv1126ipv5jy342lwg1,0,UNKNOWN,Infuse,0,,RETAIL,,UNKNOWN,,,INFUSE,,,PENDING
0,cmtkdvzwk1tcwnf2bmqw4iyls,0,UNKNOWN,INITIO PARFUMS PRIVÉS,0,,BEAUTY,,UNKNOWN,,,INITIO_PARFUMS_PRIVES,,,PENDING
0,cmtlq3tmp1lqwpg2bjsmk71or,2,UNKNOWN,INOUI EDITIONS,0,inoui-editions.com,FASHION,,UNKNOWN,,,INOUI_EDITIONS,manual,,PENDING
0,cmtkdw2zd1ubhnf2b4nwl7kdn,1,UNKNOWN,INSTITUT KARITE PARIS,0,,FASHION,,UNKNOWN,,,INSTITUT_KARITE_PARIS,,,PENDING
0,cmtlyqkd50n4iqf5kwzefhtiz,0,UNKNOWN,"Interculture Total Media Service Co., Ltd.",0,,RETAIL,,UNKNOWN,,,INTERCULTURE_TOTAL_MEDIA_SERVICE_CO_LTD,,,PENDING
0,cmtkdvxja1spunf2b3nybpv6s,0,UNKNOWN,IRIE,0,,OTHER,,UNKNOWN,,,IRIE,,,PENDING
0,cmtkdvudb1rn8nf2b54by8ci1,3,UNKNOWN,IRO,0,iroparis.com,FASHION,,UNKNOWN,,,IRO,manual,,PENDING
0,cmtne4htz0a9xqq4z2phm54no,0,UNKNOWN,Itachoo S.r.l.,0,,RETAIL,,UNKNOWN,,,ITACHOO_S_R_L,,,PENDING
0,cmtkexksm0i95p22bacmnhd81,441,UNKNOWN,IWC Schaffhausen,0,,JEWELRY_WATCHES,,UNKNOWN,,Richemont,IWC_SCHAFFHAUSEN,,,PENDING
0,cmtnac0wy2sd7qq5l71073l44,1,UNKNOWN,JACADI,0,jacadi.fr,FASHION,,UNKNOWN,,,JACADI,wikidata,,PENDING
0,cmtkdw3h41uhmnf2bx7jc6cmn,0,UNKNOWN,JACQUES SOLOVIERE PARIS,0,,FASHION,,UNKNOWN,,,JACQUES_SOLOVIERE_PARIS,,,PENDING
0,cmtkdvw9n1scmnf2b2q73ad7k,0,UNKNOWN,JADE CIRCLE,0,,OTHER,,UNKNOWN,,,JADE_CIRCLE,,,PENDING
0,cmtm7vk8613obpv5j9y897ni4,0,UNKNOWN,Jaeger LeCoultre logo,0,,JEWELRY_WATCHES,,UNKNOWN,,,JAEGER_LECOULTRE_LOGO,,,PENDING
0,cmtne4hup0aa9qq4zlkknj7mk,0,UNKNOWN,J. Choo Canada Inc,0,,RETAIL,,UNKNOWN,,,J_CHOO_CANADA_INC,,,PENDING
0,cmtne4hxr0abpqq4zvpt12htz,0,UNKNOWN,J Choo Germany GmbH,0,,RETAIL,,UNKNOWN,,,J_CHOO_GERMANY_GMBH,,,PENDING
0,cmtne4hsr0a99qq4za5bd0sn4,0,UNKNOWN,J. Choo Limited,0,jimmychoo.com,RETAIL,,UNKNOWN,,,J_CHOO_LIMITED,wikidata,,PENDING
0,cmtne4i1h0ad9qq4zlis5923n,0,UNKNOWN,J Choo (Switzerland) AG,0,,RETAIL,,UNKNOWN,,,J_CHOO_SWITZERLAND_AG,,,PENDING
0,cmtne4hu80aa1qq4zdmgmod1n,0,UNKNOWN,J Choo USA Inc,0,,RETAIL,,UNKNOWN,,,J_CHOO_USA_INC,,,PENDING
0,cmtne4hts0a9tqq4zooekmjte,0,UNKNOWN,Jimmy Choo Florence Srl,0,,RETAIL,,UNKNOWN,,,JIMMY_CHOO_FLORENCE_SRL,,,PENDING
0,cmtne4i3w0aedqq4z8qmhsz9f,0,UNKNOWN,Jimmy Choo (Shanghai) Trading Co. Limited,0,,RETAIL,,UNKNOWN,,,JIMMY_CHOO_SHANGHAI_TRADING_CO_LIMITED,,,PENDING
0,cmtne4hsi0a95qq4z8dfzc8go,0,UNKNOWN,Jimmy Choo Spain SL,0,,RETAIL,,UNKNOWN,,,JIMMY_CHOO_SPAIN_SL,,,PENDING
0,cmtne4hwf0ab1qq4z2fg8jljx,0,UNKNOWN,Jimmy Choo Tokyo K.K.,0,,RETAIL,,UNKNOWN,,,JIMMY_CHOO_TOKYO_K_K,,,PENDING
0,cmtkdw27s1u1wnf2b2n1gh0l5,4,UNKNOWN,JIMMY FAIRLY,0,jimmyfairly.com,FASHION,,UNKNOWN,,,JIMMY_FAIRLY,wikidata,,PENDING
0,cmtkdvv6o1rzanf2bfjid1vmn,0,UNKNOWN,JOVOY PARIS,0,,OTHER,,UNKNOWN,,,JOVOY_PARIS,,,PENDING
0,cmtlyext3007fqf5km7qsnjir,0,UNKNOWN,Joy,0,,RETAIL,,UNKNOWN,,,JOY,,,PENDING
0,cmtkdvuh21rojnf2bw6t97y39,1,UNKNOWN,JS MILLENIUM ENVIES,0,,FASHION,,UNKNOWN,,,JS_MILLENIUM_ENVIES,,,PENDING
0,cmtkdvv4e1ryenf2bcfyixskr,0,UNKNOWN,JULIA HEUER SAS,0,,OTHER,,UNKNOWN,,,JULIA_HEUER,,,PENDING
0,cmtkdw1tg1twnnf2bx97omtjb,0,UNKNOWN,JULIE DE LIBRAN,0,,FASHION,,UNKNOWN,,,JULIE_DE_LIBRAN,,,PENDING
0,cmtnac1np2skpqq5ls26tn22y,1,UNKNOWN,JUST FACES MGMT,0,,FASHION,,UNKNOWN,,,JUST_FACES_MGMT,,,PENDING
0,cmtlq3ugp1lzrpg2baog6dlca,0,UNKNOWN,KAEMA,0,,FASHION,,UNKNOWN,,,KAEMA,,,PENDING
0,cmtkdw2431u0fnf2bw7q19iji,1,UNKNOWN,KAMI,0,,FASHION,,UNKNOWN,,,KAMI,,,PENDING
0,cmtkdvzoe1tabnf2brgx82cfu,0,UNKNOWN,KAVE HOME,0,,FASHION,,UNKNOWN,,,KAVE_HOME,,,PENDING
0,cmtkdw3hr1uhunf2bj1nx27nn,1,UNKNOWN,KCD PARIS,0,,FASHION,,UNKNOWN,,,KCD_PARIS,,,PENDING
0,cmtpukv7e29gal35m2mdy2cja,0,UNKNOWN,Kering Group Operations & Technologies,0,kering.com,LUXURY,,UNKNOWN,,,KERING_GROUP_OPERATIONS_AND_TECHNOLOGIES,manual,,PENDING
0,cmtk49zip1pixny2bacsbgw23,1,UNKNOWN,Krug,0,krug.com,LUXURY,,UNKNOWN,,,KRUG,wikidata,,PENDING
0,cmtkdw47h1upbnf2bt71uf8nq,0,UNKNOWN,KS BEAUTE,0,,BEAUTY,,UNKNOWN,,,KS_BEAUTE,,,PENDING
0,cmtkdvuwr1rvinf2bg83fdzpf,3,UNKNOWN,KSI RETAIL,0,ks-groupe.com,RETAIL,,UNKNOWN,,,KSI_RETAIL,manual,,PENDING
0,cmtkdvufg1rnznf2byc79miie,2,UNKNOWN,KUJTEN CACHEMIRE,0,kujten.com,FASHION,,UNKNOWN,,,KUJTEN_CACHEMIRE,manual,,PENDING
0,cmtm8mla31efspv5job60vgle,12,UNKNOWN,La casa de las Carcasas,0,lacasadelascarcasas.es,RETAIL,,UNKNOWN,,,LA_CASA_DE_LAS_CARCASAS,wikidata,,PENDING
0,cmtlq3u9f1lxapg2b3kvsu7yg,1,UNKNOWN,LA COUR DES ICONES,0,,FASHION,,UNKNOWN,,,LA_COUR_DES_ICONES,,,PENDING
0,cmtkdw2em1u4bnf2bjlkcqi1x,1,UNKNOWN,LA FEE MARABOUTEE,0,lafeemaraboutee.fr,FASHION,,UNKNOWN,,,LA_FEE_MARABOUTEE,wikidata,,PENDING
0,cmtkdvxv61strnf2blvpva5y3,0,UNKNOWN,Lagardère Travel Retail,0,lagardere-tr.com,RETAIL,,UNKNOWN,,,LAGARDERE_TRAVEL_RETAIL,wikidata,,PENDING
0,cmtlq3u5d1lwapg2bthfm7wxa,1,UNKNOWN,LA LUEUR DE L'AUBE,0,,FASHION,,UNKNOWN,,,LA_LUEUR_DE_L_AUBE,,,PENDING
0,cmtkdvxbq1snanf2bwybrb13w,1,UNKNOWN,LA MAISON GOOSSENS,0,,FASHION,,UNKNOWN,,,LA_MAISON_GOOSSENS,,,PENDING
0,cmtkdw2hy1u5jnf2bswdyg70w,1,UNKNOWN,LA MARQUE 64,0,,FASHION,,UNKNOWN,,,LA_MARQUE_64,,,PENDING
0,cmtkdw30x1ubznf2b2tv15nro,1,UNKNOWN,LA PELUCHERIE,0,,FASHION,,UNKNOWN,,,LA_PELUCHERIE,,,PENDING
0,cmtkdvw4s1sarnf2b4zx3q8i2,7,UNKNOWN,L'ATELIER D'AMAYA,0,atelier-amaya.com,FASHION,,UNKNOWN,,,L_ATELIER_D_AMAYA,manual,,PENDING
0,cmtkdvuqm1rsxnf2b3p3orvdi,0,UNKNOWN,LE GRAMME,0,,OTHER,,UNKNOWN,,,LE_GRAMME,,,PENDING
0,cmtkdvv9q1s06nf2b6dka7ceg,1,UNKNOWN,LE GRAND COMPTOIR,0,,OTHER,,UNKNOWN,,,LE_GRAND_COMPTOIR,,,PENDING
0,cmtkdvx661sl4nf2bqq3m1mv6,1,UNKNOWN,LE GUILLOU HABILLEUR,0,,FASHION,,UNKNOWN,,,LE_GUILLOU_HABILLEUR,,,PENDING
0,cmtkdvvhq1s3knf2bdpobkcn2,0,UNKNOWN,LEHERPEUR PARIS,0,,OTHER,,UNKNOWN,,,LEHERPEUR_PARIS,,,PENDING
0,cmtkdw25a1u0ynf2b6w2tsp6l,1,UNKNOWN,LEICA CAMERA,0,leica-camera.com,FASHION,,UNKNOWN,,,LEICA_CAMERA,wikidata,,PENDING
0,cmtkdw2r81u8jnf2boai2m5yp,1,UNKNOWN,LE JARDIN PARFUMÉ,0,,BEAUTY,,UNKNOWN,,,LE_JARDIN_PARFUME,,,PENDING
0,cmtkdvxnf1sr4nf2bkg6rdktd,0,UNKNOWN,LE KASHA,0,,OTHER,,UNKNOWN,,,LE_KASHA,,,PENDING
0,cmtlyf7vt00g7qf5k0baxsc6d,0,UNKNOWN,Lensa,0,,RETAIL,,UNKNOWN,,,LENSA,,,PENDING
0,cmtkdvxbf1sn6nf2b5o6qvo6c,2,UNKNOWN,LE PALAIS DES THÉS,0,palaisdesthes.com,FASHION,,UNKNOWN,,,LE_PALAIS_DES_THES,wikidata,,PENDING
0,cmtkdvvtr1s7pnf2b0y72id81,0,UNKNOWN,LES DUNES,0,,OTHER,,UNKNOWN,,,LES_DUNES,,,PENDING
0,cmtkdvwjm1sfknf2bpifugue0,0,UNKNOWN,LES NÉRÉIDES,0,,OTHER,,UNKNOWN,,,LES_NEREIDES,,,PENDING
0,cmtkdw24s1u0qnf2bvirz8v1y,1,UNKNOWN,LES POSSIBLES,0,,FASHION,,UNKNOWN,,,LES_POSSIBLES,,,PENDING
0,cmtkdvuqx1rt1nf2buov0ybrg,0,UNKNOWN,LEVI'S / TIMBERLAND,0,,OTHER,,UNKNOWN,,,LEVI_S_TIMBERLAND,,,PENDING
0,cmtoq4zda2zy7qq4zedf2gprm,1,UNKNOWN,LIBERTY'S MAGAZINE,0,,FASHION,,UNKNOWN,,,LIBERTY_S_MAGAZINE,,,PENDING
0,cmtkdvvgl1s34nf2bpa395iqy,0,UNKNOWN,LITTLE WANDER,0,,OTHER,,UNKNOWN,,,LITTLE_WANDER,,,PENDING
0,cmtkdw2bs1u3jnf2bcaxbjlnn,1,UNKNOWN,LIVY,0,,FASHION,,UNKNOWN,,,LIVY,,,PENDING
0,cmtkdvur21rt5nf2baqoyw9yb,1,UNKNOWN,LM LULU,0,,FASHION,,UNKNOWN,,,LM_LULU,,,PENDING
0,cmtmoel1n0k3bso5lh4judjcm,1,UNKNOWN,Logo Diptyque,0,,OTHER,,UNKNOWN,,,LOGO_DIPTYQUE,,,PENDING
0,cmtm7b3w90r72pv5jgmoe5s3j,0,UNKNOWN,Logo Pierre Fabre,0,,OTHER,,UNKNOWN,,,LOGO_PIERRE_FABRE,,,PENDING
0,cmtkdw3fr1uh6nf2b8bn3r5lg,0,UNKNOWN,LO NEEL,0,,FASHION,,UNKNOWN,,,LO_NEEL,,,PENDING
0,cmtkdvvjp1s48nf2bkz09squc,0,UNKNOWN,LOUISEJACQUELINE,0,,OTHER,,UNKNOWN,,,LOUISEJACQUELINE,,,PENDING
0,cmtkdvwer1sdpnf2b2a2sd4tx,0,UNKNOWN,LOULOU DE SAISON,0,,OTHER,,UNKNOWN,,,LOULOU_DE_SAISON,,,PENDING
0,cmtkdw3la1uixnf2bpd480sai,0,UNKNOWN,LUDOVIC DE SAINT SERNIN,0,,FASHION,,UNKNOWN,,,LUDOVIC_DE_SAINT_SERNIN,,,PENDING
0,cmtoq4zcm2zxzqq4zh30kfu3u,1,UNKNOWN,LUDOVIC WINTERSTAN,0,,FASHION,,UNKNOWN,,,LUDOVIC_WINTERSTAN,,,PENDING
0,cmtm7ckhh0u7dpv5jj2zqbok0,0,UNKNOWN,Lynch DC / Cust Care J.Crew Inc.,0,,RETAIL,,UNKNOWN,,,LYNCH_DC_CUST_CARE_J_CREW_INC,,,PENDING
0,cmtk1x2nx00b4nv2br9nnw2g5,0,UNKNOWN,Madame Figaro,0,lefigaro.fr,MEDIA_AGENCY,,UNKNOWN,,Groupe Figaro,MADAME_FIGARO,wikidata,,PENDING
0,cmtm7cjxx0tyhpv5jomjk2b74,7,UNKNOWN,"Madewell Stores Madewell, Inc.",0,madewell.com,RETAIL,,UNKNOWN,,,MADEWELL_STORES_MADEWELL_INC,manual,,PENDING
0,cmtkdw3p31uk6nf2b4l2gk8um,0,UNKNOWN,MAGNA PRESSE,0,,FASHION,,UNKNOWN,,,MAGNA_PRESSE,,,PENDING
0,cmtkdw42y1uo0nf2be07677q4,0,UNKNOWN,MAHO,0,,FASHION,,UNKNOWN,,,MAHO,,,PENDING
0,cmtnac0wi2sd3qq5l5b8hevds,1,UNKNOWN,MAIER,0,,FASHION,,UNKNOWN,,,MAIER,,,PENDING
0,cmtkdvueu1rnrnf2bbkz1lgzd,2,UNKNOWN,MAILLE CREATION,0,maillecreation.fr,FASHION,,UNKNOWN,,,MAILLE_CREATION,manual,,PENDING
0,cmtkdvvis1s3wnf2b7wk22ppu,1,UNKNOWN,MAISON ANDI,0,,FASHION,,UNKNOWN,,,ANDI,,,PENDING
0,cmtlq3u6a1lwhpg2b8sg7z76z,1,UNKNOWN,MAISON AYAKA,0,,FASHION,,UNKNOWN,,,AYAKA,,,PENDING
0,cmtkdvuu31ruhnf2bb1jd74oo,0,UNKNOWN,MAISON GUILLEMETTE,0,,OTHER,,UNKNOWN,,,GUILLEMETTE,,,PENDING
0,cmtkdvvfq1s2snf2boj2j1pt2,0,UNKNOWN,MAISON LABICHE,0,,OTHER,,UNKNOWN,,,LABICHE,,,PENDING
0,cmtnac1o62skxqq5lhnqhy2b1,1,UNKNOWN,MAISON LEMARIÉ,0,,FASHION,,UNKNOWN,,,LEMARIE,,,PENDING
0,cmtkdw2ts1u9fnf2btar9870t,1,UNKNOWN,MAISON LEMOINE,0,,FASHION,,UNKNOWN,,,LEMOINE,,,PENDING
0,cmtkdw2391u04nf2bmyn0xmwq,1,UNKNOWN,MAISON LOUIS PARIS,0,,FASHION,,UNKNOWN,,,LOUIS_PARIS,,,PENDING
0,cmtkdw20l1tz9nf2b3oz671po,1,UNKNOWN,MAISON SHIRA,0,,FASHION,,UNKNOWN,,,SHIRA,,,PENDING
0,cmtkdvzst1tbsnf2bmqej2qf6,0,UNKNOWN,MAISON STELLA & SUZIE,0,,OTHER,,UNKNOWN,,,STELLA_AND_SUZIE,,,PENDING
0,cmtkf06ej0lqap22bicqm90nc,0,UNKNOWN,Maje,0,,FASHION,,UNKNOWN,,SMCP,MAJE,,,PENDING
0,cmtlyhso703weqf5kbtptb23g,0,UNKNOWN,MAKE,0,,RETAIL,,UNKNOWN,,,MAKE,,,PENDING
0,cmtkdvwau1sd2nf2b1w2pj4wb,0,UNKNOWN,MALFROID SOULIERS,0,,OTHER,,UNKNOWN,,,MALFROID_SOULIERS,,,PENDING
0,cmtkdvw7c1sbqnf2b0mjbyjjf,0,UNKNOWN,MANFIELD,0,,OTHER,,UNKNOWN,,,MANFIELD,,,PENDING
0,cmtn89br4236lqq5lkbzbe5al,0,UNKNOWN,MANGO GARMENTS ROM. SRL.,0,,FASHION,,UNKNOWN,,,MANGO_GARMENTS_ROM_SRL,,,PENDING
0,cmtn89a4b22h1qq5l0kk153vx,0,UNKNOWN,MANGO HONG KONG LIMITED,0,,FASHION,,UNKNOWN,,,MANGO_HONG_KONG_LIMITED,,,PENDING
0,cmtn8950f2019qq5l4eeh3swn,0,UNKNOWN,MANGO Nederland BV,0,,FASHION,,UNKNOWN,,,MANGO_NEDERLAND_BV,,,PENDING
0,cmtn896gy20r9qq5lnqeobxag,0,UNKNOWN,MANGONOR Comércio de Vestuário S.A,0,,RETAIL,,UNKNOWN,,,MANGONOR_COMERCIO_DE_VESTUARIO_S_A,,,PENDING
0,cmtn899cd224xqq5l615ve4mp,0,UNKNOWN,MANGO NY INC,0,,FASHION,,UNKNOWN,,,MANGO_NY_INC,,,PENDING
0,cmtn895pl20dlqq5lcwnaxmwj,0,UNKNOWN,MANGO ÖSTERRREICH HANDELS. GMBH,0,,FASHION,,UNKNOWN,,,MANGO_OSTERRREICH_HANDELS_GMBH,,,PENDING
0,cmtn8954c203dqq5lyrujd9xl,0,UNKNOWN,MANGO SUISSE SA,0,,FASHION,,UNKNOWN,,,MANGO_SUISSE,,,PENDING
0,cmtn89ca523d9qq5lit8eoc18,0,UNKNOWN,MANGO SVERIGE AB,0,,FASHION,,UNKNOWN,,,MANGO_SVERIGE_AB,,,PENDING
0,cmtlq3tz11lubpg2bc7bxlddi,2,UNKNOWN,MANPOWER COUTURE,0,,FASHION,,UNKNOWN,,,MANPOWER_COUTURE,,,PENDING
0,cmtkdw1oy1tvxnf2bpmf7iumu,0,UNKNOWN,MANSANO,0,,OTHER,,UNKNOWN,,,MANSANO,,,PENDING
0,cmtlq3uda1lyopg2b0zt5wagh,2,UNKNOWN,MARCO RIBEIRO,0,,FASHION,,UNKNOWN,,,MARCO_RIBEIRO,,,PENDING
0,cmtkdw3c31ufonf2bfzz0mtk3,0,UNKNOWN,MAUBOUSSIN,0,,JEWELRY_WATCHES,,UNKNOWN,,Galeries Lafayette Group,MAUBOUSSIN,,,PENDING
0,cmtp2ds300r9hqq4zn8py7bll,0,UNKNOWN,MECCA Brands NZ Pty Ltd,0,,RETAIL,,UNKNOWN,,,MECCA_BRANDS_NZ_PTY_LTD,,,PENDING
0,cmtp2drv20r5tqq4zke0vhf79,0,UNKNOWN,MECCA Brands Pty Ltd,0,,RETAIL,,UNKNOWN,,,MECCA_BRANDS_PTY_LTD,,,PENDING
0,cmtkdw45o1uosnf2bsoj64om6,0,UNKNOWN,MEDUSA,0,,FASHION,,UNKNOWN,,,MEDUSA,,,PENDING
0,cmtkdvwfw1se5nf2bdwqa4qlh,0,UNKNOWN,MELINE AKA,0,,OTHER,,UNKNOWN,,,MELINE_AKA,,,PENDING
0,cmtkdw1q31twdnf2balavl8si,0,UNKNOWN,MELLE D.,0,,OTHER,,UNKNOWN,,,MELLE_D,,,PENDING
0,cmtk1x53d00gsnv2bs1v5t7uj,0,UNKNOWN,Melvita,0,,BEAUTY,,UNKNOWN,,L'Occitane Group,MELVITA,,,PENDING
0,cmtnac1b62shqqq5lbyiyzfd1,2,UNKNOWN,MERCI,0,merci-merci.com,FASHION,,UNKNOWN,,,MERCI,manual,,PENDING
0,cmtkdvvu01s7tnf2b8pxsf28o,0,UNKNOWN,MERCI MAMAN,0,,OTHER,,UNKNOWN,,,MERCI_MAMAN,,,PENDING
0,cmtkdvxsb1ssrnf2b1wpmw1b4,0,UNKNOWN,METISEKO,0,,OTHER,,UNKNOWN,,,METISEKO,,,PENDING
0,cmtlypq0s0l3lqf5kof8v6lz7,0,UNKNOWN,MGI Distribution Pte Ltd.,0,,RETAIL,,UNKNOWN,,,MGI_DISTRIBUTION_PTE_LTD,,,PENDING
0,cmtlyppxi0l2hqf5kv0wbx2rg,0,UNKNOWN,MGI Luxury Trading Ltd.,0,,FASHION,,UNKNOWN,,,MGI_LUXURY_TRADING_LTD,,,PENDING
0,cmtlypqel0l7xqf5khhutmzzx,0,UNKNOWN,MGS Distribution Limited,0,,RETAIL,,UNKNOWN,,,MGS_DISTRIBUTION_LIMITED,,,PENDING
0,cmtnfq12717m2qq4z5jo2nsm0,0,UNKNOWN,Michael Kors (Austria) GmbH,0,,RETAIL,,UNKNOWN,,,MICHAEL_KORS_AUSTRIA_GMBH,,,PENDING
0,cmtnfq1eo17smqq4zew5o16gj,0,UNKNOWN,Michael Kors (Bucharest Stores) SRL,0,,RETAIL,,UNKNOWN,,,MICHAEL_KORS_BUCHAREST_STORES_SRL,,,PENDING
0,cmtnfq2531871qq4zjhvwkjny,0,UNKNOWN,Michael Kors (Europe) BV,0,,RETAIL,,UNKNOWN,,,MICHAEL_KORS_EUROPE_BV,,,PENDING
0,cmtnfq10017l2qq4zx329xqc1,0,UNKNOWN,Michael Kors (Germany) GmbH,0,,RETAIL,,UNKNOWN,,,MICHAEL_KORS_GERMANY_GMBH,,,PENDING
0,cmtnfq4m51965qq4zpwrd99q8,0,UNKNOWN,Michael Kors (HongKong) Limited,0,,RETAIL,,UNKNOWN,,,MICHAEL_KORS_HONGKONG_LIMITED,,,PENDING
0,cmtnfq2191855qq4zguvprsna,0,UNKNOWN,Michael Kors (Ireland) limited,0,,RETAIL,,UNKNOWN,,,MICHAEL_KORS_IRELAND_LIMITED,,,PENDING
0,cmtne4huy0aadqq4z399xmbz3,0,UNKNOWN,"Michael Kors Japan, LLC",0,,RETAIL,,UNKNOWN,,,MICHAEL_KORS_JAPAN_LLC,,,PENDING
0,cmtnfq3j518otqq4zhd0om8g4,0,UNKNOWN,Michael Kors (Lithuania) UAB,0,,RETAIL,,UNKNOWN,,,MICHAEL_KORS_LITHUANIA_UAB,,,PENDING
0,cmtnfq1t7180hqq4zmodwp1ob,0,UNKNOWN,Michael Kors (Netherlands) BV,0,,RETAIL,,UNKNOWN,,,MICHAEL_KORS_NETHERLANDS_BV,,,PENDING
0,cmtnfq11g17lqqq4z1y30342j,0,UNKNOWN,Michael Kors (Portugal) lda,0,,RETAIL,,UNKNOWN,,,MICHAEL_KORS_PORTUGAL_LDA,,,PENDING
0,cmtnfq1g617tiqq4zud3w5cba,0,UNKNOWN,Michael Kors Stores LLC,0,,RETAIL,,UNKNOWN,,,MICHAEL_KORS_STORES_LLC,,,PENDING
0,cmtnfq1u41811qq4z5let2nkn,0,UNKNOWN,Michael Kors (Sweden) AB,0,,RETAIL,,UNKNOWN,,,MICHAEL_KORS_SWEDEN_AB,,,PENDING
0,cmtnfq2ka18ehqq4ztq6exqb1,0,UNKNOWN,Michael Kors (Switzerland) GmbH,0,,RETAIL,,UNKNOWN,,,MICHAEL_KORS_SWITZERLAND_GMBH,,,PENDING
0,cmtnfq14j17n6qq4zam179xs7,0,UNKNOWN,Michael Kors (Switzerland) Retail GmbH,0,,RETAIL,,UNKNOWN,,,MICHAEL_KORS_SWITZERLAND_RETAIL_GMBH,,,PENDING
0,cmtnfq16417o2qq4zxact56oi,0,UNKNOWN,Michael Kors (UK) limited,0,,RETAIL,,UNKNOWN,,,MICHAEL_KORS_UK_LIMITED,,,PENDING
0,cmtnfq1bk17quqq4z75zfxf5l,0,UNKNOWN,Michael Kors (USA) Inc,0,,RETAIL,,UNKNOWN,,,MICHAEL_KORS_USA_INC,,,PENDING
0,cmtnfq2l718etqq4zio1elzr8,0,UNKNOWN,Michael Kors Yuhanhoesa,0,,RETAIL,,UNKNOWN,,,MICHAEL_KORS_YUHANHOESA,,,PENDING
0,cmtki4sbe1gdbmn2bhddfzw5g,0,UNKNOWN,Michael Page France,0,,RECRUITER,,UNKNOWN,,PageGroup,MICHAEL_PAGE,,,PENDING
0,cmtkdvxm51sqonf2bdh5yhaw6,0,UNKNOWN,MIRAMAS,0,,OTHER,,UNKNOWN,,,MIRAMAS,,,PENDING
0,cmtkdw1v11txbnf2brkiw78b5,0,UNKNOWN,MIROIR AGENCY,0,,OTHER,,UNKNOWN,,,MIROIR_AGENCY,,,PENDING
0,cmtnac1u52sncqq5lmrh9nt9d,1,UNKNOWN,MISERICORDIA,0,misericordia.shop,FASHION,,UNKNOWN,,,MISERICORDIA,manual,,PENDING
0,cmtn8953h202xqq5l0wg4j1gu,0,UNKNOWN,MNG MANGO IRELAND LIMITED,0,,FASHION,,UNKNOWN,,,MNG_MANGO_IRELAND_LIMITED,,,PENDING
0,cmtkdvwy81sjlnf2b2j5x2yr8,0,UNKNOWN,MODENTRÉE,0,,OTHER,,UNKNOWN,,,MODENTREE,,,PENDING
0,cmtk4a6hw1qxrny2bb7jwpoi8,0,UNKNOWN,Moët Hennessy Champagne Services,0,,LUXURY,,UNKNOWN,,,MOET_HENNESSY_CHAMPAGNE_SERVICES,,,PENDING
0,cmtkdvuv91ruunf2bqt5agl0n,0,UNKNOWN,MOISMONT,0,,OTHER,,UNKNOWN,,,MOISMONT,,,PENDING
0,cmtkdw2q41u83nf2b9le4oqoy,1,UNKNOWN,MOLLI,0,molli.com,FASHION,,UNKNOWN,,,MOLLI,wikidata,,PENDING
0,cmtkdvujt1rpvnf2bgiok2qi8,1,UNKNOWN,MOLLY BRACKEN,0,mollybracken.com,FASHION,,UNKNOWN,,,MOLLY_BRACKEN,manual,,PENDING
0,cmtkdw2eu1u4fnf2bkrypzdc7,1,UNKNOWN,MOONYOUNGHEE,0,,FASHION,,UNKNOWN,,,MOONYOUNGHEE,,,PENDING
0,cmtlyfa6x00haqf5kd6jt9oo9,0,UNKNOWN,Mosaic,0,,RETAIL,,UNKNOWN,,,MOSAIC,,,PENDING
0,cmtlypqdy0l7pqf5ks7h8980u,0,UNKNOWN,Movado Group Deutchland GmbH,0,,RETAIL,,UNKNOWN,,,MOVADO_GROUP_DEUTCHLAND_GMBH,,,PENDING
0,cmtlyppyf0l2pqf5k7g99aly4,1,UNKNOWN,"Movado Group, Inc.",0,,RETAIL,,UNKNOWN,,,MOVADO_GROUP_INC,,,PENDING
0,cmtlypq9v0l6dqf5kialasi2g,0,UNKNOWN,Movado Group Nederland B.V.,0,,RETAIL,,UNKNOWN,,,MOVADO_GROUP_NEDERLAND_B_V,,,PENDING
0,cmtlypq180l3pqf5kuja1wria,0,UNKNOWN,Movado Group Private Limited,0,,RETAIL,,UNKNOWN,,,MOVADO_GROUP_PRIVATE_LIMITED,,,PENDING
0,cmtkdvupt1rslnf2biqz49iwm,0,UNKNOWN,M.R. AGENCY,0,,OTHER,,UNKNOWN,,,M_R_AGENCY,,,PENDING
0,cmtkdvydh1szsnf2bd1h06uo3,1,UNKNOWN,MVO STUDIO,0,mvo-studio.fr,FASHION,,UNKNOWN,,,MVO_STUDIO,manual,,PENDING
0,cmtk1xo5o01r8nv2bdb8gyo9y,0,UNKNOWN,My Blend,0,,BEAUTY,,UNKNOWN,,Clarins Group,MY_BLEND,,,PENDING
0,cmtkdvyfp1t0onf2b16gy3kfe,0,UNKNOWN,MYLO CONCEPT STORE,0,,RETAIL,,UNKNOWN,,,MYLO_CONCEPT_STORE,,,PENDING
0,cmtkdw4791up7nf2bp0ht2j5o,0,UNKNOWN,MYSELF PRODUCTION,0,,FASHION,,UNKNOWN,,,MYSELF_PRODUCTION,,,PENDING
0,cmtkdw2v41u9vnf2bn37sk4r5,1,UNKNOWN,NABOU PARIS,0,,FASHION,,UNKNOWN,,,NABOU_PARIS,,,PENDING
0,cmtkdvx8p1sm6nf2bvy1dc73i,0,UNKNOWN,NATAN SA,0,,OTHER,,UNKNOWN,,,NATAN,,,PENDING
0,cmtp25h5x0fi7qq4zljjhxy3x,0,UNKNOWN,New Balance Athletic Shoes (UK) Limited,0,,RETAIL,,UNKNOWN,,,NEW_BALANCE_ATHLETIC_SHOES_UK_LIMITED,,,PENDING
0,cmtp25hre0fpjqq4zcdhbi10z,0,UNKNOWN,"New Balance Athletics, Inc.",0,,RETAIL,,UNKNOWN,,,NEW_BALANCE_ATHLETICS_INC,,,PENDING
0,cmtp25hrk0fpnqq4zz2kbcb8p,0,UNKNOWN,"New Balance Canada, Inc.",0,,RETAIL,,UNKNOWN,,,NEW_BALANCE_CANADA_INC,,,PENDING
0,cmtp25h4z0fhvqq4zb90y3pdw,0,UNKNOWN,New Balance Europe B.V.,0,,RETAIL,,UNKNOWN,,,NEW_BALANCE_EUROPE_B_V,,,PENDING
0,cmtp25h6e0fifqq4zvel2ucfd,0,UNKNOWN,New Balance France Retail SARL,0,,RETAIL,,UNKNOWN,,,NEW_BALANCE_RETAIL,,,PENDING
0,cmtp25h840fj3qq4zr9xr3rju,0,UNKNOWN,New Balance Germany GmbH,0,,RETAIL,,UNKNOWN,,,NEW_BALANCE_GERMANY_GMBH,,,PENDING
0,cmtp25hd00flbqq4z6jbwcnuv,0,UNKNOWN,New Balance Italy S.R.L.,0,,RETAIL,,UNKNOWN,,,NEW_BALANCE_ITALY_S_R_L,,,PENDING
0,cmtp25h8t0fjfqq4zdp8t3jcb,0,UNKNOWN,New Balance Netherlands BV,0,,RETAIL,,UNKNOWN,,,NEW_BALANCE_NETHERLANDS_BV,,,PENDING
0,cmtkdvwlc1sgcnf2bemx9zsc6,1,UNKNOWN,NICE CONCEPT RECRUTEMENT,0,,OTHER,,UNKNOWN,,,NICE_CONCEPT_RECRUTEMENT,,,PENDING
0,cmtkdvvb01s0pnf2bvkmtinwi,0,UNKNOWN,NICEWORK,0,,OTHER,,UNKNOWN,,,NICEWORK,,,PENDING
0,cmtm8oxbd1h21pv5jhmbgddes,0,UNKNOWN,Nike Australia Pty. Ltd.,0,,RETAIL,,UNKNOWN,,,NIKE_AUSTRALIA_PTY_LTD,,,PENDING
0,cmtm8ow561godpv5jioq0amcs,1,UNKNOWN,NIKE Canada Corp.,0,,RETAIL,,UNKNOWN,,,NIKE_CANADA_CORP,,,PENDING
0,cmtm8owyb1gxhpv5jz5y1yy2t,0,UNKNOWN,Nike China Holding HK Limited,0,,RETAIL,,UNKNOWN,,,NIKE_CHINA_HOLDING_HK_LIMITED,,,PENDING
0,cmtm8oyzz1hmlpv5jrnmdr5zj,0,UNKNOWN,NIKE Global Trading BV,0,,RETAIL,,UNKNOWN,,,NIKE_GLOBAL_TRADING_BV,,,PENDING
0,cmtm8ow4n1go9pv5jjuq5uno8,8,UNKNOWN,"NIKE, Inc.",0,nike.com,RETAIL,,UNKNOWN,,,NIKE_INC,wikidata,,PENDING
0,cmtm8oxc61h2dpv5jmsaue6rp,0,UNKNOWN,NIKE India Private Limited,0,,RETAIL,,UNKNOWN,,,NIKE_INDIA_PRIVATE_LIMITED,,,PENDING
0,cmtm8owa21gptpv5jwqp16wxo,2,UNKNOWN,NIKE India Technology Center Private Limited,0,,RETAIL,,UNKNOWN,,,NIKE_INDIA_TECHNOLOGY_CENTER_PRIVATE_LIMITED,,,PENDING
0,cmtm8oybl1he9pv5jg3vzyzoh,0,UNKNOWN,NIKE Japan Corporation,0,,RETAIL,,UNKNOWN,,,NIKE_JAPAN_CORPORATION,,,PENDING
0,cmtm8owyl1gxlpv5ju60x6qfi,0,UNKNOWN,Nike Japan Group LLC,0,,RETAIL,,UNKNOWN,,,NIKE_JAPAN_GROUP_LLC,,,PENDING
0,cmtm8owqf1gv1pv5jzaptvv27,0,UNKNOWN,NIKE Retail Belgium,0,,RETAIL,,UNKNOWN,,,NIKE_RETAIL_BELGIUM,,,PENDING
0,cmtm8owbz1gqdpv5jzk5s0e9v,0,UNKNOWN,NIKE Retail France,0,,RETAIL,,UNKNOWN,,,NIKE_RETAIL,,,PENDING
0,cmtm8owc91gqhpv5jqa283v99,2,UNKNOWN,NIKE Retail Germany,0,,RETAIL,,UNKNOWN,,,NIKE_RETAIL_GERMANY,,,PENDING
0,cmtm8owhm1gs5pv5jm70jpo7g,1,UNKNOWN,NIKE Retail Italy,0,,RETAIL,,UNKNOWN,,,NIKE_RETAIL_ITALY,,,PENDING
0,cmtm8oxhh1h49pv5jqclfah77,2,UNKNOWN,NIKE Retail Services,0,,RETAIL,,UNKNOWN,,,NIKE_RETAIL_SERVICES,,,PENDING
0,cmtm8owpd1guppv5j15bqkmn9,0,UNKNOWN,NIKE Retail Spain,0,,RETAIL,,UNKNOWN,,,NIKE_RETAIL_SPAIN,,,PENDING
0,cmtm8oytm1hkhpv5jkgcqamap,1,UNKNOWN,NIKE Retail Switzerland,0,,RETAIL,,UNKNOWN,,,NIKE_RETAIL_SWITZERLAND,,,PENDING
0,cmtm8ox541gzxpv5j68ld2snr,0,UNKNOWN,"NIKE Sourcing (Guangzhou) Co., Ltd.",0,,RETAIL,,UNKNOWN,,,NIKE_SOURCING_GUANGZHOU_CO_LTD,,,PENDING
0,cmtm8oxqg1h7lpv5jdtq655bl,0,UNKNOWN,NIKE Sourcing India Private Limited,0,,RETAIL,,UNKNOWN,,,NIKE_SOURCING_INDIA_PRIVATE_LIMITED,,,PENDING
0,cmtm8p0f71i39pv5jj8whg3p9,0,UNKNOWN,Nike Taiwan Limited,0,,RETAIL,,UNKNOWN,,,NIKE_TAIWAN_LIMITED,,,PENDING
0,cmtm8oxcz1h2ppv5jdgpf6kjd,0,UNKNOWN,Nike (Thailand) Ltd.,0,,RETAIL,,UNKNOWN,,,NIKE_THAILAND_LTD,,,PENDING
0,cmtpjpi0a2fafpf5ln13si0cm,0,UNKNOWN,Nordstrom Inc,0,nordstrom.com,RETAIL,,UNKNOWN,,,NORDSTROM_INC,wikidata,,PENDING
0,cmtkdvuok1rrtnf2byceui6c7,0,UNKNOWN,NOTSHY,0,,OTHER,,UNKNOWN,,,NOTSHY,,,PENDING
0,cmtnac1pd2slhqq5lddztuhbt,1,UNKNOWN,NOUR HAMMOUR,0,nour-hammour.com,FASHION,,UNKNOWN,,,NOUR_HAMMOUR,wikidata,,PENDING
0,cmtm8oxxz1h9tpv5j44j5trtr,0,UNKNOWN,NRBV Admin (inactif),0,,RETAIL,,UNKNOWN,,,NRBV_ADMIN_INACTIF,,,PENDING
0,cmtkdw20c1tz5nf2bn3qj97qi,1,UNKNOWN,ODACE,0,,FASHION,,UNKNOWN,,,ODACE,,,PENDING
0,cmtkdvv941rzynf2b2y3wk2vf,0,UNKNOWN,OFFICINE GÉNÉRALE,0,,FASHION,,UNKNOWN,,,OFFICINE_GENERALE,,,PENDING
0,cmtlyikz3065nqf5k4rcrf5wk,0,UNKNOWN,ōhme,0,ohme.shop,RETAIL,,UNKNOWN,,,OHME,wikidata,,PENDING
0,cmtkdvuki1rq7nf2bru0k9oqb,0,UNKNOWN,ŌKAN STUDIO,0,,OTHER,,UNKNOWN,,,OKAN_STUDIO,,,PENDING
0,cmtkdvucs1rn0nf2bc64zqrgw,1,UNKNOWN,ONLY STORES FRANCE,0,,FASHION,,UNKNOWN,,,ONLY_STORES,,,PENDING
0,cmtkdvyl11t2fnf2bhs0ofndn,1,UNKNOWN,OPALITE MUSIC,0,,FASHION,,UNKNOWN,,,OPALITE_MUSIC,,,PENDING
0,cmtlyknr70al8qf5k07aj5ajd,5,UNKNOWN,"Orlando Bathing Suit, LLC",0,orlandobathingsuit.com,RETAIL,,UNKNOWN,,,ORLANDO_BATHING_SUIT_LLC,manual,,PENDING
0,cmtkdvul11rqfnf2bhcu5g9al,0,UNKNOWN,PAIN DE SUCRE,0,,OTHER,,UNKNOWN,,,PAIN_DE_SUCRE,,,PENDING
0,cmtkdvv0b1rwunf2buofei3le,1,UNKNOWN,PALMER INTERNATIONAL,0,,FASHION,,UNKNOWN,,,PALMER_INTERNATIONAL,,,PENDING
0,cmtkdvvre1s6qnf2brz4pdh60,0,UNKNOWN,PAUL & JOE,0,,OTHER,,UNKNOWN,,,PAUL_AND_JOE,,,PENDING
0,cmtlylkod0crwqf5k1rxzc94t,0,UNKNOWN,Peloton,0,onepeloton.com,RETAIL,,UNKNOWN,,,PELOTON,wikidata,,PENDING
0,cmtkdvut11rtxnf2bbx2stelb,0,UNKNOWN,PERSONAL SELLER PARIS,0,,FASHION,,UNKNOWN,,,PERSONAL_SELLER_PARIS,,,PENDING
0,cmtkdvvps1s62nf2bsgeq4q8i,0,UNKNOWN,PHILIPPE MODEL,0,,OTHER,,UNKNOWN,,,PHILIPPE_MODEL,,,PENDING
0,cmtke4lpz05a4lp2bdckzf8oe,0,UNKNOWN,Philosophy,0,,BEAUTY,,UNKNOWN,,Coty,PHILOSOPHY,,,PENDING
0,cmtkdvukc1rq3nf2b2xq90dvh,1,UNKNOWN,PIAPARIS,0,,FASHION,,UNKNOWN,,,PIAPARIS,,,PENDING
0,cmtkdvxhm1spenf2bhopz9nlc,0,UNKNOWN,PLAQ,0,,OTHER,,UNKNOWN,,,PLAQ,,,PENDING
0,cmtnac11o2se4qq5l80cz19jg,1,UNKNOWN,POINT PLUME,0,pointplume.com,FASHION,,UNKNOWN,,,POINT_PLUME,manual,,PENDING
0,cmtkdvxip1spqnf2bzqsn7awe,1,UNKNOWN,POIRAY INTERNATIONAL,0,poiray.com,JEWELRY_WATCHES,,UNKNOWN,,,POIRAY_INTERNATIONAL,manual,,PENDING
0,cmtkevx0q0f94p22bzj7l1pu5,0,UNKNOWN,Prada Beauty,0,,BEAUTY,,UNKNOWN,,L'Oreal,PRADA_BEAUTY,,,PENDING
0,cmtkdvvxk1s8znf2bxnfuzkgb,0,UNKNOWN,PRAGMA,0,,OTHER,,UNKNOWN,,,PRAGMA,,,PENDING
0,cmtkdw36f1udznf2b2l37ywkp,1,UNKNOWN,PRINCESSE TAM TAM,0,,FASHION,,UNKNOWN,,,PRINCESSE_TAM_TAM,,,PENDING
0,cmtkdvw4j1sannf2bmoef4bim,0,UNKNOWN,PROJECT X PARIS,0,,FASHION,,UNKNOWN,,,PROJECT_X_PARIS,,,PENDING
0,cmtke8b8q0bqdlp2b0b11m6lb,0,UNKNOWN,Rabanne,0,,FASHION,,UNKNOWN,,Puig,RABANNE,,,PENDING
0,cmtkdw3m71uj9nf2b767u7mkh,0,UNKNOWN,RAG & BONE,0,,FASHION,,UNKNOWN,,,RAG_AND_BONE,,,PENDING
0,cmtp1z8q2042iqq4zlj578r07,0,UNKNOWN,Rebag,0,rebag.com,RETAIL,,UNKNOWN,,,REBAG,wikidata,,PENDING
0,cmtkdw1xt1ty6nf2b4dyn4u5k,2,UNKNOWN,RECIFE PARIS,0,,FASHION,,UNKNOWN,,,RECIFE_PARIS,,,PENDING
0,cmtkdvxaf1smunf2b1fvvu80k,0,UNKNOWN,REINER,0,,OTHER,,UNKNOWN,,,REINER,,,PENDING
0,cmtm7vjrj13gbpv5jr39bo99f,4,UNKNOWN,Richemont Logo,0,,LUXURY,,UNKNOWN,,,RICHEMONT_LOGO,,,PENDING
0,cmtk1zfg905uanv2bia5cvq2s,0,UNKNOWN,Rimmel,0,,BEAUTY,,UNKNOWN,,Coty,RIMMEL,,,PENDING
0,cmtkdvxpz1srwnf2be10ot3rk,0,UNKNOWN,RIVECOUR,0,,OTHER,,UNKNOWN,,,RIVECOUR,,,PENDING
0,cmtkdvzqj1taznf2blun1ebp0,1,UNKNOWN,RIVER WOODS,0,riverwoods.net,FASHION,,UNKNOWN,,,RIVER_WOODS,manual,,PENDING
0,cmtkdvykk1t27nf2bys4t6v2k,0,UNKNOWN,ROOM SERVICE,0,,OTHER,,UNKNOWN,,,ROOM_SERVICE,,,PENDING
0,cmtnac1oo2sl5qq5lp9q1h0mz,1,UNKNOWN,ROSEANNA,0,roseanna.fr,FASHION,,UNKNOWN,,,ROSEANNA,manual,,PENDING
0,cmtkdvuoc1rrpnf2b0f8dunsp,0,UNKNOWN,ROUJE,0,,FASHION,,UNKNOWN,,,ROUJE,,,PENDING
0,cmtp40a0d1njbqq4zox97m6qz,0,UNKNOWN,SAKS & CO LLC,0,saksfifthavenue.com,RETAIL,,UNKNOWN,,,SAKS_AND_CO_LLC,wikidata,,PENDING
0,cmtp40a9f1nnvqq4zl66v3skj,0,UNKNOWN,SAKS COM LLC,0,,RETAIL,,UNKNOWN,,,SAKS_COM_LLC,,,PENDING
0,cmtk1zlfk066xnv2bvxr547jp,0,UNKNOWN,Sally Hansen,0,,BEAUTY,,UNKNOWN,,Coty,SALLY_HANSEN,,,PENDING
0,cmtkdvuci1rmwnf2bcm602sh6,4,UNKNOWN,SAMAYA,0,,FASHION,,UNKNOWN,,,SAMAYA,,,PENDING
0,cmtlq3u3c1lvnpg2bs3iku811,1,UNKNOWN,SCARLETTE ATELIERS,0,,FASHION,,UNKNOWN,,,SCARLETTE_ATELIERS,,,PENDING
0,cmtkdw1e11tswnf2b6fd0b63d,0,UNKNOWN,SCRUNCHIE IS BACK,0,,OTHER,,UNKNOWN,,,SCRUNCHIE_IS_BACK,,,PENDING
0,cmtkdvunv1rrinf2bgoj9qxls,0,UNKNOWN,SEBAGO,0,,OTHER,,UNKNOWN,,,SEBAGO,,,PENDING
0,cmto8w8vd2xrsqq4ztjyb9i24,1,UNKNOWN,SEKI ARTISANAL,0,sekiartisanal.com,FASHION,,UNKNOWN,,,SEKI_ARTISANAL,manual,,PENDING
0,cmtkdvv8n1rzunf2bk8t5pcdk,0,UNKNOWN,SHOWROOM MULTIBRAND,0,,OTHER,,UNKNOWN,,,SHOWROOM_MULTIBRAND,,,PENDING
0,cmtkdw3gt1uhinf2bsgiz31tp,0,UNKNOWN,SOLOVIÈRE PARIS,0,,FASHION,,UNKNOWN,,,SOLOVIERE_PARIS,,,PENDING
0,cmtkdvuj41rpjnf2b4ho0y3oh,1,UNKNOWN,SOPHIE MALLEBRANCHE®,0,sophiemallebranche.com,FASHION,,UNKNOWN,,,SOPHIE_MALLEBRANCHE,manual,,PENDING
0,cmtkdvvyr1s9dnf2bl8od2ae3,0,UNKNOWN,SOULIERS MARTINEZ,0,,OTHER,,UNKNOWN,,,SOULIERS_MARTINEZ,,,PENDING
0,cmtkdvv4m1ryinf2bebdy3a0q,0,UNKNOWN,SPORTY & RICH,0,,OTHER,,UNKNOWN,,,SPORTY_AND_RICH,,,PENDING
0,cmtkdvujm1rprnf2bxs0f0zgm,1,UNKNOWN,STEAMONE,0,steam-one.com,FASHION,,UNKNOWN,,,STEAMONE,manual,,PENDING
0,cmtlyjuwu08xuqf5kl43ilrhw,0,UNKNOWN,Stella McCartney America Inc.,0,,RETAIL,,UNKNOWN,,,STELLA_MCCARTNEY_AMERICA_INC,,,PENDING
0,cmtlyjuur08xaqf5klhwkbnba,0,UNKNOWN,Stella McCartney Italia S.r.l,0,,RETAIL,,UNKNOWN,,,STELLA_MCCARTNEY_ITALIA_S_R_L,,,PENDING
0,cmtlyjv1z08zqqf5kcgokabae,0,UNKNOWN,Stella McCartney (Japan) Limited,0,,RETAIL,,UNKNOWN,,,STELLA_MCCARTNEY_JAPAN_LIMITED,,,PENDING
0,cmtlyjuwf08xqqf5k63jvwq7f,0,UNKNOWN,Stella McCartney Limited,0,,RETAIL,,UNKNOWN,,,STELLA_MCCARTNEY_LIMITED,,,PENDING
0,cmtkdvvw71s8inf2bxr5gbjmp,0,UNKNOWN,STEPHANE ROLLAND PARIS,0,,OTHER,,UNKNOWN,,,STEPHANE_ROLLAND_PARIS,,,PENDING
0,cmtnac1i32skaqq5lc9hsiv77,1,UNKNOWN,STEVEN PASSARO,0,stevenpassaro.com,FASHION,,UNKNOWN,,,STEVEN_PASSARO,manual,,PENDING
0,cmtm7vn7814r8pv5j6tlcdx9w,0,UNKNOWN,Stone By Stone,0,,RETAIL,,UNKNOWN,,,STONE_BY_STONE,,,PENDING
0,cmtm8m9oo1cjvpv5jkm4cmn9e,0,UNKNOWN,Stripe & Stare,0,,RETAIL,,UNKNOWN,,,STRIPE_AND_STARE,,,PENDING
0,cmtkdw24k1u0mnf2b541g84d9,1,UNKNOWN,SUPERGA BEAUTY,0,,BEAUTY,,UNKNOWN,,,SUPERGA_BEAUTY,,,PENDING
0,cmtkdvvvz1s8enf2bsrubjbdd,0,UNKNOWN,SUZEL,0,,OTHER,,UNKNOWN,,,SUZEL,,,PENDING
0,cmtkdw49i1uq5nf2b95oar2fi,0,UNKNOWN,SWANN PARIS,0,,FASHION,,UNKNOWN,,,SWANN_PARIS,,,PENDING
0,cmtp3skdu1dhkqq4zs6p5f1lp,0,UNKNOWN,Swarovski Australia Pty.,0,,JEWELRY_WATCHES,,UNKNOWN,,,SWAROVSKI_AUSTRALIA_PTY,,,PENDING
0,cmtp3skpn1dmkqq4zuua1szg8,0,UNKNOWN,Swarovski Belgium N.V.,0,,JEWELRY_WATCHES,,UNKNOWN,,,SWAROVSKI_BELGIUM_N_V,,,PENDING
0,cmtp3sjxu1daoqq4z5wh9yc61,0,UNKNOWN,Swarovski Canada Limited,0,,JEWELRY_WATCHES,,UNKNOWN,,,SWAROVSKI_CANADA_LIMITED,,,PENDING
0,cmtp3skim1djsqq4zox4c98rl,0,UNKNOWN,Swarovski (Deutschland) GmbH,0,,JEWELRY_WATCHES,,UNKNOWN,,,SWAROVSKI_DEUTSCHLAND_GMBH,,,PENDING
0,cmtp3sk0w1dbwqq4z4lszwmdi,0,UNKNOWN,Swarovski France S.A.,0,,JEWELRY_WATCHES,,UNKNOWN,,,SWAROVSKI_S_A,,,PENDING
0,cmtp3slpu1e30qq4zgzgtjqcj,0,UNKNOWN,Swarovski GBS Americas,0,,JEWELRY_WATCHES,,UNKNOWN,,,SWAROVSKI_GBS_AMERICAS,,,PENDING
0,cmtp3skre1dncqq4z07govslp,0,UNKNOWN,Swarovski GBS Asia,0,,JEWELRY_WATCHES,,UNKNOWN,,,SWAROVSKI_GBS_ASIA,,,PENDING
0,cmtp3smnt1ejsqq4zdvtai0x6,0,UNKNOWN,Swarovski Hellas S.A.,0,,JEWELRY_WATCHES,,UNKNOWN,,,SWAROVSKI_HELLAS_S_A,,,PENDING
0,cmtp3smek1efkqq4zscquo3uu,0,UNKNOWN,Swarovski Hong Kong Ltd.,0,,JEWELRY_WATCHES,,UNKNOWN,,,SWAROVSKI_HONG_KONG_LTD,,,PENDING
0,cmtp3sjyl1dawqq4zb37y74of,0,UNKNOWN,Swarovski Ibérica S.A.,0,,JEWELRY_WATCHES,,UNKNOWN,,,SWAROVSKI_IBERICA_S_A,,,PENDING
0,cmtp3sl311dskqq4zt5be6uy2,0,UNKNOWN,Swarovski International Holding AG,0,,JEWELRY_WATCHES,,UNKNOWN,,,SWAROVSKI_INTERNATIONAL_HOLDING_AG,,,PENDING
0,cmtp3sk571ddkqq4zh1sry6bq,0,UNKNOWN,Swarovski Ireland Limited,0,,JEWELRY_WATCHES,,UNKNOWN,,,SWAROVSKI_IRELAND_LIMITED,,,PENDING
0,cmtp3sktw1dogqq4zttcza7uv,0,UNKNOWN,Swarovski Korea Ltd.,0,,JEWELRY_WATCHES,,UNKNOWN,,,SWAROVSKI_KOREA_LTD,,,PENDING
0,cmtp3smcj1eekqq4z0uuyzs5i,0,UNKNOWN,"Swarovski Manufacturing (Thailand) Co., Ltd.",0,,JEWELRY_WATCHES,,UNKNOWN,,,SWAROVSKI_MANUFACTURING_THAILAND_CO_LTD,,,PENDING
0,cmtp3sn2t1eq8qq4zyxivpo7v,0,UNKNOWN,Swarovski Mobility GmbH,0,,JEWELRY_WATCHES,,UNKNOWN,,,SWAROVSKI_MOBILITY_GMBH,,,PENDING
0,cmtp3ske21dhoqq4zhj9bpepd,0,UNKNOWN,Swarovski Netherlands B.V.,0,,JEWELRY_WATCHES,,UNKNOWN,,,SWAROVSKI_NETHERLANDS_B_V,,,PENDING
0,cmtp3skey1di4qq4zh0w3bbt6,0,UNKNOWN,Swarovski North America,0,,JEWELRY_WATCHES,,UNKNOWN,,,SWAROVSKI_NORTH_AMERICA,,,PENDING
0,cmtp3sk2n1dcgqq4z3zhmte6o,0,UNKNOWN,Swarovski (Schweiz) AG,0,,JEWELRY_WATCHES,,UNKNOWN,,,SWAROVSKI_SCHWEIZ_AG,,,PENDING
0,cmtp3smk01ei8qq4zi6nnyv22,0,UNKNOWN,Swarovski Thailand Ltd.,0,,JEWELRY_WATCHES,,UNKNOWN,,,SWAROVSKI_THAILAND_LTD,,,PENDING
0,cmtp3sk3z1dd4qq4ztmg1pznk,0,UNKNOWN,Swarovski UK Ltd.,0,,JEWELRY_WATCHES,,UNKNOWN,,,SWAROVSKI_UK_LTD,,,PENDING
0,cmtkdvvag1s0hnf2bw5zd6uu0,0,UNKNOWN,SWEET PANTS,0,,OTHER,,UNKNOWN,,,SWEET_PANTS,,,PENDING
0,cmtkdw1vi1txjnf2b67ntr5ef,1,UNKNOWN,SYLVIA TOLEDANO,0,,FASHION,,UNKNOWN,,,SYLVIA_TOLEDANO,,,PENDING
0,cmtkdvxh51sp6nf2bf378kxvc,0,UNKNOWN,SYNALIA,0,,OTHER,,UNKNOWN,,,SYNALIA,,,PENDING
0,cmtp6oz5m2wl1qq4zllzqhixz,0,UNKNOWN,Tapestry (Cambodge) Company Ltd,0,,RETAIL,,UNKNOWN,,,TAPESTRY_CAMBODGE_COMPANY_LTD,,,PENDING
0,cmtp6owjt2vf5qq4zbtyyz3wf,0,UNKNOWN,"Tapestry Japan, LLC",0,,RETAIL,,UNKNOWN,,,TAPESTRY_JAPAN_LLC,,,PENDING
0,cmtkdw1ge1ttnnf2bf6qlqpws,2,UNKNOWN,TARA JARMON (GROUPE BRAND SISTERS),0,tarajarmon.com,FASHION,,UNKNOWN,,,TARA_JARMON_GROUPE_BRAND_SISTERS,manual,,PENDING
0,cmtkdvvjy1s4cnf2bs9ugdulp,1,UNKNOWN,TARTINE ET CHOCOLAT,0,tartine-et-chocolat.com,FASHION,,UNKNOWN,,,TARTINE_ET_CHOCOLAT,wikidata,,PENDING
0,cmtkdw3061ubonf2be8bqrbv7,3,UNKNOWN,TERAN CONDE PARIS,0,,FASHION,,UNKNOWN,,,TERAN_CONDE_PARIS,,,PENDING
0,cmtn7sbvi1vosqq5lrj5n5rr8,0,UNKNOWN,THA- Levi Strauss (Thailand) Ltd,0,,RETAIL,,UNKNOWN,,,THA_LEVI_STRAUSS_THAILAND_LTD,,,PENDING
0,cmtkdvvj41s40nf2bmfp6mn82,0,UNKNOWN,THE CLOTHETTE RETAIL,0,,RETAIL,,UNKNOWN,,,THE_CLOTHETTE_RETAIL,,,PENDING
0,cmtlyqj260mpqqf5kg0q0cru8,0,UNKNOWN,The Condé Nast Publications Limited,0,,RETAIL,,UNKNOWN,,,THE_CONDE_NAST_PUBLICATIONS_LIMITED,,,PENDING
0,cmtkdvui71rp3nf2breei6paw,1,UNKNOWN,THE KORNER,0,thekorner.fr,FASHION,,UNKNOWN,,,THE_KORNER,manual,,PENDING
0,cmtp2arf30lucqq4z3wnlay93,0,UNKNOWN,"The RealReal, Inc.",0,therealreal.com,RETAIL,,UNKNOWN,,,THE_REALREAL_INC,wikidata,,PENDING
0,cmtkdw14h1tqanf2b2pgvn179,0,UNKNOWN,THIERRY LASRY,0,,OTHER,,UNKNOWN,,,THIERRY_LASRY,,,PENDING
0,cmtm7dyi60wk4pv5jyroy4b19,0,UNKNOWN,TOAST,0,,RETAIL,,UNKNOWN,,,TOAST,,,PENDING
0,cmtkdvw3o1sabnf2btjprd7tw,0,UNKNOWN,TOPOLOGIE,0,,OTHER,,UNKNOWN,,,TOPOLOGIE,,,PENDING
0,cmtlyj63g07idqf5kwrpgkxnx,0,UNKNOWN,Towa,0,,RETAIL,,UNKNOWN,,,TOWA,,,PENDING
0,cmtlynbus0gwqqf5kd2jj09cp,0,UNKNOWN,Tulip,0,,RETAIL,,UNKNOWN,,,TULIP,,,PENDING
0,cmtn5a6a304zqqq5llvh08n5h,0,UNKNOWN,UNIQLO EUROPE LIMITED,0,,FASHION,,UNKNOWN,,,UNIQLO_EUROPE_LIMITED,,,PENDING
0,cmtp3x7v21harqq4z4w0ut49g,0,UNKNOWN,United States of Aritzia Inc.,0,,RETAIL,,UNKNOWN,,,UNITED_STATES_OF_ARITZIA_INC,,,PENDING
0,cmtkdvuha1ronnf2bx75dseo4,1,UNKNOWN,UNODE50,0,uno-de-50.com,FASHION,,UNKNOWN,,,UNODE50,manual,,PENDING
0,cmtk23whh0dgnnv2b2136d7se,0,UNKNOWN,Uriage,0,,BEAUTY,,UNKNOWN,,Puig,URIAGE,,,PENDING
0,cmtkdw36p1ue3nf2b971lcq8d,1,UNKNOWN,VANESSA SPOSI,0,,FASHION,,UNKNOWN,,,VANESSA_SPOSI,,,PENDING
0,cmtk21a5m08kpnv2bdz6a1b8s,0,UNKNOWN,Vanity Fair France,0,,MEDIA_AGENCY,,UNKNOWN,,Conde Nast,VANITY_FAIR,,,PENDING
0,cmtk1zrls06jknv2bk040kacx,0,UNKNOWN,Vera Wang Parfums,0,,BEAUTY,,UNKNOWN,,Coty,VERA_WANG_PARFUMS,,,PENDING
0,cmtmws95i0aakso4zzrkmzqjr,0,UNKNOWN,Versace Austria GMBH,0,,RETAIL,,UNKNOWN,,,VERSACE_AUSTRIA_GMBH,,,PENDING
0,cmtlylj4f0chmqf5ki5bcjo6p,0,UNKNOWN,Versace Canada,0,,RETAIL,,UNKNOWN,,,VERSACE_CANADA,,,PENDING
0,cmtlyljci0cjmqf5krn8qvljx,0,UNKNOWN,Versace Deutschland GmbH,0,,RETAIL,,UNKNOWN,,,VERSACE_DEUTSCHLAND_GMBH,,,PENDING
0,cmtlyljmv0cmiqf5kjicddtz7,0,UNKNOWN,"Versace Japan Co., Ltd.",0,,RETAIL,,UNKNOWN,,,VERSACE_JAPAN_CO_LTD,,,PENDING
0,cmtlyljgg0ckpqf5kw7pafgba,0,UNKNOWN,Versace Suisse SA,0,,RETAIL,,UNKNOWN,,,VERSACE_SUISSE,,,PENDING
0,cmtlylj7c0ci6qf5kmfivkt10,0,UNKNOWN,"Versace USA, Inc.",0,,RETAIL,,UNKNOWN,,,VERSACE_USA_INC,,,PENDING
0,cmtoq4zbf2zxoqq4zm9jn67c0,1,UNKNOWN,VESTIAIRE DES PARISIENNES,0,,FASHION,,UNKNOWN,,,VESTIAIRE_DES_PARISIENNES,,,PENDING
0,cmtlyfxix0180qf5k84f7vdui,1,UNKNOWN,"VF Outdoor, LLC",0,,OTHER,,UNKNOWN,,,VF_OUTDOOR_LLC,,,PENDING
0,cmtkdw0db1thlnf2bzpiszgpf,1,UNKNOWN,VICOMTE-A,0,vicomte-a.com,FASHION,,UNKNOWN,,,VICOMTE_A,wikidata,,PENDING
0,cmtlyev26004tqf5k2u68ppc5,0,UNKNOWN,VisionLab,0,visionlab.es,RETAIL,,UNKNOWN,,,VISIONLAB,wikidata,,PENDING
0,cmtk20yns085env2b2i9ccyg2,0,UNKNOWN,Vogue France,0,,MEDIA_AGENCY,,UNKNOWN,,Conde Nast,VOGUE,,,PENDING
0,cmtkdvv3c1rxynf2b6cs7vafv,1,UNKNOWN,VOILA ST BARTH,0,,FASHION,,UNKNOWN,,,VOILA_ST_BARTH,,,PENDING
0,cmtkdvvje1s44nf2b0y8tncyi,0,UNKNOWN,WEEKEND MAXMARA,0,,OTHER,,UNKNOWN,,,WEEKEND_MAXMARA,,,PENDING
0,cmtlygfh101y5qf5kgmmtf36o,1,UNKNOWN,White House Black Market,0,whitehouseblackmarket.com,OTHER,,UNKNOWN,,,WHITE_HOUSE_BLACK_MARKET,wikidata,,PENDING
0,cmtlyl7vy0bxcqf5kczwfj72i,0,UNKNOWN,Wing,0,,RETAIL,,UNKNOWN,,,WING,,,PENDING
0,cmtkdw3ek1ugmnf2b0qrb3rix,1,UNKNOWN,WINNING SEARCH,0,,FASHION,,UNKNOWN,,,WINNING_SEARCH,,,PENDING
0,cmtkdvxcr1snqnf2bihy71s5a,1,UNKNOWN,WSN DEVELOPPEMENT,0,wsn-events.com,FASHION,,UNKNOWN,,,WSN_DEVELOPPEMENT,manual,,PENDING
0,cmtkdw1to1twrnf2b34qv04xc,0,UNKNOWN,YALLÄ,0,,OTHER,,UNKNOWN,,,YALLA,,,PENDING
0,cmtkdw3ow1uk2nf2bn2aldzt4,0,UNKNOWN,YOUNIC BY DINA,0,,FASHION,,UNKNOWN,,,YOUNIC_BY_DINA,,,PENDING
0,cmtlq3uao1lxppg2bltvzk24o,2,UNKNOWN,YVES SALOMON,0,,FASHION,,UNKNOWN,,,YVES_SALOMON,,,PENDING
