All Blues	unresolved	
All Good	unresolved	
All Heart All The Time	unresolved	
All Golden	unresolved	
All My Pretties - Soap Boutique	unresolved	
Alkemie	unresolved	
All Natural Advice	unresolved	
All The Wild Roses	unresolved	
&DAUGHTER	unresolved	
ALL WE REMEMBER	unresolved	
All Things Jill	unresolved	
& Other Stories	unresolved	
Allan K	unresolved	
[ p H 7 ]	ats	smartrecruiters-whitelabel
Allbirds	unresolved	
+Vision	unresolved	
ALLBYB	unresolved	
Allegresse 24 Karat Skincare	unresolved	
Allen Edmonds	unresolved	
0&1	unresolved	
Allen Schwartz	unresolved	
Allen Solly	unresolved	
0039 italy	unresolved	
Alleyoop	unresolved	
Alma	ats	wttj
Allkind	unresolved	
'47	unresolved	
Allkinds	unresolved	
Allmade	unresolved	
Alma Milano	ats	wttj
ALLSAINTS	unresolved	
05 Studio	unresolved	
0711	unresolved	
allthingsfi	unresolved	
& Tread Well	unresolved	
1 People	unresolved	
Allude	unresolved	
Allurez	unresolved	
Alma & Lovis	ats	wttj
Alma & Pena	ats	wttj
10 Degrees Cooler	unresolved	
Ally Capellino	unresolved	
Ally Fashion	unresolved	
AllyLikes	unresolved	
0039 Italy	unresolved	
ALLTRUEIST By Maryna	unresolved	
Almahats	unresolved	
Alpaca Loca	ats	greenhouse
Almay	unresolved	
1000 Welcomes	unresolved	
Almgwand	unresolved	
100BON	unresolved	
Alo	unresolved	
ALO Diamonds	unresolved	
Alpha Company for Cosmetics LTD	ats	recruitee
1017 Alyx 9SM	unresolved	
ALOE	unresolved	
Alpha Industries	ats	recruitee
alpha industries	ats	recruitee
+1F	unresolved	
ALŌH	unresolved	
ALPHA OG	ats	recruitee
11 Degrees	unresolved	
alohas	unresolved	
'Ôrəbella	unresolved	
Aloisia Beauty	unresolved	
Alonpi	unresolved	
(di)vision	unresolved	
ALOve	unresolved	
1121 Apothecary	unresolved	
ALPAKA	unresolved	
Alpe Women Shoes	unresolved	
Alpenflüstern	unresolved	
10DAYS	unresolved	
&Co Woman	unresolved	
Alpenglow	unresolved	
100% Capri	unresolved	
1979 Swimwear	ats	smartrecruiters-whitelabel
Alpenkaetzle	unresolved	
1400 Below®	unresolved	
Alpha Organics	unresolved	
18.21 Man Made	unresolved	
209 MARE	unresolved	
Alpha60	unresolved	
1083	unresolved	
AlphaStyle	unresolved	
AlphaTauri	unresolved	
100% Pure	unresolved	
Alpina	unresolved	
Alpina	unresolved	
Alpine North	unresolved	
ALPINE PRO	unresolved	
Alpine Swiss	unresolved	
23ku	unresolved	
Also the Bison	unresolved	
12 STOREEZ	unresolved	
Alster Vandel	unresolved	
120% Lino	unresolved	
24colours	unresolved	
Alpina Žiri	unresolved	
10YC	unresolved	
Altamont	unresolved	
27Kids	unresolved	
Alpyn	unresolved	
139Made	unresolved	
Altar	unresolved	
281Z	unresolved	
alter ego	unresolved	
Alter Ego Clothing	unresolved	
Altar'd state	unresolved	
20to	unresolved	
2Star	unresolved	
2XU	unresolved	
Alter Made	unresolved	
ALTER X Company	unresolved	
3.1 Phillip Lim	unresolved	
Altercore	unresolved	
361 degrees	ats	wttj
Alternative	unresolved	
361˚	ats	wttj
361°	ats	wttj
Altered Apparel	unresolved	
361° Europe	ats	wttj
Alternative Apparel	unresolved	
Altınbaş	unresolved	
31 Sons de mode	unresolved	
19-69	unresolved	
Alto Milano	unresolved	
Alton Lane	unresolved	
365 by Whole Foods Market	unresolved	
3i	unresolved	
22fashion	unresolved	
Altra	unresolved	
2EROS	unresolved	
Altuzarra	unresolved	
ALUX	unresolved	
Alviero Martini 1A Classe	unresolved	
Always Give a Damn	unresolved	
2nd Day	unresolved	
Alvaro Moreno	unresolved	
3rd + Fairfax Beauty	unresolved	
ALWRLD	unresolved	
Amanda Barden	ats	wttj
Alyce Designs	unresolved	
Amanda Wakeley	ats	wttj
3 Suisses	unresolved	
AM Eyewear	unresolved	
AM Jewelry	unresolved	
337 Brand	unresolved	
3rd Diadem	unresolved	
360cashmere	unresolved	
30A	unresolved	
Am.A-line	unresolved	
Ama Pure	unresolved	
AMACA	unresolved	
417 EDIFICE	unresolved	
Amadeus	unresolved	
Amaia	unresolved	
Amazon	ats	personio
Amala	unresolved	
Amalgam	unresolved	
Amanda Ross Skin Care	unresolved	
100 Thieves	unresolved	
Amante Antwerp	unresolved	
Amapô	unresolved	
AMARI AMARI	unresolved	
Amarra	unresolved	
amaud	unresolved	
Amávia	unresolved	
Amazing Lash Studio	unresolved	
Âme Antwerp	ats	greenhouse
Amazing Red	unresolved	
4160 Tuesdays	unresolved	
Ame Balance	ats	greenhouse
3DG Jewellery	unresolved	
Amazula	unresolved	
1er Arrondissement	unresolved	
4F	unresolved	
Amber & June	unresolved	
Amber Budd Skincare	unresolved	
47 Street	unresolved	
Ambesonne	unresolved	
Amber Goes Green	unresolved	
4Kelp™ Skincare	unresolved	
Ambiletics	unresolved	
4th & Reckless	unresolved	
Ambiorix	unresolved	
3sixteen	unresolved	
4CCCCEES	unresolved	
Ambitious	unresolved	
4YOU	unresolved	
Amble Outdoors	unresolved	
585 Gold	ats	smartrecruiters-whitelabel
AMBUSH	unresolved	
5 SENS Inc.	unresolved	
4711	unresolved	
Amelie & Amelie	unresolved	
5.10.15	unresolved	
Amelie George Bridal	unresolved	
4-rth	unresolved	
AMENDI	unresolved	
Amenzia	unresolved	
AMEON	unresolved	
5C5V	unresolved	
Ameri VINTAGE	unresolved	
America's Best Contacts & Eyeglasses	unresolved	
66North	unresolved	
American Apparel	unresolved	
4funkyflavours	unresolved	
America Today	unresolved	
3Quarters	unresolved	
American Apparel Inc.	unresolved	
45R	unresolved	
American Eagle Outfitters	unresolved	
4Kinship	unresolved	
American Eagle	unresolved	
760 Skin	unresolved	
5LAKES&MT	unresolved	
American Freight	unresolved	
American Giant	unresolved	
American Golf	unresolved	
American Jewelry Design Council	unresolved	
American Swiss	unresolved	
American Tourister	unresolved	
American Trench	unresolved	
3Juin	unresolved	
5EME SAISON	unresolved	
Americanas	unresolved	
Ampère	ats	recruitee
Amicci	unresolved	
7319	unresolved	
Ampere Creations	ats	recruitee
amika	unresolved	
Amina Muaddi	unresolved	
Amirante Antica Sartoria Napoletana	unresolved	
585 Zolotoy	unresolved	
AMJ košile	unresolved	
7mil	unresolved	
Ammehoela	unresolved	
7 For All Mankind	unresolved	
Amorepacific Corporation	unresolved	
Amouage	unresolved	
Amour Vert	unresolved	
AMOV	unresolved	
Amour&Luxe	unresolved	
77Skin	unresolved	
6%DokiDoki	unresolved	
786 Cosmetics	unresolved	
amt.	unresolved	
AMPHI	unresolved	
Amway	unresolved	
88 RUE DU RHONE	unresolved	
Amy C. Lund	unresolved	
an an londree	unresolved	
Ana Alcazar	unresolved	
Ana Carttori New York	unresolved	
Anaak	unresolved	
Anabel Arto	unresolved	
Anabela Chan	unresolved	
7PLIS	unresolved	
Anact	unresolved	
Ana Luisa	unresolved	
7th Heaven	unresolved	
7115	unresolved	
Ana Sousa	unresolved	
8 FACES	unresolved	
Anastasia Beverly Hills	unresolved	
99PODSHOP	unresolved	
AnatolianCraft	unresolved	
Anapurna	unresolved	
9seed	unresolved	
Anchal	unresolved	
9Fashion	unresolved	
9jour	unresolved	
Anchor Me Down Apparel	unresolved	
8000Kicks	unresolved	
Anatomie	unresolved	
Ancient Egyptian Bath And Body Elixirs	unresolved	
77circa	unresolved	
Anaconda	unresolved	
Ancient Greek Sandals	unresolved	
Ancient Secrets	unresolved	
ANCUTA SARCA	unresolved	
And Less	unresolved	
and wander	unresolved	
AND1	unresolved	
Andersen-Andersen	unresolved	
Andalou Naturals	unresolved	
ANCHOR & CREW	unresolved	
Anchors-n-Asteroids	unresolved	
8 seconds	unresolved	
Andersson Bell	unresolved	
8848 Altitude	unresolved	
A BETTER MISTAKE	unresolved	
Anderson's Belt	unresolved	
Andie	unresolved	
Andorine	unresolved	
A House on the Moon	unresolved	
7camicie	unresolved	
André	unresolved	
André Assous	unresolved	
Andrea	unresolved	
ANDREA IYAMAH	unresolved	
Andrea Lord	unresolved	
Andrea Lucy Designs	unresolved	
André Opticas	unresolved	
Andrea Maack	unresolved	
Andrea Marques	unresolved	
ANDREA MONTELPARE	unresolved	
A A K S	unresolved	
ANDREĀDAMO	unresolved	
Angela Caglia Skincare	ats	personio
Anemos	unresolved	
A Beautiful Story	unresolved	
Andrews	unresolved	
8beaufort.Hamburg	unresolved	
anerkjendt	unresolved	
Andrew GN	unresolved	
3pommes	unresolved	
Andrés Sardá	unresolved	
Angela Kim Couture	ats	personio
Anecdote	unresolved	
Anfield Shop	unresolved	
Angela Pinto	ats	personio
ANGEL'S PARIS	unresolved	
À La Garçonne	unresolved	
ANGEL HOLD™ STYLING CREAM	unresolved	
Anekdot	unresolved	
ANGELEYE	unresolved	
Angelika Jozefczyk	unresolved	
angelrox	unresolved	
Angels	unresolved	
A Girl's Gotta Spa!	unresolved	
Angelstick®	unresolved	
Angels Ambition	unresolved	
Anger 1	unresolved	
Angie Watts	unresolved	
Angel & Rocket	unresolved	
ANINE BING	ats	greenhouse
Angie Wood Creations	unresolved	
A La Maison de Provence	unresolved	
Anglo-Italian	unresolved	
Angulus	unresolved	
A Fish Named Fred	unresolved	
à la luck	unresolved	
À l'Aise Breizh	unresolved	
A Natural Connection	unresolved	
Angus & Coote	unresolved	
A Day's March	unresolved	
A Pea in the Pod	unresolved	
A de Vivre	unresolved	
A LINE	unresolved	
Ani-k	unresolved	
A Perfect Jane	unresolved	
ANIA KRUK	unresolved	
Anim	unresolved	
Angelo de Lombardi	unresolved	
Animal Brain Beauty	unresolved	
A New Day	unresolved	
A Tiny Story	unresolved	
ANINI	unresolved	
Anita	unresolved	
A-COLD-WALL*	unresolved	
ANITA BILARDI	unresolved	
Anitas	unresolved	
Ánimus Lab	unresolved	
ANK	unresolved	
Anjealous	unresolved	
Anko	unresolved	
Ann Demeulemeester	unresolved	
Ann Kurz	unresolved	
A.B.C.L.	unresolved	
Ann Summers	unresolved	
Anja OriAn	unresolved	
A PERFECT NOMAD	unresolved	
Anna Bella	unresolved	
A Happy Brand	generic	generic-listing
Ann Taylor	unresolved	
ANNA DIAMOND	unresolved	
Anna Field	unresolved	
Anna in Bhutan	unresolved	
A.D.S.R	unresolved	
Anna Montana	unresolved	
Anna Morgun	unresolved	
a.i.n	unresolved	
A. Guery	unresolved	
annà museo	unresolved	
ANNA QUAN	unresolved	
Anna und Paul	unresolved	
A Wear	generic	generic-listing
Anna van Toor	unresolved	
Anna Walker	unresolved	
A. ROEGE HOVE	unresolved	
Anna Luchini	unresolved	
Ann Tuil	unresolved	
Anna+nina	unresolved	
Annadiva	unresolved	
ANNAMARIAANGELIKA	unresolved	
Annaut	unresolved	
Anne Fontaine	unresolved	
A.F. Maglieria	unresolved	
Anne Hermine	unresolved	
Anne Isabella	unresolved	
Anne Vest	unresolved	
Annebra	unresolved	
ANNI	unresolved	
AnniBlackLeopard	unresolved	
Annie Hamilton	unresolved	
A Part OF THE ART	generic	generic-listing
Annil	unresolved	
Annoushka	unresolved	
A.P. CHEM	unresolved	
Annmarie Skin Care	unresolved	
Anny Nord	unresolved	
A.S.O	unresolved	
anokha®	unresolved	
Anokhi	unresolved	
Anonimo	unresolved	
A.P.C.	unresolved	
Anonyme	unresolved	
Anointment Natural Skin Care Inc.	unresolved	
Anonymous Copenhagen	unresolved	
A.S.Adventure	unresolved	
Another me	unresolved	
A2Z Beauty	unresolved	
A-DAM	unresolved	
Another Brand	unresolved	
Another Sunday	unresolved	
A-Cords	unresolved	
Another Tomorrow	unresolved	
a.p.c	ats	wttj
AA SpontanéTextiles	unresolved	
Another-Label	unresolved	
A. Lange & Söhne	unresolved	
Anotherwoman	unresolved	
Aadnevik	unresolved	
Aaizél	unresolved	
ANREALAGE	unresolved	
ANSE	unresolved	
AAR Products	unresolved	
Ansea	unresolved	
Ansemiu	unresolved	
AARON ESH	unresolved	
ANSON'S	unresolved	
ANSPINNEN	unresolved	
ANTA	unresolved	
Aarre	unresolved	
ANTAGONY	unresolved	
Anton & Willem	ats	personio
Anteater	unresolved	
Anton Heunis	ats	personio
AARVEN	unresolved	
A Piece of Chic	unresolved	
Antevorta Laboratories	unresolved	
Anton Sport	ats	personio
Anthea Crawford	unresolved	
AB Living Essentials	unresolved	
Anthem	unresolved	
A&A	unresolved	
Anthony Vincé Nail Spa	unresolved	
Aatise	unresolved	
A3 SPORT	unresolved	
A.L.C.	unresolved	
Anthony's London	unresolved	
Anthropologie	unresolved	
Antiform	unresolved	
Abbot Kinney Apothecary	unresolved	
Aarikka	unresolved	
Antipast	unresolved	
ABC Schuh-Center	ats	greenhouse
Abby Rose Skin Care	unresolved	
Antoine & Lili	unresolved	
ABAHOUSE	unresolved	
ABC-Mart	ats	greenhouse
Aaron Terence Hughes	unresolved	
Antoine et Lili	unresolved	
ABLE	ats	greenhouse
Abele Optik	unresolved	
ANTONELLE	unresolved	
Abelone Wilhelmsen	unresolved	
Antonello Tedde	unresolved	
Antonia Zander	unresolved	
ABLE C&C CO.LTD	ats	greenhouse
Antonio Bernardo	unresolved	
Antonio Riva Milano	unresolved	
Antony Morato	unresolved	
Aartee Maheshwari	unresolved	
anunfold	unresolved	
Antony Morato	unresolved	
anushé pirani	unresolved	
Anvil Brand	unresolved	
ABOUT YOU	unresolved	
Any Di	unresolved	
Any size	unresolved	
Abbey Essentials	unresolved	
ANYA by Vivien	unresolved	
Abercrombie kids	unresolved	
Abercrombie & Fitch	unresolved	
Anya Hindmarch	unresolved	
Anyeluz	unresolved	
Absolutely Bear	unresolved	
Anywhere	unresolved	
Ao Skincare	unresolved	
Ao76	unresolved	
Absolutely Natural Inc	unresolved	
AOB Products	unresolved	
AOJO	unresolved	
Aokang	unresolved	
AOKI	unresolved	
ABODE OF SNOW	unresolved	
Apm	ats	wttj
AOURE	unresolved	
Aoyama Tailor	unresolved	
Aaiko	unresolved	
aparso	unresolved	
About Companions	unresolved	
Apart	unresolved	
ABYL	unresolved	
APL: Athletic Propulsion Labs	ats	teamtailor
Abrand Jeans	unresolved	
ABOUT.ALEXA	unresolved	
Apart	unresolved	
apart by lowrys	unresolved	
abro	unresolved	
ABSOLUTE NEW YORK	unresolved	
Apatchy	unresolved	
Apeel Aesthetics Naturals	unresolved	
Apollo	unresolved	
Academy Sports + Outdoors	unresolved	
Apo.Ge	unresolved	
Apollo-Optik	unresolved	
ACBC	unresolved	
AcARRE	unresolved	
Apostle	unresolved	
a.v.v	unresolved	
Apoterra	unresolved	
Apothepurity	unresolved	
Appalachian Growers	unresolved	
Apparel Advisors	unresolved	
Apparel Group LLC	unresolved	
Apple Bottoms	unresolved	
Abysse	unresolved	
APPARIS	unresolved	
Abun	unresolved	
Apple Oak Fibre Works	unresolved	
Accessorize	unresolved	
abun/dant	unresolved	
Apple Valley Natural Soap	unresolved	
Accessoire diffusion	unresolved	
APPLIED ART FORMS	unresolved	
Apposta	unresolved	
Apranga  AB	unresolved	
Apricot	unresolved	
Ace & Tate	unresolved	
Accel Lifestyle	unresolved	
APT.	unresolved	
Après Studio	unresolved	
Acaderma	unresolved	
APTO Skincare	unresolved	
APUREE	unresolved	
AQA	unresolved	
Apple of Eden	unresolved	
Aquae Jewels	unresolved	
AquaGuard	unresolved	
Aquastar	unresolved	
Aquatalia	unresolved	
Aquazzura	unresolved	
Aquilae	unresolved	
Ara	unresolved	
Ace & Jig	unresolved	
Ara AG	unresolved	
Araks	unresolved	
Ackermans	ats	teamtailor
Aramis	unresolved	
Arc'teryx	ats	teamtailor
Apuweiser-riche	unresolved	
Access Fashion	unresolved	
Aqua Natural	unresolved	
Aran Sweater Market	unresolved	
Aces Infinity	unresolved	
Aranyani	unresolved	
ARBER	unresolved	
Aciae	unresolved	
Arbor	unresolved	
Aramore Skincare	unresolved	
Aco Shoes	unresolved	
arboré.	unresolved	
arch4	unresolved	
Acqua di Genova	unresolved	
Arche	unresolved	
ARA Shoes	unresolved	
Archive	unresolved	
ARCONA	unresolved	
Arcopedico	unresolved	
Arctic Bay	unresolved	
6ixty 8ight	unresolved	
Ariana & Evans	ats	recruitee
Ardell Beauty	unresolved	
Ariana Grande	ats	recruitee
Ardene	unresolved	
Ariana Grande Fragrances	ats	recruitee
Arei Outdoor Gear	unresolved	
arena	unresolved	
Ace of Air	unresolved	
Ace Sunglasses	unresolved	
ARCH&LINE	unresolved	
ArenArt Forever	unresolved	
Acqua di Parma	unresolved	
Aristo Shmat	ats	personio
Areté	unresolved	
Arezzo (shoes)	unresolved	
Argeville	unresolved	
Arcina Ori	unresolved	
Aribella	unresolved	
Arielle Shoshana	unresolved	
ARIOSEyears	unresolved	
Arctic Fox Hair Color	unresolved	
Acne Studios	generic	generic-listing
Aris Bags	unresolved	
Aristide	unresolved	
Aristocrazy	unresolved	
ACURE	unresolved	
Aritzia	unresolved	
Arius Cosmetics	unresolved	
ArivaStreetwear	unresolved	
Arjé	unresolved	
Activist Skincare	unresolved	
Arket	unresolved	
Arilan Skincare	unresolved	
ACRONYM	unresolved	
Arkk	unresolved	
ARMA	unresolved	
Arizona Love	unresolved	
ARMEDANGELS	ats	personio
A.Kjærbede	unresolved	
Armaf	unresolved	
Armadillo Outfitter	unresolved	
Armand Basi	unresolved	
ACLER	unresolved	
Armand Nicolet	unresolved	
Arizona Addict	unresolved	
Armani Exchange	unresolved	
Arnie Says	ats	greenhouse
ARMANDO CABRAL	unresolved	
Armani Jeans	unresolved	
Armata di Mare	unresolved	
Armazém Paraíba	unresolved	
ARMBND	unresolved	
armi	unresolved	
Arms of Andes	unresolved	
Armor Lux	unresolved	
Army and Air Force Exchange Service	unresolved	
Army Logic	unresolved	
Arnsdorf	unresolved	
Acuitis	unresolved	
ARNTREAL	unresolved	
Adam	unresolved	
Activewear Bali	unresolved	
Arpege story Original	ats	wttj
ADAM ET ROPÉ	unresolved	
ARO	unresolved	
AC&co	generic	generic-listing
Aro	unresolved	
AROE	unresolved	
Acelera Cycling Couture	unresolved	
Aroma Bella	unresolved	
ADAY	unresolved	
Aroma Home	unresolved	
ART	ats	personio
Aroma Prodigy	unresolved	
ad-lib	unresolved	
Aroma-Zone	unresolved	
Art & Create	ats	personio
Art Disco	ats	personio
Addition Elle	unresolved	
Art of Vedas	ats	personio
Aromatherapy Rituals	unresolved	
Adelaide C. Ecoage	unresolved	
Art-93	ats	personio
Aromatic Creation	unresolved	
Art'Abaska	ats	personio
Aromatic Flavours and Fragrances	unresolved	
Adelante	unresolved	
Arte Italica	ats	wttj
Aroop India	unresolved	
Arpenteur	unresolved	
Arquiste	unresolved	
Arrels Barcelona	unresolved	
ARROW	unresolved	
Absorba	unresolved	
Arsène et les Pipelettes	unresolved	
Adesse New York®	unresolved	
Artelusa	unresolved	
Artemis Design Co.	unresolved	
AdHoc	unresolved	
Arthur	unresolved	
Adi Botany	unresolved	
Arthur Ford	unresolved	
Adia	unresolved	
Arthur Guld & Design	unresolved	
Arthur Knight	unresolved	
Adidas	unresolved	
ARTICLE22	unresolved	
Articles de Paris	unresolved	
Adam Lippes	unresolved	
Articles of Society	unresolved	
Adidas Originals	unresolved	
ARTIDA OUD	unresolved	
Artigiani Del Cuoio	unresolved	
adidas by Lena Situations	unresolved	
Artisan-Collage	unresolved	
ArtKatsura	unresolved	
Artknit Studios	unresolved	
Adele Dejak	unresolved	
ArtLove	unresolved	
Adamas	generic	generic-listing
Artsac	unresolved	
Artuyt	unresolved	
ARYS	unresolved	
ArzuKara	unresolved	
Arthus Bertrand	unresolved	
Artichoke	unresolved	
AS Colour	unresolved	
AS OF TODAY	unresolved	
As We Are	unresolved	
As we are now	unresolved	
AS by DF	unresolved	
AS98	unresolved	
ASHOKA	ats	lever
Adanola	generic	generic-listing
Ascena Retail Group	unresolved	
ADJ Paris	unresolved	
ASCENO	unresolved	
Asciari	unresolved	
Ascension Swim	unresolved	
ASCENTION Parfums	unresolved	
ASICS	ats	smartrecruiters-whitelabel
Asdet	unresolved	
Admiral Sports	unresolved	
Ash	unresolved	
Adanti Nederland	unresolved	
Ashanti Naturals	unresolved	
Asda	unresolved	
Ashara Jewels	unresolved	
Adika	generic	generic-listing
Adler Modemärkte	unresolved	
ashmei	unresolved	
ashuhari	unresolved	
ASHYA	unresolved	
ASK SCANDINAVIA	ats	teamtailor
Asiana	unresolved	
ADISH	unresolved	
ASKET	unresolved	
Asiri's treasures	unresolved	
Aspact	unresolved	
Aspen Glow	unresolved	
adL	unresolved	
ASPESI	unresolved	
Aspi	unresolved	
ASOS	ats	smartrecruiters-whitelabel
Asna Beauty	unresolved	
Aspiga	unresolved	
Adlin Hue	unresolved	
Adorna	unresolved	
Aspinal of London	unresolved	
Ader Error	unresolved	
ASPORTUGUESAS	unresolved	
Asklepios Garden	unresolved	
Asquith London	unresolved	
ASRV	unresolved	
Admise	unresolved	
Assembly Label	unresolved	
Aster & Oak	unresolved	
Adriana Degreas	unresolved	
Adina Reyter	unresolved	
Aster Skincare	unresolved	
Asterwood	unresolved	
Adopt	unresolved	
ästhetik skincare	unresolved	
Adrianna Papell	unresolved	
Astley Clarke	unresolved	
Astore	unresolved	
ADORE	unresolved	
Astonish Cleaning Products	unresolved	
asunsti	unresolved	
Adastria	generic	generic-listing
Astrid & Miyu	unresolved	
Adya Designs	unresolved	
At.P.Co	unresolved	
ASUYAMA	unresolved	
AELIA ANNA	unresolved	
Atalaye	unresolved	
aem.berlin	unresolved	
ATASAY	unresolved	
Atelier de Famille	unresolved	
Adolfo Dominguez	unresolved	
Atelier Emé	unresolved	
AERA	unresolved	
Atelier Gardeur	unresolved	
Atasun Optik	unresolved	
Adriano Stefanelli	unresolved	
Atelier Lavoisier	unresolved	
Atelier Minimalist	unresolved	
Atelier Munro	unresolved	
Atelier Noterman	unresolved	
ACTREE	unresolved	
Atelier Rebul	unresolved	
Atelier Reservé	unresolved	
Atelier Rêve	unresolved	
Atelier Torino	unresolved	
ADUH	unresolved	
Atelje DR Jewelry	unresolved	
Atelier Content	unresolved	
Adriatica	unresolved	
Atlantis	ats	personio
Athar'a Pure	unresolved	
Adriana Iglesias	unresolved	
Athison	unresolved	
Aéropostale	unresolved	
Athleta	unresolved	
Aesop	unresolved	
Athleta Inc	unresolved	
Aerchitect	unresolved	
ATHLETIC COSMETIC COMPANY LLC	unresolved	
Athletic Hands	unresolved	
AEMBR	unresolved	
Athletico	unresolved	
Aeta	unresolved	
Atenea Profesional	unresolved	
Atlanta Mocassin	unresolved	
Atlantic Blankets	unresolved	
Aevi Wellness	unresolved	
Atlas Rose	unresolved	
ATM	unresolved	
ATMOSEA	unresolved	
Aerie	unresolved	
atmos pink	unresolved	
Atmosphere	unresolved	
Athari Wear	unresolved	
ATO Berlin	unresolved	
Atol	unresolved	
ATOMY	unresolved	
ATON	unresolved	
Aethera	unresolved	
ATP Atelier	unresolved	
Aeston West	unresolved	
Aubade Paris	ats	wttj
Atsugi	unresolved	
Afends	unresolved	
Attaquer	unresolved	
AEVOR	unresolved	
Attesa	unresolved	
ATUKO	unresolved	
AEXAE	unresolved	
Attic and Barn	unresolved	
Atunas	unresolved	
ATWATER	unresolved	
Aeronautica Militare	unresolved	
Au vieux campeur	unresolved	
Aubercy	unresolved	
Aura 7 Activewear	ats	greenhouse
Aubrie	unresolved	
Aura Hair + Body Mist™ in Lychee Baby	ats	greenhouse
AERON	unresolved	
Audelia's Collection	unresolved	
Aura Hair + Body Mist™ Toasted Sugar	ats	greenhouse
Audimas  AB	unresolved	
Aura Hair Mist™	ats	greenhouse
Aura Moda Italiana	ats	greenhouse
Audio Architect Apparel	unresolved	
Aura Organics	ats	greenhouse
AFROBLONDE	unresolved	
Augeo	unresolved	
Affenzahn	unresolved	
ATZEN Superior to Organic® Skin Care	unresolved	
Auli Skin	unresolved	
August Society	unresolved	
aeyde	ats	personio
AFS Schuhe	unresolved	
Afflecks	unresolved	
After Label	unresolved	
Affix Works	unresolved	
Aulico	unresolved	
AG Jeans	unresolved	
Aullo Gold	unresolved	
AEMMI	unresolved	
Against All Odds	unresolved	
Aunu	unresolved	
Aeonia by Delavie Sciences	unresolved	
Aura Que	unresolved	
Auralee	unresolved	
Aure	unresolved	
Agatha Ruiz de la Prada	unresolved	
auratherapy	unresolved	
Agency	ats	smartrecruiters-whitelabel
Aurelia	unresolved	
Agave Healing Oil	unresolved	
Aurelie Bidermann	unresolved	
Aurélien	unresolved	
Aureum Collective	unresolved	
Auricoste	unresolved	
AurifyDesigns	unresolved	
Aurlex Tees	unresolved	
Agent p	unresolved	
Auromère	unresolved	
Agent Provocateur	unresolved	
Aussie Disposals	unresolved	
Australian	unresolved	
Avani	ats	greenhouse
Agiato	unresolved	
Australian Footwear	unresolved	
Auter	unresolved	
AuTerra	unresolved	
Auteur	unresolved	
Authentic	unresolved	
Automic Gold	unresolved	
Agella Beauty	unresolved	
AUTORE	unresolved	
Afnan Perfumes	generic	generic-listing
Autumn Cashmere	unresolved	
Aux Corps Anonymes	unresolved	
Avail	unresolved	
avant-atlas	unresolved	
Age of Innocence	unresolved	
Avarcas Menorquinas	unresolved	
Avarelle	unresolved	
AGOLDE	unresolved	
AFRIEK	unresolved	
Avatim	unresolved	
Avila	ats	teamtailor
Autumn Adeigbo	unresolved	
AgonSwim	unresolved	
Avavav	unresolved	
Avec Les Filles	unresolved	
Aetrex	unresolved	
avec ēlan	unresolved	
Aventura	unresolved	
AveSeena	unresolved	
Agarthi	unresolved	
Avesso	unresolved	
Aveda	unresolved	
Avesu	unresolved	
AGMES	unresolved	
Avia	unresolved	
ahimsa	unresolved	
Aviation88	unresolved	
Ahirain	unresolved	
Avirex	unresolved	
AVIREX Japan	unresolved	
ÅHLÉNS	unresolved	
Agnona	unresolved	
AVNIER	unresolved	
Avolta	unresolved	
agnès b. Japan	unresolved	
Avon Products Inc.	unresolved	
Avorio Skincare	unresolved	
agnès b.	unresolved	
AHYUN	unresolved	
Aigle	ats	digitalrecruiters
Avril	unresolved	
Aiayu	unresolved	
AW Lab	unresolved	
AW.Bridal	unresolved	
Awakening Spirit	unresolved	
AWARE Hair	unresolved	
Ahava	unresolved	
Agua Bendita	unresolved	
Awave Awake	unresolved	
Away	unresolved	
AWDis Ecologie	unresolved	
AXEL ARIGATO	unresolved	
AWG-Modecenter	unresolved	
Ay	unresolved	
Axess Wallets	unresolved	
Aya Label	unresolved	
Agazi	unresolved	
AYA Sacred Wear	unresolved	
Aimé Leon Dore	ats	greenhouse
Ayana	unresolved	
Ahura New York	unresolved	
Ayani	unresolved	
Ahlvar Gallery	unresolved	
Aybi	unresolved	
AgroHerc Organic	unresolved	
Ayeya	unresolved	
Air Scense	ats	greenhouse
Aykez	unresolved	
Air~Pourri	ats	greenhouse
AYODI	unresolved	
AIGNER	unresolved	
Aidan Mattox by Adrianna Papell	unresolved	
Agatha	unresolved	
AYOND	unresolved	
AIIFOS	unresolved	
Ayten Gasson	unresolved	
AZUL BY MOUSSY	ats	lever
Aimer	unresolved	
Ayurveda Sutra Co	unresolved	
AZ FACTORY	unresolved	
Airtox	unresolved	
Ayurblooms	unresolved	
Azayan	unresolved	
AIIR Professional	unresolved	
Azizi	unresolved	
Azmera Skin Care	unresolved	
Air Cosmetik	ats	teamtailor
AZNAR INNOVA S.A.	unresolved	
AZOURANE	unresolved	
Aizea	unresolved	
Azrul Ananda	unresolved	
Aztech Mountain	unresolved	
Azulu	unresolved	
AJIO	unresolved	
Azure	unresolved	
B's International	ats	smartrecruiters-whitelabel
AK Custom Jewelers	unresolved	
B Sides	unresolved	
Akademiks	unresolved	
Aim'n	ats	teamtailor
AKIRA	ats	teamtailor
B-well	unresolved	
B. Belt	unresolved	
Airforce	unresolved	
B. Divine Aromatherapy	unresolved	
B Nosy	unresolved	
Aki Choklat Studio	unresolved	
B.H. van der Veen	unresolved	
B.L.A.H.	unresolved	
Aisle5	unresolved	
Aisle	unresolved	
b.BLD LLC	unresolved	
b.YELLOWTAIL	unresolved	
b.young	unresolved	
B2	unresolved	
B&G Store	unresolved	
Akola	unresolved	
B Futurist	unresolved	
Akris	unresolved	
ba&sh	unresolved	
Baabuk	unresolved	
Baabushka	unresolved	
Babe Original	unresolved	
BABISTA	unresolved	
Babo Botanicals	unresolved	
Akaroa	unresolved	
Babs the Label	unresolved	
aktivoptik	unresolved	
Akça Holding Company	unresolved	
Baby-G	unresolved	
Babybear	unresolved	
Akiseo	unresolved	
Aiste Anaite	unresolved	
Baby~Pourri	unresolved	
Akuna Swimwear	unresolved	
AKOIASWIM	unresolved	
Babycare	unresolved	
Babyface	unresolved	
BABYLONE	unresolved	
Akla	unresolved	
Baby Bum	unresolved	
Al Rehab	unresolved	
babymel	unresolved	
BabyMocs	unresolved	
BabyOne	unresolved	
Babystyling	unresolved	
BACK NUMBER	unresolved	
Back To Earth	unresolved	
Baby Phat	unresolved	
Backes & Strauss	unresolved	
Backstage Make-up	unresolved	
Aje	generic	generic-listing
Airpaq	unresolved	
Bad Bear	unresolved	
Badawii Beachwear	unresolved	
AKU	unresolved	
Badger	unresolved	
Badgley Mischka	unresolved	
Badimyon	unresolved	
Alain Afflelou	unresolved	
BadRhino	unresolved	
Badura	unresolved	
Back Beat Co.	unresolved	
BaeBlu	unresolved	
Bāeo	unresolved	
Al Ambra	unresolved	
Akro	unresolved	
BAG AFFAIR	unresolved	
Bag-all	unresolved	
Bagatelle	unresolved	
Baggage Factory	unresolved	
Alacarte Beauty	unresolved	
Baggins	unresolved	
BAGGU	unresolved	
Baiia	unresolved	
Bailey Nelson	unresolved	
Alaïa	unresolved	
Bailey of Hollywood	unresolved	
Baileys	unresolved	
BAIT	unresolved	
BaiWuXi	unresolved	
Baje studio	unresolved	
BAKARI	unresolved	
bal	unresolved	
Balabala	unresolved	
Balaboosté	unresolved	
Balagan Studio	unresolved	
Balance Headwear	unresolved	
Bald Glamour	unresolved	
Baldessarini	unresolved	
Alan Red	unresolved	
Baldinini	unresolved	
Ballantynes	ats	smartrecruiters-whitelabel
Baleaf	unresolved	
AKYN	unresolved	
Akubra Hats	unresolved	
Balenciaga	unresolved	
Baleno	unresolved	
ALANUI	unresolved	
Bali	unresolved	
Bali	unresolved	
Albaray	unresolved	
Bali Elf	unresolved	
BALI LASH	unresolved	
ALAIN DELON	unresolved	
BALIBARIS	unresolved	
BAM	ats	wttj
Baliene	unresolved	
Alberta Ferretti	unresolved	
Alaska Glacial Essentials	unresolved	
Bam Loves Boo	ats	wttj
BALL	unresolved	
Albertini International  LLC	unresolved	
Bamboo Beauty Lifes	ats	teamtailor
Bamboo Basics	ats	teamtailor
Alaffia	unresolved	
Ballantyne Cashmere SpA	unresolved	
Bamboo Cay	ats	teamtailor
Alan Paine	unresolved	
Bamboo Trading Company	ats	teamtailor
Bally	unresolved	
Balm Baby	unresolved	
Balm n Calm	unresolved	
BALR.	unresolved	
BALSAIS	unresolved	
Albion	unresolved	
Baltayan	unresolved	
Baltic Linen	unresolved	
Balyy	unresolved	
Alchemistry Essentials	unresolved	
BAMBA	unresolved	
Bambu Earth	unresolved	
Bampidano	unresolved	
banana blue	unresolved	
Banana Moon	unresolved	
Albero Natur	unresolved	
Banana Republic	unresolved	
Alala	unresolved	
Banana Republic	unresolved	
Bananain	unresolved	
ALCINA	unresolved	
Band of Rascals	unresolved	
Bandgewoo	unresolved	
Al Haramain	generic	generic-listing
BANDI VAMOS	unresolved	
Bandsome	unresolved	
Alcott	unresolved	
Alchemist	unresolved	
banesh	unresolved	
ALDO	unresolved	
Banila Co.	unresolved	
Banjanan	unresolved	
banks journal	unresolved	
BANNEDLA	unresolved	
Aldo Martins	unresolved	
Banner Day	unresolved	
Albrekts Guld	unresolved	
Banter by Piercing Pagoda	unresolved	
Alcaçuz	unresolved	
Baodao Group	unresolved	
Alchemy Goods	unresolved	
BAODAO Optical	unresolved	
BAPE	unresolved	
Barb.ua	unresolved	
Alder	unresolved	
Barbarossa Moratti	unresolved	
BarBella Co.	unresolved	
ALDOLA	unresolved	
Barbisio	unresolved	
Barbour	unresolved	
Ales Grey	unresolved	
Alberto	generic	generic-listing
Barça - FC Barcelona	unresolved	
Bardot	unresolved	
Bare All	unresolved	
Alessandro Zavetti	unresolved	
Alessio Ravaioli	unresolved	
Barbara Lebek	unresolved	
Alchimie Forever	unresolved	
Bare Botanics	unresolved	
Baron	ats	smartrecruiters-whitelabel
Bared Footwear	unresolved	
Barefoot Blonde Collection	unresolved	
Aldridges	unresolved	
bareMinerals	unresolved	
Alex Crane	unresolved	
Bario Neal	unresolved	
Alé	unresolved	
ALEEM YUSUF	unresolved	
Alejandra Alonso Rojas	unresolved	
Barker	unresolved	
Barefoot Scientist	unresolved	
Alex M. Lynch	unresolved	
Barks & Beauty Aesthetics	unresolved	
Barnes Made	unresolved	
Barney Cools	unresolved	
BARNYARDSTORM	unresolved	
Barocco Tribal	unresolved	
Barone	unresolved	
ALBION	unresolved	
BARRE	unresolved	
BARRIE	unresolved	
Barton Bangladesh	unresolved	
Barts	unresolved	
Alexander McQueen	unresolved	
Base Apparel	unresolved	
Base Bodywear	unresolved	
alexander wang	unresolved	
Base London	unresolved	
ALEVA NATURALS	unresolved	
basefield	unresolved	
Batch 1 UK	ats	wttj
Baserange	unresolved	
basic apparel	unresolved	
Basic Rights	unresolved	
Alex Mill	unresolved	
Basile	unresolved	
Alex Perry	unresolved	
Basler	unresolved	
Bask in the Sun	unresolved	
Bask Suncare	unresolved	
Alexandre de Paris	unresolved	
Bass Pro Shops	unresolved	
Alex Vando	unresolved	
ALEXANDRE VAUTHIER	unresolved	
Bassike	unresolved	
BASTET NOIR	unresolved	
Bata	unresolved	
Alexia María	unresolved	
Bates	unresolved	
Bath & Body Works	unresolved	
Bathen	unresolved	
Alemais	unresolved	
BathSheba	unresolved	
Bathu	unresolved	
Alfa Sko	ats	recruitee
BaTistine	unresolved	
Batoko	unresolved	
BATONER	unresolved	
BATSHEVA	unresolved	
Alexa Fairchild	unresolved	
Baukjen	unresolved	
Baum und Pferdgarten	unresolved	
Baume Essentials	unresolved	
Alfonsi	unresolved	
Baume et Mercier	unresolved	
BAV TAiLOR	unresolved	
Alexandra Mor	unresolved	
Baxter Wood	unresolved	
BAY Active	unresolved	
Alex and Ani	unresolved	
Bayankala	unresolved	
ÀLG	unresolved	
BAYFLOW	unresolved	
ALEXUS GE.	unresolved	
Bayo	unresolved	
BAYTHE	unresolved	
Bazargan Global LLP	unresolved	
BB Sheep	unresolved	
bbase	unresolved	
BBP	unresolved	
BCakes LLC	unresolved	
BCBGMAXAZRIA	unresolved	
ALEXANDRA SVENDSEN	unresolved	
BCF	unresolved	
BDK Parfums	unresolved	
Be a 10	unresolved	
BE BARE	unresolved	
Alex De Pase	unresolved	
Be Camaïeu	unresolved	
ALICE'S LIPS	unresolved	
BE EDGY	unresolved	
Be Free by Danielle Fishel	unresolved	
Alfarisi Perfumes	generic	generic-listing
Be in Love	unresolved	
Be Kind Vibes	unresolved	
Be Pure Dutch	unresolved	
Algori	unresolved	
ALEXANDRE BIRMAN	unresolved	
Algo Bonito	unresolved	
be-with	unresolved	
Alice + Olivia	unresolved	
Be52®	unresolved	
Beach Bunny	unresolved	
Alexandria Professional	unresolved	
Beachlife	unresolved	
Beales	unresolved	
Bealls	unresolved	
BEAMS	unresolved	
Alia N Tanjay	generic	generic-listing
Bean Pole International	unresolved	
Beanpole	unresolved	
Bear Naked Pickleball	unresolved	
ALIX NYC	unresolved	
Beard Care Club	unresolved	
Bearded Coast	unresolved	
Bearpaw	unresolved	
Alicia Audrey	unresolved	
Beate Heymann Street Couture	unresolved	
Beatrice .b	unresolved	
Beatrice Valenzuela	unresolved	
BEAU D.	unresolved	
Beau Ties	unresolved	
Beaumont	unresolved	
Beaumont Bags	unresolved	
Alife and Kickin	unresolved	
Beaumont Organic	unresolved	
Beauregard	unresolved	
Alinari-Firenze	unresolved	
Beautiful Birds	unresolved	
Beautinow	unresolved	
aligne	unresolved	
Beautitionary	unresolved	
BEAUTY & YOUTH UNITED ARROWS	unresolved	
Beauty Bakerie	unresolved	
Beauty Art World	unresolved	
Alkemia Perfumes	unresolved	
BEAUTY BAY	unresolved	
Alienina	unresolved	
Beauty Bestie	unresolved	
Beauty by Earth	unresolved	
Beauty Cluster Barcelona	unresolved	
bebe	ats	personio
Bébé Lune Studio	ats	personio
Beauty Creations	unresolved	
Bebe Stores	ats	personio
Beauty Creations Cosmetics	unresolved	
Beauty Favours	unresolved	
All Blues	unresolved	
Beauty Formulation Ltd	unresolved	
Beauty Pie	unresolved	
ALIDA PURE	unresolved	
Beauty Success	unresolved	
Beauty Without Cruelty	unresolved	
Beauty Zone	unresolved	
BeautyStat Cosmetics	unresolved	
ALEGRIA B.	unresolved	
Alkemie	unresolved	
Beaverbrooks	unresolved	
Bedrock	ats	wttj
BeBella Cosmetics	unresolved	
Bec + Bridge	unresolved	
All Heart All The Time	unresolved	
Becci Boo's Custom Shoes	unresolved	
Alghabra Parfums	unresolved	
Becker + Flöge	unresolved	
BeckSönderGaard	unresolved	
Beckett Simonon	unresolved	
Bed&Breakfast	unresolved	
BED|STÜ	unresolved	
Bedat & Co	unresolved	
ALIX the label	generic	generic-listing
Bedhead Pajamas	unresolved	
BEDI	unresolved	
Bee Factor Natural Cosmetics	unresolved	
BeeCos	unresolved	
BeeKind	unresolved	
All Good	unresolved	
Alighieri	unresolved	
Bee Good Do Good	unresolved	
BeeKeeper Parade	unresolved	
ALL WE REMEMBER	unresolved	
Bego	ats	recruitee
Beekman 1802	unresolved	
Bee & Alpaca	unresolved	
All Natural Advice	unresolved	
BEEN London	unresolved	
Allbirds	unresolved	
Beeren Ondergoed	unresolved	
Beetles Gel Polish	unresolved	
All My Pretties - Soap Boutique	unresolved	
BeezyMama	unresolved	
All About Feet	generic	generic-listing
All Golden	unresolved	
Before	unresolved	
Allegresse 24 Karat Skincare	unresolved	
Befeni	unresolved	
befree	unresolved	
All About Men	generic	generic-listing
Allen Schwartz	unresolved	
Beginning Boutique	unresolved	
Allen Solly	unresolved	
Begley's	unresolved	
Alleyoop	unresolved	
Beia	unresolved	
behno	unresolved	
Allkind	unresolved	
Beiersdorf	unresolved	
Allmade	unresolved	
Beijing Fashion Holdings	unresolved	
Allan K	unresolved	
All About Audrey	unresolved	
Beira	unresolved	
allthingsfi	unresolved	
BÉIS	unresolved	
BEJOU	unresolved	
ALLTRUEIST By Maryna	unresolved	
Bel Essence	unresolved	
All The Wild Roses	unresolved	
Bel&Bo	unresolved	
Bela Beauty College	unresolved	
Allurez	unresolved	
Alma	ats	wttj
BELAIR	unresolved	
Belair Paris	unresolved	
Belchou's	unresolved	
Beldona	unresolved	
AllyLikes	unresolved	
Ally Fashion	unresolved	
Alma & Pena	ats	wttj
Beliza	unresolved	
Alma Milano	ats	wttj
Belk	unresolved	
BELLA+CANVAS	ats	greenhouse
Bell & Ross	unresolved	
Bella | Ha	unresolved	
Bellabeat	ats	smartrecruiters-whitelabel
Bella Ballou	unresolved	
ALLBYB	unresolved	
Bella Beauty	unresolved	
Bella Bliss	unresolved	
Bella Dahl	unresolved	
Alma & Lovis	ats	wttj
Bella Freud	unresolved	
Bella Luna Gowns	unresolved	
Bella Mari	unresolved	
Bella Starr	unresolved	
Allude	unresolved	
Bella Vida Santa Barbara	unresolved	
Bellroy	ats	greenhouse
Bellabu Bear	unresolved	
Bellabeautebar LLC	unresolved	
Bellaire	unresolved	
Bellamy Gallery	unresolved	
Belstaff	ats	teamtailor
Bellanblue	unresolved	
All Things Jill	unresolved	
Belle	unresolved	
Almay	unresolved	
Bellapierre Cosmetics	unresolved	
belle & bloom	unresolved	
Bellerose	unresolved	
Almgwand	unresolved	
alohas	ats	teamtailor
ALŌH	unresolved	
Bellerose (marque)	unresolved	
Bellfield	unresolved	
Belluna	unresolved	
Belly's Candle Co.	unresolved	
Allkinds	generic	generic-listing
Belnu	unresolved	
ALLSAINTS	generic	generic-listing
Belt Fashion	unresolved	
ALOve	unresolved	
Belwest	unresolved	
Ben Sherman	unresolved	
Alpaca Loca	unresolved	
Almahats	unresolved	
Bench	unresolved	
ALO Diamonds	unresolved	
Bench	unresolved	
BENEDETTA BRUZZICHES	unresolved	
Ben Bridge Jeweler	unresolved	
Bentley	ats	personio
Alpe Women Shoes	unresolved	
Benefit Cosmetics	unresolved	
BeNeshty	unresolved	
Benetton	unresolved	
ALOE	unresolved	
BENEUNDER	unresolved	
Alpenglow	unresolved	
Alonpi	unresolved	
Benfica Official Store	unresolved	
Benibeca	unresolved	
Ally Capellino	unresolved	
Alo	unresolved	
Aloisia Beauty	unresolved	
Benlai	unresolved	
Alpha Company for Cosmetics LTD	unresolved	
BenniMarceau	unresolved	
Alpha Industries	unresolved	
Bensimon	unresolved	
Benson Shoes	unresolved	
Bentalls	unresolved	
benvenuto	unresolved	
Benyamin Apoo	unresolved	
BEPON	unresolved	
Benzak Denim Developers	unresolved	
Alpha60	unresolved	
Beppi	unresolved	
Berdoues	unresolved	
Berek	unresolved	
BERNADETTE	ats	greenhouse
ALPAKA	unresolved	
Alpenflüstern	unresolved	
AlphaStyle	unresolved	
Berenice	unresolved	
Bergans	unresolved	
Alpenkaetzle	unresolved	
Berghaus	unresolved	
Berghen	unresolved	
Bergstein	unresolved	
Berkelmans	unresolved	
Berkemann	unresolved	
Berkner	unresolved	
Berlin Skin	unresolved	
BERLOOK	unresolved	
ALPHA OG	unresolved	
Berluti	unresolved	
Bespoke Post	ats	wttj
Bernardo	unresolved	
Alpha Organics	unresolved	
Berner Kühl	unresolved	
Best Company	ats	personio
Alpine Swiss	unresolved	
Best&Less	ats	personio
Bernie Mev New York	unresolved	
Bernstock Speirs	unresolved	
Alpyn	unresolved	
Best Earth Goods	ats	personio
Berry Jane	unresolved	
AlphaTauri	unresolved	
Bershka	unresolved	
Also the Bison	unresolved	
Bertoni	unresolved	
Alpina	unresolved	
Alster Vandel	unresolved	
Beru Kids	unresolved	
Berwich	unresolved	
Alpina	unresolved	
BESOCKS	unresolved	
Altamont	unresolved	
BESS	unresolved	
Alpina Žiri	unresolved	
alpha industries	ats	personio
Besson Shoes	unresolved	
Altar'd state	unresolved	
BETH & JENI	unresolved	
Bestseller	unresolved	
Bettina Bensinger	ats	wttj
BETH RICHARDS	unresolved	
Alter Ego Clothing	unresolved	
Bettina Vermillon	ats	wttj
Bethany Williams	unresolved	
Betmar	unresolved	
ALPINE PRO	unresolved	
Alpine North	unresolved	
Beton Ciré	unresolved	
Betsey Johnson	unresolved	
Better & Better	unresolved	
Better Botanicals	unresolved	
Altered Apparel	unresolved	
Better Not Younger	unresolved	
BETTER RICH	unresolved	
Alternative	unresolved	
Better World Fashion	unresolved	
Alternative Apparel	unresolved	
BetterMe	unresolved	
Betts	unresolved	
Betty & Co	unresolved	
Betty and Biddy	unresolved	
Betty Barclay	unresolved	
alter ego	unresolved	
Beyond Good	ats	greenhouse
Beulah	unresolved	
Beyond Retro	ats	greenhouse
Beurre Shea Butter Skincare	unresolved	
Altuzarra	unresolved	
BEUTEUS®	unresolved	
Beyond Yoga	ats	greenhouse
Bever	unresolved	
Beverly Hills MD	unresolved	
Bevilles Jewellers	unresolved	
BeviniModena	unresolved	
Bewildher Fitwear	unresolved	
BeWooden	unresolved	
Bexley	unresolved	
Altar	unresolved	
Bexley	unresolved	
Beyond Pure	unresolved	
Alto Milano	unresolved	
Beyond the Rack	unresolved	
Alter Made	unresolved	
Beyonderway	unresolved	
Altınbaş	unresolved	
Beyou Geraldine Alasio	unresolved	
BF MODA FASHION	unresolved	
BH Cosmetics	unresolved	
ALWRLD	unresolved	
BH Dermcenter	unresolved	
BHAVA	unresolved	
Alyce Designs	unresolved	
BHcrafts	unresolved	
ALUX	unresolved	
Bhima Jewellers	unresolved	
ALTER X Company	unresolved	
Altra	unresolved	
BHLDN	unresolved	
Bhumi	unresolved	
AM Jewelry	unresolved	
Altercore	unresolved	
BHV	unresolved	
Bi-Mart	unresolved	
Alvaro Moreno	unresolved	
BIA Bare It All	unresolved	
Allen Edmonds	unresolved	
Bianca Di	unresolved	
Biagini 1968	unresolved	
Am.A-line	unresolved	
Bianca Saunders	unresolved	
Bianca Spender	unresolved	
Bianco	unresolved	
Bianco	unresolved	
Biankina	unresolved	
Amaia	unresolved	
Always Give a Damn	unresolved	
Bibatown	unresolved	
Amanda Barden	ats	wttj
Amanda Ross Skin Care	ats	wttj
Bibico	unresolved	
Amanda Wakeley	ats	wttj
Bibi Lou	unresolved	
Bickley + Mitchell	unresolved	
Amalgam	unresolved	
BIDI BADU	unresolved	
Amante Antwerp	unresolved	
Bielenda Group	unresolved	
Big 5 Sporting Goods	unresolved	
Big Bazaar - ffb	unresolved	
Big Bud Press	unresolved	
AMARI AMARI	unresolved	
Big Boy Bamboo	unresolved	
Ama Pure	unresolved	
Big C	unresolved	
Big Lots	unresolved	
BIG STAR	unresolved	
Amadeus	unresolved	
Bigger Than Beauty Skincare®	unresolved	
Amávia	unresolved	
BIGOTRE	unresolved	
Bijou Brigitte	unresolved	
Bijoux Cailloux	unresolved	
Amala	unresolved	
Amazon	ats	personio
Bik Bok	unresolved	
Big W	unresolved	
AM Eyewear	unresolved	
Bikini Hut Bali	unresolved	
Bikini Village	unresolved	
Bikinikloset	unresolved	
Amazula	unresolved	
Bikkembergs	unresolved	
Biku Design	unresolved	
Amber Budd Skincare	unresolved	
Bilboa	unresolved	
Amarra	unresolved	
Billabong	unresolved	
Billebeino	unresolved	
Amapô	unresolved	
Billet Doux Lingerie	unresolved	
Billi Bi	unresolved	
BILLIE SWIM	unresolved	
amaud	unresolved	
Billieblush	unresolved	
Billini	unresolved	
Billion	unresolved	
Billion Dollar Beauty	unresolved	
BILLIONAIRE	unresolved	
Billykirk	unresolved	
Ambiorix	unresolved	
Alton Lane	unresolved	
BIMBA Y LOLA	unresolved	
AMACA	unresolved	
Binda Italia	unresolved	
Binder Optik	unresolved	
Amazing Red	unresolved	
Amber & June	unresolved	
Âme Antwerp	ats	greenhouse
Bindi	unresolved	
Ame Balance	ats	greenhouse
Amble Outdoors	unresolved	
Bio Follicle Vegan Plant Derived Hair Products	unresolved	
bioClarity	unresolved	
AMBUSH	unresolved	
Bioderma	unresolved	
Biodermal	unresolved	
Amelie George Bridal	unresolved	
Birch Babe	ats	personio
AMENDI	unresolved	
Biofor Hungary	unresolved	
Birch Beauty	ats	personio
Birchbox	ats	wttj
Amber Goes Green	unresolved	
Ambiletics	unresolved	
America Today	generic	generic-listing
biologist-mood	unresolved	
BIOSAR	unresolved	
BioRepublic Skincare	unresolved	
Birkenstock	ats	recruitee
BioSilk	unresolved	
Biossance	unresolved	
BiotechBeauty	unresolved	
Ambesonne	unresolved	
American Apparel	unresolved	
BioTechUSA	unresolved	
BioThera Solutions	unresolved	
Amazing Lash Studio	generic	generic-listing
Bioworld	unresolved	
American Apparel Inc.	unresolved	
Ambitious	unresolved	
Biofor Campus	unresolved	
Birdbath	unresolved	
birddogs	unresolved	
American Eagle Outfitters	unresolved	
Birdhichand Ghanshyamdas	unresolved	
American Freight	unresolved	
Admire My Skin	unresolved	
Birgitte Herskind	unresolved	
American Giant	unresolved	
Birthday	unresolved	
Bisgaard	unresolved	
Bishop Botanicals	unresolved	
American Golf	unresolved	
American Jewelry Design Council	unresolved	
Bisous Skateboards	unresolved	
America's Best Contacts & Eyeglasses	unresolved	
Bissú Cosméticos	unresolved	
Amenzia	unresolved	
BITE	unresolved	
Bitte Kai Rand	unresolved	
American Trench	unresolved	
Bivouac Outdoor	unresolved	
BIZE	unresolved	
Bizz x Siss	unresolved	
BJ’s PJs	unresolved	
AMEON	unresolved	
Bjäste	unresolved	
Ameri VINTAGE	unresolved	
Björk and Berries	unresolved	
American Eagle	unresolved	
Björn Borg	unresolved	
Björn Borg Footwear	unresolved	
BL Glowskin	unresolved	
AMJ košile	unresolved	
Bl'eau	unresolved	
Black & Brown	unresolved	
Amirante Antica Sartoria Napoletana	unresolved	
Black And Gold	unresolved	
Ammehoela	unresolved	
Black Bananas	unresolved	
BLACK BY MOUSSY	unresolved	
Black Colour	unresolved	
Black Fashion	unresolved	
Black Iris	unresolved	
Black Moon Cosmetics	unresolved	
Blacks	ats	greenhouse
Black Orchid Denim	unresolved	
Alviero Martini 1A Classe	unresolved	
Amina Muaddi	unresolved	
Americanas	unresolved	
Black Pepper Clothing	unresolved	
Amour Vert	unresolved	
Ampère	ats	recruitee
Black Velvet Circus	unresolved	
Amicci	unresolved	
BLACK WHITE BEIGE	unresolved	
Ampere Creations	ats	recruitee
Amway	ats	successfactors
Black Yak	unresolved	
AMPHI	ats	teamtailor
BlackBear Apparel	unresolved	
Blackberrys	unresolved	
American Swiss	unresolved	
BLACKHEAD	unresolved	
AMOV	unresolved	
amt.	unresolved	
Blackhorse Lane Ateliers	unresolved	
BlackMilk Clothing	unresolved	
American Tourister	unresolved	
Blackout	unresolved	
Blackstone	unresolved	
Blackstone Footwear	unresolved	
Ana Alcazar	unresolved	
Blackstore	unresolved	
Ana Carttori New York	unresolved	
Blake Brown	unresolved	
Amouage	unresolved	
Blend	ats	greenhouse
Blend Bunny Cosmetics	ats	greenhouse
Blakely	unresolved	
Ana Sousa	unresolved	
Blake Seven	unresolved	
Blåkläder	unresolved	
Bleu Cerise	ats	wttj
BLANCHE CPH	unresolved	
Bleu Jean Beauty Co	ats	wttj
Blancheporte	unresolved	
Blancpain	unresolved	
BlankNYC	unresolved	
Blauer. USA	unresolved	
Anaconda	unresolved	
BLAUMAX	unresolved	
Bliss	ats	recruitee
Blažek	unresolved	
BLAZOER	unresolved	
an an londree	unresolved	
Amorepacific Corporation	unresolved	
Blenzo	unresolved	
Blende	unresolved	
Bleue Burnham	unresolved	
Amy C. Lund	unresolved	
BLEUFORÊT	unresolved	
BLEUSALT	unresolved	
BLFD	unresolved	
amika	unresolved	
Blijdesteijn	unresolved	
Blind Barber	unresolved	
Bloom	ats	smartrecruiters-whitelabel
Anaak	unresolved	
Amelie & Amelie	generic	generic-listing
Blipers	unresolved	
Anatomie	unresolved	
Blissful Organix	unresolved	
Anabela Chan	unresolved	
Bloom Cosmetics	ats	smartrecruiters-whitelabel
BLNCD Naturals	unresolved	
Bloch	unresolved	
Blom Fashion	unresolved	
Blonde Gone Rogue	unresolved	
BLONDE No. 8	unresolved	
Blood Brother	unresolved	
Anact	unresolved	
Anchors-n-Asteroids	unresolved	
Anabel Arto	unresolved	
Bloodknot & Co	unresolved	
Anapurna	unresolved	
Blooh	unresolved	
Ancient Egyptian Bath And Body Elixirs	unresolved	
bloome*	unresolved	
Bloomeffects	unresolved	
Ancient Secrets	unresolved	
Bloomingdale's	unresolved	
ANCUTA SARCA	unresolved	
Bloomings	unresolved	
AnatolianCraft	unresolved	
Bloomshell	unresolved	
BLOSSOM	unresolved	
Ana Luisa	generic	generic-listing
And Less	unresolved	
and wander	unresolved	
Blowfish Malibu	unresolved	
Blu & Green	unresolved	
Blossom Essentials	unresolved	
Andalou Naturals	unresolved	
Blu Ink Nail Lacquer	unresolved	
Anchor Me Down Apparel	unresolved	
Blue & Yellow	unresolved	
Blue Banana	unresolved	
ANCHOR & CREW	unresolved	
BLUE BIRD	unresolved	
Blue Blanket	unresolved	
Blue Blue Japan	unresolved	
Blue By Betsey Johnson	unresolved	
Blue Crane	unresolved	
BLUE CROSS	unresolved	
Blue de Gênes	unresolved	
Ancient Greek Sandals	unresolved	
BLUE ERDOS	unresolved	
Blue Fire Co.	unresolved	
Blue Fire Pear	unresolved	
AND1	unresolved	
Blue Illusion	unresolved	
André Assous	unresolved	
Blue Inc	unresolved	
Blue Industry	unresolved	
Andrea	unresolved	
Blue Lake CBD	unresolved	
Andersen-Andersen	unresolved	
Blue LOOP Originals	unresolved	
Anderson's Belt	unresolved	
Blue Nile	unresolved	
Blue Nude	unresolved	
Blue Of A Kind	unresolved	
Blue Planet Eco-Eyewear	unresolved	
Anastasia Beverly Hills	unresolved	
Blue Rebel	unresolved	
Andrea Lucy Designs	unresolved	
Blue Ridge Stitches	unresolved	
BLUE SEVEN	unresolved	
Andorine	unresolved	
Andie	unresolved	
BLUE STANDARD	unresolved	
Blue Tomato	unresolved	
ANDREA MONTELPARE	unresolved	
Blue Tribe	unresolved	
Accurist	unresolved	
Blue Vanilla	unresolved	
ANDREĀDAMO	unresolved	
Blue Water Girls	unresolved	
Blue Water Spa	unresolved	
Bluebella	unresolved	
Andrew GN	unresolved	
Blueberry	unresolved	
Blueberry Jam Store	unresolved	
Bluebuck	unresolved	
Anecdote	unresolved	
Bluejeans And Sunbeams	unresolved	
Blueland	unresolved	
Bluemarble	unresolved	
Bluemercury	unresolved	
Bluemint	unresolved	
Bluenotes	unresolved	
BluePort	unresolved	
Bluespirit	unresolved	
Blufin	unresolved	
Blukey	unresolved	
Blumarine	unresolved	
Andrés Sardá	unresolved	
Blume	unresolved	
Blundstone	unresolved	
Blundstone Australia Pty Ltd	unresolved	
Blush	unresolved	
Andrea Maack	unresolved	
Blush Lotus	unresolved	
BlushLips	unresolved	
Bobbies	ats	wttj
anerkjendt	unresolved	
Blutsgeschwister	unresolved	
BN3TH	unresolved	
André	unresolved	
Anchal	unresolved	
BNSM	unresolved	
André Opticas	generic	generic-listing
Bo Doir	unresolved	
BOA Basics	unresolved	
Anekdot	unresolved	
Boadicea the Victorious	unresolved	
ANGEL HOLD™ STYLING CREAM	unresolved	
Angela Caglia Skincare	ats	personio
Boathouse	unresolved	
Angela Kim Couture	ats	personio
ANGEL'S PARIS	unresolved	
Angela Pinto	ats	personio
Boathouse	unresolved	
Andrea Lord	unresolved	
BOB	unresolved	
ANGELEYE	unresolved	
Bob's Stores	unresolved	
ANDREA IYAMAH	unresolved	
Bobbi Brown	unresolved	
Bobo Choses	unresolved	
Anemos	unresolved	
angelrox	unresolved	
BoBo GloBal	unresolved	
Boboli	unresolved	
Andrea Marques	unresolved	
Bobux	unresolved	
Andrews	unresolved	
BOCAGE	unresolved	
BOCAZIA	unresolved	
Angelstick®	unresolved	
Boda Skins	unresolved	
Anfield Shop	unresolved	
Bode	unresolved	
Andersson Bell	unresolved	
Boden	unresolved	
Body B Beautiful	unresolved	
Angel & Rocket	unresolved	
Body Details	unresolved	
Body Drench	unresolved	
Body Glove	unresolved	
Body London	unresolved	
Body Soup For The Soul	unresolved	
Angelo de Lombardi	unresolved	
BODY WILD	unresolved	
Angelika Jozefczyk	unresolved	
Body Minute	ats	wttj
Ani-k	unresolved	
BodyMed Formulations	unresolved	
Bodyography	unresolved	
Angus & Coote	unresolved	
Boemos	unresolved	
Bogart Man	unresolved	
bogdar	unresolved	
Boggi Milano	unresolved	
ANIA KRUK	unresolved	
BOGIKA	unresolved	
ANINE BING	ats	greenhouse
Bogs	unresolved	
Bogner	unresolved	
Bohemian Dream	unresolved	
Angie Wood Creations	unresolved	
Bohempia	unresolved	
Bohemian Mama	unresolved	
Böhmer Schuhe	unresolved	
Boho Aromatic	unresolved	
BOHO YAŞAM	unresolved	
BohoVaikai	unresolved	
Boinas Elósegui	unresolved	
Boka Fragrance	unresolved	
Bombas	ats	greenhouse
Bolden	unresolved	
Animal Brain Beauty	unresolved	
Boldwill	unresolved	
Bollé	unresolved	
Boll & Branch	unresolved	
Bolon Eyewear	unresolved	
Bolongaro Trevor	unresolved	
Angie Watts	unresolved	
Bolsa Nova	unresolved	
Anim	unresolved	
ANITA BILARDI	unresolved	
Ánimus Lab	unresolved	
Bolso	unresolved	
Boho and Bowie	unresolved	
ANINI	unresolved	
Bolzr	unresolved	
Boma	unresolved	
Angels	unresolved	
Bombers Original	unresolved	
ANK	unresolved	
Anita	unresolved	
Bombón de Algodón	unresolved	
Anko	unresolved	
Bombon Spain	unresolved	
BOMBOOGIE	unresolved	
Bon Clic Bon Genre	unresolved	
Bon Worth	unresolved	
Angels Ambition	unresolved	
Anger 1	generic	generic-listing
Bon Label	unresolved	
Ann Taylor	unresolved	
Ann Tuil	unresolved	
BON'A PARTE	unresolved	
Bona Dea Naturals	unresolved	
Bond No. 9	unresolved	
BONDI BORN	unresolved	
Angulus	unresolved	
Bondi Sands	unresolved	
Anglo-Italian	unresolved	
Bonds	unresolved	
Boneless	unresolved	
BONITA	unresolved	
ANNA DIAMOND	unresolved	
Boni-moriya	unresolved	
Bonjour	unresolved	
Anna Field	unresolved	
Bondi Leather	unresolved	
Anna Montana	unresolved	
Bonne Gueule	unresolved	
Ann Summers	unresolved	
Bonobo	unresolved	
Bonnie Doon	unresolved	
Ann Demeulemeester	unresolved	
Bonmarché	unresolved	
Ann Kurz	unresolved	
Anjealous	unresolved	
Bonobos	unresolved	
Anitas	unresolved	
Anna Bella	unresolved	
BOnova	unresolved	
Anja OriAn	unresolved	
Bonprix	unresolved	
Bonne Suits	unresolved	
Bonpoint	unresolved	
Bons Baisers	unresolved	
BONTON	unresolved	
Anna Luchini	unresolved	
Anna in Bhutan	unresolved	
Bontoni	unresolved	
BOO PALA	unresolved	
Anna Walker	unresolved	
Boob	unresolved	
Booda Organics	unresolved	
Annadiva	unresolved	
Boody	unresolved	
Annaut	unresolved	
Bonobo Jeans	unresolved	
annà museo	unresolved	
Anna Morgun	unresolved	
Boody	unresolved	
boohoo	unresolved	
Boohoo Group	unresolved	
Anna und Paul	unresolved	
Booksy	unresolved	
Booie Beauty	unresolved	
Boom Beauty	unresolved	
BOOMBA	unresolved	
Anna van Toor	unresolved	
Boomine	unresolved	
Boot Barn	unresolved	
Bootlegger	unresolved	
Boots Opticians	unresolved	
Anna+nina	unresolved	
Anne Hermine	unresolved	
Bootstock	unresolved	
Boozt	unresolved	
Bora Bora	unresolved	
Anne Isabella	unresolved	
Boragio	unresolved	
Annoushka	ats	teamtailor
Borges & Scott	unresolved	
Annil	unresolved	
Born Living Yoga	unresolved	
ANNAMARIAANGELIKA	unresolved	
Born Rich	unresolved	
BORNTOSTANDOUT	unresolved	
ANNA QUAN	unresolved	
Anny Nord	unresolved	
Borovo	unresolved	
ANNI	unresolved	
BORNEO PARIS	unresolved	
Borsalino	unresolved	
Amour&Luxe	unresolved	
Anokhi	unresolved	
Borsheim's Fine Jewelry	unresolved	
BOSA Bodrum Sandals	unresolved	
Annebra	unresolved	
Bosanova	unresolved	
Boscana	unresolved	
bosco	unresolved	
Boscov's	unresolved	
Annie Hamilton	unresolved	
Bosideng	unresolved	
bossini	unresolved	
Another me	unresolved	
bossini.X	unresolved	
AnniBlackLeopard	unresolved	
Boston	unresolved	
Another Sunday	unresolved	
Boston Proper	unresolved	
Another Tomorrow	unresolved	
Boswellness	unresolved	
Botana	unresolved	
Anne Vest	unresolved	
Botanical Bliss Natural Skincare	unresolved	
Botanical Republic	unresolved	
Anointment Natural Skin Care Inc.	unresolved	
Botanical Rush LLC	unresolved	
Anonimo	unresolved	
ANSE	unresolved	
BostonMints Refreshing Lipgloss	unresolved	
Anotherwoman	unresolved	
Botanicary Skincare	unresolved	
Anonyme	unresolved	
Ansea	unresolved	
BOTEH	unresolved	
anokha®	unresolved	
Botanicals Unleashed	unresolved	
Botier	unresolved	
Bottega Veneta	unresolved	
Bottega Chilometri Zero	unresolved	
Bottega Verde	unresolved	
BOTTER	unresolved	
Botticelli	unresolved	
Annmarie Skin Care	generic	generic-listing
BOTTLETOP	unresolved	
Bottomless	unresolved	
Boucheron	unresolved	
BouFFante	unresolved	
Antevorta Laboratories	unresolved	
Bourrienne Paris	unresolved	
Bouthentique	unresolved	
Boutique La Vie en rose	unresolved	
Anonymous Copenhagen	unresolved	
Boux Avenue	unresolved	
Boxeur Des Rues	unresolved	
Bovet Fleurier	unresolved	
Boxfresh	unresolved	
Another Brand	unresolved	
Boyd's of Texas	unresolved	
Branch Basics	ats	greenhouse
Boyes	unresolved	
Boyish	unresolved	
Boyner Group	unresolved	
ANTA	unresolved	
BOYZZ ONLY	unresolved	
ANTAGONY	unresolved	
Anteater	unresolved	
Bozena Jankowska	unresolved	
ANSON'S	unresolved	
ANSPINNEN	unresolved	
Bracha	unresolved	
Bradbeers	unresolved	
Brador	unresolved	
Brakeburn	unresolved	
Bram's Fruit	unresolved	
Antoine & Lili	unresolved	
Brams Paris	unresolved	
Brandefy	unresolved	
Antipast	unresolved	
Anthropologie	unresolved	
Brandit	unresolved	
Brandon Maxwell	unresolved	
BrandsSeekers	unresolved	
ANREALAGE	unresolved	
Brand Black	unresolved	
Brave Planet	ats	greenhouse
Anthem	unresolved	
Brave Soles	ats	greenhouse
Antoine et Lili	unresolved	
Brave Soul	ats	greenhouse
Brandtex	unresolved	
Brandy Melville	unresolved	
Brantano Footwear	unresolved	
Another-Label	unresolved	
Bras N Things	unresolved	
Braqeez	unresolved	
Brasi&Brasi	unresolved	
Antonia Zander	unresolved	
Braun Büffel	unresolved	
Brava Fabrics	unresolved	
Bravado Designs	unresolved	
Antiform	unresolved	
Bravissimo	unresolved	
BRBL	unresolved	
BRAX	unresolved	
Bréal	unresolved	
Anthony's London	unresolved	
Breastflower	unresolved	
Bread & Boxers	unresolved	
Breathe	unresolved	
Breco's	unresolved	
Bree	unresolved	
Anton & Willem	unresolved	
BREEZE	unresolved	
Breil	unresolved	
Antonello Tedde	unresolved	
Breitling	unresolved	
Anton Heunis	unresolved	
Bremont	unresolved	
ANTONELLE	unresolved	
Bremont Watch Company	unresolved	
Brenda Zaro	unresolved	
BRIGHT	ats	recruitee
Bretanna Witch Hazel Products	unresolved	
Bretelle&Braces	unresolved	
Bretter und Stoff	unresolved	
Brett Johnson	unresolved	
Breuninger	unresolved	
Antonio Riva Milano	unresolved	
Breva Soap Co.	unresolved	
Brew City Botanicals	unresolved	
Bric-a-brac	unresolved	
Brickell Men's Products	unresolved	
Antony Morato	unresolved	
Bricktown	unresolved	
Ansemiu	generic	generic-listing
Brilliant Earth	ats	greenhouse
Any Di	unresolved	
Briggs&Riley	unresolved	
BrightHouse	unresolved	
Anton Sport	unresolved	
Brighton	unresolved	
Brighton Collectibles	unresolved	
Brighty&co	unresolved	
Briglia Blu	unresolved	
Anvil Brand	unresolved	
Brihans Natural Products	unresolved	
Any size	unresolved	
BRIJU	unresolved	
Anthea Crawford	unresolved	
Brilleland	unresolved	
Brillen Rottler	unresolved	
anushé pirani	unresolved	
Ao Skincare	unresolved	
Antonio Bernardo	unresolved	
BRING	unresolved	
Brinker & Eliza	unresolved	
Antony Morato	unresolved	
Briogeo	unresolved	
AOB Products	unresolved	
BRISK	unresolved	
AOJO	unresolved	
Brioni	unresolved	
ANYA by Vivien	unresolved	
British Indigo	unresolved	
Briston Watches	unresolved	
British Fashion Council	unresolved	
BROADWAY NYC FASHION	ats	greenhouse
British Knights	unresolved	
British Vintage Boxing	unresolved	
Britt Sisseck	unresolved	
Aoyama Tailor	unresolved	
Brixton	unresolved	
Anya Hindmarch	unresolved	
Brixy	unresolved	
BRNDWRKS	unresolved	
Anthony Vincé Nail Spa	unresolved	
Anywhere	unresolved	
Apart	unresolved	
Bro Fitwear	unresolved	
Brocard	unresolved	
Brochu Walker	unresolved	
Bromen	unresolved	
Brompton & Langley	unresolved	
British Passport	unresolved	
Brompton & Langley Men's	unresolved	
Brothers	ats	teamtailor
BRONX	unresolved	
anunfold	unresolved	
Anyeluz	unresolved	
Bronx Native	unresolved	
Brooke Gregson	unresolved	
Apm	ats	personio
Bronzo Sensualé Organic Suncare	unresolved	
Brooks	unresolved	
Brooklyn Denim Co	unresolved	
Brooks Brothers	unresolved	
Brooksfield	unresolved	
Brora	unresolved	
AOKI	unresolved	
Brotege	unresolved	
Brother Vellies	unresolved	
Brothers We Stand	ats	teamtailor
Brow Art 23	unresolved	
Brow Bandit	unresolved	
Apollo	unresolved	
Apatchy	unresolved	
Bruce Field	ats	teamtailor
browluxe®	unresolved	
Brown Angel Pain Butter	unresolved	
Apeel Aesthetics Naturals	unresolved	
Brownie	unresolved	
Brow Studio 7	unresolved	
Browns	unresolved	
BROWNS JEWELLERS	unresolved	
Browns of York	unresolved	
Browns Shoes	unresolved	
browtopia®️	unresolved	
Brucle	unresolved	
Brunello Cucinelli	unresolved	
BrunnaCo	unresolved	
Bruno Banani	unresolved	
Aokang	unresolved	
Bruno Magli	unresolved	
Brunocenere	unresolved	
Brunotti	unresolved	
AOURE	unresolved	
Apothepurity	unresolved	
Brütting	unresolved	
Bruun & Stengade	unresolved	
Bruuns Bazaar	unresolved	
Appalachian Growers	unresolved	
BsB	unresolved	
Apparel Advisors	unresolved	
Buck Mason	ats	lever
Apostle	unresolved	
Apo.Ge	unresolved	
BSiEE	unresolved	
APPARIS	unresolved	
BTArtboxnails	unresolved	
Apollo-Optik	unresolved	
Bua Organics	unresolved	
Apple Oak Fibre Works	unresolved	
Buddy & Hope	ats	teamtailor
Bubble	unresolved	
Apart	unresolved	
BTArtbox	unresolved	
BUFF	ats	personio
Bubbles & Balms	unresolved	
Apple of Eden	unresolved	
Buff City Soap	ats	personio
Buff Experts	ats	personio
Apple Valley Natural Soap	unresolved	
Buccellati Holding Italia	unresolved	
BUCHERER	unresolved	
APPLIED ART FORMS	unresolved	
aparso	unresolved	
Bucherer Group	unresolved	
Buckle	unresolved	
Buckle& Seam	unresolved	
Apranga  AB	unresolved	
Buddha to Buddha	unresolved	
Buddica	unresolved	
Budgy Smuggler	unresolved	
Budmil	unresolved	
Bufandy	unresolved	
Buffalo	unresolved	
APTO Skincare	unresolved	
Buffalo David Bitton	unresolved	
Buffalo Exchange	unresolved	
Buffalo Industries	unresolved	
Buffalo London	unresolved	
APL: Athletic Propulsion Labs	unresolved	
BUGA	unresolved	
Apparel Group LLC	unresolved	
Bugatti	unresolved	
Apposta	unresolved	
Buffout	unresolved	
Búho	unresolved	
Apuweiser-riche	unresolved	
BuildABagg	unresolved	
Apricot	ats	teamtailor
Buki Akomolafe	unresolved	
AQA	unresolved	
Bukser Jeans	unresolved	
Après Studio	unresolved	
Bukuro	unresolved	
Aquae Jewels	unresolved	
Bulaggi the Bag	unresolved	
Bulgari	unresolved	
Bull & Berry	unresolved	
Bullboxer	unresolved	
Aqua Natural	unresolved	
apart by lowrys	generic	generic-listing
Bulldog Natural Skincare	unresolved	
Bulova Watch Company	unresolved	
APUREE	unresolved	
Bulwark	unresolved	
BuMama	unresolved	
Bundgaard	unresolved	
Bungert	unresolved	
Burnt	ats	greenhouse
Buni Body Care	unresolved	
Bunnies JR	unresolved	
Burt's Bees	ats	teamtailor
BUR BUR	unresolved	
APT.	unresolved	
Burban	unresolved	
Burt's Bees Baby	ats	teamtailor
Burberry	unresolved	
ARA Shoes	unresolved	
BURGANDI PARIS	unresolved	
Burgeon Outdoor	unresolved	
AquaGuard	unresolved	
Burju	unresolved	
Aquatalia	unresolved	
BURKELY	unresolved	
Burlington	unresolved	
Aramore Skincare	unresolved	
Burnt Soul	unresolved	
Apoterra	unresolved	
Butter	ats	teamtailor
Burton	unresolved	
Butter & Me	ats	teamtailor
Apple Bottoms	unresolved	
Bushbalm	unresolved	
Aranyani	unresolved	
Butter'd Bodycare	ats	teamtailor
Aquastar	unresolved	
BUSHMAN	unresolved	
Aran Sweater Market	unresolved	
BUSHY	unresolved	
Busnel	unresolved	
Aquilae	unresolved	
Burlington	unresolved	
Butcher of Blue	unresolved	
Aquazzura	unresolved	
Buti	unresolved	
Buttah	unresolved	
Burrows & Co	unresolved	
Burton	unresolved	
Buttertea	unresolved	
Buzz	unresolved	
BUZZ Skincare Co	unresolved	
BVB FANSHOP	unresolved	
By Billie	unresolved	
By Borre	unresolved	
By Elleven	unresolved	
BY FAR	unresolved	
By Garment Makers	unresolved	
By Jam Gioielli	unresolved	
By Malene Birger	unresolved	
By Malina	unresolved	
Aramis	unresolved	
By Pariah	unresolved	
by Parra	unresolved	
Arche	unresolved	
ARBER	unresolved	
by rosie jane	unresolved	
arboré.	unresolved	
By The Way  Your Hair Looks Fabulous	unresolved	
By Wendy	unresolved	
By Walid	unresolved	
ARCONA	unresolved	
by-bar	unresolved	
by-bar amsterdam	unresolved	
BYBBA	unresolved	
BZB	ats	teamtailor
arch4	unresolved	
BZB	ats	teamtailor
Ao76	unresolved	
Byblos	unresolved	
Bye Bye Blemish	unresolved	
Arcopedico	unresolved	
BYLIMA	unresolved	
ByMotherHands	unresolved	
BYNIUMAAL	unresolved	
ARCH&LINE	unresolved	
BYRD	unresolved	
Byredo	unresolved	
BYTOM	unresolved	
BYVALENTI	unresolved	
BYZA	unresolved	
Araks	unresolved	
BZNA	unresolved	
C by Stories	unresolved	
Arcina Ori	unresolved	
Arei Outdoor Gear	unresolved	
C. REN	unresolved	
C.D. Peacock	unresolved	
Arc'teryx	generic	generic-listing
Cabaia	ats	teamtailor
Cabaia	ats	teamtailor
C.H. Jewelry	unresolved	
C.L. Seifert	unresolved	
C.P. Company	unresolved	
C&Co.®	unresolved	
Arbor	unresolved	
Areté	unresolved	
C.C. Filson	unresolved	
Arctic Bay	unresolved	
C4N	unresolved	
Argeville	unresolved	
C7skates	unresolved	
C&A	unresolved	
Archive	unresolved	
Ca'Shott	unresolved	
Ardell Beauty	unresolved	
CAalloverprint	unresolved	
Ariana & Evans	unresolved	
CAALO	unresolved	
Cabbeen	unresolved	
Cabana	unresolved	
Aribella	unresolved	
Cabela's	unresolved	
Ariana Grande Fragrances	unresolved	
Cabochon	unresolved	
Caboo Paper Products	unresolved	
CACAYE	unresolved	
Cacharel	unresolved	
Cacharel	unresolved	
Cache Cache	unresolved	
Cachicci	unresolved	
ArenArt Forever	unresolved	
CACHE CŒUR	unresolved	
Arezzo (shoes)	unresolved	
Cactus Plant Flea Market	unresolved	
CAD-B MAKEUP AND SKINCARE	unresolved	
Ariana Grande	unresolved	
CADINI	unresolved	
Ardene	unresolved	
CADUNÉ	unresolved	
CAES	unresolved	
Café Costume	unresolved	
Cadolle	unresolved	
Café du Cycliste	unresolved	
Arctic Fox Hair Color	unresolved	
Café Leather	unresolved	
Arielle Shoshana	unresolved	
CafèNoir	unresolved	
Aritzia	unresolved	
CAFÉ COTON	unresolved	
Caftanii	unresolved	
ArivaStreetwear	unresolved	
Caftari	unresolved	
Cahlumn	unresolved	
Arizona Addict	unresolved	
CaiBai	unresolved	
Cake Maternity	unresolved	
arena	generic	generic-listing
CAJOY	unresolved	
Arizona Love	unresolved	
Cal & Gary's	unresolved	
Aristide	unresolved	
Aris Bags	unresolved	
Arilan Skincare	unresolved	
CALAMAR	unresolved	
Cala de la Cruz	ats	personio
Calapo Biotic Products	unresolved	
Caley Cosmetics	unresolved	
Arket	unresolved	
Caley-Beth	unresolved	
Aristocrazy	unresolved	
CALIDA	unresolved	
California Biology	unresolved	
California Naturals	unresolved	
caliray	unresolved	
Calista Tools	unresolved	
Armaf	unresolved	
CALM Skin Care	ats	greenhouse
Arjé	unresolved	
Çalık Holding	unresolved	
Armand Basi	unresolved	
Callaghan	unresolved	
CALL IT SPRING	unresolved	
Arius Cosmetics	unresolved	
Callahan	unresolved	
Caldera + Lab	unresolved	
Armani Exchange	unresolved	
Callaway	unresolved	
Calzedonia	ats	wttj
Calisson Little Royals	unresolved	
Calliope	unresolved	
Ara	unresolved	
Calou	unresolved	
CAMBIO	ats	teamtailor
CAMBIO	ats	teamtailor
Calpierre	unresolved	
Ara AG	unresolved	
Calle Del Mar	unresolved	
Calton Brown	unresolved	
Calvin Klein	unresolved	
Armani Jeans	unresolved	
Calvin Klein Collection	unresolved	
ARMEDANGELS	ats	personio
Calzeat	unresolved	
Armata di Mare	unresolved	
Armand Nicolet	unresolved	
Calliope by Megan Moroney	unresolved	
Calzoleria Tescana	unresolved	
ARMANDO CABRAL	unresolved	
Cam Cam	unresolved	
Cambridge Satchel Co	unresolved	
Camel	unresolved	
Army and Air Force Exchange Service	unresolved	
Calzaturificio Marino Fabiani	unresolved	
Camicissima	unresolved	
Arkk	unresolved	
CAMILLA	unresolved	
Aristo Shmat	unresolved	
Camila Klein	unresolved	
Arnie Says	ats	greenhouse
CAMILLA AND MARC	unresolved	
CAMP DAVID	ats	greenhouse
Camp Cove Swim	ats	greenhouse
Camilla Pihl	unresolved	
Armadillo Outfitter	unresolved	
Camp High	ats	greenhouse
Camille	unresolved	
Arnsdorf	unresolved	
Armazém Paraíba	unresolved	
Camille H	unresolved	
ARMBND	unresolved	
ARNTREAL	unresolved	
Camisaria Colombo	unresolved	
ARO	unresolved	
Camisería Burgos	unresolved	
Camomilla Milano	unresolved	
Aro	unresolved	
Aroma-Zone	ats	teamtailor
Camel Active	unresolved	
Camélia Forever	unresolved	
Campo Marzio	unresolved	
Arms of Andes	unresolved	
Aroma Bella	unresolved	
Campomaggi	unresolved	
Camouflage	unresolved	
Aroma Prodigy	unresolved	
Camps & Camps	unresolved	
Campus Square	unresolved	
Aromatic Flavours and Fragrances	unresolved	
Canadian Classics	unresolved	
Arpege story Original	ats	wttj
Canadian Tire	unresolved	
Army Logic	ats	lever
Canadian Outdoor Equipment Co.	unresolved	
Canali	unresolved	
Arpenteur	unresolved	
Canary	unresolved	
Arquiste	unresolved	
ARROW	generic	generic-listing
CANAVA	unresolved	
Candy Cottons Store	unresolved	
Arsène et les Pipelettes	unresolved	
CANDY x PAINTS	unresolved	
ART	ats	personio
Canela's Homemade Hair Care	unresolved	
AROE	unresolved	
CAMPER	unresolved	
Anne Fontaine	unresolved	
Candice Cooper	unresolved	
Canivro	unresolved	
Art Disco	ats	personio
CannaSmack	unresolved	
ARMA	unresolved	
Art & Create	ats	personio
Canon Quartz	unresolved	
Canopy Verde	unresolved	
Art-93	ats	personio
Canussa	unresolved	
Arte Italica	ats	wttj
Art'Abaska	ats	personio
Canyon	unresolved	
armi	unresolved	
CAPAF	unresolved	
Art of Vedas	ats	personio
Artelusa	unresolved	
Cape Horn	unresolved	
Cape Union Mart	unresolved	
Aromatic Creation	unresolved	
Capezio	unresolved	
Aroop India	unresolved	
Capelli New York	unresolved	
Arthus Bertrand	ats	wttj
Arthur Ford	unresolved	
Capital World Group	unresolved	
Capo	unresolved	
Cape Clasp	unresolved	
Arthur Guld & Design	unresolved	
Arthur Knight	unresolved	
Capodimonti Cashmere	unresolved	
Arrels Barcelona	unresolved	
Cappellificio Fiorentino	unresolved	
Cappelleria Melegari	unresolved	
Caprice	unresolved	
capslab	unresolved	
Articles of Society	unresolved	
Capsule	unresolved	
Captain Blankenship	unresolved	
Captain Santors	unresolved	
Capuccino	unresolved	
Aroma Home	generic	generic-listing
Armor Lux	unresolved	
Capri Holdings	unresolved	
Car Shoe	unresolved	
Cara Mila	unresolved	
Caraline Skincare	unresolved	
Caramel	unresolved	
CARANDO	unresolved	
Carat Shirts	unresolved	
CARAT*	unresolved	
ARTICLE22	unresolved	
Artichoke	unresolved	
CARAVANA	unresolved	
Aromatherapy Rituals	generic	generic-listing
Cardani	unresolved	
ARIOSEyears	unresolved	
Artsac	unresolved	
Cardon	unresolved	
Artigiani Del Cuoio	unresolved	
Carducci	unresolved	
CARE BY ME	unresolved	
ArtKatsura	unresolved	
Careeon	unresolved	
Carel	unresolved	
ArzuKara	unresolved	
CARLA B	ats	teamtailor
AS by DF	unresolved	
CareOne	unresolved	
Carhartt	unresolved	
Artisan-Collage	unresolved	
AS OF TODAY	unresolved	
Carla Ferreri	ats	teamtailor
Carla Zampatti Pty Ltd	ats	teamtailor
Carhartt WIP	unresolved	
ArtLove	unresolved	
Carhartt Work in Progress	unresolved	
Caridei Glove Factory	unresolved	
Cariloha	unresolved	
Carine Gilson	unresolved	
cariPRO	unresolved	
Artemis Design Co.	unresolved	
Carl F. Bucherer	unresolved	
carl gross	unresolved	
ARTIDA OUD	unresolved	
Ascena Retail Group	unresolved	
Carl Zeiss AG	unresolved	
ARYS	unresolved	
ASCENO	unresolved	
Carlance	unresolved	
Carlie Ballard	unresolved	
Carlijnq	unresolved	
Arthur	generic	generic-listing
Carlings	unresolved	
Asda	unresolved	
Carlo Carrizosa	unresolved	
Carlo Pignatelli	unresolved	
Carlton London	unresolved	
Ash	unresolved	
Carlucce Inc.	unresolved	
Asdet	unresolved	
Artuyt	unresolved	
Carmela	unresolved	
As We Are	unresolved	
Carmin	unresolved	
Carmen Sol	unresolved	
As we are now	unresolved	
Carmina Campus	unresolved	
Carnival Glam Hub	unresolved	
Carol Turner Collection	unresolved	
ASHOKA	ats	lever
CarolGlass	unresolved	
Carolina Bucci	unresolved	
Carolina Cosmetics	unresolved	
CAROLINA MACHADO	unresolved	
Ascension Swim	unresolved	
Carolina Herrera	unresolved	
Carolina Torres	unresolved	
ASCENTION Parfums	unresolved	
Caroline Biss	unresolved	
CAROLL	unresolved	
Asiana	unresolved	
CARPASUS	unresolved	
Artknit Studios	unresolved	
Asciari	unresolved	
ASICS	unresolved	
CARPATREE	unresolved	
Carpe	unresolved	
CARPISA	unresolved	
Carrera	unresolved	
ASK SCANDINAVIA	unresolved	
Carriwell	unresolved	
Carpet Company	unresolved	
ASKET	ats	teamtailor
Cars Jeans	unresolved	
AS98	unresolved	
Carson's	unresolved	
Casa Amuk	ats	greenhouse
ASOS	unresolved	
Asklepios Garden	unresolved	
Ashanti Naturals	unresolved	
CASA FLINE	ats	greenhouse
Carry	unresolved	
Casa Das Peles	ats	greenhouse
Carter + Jane	unresolved	
Casa Raki	ats	greenhouse
Aspact	unresolved	
Casa Hair Care	ats	greenhouse
Asna Beauty	unresolved	
Carolyn Rowan	unresolved	
Ashara Jewels	unresolved	
Cartoon	unresolved	
Carvela	unresolved	
Carter Thomas	unresolved	
Carter's	unresolved	
Caryl Baker Visage	unresolved	
Aspi	unresolved	
ASPORTUGUESAS	unresolved	
Carven	unresolved	
Asiri's treasures	unresolved	
Casablanca	unresolved	
CASAGiN	unresolved	
Casall	unresolved	
ASHYA	unresolved	
Casas	unresolved	
Casadei	unresolved	
Cascade Theatre	unresolved	
Casely-Hayford	unresolved	
Cashmere Couture	unresolved	
Aster & Oak	unresolved	
Casas Bahia	unresolved	
ashuhari	unresolved	
CASHMERE in LOVE	unresolved	
Cashmirino	unresolved	
Cashmere Junkies	unresolved	
Aster Skincare	unresolved	
CasoandCo	unresolved	
Casselini	unresolved	
Cassels	unresolved	
ASPESI	unresolved	
Casco Totes	unresolved	
Castafiore	unresolved	
Castaner	unresolved	
ashmei	unresolved	
CASIO	unresolved	
Cassandra Hone	unresolved	
ASRV	unresolved	
Asquith London	unresolved	
Aspen Glow	unresolved	
Cast Iron	ats	wttj
Castle Baths Anna	unresolved	
asunsti	unresolved	
ästhetik skincare	unresolved	
Castelijn& Beerens	unresolved	
Castart	unresolved	
Castle Soap Company	unresolved	
At.P.Co	unresolved	
Castore	unresolved	
Castori	unresolved	
Astley Clarke	unresolved	
Castro	unresolved	
Astonish Cleaning Products	unresolved	
Castelli Cycling	unresolved	
Aspinal of London	unresolved	
CASUPO	unresolved	
Atalaye	unresolved	
CAT Footwear	unresolved	
Castle Baths Exotic Earth	unresolved	
AS Colour	unresolved	
Cat Footwear	unresolved	
Asterwood	unresolved	
Castle Baths Tre'Yours	unresolved	
CAT workwear	unresolved	
Casual Friday	unresolved	
Assembly Label	unresolved	
Catarina Mina	unresolved	
Articles de Paris	unresolved	
Atelier Gardeur	unresolved	
Catbird	unresolved	
ATASAY	unresolved	
Caterpillar	unresolved	
Atasun Optik	unresolved	
Aspiga	unresolved	
Cath Kidston	unresolved	
Catherine Colebrook	unresolved	
Atelier Lavoisier	unresolved	
Astore	unresolved	
Astrid & Miyu	ats	teamtailor
Catar Cottega	unresolved	
Catarina Martins	unresolved	
ASUYAMA	unresolved	
Atelier Torino	unresolved	
Atelier de Famille	unresolved	
Catherine André	unresolved	
Atelier Emé	unresolved	
Catherines	unresolved	
Catimini	unresolved	
Catherine Regehr	unresolved	
Cato Corporation	unresolved	
Caudalie	unresolved	
Atelier Minimalist	unresolved	
Atelier Noterman	unresolved	
Cauldron Apothecary	unresolved	
CAUSEMEDIC	unresolved	
Atelier Rebul	unresolved	
Caval	ats	wttj
Catherine Rowe Designs	unresolved	
Cavallaro Napoli	unresolved	
Cavallo	unresolved	
Caviar	unresolved	
ATHLETIC COSMETIC COMPANY LLC	unresolved	
CAVU beauty	unresolved	
Cayla Gray	unresolved	
Atelje DR Jewelry	unresolved	
Atelier Rêve	unresolved	
Cayler & Sons	unresolved	
Athari Wear	unresolved	
CBDistillery	unresolved	
Catwalk Junkie	unresolved	
CBD Daily	unresolved	
CCC	unresolved	
Cav Empt	unresolved	
Athletico	unresolved	
Atelier Reservé	unresolved	
CCDK Copenhagen	unresolved	
Atlantis	ats	personio
Athison	unresolved	
Cbi Laboratories	unresolved	
Athleta	unresolved	
CDLP	unresolved	
Ceceba	unresolved	
Atenea Profesional	unresolved	
Atlas Rose	ats	personio
CDM Bedrijfskleding	unresolved	
Athleta Inc	unresolved	
CECIL	unresolved	
Athar'a Pure	unresolved	
CECIL McBEE	unresolved	
Atelier Content	unresolved	
CECIL McBEE	unresolved	
Cécile CANJ	unresolved	
atmos pink	unresolved	
Cécile Jeffrey	unresolved	
Atmosphere	unresolved	
celio	ats	teamtailor
Cecilie Bahnsen	unresolved	
Athletic Hands	unresolved	
Cedar & Sage	unresolved	
ATMOSEA	unresolved	
Cefinn	unresolved	
Cee Cee's Closet	unresolved	
Celebritips	unresolved	
Atlanta Mocassin	unresolved	
Céla by Celine Tadrissi	unresolved	
CELFORD	unresolved	
Celestino	unresolved	
CELINE	unresolved	
Cellbone	unresolved	
Cellini	unresolved	
Celtic & Co	unresolved	
Atelier Munro	generic	generic-listing
Atsugi	unresolved	
Celopman	unresolved	
Celyfos	unresolved	
Celtic Fusion	unresolved	
Céméle Paris	unresolved	
Cenci Pelletterie	unresolved	
Centauro	unresolved	
Centro Comercial Plaza Valera	unresolved	
Century Time Gems Ltd	unresolved	
CeraVe	unresolved	
Ceremonia	unresolved	
CEP	unresolved	
Cero & Etage	unresolved	
CERRUTI	unresolved	
Atlantic Blankets	unresolved	
CERO NINE	unresolved	
ATON	unresolved	
Cerruti 1881	unresolved	
ČESKÁ OČNÍ OPTIKA HOLDING	unresolved	
CFCL	unresolved	
CG – CLUB of GENTS	unresolved	
ch!iii	unresolved	
Attesa	unresolved	
Chabo Bags	unresolved	
Attic and Barn	unresolved	
ATOMY	unresolved	
CHALLO	unresolved	
Chaco	unresolved	
CHAMBRE DE FAN	unresolved	
Cezanne Hair	unresolved	
Champs Sports	unresolved	
Chambre	unresolved	
Aubade Paris	unresolved	
Chanel	unresolved	
Champion	unresolved	
Aubercy	unresolved	
ATO Berlin	generic	generic-listing
champagne in the morning	unresolved	
ChanceChance	unresolved	
Chance of Sunny	unresolved	
Aubrie	unresolved	
ATWATER	unresolved	
Chantal Temam	unresolved	
Charles Clinkard	ats	greenhouse
Chantal Thomass	unresolved	
Charles Colby	ats	greenhouse
Chapters of her  skincare by The Rolling Bell  LLC	unresolved	
ATM	unresolved	
Chantall	unresolved	
Augeo	unresolved	
Charles Tyrwhitt	ats	greenhouse
Charles Tyrwhitt	ats	greenhouse
CHANGE LINGERIE	unresolved	
Audio Architect Apparel	unresolved	
Charlee Swim	unresolved	
Charles & Keith	unresolved	
CHAR Skincare	unresolved	
ATP Atelier	unresolved	
Charlotte Bio	ats	personio
Charles J Wahba	unresolved	
Charlotte Grace	ats	personio
Charli	unresolved	
ATZEN Superior to Organic® Skin Care	unresolved	
Charlotte Knowles	ats	personio
Charleston Shoe Co.	unresolved	
Charlotte Russe	ats	personio
Charlotte Tilbury Beauty	ats	personio
Charli Cohen	unresolved	
Charlie Choe	unresolved	
Charlie Constantinou	unresolved	
Charlie Mae Swimwear	unresolved	
Charm Diamond Centres	unresolved	
Attaquer	generic	generic-listing
CHAROL	unresolved	
Charriol	unresolved	
Audimas  AB	unresolved	
Chaser	unresolved	
Aura Hair + Body Mist™ in Lychee Baby	ats	greenhouse
Charming Charlie	unresolved	
Aura Hair + Body Mist™ Toasted Sugar	ats	greenhouse
Charuel	unresolved	
Charmed Aroma	unresolved	
Auli Skin	unresolved	
Audelia's Collection	unresolved	
Aura Hair Mist™	ats	greenhouse
Chasers	unresolved	
Aura 7 Activewear	ats	greenhouse
Aura Moda Italiana	ats	greenhouse
CHASIN'	unresolved	
Chatelles	unresolved	
Aura Que	ats	greenhouse
Aura Organics	ats	greenhouse
Chaumet	unresolved	
Chaussea	unresolved	
Aunu	unresolved	
Chaud Marais	unresolved	
August Society	unresolved	
Chaussexpo	unresolved	
Aullo Gold	unresolved	
Chaser Brand	unresolved	
chaYkra	unresolved	
Aure	unresolved	
Chateau De Suz	unresolved	
Cheaney	unresolved	
Chelsea Bravo	unresolved	
Cheeta Teamwear Pty Ltd	unresolved	
Chella	unresolved	
Aurelie Bidermann	unresolved	
Chelsea Peers	unresolved	
Au vieux campeur	unresolved	
Chemist Confessions Inc.	unresolved	
Ches Editions	unresolved	
Chemmanur International Jewellers	unresolved	
Chet Lo	unresolved	
Aurlex Tees	unresolved	
AurifyDesigns	unresolved	
Chevignon	unresolved	
Chevalier d’éon	unresolved	
CHI	unresolved	
Chi Chi	unresolved	
auratherapy	unresolved	
Chi Chi London	unresolved	
Chiara Ferragni	unresolved	
Chiarugi	unresolved	
Aulico	generic	generic-listing
Chiban	unresolved	
Chiba Clothing	unresolved	
Chic Le Frique	unresolved	
Chicco	unresolved	
Chick Lane	unresolved	
Chiccheria Brand	unresolved	
Chico's	unresolved	
Chicor	unresolved	
Chie Mihara	unresolved	
Chiemsee	unresolved	
Chika Kisada	unresolved	
Chicorée Mode	unresolved	
Chisholm Hunter	ats	smartrecruiters-whitelabel
chiki buttah products	unresolved	
Chillax	unresolved	
Chilli Beans	unresolved	
Australian	unresolved	
Auricoste	unresolved	
chillouts	unresolved	
CHIMI	unresolved	
China Glaze	unresolved	
CHINA GOLD	unresolved	
Australian Footwear	unresolved	
Chinese Laundry	unresolved	
Auromère	unresolved	
Chinti & Parker	unresolved	
Chiquelle	unresolved	
Chipmunks	unresolved	
CHIUSHUI	unresolved	
Authentic	unresolved	
Chloé	unresolved	
Aurelia	unresolved	
CHNGE	unresolved	
Auteur	unresolved	
Cholewiński	unresolved	
Chloé Stora	unresolved	
Chopard	unresolved	
Chong Hing Jewelers	unresolved	
Autumn Adeigbo	unresolved	
Chopova Lowena	unresolved	
Chow Sang Sang	unresolved	
Chorus Supernatural	unresolved	
Autumn Cashmere	unresolved	
Aurélien	unresolved	
Aureum Collective	unresolved	
CHOW TAI FOOK	unresolved	
ChowTaiSeng	unresolved	
Avani	ats	greenhouse
Aux Corps Anonymes	unresolved	
CHPO	unresolved	
Auter	unresolved	
CHRIST	unresolved	
Chris Cayne	unresolved	
Aussie Disposals	unresolved	
Christian Louboutin	unresolved	
Christina Krämer	unresolved	
Christian Audette	unresolved	
Avarelle	unresolved	
Christine LAURE	unresolved	
Christian Siriano	unresolved	
Avail	unresolved	
Atunas	unresolved	
AuTerra	unresolved	
Christine Valmy Inc.	unresolved	
Christopher & Banks	unresolved	
Christopher Hanlon	unresolved	
Avavav	unresolved	
Christopher John Rogers	unresolved	
Christian Philip	unresolved	
Automic Gold	unresolved	
Christian Wijnants	unresolved	
Chromat	unresolved	
ATUKO	unresolved	
Christine Lingerie	unresolved	
Aveda	unresolved	
Chrome	unresolved	
Chrome Hearts	unresolved	
Chronotope	unresolved	
avant-atlas	unresolved	
Christy Dawn	unresolved	
Chucker Fly Apparel	unresolved	
Aventura	unresolved	
Chufy	unresolved	
Chumbak	unresolved	
CHUDA SKINCARE	unresolved	
Avia	unresolved	
Christopher Kane	unresolved	
Avesu	unresolved	
Avarcas Menorquinas	unresolved	
Church's	unresolved	
AUTORE	unresolved	
Aviation88	unresolved	
Chut! INTIMATES	unresolved	
CHYLAK	unresolved	
Avila	unresolved	
Auralee	unresolved	
Cia do Terno	unresolved	
Avec Les Filles	unresolved	
Cie Malibu	ats	greenhouse
AVNIER	unresolved	
CIAOPANIC	unresolved	
avec ēlan	unresolved	
Cibadol	unresolved	
Ciciban	unresolved	
Avirex	unresolved	
CHUU	unresolved	
Ciele Athletics	unresolved	
Avolta	unresolved	
Avesso	unresolved	
Cienta	unresolved	
CIELVAA	unresolved	
Avorio Skincare	unresolved	
Cilveti	unresolved	
Ciganka - Artforms from Nature	unresolved	
AW Lab	unresolved	
Avatim	unresolved	
CINEMA CLUB	unresolved	
Cingomma	unresolved	
Cinnao	unresolved	
AW.Bridal	unresolved	
CINQUE	unresolved	
CHUMS Japan	unresolved	
Circus NY	ats	personio
Circle Creations	unresolved	
AXEL ARIGATO	ats	teamtailor
Circle of Trust	unresolved	
AWDis Ecologie	unresolved	
Ay	unresolved	
CIDER	unresolved	
AveSeena	generic	generic-listing
Circle Sportswear	unresolved	
Circles and Cycles	unresolved	
Circle of Gentlemen	unresolved	
Cisalfa Sport	unresolved	
Ciso	unresolved	
Citi Trends	unresolved	
CIPO & BAXX	unresolved	
Citizen Watch	unresolved	
AVIREX Japan	unresolved	
Cissi Och Selma	unresolved	
Citizens Humanity	unresolved	
Citizens of Humanity	unresolved	
Cirrus Parfum	unresolved	
Citizen Wolf	unresolved	
Citrus on Main	unresolved	
AWARE Hair	unresolved	
Axess Wallets	unresolved	
Citra Solv	unresolved	
Awave Awake	unresolved	
Ayani	unresolved	
Citron Vert	unresolved	
Aybi	unresolved	
CL	unresolved	
AYA Sacred Wear	unresolved	
City Chain	unresolved	
AWG-Modecenter	unresolved	
City Chic	unresolved	
Aykez	unresolved	
Ayeya	unresolved	
City Shirt Co	unresolved	
CITYCHAMP WATCH & JEWELLERY	unresolved	
Awakening Spirit	unresolved	
CityZen	unresolved	
CJ Schmidt	unresolved	
Clan de Banlieue	ats	wttj
City Beach	unresolved	
Ayurveda Sutra Co	unresolved	
City Beauty	ats	greenhouse
Cklass	unresolved	
Clara's New York	ats	greenhouse
AZ FACTORY	unresolved	
Atol	unresolved	
ck Calvin Klein	unresolved	
Clae	unresolved	
Azayan	unresolved	
Clarkson Eyecare	ats	greenhouse
Claesen's	unresolved	
CKS	unresolved	
Avril	unresolved	
Claire Woman	unresolved	
Claire's	unresolved	
Azmera Skin Care	unresolved	
Aya Label	unresolved	
Clamp	unresolved	
CLANE	unresolved	
Claq	unresolved	
clariSEA	unresolved	
Azrul Ananda	unresolved	
Clarks	unresolved	
Aztech Mountain	unresolved	
Clark's Botanicals	unresolved	
Ayurblooms	unresolved	
AYOND	unresolved	
Classic All Blacks	unresolved	
AZUL BY MOUSSY	ats	lever
Ayten Gasson	unresolved	
Classic Cotton Co	unresolved	
Classic Sheepskins	unresolved	
Classics77	unresolved	
B Futurist	unresolved	
Claudia Canova	unresolved	
Azulu	unresolved	
Claudia Firenze	unresolved	
Ayana	generic	generic-listing
CLAUDIA LI	unresolved	
Azizi	unresolved	
AYODI	unresolved	
Claudia Sträter	unresolved	
Claudia Dean World	unresolved	
AZOURANE	unresolved	
Claudie Pierlot	unresolved	
B-well	unresolved	
Claudio Ferrici	unresolved	
B. Divine Aromatherapy	unresolved	
Claudio Civitico	unresolved	
Claudio Lugli	unresolved	
B. Belt	unresolved	
Clay and Olive Skincare	unresolved	
Clayton	unresolved	
B's International	ats	smartrecruiters-whitelabel
Classyandfabulous Jewelry	unresolved	
Azure	unresolved	
Cle Cosmetics	unresolved	
B.H. van der Veen	unresolved	
Clear Beauty	ats	greenhouse
Clean Age	unresolved	
B.L.A.H.	unresolved	
Clear Conscience	ats	greenhouse
Clean Beauty Collective	unresolved	
AZNAR INNOVA S.A.	unresolved	
Clean Beauty by Joy	unresolved	
B Nosy	unresolved	
Clear Label Skincare	ats	greenhouse
b.young	unresolved	
Clean Glow Co.	unresolved	
Cleo	ats	greenhouse
Clean Kids Naturally	unresolved	
Clear Visage	ats	greenhouse
Clean Kiss	unresolved	
B Sides	unresolved	
Away	unresolved	
Clean + Easy	unresolved	
Clean Rebellion	unresolved	
CleanBoss	unresolved	
BABISTA	unresolved	
CleanGo GreenGo Inc.	unresolved	
Cleancult	unresolved	
Babe Original	unresolved	
b.BLD LLC	unresolved	
Clemedy	unresolved	
Babo Botanicals	unresolved	
ClearSPF	unresolved	
Clements Ribeiro	unresolved	
Babs the Label	unresolved	
Cleobella	unresolved	
Cleo+Coco	unresolved	
Cleverman	unresolved	
CLEOR	unresolved	
Clinexil	unresolved	
Clic! Shoes	unresolved	
cliganic	unresolved	
B&G Store	unresolved	
Clinique Laboratories  LLC	unresolved	
Baby-G	unresolved	
CLMX	unresolved	
Babybear	unresolved	
Baabushka	unresolved	
Cloak	unresolved	
Babyface	unresolved	
clocks and colours	unresolved	
Clio Goldbrenner	unresolved	
Clodi	unresolved	
Cloe Cassandro	unresolved	
Baabuk	unresolved	
BABYLONE	unresolved	
Cloré Beauty Supply	unresolved	
babymel	unresolved	
CLOROFILA	unresolved	
CLOSSHI	unresolved	
Baby Phat	unresolved	
CLOSED	unresolved	
Cloth & Co.	unresolved	
Closure London	unresolved	
Baby~Pourri	unresolved	
Cloud9	unresolved	
Cloudveil	unresolved	
BACK NUMBER	unresolved	
Back Beat Co.	unresolved	
Cloud Haircare	unresolved	
CLOUDY	unresolved	
Clover & Ide	unresolved	
Backes & Strauss	unresolved	
Club Monaco	ats	greenhouse
Cloverpost	unresolved	
B2	ats	teamtailor
Club 24	unresolved	
Club Chainstitch	unresolved	
Clothing Junction	unresolved	
Babycare	unresolved	
Club Champion	unresolved	
Bad Bear	unresolved	
Club Knit	unresolved	
Club L London	unresolved	
Coach	ats	wttj
Club L' avenir	unresolved	
BabyOne	unresolved	
Club Manhattan	unresolved	
Avon Products Inc.	unresolved	
Baby Bum	unresolved	
Coast	ats	greenhouse
Club Moda USA	unresolved	
BabyMocs	unresolved	
club of comfort	unresolved	
Babystyling	unresolved	
Club Voltaire	unresolved	
Clumpy's	unresolved	
Clubman	unresolved	
Badimyon	unresolved	
Cmeo Collective	unresolved	
Badura	unresolved	
BaeBlu	unresolved	
CMP	unresolved	
Co Exist	unresolved	
Bag-all	ats	recruitee
Co'Couture	unresolved	
Bagatelle	unresolved	
Coalatree	unresolved	
Back To Earth	unresolved	
BAG AFFAIR	ats	recruitee
Coachtopia	unresolved	
Baggage Factory	unresolved	
COBRAELEVEN	unresolved	
Baggins	unresolved	
Cobblestone Living	unresolved	
Badawii Beachwear	unresolved	
Coastal Classic Creations	unresolved	
Backstage Make-up	unresolved	
Coccinelle	unresolved	
Coccodrillo	unresolved	
ba&sh	generic	generic-listing
Baiia	unresolved	
Coclico	unresolved	
Bailey Nelson	unresolved	
Coco & Kandy	unresolved	
Badgley Mischka	unresolved	
Cocoon Kapas	ats	greenhouse
Coco D'Este	unresolved	
Coco Shop	unresolved	
b.YELLOWTAIL	unresolved	
CoCo Verdure	unresolved	
Code	ats	personio
Cocoa by CeCe	unresolved	
CoCoDot Affection	unresolved	
BAIT	unresolved	
COCOJOJO	unresolved	
cocokind	unresolved	
Cocolab	unresolved	
Cocomera	unresolved	
Baje studio	unresolved	
CoconuTacha	unresolved	
Cocosolis	unresolved	
Bāeo	unresolved	
BaiWuXi	unresolved	
Cocorrina	unresolved	
COCOSHNIK	unresolved	
Codello	unresolved	
Codex Labs	unresolved	
BadRhino	generic	generic-listing
Codex Labs Corporation	unresolved	
Balance Headwear	unresolved	
coen	unresolved	
cofucu	unresolved	
Cofur Denmark	unresolved	
Bailey of Hollywood	unresolved	
COG	unresolved	
Cognitive Surplus	unresolved	
cognomen	unresolved	
Cohen's Fashion Optical	unresolved	
Coin	unresolved	
Colcci	unresolved	
Badger	unresolved	
Colchester Rubber Co	unresolved	
Colchik	unresolved	
COLE BUXTON	unresolved	
Cole Haan	unresolved	
Balenciaga	unresolved	
Balabala	unresolved	
Colette	unresolved	
Balaboosté	unresolved	
BAKARI	unresolved	
Colette by Colette Hayman	unresolved	
Colette Schilde	unresolved	
ColieCo	unresolved	
Baldinini	unresolved	
Bali	unresolved	
Colin's Jeans	unresolved	
Bali Elf	unresolved	
Collectif London	unresolved	
Baldessarini	unresolved	
BALIBARIS	unresolved	
Collection Genesis	unresolved	
Collection of Style	unresolved	
BALI LASH	unresolved	
Baliene	unresolved	
Ballantynes	ats	smartrecruiters-whitelabel
Collectors Club	unresolved	
Balagan Studio	generic	generic-listing
Ballantyne Cashmere SpA	unresolved	
Collegium	unresolved	
Colloseum	unresolved	
Colmar Originals	unresolved	
Collectiq Clothing	unresolved	
BALR.	unresolved	
Collina Strada	unresolved	
Bald Glamour	unresolved	
Baleaf	unresolved	
Color Street	unresolved	
Columbia	ats	wttj
Colorado Threads	unresolved	
Balm Baby	unresolved	
Colorful Rebel	unresolved	
Columbia Sportswear	ats	wttj
Balm n Calm	unresolved	
Bali	unresolved	
BALSAIS	unresolved	
Colorful Standard	unresolved	
Colors of California	unresolved	
Bam Loves Boo	ats	wttj
BAM	ats	wttj
ColorpHlex	unresolved	
Colorsmith	unresolved	
Balyy	unresolved	
Colourful Rebel	unresolved	
ColourPop Cosmetics	unresolved	
COLOURS & SONS	unresolved	
Bamboo Basics	unresolved	
Colours & Beauty	unresolved	
COMAZO	unresolved	
Come On	unresolved	
COMEFORBREAKFAST	unresolved	
Comfy Copenhagen	unresolved	
Comfyballs	unresolved	
BALL	unresolved	
Baleno	unresolved	
comma	unresolved	
Bally	unresolved	
Commando	unresolved	
Bampidano	unresolved	
Come Back As A Flower	unresolved	
Command Cosmetics	unresolved	
Baltayan	unresolved	
COMME CA	unresolved	
Comme des Garçons	unresolved	
bal	unresolved	
commence	unresolved	
Common Projects	unresolved	
BAMBA	unresolved	
Communion Botanicals	unresolved	
Community Clothing	unresolved	
COMOLI	unresolved	
Compagnia Italiana	unresolved	
Companeros	unresolved	
ComposeRx	unresolved	
Comprehensive Cranium Care®	unresolved	
Companion Denim	unresolved	
Baltic Linen	unresolved	
Comptoir des Cotonniers	unresolved	
Comtessa	unresolved	
COMUNITYmade	unresolved	
Common Ground®	unresolved	
Conbipel	unresolved	
Banana Moon	unresolved	
Bamboo Trading Company	unresolved	
Conchisa	unresolved	
Bamboo Beauty Lifes	unresolved	
Concreted	unresolved	
Connor	unresolved	
Banana Republic	unresolved	
Bambu Earth	unresolved	
Bamboo Cay	unresolved	
Bandsome	unresolved	
Conquista	unresolved	
Conrado	unresolved	
Conscience Designs	unresolved	
Conscious Step	unresolved	
Conscious the label	unresolved	
banana blue	unresolved	
Consenso	unresolved	
Consigned	unresolved	
Constance (shoes brand)	unresolved	
Contém1g	unresolved	
BANNEDLA	unresolved	
Constantin Weisz	unresolved	
Contessa Volpi	unresolved	
Banner Day	ats	teamtailor
Contempo	unresolved	
Continent Clothing	unresolved	
Banana Republic	unresolved	
Continew	unresolved	
Contradictions in ILK	unresolved	
Contrapposto	unresolved	
Control Corrective Skincare Systems	unresolved	
Convenience Wear	unresolved	
Bananain	unresolved	
Converse	unresolved	
Coogi	unresolved	
Coolawoola	unresolved	
Banjanan	unresolved	
BANDI VAMOS	unresolved	
Converse Japan	unresolved	
BAODAO Optical	unresolved	
CoolCat	unresolved	
banks journal	unresolved	
COOHEM	unresolved	
Coop City	unresolved	
Band of Rascals	unresolved	
COOPH	unresolved	
Cop Copine	unresolved	
Barbarossa Moratti	unresolved	
COPA	unresolved	
Coppel	unresolved	
Barb.ua	unresolved	
Copenhagen Studios	unresolved	
Copper Fox 1998	unresolved	
Copdi	unresolved	
COPERNI	unresolved	
Coral Sun	unresolved	
Cordani	unresolved	
Coq en Pâte	unresolved	
Cordera	unresolved	
Cordon Sport Berlin	unresolved	
Baileys	unresolved	
Cordwainer	unresolved	
Core Cosmetic	unresolved	
banesh	generic	generic-listing
Coreana Cosmetics	unresolved	
Barbara Lebek	unresolved	
COREM	unresolved	
Corinne	unresolved	
Banter by Piercing Pagoda	ats	workday
Barça - FC Barcelona	unresolved	
BAPE	unresolved	
Corîu	unresolved	
Cork Culture	unresolved	
BarBella Co.	unresolved	
CorkHouse	unresolved	
BAGGU	unresolved	
Bare Botanics	unresolved	
Corkor	unresolved	
Corks and Bubbles	unresolved	
Corum	ats	wttj
Cornelia Webb	unresolved	
Bared Footwear	unresolved	
Barefoot Scientist	unresolved	
Corneliani	unresolved	
CORPUS	unresolved	
bareMinerals	unresolved	
Barbour	unresolved	
Corrente	unresolved	
Bario Neal	unresolved	
Corridor	unresolved	
Corsia	unresolved	
Corso Italia	unresolved	
Cortefiel	unresolved	
BARNYARDSTORM	unresolved	
Corteiz	unresolved	
Barnes Made	unresolved	
Corto Moltedo	unresolved	
Barbisio	unresolved	
Corso Roma	unresolved	
Bare All	unresolved	
COS	unresolved	
COS	unresolved	
Cosabella	unresolved	
Baron	ats	smartrecruiters-whitelabel
Cosfun	unresolved	
Baodao Group	unresolved	
Cosmette Skincare	unresolved	
COSMIC WONDER	unresolved	
Banila Co.	unresolved	
Cosmic Drifters	unresolved	
Cosmoparis	unresolved	
Cosmogonie Paris	unresolved	
Barefoot Blonde Collection	unresolved	
cosmosophie	unresolved	
Bardot	unresolved	
Barker	unresolved	
Cosmo Crew	unresolved	
Costa Del Mar	unresolved	
Costamani	unresolved	
Costco	unresolved	
Costello Tagliapietra	unresolved	
Barocco Tribal	unresolved	
COSSAC	unresolved	
Costa da Morte # Death Coast	unresolved	
COSMOS COMFORT	unresolved	
Base London	unresolved	
Costes	unresolved	
Costo	unresolved	
Barney Cools	unresolved	
Costume National	unresolved	
basefield	unresolved	
BARRIE	unresolved	
Cotton On	ats	smartrecruiters-whitelabel
Baserange	unresolved	
Costume Privé Paris	unresolved	
basic apparel	unresolved	
COTE	unresolved	
Basic Rights	unresolved	
Barton Bangladesh	unresolved	
Bass Pro Shops	generic	generic-listing
Côte	unresolved	
Cotélac	unresolved	
Basile	unresolved	
Cotopaxi	unresolved	
Cotton On Group	ats	smartrecruiters-whitelabel
Bask Suncare	unresolved	
Coster Copenhagen	unresolved	
Coton Doux	unresolved	
Basler	unresolved	
Cotswold Outdoor	unresolved	
BARRE	unresolved	
Cotton & Silk	unresolved	
BASTET NOIR	unresolved	
Base Bodywear	unresolved	
Cotton Candy	unresolved	
Bassike	unresolved	
Barone	unresolved	
cotton club	unresolved	
Cotton On Body	unresolved	
Bata	unresolved	
Cotton On Kids	unresolved	
Cotton Traders	unresolved	
Cottonique	unresolved	
Courir	ats	smartrecruiters-whitelabel
Bath & Body Works	unresolved	
Cottonworld	unresolved	
Coty	unresolved	
Couch	unresolved	
Cove	ats	teamtailor
Coulange	unresolved	
Bates	unresolved	
Counter	unresolved	
COUNTRY LINE	unresolved	
Country Road	unresolved	
Country Rose Soap	unresolved	
Cove Suncare	ats	teamtailor
COUP DE CHANCE	unresolved	
Base Apparel	unresolved	
BaTistine	unresolved	
Couper et Coudre	unresolved	
Courbet	unresolved	
Courreges	unresolved	
BATSHEVA	unresolved	
Courtney Sykes Molecular Anti-Aging	unresolved	
Covencraft Apothecary	unresolved	
Batch 1 UK	unresolved	
Cover	unresolved	
Coût De La Liberté	unresolved	
Cover FX	unresolved	
CoverGirl	unresolved	
Bathen	unresolved	
Cowboysbag	unresolved	
Coxco	unresolved	
CP Shades	unresolved	
CPL1953	unresolved	
Baum und Pferdgarten	unresolved	
CQ Couture	unresolved	
BathSheba	unresolved	
CQP	unresolved	
Barts	unresolved	
CR	unresolved	
Bask in the Sun	unresolved	
CRAFSTO	unresolved	
Batoko	unresolved	
Craft	unresolved	
Craghoppers	unresolved	
Craig Green	unresolved	
BAYFLOW	unresolved	
Bayankala	unresolved	
Cramers van Asten	unresolved	
Crās	unresolved	
Crash Baggage	unresolved	
Cravings by Chrissy Teigen	unresolved	
Crate 61 Organics	unresolved	
Credo	ats	personio
Crazy Rumors	unresolved	
Baume Essentials	unresolved	
CRDKeLaiDi	unresolved	
Crazy Good Threads	unresolved	
Cream	unresolved	
BAV TAiLOR	unresolved	
Bazargan Global LLP	unresolved	
Cream	unresolved	
Barks & Beauty Aesthetics	unresolved	
Cream-Clothing	unresolved	
Creamy Fabrics	unresolved	
Baukjen	unresolved	
Create Ebara	unresolved	
BATONER	unresolved	
Création Gross GmbH & Co. KG	unresolved	
Create IT	unresolved	
Creed	unresolved	
BAYTHE	unresolved	
Creenstone	unresolved	
BCBGMAXAZRIA	unresolved	
Cresci e Perdi	unresolved	
Crepe Erase	unresolved	
Bathu	unresolved	
CremeBalm	unresolved	
BCF	unresolved	
Crew Clothing Company	unresolved	
BAY Active	unresolved	
Bandgewoo	unresolved	
BBP	unresolved	
Crickit	unresolved	
Crime London	unresolved	
Criminal Damage	unresolved	
Be Camaïeu	unresolved	
Crinolino	unresolved	
BB Sheep	unresolved	
BE BARE	unresolved	
Crismot	unresolved	
Cristina Castañer	unresolved	
Critter Mountain Wear	unresolved	
Be in Love	unresolved	
Croata	unresolved	
Crockett & Jones	unresolved	
Be Pure Dutch	unresolved	
BCakes LLC	unresolved	
Crocs	unresolved	
Crew Clothing	unresolved	
Crooked Chaps	unresolved	
Be52®	unresolved	
Cropp	unresolved	
CROSS COLOURS	unresolved	
BE EDGY	unresolved	
Bayo	unresolved	
cross jeans	unresolved	
Baxter Wood	unresolved	
crossFIXE	unresolved	
Beach Bunny	unresolved	
CTS	ats	greenhouse
Be a 10	unresolved	
CRTFD	unresolved	
Critical Slide / TCSS	unresolved	
Be Free by Danielle Fishel	unresolved	
CRUNCHI	unresolved	
CRUSH	unresolved	
CRUSHED AFTERCARE INC.	unresolved	
Cruyff	unresolved	
BEAMS	unresolved	
Crystalyn Kae	unresolved	
CT Organics	unresolved	
Croquis	unresolved	
be-with	unresolved	
CTWLK.	unresolved	
Beard Care Club	unresolved	
bbase	unresolved	
Cubavera	unresolved	
Cross Sportswear	unresolved	
Cubitts	unresolved	
Cubus	unresolved	
Cue	unresolved	
Beachlife	unresolved	
Cue Jewelry	unresolved	
Cuisse de Grenouille	unresolved	
Bean Pole International	unresolved	
Cult of Individuality	unresolved	
Crying Center	unresolved	
Be Kind Vibes	unresolved	
CULT+KING	unresolved	
Beales	unresolved	
Cuidado con el Perro	unresolved	
CULTURE	unresolved	
Cultureopolis	unresolved	
CULYA	unresolved	
Cult Gaia	unresolved	
Current State	ats	greenhouse
Bear Naked Pickleball	unresolved	
Cup of Joe (COJ) denim	unresolved	
CUPLÉ	unresolved	
Current/Elliott	ats	greenhouse
Curatrix	unresolved	
Curensology	unresolved	
Curie	unresolved	
Curl Cardio	unresolved	
Baume et Mercier	unresolved	
Curlsmith	unresolved	
Beau Ties	unresolved	
Curlstate	unresolved	
Curology	unresolved	
Beatrice .b	unresolved	
Cultural Roots	unresolved	
Beaumont Organic	unresolved	
Cus	unresolved	
Beatrice Valenzuela	unresolved	
Curvy Kate	unresolved	
BEAU D.	unresolved	
Custo Barcelona	unresolved	
BDK Parfums	unresolved	
Custo Barcelona	unresolved	
Beautinow	unresolved	
Beate Heymann Street Couture	unresolved	
Custom Ink	unresolved	
Cuyana	ats	greenhouse
Custommade	unresolved	
Beautiful Birds	unresolved	
Cute Stuff	unresolved	
Bearded Coast	unresolved	
BEAUTY & YOUTH UNITED ARROWS	unresolved	
Curvature Clothing	unresolved	
Bearpaw	unresolved	
CUUP	unresolved	
Beanpole	unresolved	
CVLCHA	unresolved	
Cus sustainable clothing	unresolved	
Cwtch	unresolved	
Cynthia Rowley	ats	smartrecruiters-whitelabel
CVRD Fashion	unresolved	
Cybèle	unresolved	
Cycle Gear	unresolved	
CycleBand	unresolved	
Cyberoptix	unresolved	
CYCLEING	unresolved	
Cycleur de Luxe	unresolved	
Cutler & Gross	unresolved	
Cyell	unresolved	
Cyma Watches	unresolved	
CynXLA	unresolved	
Cyrillus	unresolved	
CVC Stones	unresolved	
cyroline	unresolved	
D-Four	unresolved	
D-Mara	unresolved	
Beauty Art World	unresolved	
Cyzone	unresolved	
Beauty Bestie	unresolved	
Beauregard	unresolved	
D-XEL	unresolved	
Beaumont Bags	generic	generic-listing
D.I. Ware Company	unresolved	
BEAUTY BAY	generic	generic-listing
D.LISSOME	unresolved	
D.S. & Durga	unresolved	
Beauty Creations	unresolved	
Beauty Formulation Ltd	unresolved	
D’Amante	unresolved	
Beauty Cluster Barcelona	unresolved	
D’ETOILES CASIOPÉ	unresolved	
D'Sign Apparel	unresolved	
Dabble & Dollop	ats	teamtailor
d'zzit	unresolved	
Beaumont	unresolved	
D&DEPARTMENT	unresolved	
D2O	unresolved	
Beauty by Earth	unresolved	
D/Luca Los Angeles	unresolved	
Beaverbrooks	unresolved	
D'URBAN	unresolved	
d'Annam	unresolved	
Dabao	unresolved	
D4 Love	unresolved	
Bébé Lune Studio	unresolved	
Dab Herb Makeup and Skincare	unresolved	
Bebe Stores	ats	personio
DabiDabi	unresolved	
Dachstein	unresolved	
Beautitionary	unresolved	
Daddy Couture	unresolved	
dae	unresolved	
BeBella Cosmetics	unresolved	
Beauty Pie	unresolved	
DAF&DREAM	unresolved	
Dagsmejan	unresolved	
Bec + Bridge	unresolved	
Beauty Favours	unresolved	
Bealls	unresolved	
Daheim Love	unresolved	
Dahlia Razzook	unresolved	
BeautyStat Cosmetics	unresolved	
Becker + Flöge	unresolved	
Dai Moda	unresolved	
Daikokuya	unresolved	
Beauty Creations Cosmetics	unresolved	
BeckSönderGaard	unresolved	
DA Beauty with Jacalyn Rae	unresolved	
bebe	unresolved	
Daily Brat	unresolved	
Bedrock	ats	wttj
Daily Paper	unresolved	
Daily Sports	unresolved	
DAIRIKU	unresolved	
Beauty Without Cruelty	unresolved	
Daimaru Umeda	unresolved	
Bedat & Co	unresolved	
Daisy Rose	unresolved	
Daisy Blue Naturals	unresolved	
Đak	unresolved	
Damart	ats	teamtailor
Daimaru Shinsaibashi	unresolved	
DAIWA PIER39	unresolved	
Dakine	unresolved	
Dakota501	unresolved	
DAKS	unresolved	
Dale Of Norway	unresolved	
Dalery	unresolved	
Dalia	unresolved	
DAMANCI®	unresolved	
Becci Boo's Custom Shoes	unresolved	
Damasko	unresolved	
Beauty Bakerie	unresolved	
BED|STÜ	unresolved	
DAMAT	unresolved	
DAMDAM	unresolved	
Bee Good Do Good	unresolved	
Beckett Simonon	unresolved	
BEDI	unresolved	
Dame Blanche	unresolved	
Dame Perfumery	unresolved	
Damin	unresolved	
Damiani	unresolved	
Damrex	unresolved	
Damselfly	unresolved	
DAN JOHN	unresolved	
Beeren Ondergoed	unresolved	
Danaë Trans-Missie	unresolved	
Dana Rebecca Designs	unresolved	
Danavi	unresolved	
Damsel in a Dress	unresolved	
Dancing Dingo	unresolved	
Danefae	unresolved	
Daniel	unresolved	
Bed&Breakfast	unresolved	
Daniel & Bob	unresolved	
Dangerfield	unresolved	
Bee & Alpaca	unresolved	
DANIEL ESSA	unresolved	
BeezyMama	unresolved	
Daniel Hechter	unresolved	
Dancing Leopard	unresolved	
DANIEL PATRICK	unresolved	
Daniel's Jewelers	unresolved	
DANIELE	unresolved	
Daniel Wellington	unresolved	
Danielle Creations	unresolved	
BeeKeeper Parade	unresolved	
Danier	unresolved	
DANISH ENDURANCE	unresolved	
DANNIJO	unresolved	
Danshar	unresolved	
Bee Factor Natural Cosmetics	unresolved	
Dansk Copenhagen	unresolved	
Danskin	unresolved	
Dante6	unresolved	
Danucera	unresolved	
BeeKind	unresolved	
BeeCos	unresolved	
Dapper Alice	unresolved	
Bego	ats	recruitee
Daquini	unresolved	
Dara Fashion	unresolved	
Dare Fashion	unresolved	
Darby Mack	unresolved	
Beetles Gel Polish	unresolved	
Dash Hemp	ats	teamtailor
Dare To Roam	unresolved	
Begley's	unresolved	
dariadéh	unresolved	
Before	unresolved	
David & Sons Fine Jewelers	ats	greenhouse
DARILY	unresolved	
Beia	unresolved	
Beiersdorf	unresolved	
David Deyong	ats	greenhouse
Daringly Good Organics	unresolved	
Darjeeling	unresolved	
David Jones Limited	ats	greenhouse
Beijing Fashion Holdings	unresolved	
Darkshe	unresolved	
Dare 2B	unresolved	
David Koma	ats	greenhouse
Darn Good Yarn	unresolved	
Beira	unresolved	
David Morris	ats	greenhouse
Darry Ring	unresolved	
David Yurman	ats	greenhouse
BÉIS	unresolved	
Darzah	unresolved	
Dasmarca Hats	unresolved	
Dauphinette	unresolved	
Beauty Zone	generic	generic-listing
behno	unresolved	
Befeni	unresolved	
Bela Beauty College	unresolved	
Davida Cashmere	unresolved	
DaVi Nails	unresolved	
BELAIR	unresolved	
Bedhead Pajamas	unresolved	
Davids	unresolved	
David Gandy Well Wear	ats	greenhouse
Belair Paris	unresolved	
David's Bridal	ats	greenhouse
Belchou's	unresolved	
DAWEI	unresolved	
Davut Kültür Studios	unresolved	
Belk	unresolved	
Day Birger et Mikkelsen	unresolved	
Daybird	unresolved	
DAZE	unresolved	
Bella | Ha	unresolved	
DAWN Denim	unresolved	
Daydream Society	unresolved	
Bel&Bo	unresolved	
BEEN London	unresolved	
DAZZ Cleaning Tablets	unresolved	
BEJOU	unresolved	
Davidoff	unresolved	
Bella Beauty	unresolved	
Bel Essence	unresolved	
DC Schoes	unresolved	
DC Shoes	unresolved	
dcool	unresolved	
DAY ET	unresolved	
dd's Discounts	unresolved	
Beldona	unresolved	
Dazey LA	unresolved	
Bella Freud	unresolved	
De Bijenkorf Eindhoven	unresolved	
DBE Jewels	unresolved	
befree	unresolved	
De la Fontaine naturals	unresolved	
Bell & Ross	unresolved	
De La Heart	unresolved	
Bella Starr	unresolved	
De La Terre Skincare	unresolved	
De Bonne Facture	unresolved	
Beekman 1802	unresolved	
Bellabeat	ats	smartrecruiters-whitelabel
Bella Bliss	unresolved	
De La Vali	unresolved	
Beginning Boutique	unresolved	
De Osu	unresolved	
BELLA+CANVAS	ats	greenhouse
De Prati	unresolved	
Bella Ballou	unresolved	
De Puta Madre 69	unresolved	
Bella Luna Gowns	unresolved	
De Siershop	unresolved	
De Marchi	unresolved	
Bellabu Bear	unresolved	
Beauty Success	generic	generic-listing
Bellamy Gallery	unresolved	
De Beers Jewellers	unresolved	
De Steek Amsterdam	unresolved	
Dea Kudibal	unresolved	
Deabused	unresolved	
DeadSoxy	unresolved	
Deadweight Supply Co.	unresolved	
belle & bloom	unresolved	
Dealbodies	unresolved	
De Couture	unresolved	
Dear Darling Berlin	unresolved	
Beliza	unresolved	
Dear Drops	unresolved	
Bellroy	ats	greenhouse
Dear Denier	unresolved	
Dear Kate	unresolved	
Decathlon	ats	wttj
Bella Vida Santa Barbara	unresolved	
Dear  Klairs	unresolved	
Bellfield	unresolved	
DĒAWY	unresolved	
Bellabeautebar LLC	unresolved	
Debenhams	unresolved	
Belstaff	ats	teamtailor
Bella Dahl	unresolved	
Belnu	unresolved	
Deblon	unresolved	
Belly's Candle Co.	unresolved	
Dearborn Denim	unresolved	
Deblon Sports	unresolved	
Decadent	unresolved	
Bellanblue	unresolved	
Bellaire	unresolved	
Decadent Copenhagen	unresolved	
DecantX	unresolved	
Deadwood	unresolved	
Decenio	unresolved	
Dechase	unresolved	
Decibel Hair LLC	unresolved	
Decimas	unresolved	
DECJUBA	unresolved	
Belt Fashion	unresolved	
Decka Socks	unresolved	
Deckers X Lab	unresolved	
Bellapierre Cosmetics	unresolved	
Belluna	unresolved	
DeClermont	unresolved	
Dedicated	unresolved	
Belle	unresolved	
Dedoles	unresolved	
DECOY SINCE 1981	unresolved	
Decus Beauty	unresolved	
Deeasjer	unresolved	
Benetton	unresolved	
Benefit Cosmetics	unresolved	
Deeluxe	unresolved	
Deep Steep	unresolved	
Deeply	unresolved	
Bella Mari	unresolved	
Deer&Dear	unresolved	
DeFacto	unresolved	
DefineMe	unresolved	
Dehiya Beauty	unresolved	
Deichmann	unresolved	
Benibeca	unresolved	
DEINDE	unresolved	
Deiji Studios	unresolved	
BENEDETTA BRUZZICHES	unresolved	
Deiters	unresolved	
DEJAMY	unresolved	
BenniMarceau	unresolved	
Deka Lash	unresolved	
BeNeshty	unresolved	
Del Sol	unresolved	
Dekadem	unresolved	
Delacourte Paris	unresolved	
Delayne Dixon	unresolved	
DELICATELOVE	unresolved	
Bench	unresolved	
Delikate Rayne	unresolved	
Belwest	unresolved	
Bentley	ats	successfactors
Delikatessen	unresolved	
Delma	unresolved	
Delpozo	unresolved	
Delta-galil Industries Ltd.	unresolved	
Delvaux Createur	unresolved	
Benfica Official Store	unresolved	
Ben Sherman	generic	generic-listing
DeMellier	unresolved	
Delvene Cockatoo-Collins	unresolved	
Benyamin Apoo	unresolved	
benvenuto	unresolved	
Demeter Fragrance Library	unresolved	
Benzak Denim Developers	unresolved	
Democratique Socks	unresolved	
BENEUNDER	unresolved	
Demonia	unresolved	
BEPON	unresolved	
Demonomy	unresolved	
Beppi	unresolved	
DeMoulin Bros. and Co.	unresolved	
DEMYLEE	unresolved	
Berdoues	unresolved	
Benlai	unresolved	
Berek	unresolved	
DENHAM	unresolved	
Denham the Jeanmaker	unresolved	
dept	ats	greenhouse
Berenice	unresolved	
DENI CLER MILANO	unresolved	
Benson Shoes	unresolved	
Bergans	unresolved	
denim.lab	unresolved	
Bentalls	unresolved	
Denina Mártin Collection	unresolved	
DeNiroBootCo	unresolved	
DENISE ROOBOL	unresolved	
Bergstein	unresolved	
Denizen from Levi's	unresolved	
Bellerose (marque)	unresolved	
Bellerose	unresolved	
Denoir Cosmetics	unresolved	
Bensimon	unresolved	
DEPARTURE	unresolved	
DEPECHE-DENMARK	unresolved	
BERNADETTE	ats	greenhouse
Depalma Workwear	unresolved	
Dépil Tech	unresolved	
Derbe	unresolved	
DerDieDas	unresolved	
Derek Lam 10 Crosby	unresolved	
Derier	unresolved	
Derimod	unresolved	
Depyl Action	unresolved	
Derma E	unresolved	
Berghen	unresolved	
Dermacol	unresolved	
Berkelmans	unresolved	
Dermalogica	unresolved	
Bernie Mev New York	unresolved	
Dermatologist's Choice Skincare	unresolved	
Dermatouch	unresolved	
Berlin Skin	unresolved	
Dermophil Indien	unresolved	
Berry Jane	unresolved	
DERRICK	unresolved	
Bershka	unresolved	
Des Petits Hauts	unresolved	
Bertoni	unresolved	
Bench	unresolved	
Berluti	unresolved	
Beru Kids	unresolved	
Des Sen	unresolved	
Bespoke Post	ats	lever
Desa Deri	unresolved	
Ben Bridge Jeweler	unresolved	
BERLOOK	unresolved	
Berner Kühl	unresolved	
deSal	unresolved	
Best Company	ats	personio
DESCENTE	unresolved	
Best Earth Goods	ats	personio
BESS	unresolved	
Best&Less	ats	personio
Desert Dyes	unresolved	
Berkner	unresolved	
Desert Essence	unresolved	
Bernardo	unresolved	
Besson Shoes	unresolved	
Desavery	unresolved	
DESIGN LETTERS	unresolved	
Designer Brands	unresolved	
BETH & JENI	unresolved	
Designer Society	unresolved	
Designers Remix	unresolved	
Designice	unresolved	
Designs by Olivia Grey	unresolved	
Desigual	unresolved	
Desires	unresolved	
Desmond & Dempsey	unresolved	
Bernstock Speirs	unresolved	
Desoto	unresolved	
Berwich	unresolved	
Desti Saint	unresolved	
DESTii	unresolved	
BESOCKS	unresolved	
Destin	unresolved	
Detaille	unresolved	
Destination Maternity	unresolved	
BETH RICHARDS	unresolved	
Deuter	unresolved	
BETTER RICH	unresolved	
Deux Mains	unresolved	
DevaCurl	unresolved	
DEUX VISIONS	unresolved	
Develab	unresolved	
Better World Fashion	unresolved	
Developer Boutique	unresolved	
Beton Ciré	unresolved	
Devernois	unresolved	
Bethany Williams	unresolved	
Bettina Vermillon	ats	wttj
DEVIL-DOG Dungarees	unresolved	
Betty & Co	ats	personio
DEVINTO	unresolved	
Betty and Biddy	ats	personio
Betsey Johnson	unresolved	
Betty Barclay	ats	personio
Devlyn	unresolved	
DeVons Jewelers	unresolved	
Better & Better	unresolved	
Devoted By Zizzi	unresolved	
DFNS	ats	wttj
Devotion TWINS	unresolved	
Devane Beauty	unresolved	
Devotion Twins	unresolved	
Devred	unresolved	
Better Not Younger	unresolved	
Devred 1902	unresolved	
Devrim Studio	unresolved	
DEW E DEW E	unresolved	
Devina Louise	unresolved	
DEW MIGHTY	unresolved	
DeZeStar	unresolved	
Bettina Bensinger	unresolved	
DFG 1924	unresolved	
DHaRCO	unresolved	
Bestseller	generic	generic-listing
Di	unresolved	
Dharma Bums	unresolved	
DharmaCrafts	unresolved	
Better Botanicals	unresolved	
DI PETSA	unresolved	
Diamanti Per Tutti	unresolved	
DIDI	ats	greenhouse
Diana Madison Beauty	unresolved	
Diane Higgins Skincare	unresolved	
Diane von Furstenberg	unresolved	
Beurre Shea Butter Skincare	unresolved	
DIBS	unresolved	
Diamond Supply Co.	unresolved	
BEUTEUS®	unresolved	
Dick Moby	unresolved	
Bewildher Fitwear	unresolved	
Dick Pearce & Friends	unresolved	
Dick's Sporting Goods	unresolved	
BeWooden	unresolved	
Dickies	unresolved	
Bever	unresolved	
Diega	unresolved	
Betts	unresolved	
Didriksons	unresolved	
Dillard's	ats	greenhouse
DIEGOS	unresolved	
Beverly Hills MD	unresolved	
Berkemann	unresolved	
Diesel	unresolved	
Beyond Good	unresolved	
Beyond Retro	ats	greenhouse
Difuzed	unresolved	
DIM	ats	greenhouse
Diet Prada	unresolved	
Dim	ats	greenhouse
BetterMe	unresolved	
Digawel	unresolved	
Digel	unresolved	
Dick's House of Sport	unresolved	
Beyou Geraldine Alasio	unresolved	
Digital Game Technology	unresolved	
Digital Pharaoh	unresolved	
Dike	unresolved	
Dilli Grey	unresolved	
BeviniModena	unresolved	
BF MODA FASHION	unresolved	
Dilling	unresolved	
DillySocks	unresolved	
Dim	unresolved	
Diemonde	unresolved	
Dimattia & Shockly	unresolved	
Dime Bags	unresolved	
DIME Beauty	unresolved	
Bexley	unresolved	
Dimmeys	unresolved	
Bexley	unresolved	
Dimples	unresolved	
Dimitra's Workshop	unresolved	
Beyonderway	unresolved	
Din Sko	unresolved	
Dinoski	unresolved	
Dinh Van	unresolved	
Dion Lee	unresolved	
Dioné Cosmetics	unresolved	
Dionis Goat Milk Skincare	unresolved	
Beyond Pure	unresolved	
Diopta	unresolved	
Dior	unresolved	
Dirkje	unresolved	
BHLDN	unresolved	
BHAVA	unresolved	
BH Dermcenter	unresolved	
Dirts	unresolved	
BH Cosmetics	unresolved	
Din sko	unresolved	
Beyond Yoga	ats	workday
Bevilles Jewellers	generic	generic-listing
Dirty Seahorse	unresolved	
Dirty Velvet	unresolved	
BIA Bare It All	unresolved	
Berghaus	unresolved	
DISCOUNT UNIVERSE	unresolved	
Discovery Clothing Company	unresolved	
Bhumi	unresolved	
Dionne Gooding	unresolved	
Biagini 1968	unresolved	
Discovery Expedition	unresolved	
DISSONA	unresolved	
BHcrafts	unresolved	
Distretto12	unresolved	
DistriCenter	unresolved	
Bianco	unresolved	
DiVERGE	unresolved	
Diverse	unresolved	
Dip	unresolved	
Divi Official	unresolved	
Divine	unresolved	
Divine Beauty Brand	unresolved	
Divoký býk	unresolved	
DJ Dutchjeans	unresolved	
Django & Juliette	unresolved	
Djerf Avenue	unresolved	
Djula	unresolved	
DK Company	unresolved	
Bianca Saunders	unresolved	
dk active	unresolved	
DKNY	unresolved	
DL1961	unresolved	
Bianco	unresolved	
dna	unresolved	
DNA Amsterdam	unresolved	
dndgel	unresolved	
Biankina	unresolved	
DL Sport	unresolved	
Bianca Di	unresolved	
Do Good Surf Club	unresolved	
DO.NO.MA	unresolved	
do+dare undie co.	unresolved	
dobell	unresolved	
Doc & Glo	unresolved	
Dockers	unresolved	
Dockers by Gerli	unresolved	
Doctor Butler's	unresolved	
Doctor Cutillas	unresolved	
Doctor Hopiola	unresolved	
Doctor Optic	unresolved	
Bibatown	unresolved	
DoDo	unresolved	
DoDo	unresolved	
Dolls Kill	ats	lever
Bibi Lou	unresolved	
Betmar	unresolved	
Dodo's	unresolved	
Big 5 Sporting Goods	unresolved	
DÔEN	unresolved	
Bibico	unresolved	
DOGO	unresolved	
BHV	unresolved	
Big Boy Bamboo	unresolved	
Dolce & Gabbana	unresolved	
Doke	unresolved	
Dolce Crudo	unresolved	
Dolce Vita	unresolved	
Big Bazaar - ffb	unresolved	
BIDI BADU	unresolved	
Dolcezza	unresolved	
Bickley + Mitchell	unresolved	
Dollcake Skincare	unresolved	
Big C	unresolved	
Dollop & Dew	unresolved	
Dolly Beauty	unresolved	
Bhima Jewellers	unresolved	
Dollylocks	unresolved	
Dolores Haze	unresolved	
Big W	unresolved	
Dolores Promesas	unresolved	
Dom Mody Skorska	unresolved	
BIGOTRE	unresolved	
Domanscy	unresolved	
dome BEAUTY	unresolved	
Donna Carolina	ats	recruitee
Bijou Brigitte	unresolved	
Domiamia	unresolved	
Donna Dura	ats	recruitee
Dominique Healy	unresolved	
Donna Karan	ats	recruitee
Donna Karan	ats	recruitee
DOMREBEL	unresolved	
DON ROBERTO JEWELERS	unresolved	
Donna Sport	ats	recruitee
DON'T WASTE CULTURE	unresolved	
Donders 1860	unresolved	
DONDUP	unresolved	
Bikini Hut Bali	unresolved	
Donguimogam	unresolved	
Donkervoort clothing	unresolved	
Dom Tower	unresolved	
Donnay	unresolved	
Bielenda Group	unresolved	
Donne da Sogno	unresolved	
Big Lots	unresolved	
DONNI.	unresolved	
Donuts & Fizz Bath Bombs	unresolved	
Donsje	unresolved	
Bianca Spender	unresolved	
Dooney & Bourke	unresolved	
Doops Designs	unresolved	
Dope Snow	unresolved	
Bijoux Cailloux	unresolved	
Doppeltree	unresolved	
Dora Larsen	unresolved	
Doré	unresolved	
Dorina	unresolved	
Bilboa	unresolved	
BIG STAR	generic	generic-listing
Doris Streich	unresolved	
Dorothee Schumacher	unresolved	
dorothee schumacher	unresolved	
Billebeino	unresolved	
Billabong	unresolved	
Dorotheum	unresolved	
Dorothy Perkins	unresolved	
Dots On Tots	ats	greenhouse
Dorsu	unresolved	
Dorve	unresolved	
Bikinikloset	unresolved	
Dorotheum Juwelier	unresolved	
Bikkembergs	unresolved	
Dorvene	unresolved	
Doppelgänger	unresolved	
Dos Gardenias	unresolved	
DOSÉ LAB	unresolved	
Dose of Colors	unresolved	
Big Bud Press	unresolved	
Doshi	unresolved	
Dosenbach-Ochsner	unresolved	
Dossier	unresolved	
Dotti	unresolved	
Biku Design	unresolved	
Bik Bok	generic	generic-listing
Dotti	unresolved	
Double Dutchess	unresolved	
Doucal's	unresolved	
Douchebags	unresolved	
Billion	unresolved	
Doughnut	unresolved	
Bikini Village	generic	generic-listing
Douglas	unresolved	
BILLIONAIRE	unresolved	
Bigger Than Beauty Skincare®	unresolved	
BILLIE SWIM	unresolved	
Dovita Milano	unresolved	
Billieblush	unresolved	
dpHUE	unresolved	
DPR SKN	unresolved	
Billet Doux Lingerie	unresolved	
Dr. Alkaitis Organics  LLC	unresolved	
Binda Italia	unresolved	
Dr. Amy Wechsler	unresolved	
Dr. Arsy	unresolved	
Dr. Bronner's	unresolved	
Dr. Denim	unresolved	
Dr. Eddie's Dermal Defense	unresolved	
Bio Follicle Vegan Plant Derived Hair Products	unresolved	
Dr. Eddie's Facial Fortress	unresolved	
Dr. Eddie's Happy Cappy	unresolved	
Billion Dollar Beauty	unresolved	
Dr. Hauschka	unresolved	
Dr. Idriss	unresolved	
Dr. Lift	unresolved	
Draeger Paris	ats	recruitee
Billi Bi	unresolved	
Dr. Liv Skincare AG	unresolved	
Biodermal	unresolved	
Dr. Loretta	unresolved	
Billykirk	unresolved	
DR. MARNIE	unresolved	
Dr. Scholl's	unresolved	
Dr. Scholls Shoes	unresolved	
Beyond the Rack	generic	generic-listing
Dr. Sheffield's Original Toothpaste	unresolved	
Dr. Sylma	unresolved	
DR.HC	unresolved	
biologist-mood	unresolved	
DR.KONG	unresolved	
Dranella	unresolved	
BioRepublic Skincare	unresolved	
Dream Crème™	unresolved	
Drake's	unresolved	
Bindi	unresolved	
Dream Labs	unresolved	
Bioderma	unresolved	
Binder Optik	unresolved	
Dreamers & Drifters	unresolved	
Dr. Martens	unresolved	
BIMBA Y LOLA	unresolved	
Dreaming in Luna	unresolved	
bioClarity	unresolved	
dref_by_d	unresolved	
BioSilk	unresolved	
Dreffa	unresolved	
Dreimaster	unresolved	
BiotechBeauty	unresolved	
Dr. Sorbie	unresolved	
BioThera Solutions	unresolved	
Dresden	unresolved	
Dress Code	unresolved	
Dress Like Flo	unresolved	
Dress In Love	unresolved	
Dressarte Paris	unresolved	
Dressbarn	unresolved	
Draper James	unresolved	
Dresscode	unresolved	
Dressterior	unresolved	
Biossance	unresolved	
Dressmann	unresolved	
Dreaming Green Boutique Inc	unresolved	
Dries Van Noten	unresolved	
BIOSAR	unresolved	
Drivemebikini	unresolved	
birddogs	unresolved	
DRM-LND	unresolved	
DRMTLGY	unresolved	
Druni	unresolved	
Drybar	unresolved	
Birch Babe	unresolved	
Drumohr	unresolved	
BioTechUSA	unresolved	
Biofor Campus	unresolved	
Biofor Hungary	unresolved	
Birkenstock	ats	successfactors
DRYKORN	unresolved	
Birch Beauty	unresolved	
DS Laboratories	unresolved	
DSQUARED2	unresolved	
DSTLD	unresolved	
DSTREZZED	unresolved	
Birchbox	unresolved	
DU PAREIL AU MÊME	unresolved	
DSG DISGUSTO	unresolved	
DUA Bags	unresolved	
DUB	unresolved	
Duca del Cosma	unresolved	
Bi-Mart	unresolved	
Billini	unresolved	
Birthday	unresolved	
Due Amanti	unresolved	
Birdbath	unresolved	
DUE.	unresolved	
BITE	unresolved	
Bioworld	unresolved	
DTLR	unresolved	
DUKE + DEXTER	unresolved	
DUER	unresolved	
Birdhichand Ghanshyamdas	unresolved	
Dulce Nail sprinkles	unresolved	
DULIS	unresolved	
Duluth Trading	unresolved	
Dulzamara	unresolved	
Bivouac Outdoor	unresolved	
Bjäste	unresolved	
Duluth Trading Company	unresolved	
Bishop Botanicals	unresolved	
Duna	unresolved	
Dunderdon	unresolved	
Bisous Skateboards	unresolved	
Dune London	unresolved	
Björn Borg	unresolved	
Dunham's Sports	unresolved	
Dunhill	unresolved	
Dunnes Stores	unresolved	
Björn Borg Footwear	unresolved	
Bisgaard	unresolved	
Dunnock And Hinny	unresolved	
BL Glowskin	unresolved	
Dunns	unresolved	
Duno	unresolved	
Bizz x Siss	unresolved	
DUNQUE	unresolved	
DUO-HUE	unresolved	
Dutch Dandies	ats	lever
Dutch Dream Denim	ats	lever
DUOltd	unresolved	
DuoZouLu	unresolved	
BJ’s PJs	unresolved	
Durango® Boots	unresolved	
Bitte Kai Rand	unresolved	
Dutch Label Shop	ats	lever
Durban Bagii	unresolved	
Durea	unresolved	
Dyad Fragrance	ats	personio
Duren	unresolved	
Duret Paris	unresolved	
duskii	unresolved	
Dure Merk	unresolved	
Black Fashion	unresolved	
duvetica	unresolved	
Duty Free Americas	unresolved	
DVS Shoes	unresolved	
Bissú Cosméticos	unresolved	
Dwell and Slumber	unresolved	
Bl'eau	unresolved	
DWRS label	unresolved	
Black Moon Cosmetics	unresolved	
DXL Men's Apparel	unresolved	
BIZE	unresolved	
DYCTEAM	unresolved	
Black Orchid Denim	unresolved	
Black And Gold	unresolved	
Dylan Oaks	unresolved	
Dylan's Tees	unresolved	
E.Leclerc	ats	teamtailor
Dynamite	unresolved	
DYNASTY JEWELERS	unresolved	
Black Yak	unresolved	
Dyspnea	unresolved	
E. Gluck Corporation	unresolved	
Dynafit	unresolved	
e.b.e.	unresolved	
E. Tautz	unresolved	
e.l.f. Cosmetics  Inc.	unresolved	
Black & Brown	unresolved	
E.L.V. Denim	unresolved	
Earnest Mom	ats	greenhouse
e.l.f. Cosmetics	unresolved	
BLACK BY MOUSSY	unresolved	
EARNEST SEWN	ats	greenhouse
E'MAR	unresolved	
e’serdiv	unresolved	
e&e	unresolved	
E5 Mode	unresolved	
BLACKHEAD	unresolved	
Each Other	unresolved	
Eagle Creek	unresolved	
EAH CHANIE	unresolved	
Earl of East	unresolved	
Earth and Body Wise	unresolved	
Early Majority	unresolved	
Earth Baby Outfitters	unresolved	
Black Velvet Circus	unresolved	
earth creations	unresolved	
Earth Elements Soapworks	unresolved	
Earth Divas	unresolved	
BlackMilk Clothing	unresolved	
Earth Harbor Naturals	unresolved	
Blackberrys	unresolved	
Blacks	ats	greenhouse
Earth Kiss	unresolved	
Earth Mama Organics	unresolved	
Earth Music and Ecology	unresolved	
Black Pepper Clothing	unresolved	
Black Bananas	unresolved	
EARTH TEMPO	unresolved	
Earth To Malibu	unresolved	
BlackBear Apparel	unresolved	
Earth’s Substance	unresolved	
Earthbound Trading Company	unresolved	
EarthDye	unresolved	
Blackhorse Lane Ateliers	unresolved	
Blackstore	unresolved	
Eastpak	ats	smartrecruiters-whitelabel
Earth Tu Face	unresolved	
Earth Squared	unresolved	
Blake Brown	unresolved	
Earthley Wellness	unresolved	
East 29th	unresolved	
Blake Seven	unresolved	
Earthly Body	unresolved	
EAST 42ND	unresolved	
Earthyskin	unresolved	
Björk and Berries	unresolved	
BLACK WHITE BEIGE	unresolved	
East Harbour Surplus	unresolved	
EasterMia	unresolved	
Eastern Mountain Sports	unresolved	
Blancheporte	unresolved	
Eastland	unresolved	
Easy Spirit	unresolved	
Blancpain	unresolved	
Eat Dust	unresolved	
Eat Your Water	unresolved	
Eating the Goober	unresolved	
Blackout	unresolved	
Blackstone	unresolved	
Eau de Juice	unresolved	
Blackstone Footwear	unresolved	
Eau de Mélisse des Carmes	unresolved	
Eauso Vert	unresolved	
EB Denim	unresolved	
Black Colour	unresolved	
Ebb Ocean Club	unresolved	
Blend	ats	greenhouse
Ebbe	unresolved	
Ebel	unresolved	
Eberhard & Co.	unresolved	
Ebbets Field Flannels	unresolved	
Blåkläder	unresolved	
Blend Bunny Cosmetics	ats	greenhouse
Eberjey	unresolved	
Ebony Bolts	unresolved	
EBY	unresolved	
ECCO	unresolved	
BLANCHE CPH	unresolved	
Eco Lips	ats	teamtailor
Ecentric	unresolved	
Eco Intimates	ats	teamtailor
éclipse	ats	greenhouse
BLAUMAX	unresolved	
Blauer. USA	unresolved	
Bleu Cerise	unresolved	
ECHTE	unresolved	
ECKHAUS LATTA	unresolved	
BlankNYC	unresolved	
Ecko Unltd	unresolved	
Eckō Unltd.	unresolved	
BLAZOER	unresolved	
ecmile	unresolved	
Blakely	unresolved	
Eco-Dent International	unresolved	
Ecoalf	unresolved	
BLFD	unresolved	
EcoChoices	unresolved	
Econock	unresolved	
Eco Tee Co	ats	teamtailor
Blende	unresolved	
EconomClass	unresolved	
econscious	unresolved	
Ecoology	unresolved	
Blažek	unresolved	
Birgitte Herskind	unresolved	
EcoPeaCo.	unresolved	
Bliss	ats	recruitee
Blenzo	unresolved	
EcoRight	unresolved	
Écouter Voir	unresolved	
Eden Park	ats	wttj
EcoAble	unresolved	
Ecozz	unresolved	
Bleu Jean Beauty Co	unresolved	
Blipers	unresolved	
Ecru	unresolved	
Bleue Burnham	unresolved	
ecuvo	unresolved	
BLNCD Naturals	unresolved	
Eczema Honey	unresolved	
BLEUSALT	unresolved	
Ed Hardy	unresolved	
Blom Fashion	unresolved	
Blonde Gone Rogue	unresolved	
Ed. Pinaud	unresolved	
Edas	unresolved	
Bloom	ats	smartrecruiters-whitelabel
Eddie Bauer	unresolved	
Blood Brother	unresolved	
Edeline Lee	unresolved	
Blijdesteijn	unresolved	
EDEN power corp	unresolved	
Edeniste	unresolved	
Bloodknot & Co	unresolved	
Edenly	unresolved	
Edgardio Chilini	unresolved	
Bloom Cosmetics	ats	smartrecruiters-whitelabel
Edgars	unresolved	
Eden Life Organics	unresolved	
Edge Clothing	unresolved	
Edge of Ember	unresolved	
Bloomingdale's	unresolved	
Edie Parker	unresolved	
Blissful Organix	unresolved	
Edikted	unresolved	
EDITED	unresolved	
Edie Grim	unresolved	
Edmmond	unresolved	
Edition	unresolved	
Bloch	unresolved	
BLONDE No. 8	unresolved	
Editions de Parfums Frédéric Malle	unresolved	
EDJI	unresolved	
Bloomings	unresolved	
Edmonds.Love	unresolved	
Blossom Essentials	unresolved	
Edward Armah	unresolved	
EDWIN	unresolved	
EFE	unresolved	
Effeny	unresolved	
Bloomeffects	unresolved	
Efva Attling	unresolved	
Blue & Yellow	ats	lever
EGO	unresolved	
Blue Banana	ats	teamtailor
Edwin USA	unresolved	
EGOCHEF	unresolved	
Eguzkilore	unresolved	
BLUE BIRD	ats	lever
EHE Apparel	unresolved	
Eifini	unresolved	
Blue Blanket	ats	lever
Eiger	unresolved	
BLOSSOM	unresolved	
Blooh	unresolved	
Blue Blue Japan	ats	lever
Bloomshell	unresolved	
Eight & Bob	unresolved	
Blue By Betsey Johnson	ats	lever
BLUE CROSS	ats	lever
Eight Saints	unresolved	
Blue Fire Co.	ats	lever
EganaGoldpfeil (Holdings) Ltd.	unresolved	
bloome*	unresolved	
Blue de Gênes	ats	lever
Eight2Nine	unresolved	
Blue Fire Pear	ats	lever
Blowfish Malibu	unresolved	
BLUE ERDOS	ats	lever
Blu & Green	unresolved	
Black Iris	unresolved	
Blind Barber	unresolved	
EIJI	unresolved	
Eileen & Eva	unresolved	
Blue Inc	ats	lever
Blue Illusion	ats	lever
Eileen Fisher	unresolved	
Blue Lake CBD	ats	lever
Eileen West	unresolved	
Blue LOOP Originals	ats	lever
Blue Industry	ats	lever
Einrlloris	unresolved	
Blue Nude	ats	lever
Blue Nile	ats	lever
Einstein Newton	unresolved	
Blue Of A Kind	ats	lever
Eisenberg Paris	unresolved	
Blue Planet Eco-Eyewear	ats	lever
Blue Rebel	ats	lever
eit swim	unresolved	
Blue Ridge Stitches	ats	lever
BLUE SEVEN	ats	lever
Eivy	unresolved	
BLUE STANDARD	ats	lever
ekn footwear	unresolved	
Blue Tribe	ats	lever
eko-banz	unresolved	
Blue Vanilla	ats	lever
Blue Crane	ats	lever
Ekonika	unresolved	
Blue Tomato	ats	lever
Blue Water Girls	ats	lever
EKOSPORT	unresolved	
Ekyog	unresolved	
Blu Ink Nail Lacquer	generic	generic-listing
Ekta Helsinki	unresolved	
Blueland	ats	lever
El Corte Inglés	unresolved	
El ganso	unresolved	
El Naturalista	unresolved	
Blueberry Jam Store	unresolved	
Blue Water Spa	ats	lever
El Nuevo Mundo	unresolved	
El Palacio de Hierro	unresolved	
El Puerto de Liverpool	unresolved	
El Vaquero	unresolved	
Bluejeans And Sunbeams	unresolved	
El Yoga Mola	unresolved	
Elais Oils	unresolved	
ELAND	unresolved	
Elbsand	unresolved	
BLEUFORÊT	unresolved	
Elcove	unresolved	
BluePort	unresolved	
Elder-Beerman	unresolved	
Bluespirit	unresolved	
Eleanna Katsira	unresolved	
Elefanten	unresolved	
Elegancia Tropical Hats	unresolved	
Blueberry	unresolved	
Elegantees	unresolved	
Blukey	unresolved	
Eleanor Bowmer	unresolved	
Blume	unresolved	
Bluebuck	unresolved	
ELEKTROPULLI	unresolved	
Blundstone	unresolved	
Element Brooklyn	unresolved	
Bluemarble	unresolved	
Eleven Everything	ats	recruitee
Elements of Freedom	unresolved	
Eleven James	ats	recruitee
Elementy	unresolved	
Elena Miro	unresolved	
Eleven Six	ats	recruitee
Elena Rosenberg	unresolved	
Blundstone Australia Pty Ltd	unresolved	
Elena Velez	unresolved	
Eleven W/shes	ats	recruitee
Elenco	unresolved	
ELENDEEK	unresolved	
Blutsgeschwister	unresolved	
Elenne Body Care Products	unresolved	
Eleni & Chris	unresolved	
Elevate Beauty	unresolved	
Bluemercury	unresolved	
BNSM	unresolved	
ELEVATED	unresolved	
Bluebella	unresolved	
eleven44	unresolved	
Eleventy	unresolved	
ELEWA natural	unresolved	
BOA Basics	unresolved	
ELFINDOLL	unresolved	
Blufin	unresolved	
Elevenparis	unresolved	
Elite Jewelers	ats	greenhouse
Blumarine	unresolved	
Elfs	unresolved	
Bluemint	unresolved	
Boathouse	unresolved	
Bluenotes	unresolved	
Elias Rumelis	unresolved	
Elie Beaumont	unresolved	
Elie Saab	unresolved	
Eli 1957	unresolved	
Elie Tahari	unresolved	
Elina Organics	unresolved	
éliou	unresolved	
Blush Lotus	unresolved	
Elisa Sanna	unresolved	
Elisabetta Franchi	unresolved	
ELIURPI	unresolved	
Bob's Stores	unresolved	
Elixir Naturals	unresolved	
Eliza J	unresolved	
Eline Rosina	unresolved	
Elizabeth and James	unresolved	
Elizabeth Mott	unresolved	
Blush	unresolved	
Elk	unresolved	
Boadicea the Victorious	unresolved	
Elkie + Co.	unresolved	
Elkline	unresolved	
Ella & Witt	unresolved	
Ella Baché	unresolved	
Bobux	unresolved	
Boathouse	unresolved	
Bobo Choses	unresolved	
Ella Boutique	unresolved	
Ella K Parfums	unresolved	
Bo Doir	unresolved	
Ella& Il	unresolved	
BOCAGE	unresolved	
ella+mila	unresolved	
Bobbies	unresolved	
Ellastiek	unresolved	
Elle Couture	unresolved	
elle polish	unresolved	
Elle Chic	unresolved	
ElleGemz	unresolved	
Elleme	unresolved	
BoBo GloBal	unresolved	
Boden	unresolved	
Ellen Tracy	unresolved	
ellesse	unresolved	
ELLI	unresolved	
ELLIKER	unresolved	
Bobbi Brown	unresolved	
elliott footwear	unresolved	
Body Drench	unresolved	
Ellis Brigham	unresolved	
Elliss	unresolved	
Ellyla	unresolved	
Boboli	unresolved	
Elmas Phil	unresolved	
Elodie's Naturals	unresolved	
BOCAZIA	unresolved	
Elomi	unresolved	
ELON Essentials	unresolved	
Elonai	unresolved	
Eloquii	unresolved	
Body Soup For The Soul	unresolved	
elphile	unresolved	
Bode	unresolved	
BOB	unresolved	
else	unresolved	
Body B Beautiful	unresolved	
Boda Skins	unresolved	
Elsien Gringhuis	unresolved	
Bodyography	unresolved	
Elvine	unresolved	
Elvang Denmark	unresolved	
Ember Wellness	ats	recruitee
Elvira Collections	unresolved	
Elvis & Kresse	unresolved	
Em & May	unresolved	
Em’z Blendz Soap Co.	unresolved	
Emaal Cashmere	unresolved	
Emanate Essentials	unresolved	
Emanuele Bicocchi	unresolved	
Embassy of Bricks and Logs	unresolved	
Elsewhere	unresolved	
Body Details	unresolved	
Emel	unresolved	
ELTON hodinářská	unresolved	
Emerica	unresolved	
Emilia George	unresolved	
Emilio Adani	unresolved	
Emily & Noah	unresolved	
Boggi Milano	unresolved	
EMILY AND FIN	unresolved	
Body London	unresolved	
BN3TH	unresolved	
Emily Carter London	unresolved	
bogdar	unresolved	
EMBROGO	unresolved	
Emilio Pucci	unresolved	
EMERA CBD Haircare	unresolved	
Emily Van Den Bergh	unresolved	
EMILY WEEK	unresolved	
Bohemian Dream	unresolved	
Bogart Man	unresolved	
EMIN + PAUL	unresolved	
Bohemian Mama	unresolved	
Emma	unresolved	
EMLING	unresolved	
EMMA HYACINTH	unresolved	
Bohempia	unresolved	
BODY WILD	unresolved	
Body Minute	unresolved	
Emma och Malena	unresolved	
Boemos	unresolved	
Emma's Emporium	unresolved	
EMME	unresolved	
Emme Parsons	unresolved	
emmi	unresolved	
Body Glove	generic	generic-listing
Enable the Label	ats	lever
EMODA	unresolved	
BodyMed Formulations	unresolved	
Emoi	unresolved	
émoi émoi	unresolved	
Emphasis	unresolved	
emon	unresolved	
Emma jonnz beauty	unresolved	
Emporio Armani	unresolved	
EMU Australia	unresolved	
en Vogue Sculptured Nail Systems	unresolved	
Emulsion Printhouse	unresolved	
Böhmer Schuhe	unresolved	
Ena Pelly	unresolved	
Boho and Bowie	unresolved	
Encircled	unresolved	
Enchanted	unresolved	
BOHO YAŞAM	unresolved	
Boldwill	unresolved	
Boho Aromatic	unresolved	
Endless Joy	unresolved	
ENCUENTRO	unresolved	
Bollé	unresolved	
Endlich Ohne	unresolved	
EndureLash	unresolved	
Bolon Eyewear	unresolved	
Bogs	unresolved	
Endura	unresolved	
BOGIKA	unresolved	
Enfant Terrible	unresolved	
BohoVaikai	unresolved	
ENFÖLD	unresolved	
Engbers	unresolved	
Bolso	unresolved	
ENGINEERED GARMENTS	unresolved	
Bombas	ats	greenhouse
Engol Collections	unresolved	
Enamel	unresolved	
Boka Fragrance	unresolved	
EnJoi	unresolved	
Enlighten Clothing Co	unresolved	
Bombers Original	unresolved	
ENORSIA	unresolved	
Enrico Coveri	unresolved	
ENRUINI	unresolved	
Bolden	unresolved	
ENSULO	unresolved	
Boinas Elósegui	generic	generic-listing
Enter the E	unresolved	
Entetsu Department Store	unresolved	
Envelope1976	unresolved	
Envii	unresolved	
Enviroscent	unresolved	
EPHEMERA	ats	teamtailor
Envy	unresolved	
ENWEIS	unresolved	
Enza Costa	unresolved	
EO Products	unresolved	
Bolongaro Trevor	unresolved	
EOE Eyewear	unresolved	
Boma	unresolved	
Eonian Skincare	unresolved	
Bolzr	unresolved	
EOS	unresolved	
EP Soak by San Francisco Salt Co	unresolved	
ephd	unresolved	
Envie de Fraise	unresolved	
Epicuren Discovery	unresolved	
Bombón de Algodón	unresolved	
Equinox Fragrance	ats	smartrecruiters-whitelabel
Episode	unresolved	
Bon Clic Bon Genre	unresolved	
BON'A PARTE	unresolved	
EPOCA	unresolved	
EPØKHE	unresolved	
BOMBOOGIE	unresolved	
époque évolution	unresolved	
Bolsa Nova	unresolved	
Epos	unresolved	
Epres	unresolved	
Epsoothe™	unresolved	
EPTM.	unresolved	
Bondi Leather	unresolved	
EQUALAND	unresolved	
Bon Label	unresolved	
Equestrian Stockholm	unresolved	
Boll & Branch	generic	generic-listing
Bondi Sands	unresolved	
EPSOAK NATURALS COLLECTION	unresolved	
Bonds	unresolved	
Eric Bompard	ats	smartrecruiters-whitelabel
EQUIPMENT	unresolved	
EQUIVA	unresolved	
Equivalenza	unresolved	
Bon Worth	unresolved	
ERA Department Stores	unresolved	
BlushLips	unresolved	
Era Organics	unresolved	
Boni-moriya	unresolved	
Era Watch Company	unresolved	
Erbaviva	unresolved	
Erdem	unresolved	
Bonjour	unresolved	
Erdos	unresolved	
Erfurt luxury	unresolved	
Ergobag	unresolved	
Ericeira Surf & Skate	unresolved	
Bombon Spain	unresolved	
ERICH FEND	unresolved	
Bona Dea Naturals	unresolved	
Bonnie Doon	unresolved	
Erin Draper	unresolved	
Bond No. 9	unresolved	
ERKE	unresolved	
BONDI BORN	unresolved	
Bonobo	unresolved	
Erl	unresolved	
Bonobo Jeans	unresolved	
erlich textil	unresolved	
Bonprix	unresolved	
ERLY	unresolved	
Bonobos	unresolved	
BONITA	unresolved	
Ermenegildo Zegna	unresolved	
Ermenegildo Zegna	unresolved	
Ernest Jones	unresolved	
Ermanno Scervino	unresolved	
Bons Baisers	unresolved	
Ernsting's family	unresolved	
Eroke	unresolved	
Bontoni	unresolved	
Bonne Gueule	unresolved	
BOO PALA	unresolved	
errore	unresolved	
Erve Shop	unresolved	
Bonne Suits	unresolved	
Erin Snow	unresolved	
Booda Organics	unresolved	
éS Skateboarding	unresolved	
eSalon	unresolved	
Esas NYC	unresolved	
Esby Apparel	unresolved	
ESCADA	unresolved	
Escama Studio	unresolved	
Escora	unresolved	
Espace Montagne	ats	lever
Escentric Molecules	unresolved	
ESCVDO	unresolved	
ese o ese	unresolved	
Esembly	unresolved	
Eshvi	unresolved	
ESICA	unresolved	
BONTON	unresolved	
Esme	unresolved	
Boob	unresolved	
esmé studios	unresolved	
BOnova	unresolved	
ESOTIQ	unresolved	
Esotte	unresolved	
Essential Parfums	ats	greenhouse
ESP	unresolved	
Espadrij	unresolved	
Espaçolaser	unresolved	
Bogner	unresolved	
espadrij l´originale	unresolved	
EspectOne	unresolved	
Espe	unresolved	
BOOMBA	unresolved	
Boody	unresolved	
EspiLane	unresolved	
Boohoo Group	unresolved	
Esprit	unresolved	
boohoo	generic	generic-listing
Esse	unresolved	
Essilor	ats	wttj
ESSEN	unresolved	
EssilorLuxottica	ats	smartrecruiters-whitelabel
Bootlegger	unresolved	
Essentials Everything	unresolved	
Boots Opticians	unresolved	
Essentiel Antwerp	unresolved	
Essentiel Antwerp	unresolved	
Essentiel by Adele	unresolved	
Boozt	unresolved	
ESteem Group	ats	wttj
Essentiel Element Spa	unresolved	
Essentiel Elements Treatment	unresolved	
Bora Bora	unresolved	
Essenziali Sicily	unresolved	
EsseUtEsse	unresolved	
Esqualo	unresolved	
Bonpoint	unresolved	
EST Seven	unresolved	
Boragio	unresolved	
Estée Lauder Companies	unresolved	
ESTATE Cosmetics	unresolved	
Boom Beauty	unresolved	
Borges & Scott	unresolved	
Estella Bartlett	unresolved	
ESTELÍ	unresolved	
ESW Beauty	ats	greenhouse
Estetik.pl	unresolved	
Estetika	unresolved	
Estéya Intimate	unresolved	
Born Rich	unresolved	
Essentiel Elements Bathe	unresolved	
Esther Perbandt	unresolved	
BORNEO PARIS	unresolved	
Eternal Perfume Oils	ats	lever
Eternal Leather Goods	ats	lever
Boomine	unresolved	
Esthetic Health	unresolved	
Booksy	unresolved	
BORNTOSTANDOUT	unresolved	
Bootstock	unresolved	
Bonmarché	unresolved	
Estilo Emporio	unresolved	
Boody	unresolved	
Estilos	unresolved	
Esthétique Brin de Beauté	unresolved	
ESTNATION	unresolved	
ETA SA	unresolved	
Boot Barn	unresolved	
Borsheim's Fine Jewelry	unresolved	
Esthetic Center	unresolved	
Eterna	unresolved	
État Libre d'Orange	unresolved	
BOSA Bodrum Sandals	unresolved	
Ethika  Inc.	unresolved	
Booie Beauty	unresolved	
Boscana	unresolved	
Ethical Earth Store	unresolved	
ÉTICA	unresolved	
Etici	unresolved	
ETHYST® Skincare	unresolved	
Born Living Yoga	unresolved	
Éternel Éphémère	unresolved	
Etiko	unresolved	
Ethletic	unresolved	
bossini.X	unresolved	
Ethniks	unresolved	
Borovo	unresolved	
etnies	unresolved	
Eton	unresolved	
Eton Shirts	unresolved	
ETQ	unresolved	
Euro Bijoux	ats	recruitee
Être Cécile	unresolved	
Euro-Dan	ats	recruitee
Etienne Aigner	unresolved	
Euro-Star	ats	recruitee
ETRÉ TOKYO	unresolved	
ettitude	unresolved	
Etude House	unresolved	
Borsalino	unresolved	
Études	unresolved	
Etnia Barcelona	unresolved	
Bosideng	unresolved	
Eudoxie	unresolved	
Botana	unresolved	
Eurocosmesi	unresolved	
Eurofragrance	unresolved	
Europa 92	unresolved	
European Culture	unresolved	
European Wax Center	unresolved	
bosco	generic	generic-listing
Eurosko	unresolved	
Eurthlin	unresolved	
Eve in Paradise	ats	greenhouse
Eve Lavoie	ats	greenhouse
Europtica	unresolved	
Boswellness	unresolved	
BostonMints Refreshing Lipgloss	unresolved	
ETRO	unresolved	
Eva Cassis	unresolved	
Boscov's	generic	generic-listing
Eva Franco	unresolved	
EVER Skincare	ats	greenhouse
Eva Mann	unresolved	
Everlane	ats	greenhouse
Eva NYC	unresolved	
Evaluna Shoes	unresolved	
evan kinori	unresolved	
bossini	unresolved	
Evarae	unresolved	
Evans	unresolved	
Eveline Cosmetics	unresolved	
Botanical Bliss Natural Skincare	unresolved	
EVÉN	unresolved	
Even&Odd	unresolved	
Botanical Republic	unresolved	
Boston	unresolved	
EVENEMEN	unresolved	
EVEREVE	unresolved	
Everist	unresolved	
Bottega Veneta	unresolved	
Everneat	unresolved	
Everpress	unresolved	
Evolution BIG SIZE	ats	smartrecruiters-whitelabel
Everlast	unresolved	
Everyday Oil	unresolved	
Botanical Rush LLC	unresolved	
Everymood	unresolved	
Botanicals Unleashed	unresolved	
Everyday Yoga	unresolved	
Bottega Verde	unresolved	
Everyone	unresolved	
BOTEH	unresolved	
Everything But Water	unresolved	
Botier	unresolved	
EVEX by KRIZIA	unresolved	
BOTTLETOP	unresolved	
Evil Goods	unresolved	
EVISU	unresolved	
Evolve Botanica	unresolved	
BouFFante	unresolved	
Evolve Denim	unresolved	
Evolved By Nature	unresolved	
Èvoque Beauty	unresolved	
Bottomless	unresolved	
Botanicary Skincare	unresolved	
Bosanova	unresolved	
evre.	unresolved	
Ewers	unresolved	
Ewoke	unresolved	
BOTTER	unresolved	
Ewtex	unresolved	
Ex Nihilo	unresolved	
Exact	unresolved	
Boxeur Des Rues	unresolved	
EXCESSKIN	unresolved	
EXIsport	unresolved	
Éxito	unresolved	
EXOH	unresolved	
Express	unresolved	
Boucheron	unresolved	
Extreme Intimo	ats	wttj
Expressions Parfumées	unresolved	
Botticelli	unresolved	
Expresso	unresolved	
Expresso	unresolved	
EXT	unresolved	
External Skin Care	unresolved	
Boneless	unresolved	
Bourrienne Paris	unresolved	
ExtraAF	unresolved	
Extract Labs	unresolved	
EXTRALESS	unresolved	
Extreme Cashmere	unresolved	
Boston Proper	unresolved	
EXTREME POP	unresolved	
eyd - humanitarian clothing	unresolved	
Eye Embrace	unresolved	
eye for three	unresolved	
Bouthentique	unresolved	
Eye Wish	unresolved	
Eyeline	unresolved	
Bottega Chilometri Zero	unresolved	
Eyebrow Plus	unresolved	
Boyd's of Texas	unresolved	
Eyemart Express	unresolved	
Eyes + more	unresolved	
Eyllekskincare	unresolved	
Bradbeers	unresolved	
Ez Flow	unresolved	
Ezze Wear	unresolved	
Ezzelino	unresolved	
F_WD	unresolved	
Boyes	unresolved	
Boyish	unresolved	
F. Hinds	unresolved	
F. King Golf	unresolved	
Eytys	unresolved	
F-one	unresolved	
F. P. Journe	unresolved	
f.a.e.	unresolved	
F.A.R.A.H BRUSHES	unresolved	
F.A.ST by Nisim	unresolved	
BOYZZ ONLY	unresolved	
F426	unresolved	
Boutique La Vie en rose	generic	generic-listing
Bovet Fleurier	unresolved	
Fabelab	unresolved	
Branch Basics	ats	greenhouse
Brams Paris	unresolved	
Faberlic	unresolved	
Fabiana Filippi	unresolved	
Bracha	unresolved	
Fabiani	unresolved	
Bozena Jankowska	unresolved	
Fabienne Chapot	unresolved	
Brador	unresolved	
Fabindia	unresolved	
Boux Avenue	unresolved	
Fabio Rusconi	unresolved	
Fable & Mane	unresolved	
Brand Black	unresolved	
FABLERUNE	unresolved	
Fabletics	unresolved	
Fabrik	unresolved	
Fabrizio Viti	unresolved	
FABUTAN	unresolved	
Fabula Nebulae	unresolved	
FAGUO	ats	wttj
FACE atelier	unresolved	
Brandtex	unresolved	
Bram's Fruit	unresolved	
FaceTory	unresolved	
Facettes Studio	unresolved	
Brakeburn	unresolved	
Faceplant Dreams	unresolved	
Facil Blanco	unresolved	
Facile	unresolved	
Faconnable	unresolved	
Factorie	unresolved	
FAE	unresolved	
Brandefy	unresolved	
Faherty	unresolved	
faina	unresolved	
Façon Jacmin	unresolved	
BrandsSeekers	unresolved	
Brandon Maxwell	unresolved	
Fair Harbor	unresolved	
Fair Indigo	unresolved	
Braun Büffel	unresolved	
fairechild	unresolved	
Fairfax & Favor	unresolved	
Brave Planet	ats	greenhouse
Fairweather	unresolved	
Fairy Tales Hair Care	unresolved	
Brandy Melville	unresolved	
Brave Soles	ats	greenhouse
Bravissimo	ats	teamtailor
FAIRMA ETHICAL DESIGN	unresolved	
Faith	unresolved	
Brandit	unresolved	
Faith Connexion	unresolved	
Faithfull the Brand	unresolved	
Falabella	unresolved	
Falconeri	unresolved	
Brasi&Brasi	unresolved	
Falcotto	unresolved	
Brave Soul	ats	greenhouse
FALKE	unresolved	
Braqeez	unresolved	
BRBL	unresolved	
FALLA FINLAND	unresolved	
Famecoco	unresolved	
Brantano Footwear	unresolved	
Familiar	unresolved	
Family 1st	unresolved	
Famar	unresolved	
Breathe	unresolved	
Familia	unresolved	
Famous Footwear	unresolved	
Bravado Designs	unresolved	
Breco's	unresolved	
Bras N Things	unresolved	
Breitling	ats	successfactors
Fanatics	unresolved	
Bree	unresolved	
familyshoes	unresolved	
Fandecie	unresolved	
Brava Fabrics	unresolved	
Fanfare	unresolved	
Farfetch	ats	lever
Fancl Corporation	unresolved	
Fanm Mon	unresolved	
Brenda Zaro	unresolved	
FAM Jeans	unresolved	
FAnn Retail	unresolved	
FANNIE SCHIAVONI	unresolved	
Fantasie	unresolved	
Bréal	unresolved	
Breastflower	unresolved	
Far Eastern Department Stores	unresolved	
Farago The Label	unresolved	
Famous	unresolved	
Farm to Hanger	unresolved	
Farm to Skin	unresolved	
FARMACY BEAUTY	unresolved	
Fashion Nova	ats	greenhouse
Farmers Trading Company	unresolved	
Bremont	ats	teamtailor
FARO	unresolved	
Bremont Watch Company	ats	teamtailor
FASHION B.E.S.T.	unresolved	
Fashion Brand Company	unresolved	
Bretter und Stoff	unresolved	
Fashion Club 70	unresolved	
Fashion for Two	unresolved	
Fashion Fusion	unresolved	
Boyner Group	unresolved	
Breil	unresolved	
Fashion Market	unresolved	
Farah	unresolved	
Breva Soap Co.	unresolved	
Fashion to Figure	unresolved	
Bretelle&Braces	unresolved	
Fastrack	ats	teamtailor
Farai London	unresolved	
Fashion4wellness	unresolved	
Brew City Botanicals	unresolved	
Brett Johnson	unresolved	
Brickell Men's Products	unresolved	
Fashionholic	unresolved	
BRIGHT	ats	recruitee
FARM Rio	unresolved	
FashionPower	unresolved	
Fay	ats	greenhouse
Bread & Boxers	generic	generic-listing
Fassbender	unresolved	
Briggs&Riley	unresolved	
Bretanna Witch Hazel Products	unresolved	
Fast Escova	unresolved	
Fast-Fix Jewelry and Watch Repair	unresolved	
BrightHouse	unresolved	
fastfish	unresolved	
Breuninger	unresolved	
Fat Moose	unresolved	
Fate Naturals	unresolved	
FatFace	unresolved	
Brighty&co	unresolved	
BREEZE	unresolved	
Father & Sons	unresolved	
Fathers & Sons	unresolved	
Fatima Mohsin	unresolved	
Fayettechill	unresolved	
FAYS Australia	unresolved	
Boxfresh	unresolved	
Brillen Rottler	unresolved	
Fazarts	unresolved	
Fazbulous	unresolved	
Bricktown	unresolved	
Fast Shop	unresolved	
Brilliant Earth	ats	greenhouse
Fazura Beauty	unresolved	
FC SCHALKE 04	unresolved	
BRING	unresolved	
FCUK	unresolved	
FDR	unresolved	
Brioni	unresolved	
Fe Noel	unresolved	
Fearless Blood	unresolved	
Feather And Coco	unresolved	
Feben	unresolved	
Feel	unresolved	
Feel Confident	unresolved	
Feelgoodz	unresolved	
Brihans Natural Products	unresolved	
FeelOri	unresolved	
Brilleland	unresolved	
Feetje	unresolved	
Fejn	unresolved	
BRIJU	unresolved	
Felisi	unresolved	
Felisi	unresolved	
Brinker & Eliza	unresolved	
FELLER	unresolved	
British Fashion Council	unresolved	
FEAR OF GOD	unresolved	
Fellows United	unresolved	
Felmini	unresolved	
Femilet	unresolved	
British Passport	unresolved	
Femkit	unresolved	
Femmes du Sud	unresolved	
British Vintage Boxing	unresolved	
Fendi	unresolved	
Fenella Smith	unresolved	
BRISK	unresolved	
Feners	unresolved	
Britt Sisseck	unresolved	
Feng Chen Wang	unresolved	
Briglia Blu	unresolved	
Fenton	unresolved	
Felius for Dogs	unresolved	
Briston Watches	unresolved	
Fenty Beauty	unresolved	
Fenwick	unresolved	
Fenalt	unresolved	
Fera	unresolved	
Fera Libens	unresolved	
FERATT	unresolved	
Feravana	unresolved	
Fern & Petal	unresolved	
Fernando Jorge	unresolved	
Ferrany London	unresolved	
Ferrari	unresolved	
Ferreira Signature Line	unresolved	
FERRUCCIO VECCHI	unresolved	
Fifteen Twenty	ats	wttj
Festina	unresolved	
Fête Impériale	unresolved	
Briogeo	unresolved	
Figaret Paris	ats	wttj
FETICO	unresolved	
Fenwick Colchester	unresolved	
Figure 1 Beauty	ats	greenhouse
Ffern	unresolved	
Brixy	unresolved	
British Knights	unresolved	
FG S.r.l.s.	unresolved	
Fiamme	unresolved	
Fidelio	unresolved	
Brighton	unresolved	
Filippa K	ats	teamtailor
Fielmann	unresolved	
Brighton Collectibles	unresolved	
Bro Fitwear	unresolved	
Fifi  au  jardin	unresolved	
Bromen	unresolved	
FIFTH HOUSE	unresolved	
Filson	ats	greenhouse
FifthCraftyStreet	unresolved	
Figaret	unresolved	
British Indigo	unresolved	
Brixton	unresolved	
FIGS	unresolved	
Figue	unresolved	
FIL MELANGE	unresolved	
FILA	unresolved	
BRONX	unresolved	
Fila	unresolved	
Filling Pieces	unresolved	
Filmore	unresolved	
Bronzo Sensualé Organic Suncare	unresolved	
Brooke Gregson	unresolved	
FILMUS13	unresolved	
Fin & Vince	unresolved	
BROADWAY NYC FASHION	unresolved	
FINA GARCIA	unresolved	
FIND KAPOOR	unresolved	
Findig	unresolved	
BRNDWRKS	unresolved	
Finery	unresolved	
Finger in the nose	unresolved	
Brooksfield	unresolved	
Finish Line  Inc.	unresolved	
Fil Noir	unresolved	
Finisterre	unresolved	
Bric-a-brac	unresolved	
finkid	unresolved	
Brotege	unresolved	
Finn + Emma	unresolved	
Finn Flare	unresolved	
FinnComfort	unresolved	
Bronx Native	unresolved	
Finnmark	unresolved	
Brothers	ats	teamtailor
Finny Rute	unresolved	
Brothers We Stand	ats	teamtailor
Finsbury	unresolved	
FINSK	unresolved	
Fioboc	unresolved	
Brooklyn Denim Co	unresolved	
Brooks	unresolved	
FION	unresolved	
Fiora Muse	unresolved	
FIORANGELO	unresolved	
Fiorella Rubino	unresolved	
Brocard	generic	generic-listing
Fiorelli	unresolved	
Fiorucci	unresolved	
Firetrap	unresolved	
Firma Schröder	unresolved	
Firn Handcrafted	unresolved	
Brother Vellies	unresolved	
FIRST BASE	unresolved	
First Hand	unresolved	
Brompton & Langley	generic	generic-listing
First Honey	unresolved	
Brown Angel Pain Butter	unresolved	
Brompton & Langley Men's	generic	generic-listing
First Lady Firenze	unresolved	
First Resort by Ramola Bachchan	unresolved	
FISCH	unresolved	
FitFlop	unresolved	
FitFlop	unresolved	
Brochu Walker	unresolved	
Fitshop	unresolved	
Fitz & Huxley	unresolved	
Brow Bandit	unresolved	
Browns of York	unresolved	
FIVE CM	unresolved	
browluxe®	unresolved	
BRAX	generic	generic-listing
Browns Shoes	ats	teamtailor
Five Fellas	unresolved	
Bruce Field	ats	teamtailor
Five Forty The Label	unresolved	
browtopia®️	unresolved	
Five Petals	unresolved	
Fivesso	unresolved	
FIVEUNITS	unresolved	
Brunello Cucinelli	unresolved	
Fix Your Lid	unresolved	
BrunnaCo	unresolved	
Fiyta	unresolved	
Bruno Banani	unresolved	
Fjällräven	unresolved	
Bruno Magli	unresolved	
Brow Studio 7	unresolved	
Browns	ats	lever
Flair	unresolved	
Brunocenere	unresolved	
Brunotti	unresolved	
Fleet Feet	ats	greenhouse
Flamingo Estate	unresolved	
Flamingos' Life	unresolved	
Flâner	unresolved	
Flannels	unresolved	
Flare Street	unresolved	
BsB	unresolved	
Brow Art 23	unresolved	
Flatlist	unresolved	
Flattered	unresolved	
Flavia Aranha	unresolved	
Flip*Flop	ats	greenhouse
Flawless Fusion Skincare	unresolved	
Flax	unresolved	
Flaxta	unresolved	
Fleur & Bee	unresolved	
Fleur du Mal	unresolved	
FLEUR & COMPAGNIE	unresolved	
Fleurs de Bagne	unresolved	
Brucle	unresolved	
Flexfit	unresolved	
flexi	unresolved	
Flik Flak	unresolved	
Bua Organics	unresolved	
Flipside Hats	unresolved	
Florence	ats	wttj
Florence Given	ats	wttj
FLO	unresolved	
Florence Leather Market	ats	wttj
Flo&Sue	unresolved	
Flonatix	unresolved	
Flora 1761	unresolved	
Flora Mirabilis	unresolved	
Bruuns Bazaar	unresolved	
Flora's Bare Skincare Ltd	unresolved	
Brooks Brothers	unresolved	
BROWNS JEWELLERS	generic	generic-listing
Brütting	unresolved	
Floral Spell	unresolved	
Floralisse skincare	unresolved	
Flow	ats	personio
Florame	unresolved	
florapothecarie	unresolved	
Florena	unresolved	
Buccellati Holding Italia	unresolved	
Brora	unresolved	
Florett	unresolved	
Florèz Fashion	unresolved	
Florida Fanatic	unresolved	
Floris van Bommel	unresolved	
Buckle	unresolved	
Bubble	ats	greenhouse
Florsheim	unresolved	
Fluency Beauty	ats	greenhouse
Floto	unresolved	
Flourea Beauty	unresolved	
BTArtboxnails	unresolved	
BTArtbox	unresolved	
Flower Knows	unresolved	
Flower Mountain	unresolved	
Buddica	unresolved	
Flowers Atelier	unresolved	
flowers for friends	unresolved	
Flowery	unresolved	
Flowfold	unresolved	
Fluchos	unresolved	
Fluco	unresolved	
Fluff	unresolved	
FLX Activewear	unresolved	
Fly Flot	unresolved	
Fly London	unresolved	
FLY3	unresolved	
FlyCurvy	unresolved	
Buckle& Seam	unresolved	
Bruun & Stengade	unresolved	
Flynow	unresolved	
Brownie	unresolved	
Buddha to Buddha	unresolved	
FM 669	unresolved	
FM2050	unresolved	
FME Apparel	unresolved	
Foempies	unresolved	
Fog Linen Work	unresolved	
Bubbles & Balms	unresolved	
Buff City Soap	unresolved	
Fogal	unresolved	
FOB PARIS	unresolved	
Fohly Scalp Solutions	unresolved	
FOKUS očná optika	unresolved	
FOKUS optik	unresolved	
Folie Du Lin	unresolved	
Folk	unresolved	
Folli Follie	unresolved	
FollowMeFS	unresolved	
Footasylum	ats	teamtailor
Fomin Soap	unresolved	
Fondation Qualité Fleurier	unresolved	
FONEM	unresolved	
Buffalo	unresolved	
Buck Mason	generic	generic-listing
Foo Tokyo	unresolved	
foodtextile	unresolved	
Buffalo Exchange	unresolved	
Buff Experts	unresolved	
Bufandy	unresolved	
Foolhardy	unresolved	
Budmil	unresolved	
FOOPE™	unresolved	
Foot Locker Kids	unresolved	
Foot Solutions	unresolved	
Footaction	unresolved	
Footgear	unresolved	
Footkorner	unresolved	
Footnanny	unresolved	
BUFF	ats	teamtailor
Footnotes	unresolved	
Buffalo London	unresolved	
For Days	unresolved	
For Horses	unresolved	
For Love and Lemons	unresolved	
Forage Design	unresolved	
Búho	unresolved	
Forces of Nature	unresolved	
Buddy & Hope	generic	generic-listing
BuildABagg	unresolved	
FOREO	unresolved	
Forest Rhapsody Skincare	unresolved	
Forestland	unresolved	
Buki Akomolafe	unresolved	
Forét	unresolved	
Buffalo David Bitton	unresolved	
Foreva	unresolved	
Forever 21	unresolved	
Forever and a day Intimates	unresolved	
Bulaggi the Bag	unresolved	
Bucherer Group	unresolved	
BUCHERER	unresolved	
Forever Care	unresolved	
Bulgari	unresolved	
Forever New	unresolved	
BUGA	unresolved	
Bullboxer	unresolved	
Buffout	unresolved	
Forge Men	unresolved	
Bugatti	unresolved	
Budgy Smuggler	unresolved	
Forget-me-nots	unresolved	
Forgotten Skincare	unresolved	
Fortis Uhren	ats	teamtailor
Form & Thread	unresolved	
Bulldog Natural Skincare	unresolved	
Form and Fold	unresolved	
Forman Mills	unresolved	
Formless Beauty	unresolved	
Bulova Watch Company	unresolved	
Bulwark	unresolved	
Formulary 55	unresolved	
Buffalo Industries	unresolved	
Fornarina	unresolved	
BuMama	unresolved	
Fortae	unresolved	
forte_forte	unresolved	
Bukuro	unresolved	
FORTHEFLY Customs	unresolved	
Bungert	unresolved	
Fortify	unresolved	
Forvert	unresolved	
Foschini	unresolved	
Fossil	unresolved	
FOS Amsterdam	unresolved	
Foster Craft Corner	unresolved	
Fou de Lou	unresolved	
foufou	unresolved	
BURGANDI PARIS	unresolved	
foundling	unresolved	
Fount Society	unresolved	
Four Wild Arrows Co.	unresolved	
Bull & Berry	unresolved	
Fownes Brothers	unresolved	
Fox Factor	unresolved	
Fox Racing	unresolved	
FRAME	ats	wttj
Bundgaard	unresolved	
Frame Denim	ats	wttj
Fox-Wizel Ltd.	unresolved	
Four Roses	unresolved	
Bukser Jeans	unresolved	
Fox's	unresolved	
FoxyBae	unresolved	
Buni Body Care	unresolved	
FQ1924	unresolved	
Burnt	ats	teamtailor
fr2	unresolved	
BUR BUR	unresolved	
Fracomina	unresolved	
Burnt Soul	ats	greenhouse
Fraenck	unresolved	
Fragrance Direct	unresolved	
Burban	unresolved	
Fraiche	unresolved	
Burrows & Co	unresolved	
Frammy Land	unresolved	
Burgeon Outdoor	unresolved	
Fragonard Perfumes	unresolved	
Burton	unresolved	
Frances Valentine	unresolved	
Francesca's	unresolved	
Franceschetti	unresolved	
Bushbalm	unresolved	
Burton	unresolved	
Francesco Russo	unresolved	
Franco Tucci	unresolved	
Frangipani Body Products	unresolved	
Frank & Dollys	unresolved	
Burt's Bees	ats	teamtailor
Bunnies JR	unresolved	
Burberry	unresolved	
Frank And Oak	unresolved	
Frank Dandy	unresolved	
Burlington	unresolved	
FRANZ GUSTAV	ats	personio
Busnel	unresolved	
Frank Daniel	unresolved	
Butcher of Blue	unresolved	
Frank Darling	unresolved	
Burt's Bees Baby	ats	teamtailor
Frank Wright	unresolved	
Frankie Collective	unresolved	
Frankie and Coco PDX	unresolved	
Frankie Morello	unresolved	
Frankie4	unresolved	
Frankies Bikinis	unresolved	
Burju	unresolved	
Butter	unresolved	
fransa	unresolved	
Frapp	unresolved	
Butter & Me	unresolved	
Franklin & Marshall	unresolved	
Frassaï	unresolved	
Frasers	unresolved	
BSiEE	unresolved	
Fraser Hart	unresolved	
Fratelli Russo	unresolved	
BUZZ Skincare Co	unresolved	
Fratelli Rossetti	unresolved	
FRAY I.D	unresolved	
BUSHY	unresolved	
Fred Perry	ats	teamtailor
BVB FANSHOP	unresolved	
BUSHMAN	unresolved	
Fray Italy	unresolved	
Burlington	generic	generic-listing
Freada	unresolved	
FREAK'S STORE	unresolved	
Freaks of Nature	unresolved	
Buttah	unresolved	
Freck Beauty	unresolved	
Freckles Skincare	unresolved	
Fred & Ginger	unresolved	
Fred de la Bretoniere	unresolved	
By Billie	unresolved	
Fred Mello	unresolved	
Fred Meyer Jewelers	unresolved	
Butter'd Bodycare	unresolved	
Frédérique Constant	unresolved	
Buttertea	unresolved	
By Malene Birger	unresolved	
Frederic M	unresolved	
Free Birdees	unresolved	
FRED SEGAL	unresolved	
Buti	unresolved	
Free Label	unresolved	
Free Fly	unresolved	
by Parra	unresolved	
Free Lance	unresolved	
by rosie jane	unresolved	
Buzz	unresolved	
Free People	unresolved	
Free/Quent	unresolved	
Freebird	unresolved	
FREED	unresolved	
By Elleven	unresolved	
By Walid	unresolved	
By Borre	unresolved	
By Garment Makers	unresolved	
Freedom	unresolved	
Freedom Moses	unresolved	
FreeGo	unresolved	
Freemans	unresolved	
by-bar	unresolved	
FREEMAN T. PORTER	unresolved	
by-bar amsterdam	unresolved	
FREE'S MART	unresolved	
Freetrain	unresolved	
FREISI	unresolved	
Freenote Cloth	unresolved	
Bye Bye Blemish	unresolved	
By Pariah	unresolved	
FREITAG	unresolved	
Fremdformat	unresolved	
French Connection	unresolved	
BY FAR	unresolved	
French Farmacie	unresolved	
By The Way  Your Hair Looks Fabulous	unresolved	
FRENCHEYE	unresolved	
ByMotherHands	unresolved	
Frenchies Modern Nail Care	unresolved	
By Jam Gioielli	unresolved	
FRENKEN	unresolved	
BYNIUMAAL	unresolved	
Fresame Cosmetics	unresolved	
By Wendy	unresolved	
Fresh Cuts Clothing	unresolved	
Fresh Soul	unresolved	
BYVALENTI	unresolved	
Fresh Wave	unresolved	
Frett	unresolved	
BYBBA	unresolved	
Fretz Men	unresolved	
Frennesson Smycken & Accessoarer	unresolved	
Freya	unresolved	
Fridaze	unresolved	
Friction Labs	unresolved	
Frescobol Carioca	unresolved	
By Malina	generic	generic-listing
Frieda & Freddies	unresolved	
BYLIMA	unresolved	
Friendsheep	unresolved	
Friking	unresolved	
BYRD	unresolved	
Byredo	unresolved	
Frilliance	unresolved	
Frisur	unresolved	
Fritz Berger	unresolved	
C.C. Filson	unresolved	
Fritzi aus Preußen	unresolved	
C. REN	unresolved	
froddo	unresolved	
BYTOM	unresolved	
C.D. Peacock	unresolved	
BZB	unresolved	
FRNCH PARIS	unresolved	
BYZA	unresolved	
Frogs and Dogs	unresolved	
From My Mother’s Garden	unresolved	
C.P. Company	unresolved	
Frske	unresolved	
BZNA	unresolved	
Frugi	unresolved	
Friendly Soap	unresolved	
C4N	unresolved	
Byblos	unresolved	
frostpfoetchen	unresolved	
FruitsFamily	unresolved	
Fruit of the Loom	unresolved	
FTC Cashmere	unresolved	
CAalloverprint	unresolved	
Cabaia	ats	wttj
FUB	unresolved	
Cabaia	ats	wttj
CAALO	unresolved	
From The Heart	unresolved	
FUBU	unresolved	
Fuchs Schmitt	unresolved	
C.L. Seifert	unresolved	
Fuck Me Up Beauty	unresolved	
Cabbeen	unresolved	
Fueguia 1833	unresolved	
Cabela's	unresolved	
FUGU	unresolved	
C&Co.®	unresolved	
Fujii Daimaru	unresolved	
Fujisaki	unresolved	
Cabochon	unresolved	
C by Stories	generic	generic-listing
Fukuya	unresolved	
Full Circle Beauty	unresolved	
C7skates	unresolved	
Fulton	unresolved	
Ca'Shott	unresolved	
Fumarel	unresolved	
FUMIKA_UCHIDA	unresolved	
FUN	unresolved	
Cabana	unresolved	
Fun2Wear	unresolved	
FUNKTION SCHNITT	unresolved	
Fusalp	ats	wttj
Cachicci	unresolved	
Funk since 1776	unresolved	
Funky Buddha	unresolved	
Fur	unresolved	
Future of Cool	ats	greenhouse
FURFUR	unresolved	
C.H. Jewelry	unresolved	
Future Society	ats	greenhouse
CACAYE	unresolved	
Furla	unresolved	
Cacharel	unresolved	
Cacharel	unresolved	
Furore	unresolved	
Furrer Jacot	unresolved	
Fur Deluxe	unresolved	
FURSAC	unresolved	
FUS-FÁ-YO	unresolved	
C&A	generic	generic-listing
Fusakle	unresolved	
Caboo Paper Products	unresolved	
Cache Cache	unresolved	
G-Form	ats	personio
Fussl Modestraße	unresolved	
FUTURA Jewelry	unresolved	
Fusilli	unresolved	
CAFÉ COTON	unresolved	
Cactus Plant Flea Market	unresolved	
Fuza Wool Of Denmark	unresolved	
FUZZ	unresolved	
FUZZI	unresolved	
Fydelity	unresolved	
FYidoctors	unresolved	
CADUNÉ	unresolved	
Café du Cycliste	unresolved	
FZOTIC	unresolved	
Cadolle	unresolved	
Fynch-Hatton	unresolved	
G Point	unresolved	
g-lab	unresolved	
G-SHOCK	unresolved	
G-shock	unresolved	
G-Star RAW	unresolved	
G-Star RAW	unresolved	
G. Kero	unresolved	
CADINI	unresolved	
G.H. Bass & Co	unresolved	
CAD-B MAKEUP AND SKINCARE	unresolved	
G.H. Bass & Co.	unresolved	
G.I.G.A. DX	unresolved	
Cahlumn	unresolved	
CafèNoir	unresolved	
Caftanii	unresolved	
Caftari	unresolved	
CACHE CŒUR	unresolved	
Beulah	unresolved	
Café Leather	unresolved	
G.Label by Goop	unresolved	
g'LOSS	unresolved	
G+N	unresolved	
G|FASHION	unresolved	
CAES	unresolved	
Cal & Gary's	unresolved	
G1920	unresolved	
Cala de la Cruz	unresolved	
G2000	unresolved	
Gaastra	unresolved	
Gaastra International Sportswear	unresolved	
Gabba	unresolved	
Gabbiano	unresolved	
Gabbiano Denim	unresolved	
Caley-Beth	unresolved	
Gabby Glam Cosmetics	unresolved	
Gabor	unresolved	
California Biology	unresolved	
Gabe's	unresolved	
Gabor Shoes	unresolved	
Café Costume	generic	generic-listing
Gainer Beauty LLC	ats	teamtailor
Gabriel Cosmetics	unresolved	
Gabriela Hearst	unresolved	
GADEA	unresolved	
CAJOY	unresolved	
Gaëlle Constantini	unresolved	
Gaelle Hayme	unresolved	
gagliardi	unresolved	
Galileo	ats	greenhouse
GAI+LISVA	unresolved	
Gaia Conceptions	unresolved	
Gaia Segattini Knotwear	unresolved	
CALAMAR	unresolved	
Gaia.Love	unresolved	
Calapo Biotic Products	unresolved	
Gaillard Vivant	unresolved	
Caley Cosmetics	unresolved	
Çalık Holding	ats	successfactors
Galamaar	unresolved	
Calista Tools	unresolved	
Caldera + Lab	unresolved	
Galeria	unresolved	
GALERIA KAUFHOF	unresolved	
Galiente	unresolved	
Gallant	unresolved	
California Naturals	unresolved	
Callaway	unresolved	
Galen Leather	unresolved	
Galleria Department Store	unresolved	
Gallery Department	unresolved	
Calisson Little Royals	unresolved	
Calle Del Mar	unresolved	
Gala Gloves	unresolved	
CALM Skin Care	ats	greenhouse
Gallo	unresolved	
GALVAN	unresolved	
Gamine Workwear	unresolved	
Calliope by Megan Moroney	unresolved	
Gandys	unresolved	
caliray	unresolved	
GANG	unresolved	
Cake Maternity	unresolved	
Calpierre	unresolved	
Gang de Paris	unresolved	
GANNI	unresolved	
GANT	unresolved	
Calton Brown	unresolved	
Ganter	unresolved	
CALL IT SPRING	unresolved	
GAOFAN	unresolved	
Gap	unresolved	
BZB	ats	teamtailor
Calvin Klein Collection	unresolved	
Calzedonia	ats	wttj
Garage	unresolved	
Calzaturificio Marino Fabiani	unresolved	
CAMBIO	ats	teamtailor
Garçon Français	unresolved	
Callahan	unresolved	
CAMBIO	ats	teamtailor
Garçonne	unresolved	
Calzoleria Tescana	unresolved	
Gardenia	unresolved	
Callaghan	unresolved	
Gardeur	unresolved	
Garment Project	unresolved	
Calliope	unresolved	
Cambridge Satchel Co	unresolved	
Gate	ats	lever
Ganor Dominic	unresolved	
Garmin Group	unresolved	
GARNET	unresolved	
Camel	unresolved	
Garrard	unresolved	
Calou	unresolved	
Garrett Leight	unresolved	
GARY MASH	unresolved	
GARCIA	unresolved	
Gas Bijoux	unresolved	
Garzini	unresolved	
CALIDA	generic	generic-listing
Gas Jeans	unresolved	
GATTA	unresolved	
Camilla Pihl	unresolved	
Gattino	unresolved	
Calzeat	unresolved	
Gate G1 One	unresolved	
Gattinoni	unresolved	
GAUCHERE	unresolved	
Gauge81	unresolved	
Gazel	unresolved	
Gazing Green	unresolved	
Gazur	unresolved	
Gazzarrini	unresolved	
Camélia Forever	unresolved	
GCDS	unresolved	
Camel Active	unresolved	
Camicissima	unresolved	
GeBe Maternity	unresolved	
Gebr. Domhoff	unresolved	
Gaston Luga	unresolved	
Camisería Burgos	unresolved	
Camila Klein	unresolved	
Gee Beauty	unresolved	
Geggamoja	unresolved	
Camp Cove Swim	ats	greenhouse
Camomilla Milano	unresolved	
Geisha	unresolved	
CAMP DAVID	ats	greenhouse
CAMPER	ats	teamtailor
General Óptica	ats	greenhouse
Camp High	ats	greenhouse
Gekås	unresolved	
General Pants Co.	ats	greenhouse
gelato pique	unresolved	
Camouflage	unresolved	
Gelly Bae	unresolved	
General Sleep	ats	greenhouse
Gemlux Jewels	unresolved	
Genesis	ats	lever
Campo Marzio	unresolved	
Genesis Footwear	ats	lever
Gemmi	unresolved	
Gémo	unresolved	
GEMSTHETIX	unresolved	
Gemstone Organic	unresolved	
Gemtation GmbH	unresolved	
Genabelle	unresolved	
Genuine Myself	ats	personio
Gen See	unresolved	
Camille	unresolved	
Générale d'Optique	unresolved	
Geneva seal	unresolved	
GENRAGE	unresolved	
Cam Cam	unresolved	
Canadian Classics	unresolved	
Genti	unresolved	
GEORGES	ats	teamtailor
Genial Day	unresolved	
Georges Rech	ats	teamtailor
Camisaria Colombo	unresolved	
Genti Clothing	unresolved	
Canadian Outdoor Equipment Co.	unresolved	
Campomaggi	unresolved	
Gentiluomo	unresolved	
Camille H	unresolved	
GENTLE MONSTER	unresolved	
Gently Radiant SKin	unresolved	
geographical norway	unresolved	
Georg Jensen	unresolved	
Campus Square	unresolved	
George	unresolved	
George Richards Big & Tall Menswear	unresolved	
GEORGESPAUL	unresolved	
Geox	unresolved	
Gerald Online	unresolved	
Gerard Darel	unresolved	
Germanier	unresolved	
Camps & Camps	unresolved	
Gerke my pants	unresolved	
Gergana Ivanova	unresolved	
Gerngross department store	unresolved	
Ghost	ats	greenhouse
GERRY WEBER	unresolved	
Gerry Weber	unresolved	
Gessica Albu	unresolved	
Gestuz	unresolved	
GetStonned	unresolved	
GFG Jewellery by Nilufer	unresolved	
Canary	unresolved	
GGVV	unresolved	
Ghanda	unresolved	
GHC Sportswear®	unresolved	
Ghospell	unresolved	
GIABORGHINI	unresolved	
Giacomo Conti	unresolved	
Giacomo The Jacket	unresolved	
CAMILLA	unresolved	
GIAMBATTISTA VALLI	unresolved	
Canali	unresolved	
Canivro	unresolved	
Gertrude+Gaston	unresolved	
Candy Cottons Store	unresolved	
CANDY x PAINTS	unresolved	
Gian Marco Venturi	unresolved	
Candice Cooper	unresolved	
Canyon	ats	successfactors
Giangi	unresolved	
Canopy Verde	unresolved	
Giga	ats	personio
Gianni Lupo	unresolved	
CAMILLA AND MARC	unresolved	
Giannico	unresolved	
Giant Tiger	unresolved	
Giaquinto	unresolved	
Gianvito Rossi	unresolved	
Giardini di Toscana	unresolved	
Gibson London	unresolved	
Gidigio	unresolved	
Gieschen Jewelers	unresolved	
Giesswein	unresolved	
Gieves & Hawkes	unresolved	
Canela's Homemade Hair Care	unresolved	
Gigasport	unresolved	
GigaSports	unresolved	
GIGI BURRIS	unresolved	
Gigi Fratelli	unresolved	
GIGI MODA	unresolved	
CannaSmack	unresolved	
Gigue	unresolved	
Gil Bret	unresolved	
Gil Rodriguez	unresolved	
Canussa	unresolved	
Gilchrist & Soames	unresolved	
Cape Clasp	unresolved	
GILDA & PEARL	unresolved	
CaiBai	unresolved	
Gilda Tonelli	unresolved	
CANAVA	unresolved	
Gildan	unresolved	
Gill Marine	unresolved	
Capital World Group	unresolved	
Gilly Hicks	unresolved	
Capo	unresolved	
GIN AMBER BEAUTY	unresolved	
Capodimonti Cashmere	unresolved	
Cappelleria Melegari	unresolved	
Gina Laura	unresolved	
Gina Tricot	unresolved	
Cappellificio Fiorentino	unresolved	
GINANNI	unresolved	
CAPAF	unresolved	
Gijs	unresolved	
Caprice	unresolved	
Cape Horn	unresolved	
Ginger & Smart	unresolved	
Ginny & Jude Designs	unresolved	
Gino Rossi	unresolved	
Ginoble	unresolved	
Capsule	unresolved	
Gio	unresolved	
Gioielli Di Valenza	unresolved	
Giomila	unresolved	
Capuccino	unresolved	
Calvin Klein	unresolved	
Capelli New York	unresolved	
Giordano	unresolved	
Giordano Colors	unresolved	
Giorgia Streetwear	unresolved	
Car Shoe	unresolved	
Giorgio & Mario	unresolved	
Giorgio Armani	unresolved	
Giorgio Armani	unresolved	
Gioseppo	unresolved	
Giorgio 1958	unresolved	
Canon Quartz	unresolved	
Giovanni	unresolved	
Girard-Perregaux	unresolved	
CARANDO	unresolved	
Girlfriend Collective	unresolved	
Captain Blankenship	unresolved	
GIULIA	unresolved	
capslab	unresolved	
Giulia	unresolved	
Girlfriend	unresolved	
Giuseppe Zanotti	unresolved	
Givenchy	unresolved	
Giyi	unresolved	
Glacial	unresolved	
Glacé Spa Clay	unresolved	
Glacial Bay Organic Clay	unresolved	
Gladfolk	unresolved	
Caraline Skincare	unresolved	
Gladys Tamez Millinery	unresolved	
Glamazon Beauty	unresolved	
Glame Chic	unresolved	
GLAMNETIC	unresolved	
Glamorous	unresolved	
Cara Mila	unresolved	
Givova Sport	unresolved	
Glamsquad	unresolved	
Glase	unresolved	
Glide Sculpt	ats	greenhouse
Glash	unresolved	
Glashütte Original	unresolved	
Glitter	ats	teamtailor
Glass Of Venice	unresolved	
Glitter	ats	teamtailor
GLITTER FASHION	ats	teamtailor
Glanzstucke Munchen	unresolved	
Glassons	unresolved	
Glassworks	unresolved	
CARAVANA	unresolved	
Globe-Trotter	ats	teamtailor
Gleam	unresolved	
Glamlite	unresolved	
Globetrotter Ausrüstung	ats	teamtailor
Gleamin	unresolved	
Glamorise	unresolved	
Glimmer Wish	unresolved	
Glisten Cosmetics	unresolved	
Glixi	unresolved	
Global Desi	unresolved	
GLOBAL WORK	unresolved	
Globe	unresolved	
Glorious Gangsta	ats	personio
Globo	unresolved	
Globus	unresolved	
Globus	unresolved	
Capri Holdings	unresolved	
Captain Santors	generic	generic-listing
Carat Shirts	unresolved	
Glass Onion	unresolved	
Gloow	unresolved	
Cardon	unresolved	
Gloria Coelho	unresolved	
CARE BY ME	unresolved	
Gloria Jeans	unresolved	
Capezio	unresolved	
Canadian Tire	unresolved	
Careeon	unresolved	
GLORIA!GLORIA!	unresolved	
Glotto	unresolved	
Gloverall	unresolved	
Glosslab  LLC	unresolved	
Carhartt	unresolved	
Glow Recipe	unresolved	
GLOWE	unresolved	
Glowell	unresolved	
Glowing Orchid Organics	unresolved	
Glycine Watch SA	unresolved	
Glossier	unresolved	
GmbH	unresolved	
Goal Five	ats	greenhouse
go as u.r	unresolved	
Go Outdoors	ats	greenhouse
Carducci	unresolved	
Go Gently Nation	unresolved	
Carhartt Work in Progress	unresolved	
Glow Jar Beauty	unresolved	
Go OM Yourself	unresolved	
Glow Natural Wellness	unresolved	
Caramel	unresolved	
Carel	unresolved	
CareOne	unresolved	
Go Outdoors Express	unresolved	
Cardani	unresolved	
Gntl	unresolved	
Caridei Glove Factory	unresolved	
Carla Ferreri	ats	teamtailor
Carla Zampatti Pty Ltd	ats	teamtailor
CARAT*	unresolved	
Carhartt WIP	ats	workday
Go Red Cosmetics	unresolved	
carl gross	unresolved	
Carine Gilson	unresolved	
Goa Goa	unresolved	
cariPRO	unresolved	
Goat Organic Apparel	unresolved	
Cariloha	unresolved	
Carl Zeiss AG	generic	generic-listing
Gobi Cashmere	unresolved	
Cape Union Mart	unresolved	
GOD'S MASTERFUL CHILDREN	unresolved	
Carl F. Bucherer	unresolved	
Carlijnq	unresolved	
God's Original Design	unresolved	
GOELIA	unresolved	
GoFutureWithLove	unresolved	
GOG ATELIER	unresolved	
gogglesoc	unresolved	
Goddess Gear	unresolved	
Gola	unresolved	
Golbary	unresolved	
Gold Apple	unresolved	
Gold Palace	unresolved	
Gold Toe Brands	unresolved	
Goldbergh	unresolved	
Golden Equation	unresolved	
GOLDEN GOOSE	unresolved	
Golden Head	unresolved	
Golden Hour Botanicals	unresolved	
CARLA B	unresolved	
Goldenpoint	unresolved	
Golf Galaxy	ats	greenhouse
GoldenLife	unresolved	
Golf Partner	ats	greenhouse
Golf Town	ats	greenhouse
Golf・Do	ats	greenhouse
Carlings	unresolved	
Goldgarn Denim	unresolved	
Goldie Lux Skin	unresolved	
Carlo Pignatelli	unresolved	
Carlucce Inc.	unresolved	
GoldPaw	unresolved	
Carmela	unresolved	
Good American	ats	lever
Carmin	unresolved	
Goldmark Jeweller	unresolved	
Carlo Carrizosa	unresolved	
GOLDSIGN	unresolved	
Carlie Ballard	unresolved	
Goldsmiths	unresolved	
Goldn beauty LLC	unresolved	
GOLDWELT	unresolved	
Goldwin	unresolved	
Golden Rose Cosmetics	unresolved	
Gomaye	unresolved	
Carmen Sol	unresolved	
Carolina Cosmetics	unresolved	
Gondolina	unresolved	
Good + Daily	unresolved	
Carlance	unresolved	
Good Alchemy	unresolved	
Good Citizens Eyewear	unresolved	
Good Dye Young	unresolved	
Carolina Torres	unresolved	
Caroline Biss	unresolved	
Good Earth	unresolved	
Carlton London	unresolved	
Good Flower Farm	unresolved	
Good For Nothing	unresolved	
Good for Sunday	unresolved	
Carol Turner Collection	unresolved	
Good Guys Don't Wear Leather	unresolved	
Good For You Girls	unresolved	
Carmina Campus	unresolved	
CarolGlass	unresolved	
Good Juju Body & Home	unresolved	
Carnival Glam Hub	unresolved	
Good Man Brand	unresolved	
Good Medicine Beauty Lab	unresolved	
Good Molecules	unresolved	
CAROLINA MACHADO	unresolved	
Good Morning Universe	unresolved	
CARPISA	unresolved	
Goodwin's Skin Soother	ats	greenhouse
Carolina Bucci	unresolved	
Good News	unresolved	
Good Weird	unresolved	
Goody's	ats	greenhouse
Good Weather Skin	unresolved	
Carriwell	unresolved	
Good Organics	unresolved	
Carolina Herrera	unresolved	
GOODEE	unresolved	
Goodbaby	unresolved	
Carolyn Rowan	unresolved	
Goodnap	unresolved	
goodsociety	unresolved	
Goodspread	unresolved	
CARPASUS	unresolved	
goodtrip	unresolved	
Carter Thomas	unresolved	
Gorjana	ats	greenhouse
Goonj	unresolved	
GoopBeauty	unresolved	
Goophone	unresolved	
Carpet Company	unresolved	
Goorin Bros	unresolved	
Carpe	unresolved	
Goosecraft	unresolved	
Carrera	unresolved	
Carry	unresolved	
good.clean.goop	unresolved	
Casa Amuk	ats	greenhouse
Goossens Paris	unresolved	
Gordmans	unresolved	
Carvela	unresolved	
Casa Das Peles	ats	greenhouse
GORE® WEAR	unresolved	
Carson's	unresolved	
GORG	unresolved	
Casa Raki	ats	greenhouse
Google Merchandise Store	unresolved	
Casa Hair Care	ats	greenhouse
Gorman	unresolved	
CASA FLINE	ats	greenhouse
Carter + Jane	unresolved	
Görtz	unresolved	
Gosha Rubchinskiy	unresolved	
Gossard	unresolved	
Casadei	unresolved	
Carter's	unresolved	
GOT BAG	unresolved	
CASAGiN	unresolved	
Götzburg	unresolved	
Gotji Beauty	unresolved	
Cartoon	unresolved	
Goumi Kids	unresolved	
Casas	unresolved	
GRAIN DE MALICE	ats	teamtailor
Goutal	unresolved	
Casas Bahia	unresolved	
GoWipe	unresolved	
Cars Jeans	unresolved	
GR10K	unresolved	
Grace & Stella	unresolved	
Casely-Hayford	unresolved	
Graceful District	unresolved	
Graciela Huam	unresolved	
Grand Frank	ats	lever
Gracious May	unresolved	
Grand Optics	ats	lever
Carven	unresolved	
Cashmere Couture	unresolved	
Grand Seiko	ats	lever
Graff Diamonds	unresolved	
Grand Step	ats	lever
Cashmere Junkies	unresolved	
Grand Step Shoes	ats	lever
Grahams Jewellers	unresolved	
Cashmirino	unresolved	
Graine	unresolved	
CasoandCo	unresolved	
CAROLL	unresolved	
CARPATREE	unresolved	
Casablanca	unresolved	
Gouiran Beauté	unresolved	
Graine de Pastel	unresolved	
Grainular	unresolved	
Casall	unresolved	
Gramicci	unresolved	
GRAMMAR	unresolved	
Granado	unresolved	
Grandma's Natural Remedies  Inc.	unresolved	
Casco Totes	unresolved	
Grandma's Olde Fashioned Soap and Candles	unresolved	
GrandOptical	unresolved	
GrandmasLittleLilly	unresolved	
GrandVision	unresolved	
Granelito	unresolved	
Castart	unresolved	
CASHMERE in LOVE	unresolved	
Grant Stone	unresolved	
Grateful Body Botanical Skin Care	unresolved	
Gratis	unresolved	
BURKELY	unresolved	
Gratefully Threaded	unresolved	
Gravel	unresolved	
Gray Away	unresolved	
Cassandra Hone	unresolved	
Castelli Cycling	unresolved	
Gray Label	unresolved	
Cast Iron	unresolved	
Castle Baths Anna	unresolved	
Castore	ats	teamtailor
Gray Matters	unresolved	
GrayEagleLeather	unresolved	
Gratitude Chicago	unresolved	
Great Many	unresolved	
Castle Baths Exotic Earth	unresolved	
Castafiore	unresolved	
Great Plains	unresolved	
Castle Baths Tre'Yours	unresolved	
Greater Than Beauty	unresolved	
Castaner	unresolved	
Green Bee Botanicals	unresolved	
Castori	unresolved	
CASIO	unresolved	
Casselini	unresolved	
Green Girl Basics	unresolved	
Castro	unresolved	
Green ICE	unresolved	
Green Laces	unresolved	
GreenBomb	unresolved	
Caryl Baker Visage	unresolved	
GREENBURRY	unresolved	
Greendigo	unresolved	
Greenfibres	unresolved	
GREENHEART BOTANICALS	unresolved	
Grey Belly	ats	greenhouse
greenjama	unresolved	
Gridline	ats	lever
Greenpacha	unresolved	
Cascade Theatre	unresolved	
Grey Gardens	ats	greenhouse
Cassels	unresolved	
Greenpoint	unresolved	
Greg Lauren	unresolved	
Grenson	unresolved	
CAT Footwear	unresolved	
Cath Kidston	ats	teamtailor
Gressa Inc	unresolved	
Castle Soap Company	unresolved	
Cat Footwear	unresolved	
GRetail	unresolved	
GRETCHEN	unresolved	
Greve	unresolved	
Catherine André	unresolved	
Grimey	unresolved	
Groundies	ats	personio
Casual Friday	unresolved	
grims	unresolved	
Catherine Regehr	unresolved	
Grinders	unresolved	
Greyder	unresolved	
Castelijn& Beerens	unresolved	
CAT workwear	unresolved	
Grisport	unresolved	
CASUPO	unresolved	
Catimini	unresolved	
GRIZAS	unresolved	
Catarina Martins	unresolved	
GRO	unresolved	
Gritti	unresolved	
Caudalie	unresolved	
Groceries Apparel	unresolved	
Groisil and Co.	unresolved	
Ground Zero Clothing	unresolved	
Cato Corporation	unresolved	
Grounded People	unresolved	
GROUNDTRUTH	unresolved	
Caterpillar	unresolved	
Groupe NOVI	unresolved	
Cav Empt	unresolved	
Groupe Zannier	unresolved	
Catherine Colebrook	unresolved	
Grovana Watch	unresolved	
Grove Co	unresolved	
grove	unresolved	
Grow Fragrance	unresolved	
Grüne Erde	unresolved	
Grunge John Orchestra.Explosion	unresolved	
Grow From Nature	unresolved	
Catarina Mina	unresolved	
Grunt	unresolved	
CAVU beauty	unresolved	
Grupo Elektra	unresolved	
Catbird	ats	lever
Grupo Famsa	unresolved	
Cayla Gray	unresolved	
Gsus	unresolved	
Cayler & Sons	unresolved	
Catherine Rowe Designs	unresolved	
GTOClothing	unresolved	
GU	unresolved	
CAUSEMEDIC	unresolved	
Gu Zhi	unresolved	
Guacamole	unresolved	
Guanology	unresolved	
Cauldron Apothecary	unresolved	
Cbi Laboratories	unresolved	
Catherines	unresolved	
GUAPAPEAKS	unresolved	
CBDistillery	unresolved	
Cavallaro Napoli	unresolved	
CBD Daily	unresolved	
Guards London	unresolved	
Caviar	unresolved	
Cavallo	unresolved	
Guild+Pepper	ats	greenhouse
Guayaberas y Mas Boutique	unresolved	
Gucci	unresolved	
CCDK Copenhagen	unresolved	
Gudrun Sjödén	unresolved	
Guerlain	unresolved	
GUESS	unresolved	
GuanAnAn London	unresolved	
CDM Bedrijfskleding	unresolved	
Gudi Home	unresolved	
GUESS Watches	unresolved	
Guest in Residence	unresolved	
Gugguu	unresolved	
Guinot	unresolved	
CECIL McBEE	unresolved	
Guldfynd	unresolved	
GUM	unresolved	
GUNAS	unresolved	
Cedar & Sage	unresolved	
Guests on Earth	unresolved	
Gunda Hafner	unresolved	
Gundry MD	unresolved	
Gung Ho Design	unresolved	
Gunnar Optiks	unresolved	
CCC	unresolved	
Gymshark	ats	greenhouse
GUSSI	unresolved	
Caval	unresolved	
GUSTAV	unresolved	
GuterStoff	unresolved	
Ceceba	unresolved	
Guts & Gusto	unresolved	
CECIL	unresolved	
Gutteridge	unresolved	
Gwyllem	unresolved	
Cécile Jeffrey	unresolved	
Guy Cotten brand	unresolved	
Céla by Celine Tadrissi	unresolved	
Celebritips	unresolved	
Cécile CANJ	unresolved	
celio	ats	teamtailor
GXG	unresolved	
Gym King	unresolved	
Gym + coffee	unresolved	
CELINE	unresolved	
Gymboree	unresolved	
GymVibez	unresolved	
Cellini	unresolved	
Cee Cee's Closet	unresolved	
GYPPHY	unresolved	
Gypsy Jetstream	unresolved	
Cefinn	unresolved	
Celtic & Co	unresolved	
Gypsy Sport	unresolved	
H BAR C	unresolved	
Celtic Fusion	unresolved	
H Samuel	unresolved	
H. Stern	unresolved	
Céméle Paris	unresolved	
Hades	ats	personio
Celyfos	unresolved	
H.A. Brieger	unresolved	
H'S	unresolved	
H2O	unresolved	
Centauro	unresolved	
H4	unresolved	
Centro Comercial Plaza Valera	unresolved	
H&M	unresolved	
Habitual Kid	unresolved	
HABOOB	unresolved	
Hackett	unresolved	
Celopman	unresolved	
Hackett London	unresolved	
CeraVe	unresolved	
Hackwith Design House	unresolved	
Cellbone	unresolved	
Háda	unresolved	
HAFENDIEB	unresolved	
Haflinger	unresolved	
Haggar Clothing	unresolved	
Cenci Pelletterie	unresolved	
Haglöfs	unresolved	
haikure	unresolved	
Cecilie Bahnsen	generic	generic-listing
Hairbond	unresolved	
Hailey Gerrits	unresolved	
HAIRGURT	unresolved	
Hairstory	unresolved	
Hakata Hankyu	unresolved	
Hakim Optical	unresolved	
Hakodate Marui Imai	unresolved	
CELFORD	unresolved	
Halada	unresolved	
Halara	unresolved	
Half Magic Beauty	unresolved	
Hale and Hush	unresolved	
Hall Madden	unresolved	
Hallbergs Guld	unresolved	
CEP	unresolved	
Hally Hair	unresolved	
Hallyu	unresolved	
Halo Hair Oil	unresolved	
HAN KJØBENHAVN	ats	recruitee
Halonen	unresolved	
CERO NINE	unresolved	
CDLP	unresolved	
Halpern	unresolved	
Century Time Gems Ltd	generic	generic-listing
Halsduk by Esmee	unresolved	
CERRUTI	unresolved	
Halti	unresolved	
Hamburg LaPlaya	unresolved	
Hamilton and Hare	unresolved	
Cero & Etage	unresolved	
Hamilton Watch Company	unresolved	
HalfPrice	unresolved	
Hampton Sun	unresolved	
Cerruti 1881	unresolved	
Hamza	unresolved	
Chabo Bags	unresolved	
Hanae Mori	unresolved	
Hanalei	unresolved	
ČESKÁ OČNÍ OPTIKA HOLDING	unresolved	
Hand Made Story by Barbara Alli	unresolved	
handētizer	unresolved	
Handred Studio	unresolved	
Hanes	unresolved	
Hanesbrands	unresolved	
CHALLO	unresolved	
Hanacha-studio	unresolved	
Hamilton Perkins Collection	unresolved	
CHAMBRE DE FAN	unresolved	
HANGOWEAR	unresolved	
Hank Player	unresolved	
champagne in the morning	unresolved	
Hanky Panky	unresolved	
Hankyu Department Store	unresolved	
HANN Jewelry	unresolved	
Ceremonia	unresolved	
HANNE BLOCH	unresolved	
CG – CLUB of GENTS	unresolved	
Chance of Sunny	ats	wttj
Hanni	unresolved	
Champs Sports	unresolved	
Chambre	unresolved	
Hannoush Jewelers	unresolved	
Chanel	unresolved	
HanoverianCrochetCo	unresolved	
Cezanne Hair	unresolved	
Hanowa	unresolved	
HANRO	unresolved	
Chaco	unresolved	
CHANGE LINGERIE	unresolved	
CFCL	unresolved	
Hans Anders	unresolved	
HANSEN GARMENTS	unresolved	
Chantal Temam	unresolved	
Hanshin Department Store Umeda Main Store	unresolved	
Hanson Skincare	unresolved	
Chantal Thomass	unresolved	
Hankyu Department Store Umeda Main Store	unresolved	
Happiness Is...	unresolved	
Hanna Andersson	unresolved	
Celestino	unresolved	
Chapters of her  skincare by The Rolling Bell  LLC	unresolved	
Happiness Project (clothing brand)	unresolved	
Happy Earth Apparel	unresolved	
Happy Haus	unresolved	
Happy Horse	unresolved	
Happy Look	unresolved	
Happy Pits Natural Vegan Deodorant	unresolved	
Charles Colby	unresolved	
Happy Plant Botanicals	unresolved	
happy shorts	unresolved	
Charles Clinkard	unresolved	
Happy Socks	unresolved	
Happy Spritz	unresolved	
ch!iii	unresolved	
Happy Squad	unresolved	
Charles J Wahba	unresolved	
Charles Tyrwhitt	unresolved	
HARA the label	unresolved	
HARIS COTTON	ats	smartrecruiters-whitelabel
Harber London	unresolved	
Harbour 2nd	unresolved	
Charles Tyrwhitt	unresolved	
Hard Night Good Morning	unresolved	
Charli	unresolved	
Hardware	unresolved	
CHAR Skincare	unresolved	
Charli Cohen	unresolved	
Hardy Amies	unresolved	
Champion	unresolved	
Hardy Amies	unresolved	
Chantall	unresolved	
Hardy Brothers	unresolved	
Charlee Swim	unresolved	
HARE	unresolved	
Charlotte Bio	unresolved	
Harem London	unresolved	
Harem Pants	unresolved	
Harlem Soul	unresolved	
Harley Davidson	unresolved	
Charles & Keith	unresolved	
Charlotte Grace	unresolved	
Harlow	unresolved	
Harlow Skin Company Inc	unresolved	
Charm Diamond Centres	unresolved	
harly jae	unresolved	
Harmont & Blaine	unresolved	
Harmony	unresolved	
Harmony Handcrafted	unresolved	
Haro Eyewear	unresolved	
Harold’s	unresolved	
HARPER & YVE	unresolved	
Charlie Constantinou	unresolved	
Charlie Choe	unresolved	
HARRI	unresolved	
Charming Charlie	unresolved	
ChanceChance	unresolved	
Harriet Morris	unresolved	
Harrington	unresolved	
CHAROL	unresolved	
Harris Horology	unresolved	
Harris Scarfe	unresolved	
Harris Wharf London	unresolved	
Harris Wilson	unresolved	
Harrods	unresolved	
HARRY LARY's	unresolved	
Chaser	unresolved	
Harry Ritchie's	unresolved	
Charlie Mae Swimwear	unresolved	
Harry Rosen Inc.	unresolved	
Harry Winston  Inc.	unresolved	
Chaser Brand	unresolved	
CHASIN'	generic	generic-listing
Hartford	unresolved	
Charmed Aroma	unresolved	
Charlotte Knowles	unresolved	
Hartjes	unresolved	
Chasers	unresolved	
HARUNOBUMURATA	unresolved	
haruulala	unresolved	
Haruyama	unresolved	
Harvest & Mill	unresolved	
Chaumet	unresolved	
Harvest Label	unresolved	
Harvey Haven Lavender Farm	unresolved	
Harvey Nichols	unresolved	
Harvey Norman	unresolved	
Harwell Godfrey	unresolved	
Charleston Shoe Co.	unresolved	
Charuel	generic	generic-listing
HASK	unresolved	
HASSIA	unresolved	
Chaussexpo	unresolved	
Hastha Katha	unresolved	
HASUNA	unresolved	
Hat Attack	unresolved	
Hat Junkie	unresolved	
Hatemoğlu	unresolved	
Hatley	unresolved	
Chatelles	unresolved	
Hats With Heart	unresolved	
Hattric	unresolved	
haupt shirts	unresolved	
CECIL McBEE	unresolved	
Chaud Marais	unresolved	
Cheeta Teamwear Pty Ltd	unresolved	
Charriol	unresolved	
Haus Laboratories	unresolved	
HAUS LABS BY LADY GAGA	unresolved	
Havaianas	unresolved	
Chelsea Peers	unresolved	
Havan	unresolved	
Haute Baby	unresolved	
Charlotte Russe	unresolved	
Havana Postale	unresolved	
Hazel & Folk	ats	greenhouse
Chateau De Suz	unresolved	
Chemist Confessions Inc.	unresolved	
Have A Look	unresolved	
Ches Editions	unresolved	
Havlíkova přírodní apotéka	unresolved	
Havu Watches Oy	unresolved	
Hawes & Curtis	unresolved	
chaYkra	unresolved	
Chevalier d’éon	unresolved	
Cheaney	unresolved	
Hawke	unresolved	
Hawkers	unresolved	
Hawkers estafadores	unresolved	
Hay Life	unresolved	
Hayley Menzies	unresolved	
Haze&Finn	unresolved	
Chelsea Bravo	unresolved	
Charlotte Tilbury Beauty	unresolved	
Chi Chi	unresolved	
Hazzys	unresolved	
HBFace	unresolved	
Head	unresolved	
Head Over Heels by Dune	unresolved	
Chiara Ferragni	unresolved	
HEAD SPORTS	unresolved	
Chella	unresolved	
Heady Made Apparel	unresolved	
Chet Lo	unresolved	
Heal Yes!	unresolved	
Heal's	unresolved	
Chic Le Frique	unresolved	
Healthknit	unresolved	
Chiban	unresolved	
HealthNaturally	unresolved	
Healthy Body Head to Toe	unresolved	
Chiccheria Brand	unresolved	
healthy hoohoo®	unresolved	
Chicco	unresolved	
Chevignon	unresolved	
HEAR ME RAW	unresolved	
Chick Lane	unresolved	
Heart And Soul	unresolved	
Heart's Desire Clothing	unresolved	
HEARTH	unresolved	
Chi Chi London	unresolved	
CHI	unresolved	
Hearth and Homestead LLC	unresolved	
Heartkiss	unresolved	
Chiemsee	unresolved	
Heather	unresolved	
Chaussea	generic	generic-listing
Heatkeeper	unresolved	
Heavenly Feet	unresolved	
Heavy Tools	unresolved	
Chiba Clothing	unresolved	
Hechter Paris	unresolved	
Hedgren	unresolved	
Hēdoïne	unresolved	
Heelys  Inc.	unresolved	
HeFang	unresolved	
Hego's Milano	unresolved	
Heavenly Hair Milk™	unresolved	
Chiarugi	unresolved	
Heidemann	unresolved	
heidi	unresolved	
Heidi Soto Designer	unresolved	
Heiko	unresolved	
Heilan Home	unresolved	
Heimat	unresolved	
Chie Mihara	unresolved	
Chemmanur International Jewellers	generic	generic-listing
heine	unresolved	
Chicor	unresolved	
Helen Kaminski	unresolved	
Helen McAlinden	unresolved	
Helena Lane Skincare	unresolved	
Chillax	unresolved	
CHIMI	unresolved	
Helene Galwas	unresolved	
Chico's	ats	workday
Heligrae	unresolved	
Heliot Emil	unresolved	
CHINA GOLD	unresolved	
Hellmuth	unresolved	
Hellenic Duty Free Shops	unresolved	
Hello Bello	unresolved	
Chiquelle	unresolved	
Hello Joyous	unresolved	
chiki buttah products	unresolved	
Chisholm Hunter	ats	smartrecruiters-whitelabel
Hello Nails	unresolved	
Hemmerle	ats	personio
Helly Hansen	unresolved	
Chika Kisada	unresolved	
Helly Hansen Japan	unresolved	
Helmut Lang	unresolved	
Helsama	unresolved	
Chilli Beans	unresolved	
Chloé Stora	unresolved	
Helvetica	unresolved	
Helzberg Diamonds	unresolved	
China Glaze	unresolved	
Chicorée Mode	generic	generic-listing
HEMA	unresolved	
HEMA	unresolved	
Hemant and Nandita	unresolved	
Chinese Laundry	unresolved	
Chopard	unresolved	
Hemen Biarritz	unresolved	
Hemington	unresolved	
Cholewiński	unresolved	
Hemper	unresolved	
HempLucid	unresolved	
Hempmania	unresolved	
Chinti & Parker	unresolved	
Hemptique	unresolved	
Chow Sang Sang	unresolved	
Chorus Supernatural	unresolved	
Hemptopia	unresolved	
Hempy's	unresolved	
Hempz	unresolved	
Henderson	unresolved	
Hengst Footwear	unresolved	
Henna Color Lab®	unresolved	
ChowTaiSeng	unresolved	
Henné Organics	unresolved	
Henri Lloyd	unresolved	
CHNGE	unresolved	
Henriette Steffensen	unresolved	
Henrik Vibskov	unresolved	
Henry Christ	unresolved	
Henry Rose	unresolved	
Her Mannerisms	unresolved	
HERALBONY	unresolved	
CHIUSHUI	unresolved	
Herbaceous Hair and Skin	unresolved	
Chopova Lowena	unresolved	
Herbal Clinic	unresolved	
Herbitual	unresolved	
Hender Scheme	unresolved	
Herdentier	unresolved	
Chloé	unresolved	
Hereness	unresolved	
CHPO	unresolved	
HeRIN.CYE	unresolved	
Christian Philip	unresolved	
Hering	unresolved	
Hero Seven	ats	wttj
Herbivore Botanicals	unresolved	
Christian Wijnants	unresolved	
Hermine Hold	unresolved	
Chris Cayne	unresolved	
CHOW TAI FOOK	unresolved	
Herd Tallow	unresolved	
hernest project	unresolved	
Herno	unresolved	
CHRIST	unresolved	
Christine Lingerie	unresolved	
Heroes on Socks	unresolved	
Héroïnes Paris	unresolved	
Heretic	unresolved	
Heron Preston	unresolved	
Christian Audette	unresolved	
Herrlicher	unresolved	
Herschel	unresolved	
Herschel Supply Co.	unresolved	
HERTH	unresolved	
HERVE LEGER	unresolved	
Hervis	unresolved	
Christine LAURE	unresolved	
Herzog & Bräuer	unresolved	
Hesper Fox	unresolved	
Hessnatur	unresolved	
Hermina Athens	unresolved	
Hestra	unresolved	
Hetty Friedman Designs	unresolved	
HEXELINE	unresolved	
Christina Krämer	unresolved	
Hey Gang	unresolved	
Christian Louboutin	unresolved	
Hey Honey	unresolved	
Hey Honey	unresolved	
Hey Marly	unresolved	
Hey Sugar Fragrance Co.	unresolved	
HEYANNO	unresolved	
Chipmunks	unresolved	
HeyBode	unresolved	
Christian Siriano	unresolved	
Heyday	unresolved	
HEYDUDE	unresolved	
HI LO The Label	unresolved	
Christopher John Rogers	unresolved	
Hi-Life	unresolved	
Hi-Tec	unresolved	
Hi-Tec Japan	unresolved	
Hiamond	unresolved	
Christopher Kane	unresolved	
Hiatus Retail Chain	unresolved	
HiBAR	unresolved	
Hibbett Sports	unresolved	
Hickies	unresolved	
Christopher & Banks	unresolved	
Hidden Treasure Soap	unresolved	
HIDDEN WHITE	unresolved	
Hide&Jack	unresolved	
chillouts	unresolved	
Hidesign	unresolved	
Christy Dawn	unresolved	
High On Love	unresolved	
HIGH SOCIETY	unresolved	
CHUDA SKINCARE	unresolved	
High Springs Leather	unresolved	
Chromat	unresolved	
High Vibe Aromatics	unresolved	
Chumbak	unresolved	
Chrome Hearts	unresolved	
Highbrow Hippie	unresolved	
HighCiti	unresolved	
Hindbag	ats	wttj
HIKARI underwear	unresolved	
Hikesity	unresolved	
Church's	unresolved	
Hilana Upcycled Cotton	unresolved	
Hilary MacMillan	unresolved	
Hilde Soliani	unresolved	
Chronotope	unresolved	
Hill & Friends	unresolved	
Hills Hats	unresolved	
Hilo de Mar	unresolved	
HIMA	unresolved	
Himalaya Clothing	unresolved	
Chrome	ats	greenhouse
Hip Shoe Style	unresolved	
Chut! INTIMATES	unresolved	
HIPANEMA	unresolved	
Hippie Soul Candle Shop	unresolved	
hippirhino	unresolved	
Hive & Colony	ats	greenhouse
Hirmer	unresolved	
Hiroshima Mitsukoshi	unresolved	
Chucker Fly Apparel	unresolved	
Hiroshima Sogo	unresolved	
Hirume	unresolved	
HiRuna Designs	unresolved	
Hiso	unresolved	
Hispanitas	unresolved	
Histoire d'Or	unresolved	
Histoires de Parfums	unresolved	
CIAOPANIC	unresolved	
Hiut Denim Co	unresolved	
Hoff	ats	personio
HLA	unresolved	
HnP	unresolved	
Ciciban	unresolved	
HNST	unresolved	
HobaCare Baby	unresolved	
Hobbs	unresolved	
CIDER	unresolved	
Cie Malibu	ats	greenhouse
HobaCare Jojoba	unresolved	
Hobbs London	unresolved	
Ciele Athletics	unresolved	
Hobo and Hatch	unresolved	
Hockerty	unresolved	
HOCOSA	unresolved	
HOdo	unresolved	
Christopher Hanlon	unresolved	
Hofleverancier Kattenburg	unresolved	
Hofmann Copenhagen	unresolved	
Hogan	unresolved	
Cienta	unresolved	
Högl	unresolved	
HOIA homespa	unresolved	
HOKA	unresolved	
Cibadol	unresolved	
Cia do Terno	unresolved	
Hoka One One	unresolved	
Hold Supply	unresolved	
Holden	unresolved	
Holding Court	unresolved	
Holiday The Label	unresolved	
HOLIFROG	unresolved	
Holistic Body Care LLC	unresolved	
CIELVAA	unresolved	
Hollister	unresolved	
HollyBeth Organics	unresolved	
HOLLYGHOST	unresolved	
Holy Shit	unresolved	
Holy Skin	unresolved	
HONE	ats	greenhouse
Holzweiler	unresolved	
Home Spa Collection	unresolved	
Ciganka - Artforms from Nature	unresolved	
CHUMS Japan	unresolved	
Honey Birdette	ats	teamtailor
Home~Pourri	unresolved	
Homebody	unresolved	
Cilveti	unresolved	
homeboy	unresolved	
Homecourt	unresolved	
Homeplus	unresolved	
Honor	ats	greenhouse
Homesolv	unresolved	
Honor The House Beauty	ats	greenhouse
HoMie	unresolved	
HOMMEFACE	unresolved	
HOMMEGIRLS	unresolved	
Hook and Rope	ats	greenhouse
Honest Basics	unresolved	
Honestly pHresh	unresolved	
Honey Cake Tiger	unresolved	
Cingomma	unresolved	
Honey Punch	unresolved	
Honeybee Gardens	unresolved	
Honeylove	unresolved	
CHYLAK	unresolved	
Honeys	unresolved	
CINQUE	unresolved	
Cinnao	unresolved	
Hoodies	unresolved	
Hoodlum Fang	unresolved	
Hoodrich	unresolved	
Christine Valmy Inc.	unresolved	
Circle Sportswear	unresolved	
Hooké	unresolved	
CIPO & BAXX	unresolved	
Hööks Hästsport	unresolved	
Hoopers	unresolved	
Cirrus Parfum	unresolved	
HOOPLA®	unresolved	
Hopaal	unresolved	
Hope	unresolved	
Hope & Henry	unresolved	
CINEMA CLUB	unresolved	
Hope & Ivy	unresolved	
Hope Stockholm	unresolved	
Hopeless Lingerie	unresolved	
HOPESHOW	unresolved	
Hoppidi Handmade	unresolved	
Horitoki	unresolved	
Circus NY	unresolved	
HORIZN Studios	unresolved	
Horizon Athletic	unresolved	
Horlogerie Viot	unresolved	
Horus X	unresolved	
Hosbjerg	unresolved	
Circle of Trust	unresolved	
HOSTOYO	unresolved	
Hot Lava	unresolved	
Citi Trends	unresolved	
HOT LIKE ME	unresolved	
Circles and Cycles	unresolved	
Circle of Gentlemen	unresolved	
HOT MAGIC	unresolved	
Circle Creations	unresolved	
Hot Soles	unresolved	
Hot Tools	unresolved	
Hot Topic	unresolved	
Hotiç	unresolved	
Citizens Humanity	unresolved	
Hotmilk Lingerie	unresolved	
Citizens of Humanity	unresolved	
HotSquash	unresolved	
Hotter	unresolved	
Ciso	unresolved	
Houdini	unresolved	
Citra Solv	unresolved	
City Beach	ats	successfactors
House	unresolved	
City Beauty	ats	greenhouse
House of Afangaro	unresolved	
Citrus on Main	unresolved	
HOUSE OF ARTISTS	unresolved	
Cissi Och Selma	unresolved	
HOUSE OF BERGISCH	unresolved	
House of CB	unresolved	
House of Dagmar	unresolved	
House of Elysia	unresolved	
House of Emanuel Ungaro	unresolved	
House of Falguni	unresolved	
City Shirt Co	unresolved	
City Chic	unresolved	
House of Fraser	unresolved	
House of Gravity	unresolved	
House of Hatters	unresolved	
Citizen Wolf	unresolved	
House of Holland	unresolved	
Chufy	unresolved	
House of Hoops	unresolved	
House of Hounds	unresolved	
House of James	unresolved	
House of Jamie	unresolved	
House of Lashes	unresolved	
ck Calvin Klein	unresolved	
House of Mahina	unresolved	
House of Mammoth	unresolved	
House of Potentia	unresolved	
House of Quadri	unresolved	
House of Saki	unresolved	
House of Sunny	unresolved	
House of Turkmen	unresolved	
HUBER	ats	personio
House Of Tweed	unresolved	
Huber Shop	ats	personio
House of Useless	unresolved	
Citron Vert	unresolved	
HoutBrox	unresolved	
Howies	unresolved	
Howlin'	unresolved	
City Chain	unresolved	
HSUNAMÏ	unresolved	
Hoya Paris	unresolved	
Hozen	unresolved	
Hua Seng Heng	unresolved	
Cklass	unresolved	
Huajian Group	unresolved	
HUB Footwear	unresolved	
Hudson	unresolved	
Hublot	unresolved	
Citizen Watch	generic	generic-listing
Hudson London	unresolved	
CityZen	unresolved	
hueLe Museum	unresolved	
Hug & Clau	ats	smartrecruiters-whitelabel
Huella	unresolved	
Clae	unresolved	
HUF	unresolved	
Claesen's	unresolved	
HUF	unresolved	
Claire Woman	unresolved	
Huffer	unresolved	
CHUU	unresolved	
CKS	unresolved	
Hudson Jeans	unresolved	
Hugo Boss	unresolved	
Hul le Kes	unresolved	
Claire's	unresolved	
HULTQUIST-COPENHAGEN	unresolved	
HUMAN MADE	unresolved	
Human Nation	unresolved	
CL	unresolved	
CITYCHAMP WATCH & JEWELLERY	unresolved	
human woman	unresolved	
CJ Schmidt	generic	generic-listing
Humana People to People	unresolved	
Claq	unresolved	
Clara's New York	ats	greenhouse
Humanoid	ats	wttj
HUMANIC	unresolved	
Clark's Botanicals	ats	personio
Humanrace	unresolved	
Clarkson Eyecare	ats	greenhouse
Humble Baby Goods	unresolved	
Humble Brands	unresolved	
Humanist Beauty	unresolved	
hume supernatural	unresolved	
Humble Chic	unresolved	
Hummel Fashion	unresolved	
Hummer	unresolved	
Hummel International	unresolved	
Classic Sheepskins	unresolved	
Huna Skin Inc	unresolved	
HUND HUND	unresolved	
Hundred Pieces	unresolved	
Classics77	unresolved	
Hunkemöller	unresolved	
Hunkydory	unresolved	
Clan de Banlieue	unresolved	
Hunter	unresolved	
Hush	ats	lever
Hunter ORIGINAL	unresolved	
Hunterson	unresolved	
Hunza G	unresolved	
Hunting Season	unresolved	
Hush & Hush	ats	lever
Huppy	unresolved	
Hurley	unresolved	
Hush Puppies	ats	lever
HUSHD	ats	smartrecruiters-whitelabel
Claudia Canova	unresolved	
Clarks	unresolved	
Huron	unresolved	
clariSEA	unresolved	
Hustle Butter	ats	teamtailor
HURR	unresolved	
Classic Cotton Co	unresolved	
husbands paris	unresolved	
Classic All Blacks	unresolved	
HUSKY CZ	unresolved	
Hust & Claire	unresolved	
Huttelihut	unresolved	
HV Society	unresolved	
Hv.Polo	unresolved	
HVISK	unresolved	
Claudia Sträter	unresolved	
Hvman Chosen to Prevail	unresolved	
HXTN Supply	unresolved	
Hybrid Green Label	unresolved	
Claudie Pierlot	unresolved	
Classyandfabulous Jewelry	unresolved	
Hyde Wares	unresolved	
Claudio Civitico	unresolved	
Hyer Goods	unresolved	
HYKE	unresolved	
Hylamide	unresolved	
Hylton	unresolved	
Hylo Athletics	unresolved	
Hypothesis	unresolved	
Hynt Beauty	unresolved	
CLANE	unresolved	
HYSTERIC GLAMOUR	unresolved	
HYTEST	unresolved	
Hyundai Department Store	unresolved	
I AM Skincare for Men	unresolved	
CLAUDIA LI	unresolved	
I Luv It	unresolved	
Clayton	unresolved	
Clamp	unresolved	
I Pekar	unresolved	
I Too Fashion	unresolved	
I was a Sari	unresolved	
I.AM.GIA	unresolved	
Clean + Easy	unresolved	
i.am+	unresolved	
Claudia Firenze	unresolved	
I.CODE	unresolved	
Clean Beauty by Joy	unresolved	
ICE WATCH	ats	wttj
I.N.C International Concepts	unresolved	
IanaLana	unresolved	
Claudio Lugli	unresolved	
IBANA	unresolved	
Clay and Olive Skincare	unresolved	
IBD	unresolved	
Claudia Dean World	unresolved	
IBEN	unresolved	
iBlues	unresolved	
İç Giyim Özel	unresolved	
Ibex	unresolved	
Clean Rebellion	unresolved	
Cisalfa Sport	unresolved	
IC Group	unresolved	
Ice Online	unresolved	
Cle Cosmetics	unresolved	
CleanBoss	unresolved	
Icad Universe	unresolved	
Cleancult	unresolved	
Iceberg	unresolved	
Claudio Ferrici	unresolved	
Clean Age	unresolved	
Icebreaker	unresolved	
Clear Label Skincare	ats	greenhouse
Icebox	unresolved	
Icebreaker	unresolved	
Icebug	unresolved	
Clear Beauty	unresolved	
Icebug Aktiebolag	unresolved	
Clear Conscience	unresolved	
Icepeak	unresolved	
Clemedy	unresolved	
ichcha	unresolved	
Clean Beauty Collective	unresolved	
ICHI	unresolved	
Icon Brand	ats	recruitee
Cleo	ats	greenhouse
ClearSPF	unresolved	
Clements Ribeiro	unresolved	
ichi	unresolved	
Ici Paris	unresolved	
Clean Kids Naturally	unresolved	
Icicle	unresolved	
Clean Glow Co.	unresolved	
ICI Paris XL	unresolved	
Icing	unresolved	
Icing on the Face	unresolved	
Clear Visage	ats	greenhouse
Clean Kiss	unresolved	
ick.	unresolved	
Icke Berlin	unresolved	
ICNK Amsterdam	unresolved	
ID Fine	unresolved	
Icon Eyewear	ats	recruitee
igi natur	ats	smartrecruiters-whitelabel
ID.EIGHT	unresolved	
iDeal of Sweden	unresolved	
Clinique Laboratories  LLC	unresolved	
Identity	unresolved	
IDentity Lingerie	unresolved	
Idexe	unresolved	
IDI CLOTHING	unresolved	
Clio Goldbrenner	unresolved	
Idle	unresolved	
Cleo+Coco	unresolved	
IDOLBEAUTY	unresolved	
Igor	unresolved	
Iheart	unresolved	
IKAZZ	unresolved	
ikka	unresolved	
CleanGo GreenGo Inc.	unresolved	
IGK LLC	unresolved	
Cleverman	unresolved	
IKKHO	unresolved	
IKKS	unresolved	
IKUKO	unresolved	
Clodi	unresolved	
Il Bisonte	unresolved	
Il Bussetto	unresolved	
ILIA	ats	greenhouse
Il Granchio Collection	unresolved	
Cloe Cassandro	unresolved	
IL GRANCHIO SPORT	unresolved	
Iduna Group	unresolved	
CLMX	unresolved	
Il Gufo	unresolved	
Il Makiage	unresolved	
Cloak	unresolved	
Ilag	unresolved	
CLOSED	ats	personio
ILC	unresolved	
Clinexil	unresolved	
ile de beaute	unresolved	
Ilé Olomu	unresolved	
cliganic	unresolved	
ILEYED	unresolved	
imi's	ats	greenhouse
CLOSSHI	unresolved	
Ilja	unresolved	
illicit curls	unresolved	
Iles Formula	unresolved	
Illumia skincare products	unresolved	
clocks and colours	unresolved	
ilovemixtapes	unresolved	
Cleobella	unresolved	
Cloud9	ats	greenhouse
ILSE JACOBSEN HORNBÆK	unresolved	
Ilusión	unresolved	
Cloud Haircare	unresolved	
ILYSM	unresolved	
Cloudveil	unresolved	
Imaginary Authors	unresolved	
IMAIMA	unresolved	
CLOUDY	unresolved	
Immaculate Anti-Aging Skincare	unresolved	
Immigrant Apparel	unresolved	
Immaculate Minerals	unresolved	
Cloverpost	unresolved	
Imogen's Imagination	unresolved	
Impacto Activewear Sustentável	unresolved	
Closure London	unresolved	
Impares	unresolved	
Imperfect Pointes	unresolved	
Imperial	unresolved	
Club 24	unresolved	
Imperial Riding	unresolved	
IMEAN BEAUTY	unresolved	
Impossible Kicks	unresolved	
CLOROFILA	unresolved	
Immortal Perfumes	unresolved	
Club Champion	unresolved	
Club L London	ats	teamtailor
IN VIVO	ats	wttj
Impulso	unresolved	
Imps&Elfs	unresolved	
In Blue Handmade	unresolved	
In Corio	unresolved	
In Gold We Trust	unresolved	
In The Soulshine	unresolved	
In2Green	unresolved	
Clover & Ide	unresolved	
Imperial Uomo	unresolved	
In The Style	unresolved	
Ina Kent	unresolved	
Ina Kess	unresolved	
Club Manhattan	unresolved	
Cloth & Co.	unresolved	
Import Parfumerie	unresolved	
Clic! Shoes	unresolved	
INA Style	unresolved	
Inamorata	unresolved	
Cloré Beauty Supply	generic	generic-listing
Clothing Junction	unresolved	
INAMORE	unresolved	
Club Monaco	ats	greenhouse
Club Chainstitch	unresolved	
INASKA SWIMWEAR	unresolved	
Club Knit	unresolved	
Indigo Sun	ats	greenhouse
Indego Africa	unresolved	
Club L' avenir	unresolved	
indi & cold	unresolved	
Inch Wormalley	unresolved	
INDEE	unresolved	
Indian Institute of Cosmetology  Trichology & Nutrition	unresolved	
IndiArts Collective	unresolved	
iNDiViDUALS Studio	ats	smartrecruiters-whitelabel
indicia	unresolved	
INDICODE JEANS	unresolved	
Indie Lee & Co.	unresolved	
Indiebride	unresolved	
Indigenous	unresolved	
indikidual	unresolved	
indilisi	unresolved	
Indiska	unresolved	
Inditex	unresolved	
INDIVI	unresolved	
Infuse	ats	greenhouse
Individni	unresolved	
Indochino	unresolved	
Indosole	unresolved	
Indosole	unresolved	
Clubman	unresolved	
Industrie	unresolved	
club of comfort	unresolved	
Club Voltaire	unresolved	
Industry of All Nations	unresolved	
Ines de la Fressange	unresolved	
Coach	ats	wttj
Infanteenie Beenie	unresolved	
Infantium Victoria	unresolved	
Co'Couture	unresolved	
Club Moda USA	unresolved	
Coast	ats	greenhouse
Infinite Beauti Holistic Wellness	unresolved	
InfiniteAloe	unresolved	
Coachtopia	unresolved	
INGLOT Bangladesh	unresolved	
Co Exist	unresolved	
Inglot cosmetics	unresolved	
INGMARSON	unresolved	
Ingreendients	unresolved	
Cobblestone Living	unresolved	
INGROSSO ITALY	unresolved	
Ingugu	unresolved	
INH Hair	unresolved	
Inhabited Art	unresolved	
Initio	unresolved	
Coccodrillo	unresolved	
Cmeo Collective	generic	generic-listing
Innisfree	ats	smartrecruiters-whitelabel
Inis Meáin	unresolved	
CMP	unresolved	
Coclico	unresolved	
Inkspoon	unresolved	
Ink Kare	unresolved	
iNO	ats	greenhouse
INKED BY DANI	unresolved	
Coco D'Este	unresolved	
Inland Grove	unresolved	
Inlight Organic Skincare	unresolved	
inman	unresolved	
CoCo Verdure	unresolved	
Inspired Sense	ats	personio
INMINDSEYE	unresolved	
Innate Organic Body	unresolved	
Coastal Classic Creations	unresolved	
Cocoa by CeCe	unresolved	
INNO	unresolved	
Innersense Organic Beauty	unresolved	
COCOJOJO	unresolved	
Innocentia	unresolved	
CoCoDot Affection	unresolved	
Coalatree	unresolved	
InModa Pellicceria	unresolved	
Cocolab	unresolved	
INNOVÉ Beauty & Wellness	unresolved	
Inoue	unresolved	
Inouitoosh	unresolved	
COBRAELEVEN	unresolved	
Inov-8	unresolved	
INSIDE	unresolved	
Instaflex	unresolved	
Coco Shop	unresolved	
Instru optiikka	unresolved	
InstantFigure	unresolved	
Cocorrina	unresolved	
InSystemOut	unresolved	
Intelligent Nutrients	unresolved	
International Clothiers	unresolved	
Cocoon Kapas	ats	greenhouse
International Watch Company	unresolved	
Interparfums	unresolved	
COCOSHNIK	unresolved	
Interparfums Usa Llc	unresolved	
INTERSPORT	unresolved	
Catar Cottega	unresolved	
Intersport Elverys	unresolved	
CoconuTacha	unresolved	
Coco & Kandy	unresolved	
Inti Knitwear	unresolved	
Intimissimi	unresolved	
Intimissimi Uomo	unresolved	
Codex Labs Corporation	ats	personio
Intrend	unresolved	
INUIKII	unresolved	
Inuovo	unresolved	
INTERTOP	unresolved	
ION	ats	lever
Codex Labs	ats	personio
Intimo	unresolved	
Cocomera	unresolved	
Invicta	unresolved	
cocokind	unresolved	
Invicta	unresolved	
Invicta Watch Group	unresolved	
Invidia	unresolved	
Cocosolis	unresolved	
InWear	unresolved	
Coccinelle	unresolved	
INYATI	unresolved	
Ionessi	unresolved	
IOKA Skin+Science	unresolved	
iOTA	unresolved	
Codello	unresolved	
İpekyol	unresolved	
Ipanema	unresolved	
Ioaku	unresolved	
Iphoria Design	unresolved	
IPPOLITA	unresolved	
Cohen's Fashion Optical	unresolved	
IRIS	ats	greenhouse
Ipra Fragrances	unresolved	
Iris Janvier	ats	greenhouse
Ipsy	unresolved	
Iris Lingerie	ats	greenhouse
iQ UV	unresolved	
Iris&Romeo	ats	greenhouse
Coin	unresolved	
iQuaneye	unresolved	
IRA FAHRENHEIT	unresolved	
Isa Boulder	ats	greenhouse
Iredale Cosmetics  Inc.	unresolved	
Isaac Reina	ats	greenhouse
Irene Luft	unresolved	
COG	unresolved	
IRERI	unresolved	
Irevedì	unresolved	
Iridescent Earth	unresolved	
coen	unresolved	
Ĭsa Knox	ats	greenhouse
IRIEDAILY	unresolved	
Irlandi	unresolved	
IRO	unresolved	
Colchester Rubber Co	unresolved	
IRO IRO	unresolved	
IRON HEART	unresolved	
Code	unresolved	
cofucu	unresolved	
ISABEE	unresolved	
Isabel Lennse	unresolved	
Isabella Rhea	unresolved	
Isabel Marant	unresolved	
Isabella's Clearly	unresolved	
ISABELLE VARIN	unresolved	
Colette	unresolved	
Isadore Apparel	unresolved	
Isaia	unresolved	
Colette by Colette Hayman	unresolved	
ISANE IN THE RAIN	unresolved	
Isbjörn of Sweden	unresolved	
CLEOR	unresolved	
Isetan	unresolved	
Colchik	unresolved	
Isetan Urawa Store	unresolved	
Ishkar	unresolved	
Colette Schilde	unresolved	
Isilk	unresolved	
cognomen	unresolved	
isima	unresolved	
ISLA	unresolved	
Isla Ibiza	unresolved	
Isla In Bloom	unresolved	
It's Fashion	ats	smartrecruiters-whitelabel
Isla Lune	unresolved	
Colcci	unresolved	
Isleñas	unresolved	
Clumpy's	unresolved	
ISOLDA	unresolved	
Isosceles Lingerie	unresolved	
Issey Miyake	unresolved	
ISTO.	unresolved	
Cognitive Surplus	generic	generic-listing
IT Cosmetics	unresolved	
it’REAL	unresolved	
It's A 10 Haircare	unresolved	
ColieCo	unresolved	
It's Essential	unresolved	
It's The Balm Diggity	unresolved	
Collegium	unresolved	
Collection Genesis	unresolved	
ITALEAU	unresolved	
Italia Independent	unresolved	
Isona Linen	unresolved	
Italia Independent Group	unresolved	
Cole Haan	unresolved	
ITS'DEMO	ats	greenhouse
Italian Fashion by Guazzone	unresolved	
ItalianBeltCompany	unresolved	
ITALYSHOP24	unresolved	
Collection of Style	unresolved	
Italy in Cashmere	unresolved	
Item M6	unresolved	
Items14	unresolved	
ITKORI	unresolved	
Collectiq Clothing	unresolved	
Ito Uroko	unresolved	
itobanashi	unresolved	
Colorado Threads	unresolved	
Collectif London	unresolved	
COLE BUXTON	generic	generic-listing
itStyle	unresolved	
Ivan Troy	unresolved	
Ivanhoe of Sweden	unresolved	
Ivanovo Parachute Plant	unresolved	
Ivey Abitz	unresolved	
Ivi Collection	unresolved	
ITP Beauty	unresolved	
Colloseum	unresolved	
IVI Ryo Corporation	unresolved	
Collina Strada	unresolved	
IVKO Woman	unresolved	
Colorful Standard	unresolved	
Ivory & Chain	unresolved	
IVY OAK	unresolved	
Ivylee Copenhagen	unresolved	
IVY Copenhagen	unresolved	
IXIAH	unresolved	
Iwataya	unresolved	
iXXXi JEWELRY	unresolved	
iXXXi Men	unresolved	
IYÜ Sunglasses	unresolved	
ColorpHlex	unresolved	
Izabel Camille	unresolved	
IZAC	unresolved	
IZAC	unresolved	
IZAYLA	unresolved	
IZIA	unresolved	
Ivory Ella	unresolved	
Colors of California	unresolved	
IZOD	unresolved	
Colmar Originals	generic	generic-listing
Ivy & Elder	unresolved	
Izod	unresolved	
Colorsmith	unresolved	
Columbia	ats	wttj
Izutsuya	unresolved	
Collectors Club	unresolved	
Colours & Beauty	unresolved	
Colorful Rebel	unresolved	
COLOURS & SONS	unresolved	
J Brand	unresolved	
J-Scent	unresolved	
Columbia Sportswear	ats	wttj
J. Crew Factory	unresolved	
J. Hannah	unresolved	
J. McLaughlin	unresolved	
J.Cat Beauty	unresolved	
J.Crew	unresolved	
Come Back As A Flower	unresolved	
Comfy Copenhagen	unresolved	
J.D.V	unresolved	
Colourful Rebel	unresolved	
J.LAURANT	unresolved	
J.Lindeberg	unresolved	
ColourPop Cosmetics	unresolved	
J Label	unresolved	
J.Lindeberg	unresolved	
J.O. Milano	unresolved	
J.M. Weston	unresolved	
J.Ploenes	unresolved	
J.Jill	unresolved	
J.PRESS	unresolved	
COMAZO	unresolved	
J.C. Rags	unresolved	
J.R. Watkins	unresolved	
COMEFORBREAKFAST	unresolved	
J'Aton Couture	unresolved	
J.U.S Parfums	unresolved	
Color Street	ats	greenhouse
J&JOY	unresolved	
Come On	unresolved	
Cofur Denmark	unresolved	
Jabeenz	unresolved	
jac + mooki	unresolved	
COMME CA	unresolved	
Jacadi	unresolved	
Comfyballs	unresolved	
Jacaru Australia	unresolved	
Common Ground®	unresolved	
Community Clothing	ats	greenhouse
Jack & Jones	unresolved	
Jack Bunny!!	unresolved	
comma	unresolved	
Jack Henry	unresolved	
Jack In A Bag	unresolved	
Jack London	unresolved	
Jack59	unresolved	
Jack Wolfskin	unresolved	
Jackalo	unresolved	
Jackfir	unresolved	
Jack Wills	unresolved	
Jacksons	unresolved	
JACKY	unresolved	
Jacky And Family	unresolved	
Command Cosmetics	unresolved	
Jacky Luxury	unresolved	
Jacob Cohën	unresolved	
commence	unresolved	
Jacotte Tricote	unresolved	
Comme des Garçons	unresolved	
JACQ	unresolved	
JACQUEMUS	unresolved	
JACQUELINE de YONG	unresolved	
Jacques Lemans	unresolved	
Communion Botanicals	unresolved	
Jacqui E	unresolved	
Jacques Levine	unresolved	
Jadé Complexions	unresolved	
Compagnia Italiana	unresolved	
Jade Cropper	unresolved	
Jade Swim	unresolved	
Comprehensive Cranium Care®	unresolved	
JAEGER	ats	recruitee
Jaeger-LeCoultre	ats	recruitee
Comptoir des Cotonniers	unresolved	
jaded london	unresolved	
Jacquie Aiche	unresolved	
COMOLI	unresolved	
Jaffic	unresolved	
Jaguar Watches	ats	personio
JAG	unresolved	
Jaggad	unresolved	
Companion Denim	unresolved	
ComposeRx	unresolved	
JAG	unresolved	
Jadu Beauty	unresolved	
JAKKE	unresolved	
Companeros	generic	generic-listing
Jako	unresolved	
JAKO-O	unresolved	
JALINE RESORT	unresolved	
JAM Clothing	unresolved	
COMUNITYmade	unresolved	
Colin's Jeans	unresolved	
James Lock & Co. Ltd	unresolved	
James Avery Artisan Jewelry	unresolved	
Jamido	unresolved	
Jamie + The Jones	unresolved	
James Perse	unresolved	
Jamie Kay	unresolved	
Conbipel	unresolved	
Jamie Makeup	unresolved	
Comtessa	unresolved	
JAN ‘N JUNE	unresolved	
Jan Hilmer	unresolved	
Jamnatura	unresolved	
jan vanderstorm	unresolved	
Jan Jansen	unresolved	
Commando	unresolved	
JAN-JAN VAN ESSCHE	unresolved	
Conscious Step	unresolved	
Jana	unresolved	
Jane	unresolved	
Conquista	unresolved	
Japan TKY	ats	greenhouse
Jane Carr	unresolved	
Jane Kønig	unresolved	
Concreted	unresolved	
Jane Lushka	unresolved	
janegee	unresolved	
Janessa Leoné	unresolved	
Janice	unresolved	
Janie and Jack	unresolved	
Conchisa	unresolved	
Janin Handbags	unresolved	
JANSEN Amsterdam	unresolved	
JanSport	unresolved	
JANTZEN	unresolved	
Jared	unresolved	
Contém1g	unresolved	
JARLO	unresolved	
Conscience Designs	unresolved	
Jay Jays	ats	greenhouse
Conscious the label	unresolved	
Jarod-Pi	unresolved	
JARED THE GALLERIA OF JEWELRY	unresolved	
Jasmil	unresolved	
Jascha Stockholm	unresolved	
Consenso	unresolved	
Jasper Conran	unresolved	
Jasper Hearts Wren	unresolved	
Javier Simorra	unresolved	
Jax & Bard Shoes	unresolved	
Jaxon Lane	unresolved	
JAYLEY COLLECTION	unresolved	
JD Sports	ats	greenhouse
Jaz	unresolved	
Jazmine Beauty	unresolved	
Constance (shoes brand)	unresolved	
JB Greek	unresolved	
JB Martin	unresolved	
JBC	unresolved	
JBS	unresolved	
Contessa Volpi	unresolved	
JC Sophie	unresolved	
JB SKRUB	unresolved	
Jeans Centre	ats	recruitee
JCPenney	unresolved	
Connor	generic	generic-listing
JCC	unresolved	
JD Jeffrey Dame Fragrance	unresolved	
Conrado	unresolved	
JDY	unresolved	
Jean Louis Mahé	unresolved	
Jean Marc Paris	unresolved	
Jean Perret	unresolved	
JEANASIS	unresolved	
Convenience Wear	unresolved	
Jeanerica	unresolved	
Continent Clothing	unresolved	
Jeanne Vouland	unresolved	
Control Corrective Skincare Systems	unresolved	
Contempo	unresolved	
Converse	unresolved	
Jeans Fritz	unresolved	
Jeans Mate	unresolved	
Jeanswest	unresolved	
Contrapposto	unresolved	
Jecca Blac	unresolved	
Coolawoola	unresolved	
Jeep	unresolved	
Constantin Weisz	unresolved	
Jeepers Peepers	unresolved	
JEFF	unresolved	
CoolCat	unresolved	
Jeffery West	unresolved	
Contradictions in ILK	unresolved	
Coop City	unresolved	
Jeffrey Campbell	unresolved	
Jelmoli	unresolved	
Jeffree Star Cosmetics	unresolved	
Cop Copine	unresolved	
Jelt	unresolved	
JEM	unresolved	
JEMIMASARA	unresolved	
Copdi	unresolved	
JENEST	unresolved	
Jenette Skin Care	unresolved	
Coogi	unresolved	
JENNIFER BEHR	unresolved	
Jennifer Chamandi	unresolved	
Jennifer Fisher	unresolved	
Jérôme Dreyfuss	ats	wttj
Jennifer Ritz	unresolved	
Coppel	unresolved	
Jenny Packham	unresolved	
Jenny Sibthorp	unresolved	
Jenny Yoo	unresolved	
Consigned	unresolved	
Jensen	unresolved	
Jeordie's	unresolved	
Coq en Pâte	unresolved	
Converse Japan	unresolved	
Jequiti	unresolved	
Jerem	unresolved	
Jeroboam Paris	unresolved	
Jess & Tilly	unresolved	
Coral Sun	unresolved	
COOPH	unresolved	
Jessica Simpson	unresolved	
COPA	unresolved	
JESSYLINE	unresolved	
Jet	unresolved	
JETLAG	unresolved	
Cordwainer	unresolved	
COPERNI	unresolved	
JETS BY JESSIKA ALLEN	unresolved	
JETS Swimwear	unresolved	
Continew	unresolved	
JETSET	unresolved	
Copper Fox 1998	unresolved	
JETTE	unresolved	
Jeuneora	unresolved	
Jeunesse Global	unresolved	
COREM	unresolved	
Jewel Cafe	unresolved	
Jewel Tree London	unresolved	
Jewelina	unresolved	
JEWELRIA	unresolved	
Jewells	ats	teamtailor
Jewlr	unresolved	
Common Projects	unresolved	
Jhalani and Sons	unresolved	
Cordon Sport Berlin	unresolved	
Cordani	unresolved	
Jia Jia	unresolved	
Ji Won Choi	unresolved	
JiaoXia	unresolved	
Jigsaw	unresolved	
Jil Sander	unresolved	
JILL by JILL STUART	unresolved	
Jillian Boustred	unresolved	
Jilly Designs	unresolved	
Jim Rickey	unresolved	
Jimmy Choo	unresolved	
Jimmy Fairly	unresolved	
Jimmy Key	unresolved	
Core Cosmetic	unresolved	
Jin Zhi Zun	unresolved	
Cordera	unresolved	
Jinhua Loyal Crafts Co.  Ltd.	unresolved	
Jins	unresolved	
JINS	unresolved	
jitrois.	unresolved	
JiuSuiBan	unresolved	
CorkHouse	unresolved	
Jiva Organics	unresolved	
Jivanas	unresolved	
Jiwya	unresolved	
COOHEM	unresolved	
JJ Footwear	unresolved	
JLO Beauty	unresolved	
JNBY	unresolved	
Corinne	unresolved	
Corkor	unresolved	
Corîu	generic	generic-listing
JNS	unresolved	
Jo Ghost	unresolved	
Joe Fresh	ats	smartrecruiters-whitelabel
Jo Malone	unresolved	
Cork Culture	unresolved	
Jo Malone London	unresolved	
Corsia	unresolved	
Joaillerie Guerin	unresolved	
Joanie	unresolved	
Joanna Vargas	unresolved	
jōB Cosmetics Hawai'i	unresolved	
Cornelia Webb	unresolved	
Corks and Bubbles	unresolved	
Jochie International	unresolved	
Jockey	unresolved	
Jockey	unresolved	
Corneliani	unresolved	
Corteiz	unresolved	
Joe Boxer	unresolved	
Joe Merino	unresolved	
Corum	ats	wttj
Chong Hing Jewelers	unresolved	
Joe's Toes	unresolved	
Copenhagen Studios	unresolved	
Joeleen Torvick	unresolved	
CORPUS	unresolved	
John Henric	ats	teamtailor
COS	unresolved	
JOEONE	unresolved	
Johanna Ortiz	unresolved	
Johann Maria Farina gegenüber dem Jülichs-Platz	unresolved	
Johanna Parv	unresolved	
COS	unresolved	
Cosfun	unresolved	
Johansen	unresolved	
Cosmette Skincare	unresolved	
John Craig	unresolved	
John Hardy	unresolved	
John Hatter	unresolved	
Corso Roma	unresolved	
Coreana Cosmetics	unresolved	
John John	unresolved	
John Lewis	unresolved	
Cortefiel	unresolved	
John Lobb Bootmaker	unresolved	
COSMOS COMFORT	ats	personio
John Miller	unresolved	
Cosmo Crew	unresolved	
Johnson	ats	personio
John Fluevog Shoes	unresolved	
Corto Moltedo	unresolved	
cosmosophie	unresolved	
Johnson Fitness & Wellness	ats	personio
JOHN RICHMOND SPORT	unresolved	
Johnson's Baby	ats	personio
John Elliott	unresolved	
John Varvatos	unresolved	
Costa Del Mar	unresolved	
JoJo Maman Bébé	ats	teamtailor
Johnny Bigg	unresolved	
Johnny Concert	unresolved	
Costa da Morte # Death Coast	unresolved	
Johnny Urban	unresolved	
Johnny Urban	unresolved	
Johnny Was	unresolved	
JOHNNYLOVE	unresolved	
Johnston & Murphy	unresolved	
Johnstons of Elgin	unresolved	
Jonak-Paris	ats	wttj
Corrente	unresolved	
Johshuya	unresolved	
Jonathan Cohen	ats	personio
John Richmond	unresolved	
Jonathan Simkhai	ats	personio
Cosmogonie Paris	unresolved	
Joie	unresolved	
Cosmic Drifters	unresolved	
JOLLEO	unresolved	
Jollity & Co.	unresolved	
Jonsson Workwear	ats	greenhouse
Jolly Clothing	unresolved	
Corridor	unresolved	
JOLYN	unresolved	
Jomos	unresolved	
Jon Josef	unresolved	
COSSAC	unresolved	
Jones	unresolved	
Jones Bootmaker	unresolved	
Cosabella	unresolved	
Jones New York	unresolved	
Jones Road Beauty	unresolved	
Jones Snowboards	unresolved	
JOOP!	unresolved	
Jordache	unresolved	
Jordache Enterprises  Inc.	unresolved	
Jordan	unresolved	
Costello Tagliapietra	unresolved	
Jordan Samuel Skin	unresolved	
JoReMillinery	unresolved	
JOMA JEWELLERY	unresolved	
COTE	unresolved	
Jos Alukka & Sons	unresolved	
Costume National	unresolved	
JoosTricot	unresolved	
Costes	unresolved	
Josco Jewellers	unresolved	
Jose Luis Joyerias	unresolved	
Josh Rosebrook	ats	personio
JOSH V	ats	personio
Jose Real	unresolved	
Coton Doux	unresolved	
JOSE SAENZ	unresolved	
Costume Privé Paris	unresolved	
Josef Seibel	unresolved	
Jost	ats	recruitee
Joseff of Hollywood	unresolved	
COSMIC WONDER	unresolved	
Joseph	unresolved	
Cosmoparis	unresolved	
Joseph Ribkoff	unresolved	
Josephine & Co Amsterdam	unresolved	
Josette la Chouette	unresolved	
Jos. A. Bank Clothiers	unresolved	
Josephine & Joe	unresolved	
Cotton Candy	unresolved	
Joshua Tree Mug Company	unresolved	
JOSINY	unresolved	
Costo	unresolved	
Josip Tumapa Design	unresolved	
Joslin	unresolved	
Cotélac	unresolved	
Cotton On	ats	smartrecruiters-whitelabel
Jostar Online	unresolved	
cotton club	unresolved	
Joya Diseño	ats	greenhouse
Joy	ats	teamtailor
JOTT	unresolved	
Cotswold Outdoor	unresolved	
Jouer Cosmetics	unresolved	
Côte	unresolved	
Jouer Studios	unresolved	
Joules	unresolved	
Costamani	unresolved	
Cotton On Group	ats	smartrecruiters-whitelabel
Coty	ats	successfactors
JOURNAL STANDARD	unresolved	
Journeys	unresolved	
Journelle	unresolved	
Cottonique	unresolved	
Jovani Fashion	unresolved	
Jovoy	unresolved	
Jovi Rose Skin	unresolved	
Joyalukkas	unresolved	
Joyce&Girls	unresolved	
Joyerías Bizzarro	unresolved	
Corso Italia	unresolved	
JOYN	unresolved	
Joyya	unresolved	
Couch	unresolved	
JP1880 Menswear	unresolved	
JS Watch Reykjavík	unresolved	
Juan-Jo Gallery	unresolved	
Jubel	unresolved	
Jubel Naturals	unresolved	
Jubilee Couture	unresolved	
Cotton & Silk	unresolved	
Jubitom	unresolved	
Coster Copenhagen	unresolved	
Juchheim Cosmetics	unresolved	
Judas Sinned	unresolved	
Jude Stuecker	unresolved	
JudyDoll	unresolved	
Country Road	unresolved	
Judith Leiber	unresolved	
Jugaad14	unresolved	
Juice Beauty	unresolved	
Coulange	unresolved	
JUICY COUTURE	unresolved	
COUP DE CHANCE	unresolved	
Jujiya	unresolved	
Julbo	unresolved	
Julep Beauty	unresolved	
JULI DANS JEWELS	unresolved	
JULIA JUNE	unresolved	
JULIA LEIFERT	unresolved	
Julie & Grace	unresolved	
Cotton On Body	unresolved	
Courir	ats	smartrecruiters-whitelabel
COUNTRY LINE	unresolved	
JulieMay	unresolved	
Costco	unresolved	
Julien Brandt	unresolved	
Cottonworld	unresolved	
Cotton Traders	generic	generic-listing
Julien d’Orcel	unresolved	
Courtney Sykes Molecular Anti-Aging	unresolved	
Julietè Skin Rituals	unresolved	
Country Rose Soap	unresolved	
Cotton On Kids	unresolved	
Juliette Has a Gun	unresolved	
Cove	unresolved	
Coût De La Liberté	unresolved	
July To June	unresolved	
Julius Marlow	unresolved	
Covencraft Apothecary	unresolved	
Cotopaxi	unresolved	
July Twenty	unresolved	
Couper et Coudre	unresolved	
JUNAROSE	unresolved	
Courbet	unresolved	
June79	unresolved	
Jumperfabriken	unresolved	
Jumper Maybach	unresolved	
Jungkraut	unresolved	
Jupe by Jackie	ats	lever
Jungmaven	unresolved	
Jungle Folk	unresolved	
CP Shades	unresolved	
Junior Kids	unresolved	
Courreges	unresolved	
Junior League	unresolved	
Juniper & Pine Organics	unresolved	
Juniper Ridge	unresolved	
Junk De Luxe	unresolved	
JUNK PLASTIC REHAB	unresolved	
Junona	unresolved	
Counter	unresolved	
Junya Watanabe	unresolved	
Cover	unresolved	
Jurlique	unresolved	
Jupiter	unresolved	
JUSGLITTY	unresolved	
CoverGirl	unresolved	
Cove Suncare	unresolved	
JUST B DIFFERENT	unresolved	
Cowboysbag	unresolved	
CRAFSTO	unresolved	
Just Bee Queen	unresolved	
Just Bite Me	unresolved	
Just Cavalli	unresolved	
Just Female	unresolved	
Just Bubbly	unresolved	
Just Cool by AWDis	unresolved	
Coxco	unresolved	
Just For Teens	unresolved	
Crash Baggage	unresolved	
Just in Case	unresolved	
CR	unresolved	
Just Jeans	unresolved	
Just Junkies	unresolved	
Just Over the Top	unresolved	
Just Peachy	unresolved	
Cover FX	unresolved	
Just Sports	unresolved	
Justbagzz	unresolved	
Juste Elles	unresolved	
CQP	unresolved	
Craghoppers	unresolved	
Justfab	unresolved	
CQ Couture	unresolved	
Craig Green	unresolved	
JUST THIS - Feminine Care EST 2024	unresolved	
Justine B	unresolved	
Crās	unresolved	
Just Watches	unresolved	
Just the Goods	unresolved	
Crazy Rumors	unresolved	
Justine Clenquet	unresolved	
Juul & Belle	unresolved	
JUVA Haircare	unresolved	
Cramers van Asten	unresolved	
Cravings by Chrissy Teigen	unresolved	
Create IT	generic	generic-listing
Craft	unresolved	
Juvenia	unresolved	
Juvia's Place	unresolved	
Crate 61 Organics	unresolved	
Creamy Fabrics	unresolved	
Juwelenkind	unresolved	
Juwelier Ellert	unresolved	
justine tabak	unresolved	
Juwelier Junghähnel	unresolved	
JUTELAUNE	unresolved	
Create Ebara	unresolved	
Creenstone	unresolved	
JUWELIER MILENA WILMSEN	unresolved	
Juwelier Rubin	unresolved	
Creed	unresolved	
Juwelier van Koningsbruggen	unresolved	
Cream	unresolved	
Juwelier Voegele	unresolved	
Juwelier Willer	unresolved	
JVN Hair	unresolved	
Juvia	unresolved	
JW Anderson	unresolved	
Jx & Co	unresolved	
Juwelier Rüschenbeck	unresolved	
JYano Hair Care	unresolved	
CPL1953	unresolved	
Crew Clothing	unresolved	
Jyoti - Fair Works	unresolved	
K and Q Empire	unresolved	
JW Pei	unresolved	
K by Kaia	unresolved	
Crew Clothing Company	unresolved	
K M by L A N G E	unresolved	
Crazy Good Threads	unresolved	
K Sahai	unresolved	
K-3	unresolved	
Cream	unresolved	
K-BOXING	unresolved	
Cream-Clothing	unresolved	
K-Swiss	unresolved	
Criminal Damage	unresolved	
CremeBalm	unresolved	
K-SWISS	unresolved	
K-Way	unresolved	
Crismot	unresolved	
K-way	unresolved	
Crepe Erase	unresolved	
CRDKeLaiDi	unresolved	
K18 Biomimetic Hairscience	unresolved	
KA & Riah	unresolved	
Kaai	unresolved	
Critter Mountain Wear	unresolved	
Crocs	ats	successfactors
Ka-Sha	unresolved	
Kabak	unresolved	
Création Gross GmbH & Co. KG	unresolved	
KADUY	unresolved	
Kaiko	ats	personio
kaene	unresolved	
Crickit	unresolved	
Kaenon Polarized	unresolved	
kaes.	unresolved	
Cresci e Perdi	unresolved	
KAAL	unresolved	
Crime London	unresolved	
K+K Schuh-Center	unresolved	
KAFFE	unresolved	
Kaft	unresolved	
Kagure - かぐれ	unresolved	
Kahina Giving Beauty	unresolved	
kai	unresolved	
Critical Slide / TCSS	unresolved	
KAI AND KOA	unresolved	
KAILAS	unresolved	
Croata	unresolved	
Crooked Chaps	unresolved	
Crinolino	unresolved	
Credo	unresolved	
Kaimana	unresolved	
Kaipuni	unresolved	
Kala Fashion	unresolved	
Cristina Castañer	unresolved	
CRUNCHI	unresolved	
Kalaika	unresolved	
crossFIXE	unresolved	
Kalamargam	unresolved	
Kalaurie	unresolved	
CRUSHED AFTERCARE INC.	unresolved	
Kalenji	unresolved	
Cruyff	unresolved	
CROSS COLOURS	unresolved	
Kali Shoes	unresolved	
CTS	ats	greenhouse
Kalina	unresolved	
cross jeans	unresolved	
Cropp	unresolved	
Kalishka's Store	unresolved	
Kaltur	unresolved	
Kalyan Jewellers	unresolved	
Kama Fashion & Function	unresolved	
Kamik	unresolved	
CRUSH	unresolved	
KAMILLA PURSHIE	unresolved	
Cross Sportswear	unresolved	
Kamoa	unresolved	
Kampos	unresolved	
KANAKO SAKAI	unresolved	
Kanazawa Marukoshi Department Store	unresolved	
Kandaka Safia	unresolved	
Kaneea	unresolved	
KangaROOS	unresolved	
Kangol	unresolved	
KANGOL Japan	unresolved	
Crockett & Jones	unresolved	
Kanna Shoes	unresolved	
Crystalyn Kae	unresolved	
Kant-Garage	unresolved	
Kantha Bae	unresolved	
Cue Jewelry	unresolved	
CTWLK.	unresolved	
Crying Center	unresolved	
CT Organics	unresolved	
KANTJEBOORD	unresolved	
Kanzler	unresolved	
Kaon	unresolved	
Cult Gaia	unresolved	
Kapten & Son	ats	recruitee
Cult of Individuality	unresolved	
Cubus	unresolved	
Kaos	unresolved	
Kaotiko	unresolved	
KAPDAA	unresolved	
Cultural Roots	unresolved	
Kapital	unresolved	
Cultureopolis	unresolved	
KAPLAN MD BEVERLY HILLS	unresolved	
KAPOK KNOT	unresolved	
Kaporal	unresolved	
Cuidado con el Perro	unresolved	
Cubavera	unresolved	
Kappa	unresolved	
CULYA	unresolved	
Kappa	unresolved	
Cup of Joe (COJ) denim	unresolved	
Kappahl	unresolved	
CUPLÉ	unresolved	
Croquis	unresolved	
KARA	unresolved	
kara beauty	unresolved	
Kara Van Petrol	unresolved	
Karen by Simonsen	unresolved	
Karen Kane	unresolved	
Karen Millen	unresolved	
Karen Thomas	unresolved	
Karen Walker	unresolved	
Karengee	unresolved	
Karhu	unresolved	
Curl Cardio	unresolved	
Kari	unresolved	
Kari Gran	unresolved	
Kari Kids	unresolved	
Kari Traa	unresolved	
CULTURE	unresolved	
Karin & Stefan	unresolved	
Karin Rom	unresolved	
KARINE AUGIS	unresolved	
Karine Arabian	unresolved	
CRTFD	unresolved	
Karité	unresolved	
Current State	ats	greenhouse
Cue	unresolved	
Cubitts	unresolved	
Kariyushi shirt	unresolved	
Karko	unresolved	
Curatrix	unresolved	
Current/Elliott	ats	greenhouse
KARL LAGERFELD	unresolved	
Curlsmith	unresolved	
Karl Lagerfeld	unresolved	
Karl Kani	unresolved	
Curie	unresolved	
Karl Marc John	unresolved	
Karl Rieker	unresolved	
KarlaCola	unresolved	
KARMA AND LUCK	unresolved	
Cus sustainable clothing	unresolved	
Karma Kameleon	unresolved	
Custo Barcelona	unresolved	
KarmaLoop.com	unresolved	
Curlstate	unresolved	
KARMAMIA	unresolved	
CULT+KING	unresolved	
Curensology	unresolved	
Cuisse de Grenouille	unresolved	
Karmavore	unresolved	
Cuyana	ats	greenhouse
Curology	unresolved	
Karmyliege	unresolved	
Custommade	unresolved	
Karo Kauer	unresolved	
Karoline Vitto	unresolved	
Karrimor Japan	unresolved	
Kartel	unresolved	
CUUP	unresolved	
Kascha-C	unresolved	
Curvature Clothing	unresolved	
CVC Stones	unresolved	
Kashket & Partners	unresolved	
Kashmir Pink®	unresolved	
CVRD Fashion	unresolved	
Cycle Gear	ats	personio
Kashmiria fashion	unresolved	
Kask	unresolved	
Kate Garey	ats	personio
Custo Barcelona	unresolved	
Cybèle	unresolved	
Kate Lee	ats	personio
KASH	unresolved	
Kate McLeod	ats	greenhouse
Kastinger	unresolved	
Kastlfel	unresolved	
Cyberoptix	unresolved	
Cwtch	unresolved	
Kate Sheridan	ats	personio
Kate Spade	ats	personio
KasuReKids	unresolved	
Kate Spade New York	ats	personio
Kat Burki	unresolved	
Kate Sylvester	ats	personio
Kate Quinn	ats	personio
Kate's Magik	ats	personio
Kat Maconie	unresolved	
KATE BARTON	ats	personio
Cute Stuff	unresolved	
Kat The Label	unresolved	
Cynthia Rowley	ats	smartrecruiters-whitelabel
Kastner & Öhler	unresolved	
Cus	unresolved	
kataoka jewelry	unresolved	
Katharine Hamnett	unresolved	
Katherine Parr	unresolved	
CynXLA	unresolved	
Cyma Watches	unresolved	
Katie Loxton	unresolved	
Kathmandu	unresolved	
CVLCHA	unresolved	
Katini Skin	unresolved	
KATKIM	unresolved	
Katla	unresolved	
Custom Ink	ats	workday
KATTAN	unresolved	
Katy Perry	unresolved	
Kaufhaus Stolz	unresolved	
Kavat	unresolved	
D-Mara	unresolved	
KAVU	unresolved	
D-Four	unresolved	
KAY KONECNA STUDIO	unresolved	
Kaylaan	unresolved	
Kayrose	unresolved	
Kaviar Gauche	unresolved	
KEEN	ats	greenhouse
Kayu	unresolved	
Kazani	unresolved	
Kazar	unresolved	
KAZARTT	unresolved	
Kazna Asker	unresolved	
KD New York	unresolved	
KDLR Beauty Labs	unresolved	
Keds	unresolved	
Keedo	unresolved	
Keefirivunts	unresolved	
Cyell	unresolved	
KAY Jewelers	unresolved	
Keep	unresolved	
D.I. Ware Company	unresolved	
Keep Pursuing	unresolved	
D.LISSOME	unresolved	
KEER	unresolved	
Keeyahri	unresolved	
KEHLEIA	unresolved	
Kefi Essentials	unresolved	
Keio Department Store	unresolved	
D’Amante	unresolved	
Keio Department Store  Shinjuku	unresolved	
Keisei Department Store	unresolved	
CYCLEING	unresolved	
Keith and James	unresolved	
D-XEL	unresolved	
Catwalk Junkie	unresolved	
D’ETOILES CASIOPÉ	unresolved	
Kekäle	unresolved	
Curvy Kate	unresolved	
D'Sign Apparel	unresolved	
kempa	unresolved	
Cycleur de Luxe	unresolved	
Keikyu Department Store	unresolved	
D'URBAN	unresolved	
KENT	ats	personio
Kenari	unresolved	
Kent & Curwen	ats	personio
d'zzit	unresolved	
Ken Shoe Fashion	unresolved	
D/Luca Los Angeles	unresolved	
Cyrillus	unresolved	
Kendall + Kylie	unresolved	
D.S. & Durga	unresolved	
Kendra Scott	unresolved	
Kenneth Cole Productions	unresolved	
Kenneth Jay Lane	unresolved	
Kenny Flowers	unresolved	
Kenny Parker Label	unresolved	
cyroline	unresolved	
Kenny S.	unresolved	
d'Annam	unresolved	
Kevin Jewelers	ats	personio
Kensol	unresolved	
Kevin O'Brien Studio	ats	personio
KENZO	unresolved	
Dab Herb Makeup and Skincare	unresolved	
Cutler & Gross	unresolved	
DA Beauty with Jacalyn Rae	unresolved	
Kérastase	unresolved	
Dabao	unresolved	
Kerbholz	unresolved	
Dabble & Dollop	unresolved	
Kering Beauté	unresolved	
DabiDabi	unresolved	
Kennel & Schmenger	unresolved	
Kering Eyewear	unresolved	
Kerosene	unresolved	
CycleBand	generic	generic-listing
Kesou	unresolved	
dae	unresolved	
Dachstein	unresolved	
KESSLER	unresolved	
Kettner	unresolved	
D2O	unresolved	
KEVINGSTON	unresolved	
Kiabi	ats	smartrecruiters-whitelabel
Dagsmejan	unresolved	
Key Largo	unresolved	
D4 Love	unresolved	
KEYPER	unresolved	
Khaadi	unresolved	
khadi & co	unresolved	
Khadim's	unresolved	
Khawaja	unresolved	
KHLOÉ KARDASHIAN FRAGRANCES	unresolved	
Daheim Love	unresolved	
KHRISJOY	unresolved	
Khasto	unresolved	
Daily Paper	unresolved	
Khu Khu	unresolved	
Khujo	unresolved	
Daikokuya	unresolved	
Daily Sports	unresolved	
KIARA SHOES	unresolved	
Kidzart	ats	smartrecruiters-whitelabel
Daddy Couture	unresolved	
Kibra	unresolved	
KichyKids Clothing	unresolved	
Kickclusive	unresolved	
Kickers	unresolved	
D&DEPARTMENT	unresolved	
DAF&DREAM	unresolved	
Kicks	unresolved	
Kickz	unresolved	
KID BLUE	unresolved	
DAIWA PIER39	unresolved	
Dahlia Razzook	unresolved	
Dai Moda	unresolved	
Kiddie	unresolved	
Dakine	unresolved	
Kids Around	unresolved	
Kids Foot Locker	unresolved	
KIKS TYO	ats	recruitee
Daily Brat	unresolved	
Dakota501	unresolved	
KIDS WORLDWIDE	unresolved	
Cyzone	unresolved	
Kiehl's	unresolved	
Kienzle Uhren	unresolved	
KILLSTAR	ats	teamtailor
Kiğılı	unresolved	
KIJIMA TAKAYUKI	unresolved	
kijinokanosei	unresolved	
KiK	unresolved	
Kiki De Montparnasse	unresolved	
Kikisix	unresolved	
Kiko Milano	unresolved	
Kiko Ouriversarias	unresolved	
Daimaru Umeda	unresolved	
Daimaru Shinsaibashi	unresolved	
Daisy Rose	unresolved	
Kiku Boutique	unresolved	
Kilian	unresolved	
Killah	unresolved	
DAMAT	unresolved	
Killtec	unresolved	
Kilomet109	unresolved	
Kilted Suds	unresolved	
Đak	unresolved	
Dale Of Norway	unresolved	
Kimai	unresolved	
Kimkris Beauty	unresolved	
Dalia	unresolved	
Kimoa	unresolved	
DAMANCI®	unresolved	
KINAPURE	unresolved	
Damiani	unresolved	
Kincloch Anderson	unresolved	
Kind Bag	unresolved	
Kind Lips	unresolved	
Kind Science	unresolved	
DAIRIKU	unresolved	
Damsel in a Dress	unresolved	
Kinda 3D SWIMWEAR	unresolved	
Daisy Blue Naturals	unresolved	
KINDri Los Angeles	unresolved	
King & Tuckfield	unresolved	
Damselfly	unresolved	
King Baby Studio	unresolved	
DAN JOHN	unresolved	
Damasko	unresolved	
King Louie	unresolved	
King Tartufoli	unresolved	
King Trading	unresolved	
Kinga Csilla	unresolved	
Kings of Indigo	unresolved	
Kingsley Heath	unresolved	
Dame Perfumery	unresolved	
DAMDAM	unresolved	
Kings & Queens	unresolved	
Kiniki	unresolved	
Dame Blanche	unresolved	
Kinky Octopus	unresolved	
Kinlò	unresolved	
Dancing Leopard	unresolved	
Daniel	ats	personio
Kinship	unresolved	
Daniel & Bob	ats	personio
DAKS	unresolved	
DANIEL ESSA	ats	personio
Kintetsu Department Store	unresolved	
Daniel Hechter	ats	personio
Dangerfield	unresolved	
DANIEL PATRICK	ats	personio
Kintetsu Department Store Main Store Abeno Harukas	unresolved	
Daniel Wellington	ats	personio
Kipling	unresolved	
Daniel's Jewelers	ats	personio
Kired	unresolved	
Dalery	unresolved	
Kirk's	unresolved	
Kirrin Finch	unresolved	
Damart	unresolved	
Kiss The Frog	unresolved	
Danier	unresolved	
KISSCAT	unresolved	
Dancing Dingo	unresolved	
Kit and Ace	unresolved	
Damrex	unresolved	
DANNIJO	unresolved	
kith	unresolved	
Kintobe	unresolved	
Kitikate	unresolved	
Dansk Copenhagen	unresolved	
Kiton	unresolved	
Danskin	unresolved	
Kitowa	unresolved	
Dante6	unresolved	
Damin	generic	generic-listing
Danefae	unresolved	
Danucera	unresolved	
Kitri	unresolved	
Kitsch	unresolved	
Dapper Alice	unresolved	
KITX	unresolved	
Kleinigkeit	ats	personio
Kitz-pichler	unresolved	
Kiwi Glow	unresolved	
Darby Mack	unresolved	
Kleos + Klea	ats	teamtailor
Dare 2B	unresolved	
KIZASI	unresolved	
Kjaer Weis	unresolved	
kjore project	unresolved	
Danavi	unresolved	
KJUS	unresolved	
Klättermusen	unresolved	
Dare To Roam	unresolved	
Klass	unresolved	
DARILY	unresolved	
Klauser Schuhe	unresolved	
Kleckerliese	unresolved	
Kleider Bauer	unresolved	
Klenotnictví Jolleo	unresolved	
Darjeeling	unresolved	
KLENOTY AURUM	unresolved	
Klier Hair Group	unresolved	
Knit-ted Essentials	ats	greenhouse
Klimatsakis	unresolved	
Knock Knock	ats	greenhouse
Klimbim	unresolved	
Klitmøller Collective	unresolved	
Klo Organic Beauty	unresolved	
Known Supply	ats	greenhouse
Klosterfrau Melissengeist	unresolved	
Dare Fashion	unresolved	
Kmart	unresolved	
Darn Good Yarn	unresolved	
KMB	unresolved	
Kmart Australia	unresolved	
Daringly Good Organics	unresolved	
dariadéh	unresolved	
Danielle Creations	generic	generic-listing
Knack	unresolved	
Dash Hemp	ats	teamtailor
Knickerbocker	unresolved	
Daquini	unresolved	
Kmoni Cosmetics LLC	unresolved	
KNITWEAR LAB	unresolved	
Dasmarca Hats	unresolved	
Dauphinette	unresolved	
Knotti	unresolved	
Kohl's	ats	recruitee
Darkshe	unresolved	
David Deyong	ats	greenhouse
Knot	unresolved	
KnowledgeCotton Apparel	unresolved	
David Jones Limited	ats	greenhouse
Knuffle	unresolved	
David Koma	ats	greenhouse
KNWLS	unresolved	
David Morris	ats	greenhouse
Kobayashi Optical	unresolved	
David Yurman	ats	greenhouse
DANISH ENDURANCE	unresolved	
Kobe Hankyu	unresolved	
KOBE LETTUCE	unresolved	
Dana Rebecca Designs	unresolved	
Kocca	unresolved	
Dara Fashion	unresolved	
Danshar	generic	generic-listing
Davidoff	unresolved	
KOCHÉ	unresolved	
koi footwear	unresolved	
Koio	unresolved	
Darzah	unresolved	
KOJIN	unresolved	
Davids	unresolved	
Koketta Kulture	unresolved	
Kokie Cosmetics  Inc.	unresolved	
DAWEI	unresolved	
DAWN Denim	unresolved	
Koko Noko	unresolved	
DaVi Nails	unresolved	
Kokokahn Essential Oils	unresolved	
David Gandy Well Wear	unresolved	
KOKOLU	unresolved	
Day Birger et Mikkelsen	unresolved	
kokomo	unresolved	
KOKOworld	unresolved	
Daybird	unresolved	
Koleha	unresolved	
Kolber	unresolved	
Davida Cashmere	unresolved	
KOLO berlin	unresolved	
KOLON SPORT	unresolved	
Dazey LA	unresolved	
David & Sons Fine Jewelers	unresolved	
Kolors by K ®	unresolved	
Komodo	unresolved	
KOMONO	unresolved	
DBE Jewels	unresolved	
Komrads	unresolved	
Kona Natural Soap Company	unresolved	
KONAKA	unresolved	
kone	unresolved	
Konges Sløjd	unresolved	
DAY ET	unresolved	
KONPLOTT	unresolved	
Kontatto	unresolved	
KOOK	unresolved	
KOOKAÏ	unresolved	
Kooniez	unresolved	
DAZE	unresolved	
Kopari Beauty	unresolved	
Kopper & Zink	unresolved	
DAZZ Cleaning Tablets	unresolved	
Koradior	unresolved	
De Beers Jewellers	unresolved	
Koral	unresolved	
KORALI	unresolved	
DC Schoes	unresolved	
Koraru	unresolved	
DC Shoes	unresolved	
David's Bridal	generic	generic-listing
Korean Skincare Pakistan	unresolved	
Kork-Ease	unresolved	
Korkoshi	unresolved	
Koröshi	unresolved	
Koryphae	unresolved	
De Couture	unresolved	
Kosmatology	unresolved	
Kotn	unresolved	
Kotoden Kawaramachi Building	unresolved	
Kotofey	unresolved	
Kotohayokozawa	unresolved	
Koton	unresolved	
KOVIA Hair	unresolved	
Kow Hoo	unresolved	
Kowtow	unresolved	
dcool	unresolved	
Koyal Beauty	unresolved	
De Bijenkorf Eindhoven	unresolved	
Kozii Swimwear	unresolved	
De La Vali	unresolved	
KPS Essentials	unresolved	
Krack	unresolved	
De la Fontaine naturals	unresolved	
Kosas Cosmetics	unresolved	
Danaë Trans-Missie	unresolved	
Kraemer-Gruppe	unresolved	
De Prati	unresolved	
KRAKATAU	unresolved	
dd's Discounts	generic	generic-listing
Krämer Pferdesport	unresolved	
De Puta Madre 69	unresolved	
KRANZ	unresolved	
De La Terre Skincare	unresolved	
KRASS Optik	unresolved	
Kreizi Beauty	unresolved	
Krete	unresolved	
Krisa	unresolved	
Kriss Sweden	unresolved	
Kristel Kuslapuu	unresolved	
Deabused	unresolved	
De La Heart	unresolved	
De Marchi	unresolved	
Krochet Kids	unresolved	
DeadSoxy	unresolved	
Krojay	unresolved	
DANIELE	unresolved	
Kronstadt	unresolved	
KRWN	unresolved	
Kryolan	unresolved	
Krys	unresolved	
Krystall-Soamas	unresolved	
Ksenia Schnaider	unresolved	
Ksubi	unresolved	
KTG FASHION HOUSE	unresolved	
De Osu	unresolved	
De Bonne Facture	unresolved	
Kualesa	unresolved	
Kubenz	unresolved	
Dear Denier	unresolved	
KUBORAUM	unresolved	
De Siershop	unresolved	
Dea Kudibal	unresolved	
kudos	unresolved	
Kujten	unresolved	
Dear Kate	unresolved	
Kule	unresolved	
De Steek Amsterdam	unresolved	
Kūlson	unresolved	
Deadweight Supply Co.	unresolved	
KULT | OLYMP&HADES	unresolved	
Dear  Klairs	unresolved	
Kultajousi	unresolved	
Kultivate	unresolved	
KULTURAL VIBEZ	unresolved	
Deblon Sports	unresolved	
Kulture	unresolved	
Deblon	unresolved	
Dear Darling Berlin	unresolved	
Kunert	unresolved	
KUNOGIGI	unresolved	
Kunoka	unresolved	
Kurt Geiger	unresolved	
Kusaga Athletic	unresolved	
Decadent Copenhagen	unresolved	
Dealbodies	unresolved	
Decathlon	ats	wttj
DecantX	unresolved	
Kusum	unresolved	
Kut from the Kloth	unresolved	
Kutsusenka	unresolved	
Kuumba Made	unresolved	
Dechase	unresolved	
Kuwaii	unresolved	
Dear Drops	unresolved	
DECJUBA	ats	successfactors
Kuyichi	unresolved	
Dearborn Denim	unresolved	
Decibel Hair LLC	unresolved	
Kwaidan Editions	unresolved	
Kwiat	unresolved	
Decimas	unresolved	
Kuwalla tee	unresolved	
Kyboe	unresolved	
Deckers X Lab	unresolved	
Kylie Cosmetics	unresolved	
DĒAWY	unresolved	
Kylie Minogue Parfums	unresolved	
Kyol Beauty	unresolved	
Debenhams	generic	generic-listing
Kyoryu Zukan	unresolved	
KYPRIS	unresolved	
Kyra	unresolved	
Kyraani	unresolved	
Kyrgies	unresolved	
Dedoles	unresolved	
Kyte BABY	unresolved	
Kytone	unresolved	
Kzeniya	unresolved	
DeClermont	unresolved	
Deeasjer	unresolved	
L I V D	unresolved	
L.CREDI	unresolved	
L.G.R	unresolved	
L.L.Bean	unresolved	
Decenio	unresolved	
L.O.M.	unresolved	
L.T. Piver	unresolved	
L'AFSHAR	unresolved	
L'Artisan Parfumeur	unresolved	
L'Occitane Group	ats	teamtailor
L'Atelier d'Amaya	unresolved	
L'Autre Chose	unresolved	
L'Aventura	unresolved	
L’Carriera	unresolved	
L. S. Ayres	unresolved	
Davut Kültür Studios	unresolved	
L'Eau de Vie Pure Skin Preparations	unresolved	
L'Envers	unresolved	
L’Epée 1839	unresolved	
L'Estrange London	unresolved	
L'EUDINE	unresolved	
Deep Steep	unresolved	
Deeluxe	unresolved	
La casa de las Carcasas	ats	teamtailor
L’Intervalle	unresolved	
Deeply	unresolved	
Darry Ring	unresolved	
L'Orbette	unresolved	
L'Ouest	unresolved	
Decadent	unresolved	
Dedicated	generic	generic-listing
L'Oréal	unresolved	
L'urv	unresolved	
Deichmann	unresolved	
L*SPACE	unresolved	
DEINDE	unresolved	
L37	unresolved	
Deiji Studios	unresolved	
La Botte Gardiane	unresolved	
La Bottega di Brunella	unresolved	
La Boucle	unresolved	
DEJAMY	unresolved	
La Casita de Wendy	unresolved	
LA CELLE PARIS	unresolved	
Dekadem	unresolved	
La Chemise Francaise	unresolved	
La Come Di	unresolved	
La Compagnie des Petits	unresolved	
Decus Beauty	unresolved	
La DoubleJ	unresolved	
La Fábrica de Nikis	unresolved	
LA FEE MARABOUTEE	unresolved	
DeFacto	unresolved	
Delacourte Paris	unresolved	
La Femme Roje	unresolved	
Dehiya Beauty	unresolved	
La Feny	unresolved	
la fille d'O	unresolved	
DefineMe	unresolved	
La Fille Des Fleurs	unresolved	
DELICATELOVE	unresolved	
La Granni	unresolved	
La Ligne	unresolved	
La Maison de Lyllis	unresolved	
La Maison Simons	unresolved	
La Machine Cycle Club	unresolved	
LA MANIA	unresolved	
La Manso	unresolved	
La Mariposa	unresolved	
LA MARTINA	unresolved	
La Martina Shoes	unresolved	
LA MATERA	unresolved	
La Methode	unresolved	
Delikate Rayne	unresolved	
La New International	unresolved	
Delayne Dixon	unresolved	
La Palma Eco-Beachwear	unresolved	
Del Sol	unresolved	
La Milanesa	unresolved	
Delpozo	unresolved	
La Parea Wellness	unresolved	
Delikatessen	unresolved	
La Parisina	unresolved	
Delma	unresolved	
La Paz	unresolved	
Delvaux Createur	unresolved	
La Perla	unresolved	
La petite boite à bijoux	unresolved	
La Perline Skincare	unresolved	
La Petite Creme	unresolved	
La Senza	ats	greenhouse
Deiters	generic	generic-listing
La Petite Étoile	unresolved	
La Petite Mort	unresolved	
LA PETITE PARISIENNE	unresolved	
La Portegna	unresolved	
La Queue du Chat	unresolved	
La Redoute	unresolved	
Deadwood	unresolved	
Demonia	unresolved	
LA Relaxed	unresolved	
LA SALT CO®	unresolved	
Demonomy	unresolved	
La Samaritaine	unresolved	
DEMYLEE	unresolved	
La Seine & Moi	unresolved	
la sportiva	unresolved	
La Strada	unresolved	
Deer&Dear	unresolved	
La Stupenderia	unresolved	
DENHAM	unresolved	
DECOY SINCE 1981	unresolved	
La'Bo Natural Cosmetics	unresolved	
Laagam	unresolved	
Delvene Cockatoo-Collins	unresolved	
Denham the Jeanmaker	unresolved	
Lab 1082	unresolved	
Lab Pal Zileri	unresolved	
DENI CLER MILANO	unresolved	
LABA Fashion	unresolved	
Labeka	unresolved	
Demeter Fragrance Library	unresolved	
Label Noir	unresolved	
Delta-galil Industries Ltd.	generic	generic-listing
Deka Lash	generic	generic-listing
Labfresh	unresolved	
Labienhecha	unresolved	
Laboratoire Uspalla	unresolved	
Denoir Cosmetics	unresolved	
Laboratoires Dermatologiques Uriage	unresolved	
Depalma Workwear	unresolved	
Democratique Socks	unresolved	
Laboratoires Expanscience	unresolved	
Laboratoires FillMed	unresolved	
LaBante London	unresolved	
DEPECHE-DENMARK	unresolved	
Lacoste	ats	wttj
DeMoulin Bros. and Co.	unresolved	
Laboratoires Longévité	unresolved	
Laboratorio Cosmético Europeo	unresolved	
Laboratorio Olfattivo	unresolved	
LaBante	unresolved	
Labrum	unresolved	
denim.lab	unresolved	
Labucq	unresolved	
Denizen from Levi's	unresolved	
laCalifornienne	unresolved	
Denina Mártin Collection	unresolved	
Laborélle – Maison de Beauté Clinique	unresolved	
Laccio	unresolved	
Lace & Beads	unresolved	
DeNiroBootCo	unresolved	
Lâcher Prise	unresolved	
Lacy Branch Botanicals	unresolved	
DEPARTURE	unresolved	
LADONI Kind Beauty	unresolved	
LaDress	unresolved	
Lady Alamo	unresolved	
Lagos	ats	recruitee
Lady Burgundy	unresolved	
Derier	unresolved	
Derimod	unresolved	
Lady Taty	unresolved	
Lafayette Homme	unresolved	
Lafes Natural BodyCare	unresolved	
Dermacol	unresolved	
Lafesco	unresolved	
Laflare	unresolved	
Laflore Paris	unresolved	
Lafuma	unresolved	
LAGER 157	unresolved	
Lagogo	unresolved	
Lagoped	unresolved	
DerDieDas	unresolved	
LAGUA GEM	unresolved	
Derbe	unresolved	
Derek Lam 10 Crosby	unresolved	
LAHIVE	unresolved	
laidback london	unresolved	
Laimbock	unresolved	
Lake & Skye	unresolved	
LaKelle	unresolved	
Dermatouch	unresolved	
Lakeyo	unresolved	
Lakmé Cosmetics	unresolved	
Dermophil Indien	unresolved	
LAKOLE	unresolved	
DERRICK	unresolved	
Dépil Tech	generic	generic-listing
LALA	unresolved	
Des Petits Hauts	unresolved	
Derma E	unresolved	
Lala Adore Cosmetics	unresolved	
DENISE ROOBOL	unresolved	
lala Berlin	unresolved	
LALABOBO	unresolved	
Laline	unresolved	
Laloras	unresolved	
Depyl Action	unresolved	
LaLotti	unresolved	
Des Sen	unresolved	
LAmade Clothing	unresolved	
LAMARQUE	unresolved	
Lamarque Collection	unresolved	
DESCENTE	unresolved	
Lamborghini	unresolved	
Lamel	unresolved	
LAMIK Beauty	unresolved	
dept	unresolved	
LAMODA	unresolved	
LaMunt	unresolved	
lana	unresolved	
Dermatologist's Choice Skincare	unresolved	
Lana	unresolved	
Lana Baby	unresolved	
Lancaster	unresolved	
Desa Deri	unresolved	
LANA Organic	unresolved	
Lancel	unresolved	
LANCERTO	unresolved	
Lancôme	unresolved	
LANCY	unresolved	
deSal	unresolved	
Landia Skincare	unresolved	
Desavery	unresolved	
Landmark	unresolved	
Desert Dyes	unresolved	
DESIGN LETTERS	unresolved	
Designs by Olivia Grey	unresolved	
Lando Studio	unresolved	
Lao Feng Xiang	ats	personio
Lands Downunder	unresolved	
Desigual	unresolved	
Lands' End	unresolved	
Lane Bryant	unresolved	
Desert Essence	unresolved	
LaneFortyfive	unresolved	
Dermalogica	unresolved	
Desires	unresolved	
Laneway The Label	unresolved	
LangerChen	unresolved	
Lanidor	unresolved	
LANIUS	unresolved	
Decka Socks	unresolved	
LANO	unresolved	
Lantern Press	unresolved	
Lanvin	unresolved	
Desti Saint	unresolved	
Designer Society	unresolved	
Designers Remix	unresolved	
LaoFengXiang	unresolved	
LaoMiaoHuangJin	unresolved	
Laperle Beauty	unresolved	
Lapin House	unresolved	
Destination Maternity	unresolved	
Lapin Vintage	unresolved	
Designer Brands	unresolved	
LAPOINTE	unresolved	
Lapuan Kankurit	unresolved	
LaQuan Smith	unresolved	
DEUX VISIONS	unresolved	
DevaCurl	unresolved	
Lara Bags	unresolved	
LARA DI GIANNI	unresolved	
Lara Laurén bags	unresolved	
Lara mode	unresolved	
Lardini	unresolved	
Desoto	unresolved	
LARES	unresolved	
Larsson & Jennings	unresolved	
DESTii	unresolved	
Developer Boutique	unresolved	
Designice	unresolved	
LaSalle	unresolved	
LASCANA	unresolved	
Laser Clinics Australia	unresolved	
LaserAway	unresolved	
Detaille	unresolved	
Devernois	unresolved	
Lasève	unresolved	
Lash Affair	unresolved	
Lashify	unresolved	
Lash Be Long	unresolved	
LÄSSIG	unresolved	
Lastframe	unresolved	
Develab	unresolved	
Late Checkout	unresolved	
Latelita	unresolved	
DeVons Jewelers	unresolved	
LATHER	unresolved	
Lathered Artisan	unresolved	
Devane Beauty	unresolved	
Latiture	unresolved	
Lattafa	unresolved	
Destin	unresolved	
Deuter	unresolved	
Lauf	unresolved	
LAUDAE	unresolved	
Laulhère	unresolved	
DEVIL-DOG Dungarees	unresolved	
Laura	unresolved	
Laundry Industry	unresolved	
Laura Biagiotti	unresolved	
Laura Geller	unresolved	
Laura Lombardi	unresolved	
Devina Louise	unresolved	
Deux Mains	unresolved	
Daydream Society	unresolved	
LAUREL	unresolved	
laura vita	unresolved	
Desmond & Dempsey	unresolved	
DeMellier	unresolved	
Devrim Studio	unresolved	
Lauren Brooke Cosmetiques	unresolved	
DEVINTO	unresolved	
Lauren Manoogian	unresolved	
DFNS	ats	wttj
Lauren Holloway	unresolved	
DEW E DEW E	unresolved	
Lauren Moshi	unresolved	
Laura Ashley plc	unresolved	
Lauren Ralph Lauren	unresolved	
Devotion TWINS	unresolved	
Laura Bellariva	unresolved	
Laurence Delvallez	unresolved	
Laurence Dacade	unresolved	
DharmaCrafts	unresolved	
Laura Elizabeth Jewelry	unresolved	
Lavish Alice	ats	teamtailor
DI PETSA	unresolved	
LauRie	unresolved	
Laurence Tavernier	unresolved	
Laurier Optical	unresolved	
Devotion Twins	unresolved	
Lautashi Design	unresolved	
LAVAIR	unresolved	
Lavani Jewels	unresolved	
LAVARD	unresolved	
Devlyn	unresolved	
DEW MIGHTY	unresolved	
Diana Madison Beauty	ats	personio
Laverana GmbH & Co. KG	unresolved	
LaVigne Natural Skincare	unresolved	
Lavinia	unresolved	
Law of the Sea	unresolved	
Laurent Vergne	unresolved	
Layermor Fragrance	unresolved	
layerOne by Delavie Sciences	unresolved	
Devoted By Zizzi	generic	generic-listing
Lazamani	unresolved	
Dharma Bums	unresolved	
LAWLESS Beauty	unresolved	
DeZeStar	unresolved	
Lazarini	unresolved	
Lazo	unresolved	
Lazy Oaf	unresolved	
Diamond Supply Co.	unresolved	
Dick Moby	unresolved	
LC Leather Club	unresolved	
LC Waikiki	unresolved	
LCF Ledûb Corporate Fashion	unresolved	
Dick's House of Sport	unresolved	
LDNR	unresolved	
Le Babe	unresolved	
Dick's Sporting Goods	unresolved	
DIDI	ats	greenhouse
Lé Bent	unresolved	
Le Biscuit	unresolved	
Lé BUNS	unresolved	
Le Chameau	unresolved	
DFG 1924	unresolved	
Diane von Furstenberg	unresolved	
Le Château	unresolved	
Diamanti Per Tutti	unresolved	
DHaRCO	unresolved	
Lazurde Company for Jewelry	unresolved	
LE CHEMISEUR®	unresolved	
DIBS	unresolved	
Le Chic	unresolved	
Le Club Original	unresolved	
Diemonde	unresolved	
Le Col	unresolved	
Di	generic	generic-listing
Le collectif des Lunetiers	unresolved	
Diet Prada	unresolved	
Le DangeRouge	unresolved	
Le Fix	unresolved	
Le Garçon Chic	unresolved	
Le Gaulois Jeans	unresolved	
Le Kasha	unresolved	
Digawel	unresolved	
Diane Higgins Skincare	unresolved	
Le Labo	unresolved	
Le Gramme	unresolved	
Le Lis	unresolved	
Didriksons	unresolved	
Le Modeste	unresolved	
le monarque	unresolved	
Digital Pharaoh	unresolved	
le coq sportif	unresolved	
Diega	unresolved	
Dillard's	ats	greenhouse
Le Monde Gourmand	unresolved	
Dike	unresolved	
Difuzed	unresolved	
Le Petit Trou	unresolved	
Digital Game Technology	unresolved	
DIM	ats	greenhouse
Dim	ats	greenhouse
Dim	ats	greenhouse
Dickies	ats	workday
LE PHIL	unresolved	
DillySocks	unresolved	
Le Réussi®	unresolved	
Le Salty	unresolved	
Le Showroom Trendsetteuse Paris	unresolved	
Le Silla	unresolved	
Dimattia & Shockly	unresolved	
Digel	unresolved	
Le Kilt	unresolved	
Le Silo Bleu	unresolved	
Devred	unresolved	
DIEGOS	unresolved	
Le Tanneur	unresolved	
Le Temps des Cerises	unresolved	
Dimples	unresolved	
Le Specs	unresolved	
Le Tricot Perugia	unresolved	
Le-go Bekleidungswerke GmbH & Co KG	unresolved	
Devred 1902	unresolved	
Le'VahnneLux Skincare	unresolved	
Leabags	unresolved	
Lead	unresolved	
Leader	unresolved	
Leaf fine Jewelry	unresolved	
Dimitra's Workshop	unresolved	
Dick Pearce & Friends	unresolved	
Leaf People Skin Care	unresolved	
Leaf Shave Company	unresolved	
Leap Concept	unresolved	
Dime Bags	unresolved	
Dilling	generic	generic-listing
Leatherlly	unresolved	
Leanne Marshall	unresolved	
Diesel	generic	generic-listing
Dion Lee	unresolved	
LeatherStrata	unresolved	
DIME Beauty	unresolved	
Learn More	unresolved	
Lebes	unresolved	
Dior	unresolved	
LEBIAR	unresolved	
Dimmeys	unresolved	
Din sko	unresolved	
LECIEN	unresolved	
Lecomte	unresolved	
LECURVE	unresolved	
Din Sko	unresolved	
Leder Pellicce	unresolved	
Dirts	unresolved	
Ledûb	unresolved	
Lee	unresolved	
Lee	unresolved	
Lee Cooper	unresolved	
Lee Mathews	unresolved	
Dirty Velvet	unresolved	
Lee Cooper	unresolved	
Leech	unresolved	
DISCOUNT UNIVERSE	unresolved	
Leem	unresolved	
Dinoski	unresolved	
LEFF AMSTERDAM	unresolved	
Lefrik	unresolved	
Lefties	unresolved	
Legend	unresolved	
Legend Bags& Belts	unresolved	
DISSONA	unresolved	
Dionne Gooding	unresolved	
Legend World Wide	unresolved	
Dip	unresolved	
Legendary Whitetails	unresolved	
Dilli Grey	unresolved	
Legends	unresolved	
Distretto12	unresolved	
Dirty Seahorse	unresolved	
Legends Creek Farm	unresolved	
legero	unresolved	
Leggings Park	unresolved	
Dirkje	unresolved	
Diopta	unresolved	
LEGiT	unresolved	
Leguano	unresolved	
Lei Wai Beauty	unresolved	
Leightons	unresolved	
Lemon Jelly	ats	teamtailor
Leisure Lab	unresolved	
Dioné Cosmetics	unresolved	
Leju London	unresolved	
Leki	unresolved	
Leica Camera	unresolved	
DJ Dutchjeans	unresolved	
LEKKO Aesthetics	unresolved	
Discovery Expedition	unresolved	
Leland Francis	unresolved	
Djerf Avenue	ats	teamtailor
Lelasilk	unresolved	
LEMAIRE	unresolved	
lemlem	unresolved	
Lemondose	unresolved	
Djula	unresolved	
Leila Hafzi	unresolved	
Django & Juliette	unresolved	
Dinh Van	unresolved	
Lensa	ats	teamtailor
DiVERGE	unresolved	
Leiser Handelsgesellschaft	unresolved	
Diverse	unresolved	
Lemonhead.LA	unresolved	
Lems Shoes	unresolved	
Lemuel MC	unresolved	
DK Company	unresolved	
dna	ats	greenhouse
Lengermann und Trieschmann	unresolved	
DNA Amsterdam	ats	greenhouse
DL Sport	unresolved	
Divine Beauty Brand	unresolved	
Lendava	unresolved	
Divi Official	unresolved	
Lenny Neimeyer	unresolved	
LeNOSE	unresolved	
Do Good Surf Club	unresolved	
Lenox and Sixteenth	unresolved	
Lenskart	unresolved	
do+dare undie co.	unresolved	
LEMOWE	unresolved	
DistriCenter	unresolved	
Leni Swims	unresolved	
Lenslace	unresolved	
DO.NO.MA	unresolved	
LensCrafters	unresolved	
Dionis Goat Milk Skincare	unresolved	
dobell	unresolved	
Lenthéric	unresolved	
Dockers	unresolved	
LEO LIN	unresolved	
Leo Pizzo	unresolved	
dk active	unresolved	
Leodis Leather	unresolved	
Leon & Harper	unresolved	
Divine	unresolved	
Leona Edmiston	unresolved	
Doctor Cutillas	unresolved	
leonhard heyden	unresolved	
Leonisa	unresolved	
Leons.cz	unresolved	
Divoký býk	unresolved	
LEOS	unresolved	
Leotude	unresolved	
dndgel	unresolved	
Leonor Greyl	unresolved	
LEPSIM	unresolved	
Lerora	unresolved	
Lerinn Beauty	unresolved	
LERROS	unresolved	
Lerz	unresolved	
Doc & Glo	unresolved	
Les bains SELV rituel inc.	unresolved	
Doctor Butler's	unresolved	
Les Benjamins	unresolved	
Les Bougies de Charroux	unresolved	
les boutons	unresolved	
Discovery Clothing Company	unresolved	
Les Coyotes de Paris	unresolved	
Dolce & Gabbana	ats	successfactors
Doctor Optic	unresolved	
Les Eaux Primordiales	unresolved	
Doke	unresolved	
Les Deux	unresolved	
Doctor Hopiola	unresolved	
Les Georgettes	unresolved	
Les Girls Les Boys	unresolved	
Les Hommes	unresolved	
Les Fees Du Vent	unresolved	
Dollcake Skincare	unresolved	
Les Lunes	unresolved	
Dolcezza	unresolved	
Les Rêveries	unresolved	
Dolls Kill	ats	lever
Les Néréides	unresolved	
Dockers by Gerli	unresolved	
Les Sublimes	unresolved	
Dolly Beauty	unresolved	
Les Soeurs	unresolved	
Les Tien	unresolved	
Les tricots	unresolved	
Les Tricots Marcel	unresolved	
DoDo	unresolved	
DoDo	unresolved	
Les Tropeziennes par M Belarbi	unresolved	
Lesca Lunetier	unresolved	
Les Tricots de Léa	unresolved	
Dolores Promesas	unresolved	
Dom Tower	ats	personio
Les Vides Anges Perfumes	unresolved	
Leselles	unresolved	
LesJour!	unresolved	
Dolce Crudo	unresolved	
LESLII	unresolved	
LESS	unresolved	
Dollop & Dew	unresolved	
LESSE	unresolved	
LET HER	unresolved	
Letoile	unresolved	
Dom Mody Skorska	ats	personio
Dodo's	unresolved	
Dollylocks	unresolved	
Domiamia	unresolved	
LÉVANS	unresolved	
Level 99 Jeans	unresolved	
DOMREBEL	unresolved	
Level Up Skincare	unresolved	
Lever Couture	unresolved	
DON ROBERTO JEWELERS	unresolved	
Dolores Haze	unresolved	
Levete Room	unresolved	
Donders 1860	unresolved	
DÔEN	generic	generic-listing
Levi's	unresolved	
Levi's Kids Footwear	unresolved	
LEVV	unresolved	
Leupold & Stevens	unresolved	
Donguimogam	unresolved	
LEWIS & MELLY	unresolved	
DL1961	unresolved	
dome BEAUTY	unresolved	
Lewis Leathers	unresolved	
DKNY	unresolved	
Donna Karan	ats	recruitee
Donna Karan	ats	recruitee
Lexington	unresolved	
Donna Sport	ats	recruitee
Donna Carolina	unresolved	
Domanscy	unresolved	
Leya.me	unresolved	
Leysen	unresolved	
LEYT	unresolved	
Lewanowicz	unresolved	
Dominique Healy	unresolved	
LEXI	unresolved	
Levetem	unresolved	
Lez a Lez	unresolved	
Lezat	unresolved	
LFDL	unresolved	
Li Parie	unresolved	
Li-Ning	unresolved	
Liars & Lovers	unresolved	
Dolce Vita	unresolved	
Liars Collective	unresolved	
LIB JOIE	unresolved	
Donna Dura	unresolved	
Libbi Nails	unresolved	
Libe Clothing	unresolved	
Libeco	unresolved	
Liberitae	unresolved	
Donnay	unresolved	
Donne da Sogno	unresolved	
Liberty Shoes	unresolved	
LIBERTY WOMAN	unresolved	
LibertyDoll	unresolved	
Donsje	unresolved	
Lice Queen	unresolved	
Licia Florio	unresolved	
Lico	unresolved	
Lidea	unresolved	
Liberation Nails	unresolved	
Lids	unresolved	
Lido Marinozzi	unresolved	
Dooney & Bourke	unresolved	
Lids	unresolved	
Life Elements	ats	lever
Life Less Ordinary	ats	lever
liebeskind berlin	unresolved	
Doops Designs	unresolved	
Liebeskind	unresolved	
Doré	unresolved	
Lifted Beauty	ats	greenhouse
LIEBLINGSSTÜCK	unresolved	
LIEBLINGSSTÜKKE BY MARTINA WODKE	unresolved	
Dorina	unresolved	
Liefling	unresolved	
Donuts & Fizz Bath Bombs	generic	generic-listing
LIEBRE STYLE	unresolved	
liël Clothing	unresolved	
Life Style Sports	ats	lever
Liewood	unresolved	
Doppeltree	unresolved	
LifeStride	unresolved	
Lies Mertens	unresolved	
Lifetherapy	unresolved	
Lifestyle Stores	unresolved	
DON'T WASTE CULTURE	unresolved	
Liger	unresolved	
Light Mountain	unresolved	
Lightmark	unresolved	
LiiLU	unresolved	
Liis	unresolved	
LiJia Baby	unresolved	
LikeMyChoice	unresolved	
Lilac Limited Crochet	unresolved	
LILANZ	unresolved	
LILAR Paris	unresolved	
LIL PAOLO	unresolved	
Lilian	unresolved	
Lilac Natural Beauty	unresolved	
DONDUP	unresolved	
Lilian von Trapp	unresolved	
lilimill	unresolved	
Lilit Botanicals	unresolved	
Dorotheum	unresolved	
Dorotheum Juwelier	unresolved	
LILIXIR	unresolved	
Liljenquist & Beckstead	unresolved	
Doris Streich	unresolved	
Donkervoort clothing	unresolved	
Lille Vinkel Sko	unresolved	
Dope Snow	unresolved	
Dorsu	unresolved	
Dora Larsen	unresolved	
Lillelam	unresolved	
DONNI.	unresolved	
Lilly Be Organic	unresolved	
Lilly Pulitzer	unresolved	
Dorvene	unresolved	
Doppelgänger	unresolved	
Lilly Sarti	unresolved	
Lily	unresolved	
Dots On Tots	ats	greenhouse
Lilou	unresolved	
Lily	unresolved	
DOSÉ LAB	unresolved	
Lily & Lionel	unresolved	
Lily & Marigold Botanical Skincare	unresolved	
LILY BROWN	unresolved	
Dossier	unresolved	
Lily Lemon	unresolved	
LilyAna Naturals	unresolved	
Lime Crime	unresolved	
Dotti	unresolved	
Dorothy Perkins	unresolved	
LimeLife by Alcone	unresolved	
Dorothee Schumacher	generic	generic-listing
LIMI feu	unresolved	
Dorve	unresolved	
Limit	unresolved	
Dotti	unresolved	
Limited Sports	unresolved	
Dos Gardenias	unresolved	
Linda Farrow	unresolved	
Lina Toro Beauty	unresolved	
Doughnut	unresolved	
dorothee schumacher	generic	generic-listing
Lina Hanson	unresolved	
Dose of Colors	unresolved	
Lindbergh	unresolved	
Linda Sieto	unresolved	
Lindry Lab	unresolved	
Douglas	unresolved	
Linen + Lace	unresolved	
Lindex Group	unresolved	
Lindsay Nicholas New York	unresolved	
Linen Connections	unresolved	
Linen Boutique	unresolved	
Lindex	unresolved	
Linen Fairytales	unresolved	
Linenbee	unresolved	
Dr. Arsy	unresolved	
Lion Of Porches	ats	wttj
Linen Wedding Dress	unresolved	
LinenDi	unresolved	
Linenfox	unresolved	
Doucal's	unresolved	
LinenMe	unresolved	
LingaDore	unresolved	
Linii Lyubvi	unresolved	
Double Dutchess	unresolved	
Dr. Denim	unresolved	
LINKKENS	unresolved	
Lionel the Label	unresolved	
dpHUE	unresolved	
Linhart Smile Care	unresolved	
DPR SKN	unresolved	
LINNÉ Botanicals	unresolved	
LIP	unresolved	
Lipora	unresolved	
Dovita Milano	unresolved	
Lipsy Limited	unresolved	
Dosenbach-Ochsner	generic	generic-listing
Lipsy London	unresolved	
Dr. Alkaitis Organics  LLC	unresolved	
Liquid Earth	unresolved	
Liquiproof	unresolved	
Dr. Idriss	unresolved	
Liquor N Poker	unresolved	
Lisa Marie Fernandez	unresolved	
Lisa Says Gah	unresolved	
Lior Gabriel	unresolved	
Dr. Liv Skincare AG	unresolved	
Lisa Kott	unresolved	
Doshi	unresolved	
Lisa Tibaldi	unresolved	
LISA VON TANG	unresolved	
DR. MARNIE	unresolved	
Lisa Yang	unresolved	
Lisca	unresolved	
Dr. Eddie's Facial Fortress	unresolved	
Lise Charmel	unresolved	
Douchebags	unresolved	
Lise Watier	unresolved	
Lisette L	unresolved	
Dr. Eddie's Dermal Defense	unresolved	
Lisette L Montreal	unresolved	
Dr. Eddie's Happy Cappy	unresolved	
Liska	unresolved	
Liska Lab	unresolved	
Lison Paris	unresolved	
Lissac	unresolved	
LISKA JOYAS	unresolved	
Lit Wickz & Crystals	unresolved	
LITA	unresolved	
Dr. Lift	unresolved	
Dr. Amy Wechsler	unresolved	
LITA by Ciara	unresolved	
Dr. Loretta	unresolved	
Little Bird Revival	unresolved	
Dr. Martens	unresolved	
Dr. Hauschka	unresolved	
DR.HC	unresolved	
Lite Year	unresolved	
Dr. Bronner's	unresolved	
Lititz Watch Technicum	unresolved	
Dr. Scholl's	unresolved	
Draeger Paris	ats	recruitee
Little Co. by Lauren Conrad	unresolved	
Dranella	unresolved	
Little David	unresolved	
Dr. Scholls Shoes	unresolved	
Little Emperor	unresolved	
Little Farmyard	unresolved	
Little Hedonist	unresolved	
Little Burgundy	unresolved	
Dr. Sylma	unresolved	
Little Indians	unresolved	
Little Lady Products	unresolved	
Dreaming in Luna	unresolved	
Little Legends	unresolved	
Little Liffner	unresolved	
dref_by_d	unresolved	
Little Green Radicals	unresolved	
Little Words Project	ats	greenhouse
Little Man Happy	unresolved	
Little MO&Co.	unresolved	
Dr. Sheffield's Original Toothpaste	unresolved	
Little Moon Essentials	unresolved	
Little Planet	unresolved	
Dreimaster	unresolved	
Little Mistress	unresolved	
Little Nature Lover	unresolved	
Little Seed Farm	unresolved	
Little Star Organic	unresolved	
Dr. Sorbie	unresolved	
Dress Code	unresolved	
Dream Labs	unresolved	
Little Tienda	unresolved	
Dream Crème™	unresolved	
Littleoddforest	unresolved	
LittlePuddletown	unresolved	
Liu Jo	unresolved	
Liv Metta	unresolved	
Dreamers & Drifters	unresolved	
Liv Bergen	unresolved	
LIV Swiss Watches	unresolved	
Liv:ra	unresolved	
Dreaming Green Boutique Inc	unresolved	
Little Pitterpat	unresolved	
Live 978	unresolved	
Dressmann	unresolved	
Live Bearded	unresolved	
Live The Process	unresolved	
Live Linen	unresolved	
Live Tinted	unresolved	
LIVE!	unresolved	
Dressterior	unresolved	
Livera	unresolved	
Dress In Love	unresolved	
Liverpool	unresolved	
Liviana Conti	unresolved	
Living Crafts	unresolved	
Live Free	unresolved	
Draper James	unresolved	
LIVSN	unresolved	
Drivemebikini	unresolved	
livy	unresolved	
Dresscode	unresolved	
Dressbarn	unresolved	
DRMTLGY	unresolved	
Livin' Kolor Cosmetics	unresolved	
Dresden	unresolved	
Drumohr	unresolved	
Living Kitzbühel	unresolved	
Livy Lingerie	unresolved	
Live Unlimited London	unresolved	
Liz Claiborne	unresolved	
Drybar	unresolved	
Liz Earle	unresolved	
Dressarte Paris	unresolved	
Lizush	unresolved	
Loavies	ats	recruitee
LK Bennett	unresolved	
LL Precious Creations	unresolved	
LLOYD	unresolved	
Lloyd Men's Belts	unresolved	
Dress Like Flo	unresolved	
Drake's	unresolved	
LMTD	unresolved	
LN Pro	unresolved	
LN|KNITS	unresolved	
LO NEEL	unresolved	
Loake 1880	unresolved	
LOBICHIA	unresolved	
DR.KONG	unresolved	
LJC DESIGNS	unresolved	
Locaite Labs	unresolved	
LOCAL HEROES	unresolved	
Druni	unresolved	
LOCAL EUROPEAN	unresolved	
Local Luxe Swim	unresolved	
Locally Grown Clothing Co.	unresolved	
DU PAREIL AU MÊME	unresolved	
LØCI	unresolved	
Dreffa	unresolved	
Lodi	unresolved	
LODING	unresolved	
Loeffler Randall	unresolved	
DSTLD	unresolved	
DUB	unresolved	
LOEVENICH	unresolved	
LNDR	unresolved	
Duca del Cosma	unresolved	
DSG DISGUSTO	unresolved	
LOEWE	unresolved	
DOGO	unresolved	
Löffler	unresolved	
Due Amanti	unresolved	
LOFT	unresolved	
Loft design by	unresolved	
Lofte Natural Care	unresolved	
DTLR	unresolved	
DUKE + DEXTER	unresolved	
DS Laboratories	unresolved	
Lofty Manner	unresolved	
DRM-LND	unresolved	
DUER	unresolved	
LOGO	unresolved	
Logoshirt	unresolved	
Duluth Trading	unresolved	
LOHB's	unresolved	
Dries Van Noten	unresolved	
Dune London	ats	teamtailor
DULIS	unresolved	
LOHO	unresolved	
Loïc Or	unresolved	
Duluth Trading Company	unresolved	
Lois	unresolved	
Dulzamara	unresolved	
Lois Jeans	unresolved	
Lojas Colombo	unresolved	
Lojas Renner	unresolved	
DRYKORN	generic	generic-listing
Lojas Riachuelo	unresolved	
Dunham's Sports	unresolved	
LOLA	unresolved	
Loints of Holland	unresolved	
DSQUARED2	generic	generic-listing
Dunnes Stores	unresolved	
Lola & Stella	unresolved	
Lola Arnao Beauty	unresolved	
Lola Cruz	unresolved	
Dunnock And Hinny	unresolved	
Lola Jeanine Boutique	unresolved	
Dulce Nail sprinkles	unresolved	
DUA Bags	unresolved	
Lola Prusac	unresolved	
Dunns	unresolved	
lola ramona	unresolved	
Lola Jeans	unresolved	
DUO-HUE	unresolved	
Lola Rose	unresolved	
LOLA TARA	unresolved	
London Fog	ats	greenhouse
Lola's Bag	unresolved	
LolaLiza	unresolved	
London Jewelers	ats	greenhouse
LolaVie	unresolved	
DUE.	unresolved	
Duna	unresolved	
Lolina	unresolved	
Durban Bagii	unresolved	
Lola Rey	unresolved	
Dure Merk	unresolved	
LOLLIPOPS	unresolved	
Lolly's Laundry	unresolved	
Lolo Carolo	unresolved	
Dunhill	unresolved	
Lomer	unresolved	
Duren	unresolved	
LONA	unresolved	
Londre Bodywear	unresolved	
Duno	unresolved	
Loop Swim	ats	personio
LOOP WHEELER	ats	personio
Lonely	unresolved	
Lonely Kids Club	unresolved	
Durea	unresolved	
DUNQUE	unresolved	
Long John	unresolved	
Longines	unresolved	
Löplabbet	ats	teamtailor
Loop.a life	ats	personio
Duty Free Americas	unresolved	
Longlivethequeen	unresolved	
Dunderdon	unresolved	
Look Sharpish	unresolved	
Loom	unresolved	
Loqi	ats	personio
Durango® Boots	unresolved	
DVS Shoes	unresolved	
Lore & Heart	ats	wttj
Loomi	unresolved	
Longhom®	unresolved	
LONGEVITY LONDON	unresolved	
DXL Men's Apparel	unresolved	
Looptworks	unresolved	
Loopy Mango	unresolved	
Dyad Fragrance	unresolved	
Loose Riders	unresolved	
Lord & Taylor	unresolved	
duskii	unresolved	
lord veshine	unresolved	
DYCTEAM	unresolved	
DSTREZZED	unresolved	
Lorde + Belle	unresolved	
Dutch Dandies	unresolved	
Lords of Harlech	unresolved	
Loreak Mendian	unresolved	
Dutch Label Shop	unresolved	
Dylan's Tees	unresolved	
duvetica	unresolved	
Lorenzi	unresolved	
Lorna Murray	unresolved	
Loro Oro	unresolved	
LOROETU	unresolved	
Lorenzoni	unresolved	
Loro Piana	unresolved	
Duret Paris	unresolved	
Lorpen	unresolved	
Dyspnea	unresolved	
LORRETI	unresolved	
DWRS label	unresolved	
Los Angeles Apparel	unresolved	
Dwell and Slumber	unresolved	
Los Angeles Salt Company®	unresolved	
Losamaré Cosmetics	unresolved	
Losano	unresolved	
Lost in Paris	unresolved	
Loren Stewart	unresolved	
Lost Ink	unresolved	
Lost Pattern	unresolved	
Lorna Jane	unresolved	
E. Tautz	unresolved	
LOTT.	unresolved	
Lotta From Stockholm	unresolved	
E.L.V. Denim	unresolved	
Lotte Department Store	unresolved	
E. Gluck Corporation	unresolved	
Lost Property Of London	unresolved	
Lotte Duty Free	unresolved	
E.Leclerc	unresolved	
LOTTE.99	unresolved	
Lottie HALL	unresolved	
E'MAR	unresolved	
LOTTUSSE	unresolved	
e.b.e.	unresolved	
e’serdiv	unresolved	
Lotto	unresolved	
Lotus	unresolved	
e.l.f. Cosmetics	unresolved	
Lotus Garden Botanicals	unresolved	
Lotus Moon Skin Care	unresolved	
e.l.f. Cosmetics  Inc.	unresolved	
LOTUS SILVER	unresolved	
Each Other	unresolved	
LOU Lingerie	unresolved	
Louche	unresolved	
loud + proud	unresolved	
Dynafit	unresolved	
EAH CHANIE	unresolved	
Earl of East	unresolved	
Louelle	unresolved	
Earnest Mom	ats	greenhouse
LouEmbrace	unresolved	
Early Majority	unresolved	
Louise Misha	ats	wttj
Louis and Mia	unresolved	
EARNEST SEWN	unresolved	
Louis Copeland and Sons	unresolved	
Earth and Body Wise	unresolved	
Louis Erard	unresolved	
Earth Baby Outfitters	unresolved	
Louis Philippe	unresolved	
Dylan Oaks	unresolved	
Louis Gabriel Nouchi	unresolved	
DUOltd	unresolved	
e&e	unresolved	
Louis Pion	unresolved	
Louis Vuitton	unresolved	
E5 Mode	unresolved	
Louisa Bracq	unresolved	
Louisa Ballou	unresolved	
Dynamite	generic	generic-listing
Louisa Parris	unresolved	
Earth Kiss	unresolved	
Louizon	unresolved	
Loulou Lollipop	unresolved	
Louloudi Skincare	unresolved	
Louminology	unresolved	
Lovable	ats	greenhouse
Earth Mama Organics	unresolved	
Lounge	unresolved	
Earth Squared	unresolved	
Loulou Studio	unresolved	
LOUMI Skincare	unresolved	
EARTH TEMPO	unresolved	
Lounge Nine	unresolved	
Loup Charmant	unresolved	
Loupe Organics	unresolved	
LOUVE	unresolved	
Lousy Livin Underwear	unresolved	
Lourdes New York	unresolved	
Earth To Malibu	unresolved	
DYNASTY JEWELERS	unresolved	
LOUXNYX	unresolved	
Earth’s Substance	unresolved	
Love Affair	unresolved	
Love and Confuse	unresolved	
EarthDye	unresolved	
Love and Light Botanicals	unresolved	
LOVE BRAND & Co	unresolved	
Love Copenhagen	unresolved	
Love is Art	unresolved	
Love Lolita	unresolved	
Earth Harbor Naturals	unresolved	
Love Lori	unresolved	
LOVE REPUBLIC	unresolved	
Love Stories	unresolved	
Earthly Body	unresolved	
Love Ur Curls	unresolved	
Earth Divas	unresolved	
Earth Tu Face	unresolved	
LOVE WHO YOU ARE	unresolved	
Love  Indus	unresolved	
East 29th	unresolved	
LOVE2WAIT	unresolved	
Lovechild	unresolved	
EAST 42ND	unresolved	
Loved01	unresolved	
East Harbour Surplus	unresolved	
Earth Music and Ecology	unresolved	
LoveLux	unresolved	
Eastpak	ats	smartrecruiters-whitelabel
EasterMia	unresolved	
Lovely Bird	unresolved	
Lovery	unresolved	
Eastland	unresolved	
LoveShackFancy	unresolved	
Eastern Mountain Sports	ats	recruitee
Lovetree Design	unresolved	
LOVETRUST	unresolved	
Lovett Sundries	unresolved	
Lovisa	unresolved	
LoveU Organics	unresolved	
LOVJOI	unresolved	
LOVLIFE	unresolved	
Earth Elements Soapworks	unresolved	
LOVST TOKYO	unresolved	
LOW CLASSIC	unresolved	
Low Season	unresolved	
Lowa	unresolved	
Lower Park	unresolved	
Eat Dust	unresolved	
Earthyskin	unresolved	
Lowie	unresolved	
Loxion	unresolved	
LOWRYS FARM	unresolved	
Easy Spirit	unresolved	
Lozza	unresolved	
Eat Your Water	unresolved	
LR Health & Beauty Systems	unresolved	
earth creations	unresolved	
LTB Jeans	unresolved	
Lu Ren	unresolved	
Lua Accessories	unresolved	
LUA skincare	unresolved	
Eagle Creek	unresolved	
Luciano Gelisio	ats	personio
Luar	unresolved	
Earthley Wellness	unresolved	
Eating the Goober	unresolved	
Lubiam	unresolved	
Ebel	unresolved	
LUCA	unresolved	
Earthbound Trading Company	unresolved	
Loyal E. Paris	unresolved	
Ebbets Field Flannels	unresolved	
Eberjey	unresolved	
Lowes Menswear	unresolved	
Luca Grossi	unresolved	
Luca Vanucci	unresolved	
Eauso Vert	unresolved	
LUCA-KAYZ	unresolved	
Lucy & Yak	ats	teamtailor
Lucano	unresolved	
Ebb Ocean Club	unresolved	
Lucardi Juwelier	unresolved	
Luhta	ats	teamtailor
ECCO	unresolved	
Lucki Store	unresolved	
Lucky Brand	unresolved	
EB Denim	unresolved	
Lucy	unresolved	
Lucardi	unresolved	
Lucy Bee	unresolved	
Dutch Dream Denim	unresolved	
Ludique	unresolved	
DuoZouLu	unresolved	
Eau de Mélisse des Carmes	unresolved	
éclipse	ats	greenhouse
LUDLOW	unresolved	
Lucky Clown	unresolved	
Ludovic De Saint Sernin	unresolved	
Lugz	unresolved	
Ebony Bolts	unresolved	
Luis Trenker	unresolved	
Luisa Cerano	unresolved	
LUEDER	unresolved	
Ebbe	unresolved	
Luisa Vannini	unresolved	
Luisa Spagnoli	unresolved	
Luiza Barcelos	unresolved	
Eco Tee Co	unresolved	
Luke 1977	unresolved	
LUKFOOK	unresolved	
Eberhard & Co.	unresolved	
ECKHAUS LATTA	unresolved	
Eau de Juice	unresolved	
ECHTE	unresolved	
Ecentric	unresolved	
Lukfook Jewellery	unresolved	
Lulipa London	unresolved	
Lulu Copenhagen	unresolved	
Luminous Being	ats	personio
Lulu Guinness	unresolved	
Lullilu	unresolved	
Ecko Unltd	unresolved	
LULUALWAYS	unresolved	
Lululemon	unresolved	
Lulus	unresolved	
LumberUnion	unresolved	
Lumene	unresolved	
Lumentee	unresolved	
Lumi3re	unresolved	
Lunettes pour Tous	ats	wttj
Lumin Skincare	unresolved	
Lumisha	unresolved	
Eco Intimates	unresolved	
ecmile	unresolved	
Lumiyoo	unresolved	
Luna	unresolved	
LUNA & ROSE	unresolved	
Lush	ats	greenhouse
Luna bel clothing	unresolved	
Luna Nectar	unresolved	
Lunavit	unresolved	
Ecoology	unresolved	
Eco Lips	unresolved	
Lush Lapel	ats	greenhouse
LUNA'MOUR Beauty	unresolved	
Ecoalf	unresolved	
EcoRight	unresolved	
EcoAble	unresolved	
Lune Active	unresolved	
Lunescape	unresolved	
Econock	unresolved	
LUNGE	unresolved	
Eco-Dent International	unresolved	
Ecru	unresolved	
Lunya	unresolved	
EcoChoices	unresolved	
econscious	unresolved	
EconomClass	generic	generic-listing
Lupo	unresolved	
Ecozz	unresolved	
Lurchi	unresolved	
EcoPeaCo.	unresolved	
Lusquinos	unresolved	
Lusana	unresolved	
Lusso Locale	unresolved	
Lutecia	unresolved	
Lusso Cloud	unresolved	
Luva Huva	unresolved	
Lux Mood by European Culture	unresolved	
LuxbyAura	unresolved	
Luxe & Nature™	unresolved	
LUXE RITUAGE	unresolved	
Luxe Wix®	unresolved	
Luxiny  Luxurious Bath & Body	unresolved	
ecuvo	unresolved	
Luxoptica	unresolved	
Luxuar Fashion	unresolved	
Luxxxxe	unresolved	
LUXZUZ // ONE TWO	unresolved	
Eczema Honey	unresolved	
Luzern	unresolved	
LUZI	unresolved	
Ed Hardy	unresolved	
LVHR	unresolved	
LVIR	unresolved	
Edas	unresolved	
LXMI	unresolved	
LYLA BLANC PRIVATE LIMITED	unresolved	
Lyle & Scott	unresolved	
Eddie Bauer	unresolved	
M. Moustache	ats	wttj
Edeline Lee	unresolved	
Lyle & Scott Scotland	unresolved	
Lylou the label	unresolved	
Eden Life Organics	unresolved	
Lyndsey Clark Boutique	unresolved	
LynnSophie	unresolved	
Eden Park	unresolved	
Lynx Optique	unresolved	
LYS Beauty	unresolved	
EDEN power corp	unresolved	
M (+) plus Design	unresolved	
M Natural	unresolved	
Edie Parker	unresolved	
M_	unresolved	
M-Tac US	unresolved	
Edikted	unresolved	
M. CARYA	unresolved	
M. Skin Care	unresolved	
M.Gemi	unresolved	
M.Hainey	unresolved	
EDITED	unresolved	
M.J. Bale	unresolved	
M.D. Blend	unresolved	
M.Latin	unresolved	
Edeniste	unresolved	
M.Micallef	unresolved	
M.PATMOS	unresolved	
m.ph	unresolved	
Ed. Pinaud	unresolved	
Editions de Parfums Frédéric Malle	unresolved	
Edgars	unresolved	
M.S Skincare	unresolved	
M+	unresolved	
EDJI	unresolved	
M&Co.	unresolved	
Edge of Ember	unresolved	
Edenly	unresolved	
M.Rena	unresolved	
M+RC NOIR	unresolved	
MA.STRUM	unresolved	
MAAG	unresolved	
Edie Grim	unresolved	
MAAJI	unresolved	
Maati Maati	unresolved	
MABLI	unresolved	
Mabô	unresolved	
Mac Jeans	unresolved	
Écouter Voir	generic	generic-listing
MACARENA	unresolved	
Mac-House	unresolved	
MAC Mode	unresolved	
macgraw	unresolved	
MACHETE	unresolved	
MACIAN	unresolved	
Mack Weldon	unresolved	
Mackage	unresolved	
Mackintosh	unresolved	
mad penguin skin care	ats	wttj
Macowens	unresolved	
MADE BY SOCIETY	ats	teamtailor
Made in Sens	ats	teamtailor
Macpac	unresolved	
Made Simple Skin Care	ats	teamtailor
Edmonds.Love	unresolved	
Edward Armah	unresolved	
Macron	unresolved	
Macson	unresolved	
Macy's	unresolved	
Madhappy	ats	lever
Macy's Backstage	unresolved	
Madam Glam	unresolved	
EDWIN	unresolved	
Madame Gabriela	unresolved	
Madame C.J. Walker Manufacturing Company	unresolved	
Edwin USA	unresolved	
MADAMEZORRO	unresolved	
Effeny	unresolved	
EGO	unresolved	
Madebyesposito	unresolved	
MadeByMe Co.	unresolved	
Madelyn Ashley Cosmetics	unresolved	
EGOCHEF	unresolved	
Madewell	unresolved	
Madison Reed	unresolved	
Madness	unresolved	
Eifini	unresolved	
Madre Botanics	unresolved	
EFE	unresolved	
Madre Luna	unresolved	
Mads Nørgaard A/S	unresolved	
Mads Nørgaard	unresolved	
Mae & George Home Fragrances	unresolved	
Eight & Bob	unresolved	
Mae & Ivy	unresolved	
Maed Beauty	unresolved	
Magazine Luiza	unresolved	
Maerz	unresolved	
Magda Butrym	unresolved	
Magenta Threads	unresolved	
Edmmond	unresolved	
Maggie's Organics	unresolved	
Maghreb United Barbershop	unresolved	
Eiger	unresolved	
Magic in Mohmaya	unresolved	
Magicfelt	unresolved	
MagicLinen	unresolved	
Magasin du Nord	unresolved	
Edge Clothing	unresolved	
Magna Dea	unresolved	
Magnanni	unresolved	
MAGNETHIK	unresolved	
Magnlens	unresolved	
Eileen & Eva	unresolved	
Maggie Marilyn	unresolved	
Magnolia Park	ats	greenhouse
MAGNO MONTERO	unresolved	
EganaGoldpfeil (Holdings) Ltd.	unresolved	
Eileen Fisher	unresolved	
Magosisters	unresolved	
Efva Attling	unresolved	
Magic Flying Boots	unresolved	
Eight Saints	unresolved	
Eguzkilore	unresolved	
Einrlloris	unresolved	
maharishi	unresolved	
Mahina Beaute	unresolved	
MAHLA	unresolved	
Mahogany	unresolved	
EHE Apparel	unresolved	
eit swim	unresolved	
Maicazz	unresolved	
MAIDEN LANE	unresolved	
Maidenform	unresolved	
Mainbocher	unresolved	
Eight2Nine	unresolved	
Mainio	unresolved	
Magnet America	unresolved	
eko-banz	unresolved	
Mainie	unresolved	
Mainland Skate & Surf	unresolved	
Maiook	unresolved	
Maisie Wilen	unresolved	
MAISON AIDA	unresolved	
Magpie Goose	unresolved	
Maison Alfa	unresolved	
Maison ARTC	unresolved	
Eileen West	unresolved	
Maison Bernard Zins	unresolved	
Einstein Newton	unresolved	
Maison Alhambra	unresolved	
maison blanche	unresolved	
EIJI	unresolved	
Maison Birks	unresolved	
EBY	unresolved	
Maison Bon Voyage	unresolved	
MAISON BREEZE	unresolved	
Maison Catanzaro	unresolved	
El Corte Inglés	unresolved	
Maison Close	unresolved	
Maison Common	unresolved	
Ekta Helsinki	unresolved	
Maison Francis Kurkdjian	unresolved	
Eivy	unresolved	
Maison Henry Jullien	unresolved	
MAISON AMIIR	unresolved	
Maison de L'Asie	unresolved	
Maison Crivelli	unresolved	
Maison Labiche	unresolved	
Maison Lejaby	unresolved	
Maison Manël	unresolved	
Maison Michel	unresolved	
Maison Pyramide	unresolved	
Maison Rabih Kayrouz	unresolved	
MAISON MARAIS	unresolved	
Maison Roboto	unresolved	
Maison Rebatchi	unresolved	
Maison Hēroïne	unresolved	
MAKE	ats	greenhouse
Maison Special	unresolved	
Make & Mary®	ats	greenhouse
Maison Tahité	unresolved	
Make An Impact	ats	greenhouse
Make My Lemonade	ats	greenhouse
MAITO	unresolved	
MAISON LES ÉNERVÉS	unresolved	
Make the Dot	ats	greenhouse
Edgardio Chilini	unresolved	
Make Up For Ever	ats	greenhouse
Maium	unresolved	
Make-up Art Cosmetics	ats	greenhouse
Maiyo	unresolved	
Maki Sandals	ats	wttj
Majestic	unresolved	
Majorica	unresolved	
Makalu	unresolved	
Maison Yusif	unresolved	
Majestic Filatures	unresolved	
El ganso	unresolved	
Makeup By Mario	unresolved	
Malabar Gold and Diamonds	unresolved	
Malelions	unresolved	
El Palacio de Hierro	unresolved	
Makia	unresolved	
El Vaquero	unresolved	
El Naturalista	unresolved	
Malhia Kent	unresolved	
EKOSPORT	unresolved	
Mali + Liili	unresolved	
Malianta	unresolved	
ekn footwear	unresolved	
MALIN+GOETZ	unresolved	
Edition	unresolved	
Elais Oils	unresolved	
MALION VINTAGE	unresolved	
Eisenberg Paris	unresolved	
Malja	unresolved	
Elcove	unresolved	
El Nuevo Mundo	unresolved	
Mallet London	unresolved	
Ekonika	unresolved	
Mally	unresolved	
Malo	unresolved	
Malone Souliers	unresolved	
Eleanor Bowmer	unresolved	
Maluo	unresolved	
Malvi & Co.	unresolved	
Ekyog	unresolved	
Elefanten	unresolved	
Malvin	unresolved	
Malwee	unresolved	
Elegancia Tropical Hats	unresolved	
Mama Benz	unresolved	
Mama Sol	unresolved	
Mama;licious	unresolved	
Mamas & Papas	unresolved	
MamaSuds	unresolved	
MAME KUROGOUCHI	unresolved	
Mámbino Organics	unresolved	
Mami.x	unresolved	
Mammut	unresolved	
Elements of Freedom	unresolved	
Elementy	unresolved	
Manaco	unresolved	
Elder-Beerman	unresolved	
Manas	unresolved	
Elena Miro	unresolved	
Mamas Medicinals	unresolved	
Elena Rosenberg	unresolved	
Mancera	unresolved	
MANDALA	unresolved	
MANASTASH	unresolved	
Mandarina Duck	unresolved	
Mandee	unresolved	
Mandèl	unresolved	
El Puerto de Liverpool	unresolved	
Manduka	unresolved	
manière de voir	ats	smartrecruiters-whitelabel
El Yoga Mola	unresolved	
Eleanna Katsira	unresolved	
Mane SA	unresolved	
Elegantees	unresolved	
ELEKTROPULLI	unresolved	
Manebí	unresolved	
MANFIELD	unresolved	
Element Brooklyn	unresolved	
Mango	unresolved	
Mangotti	unresolved	
Manhattan Portage	unresolved	
Mani	unresolved	
Mania	unresolved	
MANIA JEANS	unresolved	
Manic Panic	unresolved	
Manifestie	unresolved	
Elbsand	generic	generic-listing
Elena Velez	unresolved	
Maniform	unresolved	
Manimekala	unresolved	
Manitobah Mukluks	unresolved	
Manjeri Skincare	unresolved	
Eleven W/shes	unresolved	
Manna Kadar Beauty	unresolved	
Eleni & Chris	unresolved	
Mantis World	ats	greenhouse
Manning Cartell	unresolved	
Eleven Six	unresolved	
eleven44	unresolved	
Männersache	unresolved	
Elevenparis	unresolved	
Elenne Body Care Products	unresolved	
Manolo Blahnik	unresolved	
Manor	unresolved	
Eleventy	unresolved	
Elevate Beauty	unresolved	
ELEWA natural	unresolved	
Manos del Uruguay	unresolved	
Eleven Everything	unresolved	
Manos Soap Co.	unresolved	
MANOU	unresolved	
Elfs	unresolved	
Mansa Musu	unresolved	
Mansur Gavriel	unresolved	
ELEVATED	unresolved	
Mansure & Prettyman's HARP	unresolved	
Mantas Ezcaray	unresolved	
ELENDEEK	unresolved	
MANU Atelier	unresolved	
Elie Saab	unresolved	
Manuela Conti	unresolved	
Manuel Ritz	unresolved	
Manuele Ficano	unresolved	
Eleven James	unresolved	
Manufactum	unresolved	
éliou	unresolved	
Manufaktura	unresolved	
Manyavar	unresolved	
Elisabetta Franchi	unresolved	
Manufaktura MMS	unresolved	
Elite Jewelers	ats	greenhouse
MAPI urban clothes	unresolved	
maqu	unresolved	
Elenco	unresolved	
Marat	unresolved	
MARA Beauty  LLC	unresolved	
Marathon Sports	unresolved	
Elie Beaumont	unresolved	
Marathon Sports	unresolved	
Elias Rumelis	unresolved	
Manuela Henriques	unresolved	
Eli 1957	unresolved	
Marathon Sports	unresolved	
Maravilha Natural	unresolved	
Eline Rosina	unresolved	
ELAND	generic	generic-listing
Elisa Sanna	unresolved	
MARC AUREL	unresolved	
MARC CAIN	unresolved	
Elina Organics	unresolved	
MARC ENZO	unresolved	
Mappin & Webb	unresolved	
Marble Berriez	unresolved	
Elkline	unresolved	
ELFINDOLL	unresolved	
ELIURPI	unresolved	
Marc Point Venezia	unresolved	
Marc Jacobs	unresolved	
Elie Tahari	unresolved	
Marc O'Polo	unresolved	
Marcell von Berlin	unresolved	
Marcella	unresolved	
Marcelo Burlon County of Milan	unresolved	
Ella Baché	unresolved	
Marcia	unresolved	
Marcia de Carvalho	unresolved	
Marciano by GUESS	unresolved	
MarcMarcs	unresolved	
Elizabeth Mott	unresolved	
Marc Orian	unresolved	
Marco Aldany	unresolved	
Marco Castro	unresolved	
Marc-Antoine Barrois	unresolved	
Marco Masi	unresolved	
MARCO Atelier	unresolved	
ella+mila	unresolved	
Marco Pescarolo	unresolved	
Ella & Witt	unresolved	
Eliza J	ats	workday
Marcos Nalini	unresolved	
Maren Jewellery	unresolved	
Marfa Stance	unresolved	
Elkie + Co.	unresolved	
Marchesa Notte Bridesmaids	unresolved	
Elizabeth and James	unresolved	
Margon Metamorfosi	unresolved	
MARHEN.J	unresolved	
Elleme	unresolved	
Ella Boutique	unresolved	
Margaret Selection Paris	unresolved	
Mari Fox Wellness	unresolved	
Elixir Naturals	unresolved	
Maria Aguyé	unresolved	
Maria Black	unresolved	
Marco Tozzi	unresolved	
Maria Contigiani	unresolved	
ELLI	unresolved	
Ella K Parfums	unresolved	
Mari Quinn	unresolved	
Maria Grachvogel	unresolved	
Marden's	unresolved	
ElleGemz	unresolved	
Maria Maleta	unresolved	
Maria Mcmanus	unresolved	
Mariah Rovery	unresolved	
Ella& Il	unresolved	
MARIAMARE	unresolved	
Ellis Brigham	unresolved	
Maria Tash	unresolved	
MarianaMalni	unresolved	
Maria La Rosa	unresolved	
Elle Couture	unresolved	
Ellyla	unresolved	
Mariclaro	unresolved	
elle polish	unresolved	
Marie Jo	unresolved	
Mariano	unresolved	
Elk	generic	generic-listing
Marie Originals	unresolved	
Marie-Chantal	unresolved	
Marilyn	unresolved	
Elmas Phil	unresolved	
Marigold Life	unresolved	
Ellen Tracy	unresolved	
ellesse	unresolved	
Marimekko	unresolved	
MariBodi Beauty	unresolved	
ELLIKER	unresolved	
Marina Rinaldi	unresolved	
MARINA VOLPE	unresolved	
Marine Layer	unresolved	
Marine Serre	unresolved	
Marine5 Shimizuya	unresolved	
Marinepool	unresolved	
Mario Doni	unresolved	
Marionnaud	unresolved	
Maripé	unresolved	
Elodie's Naturals	unresolved	
Marine Henrion	unresolved	
Ellastiek	unresolved	
Marisa	unresolved	
Marisfrolg	unresolved	
Marita Moreno	unresolved	
Elsewhere	unresolved	
Marithé + François Girbaud	unresolved	
Markham	ats	lever
Elsien Gringhuis	unresolved	
Maritime Naturals	unresolved	
Elomi	unresolved	
Marivie	unresolved	
Marjana von Berlepsch	unresolved	
Elonai	unresolved	
Elle Chic	unresolved	
Marjolaine	unresolved	
Marjolein Elisabeth	unresolved	
ELON Essentials	unresolved	
Marinela Makeup	unresolved	
Elvang Denmark	unresolved	
Mark Formelle	unresolved	
elphile	unresolved	
MARK PJETRI	unresolved	
Elvine	unresolved	
MARKAWARE	unresolved	
Markberg	unresolved	
Elvira Collections	unresolved	
Marko	unresolved	
Marmot	ats	personio
Elliss	generic	generic-listing
Marks & Spencer	unresolved	
Emaal Cashmere	unresolved	
MARLE	unresolved	
Embassy of Bricks and Logs	unresolved	
Marlies Dekkers	unresolved	
Marlot Paris	unresolved	
Marlow and Mae	unresolved	
Marloweville	unresolved	
EMBROGO	unresolved	
Marlù	unresolved	
Marmalade	unresolved	
MarMar Copenhagen	unresolved	
MARMARSO	unresolved	
Eloquii	unresolved	
Mark's	unresolved	
Marni	unresolved	
Emel	unresolved	
Märta Larsson	ats	personio
Marocafella	unresolved	
elliott footwear	unresolved	
Em’z Blendz Soap Co.	unresolved	
Marpple Corporation	unresolved	
Emerica	unresolved	
Marques ' Almeida	unresolved	
Mars Nails	unresolved	
Emilio Adani	unresolved	
Marsèll	unresolved	
EMERA CBD Haircare	unresolved	
Emanate Essentials	unresolved	
Mars Loves Her	unresolved	
Marshalls	unresolved	
Emilio Pucci	unresolved	
Marshall Columbia	unresolved	
Mart Visser	unresolved	
Marshall Artist	unresolved	
Ember Wellness	unresolved	
MARTAN	unresolved	
ELTON hodinářská	generic	generic-listing
Martes Sport	unresolved	
Martin Asbjørn	unresolved	
EMILY WEEK	unresolved	
Martha Medeiros	unresolved	
Martina Pipková Loudová	unresolved	
Martina Spetlova	unresolved	
Emanuele Bicocchi	unresolved	
EMIN + PAUL	ats	personio
Marudai	unresolved	
Marumitsu	unresolved	
MARUPE LINEN HOUSE	unresolved	
Eckō Unltd.	unresolved	
Maru & Ming	unresolved	
EMMA HYACINTH	unresolved	
Maruti	unresolved	
Marvelis	unresolved	
Emma jonnz beauty	unresolved	
Emilia George	unresolved	
Martine ROSE	unresolved	
else	unresolved	
Marville	unresolved	
Emily & Noah	unresolved	
EMME	unresolved	
MAS Holdings	ats	greenhouse
MARY ALLAN SKIN CARE	unresolved	
Emme Parsons	unresolved	
Mary Katrantzou	unresolved	
Emily Carter London	unresolved	
Emma's Emporium	unresolved	
Mary Kay	unresolved	
Emily Van Den Bergh	unresolved	
Mary Tylor Naturals	unresolved	
emmi	unresolved	
Maryam Ahmed Official	unresolved	
Maryan Mehlhorn	unresolved	
Marylia Scott Cosmetics	unresolved	
EMODA	unresolved	
MARYPAZ	unresolved	
Elvis & Kresse	unresolved	
Em & May	unresolved	
MaryRuth's	unresolved	
Marysia	unresolved	
EMLING	unresolved	
Masai	unresolved	
Masala Tee	unresolved	
Emoi	unresolved	
Masami	unresolved	
Enable the Label	ats	lever
Masapera	unresolved	
Mascaró	unresolved	
Massimo Dutti	ats	recruitee
MASCOT Workwear	unresolved	
EMILY AND FIN	unresolved	
MARY YOUNG	unresolved	
Masha Apparel	unresolved	
MASHA POPOVA	unresolved	
Mashu	unresolved	
Emma	unresolved	
Emma och Malena	unresolved	
MASKA	unresolved	
Mascotte	unresolved	
Maska Organics	unresolved	
Mason Garments	unresolved	
mat star	ats	teamtailor
Enamel	unresolved	
Mason's	unresolved	
émoi émoi	unresolved	
Enchanted	unresolved	
MASSI MILANO	unresolved	
Massimo Romolini	unresolved	
Match point linen	ats	teamtailor
Mastak	unresolved	
MASTER BUNNY EDITION	unresolved	
Master Soap Makers	unresolved	
mastermind Japan	unresolved	
Endlich Ohne	unresolved	
Masterpeace	unresolved	
MASTOOR	unresolved	
Masumi Headwear	unresolved	
Matahari Department Store	unresolved	
Matalan	unresolved	
Mata Traders	unresolved	
Matcha Paris	unresolved	
Emulsion Printhouse	unresolved	
MATE the Label	unresolved	
Mateo	unresolved	
Emphasis	unresolved	
MATER SOAP LLC	unresolved	
Emporio Armani	unresolved	
Materiel	unresolved	
Matières Fécales	unresolved	
Matt & Nat	ats	recruitee
MATIN	unresolved	
Matinique	unresolved	
Endless Joy	unresolved	
MATT Optik	ats	recruitee
Matix	unresolved	
EMU Australia	unresolved	
MATONA	unresolved	
Matr Boomie	unresolved	
Endura	unresolved	
EndureLash	unresolved	
Matri	unresolved	
Encircled	unresolved	
Matsuda	unresolved	
Matsuya	unresolved	
Matsuzakaya	unresolved	
ENORSIA	unresolved	
Matsuzakaya Nagoya	unresolved	
Matteau	unresolved	
Enrico Coveri	unresolved	
Matter Facial	unresolved	
Matter Outdoors	unresolved	
Engbers	unresolved	
Matthew Bruch	unresolved	
Enfant Terrible	unresolved	
MATTISE	unresolved	
en Vogue Sculptured Nail Systems	unresolved	
MATY	unresolved	
Enter the E	unresolved	
MAUBOUSSIN	unresolved	
Maui Jim	unresolved	
ENSULO	unresolved	
Ena Pelly	unresolved	
Maureen	unresolved	
Engol Collections	unresolved	
Maura Coscia Atelier	unresolved	
ENCUENTRO	generic	generic-listing
Envie de Fraise	unresolved	
Entetsu Department Store	unresolved	
Mäurer & Wirtz	unresolved	
ENGINEERED GARMENTS	unresolved	
Maurice Lacroix	unresolved	
ENFÖLD	unresolved	
EnJoi	unresolved	
Envii	unresolved	
Maurice Malone	unresolved	
Max	ats	recruitee
Maurices	unresolved	
Maurie & Eve	unresolved	
Max Fashion	ats	recruitee
Maurizio Baldassari	unresolved	
Max et Moi	ats	recruitee
Mautto	unresolved	
Max Original Leather	ats	recruitee
Mavala UK	unresolved	
Mavi	unresolved	
MAVI STEP	unresolved	
Mavic	unresolved	
MAVOHAIR	unresolved	
MAX&Co.	ats	recruitee
MaWeePet	unresolved	
Max Mara Fashion Group	unresolved	
Maxeffects Naturals	unresolved	
Maya Chia	ats	lever
Maxfaber	unresolved	
Maya Mari Kids	ats	lever
MAXMILA	unresolved	
Maya's Ideas	ats	lever
Maven Women	unresolved	
Maxomorra	unresolved	
Envelope1976	unresolved	
Enviroscent	unresolved	
MAXRIENY	unresolved	
Maximo	unresolved	
Max Mara	ats	recruitee
Maya Maya	ats	lever
MaxTara	unresolved	
EP Soak by San Francisco Salt Co	unresolved	
Maxxam	unresolved	
ephd	unresolved	
Envy	unresolved	
Maya Eco	unresolved	
Enza Costa	unresolved	
Maya Magal	unresolved	
Mayamiko	unresolved	
Maybelline	unresolved	
Mayerline	unresolved	
Mayer's Markenschuhe	unresolved	
Mayan Fair Trade Store	unresolved	
EOS	unresolved	
Eonian Skincare	unresolved	
Mayo Chix	unresolved	
EOE Eyewear	unresolved	
Maylyn & Co.	unresolved	
Mayoral	unresolved	
Mazador	unresolved	
Maypol	unresolved	
EPØKHE	unresolved	
ENRUINI	unresolved	
Maze	unresolved	
emon	unresolved	
mazine	unresolved	
Mazoni	unresolved	
EPSOAK NATURALS COLLECTION	unresolved	
Mazzucchelli's	unresolved	
Epsoothe™	unresolved	
MB Cork	unresolved	
MCS	ats	greenhouse
MbyM	unresolved	
MC2 SAINT BARTH	unresolved	
McCall's Highlandwear	unresolved	
Episode	unresolved	
EPHEMERA	unresolved	
McConnell	unresolved	
EO Products	generic	generic-listing
McGregor	unresolved	
Equinox Fragrance	unresolved	
McGregor Footwear	unresolved	
époque évolution	unresolved	
McGuire Army Navy	unresolved	
MCLC	unresolved	
MCM	unresolved	
MBT / Masai Barefoot Technology	unresolved	
Epres	unresolved	
McOptic	unresolved	
McTavish Surf	unresolved	
Meaningful Beauty ®	ats	recruitee
ERA Department Stores	unresolved	
McTREK	unresolved	
MD	unresolved	
MD GLAM	unresolved	
EPTM.	unresolved	
Md’M	unresolved	
ENWEIS	unresolved	
MDNT:45	unresolved	
Me Mother Earth	unresolved	
Me%	unresolved	
Era Watch Company	unresolved	
EPOCA	unresolved	
Me Spa	unresolved	
ME+EM	unresolved	
MEACHEAL	unresolved	
Meadowlark	unresolved	
MECRE	unresolved	
Erdos	unresolved	
Equivalenza	unresolved	
Mediceuticals	unresolved	
Medicine	unresolved	
medovy.shop	unresolved	
Epicuren Discovery	unresolved	
MedZone	unresolved	
EQUALAND	unresolved	
Era Organics	unresolved	
Eric Bompard	ats	recruitee
MEC Canada	unresolved	
Meemoza	unresolved	
Mees	unresolved	
Megababe	unresolved	
ERICH FEND	unresolved	
Erbaviva	unresolved	
MEGAN & CO Herbal Apothecary and Clinic	unresolved	
Erin Draper	unresolved	
Erdem	unresolved	
EQUIPMENT	unresolved	
Megan Leone Designs	unresolved	
Erin Snow	unresolved	
Megan Wilson Jewelry	unresolved	
Megane Drug	unresolved	
Megane Ichiba	unresolved	
Mejuri	ats	greenhouse
Megane Store	unresolved	
Meganesuper	unresolved	
EQUIVA	generic	generic-listing
Ergobag	unresolved	
Megasport	unresolved	
Mehran	unresolved	
Mei Apothecary	unresolved	
Epos	generic	generic-listing
Ermenegildo Zegna	unresolved	
Meindl	unresolved	
Meinekette	unresolved	
Equestrian Stockholm	unresolved	
Ermenegildo Zegna	unresolved	
Meislahn	unresolved	
Ericeira Surf & Skate	unresolved	
MeisterSinger GmbH & Co. KG	unresolved	
Erfurt luxury	unresolved	
Meitetsu Department Store Head Store	unresolved	
MEILLEUR MOMENT	unresolved	
Meka Models	unresolved	
Eroke	unresolved	
Erl	unresolved	
Mela Vastra	unresolved	
MelanBrand Skin	unresolved	
Melania	unresolved	
Melanie Lyne	unresolved	
éS Skateboarding	unresolved	
MelAsana Soap	unresolved	
erlich textil	unresolved	
ERLY	unresolved	
MELAWEAR	unresolved	
Esby Apparel	unresolved	
Melbourne Leather Co.	unresolved	
Meleg Perfumes	unresolved	
ERKE	unresolved	
Meli Melo	unresolved	
Melie Bianco	unresolved	
MELA	unresolved	
Melin	unresolved	
Meliora Cleaning Products	unresolved	
Melissa	unresolved	
Melissa Joy Manning	unresolved	
Melissa Odabash	unresolved	
Melanin Haircare	unresolved	
Mellins	unresolved	
Melrose Ave Fashion	unresolved	
errore	unresolved	
Melt Cosmetics	unresolved	
MELT THE LADY	unresolved	
ESCVDO	unresolved	
Melton	unresolved	
Ernsting's family	unresolved	
Esas NYC	unresolved	
Escama Studio	unresolved	
Ernest Jones	unresolved	
Melik Shoes	unresolved	
melvin & hamilton	unresolved	
Members Only	unresolved	
Memoize London	unresolved	
Escentric Molecules	unresolved	
MEMORA	unresolved	
Men's Wearhouse	unresolved	
Menbur	unresolved	
Erve Shop	unresolved	
menique	unresolved	
MĒNOS skin	unresolved	
MEOMARI	unresolved	
Meow Meow Tweet	unresolved	
mephisto	unresolved	
Merkal	ats	teamtailor
Merc	unresolved	
MERCER	unresolved	
Mercer Amsterdam	unresolved	
Merchcode	unresolved	
MercuryDuo	unresolved	
Mennace	unresolved	
Merz B. Schwanen	ats	personio
Merge4 Mfg. Inc	unresolved	
Meridian	unresolved	
Esembly	unresolved	
MeridaSKIN	unresolved	
eSalon	generic	generic-listing
ESICA	unresolved	
MERIT	unresolved	
Merino Kids	unresolved	
esmé studios	unresolved	
Esme	unresolved	
ESOTIQ	unresolved	
ESP	unresolved	
Merle Norman Cosmetics	unresolved	
Mermaid&Wild	unresolved	
Merrell	unresolved	
Merry People	unresolved	
MERSOR	unresolved	
ESCADA	unresolved	
Meryll Rogge	unresolved	
Mes Demoiselles Paris	unresolved	
ese o ese	generic	generic-listing
Mes Vacances	unresolved	
MesoLyft Micro-Needling Skincare	unresolved	
Espaçolaser	unresolved	
METHOD H L.A.	ats	greenhouse
Message	unresolved	
Message Factory	unresolved	
Messika	unresolved	
Messy Weekend	unresolved	
Esprit	unresolved	
Mestiza New York	unresolved	
Mesure	unresolved	
Meshki	unresolved	
Meta Campania Collective	unresolved	
METALGIENCHI	unresolved	
Mètamour	unresolved	
Metersbonwe	unresolved	
Metisse	unresolved	
Espadrij	unresolved	
Metissier	unresolved	
Metro Oasis	unresolved	
espadrij l´originale	unresolved	
Metro Retail Stores Group	unresolved	
Espe	unresolved	
Esse	unresolved	
Metro Shoes	unresolved	
Metz & Co	unresolved	
EspiLane	unresolved	
MeUndies	unresolved	
Mexibera	unresolved	
Essentials Everything	unresolved	
Mexx	unresolved	
Espace Montagne	unresolved	
Mey	unresolved	
Esqualo	unresolved	
EspectOne	unresolved	
Meyba	unresolved	
Meyer Broeken	unresolved	
Mezea	unresolved	
Mezzoroni	unresolved	
Mi Bolsa	unresolved	
Mi-el	unresolved	
Mi. O Milanoptics	unresolved	
Mia Contessa	unresolved	
Miakoda	unresolved	
Michel & Amazonka	ats	personio
Mialuis	unresolved	
Michel Germain Parfums	ats	personio
ESSEN	unresolved	
Mianqa	unresolved	
Essentiel Element Spa	unresolved	
Miansai	unresolved	
Essential Parfums	unresolved	
MIAOU	unresolved	
MIAYDI	unresolved	
Mibo	unresolved	
Essenziali Sicily	unresolved	
Essilor	ats	successfactors
Miccy's	unresolved	
EssilorLuxottica	ats	successfactors
Michael Aram	unresolved	
Michael Hill Jeweller	unresolved	
Esotte	unresolved	
EST Seven	unresolved	
Estée Lauder Companies	ats	eightfold
MICHALSKY	unresolved	
Michael Kors	unresolved	
Michèle	unresolved	
Essentiel Elements Treatment	unresolved	
Michele & Hoven	unresolved	
Essentiel by Adele	unresolved	
Michelle Kraemer Jewellery	unresolved	
Escora	unresolved	
MICHI	unresolved	
Michelle Marie Boutique	unresolved	
Midas	unresolved	
Midheaven Denim	unresolved	
Essentiel Antwerp	generic	generic-listing
Mido	unresolved	
Mieke Dierckx	unresolved	
MIESROHE	unresolved	
Miga Swimwear	unresolved	
Essentiel Antwerp	unresolved	
Mightly	unresolved	
Essentiel Elements Bathe	unresolved	
Estéya Intimate	unresolved	
MiH Jeans	unresolved	
Mighty Good Basics	unresolved	
ESTATE Cosmetics	unresolved	
Miidii	unresolved	
MiiK	unresolved	
Esthetic Health	unresolved	
Miiow	unresolved	
Miista	unresolved	
ESTELÍ	unresolved	
Esthétique Brin de Beauté	unresolved	
Mika & Milo	unresolved	
MIKAINE	unresolved	
Mikan	unresolved	
Estetik.pl	unresolved	
Estilos	unresolved	
Mike Davis	unresolved	
Estetika	unresolved	
Miki House	unresolved	
Estella Bartlett	unresolved	
MIKII	unresolved	
Mikimoto	unresolved	
Mikk-Line	unresolved	
ETA SA	unresolved	
Mila Beach	unresolved	
Esther Perbandt	unresolved	
MILA OWEN	unresolved	
Miladys	unresolved	
Milan Laser Hair Removal	unresolved	
MILANI	unresolved	
Milano	unresolved	
Enlighten Clothing Co	unresolved	
Milano Couture	unresolved	
Milavitsa	unresolved	
Miles of Moisture	unresolved	
Estilo Emporio	unresolved	
Miles Culture	unresolved	
Eternal Perfume Oils	unresolved	
Milestone	unresolved	
Milimewa	unresolved	
Milk and Skin	unresolved	
État Libre d'Orange	unresolved	
Milk Made Skin	unresolved	
Milk Makeup	unresolved	
Milkbarn	unresolved	
MILKFED.	unresolved	
Milktology	unresolved	
Eternal Leather Goods	unresolved	
Milkweed Baby	unresolved	
Milla Amsterdam	unresolved	
Milano Italy	unresolved	
Ethletic	unresolved	
Miller Harris	unresolved	
Millers	unresolved	
Éternel Éphémère	unresolved	
Millet Mountain	unresolved	
ESW Beauty	unresolved	
Millets	unresolved	
Milliana	unresolved	
Ethical Earth Store	unresolved	
Millstone Farm & Organics Inc.	unresolved	
Milly	unresolved	
ÉTICA	unresolved	
Milly Shop	unresolved	
Milus	unresolved	
Mimar™	unresolved	
MIMAAMI ORGANICS	unresolved	
Mind Games	ats	teamtailor
Mimco	unresolved	
Mimi A La Mode Hollywood	unresolved	
Mimi Prober	unresolved	
MIMIKRI	unresolved	
Mimiq	unresolved	
MimiScrubHats	unresolved	
MiMiSol	unresolved	
ESTNATION	unresolved	
MiN NEW YORK	unresolved	
Ethniks	unresolved	
Ethika  Inc.	unresolved	
Mina and the Moon	unresolved	
ETHYST® Skincare	unresolved	
mina perhonen	unresolved	
ESteem Group	unresolved	
Mindful Botanicals	unresolved	
Mine Line	unresolved	
MINELLI	unresolved	
Esthetic Center	unresolved	
Mimi Holvast	unresolved	
Mineral & Co.	unresolved	
Mineral Fusion	unresolved	
Mineral Options	unresolved	
ETQ	unresolved	
Mineral Silk	unresolved	
Minga London	unresolved	
MINI A TURE	unresolved	
Être Cécile	unresolved	
Mini Mioche	unresolved	
MINI MOLLY	unresolved	
Mini Peace	unresolved	
Mini Rodini	unresolved	
Etici	unresolved	
MiniLuxe  Inc.	unresolved	
MINIMADEIA	unresolved	
ETRO	unresolved	
Minimalist	unresolved	
MinimalisticLinen	unresolved	
Minimum	unresolved	
Minimum Fashion	unresolved	
Ministry of Gems	unresolved	
Ministry of Supply	unresolved	
minitmute	unresolved	
MINJUKIM	unresolved	
Minkpink	unresolved	
Minnetonka Moccasin	unresolved	
Minnie Rose	unresolved	
Minori	unresolved	
MINOTAUR	unresolved	
Mint Velvet	unresolved	
ETRÉ TOKYO	unresolved	
mint&mia	unresolved	
Etnia Barcelona	unresolved	
Mirabelle Jewelry	ats	wttj
mintedLeaf	unresolved	
Minteyes	unresolved	
ettitude	unresolved	
Minti	unresolved	
Etienne Aigner	generic	generic-listing
Minuit Sur Terre	unresolved	
Minus	unresolved	
Minx	unresolved	
miomi	unresolved	
Miomojo	unresolved	
MIP & TOAD	unresolved	
MIPACHA	unresolved	
etnies	unresolved	
Mira Mikati	unresolved	
Miracle of Denim	unresolved	
Miracle Oil	unresolved	
Eton Shirts	unresolved	
Miracles & More	unresolved	
Miraculum	unresolved	
EsseUtEsse	unresolved	
Miraculum S.A.	unresolved	
Mirage Studios	unresolved	
Études	unresolved	
Eurofragrance	ats	teamtailor
Miraj	unresolved	
Miramira	unresolved	
Eton	unresolved	
Mirasa Design	unresolved	
MIRATE	unresolved	
Miriam Tirinzoni	unresolved	
Miribel Naturals	unresolved	
Mirla Beane	unresolved	
Euro-Dan	unresolved	
Mirth	unresolved	
Euro-Star	unresolved	
Misako	unresolved	
Etude House	unresolved	
MISBHV	unresolved	
Mise au Green	unresolved	
MISHA VAIDYA	unresolved	
Mishka NYC	unresolved	
Miss Chase	unresolved	
Miss Chase A+	unresolved	
Miss Diva	unresolved	
Miss Etam	unresolved	
Euro Bijoux	unresolved	
Miss fiorentina	unresolved	
miss goodlife	unresolved	
Eurthlin	unresolved	
Miss Pompom	unresolved	
Miss Rose Sister Violet	unresolved	
Miss Selfridge	unresolved	
European Culture	unresolved	
Miss Selfridge	unresolved	
Miss Sixty	unresolved	
Europa 92	unresolved	
Eva Franco	unresolved	
Miss Spa	unresolved	
Missguided	unresolved	
Missha	unresolved	
MISSING	unresolved	
Eurosko	unresolved	
Eurocosmesi	unresolved	
Missonep	unresolved	
Mission Mercantile	unresolved	
Etiko	unresolved	
MISSONI	unresolved	
Miu Miu	ats	smartrecruiters-whitelabel
evan kinori	unresolved	
Mister Jackson	unresolved	
Evarae	unresolved	
Mister Spex	unresolved	
Evans	unresolved	
mister tee	unresolved	
Mister Zimi	unresolved	
mister*lady	unresolved	
Mistervinas	unresolved	
Mistral	unresolved	
MITALEE	unresolved	
Eva Cassis	unresolved	
Mitsui	unresolved	
Mitsukoshi	unresolved	
Miumax Gifts	unresolved	
Eveline Cosmetics	unresolved	
Miumosa	unresolved	
Mixeri	unresolved	
MIXIK SKIN	unresolved	
Evaluna Shoes	unresolved	
Eva Mann	unresolved	
Mixit	unresolved	
MIXXO	unresolved	
MiYé	unresolved	
mizuiro ind	unresolved	
Mizuno	unresolved	
Eve in Paradise	unresolved	
Mizuno Corporation	unresolved	
MIZZEN	unresolved	
MJUS	unresolved	
Eva NYC	unresolved	
MK exclusive	unresolved	
Moa	ats	smartrecruiters-whitelabel
MLB	unresolved	
Mlouye	unresolved	
MKS eco Hair Care	unresolved	
mmb by hand	unresolved	
MMIC	unresolved	
Mnmur	unresolved	
MO	unresolved	
EVÉN	unresolved	
MO	unresolved	
Even&Odd	unresolved	
MMLG	unresolved	
MMX Germany 2010	unresolved	
MO&Co.	unresolved	
moaconcept	unresolved	
MOB Beauty	unresolved	
Mobach	unresolved	
Mobile Monster Pty Ltd	unresolved	
Mochi	unresolved	
Eudoxie	unresolved	
Mochi	unresolved	
Mochidream	unresolved	
EVER Skincare	unresolved	
MOD'SPE Paris	unresolved	
Moda in Pelle	unresolved	
Modallica	unresolved	
Moda MarieClaire	unresolved	
Modanisa	unresolved	
ModCloth	unresolved	
Mode Commuter	unresolved	
Mode Express	unresolved	
Modelinia	unresolved	
Modell's	unresolved	
MoEa	ats	wttj
EVENEMEN	unresolved	
Modepark Röther	unresolved	
Modern Age Skin	unresolved	
Modern Earth Skincare	unresolved	
MODHER	unresolved	
Modibodi	unresolved	
Eve Lavoie	unresolved	
Modern Eternity	unresolved	
Modström	unresolved	
Modum	unresolved	
Moe Kim Textile Studio	unresolved	
Modern Burlap	unresolved	
MOFAN	unresolved	
Europtica	unresolved	
Moheda Toffeln	unresolved	
MOHITO	unresolved	
Mojave Desert Skin Shield	unresolved	
Molinard	unresolved	
EVEREVE	generic	generic-listing
Mollagara Since 1895	unresolved	
Molli	unresolved	
Mollini	unresolved	
Moliin	unresolved	
Molliolli	unresolved	
Everlast	unresolved	
Molly Goddard	unresolved	
Molly Bracken	unresolved	
Molo	unresolved	
Mom Aid	unresolved	
Moma	unresolved	
Everneat	unresolved	
Moment.Amsterdam	unresolved	
MoMI Skincare	unresolved	
Mommesilk	unresolved	
Molton Brown	ats	greenhouse
MOMOCO	unresolved	
Everyday Oil	unresolved	
Momoni	unresolved	
Momotaro Jeans	unresolved	
MomsRack	unresolved	
Mon Chou	unresolved	
Mon Col Anvers	unresolved	
Everymood	unresolved	
Mon Platin Professional	unresolved	
Mon Pull Moche de Noël	unresolved	
MØN RENN	unresolved	
MONA Brands	unresolved	
MONACO DUCKS	unresolved	
MONA WIE	unresolved	
MONALA	unresolved	
Monarque	unresolved	
MONC	unresolved	
Moncler	unresolved	
Everist	unresolved	
Mondaine	unresolved	
Monday Swimwear	unresolved	
MondayStyle	unresolved	
Mondo Mondo	unresolved	
Mondraghi	unresolved	
MONESSA	unresolved	
Everything But Water	ats	workday
MONFRÈRE	unresolved	
Monge	unresolved	
Everlane	unresolved	
Monica + Andy	unresolved	
Evil Goods	unresolved	
Evolution BIG SIZE	ats	smartrecruiters-whitelabel
Monica Hansen Beachwear	unresolved	
Monica Ann Beauty	unresolved	
Monies	unresolved	
Monique	unresolved	
Monique Péan	unresolved	
Everyday Yoga	unresolved	
Everyone	generic	generic-listing
MONK & ANNA	unresolved	
Monki	unresolved	
Monkee Genes	unresolved	
MONKIND	unresolved	
Monsieur Tshirt	ats	wttj
Monica Vinader	unresolved	
Monnalisa	unresolved	
EVISU	unresolved	
EVEX by KRIZIA	unresolved	
Monnari	unresolved	
Monni	unresolved	
MONO Concept Store	unresolved	
Monokel Eyewear	unresolved	
Everpress	unresolved	
MONOLOGUE	unresolved	
Monoprix	unresolved	
Monos	unresolved	
Monsieur Brunold	unresolved	
Evolved By Nature	unresolved	
Monsoon	unresolved	
Monsoon Blooms	unresolved	
Monsuri	unresolved	
Evolve Botanica	unresolved	
Montado	unresolved	
Montagne Jeunesse	unresolved	
European Wax Center	unresolved	
Montale	unresolved	
Evolve Denim	unresolved	
Montbell	unresolved	
Exact	unresolved	
Montblanc	unresolved	
Moo Moo Bath Co	ats	lever
evre.	unresolved	
Moo'ilo	ats	lever
Èvoque Beauty	unresolved	
MONTCE	unresolved	
Montec	unresolved	
EXIsport	unresolved	
Ewers	unresolved	
Éxito	unresolved	
MOON JUICE	ats	greenhouse
Montechiaro	unresolved	
Moon Boot	ats	greenhouse
Montelle Intimates	unresolved	
Moon Mother Hemp Company	ats	greenhouse
Moon Rabbit Acupuncture	ats	greenhouse
Moon Ridge Company	ats	greenhouse
Montelliana	unresolved	
Express	unresolved	
Monter Skin	unresolved	
Moon Valley Organics	ats	greenhouse
Monterrain	unresolved	
Expresso	unresolved	
MontieK	unresolved	
Montres and Co	unresolved	
Expresso	unresolved	
moodytiger	unresolved	
Ewoke	unresolved	
Moodstreet	unresolved	
Ex Nihilo	unresolved	
Moody Me	unresolved	
Moonbow Skin	unresolved	
EXT	unresolved	
More Joy	ats	personio
More & More	ats	personio
MOONCASTLE	unresolved	
Extreme Cashmere	ats	wttj
moonstar	unresolved	
Extreme Intimo	ats	wttj
ExtraAF	unresolved	
Extract Labs	unresolved	
EXTREME POP	ats	wttj
Moores	unresolved	
Moor Spa	unresolved	
Morgans Apothecary	ats	greenhouse
Moose Knuckles	unresolved	
moost wanted	unresolved	
EXCESSKIN	unresolved	
MOOYYY	unresolved	
MORALFIBRE	unresolved	
Morari Perfumes	unresolved	
EXOH	unresolved	
Mordenmiss	unresolved	
Moresque	unresolved	
Moreboards	unresolved	
Morgan Jewelers	unresolved	
Morgan Lane	unresolved	
mori	unresolved	
MORI	unresolved	
Morjas	unresolved	
EXTRALESS	unresolved	
Morleys Stores Ltd	unresolved	
MOROBÉ	unresolved	
Mos Mosh	ats	greenhouse
Moroccan Beauty Secrets	unresolved	
Eyeline	unresolved	
Ewtex	unresolved	
External Skin Care	unresolved	
MOS MOSH Gallery.	ats	greenhouse
Mosaic	ats	smartrecruiters-whitelabel
MOROTAI	unresolved	
Morphe	unresolved	
Eyemart Express	unresolved	
Morphe 2	unresolved	
Morrocco Method Int'l	unresolved	
Morro Cadamia	unresolved	
Eytys	unresolved	
MORRSAN	unresolved	
Morton Essentials	unresolved	
Morton Mac	unresolved	
Morxiva	unresolved	
Mosaert	unresolved	
eye for three	unresolved	
Moschino	unresolved	
Moscot	unresolved	
Moscow Gostiny Dvor	unresolved	
Moshulu	unresolved	
Moskva	unresolved	
Eye Embrace	unresolved	
Eye Wish	unresolved	
Moso morrow	unresolved	
Moss	unresolved	
Moss Botanicals	unresolved	
Eyllekskincare	unresolved	
moss copenhagen	unresolved	
Moser Trachtenwelt	unresolved	
Mossimo	unresolved	
Mossman	unresolved	
Most Prominent Co.	unresolved	
Motel	unresolved	
MOTHER	unresolved	
Motherhood Maternity	unresolved	
Motherhouse	unresolved	
F_WD	unresolved	
Motherlove Herbal Company	unresolved	
Eyes + more	ats	teamtailor
Motif Beauty	unresolved	
F. Hinds	unresolved	
Motivo Scar Care	unresolved	
mou	unresolved	
Mouawad	unresolved	
Ez Flow	unresolved	
Expressions Parfumées	unresolved	
Mother Science	unresolved	
Mount Lai	unresolved	
Mountain Hardwear	unresolved	
Mountain Girl Essentials	unresolved	
Mountain Research	unresolved	
Mountain Warehouse	unresolved	
Motivi	unresolved	
Moustard	unresolved	
MOUSSY	unresolved	
Mouth Watchers	unresolved	
Movado	unresolved	
Moves	unresolved	
MOXĒ	unresolved	
Ezzelino	unresolved	
Moxxie	unresolved	
Moumout	unresolved	
Moynat	unresolved	
MOZHDEH MATIN	unresolved	
MR MARVIS	ats	teamtailor
F. King Golf	unresolved	
mp Denmark	unresolved	
Mozz bags	unresolved	
MP Massimo Piombo	unresolved	
MPM-Quality	unresolved	
MQ MarQet	unresolved	
F.A.R.A.H BRUSHES	unresolved	
MQG Professional	unresolved	
MPG Sport	unresolved	
MQ  Sweden	unresolved	
Eyebrow Plus	unresolved	
Mr & Mrs Italy	unresolved	
Mr Jones Watches	unresolved	
Mr Mittens	unresolved	
Mr Price Sport	unresolved	
Mr. B's Soulful Tees	unresolved	
Faberlic	unresolved	
F.A.ST by Nisim	unresolved	
Mr. Blue	unresolved	
f.a.e.	ats	greenhouse
Mr Price Fashion	unresolved	
MS Mode	ats	recruitee
Mr. Big & Tall	unresolved	
Mr. Davis	unresolved	
Mr. Lacy	unresolved	
Fabienne Chapot	unresolved	
Mr. Loutre	unresolved	
Mrchlabel	unresolved	
Fabelab	unresolved	
MRZ	unresolved	
F-one	unresolved	
MUDRA	ats	personio
Mrs. Meyer's Clean Day	unresolved	
MS GLAMOUR	unresolved	
Fabio Rusconi	unresolved	
MSCH	unresolved	
FABLERUNE	unresolved	
MSGM	unresolved	
MSGR	unresolved	
MSTRDS	unresolved	
F. P. Journe	unresolved	
Muchachomalo	unresolved	
MUD Jeans	unresolved	
Mulberry	ats	lever
Mr. NiceGuy	unresolved	
Mulberry Skincare	ats	lever
Fabiana Filippi	unresolved	
Mucho Gusto	unresolved	
Mudita Earth	unresolved	
Mugambo Fashion	unresolved	
Muebles América	unresolved	
MUJI	unresolved	
Fabrizio Viti	unresolved	
Muji	unresolved	
Muji / 無印良品	unresolved	
Fabula Nebulae	unresolved	
Mukzin	unresolved	
Multiopticas	unresolved	
Mughal Apparel	unresolved	
Fable & Mane	unresolved	
Multiópticas	unresolved	
Eterna	unresolved	
MUMATOTE	unresolved	
MUMUK	unresolved	
Mumutane	unresolved	
Fabletics	ats	workday
Munay Brand	unresolved	
Fabiani	unresolved	
Mundo de Uñas	unresolved	
FaceTory	unresolved	
Fabrik	unresolved	
MUNICH	unresolved	
Munjoi	unresolved	
MUNS	unresolved	
MUNYÉ	unresolved	
Muroexe	unresolved	
Fabindia	unresolved	
Munthe	unresolved	
Muscat	unresolved	
Muse Apothecary	unresolved	
MUSE COPENHAGEN	unresolved	
MVMT	ats	smartrecruiters-whitelabel
MUSEE	unresolved	
Musier Paris	unresolved	
Müsli	unresolved	
FACE atelier	unresolved	
Mussofi	unresolved	
My Jewellery	ats	recruitee
Faconnable	unresolved	
Mustang	unresolved	
Mustang	unresolved	
Mustang Survival	unresolved	
Factorie	unresolved	
Faceplant Dreams	unresolved	
FAGUO	ats	teamtailor
MUYA	unresolved	
Facil Blanco	unresolved	
Mutsaers	unresolved	
Facettes Studio	unresolved	
Muzungu Sisters	unresolved	
MY BEACHY SIDE	unresolved	
faina	unresolved	
My Brand	unresolved	
Eshvi	unresolved	
MY ESSENTIAL WARDROBE	unresolved	
Façon Jacmin	unresolved	
Faherty	unresolved	
My EyeLab	unresolved	
My Favourite Piece	unresolved	
My July Skin LLC	unresolved	
My Little Belleville	unresolved	
My Petite Coco	unresolved	
My RIna	unresolved	
FAIRMA ETHICAL DESIGN	unresolved	
MY SALON Suite	unresolved	
My Sheen Skin	unresolved	
MYMARINI	ats	personio
My Skincare Oasis	unresolved	
MY SOUL	unresolved	
My Vegan World	unresolved	
MYASTREET	unresolved	
Myer	unresolved	
MyEyeDr.	unresolved	
MYKITA	unresolved	
Mykke Hoffmann	unresolved	
FAE	unresolved	
Mykke Hofmann	unresolved	
Ezze Wear	unresolved	
eyd - humanitarian clothing	unresolved	
Myla	unresolved	
fairechild	unresolved	
myMO	unresolved	
Fairy Tales Hair Care	unresolved	
MYoMY	unresolved	
Fair Indigo	unresolved	
Myrrhia Fine Knitwear	unresolved	
MYM	unresolved	
Fair Harbor	unresolved	
MYSKINBUDDY	unresolved	
Myst Enterprise Ltd.	unresolved	
Faith	unresolved	
N°21	ats	smartrecruiters-whitelabel
Mystic	unresolved	
Mystic Moods	unresolved	
Mystic Select	unresolved	
Facile	unresolved	
Mystrada	unresolved	
FABUTAN	generic	generic-listing
Mywalit	unresolved	
mysty woman	unresolved	
FAM Jeans	unresolved	
N Rage	unresolved	
N Sport	unresolved	
n.d.c. made by hand	unresolved	
N.HOOLYWOOD	unresolved	
N8KED Beauty	unresolved	
Faith Connexion	unresolved	
Na Hoku	unresolved	
NA Menswear	unresolved	
NA-KD	unresolved	
Na’Ali Skincare	unresolved	
N.Peal	unresolved	
FALKE	unresolved	
Falconeri	unresolved	
Faithfull the Brand	unresolved	
N+ (Nitori)	unresolved	
NAADAM	unresolved	
NAAiNAAi	unresolved	
Nackiyé	unresolved	
NADELL	unresolved	
FALLA FINLAND	unresolved	
Nadira Bag	unresolved	
NĀELI	unresolved	
Falabella	generic	generic-listing
NAF NAF	unresolved	
Nagano	unresolved	
Famous	unresolved	
Famar	generic	generic-listing
NAGEV	unresolved	
Falcotto	unresolved	
NAE Vegan Shoes	unresolved	
NAGIE	unresolved	
NAGNATA	unresolved	
Fairfax & Favor	unresolved	
NAGO	unresolved	
Fanatics	unresolved	
nagonstans	unresolved	
Nagoya Mitsukoshi	unresolved	
familyshoes	unresolved	
Naheva	unresolved	
Fairweather	unresolved	
Nail Tek	unresolved	
Family 1st	unresolved	
NAILS FRS	unresolved	
Naim Josefi	unresolved	
F426	unresolved	
Fanm Mon	unresolved	
Naima	unresolved	
Naisture	unresolved	
NaiTangPai	unresolved	
Fantasie	unresolved	
Nails for You	unresolved	
NAKAGAMI	unresolved	
Familiar	unresolved	
NAIWBE Natural As I Wanna Be	unresolved	
nakd. Thai Crystal Deodorant	unresolved	
Far Eastern Department Stores	unresolved	
Naked & Famous	unresolved	
Farah	unresolved	
Naked & Famous Denim	unresolved	
Farfetch	ats	lever
naked and thriving	unresolved	
Naked Wardrobe	unresolved	
NAKED WOLFE	unresolved	
Nakedskin Essentials	unresolved	
FARM Rio	unresolved	
Famous Footwear	unresolved	
Nala Care	unresolved	
Namacheko	unresolved	
Name It	unresolved	
Namesake Fragrance	unresolved	
Fanfare	unresolved	
nanadecor	unresolved	
Nanaka	unresolved	
Nanami	unresolved	
FANNIE SCHIAVONI	unresolved	
nanamica	unresolved	
Nakery Beauty	unresolved	
NANGA	unresolved	
FAnn Retail	unresolved	
Nannacay	unresolved	
Familia	generic	generic-listing
Farago The Label	unresolved	
NANO universe	unresolved	
Nanso	unresolved	
Farm to Skin	unresolved	
Nanushka	unresolved	
Naomi Goodsir	unresolved	
FARMACY BEAUTY	unresolved	
Farai London	unresolved	
NAOS	unresolved	
Ermanno Scervino	unresolved	
Nalani Naturals	unresolved	
Fashion Brand Company	unresolved	
Naot	unresolved	
NAPA 1850	unresolved	
Napapijri	unresolved	
Fashion Nova	ats	greenhouse
Napo	unresolved	
Napo Gloves	unresolved	
Fashion for Two	unresolved	
Nappy Curls	unresolved	
NARCES	unresolved	
Fashion Market	unresolved	
NARY	unresolved	
Narciso Rodriguez	unresolved	
Nanga shoes	unresolved	
FASHION B.E.S.T.	unresolved	
Fancl Corporation	unresolved	
Nash and Jones	unresolved	
nashTN	unresolved	
Nasomatto	unresolved	
NASSANI Inc.	unresolved	
NassifMD Skincare	unresolved	
Fashionholic	unresolved	
NAST!Q Studio	unresolved	
Nasty Gal	unresolved	
Nat-2	unresolved	
Fandecie	unresolved	
nat’v basics	unresolved	
Fassbender	unresolved	
Natacha Marro	unresolved	
Natalie Marie Jewellery	unresolved	
Nashe Beauty	unresolved	
Natalie Perry	unresolved	
Natalie Rae New York	unresolved	
Natalie Rolt	unresolved	
Natalie Therése	unresolved	
National Geographic	ats	greenhouse
Fashion to Figure	unresolved	
FARO	unresolved	
National Union of Manufacturers of Aromatic Products	ats	greenhouse
Natalija	unresolved	
Natalys	unresolved	
Natalyia Nova	unresolved	
Fastrack	ats	teamtailor
Natan	unresolved	
Natasha Schweitzer	unresolved	
Farmers Trading Company	generic	generic-listing
Natasha Tonic	unresolved	
Natascha von Hirschhausen	unresolved	
Fat Moose	unresolved	
Nathan-Baume	unresolved	
fastfish	unresolved	
Natics	unresolved	
Natasha Zinko	unresolved	
Fate Naturals	unresolved	
Nativa Leather	unresolved	
Native Atlas	unresolved	
Father & Sons	unresolved	
Fashion4wellness	unresolved	
Native Dubai	unresolved	
Fast-Fix Jewelry and Watch Repair	unresolved	
Fathers & Sons	unresolved	
Fay	ats	greenhouse
Native Nature	unresolved	
Native Nectar Botanicals	unresolved	
Fatima Mohsin	unresolved	
native shoes	unresolved	
Fazarts	unresolved	
Native Youth	unresolved	
Fayettechill	unresolved	
Natori	unresolved	
FashionPower	unresolved	
Fazbulous	unresolved	
Fashion Club 70	generic	generic-listing
NATPURE Clinical Skin Care	unresolved	
Natura	unresolved	
Fast Shop	unresolved	
Fazura Beauty	unresolved	
Natura Cosméticos S.A.	unresolved	
Natura Pura	unresolved	
Farm to Hanger	unresolved	
Natura Siberica	unresolved	
Natural Beauty Basic	unresolved	
Natural Escapes Body	unresolved	
FDR	unresolved	
Naturalizer	unresolved	
Fashion Fusion	unresolved	
Natural World	unresolved	
Naturally	unresolved	
Naturally Drenched	unresolved	
Fearless Blood	unresolved	
NaturallyG4U (Good For You)	unresolved	
Feben	unresolved	
NATURALMENTE	unresolved	
Naturals	unresolved	
Naturkompaniet	ats	teamtailor
Naturana	unresolved	
FAYS Australia	unresolved	
Feel Confident	unresolved	
Nature & Découvertes	unresolved	
NAU!	ats	personio
Nature Essence Aroma	unresolved	
FeelOri	unresolved	
Nature Republic	unresolved	
FC SCHALKE 04	unresolved	
Nature's Alchemy	unresolved	
Nature's Sugar	unresolved	
Feetje	unresolved	
Fejn	unresolved	
Natures Collection	unresolved	
NatureSupplyCompany	unresolved	
Fe Noel	unresolved	
Fast Escova	unresolved	
Nature's Skin And Body Food	unresolved	
Naturino	unresolved	
FEAR OF GOD	unresolved	
NATURIUM	unresolved	
Naturopathica	unresolved	
Natventure	unresolved	
Felisi	unresolved	
Naughty Cat Apparel	unresolved	
Nautica	unresolved	
FELLER	unresolved	
Nautica Competition	unresolved	
Feel	unresolved	
Nautica Japan	unresolved	
FatFace	generic	generic-listing
Feelgoodz	unresolved	
Feather And Coco	unresolved	
near.nippon	ats	wttj
NAVAHOO & MARIKOO	unresolved	
Famecoco	unresolved	
Navinka Skin	unresolved	
Navitus Parfums	unresolved	
Navy Exchange	unresolved	
Nayko Naturals	unresolved	
Felius for Dogs	unresolved	
Näz	unresolved	
Femmes du Sud	unresolved	
NBB WEEKEND	unresolved	
NCLA Beauty	unresolved	
Fendi	unresolved	
NDX / Index	unresolved	
ne Quittez pas	unresolved	
Nealy Naturals	unresolved	
NEATwipes	unresolved	
Fenty Beauty	unresolved	
NEBBIA	unresolved	
Neca 7	unresolved	
NED Dutch Fashion Design	unresolved	
Fellows United	unresolved	
NeedCrystals	unresolved	
Needle and Thread	unresolved	
FCUK	unresolved	
Needles	unresolved	
Nelson	ats	wttj
Femkit	unresolved	
Neem	unresolved	
Nelson Schoenen	ats	wttj
Neeman's	unresolved	
Neeve	unresolved	
NEIGHBORHOOD	unresolved	
Fera Libens	unresolved	
Felisi	unresolved	
Neil Morris Fragrances	unresolved	
Neil Barrett	unresolved	
Fenton	unresolved	
Neiman Marcus	unresolved	
Fenalt	unresolved	
Neirami	unresolved	
NEIWAI	unresolved	
Feners	unresolved	
NEKKO	unresolved	
Nellie's Clean	unresolved	
Nemah	unresolved	
Felmini	unresolved	
Ferrari	ats	successfactors
Nemski Centar	unresolved	
Neon Hippie	ats	lever
Nena & Co.	unresolved	
Feng Chen Wang	unresolved	
NENE	unresolved	
Nene Glamour	unresolved	
Fenella Smith	unresolved	
Nénés	unresolved	
Nensi Dojaka	unresolved	
Neo Noir	unresolved	
NEOCOCO	unresolved	
NENYA	unresolved	
NeoLife	unresolved	
Fera	unresolved	
Neonail	unresolved	
Neora	unresolved	
FERRUCCIO VECCHI	unresolved	
Neu Nomads	ats	greenhouse
Neosens	unresolved	
Fête Impériale	unresolved	
Nepenthes	unresolved	
Nera	unresolved	
FERATT	unresolved	
Nesavaali	unresolved	
FETICO	unresolved	
Fernando Jorge	unresolved	
Nerium International	unresolved	
NEST New York	unresolved	
New Balance	ats	greenhouse
Ferrany London	unresolved	
nest Robe	unresolved	
FG S.r.l.s.	unresolved	
Fern & Petal	unresolved	
Ferreira Signature Line	unresolved	
nestwell	unresolved	
Feravana	unresolved	
Femilet	unresolved	
NET	unresolved	
New Balance Golf Japan	ats	greenhouse
Fiamme	unresolved	
Fifteen Twenty	ats	wttj
Nette	unresolved	
New Directions Aromatics	ats	greenhouse
New Era	ats	greenhouse
Figaret	ats	wttj
Nette Rose	unresolved	
New Girl Order	ats	greenhouse
NEUW	unresolved	
New in Town	ats	greenhouse
Neuw denim	unresolved	
New Amsterdam Surf Association	ats	greenhouse
New Look	ats	greenhouse
New Man	ats	greenhouse
Figaret Paris	ats	wttj
Never Enough	unresolved	
Figure 1 Beauty	ats	greenhouse
New Optimist	ats	greenhouse
Never Fully Dressed	unresolved	
New Ordinary People	ats	greenhouse
New Standard	ats	greenhouse
nēvo® Multi-Scent Natural Deodorant	unresolved	
New York & Company	ats	greenhouse
Figue	unresolved	
FIFTH HOUSE	unresolved	
Newbie	unresolved	
New Balance	ats	greenhouse
Newton Running	ats	lever
Nexus	ats	greenhouse
Newline	unresolved	
NEW YORKER	ats	greenhouse
Next	ats	teamtailor
newnow	unresolved	
Ni	unresolved	
NIA	ats	personio
FIL MELANGE	unresolved	
FILA	unresolved	
NEXUSVII.	unresolved	
Fidelio	unresolved	
Filippa K	ats	teamtailor
Neye	unresolved	
Nice Rice	ats	greenhouse
Nice Things	ats	greenhouse
neyi	unresolved	
Neycko	unresolved	
Fenwick	generic	generic-listing
Ngali	unresolved	
Filling Pieces	unresolved	
NFUSE	unresolved	
Nialaya	unresolved	
Fenwick Colchester	generic	generic-listing
FILMUS13	unresolved	
NGM	unresolved	
FifthCraftyStreet	unresolved	
NICCE	unresolved	
Fin & Vince	unresolved	
Fifi  au  jardin	unresolved	
Nicci Boutiques	unresolved	
FIND KAPOOR	ats	greenhouse
Filson	ats	greenhouse
Niccolò P.	unresolved	
NiceAces	unresolved	
NICO	ats	personio
NICHOLAS	unresolved	
Nicholas K	unresolved	
Nicholas Daley	unresolved	
Nicholas Kirkwood	unresolved	
NiciArt	unresolved	
Nick Ricardo Collection	unresolved	
NICKA K NEW YORK	unresolved	
Festina	unresolved	
Ffern	generic	generic-listing
Nicki Colombo	unresolved	
Filmore	unresolved	
Nicki Minaj Fragrances	unresolved	
Finisterre	unresolved	
FIGS	ats	greenhouse
NICKY DIAMONDS	unresolved	
Nicola Santarelli	unresolved	
Nicolaï Parfumeur-Créateur	unresolved	
Finn + Emma	ats	lever
NICOLE ALEX	unresolved	
Finn Flare	ats	lever
Nicole Miller	unresolved	
Nick Stenson Beauty	unresolved	
Finish Line  Inc.	unresolved	
Finery	unresolved	
Niessing Manufaktur	unresolved	
Nicowa	unresolved	
NIKIN	ats	recruitee
Night Streak	unresolved	
Finger in the nose	unresolved	
Night Addict	unresolved	
Nightshift Wax Company	unresolved	
Nicola Hinrichsen	unresolved	
FINSK	unresolved	
Nihombashi Mitsukoshi Main Store	unresolved	
NIK&NIK	unresolved	
Nikben	unresolved	
Nike	unresolved	
Fil Noir	unresolved	
Nike Vision	unresolved	
Niki Heat	unresolved	
FION	unresolved	
Nikka Place	unresolved	
NIKKI CHASIN	unresolved	
NIKKIE	unresolved	
FinnComfort	unresolved	
finkid	unresolved	
Findig	unresolved	
niko and …	unresolved	
FINA GARCIA	unresolved	
Nile Clothing	unresolved	
Niles and Chaz	unresolved	
Fiorella Rubino	unresolved	
Nili Lotan	unresolved	
niLuu	unresolved	
Firetrap	unresolved	
Fiora Muse	unresolved	
Nimble	unresolved	
Fiorucci	unresolved	
Nin & Laur	unresolved	
Finny Rute	unresolved	
NINA HO ILLUSTRATION	unresolved	
First Hand	ats	greenhouse
Nina Nest	unresolved	
Nina Rein	unresolved	
Nina Ricci	unresolved	
Finsbury	unresolved	
Firn Handcrafted	unresolved	
NIS	ats	personio
Nina von C.	unresolved	
NINA YUUN	unresolved	
Nine West	unresolved	
Fioboc	unresolved	
FitFlop	ats	teamtailor
FitFlop	ats	teamtailor
Ninette	unresolved	
NINE TO FIVE	unresolved	
Ninety Percent	unresolved	
First Resort by Ramola Bachchan	unresolved	
NingBo ShanShan Co. Ltd.	unresolved	
Fiorelli	unresolved	
Ninoshka	unresolved	
Nioulargo	unresolved	
Niovi Organics	unresolved	
Nira Rubens	unresolved	
Finnmark	unresolved	
Nisha Manufacturing	unresolved	
Nishane	unresolved	
Nishimatsuya	unresolved	
Nisolo	unresolved	
Nitro	unresolved	
FIRST BASE	unresolved	
Nissen	unresolved	
First Lady Firenze	unresolved	
NitWit NZ clothing	unresolved	
Five Fellas	ats	teamtailor
Firma Schröder	unresolved	
NIU	unresolved	
FIORANGELO	unresolved	
FIVE CM	ats	teamtailor
Nixon	unresolved	
Five Petals	ats	teamtailor
Nixnut	unresolved	
First Honey	unresolved	
NIZA	unresolved	
FISCH	unresolved	
Fix Your Lid	unresolved	
NIZHONI	unresolved	
Fitz & Huxley	unresolved	
Flamingo Estate	ats	greenhouse
NK Store	unresolved	
NKD	unresolved	
NN.07	unresolved	
Five Forty The Label	ats	teamtailor
No 8 Galway	unresolved	
Nº21	ats	smartrecruiters-whitelabel
No Bad Days Club	unresolved	
Flamingos' Life	unresolved	
Flannels	unresolved	
Flattered	ats	teamtailor
No Excess	unresolved	
NOAH	ats	greenhouse
Fiyta	unresolved	
NO KA 'OI	unresolved	
Noah & Sisi	ats	greenhouse
No Label	unresolved	
Noah NYC	ats	greenhouse
No Makeup Makeup	unresolved	
Fitshop	unresolved	
NO MORE	unresolved	
No Nasties	unresolved	
Flax	unresolved	
No Name	unresolved	
Nobody Denim	ats	lever
No.1 Como	unresolved	
Fivesso	unresolved	
Nobody's Child	ats	lever
Fleet Feet	ats	greenhouse
No-Tweeze	unresolved	
No.624	unresolved	
No44	unresolved	
Noa Noa	unresolved	
Noani	unresolved	
NoBell’	unresolved	
Flair	unresolved	
Noble Panacea	unresolved	
Flâner	unresolved	
Noblem Skincare	unresolved	
nobodinoz	unresolved	
Flare Street	unresolved	
Fjällräven	ats	teamtailor
Nobrand	unresolved	
Nocibé	unresolved	
FIVEUNITS	unresolved	
Noctu	unresolved	
Nocturne	unresolved	
Nocturne	unresolved	
Flatlist	unresolved	
Noda	unresolved	
Fleur & Bee	unresolved	
NODAL	unresolved	
Flip*Flop	ats	greenhouse
Nodaleto	unresolved	
Noé & Zoë	unresolved	
Noé & Zoë Berlin	unresolved	
NOE(No One Else)	unresolved	
Noemi Swim	unresolved	
NOEND	unresolved	
noesa	unresolved	
NOIRE LINE	unresolved	
Noisy May	unresolved	
Noize	unresolved	
Flavia Aranha	unresolved	
Nokwal	unresolved	
Nomad Design Co	unresolved	
Flawless Fusion Skincare	unresolved	
Nomadic State of Mind	unresolved	
Nomads	unresolved	
Nomads	unresolved	
Nomads Clothing	unresolved	
Fila	unresolved	
Nomasei	unresolved	
Flipside Hats	unresolved	
Flexfit	unresolved	
FLEUR & COMPAGNIE	unresolved	
Nomasvello	unresolved	
Nomi Fame	unresolved	
Fleur du Mal	unresolved	
NoMiNoU	unresolved	
Flora Mirabilis	unresolved	
Fleurs de Bagne	unresolved	
NOMOS Glashütte	unresolved	
non	unresolved	
NON COMMUN	unresolved	
NONAT	unresolved	
Noni	unresolved	
FLO	unresolved	
Nonna Lietta	unresolved	
Nono	unresolved	
nonnative	unresolved	
NonSoloSport	unresolved	
NOOCH	unresolved	
nood	unresolved	
Flo&Sue	unresolved	
Noonday Collection	unresolved	
Flaxta	generic	generic-listing
Noor Fares	unresolved	
Flonatix	unresolved	
Noosa Active	unresolved	
Florence	ats	lever
Flora 1761	unresolved	
Noppies	unresolved	
Florence Given	ats	lever
Noproblem	unresolved	
Florence Leather Market	ats	lever
Floral Spell	unresolved	
Norah	unresolved	
Flora's Bare Skincare Ltd	unresolved	
NORBA	unresolved	
Nordblanc	unresolved	
NORDBRANDT	unresolved	
Norden	unresolved	
Floralisse skincare	unresolved	
Florame	unresolved	
florapothecarie	unresolved	
Nordgreen	unresolved	
Nordgreen	unresolved	
Flow	ats	personio
Nordisk	unresolved	
Florsheim	unresolved	
NORDIQ MOOSE	unresolved	
Nordiska Kompaniet	unresolved	
Nordstrom	unresolved	
Nordstrom Rack	unresolved	
Norie	unresolved	
Norlha	unresolved	
Norma Kamali	unresolved	
Norman Hartnell Ltd	unresolved	
Norman Wakabayashi	unresolved	
Floris van Bommel	unresolved	
NORR	unresolved	
flexi	unresolved	
Norrona	unresolved	
Norrøna	unresolved	
Florèz Fashion	unresolved	
NORTH - Menswear	unresolved	
Florena	unresolved	
Norse Projects	unresolved	
North Sails	unresolved	
North 56°4	unresolved	
Northskull	unresolved	
Norton	unresolved	
Northern Reflections	unresolved	
Flourea Beauty	unresolved	
NORTVI	unresolved	
Florida Fanatic	unresolved	
NOSE LUV	unresolved	
NOSERIDER SURF CLUB	unresolved	
Flower Knows	unresolved	
NOST	unresolved	
Nosta Beauty	unresolved	
Not Basics	unresolved	
Fluency Beauty	ats	greenhouse
NOT OURS	unresolved	
Not Just Pajama	unresolved	
Nothing New	ats	greenhouse
flowers for friends	unresolved	
Flowers Atelier	unresolved	
Not Shy	unresolved	
Not Studio	unresolved	
Notabag	unresolved	
Flower Mountain	unresolved	
FLX Activewear	unresolved	
NOT!CE Hair Co.	unresolved	
Florett	unresolved	
Fly Flot	unresolved	
Notafictionalmum	unresolved	
Floto	unresolved	
Fly London	unresolved	
Norvell	unresolved	
notch	unresolved	
Nose of Gatsby	unresolved	
nothomme blue	unresolved	
NOUMENON	unresolved	
Fluchos	unresolved	
Novara	ats	lever
Flynow	unresolved	
Notre-V	unresolved	
Fluco	unresolved	
Nour Boutique	unresolved	
Nourish & Refine	unresolved	
FME Apparel	unresolved	
Nourish Organics	unresolved	
Foempies	unresolved	
Nour Hammour	unresolved	
Nourished Magnesium	unresolved	
Nourished by Shawnta	unresolved	
NourishUs Naturals	unresolved	
NOUS SOMMES LABELS	unresolved	
NOVA CELL	unresolved	
Fluff	unresolved	
Nove	unresolved	
Novesta	unresolved	
Fogal	unresolved	
FM2050	unresolved	
Nouvelle Compagnie des Détergents et du Savon de Marseille	unresolved	
Flowery	generic	generic-listing
NOVINSKA	unresolved	
FlyCurvy	unresolved	
FLY3	unresolved	
NOVO	unresolved	
FM 669	unresolved	
Novum Crafts	unresolved	
Nowadays	unresolved	
FOKUS optik	unresolved	
NOWATCH	unresolved	
Noyoco	unresolved	
NP Housukauppa	unresolved	
Nude Project	ats	teamtailor
NPS	unresolved	
NR Rapisardi	unresolved	
Folli Follie	unresolved	
FOB PARIS	unresolved	
Fomin Soap	unresolved	
NÜ Denmark	unresolved	
Nu Swim	unresolved	
NU-IN	unresolved	
Nu.	unresolved	
Nuance	unresolved	
Nubikk	unresolved	
Nubyen	unresolved	
Nubian Skin	unresolved	
NUDA	unresolved	
NUDEA	unresolved	
NUDESTIX	unresolved	
Flowfold	unresolved	
Nudge	unresolved	
Folie Du Lin	unresolved	
Nudie Jeans	unresolved	
Nudient	unresolved	
nudnik	unresolved	
FollowMeFS	unresolved	
Nué Notes	unresolved	
Nué Studio	unresolved	
Fondation Qualité Fleurier	unresolved	
Nuebiome	unresolved	
FOOPE™	unresolved	
Fohly Scalp Solutions	unresolved	
Nuez Acres	unresolved	
Nui Ami	unresolved	
Nui Organics	unresolved	
Fog Linen Work	unresolved	
Foolhardy	unresolved	
Nukus	unresolved	
Foo Tokyo	unresolved	
Foot Locker Kids	unresolved	
FOKUS očná optika	unresolved	
NULABEL	unresolved	
Footasylum	unresolved	
Nursing Queen	ats	greenhouse
NULASTIN  Inc.	unresolved	
Footaction	unresolved	
Number (N)ine	unresolved	
Nulogica	unresolved	
Number One Shoes	unresolved	
Nutrafol	ats	greenhouse
NÜMPH	unresolved	
Nuna Lie	unresolved	
Núñez de Arenas	unresolved	
For Horses	unresolved	
Nuria	unresolved	
Nurme	unresolved	
Núnoo	unresolved	
Nurst llc	unresolved	
foodtextile	unresolved	
Nurtur Health	unresolved	
Nuthatch Naturals	unresolved	
FONEM	unresolved	
Forage Design	unresolved	
Nutmeg & Apple Handmade LLC	unresolved	
Nutrire	unresolved	
Nuvadermis	unresolved	
Footkorner	unresolved	
Nuur Cosmetics	unresolved	
Footnanny	unresolved	
NYX Professional Makeup	ats	teamtailor
Forces of Nature	unresolved	
Nurture The Nest	unresolved	
FOREO	unresolved	
NZA New Zealand Auckland	ats	personio
Nuvolari	unresolved	
NV London Calcutta	unresolved	
O My Bag	ats	recruitee
NVLX Labs	unresolved	
NWL CLUB	unresolved	
Forestland	unresolved	
Foot Solutions	unresolved	
Footgear	unresolved	
NxTSTOP	unresolved	
NY State of Mind	unresolved	
Foreva	unresolved	
For Days	unresolved	
Nyata	unresolved	
NYDJ	unresolved	
Nydj	unresolved	
O Boticário	unresolved	
O bag	unresolved	
O.C.T. Mami	unresolved	
Footnotes	unresolved	
O'DORE	unresolved	
O'Neill	unresolved	
Oasis	ats	greenhouse
OA Non-Fashion	unresolved	
O0u	unresolved	
OAK & ACORN	unresolved	
Folk	unresolved	
Oak Essentials	unresolved	
Oak Meadow Clothing	unresolved	
Forét	unresolved	
Oak Rock Designs	unresolved	
OAK+FORT	unresolved	
Oakley	unresolved	
Forever 21	unresolved	
OAKouture	unresolved	
Forest Rhapsody Skincare	unresolved	
OAKWOOD	unresolved	
OAMC	unresolved	
Form and Fold	unresolved	
Forever and a day Intimates	unresolved	
Forge Men	unresolved	
Obakki Skincare	unresolved	
Forman Mills	unresolved	
Forever Care	unresolved	
OBBI GOOD LABEL	unresolved	
Formless Beauty	unresolved	
Oberpollinger	unresolved	
Formulary 55	unresolved	
For Love and Lemons	unresolved	
Forever New	unresolved	
Obchodní centrum Letmo	unresolved	
OBEY	unresolved	
forte_forte	unresolved	
Obey Clothing	unresolved	
Fortae	unresolved	
OBI OBI	unresolved	
OBJECT	unresolved	
Forgotten Skincare	unresolved	
Oblekt	unresolved	
Oblige London	unresolved	
Form & Thread	unresolved	
Obus	unresolved	
Forvert	unresolved	
Obsidien's Boutique	unresolved	
Occeanne	unresolved	
Forget-me-nots	unresolved	
occidente	unresolved	
Oblique Creations	unresolved	
Foster Craft Corner	unresolved	
Occult Patches & Pins	unresolved	
Ocean & Oak	unresolved	
Flik Flak	generic	generic-listing
Ocean Born	unresolved	
foufou	unresolved	
Ocean Rodeo	unresolved	
Fornarina	unresolved	
Ocean Pacific	unresolved	
ocean+main	unresolved	
Four Wild Arrows Co.	unresolved	
Oceania Legends	unresolved	
Fortify	unresolved	
Oceanus	unresolved	
Fownes Brothers	unresolved	
Fox Factor	ats	greenhouse
Och!	unresolved	
Fox Racing	ats	greenhouse
Ochie	unresolved	
Fox's	ats	greenhouse
FORTHEFLY Customs	unresolved	
Fox-Wizel Ltd.	ats	greenhouse
FOS Amsterdam	unresolved	
Ochirly	unresolved	
Ochnik	unresolved	
OCHRE	unresolved	
FQ1924	unresolved	
Ochsner Sport	unresolved	
Fossil	unresolved	
OCOA	unresolved	
Fraenck	unresolved	
October	unresolved	
October Jaipur	unresolved	
OCTOBRE EDITIONS	unresolved	
odaban	unresolved	
Fount Society	unresolved	
Odakyu Department Store	unresolved	
Odakyu Department Store Shinjuku Store	unresolved	
Fou de Lou	generic	generic-listing
FRAME	ats	wttj
Odd Molly	unresolved	
Foschini	unresolved	
Fragonard Perfumes	unresolved	
Oddbird	unresolved	
ODE Olive Oil Beauty	unresolved	
FoxyBae	unresolved	
Frame Denim	unresolved	
ODEL	unresolved	
Odele	unresolved	
Frances Valentine	unresolved	
Fracomina	unresolved	
Octavia Morgan Los Angeles	unresolved	
Odette e Odile	unresolved	
ODLO	unresolved	
Fragrance Direct	unresolved	
Oechsle	unresolved	
Four Roses	unresolved	
Oetori	unresolved	
Fortis Uhren	unresolved	
OETZI	unresolved	
Oeuf	unresolved	
Fraiche	unresolved	
Of An Origin	unresolved	
Of Her Own Kind	unresolved	
fr2	unresolved	
OFF PLAY	unresolved	
Off The Pitch	unresolved	
Off-White	unresolved	
Offbeat Sweetie	unresolved	
Öffen	unresolved	
foundling	unresolved	
Frank Darling	ats	teamtailor
OFFICE	unresolved	
Officine Creative	unresolved	
Frammy Land	unresolved	
Franceschetti	unresolved	
Officine Générale	unresolved	
OFFRANDES	unresolved	
Francesco Russo	unresolved	
Oh Polly	ats	teamtailor
Ofotért	unresolved	
OffOn	unresolved	
OFRA Cosmetics	unresolved	
ōhme	ats	greenhouse
Office Kiko	unresolved	
OGL	unresolved	
Franco Tucci	unresolved	
Ogee	unresolved	
Frank And Oak	unresolved	
Ognx	unresolved	
ÖGON Design	unresolved	
Frankies Bikinis	unresolved	
Francesca's	ats	workday
Frangipani Body Products	unresolved	
Office Shoes	unresolved	
Oh Kimono	unresolved	
Frank Daniel	unresolved	
Oh!Zuza	unresolved	
Frank & Dollys	unresolved	
OHA Vital Organic Skincare	unresolved	
Ohana Organics	unresolved	
Ohoy Swim	unresolved	
OhSevenDays	unresolved	
Frankie and Coco PDX	unresolved	
Okanagan Lavender & Herb Farm	ats	lever
OIiver Goldsmith	unresolved	
Frank Wright	unresolved	
Oilily	unresolved	
Oiselle	unresolved	
Ojai Wild	unresolved	
Frankie Collective	unresolved	
Ojar	unresolved	
Okabashi	unresolved	
Fraser Hart	unresolved	
Frasers	unresolved	
FRANZ GUSTAV	ats	personio
Okaidi	unresolved	
Okaïdi	unresolved	
Frapp	unresolved	
Okie Dokie	unresolved	
Okinawa Yamakataya	unresolved	
Fratelli Russo	unresolved	
OKKO	unresolved	
FRAY I.D	unresolved	
OKOKO Cosmétiques	unresolved	
Franklin & Marshall	unresolved	
fransa	unresolved	
OKY	unresolved	
Oksana Fine Art and Design	unresolved	
Freada	unresolved	
Ola Botanicals™	unresolved	
Oil Divine	unresolved	
Olaf Hussein	unresolved	
FREAK'S STORE	unresolved	
OLAMIC	unresolved	
OLAPLEX  INC.	unresolved	
Frassaï	unresolved	
Freckles Skincare	unresolved	
Old Bull Lee	unresolved	
Fred & Ginger	unresolved	
Fred Perry	ats	teamtailor
Old Khaki	unresolved	
OLD Habits DIE Hard	unresolved	
Old Linen Mill	unresolved	
Old Navy	unresolved	
FRED SEGAL	unresolved	
Fratelli Rossetti	unresolved	
Fred Meyer Jewelers	unresolved	
Old Salt Grooming Supply	unresolved	
OLD ORDER	unresolved	
Old South	unresolved	
Frédérique Constant	unresolved	
Old Spice	unresolved	
Free Birdees	unresolved	
oldcolour	unresolved	
Olderbrother	unresolved	
Freck Beauty	unresolved	
Free Lance	ats	recruitee
OLE LYNGGAARD COPENHAGEN	unresolved	
Freaks of Nature	unresolved	
Oleema Skincare	unresolved	
Free Fly	unresolved	
Fray Italy	unresolved	
Ölend	unresolved	
Olfactory House	unresolved	
Free People	unresolved	
Oliver Bonas	ats	greenhouse
Olga	unresolved	
Oliver Cabell	ats	greenhouse
Olga Joan	unresolved	
Olgana Paris	unresolved	
Frankie4	unresolved	
Oliver Designs	ats	greenhouse
Oliberté	unresolved	
Oliver J. Woods	ats	greenhouse
Oliver Grant	ats	greenhouse
Olive	unresolved	
Oliver Peoples	ats	greenhouse
Fred Mello	unresolved	
Olistic the Label	unresolved	
FREED	unresolved	
Olive & Fig Apothecary	unresolved	
Oliver Sweeney	ats	greenhouse
Oliver Spencer	ats	greenhouse
Olive Ave Polish	unresolved	
Freedom	unresolved	
OLIVE BRANCH	unresolved	
Olly Lingerie	ats	greenhouse
OLIVE des OLIVE	unresolved	
Fred de la Bretoniere	unresolved	
Olive Young	unresolved	
OLIVIA LATINOVICH	unresolved	
FREEMAN T. PORTER	unresolved	
Olivia Wendel	unresolved	
Olivida	unresolved	
Freenote Cloth	unresolved	
Ollie Skincare	unresolved	
Ollygan	unresolved	
Olmsted Outerwear	unresolved	
Oliver Logan	ats	greenhouse
OLOVE® skin	unresolved	
OLOW	unresolved	
Olsen	unresolved	
Free/Quent	unresolved	
Freebird	unresolved	
Olula	unresolved	
Olvi's	unresolved	
Olyanna Skincare Inc.	unresolved	
OLYMP	unresolved	
Freedom Moses	unresolved	
Olympia	unresolved	
Olympia Brno	unresolved	
Oltre	unresolved	
FreeGo	unresolved	
Olympia Blue	unresolved	
Fremdformat	unresolved	
Olympic Orchids Perfumes	unresolved	
Om Organics	unresolved	
FREE'S MART	unresolved	
OMAURA	unresolved	
French Farmacie	unresolved	
Omdl Coastal	unresolved	
On Running	ats	greenhouse
Omar Effendi	unresolved	
OMEGA	unresolved	
Omega Fashion	unresolved	
omen & oak	unresolved	
omi crafts	unresolved	
Omibia	unresolved	
OMNES	unresolved	
Free Label	unresolved	
Omoda	unresolved	
Omora	unresolved	
ON PARLE DE VOUS	unresolved	
On Trend Shirts	unresolved	
Once Upon A Child	unresolved	
Ondas Organics	unresolved	
ONE	unresolved	
ONDURA DURABLE GOODS	unresolved	
One Compass Beauty	unresolved	
One Farm by WAAYB	unresolved	
FREISI	unresolved	
One More Story	unresolved	
One Kind Clothing	unresolved	
one of yours	unresolved	
One Piece Store	unresolved	
One Plane Jane	unresolved	
OneSkin	ats	greenhouse
One Spirit Vibes	unresolved	
Freetrain	unresolved	
One Step	unresolved	
One Vintage	unresolved	
One with Nature	unresolved	
ONE  ALL  EVERY	unresolved	
Frederic M	unresolved	
one’sterrace	unresolved	
ONE432	unresolved	
Oneka	unresolved	
FRENKEN	unresolved	
Fresh Cuts Clothing	ats	personio
Onekind	unresolved	
Onelogy	unresolved	
Fresh Soul	ats	personio
Onepiece	unresolved	
Onia	unresolved	
OneTrail	unresolved	
Fresh Wave	ats	personio
Onīrik	unresolved	
Onlē	unresolved	
Onitsuka Tiger	unresolved	
Frett	unresolved	
ONLY	unresolved	
Only & Sons	unresolved	
Frankie Morello	unresolved	
Frennesson Smycken & Accessoarer	unresolved	
ONLY PLAY	unresolved	
FRENCHEYE	unresolved	
Only-M.	unresolved	
Fretz Men	unresolved	
ONNO	unresolved	
Fresame Cosmetics	unresolved	
Onself Clothing	unresolved	
ONYGO	unresolved	
Fridaze	unresolved	
Onurth Skincare	unresolved	
FREITAG	unresolved	
French Connection	unresolved	
Frescobol Carioca	unresolved	
OO&VV	unresolved	
Onyx and Green	unresolved	
Frenchies Modern Nail Care	generic	generic-listing
Oobi	unresolved	
oodji	unresolved	
Friendsheep	unresolved	
Oofos	unresolved	
Open End	ats	wttj
Oogwereld	unresolved	
OOO Polish	unresolved	
OPALOOK	unresolved	
OPAQUE. CLIP	unresolved	
Frieda & Freddies	unresolved	
OOLI	unresolved	
OPEN32	unresolved	
FRNCH PARIS	ats	wttj
Opening Ceremony	unresolved	
Friction Labs	unresolved	
Opera Campi	unresolved	
Opera Sport	unresolved	
Opmar	unresolved	
OPSM	unresolved	
OPI Products	unresolved	
Optima	ats	wttj
Friendly Soap	unresolved	
Optiblu	unresolved	
Optic 2000	unresolved	
Friking	unresolved	
Optical 88	unresolved	
From My Mother’s Garden	unresolved	
Opus	ats	recruitee
Optical Center	unresolved	
Ora Juice Skincare	ats	greenhouse
Optical Express	unresolved	
Frisur	unresolved	
Optical Superstore	unresolved	
Frilliance	unresolved	
Opticalia	unresolved	
Opticlasa	unresolved	
Frske	unresolved	
Orchard Moon	ats	greenhouse
Opticris	unresolved	
Orchestra	ats	greenhouse
Orca Bay	ats	greenhouse
Optiker Bode	unresolved	
Fritzi aus Preußen	unresolved	
Optimist	unresolved	
Fruit of the Loom	unresolved	
Optika MANIA	unresolved	
FruitsFamily	unresolved	
Optiplaza	unresolved	
froddo	unresolved	
OPULL'ENCE	unresolved	
Frogs and Dogs	unresolved	
Orangenkinder	unresolved	
OrangeShine	unresolved	
Orbasics	unresolved	
Orcanta	unresolved	
FUBU	unresolved	
Ordifen	unresolved	
Fritz Berger	unresolved	
Ordinary Truffle	unresolved	
FUB	unresolved	
Oregon Soap Company	unresolved	
ORGAID	unresolved	
Organ Tale	unresolved	
Organic Basics	unresolved	
Organic Cotton Mart	unresolved	
Organic Crew	unresolved	
Organic Cube	unresolved	
Freya	unresolved	
frostpfoetchen	unresolved	
Organic Farm Fresh Tees	unresolved	
FTC Cashmere	unresolved	
Organic Signatures	unresolved	
ORGANIC TERRA CO.	unresolved	
Organic Threads	unresolved	
Organic Zoo	unresolved	
From The Heart	unresolved	
Organically	unresolved	
Organication	unresolved	
Organique	unresolved	
Freemans	unresolved	
Organique by Himalaya	unresolved	
Organsk®	unresolved	
Organic Daisy	unresolved	
Oriflame Cosmetics	unresolved	
Fulton	unresolved	
Oriental Princess	unresolved	
Origin	unresolved	
Fuck Me Up Beauty	unresolved	
Origin Memory	unresolved	
Origin Mexico	unresolved	
FUGU	unresolved	
Fueguia 1833	unresolved	
Original FNB	unresolved	
ORIGINAL MARINES	unresolved	
Oris	ats	wttj
Orient Watch Company	unresolved	
Original Madras Trading Company	unresolved	
Original Penguin	unresolved	
FUN	unresolved	
Fuchs Schmitt	generic	generic-listing
Original Sprout	unresolved	
Original Weekend	unresolved	
Origins Natural Resources  Inc.	unresolved	
ORIHICA	unresolved	
Original Moxie	unresolved	
Original Penguin	unresolved	
Orlebar Brown	unresolved	
ORTOVOX	ats	personio
ORLY	unresolved	
Oscar De La Renta	ats	greenhouse
Fumarel	unresolved	
Orly International Inc.	unresolved	
Oscar Deen	ats	greenhouse
Ormoda	unresolved	
Oscar Jacobson	ats	greenhouse
Frugi	unresolved	
Oscar Magnuson	ats	greenhouse
OROVIVO	unresolved	
Oscar Wylee	ats	greenhouse
ORPHELIA	unresolved	
ORSAY	unresolved	
Ormonde Jayne	unresolved	
orslow	unresolved	
Orto Parisi	unresolved	
Osmosis Beauty	ats	greenhouse
Osprey	ats	personio
Ortega	unresolved	
Fun2Wear	unresolved	
Orit Elhanati	unresolved	
OSEA	unresolved	
FUMIKA_UCHIDA	unresolved	
Osei-Duro	unresolved	
Ōshadi	unresolved	
Fur Deluxe	unresolved	
Oshin Love	unresolved	
OshKosh B'Gosh	unresolved	
Osier	unresolved	
OSKA	unresolved	
Fujisaki	unresolved	
Osklen	unresolved	
Furla	unresolved	
Fukuya	unresolved	
Full Circle Beauty	generic	generic-listing
Osoi	unresolved	
Furore	unresolved	
OTAZU	unresolved	
Otero	unresolved	
OTH Paris	unresolved	
Other	unresolved	
Otherwise	unresolved	
FUNKTION SCHNITT	unresolved	
Ótica Chilli Beans	unresolved	
Óticas Carol	unresolved	
Funky Buddha	ats	smartrecruiters-whitelabel
Fusalp	ats	wttj
Óticas Diniz	unresolved	
Otiumberg	unresolved	
Otracosa	unresolved	
Otowil	unresolved	
OTTHIE	unresolved	
Otto Kern	unresolved	
FURSAC	ats	wttj
Ottolinger	unresolved	
Ottino	unresolved	
OTTO	unresolved	
OUTDOOR PRODUCTS Asia	ats	smartrecruiters-whitelabel
Outdoor Voices	ats	smartrecruiters-whitelabel
OUAI	unresolved	
Outdoor Warehouse	ats	smartrecruiters-whitelabel
Ottoman Hands	unresolved	
Oui	unresolved	
OUTERSPACE LUXURY	ats	greenhouse
OUR LEGACY	unresolved	
Fusakle	unresolved	
Our Pocket Hero	unresolved	
Ouroboros	unresolved	
Our Sister	unresolved	
Ourside	unresolved	
Furrer Jacot	unresolved	
Out of Srl	unresolved	
Funk since 1776	unresolved	
Fusilli	unresolved	
Outback Ranch	unresolved	
Fujii Daimaru	unresolved	
Outerknown LLC	unresolved	
FUS-FÁ-YO	unresolved	
Outerknown	unresolved	
Outhorn	unresolved	
FUTURA Jewelry	unresolved	
Outland	unresolved	
Outfit	unresolved	
Outland Denim	unresolved	
Future of Cool	ats	greenhouse
OUTRGS	unresolved	
Fydelity	unresolved	
Future Society	ats	greenhouse
OVERCOAT	unresolved	
FURFUR	unresolved	
Overose	unresolved	
Fur	unresolved	
G-Form	ats	personio
OVS	unresolved	
Fielmann	unresolved	
Fussl Modestraße	generic	generic-listing
G Point	unresolved	
oVertone Color LLC	unresolved	
OVV	unresolved	
Owl in a Towel	unresolved	
Owlivia	unresolved	
G-SHOCK	unresolved	
OWNDAYS	unresolved	
Oxalis Apothecary	unresolved	
Oxbow	unresolved	
Oxford Shop	unresolved	
G-Star RAW	unresolved	
Oxmox	unresolved	
OXXO	unresolved	
Oy	unresolved	
Oysho	unresolved	
G-Star RAW	unresolved	
OYU Botanica	unresolved	
Fuza Wool Of Denmark	unresolved	
G. Kero	unresolved	
FUZZ	unresolved	
Ozeano Vision	unresolved	
FZOTIC	unresolved	
OZETA	unresolved	
OzSports	unresolved	
G.H. Bass & Co.	unresolved	
Özmen Ökçe	unresolved	
OZOLABS  LLC	unresolved	
oZtrALa	unresolved	
Fynch-Hatton	unresolved	
P Denim	unresolved	
P.E Nation	unresolved	
P.J. Salvage	unresolved	
P448	unresolved	
g-lab	unresolved	
PÄÄLÄ	unresolved	
G|FASHION	unresolved	
Pablo	unresolved	
G1920	unresolved	
PaaPii Design	unresolved	
Pablosky	unresolved	
Pabluxe Originals	unresolved	
Pair Eyewear	ats	personio
PACE	unresolved	
G2000	unresolved	
G-shock	unresolved	
Pacific	unresolved	
G.H. Bass & Co	unresolved	
PACOMARTINEZ	unresolved	
PacSun	unresolved	
Gabbiano	unresolved	
PACT	unresolved	
Pada Works	unresolved	
Paddock's	unresolved	
G.I.G.A. DX	unresolved	
G+N	unresolved	
Gabby Glam Cosmetics	unresolved	
Padini	unresolved	
Paglieri	unresolved	
Gabbiano Denim	unresolved	
PAIGE	unresolved	
Palm Angels	ats	teamtailor
FYidoctors	generic	generic-listing
Pagonis Greek Sandals	unresolved	
g'LOSS	unresolved	
Palava	unresolved	
Pajar	unresolved	
Palm Beach Tan	ats	teamtailor
Pala Eyewear	unresolved	
G.Label by Goop	ats	greenhouse
Gaastra	unresolved	
Gabe's	unresolved	
Palazzo Watches & Gems	unresolved	
Palladium	unresolved	
Palladio Beauty	unresolved	
Pallet Life Story	unresolved	
Pall Mall	unresolved	
Palermo Body	unresolved	
PALMA COSMETICS	unresolved	
Palmarosa Shop Maroc	unresolved	
Gaastra International Sportswear	unresolved	
palmer//harding	unresolved	
Palmers	unresolved	
Gabba	unresolved	
Palmes	unresolved	
Paloma Barceló	unresolved	
Gabor	unresolved	
Gabor Shoes	unresolved	
Palmrothin kenkätehdas	unresolved	
Pamela Mann	unresolved	
PAMM	unresolved	
Paloma Wool	unresolved	
Pampered Bee	unresolved	
Pampora Leather	unresolved	
Gaia.Love	unresolved	
Pan Club	unresolved	
Pan tu nie stał	unresolved	
Gabriela Hearst	unresolved	
Papa Bear Care	ats	greenhouse
Panafrica	unresolved	
Gaëlle Constantini	unresolved	
Gabriel Cosmetics	unresolved	
Panama Jack	unresolved	
GADEA	unresolved	
Gainer Beauty LLC	unresolved	
Panamuna Project	unresolved	
Pandora	unresolved	
gagliardi	unresolved	
Panerai	unresolved	
PANGAIA	unresolved	
Galen Leather	unresolved	
Gaelle Hayme	unresolved	
Panos Emporio	unresolved	
GAI+LISVA	unresolved	
Galileo	ats	greenhouse
Pansy	unresolved	
Pantaloons	unresolved	
Gaia Segattini Knotwear	unresolved	
Gaia Conceptions	unresolved	
Gallo	ats	successfactors
Pantofola D'Oro1886	unresolved	
Par Moi	ats	teamtailor
PAOLA DAVOLI	unresolved	
Papaya	unresolved	
Gaillard Vivant	unresolved	
Gallery Department	unresolved	
Paparesta Accessories	unresolved	
Papaya & Bamboo	unresolved	
Parco	ats	smartrecruiters-whitelabel
Paperthinks	unresolved	
Paprcuts	unresolved	
Galleria Department Store	unresolved	
Paprika	unresolved	
Papucei	unresolved	
Galamaar	unresolved	
PAQU	unresolved	
Galeria	unresolved	
Para Mi	unresolved	
Gang de Paris	unresolved	
GANNI	ats	teamtailor
GALERIA KAUFHOF	unresolved	
Paraboot shops	unresolved	
Paracas	unresolved	
GANT	unresolved	
Galiente	unresolved	
Parachute	unresolved	
Gallant	unresolved	
PARAFINA	unresolved	
Paraphrase Perfume	unresolved	
Parea	unresolved	
GALVAN	unresolved	
Parfois	unresolved	
Gap	unresolved	
Parfum d’Empire	unresolved	
Garage	unresolved	
Parfümerie Becker	unresolved	
Parfümerie Pieper	unresolved	
Parfums Artimique	unresolved	
Gamine Workwear	unresolved	
Parfums Caron	unresolved	
Parfums de Marly	unresolved	
GANG	unresolved	
Parfums Lubin	unresolved	
Gardenia	unresolved	
Parfums Quartana	unresolved	
paria /FARZANEH	unresolved	
París	unresolved	
Gardeur	unresolved	
Ganor Dominic	unresolved	
Paris Georgia	unresolved	
Garçonne	unresolved	
Paris Miki	unresolved	
Parise	unresolved	
Parissa	unresolved	
Garrard	unresolved	
Parker Clay	unresolved	
GAOFAN	unresolved	
Parkhurst	unresolved	
Parkson	unresolved	
Garrett Leight	unresolved	
Parley	unresolved	
Parmigiani Fleurier	unresolved	
Paris Perfume Company	unresolved	
Gala Gloves	unresolved	
Part Two	unresolved	
Partow	unresolved	
FUZZI	unresolved	
PART2 BY JUNKO SHIMADA	unresolved	
pas de calais	unresolved	
Garmin Group	unresolved	
Park & Fifth Clothing Co	unresolved	
Pas Normal Studios	unresolved	
Garment Project	unresolved	
Gaston Luga	unresolved	
GARCIA	unresolved	
Pascucci	unresolved	
Gate	ats	lever
GARNET	unresolved	
Gate G1 One	ats	lever
Paseos	unresolved	
PASHWRAP	unresolved	
Garçon Français	unresolved	
Parle Moi de Parfum	unresolved	
Paspaley	unresolved	
Pasquale Bruni	unresolved	
Passenger	unresolved	
Passion Lilie	unresolved	
Passioni	unresolved	
Passport to Organics	unresolved	
Patagonia	unresolved	
Pataugas	unresolved	
Passion Marine	unresolved	
Ganter	unresolved	
Passionata	unresolved	
Gas Bijoux	unresolved	
PATAVINITY	unresolved	
PatBO	unresolved	
Gazel	unresolved	
Pasithea	unresolved	
Patou	unresolved	
Patrick Smith Botanicals	unresolved	
GARY MASH	unresolved	
Patrizia Aryton	unresolved	
Patrick McDowell	unresolved	
Patrizia Pepe	unresolved	
Patta	unresolved	
GATTA	unresolved	
Paul & Joe	unresolved	
Patachou	unresolved	
Paul & Joe Sister	unresolved	
Gattinoni	unresolved	
GCDS	unresolved	
Paul Frank	unresolved	
Gauge81	unresolved	
Paul Green	unresolved	
PAUL & SHARK	unresolved	
Paul Lebeau	unresolved	
Patt'Touch	unresolved	
Paul Smith	unresolved	
Paul Smith Eyewear	unresolved	
Paul Stuart	unresolved	
Gattino	unresolved	
Gazur	unresolved	
Gazing Green	unresolved	
Paul Taylor	unresolved	
PAULA CANOVAS DEL VAS	unresolved	
Gas Jeans	unresolved	
Geggamoja	unresolved	
Paul Hewitt	unresolved	
Pauline Dujancourt	unresolved	
PAUME	unresolved	
Geisha	unresolved	
Garzini	unresolved	
Paule Ka	unresolved	
Gelly Bae	unresolved	
Paula's Choice	unresolved	
gelato pique	unresolved	
Pause	unresolved	
Gemlux Jewels	unresolved	
PAVE	unresolved	
Gemmi	unresolved	
Gazzarrini	unresolved	
Paula Knorr	unresolved	
PAVEMENT	unresolved	
GEMSTHETIX	unresolved	
Pavement Shoes	unresolved	
Gemstone Organic	unresolved	
Pavers Shoes	unresolved	
General Óptica	ats	greenhouse
Gebr. Domhoff	unresolved	
Pawo	unresolved	
General Pants Co.	ats	greenhouse
Peachy Sunday	ats	greenhouse
Peacocks	ats	smartrecruiters-whitelabel
Payan Bertrand	unresolved	
GAUCHERE	unresolved	
PEAK	ats	greenhouse
General Sleep	ats	greenhouse
PC Jeweller	unresolved	
Genabelle	unresolved	
Peak Performance	ats	greenhouse
Payless ShoeSource	unresolved	
Genesis Footwear	ats	lever
Gemtation GmbH	unresolved	
Genesis	ats	lever
Peace Bird Women	unresolved	
Pavo Couture	unresolved	
Peace Out Skincare	unresolved	
Peach & Lily	unresolved	
Geneva seal	unresolved	
PEACH JOHN	unresolved	
Peach Not Plastic	unresolved	
Genti	unresolved	
Peach Slices	unresolved	
Genti Clothing	unresolved	
Pearl & Moss Botanicals	unresolved	
Gentiluomo	unresolved	
Gekås	unresolved	
Pearle Studio	unresolved	
Pearl Street Swim	unresolved	
GENTLE MONSTER	unresolved	
Gen See	unresolved	
Genuine Myself	ats	personio
Pear Concept	unresolved	
GeBe Maternity	generic	generic-listing
Pearle Vision	unresolved	
Pearly Gates	unresolved	
Peas in a Pod	unresolved	
Pebby Forevee	unresolved	
Pecegueiro & F.os	unresolved	
Pechoin	unresolved	
Peckham Rye	unresolved	
George Richards Big & Tall Menswear	unresolved	
GENRAGE	unresolved	
Pedal Mafia	unresolved	
Peloton	ats	greenhouse
Pedestrian Project	unresolved	
Peloton	ats	greenhouse
Pedigo Firenze	unresolved	
Pedro del Hierro	unresolved	
Pedro Miralles	unresolved	
Genial Day	unresolved	
Pegador	unresolved	
Penelope Chilvers	ats	teamtailor
Pehr	unresolved	
Gee Beauty	unresolved	
Pelagic	unresolved	
Peggy Sage	unresolved	
Pelle P	unresolved	
Gently Radiant SKin	unresolved	
PELLI	unresolved	
Gandys	unresolved	
geographical norway	unresolved	
PELLIOT	unresolved	
Pendleton Woolen Mills	unresolved	
Penfield	unresolved	
Gerald Online	unresolved	
Penhaligon's	unresolved	
George	unresolved	
PennyBlack	unresolved	
Penningtons	unresolved	
Gergana Ivanova	unresolved	
penoora's	unresolved	
GEORGES	unresolved	
Penshoppe	unresolved	
Peninsula Swimwear	unresolved	
Penn&Ink N.Y	unresolved	
PEP	ats	greenhouse
peony	unresolved	
Gerke my pants	unresolved	
Georg Jensen	unresolved	
People of Color	unresolved	
Penti	unresolved	
Pepco	ats	personio
People of Earth	unresolved	
People of Leisure	unresolved	
People Pleaser Co.	unresolved	
People of Shibuya	unresolved	
People Tree	unresolved	
PEOPLE’S REPUBLIC OF CASHMERE	unresolved	
Peoples Jewellers	unresolved	
Georges Rech	unresolved	
Pep&Co	ats	greenhouse
People Tree	unresolved	
Gerard Darel	unresolved	
Pepa Salazar	unresolved	
Germanier	unresolved	
Pepaloves	unresolved	
PèPè	unresolved	
Pepe Jeans	unresolved	
Pepe Moll	unresolved	
Pepper Pout	unresolved	
Peppercorn	unresolved	
Pequignet	unresolved	
Percival	unresolved	
Peregrine	unresolved	
Percy & Nell	unresolved	
Peregrine Kidswear	unresolved	
Perennial Soaps	unresolved	
Gertrude+Gaston	unresolved	
Gerry Weber	unresolved	
Perfect Herbs	unresolved	
Perfect Image LLC	unresolved	
Perfect Accent	unresolved	
GFG Jewellery by Nilufer	ats	smartrecruiters-whitelabel
Perfect Stranger	unresolved	
Ghanda	unresolved	
Perfection	unresolved	
Perfumania	unresolved	
GetStonned	unresolved	
GERRY WEBER	unresolved	
Perfumy.pl	unresolved	
Gessica Albu	unresolved	
Ghost	ats	greenhouse
Perky Peach	unresolved	
Ghospell	unresolved	
Perlato	unresolved	
PERLENSAU	unresolved	
Performance Clothing	unresolved	
Perlie	unresolved	
Gerngross department store	generic	generic-listing
Perfumer H	unresolved	
Perlita Peaches	unresolved	
Permanent Vacation	unresolved	
Giacomo The Jacket	unresolved	
Perfect Moment	unresolved	
Pernambucanas	unresolved	
Pernille Corydon	unresolved	
PERPÈT	unresolved	
Perro Collection	unresolved	
Giacomo Conti	unresolved	
Perry Ellis	unresolved	
Perroy	unresolved	
GIAMBATTISTA VALLI	unresolved	
PETA + JAIN	ats	personio
Perry Ellis	unresolved	
PerryCo	unresolved	
Gestuz	unresolved	
Persol	unresolved	
GIABORGHINI	unresolved	
Persona	unresolved	
Personal Collection	unresolved	
Giannico	unresolved	
Pertini	unresolved	
PERVERZE	unresolved	
Peserico	unresolved	
Pet~Pourri	unresolved	
Peter Alexander	unresolved	
Peruvian Kani	unresolved	
GEORGESPAUL	unresolved	
Peter Alexander	unresolved	
Peter Hahn	unresolved	
Giangi	unresolved	
Peter Jr.	unresolved	
Peter Kaiser	unresolved	
PETERSON STOOP	unresolved	
Petit Kouraj	unresolved	
Petit Main	unresolved	
Petit Nord Copenhagen	unresolved	
PETER MILLAR	unresolved	
Petit Pli	unresolved	
Peter England	unresolved	
Petite M.	unresolved	
Petite mendigote	unresolved	
Petite Maison Kids	unresolved	
GHC Sportswear®	unresolved	
Petite Studio	unresolved	
Gianvito Rossi	unresolved	
Petite Oh	unresolved	
Petra Design	unresolved	
Gibson London	unresolved	
Petrol Industries	unresolved	
Gidigio	unresolved	
Petite Grand	unresolved	
Giant Tiger	ats	workday
Gianni Lupo	unresolved	
Petty Pout	unresolved	
GGVV	unresolved	
Gieschen Jewelers	unresolved	
Giardini di Toscana	unresolved	
Pfeiffer	unresolved	
Générale d'Optique	unresolved	
Gieves & Hawkes	unresolved	
Giga	ats	personio
Petrifun Store	unresolved	
Peuterey	unresolved	
Gigi Fratelli	ats	personio
PGA Tour Superstore	unresolved	
GIGI MODA	ats	personio
GIGI BURRIS	ats	personio
PH5	unresolved	
Gigasport	unresolved	
Pharmagel	unresolved	
Pharmadrops	unresolved	
phenix	unresolved	
Phera	unresolved	
Giaquinto	generic	generic-listing
GigaSports	unresolved	
Phase Eight	unresolved	
phi.denim	unresolved	
Petrodvorets Watch Factory	unresolved	
Phil's	unresolved	
Gilda Tonelli	unresolved	
Philine of San Francisco	unresolved	
PHEONA'S JEWELERS	unresolved	
GILDA & PEARL	unresolved	
Giesswein	unresolved	
PHILIP HOG	unresolved	
Gildan	unresolved	
PHILIPP PLEIN	unresolved	
PICARD	ats	recruitee
Phildar	unresolved	
Philosophy Blues Original	unresolved	
Philippe Model	unresolved	
Philosophy di Lorenzo Serafini	unresolved	
Phlur	unresolved	
Phoebe English	unresolved	
Pied de Biche	ats	wttj
PHOEBE PHILO	unresolved	
Gil Bret	unresolved	
Phipps International	unresolved	
Phosis	unresolved	
Piaget	unresolved	
Gina Laura	unresolved	
Gina Tricot	ats	teamtailor
Piazza Italia	unresolved	
PiccoliNY	unresolved	
Pick 'n Pay Clothing	unresolved	
Pico	unresolved	
Gilly Hicks	unresolved	
Gil Rodriguez	unresolved	
Picture	unresolved	
PIECES	unresolved	
Piedro	unresolved	
Pien Studios	unresolved	
Gill Marine	unresolved	
Pier One	unresolved	
Gijs	unresolved	
Gilchrist & Soames	unresolved	
Piera Ceresa	unresolved	
GIN AMBER BEAUTY	unresolved	
Pierotucci	unresolved	
Pierre Cardin	unresolved	
Gino Rossi	unresolved	
Pierre Lannier	unresolved	
Gio	unresolved	
Pierre Hardy	unresolved	
Pierre-Louis Mascia	unresolved	
PierreWax	unresolved	
Pieszak	unresolved	
Pietro Brunelli	unresolved	
Giomila	unresolved	
Piferi	unresolved	
Pig  Chicken & Cow	unresolved	
Ginger & Smart	unresolved	
Pigmentarium	unresolved	
Piʻi Botanicals	unresolved	
GINANNI	unresolved	
Piilgrim	unresolved	
Pikes Peak Apothecary	unresolved	
Gigue	unresolved	
Pine Cashmere	ats	greenhouse
Pierre Robert	unresolved	
Pikolinos	unresolved	
Pilgrim	unresolved	
Piloti	unresolved	
Giorgia Streetwear	unresolved	
Pimkie	unresolved	
Ginny & Jude Designs	unresolved	
Pilgrim Clothing	unresolved	
Pink Power Makeup	ats	recruitee
Piña	unresolved	
Pink Root Products	ats	recruitee
Pinalli	unresolved	
Giorgio Armani	unresolved	
Gémo	unresolved	
Pink Woman	ats	recruitee
Gioielli Di Valenza	unresolved	
Pig & Hen	unresolved	
PINK-latte	ats	recruitee
Geox	unresolved	
Pig and Hen	unresolved	
Gioseppo	unresolved	
Pineda Covalín	unresolved	
Frank Dandy	unresolved	
Giordano Colors	unresolved	
PING Japan	unresolved	
Giorgio & Mario	unresolved	
Pink Vanilla	ats	recruitee
PINK	unresolved	
Pink	unresolved	
Pink Chawkulit	unresolved	
Pink House Mustique	unresolved	
Pink Moon	unresolved	
PINKO	unresolved	
Pinky B Beauty	unresolved	
Girlfriend Collective	unresolved	
PINKY&DIANNE	unresolved	
Pinned by K	unresolved	
Pinky Club	unresolved	
Pinocchio Shoes	unresolved	
Giulia	unresolved	
pinqponq	unresolved	
Giorgio Armani	unresolved	
Pinrose	unresolved	
pintta	unresolved	
Givenchy	unresolved	
Pioneer Jeans	unresolved	
Pionier Workwear	unresolved	
Givova Sport	unresolved	
Giorgio 1958	unresolved	
Pip Studio	unresolved	
Piper & Skye	unresolved	
PIPER LILY™ Skincare	unresolved	
Girard-Perregaux	unresolved	
Glacial	unresolved	
PiperWai Natural Deodorant	unresolved	
pipette	unresolved	
Gian Marco Venturi	unresolved	
Piping Hot	unresolved	
Gladfolk	unresolved	
Giordano	unresolved	
Pippa of London	unresolved	
GIULIA	unresolved	
Gladys Tamez Millinery	unresolved	
Pippa Holt	unresolved	
Pippa Small	unresolved	
Pirouette	unresolved	
Glamlite	unresolved	
Piquadro	unresolved	
Pisamonas	unresolved	
Pistola	unresolved	
Glamorous	unresolved	
Girlfriend	unresolved	
Pit Bull	unresolved	
Piticas	unresolved	
Pitka Leather	unresolved	
Pirin-Tex	unresolved	
Pitod	unresolved	
Pittarello	unresolved	
PittaRosso	unresolved	
Pitti Vintage	unresolved	
Giuseppe Zanotti	generic	generic-listing
Pitusa	unresolved	
Glacial Bay Organic Clay	unresolved	
Piu Brand	unresolved	
Pixie	unresolved	
Glame Chic	unresolved	
Giyi	unresolved	
PIXIE MARKET	unresolved	
Glamazon Beauty	unresolved	
PJ Pan	unresolved	
PJ's Soaps and Bombs	unresolved	
plae	unresolved	
GLAMNETIC	unresolved	
plage	unresolved	
Glamsquad	unresolved	
PLAGLA	unresolved	
Glass Of Venice	unresolved	
Glassons	unresolved	
Glacé Spa Clay	unresolved	
Plain Jane Beauty	unresolved	
Plain People	unresolved	
Glassworks	unresolved	
Plain Units	unresolved	
Glide Sculpt	ats	greenhouse
Plan C	unresolved	
Planeta Sport	unresolved	
Planika	unresolved	
Plain & Supple organic skincare	unresolved	
Plaine Products	unresolved	
Plant Based Candles	unresolved	
Glamorise	unresolved	
Plant Faced Clothing	unresolved	
Plant Therapy	unresolved	
Glitter	ats	teamtailor
Plantd Skincare Ltd.	unresolved	
Plantéa Skincare	unresolved	
Planted	unresolved	
Plantkos	unresolved	
Plasma Records	unresolved	
PLASTICITY	unresolved	
Platinum Skin Care	unresolved	
Plato's Closet	unresolved	
Playful Promises	unresolved	
Gleam	unresolved	
Playlife	unresolved	
Gleamin	unresolved	
Plume Impression	ats	lever
Play It Again Sports	unresolved	
Glash	unresolved	
PLAYSHOES	unresolved	
Glimmer Wish	unresolved	
GLITTER FASHION	ats	teamtailor
Glase	unresolved	
Playtex	unresolved	
Glitter	ats	teamtailor
Pleatsmama	unresolved	
Globe-Trotter	ats	teamtailor
Plein Sport	unresolved	
Globetrotter Ausrüstung	ats	teamtailor
Giovanni	unresolved	
Pletzsch	unresolved	
Plexida	unresolved	
Plomo o Plata	unresolved	
Glanzstucke Munchen	unresolved	
PLU Laboratories	unresolved	
Plus Ultra	unresolved	
POD Original	ats	wttj
PLUTO	unresolved	
Plush Organic Skin Care	unresolved	
Pnina Rosenblum Ltd.	unresolved	
PME Legend	unresolved	
PNJ	unresolved	
Glass Onion	unresolved	
Po-Zu	unresolved	
Pleaser Shoes	unresolved	
Polaroid	ats	recruitee
Point Zero	ats	smartrecruiters-whitelabel
PO:DL	unresolved	
Polaroid Corporation	ats	recruitee
POAN	unresolved	
Polaroid Eyewear	ats	recruitee
POC	unresolved	
POC Sports	unresolved	
Gloria Coelho	unresolved	
PODYH	unresolved	
Poème Clothing	unresolved	
Pogo	unresolved	
Pohésia	unresolved	
PoiLei	unresolved	
Polarn O. Pyret	unresolved	
Globo	unresolved	
Globus	unresolved	
PolemPoLen	unresolved	
Glixi	unresolved	
Polinesia	unresolved	
Polis Casfino	unresolved	
Polish Me Unbothered	unresolved	
Glorious Gangsta	unresolved	
GLORIA!GLORIA!	unresolved	
Glisten Cosmetics	unresolved	
Glossier	ats	greenhouse
Polished Prints	unresolved	
Pom d'api	ats	teamtailor
Polished Punk	unresolved	
POM Amsterdam	ats	teamtailor
Glow Jar Beauty	ats	personio
GLOBAL WORK	unresolved	
POLITE WORLDWIDE	unresolved	
Glow Natural Wellness	ats	personio
Polly Wales	unresolved	
Glow Recipe	ats	personio
Polo Blue	unresolved	
Polo Club St Martin	unresolved	
Polo Ralph Lauren	unresolved	
GLOWE	unresolved	
POLOLO	unresolved	
POLYN	unresolved	
Globus	unresolved	
Globe	unresolved	
Gloow	unresolved	
POLYN Baby	unresolved	
Polysnifferous	unresolved	
Pomellato	unresolved	
POMKIN	unresolved	
Pompea	unresolved	
Ponara	unresolved	
PONCHE	unresolved	
Pono Woodworks	unresolved	
Glycine Watch SA	unresolved	
Pons Quintana	unresolved	
Poo~Pourri	unresolved	
POOFY ORGANICS	unresolved	
Poolday-Paris	unresolved	
Glotto	unresolved	
Glosslab  LLC	unresolved	
Poools	unresolved	
Pop My Way	unresolved	
Pop Trading Company	unresolved	
Glowell	unresolved	
Popana	unresolved	
Gloria Jeans	unresolved	
Go Outdoors	ats	greenhouse
POPLINEN	unresolved	
Poplook	unresolved	
Poplooks	unresolved	
Poppy & Peonies	unresolved	
Glowing Orchid Organics	unresolved	
Poppy Field	unresolved	
GmbH	unresolved	
Go Red Cosmetics	unresolved	
Poppy Silk	unresolved	
Goal Five	ats	greenhouse
Porsche Design	unresolved	
Pop Bag USA	unresolved	
Goat Organic Apparel	unresolved	
Gntl	unresolved	
Port de Bras	unresolved	
Port Products	unresolved	
Port Zienna	unresolved	
go as u.r	unresolved	
Porter Blue	unresolved	
Go Gently Nation	unresolved	
Gloverall	unresolved	
Porter Yoshida & Co.	unresolved	
Porter-Yoshida&Co	unresolved	
Portland Bee Balm	unresolved	
Portmans	unresolved	
GoFutureWithLove	unresolved	
Portmans	unresolved	
Poppy & Pout	unresolved	
Ports 1961	unresolved	
Poppy Barley	unresolved	
GOG ATELIER	unresolved	
PortsPure	unresolved	
Posh Lash Professional Inc	unresolved	
Poshe	unresolved	
Positive Outlook Clothing	unresolved	
Global Desi	unresolved	
Poster Girl	unresolved	
Postie	unresolved	
Pot~Pourri	unresolved	
Go OM Yourself	unresolved	
Portuguese Flannel	unresolved	
GOD'S MASTERFUL CHILDREN	unresolved	
GOELIA	unresolved	
Pound Cake	unresolved	
Poupette St Barth	unresolved	
Golbary	unresolved	
Pour Les Femmes	unresolved	
Goddess Gear	unresolved	
Gold Apple	unresolved	
Pour Moi	unresolved	
Pour Moi Skincare	unresolved	
Gold Palace	unresolved	
POURS STUDIOS	unresolved	
PourVous	unresolved	
Go Outdoors Express	unresolved	
gogglesoc	unresolved	
Powder Design	unresolved	
Goa Goa	unresolved	
Power Fashion	unresolved	
Golden Equation	unresolved	
PowerSutra	unresolved	
GOLDEN GOOSE	unresolved	
PowerV	unresolved	
Powster	unresolved	
Gola	unresolved	
POYA	unresolved	
Pozone	unresolved	
Powell Craft	unresolved	
PP Berlin	unresolved	
PQ	unresolved	
Gobi Cashmere	generic	generic-listing
Goldgarn Denim	unresolved	
Prabal Gurung	unresolved	
Prada	unresolved	
Pragnell	unresolved	
Prai Beauty	unresolved	
Goldmark Jeweller	unresolved	
Goldie Lux Skin	unresolved	
Prai Beauty LLC	unresolved	
Prairie Linens Studio Inc.	unresolved	
God's Original Design	unresolved	
Prairie Potions	unresolved	
Prairie Rose Organics	unresolved	
Prairie Underground	unresolved	
Prakti	unresolved	
Golden Head	unresolved	
Golden Hour Botanicals	unresolved	
Pramika Uniform	unresolved	
prAna	unresolved	
GOLDWELT	unresolved	
Pratima Skincare	unresolved	
Goldenpoint	unresolved	
PRAY	unresolved	
Gold Toe Brands	unresolved	
Preen By Thornton Bregazzi	unresolved	
Golf Galaxy	ats	greenhouse
Preggo Leggings	unresolved	
Golf Partner	ats	greenhouse
Golf Town	ats	greenhouse
Pregis	unresolved	
Pregnidos	unresolved	
Goldwin	unresolved	
Premiata	unresolved	
Gomaye	unresolved	
Première Note	unresolved	
Première Peau	unresolved	
Prénatal  Netherlands	unresolved	
Prep U Products	unresolved	
Good + Daily	unresolved	
Golf・Do	ats	greenhouse
Pressed Pretty	unresolved	
Golden Rose Cosmetics	unresolved	
Pressio	unresolved	
Good American	ats	lever
Good Alchemy	unresolved	
Preston Lane	unresolved	
Goldn beauty LLC	unresolved	
Pretty Ballerinas	unresolved	
Pretty Cute	unresolved	
GoldenLife	unresolved	
Pretty Eccentric	unresolved	
Good Dye Young	unresolved	
Pretty Frank	unresolved	
Pretty Green	unresolved	
GoldPaw	unresolved	
GOLDSIGN	unresolved	
Good Earth	unresolved	
Pretty One	unresolved	
Primark	ats	smartrecruiters-whitelabel
PRETTY VACANT	unresolved	
Good For Nothing	unresolved	
Goldbergh	unresolved	
PrettyLittleThing	unresolved	
Good for Sunday	unresolved	
Pride To Be	unresolved	
Prim Stargazer	unresolved	
Pretty Polly	unresolved	
PRIMA MODA	unresolved	
PrimaDonna	unresolved	
Gondolina	unresolved	
Primadonna	unresolved	
Pretty You	unresolved	
Primadonna Collection	unresolved	
Good Morning Universe	unresolved	
Prima Essenza	unresolved	
Goldsmiths	unresolved	
Primavera	unresolved	
PRIMECUT	unresolved	
Good Citizens Eyewear	unresolved	
Primigi	unresolved	
Primitive	unresolved	
Primitive House Farm	unresolved	
Good Organics	unresolved	
Primitive Tribal Craft	unresolved	
Good Weather Skin	unresolved	
Primor	unresolved	
Prime Shoes	unresolved	
Good Juju Body & Home	unresolved	
Prince & Bond	unresolved	
good.clean.goop	unresolved	
PRINCESS GOES HOLLYWOOD	unresolved	
Good Man Brand	unresolved	
Princess Highway	unresolved	
Good Medicine Beauty Lab	unresolved	
Good For You Girls	unresolved	
Good Guys Don't Wear Leather	unresolved	
Princess Jewellery	unresolved	
Princess Polly	unresolved	
PRINCESSE NOMADE	unresolved	
Princesse tam.tam	unresolved	
goodsociety	unresolved	
Princessknobs Nail Polish	unresolved	
Goodbaby	unresolved	
Pringle of Scotland	unresolved	
Printemps Haussmann	unresolved	
goodtrip	unresolved	
Good News	unresolved	
Printfresh	unresolved	
Goody's	ats	greenhouse
Goodwin's Skin Soother	ats	greenhouse
Printful	unresolved	
Printify	unresolved	
Google Merchandise Store	ats	recruitee
Prior (České Budějovice)	unresolved	
GoopBeauty	unresolved	
PRISTINE	unresolved	
PRIVATES	unresolved	
Profil Optik	ats	teamtailor
Privé Revaux	unresolved	
Goophone	unresolved	
Profuomo	ats	recruitee
Good Weird	unresolved	
Pro 4	unresolved	
Goorin Bros	unresolved	
Pro Hockey Life	unresolved	
Goodnap	unresolved	
Goosecraft	unresolved	
Pro Keds	unresolved	
Gorjana	ats	greenhouse
Pro optik	unresolved	
GOODEE	unresolved	
PRO.SHOE.LAB	unresolved	
Glashütte Original	unresolved	
Good Molecules	unresolved	
pro-organic UG	unresolved	
Good Flower Farm	unresolved	
GORE® WEAR	unresolved	
Ginoble	unresolved	
Proclaim	unresolved	
Proenza Schouler	unresolved	
Pro Wrestling Tees	unresolved	
Progetto Quid	unresolved	
Gosha Rubchinskiy	unresolved	
Progressive Crawlers	unresolved	
Prophet Skincare	ats	greenhouse
Gossard	unresolved	
Prohibited	unresolved	
Goodspread	unresolved	
Prose Beauty	ats	wttj
Pro Image Sports	unresolved	
PROMISS	unresolved	
Project X Paris	unresolved	
Prohibition Wellness	unresolved	
PROTECTIVE Sports	ats	lever
Pronovias	unresolved	
Property Of...	unresolved	
Gouiran Beauté	unresolved	
Goumi Kids	unresolved	
PROPORT1ON BODY DRESSING	unresolved	
Proraso	unresolved	
Prosa	unresolved	
Gordmans	unresolved	
Goossens Paris	unresolved	
Prosac Alwaysmile	unresolved	
Görtz	unresolved	
Grace & Stella	ats	teamtailor
Prosperine	unresolved	
Prota Fiori	unresolved	
GORG	unresolved	
Protean London	unresolved	
Protest	unresolved	
Proudly	unresolved	
Public	ats	greenhouse
Prouds	unresolved	
Public Desire	ats	greenhouse
Prymora	unresolved	
Gotji Beauty	unresolved	
PS Fashion	unresolved	
Public Myth	ats	greenhouse
Public Habit	ats	greenhouse
PS Poelman	unresolved	
Public School	ats	greenhouse
Pssbl	unresolved	
Puig	ats	wttj
Psycho Bunny	unresolved	
Götzburg	unresolved	
PSYLO	unresolved	
PTOUTWEAR	unresolved	
GRAIN DE MALICE	ats	teamtailor
Proze Performance Nutrition	unresolved	
Goutal	unresolved	
PUAH	unresolved	
PUB	unresolved	
GR10K	unresolved	
GoWipe	unresolved	
Publux	unresolved	
Pucci	unresolved	
Grainular	unresolved	
Graceful District	unresolved	
PUCCINI	unresolved	
Puffin Gear	unresolved	
GOT BAG	ats	personio
Pull&Bear	unresolved	
Gramicci	unresolved	
Graine	unresolved	
PULZ	unresolved	
Grand Frank	ats	lever
Puma	unresolved	
PULZ Jeans	unresolved	
Gracious May	unresolved	
Grand Seiko	ats	lever
Puna Noni Naturals	unresolved	
Granado	unresolved	
Grand Step	ats	lever
PUNT ROMA	unresolved	
Grand Step Shoes	ats	lever
Punto Pigro	unresolved	
Gorman	generic	generic-listing
Pupa Milano	unresolved	
Grahams Jewellers	unresolved	
Puppets And Puppets	unresolved	
Grandma's Natural Remedies  Inc.	unresolved	
Pur Schoen	unresolved	
Grandma's Olde Fashioned Soap and Candles	unresolved	
Pura Lopez	unresolved	
Pura Vida	unresolved	
Purdey	unresolved	
Graciela Huam	generic	generic-listing
Purdori	unresolved	
Punky Color	unresolved	
Grand Optics	ats	lever
GrandmasLittleLilly	unresolved	
GrandVision	unresolved	
Pure Apparel	unresolved	
Graff Diamonds	unresolved	
Pure Atlanta	unresolved	
Goonj	generic	generic-listing
Punto Belle	unresolved	
GRAMMAR	unresolved	
Pure Botanica	unresolved	
Pure Chemistry	unresolved	
pure cashmere	unresolved	
Pure Choice Apparel	unresolved	
Gratitude Chicago	unresolved	
Pura Botanicals Inc.	unresolved	
Pure Heart Essentials	unresolved	
Gravel	unresolved	
Pure Hue Cosmetics LLC	unresolved	
Graine de Pastel	unresolved	
Pure in Heart	unresolved	
Pure Intox	unresolved	
Gray Label	unresolved	
Pure H.Tico	unresolved	
GrandOptical	unresolved	
Pure Path	unresolved	
Pure Pitz™	unresolved	
Pure Culture Beauty	unresolved	
pure pure by BAUER	unresolved	
Pure Soul Organics	unresolved	
Granelito	unresolved	
Grant Stone	unresolved	
Gray Matters	unresolved	
Purebaby	unresolved	
PURECODE USA	unresolved	
Pure Magnolia	unresolved	
Gratis	unresolved	
Grateful Body Botanical Skin Care	unresolved	
Green Girl Basics	unresolved	
PURESEOUL	unresolved	
Purexis	unresolved	
PURPLE PHOENIX NAIL SUPPLY	ats	personio
Purifect by Symphony Beauty	unresolved	
Purificacion Garcia	unresolved	
GreenBomb	unresolved	
Purity Woods	unresolved	
Purple Prairie Botanicals	ats	personio
Gray Away	unresolved	
Greendigo	unresolved	
Purnama	unresolved	
GrayEagleLeather	unresolved	
Puroego	unresolved	
Greater Than Beauty	unresolved	
PUROLEO	unresolved	
Greenfibres	unresolved	
Purse King	unresolved	
Purely Lush	unresolved	
Green Bee Botanicals	unresolved	
Gratefully Threaded	unresolved	
greenjama	unresolved	
pushBUTTON	unresolved	
Pushaoo	unresolved	
Pussy Deluxe	unresolved	
Greenpoint	unresolved	
Greg Lauren	unresolved	
Great Many	unresolved	
PVH Corp.	unresolved	
Grey Belly	ats	greenhouse
PUUR Ingrid	unresolved	
PWT Group	unresolved	
Pye Shirts	unresolved	
Green ICE	unresolved	
Pyer Moss	unresolved	
Grey Gardens	ats	greenhouse
Great Plains	unresolved	
Pyne & Smith Clothiers	unresolved	
Pyrrha	unresolved	
GRETCHEN	unresolved	
Green Laces	unresolved	
Gridline	ats	lever
PYRENEX	unresolved	
Pyrrha Jewelry	unresolved	
Q for Quinn	unresolved	
Q/S designed by	unresolved	
GRetail	unresolved	
GREENHEART BOTANICALS	unresolved	
Purusha People	unresolved	
Qeelin	unresolved	
Grimey	unresolved	
Qet Botanicals	unresolved	
Qiaodan	unresolved	
Greenpacha	unresolved	
GRO	ats	personio
Q36.5	unresolved	
QMBeautique	unresolved	
Qipao	unresolved	
QOTN	unresolved	
QOSS	unresolved	
QRxLabs	unresolved	
GRIZAS	unresolved	
Quaker Marine Supply Co.	unresolved	
Gressa Inc	unresolved	
Qualash	unresolved	
Qualerex Beauty	unresolved	
Groisil and Co.	unresolved	
Groceries Apparel	unresolved	
Greve	unresolved	
Quapi	unresolved	
Grounded People	unresolved	
Quay Australia	unresolved	
Quazi Design	unresolved	
Quince	ats	greenhouse
GREENBURRY	unresolved	
Qubz	unresolved	
Ground Zero Clothing	unresolved	
Queen Kerosin	unresolved	
Queen MODA Positano	unresolved	
Queen Mum	unresolved	
Groupe Zannier	unresolved	
Queen of the Court	unresolved	
Quem Disse  Berenice?	unresolved	
Grisport	unresolved	
Querol	unresolved	
grove	unresolved	
Grow Fragrance	ats	personio
Quick Schuh	unresolved	
Grinders	unresolved	
Gritti	unresolved	
Quincy Mae	unresolved	
Greyder	unresolved	
Grove Co	unresolved	
Quiosque	unresolved	
Grow From Nature	ats	personio
quitan	unresolved	
Quiz	unresolved	
Grunge John Orchestra.Explosion	unresolved	
Quoddy	unresolved	
Quiksilver	unresolved	
Quotrell	unresolved	
Grunt	unresolved	
GROUNDTRUTH	unresolved	
grims	unresolved	
Queenspark	unresolved	
Groupe NOVI	unresolved	
Grupo Elektra	unresolved	
QURC. amsterdam	unresolved	
Groundies	unresolved	
Gsus	unresolved	
Quriox	unresolved	
QWSTION	unresolved	
Grupo Famsa	unresolved	
R.E.M. Beauty	unresolved	
R.M.Williams	unresolved	
GU	unresolved	
Grovana Watch	unresolved	
R+Co	unresolved	
R13	unresolved	
R+Color	unresolved	
RA Attire	unresolved	
RA Cosmetics	unresolved	
Grüne Erde	unresolved	
R+Co Bleu	unresolved	
Guacamole	unresolved	
Rabe	unresolved	
Gu Zhi	unresolved	
Rachel Elise	unresolved	
Radiant Beauty	ats	wttj
Rachel K	unresolved	
Rachel Moayer Skin	unresolved	
Rachel Silk	unresolved	
Gucci	unresolved	
Rachel Zoe	unresolved	
Rackle	unresolved	
Radà	unresolved	
Guerlain	unresolved	
Gudi Home	unresolved	
Rack Room Shoes	unresolved	
GUESS	unresolved	
R4G	unresolved	
Guanology	unresolved	
Radley	unresolved	
Rado	unresolved	
Guild+Pepper	ats	greenhouse
Gugguu	unresolved	
Radyan Corporation	unresolved	
RÆBURN	unresolved	
Raeburn	unresolved	
GUAPAPEAKS	unresolved	
Rael	unresolved	
Raf Simons	unresolved	
Raffaello Rossi	unresolved	
Guards London	unresolved	
rag & bone	unresolved	
GuanAnAn London	unresolved	
Rage	unresolved	
Rage Age	unresolved	
Guayaberas y Mas Boutique	unresolved	
GTOClothing	unresolved	
Gunda Hafner	unresolved	
GUNAS	unresolved	
RAGEBLUE	unresolved	
GUESS Watches	unresolved	
Raging Bull	unresolved	
Gundry MD	unresolved	
Grenson	unresolved	
Ragman	unresolved	
Guest in Residence	unresolved	
Ragno	unresolved	
RAGS & GENTS	unresolved	
ragwear	unresolved	
GUSTAV	unresolved	
RAGYARD	unresolved	
Rahul Mishra	unresolved	
GUSSI	unresolved	
Rails	unresolved	
Rainbow Shops	unresolved	
Guests on Earth	unresolved	
Rains	unresolved	
Guldfynd	unresolved	
RAIVE	unresolved	
Raizzed	unresolved	
Rakuten Books	unresolved	
Ralf Ringer	unresolved	
RALLY	unresolved	
Ralph Lauren	unresolved	
Ramayana Lestari Sentosa	unresolved	
Rambler Studios	unresolved	
RAMIDUS	unresolved	
Rampage	unresolved	
Gung Ho Design	unresolved	
Rami Al Ali	unresolved	
Ramsey	unresolved	
Ramraj Cotton	unresolved	
GXG	unresolved	
Ranavat	unresolved	
Rangoni	unresolved	
Rapanui	unresolved	
Gutteridge	unresolved	
Gymboree	unresolved	
Rapha	unresolved	
Gymshark	ats	greenhouse
GUM	unresolved	
Rallier	unresolved	
Rarámuri	unresolved	
Raven + Lily	ats	greenhouse
Rapisardi	unresolved	
RARE By Circle	unresolved	
GuterStoff	unresolved	
Rare Carat	unresolved	
Rare London	unresolved	
rareESSENCE	unresolved	
Ras Shoes	unresolved	
Gunnar Optiks	generic	generic-listing
RaspberryPlum	unresolved	
Guts & Gusto	generic	generic-listing
Rare Beauty	unresolved	
RÄTHEL & WOLF	unresolved	
RATIO ET MOTUS	unresolved	
H BAR C	unresolved	
Rave Review	unresolved	
RaveScoutr	unresolved	
GymVibez	unresolved	
Raw Color	unresolved	
Gym + coffee	unresolved	
Raw Leathers	unresolved	
Raw Love Sunscreen	unresolved	
RAW MODA	unresolved	
Raw Threads	unresolved	
Gwyllem	unresolved	
Rawness Natural Beauty Products	unresolved	
Ray-Ban	unresolved	
Ray swimwear	unresolved	
Raymar Cosmetics	unresolved	
Gudrun Sjödén	unresolved	
H'S	unresolved	
Raymond Group	unresolved	
H&M	unresolved	
Rayne Refillery	unresolved	
Raymond Weil	unresolved	
RCMA	unresolved	
Gypsy Sport	unresolved	
re	unresolved	
RE	unresolved	
RE Botanicals	unresolved	
RE-BLUE	unresolved	
HABOOB	unresolved	
RE-BELLO	unresolved	
Gypsy Jetstream	unresolved	
Re-HasH	unresolved	
H Samuel	unresolved	
RE;CODE	unresolved	
Re:ADY B	unresolved	
Re:designed	unresolved	
RealSelf	ats	lever
RE:SIN	unresolved	
Guinot	unresolved	
re.draft	unresolved	
RE/DONE	unresolved	
GYPPHY	unresolved	
RE49	unresolved	
Hades	ats	personio
Real Root	unresolved	
Real Skin Retinue	unresolved	
Reale Actives	unresolved	
RealHer	unresolved	
Reco	ats	recruitee
Réalisation Par	unresolved	
HAFENDIEB	unresolved	
REAMEREI	unresolved	
Real Deal Brazil	unresolved	
Rebecca Vallance	unresolved	
Gym King	generic	generic-listing
Rebel	unresolved	
H. Stern	unresolved	
Real Fruit Body	unresolved	
Rebel Green	unresolved	
Rebel Sport	unresolved	
Rebels Refinery	unresolved	
Haglöfs	unresolved	
Recman	unresolved	
Habitual Kid	unresolved	
Hackett London	unresolved	
haikure	unresolved	
recolution	unresolved	
Hackett	unresolved	
Recover Brands	unresolved	
Recovo	unresolved	
ReCreate	unresolved	
H4	unresolved	
Recycled Karma	unresolved	
Recycledbags.Co	unresolved	
Red Apple Lipstick	unresolved	
Hakata Hankyu	unresolved	
RED CARD TOKYO	unresolved	
Rebecca Minkoff	unresolved	
Red is Bad	unresolved	
Red Kap	unresolved	
Red Pantz	unresolved	
Red Queen Cosmetics	unresolved	
Red Wing Shoes	unresolved	
Red Wing Shoes	unresolved	
H2O	unresolved	
Red-Rag boys & girls	unresolved	
Redefined Rebel	unresolved	
Háda	unresolved	
Hackwith Design House	unresolved	
Red-Rag women	unresolved	
Redemption	unresolved	
Hailey Gerrits	unresolved	
Redhead Revolution	unresolved	
REDMAX	unresolved	
Redgreen	unresolved	
HAIRGURT	unresolved	
Redpoint	unresolved	
Hale and Hush	unresolved	
Redrew	unresolved	
H.A. Brieger	unresolved	
Redskins	unresolved	
Redwood Classics Apparel	unresolved	
Reebok	unresolved	
Hairbond	generic	generic-listing
Reed	unresolved	
REEF	unresolved	
Reell	unresolved	
Reemoor	unresolved	
Reformation	ats	greenhouse
REER3	unresolved	
Redora Jewels	unresolved	
Refan Bulgaria Ltd.	unresolved	
Refinery	unresolved	
Ree Projects	unresolved	
Reflect	unresolved	
Reflekt	unresolved	
Halada	unresolved	
Reflexone	unresolved	
Halara	unresolved	
Refresh Botanicals	unresolved	
Haflinger	unresolved	
Refresh Skin Therapy LLC	unresolved	
RefrigiWear	unresolved	
Reflect Studio	unresolved	
Regal Nails	unresolved	
Regalys	unresolved	
Refan	unresolved	
Regatta	unresolved	
REGELICA	unresolved	
Regarde le Ciel	unresolved	
Refined Department	unresolved	
Hallbergs Guld	unresolved	
Regen4D	unresolved	
Hakim Optical	generic	generic-listing
Reguladora	unresolved	
Régime des Fleurs	unresolved	
Rehab	unresolved	
HalfPrice	generic	generic-listing
REI	unresolved	
Reign	unresolved	
REIGN	unresolved	
Reign Italia	unresolved	
Halsduk by Esmee	unresolved	
Reigning Champ	unresolved	
Hall Madden	unresolved	
Halo Hair Oil	unresolved	
Hally Hair	unresolved	
Reiko	unresolved	
reima	unresolved	
REIMI Botanicals	unresolved	
Halti	unresolved	
Hamilton and Hare	unresolved	
Reina Olga	unresolved	
Relay Jeans	ats	lever
Reinders	unresolved	
Reinhard Frans	unresolved	
Reir	unresolved	
Reitmans	unresolved	
REISS	unresolved	
Reistor	unresolved	
Hallyu	unresolved	
ReLace	unresolved	
Halpern	unresolved	
Rejina Pyo	unresolved	
relax baby be cool	unresolved	
Relax Shop	unresolved	
Halonen	unresolved	
Hairstory	unresolved	
RelaxSan	unresolved	
HAN KJØBENHAVN	unresolved	
Relevant	unresolved	
Reliance Trends	unresolved	
Half Magic Beauty	unresolved	
Relier81	unresolved	
Religion	unresolved	
Rellix	unresolved	
Hamburg LaPlaya	unresolved	
Guy Cotten brand	unresolved	
ReLiv Organics Inc	unresolved	
Hanacha-studio	unresolved	
REMAIN	unresolved	
Hampton Sun	unresolved	
Remain	unresolved	
handētizer	unresolved	
Removery	unresolved	
Hamilton Perkins Collection	unresolved	
Renaissance Renaissance	unresolved	
Renata Corsi	unresolved	
Hanes	unresolved	
Hakodate Marui Imai	unresolved	
Renatta & Go	unresolved	
Remonte	unresolved	
Handred Studio	unresolved	
Hanesbrands	unresolved	
René Lezard	unresolved	
René Caovilla	unresolved	
Renegade Fashion Outlet	ats	lever
HANGOWEAR	unresolved	
Hamza	unresolved	
René Rofé	unresolved	
Renew Vintage	unresolved	
Hank Player	unresolved	
Hanna Andersson	ats	lever
renna deluxe	unresolved	
Hanalei	unresolved	
Reno	unresolved	
RENO-obuv	unresolved	
Rens	unresolved	
Rentrayage	unresolved	
RENU Naturals	unresolved	
Hannoush Jewelers	unresolved	
Renuar	unresolved	
Renew Bath and Body	unresolved	
Renzo Costa	unresolved	
Reset	ats	wttj
Repeat Cashmere	unresolved	
Repetto	unresolved	
repipi armario	unresolved	
REPLAY	unresolved	
Repossi	unresolved	
Represent	unresolved	
Reprime	unresolved	
Reprise	unresolved	
Hankyu Department Store	unresolved	
Hand Made Story by Barbara Alli	unresolved	
Reserva	unresolved	
Hans Anders	ats	teamtailor
Hanni	unresolved	
Reserveage Beauty	unresolved	
Hanky Panky	unresolved	
HANN Jewelry	unresolved	
Reserved	unresolved	
RESIDUS	unresolved	
Resource Essentials	unresolved	
Retro Jeans	ats	lever
Respect	unresolved	
Hanae Mori	unresolved	
Hankyu Department Store Umeda Main Store	unresolved	
Rest Religion	unresolved	
Resteröds	unresolved	
Hanson Skincare	unresolved	
HANNE BLOCH	unresolved	
Restorative Botanicals	unresolved	
Happiness Is...	unresolved	
HanoverianCrochetCo	unresolved	
RESTYLE	unresolved	
Hanowa	unresolved	
Happiness Project (clothing brand)	unresolved	
Restore Hyper Wellness	unresolved	
Result Headwear	unresolved	
Results by Nature®	unresolved	
Revel Nail	ats	greenhouse
Résumé	unresolved	
Revel Rey	ats	greenhouse
Retro Luxe Resin	ats	lever
Result Genuine Recycled	unresolved	
Retinol by Robanda	unresolved	
RETROSUPERFUTURE	unresolved	
Retrouvai	unresolved	
RÉUNI	unresolved	
Happy Look	unresolved	
Reusch	unresolved	
ReUsefulThingsStudio	unresolved	
REUZEL	unresolved	
Happy Plant Botanicals	unresolved	
Happy Socks	ats	teamtailor
Reverie	unresolved	
happy shorts	unresolved	
Revers Boisé	unresolved	
Retrouve	unresolved	
Revlon	unresolved	
Happy Spritz	unresolved	
HARA the label	unresolved	
Revolution	unresolved	
REVOLVE	unresolved	
Rewind It 10	unresolved	
Harber London	unresolved	
Rewritten Beauty	unresolved	
HANSEN GARMENTS	unresolved	
Hanshin Department Store Umeda Main Store	unresolved	
Revved Beauty	unresolved	
REYKJAVIK RAINCOATS	unresolved	
Happy Haus	unresolved	
HANRO	unresolved	
Reyn Spooner	unresolved	
Haggar Clothing	unresolved	
REYYA	unresolved	
Happy Horse	unresolved	
REZO HAIRCARE	unresolved	
Hardware	unresolved	
RG	unresolved	
Rh45	unresolved	
Rhode	unresolved	
Rhodenwald & Söhne	unresolved	
Rhone	unresolved	
Rhythm Skin Care	unresolved	
HARE	unresolved	
Riani	unresolved	
Richter	ats	personio
HARIS COTTON	ats	smartrecruiters-whitelabel
Happy Pits Natural Vegan Deodorant	unresolved	
RIANNA + NINA	unresolved	
Harley Davidson	ats	successfactors
Harem London	unresolved	
Riaz Dan	unresolved	
Happy Earth Apparel	unresolved	
Hardy Amies	unresolved	
RICAGNO	unresolved	
Riccitelli Milano	unresolved	
Ria Menorca	unresolved	
Rialto Jewelry	unresolved	
Rich & Hanc	unresolved	
Rice & Carry	unresolved	
Rianne de Witte	unresolved	
Rich & Royal	unresolved	
Harlow Skin Company Inc	unresolved	
Richard Mille	unresolved	
Harmony	ats	lever
Rick Owens	unresolved	
Harmony Handcrafted	ats	lever
Ricki's	unresolved	
Harmont & Blaine	unresolved	
Right-on	ats	teamtailor
Ricosta	unresolved	
Riders by Lee	unresolved	
Ridestore AB	unresolved	
Riddle Oil	unresolved	
Hardy Amies	unresolved	
Ridge	unresolved	
rienda	unresolved	
Rieker	unresolved	
Riffle	unresolved	
Rifò	unresolved	
HARPER & YVE	unresolved	
Harem Pants	unresolved	
Rielli	unresolved	
Harbour 2nd	unresolved	
Harlem Soul	unresolved	
Hard Night Good Morning	unresolved	
Rika Skincare	unresolved	
Happy Squad	unresolved	
HARRI	unresolved	
RIM.ARK	unresolved	
RILLA GO RILLA	unresolved	
Harrington	unresolved	
Harlow	unresolved	
RIMOWA	unresolved	
Rinascimento	unresolved	
Rinascente	unresolved	
harly jae	unresolved	
Harriet Morris	unresolved	
rini	unresolved	
RINMO	unresolved	
Harris Wilson	unresolved	
Harrods	unresolved	
RINO & PELLE	unresolved	
Rio De Sol	unresolved	
Rio Grande	unresolved	
Haro Eyewear	unresolved	
RIOS1931	unresolved	
Rip Curl	unresolved	
Ripa Ripa	unresolved	
RIPANI	unresolved	
Harry Winston  Inc.	unresolved	
Ripley S.A.	unresolved	
Ripndip	unresolved	
Hartford	unresolved	
Rirandture	unresolved	
Hartjes	unresolved	
Risy&Jerfs	unresolved	
Rituals	unresolved	
Rituel de Fille	unresolved	
Rise of Andes	ats	lever
Rita Row	unresolved	
RIU Paris	unresolved	
Rivalin  fabricant français de charentaises et sabots	unresolved	
Haruyama	unresolved	
Harris Wharf London	unresolved	
Riva Mode	unresolved	
Harris Horology	unresolved	
Rive Gauche	unresolved	
River Island	unresolved	
HARRY LARY's	unresolved	
Rive Droite	unresolved	
Harvey Nichols	ats	teamtailor
River Organics	unresolved	
River Woods	unresolved	
Riversol Skincare	unresolved	
Rivet Utility	unresolved	
Harvey Norman	unresolved	
RIXO	unresolved	
Rixo	unresolved	
Harold’s	unresolved	
Rivieras	unresolved	
Harwell Godfrey	unresolved	
Rizos Curls	unresolved	
RJ Bodywear	unresolved	
Rjsebastian	unresolved	
RKS	unresolved	
RMK	unresolved	
RKT Hair Care	unresolved	
Robert Graham	ats	recruitee
RNB Jewellery	unresolved	
Harry Rosen Inc.	ats	workday
Harvey Haven Lavender Farm	unresolved	
ro.sham.bo eyewear	unresolved	
Road Runner Sports	unresolved	
Hardy Brothers	unresolved	
HARUNOBUMURATA	unresolved	
Roamer	unresolved	
Roark	unresolved	
Robe di Kappa	unresolved	
Robeez	unresolved	
Hat Junkie	unresolved	
Harvest & Mill	unresolved	
Roberts Wood	ats	smartrecruiters-whitelabel
Roberta M.	unresolved	
Roberto Cavalli	unresolved	
Roberto Coin	unresolved	
ROAN Fragrances	unresolved	
Hatley	unresolved	
Roberto Collina	unresolved	
Roberto d'Angelo	unresolved	
Roberto Geissini	unresolved	
Robel	unresolved	
Roberto sarto	unresolved	
Roberto Verino	unresolved	
HASK	unresolved	
Robin's Jean	unresolved	
Harvest Label	unresolved	
Harris Scarfe	unresolved	
Robinson Department Store	unresolved	
Roccoban Berlin	unresolved	
Rochas	unresolved	
Hamilton Watch Company	unresolved	
Rocio Canvas	unresolved	
Rock Point	unresolved	
haupt shirts	unresolved	
haruulala	unresolved	
Rock&Ride	unresolved	
Rockandblue	unresolved	
Rock On Ruby	unresolved	
Haute Baby	unresolved	
Hatemoğlu	unresolved	
Rockay	unresolved	
Rockmount Ranch Wear	unresolved	
Hat Attack	unresolved	
Rockport	unresolved	
HASUNA	unresolved	
Hats With Heart	unresolved	
Rocksbox	unresolved	
Rockupy	unresolved	
Hastha Katha	unresolved	
Rockwear	unresolved	
Havan	unresolved	
ROCKY ROSA	unresolved	
Rodan & Fields	unresolved	
Rodd & Gunn	unresolved	
RODEO CROWNS WIDE BOWL	unresolved	
Rodo	unresolved	
Rodeo Queen Fine Art	unresolved	
Roeckl	unresolved	
Havaianas	unresolved	
RODOLFO MEDINA	unresolved	
Roger Vivier	unresolved	
Roger Dubuis	unresolved	
Rogers & Hollands Jewelers	unresolved	
Rogue	unresolved	
HASSIA	unresolved	
Haus Laboratories	unresolved	
HAUS LABS BY LADY GAGA	unresolved	
Rohan	unresolved	
Harry Ritchie's	unresolved	
Rohde Shoes	unresolved	
Róhe	unresolved	
Rodebjer	unresolved	
Havana Postale	unresolved	
Roller Rabbit	ats	greenhouse
Rodier	unresolved	
Rohnisch	unresolved	
Hattric	unresolved	
ROJA Beauty	unresolved	
Hazel & Folk	ats	greenhouse
Have A Look	unresolved	
Roja Parfums	unresolved	
Rokit Vintage	unresolved	
Roksanda	unresolved	
Roler	unresolved	
Rolex	unresolved	
Rollas Jeans	unresolved	
Head	unresolved	
Rolla's	unresolved	
Havu Watches Oy	unresolved	
Rollmann	unresolved	
Havlíkova přírodní apotéka	unresolved	
Romain Gauthier	unresolved	
Roman Originals	unresolved	
Romance Was Born	unresolved	
Hawke	unresolved	
Rombaut	unresolved	
HEAD SPORTS	unresolved	
Romani Design	unresolved	
ROMEO HUNTE	unresolved	
Romwe	unresolved	
Ron Dorff	unresolved	
Head Over Heels by Dune	ats	teamtailor
Hawkers estafadores	unresolved	
Ron Herman	unresolved	
Heal Yes!	unresolved	
Hay Life	unresolved	
Ronda	unresolved	
Hawkers	unresolved	
Roniko	unresolved	
Room Shop Vintage	unresolved	
Roon Body	unresolved	
ROOP	unresolved	
Hawes & Curtis	unresolved	
Roopa Pemmaraju	unresolved	
HBFace	unresolved	
ROOPTOKYO	unresolved	
Roosevelt	unresolved	
Root	unresolved	
Root Journey	unresolved	
roote	unresolved	
Heady Made Apparel	unresolved	
Rooted Beauty	unresolved	
Roots & Roses	unresolved	
Haze&Finn	unresolved	
ROSE BUD	ats	greenhouse
Roots Canada	unresolved	
HEARTH	unresolved	
Roovia	unresolved	
Rosa Clará	unresolved	
Rosamosario	unresolved	
Rosalita Mcgee	unresolved	
Hazzys	unresolved	
Rosana Expósito	unresolved	
Rosantica	unresolved	
healthy hoohoo®	unresolved	
Rosco Emmit Body & Home	unresolved	
Roscomar	unresolved	
Healthy Body Head to Toe	unresolved	
Rose & Born	unresolved	
Rose and Myla	unresolved	
Heather	unresolved	
HEAR ME RAW	unresolved	
Roseanna	unresolved	
Hayley Menzies	unresolved	
Heatkeeper	unresolved	
Rosec Jewels	unresolved	
Roselin Joyeros	unresolved	
Rosemira Organics	unresolved	
Rosetta Getty	unresolved	
Rosner	unresolved	
Heavy Tools	unresolved	
Hedgren	unresolved	
Ross & Snow	unresolved	
Rosemunde	unresolved	
ROTATE	ats	recruitee
Ross Dress for Less	unresolved	
Rossario George	unresolved	
Rossi	unresolved	
HealthNaturally	unresolved	
Rossi Beauty	unresolved	
Hearth and Homestead LLC	unresolved	
Rossignol	unresolved	
Rossimoda	unresolved	
Rosso35	unresolved	
route one skin	ats	greenhouse
Rosy & Earnest	unresolved	
Rosy Hill Organics	unresolved	
Rosyne Club	unresolved	
Rotary Watches	unresolved	
Rotholz	unresolved	
Rothy's	unresolved	
RougeGorge	unresolved	
Rototo	unresolved	
HeFang	unresolved	
Heart's Desire Clothing	unresolved	
Hego's Milano	unresolved	
Rouje	unresolved	
Heart And Soul	unresolved	
ROVE	unresolved	
heidi	unresolved	
Rowan	unresolved	
Rowan Grey	unresolved	
Heidi Soto Designer	unresolved	
Rowen Rose	unresolved	
Rowing Blazers	unresolved	
Roxy	unresolved	
Heavenly Hair Milk™	unresolved	
Roxy	unresolved	
Heartkiss	unresolved	
Roy Robson	unresolved	
Heavenly Feet	unresolved	
Royal Apparel	unresolved	
Hēdoïne	unresolved	
Royal Kids	unresolved	
Heimat	unresolved	
Royal Dutch Touring Club ANWB	unresolved	
Royal RepubliQ	unresolved	
Helen Kaminski	unresolved	
Healthknit	unresolved	
Helen McAlinden	unresolved	
Royce Lingerie	unresolved	
ROYLE ELEVEN	unresolved	
Roys of Wroxham	unresolved	
RŌZ Hair	unresolved	
Heligrae	unresolved	
Roze + Quartz	unresolved	
Heliot Emil	unresolved	
Heelys  Inc.	unresolved	
RPNZL	unresolved	
rrrrrrrrr	unresolved	
RS Sports	unresolved	
Hellmuth	unresolved	
RtA	unresolved	
Rthvi	unresolved	
Hechter Paris	unresolved	
RUANS	unresolved	
Rubicon	unresolved	
Rubie's Costume Company	unresolved	
Rubin & Chapelle	unresolved	
Hello Nails	unresolved	
Heidemann	unresolved	
RUBIROSA	unresolved	
Helly Hansen	unresolved	
Heiko	unresolved	
Ruby & Rafe	unresolved	
Ruby Rose & Co.	unresolved	
RUBY TUESDAY	unresolved	
heine	unresolved	
Rubylove	unresolved	
Helvetica	unresolved	
RubySparrowDesign	unresolved	
RUDEDOG	unresolved	
Rudolf Wöhrl AG	unresolved	
Helene Galwas	unresolved	
Rudsak	unresolved	
Helmut Lang	unresolved	
RUE de FEMME	unresolved	
Rue De Tokyo	unresolved	
Helzberg Diamonds	unresolved	
Rue Saint-Patrick	unresolved	
Rudy Jude	unresolved	
rue Santé	unresolved	
rue21	unresolved	
Rufskin	unresolved	
Ruhe	unresolved	
Hemant and Nandita	unresolved	
Ruhmee	unresolved	
Heal's	unresolved	
RUMISU	unresolved	
Rumpl	unresolved	
Hemington	unresolved	
Heilan Home	unresolved	
Runaway Bicycle	unresolved	
Hemmerle	unresolved	
Runners Need	unresolved	
Rudy's	unresolved	
Running Room	unresolved	
HempLucid	unresolved	
Helsama	unresolved	
Rundholz	unresolved	
Runnings	unresolved	
Runway Catalog	unresolved	
RŪPAHAUS	unresolved	
Rupert and Buckley	unresolved	
RUS	unresolved	
HEMA	unresolved	
Russell & Bromley	unresolved	
HEMA	unresolved	
Rustic Loom	unresolved	
Russell Athletic	unresolved	
Rut & Circle	unresolved	
Hellenic Duty Free Shops	unresolved	
Rute Elements	unresolved	
RVCA	unresolved	
Hempy's	unresolved	
RVDK	unresolved	
Hempz	unresolved	
RVLT	unresolved	
Rýdl	unresolved	
Rye Beauty	unresolved	
Hello Bello	unresolved	
Henderson	unresolved	
Rye Tender	unresolved	
Hengst Footwear	unresolved	
Hemper	unresolved	
Hemen Biarritz	unresolved	
Helena Lane Skincare	unresolved	
Ryłko	unresolved	
S & L Gem Co	unresolved	
S Threads Boutique	unresolved	
Henné Organics	unresolved	
Hempmania	unresolved	
S U L T A N	unresolved	
S.E.H Kelly	unresolved	
Hemptique	unresolved	
s.k. manor hill	unresolved	
Hello Joyous	unresolved	
Henrik Vibskov	unresolved	
Henry Christ	unresolved	
S.Marlon	unresolved	
s.Oliver	unresolved	
Hemptopia	unresolved	
Herbaceous Hair and Skin	unresolved	
S.P.C.C.	unresolved	
S.T. Dupont	unresolved	
Herbal Clinic	unresolved	
S4 Jackets	unresolved	
Henriette Steffensen	unresolved	
SA Fab	unresolved	
Sabon	ats	teamtailor
Saaf Body	unresolved	
Saalt	unresolved	
HERALBONY	unresolved	
Sabrina Zeng	ats	personio
Saana ja Olli	unresolved	
Saavi	unresolved	
Saavy Naturals	unresolved	
SABA	unresolved	
Helly Hansen Japan	unresolved	
Sabila Skincare	unresolved	
Sacoor Brothers	ats	smartrecruiters-whitelabel
Sabina Motasem	unresolved	
SABINA MUSÁYEV	unresolved	
Henna Color Lab®	unresolved	
SABINIS	unresolved	
Sabinna	unresolved	
Saboo	unresolved	
Hereness	unresolved	
Sabrini Exclusive Diamonds	unresolved	
Sacai	unresolved	
Herdentier	unresolved	
Saffron	ats	teamtailor
Sacha	unresolved	
HeRIN.CYE	unresolved	
Sachin & Babi	unresolved	
Sacoor Blue	unresolved	
Sacred State Design	unresolved	
Sacred Weaves	unresolved	
Sacred Valley	unresolved	
Saddler	unresolved	
Her Mannerisms	unresolved	
SADDLERS UNION	unresolved	
Safal Kids	unresolved	
Safo Hair	unresolved	
Saga Cosmetics	unresolved	
Sage and Veda	unresolved	
Sage Larock	unresolved	
Herno	unresolved	
Sage Sister	unresolved	
Sage Stone Botanicals	unresolved	
Sacred Rituel	unresolved	
Hero Seven	ats	wttj
Herbitual	unresolved	
Sagebrush Surf Bags	unresolved	
Herd Tallow	unresolved	
Sagrada Bioskincare	unresolved	
Sahajan	unresolved	
SAHARA ROSE	unresolved	
Herbivore Botanicals	unresolved	
Şahinler Holding	unresolved	
Heron Preston	unresolved	
Saie Beauty	unresolved	
Hender Scheme	unresolved	
SAIID KOBEISY	unresolved	
Sail Racing	unresolved	
Heretic	unresolved	
Hermina Athens	unresolved	
Herschel	unresolved	
Herschel Supply Co.	ats	greenhouse
Sail Racing International	unresolved	
Saint and Sofia	unresolved	
Henry Rose	unresolved	
SAINT APE	unresolved	
Hermine Hold	unresolved	
Saint Club	unresolved	
hernest project	unresolved	
Hervis	unresolved	
SAINT E	unresolved	
SAINT JACQUES	unresolved	
Henri Lloyd	generic	generic-listing
Saint James	unresolved	
Hessnatur	unresolved	
Saint Laurent	unresolved	
Saint Steve	unresolved	
Saint Tropez	unresolved	
Saints & Sinners Haircare	unresolved	
Heroes on Socks	unresolved	
Saison Beauty	unresolved	
Saje Natural Wellness	unresolved	
Héroïnes Paris	unresolved	
Sakoshe	unresolved	
Saks Fifth Avenue	unresolved	
Hey Honey	unresolved	
Saks Fifth Avenue flagship store	unresolved	
Saks Potts	unresolved	
SAKURANO DEPARTMENTSTORE	unresolved	
Herrlicher	unresolved	
Sal Parasuco	unresolved	
Salomon	ats	smartrecruiters-whitelabel
Sala Sarita	unresolved	
HERTH	unresolved	
SALAMANDER	unresolved	
SAKI Sweden	unresolved	
Salamander	unresolved	
Salewa	unresolved	
Saltrock	ats	personio
Hering	unresolved	
Salich	unresolved	
Salitaire	unresolved	
Hesper Fox	unresolved	
HERVE LEGER	unresolved	
Sallie Sahne	unresolved	
Salmoiraghi & Viganò	unresolved	
HEXELINE	unresolved	
Heyday	unresolved	
Sally B's Skin Yummies	unresolved	
SALONI	unresolved	
Salsa Jeans	unresolved	
SALT & STONE	unresolved	
Hetty Friedman Designs	unresolved	
Salt Way Botanicals	unresolved	
SaltWorks	unresolved	
Salty Swimwear	unresolved	
Salvador Artesano	unresolved	
Salvatore Ferragamo	unresolved	
Salzen	unresolved	
Samantha Pleet	unresolved	
Samson	ats	personio
Sam Edelman	unresolved	
Samson Sur Mesure	ats	personio
Hey Marly	ats	personio
Hey Honey	unresolved	
Hestra	unresolved	
Sambori	unresolved	
Salt Gypsy	unresolved	
Same Skincare	unresolved	
Sami Miro Vintage	unresolved	
Samo	unresolved	
Hiatus Retail Chain	unresolved	
Hiamond	unresolved	
SAMOON	unresolved	
HeyBode	unresolved	
Samoon	unresolved	
Samsøe & Samsøe	unresolved	
Hey Sugar Fragrance Co.	unresolved	
HEYDUDE	unresolved	
HI LO The Label	unresolved	
Samsoe Samsoe	unresolved	
Hickies	unresolved	
SAMSONITE	unresolved	
Hidden Treasure Soap	unresolved	
Samuel Hubbard	unresolved	
Hi-Tec	unresolved	
HIDDEN WHITE	unresolved	
Samurai ALOHA	unresolved	
Samurai Punk	unresolved	
Hidesign	unresolved	
Samy Cosmetics	unresolved	
San Marina	unresolved	
Hey Gang	unresolved	
San Antonio Shoemakers	unresolved	
High Springs Leather	unresolved	
High Vibe Aromatics	unresolved	
Sanborns	unresolved	
Sancho's	unresolved	
Sanctuarie	unresolved	
SAND COPENHAGEN	unresolved	
Sand Snow Linen	unresolved	
Sandali Shop	unresolved	
Sandali Siniscalchi	unresolved	
Hibbett Sports	unresolved	
SANDBURGRITTER®	unresolved	
Sandqvist	unresolved	
Sandmaiden Sleepwear	unresolved	
Hikesity	unresolved	
Sandra Smith	unresolved	
Sandströms	unresolved	
Sandwich	unresolved	
SANETTA	unresolved	
Herzog & Bräuer	unresolved	
Sandy Liang	unresolved	
HIGH SOCIETY	unresolved	
Hilana Upcycled Cotton	unresolved	
Highbrow Hippie	unresolved	
HEYANNO	unresolved	
Saniderm Tattoo Care	unresolved	
Hide&Jack	unresolved	
Sani Optik	unresolved	
Hilde Soliani	unresolved	
SANIKAI	unresolved	
Sanita Clogs	unresolved	
Sanki	unresolved	
SANMARINE	unresolved	
Sandra Adrubau	unresolved	
High On Love	unresolved	
Sanrio	unresolved	
Himalaya Clothing	unresolved	
Hindbag	ats	wttj
Sans Arcidet	unresolved	
Hi-Tec Japan	unresolved	
Hilo de Mar	unresolved	
Hill & Friends	unresolved	
SanRe Organic Skinfood	unresolved	
Santa Barbara Polo & Racquet Club China	unresolved	
Santa Fe Botanicals	unresolved	
SANTICLER	unresolved	
Santa Lolla	unresolved	
hippirhino	unresolved	
Santoni	unresolved	
Sans Beast	unresolved	
Hilary MacMillan	unresolved	
Santoro Milan	unresolved	
Hi-Life	unresolved	
Santory	unresolved	
HighCiti	unresolved	
Sans Complexe Lingerie	unresolved	
Santos by Monica	unresolved	
Santu Beauty	unresolved	
Saola Shoes	unresolved	
SAOLA	unresolved	
Sapil	unresolved	
HIMA	unresolved	
Sapopa	unresolved	
Sapo All Natural	unresolved	
Sapph	unresolved	
Sappo Hill Soapworks	unresolved	
Sara Battaglia	unresolved	
Sara Campbell	unresolved	
Sara Roka	unresolved	
Sara Sabella Ischia	unresolved	
Sara Tamimi	unresolved	
Hip Shoe Style	unresolved	
Sarah Chofakian	unresolved	
Sarah Creal Beauty	unresolved	
Hippie Soul Candle Shop	generic	generic-listing
Sarah Regensburger	unresolved	
HIPANEMA	unresolved	
HiBAR	unresolved	
Hirmer	unresolved	
Sarah Sclarandis	unresolved	
Sarah Sue Design	unresolved	
Sarah's Bag	unresolved	
Hills Hats	unresolved	
Sarana	unresolved	
Sarar	unresolved	
Hive & Colony	ats	lever
HiRuna Designs	unresolved	
SARCA	unresolved	
Hiut Denim Co	unresolved	
Sardine Clothing Company	unresolved	
SARELLY Beauty	unresolved	
Sarlini	unresolved	
Sartory-Billard	unresolved	
HLA	unresolved	
HIKARI underwear	unresolved	
Sarvin	unresolved	
Sarah Flint	unresolved	
SAS Catherine Daymard	unresolved	
Sasa	unresolved	
Hiso	unresolved	
Sashapure	unresolved	
SASHASKVO	unresolved	
Sasquatchfabrix	unresolved	
Sass & Bide	unresolved	
Sasta	unresolved	
Satch	unresolved	
Sati Creation	unresolved	
Satin Smooth	unresolved	
Sarni oro	unresolved	
SATISFY	unresolved	
Satori Stylez	unresolved	
Satori Wheels	unresolved	
Histoires de Parfums	unresolved	
Satya Organic	unresolved	
Saucony	unresolved	
Sauths	unresolved	
HNST	unresolved	
Saul Nash	unresolved	
Hispanitas	unresolved	
Savage X Fenty	unresolved	
Savannah Morrow The Label	unresolved	
Save the Duck	unresolved	
Hirume	unresolved	
Saylor	ats	greenhouse
SAVE THE DUCK	unresolved	
SAVICKI	unresolved	
SAVAGE X FENTY	unresolved	
Savon Du Bois	unresolved	
Saxone of Scotland	unresolved	
SAXX	unresolved	
SAYE	unresolved	
Save the Queen	unresolved	
SAYKI	unresolved	
SAYAKA DAVIS	unresolved	
SayLa	unresolved	
SBE Beauty	unresolved	
Scabal	unresolved	
ScallyWings	unresolved	
Scalpers	unresolved	
Scamp & Dude	unresolved	
Scandinavian Edition	unresolved	
Hockerty	unresolved	
Hoff	ats	teamtailor
SCAPA	unresolved	
Hobo and Hatch	unresolved	
HobaCare Baby	unresolved	
Scapino	unresolved	
HobaCare Jojoba	unresolved	
Scarpa	unresolved	
SCAGLIONE	unresolved	
Hiroshima Mitsukoshi	unresolved	
Scarpe&Scarpe	unresolved	
Scat	unresolved	
Scent Fill	unresolved	
Hogan	unresolved	
Hiroshima Sogo	unresolved	
SCATHED	unresolved	
Hobbs	unresolved	
Scent Trunk	unresolved	
Scentix	unresolved	
HOKA	unresolved	
ScentRite	unresolved	
Scents of Wood	unresolved	
Hoka One One	unresolved	
Histoire d'Or	unresolved	
Scentuals	unresolved	
Schaap en Citroen	unresolved	
Schaf Skin Care Inc	unresolved	
Schiaparelli	unresolved	
Högl	unresolved	
SCHIESSER	unresolved	
Holden	unresolved	
Schmidt's	unresolved	
Hobbs London	unresolved	
Hollister	ats	successfactors
Schmoove	unresolved	
Holiday The Label	unresolved	
Schmückstück	unresolved	
Schneiders	unresolved	
HOLIFROG	unresolved	
Schoenen Torfs	unresolved	
Schöffel	unresolved	
Holy Shit	ats	personio
School Rag	unresolved	
Holy Skin	ats	personio
Schott	unresolved	
Schott Japan	unresolved	
Schott NYC	unresolved	
Schubert	unresolved	
Hofmann Copenhagen	unresolved	
Schuback Parfümerien	unresolved	
Holistic Body Care LLC	unresolved	
Hold Supply	unresolved	
schuh	unresolved	
HOIA homespa	unresolved	
Scotch & Soda	ats	greenhouse
Schott NYC Europe	unresolved	
Schuh-Mann	unresolved	
Schuhkay	unresolved	
Home~Pourri	unresolved	
HollyBeth Organics	unresolved	
Schuhpark	unresolved	
Schutz	unresolved	
Holding Court	unresolved	
Schwarz Etienne	unresolved	
SCODY	unresolved	
scofieldtacoma	unresolved	
Scoredraw	unresolved	
Homeplus	unresolved	
HnP	unresolved	
Scorett	unresolved	
Scorpion Bay	unresolved	
HOLLYGHOST	unresolved	
SCOTT	unresolved	
Scotta 1985	unresolved	
HoMie	unresolved	
HONE	ats	greenhouse
Scott Barnes Cosmetics	unresolved	
Scottsdale Belt Company	unresolved	
Scottsdale Superstar	unresolved	
Scout	unresolved	
Scrivens	unresolved	
Home Spa Collection	unresolved	
Scrubs & Beyond	unresolved	
SCUOLA NAUTICA ITALIANA	unresolved	
Scye	unresolved	
SDG EastLondon	unresolved	
Hofleverancier Kattenburg	unresolved	
Honey Birdette	ats	teamtailor
SDress	unresolved	
Honestly pHresh	unresolved	
Sea	unresolved	
Sea Barrier	unresolved	
Homebody	unresolved	
Sea Kind	unresolved	
homeboy	unresolved	
Sea Me Happy	unresolved	
Homecourt	unresolved	
Sea Ranch	unresolved	
HOMMEFACE	unresolved	
Honey Punch	unresolved	
Sea Room lynn	unresolved	
Homesolv	unresolved	
Honor	ats	greenhouse
SEA'SONS	unresolved	
Honor The House Beauty	ats	greenhouse
HOMMEGIRLS	unresolved	
Sea2see	unresolved	
Hook and Rope	ats	greenhouse
Seabass	unresolved	
Seabuck Wonders	unresolved	
Hoodrich	unresolved	
Seaesta Surf	unresolved	
Honeys	unresolved	
Seafolly	unresolved	
Seaire	unresolved	
Honest Basics	unresolved	
Seajure	unresolved	
Hoodlum Fang	unresolved	
Sealand	unresolved	
SeamsFriendly	unresolved	
Seamingly Possible	unresolved	
Sean John	unresolved	
Sears	unresolved	
Sears Hometown Stores	unresolved	
Seasalt	unresolved	
SEASALT CORNWALL	unresolved	
Hopaal	unresolved	
Seaside	unresolved	
Seaside	unresolved	
Holzweiler	unresolved	
Sebago	unresolved	
Sebago	unresolved	
Secchiari	unresolved	
Honeylove	unresolved	
Seche	unresolved	
Honeybee Gardens	unresolved	
Secndnture	unresolved	
Hope & Henry	unresolved	
SECOND FEMALE	unresolved	
Secrid	unresolved	
Seek Collective	ats	smartrecruiters-whitelabel
Sector No Limits	unresolved	
Seed Heritage	ats	greenhouse
Sedryk Le Blanc	unresolved	
Seer	ats	greenhouse
Seductive	unresolved	
Seek Dry Goods	ats	smartrecruiters-whitelabel
See by Chloé	unresolved	
Honey Cake Tiger	unresolved	
Seea	unresolved	
seeall	unresolved	
Hööks Hästsport	unresolved	
HOOPLA®	unresolved	
Seeberger	unresolved	
Seegarn	unresolved	
SEEKER	unresolved	
Seelight Paris	unresolved	
SEEN	unresolved	
Seenaya	unresolved	
sehen!wutscher	unresolved	
Seibu Department Stores	unresolved	
Seidenfelt	unresolved	
Seidensticker	unresolved	
Seiko	unresolved	
HOdo	unresolved	
Seint	unresolved	
Seis Cosmetics	unresolved	
Hopeless Lingerie	unresolved	
Sekonda	unresolved	
SELA	unresolved	
Select	unresolved	
Horizon Athletic	ats	lever
SELECTED	unresolved	
Selected-Femme	unresolved	
Hoppidi Handmade	unresolved	
Seksy	unresolved	
Selected-Homme	unresolved	
Horitoki	unresolved	
Selfast	unresolved	
Selfawear	unresolved	
Selfridges	unresolved	
Self-Portrait	unresolved	
Selim Mouzzanar	unresolved	
SELIN Laboratory	unresolved	
SELLENES	unresolved	
SEM PER LEI	unresolved	
Hope	unresolved	
Semina	unresolved	
Semir	unresolved	
SemSem	unresolved	
Hoodies	unresolved	
Semsons Tech	unresolved	
SENORITA	unresolved	
Selina Kyleen	unresolved	
Semler Shoes	unresolved	
Senqu	unresolved	
Senjo Color GmbH	unresolved	
Horlogerie Viot	unresolved	
Senreve	unresolved	
Hot Lava	unresolved	
SENSZIO	unresolved	
Hosbjerg	unresolved	
SEP	ats	lever
Sense Organics	unresolved	
Seoul Ceuticals	unresolved	
Hope Stockholm	unresolved	
Señorita LEMONIEZ	unresolved	
Hope & Ivy	unresolved	
Sepehr Maghsoudi	unresolved	
SENSES.THE LABEL	unresolved	
Hot Soles	unresolved	
Hot Topic	ats	lever
Sephirah Seven Candle Collective	unresolved	
Hot Tools	unresolved	
HOCOSA	unresolved	
SEPTEMBER	unresolved	
HORIZN Studios	ats	personio
Sephora	unresolved	
September Care Studio	unresolved	
SEPTWOLVES	unresolved	
Hotmilk Lingerie	unresolved	
Sequoia	unresolved	
Hotter	unresolved	
Seraphine	unresolved	
House of Afangaro	ats	teamtailor
Serena Uziyel	unresolved	
Houdini	unresolved	
Serendipity 3	unresolved	
Serge DeNimes	unresolved	
HOUSE OF ARTISTS	ats	teamtailor
HOUSE OF BERGISCH	ats	teamtailor
HOT MAGIC	unresolved	
SERGE BLANCO	unresolved	
House of CB	ats	teamtailor
Serge Lutens	unresolved	
Serge Pariente	unresolved	
House of Dagmar	ats	teamtailor
House of Elysia	ats	teamtailor
SERGE THORAVAL	unresolved	
House of Emanuel Ungaro	ats	teamtailor
House of Falguni	ats	teamtailor
Sergio Rossi	unresolved	
House of Fraser	ats	teamtailor
Sergio Tacchini	unresolved	
House of Hatters	ats	teamtailor
Sergio Valente	unresolved	
House of Gravity	ats	teamtailor
Sessions	unresolved	
House of Holland	ats	teamtailor
House of Hoops	ats	teamtailor
House	ats	teamtailor
Sergent Major	unresolved	
House of Jamie	ats	teamtailor
HOSTOYO	unresolved	
Sergio Hudson	unresolved	
House of Lashes	ats	teamtailor
House of James	ats	teamtailor
SETCHU	unresolved	
House of Mahina	ats	teamtailor
Sessùn	ats	wttj
House of Mammoth	ats	teamtailor
SeTu	unresolved	
Serpent and the Swan	unresolved	
Hotiç	unresolved	
HOT LIKE ME	unresolved	
SEVEN BY SEVEN	ats	teamtailor
HotSquash	unresolved	
House of Potentia	ats	teamtailor
House of Hounds	ats	teamtailor
SETSOFRAN	unresolved	
SEVEN haircare	ats	teamtailor
House of Saki	ats	teamtailor
Horus X	unresolved	
House of Sunny	ats	teamtailor
Setup	unresolved	
House of Quadri	ats	teamtailor
Seva Beauty	unresolved	
House of Turkmen	ats	teamtailor
House Of Tweed	ats	teamtailor
Seven18 LLC	unresolved	
House of Useless	ats	teamtailor
Seven7 Jeans	unresolved	
Sevenoneseven	unresolved	
SevenRoses	unresolved	
Seventh Generation	unresolved	
Seventy + Mochi	unresolved	
Seventy Two Changes	unresolved	
Sevya	unresolved	
Sézane	unresolved	
Hoya Paris	unresolved	
HUBER	ats	successfactors
Sezon	unresolved	
Sfera	unresolved	
Huber Shop	ats	personio
Sh Skincare	unresolved	
Shabbies Amsterdam	unresolved	
shadetwin	unresolved	
HUB Footwear	unresolved	
shadetwin.app	unresolved	
Hoopers	unresolved	
Shahini Fakhourie	unresolved	
Hublot	unresolved	
Shaina Mote	unresolved	
SHAKA	unresolved	
Shaklee	unresolved	
SHAKES + SPEARES	unresolved	
Shakti Shanti	unresolved	
Shakti.ism	unresolved	
Howies	unresolved	
Shaktiwali	unresolved	
Shamballa Jewels	unresolved	
Shane Company	unresolved	
SHANGHAI TANG	unresolved	
Shangri-La Heritage	unresolved	
SHEIN	ats	greenhouse
ShanPaulo	unresolved	
Shaun Leane	unresolved	
Hozen	unresolved	
Shavestix. By Frescabella	unresolved	
Shay & Blue	unresolved	
Shea Natural	unresolved	
Sheep Inc	unresolved	
Sheertex	unresolved	
Howlin'	unresolved	
Sheego	unresolved	
Sheffield Pharmaceuticals	unresolved	
SHEGLAM	unresolved	
SHEIKE	unresolved	
Hudson London	unresolved	
SHEKOU	unresolved	
Shepherd	unresolved	
Shelalove	unresolved	
hueLe Museum	unresolved	
Sherida's Closet	unresolved	
Sherri Hill  Inc.	unresolved	
sherris	unresolved	
Shinola	ats	greenhouse
Shiekh	unresolved	
Huajian Group	unresolved	
Shielded Beauty	unresolved	
Shinola Detroit	ats	greenhouse
Shine Cosmetics	ats	wttj
Shiels Jewellers	unresolved	
Shihara	unresolved	
Hug & Clau	ats	smartrecruiters-whitelabel
Shikohin	unresolved	
HSUNAMÏ	unresolved	
ShikPick	unresolved	
HOPESHOW	unresolved	
Hudson Jeans	unresolved	
SHIFT 80	unresolved	
Shilton	unresolved	
Huella	unresolved	
Shiseido	ats	wttj
Shimamura	unresolved	
Shimamura	unresolved	
ShinoraStudio	unresolved	
Shinsegae	unresolved	
HUF	unresolved	
Shinsegae Centum City	unresolved	
SHINYAKOZUKA	unresolved	
Human Nation	unresolved	
Shinzone	unresolved	
Humana People to People	ats	teamtailor
SHIPS	unresolved	
SHirin NYC	unresolved	
Shirtmaster	unresolved	
HUF	unresolved	
Shirts of Cotton	unresolved	
Shiva's Delight	unresolved	
Shiwi	unresolved	
Shkoura	unresolved	
Humanist Beauty	unresolved	
Shobido	unresolved	
SHOCKLY	unresolved	
Shoe City	unresolved	
Shoe Carnival	unresolved	
Shoe Dept.	unresolved	
Shoe City	unresolved	
Shoe Palace	unresolved	
SHOE PLAZA	unresolved	
Shoe Sensation	unresolved	
Shoe Show	unresolved	
Shoe Zone	unresolved	
Shoe4You	unresolved	
Shoeby	unresolved	
Shoeday	unresolved	
Shoewear	unresolved	
Shoesme	unresolved	
Shokay	unresolved	
Humanoid	unresolved	
human woman	unresolved	
Shola Branson	unresolved	
Shona Joy	unresolved	
HUMAN MADE	unresolved	
SHOO·LA ·RUE	unresolved	
Hul le Kes	unresolved	
Humble Baby Goods	unresolved	
Shop Love And Bambii	unresolved	
Shopko Optical	unresolved	
Shoppers Stop	unresolved	
Shop The Flux	unresolved	
Shoppers World	unresolved	
Shoreditch Ski Club	unresolved	
SIA ARNIKA	ats	smartrecruiters-whitelabel
SHORTISH	unresolved	
Showpo	unresolved	
Shrimps	unresolved	
Huffer	unresolved	
Shreve & Co.	unresolved	
Side Step	ats	wttj
Shu	unresolved	
HULTQUIST-COPENHAGEN	generic	generic-listing
Siebel	ats	recruitee
Hummel Fashion	unresolved	
SHUFLIA	unresolved	
Siebel Juweliers	ats	recruitee
SHUI YUN SPACE	unresolved	
ShyCloset	unresolved	
Shynee Knobs Nail Polish	unresolved	
Siacera	unresolved	
Humanrace	unresolved	
Siani Probiotic Body Care	unresolved	
SIAWEAR	unresolved	
Sibin/Linnebjerg	unresolved	
Sick Sad Girls Shop	unresolved	
Huna Skin Inc	unresolved	
Sidas	unresolved	
Humble Brands	unresolved	
SIDIA	unresolved	
SIEDRÉS	unresolved	
HUND HUND	unresolved	
Siemes Schuhcenter	unresolved	
hume supernatural	unresolved	
Siena D	unresolved	
Sienna Alexander	unresolved	
Humble Chic	unresolved	
Hunkemöller	unresolved	
Hunkydory	unresolved	
Sierra Trading Post	unresolved	
Sift	unresolved	
Sigikid	unresolved	
Siglo XXI	unresolved	
Signature	unresolved	
Silbon	ats	teamtailor
Signature Cosmetics & Fragrances	unresolved	
Signature Innovation Group	unresolved	
Silhouette	ats	lever
Sievin Jalkine	unresolved	
Hummel International	unresolved	
Signet Jewelers Limited	unresolved	
SIGNAL	unresolved	
Hundred Pieces	unresolved	
Signature by Levi Strauss & Co.™	unresolved	
Sigotto Uomo	unresolved	
Sijo	unresolved	
HoutBrox	unresolved	
Hunza G	unresolved	
SIINSIIN	unresolved	
SIKA'A	unresolved	
SikSilk	unresolved	
Hurley	unresolved	
Silk Laundry	unresolved	
SILENT WAVE INDIGO	unresolved	
Silken Favours	unresolved	
Huron	unresolved	
Silverado Boots	ats	greenhouse
SILKENN	unresolved	
SilknSoak	unresolved	
Hunterson	unresolved	
Silktáge	unresolved	
Hunter ORIGINAL	unresolved	
Silmäasema	unresolved	
Hunter	unresolved	
Silou	unresolved	
Silq Rose	unresolved	
HUMANIC	unresolved	
Hush	ats	lever
Hush & Hush	ats	lever
husbands paris	unresolved	
Silvano Fashion Group	unresolved	
Hush Puppies	ats	lever
HUSHD	ats	smartrecruiters-whitelabel
Silver Mirror Skincare	unresolved	
SILVER PALACE	unresolved	
Silver Jeans Co.	unresolved	
Silverist	unresolved	
Silverstick	unresolved	
Silvia Tcherassi	unresolved	
Simclan	unresolved	
Huttelihut	unresolved	
Simetrie	unresolved	
Simi SK Beauty	unresolved	
Simmer Clothing	unresolved	
SIMMI	unresolved	
Hunting Season	unresolved	
SIMKHA Biocosmetics	unresolved	
Simmons Bilt	unresolved	
Simon Miller	unresolved	
Simone Rocha	unresolved	
Hugo Boss	unresolved	
Simonetta	unresolved	
Simonetta Ravizza	unresolved	
Hustle Butter	unresolved	
Simons	unresolved	
Huppy	unresolved	
Hust & Claire	unresolved	
Simple	unresolved	
Simple Alchemy Co	unresolved	
Simple Happy	unresolved	
Hvman Chosen to Prevail	unresolved	
Simple Mama Company	unresolved	
Simplicitie USA	unresolved	
HUSKY CZ	unresolved	
Simplified Skin	unresolved	
Simply Chr	unresolved	
simply grey	unresolved	
HV Society	unresolved	
Simple Plan	unresolved	
Singularu	ats	teamtailor
SimplySiti	unresolved	
Simply9 Designs	unresolved	
SIN	unresolved	
Sinar (clothing)	unresolved	
Sioux	ats	recruitee
Hybrid Green Label	unresolved	
SINBONO	unresolved	
Sincerely Yours	unresolved	
HVISK	unresolved	
Sinéad O’Dwyer	unresolved	
Sisley	ats	smartrecruiters-whitelabel
Sisley	ats	smartrecruiters-whitelabel
Sinerji	unresolved	
Hv.Polo	unresolved	
Sista Glam	ats	wttj
Singular Society	unresolved	
Sinful Hand Clothing	unresolved	
Hylamide	unresolved	
Sinn	unresolved	
HXTN Supply	unresolved	
Sinner	unresolved	
SINNERS ATTIRE	unresolved	
Hynt Beauty	unresolved	
Sinsay	unresolved	
Hylton	unresolved	
SIR.	unresolved	
Hyde Wares	unresolved	
Sirens	unresolved	
Sirens & Starlight	unresolved	
HYKE	unresolved	
sisam	unresolved	
HYSTERIC GLAMOUR	unresolved	
SISSELEDELBO	unresolved	
Hypothesis	unresolved	
Hyer Goods	unresolved	
SISTER	unresolved	
Sister Jane	unresolved	
I AM Skincare for Men	unresolved	
Sister Organics	unresolved	
Sister's Aroma	unresolved	
Hylo Athletics	unresolved	
SISTERS + SEEKERS	unresolved	
SisterS Point	unresolved	
I Pekar	unresolved	
sistie	unresolved	
Sistine	unresolved	
Sita Murt	unresolved	
Sitrène	unresolved	
Siwy Denim	unresolved	
Six Gldn	unresolved	
Six Ames	unresolved	
Sixton London	unresolved	
i.am+	unresolved	
Sixth June	unresolved	
HURR	unresolved	
Sizeer	unresolved	
Sjolie	unresolved	
HYTEST	unresolved	
I.CODE	unresolved	
Skagen Connected	unresolved	
Skall Studio	unresolved	
IanaLana	unresolved	
Skatie	unresolved	
Skechers	unresolved	
Skin Laundry	ats	greenhouse
Site for Sore Eyes	unresolved	
I Luv It	unresolved	
IBANA	unresolved	
SKFK	unresolved	
SKIMS	unresolved	
I.N.C International Concepts	unresolved	
I was a Sari	unresolved	
Skin Aesthetics	unresolved	
Skin at Peace	unresolved	
SKIN AT WORK	unresolved	
I.AM.GIA	unresolved	
Skin Balance	unresolved	
Ibex	unresolved	
Skin Reserve	unresolved	
SKIN by REGEN	unresolved	
iBlues	unresolved	
İç Giyim Özel	unresolved	
Skin	unresolved	
IC Group	unresolved	
Skin2.0	unresolved	
Skinbuzz	unresolved	
Skin Ceremony	unresolved	
Skinbiosis Plus	unresolved	
Skincare for Weirdos	unresolved	
Skincare Junkie	unresolved	
Skinfood	unresolved	
Skinners Technologies	unresolved	
SKINWIT	unresolved	
Skins	unresolved	
Hummer	unresolved	
IBD	unresolved	
SKINY	unresolved	
Skipper Bar	unresolved	
Skmei	unresolved	
Icebreaker	unresolved	
ICE WATCH	ats	wttj
Skoki	unresolved	
Icebox	unresolved	
SLATE + SALT	ats	lever
Skopes	unresolved	
Icebreaker	unresolved	
IBEN	unresolved	
Icebug	unresolved	
Skopunkten	unresolved	
Skin Resource.MD	unresolved	
Skoringen	unresolved	
Hyundai Department Store	unresolved	
I Too Fashion	unresolved	
Skurk Kids	unresolved	
ichcha	unresolved	
Sky High Farm Universe	unresolved	
Ice Online	unresolved	
Sky Optic	unresolved	
Icepeak	unresolved	
Iceberg	unresolved	
Slam	unresolved	
Slater Menswear	unresolved	
Sky Organics	unresolved	
Sleeper	unresolved	
ICI Paris XL	unresolved	
Sleeping with Jacques	unresolved	
Skylar Body	unresolved	
Icicle	unresolved	
Icing	unresolved	
Sleeve7	unresolved	
SLEEPY JONES	unresolved	
Slava watches	unresolved	
Slipstop	unresolved	
Icebug Aktiebolag	unresolved	
Sloggi	unresolved	
Slopes & Town	unresolved	
ichi	unresolved	
Slazenger	unresolved	
Smart Angel	ats	smartrecruiters-whitelabel
SLOBE IENA	unresolved	
Slowear	unresolved	
Icon Brand	unresolved	
SLVRLAKE	unresolved	
ICHI	unresolved	
SLY	unresolved	
SMCP Group	ats	smartrecruiters-whitelabel
Ici Paris	unresolved	
Smaak Amsterdam	unresolved	
ID Fine	unresolved	
Smackers	unresolved	
Småfolk	unresolved	
ick.	unresolved	
Small Wonder	unresolved	
Smalls Merino	unresolved	
Sleevey Wonders	unresolved	
IDentity Lingerie	unresolved	
Smarteyes	unresolved	
SmartWool	unresolved	
Icad Universe	unresolved	
Idexe	unresolved	
Smartwool	unresolved	
Smashbox	unresolved	
Icke Berlin	unresolved	
Smashed Lemon	unresolved	
Idle	unresolved	
IDI CLOTHING	unresolved	
Smeek	unresolved	
smileactives	unresolved	
Icing on the Face	unresolved	
ICNK Amsterdam	unresolved	
Smiles For Miles	unresolved	
Smells Like Books	unresolved	
igi natur	ats	smartrecruiters-whitelabel
Smith & Soul	unresolved	
Smile Brilliant	unresolved	
Smiths City	unresolved	
ID.EIGHT	unresolved	
SMITH & CANOVA	unresolved	
Igor	unresolved	
Smitten	unresolved	
Smitten Merino	unresolved	
IGK LLC	unresolved	
Smitten Organic	unresolved	
IKAZZ	unresolved	
SMRK	unresolved	
Smuggler	unresolved	
Smush	unresolved	
Icon Eyewear	unresolved	
Smycka	unresolved	
Smyk	unresolved	
Smythson	unresolved	
SNAP	unresolved	
Iduna Group	unresolved	
SMR Days	unresolved	
Snapper Rock	unresolved	
Sneaky Steve	unresolved	
Snezhnaya koroleva	unresolved	
SNIDEL	unresolved	
Sneaky Fox	unresolved	
IDOLBEAUTY	unresolved	
Snif	unresolved	
Iheart	unresolved	
SNIPES	unresolved	
SNORS	unresolved	
SNÖ of Sweden	unresolved	
Snow Peak	unresolved	
Snow+Rock	unresolved	
IKKHO	unresolved	
Snowe	unresolved	
Identity	generic	generic-listing
Snurk	unresolved	
So Avant Garde	unresolved	
Soap Cauldron	unresolved	
SO-LE Studio	unresolved	
Soapeauty	unresolved	
IL GRANCHIO SPORT	unresolved	
Soap Distillery	unresolved	
Soapie Squad	unresolved	
Soapply	unresolved	
Soapwalla	unresolved	
SoapyMania  Inc.	unresolved	
Il Bussetto	unresolved	
sobagni	unresolved	
SOCCX	unresolved	
Soch	unresolved	
Ilag	unresolved	
Soaked in Luxury	unresolved	
Social Catalysts	unresolved	
Sock Harbor	unresolved	
Sock My Feet	unresolved	
ILC	unresolved	
Sock Atomica	unresolved	
Sockmate	unresolved	
Sockshouse	unresolved	
SOCKSSS	unresolved	
Il Granchio Collection	unresolved	
ikka	unresolved	
Sockwell	unresolved	
soduk	unresolved	
Soeder	unresolved	
IKUKO	unresolved	
SoF	unresolved	
SOFIA	unresolved	
Sofia Cardoni	unresolved	
iDeal of Sweden	unresolved	
Sofia Godinho	unresolved	
Sofiacashmere	unresolved	
ILIA	ats	greenhouse
Il Gufo	unresolved	
SOFIE & JANE	unresolved	
Sofie Schnoor	unresolved	
Soft Gallery	unresolved	
Il Makiage	unresolved	
Soft Moc	unresolved	
Soft Rebels	unresolved	
Soft Surroundings	unresolved	
Softandwet	unresolved	
Softclox	unresolved	
SOFTHYPHEN	unresolved	
SoftShirts	unresolved	
Illumia skincare products	unresolved	
Sogo	unresolved	
Sofia Jewelry	unresolved	
ilovemixtapes	unresolved	
Sogo Omiya	unresolved	
SOHO GRIT	unresolved	
SOHUMAN	unresolved	
Ilé Olomu	unresolved	
Sogo Yokohama	unresolved	
Soke	unresolved	
Sojanya	unresolved	
Soko	unresolved	
Sol Alpaca	unresolved	
Ilusión	unresolved	
Sol Angeles	unresolved	
ILYSM	unresolved	
SOL BAR	unresolved	
SOL BEAUTY & CARE	unresolved	
Sol Sana	unresolved	
Sola Salon Studios	unresolved	
illicit curls	unresolved	
Solera	ats	greenhouse
Solara Suncare  Inc.	unresolved	
Solar	unresolved	
Solaris	unresolved	
Solavida	unresolved	
ile de beaute	unresolved	
Solbari	unresolved	
SolChic	unresolved	
sold out nyc	unresolved	
Il Bisonte	unresolved	
Soldini	unresolved	
ILEYED	unresolved	
SOLE	unresolved	
soleRebels	unresolved	
Ilja	unresolved	
Soleil Soleil	unresolved	
ILSE JACOBSEN HORNBÆK	unresolved	
Soletrader	unresolved	
Solférino Paris	unresolved	
Solid	unresolved	
Immigrant Apparel	unresolved	
Solid & Striped	unresolved	
Imaginary Authors	unresolved	
Solid State Clothing	unresolved	
SOLIT!	unresolved	
Immortal Perfumes	unresolved	
imi's	ats	greenhouse
Sole~Pourri	unresolved	
IMAIMA	unresolved	
Solidus	unresolved	
Solito Scarfs	unresolved	
Solluni	unresolved	
IMEAN BEAUTY	unresolved	
Impacto Activewear Sustentável	unresolved	
Solluna by Kimberly Snyder	unresolved	
Impares	unresolved	
SOLMAR	unresolved	
Soloptical	unresolved	
Solos Smart Glasses	unresolved	
Solosix	unresolved	
Solotre	unresolved	
Imperial Riding	unresolved	
Solovair	unresolved	
Solovair	unresolved	
SOLSOLLER	unresolved	
Solstice Kids	unresolved	
Import Parfumerie	unresolved	
Solstice Sunglasses	unresolved	
Immaculate Anti-Aging Skincare	unresolved	
Immaculate Minerals	unresolved	
Solvaderm	unresolved	
Iles Formula	unresolved	
Solvil et Titus	unresolved	
Soma	unresolved	
Impossible Kicks	unresolved	
SONIA CARRASCO	ats	personio
Sonia Rykiel	ats	personio
Somebody	unresolved	
Imps&Elfs	unresolved	
Sōma Sportswear	unresolved	
Impulso	unresolved	
Son de Flor	unresolved	
In Blue Handmade	unresolved	
Hudson	unresolved	
IN VIVO	ats	wttj
Sona Cosmetics	unresolved	
In Corio	unresolved	
Son of a Tailor	unresolved	
Sonela Beauty	unresolved	
SongShanMianDian	unresolved	
Imperial	unresolved	
Sometime Soon	unresolved	
SONGZIO	unresolved	
Imperial Uomo	unresolved	
Ina Kent	unresolved	
SONNI	unresolved	
SONQO	unresolved	
SONSIE®	unresolved	
INA Style	unresolved	
Sontsa	unresolved	
SOOTHLA	unresolved	
Sophia Webster	unresolved	
Sophie & Eve	unresolved	
SONAVI	unresolved	
SOPHNET.	unresolved	
SØR	unresolved	
SORBAS	unresolved	
Soon Skincare	unresolved	
In Gold We Trust	unresolved	
Imogen's Imagination	unresolved	
Sorbet Group	unresolved	
In The Style	unresolved	
Sorbino	unresolved	
In The Soulshine	unresolved	
Sorel	unresolved	
Sorella Organics	unresolved	
Sorelle Fontana	unresolved	
INASKA SWIMWEAR	unresolved	
Sorevna	unresolved	
SORIN	unresolved	
Sophie Bille Brahe	unresolved	
Inch Wormalley	unresolved	
Inamorata	unresolved	
SOROR By Satasha Stephen	unresolved	
INAMORE	unresolved	
Sophie Buhai	unresolved	
Soruka	unresolved	
SOSHE Beauty	unresolved	
SoSo Swim	unresolved	
Sottotono	unresolved	
sou・sou	unresolved	
Source for Sports	ats	lever
Soul Flower	unresolved	
In2Green	unresolved	
Ina Kess	unresolved	
Soul Kathrine	unresolved	
SOUL UNIKA	unresolved	
indicia	unresolved	
Souldaze	unresolved	
SOUTHPOLE	ats	teamtailor
Soule Footwear	unresolved	
Soulland	unresolved	
Indiebride	unresolved	
Souliers Martinez	unresolved	
INDEE	unresolved	
SOULSTAR	unresolved	
Sound Fragrances	unresolved	
Indigo Sun	ats	greenhouse
SOUNDER	unresolved	
Indego Africa	unresolved	
Souple Luz	unresolved	
Space NK	ats	teamtailor
indi & cold	generic	generic-listing
indikidual	unresolved	
Indiska	ats	teamtailor
South Beach	unresolved	
IndiArts Collective	unresolved	
SOUTH.ST	unresolved	
Indigenous	unresolved	
Southern Butter	unresolved	
indilisi	unresolved	
South2 West8	unresolved	
Soyaconcept	unresolved	
Spa Organica	unresolved	
INDIVI	unresolved	
Spa De Soleil	unresolved	
Soviet Denim	unresolved	
Spaccio	unresolved	
iNDiViDUALS Studio	unresolved	
Spacely Clothing	unresolved	
Indochino	unresolved	
Spagnolo	unresolved	
Spalding	unresolved	
INDICODE JEANS	unresolved	
Spa Sense	unresolved	
Indosole	unresolved	
Spangeltangel	unresolved	
SPAO	unresolved	
Industry of All Nations	unresolved	
Sparitual	unresolved	
Sparkling Earth	unresolved	
Sparkz Copenhagen	unresolved	
Ines de la Fressange	unresolved	
Infanteenie Beenie	unresolved	
Imperfect Pointes	unresolved	
Spartoo	unresolved	
Sphinx Fragrances	ats	wttj
SPARX Underwear	unresolved	
SPANX	unresolved	
Infantium Victoria	unresolved	
SpearmintLOVE	unresolved	
Infuse	ats	greenhouse
SpecForm OS	unresolved	
InfiniteAloe	unresolved	
Specialized	unresolved	
Spinelli Kilcollin	ats	greenhouse
Individni	unresolved	
Specsavers	unresolved	
INGLOT Bangladesh	unresolved	
Spectra Fine Jewelry	unresolved	
Speedo	unresolved	
SPELL	unresolved	
Sperry	unresolved	
Spica Organics	unresolved	
Spicer Bags	unresolved	
SPIETH & WENSKY	unresolved	
SPILLED	unresolved	
Inditex	unresolved	
Spijkers and Spijkers	unresolved	
Spingle	unresolved	
SPINNS	unresolved	
INGROSSO ITALY	unresolved	
Sport 1	ats	teamtailor
Spendless Shoes	unresolved	
Spiritualshirt	unresolved	
Spitz	unresolved	
Indie Lee & Co.	unresolved	
Spitzbub	unresolved	
Splendid	unresolved	
SPOOGE	unresolved	
Infinite Beauti Holistic Wellness	unresolved	
Spinster Sisters Co.	unresolved	
Spiral Bags	unresolved	
Spoolies	unresolved	
Inglot cosmetics	unresolved	
Spirit of Kings	unresolved	
Spooq	unresolved	
Sport 2000	unresolved	
Industrie	unresolved	
Sports Authority	ats	personio
Sport 24	unresolved	
Sports Depo	ats	personio
Sport Chek	unresolved	
Inhabited Art	unresolved	
Sports Direct	ats	personio
Sports Research / SR Natural	ats	personio
Sport Outlet	unresolved	
Sport Zone	unresolved	
Sporting Life	unresolved	
Sportisimo	unresolved	
INGMARSON	unresolved	
Sportler	unresolved	
Indosole	unresolved	
Sportmaster	unresolved	
Sportmaster	unresolved	
Sportmax	unresolved	
sportscene	unresolved	
SportScheck	unresolved	
Sportscraft	unresolved	
INH Hair	unresolved	
Sportsgirl	unresolved	
Sport Vision	unresolved	
Sportsman's Warehouse	unresolved	
Sportsmans Warehouse	unresolved	
SportsPower	unresolved	
Sporty & Rich	unresolved	
Spot Fade	unresolved	
Sprayground	unresolved	
Spotty Lottie	unresolved	
Initio	unresolved	
Springfield	unresolved	
Ink Kare	unresolved	
Ingreendients	unresolved	
Sprinjene Natural Mouthwash	unresolved	
SprinJene Natural Toothpaste	unresolved	
SprinJene Original Toothpaste	unresolved	
Sprinter	unresolved	
Hooké	unresolved	
INMINDSEYE	unresolved	
Sproet & Sprout	unresolved	
Spruce Grooming Products	unresolved	
INKED BY DANI	unresolved	
Inlight Organic Skincare	unresolved	
Spykar	unresolved	
Innisfree	ats	smartrecruiters-whitelabel
Inkspoon	unresolved	
Square-Up	unresolved	
Sprouts Farmers Market	unresolved	
InModa Pellicceria	unresolved	
Inland Grove	unresolved	
Spun Bamboo	unresolved	
iNO	ats	greenhouse
INNO	unresolved	
Squigs	unresolved	
Squishmallows Fragrances	unresolved	
SR Active	unresolved	
Inis Meáin	unresolved	
Innocentia	unresolved	
SŚAINT	unresolved	
SSENSE	unresolved	
St. Agni	unresolved	
St Andrews	unresolved	
St. John	unresolved	
St. Claire Natúrals	unresolved	
St. Meto	unresolved	
ST. ROSE Parfums	unresolved	
st.Ann	unresolved	
STACCATO	unresolved	
Ssōne	unresolved	
Stacy Adams	unresolved	
Hua Seng Heng	generic	generic-listing
Stadium	unresolved	
STANLEY/STELLA	ats	personio
Inouitoosh	unresolved	
Stafford	unresolved	
STALVEY	unresolved	
Stance	unresolved	
Star Child	ats	greenhouse
INNOVÉ Beauty & Wellness	unresolved	
Stanczyk	unresolved	
Instaflex	unresolved	
STAND STUDIO	unresolved	
inman	unresolved	
Starface World Incorporated	ats	personio
ST95	unresolved	
Inspired Sense	unresolved	
Standard Issue	unresolved	
Innate Organic Body	unresolved	
InSystemOut	unresolved	
Stall Mates Wipes	unresolved	
Standard Procedure	unresolved	
STACCATO	unresolved	
Star Body Espresso Yourself Healthy Lifestyle Brand	unresolved	
StarBars	unresolved	
Start-Rite Shoes	unresolved	
State of Art	ats	recruitee
Starter	unresolved	
Instru optiikka	unresolved	
Stanton Optical	unresolved	
Starlight Bags	unresolved	
State & Liberty Clothing	unresolved	
State of Change	unresolved	
Inov-8	unresolved	
STAPLE Co	unresolved	
Starter	unresolved	
State of Disarray	unresolved	
InstantFigure	unresolved	
State of Elevenate	unresolved	
INTERSPORT	ats	teamtailor
State of Escape	unresolved	
Intersport Elverys	ats	teamtailor
Status Anxiety	unresolved	
StayReal	unresolved	
Stefan Brandt	unresolved	
Stefan Cooke	unresolved	
Stefanel	unresolved	
Stefeno Hats	unresolved	
STEFANO BRANCHINI	unresolved	
STEFFORD	unresolved	
Stegmann	unresolved	
Indian Institute of Cosmetology  Trichology & Nutrition	unresolved	
Stehmann	unresolved	
Interparfums	unresolved	
Steiff	unresolved	
stein	unresolved	
Stelar	unresolved	
Intimissimi	unresolved	
Inoue	unresolved	
Stella and Grace	unresolved	
Stein Mart	unresolved	
Stella Cadente	unresolved	
Intelligent Nutrients	unresolved	
Stefano Ricci	unresolved	
INTERTOP	unresolved	
Stella Forest	unresolved	
Innersense Organic Beauty	unresolved	
Stella Nova	unresolved	
Steffen Schraut	unresolved	
INUIKII	unresolved	
Stella Soomlais	unresolved	
Sterling Jewelers	ats	greenhouse
IKKS	unresolved	
Inuovo	unresolved	
Sterling King	ats	greenhouse
Stellar Moon Sacred Beauty & Skincare	unresolved	
Stems	unresolved	
International Watch Company	generic	generic-listing
Interparfums Usa Llc	unresolved	
Stenströms	unresolved	
Steve Madden	ats	recruitee
Stéphane Humbert Lucas	unresolved	
Stephanie Chehade	unresolved	
Stephen Webster	unresolved	
Inti Knitwear	unresolved	
Intrend	unresolved	
StephieAnn	unresolved	
Steppin Out	unresolved	
Steptronic	unresolved	
Sterns	unresolved	
Intimissimi Uomo	unresolved	
International Clothiers	unresolved	
Sterntaler	unresolved	
Ioaku	unresolved	
STETSON	unresolved	
ION	ats	lever
Stetson	unresolved	
Intimo	unresolved	
INYATI	unresolved	
Steve O Smith	unresolved	
IOKA Skin+Science	unresolved	
Stevenson Overall Co.	unresolved	
Ionessi	unresolved	
Stevie May	unresolved	
Sticky Lemon	unresolved	
Stieglitz	unresolved	
Stighlorgan	unresolved	
INSIDE	unresolved	
Invicta	unresolved	
STILA	unresolved	
Invicta Watch Group	unresolved	
Stilfaser	unresolved	
Ipanema	unresolved	
Stone By Stone	ats	greenhouse
Still Here	unresolved	
Ipsy	unresolved	
Stone Fox Swim	ats	greenhouse
Still Meadow Farm Soaps and Sundries	unresolved	
Stone Island	ats	greenhouse
Still Nordic	unresolved	
Stine Goya	unresolved	
Stingray International	unresolved	
Invicta	unresolved	
iQuaneye	unresolved	
Stitches	unresolved	
InWear	unresolved	
Stockholm (Surfboard) Club	unresolved	
Stockmann	unresolved	
Stokke	unresolved	
Stokton	unresolved	
STOLEN GIRLFRIENDS CLUB	unresolved	
Stoov	unresolved	
iOTA	unresolved	
IRERI	unresolved	
Stoney Creek	unresolved	
Stora Skuggan	unresolved	
iQ UV	unresolved	
Storchenwiege	unresolved	
Storm & Marie	unresolved	
İpekyol	unresolved	
Iridescent Earth	unresolved	
STORM ACTIVE	unresolved	
STORY mfg.	unresolved	
Iris Janvier	ats	greenhouse
IPPOLITA	unresolved	
IRIS	ats	greenhouse
IRIEDAILY	unresolved	
STORY OF MINE	unresolved	
Stowa	unresolved	
Iris&Romeo	ats	greenhouse
Iris Lingerie	ats	greenhouse
STOX	unresolved	
Stradivarius	unresolved	
Invidia	unresolved	
Isa Boulder	ats	greenhouse
Strand	unresolved	
Strange & Twisted	unresolved	
Strateas Carlucci	unresolved	
Ĭsa Knox	ats	greenhouse
Stratia	unresolved	
IRO IRO	unresolved	
Strauss	unresolved	
Isaac Reina	ats	greenhouse
Irene Luft	unresolved	
Street called Madison	unresolved	
Iphoria Design	unresolved	
Street One	unresolved	
Straye Footwear	unresolved	
Isabel Marant	unresolved	
Strellson	unresolved	
Isabel Lennse	unresolved	
Strenesse	unresolved	
String Ting	unresolved	
Stripes Beauty	unresolved	
ISABELLE VARIN	unresolved	
Strive	unresolved	
Stripe & Stare	ats	greenhouse
Stroili	unresolved	
STRØM	unresolved	
Irlandi	unresolved	
Irevedì	unresolved	
Stuart Weitzman	unresolved	
Stubble & Co	unresolved	
Stride Rite	unresolved	
Stubbs & Wootton	unresolved	
IRO	unresolved	
Street Shoes	unresolved	
Ipra Fragrances	generic	generic-listing
ISANE IN THE RAIN	unresolved	
Studio 8 by Phase Eight	unresolved	
Studio 88	unresolved	
Isetan	unresolved	
ISABEE	unresolved	
Studio Anneloes	unresolved	
Studio Amelia	unresolved	
Isetan Urawa Store	unresolved	
Studio beije	unresolved	
Studio Claudy Jongstra	unresolved	
studio CLIP	unresolved	
Isabella Rhea	unresolved	
Isabella's Clearly	unresolved	
Studio Clique	unresolved	
STUDIO AR	unresolved	
STUDIO DE LOSTANGES	unresolved	
Studio Courtenay	unresolved	
Isla Ibiza	unresolved	
Studio Ditte	unresolved	
IRON HEART	unresolved	
STUDIO EBN	unresolved	
Studio EVA D.	unresolved	
Studio 189	unresolved	
Isadore Apparel	unresolved	
Studio Italy	unresolved	
Studio JUX	unresolved	
Studio Modd	unresolved	
Isla In Bloom	unresolved	
Studio Noos	unresolved	
Isleñas	unresolved	
Isbjörn of Sweden	unresolved	
STUDIO PIA	unresolved	
Isaia	unresolved	
Studio Pough Luxe	unresolved	
STUDIO R330	unresolved	
isima	unresolved	
Studio Nok Nok	unresolved	
Studio Untold	unresolved	
Isona Linen	unresolved	
STUDIOUS	unresolved	
Stührling	unresolved	
Stulpenkult	unresolved	
STUMBLY	unresolved	
Stüssy	unresolved	
Isilk	generic	generic-listing
STUNNING LURE	unresolved	
Stutterheim	unresolved	
Styelle Swim	unresolved	
Styland	unresolved	
Style Fashion	unresolved	
Studio Subtl	unresolved	
Stylein	unresolved	
STYLEMIXER	unresolved	
Stylenanda	unresolved	
ISLA	unresolved	
Subset	ats	teamtailor
Studs	unresolved	
StylEthics	unresolved	
ISOLDA	unresolved	
StyleSaint	unresolved	
Sud Express	ats	wttj
Styleworks Inc.	unresolved	
styling/	unresolved	
Suave	unresolved	
SUAVS Shoes	unresolved	
Subdued	unresolved	
Sub_Urban Riot	unresolved	
SUBOO	unresolved	
Ishkar	unresolved	
IT Cosmetics	unresolved	
Substance	unresolved	
Suburbia	unresolved	
Sucreabeille	unresolved	
It's Fashion	ats	smartrecruiters-whitelabel
Subtle Shoes	unresolved	
Suedwind Footwear	unresolved	
Isosceles Lingerie	ats	recruitee
SuElle	unresolved	
Sugar	unresolved	
SugarbearPRO	unresolved	
Sugarhill Brighton	unresolved	
Sugarbird	unresolved	
Suitsupply	ats	greenhouse
SUI	unresolved	
Suicoke	unresolved	
It's A 10 Haircare	unresolved	
It's Essential	unresolved	
SUISTUDIO	unresolved	
Isla Lune	unresolved	
SUIT	unresolved	
Suit Direct	unresolved	
Suitconcern	unresolved	
Suite Reyad	unresolved	
Iredale Cosmetics  Inc.	unresolved	
SuitShop	unresolved	
it’REAL	unresolved	
Suitsuit	unresolved	
Italian Fashion by Guazzone	unresolved	
SÜK Workwear	unresolved	
ItalianBeltCompany	unresolved	
SukkhaCitta	unresolved	
Italy in Cashmere	unresolved	
It's The Balm Diggity	unresolved	
Suku	unresolved	
SUIT SELECT	unresolved	
SULDN	unresolved	
Sulina Shop	unresolved	
ITALEAU	unresolved	
Summer Fridays	ats	greenhouse
Sulwhasoo	unresolved	
ISTO.	unresolved	
Suits Inc	unresolved	
sumigi	unresolved	
SUMMER HOURS	ats	greenhouse
Summum	ats	personio
Sullen Clothing	unresolved	
Italia Independent Group	unresolved	
Summum Woman	ats	personio
Summersalt	unresolved	
itobanashi	unresolved	
Summit Finish	unresolved	
Issey Miyake	unresolved	
SUM OF ALL	unresolved	
Sun Bum	unresolved	
Sun Diego	unresolved	
Ito Uroko	unresolved	
Sun Holding Company	unresolved	
ITS'DEMO	unresolved	
Sun Kissed & Co.	unresolved	
Sun Tan City	unresolved	
Suncoo	unresolved	
Sun68	unresolved	
Sundance Catalog	unresolved	
Sundara Nails	unresolved	
Sunday Riley	unresolved	
Ivanovo Parachute Plant	unresolved	
IRA FAHRENHEIT	unresolved	
Sunday Saint-Tropez	unresolved	
ITALYSHOP24	unresolved	
Sunday Routine	unresolved	
Sundried	unresolved	
ITKORI	unresolved	
Sunset Design Outlet	ats	greenhouse
Sunflower	unresolved	
Sunglass Hut	unresolved	
Sundry	unresolved	
Item M6	unresolved	
Italia Independent	unresolved	
Sunglass Hut Collection	unresolved	
IVKO Woman	unresolved	
ITP Beauty	unresolved	
SunGold Botanicals	unresolved	
Sunheroes	unresolved	
Sunless Body	unresolved	
Ivory & Chain	unresolved	
Super Deodorant	ats	lever
Sunniemade	unresolved	
Super Jimat	ats	greenhouse
Ivory Ella	unresolved	
IVI Ryo Corporation	unresolved	
Super Nail	ats	greenhouse
SunnySky	unresolved	
Super normal people	ats	greenhouse
Super Sports Xebio	ats	greenhouse
Sunpoint	unresolved	
Items14	unresolved	
Sunski	unresolved	
Sunspel	unresolved	
IVY OAK	unresolved	
Sunsuelle	unresolved	
Ivylee Copenhagen	unresolved	
Sunuva	unresolved	
Sundew Sewing Co	unresolved	
Suntegrity Skincare	unresolved	
SUPA Naturals	unresolved	
Superbloom	unresolved	
iXXXi Men	unresolved	
Superdrug	unresolved	
Superdry	unresolved	
Superga	unresolved	
Supreme	ats	greenhouse
Supermaggie	unresolved	
Supermom	unresolved	
Supergoop!	ats	greenhouse
SuperNatural	unresolved	
Supernoud	unresolved	
SuperRebel	unresolved	
Supersmile	unresolved	
Superstainable	unresolved	
Ivy & Elder	unresolved	
SuperVista	unresolved	
IVY Copenhagen	unresolved	
Supply & Demand	unresolved	
Ivan Troy	unresolved	
Ivey Abitz	unresolved	
Supré	unresolved	
Surface Deep	unresolved	
SURI FREY	unresolved	
IZAC	unresolved	
Surgi-Care	unresolved	
SUSAN BIJL	unresolved	
Susan's Soaps & More	unresolved	
IXIAH	unresolved	
Izabel Camille	unresolved	
IZOD	generic	generic-listing
Susanne Bommer	unresolved	
Sussan	unresolved	
IZAYLA	unresolved	
SUSTAIN	unresolved	
IZIA	unresolved	
Sustain by Kat	unresolved	
Suunto	unresolved	
Izod	unresolved	
IYÜ Sunglasses	unresolved	
iXXXi JEWELRY	unresolved	
Suza	unresolved	
Izutsuya	unresolved	
Suzanne Grae	unresolved	
Suzanne Kalan	unresolved	
suzusan	unresolved	
Suzy Shier	unresolved	
Svala	unresolved	
SVAR Media Network	unresolved	
Ivanhoe of Sweden	unresolved	
Svea Clothing	unresolved	
Ivi Collection	generic	generic-listing
Svitanak	unresolved	
SWAIR	unresolved	
Sweet Bee Magic	ats	teamtailor
Swann Paris	unresolved	
Sweet Bee Ultra Beauty	ats	teamtailor
Swarovski	unresolved	
SVS Vision	unresolved	
Swatch	unresolved	
sweet deluxe	ats	teamtailor
Swear	unresolved	
Sweet Earth	ats	teamtailor
SweatBlock	unresolved	
Sweet Gisele	ats	teamtailor
Swedish Hasbeens	unresolved	
Sweaty Betty	unresolved	
Swedish Stockings	unresolved	
Sweet July Skin	ats	teamtailor
Sweer	unresolved	
Sweet LeiLani Cosmetics	ats	teamtailor
Sweet Lemon	ats	teamtailor
Sweet Mana	ats	teamtailor
Sweet Pants	ats	teamtailor
Sweet Skins	ats	teamtailor
Sweet Sktbs	ats	teamtailor
Sweet Chemistry	ats	teamtailor
Sweet Tooth by Sabrina Carpenter	ats	teamtailor
Swellies	unresolved	
J. Hannah	unresolved	
Swiat Zlota	unresolved	
Swildens	unresolved	
Swim Against	unresolved	
J. McLaughlin	unresolved	
Swimm	unresolved	
SWIMS	unresolved	
J.Cat Beauty	unresolved	
J.C. Rags	unresolved	
SWISS	unresolved	
Swiss Arabian	unresolved	
J Brand	unresolved	
J-Scent	unresolved	
J.Lindeberg	ats	teamtailor
SWISS MILITARY HANOWA	unresolved	
J.Lindeberg	ats	teamtailor
Switch2Pure	unresolved	
J Label	unresolved	
Switcher	unresolved	
J. Crew Factory	ats	workday
Switer	unresolved	
SWOFCARE	unresolved	
Swolit	unresolved	
Swords Rebel	unresolved	
SYD Botanica	unresolved	
Sydney Brown	unresolved	
Swing Collections	unresolved	
Swiss Watch Expo	unresolved	
Sylhouette Parfums	unresolved	
Sylth Virago	unresolved	
Sylvia Toledano	unresolved	
Sylvia P Sportswear	unresolved	
Synergy Therm	ats	recruitee
Sylvie Eder	unresolved	
Symbiome	unresolved	
Symbology	unresolved	
J.Ploenes	unresolved	
J.LAURANT	unresolved	
SYN	unresolved	
Syncs.earth	unresolved	
Sydney Evan	unresolved	
Sylvi	unresolved	
itStyle	unresolved	
Synoptik	unresolved	
J.O. Milano	unresolved	
J.M. Weston	unresolved	
J.D.V	unresolved	
Synsam	unresolved	
Syster P	unresolved	
J.PRESS	unresolved	
T J Hughes	unresolved	
T.J. Maxx	unresolved	
T.M. Lewin	unresolved	
J.Crew	ats	workday
Jabeenz	unresolved	
T.H. Baker	unresolved	
t7berlin	unresolved	
Jacadi	unresolved	
TABBEAU PLACE LLC	unresolved	
Tabi-Ji	unresolved	
Tacori	unresolved	
TABITHA RINGWOOD	unresolved	
Taeve Africa	unresolved	
TAG Heuer	unresolved	
Jack Bunny!!	unresolved	
Tag SOCKS	unresolved	
TAIFUN	unresolved	
Tailored & Originals	unresolved	
Taïla	unresolved	
J.R. Watkins	unresolved	
TAKA-Q	unresolved	
TAKAHIROMIYASHITA The Soloist	unresolved	
J&JOY	unresolved	
Takashimaya Kyōto Store	unresolved	
J'Aton Couture	unresolved	
Tadashi Shoji	unresolved	
TAKE A SHOT	unresolved	
jac + mooki	unresolved	
Takashimaya Osaka Store	unresolved	
Jack Wills	unresolved	
Take Haven	unresolved	
TALA	ats	lever
TAFANELLI	unresolved	
Iwataya	unresolved	
Jack Wolfskin	unresolved	
Take Me Shoes	unresolved	
Jacaru Australia	unresolved	
Jack59	unresolved	
Takedown Sportswear	unresolved	
TAKEO KIKUCHI	unresolved	
takes.	unresolved	
Takeshy Kurosawa	unresolved	
J.Jill	generic	generic-listing
Taking Shape	unresolved	
JACKY	unresolved	
Takko Fashion	unresolved	
Jacksons	unresolved	
Takashimaya	unresolved	
Talbots	unresolved	
Jacky Luxury	unresolved	
Jack London	unresolved	
TALEO	unresolved	
Jack In A Bag	unresolved	
Jacob Cohën	unresolved	
Tamara Mellon	ats	greenhouse
Talbot Runhof	unresolved	
Tamara's Sugar	ats	greenhouse
Tales of Tanush	unresolved	
Jacotte Tricote	unresolved	
Tales of Anyday	unresolved	
Talco	unresolved	
JACQ	unresolved	
Tali and Tasi	unresolved	
IZAC	unresolved	
TALLY WEiJL	unresolved	
JACQUEMUS	unresolved	
J.U.S Parfums	unresolved	
Tam Fashion	unresolved	
Tamagini Leather	unresolved	
tamaki niime	unresolved	
Jacques Levine	unresolved	
Tamaris	unresolved	
TAMGA Designs	unresolved	
Talia Collins	unresolved	
Tan Republic	unresolved	
TANAKA	unresolved	
Jacky And Family	unresolved	
Tanishq	unresolved	
Tanner Fletcher	unresolved	
Tanner Goods	unresolved	
tanni	unresolved	
TandheM Neurocosmetics	unresolved	
Tanning Shop	unresolved	
Tanuki Denim	unresolved	
Jack Henry	unresolved	
TAPE A L'OEIL	unresolved	
Tapestry  Inc.	unresolved	
Tara	unresolved	
Taproot Threads	unresolved	
TARANIS	unresolved	
Jade Cropper	unresolved	
TARANKO	unresolved	
tara and i	unresolved	
Jadé Complexions	unresolved	
JAEGER	ats	recruitee
Target Corporation	unresolved	
Target Australia	unresolved	
Tarocash	unresolved	
Jaeger-LeCoultre	ats	recruitee
Jade Swim	unresolved	
TARROW TOKYO	unresolved	
Tarte  Inc.	unresolved	
Tartine et Chocolat	unresolved	
JACQUELINE de YONG	generic	generic-listing
Jackfir	unresolved	
Tas Design	unresolved	
TASAKI	unresolved	
JAG	unresolved	
tasc	unresolved	
Jaggad	unresolved	
Jackalo	unresolved	
jaded london	unresolved	
Jaguar Watches	ats	personio
Taschendieb Wien	unresolved	
Jako	ats	personio
Tata Italia	unresolved	
Jacquie Aiche	unresolved	
Jaffic	unresolved	
Tateossian	unresolved	
JAKO-O	ats	personio
Tati	unresolved	
Target Optical	unresolved	
Tatifurs	unresolved	
Taylor Stitch	ats	smartrecruiters-whitelabel
Tatinbags	unresolved	
James Avery Artisan Jewelry	unresolved	
TATUUM	unresolved	
TCM	ats	personio
JAM Clothing	unresolved	
Tattoo Numbing Cream Co.	unresolved	
Jadu Beauty	unresolved	
Tauko	unresolved	
Tavrovska	unresolved	
James Lock & Co. Ltd	unresolved	
TAYA BEAUTY	unresolved	
James Perse	unresolved	
Taygra Shoes	unresolved	
Tbalance	unresolved	
Taza Leather	unresolved	
TBH Kids	unresolved	
JAG	unresolved	
Jacques Lemans	unresolved	
TCH	unresolved	
TD by True Decadence	unresolved	
TD Tom Davies	unresolved	
JAKKE	unresolved	
TEÄTORA	unresolved	
Team Sportia	unresolved	
Jacqui E	unresolved	
Teatum Jones	unresolved	
TechnoMarine	unresolved	
JALINE RESORT	unresolved	
Ted Baker	unresolved	
Tekla	ats	greenhouse
Ted Louise	unresolved	
Teddy smith	unresolved	
Taylor Made Polish	unresolved	
jan vanderstorm	unresolved	
Teemill	unresolved	
Teen Fashion	unresolved	
Teenmix	unresolved	
Jamido	unresolved	
Tchai Walla	unresolved	
TEIA Cosmetics	unresolved	
TEILOR	unresolved	
Jamnatura	unresolved	
Jamie Makeup	unresolved	
Jane	unresolved	
Tekkie Town	unresolved	
TELIC Japan	unresolved	
Jan Hilmer	unresolved	
Teluris	unresolved	
Jane Carr	unresolved	
telfar	unresolved	
Jamie + The Jones	unresolved	
Jamie Kay	unresolved	
TEMBEA	unresolved	
Jane Kønig	unresolved	
TEMU	unresolved	
Jan Jansen	unresolved	
Temperley London	unresolved	
ten Cate	unresolved	
TEN Hair Care	unresolved	
Janice	unresolved	
Ten Little	unresolved	
Ten Points	unresolved	
Janin Handbags	unresolved	
JAN-JAN VAN ESSCHE	unresolved	
Tendam	unresolved	
Japan TKY	ats	greenhouse
Tendance Parfums	unresolved	
JANTZEN	unresolved	
Tenerita	unresolved	
Tender Co.	unresolved	
tennen	unresolved	
TENSHOPPE	unresolved	
Tenson	unresolved	
Jane Lushka	unresolved	
Tenth	unresolved	
Tenth & Pine	unresolved	
tentree	unresolved	
Teodor	unresolved	
TERAS	unresolved	
Terez & Honor	unresolved	
TERMINAL B	unresolved	
Jana	unresolved	
Terminal X	unresolved	
Janessa Leoné	unresolved	
Terns	unresolved	
Ternua	unresolved	
Ternua Workwear	unresolved	
JanSport	ats	workday
JAN ‘N JUNE	unresolved	
Terranova	unresolved	
Terracotta Skincare	unresolved	
JANSEN Amsterdam	unresolved	
Jasmil	unresolved	
Janie and Jack	unresolved	
Terre Bleue	unresolved	
Terra Thread	unresolved	
Terra Dea	unresolved	
Terre De Cuir	unresolved	
TerreVera	unresolved	
Terror Kittens	unresolved	
terStal	unresolved	
Tervolina	unresolved	
Teso Life	unresolved	
JARLO	unresolved	
TESSITA	unresolved	
Jarod-Pi	unresolved	
Tetiana K	unresolved	
Jasper Hearts Wren	unresolved	
Teva	unresolved	
Jay Jays	ats	greenhouse
Texture Clothing Company	unresolved	
Tessa Koops	unresolved	
Tezenis	unresolved	
Thakoon	unresolved	
Textile House for EURO TRADE	unresolved	
Teva	unresolved	
Thaely	unresolved	
Thalé Blanc	unresolved	
Thang de Hoo	unresolved	
Jax & Bard Shoes	unresolved	
Jaz	unresolved	
That Good Good Shea	unresolved	
THAT GORILLA BRAND	unresolved	
The 7 Virtues	unresolved	
The Amateur Weather Observers	unresolved	
JARED THE GALLERIA OF JEWELRY	unresolved	
The Ampal Creative	unresolved	
Jared	unresolved	
The Animals Observatory	unresolved	
JB Greek	unresolved	
Jasper Conran	unresolved	
The Anjelms Project	unresolved	
The Andamane	unresolved	
Jazmine Beauty	unresolved	
The Apawthecary Co.	unresolved	
The Arabiyat	unresolved	
The Arrivals	unresolved	
The Athlete's Foot	unresolved	
The Attico	unresolved	
The Bar	unresolved	
The Artful Mitten	unresolved	
JC Sophie	unresolved	
The Bare Home	unresolved	
Jaxon Lane	unresolved	
The Bar A Soap Company  LLC	unresolved	
The Blue Rabbit House	unresolved	
JCC	unresolved	
Javier Simorra	unresolved	
The Blue Suit	unresolved	
The Beauty Standard	unresolved	
The bonnie mob	unresolved	
JD Sports	ats	greenhouse
The Boy&I	unresolved	
The Brave Formula	unresolved	
The British Bag Company	unresolved	
The Body Shop	unresolved	
JAYLEY COLLECTION	unresolved	
The Bubble Collection	unresolved	
The Book Club	unresolved	
The Celtic Ranch	unresolved	
The Campamento	unresolved	
The Chloelina All Natural Soap Co.	unresolved	
JBC	unresolved	
THE CELECT	unresolved	
JBS	unresolved	
JB SKRUB	unresolved	
The Children's Place	unresolved	
The Circle Model Management	unresolved	
The Crafty Bird	unresolved	
The Common Good Company	unresolved	
The Clothed	unresolved	
JEANASIS	unresolved	
The Dessy Group	unresolved	
The Classic T-Shirt Company	unresolved	
JD Jeffrey Dame Fragrance	unresolved	
The Cure Skincare	unresolved	
JB Martin	unresolved	
The Diamond Ring Co	unresolved	
The Dust	unresolved	
Jeans Centre	ats	recruitee
The Dudes Factory	unresolved	
The Earthling Co.	unresolved	
The Edinburgh Woollen Mill	unresolved	
The Creative Bag Company	unresolved	
The Eastern Loom	unresolved	
The English Hatter	unresolved	
The Ethical Silk Company	unresolved	
The Elder Statesman	unresolved	
JCPenney	unresolved	
The Fable	unresolved	
JDY	generic	generic-listing
The Face Shop	unresolved	
janegee	unresolved	
The East Order	unresolved	
The FIX	unresolved	
The FLEXX	unresolved	
The Forest Clothing	unresolved	
The Fragrance Shop	unresolved	
The Fragrance World	unresolved	
The Frye Company	unresolved	
Jecca Blac	unresolved	
The Gift Label	unresolved	
The Girl Habit	unresolved	
Jean Perret	unresolved	
The Golden Secrets	unresolved	
The Glade	unresolved	
Jean Marc Paris	unresolved	
The GoodPeople	unresolved	
The Good Patch	unresolved	
Jeanne Vouland	unresolved	
The Garment	unresolved	
THE GUESTLIST	unresolved	
THE HAIR GENERATION	unresolved	
The Good Tee	unresolved	
Jean Louis Mahé	unresolved	
Jeans Fritz	unresolved	
The Goodland Markets	unresolved	
Jascha Stockholm	unresolved	
The Grandpa Soap Company	unresolved	
Jeanswest	unresolved	
The Honu Shirt Company	unresolved	
The High-End Hippie Wellness Inc	unresolved	
The Hooded Hare	unresolved	
The Hour Glass Limited	unresolved	
The Handmade Soap Company	unresolved	
The Hub	unresolved	
The Hundreds	unresolved	
Jeep	unresolved	
The Inoue Brothers...	unresolved	
JEFF	unresolved	
The Institute for Art and Olfaction	unresolved	
The Kaatn Trail	unresolved	
Jeffree Star Cosmetics	unresolved	
The Kenyan Crafts Company	unresolved	
Jeepers Peepers	unresolved	
JEM	unresolved	
The Kingsman Shop (London)	unresolved	
The Knotty Ones	unresolved	
The Kooples	ats	digitalrecruiters
THE HOUR	unresolved	
JENEST	unresolved	
The Lab	unresolved	
Jelt	unresolved	
The Lash Lounge	unresolved	
The Leather Expert Shop	unresolved	
The Jewelry Exchange	unresolved	
Jeffery West	unresolved	
The Konjac Sponge Company	unresolved	
Jelmoli	unresolved	
The Korner	unresolved	
The Leather Store	unresolved	
THE LAB GIRL	unresolved	
The Linen Company	unresolved	
The Make	unresolved	
Jennifer Ritz	unresolved	
The Manchester Shop	unresolved	
The Mercer - N.Y.	unresolved	
The Moonrise Project	unresolved	
Jeanerica	unresolved	
THE LIBRARY	unresolved	
JEMIMASARA	unresolved	
The Madison Collection	unresolved	
Jenny Sibthorp	unresolved	
Jeans Mate	unresolved	
The Middle Daughter	unresolved	
Jeffrey Campbell	unresolved	
THE MORPHBAG BY GSK	unresolved	
The Mountain	unresolved	
Jennifer Chamandi	unresolved	
The Level Collective	unresolved	
Jequiti	unresolved	
The Mr.Crossbow co.	unresolved	
The New Originals	unresolved	
The North Face	unresolved	
the not ok club	unresolved	
The North Face	unresolved	
Jenette Skin Care	unresolved	
Jeroboam Paris	unresolved	
The Ordinary	unresolved	
The Organic Skin Co.	unresolved	
Jess & Tilly	ats	personio
The Organic Tshirt	unresolved	
The New Society	unresolved	
The North Face Japan	unresolved	
The Original Muck Boot Company	unresolved	
The Outset	unresolved	
The Perfume Garden	unresolved	
The Pearl Source	unresolved	
The Perfume Shop	unresolved	
The Pro Shop	unresolved	
The Pretty Hat	unresolved	
The Project Garments	unresolved	
The Q Collection	unresolved	
Jenny Packham	unresolved	
The Quartermaster	unresolved	
The Ragged Priest	unresolved	
Jerem	unresolved	
The Range	unresolved	
Jeordie's	unresolved	
The Recycled Planet	unresolved	
Jensen	unresolved	
THE RERACS	unresolved	
Jet	unresolved	
The Rocks Push	unresolved	
The Potion Studio	unresolved	
Jessica Simpson	unresolved	
Jenny Yoo	unresolved	
The Row	unresolved	
The Sak	unresolved	
The Salty Dog	unresolved	
JETLAG	unresolved	
The Shirt Project	unresolved	
The Shirtmakers	unresolved	
The Seaweed Bath Co.	unresolved	
the sclpt co	unresolved	
The Shishikui	unresolved	
The Shoe Company	unresolved	
Jérôme Dreyfuss	ats	wttj
THE SHOP TK	unresolved	
Jeunesse Global	unresolved	
The Sleep Shirt	unresolved	
The Smash Society	unresolved	
The Short	unresolved	
Jewel Tree London	unresolved	
The Simple Folk	unresolved	
JESSYLINE	unresolved	
Jewells	ats	teamtailor
The Social Outfit	unresolved	
The Sneaker Factory	unresolved	
The Social Studio	unresolved	
The Spotted Quoll Studio	unresolved	
The Society Shop	unresolved	
The Statement by Sandra Claire Inc.	unresolved	
The Standard Stitch	unresolved	
JETS BY JESSIKA ALLEN	unresolved	
The Store	unresolved	
JETS Swimwear	unresolved	
JETSET	unresolved	
The sticky sis club	unresolved	
Jewlr	unresolved	
Jeuneora	unresolved	
The Stone	unresolved	
The Summer House	unresolved	
The Swatch Group	unresolved	
The SUSS Edit	unresolved	
The Sting	unresolved	
Ji Won Choi	unresolved	
The Ten Spot	unresolved	
The Terra Tribe	unresolved	
JiaoXia	unresolved	
Jennifer Fisher	generic	generic-listing
The Ubeauty.com  LLC	unresolved	
The Turkish Towel Company	unresolved	
The Ultimate	unresolved	
Jewelina	unresolved	
The Unbranded Brand	unresolved	
The Union Bag Company	unresolved	
The Upside	unresolved	
The Utilikilts Company	unresolved	
JILL by JILL STUART	unresolved	
The Vampires Wife	unresolved	
The Very Good Bra	unresolved	
The Vintage Store	unresolved	
The Victorian Garden Organic Skincare Company	unresolved	
The Volon	unresolved	
The Walking Company	unresolved	
JETTE	unresolved	
The Wanderlight Co.	unresolved	
The Webster	unresolved	
The Well Worn	unresolved	
The Warehouse	unresolved	
THEA WITH LOVE	ats	greenhouse
The Wellness Apothecary	unresolved	
Jhalani and Sons	unresolved	
The White Briefs	unresolved	
The White Ribbon	unresolved	
The White Stripes Tailors and Shirtmakers	unresolved	
The White Company	unresolved	
Jimmy Choo	unresolved	
Thebesttailor	unresolved	
Theatre Products	unresolved	
THE WOMEN'S LOCKER	unresolved	
Jil Sander	unresolved	
TheCaityPerry	unresolved	
Jillian Boustred	unresolved	
THECLEANSTANDARD®	unresolved	
The Winsome Apothecary	unresolved	
Then I Met You	unresolved	
THEMOIRè	unresolved	
TheProudLondon	unresolved	
Theo Grace	unresolved	
Jewel Cafe	generic	generic-listing
Théla	unresolved	
Theodore & Pringle Optical	unresolved	
Thérapie Clinic	unresolved	
Theory	unresolved	
Jim Rickey	unresolved	
Therawell	unresolved	
THERAPINA	unresolved	
Therm	unresolved	
Therma Kōta	unresolved	
There Was One	unresolved	
THIALH	unresolved	
ThirdLove	ats	greenhouse
Jins	unresolved	
Thesus	unresolved	
Thiele	unresolved	
Thin Lizzy	unresolved	
JEWELRIA	generic	generic-listing
Thief&Bandit	unresolved	
Jimmy Key	unresolved	
Jia Jia	unresolved	
Think!	unresolved	
Jilly Designs	unresolved	
Think	unresolved	
ThirtyTwo	unresolved	
Think Big Little People	unresolved	
This is Unfolded	unresolved	
JINS	unresolved	
ThistleScotch	unresolved	
Jimmy Fairly	generic	generic-listing
Thinx	unresolved	
Jinhua Loyal Crafts Co.  Ltd.	unresolved	
Thirteen Thieves	unresolved	
Ingugu	unresolved	
Jiva Organics	unresolved	
ThokkThokk	unresolved	
JiuSuiBan	unresolved	
THOMAS SABO	ats	personio
Thinking MU	unresolved	
Thomas Maine	unresolved	
THOM BROWNE	unresolved	
Thought	unresolved	
Thompson Tee	unresolved	
Thousand Fell	unresolved	
JNBY	unresolved	
Thisisneverthat	unresolved	
Thread Domain	unresolved	
Thor Steinar	unresolved	
threadoire	unresolved	
JNS	unresolved	
Jin Zhi Zun	unresolved	
Threadheads	unresolved	
jitrois.	unresolved	
Threaded Pear	unresolved	
Three Floor	unresolved	
Thomas Pink	unresolved	
Three Flowers	unresolved	
Jivanas	unresolved	
Jo Malone	unresolved	
Threads 4 Thought	unresolved	
Jo Malone London	unresolved	
ThreeSixFive	unresolved	
Thrive Causemetics®	ats	greenhouse
Three Graces	unresolved	
Thrive Market	ats	greenhouse
Jigsaw	unresolved	
Joanna Vargas	unresolved	
Thrills	unresolved	
Three Peaks Clothing	unresolved	
Three Sisters Apothecary	unresolved	
Jiwya	unresolved	
JJ Footwear	unresolved	
Jockey	unresolved	
Three Ships	unresolved	
threeasfour	unresolved	
jōB Cosmetics Hawai'i	unresolved	
Thriving Brands LLC	unresolved	
Thunderpants US	unresolved	
Thxsilk	unresolved	
Thyli	unresolved	
THTC	unresolved	
Jo Ghost	unresolved	
JLO Beauty	unresolved	
Joe Fresh	ats	smartrecruiters-whitelabel
Three Four Time	unresolved	
Thulisa Naturals	unresolved	
THURSDAY BOOT COMPANY	unresolved	
THYLIE	unresolved	
Tian	unresolved	
TI SENTO	unresolved	
Thyme Maternity	unresolved	
Tibi	unresolved	
JOEONE	unresolved	
Tif Tiffy Denmark	unresolved	
Jockey	unresolved	
Tiferet Aromatherapy	unresolved	
Tiffosi	unresolved	
TifOrganics	unresolved	
Tiger of Sweden	ats	teamtailor
Tiffany & Co.	unresolved	
Johann Maria Farina gegenüber dem Jülichs-Platz	unresolved	
Joe Boxer	unresolved	
Tie Rack	unresolved	
Joaillerie Guerin	unresolved	
Tiba + Marl	unresolved	
Johanna Ortiz	unresolved	
John Fluevog Shoes	ats	teamtailor
Jochie International	unresolved	
Tikau	unresolved	
Tilbea	unresolved	
Tike Studio	unresolved	
Tillys	unresolved	
Tiff Manuell	unresolved	
Tilt Beauty	unresolved	
Tiger Mist	unresolved	
Tilley	unresolved	
John Hatter	unresolved	
Tim Van Steenbergen	unresolved	
Timberland	unresolved	
Johanna Parv	unresolved	
Tiger Prints	unresolved	
TIMEBEAM Beauty	unresolved	
Timeless Pearly	unresolved	
Joe's Toes	unresolved	
Timeless Skin Care	unresolved	
John Craig	unresolved	
Timesie	unresolved	
Timex	unresolved	
Time Watch Investments Limited	unresolved	
Timezone	unresolved	
John Lewis	unresolved	
Timex Group USA	unresolved	
Johansen	unresolved	
Joeleen Torvick	unresolved	
Tin Marin	unresolved	
Time Road	unresolved	
Tinchens	unresolved	
TINA CASSADAY BEVERLY HILLS	unresolved	
TINDI	unresolved	
Tinne+Mia	unresolved	
Tinta Style	unresolved	
JOHN RICHMOND SPORT	unresolved	
Tiny Rituals	unresolved	
John Hardy	unresolved	
Tiny Army	unresolved	
TinyAcornArts	unresolved	
John Elliott	unresolved	
Tira	unresolved	
Tiradia	unresolved	
Tip Top Tailors	unresolved	
John Richmond	unresolved	
Titan Industries	unresolved	
Joanie	generic	generic-listing
Tissot	unresolved	
Johnny Concert	unresolved	
Titan Tallow	unresolved	
Titan Tone Skincare	unresolved	
Titanea	unresolved	
Titania Inglis	unresolved	
Tiny Twig	unresolved	
John Henric	ats	teamtailor
titicaca	unresolved	
John Lobb Bootmaker	unresolved	
TJ Collection	unresolved	
TJ Indigo Clothing Co	unresolved	
John John	unresolved	
TOAST	ats	greenhouse
John Miller	unresolved	
TLCZM	unresolved	
Johnny Urban	unresolved	
John Varvatos	unresolved	
Johnson Fitness & Wellness	ats	personio
TNT	unresolved	
Toast Society	ats	greenhouse
TO BE CHIC	unresolved	
Johnson's Baby	ats	personio
To Boot New York	unresolved	
tk.Takeo Kikuchi	unresolved	
TO112	unresolved	
To Be Hawaii	unresolved	
Todd Shelton	ats	personio
Joie	unresolved	
Tivoli	unresolved	
Johnson	ats	personio
Johshuya	unresolved	
JoJo Maman Bébé	ats	teamtailor
TOBEG	unresolved	
TK Maxx	unresolved	
Toad&Co	unresolved	
Johnny Urban	unresolved	
Tobias & The Bear	unresolved	
Jolly Clothing	unresolved	
Tobu Department Store	unresolved	
Toby Tiger	unresolved	
JOLYN	unresolved	
Tocoto Vintage	unresolved	
Tod's	unresolved	
Todomoda	unresolved	
Tofvel	unresolved	
Johnny Bigg	unresolved	
todayful	unresolved	
Jomos	unresolved	
TOG24	unresolved	
Toga	unresolved	
Tøjeksperten	unresolved	
TOK Beauty	unresolved	
Tokiwa	unresolved	
Johnny Was	ats	workday
Tokio Inkarami	unresolved	
TOKYO BASIC	unresolved	
Tokyo Shoes Retailing Center	unresolved	
Tom Wood	ats	teamtailor
Tokyu Department Store	unresolved	
Told London	unresolved	
Jollity & Co.	unresolved	
JOHNNYLOVE	unresolved	
Tolani U.S.A	unresolved	
TOLU COKER	unresolved	
JOMA JEWELLERY	unresolved	
TOM FORD	unresolved	
Tom Ripley	unresolved	
TomboyX	unresolved	
Tom Tailor	unresolved	
Tomorrow Denim	ats	greenhouse
Tokyo Bags	unresolved	
Tommy & Lottie	unresolved	
Tommy Bahama	unresolved	
TOMCSANYI	unresolved	
Tokyu Department Store  Kichijoji	unresolved	
Jon Josef	unresolved	
Tommy Bahama	unresolved	
Tommy Hilfiger	unresolved	
Tomo & Edie	unresolved	
Jones	unresolved	
Tommy John	unresolved	
TOMS	unresolved	
Jonathan Simkhai	unresolved	
JOLLEO	unresolved	
Jones New York	unresolved	
TOMORROWLAND	unresolved	
Jonathan Cohen	unresolved	
TomShot	unresolved	
Jonsson Workwear	ats	greenhouse
Toni Brattin Hair Fabulous	unresolved	
Jones Bootmaker	unresolved	
JoosTricot	unresolved	
tone	unresolved	
Jones Road Beauty	unresolved	
Toni Lopez	unresolved	
Jonak-Paris	unresolved	
Toni Pons	unresolved	
Toni Sailer	unresolved	
Tonino Lamborghini Spa	unresolved	
Tonn	unresolved	
Jordan Samuel Skin	unresolved	
Johnstons of Elgin	generic	generic-listing
Tonno Panna	unresolved	
Jordan	unresolved	
Tonsure	unresolved	
JoReMillinery	unresolved	
Tony Moly	unresolved	
Too High To Die	unresolved	
JOOP!	unresolved	
Too Hot To Hide	unresolved	
Tools BC 8000	unresolved	
Toouch	unresolved	
Jordache	unresolved	
Top Charoen	unresolved	
Jos Alukka & Sons	unresolved	
Jordache Enterprises  Inc.	unresolved	
Top to Bottom	unresolved	
Jones Snowboards	unresolved	
Top Secret	unresolved	
Top3 Shoes	unresolved	
Topicals	unresolved	
Topaz Boutique Swim	unresolved	
Topman	unresolved	
Topshop	unresolved	
TopSport	unresolved	
Joseph	unresolved	
TOPVALU	unresolved	
Topten	unresolved	
Josco Jewellers	unresolved	
TOPTOP	unresolved	
JOSE SAENZ	unresolved	
Toral	unresolved	
Jose Luis Joyerias	unresolved	
Toral Shoes	unresolved	
TORANNCE	unresolved	
Josephine & Joe	unresolved	
Johnston & Murphy	unresolved	
TOREAD	unresolved	
Torpedo7	unresolved	
Jose Real	unresolved	
Josh Rosebrook	unresolved	
Torga Optical	unresolved	
JOSH V	unresolved	
Joseff of Hollywood	unresolved	
TORRAIN	unresolved	
Tory Burch	unresolved	
Jos. A. Bank Clothiers	unresolved	
Torrid	unresolved	
Jost	ats	recruitee
Tory Burch	unresolved	
Josef Seibel	unresolved	
Tos Gallery Design	unresolved	
Totême	ats	teamtailor
Toscane	unresolved	
Joslin	unresolved	
Toschi	unresolved	
Toskovat'	unresolved	
Totally Workwear	unresolved	
TOSWIM	unresolved	
Totalsports	unresolved	
Towa	ats	personio
Jouer Cosmetics	unresolved	
Tote&Carry	unresolved	
TOTÉMICA	unresolved	
Totto	unresolved	
Touch Body Works	unresolved	
Josephine & Co Amsterdam	unresolved	
Touch Me Not	unresolved	
Touchland	unresolved	
Joules	unresolved	
Touché Privé	unresolved	
Tourneau	unresolved	
Tous	unresolved	
Touz Moda	unresolved	
TOVE	unresolved	
Jostar Online	unresolved	
Toye  Kenning & Spencer	unresolved	
TQ Amsterdam	unresolved	
Tradition by WEIS	ats	smartrecruiters-whitelabel
Track & Field	unresolved	
Trachten	unresolved	
Tracksmith	unresolved	
Trade Secrets	unresolved	
Tradehome Shoes	unresolved	
Transmission	ats	recruitee
Trades of Brit	unresolved	
Jouer Studios	unresolved	
Trafalgar	unresolved	
Trafic	unresolved	
Josip Tumapa Design	unresolved	
Journeys	unresolved	
traffic people	unresolved	
Traki	unresolved	
Tramplemousse	unresolved	
Jovani Fashion	unresolved	
JOURNAL STANDARD	unresolved	
Jovi Rose Skin	unresolved	
Trago Mills	unresolved	
Joya Diseño	ats	greenhouse
Tramontana	unresolved	
Trands	unresolved	
Tranquil Touch LLC	unresolved	
TRANS WORK	unresolved	
TransTape	unresolved	
TRAP GENIUS	unresolved	
Joseph Ribkoff	unresolved	
Trapstar	unresolved	
TravisMathew	unresolved	
Joyce&Girls	unresolved	
Trax	unresolved	
Tread & Butter	unresolved	
Treading Water Perfume	unresolved	
JOSINY	unresolved	
Tredy	unresolved	
TreCeuticals	unresolved	
tredy Fashion	unresolved	
Tree Bottle USA	unresolved	
Joshua Tree Mug Company	unresolved	
Jovoy	unresolved	
Tree of Life	unresolved	
Treehut	unresolved	
Treekid	unresolved	
Treelance Yoga	unresolved	
Treesizeverse	unresolved	
TREMBLEPIERRE	unresolved	
TREBIUS VALENS	unresolved	
Trenbee	unresolved	
Trendsplant	unresolved	
Trendy	unresolved	
Trendyol	unresolved	
Treo Organics	unresolved	
Tresanti	unresolved	
Journelle	unresolved	
Joyerías Bizzarro	unresolved	
Tresor	unresolved	
Joyalukkas	generic	generic-listing
Trespass	unresolved	
Tresse Paris	unresolved	
Tretorn	unresolved	
Joy	unresolved	
JOYN	unresolved	
Treve	unresolved	
Trek	unresolved	
Tri Colour Federation	unresolved	
Triaction	unresolved	
Triana	unresolved	
Jubilee Couture	unresolved	
Triangl	unresolved	
Triangle Fragrance	unresolved	
JOTT	unresolved	
Triarchy	unresolved	
Jubitom	unresolved	
Tribe australia	unresolved	
Tribe Lacrosse	unresolved	
Tricoci Collection	unresolved	
Judas Sinned	unresolved	
TRICOCI SKIN	unresolved	
Jack & Jones	unresolved	
Tricoci University of Beauty Culture	unresolved	
JS Watch Reykjavík	unresolved	
Trixie Cosmetics	ats	personio
Judith Leiber	unresolved	
Trigema	unresolved	
Trilane	unresolved	
Trilastin	unresolved	
Trilipiderm	unresolved	
Juan-Jo Gallery	unresolved	
Trillion Skincare	unresolved	
Trina Turk	unresolved	
Jubel	unresolved	
Juice Beauty	ats	teamtailor
Triola	unresolved	
TRIP1	unresolved	
Tropicfeel	ats	teamtailor
Triple2	unresolved	
Tripulse	unresolved	
JUICY COUTURE	unresolved	
Triumph	unresolved	
JP1880 Menswear	generic	generic-listing
Triya	unresolved	
Troentorp Clogs	unresolved	
Trollkids	unresolved	
Troop Sport	unresolved	
Trophy Clothing	unresolved	
TrophyCatch Supply	unresolved	
TROPIC OF C	unresolved	
JudyDoll	unresolved	
Tropic Skincare	unresolved	
Juchheim Cosmetics	generic	generic-listing
Trotters	unresolved	
Troubadour	unresolved	
Trovata	unresolved	
Tru Alchemy	unresolved	
Tru Virtu	unresolved	
JULIA JUNE	unresolved	
Trubillion	unresolved	
True Beauty Lashes  Inc.	unresolved	
JULIA LEIFERT	unresolved	
Jujiya	unresolved	
TRUE BODY	unresolved	
True Botanicals	unresolved	
TRUE COLOR by Ann	unresolved	
True Colour Beauty	unresolved	
Jugaad14	unresolved	
True Decadence	unresolved	
JulieMay	unresolved	
True Grit Grooming Products for Men	unresolved	
True Heart Products	unresolved	
True Nature Skincare	unresolved	
True Religion	unresolved	
Trussardi	ats	teamtailor
True Touch Collections LLC	unresolved	
True Tribe	unresolved	
Joyya	unresolved	
True Wipes	unresolved	
True&Co.	unresolved	
Truelle Cosmetics	unresolved	
trueprodigy	unresolved	
Truly Lifestyle Brand	unresolved	
Truly Linen	unresolved	
Julep Beauty	unresolved	
TruSelf Organics	unresolved	
TruSkin Naturals	unresolved	
Trust Fund Beauty	unresolved	
Truworths	unresolved	
JULI DANS JEWELS	unresolved	
TRVL by ZENGGI	unresolved	
TRVL DRSS	unresolved	
TSAU	unresolved	
Julien Brandt	unresolved	
TSL	unresolved	
TSL	unresolved	
Julie & Grace	ats	personio
TSPTR	unresolved	
Tsu Lange Yor	unresolved	
July To June	unresolved	
July Twenty	unresolved	
Tsuruya	unresolved	
Tsumori Chisato	unresolved	
Julietè Skin Rituals	unresolved	
Tsuruya Department Store	unresolved	
Tsutsumi	unresolved	
JUNAROSE	unresolved	
Jumperfabriken	unresolved	
Tulip	ats	greenhouse
Juliette Has a Gun	unresolved	
Tu Lizé	unresolved	
Tubby Todd Bath Co.	unresolved	
Tubelaces	unresolved	
Julbo	unresolved	
Jungkraut	unresolved	
Julius Marlow	unresolved	
Tuc Tuc	unresolved	
Tucann	unresolved	
Tucano	unresolved	
Tuckerman & Co	unresolved	
June79	unresolved	
Tudor	unresolved	
Tuhkana Swimwear	unresolved	
Junior League	unresolved	
TuiKauri	unresolved	
Tukuy	unresolved	
Tulita	unresolved	
Tultex	unresolved	
Tumble 'N Dry	unresolved	
Tumbleweed + Thyme for Men	unresolved	
Tumi	unresolved	
Turnbull & Asser	unresolved	
TURO	unresolved	
Turo Tailor	unresolved	
Turtledove	unresolved	
Turtledove London	unresolved	
Julien d’Orcel	unresolved	
Jungmaven	unresolved	
Tuscany Leather	unresolved	
Tutete	unresolved	
Tutti & Co.	unresolved	
Tutti Rouge	unresolved	
JUNK PLASTIC REHAB	unresolved	
Junior Kids	unresolved	
TVOE	unresolved	
Jumper Maybach	unresolved	
Tutu Du Monde	unresolved	
Juniper Ridge	unresolved	
tutuanna	unresolved	
Tweak'd By Nature	unresolved	
Tween Brands	unresolved	
Two Blooms & Co	ats	teamtailor
Twenty Montreal	unresolved	
Two Little Beans & Co	ats	teamtailor
Two Lumps of Sugar	ats	teamtailor
Twentyfour	unresolved	
Two Peas Organics	ats	teamtailor
TWICE AS NICE	unresolved	
Two Sisters Spa	ats	teamtailor
TWILFIT	unresolved	
Two Sparrow Australia	ats	teamtailor
Two Way	ats	teamtailor
TWO WOMEN TWO MEN	ats	teamtailor
Twilfit	unresolved	
Twinlife	unresolved	
Two-Bi Studiolabwork	ats	teamtailor
Twins & Trackstyle	unresolved	
Twinset	unresolved	
Junk De Luxe	unresolved	
Twist&Tango	unresolved	
Twisted Tailor	unresolved	
TWO2GUYS	unresolved	
Jurlique	unresolved	
TWOTHIRDS	unresolved	
Ty Balm	unresolved	
Tychea Skin Care	unresolved	
Junya Watanabe	unresolved	
TYGO & vito	unresolved	
Tyler McGillivary	unresolved	
Junona	unresolved	
typeshirts	unresolved	
TYPO	unresolved	
Tyler Ellis	unresolved	
Jupiter	unresolved	
Tzol'Skin	unresolved	
Tzoma	unresolved	
U-MASK	unresolved	
U.Mi-1	unresolved	
Jupe by Jackie	unresolved	
Jubel Naturals	unresolved	
U/TI	unresolved	
Ua Hawaii	unresolved	
Just Bubbly	unresolved	
UASHMAMA	unresolved	
UB2	unresolved	
Just Cool by AWDis	unresolved	
ÚCHÈ	unresolved	
UCHINO	unresolved	
Josette la Chouette	unresolved	
Just Female	unresolved	
Ucon Acrobatics	unresolved	
UGG	unresolved	
Ugo Cacciatori	unresolved	
Just For Teens	unresolved	
Jungle Folk	unresolved	
uhlsport	unresolved	
Uhr	unresolved	
Just Bee Queen	unresolved	
JUST B DIFFERENT	unresolved	
Ukiyo	unresolved	
Just Jeans	unresolved	
Ukrzoloto	unresolved	
Just in Case	unresolved	
JUSGLITTY	unresolved	
Just Over the Top	unresolved	
ul:kin	unresolved	
Ulalü	unresolved	
Ulanka	unresolved	
Ubras	unresolved	
Ulla Johnson	unresolved	
Just Junkies	unresolved	
Ulla Popken	unresolved	
Uma Parker	ats	wttj
Ulla Popken	unresolved	
Just Bite Me	unresolved	
uLOOK	unresolved	
Ulta Beauty	unresolved	
Ultima II	unresolved	
Just Watches	unresolved	
Ultimate Direction	unresolved	
ULTRA Diamonds	unresolved	
Ultrabasic	unresolved	
Ultraceuticals	unresolved	
Juste Elles	unresolved	
Ultras Sportswear	unresolved	
Ulvang	unresolved	
Justfab	unresolved	
Ulysse Nardin	unresolved	
Uma Raquel Davidowicz	unresolved	
Justine B	unresolved	
Just Peachy	unresolved	
Just Cavalli	unresolved	
Umbrella Ink Merch	unresolved	
Umbro	unresolved	
Umòja Shoes	unresolved	
justine tabak	unresolved	
Un Jeu D'échecs	unresolved	
JUTELAUNE	unresolved	
UN JOUR AILLEURS	unresolved	
Just the Goods	unresolved	
UN3D	unresolved	
Una Pluma	unresolved	
Unaloe	unresolved	
Unbelts	unresolved	
UNBORN	unresolved	
UNCL	unresolved	
Justbagzz	unresolved	
Uncle Harry's Natural Products	unresolved	
JUST THIS - Feminine Care EST 2024	unresolved	
Uncle Sam	unresolved	
Uncle Studios	unresolved	
Uncommon Beauty	unresolved	
Justine Clenquet	unresolved	
UNCS	unresolved	
UndeadMagpie	unresolved	
Just Sports	unresolved	
undefeated	unresolved	
Undiz	ats	teamtailor
Undefined Beauty	unresolved	
Juul & Belle	unresolved	
Under Armour	unresolved	
Under the Canopy	unresolved	
Under The Nile	unresolved	
Juwelier Junghähnel	unresolved	
Underblue	unresolved	
Juvia	unresolved	
Undercover	unresolved	
Underground Threads	unresolved	
JUVA Haircare	unresolved	
Underprotection	unresolved	
UNDERSON UNDERSON	unresolved	
Juwelier Rüschenbeck	unresolved	
JUWELIER MILENA WILMSEN	unresolved	
Understatement	unresolved	
Undersummers	unresolved	
Juwelier van Koningsbruggen	unresolved	
Undress Code	unresolved	
Juvenia	unresolved	
une nana cool	unresolved	
Une Nuit Nomade	unresolved	
Une Piece	unresolved	
Juvia's Place	unresolved	
Unearthly Cosmetics	unresolved	
Unfeigned	unresolved	
Unfrosen	unresolved	
Unfair Athletics	unresolved	
JW Anderson	unresolved	
Ungrid	unresolved	
Unhidden	unresolved	
Jx & Co	unresolved	
Juwelier Voegele	unresolved	
Uni-UStyle Department Store	unresolved	
UNIQUE 21	ats	personio
UNICE	unresolved	
Unichel	unresolved	
Juwelenkind	unresolved	
UNIF	unresolved	
Uniform Destination	unresolved	
UNIKSPACE	unresolved	
Uniform Bridge	unresolved	
Juwelier Ellert	unresolved	
UNINFLUENCED	unresolved	
Juwelier Rubin	unresolved	
Union Horlogère SA	unresolved	
K by Kaia	unresolved	
United Colors of Benetton	ats	smartrecruiters-whitelabel
K and Q Empire	unresolved	
union launch	unresolved	
JVN Hair	unresolved	
Juwelier Willer	unresolved	
UNIQ	unresolved	
Uniqlo	unresolved	
JW Pei	unresolved	
Unisa	unresolved	
Unisa Europa	unresolved	
UNISONO	unresolved	
Unit 1	unresolved	
K-Swiss	unresolved	
United Arrows	unresolved	
United By Blue	unresolved	
UNITED TOKYO	unresolved	
UNITS	unresolved	
JYano Hair Care	unresolved	
Universal Flowering	unresolved	
K-Way	unresolved	
Universal Genève	unresolved	
UNIVERSAL OVERALL	unresolved	
Universal Standard	unresolved	
Universal Store	unresolved	
Universal Works	unresolved	
Unknown	unresolved	
K M by L A N G E	unresolved	
UNLESS Collective	unresolved	
UNLINED	unresolved	
Unmade	unresolved	
UNO DE 50	unresolved	
K+K Schuh-Center	unresolved	
K18 Biomimetic Hairscience	unresolved	
K-3	unresolved	
Unpaste	unresolved	
Uno due	unresolved	
Unreal Fur	unresolved	
UNRL	unresolved	
Unrobe	unresolved	
Unseen footwear	unresolved	
Unravel Project	unresolved	
Ka-Sha	unresolved	
K-SWISS	unresolved	
Untamed	unresolved	
UNTITLED	unresolved	
UNTITLED COLLECTIVE	unresolved	
Kabak	unresolved	
K Sahai	unresolved	
Untold Jewellery	unresolved	
K-way	unresolved	
KAAL	unresolved	
Upfront Cosmetics	ats	recruitee
Untold Stories	unresolved	
Untouched Underwear	unresolved	
Untouched World	unresolved	
Untoxicated Skincare	unresolved	
UnTuckIt	unresolved	
UomoSport	unresolved	
Up & Running	unresolved	
Up-Fuse	unresolved	
UpcycleLino	unresolved	
UpcycleLuxe	unresolved	
Juniper & Pine Organics	unresolved	
UPIM	unresolved	
KA & Riah	unresolved	
UpNature	unresolved	
Uptown Girl Headwear	unresolved	
KAFFE	unresolved	
Uptown Studio Designs	unresolved	
Jyoti - Fair Works	unresolved	
UPWear	unresolved	
UpWest	unresolved	
Ur&Penn	unresolved	
Urban Baby Co.	unresolved	
Urban Classics	unresolved	
Urban Decay	unresolved	
JENNIFER BEHR	unresolved	
Urban Goddess	unresolved	
Urban Industry	unresolved	
Kagure - かぐれ	unresolved	
Urban Kids	unresolved	
Kahina Giving Beauty	unresolved	
Urban Medley	unresolved	
Kaiko	ats	personio
URGO Beauty	ats	wttj
Urban Originals	unresolved	
Urban Outfitters	unresolved	
kaene	unresolved	
Urban Planet	unresolved	
URBAN RESEARCH	unresolved	
kaes.	unresolved	
Urban Revivo	unresolved	
Urban Savage	unresolved	
Urban Skin Rx	unresolved	
urbancoolab	unresolved	
Urbangift	unresolved	
Urbanica	unresolved	
URLAZH	unresolved	
US Blanks	unresolved	
Kaenon Polarized	unresolved	
US Polo Assn.	unresolved	
Usaato	unresolved	
UsedLux	unresolved	
Kaai	unresolved	
Kala Fashion	unresolved	
Usha clothing	unresolved	
USC	unresolved	
USHI	unresolved	
kai	unresolved	
Kalaika	unresolved	
Uskees	unresolved	
KADUY	unresolved	
KAI AND KOA	unresolved	
Utekos	unresolved	
Uterqüe	unresolved	
Kalenji	unresolved	
Usaflex	unresolved	
UTrano	unresolved	
Kaimana	unresolved	
V.I.M.	ats	greenhouse
Utu	unresolved	
UVEEKAI	unresolved	
Uviña Skin	unresolved	
UVR Berlin	unresolved	
UVU	unresolved	
KAILAS	unresolved	
UY Studio	unresolved	
Uyn	unresolved	
Uyn Sports	unresolved	
Uzurii	unresolved	
V Perfumes	unresolved	
V.GAN	unresolved	
Va bene	unresolved	
Kalamargam	unresolved	
Vacation®	unresolved	
Vagabond	unresolved	
Vaida Petreikis	unresolved	
Vaincourt Paris	unresolved	
K-BOXING	unresolved	
Kama Fashion & Function	unresolved	
Vakrata	unresolved	
Kalaurie	unresolved	
Kali Shoes	unresolved	
Valani	unresolved	
Valdé Beauty	unresolved	
Kalishka's Store	unresolved	
Valecuatro	unresolved	
VALEGE	unresolved	
Valentina Karellas	unresolved	
Valentina Karnoubi	unresolved	
Kaltur	unresolved	
KAMILLA PURSHIE	unresolved	
Vacheron Constantin	unresolved	
Kampos	unresolved	
Valentino by Mario Valentino	unresolved	
VALERIAN HUGHES	unresolved	
Valery Joseph Hair Care Inc.	unresolved	
Kaipuni	generic	generic-listing
Valero Pearls	unresolved	
Kanazawa Marukoshi Department Store	unresolved	
VALET Studio	unresolved	
Kandaka Safia	unresolved	
Valley Apparel L.L.C.	unresolved	
KangaROOS	unresolved	
Valleygirl	unresolved	
Valliani Jewelers	unresolved	
Valmano	unresolved	
Val Kristopher	unresolved	
Vama	unresolved	
Kanna Shoes	unresolved	
Vampire Emu	unresolved	
Van Bommel	unresolved	
Van Cleef & Arpels	unresolved	
Kant-Garage	unresolved	
KANAKO SAKAI	unresolved	
Van Dal	unresolved	
Kalyan Jewellers	generic	generic-listing
Valentino Beauty	unresolved	
Van Gils	unresolved	
Kaneea	unresolved	
VAN GRAAF	unresolved	
Van Harper	unresolved	
Van Heusen	unresolved	
Van Heusen	unresolved	
Kaon	unresolved	
van Laack	unresolved	
Kaft	unresolved	
Van Lier	unresolved	
Kangol	unresolved	
Kaos	unresolved	
Van Lier Shoes	unresolved	
Vanacci	unresolved	
Vander Amsterdam	unresolved	
KAPDAA	unresolved	
Vanessa Bruno	unresolved	
Vanessa Wu	unresolved	
Vanguard	unresolved	
vanHaren	unresolved	
Vanilia	unresolved	
Vanina	unresolved	
Vans	unresolved	
Kantha Bae	unresolved	
Kamoa	unresolved	
Vaquera	unresolved	
Vargu	unresolved	
Variety Hour	unresolved	
Variously	unresolved	
Kaporal	unresolved	
Varley	unresolved	
KANTJEBOORD	unresolved	
VASKY	unresolved	
Vastra India	unresolved	
VATIRA	unresolved	
Kappa	unresolved	
KANGOL Japan	unresolved	
Kaotiko	unresolved	
Kapten & Son	generic	generic-listing
VATTER	unresolved	
VEJA	ats	wttj
Vaucher manufacture Fleurier	unresolved	
VAUDE	unresolved	
Vecona Vintage	unresolved	
KAPLAN MD BEVERLY HILLS	unresolved	
kara beauty	unresolved	
VeeCollective	unresolved	
Kapital	unresolved	
Vedi Beauty	unresolved	
Kamik	unresolved	
VEGAMOUR LLC	unresolved	
Vegan Luxe Esthetics Skincare	unresolved	
VeganeseTees	unresolved	
Veganologie	unresolved	
VegasRabbitClothing	unresolved	
Vegetarian Shoes	unresolved	
Veka	unresolved	
Vekem	unresolved	
Veldskoen	unresolved	
Vélez	unresolved	
KAPOK KNOT	unresolved	
Vellion	unresolved	
Velvet Canyon	ats	smartrecruiters-whitelabel
Kanzler	generic	generic-listing
Velocio	unresolved	
Velour and Vellum	unresolved	
Velvet by Graham&Spencer	unresolved	
Velveteen	unresolved	
Ventana	ats	greenhouse
Venezia	unresolved	
Karen by Simonsen	unresolved	
Velvet & Sweet Pea's Purrfumery	unresolved	
Karen Millen	unresolved	
Venroy	unresolved	
Karen Thomas	unresolved	
Ventesima Strada	unresolved	
Karengee	unresolved	
Velvet Eyewear	unresolved	
Vera Mont	unresolved	
Velvet Heartbeat	unresolved	
Verandah	unresolved	
Verbenas	unresolved	
Kara Van Petrol	unresolved	
VENN	unresolved	
KARA	unresolved	
Vercelli	unresolved	
Vera Bradley	unresolved	
VERA WANG	unresolved	
Veritas	ats	recruitee
VERED organic botanicals	unresolved	
Verena von Eschenbach	unresolved	
Veriphy Skincare	unresolved	
Veritas Bespoke	ats	recruitee
Véritécoeur	unresolved	
VERMONT	unresolved	
Vermut Atelier	unresolved	
Kari	unresolved	
Kari Kids	unresolved	
Vernisse	unresolved	
Verona Jewelry	unresolved	
Veronica Gautschi	unresolved	
Verdura	unresolved	
VersaSpa	unresolved	
Joe Merino	unresolved	
Versed	unresolved	
Karhu	unresolved	
Vertbaudet	unresolved	
Kappahl	unresolved	
Karen Walker	unresolved	
VERTEO LUXURY	unresolved	
Versȧtile Paris	unresolved	
Kalina	unresolved	
Kari Traa	unresolved	
Vertere Berlin	unresolved	
Vertiche	unresolved	
Karl Kani	ats	teamtailor
Karen Kane	unresolved	
Veronica Beard	ats	greenhouse
Vertigo Paris	unresolved	
Vertmax Design	unresolved	
Very	unresolved	
Kari Gran	unresolved	
Karl Lagerfeld	ats	teamtailor
Karko	unresolved	
Vero Moda	unresolved	
Karl Marc John	ats	teamtailor
KARL LAGERFELD	ats	teamtailor
VESHH-EON	unresolved	
Karl Rieker	ats	teamtailor
Karin Rom	unresolved	
Vesica Piscis	unresolved	
Karin & Stefan	unresolved	
Vessi	unresolved	
KARMA AND LUCK	unresolved	
VESTIGE	unresolved	
Vesl Studio	unresolved	
Karine Arabian	unresolved	
Vestopazzo	unresolved	
Karma Kameleon	unresolved	
Vestal Watches	unresolved	
VIA	ats	greenhouse
Karmyliege	unresolved	
Via Appia	ats	greenhouse
KARINE AUGIS	unresolved	
Vestrum	unresolved	
Vetements	unresolved	
Via di Gioia	ats	greenhouse
VIA VAI	ats	greenhouse
Vexed Generation	unresolved	
VF Corporation	unresolved	
Vialis	ats	recruitee
Very True Tattoo	unresolved	
VFILES	unresolved	
VFL BOCHUM FANSHOP	unresolved	
Karrimor Japan	unresolved	
Kartel	unresolved	
VG Sara x	unresolved	
KarlaCola	unresolved	
Karité	unresolved	
VGRASS	unresolved	
VIA APPIA DUE	ats	greenhouse
VH Skincare by Vanessa Hernandez	unresolved	
VHUES Beauty	unresolved	
Victoria	ats	personio
Viable Vegans	unresolved	
VICTORIA (LUGGAGE)	ats	personio
ViaMailBag	unresolved	
Victoria Slavinskaia	ats	personio
Vibe Harsløf	unresolved	
Victoria Beckham	ats	personio
Victoria's Secret	ats	personio
Vib's	unresolved	
Karoline Vitto	unresolved	
ViBi VENEZiA	unresolved	
Vibram	unresolved	
Vic Matie	unresolved	
Vice & Virtue	unresolved	
ViCOLO	unresolved	
Karmavore	unresolved	
Kariyushi shirt	unresolved	
Vicomte A.	unresolved	
Vibram FiveFingers	unresolved	
Victorian Organics	unresolved	
Victorinox	unresolved	
Kask	unresolved	
Victorio & Lucchino	unresolved	
VictorVictoria	unresolved	
Kastlfel	unresolved	
KASH	unresolved	
Victus Sports	unresolved	
VIDAL & VIDAL	unresolved	
Kascha-C	unresolved	
KARMAMIA	generic	generic-listing
Vidorreta	unresolved	
Victory Lab	ats	greenhouse
Kashket & Partners	unresolved	
VIERI	unresolved	
Vietopia	unresolved	
Vigo Swim	unresolved	
Vigoss Jeans	unresolved	
Kat Maconie	unresolved	
Viguera	unresolved	
Kashmir Pink®	unresolved	
Village Leathers	ats	greenhouse
VIHE	unresolved	
kataoka jewelry	unresolved	
KATE BARTON	ats	personio
Kashmiria fashion	unresolved	
Kate Garey	ats	personio
Viking	unresolved	
Viking Footwear	unresolved	
Kate Lee	ats	personio
Viktor&Rolf	unresolved	
Viktoria and Woods	unresolved	
VIKE	unresolved	
VILA	unresolved	
Vilebrequin	unresolved	
Vilet	unresolved	
Vilagallo	unresolved	
Kate Quinn	ats	personio
Kate Sheridan	ats	personio
Vild House of Little	unresolved	
Villages	unresolved	
Villaro	unresolved	
village thrive	ats	greenhouse
Vince	unresolved	
Vincent Pradier	unresolved	
Kate McLeod	ats	greenhouse
Vinci Leather	unresolved	
Kastinger	unresolved	
Kate Spade New York	ats	personio
Vincija Swim	unresolved	
VINEVIDA	unresolved	
Vince Camuto	unresolved	
Kate's Magik	ats	personio
Vingino	unresolved	
Kate Sylvester	ats	personio
Vintage Handmade	unresolved	
Kate Spade	ats	personio
Katie Loxton	ats	teamtailor
Vintage industries	unresolved	
Vintalia	unresolved	
Vintique Custom Design	unresolved	
Vintner's Daughter	unresolved	
Vintage Spirit Designs	unresolved	
VIOLETTE_FR	unresolved	
KasuReKids	unresolved	
Viori	unresolved	
Katharine Hamnett	unresolved	
Katini Skin	unresolved	
Vionic	unresolved	
Katla	unresolved	
Violet Botanical Skincare LLC	unresolved	
Vineyard Vines	unresolved	
VisionLab	ats	smartrecruiters-whitelabel
VIP COLLECTION	unresolved	
Vira	unresolved	
virblatt	unresolved	
VIRUS International	unresolved	
Virginskin	unresolved	
VISCATA	unresolved	
Visha Skincare	unresolved	
Vishes Design GmbH	unresolved	
Katherine Parr	unresolved	
Visilab	unresolved	
Vision Express	unresolved	
Vision Source	unresolved	
Vissla	unresolved	
VISTULA	unresolved	
Kat Burki	unresolved	
Kavat	ats	teamtailor
Vistula	unresolved	
KATTAN	unresolved	
Vitamin A	ats	teamtailor
visvim	unresolved	
Vital	unresolved	
KAVU	unresolved	
Vita Kin	unresolved	
Katy Perry	unresolved	
VitalFit	unresolved	
Visionworks of America	unresolved	
Vita Grace	unresolved	
VITIV	unresolved	
Vitkac	unresolved	
Vitos 1925	unresolved	
Vitaly	unresolved	
Vitasana	unresolved	
Karo Kauer	unresolved	
Viu	unresolved	
Vivobarefoot	ats	teamtailor
Viu Eyewear	unresolved	
VIVAIA	unresolved	
Viva Health Skincare	unresolved	
Vivara	unresolved	
VIVAIODAYS	unresolved	
Vlisco	ats	teamtailor
Vive Maria	unresolved	
Vivéa Skincare	unresolved	
Viveh	unresolved	
Viverano	unresolved	
VIVIANO	unresolved	
VIVICHO	unresolved	
KAY Jewelers	ats	workday
Viyella	unresolved	
Viyella	unresolved	
Vizio Makeup Academy	unresolved	
Vlieger & Vandam	unresolved	
KATKIM	unresolved	
VM Cosmetics	unresolved	
Voce Haircare	unresolved	
Kaylaan	unresolved	
Voile blanche	unresolved	
VOIT	unresolved	
Kathmandu	generic	generic-listing
Kayu	unresolved	
Voir Haircare	unresolved	
Volanlı	unresolved	
Kazani	unresolved	
Volcano	unresolved	
Kaufhaus Stolz	generic	generic-listing
Volchok	unresolved	
Volcom	unresolved	
KAY KONECNA STUDIO	unresolved	
Vivoderm Natural Skincare	unresolved	
KD New York	unresolved	
Vollebak	unresolved	
Kappa	unresolved	
Volley	unresolved	
Volt	unresolved	
Keds	unresolved	
Voltage Sport	unresolved	
Von Ruz	unresolved	
von Holzhausen	unresolved	
Von&Zu	unresolved	
Voodoo Makeup	unresolved	
Keedo	unresolved	
KEEN	ats	greenhouse
Kayrose	unresolved	
VOR	unresolved	
Vostok Europe	unresolved	
Vottera	unresolved	
Voulez-Vous	unresolved	
Vovk	unresolved	
VOZ	unresolved	
Kaviar Gauche	generic	generic-listing
VPL	unresolved	
Kazna Asker	unresolved	
Vuori	ats	greenhouse
VRAI	unresolved	
KAZARTT	unresolved	
VREA Cosmetics	unresolved	
Keeyahri	unresolved	
Von Zipper	unresolved	
VSARNNI	unresolved	
KDLR Beauty Labs	unresolved	
VSP	unresolved	
Kefi Essentials	unresolved	
Vuarnet	unresolved	
Vulé Skin	unresolved	
Vostok watches	unresolved	
Kazar	generic	generic-listing
Kastner & Öhler	generic	generic-listing
VulgarTees	unresolved	
Vyalure	unresolved	
Keefirivunts	unresolved	
VYAYAMA	unresolved	
Keikyu Department Store	unresolved	
Vyom London	unresolved	
w.kleinberg	unresolved	
Kat The Label	unresolved	
Keep Pursuing	unresolved	
W.KRUK	unresolved	
W.Management	unresolved	
W6yz	unresolved	
VRG GRL	unresolved	
WA:IT	unresolved	
WACCOWACCO	unresolved	
Wacoal	unresolved	
Vtmnts	unresolved	
WAHTS	unresolved	
KEHLEIA	unresolved	
Waidzeit	unresolved	
WAIWAI Rio	unresolved	
WAJD Fragrances	unresolved	
Wakayama Kintetsu Department Store	unresolved	
Wakkatoa	unresolved	
Wako	unresolved	
WAL G.	unresolved	
Walbusch	unresolved	
WALD Berlin	unresolved	
Wal & Pai	unresolved	
Keep	unresolved	
WALDLÄUFER	unresolved	
Keith and James	unresolved	
Wales Bonner	unresolved	
Walk Heart Espadrilles	unresolved	
Kekäle	unresolved	
Walk in the Park	unresolved	
kempa	unresolved	
WALK LONDON	unresolved	
Walkers Natural Body Care	unresolved	
Keio Department Store  Shinjuku	unresolved	
Kenari	unresolved	
Walkiddy	unresolved	
Keio Department Store	unresolved	
Walking Through Flowers	unresolved	
Walkking's	unresolved	
Wallace Bishop	unresolved	
Walking on a Cloud	unresolved	
Wallace Cotton	unresolved	
WALLIEN	unresolved	
Wallis	unresolved	
Wallis Evera	unresolved	
Walls	unresolved	
Wally's Natural	unresolved	
Walmart	unresolved	
Walsh	unresolved	
Keisei Department Store	unresolved	
Walundi	unresolved	
Walveey	unresolved	
WAMDENIM	unresolved	
WAMA	unresolved	
WAMA Underwear	unresolved	
Wandler	unresolved	
Wander Beauty	unresolved	
Wanderflower	unresolved	
Warby Parker	unresolved	
WANT Les Essentiels	unresolved	
Wardruna	unresolved	
Warehouse	unresolved	
Kenny Flowers	unresolved	
WARDROBE.NYC	unresolved	
Warehouse shoe sale	unresolved	
Warmbat	unresolved	
Warner's	unresolved	
Warren James	unresolved	
Water Air Industry	ats	personio
WARRIOR / HUILI	unresolved	
Water Works	ats	personio
Kenneth Jay Lane	unresolved	
Warrior	unresolved	
KENT	ats	personio
Warrior Shanghai	unresolved	
Kent & Curwen	ats	personio
Kenny Parker Label	unresolved	
Warriors of the Divine	unresolved	
KENZO	unresolved	
Washi-Tech	unresolved	
Kenny S.	unresolved	
Kering Beauté	ats	eightfold
Wasted Atelier	unresolved	
Kendra Scott	generic	generic-listing
Wasted Paris	unresolved	
Kerbholz	unresolved	
WAT THE BRAND	unresolved	
Kennel & Schmenger	generic	generic-listing
WAT? APPAREL	unresolved	
WATCH & DIAMONDS by Kiss	unresolved	
Watch Depot	unresolved	
Kesou	unresolved	
Watercult	unresolved	
Waterfall Glen Soap Company	unresolved	
Waterlust	unresolved	
Kettner	unresolved	
Kendall + Kylie	unresolved	
Watson & Wolfe	unresolved	
Kevin Jewelers	ats	personio
WAUW CAPOW	unresolved	
Kevin O'Brien Studio	ats	personio
WAUW CAPOW by Bangbang Copenhagen	unresolved	
Key Largo	ats	teamtailor
WAWWA	unresolved	
KEVINGSTON	unresolved	
WAX/FAUVE KARL OORTS	unresolved	
Wax London	unresolved	
Waxing the City	unresolved	
WAXON	unresolved	
Kensol	unresolved	
Way Natural	unresolved	
Kerosene	unresolved	
wayre	unresolved	
khadi & co	unresolved	
WE	unresolved	
We are HAH	unresolved	
We Are Kin	unresolved	
We Are Kindred	unresolved	
We are knitters	unresolved	
WE ARE WE WEAR	unresolved	
WE Fashion	unresolved	
KESSLER	unresolved	
WE Fashion	unresolved	
We Got Cookies	unresolved	
Weekday	ats	recruitee
We Love Eyes	unresolved	
We Rock.	unresolved	
WE-AR	unresolved	
Wehkamp	ats	smartrecruiters-whitelabel
KEYPER	unresolved	
WE-AR4	unresolved	
Wear London	unresolved	
Wear Your Love	unresolved	
Wearable Verbiage	unresolved	
Kenneth Cole Productions	unresolved	
WEARECPH	unresolved	
WeAreNativ	unresolved	
WEAT	unresolved	
Webbers	unresolved	
Weekend Max Mara	unresolved	
KHRISJOY	unresolved	
Weekend Offender	unresolved	
WEGO	unresolved	
Weill	unresolved	
Kérastase	unresolved	
Khasto	unresolved	
Weird Fish	unresolved	
Weis	unresolved	
Wekusko Wild Boreal Skincare	unresolved	
Kiabi	ats	smartrecruiters-whitelabel
Welden Bags	unresolved	
Weleda	unresolved	
Well People	unresolved	
KEER	unresolved	
Wellensteyn	unresolved	
Well Read Company	unresolved	
Khawaja	unresolved	
WellFit	unresolved	
Wellicious	unresolved	
Khaadi	generic	generic-listing
Wellington of Bilmore	unresolved	
Wellness Matters Most	unresolved	
Wellnesse	unresolved	
Wells	unresolved	
Welter Shelter	unresolved	
Wemoto	unresolved	
Wendy Buiter	unresolved	
Wempe	unresolved	
Wendy Malinovsky	unresolved	
Wenjulan Whole Body Care	unresolved	
Werner Christ	unresolved	
WERQ	unresolved	
WESC	unresolved	
KHLOÉ KARDASHIAN FRAGRANCES	unresolved	
Khu Khu	unresolved	
Kicks	ats	teamtailor
WESC	unresolved	
Weshoes	unresolved	
West 14th	unresolved	
Kibra	unresolved	
West Activewear	unresolved	
Kering Eyewear	unresolved	
KichyKids Clothing	unresolved	
West49	unresolved	
Kickz	unresolved	
Westside	unresolved	
Kickers	unresolved	
Westmore Beauty	unresolved	
Westward Bound	unresolved	
Kiddie	unresolved	
WeWOOD	unresolved	
WeWoreWhat	unresolved	
Kickclusive	unresolved	
West End Watch Co	unresolved	
Wheelers.V	unresolved	
Wheat	unresolved	
Wheelup	unresolved	
Whimsy + Row	unresolved	
Whish Beauty Products	unresolved	
Kids Foot Locker	unresolved	
Ken Shoe Fashion	unresolved	
Kidzart	unresolved	
Whistler's Lips Lip Balm Inc.	unresolved	
WHITE bIRD	ats	personio
Where Does It Come From?	unresolved	
Whistles	unresolved	
Whiskey and Woof	unresolved	
White Bros	unresolved	
Whispering Willow	unresolved	
White Stuff	ats	teamtailor
White House Black Market	unresolved	
Kienzle Uhren	unresolved	
Khadim's	unresolved	
KIDS WORLDWIDE	unresolved	
White Label Project	unresolved	
KIARA SHOES	unresolved	
KIJIMA TAKAYUKI	unresolved	
Whiting & Davis Company  Inc.	unresolved	
Whitney Bowe	unresolved	
Kiko Milano	ats	recruitee
Whitney Linen	unresolved	
White Mountaineering	unresolved	
WHO DECIDES WAR	unresolved	
Who What Wear	unresolved	
Whole Foods Market	unresolved	
Whole Naturals	unresolved	
Khujo	unresolved	
Wholesome Culture	unresolved	
kijinokanosei	unresolved	
Kikisix	unresolved	
Why Not	unresolved	
Why Red	unresolved	
Kiğılı	unresolved	
Wibes	unresolved	
Wibra	unresolved	
Widda	unresolved	
WiesMade	unresolved	
Kids Around	unresolved	
KILLSTAR	ats	teamtailor
WIG WASH	unresolved	
Kiki De Montparnasse	unresolved	
Wild Clouds	unresolved	
Whoopie Loopie	unresolved	
Wild Country	unresolved	
Wild for the weekend	unresolved	
Kilian	unresolved	
WILD GRACE	unresolved	
KID BLUE	unresolved	
Wild Things	unresolved	
Kilomet109	unresolved	
Wild Roman Inc.	unresolved	
WILD THINGS  Japan	unresolved	
Wild Hermit Wellness	unresolved	
KiK	unresolved	
Kiehl's	generic	generic-listing
Wild Veil	unresolved	
Kimoa	unresolved	
KIKS TYO	unresolved	
WILDA.ECO	unresolved	
Kiku Boutique	unresolved	
Wildcraft	unresolved	
Kiko Ouriversarias	unresolved	
Wildfleur	unresolved	
Wildflo Studio	unresolved	
Wildflower Aftercare	unresolved	
Wildflower Ethical Apparel	unresolved	
Kind Lips	unresolved	
Wildsmith Shoes	unresolved	
Wildling	unresolved	
Kind Bag	unresolved	
Killtec	unresolved	
Wilène	unresolved	
Will & Atlas	unresolved	
Kilted Suds	unresolved	
Kimai	unresolved	
Will's Vegan Store	unresolved	
willfully	unresolved	
William K. Park	unresolved	
Kimkris Beauty	unresolved	
William Dunst	unresolved	
Wing	ats	greenhouse
Wilson	unresolved	
King Louie	unresolved	
Wilson and Frenchy	unresolved	
Wilsons Leather	unresolved	
King Tartufoli	unresolved	
Winden	unresolved	
William Tell Leather Co	unresolved	
Winds of Change	unresolved	
Willow	unresolved	
Windsor	unresolved	
Windsor	unresolved	
Windsor Lane	unresolved	
Wingit	unresolved	
Winky Lux	unresolved	
Winners	unresolved	
Winning Nails	unresolved	
King & Tuckfield	unresolved	
Winter Hill Jewelry	unresolved	
KINDri Los Angeles	unresolved	
KINAPURE	unresolved	
Winter Water Factory	unresolved	
Wipeys	unresolved	
Kind Science	unresolved	
Wishcompany	unresolved	
Wit & West Perfumes	unresolved	
Witchery	unresolved	
Kings & Queens	unresolved	
King Trading	unresolved	
WITH SENSE	unresolved	
WITHBLACK	unresolved	
Kinga Csilla	unresolved	
Witt Weiden	unresolved	
Kinlò	unresolved	
WITTCHEN	unresolved	
Wolf Lingerie	ats	wttj
King Baby Studio	unresolved	
WITTNER	unresolved	
WKND Apparel	unresolved	
Wo-Ma	unresolved	
Woden	unresolved	
Wojas	unresolved	
Wólczanka	unresolved	
Kinda 3D SWIMWEAR	unresolved	
Kinky Octopus	unresolved	
Wolf & Shepherd	unresolved	
Wolf & Whistle	unresolved	
Kintobe	unresolved	
Wolf Brothers	unresolved	
Kincloch Anderson	unresolved	
Wolfers	unresolved	
Kinship	unresolved	
Wolford	unresolved	
Wolf and Zephyr	unresolved	
Wolfskin Tech Lab	unresolved	
Wolky	unresolved	
Kirk's	unresolved	
Kiniki	unresolved	
Kirrin Finch	unresolved	
Wolven	unresolved	
Wolverine	unresolved	
Kingsley Heath	unresolved	
Wolvis	unresolved	
Womaness	unresolved	
Woman Within	unresolved	
Women'secret	unresolved	
Womsh	unresolved	
Wonder Valley	unresolved	
wonder jeans	unresolved	
Wonderblush	unresolved	
wondergloss	unresolved	
Wonderplace	unresolved	
Wonderskin	unresolved	
Wood Wood	unresolved	
Woodbird	unresolved	
Woodland	unresolved	
Kired	unresolved	
Woodrow	unresolved	
Woody's	unresolved	
Kipling	unresolved	
Kitikate	unresolved	
Wool&Co.	unresolved	
Woolf Outdoor	unresolved	
Kintetsu Department Store	unresolved	
WON HUNDRED	unresolved	
WoolFit	unresolved	
Kitowa	unresolved	
kith	unresolved	
Woolkind	unresolved	
Kiss The Frog	unresolved	
Woolly	unresolved	
Woolrich	unresolved	
Woolworth Europe	unresolved	
Woolworth GmbH	unresolved	
Kings of Indigo	unresolved	
Woolworths	unresolved	
WOOYOUNGMI	unresolved	
Kiwi Glow	ats	personio
Work Authority	unresolved	
WORKMAN	unresolved	
World Duty Free	unresolved	
Work World	unresolved	
WORLD Hair and Skin	unresolved	
World Of Crow	unresolved	
Kiton	unresolved	
World Of Pop	unresolved	
World Tennis (shop)	unresolved	
worldbox	unresolved	
WORMLAND	unresolved	
Kitri	unresolved	
Woron	unresolved	
Worth & Worth	unresolved	
Worthington	unresolved	
KISSCAT	unresolved	
Wunderkind	ats	greenhouse
Wouf	unresolved	
Wrangler	unresolved	
Kit and Ace	unresolved	
Woven Wildly	unresolved	
WRDMRK	unresolved	
KJUS	unresolved	
wrinn	unresolved	
Klättermusen	ats	teamtailor
Kitz-pichler	unresolved	
WRONG WEATHER	unresolved	
WRSTBHVR	unresolved	
WSLY	unresolved	
Kleckerliese	unresolved	
WU-WEAR	unresolved	
WUF KIDS	unresolved	
WUKA	unresolved	
Killah	unresolved	
wunderwerk	unresolved	
WWAKE	unresolved	
Kitsch	unresolved	
Wunderthings	unresolved	
Wuxly Movement	unresolved	
wynken	unresolved	
Wycon Cosmetics	unresolved	
kjore project	unresolved	
X-BIONIC	unresolved	
X-SOCKS	unresolved	
XABARWAN	unresolved	
Klauser Schuhe	ats	talentsoft
Jude Stuecker	unresolved	
Xagon man	unresolved	
Xandres	unresolved	
XC	unresolved	
Xerjoff	unresolved	
XD Design	unresolved	
XOXO	ats	teamtailor
xexymix	unresolved	
Xiao Wang	unresolved	
Xiamen Mega Garment Co.  Ltd.	unresolved	
Klass	unresolved	
Xidan Department Store	unresolved	
XIOS	unresolved	
KIZASI	generic	generic-listing
XIRÜ	unresolved	
XLARGE	unresolved	
XO FACEcare	unresolved	
Xocoi	unresolved	
XOOS	unresolved	
XMONDO Hair	unresolved	
Xpluswear	unresolved	
XPLCT Studios	unresolved	
Xpooos	unresolved	
XQ	unresolved	
Kleos + Klea	unresolved	
KLENOTY AURUM	unresolved	
Xsensible	unresolved	
Klier Hair Group	unresolved	
Xtep	unresolved	
Kleider Bauer	unresolved	
Klenotnictví Jolleo	unresolved	
Xtep	unresolved	
Xti	unresolved	
Klimatsakis	unresolved	
Xtian de Medici	unresolved	
Xtreme	unresolved	
Xtreme Boardshop	unresolved	
KITX	unresolved	
XUMU	unresolved	
Klimbim	unresolved	
XTI	unresolved	
Kmart Australia	unresolved	
Xuly Bët	unresolved	
XXZXX	unresolved	
XXL Sport & Villmark	unresolved	
XXL SPORTS & OUTDOOR	unresolved	
Xyrena	unresolved	
Y.A.S	unresolved	
Y.O.U Underwear	unresolved	
Y/Project	unresolved	
YAECA	unresolved	
Yagihashi	unresolved	
YAHKI	unresolved	
YAITTE	unresolved	
Yakshi Fragrances	unresolved	
Kleinigkeit	unresolved	
Yaktrax	unresolved	
Yakuza	unresolved	
Yalmeh Naturals	unresolved	
Knit-ted Essentials	ats	greenhouse
Yama to michi - 山と道	unresolved	
Yamamay	unresolved	
KMB	unresolved	
Yamamoto Kogaku	unresolved	
Yamato International	unresolved	
YAMMA	unresolved	
Klosterfrau Melissengeist	generic	generic-listing
Knock Knock	ats	greenhouse
Knickerbocker	unresolved	
Yan Neo	unresolved	
Yanawara	unresolved	
Klo Organic Beauty	unresolved	
Yan Tan	unresolved	
Yanbal	unresolved	
Known Supply	ats	greenhouse
YAYA	ats	recruitee
Yanga	unresolved	
Yaya	ats	recruitee
Yaya Maria's	ats	recruitee
YANOWSKA	unresolved	
Yanuk	unresolved	
YARGICI	unresolved	
Yarmouth Oilskins	unresolved	
Yema	ats	smartrecruiters-whitelabel
Kmoni Cosmetics LLC	unresolved	
Yarok	unresolved	
YES	ats	greenhouse
Yarra Trail	unresolved	
Yasania	unresolved	
YASOU skin care	unresolved	
YES DAY	ats	greenhouse
Yawoni	unresolved	
Yes Friends	ats	greenhouse
yd.	unresolved	
YES	ats	greenhouse
YES I AM	ats	greenhouse
Ydence	unresolved	
Yes Studio	ats	greenhouse
Yeezy	unresolved	
Yeezy Gap	unresolved	
YES ZEE	ats	greenhouse
Yes! Cosmetics	ats	greenhouse
Yellowpelota	unresolved	
YEPREM	unresolved	
YESE STUDIO	unresolved	
Kintetsu Department Store Main Store Abeno Harukas	unresolved	
YESHUA Skin Cosmetics	unresolved	
Yeshveda	unresolved	
Yest	unresolved	
YesStyle	unresolved	
YETI	unresolved	
Yess	unresolved	
YGM Trading Ltd.	unresolved	
Knot	unresolved	
Knuffle	unresolved	
Yishion Kids	unresolved	
Yitty	unresolved	
YLÈVE	unresolved	
Knotti	generic	generic-listing
YLIANA YEPEZ	unresolved	
KNWLS	unresolved	
Klitmøller Collective	unresolved	
Kohl's	generic	generic-listing
Ylistyle	unresolved	
Knack	unresolved	
Kobe Hankyu	unresolved	
YMC	unresolved	
YNGR	unresolved	
Yoé & Co. Inc	unresolved	
YOAK	unresolved	
YMC You Must Create	unresolved	
Yoek	unresolved	
Yoga by Katy	unresolved	
Yoga Democracy	unresolved	
Yoga Jeans	unresolved	
Yogasearcher	unresolved	
Yohji Yamamoto	unresolved	
YOI	unresolved	
Yogi Peace Club	unresolved	
YOKEN	unresolved	
Yoko London	unresolved	
Yöli & Otis	unresolved	
Yoors Star	unresolved	
YoRo Naturals	unresolved	
YosaeLab	unresolved	
YouKeShu	unresolved	
Kocca	unresolved	
Young & Reckless	unresolved	
Young Designers Emporium	unresolved	
KOCHÉ	unresolved	
Young Elite	unresolved	
Koketta Kulture	unresolved	
YOUNG FRANKK	unresolved	
Youngor	unresolved	
Youngor Group	unresolved	
Youngblood Mineral Cosmetics	unresolved	
Kjaer Weis	unresolved	
KOJIN	unresolved	
YSE Beauty	ats	wttj
Younique	unresolved	
Ysé Lingerie	ats	wttj
Younman	unresolved	
Your Blissful	unresolved	
Koio	unresolved	
Yours	unresolved	
KnowledgeCotton Apparel	unresolved	
YOURS	unresolved	
YOURTURN	unresolved	
Your Elegant Essentials	unresolved	
koi footwear	unresolved	
Youth To The People  Inc.	unresolved	
KNITWEAR LAB	unresolved	
YOWAS	unresolved	
Kolber	unresolved	
YRU	unresolved	
Koleha	unresolved	
Ysabel Mora	unresolved	
Kokie Cosmetics  Inc.	unresolved	
YU STEPANEL	unresolved	
Koko Noko	unresolved	
Yu Mei	unresolved	
YUIMA NAKAZATO	unresolved	
Yuka+Face	unresolved	
Kolors by K ®	unresolved	
Yuki Threads	unresolved	
YULIAWAVE	unresolved	
Komodo	unresolved	
Yueyaer	unresolved	
KOMONO	unresolved	
KOKOLU	unresolved	
YUME	unresolved	
Yume Yume	unresolved	
KOBE LETTUCE	unresolved	
Yumi Clothing	unresolved	
KOKOworld	unresolved	
YUPOONG FLEXFIT	unresolved	
Yuvita Linens	unresolved	
Yuzefi	unresolved	
YVES ENZO	unresolved	
kokomo	unresolved	
Yves Renard	unresolved	
Yumeko	unresolved	
Komrads	unresolved	
Yves Rocher	unresolved	
KOLO berlin	unresolved	
Yves Salomon Fourreur	unresolved	
Yvette LIBBY N'guyen	unresolved	
Kokokahn Essential Oils	unresolved	
Yvette LIBBY N'guyen Paris	unresolved	
Za-Ziba studio	unresolved	
Zadig & Voltaire	unresolved	
Kona Natural Soap Company	unresolved	
Kontatto	unresolved	
Zac Zac Posen	unresolved	
ZAFUL	unresolved	
Kooniez	unresolved	
Yvonne Koné	unresolved	
Zalando	unresolved	
ZALIE	unresolved	
Zara	ats	recruitee
Zamberlan	unresolved	
Konges Sløjd	unresolved	
Zales	unresolved	
Zadig&Voltaire	unresolved	
Zanone	unresolved	
Zamt	unresolved	
Zag Bijoux	unresolved	
Zapatos Vas	unresolved	
KOOK	unresolved	
Zatik Naturals	unresolved	
Koral	unresolved	
Zancan	unresolved	
Kmart	unresolved	
Zattura	unresolved	
Zawadee	unresolved	
Zanetti 1965	unresolved	
KORALI	unresolved	
Zayla	unresolved	
Zapa	unresolved	
Kopper & Zink	unresolved	
Zazi	unresolved	
Zazzle	unresolved	
Kork-Ease	unresolved	
Zaylore Studio	unresolved	
Korkoshi	unresolved	
Zarina	unresolved	
KOLON SPORT	unresolved	
ZAPSHOP	unresolved	
ZEB	unresolved	
Zeal Optics	unresolved	
KOOKAÏ	unresolved	
Koröshi	unresolved	
Koryphae	unresolved	
ZEBRA	unresolved	
Zebra Fashion	unresolved	
Zeccoro	unresolved	
Kopari Beauty	unresolved	
Zeeman	unresolved	
Zegna	unresolved	
Kobayashi Optical	unresolved	
ZeigSkin	unresolved	
kone	unresolved	
Zellbury	unresolved	
Koraru	unresolved	
ZELYS PARIS	unresolved	
Kotofey	unresolved	
Zema	unresolved	
Koton	unresolved	
ZEMNA	unresolved	
Korean Skincare Pakistan	unresolved	
zero	ats	recruitee
Zen Diamond	unresolved	
zero waste daniel	ats	recruitee
Zero%	ats	recruitee
ZEN Diamond	unresolved	
ZENGGI	unresolved	
KONAKA	unresolved	
Zenith	unresolved	
Zeha Berlin	unresolved	
Zenara Woman	unresolved	
Zeno-Watch Basel	unresolved	
ZENMED	unresolved	
Zense Sportswear	unresolved	
Zelli Italia	unresolved	
ZEROBARRACENTO	unresolved	
Kosas Cosmetics	unresolved	
Koradior	unresolved	
Kotoden Kawaramachi Building	unresolved	
ZeroCentCinq	unresolved	
Zerra & Co.	unresolved	
Kosmatology	unresolved	
Zettia	unresolved	
Zepter Cabinet	unresolved	
Zeus + Dione	unresolved	
Krack	unresolved	
Zeus Sport	unresolved	
KOVIA Hair	unresolved	
Zeybra	unresolved	
Zhrill	unresolved	
ZheJiang AoKang Shoes Co.  Ltd.	unresolved	
Ziaja	unresolved	
Zielinski & Rozen	unresolved	
Kotohayokozawa	unresolved	
Ziener	unresolved	
Ziengs	unresolved	
Zig+Star	unresolved	
Koyal Beauty	unresolved	
Zign	unresolved	
Ziggy Denim	unresolved	
Ziggy Zoog	unresolved	
Zilch	unresolved	
Kow Hoo	unresolved	
Kozii Swimwear	unresolved	
Zillertaler Trachtenwelt	unresolved	
Zilton	unresolved	
Kreizi Beauty	unresolved	
Kotn	generic	generic-listing
Zimba	unresolved	
KPS Essentials	unresolved	
Zilli	unresolved	
ZIMMERMANN	unresolved	
Krete	unresolved	
Zimina d'Art	unresolved	
Kraemer-Gruppe	unresolved	
Krisa	unresolved	
Zinzane	unresolved	
Zinzi	unresolved	
Krojay	unresolved	
Zion Health Inc.	unresolved	
Zip and Zoe	unresolved	
Zippy	unresolved	
ZIOZIA China	unresolved	
Ziq and Yoni	unresolved	
Ziyel	unresolved	
Kowtow	unresolved	
ZIQ&YONI (ZNY)	unresolved	
KRASS Optik	unresolved	
Zizia Botanicals	unresolved	
Zoey Naturals	ats	teamtailor
Zizo	unresolved	
Zola Africa	ats	greenhouse
Krys	unresolved	
Zizzi	unresolved	
Zjoos	unresolved	
Zlatarna Celje	unresolved	
Kristel Kuslapuu	unresolved	
Zlatníctvo ISOLDA	unresolved	
ZLATOKOV	unresolved	
Ksenia Schnaider	unresolved	
Zodiac Clothing Company Ltd.	unresolved	
Zoë	unresolved	
Krochet Kids	unresolved	
Zoe Karssen	unresolved	
KRANZ	unresolved	
Zoff	unresolved	
Zoe Leggings	unresolved	
Zolotyi Vik	unresolved	
Kronstadt	unresolved	
Zona20 Milano	unresolved	
Zone 365	unresolved	
Zoolmates	unresolved	
Krämer Pferdesport	generic	generic-listing
KRAKATAU	unresolved	
Kubenz	unresolved	
Zoologist	unresolved	
Ksubi	unresolved	
Zoso	unresolved	
ZORIANA	unresolved	
Kujten	unresolved	
ZSIGMOND	unresolved	
Zudio	unresolved	
kudos	unresolved	
Zuiki	unresolved	
ZOU XOU	unresolved	
Zulu & Zephyr	unresolved	
Zumo	unresolved	
Zuri	unresolved	
Zumiez	unresolved	
Zusa	unresolved	
Kriss Sweden	unresolved	
KTG FASHION HOUSE	unresolved	
Zuska Art	unresolved	
Zusss	unresolved	
ZUThats	unresolved	
Kultajousi	unresolved	
Kualesa	unresolved	
Kultivate	unresolved	
ZUZABARTSHOPOUTLET	unresolved	
Zuzu Luxe	unresolved	
Zwillingsherz	unresolved	
Kryolan	generic	generic-listing
KONPLOTT	unresolved	
KULTURAL VIBEZ	unresolved	
Zwitsal	unresolved	
Kule	unresolved	
Zyderma HS	unresolved	
ОгgапiсаLiЬrа	unresolved	
Kunoka	unresolved	
KULT | OLYMP&HADES	ats	recruitee
たゆう / tayu	unresolved	
Kurt Geiger	unresolved	
リブ / LIB	unresolved	
Kusaga Athletic	unresolved	
久米繊維 / KUME	unresolved	
京和晒綿紗 / kyowazarashi mensha	unresolved	
宝島染工 / Takarajima Senkou	unresolved	
靴下屋 / Tabio	unresolved	
石徹白洋品店 / Itoshiro Yohinten	unresolved	
Kūlson	unresolved	
Kunert	unresolved	
KUBORAUM	generic	generic-listing
Kusum	unresolved	
Kulture	unresolved	
KUNOGIGI	unresolved	
Kut from the Kloth	unresolved	
Kyboe	unresolved	
KarmaLoop.com	unresolved	
Kuwalla tee	unresolved	
Kylie Cosmetics	unresolved	
Kutsusenka	unresolved	
Kuyichi	unresolved	
Kyra	unresolved	
Kwaidan Editions	unresolved	
Kylie Minogue Parfums	unresolved	
Kytone	unresolved	
Kwiat	generic	generic-listing
Kyol Beauty	unresolved	
Kuwaii	unresolved	
L I V D	unresolved	
Kyraani	unresolved	
Kyrgies	unresolved	
Kyte BABY	unresolved	
KRWN	unresolved	
Kzeniya	unresolved	
L.T. Piver	unresolved	
Kuumba Made	unresolved	
L'Autre Chose	unresolved	
KYPRIS	generic	generic-listing
Kyoryu Zukan	generic	generic-listing
L.L.Bean	unresolved	
L'AFSHAR	unresolved	
Krystall-Soamas	unresolved	
L.O.M.	unresolved	
L'Eau de Vie Pure Skin Preparations	unresolved	
L.G.R	unresolved	
L'Occitane Group	ats	teamtailor
L'Aventura	unresolved	
L’Intervalle	unresolved	
L.CREDI	unresolved	
L’Carriera	unresolved	
L'Artisan Parfumeur	unresolved	
L. S. Ayres	unresolved	
L'Envers	unresolved	
L'EUDINE	unresolved	
L’Epée 1839	unresolved	
La casa de las Carcasas	ats	teamtailor
L'Ouest	unresolved	
LA CELLE PARIS	unresolved	
La Casita de Wendy	unresolved	
L'Estrange London	unresolved	
La Chemise Francaise	unresolved	
La Botte Gardiane	unresolved	
La Compagnie des Petits	unresolved	
La Come Di	unresolved	
La Fábrica de Nikis	unresolved	
La Bottega di Brunella	unresolved	
L'urv	unresolved	
La Feny	unresolved	
la fille d'O	unresolved	
La Boucle	unresolved	
L37	unresolved	
L'Orbette	generic	generic-listing
La Machine Cycle Club	unresolved	
L'Oréal	generic	generic-listing
LA FEE MARABOUTEE	ats	teamtailor
La DoubleJ	unresolved	
La Fille Des Fleurs	unresolved	
La Granni	unresolved	
La Manso	unresolved	
LA MANIA	unresolved	
La Maison de Lyllis	unresolved	
L'Atelier d'Amaya	unresolved	
LA MARTINA	unresolved	
La Maison Simons	unresolved	
La Femme Roje	unresolved	
La Martina Shoes	unresolved	
La Palma Eco-Beachwear	unresolved	
La Mariposa	generic	generic-listing
L*SPACE	unresolved	
La Milanesa	unresolved	
La Methode	unresolved	
La Perline Skincare	unresolved	
La Petite Mort	unresolved	
La Perla	unresolved	
La Queue du Chat	unresolved	
La Parisina	unresolved	
La Parea Wellness	unresolved	
La Paz	unresolved	
La Samaritaine	ats	successfactors
La Petite Creme	unresolved	
La New International	unresolved	
LA Relaxed	unresolved	
la sportiva	ats	successfactors
La Senza	ats	greenhouse
La Ligne	unresolved	
LA PETITE PARISIENNE	unresolved	
La Portegna	unresolved	
La petite boite à bijoux	unresolved	
LA SALT CO®	unresolved	
La Seine & Moi	unresolved	
La Strada	unresolved	
LA MATERA	unresolved	
La Petite Étoile	unresolved	
La'Bo Natural Cosmetics	unresolved	
Lab 1082	unresolved	
Labienhecha	unresolved	
Labfresh	unresolved	
LaBante London	unresolved	
LaBante	unresolved	
LABA Fashion	unresolved	
Laboratoires Expanscience	unresolved	
La Stupenderia	unresolved	
Lab Pal Zileri	unresolved	
Laboratoires FillMed	unresolved	
Laagam	generic	generic-listing
Labeka	unresolved	
Laboratoires Dermatologiques Uriage	ats	talentsoft
Laboratoire Uspalla	unresolved	
Label Noir	unresolved	
Lacoste	ats	digitalrecruiters
laCalifornienne	unresolved	
Labucq	unresolved	
Laccio	unresolved	
Laboratorio Olfattivo	unresolved	
Lâcher Prise	unresolved	
Laborélle – Maison de Beauté Clinique	unresolved	
Lacy Branch Botanicals	unresolved	
Laboratoires Longévité	unresolved	
Laboratorio Cosmético Europeo	unresolved	
LADONI Kind Beauty	unresolved	
Lady Alamo	unresolved	
Labrum	unresolved	
LAGER 157	ats	teamtailor
Lady Burgundy	unresolved	
Lady Taty	unresolved	
Lagos	ats	recruitee
Lace & Beads	unresolved	
Lafes Natural BodyCare	unresolved	
Laflore Paris	unresolved	
Laflare	unresolved	
Lafuma	unresolved	
Lafayette Homme	unresolved	
LAHIVE	unresolved	
Lakmé Cosmetics	ats	teamtailor
Laimbock	unresolved	
Lake & Skye	unresolved	
LAKOLE	unresolved	
Lafesco	unresolved	
LAGUA GEM	unresolved	
laidback london	unresolved	
Lala Adore Cosmetics	unresolved	
Laloras	unresolved	
LaKelle	unresolved	
La Redoute	unresolved	
LaDress	unresolved	
lala Berlin	unresolved	
LALA	unresolved	
Lakeyo	unresolved	
LAMARQUE	unresolved	
Lamarque Collection	unresolved	
Laline	unresolved	
Lamborghini	unresolved	
Lagoped	unresolved	
Lamel	unresolved	
LAmade Clothing	unresolved	
LAMODA	unresolved	
LaLotti	unresolved	
LAMIK Beauty	unresolved	
Lancel	unresolved	
LaMunt	unresolved	
LANCERTO	unresolved	
lana	unresolved	
Lana	unresolved	
Lana Baby	unresolved	
Lands' End	unresolved	
LANA Organic	unresolved	
Landmark	unresolved	
Lagogo	unresolved	
Lancaster	unresolved	
Landia Skincare	unresolved	
Lancôme	generic	generic-listing
LANO	unresolved	
LaneFortyfive	unresolved	
Lands Downunder	unresolved	
Lanidor	unresolved	
Lao Feng Xiang	ats	personio
LANIUS	unresolved	
Laneway The Label	unresolved	
Lane Bryant	ats	workday
Lanvin	unresolved	
Lapin House	unresolved	
Lando Studio	unresolved	
Lapin Vintage	unresolved	
Lantern Press	unresolved	
LARA DI GIANNI	unresolved	
LangerChen	unresolved	
LALABOBO	unresolved	
Laperle Beauty	unresolved	
LARES	unresolved	
LAPOINTE	unresolved	
Lara Laurén bags	unresolved	
Lara Bags	unresolved	
LaserAway	unresolved	
LaQuan Smith	unresolved	
Lardini	unresolved	
Lara mode	unresolved	
Larsson & Jennings	unresolved	
Lash Be Long	unresolved	
LASCANA	unresolved	
LaoMiaoHuangJin	unresolved	
Lasève	unresolved	
Lash Affair	unresolved	
LaSalle	unresolved	
LaoFengXiang	unresolved	
LÄSSIG	unresolved	
Lastframe	unresolved	
Lapuan Kankurit	unresolved	
Late Checkout	unresolved	
Latelita	unresolved	
LANCY	unresolved	
Lathered Artisan	unresolved	
Laura	unresolved	
Laura Bellariva	unresolved	
Lattafa	unresolved	
Laulhère	unresolved	
Latiture	unresolved	
Laser Clinics Australia	generic	generic-listing
Lauf	unresolved	
Laundry Industry	unresolved	
Laura Elizabeth Jewelry	unresolved	
Laura Ashley plc	unresolved	
Lauren Manoogian	unresolved	
Lauren Moshi	unresolved	
LAUDAE	unresolved	
Lauren Ralph Lauren	unresolved	
laura vita	unresolved	
Laura Geller	unresolved	
Laurence Dacade	unresolved	
LAUREL	unresolved	
Laurier Optical	unresolved	
Lauren Holloway	unresolved	
LAVAIR	unresolved	
Lashify	unresolved	
Laurence Tavernier	unresolved	
LauRie	unresolved	
Laverana GmbH & Co. KG	ats	personio
Laura Biagiotti	unresolved	
Lavish Alice	ats	teamtailor
Lavani Jewels	unresolved	
LAVARD	unresolved	
layerOne by Delavie Sciences	unresolved	
Lauren Brooke Cosmetiques	unresolved	
Lautashi Design	unresolved	
LATHER	unresolved	
Lazo	unresolved	
Laura Lombardi	unresolved	
Laurent Vergne	unresolved	
LAWLESS Beauty	unresolved	
LC Waikiki	unresolved	
Layermor Fragrance	unresolved	
LaVigne Natural Skincare	unresolved	
LDNR	unresolved	
Lavinia	unresolved	
Lazamani	unresolved	
Lazarini	unresolved	
Le Biscuit	unresolved	
LC Leather Club	unresolved	
LCF Ledûb Corporate Fashion	unresolved	
Laurence Delvallez	unresolved	
Le Club Original	unresolved	
Le collectif des Lunetiers	unresolved	
Lazurde Company for Jewelry	unresolved	
Le Chameau	unresolved	
Le DangeRouge	unresolved	
Lé BUNS	unresolved	
Le Fix	unresolved	
LE CHEMISEUR®	unresolved	
Le Château	unresolved	
Lé Bent	unresolved	
Le Kasha	unresolved	
Le Chic	unresolved	
Le Col	unresolved	
Le Babe	unresolved	
Le Modeste	unresolved	
le monarque	unresolved	
le coq sportif	unresolved	
Le Petit Trou	unresolved	
Le Gaulois Jeans	unresolved	
Le Garçon Chic	unresolved	
LE PHIL	unresolved	
Law of the Sea	unresolved	
Le Gramme	unresolved	
Le Kilt	unresolved	
Le Salty	unresolved	
Le Showroom Trendsetteuse Paris	unresolved	
Le Silla	unresolved	
Le Silo Bleu	unresolved	
Le Labo	unresolved	
Leabags	unresolved	
Le-go Bekleidungswerke GmbH & Co KG	unresolved	
Lead	unresolved	
Leader	unresolved	
Le Monde Gourmand	unresolved	
Lazy Oaf	unresolved	
Leaf People Skin Care	unresolved	
Le Temps des Cerises	unresolved	
Le'VahnneLux Skincare	unresolved	
Le Specs	unresolved	
Le Lis	unresolved	
Leap Concept	unresolved	
Le Tanneur	unresolved	
Leaf Shave Company	unresolved	
Leanne Marshall	unresolved	
Leatherlly	unresolved	
Le Tricot Perugia	unresolved	
Lecomte	unresolved	
Le Réussi®	unresolved	
LeatherStrata	unresolved	
LEBIAR	unresolved	
Lee Cooper	unresolved	
Learn More	unresolved	
LECIEN	unresolved	
Leaf fine Jewelry	unresolved	
Lee Cooper	unresolved	
Leder Pellicce	unresolved	
Lebes	unresolved	
Lefties	unresolved	
LECURVE	unresolved	
Legend World Wide	unresolved	
Legend	unresolved	
Ledûb	unresolved	
Leem	unresolved	
Leggings Park	unresolved	
Lefrik	unresolved	
Legendary Whitetails	unresolved	
Legend Bags& Belts	unresolved	
Lei Wai Beauty	unresolved	
Lee	unresolved	
Leila Hafzi	unresolved	
Legends Creek Farm	unresolved	
Lee	unresolved	
Lee Mathews	unresolved	
Legends	unresolved	
LEGiT	unresolved	
Leightons	ats	teamtailor
legero	generic	generic-listing
LEFF AMSTERDAM	generic	generic-listing
LEMAIRE	unresolved	
Leiser Handelsgesellschaft	unresolved	
Lemondose	unresolved	
Leisure Lab	unresolved	
Leland Francis	unresolved	
LEKKO Aesthetics	unresolved	
Lelasilk	unresolved	
lemlem	unresolved	
Leica Camera	generic	generic-listing
Lendava	unresolved	
Lemon Jelly	unresolved	
Leju London	unresolved	
Leni Swims	unresolved	
LeNOSE	unresolved	
Lemonhead.LA	unresolved	
Lenny Neimeyer	unresolved	
Lensa	unresolved	
LensCrafters	unresolved	
Lemuel MC	unresolved	
Lengermann und Trieschmann	unresolved	
LEO LIN	unresolved	
Leo Pizzo	unresolved	
Lenox and Sixteenth	unresolved	
Leguano	unresolved	
leonhard heyden	unresolved	
Lenthéric	generic	generic-listing
Leon & Harper	unresolved	
Lenslace	unresolved	
Leonisa	unresolved	
Lems Shoes	unresolved	
Leodis Leather	unresolved	
Leonor Greyl	unresolved	
Lenskart	generic	generic-listing
LERROS	ats	personio
Leons.cz	unresolved	
Lerinn Beauty	unresolved	
Les bains SELV rituel inc.	unresolved	
Lerz	unresolved	
Les Benjamins	unresolved	
Leona Edmiston	unresolved	
LEOS	unresolved	
les boutons	unresolved	
Lerora	unresolved	
Les Girls Les Boys	unresolved	
Les Hommes	unresolved	
Les Lunes	ats	teamtailor
Les Bougies de Charroux	unresolved	
Les Fees Du Vent	unresolved	
LEMOWE	unresolved	
Les Sublimes	unresolved	
Les Coyotes de Paris	unresolved	
Les Néréides	unresolved	
LEPSIM	generic	generic-listing
Les Deux	unresolved	
Les Eaux Primordiales	unresolved	
Les Tien	unresolved	
Les Tricots de Léa	unresolved	
Les Rêveries	generic	generic-listing
Les Tricots Marcel	unresolved	
LesJour!	unresolved	
Les Georgettes	unresolved	
Les tricots	unresolved	
Les Soeurs	generic	generic-listing
Les Tropeziennes par M Belarbi	unresolved	
LET HER	unresolved	
Les Vides Anges Perfumes	unresolved	
Letoile	unresolved	
Leselles	unresolved	
Level 99 Jeans	unresolved	
Level Up Skincare	unresolved	
LESLII	unresolved	
Lesca Lunetier	unresolved	
Levetem	unresolved	
LESSE	unresolved	
Levi's	unresolved	
Leotude	unresolved	
Levi's Kids Footwear	unresolved	
LÉVANS	unresolved	
LEWIS & MELLY	unresolved	
Lexington	ats	teamtailor
Lever Couture	unresolved	
Levete Room	unresolved	
Lewis Leathers	unresolved	
Leysen	unresolved	
LEVV	unresolved	
Lewanowicz	unresolved	
LESS	unresolved	
LEYT	unresolved	
Lez a Lez	unresolved	
Liars & Lovers	unresolved	
Leya.me	unresolved	
Lezat	unresolved	
LIB JOIE	unresolved	
LFDL	unresolved	
Liberitae	unresolved	
LEXI	unresolved	
Li Parie	unresolved	
Liars Collective	unresolved	
Li-Ning	unresolved	
Libbi Nails	unresolved	
Libe Clothing	unresolved	
Liberation Nails	unresolved	
Liberty Shoes	unresolved	
Lice Queen	unresolved	
Licia Florio	unresolved	
Lidea	unresolved	
LibertyDoll	unresolved	
Libeco	generic	generic-listing
LIBERTY WOMAN	unresolved	
Lico	unresolved	
Lido Marinozzi	unresolved	
Liebeskind	unresolved	
liebeskind berlin	unresolved	
LIEBLINGSSTÜCK	unresolved	
Life Elements	ats	lever
Life Less Ordinary	ats	lever
Liefling	unresolved	
Life Style Sports	ats	lever
LIEBLINGSSTÜKKE BY MARTINA WODKE	unresolved	
LIEBRE STYLE	unresolved	
Leupold & Stevens	unresolved	
liël Clothing	unresolved	
Lifestyle Stores	unresolved	
Liger	unresolved	
Lies Mertens	unresolved	
LiiLU	unresolved	
Lids	unresolved	
Liewood	unresolved	
Lifetherapy	unresolved	
Liis	unresolved	
Light Mountain	unresolved	
Lilac Limited Crochet	unresolved	
Lids	unresolved	
Lilian	unresolved	
LILANZ	unresolved	
Lightmark	unresolved	
LIL PAOLO	unresolved	
Lilac Natural Beauty	unresolved	
Lilian von Trapp	unresolved	
Lilit Botanicals	unresolved	
Lifted Beauty	unresolved	
lilimill	unresolved	
Lillelam	unresolved	
Lille Vinkel Sko	ats	recruitee
LiJia Baby	unresolved	
LILIXIR	unresolved	
Lilly Pulitzer	unresolved	
LikeMyChoice	unresolved	
Lily & Lionel	unresolved	
Lilly Be Organic	unresolved	
Lily Lemon	unresolved	
LILAR Paris	unresolved	
Lime Crime	unresolved	
Lily	unresolved	
Lilou	unresolved	
Lily	unresolved	
Lily & Marigold Botanical Skincare	unresolved	
LilyAna Naturals	unresolved	
Lilly Sarti	unresolved	
LILY BROWN	unresolved	
Lina Hanson	unresolved	
Lina Toro Beauty	unresolved	
Lindex	ats	teamtailor
Lindex Group	ats	teamtailor
Limit	unresolved	
Liljenquist & Beckstead	unresolved	
Linda Sieto	unresolved	
Lindbergh	unresolved	
LifeStride	unresolved	
Linen + Lace	unresolved	
Lindry Lab	unresolved	
LIMI feu	unresolved	
Lindsay Nicholas New York	unresolved	
Limited Sports	unresolved	
Linen Connections	unresolved	
Linen Fairytales	unresolved	
Linen Wedding Dress	unresolved	
Linenfox	unresolved	
LimeLife by Alcone	unresolved	
LinenMe	unresolved	
Linen Boutique	unresolved	
Linenbee	unresolved	
LinenDi	generic	generic-listing
Lionel the Label	unresolved	
LingaDore	unresolved	
Lipsy Limited	unresolved	
LINNÉ Botanicals	unresolved	
Lion Of Porches	unresolved	
Linii Lyubvi	unresolved	
Linda Farrow	unresolved	
Lipsy London	unresolved	
Liquor N Poker	unresolved	
Linhart Smile Care	unresolved	
Lior Gabriel	unresolved	
Liquiproof	unresolved	
LIP	unresolved	
Lipora	unresolved	
LINKKENS	generic	generic-listing
Lisa Tibaldi	unresolved	
Lisa Yang	unresolved	
Lisca	unresolved	
Lisa Marie Fernandez	unresolved	
Liquid Earth	unresolved	
LISA VON TANG	unresolved	
Lise Charmel	unresolved	
Lise Watier	unresolved	
Lisette L Montreal	unresolved	
Lisette L	unresolved	
Lisa Kott	unresolved	
Lison Paris	unresolved	
Lititz Watch Technicum	unresolved	
LITA by Ciara	unresolved	
LISKA JOYAS	unresolved	
Lisa Says Gah	unresolved	
Lite Year	unresolved	
Liska Lab	unresolved	
Little Burgundy	unresolved	
Lit Wickz & Crystals	unresolved	
LITA	unresolved	
Little Farmyard	unresolved	
Little Hedonist	unresolved	
Little Indians	unresolved	
Leech	unresolved	
Little Bird Revival	unresolved	
Lissac	unresolved	
Little Co. by Lauren Conrad	unresolved	
Little Lady Products	unresolved	
Little MO&Co.	unresolved	
Little Legends	unresolved	
Little Emperor	generic	generic-listing
Little Moon Essentials	unresolved	
Little Nature Lover	unresolved	
Little Pitterpat	unresolved	
Little Words Project	ats	greenhouse
Little Seed Farm	unresolved	
Little Man Happy	unresolved	
LittlePuddletown	unresolved	
Little Star Organic	unresolved	
Little Mistress	unresolved	
Little Tienda	unresolved	
Liv:ra	unresolved	
Liv Metta	unresolved	
Liu Jo	unresolved	
Little Planet	unresolved	
Liv Bergen	unresolved	
Little David	unresolved	
Little Liffner	unresolved	
Little Green Radicals	unresolved	
Littleoddforest	unresolved	
Liska	unresolved	
Live Linen	unresolved	
Liviana Conti	unresolved	
Live 978	unresolved	
Live Unlimited London	unresolved	
Livera	unresolved	
Live Free	unresolved	
Live Bearded	unresolved	
Live Tinted	unresolved	
Liverpool	unresolved	
LIV Swiss Watches	unresolved	
Live The Process	unresolved	
LIVE!	generic	generic-listing
Living Kitzbühel	unresolved	
Livin' Kolor Cosmetics	unresolved	
Livy Lingerie	unresolved	
livy	unresolved	
LJC DESIGNS	unresolved	
Lizush	unresolved	
LK Bennett	unresolved	
Liz Earle	unresolved	
LL Precious Creations	unresolved	
LN Pro	unresolved	
LLOYD	unresolved	
Liz Claiborne	unresolved	
LIVSN	unresolved	
LO NEEL	unresolved	
LNDR	unresolved	
LN|KNITS	unresolved	
Living Crafts	unresolved	
Locaite Labs	unresolved	
LOCAL HEROES	unresolved	
LODING	unresolved	
Local Luxe Swim	unresolved	
Locally Grown Clothing Co.	unresolved	
LOBICHIA	generic	generic-listing
Loavies	generic	generic-listing
LMTD	generic	generic-listing
Lloyd Men's Belts	unresolved	
LOFT	ats	teamtailor
Loft design by	ats	teamtailor
Leki	unresolved	
Loake 1880	generic	generic-listing
Logoshirt	unresolved	
Lodi	unresolved	
Loeffler Randall	unresolved	
LOEWE	unresolved	
LOEVENICH	unresolved	
Loints of Holland	unresolved	
Lofty Manner	unresolved	
Lofte Natural Care	unresolved	
LOGO	unresolved	
Lojas Colombo	unresolved	
Lojas Riachuelo	unresolved	
Loïc Or	unresolved	
Lola Cruz	unresolved	
LOCAL EUROPEAN	unresolved	
Lola Jeanine Boutique	unresolved	
Lola & Stella	unresolved	
LOHB's	generic	generic-listing
Lola Jeans	unresolved	
LØCI	unresolved	
Lola Arnao Beauty	unresolved	
LOLA	unresolved	
Lois Jeans	unresolved	
LOHO	unresolved	
Lolina	unresolved	
Lola Prusac	unresolved	
Lois	unresolved	
Lola Rey	unresolved	
Lola Rose	unresolved	
LOLA TARA	unresolved	
Lola's Bag	unresolved	
London Fog	ats	greenhouse
Lolo Carolo	unresolved	
LOLLIPOPS	unresolved	
Lolly's Laundry	unresolved	
London Jewelers	ats	greenhouse
LONA	unresolved	
LolaLiza	unresolved	
LONGEVITY LONDON	unresolved	
Longines	unresolved	
Londre Bodywear	unresolved	
Lonely Kids Club	unresolved	
lola ramona	unresolved	
Loom	unresolved	
Löffler	unresolved	
Lomer	unresolved	
Loop Swim	ats	personio
Look Sharpish	ats	recruitee
Loop.a life	ats	personio
Löplabbet	ats	teamtailor
Loqi	ats	personio
Lojas Renner	unresolved	
Longhom®	unresolved	
LOOP WHEELER	ats	personio
Loopy Mango	unresolved	
Long John	unresolved	
Longlivethequeen	unresolved	
Loomi	unresolved	
Lore & Heart	unresolved	
Lorenzoni	unresolved	
Lords of Harlech	unresolved	
Loose Riders	unresolved	
Lorde + Belle	unresolved	
Loro Piana	unresolved	
Loreak Mendian	unresolved	
Looptworks	generic	generic-listing
lord veshine	unresolved	
Lonely	unresolved	
Lorenzi	unresolved	
Lord & Taylor	unresolved	
Losamaré Cosmetics	unresolved	
Losano	unresolved	
LOROETU	unresolved	
Loro Oro	unresolved	
LORRETI	unresolved	
Loren Stewart	unresolved	
Lorpen	unresolved	
Lost in Paris	unresolved	
Lotta From Stockholm	unresolved	
Los Angeles Salt Company®	unresolved	
Lost Ink	unresolved	
Lost Pattern	unresolved	
Lorna Murray	unresolved	
LOTTE.99	unresolved	
LOTT.	unresolved	
Lorna Jane	unresolved	
Lottie HALL	unresolved	
Lost Property Of London	unresolved	
LOU Lingerie	unresolved	
Lotus	unresolved	
Louelle	unresolved	
Los Angeles Apparel	generic	generic-listing
LouEmbrace	unresolved	
Lotte Duty Free	unresolved	
Lotus Moon Skin Care	unresolved	
LOTUS SILVER	unresolved	
Louis Philippe	unresolved	
loud + proud	unresolved	
Louis Copeland and Sons	unresolved	
Louis Erard	unresolved	
Louisa Ballou	unresolved	
Louis Vuitton	unresolved	
Lotus Garden Botanicals	unresolved	
Louis Gabriel Nouchi	unresolved	
Louisa Bracq	unresolved	
Loulou Studio	unresolved	
Louloudi Skincare	unresolved	
Louche	unresolved	
Louise Misha	ats	wttj
Lounge	ats	teamtailor
Lounge Nine	unresolved	
Louizon	unresolved	
Louis and Mia	unresolved	
Loulou Lollipop	unresolved	
Loupe Organics	unresolved	
Lourdes New York	unresolved	
LOUMI Skincare	unresolved	
Lovable	ats	greenhouse
Louis Pion	unresolved	
Louminology	unresolved	
Louisa Parris	generic	generic-listing
Loup Charmant	unresolved	
LOUXNYX	unresolved	
Lousy Livin Underwear	unresolved	
Love Copenhagen	unresolved	
LOTTUSSE	unresolved	
LOUVE	unresolved	
Love Affair	unresolved	
LOVE REPUBLIC	unresolved	
Love and Light Botanicals	unresolved	
Love and Confuse	unresolved	
Lotte Department Store	unresolved	
LOVE2WAIT	unresolved	
Lovechild	unresolved	
Love is Art	unresolved	
Love Lori	unresolved	
Love Lolita	unresolved	
Love Ur Curls	unresolved	
LOVE WHO YOU ARE	unresolved	
Love  Indus	unresolved	
Lovett Sundries	unresolved	
Loved01	unresolved	
Lovisa	ats	teamtailor
LoveLux	unresolved	
Lovely Bird	unresolved	
Lovery	unresolved	
Love Stories	generic	generic-listing
LOVST TOKYO	unresolved	
LOVETRUST	unresolved	
LOVE BRAND & Co	unresolved	
LoveU Organics	unresolved	
Low Season	unresolved	
Lowa	unresolved	
Lovetree Design	unresolved	
Lower Park	unresolved	
Lowes Menswear	unresolved	
Loxion	unresolved	
Lowie	unresolved	
Lozza	unresolved	
LOVJOI	unresolved	
LOWRYS FARM	unresolved	
Loyal E. Paris	unresolved	
Lua Accessories	unresolved	
Lu Ren	unresolved	
LTB Jeans	unresolved	
LoveShackFancy	unresolved	
LUA skincare	unresolved	
Luca Vanucci	unresolved	
Luca Grossi	unresolved	
Luar	unresolved	
LUCA-KAYZ	unresolved	
Lubiam	unresolved	
Lucano	unresolved	
LOW CLASSIC	unresolved	
Lucki Store	unresolved	
Lucy & Yak	ats	teamtailor
Lucky Clown	unresolved	
Lucy	unresolved	
Lucy Bee	unresolved	
LUCA	unresolved	
LR Health & Beauty Systems	generic	generic-listing
Luciano Gelisio	unresolved	
Luhta	ats	teamtailor
Ludique	unresolved	
Ludovic De Saint Sernin	unresolved	
LUDLOW	unresolved	
LUEDER	unresolved	
Lugz	unresolved	
Luke 1977	unresolved	
Luis Trenker	unresolved	
Luisa Vannini	unresolved	
Luiza Barcelos	unresolved	
Lulipa London	unresolved	
Luisa Spagnoli	unresolved	
Lullilu	unresolved	
Lucky Brand	unresolved	
Lulu Copenhagen	unresolved	
Lululemon	unresolved	
Lulus	unresolved	
Lumene	ats	teamtailor
Luisa Cerano	unresolved	
Lumi3re	unresolved	
LOVLIFE	unresolved	
Luminous Being	ats	personio
Lulu Guinness	unresolved	
Lumin Skincare	unresolved	
LumberUnion	unresolved	
Lumentee	generic	generic-listing
Luna bel clothing	unresolved	
Lumiyoo	unresolved	
LULUALWAYS	unresolved	
LUNA & ROSE	unresolved	
Lumisha	unresolved	
Luna Nectar	unresolved	
LUNA'MOUR Beauty	unresolved	
Lunavit	unresolved	
Lunettes pour Tous	ats	wttj
Lunescape	unresolved	
LUNGE	unresolved	
Luna	unresolved	
Lune Active	unresolved	
Lush	ats	greenhouse
Lusquinos	unresolved	
Lunya	unresolved	
Lush Lapel	ats	greenhouse
Lupo	unresolved	
Lusana	unresolved	
Lusso Cloud	unresolved	
Luva Huva	unresolved	
Lux Mood by European Culture	unresolved	
LuxbyAura	unresolved	
Lusso Locale	unresolved	
Luxe & Nature™	unresolved	
LUXE RITUAGE	unresolved	
Luxe Wix®	unresolved	
Luxiny  Luxurious Bath & Body	unresolved	
Luxxxxe	unresolved	
LUXZUZ // ONE TWO	unresolved	
Luxoptica	unresolved	
Luxuar Fashion	unresolved	
Luzern	unresolved	
LVHR	unresolved	
LVIR	unresolved	
Lutecia	generic	generic-listing
LYLA BLANC PRIVATE LIMITED	unresolved	
Lukfook Jewellery	unresolved	
LUKFOOK	unresolved	
LynnSophie	unresolved	
LXMI	unresolved	
Lynx Optique	unresolved	
Lyndsey Clark Boutique	unresolved	
LUZI	unresolved	
M_	unresolved	
M (+) plus Design	unresolved	
M-Tac US	unresolved	
M. Moustache	ats	wttj
M. CARYA	unresolved	
LYS Beauty	unresolved	
M.D. Blend	unresolved	
M. Skin Care	unresolved	
M.Gemi	unresolved	
M.Hainey	unresolved	
Lylou the label	unresolved	
Lyle & Scott	unresolved	
Lyle & Scott Scotland	unresolved	
M.Micallef	unresolved	
M.Rena	unresolved	
M.J. Bale	unresolved	
m.ph	unresolved	
M.PATMOS	unresolved	
M.Latin	unresolved	
M.S Skincare	unresolved	
M Natural	unresolved	
M&Co.	generic	generic-listing
M+RC NOIR	unresolved	
MAAJI	unresolved	
M+	unresolved	
MA.STRUM	unresolved	
MABLI	unresolved	
Maati Maati	unresolved	
Mac Jeans	unresolved	
MAC Mode	unresolved	
MAAG	generic	generic-listing
MACARENA	unresolved	
macgraw	unresolved	
Mabô	unresolved	
Lotto	unresolved	
MACHETE	unresolved	
LolaVie	unresolved	
Macson	unresolved	
Macy's	unresolved	
Mackintosh	unresolved	
mad penguin skin care	ats	wttj
Macy's Backstage	unresolved	
Mac-House	unresolved	
Macowens	unresolved	
MACIAN	unresolved	
Madame C.J. Walker Manufacturing Company	unresolved	
Madam Glam	unresolved	
Made in Sens	unresolved	
Madame Gabriela	unresolved	
MADAMEZORRO	unresolved	
MADE BY SOCIETY	unresolved	
Macpac	generic	generic-listing
Madhappy	ats	lever
Mackage	unresolved	
Madebyesposito	unresolved	
Madelyn Ashley Cosmetics	unresolved	
MadeByMe Co.	unresolved	
Made Simple Skin Care	unresolved	
Madre Botanics	unresolved	
Madness	unresolved	
Madewell	ats	workday
Mack Weldon	unresolved	
Madre Luna	unresolved	
Magasin du Nord	ats	teamtailor
Magazine Luiza	unresolved	
Mae & George Home Fragrances	unresolved	
Macron	unresolved	
Maed Beauty	unresolved	
Maerz	unresolved	
Mads Nørgaard	unresolved	
Madison Reed	unresolved	
Magenta Threads	unresolved	
Magda Butrym	unresolved	
Magic in Mohmaya	unresolved	
Mads Nørgaard A/S	unresolved	
Maggie's Organics	unresolved	
Magnet America	unresolved	
Magic Flying Boots	unresolved	
Magnlens	unresolved	
Maggie Marilyn	unresolved	
Maghreb United Barbershop	generic	generic-listing
MAGNO MONTERO	unresolved	
Magnolia Park	ats	greenhouse
Magpie Goose	unresolved	
Magicfelt	unresolved	
Magna Dea	unresolved	
MagicLinen	unresolved	
Mahina Beaute	unresolved	
Magnanni	unresolved	
Maicazz	unresolved	
Mae & Ivy	unresolved	
Magosisters	unresolved	
Maidenform	unresolved	
MAHLA	unresolved	
MAIDEN LANE	unresolved	
MAGNETHIK	unresolved	
Maisie Wilen	unresolved	
Mainie	unresolved	
Mainio	unresolved	
MAISON AIDA	unresolved	
Mahogany	unresolved	
MAISON AMIIR	unresolved	
Mainland Skate & Surf	unresolved	
Maison ARTC	unresolved	
Maison Bernard Zins	unresolved	
Maison Alfa	unresolved	
MAISON BREEZE	unresolved	
Maison Catanzaro	unresolved	
Maison Alhambra	unresolved	
maharishi	unresolved	
Maison de L'Asie	unresolved	
Maiook	unresolved	
Maison Bon Voyage	unresolved	
Maison Francis Kurkdjian	unresolved	
Maison Birks	unresolved	
maison blanche	unresolved	
Maison Hēroïne	unresolved	
Maison Common	generic	generic-listing
Maison Labiche	unresolved	
Maison Close	unresolved	
Maison Henry Jullien	unresolved	
Maison Crivelli	unresolved	
Lurchi	unresolved	
Maison Lejaby	unresolved	
MAISON LES ÉNERVÉS	unresolved	
Maison Manël	unresolved	
Mainbocher	unresolved	
Maison Michel	unresolved	
Maison Tahité	unresolved	
Maison Rabih Kayrouz	unresolved	
Maison Rebatchi	unresolved	
Maison Yusif	unresolved	
Maison Special	unresolved	
Maison Pyramide	unresolved	
MAKE	ats	greenhouse
Majestic Filatures	unresolved	
Make & Mary®	ats	greenhouse
Make An Impact	ats	greenhouse
Make My Lemonade	ats	greenhouse
Make the Dot	ats	greenhouse
Maiyo	unresolved	
Make Up For Ever	ats	greenhouse
Make-up Art Cosmetics	ats	greenhouse
Maki Sandals	ats	wttj
MAISON MARAIS	unresolved	
Makalu	unresolved	
Majorica	unresolved	
Majestic	unresolved	
Malabar Gold and Diamonds	unresolved	
Malhia Kent	unresolved	
Maison Roboto	unresolved	
MAITO	unresolved	
Makeup By Mario	unresolved	
Mally	unresolved	
Malelions	unresolved	
Mali + Liili	unresolved	
Lucardi Juwelier	unresolved	
Maium	unresolved	
MALIN+GOETZ	unresolved	
Malvin	unresolved	
Makia	unresolved	
Malianta	unresolved	
Mama Benz	unresolved	
Lucardi	unresolved	
Malja	unresolved	
Mamas Medicinals	unresolved	
MALION VINTAGE	unresolved	
Malone Souliers	unresolved	
MamaSuds	unresolved	
Maluo	unresolved	
Mami.x	unresolved	
Mallet London	unresolved	
Malvi & Co.	unresolved	
Malo	unresolved	
Mámbino Organics	unresolved	
Mandarina Duck	unresolved	
Mandee	unresolved	
Mama Sol	unresolved	
Manas	unresolved	
Mammut	generic	generic-listing
Mancera	unresolved	
Mama;licious	unresolved	
MANDALA	unresolved	
Malwee	unresolved	
Mango	unresolved	
MANASTASH	unresolved	
Manhattan Portage	unresolved	
Mandèl	unresolved	
Mania	unresolved	
MANIA JEANS	unresolved	
manière de voir	ats	smartrecruiters-whitelabel
Mamas & Papas	unresolved	
Manaco	unresolved	
Mangotti	unresolved	
Manebí	unresolved	
MANFIELD	generic	generic-listing
Mani	unresolved	
Manduka	unresolved	
MAME KUROGOUCHI	unresolved	
Manifestie	unresolved	
Manic Panic	unresolved	
Manos del Uruguay	unresolved	
Manjeri Skincare	unresolved	
Manna Kadar Beauty	unresolved	
Mansur Gavriel	unresolved	
Männersache	unresolved	
MANOU	unresolved	
Mantis World	ats	greenhouse
Manos Soap Co.	unresolved	
Manimekala	unresolved	
Maniform	unresolved	
Manuela Conti	unresolved	
Mansa Musu	unresolved	
Manuela Henriques	unresolved	
Mansure & Prettyman's HARP	unresolved	
Mane SA	unresolved	
Mantas Ezcaray	unresolved	
Manufaktura MMS	unresolved	
Manor	generic	generic-listing
MAPI urban clothes	unresolved	
Manuel Ritz	unresolved	
MANU Atelier	unresolved	
Manolo Blahnik	generic	generic-listing
Marathon Sports	unresolved	
Manufaktura	unresolved	
Manyavar	unresolved	
Manitobah Mukluks	unresolved	
Marathon Sports	unresolved	
Manufactum	generic	generic-listing
Marble Berriez	unresolved	
maqu	unresolved	
Marathon Sports	unresolved	
Manning Cartell	unresolved	
MARA Beauty  LLC	unresolved	
MARC CAIN	unresolved	
Marc Jacobs	unresolved	
Manuele Ficano	unresolved	
Mappin & Webb	unresolved	
Marcella	unresolved	
Marcell von Berlin	unresolved	
Marat	unresolved	
Marcelo Burlon County of Milan	unresolved	
MARC AUREL	unresolved	
Maravilha Natural	unresolved	
MarcMarcs	unresolved	
Marc-Antoine Barrois	unresolved	
MARC ENZO	unresolved	
Marchesa Notte Bridesmaids	unresolved	
Marc Point Venezia	unresolved	
Marcia	unresolved	
Marc Orian	unresolved	
Marcia de Carvalho	unresolved	
Marfa Stance	unresolved	
Marco Castro	unresolved	
Marc O'Polo	generic	generic-listing
MARCO Atelier	unresolved	
MARHEN.J	unresolved	
Marco Tozzi	unresolved	
Marco Masi	unresolved	
Maria Aguyé	unresolved	
Marcos Nalini	unresolved	
Marco Aldany	unresolved	
Maria Contigiani	unresolved	
Marden's	unresolved	
Margaret Selection Paris	unresolved	
Marciano by GUESS	generic	generic-listing
Maria La Rosa	unresolved	
Maria Maleta	unresolved	
Maren Jewellery	unresolved	
Mari Fox Wellness	unresolved	
Maria Black	unresolved	
Marco Pescarolo	unresolved	
Margon Metamorfosi	unresolved	
Mariclaro	unresolved	
Maria Mcmanus	unresolved	
MARIAMARE	unresolved	
Mariah Rovery	unresolved	
Mariano	unresolved	
Mari Quinn	unresolved	
Marilyn	unresolved	
Marimekko	unresolved	
MarianaMalni	unresolved	
Marina Rinaldi	unresolved	
MariBodi Beauty	unresolved	
MARINA VOLPE	unresolved	
Marine Serre	unresolved	
Marinepool	unresolved	
Marie Jo	unresolved	
Maria Tash	unresolved	
Marie Originals	unresolved	
Marionnaud	unresolved	
Marigold Life	unresolved	
Marie-Chantal	unresolved	
Maripé	unresolved	
Marisa	unresolved	
Marita Moreno	unresolved	
Marine Layer	unresolved	
Marinela Makeup	unresolved	
Marine5 Shimizuya	generic	generic-listing
Marithé + François Girbaud	unresolved	
Maritime Naturals	unresolved	
Marjana von Berlepsch	unresolved	
Marjolaine	unresolved	
Marjolein Elisabeth	unresolved	
Marine Henrion	unresolved	
Marivie	unresolved	
Markham	ats	lever
Marlies Dekkers	generic	generic-listing
Marlot Paris	unresolved	
Markberg	unresolved	
Mark Formelle	unresolved	
Maria Grachvogel	generic	generic-listing
MARK PJETRI	generic	generic-listing
MARKAWARE	unresolved	
Mario Doni	unresolved	
Marlow and Mae	unresolved	
Marloweville	unresolved	
Marlù	unresolved	
Marpple Corporation	unresolved	
MarMar Copenhagen	unresolved	
MARMARSO	unresolved	
Marko	generic	generic-listing
Marmalade	unresolved	
Mars Loves Her	unresolved	
Marshall Artist	unresolved	
Marisfrolg	unresolved	
Marocafella	unresolved	
Marshall Columbia	unresolved	
Märta Larsson	ats	personio
MARLE	unresolved	
Marshalls	unresolved	
Marni	unresolved	
Mars Nails	unresolved	
Marmot	unresolved	
Marsèll	unresolved	
Mart Visser	unresolved	
Maru & Ming	unresolved	
MARTAN	unresolved	
Marumitsu	unresolved	
Martha Medeiros	unresolved	
MARUPE LINEN HOUSE	unresolved	
Martina Spetlova	unresolved	
Martina Pipková Loudová	unresolved	
Martes Sport	unresolved	
MARY ALLAN SKIN CARE	unresolved	
Martine ROSE	unresolved	
Mary Katrantzou	unresolved	
Marques ' Almeida	unresolved	
Mary Tylor Naturals	unresolved	
Marudai	unresolved	
Maryan Mehlhorn	unresolved	
MaryRuth's	ats	teamtailor
Maruti	unresolved	
Marville	unresolved	
Marysia	unresolved	
Martin Asbjørn	unresolved	
MAS Holdings	ats	greenhouse
Masapera	unresolved	
Mary Kay	unresolved	
MASCOT Workwear	ats	successfactors
Marvelis	unresolved	
Mascotte	unresolved	
Marylia Scott Cosmetics	unresolved	
MARYPAZ	unresolved	
Masha Apparel	unresolved	
Maryam Ahmed Official	unresolved	
MASHA POPOVA	unresolved	
MARY YOUNG	unresolved	
MASSI MILANO	unresolved	
Mascaró	unresolved	
Masala Tee	unresolved	
Mark's	unresolved	
Masami	unresolved	
Massimo Dutti	unresolved	
Massimo Romolini	unresolved	
Mashu	unresolved	
Maska Organics	unresolved	
Marks & Spencer	unresolved	
mat star	ats	teamtailor
Mason's	unresolved	
Mata Traders	unresolved	
Masai	unresolved	
Mastak	unresolved	
Match point linen	unresolved	
Matcha Paris	unresolved	
Mateo	ats	personio
Masterpeace	unresolved	
Matalan	unresolved	
mastermind Japan	unresolved	
MASTER BUNNY EDITION	unresolved	
MASTOOR	unresolved	
Masumi Headwear	unresolved	
Master Soap Makers	unresolved	
MATE the Label	unresolved	
Matahari Department Store	unresolved	
Matsuda	unresolved	
MATER SOAP LLC	unresolved	
Matinique	unresolved	
Materiel	unresolved	
Matix	unresolved	
Mason Garments	unresolved	
MATT Optik	ats	recruitee
Matt & Nat	ats	recruitee
MATIN	unresolved	
Matières Fécales	unresolved	
Matsuzakaya	unresolved	
Matteau	unresolved	
Matthew Bruch	unresolved	
MATTISE	unresolved	
Matsuya	unresolved	
Maui Jim	unresolved	
Matsuzakaya Nagoya	unresolved	
MATONA	unresolved	
Matri	unresolved	
Matr Boomie	unresolved	
Maura Coscia Atelier	unresolved	
Maurice Malone	unresolved	
Matter Outdoors	unresolved	
Maurices	unresolved	
Matter Facial	unresolved	
Maven Women	unresolved	
Maureen	unresolved	
MASKA	unresolved	
Mäurer & Wirtz	generic	generic-listing
Maurice Lacroix	unresolved	
Max	ats	recruitee
Max et Moi	ats	recruitee
MATY	unresolved	
Max Mara	ats	recruitee
Max Fashion	ats	recruitee
Maurie & Eve	unresolved	
Maurizio Baldassari	unresolved	
Max Mara Fashion Group	ats	smartrecruiters-whitelabel
Mautto	unresolved	
MAX&Co.	ats	recruitee
Max Original Leather	ats	recruitee
MAUBOUSSIN	unresolved	
Mavala UK	unresolved	
MaxTara	unresolved	
MAXRIENY	unresolved	
Maxfaber	unresolved	
MAVI STEP	unresolved	
Maya Chia	ats	lever
Maya Eco	ats	lever
Maya Magal	ats	lever
Maya Maya	ats	lever
Maya's Ideas	ats	lever
Mavic	unresolved	
MAXMILA	unresolved	
Maxomorra	unresolved	
MAVOHAIR	unresolved	
Maxeffects Naturals	unresolved	
MaWeePet	generic	generic-listing
Mayoral	ats	teamtailor
Maximo	unresolved	
Mavi	generic	generic-listing
Maya Mari Kids	unresolved	
Mayerline	unresolved	
Maylyn & Co.	unresolved	
Maypol	unresolved	
Mayan Fair Trade Store	unresolved	
Mayo Chix	unresolved	
Maxxam	generic	generic-listing
MB Cork	unresolved	
mazine	unresolved	
Maze	unresolved	
Mayer's Markenschuhe	unresolved	
Maybelline	unresolved	
Mazador	unresolved	
Mazoni	unresolved	
MbyM	unresolved	
McGregor	unresolved	
McConnell	unresolved	
MCS	ats	greenhouse
McCall's Highlandwear	unresolved	
McGregor Footwear	unresolved	
McTREK	unresolved	
McGuire Army Navy	unresolved	
MC2 SAINT BARTH	unresolved	
MCLC	unresolved	
Mazzucchelli's	unresolved	
MDNT:45	unresolved	
MBT / Masai Barefoot Technology	unresolved	
Me%	unresolved	
MD GLAM	unresolved	
Meaningful Beauty ®	ats	recruitee
MCM	unresolved	
MD	generic	generic-listing
Me Mother Earth	unresolved	
MECRE	unresolved	
MEACHEAL	unresolved	
Medicine	unresolved	
Mayamiko	unresolved	
Mees	unresolved	
Meadowlark	unresolved	
MEGAN & CO Herbal Apothecary and Clinic	unresolved	
medovy.shop	unresolved	
Mediceuticals	unresolved	
McTavish Surf	unresolved	
Megan Wilson Jewelry	unresolved	
MedZone	unresolved	
MEC Canada	unresolved	
Me Spa	unresolved	
Megababe	unresolved	
Meemoza	unresolved	
Md’M	unresolved	
Mehran	unresolved	
Megane Store	unresolved	
Mei Apothecary	unresolved	
Megan Leone Designs	unresolved	
Megane Drug	unresolved	
Meislahn	unresolved	
Meinekette	unresolved	
Megane Ichiba	unresolved	
Meitetsu Department Store Head Store	unresolved	
Mejuri	unresolved	
MEILLEUR MOMENT	unresolved	
Meindl	unresolved	
Melania	unresolved	
Megasport	generic	generic-listing
MELA	ats	personio
ME+EM	unresolved	
MeisterSinger GmbH & Co. KG	unresolved	
Mela Vastra	unresolved	
Meli Melo	unresolved	
MelanBrand Skin	unresolved	
Meganesuper	unresolved	
Melik Shoes	unresolved	
Melanin Haircare	unresolved	
MELAWEAR	ats	personio
MelAsana Soap	unresolved	
Melin	unresolved	
Melanie Lyne	unresolved	
Meleg Perfumes	unresolved	
Melie Bianco	unresolved	
Meka Models	unresolved	
MELT THE LADY	unresolved	
Meliora Cleaning Products	unresolved	
melvin & hamilton	unresolved	
Melissa Odabash	unresolved	
Melbourne Leather Co.	unresolved	
Melrose Ave Fashion	unresolved	
Melt Cosmetics	unresolved	
Melissa	unresolved	
Mennace	unresolved	
Members Only	unresolved	
MEOMARI	unresolved	
MĒNOS skin	unresolved	
Melissa Joy Manning	unresolved	
Mellins	generic	generic-listing
menique	unresolved	
Men's Wearhouse	unresolved	
Memoize London	unresolved	
Menbur	unresolved	
Meow Meow Tweet	unresolved	
MEMORA	unresolved	
Merc	unresolved	
Merchcode	unresolved	
Merkal	ats	teamtailor
Meridian	unresolved	
McOptic	unresolved	
mephisto	unresolved	
Merrell	unresolved	
Merino Kids	unresolved	
Merge4 Mfg. Inc	unresolved	
MERIT	unresolved	
Mermaid&Wild	unresolved	
MeridaSKIN	unresolved	
MercuryDuo	unresolved	
MERCER	unresolved	
Meshki	unresolved	
Mercer Amsterdam	unresolved	
Merry People	unresolved	
MERSOR	unresolved	
Mes Vacances	unresolved	
Merz B. Schwanen	ats	personio
Meryll Rogge	unresolved	
Mesure	unresolved	
METALGIENCHI	unresolved	
Mètamour	unresolved	
METHOD H L.A.	ats	greenhouse
Meta Campania Collective	unresolved	
Message	unresolved	
MesoLyft Micro-Needling Skincare	unresolved	
Mes Demoiselles Paris	unresolved	
Metisse	unresolved	
Message Factory	unresolved	
Messy Weekend	unresolved	
Mestiza New York	unresolved	
Melton	unresolved	
Metz & Co	unresolved	
Messika	unresolved	
Metro Shoes	unresolved	
Meyba	unresolved	
Metro Retail Stores Group	unresolved	
Mezea	unresolved	
Mezzoroni	unresolved	
Mexibera	unresolved	
Mey	unresolved	
Merle Norman Cosmetics	unresolved	
MeUndies	unresolved	
Mexx	generic	generic-listing
Metro Oasis	unresolved	
Metersbonwe	unresolved	
Mi Bolsa	unresolved	
Mi-el	unresolved	
MIAYDI	unresolved	
Mi. O Milanoptics	unresolved	
Mibo	unresolved	
Michael Aram	unresolved	
Mialuis	unresolved	
Miakoda	unresolved	
Mianqa	unresolved	
Michel & Amazonka	ats	personio
Michael Hill Jeweller	unresolved	
Michael Kors	unresolved	
Michel Germain Parfums	ats	personio
MICHALSKY	unresolved	
Mia Contessa	unresolved	
Michèle	unresolved	
Midas	unresolved	
Miccy's	unresolved	
MIAOU	unresolved	
Meyer Broeken	unresolved	
Michelle Marie Boutique	unresolved	
Michele & Hoven	unresolved	
Mighty Good Basics	ats	greenhouse
Midheaven Denim	unresolved	
Miga Swimwear	unresolved	
Miidii	unresolved	
Mightly	unresolved	
Miiow	unresolved	
MiH Jeans	unresolved	
MIKAINE	unresolved	
MIESROHE	unresolved	
Mikan	unresolved	
Michelle Kraemer Jewellery	generic	generic-listing
Mika & Milo	unresolved	
MiiK	unresolved	
Miansai	unresolved	
MICHI	unresolved	
Mila Beach	unresolved	
Miista	unresolved	
Mieke Dierckx	unresolved	
Metissier	unresolved	
MIKII	unresolved	
Milano	unresolved	
Mike Davis	unresolved	
Miles Culture	unresolved	
Miki House	unresolved	
Miles of Moisture	unresolved	
Mikk-Line	unresolved	
Mikimoto	unresolved	
Miladys	unresolved	
MILANI	unresolved	
Milano Italy	unresolved	
Milk and Skin	unresolved	
Milk Made Skin	unresolved	
Milkbarn	unresolved	
MILA OWEN	unresolved	
Milla Amsterdam	unresolved	
Milestone	unresolved	
Milano Couture	unresolved	
Milktology	unresolved	
Milkweed Baby	unresolved	
Miller Harris	unresolved	
Milliana	unresolved	
Milk Makeup	unresolved	
Milimewa	unresolved	
Mido	unresolved	
MIMAAMI ORGANICS	unresolved	
Milan Laser Hair Removal	unresolved	
Mimi A La Mode Hollywood	unresolved	
Millers	unresolved	
Mimi Holvast	unresolved	
Millstone Farm & Organics Inc.	unresolved	
Milly	unresolved	
MILKFED.	unresolved	
Mimar™	unresolved	
MiN NEW YORK	ats	recruitee
Mimi Prober	unresolved	
Milly Shop	unresolved	
Milus	unresolved	
Mindful Botanicals	ats	personio
Mind Games	ats	teamtailor
Mimiq	unresolved	
MimiScrubHats	unresolved	
MIMIKRI	unresolved	
Mineral & Co.	unresolved	
Mina and the Moon	unresolved	
MiMiSol	unresolved	
Mine Line	unresolved	
Mimco	generic	generic-listing
Mineral Silk	unresolved	
Mineral Fusion	unresolved	
Minga London	unresolved	
Mineral Options	unresolved	
MINI MOLLY	unresolved	
Minimalist	ats	recruitee
mina perhonen	generic	generic-listing
Minimum	ats	teamtailor
MINELLI	unresolved	
Mini Mioche	unresolved	
Minimum Fashion	unresolved	
Ministry of Gems	unresolved	
MINIMADEIA	unresolved	
Minkpink	unresolved	
minitmute	unresolved	
MinimalisticLinen	unresolved	
MINI A TURE	unresolved	
MiniLuxe  Inc.	unresolved	
Millet Mountain	unresolved	
MINJUKIM	unresolved	
Ministry of Supply	unresolved	
Mini Rodini	unresolved	
Millets	unresolved	
Minnie Rose	unresolved	
Mini Peace	generic	generic-listing
Minori	unresolved	
Minti	unresolved	
Minus	unresolved	
mint&mia	unresolved	
Minnetonka Moccasin	generic	generic-listing
mintedLeaf	unresolved	
MIPACHA	unresolved	
MINOTAUR	unresolved	
Minteyes	unresolved	
Mira Mikati	unresolved	
Miraculum	unresolved	
Mint Velvet	unresolved	
MIP & TOAD	unresolved	
Miracle Oil	unresolved	
Miomojo	unresolved	
miomi	unresolved	
Miraculum S.A.	unresolved	
Minuit Sur Terre	unresolved	
Miracles & More	unresolved	
Miramira	unresolved	
Mirabelle Jewelry	unresolved	
Mirage Studios	unresolved	
Miraj	unresolved	
MISBHV	unresolved	
Miracle of Denim	unresolved	
MIRATE	unresolved	
Mirasa Design	unresolved	
Mise au Green	unresolved	
Mirla Beane	unresolved	
Miribel Naturals	unresolved	
Miss Chase A+	unresolved	
Miss fiorentina	unresolved	
miss goodlife	unresolved	
Misako	unresolved	
Miriam Tirinzoni	unresolved	
Miss Selfridge	unresolved	
Mishka NYC	unresolved	
MISHA VAIDYA	unresolved	
Miss Sixty	unresolved	
Miss Chase	unresolved	
Miss Diva	unresolved	
Miss Spa	unresolved	
Miss Pompom	unresolved	
Miss Etam	unresolved	
Mister Jackson	unresolved	
Miss Rose Sister Violet	unresolved	
Miss Selfridge	unresolved	
Missguided	unresolved	
Mirth	unresolved	
MISSONI	unresolved	
Mistervinas	unresolved	
MISSING	unresolved	
Mister Spex	unresolved	
Missha	unresolved	
Miu Miu	unresolved	
mister tee	unresolved	
Miumax Gifts	unresolved	
Mission Mercantile	unresolved	
Minx	unresolved	
Mistral	unresolved	
MIXIK SKIN	unresolved	
Mitsui	unresolved	
MITALEE	unresolved	
mister*lady	generic	generic-listing
Mixeri	unresolved	
mizuiro ind	unresolved	
Mister Zimi	unresolved	
Missonep	unresolved	
MIXXO	unresolved	
MKS eco Hair Care	unresolved	
MK exclusive	unresolved	
MIZZEN	unresolved	
Mixit	generic	generic-listing
MMLG	unresolved	
Mizuno	unresolved	
MLB	unresolved	
mmb by hand	unresolved	
Mlouye	unresolved	
MJUS	unresolved	
Moa	ats	smartrecruiters-whitelabel
Miumosa	unresolved	
MOB Beauty	ats	teamtailor
MMX Germany 2010	unresolved	
Mnmur	unresolved	
MO&Co.	unresolved	
MO	unresolved	
Mochi	unresolved	
moaconcept	unresolved	
Mizuno Corporation	unresolved	
Moda MarieClaire	unresolved	
MO	generic	generic-listing
Mobach	unresolved	
Modallica	unresolved	
Mobile Monster Pty Ltd	unresolved	
Mochidream	unresolved	
Modelinia	unresolved	
MMIC	unresolved	
ModCloth	unresolved	
Mode Express	unresolved	
Modepark Röther	unresolved	
Mitsukoshi	unresolved	
Modell's	unresolved	
Mochi	unresolved	
Mode Commuter	generic	generic-listing
Modanisa	unresolved	
Modström	unresolved	
Modern Burlap	unresolved	
Modern Earth Skincare	unresolved	
Modern Age Skin	unresolved	
Modum	unresolved	
Moheda Toffeln	unresolved	
Moda in Pelle	unresolved	
Modern Eternity	unresolved	
MODHER	unresolved	
MiYé	unresolved	
Mollagara Since 1895	unresolved	
Moe Kim Textile Studio	unresolved	
MoEa	unresolved	
Molliolli	unresolved	
Mojave Desert Skin Shield	unresolved	
Molly Bracken	unresolved	
Modibodi	unresolved	
Moliin	unresolved	
MOHITO	unresolved	
Molli	unresolved	
MOFAN	unresolved	
Molinard	unresolved	
Moma	unresolved	
MoMI Skincare	unresolved	
Mom Aid	unresolved	
Momoni	unresolved	
Moment.Amsterdam	unresolved	
Momotaro Jeans	unresolved	
Molly Goddard	unresolved	
MomsRack	unresolved	
Mon Chou	unresolved	
Mon Col Anvers	unresolved	
Molo	unresolved	
Molton Brown	unresolved	
MOMOCO	unresolved	
Mon Platin Professional	unresolved	
Mon Pull Moche de Noël	unresolved	
Moncler	ats	successfactors
MONA Brands	unresolved	
Mommesilk	unresolved	
MONA WIE	unresolved	
MONACO DUCKS	unresolved	
MondayStyle	unresolved	
MØN RENN	unresolved	
Monarque	unresolved	
Mondaine	unresolved	
Mondraghi	unresolved	
MONALA	unresolved	
MONC	unresolved	
Monica Vinader	ats	teamtailor
MONESSA	unresolved	
Monica Hansen Beachwear	unresolved	
MONFRÈRE	unresolved	
Monique	unresolved	
Monge	unresolved	
Monique Péan	unresolved	
Monki	unresolved	
Monica Ann Beauty	unresolved	
Monies	unresolved	
MONK & ANNA	unresolved	
Monkee Genes	unresolved	
Monni	unresolved	
Mondo Mondo	unresolved	
Monday Swimwear	unresolved	
MONO Concept Store	unresolved	
MONKIND	unresolved	
Monsieur Tshirt	ats	teamtailor
Monica + Andy	generic	generic-listing
Monsieur Brunold	unresolved	
Monsoon	unresolved	
Monos	unresolved	
Monsuri	unresolved	
Mollini	unresolved	
Monokel Eyewear	unresolved	
Monnari	unresolved	
Montblanc	unresolved	
Montado	unresolved	
MOD'SPE Paris	unresolved	
Montagne Jeunesse	unresolved	
Monsoon Blooms	unresolved	
Montale	unresolved	
Monter Skin	unresolved	
Monterrain	unresolved	
MontieK	unresolved	
MONOLOGUE	generic	generic-listing
Moo Moo Bath Co	ats	lever
Moo'ilo	ats	lever
Montechiaro	unresolved	
Moodstreet	unresolved	
Montelle Intimates	unresolved	
MOON JUICE	ats	greenhouse
Moon Boot	ats	greenhouse
Moon Mother Hemp Company	ats	greenhouse
Moon Ridge Company	ats	greenhouse
Moon Valley Organics	ats	greenhouse
Montelliana	unresolved	
Montbell	unresolved	
Moon Rabbit Acupuncture	ats	greenhouse
Moody Me	unresolved	
Moor Spa	unresolved	
Montec	unresolved	
MONTCE	unresolved	
Moonbow Skin	unresolved	
Montres and Co	unresolved	
moodytiger	generic	generic-listing
MOOYYY	unresolved	
Moores	unresolved	
MOONCASTLE	unresolved	
moost wanted	unresolved	
More Joy	unresolved	
Moreboards	unresolved	
Monnalisa	unresolved	
MORALFIBRE	unresolved	
moonstar	unresolved	
Morgans Apothecary	ats	greenhouse
Morari Perfumes	unresolved	
More & More	unresolved	
Moose Knuckles	unresolved	
Morgan Lane	unresolved	
Mordenmiss	generic	generic-listing
Moresque	unresolved	
Morjas	unresolved	
Morleys Stores Ltd	unresolved	
Morphe 2	unresolved	
Moroccan Beauty Secrets	unresolved	
Morrocco Method Int'l	unresolved	
MOROTAI	unresolved	
Morro Cadamia	unresolved	
Morton Mac	unresolved	
MOROBÉ	unresolved	
MOS MOSH Gallery.	ats	greenhouse
Mosaic	ats	smartrecruiters-whitelabel
Mos Mosh	ats	greenhouse
MORI	unresolved	
Morxiva	unresolved	
Moscot	unresolved	
mori	unresolved	
Mosaert	unresolved	
Morgan Jewelers	unresolved	
Moschino	unresolved	
MORRSAN	unresolved	
Moss Botanicals	unresolved	
Morton Essentials	unresolved	
Mossimo	unresolved	
Moso morrow	unresolved	
Motel	ats	teamtailor
Moss	generic	generic-listing
Moshulu	unresolved	
MOTHER	unresolved	
Moscow Gostiny Dvor	unresolved	
Mossman	unresolved	
Most Prominent Co.	unresolved	
Mother Science	unresolved	
moss copenhagen	unresolved	
Motherhouse	unresolved	
Motherhood Maternity	unresolved	
Motif Beauty	unresolved	
Motivi	unresolved	
Motivo Scar Care	unresolved	
mou	unresolved	
Mouawad	unresolved	
Mountain Girl Essentials	unresolved	
Mount Lai	unresolved	
Mountain Hardwear	unresolved	
Motherlove Herbal Company	unresolved	
Moumout	unresolved	
Moskva	unresolved	
Milavitsa	unresolved	
Movado	ats	workday
Moynat	unresolved	
Mountain Warehouse	generic	generic-listing
Mountain Research	unresolved	
Moves	unresolved	
Moustard	unresolved	
MP Massimo Piombo	unresolved	
Moser Trachtenwelt	unresolved	
Mouth Watchers	unresolved	
Moxxie	unresolved	
MOXĒ	unresolved	
MOUSSY	generic	generic-listing
Mr & Mrs Italy	unresolved	
MR MARVIS	ats	teamtailor
MOZHDEH MATIN	unresolved	
Mozz bags	unresolved	
MQ MarQet	ats	teamtailor
Mr Jones Watches	unresolved	
MQ  Sweden	ats	teamtailor
Mr Mittens	unresolved	
MPM-Quality	generic	generic-listing
Mr Price Sport	unresolved	
Mr Price Fashion	unresolved	
Mr. B's Soulful Tees	unresolved	
Mr. Lacy	unresolved	
MQG Professional	unresolved	
Mr. Blue	unresolved	
Mr. Loutre	unresolved	
MS Mode	generic	generic-listing
MSCH	unresolved	
MPG Sport	unresolved	
Mr. Davis	generic	generic-listing
Mrchlabel	unresolved	
Mr. NiceGuy	unresolved	
Mrs. Meyer's Clean Day	unresolved	
MSTRDS	unresolved	
Muchachomalo	unresolved	
MSGM	unresolved	
MS GLAMOUR	unresolved	
Mugambo Fashion	unresolved	
Mucho Gusto	unresolved	
MUJI	unresolved	
Mudita Earth	unresolved	
Muji / 無印良品	unresolved	
Mr. Big & Tall	unresolved	
MUDRA	unresolved	
MRZ	unresolved	
Multiopticas	ats	teamtailor
Multiópticas	ats	teamtailor
MUD Jeans	unresolved	
mp Denmark	unresolved	
Mughal Apparel	unresolved	
MUMUK	unresolved	
Munay Brand	unresolved	
Muji	unresolved	
MSGR	unresolved	
MUMATOTE	unresolved	
Muebles América	unresolved	
Mukzin	unresolved	
Mumutane	unresolved	
Munjoi	unresolved	
Mulberry Skincare	unresolved	
Mundo de Uñas	unresolved	
MUNS	unresolved	
MUNICH	unresolved	
Muscat	unresolved	
Muse Apothecary	unresolved	
MUSEE	unresolved	
MUSE COPENHAGEN	unresolved	
Muroexe	unresolved	
MUNYÉ	unresolved	
Müsli	unresolved	
Musier Paris	unresolved	
MVMT	ats	smartrecruiters-whitelabel
MUYA	unresolved	
Mulberry	unresolved	
MY ESSENTIAL WARDROBE	unresolved	
Mussofi	unresolved	
Munthe	unresolved	
My Jewellery	ats	recruitee
Mustang	unresolved	
Mustang	unresolved	
My July Skin LLC	unresolved	
Mutsaers	unresolved	
My Favourite Piece	unresolved	
MY BEACHY SIDE	unresolved	
My RIna	unresolved	
MY SALON Suite	unresolved	
My Sheen Skin	unresolved	
My Brand	unresolved	
My EyeLab	unresolved	
MyEyeDr.	unresolved	
My Little Belleville	unresolved	
My Petite Coco	unresolved	
Muzungu Sisters	unresolved	
Mykke Hofmann	unresolved	
MYM	unresolved	
MYMARINI	ats	personio
MY SOUL	unresolved	
My Vegan World	unresolved	
myMO	unresolved	
Mustang Survival	unresolved	
My Skincare Oasis	unresolved	
MYASTREET	unresolved	
Mystic Moods	unresolved	
Mykke Hoffmann	unresolved	
Mystic Select	unresolved	
MYoMY	unresolved	
Myla	unresolved	
Mystic	unresolved	
MYSKINBUDDY	unresolved	
Myst Enterprise Ltd.	unresolved	
MYKITA	generic	generic-listing
Mywalit	unresolved	
N°21	ats	smartrecruiters-whitelabel
Mystrada	unresolved	
n.d.c. made by hand	unresolved	
N8KED Beauty	unresolved	
Myer	generic	generic-listing
NA-KD	ats	teamtailor
N Sport	unresolved	
N Rage	unresolved	
N.Peal	unresolved	
N.HOOLYWOOD	unresolved	
Na’Ali Skincare	unresolved	
N+ (Nitori)	unresolved	
Nackiyé	unresolved	
Nadira Bag	unresolved	
mysty woman	generic	generic-listing
NA Menswear	unresolved	
NAF NAF	unresolved	
NAE Vegan Shoes	unresolved	
Nagano	unresolved	
NĀELI	unresolved	
NAGIE	unresolved	
NAAiNAAi	unresolved	
Myrrhia Fine Knitwear	unresolved	
Na Hoku	unresolved	
NAADAM	unresolved	
NADELL	unresolved	
NAGO	unresolved	
Nail Tek	unresolved	
NAGEV	unresolved	
NAILS FRS	unresolved	
nagonstans	unresolved	
Naheva	unresolved	
Nails for You	unresolved	
Naim Josefi	unresolved	
Naima	unresolved	
NAGNATA	unresolved	
Naisture	unresolved	
Naked & Famous	unresolved	
Naked & Famous Denim	unresolved	
NAIWBE Natural As I Wanna Be	unresolved	
nakd. Thai Crystal Deodorant	unresolved	
NAKAGAMI	unresolved	
naked and thriving	unresolved	
Nakedskin Essentials	unresolved	
Name It	unresolved	
NAKED WOLFE	unresolved	
Nakery Beauty	unresolved	
Naked Wardrobe	unresolved	
Nalani Naturals	unresolved	
Namesake Fragrance	unresolved	
Nanaka	unresolved	
Namacheko	unresolved	
Nanami	unresolved	
Nala Care	unresolved	
Nanga shoes	unresolved	
nanadecor	unresolved	
NAOS	ats	successfactors
Nannacay	unresolved	
NAPA 1850	ats	teamtailor
Nanushka	unresolved	
Nanso	unresolved	
nanamica	generic	generic-listing
Naomi Goodsir	unresolved	
NANO universe	unresolved	
Napapijri	unresolved	
NANGA	unresolved	
Naot	unresolved	
NaiTangPai	unresolved	
Nagoya Mitsukoshi	unresolved	
Napo	unresolved	
Nappy Curls	unresolved	
NARCES	unresolved	
Napo Gloves	unresolved	
Narciso Rodriguez	unresolved	
NARY	unresolved	
Nasty Gal	unresolved	
nashTN	unresolved	
Nashe Beauty	unresolved	
Nash and Jones	unresolved	
Nat-2	unresolved	
Nasomatto	unresolved	
Natalie Perry	unresolved	
NAST!Q Studio	unresolved	
NassifMD Skincare	unresolved	
Natalija	unresolved	
Natacha Marro	unresolved	
Natan	unresolved	
nat’v basics	unresolved	
Natascha von Hirschhausen	unresolved	
Natasha Tonic	unresolved	
Natalie Rae New York	unresolved	
Natics	unresolved	
Natalie Therése	unresolved	
NASSANI Inc.	unresolved	
Nathan-Baume	unresolved	
National Union of Manufacturers of Aromatic Products	ats	greenhouse
Natasha Zinko	unresolved	
Natalys	unresolved	
National Geographic	ats	greenhouse
Natalyia Nova	unresolved	
Native Nectar Botanicals	unresolved	
Native Nature	unresolved	
NATPURE Clinical Skin Care	unresolved	
Native Atlas	unresolved	
Native Dubai	unresolved	
Natalie Rolt	unresolved	
Natura Cosméticos S.A.	unresolved	
Natura Pura	unresolved	
Native Youth	unresolved	
Natura Siberica	unresolved	
Natalie Marie Jewellery	unresolved	
Nativa Leather	generic	generic-listing
Natasha Schweitzer	unresolved	
Natural Escapes Body	unresolved	
NATURALMENTE	unresolved	
Monoprix	unresolved	
Naturally Drenched	unresolved	
Natural World	unresolved	
Natori	unresolved	
NaturallyG4U (Good For You)	unresolved	
Nature Republic	unresolved	
Natural Beauty Basic	unresolved	
Naturana	unresolved	
Natura	unresolved	
Nature Essence Aroma	unresolved	
Naturally	generic	generic-listing
Nature's Skin And Body Food	unresolved	
Nature's Alchemy	unresolved	
Naturkompaniet	ats	teamtailor
native shoes	unresolved	
NAU!	ats	personio
Natventure	unresolved	
Nature's Sugar	unresolved	
Nautica	unresolved	
Naughty Cat Apparel	unresolved	
Nautica Competition	unresolved	
Natures Collection	unresolved	
NatureSupplyCompany	unresolved	
Naturino	unresolved	
NAVAHOO & MARIKOO	unresolved	
NATURIUM	unresolved	
Naturals	unresolved	
Navinka Skin	unresolved	
Nayko Naturals	unresolved	
NDX / Index	unresolved	
Nautica Japan	unresolved	
near.nippon	ats	wttj
NCLA Beauty	unresolved	
Navitus Parfums	unresolved	
Nealy Naturals	unresolved	
Neca 7	unresolved	
Näz	unresolved	
Nature & Découvertes	generic	generic-listing
Naturopathica	unresolved	
NEBBIA	unresolved	
NEATwipes	unresolved	
NBB WEEKEND	unresolved	
ne Quittez pas	unresolved	
Neeman's	unresolved	
NeedCrystals	unresolved	
Neiman Marcus	unresolved	
Needle and Thread	unresolved	
NED Dutch Fashion Design	unresolved	
Morphe	unresolved	
Neem	unresolved	
Neil Barrett	unresolved	
Neeve	unresolved	
Nelson	ats	wttj
Nelson Schoenen	ats	wttj
Naturalizer	unresolved	
Needles	unresolved	
Nene Glamour	unresolved	
Nénés	unresolved	
NEIWAI	unresolved	
NEKKO	unresolved	
Nellie's Clean	unresolved	
Neirami	unresolved	
Nemah	unresolved	
NENE	unresolved	
Neo Noir	unresolved	
NeoLife	unresolved	
Neon Hippie	ats	lever
NEIGHBORHOOD	unresolved	
Neil Morris Fragrances	generic	generic-listing
Nemski Centar	unresolved	
Nerium International	unresolved	
Nepenthes	unresolved	
Nesavaali	unresolved	
Nensi Dojaka	unresolved	
NENYA	unresolved	
NEOCOCO	unresolved	
Neonail	unresolved	
Neu Nomads	ats	greenhouse
Nera	unresolved	
Navy Exchange	unresolved	
Nette	unresolved	
Nena & Co.	unresolved	
Neosens	unresolved	
Never Enough	unresolved	
New Balance	generic	generic-listing
Nette Rose	unresolved	
New Balance	generic	generic-listing
New Amsterdam Surf Association	ats	greenhouse
New Balance Golf Japan	ats	greenhouse
New Directions Aromatics	ats	greenhouse
New Era	ats	greenhouse
New Girl Order	ats	greenhouse
NEUW	unresolved	
New Man	ats	greenhouse
Neuw denim	unresolved	
New in Town	ats	greenhouse
New Look	ats	greenhouse
New Optimist	ats	greenhouse
New Ordinary People	ats	greenhouse
NEW YORKER	ats	greenhouse
NET	unresolved	
New York & Company	ats	greenhouse
Newbie	unresolved	
Next	ats	teamtailor
Nexus	ats	greenhouse
New Standard	ats	greenhouse
nēvo® Multi-Scent Natural Deodorant	unresolved	
NEST New York	unresolved	
Newton Running	ats	lever
nest Robe	unresolved	
Newline	unresolved	
NGM	unresolved	
Ni	unresolved	
Neye	unresolved	
Neora	generic	generic-listing
newnow	unresolved	
Neycko	unresolved	
NICCE	unresolved	
Nice Things	ats	greenhouse
neyi	unresolved	
NFUSE	unresolved	
Nice Rice	ats	greenhouse
NEXUSVII.	unresolved	
Ngali	unresolved	
NIA	unresolved	
Never Fully Dressed	unresolved	
Nialaya	unresolved	
Nick Stenson Beauty	unresolved	
Niccolò P.	unresolved	
Nick Ricardo Collection	unresolved	
Nicholas K	unresolved	
NICKY DIAMONDS	unresolved	
NICO	ats	personio
Nicholas Kirkwood	unresolved	
NiciArt	unresolved	
NICHOLAS	unresolved	
NICKA K NEW YORK	unresolved	
Nicki Minaj Fragrances	unresolved	
Nicki Colombo	unresolved	
Niessing Manufaktur	unresolved	
NICOLE ALEX	unresolved	
Night Addict	unresolved	
Nicholas Daley	unresolved	
Night Streak	unresolved	
Nicci Boutiques	unresolved	
Nicola Hinrichsen	unresolved	
Nicola Santarelli	unresolved	
Nihombashi Mitsukoshi Main Store	unresolved	
NIKIN	ats	recruitee
Nicolaï Parfumeur-Créateur	unresolved	
Nicole Miller	unresolved	
NIK&NIK	unresolved	
Nicowa	unresolved	
NiceAces	unresolved	
Niki Heat	unresolved	
NIKKIE	unresolved	
Nightshift Wax Company	unresolved	
nestwell	unresolved	
Nimble	ats	recruitee
Nin & Laur	unresolved	
Nike Vision	unresolved	
Nikben	unresolved	
Nina Rein	unresolved	
Nike	ats	workday
Nikka Place	unresolved	
Niles and Chaz	unresolved	
NINA YUUN	unresolved	
niLuu	unresolved	
Nine West	unresolved	
NIKKI CHASIN	unresolved	
NINE TO FIVE	unresolved	
NINA HO ILLUSTRATION	unresolved	
Ninety Percent	unresolved	
Nina Nest	unresolved	
NingBo ShanShan Co. Ltd.	unresolved	
NIS	ats	personio
Nioulargo	unresolved	
niko and …	unresolved	
Nili Lotan	unresolved	
Nina Ricci	unresolved	
Nissen	unresolved	
Nitro	unresolved	
Ninoshka	unresolved	
Nile Clothing	unresolved	
Nina von C.	unresolved	
Niovi Organics	unresolved	
Nisha Manufacturing	unresolved	
Nira Rubens	unresolved	
Nishane	unresolved	
NIZHONI	unresolved	
Nisolo	unresolved	
NitWit NZ clothing	unresolved	
No 8 Galway	unresolved	
NIU	unresolved	
No Bad Days Club	unresolved	
Nixnut	unresolved	
Nixon	unresolved	
NIZA	unresolved	
NN.07	unresolved	
NKD	generic	generic-listing
Nishimatsuya	unresolved	
Ninette	unresolved	
Nº21	ats	smartrecruiters-whitelabel
NK Store	unresolved	
NO MORE	unresolved	
NOAH	ats	greenhouse
Noah & Sisi	ats	greenhouse
Noah NYC	ats	greenhouse
No.1 Como	unresolved	
NO KA 'OI	unresolved	
No Name	unresolved	
NoBell’	unresolved	
No.624	unresolved	
No Nasties	unresolved	
Nobody Denim	unresolved	
Noa Noa	unresolved	
Nobrand	unresolved	
No44	unresolved	
No-Tweeze	generic	generic-listing
Noblem Skincare	unresolved	
nobodinoz	unresolved	
Noble Panacea	unresolved	
Nocibé	unresolved	
Noani	unresolved	
Nocturne	unresolved	
Noctu	unresolved	
NOE(No One Else)	unresolved	
No Excess	unresolved	
No Label	unresolved	
Noda	unresolved	
NOIRE LINE	unresolved	
Nodaleto	unresolved	
Nobody's Child	unresolved	
NOEND	unresolved	
Noize	unresolved	
Noemi Swim	unresolved	
Noisy May	unresolved	
Noé & Zoë Berlin	unresolved	
Noé & Zoë	unresolved	
Nokwal	unresolved	
Nocturne	unresolved	
Nomad Design Co	unresolved	
Nomadic State of Mind	unresolved	
Nomads	unresolved	
Nomads Clothing	unresolved	
Nomads	unresolved	
Nomasei	unresolved	
NONAT	unresolved	
Nomi Fame	unresolved	
NoMiNoU	unresolved	
NODAL	unresolved	
Noni	unresolved	
noesa	unresolved	
Nomasvello	unresolved	
Noonday Collection	unresolved	
non	unresolved	
nood	unresolved	
Noosa Active	unresolved	
NON COMMUN	unresolved	
No Makeup Makeup	unresolved	
Nono	unresolved	
NORBA	unresolved	
Nonna Lietta	unresolved	
Noor Fares	unresolved	
NORDBRANDT	unresolved	
Norden	unresolved	
Nordisk	ats	personio
NOOCH	unresolved	
Noppies	unresolved	
NonSoloSport	unresolved	
Noproblem	unresolved	
NORDIQ MOOSE	unresolved	
Nordblanc	unresolved	
Norma Kamali	unresolved	
Norah	unresolved	
NORR	ats	teamtailor
Nordgreen	unresolved	
Norrøna	ats	teamtailor
Nordiska Kompaniet	unresolved	
Nordgreen	unresolved	
Nordstrom Rack	unresolved	
Norie	unresolved	
NORTH - Menswear	unresolved	
Norlha	unresolved	
NOMOS Glashütte	unresolved	
nonnative	unresolved	
North Sails	unresolved	
Nordstrom	ats	workday
Northskull	unresolved	
Norton	unresolved	
Nose of Gatsby	unresolved	
NOSE LUV	unresolved	
NOST	unresolved	
Norrona	generic	generic-listing
North 56°4	unresolved	
Norvell	unresolved	
NORTVI	generic	generic-listing
Norman Wakabayashi	generic	generic-listing
Norse Projects	unresolved	
Notafictionalmum	unresolved	
Nosta Beauty	unresolved	
Northern Reflections	unresolved	
Not Just Pajama	unresolved	
NOSERIDER SURF CLUB	unresolved	
Not Basics	unresolved	
NOT!CE Hair Co.	unresolved	
Not Shy	unresolved	
Not Studio	unresolved	
NOT OURS	unresolved	
Nothing New	unresolved	
Nourish & Refine	unresolved	
Nour Boutique	unresolved	
Nourished Magnesium	unresolved	
Notre-V	unresolved	
NOUMENON	unresolved	
Novara	ats	lever
nothomme blue	unresolved	
Notabag	unresolved	
Nourished by Shawnta	unresolved	
NourishUs Naturals	unresolved	
Nove	unresolved	
notch	unresolved	
NOWATCH	generic	generic-listing
NOVO	unresolved	
Nouvelle Compagnie des Détergents et du Savon de Marseille	unresolved	
Nourish Organics	unresolved	
Noyoco	unresolved	
NOVA CELL	unresolved	
NR Rapisardi	unresolved	
Novesta	unresolved	
NOVINSKA	unresolved	
Nuance	unresolved	
NP Housukauppa	unresolved	
NPS	unresolved	
Nubikk	unresolved	
Nubyen	unresolved	
Nude Project	ats	teamtailor
NÜ Denmark	unresolved	
Novum Crafts	unresolved	
NUDESTIX	unresolved	
Nudie Jeans	ats	teamtailor
Nudient	ats	teamtailor
Nour Hammour	unresolved	
Nowadays	unresolved	
Nu Swim	unresolved	
NU-IN	unresolved	
Nu.	unresolved	
Nué Studio	unresolved	
Nui Ami	unresolved	
NOUS SOMMES LABELS	unresolved	
Nubian Skin	unresolved	
Nuez Acres	unresolved	
NUDEA	unresolved	
Nudge	unresolved	
nudnik	unresolved	
NUDA	unresolved	
Nué Notes	unresolved	
NÜMPH	unresolved	
Nuebiome	unresolved	
Nui Organics	unresolved	
NULASTIN  Inc.	unresolved	
Nulogica	unresolved	
Nursing Queen	ats	greenhouse
Nukus	unresolved	
Nuna Lie	unresolved	
NULABEL	unresolved	
Number One Shoes	unresolved	
Núñez de Arenas	unresolved	
Nutrire	ats	teamtailor
Nutrafol	ats	greenhouse
Nuria	unresolved	
Number (N)ine	unresolved	
Nutmeg & Apple Handmade LLC	unresolved	
Núnoo	unresolved	
Nurst llc	unresolved	
Nuur Cosmetics	unresolved	
Nurtur Health	unresolved	
Nurme	unresolved	
Nurture The Nest	unresolved	
Nuthatch Naturals	unresolved	
NYX Professional Makeup	ats	teamtailor
NZA New Zealand Auckland	ats	personio
Nyata	unresolved	
Nuvadermis	unresolved	
O My Bag	ats	recruitee
O Boticário	unresolved	
NxTSTOP	unresolved	
NWL CLUB	unresolved	
NY State of Mind	unresolved	
O'DORE	unresolved	
NVLX Labs	unresolved	
OA Non-Fashion	unresolved	
O0u	unresolved	
Oak Meadow Clothing	unresolved	
Oak Rock Designs	unresolved	
NV London Calcutta	unresolved	
O bag	unresolved	
Oakley	unresolved	
OAK+FORT	unresolved	
OAKouture	unresolved	
Oasis	ats	greenhouse
NYDJ	unresolved	
OAK & ACORN	unresolved	
Nydj	unresolved	
OBEY	unresolved	
OAKWOOD	unresolved	
OBI OBI	ats	recruitee
OAMC	unresolved	
Oak Essentials	ats	greenhouse
Obchodní centrum Letmo	unresolved	
Oberpollinger	unresolved	
O'Neill	generic	generic-listing
Oblige London	unresolved	
OBJECT	unresolved	
Obey Clothing	unresolved	
OBBI GOOD LABEL	unresolved	
Oblique Creations	unresolved	
Occeanne	unresolved	
Ocean Born	unresolved	
Obsidien's Boutique	unresolved	
Ocean Rodeo	unresolved	
Obakki Skincare	unresolved	
Obus	unresolved	
Och!	unresolved	
Oceania Legends	unresolved	
Nuvolari	unresolved	
ocean+main	unresolved	
Ocean & Oak	unresolved	
Ocean Pacific	unresolved	
occidente	unresolved	
Oceanus	unresolved	
Occult Patches & Pins	unresolved	
Ochnik	unresolved	
O.C.T. Mami	unresolved	
OCHRE	unresolved	
OCOA	unresolved	
Ochie	generic	generic-listing
OCTOBRE EDITIONS	unresolved	
odaban	unresolved	
Octavia Morgan Los Angeles	unresolved	
Oddbird	unresolved	
October	unresolved	
Ochirly	unresolved	
ODEL	unresolved	
October Jaipur	unresolved	
Odette e Odile	unresolved	
Ochsner Sport	generic	generic-listing
Odd Molly	unresolved	
Oblekt	unresolved	
Oetori	unresolved	
Of Her Own Kind	unresolved	
Odakyu Department Store Shinjuku Store	unresolved	
Odakyu Department Store	unresolved	
OETZI	unresolved	
ODLO	generic	generic-listing
Oeuf	unresolved	
Of An Origin	unresolved	
Off The Pitch	unresolved	
Oechsle	unresolved	
Odele	unresolved	
OffOn	unresolved	
Office Shoes	unresolved	
Off-White	unresolved	
Officine Creative	unresolved	
Offbeat Sweetie	unresolved	
Officine Générale	unresolved	
Ogee	unresolved	
OFFRANDES	unresolved	
OFF PLAY	unresolved	
Oh Polly	ats	teamtailor
Ofotért	unresolved	
OFFICE	unresolved	
OGL	unresolved	
ōhme	ats	greenhouse
OFRA Cosmetics	unresolved	
ÖGON Design	unresolved	
Ohana Organics	unresolved	
Ognx	unresolved	
Oh!Zuza	unresolved	
Öffen	unresolved	
OHA Vital Organic Skincare	unresolved	
Ojar	unresolved	
Ohoy Swim	unresolved	
Oh Kimono	unresolved	
Okaidi	unresolved	
Oil Divine	unresolved	
Okanagan Lavender & Herb Farm	ats	lever
OIiver Goldsmith	unresolved	
Ojai Wild	unresolved	
Okabashi	unresolved	
Office Kiko	unresolved	
Okaïdi	unresolved	
OhSevenDays	unresolved	
OKY	unresolved	
OKKO	unresolved	
OLAMIC	unresolved	
Okie Dokie	unresolved	
Oiselle	unresolved	
Oksana Fine Art and Design	unresolved	
Olaf Hussein	unresolved	
OKOKO Cosmétiques	unresolved	
Old Khaki	unresolved	
Ola Botanicals™	unresolved	
Oilily	unresolved	
Okinawa Yamakataya	unresolved	
Old Salt Grooming Supply	unresolved	
Olderbrother	unresolved	
Old Bull Lee	unresolved	
OLAPLEX  INC.	ats	greenhouse
Ölend	unresolved	
Old South	unresolved	
Old Linen Mill	unresolved	
OLD ORDER	unresolved	
Old Spice	unresolved	
Oleema Skincare	unresolved	
Olgana Paris	unresolved	
Old Navy	unresolved	
Olive & Fig Apothecary	unresolved	
Olfactory House	unresolved	
Olga	unresolved	
OLIVE BRANCH	unresolved	
OLIVE des OLIVE	unresolved	
Olive	unresolved	
Oliver Bonas	ats	greenhouse
Oliver Designs	ats	greenhouse
Olga Joan	unresolved	
Oliver Grant	ats	wttj
Oliver Logan	ats	wttj
Olive Ave Polish	unresolved	
Oliver J. Woods	ats	greenhouse
Oliver Peoples	ats	greenhouse
Oliver Spencer	ats	greenhouse
Oliver Sweeney	ats	wttj
Oliver Cabell	ats	wttj
OLD Habits DIE Hard	unresolved	
Olistic the Label	unresolved	
Olly Lingerie	ats	greenhouse
oldcolour	generic	generic-listing
Oliberté	unresolved	
Olivia Wendel	unresolved	
OLIVIA LATINOVICH	unresolved	
Ollygan	unresolved	
Ollie Skincare	unresolved	
Olmsted Outerwear	unresolved	
OLOW	unresolved	
Olive Young	unresolved	
Oltre	unresolved	
Olivida	unresolved	
Olvi's	unresolved	
OLOVE® skin	unresolved	
OLE LYNGGAARD COPENHAGEN	unresolved	
Olyanna Skincare Inc.	unresolved	
Olympia	unresolved	
OLYMP	unresolved	
Omdl Coastal	unresolved	
Olympia Brno	unresolved	
Omega Fashion	unresolved	
Olympia Blue	unresolved	
Omar Effendi	unresolved	
Olula	generic	generic-listing
Olympic Orchids Perfumes	unresolved	
OMNES	unresolved	
Olsen	generic	generic-listing
OMAURA	unresolved	
On Running	ats	greenhouse
ON PARLE DE VOUS	unresolved	
On Trend Shirts	unresolved	
Omibia	unresolved	
ONE	ats	teamtailor
Omoda	unresolved	
Omora	unresolved	
ONDURA DURABLE GOODS	unresolved	
Om Organics	unresolved	
omi crafts	unresolved	
omen & oak	generic	generic-listing
One More Story	unresolved	
One Kind Clothing	unresolved	
One Compass Beauty	unresolved	
One Spirit Vibes	unresolved	
Ondas Organics	unresolved	
Once Upon A Child	generic	generic-listing
One Farm by WAAYB	unresolved	
one’sterrace	unresolved	
One with Nature	unresolved	
One Step	unresolved	
one of yours	unresolved	
Onelogy	unresolved	
OneSkin	ats	greenhouse
OneTrail	unresolved	
ONE432	unresolved	
ONE  ALL  EVERY	unresolved	
Oneka	unresolved	
Onekind	unresolved	
One Piece Store	unresolved	
Onia	unresolved	
Onīrik	unresolved	
Onepiece	unresolved	
Onlē	unresolved	
One Vintage	unresolved	
Onself Clothing	unresolved	
ONYGO	unresolved	
Only-M.	unresolved	
ONLY PLAY	unresolved	
Only & Sons	generic	generic-listing
ONNO	unresolved	
Onurth Skincare	unresolved	
One Plane Jane	unresolved	
ONLY	generic	generic-listing
Onyx and Green	unresolved	
Oobi	unresolved	
OPALOOK	unresolved	
Open End	ats	personio
OPAQUE. CLIP	unresolved	
OOLI	unresolved	
Opening Ceremony	unresolved	
oodji	unresolved	
Opera Campi	unresolved	
OOO Polish	unresolved	
OO&VV	unresolved	
Opmar	unresolved	
Optiblu	unresolved	
OPSM	unresolved	
OPEN32	unresolved	
OPI Products	unresolved	
Oogwereld	generic	generic-listing
Oofos	unresolved	
Optical Express	unresolved	
Opera Sport	unresolved	
Opticalia	unresolved	
Optic 2000	generic	generic-listing
Optical 88	generic	generic-listing
Optima	ats	wttj
Opticlasa	unresolved	
Optiplaza	unresolved	
Opus	ats	recruitee
Onitsuka Tiger	unresolved	
Ora Juice Skincare	ats	greenhouse
OMEGA	generic	generic-listing
Optical Superstore	generic	generic-listing
Orca Bay	ats	greenhouse
Orcanta	unresolved	
Orchard Moon	ats	greenhouse
Orchestra	ats	greenhouse
OPULL'ENCE	unresolved	
Opticris	unresolved	
Ordinary Truffle	unresolved	
Oregon Soap Company	unresolved	
Orangenkinder	unresolved	
Optiker Bode	generic	generic-listing
Optika MANIA	unresolved	
OrangeShine	unresolved	
ORGAID	unresolved	
Ordifen	unresolved	
Orbasics	unresolved	
Organic Farm Fresh Tees	unresolved	
Optimist	unresolved	
Organic Cotton Mart	unresolved	
Organic Signatures	unresolved	
Organic Basics	unresolved	
Organic Threads	unresolved	
Organic Cube	unresolved	
Norman Hartnell Ltd	unresolved	
Organic Daisy	unresolved	
Organic Crew	unresolved	
Organique	unresolved	
Organ Tale	unresolved	
ORGANIC TERRA CO.	unresolved	
Organication	unresolved	
Orient Watch Company	unresolved	
Origin Mexico	unresolved	
Origin	unresolved	
Oriflame Cosmetics	unresolved	
Oriental Princess	unresolved	
Organic Zoo	unresolved	
Original FNB	unresolved	
Organically	unresolved	
Original Madras Trading Company	unresolved	
Origins Natural Resources  Inc.	unresolved	
Original Penguin	unresolved	
Original Moxie	unresolved	
Oris	ats	wttj
Orlebar Brown	ats	teamtailor
Original Sprout	unresolved	
Original Weekend	unresolved	
Optical Center	unresolved	
Ormonde Jayne	unresolved	
Original Penguin	unresolved	
Organique by Himalaya	unresolved	
ORIGINAL MARINES	unresolved	
ORIHICA	unresolved	
Ormoda	unresolved	
OROVIVO	unresolved	
ORTOVOX	ats	personio
Orit Elhanati	generic	generic-listing
Oscar De La Renta	ats	greenhouse
ORPHELIA	unresolved	
Oscar Deen	ats	greenhouse
Oscar Jacobson	ats	greenhouse
Oscar Magnuson	ats	greenhouse
Oscar Wylee	ats	greenhouse
Osei-Duro	unresolved	
ORSAY	unresolved	
Orto Parisi	unresolved	
Ortega	unresolved	
ORLY	unresolved	
Orly International Inc.	unresolved	
Osmosis Beauty	ats	greenhouse
Oshin Love	unresolved	
OshKosh B'Gosh	unresolved	
Osprey	ats	personio
Ōshadi	unresolved	
OTAZU	unresolved	
Osier	unresolved	
OTH Paris	unresolved	
Osklen	unresolved	
Otero	unresolved	
Ótica Chilli Beans	unresolved	
Organsk®	unresolved	
Óticas Carol	unresolved	
Other	unresolved	
OSKA	generic	generic-listing
Óticas Diniz	unresolved	
OSEA	unresolved	
Origin Memory	unresolved	
Otherwise	unresolved	
OTTHIE	unresolved	
Otiumberg	unresolved	
Otowil	unresolved	
Ottolinger	unresolved	
Ottino	unresolved	
Our Pocket Hero	unresolved	
OUAI	unresolved	
orslow	unresolved	
Osoi	unresolved	
Otracosa	unresolved	
OTTO	generic	generic-listing
OUTDOOR PRODUCTS Asia	ats	smartrecruiters-whitelabel
Outdoor Voices	ats	smartrecruiters-whitelabel
Ouroboros	unresolved	
Outdoor Warehouse	ats	smartrecruiters-whitelabel
Out of Srl	unresolved	
OUTERSPACE LUXURY	ats	greenhouse
Ourside	unresolved	
Oui	unresolved	
Outhorn	unresolved	
Outland	unresolved	
OVERCOAT	unresolved	
Ottoman Hands	unresolved	
Outback Ranch	unresolved	
Outerknown	unresolved	
Outfit	unresolved	
Outerknown LLC	unresolved	
Outland Denim	unresolved	
OUTRGS	unresolved	
Our Sister	unresolved	
OVV	unresolved	
Owl in a Towel	unresolved	
Overose	unresolved	
OXXO	ats	eightfold
Oxmox	unresolved	
Oysho	unresolved	
oVertone Color LLC	unresolved	
OUR LEGACY	unresolved	
Owlivia	unresolved	
Oy	unresolved	
Oxalis Apothecary	unresolved	
Ozeano Vision	unresolved	
OYU Botanica	unresolved	
Özmen Ökçe	unresolved	
OWNDAYS	unresolved	
OZETA	unresolved	
Oxbow	unresolved	
OVS	generic	generic-listing
oZtrALa	unresolved	
OZOLABS  LLC	unresolved	
Otto Kern	unresolved	
P Denim	unresolved	
P.J. Salvage	unresolved	
P448	unresolved	
Pablo	unresolved	
PacSun	unresolved	
PÄÄLÄ	unresolved	
Pablosky	unresolved	
Pabluxe Originals	unresolved	
PACE	unresolved	
Paddock's	unresolved	
P.E Nation	unresolved	
Oxford Shop	unresolved	
Padini	unresolved	
PaaPii Design	unresolved	
PACOMARTINEZ	unresolved	
Pagonis Greek Sandals	unresolved	
Pair Eyewear	unresolved	
OzSports	unresolved	
Paglieri	unresolved	
Pada Works	unresolved	
Pajar	unresolved	
Palava	unresolved	
PACT	unresolved	
Palermo Body	unresolved	
Pallet Life Story	unresolved	
Pall Mall	unresolved	
Pala Eyewear	unresolved	
Palazzo Watches & Gems	unresolved	
Palmers	unresolved	
Palladio Beauty	unresolved	
PAIGE	generic	generic-listing
Paloma Barceló	unresolved	
Palladium	unresolved	
Pacific	unresolved	
Palm Angels	unresolved	
PALMA COSMETICS	unresolved	
PAMM	unresolved	
palmer//harding	unresolved	
Pampora Leather	unresolved	
Panama Jack	ats	teamtailor
Panamuna Project	unresolved	
Palmrothin kenkätehdas	unresolved	
Pandora	unresolved	
Panerai	unresolved	
Pampered Bee	unresolved	
Paloma Wool	unresolved	
Pamela Mann	unresolved	
Pantaloons	unresolved	
Pan Club	unresolved	
Pansy	unresolved	
Papa Bear Care	ats	greenhouse
Panos Emporio	unresolved	
Paparesta Accessories	unresolved	
Panafrica	unresolved	
Papaya & Bamboo	unresolved	
Pan tu nie stał	unresolved	
Paprcuts	unresolved	
PANGAIA	unresolved	
Par Moi	ats	teamtailor
Palmes	unresolved	
PAQU	unresolved	
Pantofola D'Oro1886	unresolved	
Papucei	unresolved	
Palm Beach Tan	unresolved	
Papaya	unresolved	
PAOLA DAVOLI	unresolved	
Parco	ats	smartrecruiters-whitelabel
Parea	unresolved	
Parfum d’Empire	unresolved	
Paracas	unresolved	
Paraboot shops	unresolved	
Paprika	unresolved	
Parfois	unresolved	
PARAFINA	unresolved	
Parachute	ats	greenhouse
Parfums Artimique	unresolved	
Parfums Quartana	unresolved	
Parfums Caron	unresolved	
Parfümerie Pieper	unresolved	
Parfums de Marly	unresolved	
paria /FARZANEH	unresolved	
París	unresolved	
Paraphrase Perfume	unresolved	
Parfums Lubin	unresolved	
Paris Perfume Company	unresolved	
Parise	unresolved	
Paris Georgia	unresolved	
Parkhurst	unresolved	
Palmarosa Shop Maroc	unresolved	
Paris Miki	unresolved	
Parissa	unresolved	
Parkson	unresolved	
Parley	unresolved	
Parker Clay	unresolved	
Parmigiani Fleurier	unresolved	
Paperthinks	unresolved	
Paseos	unresolved	
Parle Moi de Parfum	unresolved	
Part Two	unresolved	
Partow	unresolved	
Paspaley	unresolved	
Pascucci	unresolved	
PASHWRAP	unresolved	
Pas Normal Studios	unresolved	
Park & Fifth Clothing Co	unresolved	
PART2 BY JUNKO SHIMADA	unresolved	
Pasithea	unresolved	
pas de calais	unresolved	
Passionata	unresolved	
Passion Marine	unresolved	
Patagonia	unresolved	
Pataugas	unresolved	
Passenger	generic	generic-listing
Patrick McDowell	ats	personio
Passport to Organics	unresolved	
Patrick Smith Botanicals	ats	personio
PatBO	unresolved	
Patrizia Aryton	unresolved	
Parfümerie Becker	unresolved	
Pasquale Bruni	unresolved	
Passion Lilie	unresolved	
Patou	unresolved	
Passioni	unresolved	
Paul & Joe Sister	unresolved	
Paul Frank	unresolved	
Patrizia Pepe	unresolved	
Patachou	unresolved	
PAUL & SHARK	unresolved	
Patt'Touch	generic	generic-listing
Paul Lebeau	unresolved	
PAULA CANOVAS DEL VAS	ats	recruitee
Paula Knorr	ats	recruitee
Paula's Choice	ats	recruitee
Paule Ka	unresolved	
Paul Taylor	unresolved	
Paul Green	unresolved	
Paul Hewitt	unresolved	
Pause	unresolved	
Pauline Dujancourt	unresolved	
Paul Smith	unresolved	
PAVEMENT	unresolved	
Pavement Shoes	unresolved	
Paul Stuart	unresolved	
Paul Smith Eyewear	unresolved	
Pawo	unresolved	
Patta	unresolved	
Payless ShoeSource	unresolved	
PC Jeweller	unresolved	
PAVE	unresolved	
PAUME	unresolved	
Peace Out Skincare	unresolved	
Pavers Shoes	generic	generic-listing
Peach & Lily	unresolved	
Peacocks	ats	smartrecruiters-whitelabel
PATAVINITY	unresolved	
Peak Performance	ats	teamtailor
Peach Not Plastic	ats	greenhouse
PEACH JOHN	unresolved	
Peach Slices	unresolved	
PEAK	unresolved	
Pearle Studio	unresolved	
Pear Concept	unresolved	
Peachy Sunday	unresolved	
Pavo Couture	unresolved	
Pearle Vision	unresolved	
Pearl Street Swim	unresolved	
Pearl & Moss Botanicals	unresolved	
Pecegueiro & F.os	unresolved	
Peckham Rye	unresolved	
Pedestrian Project	unresolved	
Pearly Gates	unresolved	
Payan Bertrand	generic	generic-listing
Pedro del Hierro	unresolved	
Pegador	ats	personio
Pechoin	unresolved	
Pedigo Firenze	unresolved	
Pedro Miralles	unresolved	
Pebby Forevee	unresolved	
Peas in a Pod	unresolved	
Pelle P	unresolved	
Pehr	unresolved	
Pedal Mafia	unresolved	
Penelope Chilvers	ats	teamtailor
PELLI	unresolved	
Peggy Sage	unresolved	
PELLIOT	unresolved	
Penfield	unresolved	
Peace Bird Women	unresolved	
Peloton	generic	generic-listing
PennyBlack	unresolved	
Peloton	generic	generic-listing
Peninsula Swimwear	unresolved	
Penhaligon's	unresolved	
Pendleton Woolen Mills	generic	generic-listing
Pelagic	unresolved	
Penningtons	ats	smartrecruiters-whitelabel
People of Leisure	unresolved	
Penshoppe	unresolved	
Penn&Ink N.Y	unresolved	
penoora's	unresolved	
People of Earth	unresolved	
Penti	generic	generic-listing
PEOPLE’S REPUBLIC OF CASHMERE	unresolved	
People of Shibuya	unresolved	
Pep&Co	ats	greenhouse
People Pleaser Co.	unresolved	
People of Color	unresolved	
PEP	ats	greenhouse
Pepco	ats	personio
People Tree	unresolved	
PèPè	unresolved	
peony	unresolved	
Peppercorn	unresolved	
Pepaloves	unresolved	
Peoples Jewellers	ats	workday
Pepe Jeans	unresolved	
Pepper Pout	unresolved	
Pequignet	unresolved	
Percy & Nell	unresolved	
Pepa Salazar	unresolved	
Peregrine	unresolved	
Perennial Soaps	unresolved	
Perfect Herbs	unresolved	
Peregrine Kidswear	generic	generic-listing
Perfect Accent	unresolved	
People Tree	unresolved	
Performance Clothing	unresolved	
Perfect Image LLC	unresolved	
Perfumy.pl	unresolved	
Perfect Moment	unresolved	
Percival	unresolved	
Perlato	unresolved	
Perlita Peaches	unresolved	
Perfection	unresolved	
Perfumer H	unresolved	
Perky Peach	unresolved	
Pepe Moll	unresolved	
Permanent Vacation	unresolved	
PERLENSAU	unresolved	
Perroy	unresolved	
Pernambucanas	unresolved	
Perlie	unresolved	
Pernille Corydon	unresolved	
PERPÈT	unresolved	
Perro Collection	unresolved	
Paul & Joe	unresolved	
Perry Ellis	unresolved	
ODE Olive Oil Beauty	unresolved	
Pertini	unresolved	
PerryCo	unresolved	
Persol	unresolved	
Persona	unresolved	
Pet~Pourri	unresolved	
Perfect Stranger	unresolved	
Peter Alexander	unresolved	
Peter England	unresolved	
Peruvian Kani	unresolved	
Perfumania	unresolved	
PETA + JAIN	unresolved	
PETERSON STOOP	ats	recruitee
Perry Ellis	generic	generic-listing
Petit Kouraj	unresolved	
Peter Jr.	unresolved	
Petit Nord Copenhagen	unresolved	
Petite M.	unresolved	
Petite Maison Kids	unresolved	
Peter Hahn	generic	generic-listing
PERVERZE	unresolved	
Petit Main	unresolved	
Peter Kaiser	generic	generic-listing
Personal Collection	unresolved	
Petite Oh	unresolved	
Petrol Industries	ats	teamtailor
Petra Design	unresolved	
PETER MILLAR	unresolved	
Petit Pli	unresolved	
Petite Studio	unresolved	
Petite mendigote	unresolved	
Peserico	unresolved	
Petrodvorets Watch Factory	unresolved	
Petty Pout	unresolved	
Petrifun Store	unresolved	
Peuterey	unresolved	
Phase Eight	unresolved	
Petite Grand	unresolved	
PH5	unresolved	
Peter Alexander	generic	generic-listing
phi.denim	unresolved	
Phildar	unresolved	
Pharmagel	unresolved	
PGA Tour Superstore	ats	workday
Pharmadrops	unresolved	
PHEONA'S JEWELERS	unresolved	
Phera	unresolved	
Philosophy di Lorenzo Serafini	unresolved	
Philosophy Blues Original	unresolved	
Philine of San Francisco	unresolved	
Pfeiffer	unresolved	
Phil's	unresolved	
PHILIP HOG	unresolved	
Philippe Model	unresolved	
PICARD	ats	recruitee
Phlur	unresolved	
Phoebe English	unresolved	
phenix	unresolved	
Phipps International	unresolved	
PHOEBE PHILO	unresolved	
Phosis	unresolved	
PHILIPP PLEIN	unresolved	
PiccoliNY	unresolved	
Piazza Italia	unresolved	
Pier One	unresolved	
Piaget	unresolved	
Pierre Hardy	unresolved	
PIECES	unresolved	
Pick 'n Pay Clothing	unresolved	
Pierre Lannier	unresolved	
Pico	unresolved	
PierreWax	unresolved	
Piera Ceresa	unresolved	
Pierre Cardin	unresolved	
Pieszak	unresolved	
Pierre-Louis Mascia	unresolved	
Piferi	unresolved	
Pierre Robert	unresolved	
Pierotucci	unresolved	
Pied de Biche	unresolved	
Piʻi Botanicals	unresolved	
Pikes Peak Apothecary	unresolved	
Piedro	unresolved	
Pietro Brunelli	unresolved	
Picture	unresolved	
Pien Studios	unresolved	
Piña	ats	personio
Para Mi	unresolved	
Pimkie	unresolved	
Pine Cashmere	ats	greenhouse
Pigmentarium	unresolved	
PING Japan	unresolved	
Piilgrim	unresolved	
Pikolinos	unresolved	
Pig  Chicken & Cow	unresolved	
PINK	unresolved	
Pink Moon	unresolved	
Pink Root Products	unresolved	
Piloti	unresolved	
Pinalli	unresolved	
PINK-latte	unresolved	
Pink Chawkulit	unresolved	
Pink Woman	unresolved	
Pink Power Makeup	unresolved	
Pineda Covalín	unresolved	
PINKO	unresolved	
Pink House Mustique	unresolved	
Pilgrim	generic	generic-listing
Pinned by K	unresolved	
Pinocchio Shoes	unresolved	
PINKY&DIANNE	unresolved	
Pink Vanilla	unresolved	
Pinrose	unresolved	
Pilgrim Clothing	unresolved	
Pip Studio	unresolved	
Pinky B Beauty	unresolved	
Pinky Club	unresolved	
pinqponq	unresolved	
Piping Hot	unresolved	
Pioneer Jeans	unresolved	
pintta	unresolved	
Pionier Workwear	unresolved	
Piper & Skye	unresolved	
PIPER LILY™ Skincare	unresolved	
Pirin-Tex	unresolved	
Pisamonas	unresolved	
PiperWai Natural Deodorant	unresolved	
pipette	unresolved	
Pit Bull	unresolved	
Pippa of London	unresolved	
Pirouette	unresolved	
Piticas	unresolved	
Pistola	unresolved	
Pippa Holt	unresolved	
Pitka Leather	unresolved	
Pixie	unresolved	
Pitod	unresolved	
Piu Brand	unresolved	
Piquadro	unresolved	
Pittarello	unresolved	
Pink	generic	generic-listing
PittaRosso	unresolved	
Pitti Vintage	unresolved	
PJ Pan	unresolved	
PIXIE MARKET	unresolved	
plae	unresolved	
Pitusa	unresolved	
Plain & Supple organic skincare	unresolved	
PJ's Soaps and Bombs	unresolved	
Plain Jane Beauty	unresolved	
plage	unresolved	
Plaine Products	unresolved	
PLAGLA	unresolved	
Plant Therapy	unresolved	
Plan C	unresolved	
Planeta Sport	unresolved	
Plant Based Candles	unresolved	
Plain Units	unresolved	
Planika	unresolved	
Plant Faced Clothing	unresolved	
Plain People	unresolved	
Play It Again Sports	unresolved	
Plantd Skincare Ltd.	unresolved	
Plato's Closet	unresolved	
Planted	unresolved	
Plantéa Skincare	unresolved	
Playful Promises	unresolved	
Playlife	unresolved	
Plantkos	unresolved	
Plasma Records	unresolved	
PLAYSHOES	unresolved	
Platinum Skin Care	unresolved	
Pletzsch	unresolved	
Plume Impression	ats	greenhouse
Pleaser Shoes	unresolved	
PLASTICITY	unresolved	
Pleatsmama	unresolved	
Plexida	unresolved	
PLU Laboratories	unresolved	
Plush Organic Skin Care	unresolved	
Plus Ultra	unresolved	
Plomo o Plata	generic	generic-listing
Playtex	unresolved	
Pnina Rosenblum Ltd.	unresolved	
PME Legend	generic	generic-listing
PLUTO	unresolved	
PNJ	unresolved	
POD Original	unresolved	
POAN	unresolved	
Poème Clothing	unresolved	
PoiLei	unresolved	
Po-Zu	unresolved	
Point Zero	ats	smartrecruiters-whitelabel
Polaroid	ats	recruitee
Polaroid Corporation	ats	recruitee
Polaroid Eyewear	ats	recruitee
PODYH	unresolved	
Plein Sport	unresolved	
Pogo	unresolved	
POC	unresolved	
POC Sports	unresolved	
Polis Casfino	unresolved	
Polarn O. Pyret	unresolved	
PolemPoLen	unresolved	
Polo Blue	unresolved	
Polinesia	unresolved	
Polo Ralph Lauren	unresolved	
Polished Prints	unresolved	
Polished Punk	unresolved	
POLITE WORLDWIDE	unresolved	
POLYN Baby	unresolved	
Pohésia	unresolved	
POM Amsterdam	ats	teamtailor
Pom d'api	ats	teamtailor
Polo Club St Martin	unresolved	
PO:DL	unresolved	
Polysnifferous	unresolved	
PONCHE	unresolved	
Polly Wales	unresolved	
POLOLO	unresolved	
POMKIN	unresolved	
POLYN	unresolved	
Polish Me Unbothered	unresolved	
Poolday-Paris	unresolved	
Pomellato	unresolved	
Ponara	unresolved	
Pop Bag USA	unresolved	
Popana	unresolved	
Pono Woodworks	unresolved	
Pons Quintana	unresolved	
Poools	unresolved	
Poplooks	unresolved	
Poppy & Peonies	ats	recruitee
Pop My Way	unresolved	
Poppy Barley	ats	recruitee
Poppy & Pout	ats	recruitee
Poppy Field	ats	recruitee
Poppy Silk	ats	recruitee
POOFY ORGANICS	generic	generic-listing
Pop Trading Company	unresolved	
POPLINEN	unresolved	
Porter Blue	ats	lever
Porter Yoshida & Co.	ats	lever
Pompea	unresolved	
Port de Bras	unresolved	
Porter-Yoshida&Co	ats	lever
Port Products	unresolved	
Portland Bee Balm	unresolved	
PortsPure	unresolved	
Port Zienna	unresolved	
Porsche Design	generic	generic-listing
Poshe	unresolved	
Positive Outlook Clothing	unresolved	
Portuguese Flannel	unresolved	
Poplook	generic	generic-listing
Portmans	unresolved	
Ports 1961	unresolved	
Pound Cake	unresolved	
Posh Lash Professional Inc	unresolved	
Poo~Pourri	unresolved	
Pour Moi Skincare	unresolved	
Pot~Pourri	unresolved	
Pour Les Femmes	unresolved	
POURS STUDIOS	unresolved	
Power Fashion	ats	teamtailor
Postie	unresolved	
Poupette St Barth	unresolved	
Pour Moi	unresolved	
Powder Design	unresolved	
Poster Girl	unresolved	
PowerSutra	unresolved	
Powell Craft	unresolved	
PowerV	unresolved	
Prada	unresolved	
PourVous	unresolved	
Portmans	unresolved	
PP Berlin	unresolved	
Prairie Linens Studio Inc.	unresolved	
Pozone	unresolved	
Prabal Gurung	unresolved	
Powster	unresolved	
Prai Beauty	unresolved	
Prai Beauty LLC	unresolved	
Prairie Underground	unresolved	
Prairie Potions	unresolved	
PQ	unresolved	
Prakti	unresolved	
prAna	unresolved	
Pramika Uniform	unresolved	
PRAY	unresolved	
Prairie Rose Organics	unresolved	
Pratima Skincare	unresolved	
Preen By Thornton Bregazzi	unresolved	
POYA	unresolved	
Pregis	unresolved	
Pregnidos	unresolved	
Pressed Pretty	unresolved	
Preggo Leggings	unresolved	
Premiata	unresolved	
Pragnell	unresolved	
Première Note	unresolved	
Première Peau	unresolved	
Pressio	unresolved	
Prep U Products	unresolved	
Preston Lane	unresolved	
Prénatal  Netherlands	unresolved	
Pretty One	unresolved	
Pretty Ballerinas	unresolved	
PRETTY VACANT	unresolved	
Pretty Cute	unresolved	
Pretty Eccentric	unresolved	
Prim Stargazer	unresolved	
PRIMA MODA	unresolved	
PrimaDonna	unresolved	
Pretty Polly	unresolved	
Primadonna	unresolved	
Primadonna Collection	unresolved	
Pretty You	unresolved	
Primark	ats	smartrecruiters-whitelabel
Primavera	unresolved	
Pretty Green	unresolved	
PrettyLittleThing	unresolved	
Pride To Be	unresolved	
Primitive Tribal Craft	unresolved	
PRIMECUT	unresolved	
Prime Shoes	unresolved	
Pretty Frank	unresolved	
Primitive	unresolved	
Prima Essenza	unresolved	
Princess Highway	unresolved	
Primitive House Farm	unresolved	
Princess Polly	unresolved	
PRINCESSE NOMADE	unresolved	
Prince & Bond	unresolved	
Primigi	unresolved	
Printful	ats	teamtailor
Primor	unresolved	
Printify	unresolved	
Princess Jewellery	unresolved	
Princessknobs Nail Polish	unresolved	
Privé Revaux	unresolved	
Pro 4	unresolved	
PRIVATES	unresolved	
Pro Image Sports	unresolved	
Pringle of Scotland	generic	generic-listing
Pro Keds	unresolved	
PRINCESS GOES HOLLYWOOD	unresolved	
Prior (České Budějovice)	unresolved	
PRISTINE	unresolved	
Pro optik	unresolved	
Pro Hockey Life	ats	workday
Pro Wrestling Tees	unresolved	
Profuomo	generic	generic-listing
PRO.SHOE.LAB	unresolved	
Proclaim	unresolved	
Progetto Quid	unresolved	
Profil Optik	ats	teamtailor
Printfresh	unresolved	
Princesse tam.tam	generic	generic-listing
Progressive Crawlers	unresolved	
Property Of...	ats	recruitee
pro-organic UG	unresolved	
Prohibited	unresolved	
Prohibition Wellness	unresolved	
PROMISS	unresolved	
Proenza Schouler	unresolved	
Proraso	unresolved	
Prose Beauty	ats	wttj
Prosa	unresolved	
Prophet Skincare	ats	greenhouse
Pronovias	ats	teamtailor
PROTECTIVE Sports	ats	lever
Prosperine	unresolved	
Prouds	unresolved	
Protest	unresolved	
PROPORT1ON BODY DRESSING	unresolved	
Prosac Alwaysmile	unresolved	
Protean London	unresolved	
Prota Fiori	unresolved	
Proudly	unresolved	
Project X Paris	unresolved	
Prymora	unresolved	
PS Fashion	unresolved	
PS Poelman	unresolved	
Public	ats	greenhouse
Public Desire	ats	greenhouse
Public Habit	ats	greenhouse
Public Myth	ats	greenhouse
Pssbl	unresolved	
Pig and Hen	unresolved	
Public School	ats	greenhouse
PTOUTWEAR	unresolved	
PUAH	unresolved	
Puig	ats	wttj
Pull&Bear	unresolved	
Printemps Haussmann	unresolved	
PUCCINI	unresolved	
Pucci	unresolved	
Publux	unresolved	
Puna Noni Naturals	unresolved	
Puffin Gear	unresolved	
PSYLO	unresolved	
PULZ	unresolved	
Psycho Bunny	generic	generic-listing
PULZ Jeans	unresolved	
Punky Color	unresolved	
Pur Schoen	unresolved	
PUB	unresolved	
Punto Pigro	unresolved	
Pupa Milano	unresolved	
Punto Belle	unresolved	
Purdey	unresolved	
Puppets And Puppets	unresolved	
Puma	generic	generic-listing
Pure Apparel	unresolved	
Pura Botanicals Inc.	unresolved	
Pura Lopez	unresolved	
Pure Chemistry	unresolved	
Pura Vida	unresolved	
Pure Culture Beauty	unresolved	
Pure Atlanta	unresolved	
Pure Hue Cosmetics LLC	unresolved	
Purdori	unresolved	
Pure Botanica	unresolved	
Pure Choice Apparel	unresolved	
pure cashmere	unresolved	
Pure Heart Essentials	unresolved	
PUNT ROMA	unresolved	
Proze Performance Nutrition	unresolved	
Pure Intox	unresolved	
Pure in Heart	unresolved	
Pure Magnolia	unresolved	
Pure Pitz™	unresolved	
Purely Lush	unresolved	
Purebaby	unresolved	
Pure H.Tico	unresolved	
Pure Soul Organics	unresolved	
PURECODE USA	unresolved	
Purexis	unresolved	
Pure Path	unresolved	
PURPLE PHOENIX NAIL SUPPLY	ats	personio
pure pure by BAUER	generic	generic-listing
Purple Prairie Botanicals	ats	personio
Purificacion Garcia	unresolved	
Purse King	unresolved	
Purnama	unresolved	
Purifect by Symphony Beauty	unresolved	
PUROLEO	unresolved	
PVH Corp.	unresolved	
Puroego	unresolved	
Purity Woods	unresolved	
Pye Shirts	unresolved	
Pushaoo	unresolved	
PUUR Ingrid	unresolved	
Purusha People	unresolved	
Pyer Moss	unresolved	
Pussy Deluxe	unresolved	
PYRENEX	unresolved	
Pyne & Smith Clothiers	unresolved	
Pyrrha	unresolved	
pushBUTTON	unresolved	
Qet Botanicals	unresolved	
Pyrrha Jewelry	unresolved	
Qeelin	unresolved	
PURESEOUL	unresolved	
Q/S designed by	generic	generic-listing
Q for Quinn	unresolved	
Qipao	unresolved	
QMBeautique	unresolved	
QOSS	unresolved	
Quay Australia	unresolved	
Qiaodan	unresolved	
QRxLabs	unresolved	
Qubz	unresolved	
QOTN	unresolved	
Qualash	unresolved	
Queen Mum	unresolved	
Quapi	unresolved	
Quem Disse  Berenice?	unresolved	
Qualerex Beauty	unresolved	
Queen Kerosin	unresolved	
Queen MODA Positano	unresolved	
Quince	ats	greenhouse
Queen of the Court	unresolved	
Quaker Marine Supply Co.	unresolved	
quitan	unresolved	
Quazi Design	unresolved	
Querol	unresolved	
Quincy Mae	unresolved	
Quick Schuh	unresolved	
Quiosque	unresolved	
Quiz	unresolved	
Quoddy	unresolved	
Queenspark	generic	generic-listing
Quriox	unresolved	
R.E.M. Beauty	unresolved	
R+Co	unresolved	
Quiksilver	unresolved	
R+Color	unresolved	
Quotrell	unresolved	
QURC. amsterdam	unresolved	
RA Attire	unresolved	
R+Co Bleu	unresolved	
QWSTION	unresolved	
R13	unresolved	
RA Cosmetics	unresolved	
Rabe	unresolved	
R.M.Williams	generic	generic-listing
R4G	unresolved	
Rachel Moayer Skin	unresolved	
Rachel Elise	unresolved	
Rachel Zoe	unresolved	
Q36.5	unresolved	
Radà	unresolved	
Rachel K	unresolved	
Radley	unresolved	
Rachel Silk	unresolved	
Radiant Beauty	unresolved	
Rackle	unresolved	
Raf Simons	unresolved	
Rael	unresolved	
Rage Age	unresolved	
RAGEBLUE	unresolved	
Raffaello Rossi	unresolved	
Rage	unresolved	
rag & bone	unresolved	
Ragman	unresolved	
Raeburn	unresolved	
RÆBURN	unresolved	
Raging Bull	unresolved	
ragwear	unresolved	
Rahul Mishra	unresolved	
RAGYARD	unresolved	
RAGS & GENTS	unresolved	
Ragno	generic	generic-listing
Rains	unresolved	
Raizzed	unresolved	
Radyan Corporation	unresolved	
Rails	generic	generic-listing
Rallier	unresolved	
Ralph Lauren	unresolved	
Ralf Ringer	unresolved	
RAIVE	unresolved	
RALLY	unresolved	
Rainbow Shops	unresolved	
Rambler Studios	unresolved	
Ramayana Lestari Sentosa	unresolved	
Rakuten Books	unresolved	
Rami Al Ali	unresolved	
Rampage	unresolved	
RAMIDUS	unresolved	
Pig & Hen	unresolved	
Pippa Small	unresolved	
PWT Group	unresolved	
Rack Room Shoes	unresolved	
Rado	unresolved	
