maison	kind	config	board_name	jobs	sample_titles	sample_url	reason
[ p H 7 ]	smartrecruiters-whitelabel	{"company":"ph7"}	ph7	46	SPARK & SCALA Developers / Lead | Jaa | Jaa	https://jobs.smartrecruiters.com/ph7/102828781	board name "ph7" ≠ maison
Alpha Company for Cosmetics LTD	recruitee	{"subdomain":"alpha"}	Customizable ATS & hiring software Tellent Recruitee	2	Recruiter (Sample) | Senior Marketer (Sample)	https://alpha.recruitee.com/o/recruiter-sample-1	demo/sandbox board (titles look like samples)
Alpha Industries	recruitee	{"subdomain":"alpha"}	Customizable ATS & hiring software Tellent Recruitee	2	Recruiter (Sample) | Senior Marketer (Sample)	https://alpha.recruitee.com/o/recruiter-sample-1	demo/sandbox board (titles look like samples)
alpha industries	recruitee	{"subdomain":"alpha"}	Customizable ATS & hiring software Tellent Recruitee	2	Recruiter (Sample) | Senior Marketer (Sample)	https://alpha.recruitee.com/o/recruiter-sample-1	demo/sandbox board (titles look like samples)
ALPHA OG	recruitee	{"subdomain":"alpha"}	Customizable ATS & hiring software Tellent Recruitee	2	Recruiter (Sample) | Senior Marketer (Sample)	https://alpha.recruitee.com/o/recruiter-sample-1	demo/sandbox board (titles look like samples)
1979 Swimwear	smartrecruiters-whitelabel	{"company":"1979"}	1979	2	Internal Auditor | Compliance Specialist	https://jobs.smartrecruiters.com/1979/743999675580235	board name "1979" ≠ maison
Amanda Ross Skin Care	wttj	{"slug":"amanda"}	Amanda	3	Consultant(e) Animateur(ice) H/F - Secteur Centre-Est | Assistant(e) Commercial(e) (H/F) | Chargé(e) d'Affaires (en téléprospection) H/F	https://www.welcometothejungle.com/fr/companies/amanda/jobs/consultant-animateur-ice-h-f-france_paris	board name "Amanda" ≠ maison
Amazon	personio	{"subdomain":"amazon","host":"amazon.jobs.personio.de"}		3	General Application | SEO Marketing Manager | Social Media (Working Student)	https://amazon.jobs.personio.de/job/1680079	no board name to compare
Ampère	recruitee	{"subdomain":"ampere"}	homepage	11	Team Lead Depot Eindhoven | Allround IT Systems Engineer | Bezorger/Koerier Depot Eindhoven	https://werkenbijampere.nl/o/team-lead-depot-eindhoven-1	INDÉCIDABLE/FAUX POSITIF — werkenbijampere.nl = depot de livraison NL — le domaine matche le NOM mais pas la maison : faux positif (piege de la regle domaine)
Ampere Creations	recruitee	{"subdomain":"ampere"}	homepage	11	Team Lead Depot Eindhoven | Allround IT Systems Engineer | Bezorger/Koerier Depot Eindhoven	https://werkenbijampere.nl/o/team-lead-depot-eindhoven-1	board name "homepage" ≠ maison
Angela Caglia Skincare	personio	{"subdomain":"angela","host":"angela.jobs.personio.de"}		3	General Application | SEO Marketing Manager | Social Media (Working Student)	https://angela.jobs.personio.de/job/1995714	no board name to compare
Angela Kim Couture	personio	{"subdomain":"angela","host":"angela.jobs.personio.de"}		3	General Application | SEO Marketing Manager | Social Media (Working Student)	https://angela.jobs.personio.de/job/1995714	no board name to compare
Angela Pinto	personio	{"subdomain":"angela","host":"angela.jobs.personio.de"}		3	General Application | SEO Marketing Manager | Social Media (Working Student)	https://angela.jobs.personio.de/job/1995714	no board name to compare
Anton & Willem	personio	{"subdomain":"anton","host":"anton.jobs.personio.de"}	ANTON	11	Initiativbewerbung | Internship: Creating Digital Learning Content (UK) | Junior Growth Marketer (w/m/d)	https://anton.jobs.personio.de/job/834888	board name "ANTON" ≠ maison
Anton Heunis	personio	{"subdomain":"anton","host":"anton.jobs.personio.de"}	ANTON	11	Initiativbewerbung | Internship: Creating Digital Learning Content (UK) | Junior Growth Marketer (w/m/d)	https://anton.jobs.personio.de/job/834888	board name "ANTON" ≠ maison
Anton Sport	personio	{"subdomain":"anton","host":"anton.jobs.personio.de"}	ANTON	11	Initiativbewerbung | Internship: Creating Digital Learning Content (UK) | Junior Growth Marketer (w/m/d)	https://anton.jobs.personio.de/job/834888	board name "ANTON" ≠ maison
APL: Athletic Propulsion Labs	teamtailor	{"origin":"https://apl.teamtailor.com"}	APL	5	Farmaceut till Kungens kurva | Vikariat Utvecklingsingenjör Umeå | Analytisk kemist Umeå	https://apl.teamtailor.com/jobs/8292718-farmaceut-till-kungens-kurva	board name "APL" ≠ maison
Arc'teryx	teamtailor	{"origin":"https://arc.teamtailor.com"}	Arc	9	Workshop Apprentice IT - Basildon | Quality & Process Coordinator - Basildon | Senior Network Engineer - Basildon	https://arc.teamtailor.com/jobs/8287130-workshop-apprentice-it-basildon	board name "Arc" ≠ maison
Ariana & Evans	recruitee	{"subdomain":"ariana"}	Customizable ATS & hiring software Tellent Recruitee	1	Senior Marketer (Sample)	https://ariana.recruitee.com/o/senior-marketer-sample-london	demo/sandbox board (titles look like samples)
Ariana Grande	recruitee	{"subdomain":"ariana"}	Customizable ATS & hiring software Tellent Recruitee	1	Senior Marketer (Sample)	https://ariana.recruitee.com/o/senior-marketer-sample-london	demo/sandbox board (titles look like samples)
Ariana Grande Fragrances	recruitee	{"subdomain":"ariana"}	Customizable ATS & hiring software Tellent Recruitee	1	Senior Marketer (Sample)	https://ariana.recruitee.com/o/senior-marketer-sample-london	demo/sandbox board (titles look like samples)
Aristo Shmat	personio	{"subdomain":"aristo","host":"aristo.jobs.personio.de"}	Lenyx Logistik & Service GmbH	10	HR Specialist Personaladministration & Vertragsmanagement (m/w/d) | Recruiter (m/w/d) – Einstieg ins 360° Recruiting | Recruitment Consultant (m/w/d)	https://aristo.jobs.personio.de/job/2554817	board name "Lenyx Logistik & Service GmbH" ≠ maison
ART	personio	{"subdomain":"art","host":"art.jobs.personio.de"}		3	Initiativbewerbung (Festanstellung) | SEO Marketing Manager | Social Media (Werkstudent)	https://art.jobs.personio.de/job/403330	no board name to compare
Art & Create	personio	{"subdomain":"art","host":"art.jobs.personio.de"}		3	Initiativbewerbung (Festanstellung) | SEO Marketing Manager | Social Media (Werkstudent)	https://art.jobs.personio.de/job/403330	no board name to compare
Art Disco	personio	{"subdomain":"art","host":"art.jobs.personio.de"}		3	Initiativbewerbung (Festanstellung) | SEO Marketing Manager | Social Media (Werkstudent)	https://art.jobs.personio.de/job/403330	no board name to compare
Art of Vedas	personio	{"subdomain":"art","host":"art.jobs.personio.de"}		3	Initiativbewerbung (Festanstellung) | SEO Marketing Manager | Social Media (Werkstudent)	https://art.jobs.personio.de/job/403330	no board name to compare
Art-93	personio	{"subdomain":"art","host":"art.jobs.personio.de"}		3	Initiativbewerbung (Festanstellung) | SEO Marketing Manager | Social Media (Werkstudent)	https://art.jobs.personio.de/job/403330	no board name to compare
Art'Abaska	personio	{"subdomain":"art","host":"art.jobs.personio.de"}		3	Initiativbewerbung (Festanstellung) | SEO Marketing Manager | Social Media (Werkstudent)	https://art.jobs.personio.de/job/403330	no board name to compare
ASK SCANDINAVIA	teamtailor	{"origin":"https://ask.teamtailor.com"}	Scientific Group	3	Account Director - Fixed Term Contract | Account Director 1 | Senior Presentation Designer	https://ask.teamtailor.com/jobs/8251374-account-director-fixed-term-contract	board name "Scientific Group" ≠ maison
Aura Hair Mist™	greenhouse	{"board":"aura"}	Aura	5	Director, Growth & Paid Media | Director, Marketplaces & Ecommerce | Senior Product Engineer	https://auraframes.com/careers?gh_jid=8723264002	board name "Aura" ≠ maison
Aura Moda Italiana	greenhouse	{"board":"aura"}	Aura	5	Director, Growth & Paid Media | Director, Marketplaces & Ecommerce | Senior Product Engineer	https://auraframes.com/careers?gh_jid=8723264002	board name "Aura" ≠ maison
Aura Organics	greenhouse	{"board":"aura"}	Aura	5	Director, Growth & Paid Media | Director, Marketplaces & Ecommerce | Senior Product Engineer	https://auraframes.com/careers?gh_jid=8723264002	board name "Aura" ≠ maison
Aura Que	greenhouse	{"board":"aura"}	Aura	5	Director, Growth & Paid Media | Director, Marketplaces & Ecommerce | Senior Product Engineer	https://auraframes.com/careers?gh_jid=8723264002	board name "Aura" ≠ maison
Air Scense	greenhouse	{"board":"air"}	Air	34	Account Executive - DoW | AI Engineer, Internal Enablement & Productivity | Data Analyst	https://job-boards.greenhouse.io/air/jobs/4087693009	board name "Air" ≠ maison
Air~Pourri	greenhouse	{"board":"air"}	Air	34	Account Executive - DoW | AI Engineer, Internal Enablement & Productivity | Data Analyst	https://job-boards.greenhouse.io/air/jobs/4087693009	board name "Air" ≠ maison
AZUL BY MOUSSY	lever	{"site":"azul"}	Azul	17	Account Executive Sweden | Business Development Representative | Channel Account Manager	https://jobs.lever.co/azul/e562ebc4-df65-4497-9a03-23443fb5d89d	board name "Azul" ≠ maison
Air Cosmetik	teamtailor	{"origin":"https://air.teamtailor.com"}	AIR	63	Informatore/trice servizi energia - tempo pieno | Centralinista telefonico per supporto commerciale | Gestore clienti per attività commerciale	https://air.teamtailor.com/jobs/8315945-informatore-trice-servizi-energia-tempo-pieno	board name "AIR" ≠ maison
Bamboo Beauty Lifes	teamtailor	{"origin":"https://bamboo.teamtailor.com"}	Bamboo	3	Senior IT Infrastructure Auditor | Lead Product Designer | Senior Settlement & Treasury Associate - Misan by Bamboo	https://bamboo.teamtailor.com/jobs/7910584-senior-it-infrastructure-auditor	board name "Bamboo" ≠ maison
Bamboo Basics	teamtailor	{"origin":"https://bamboo.teamtailor.com"}	Bamboo	3	Senior IT Infrastructure Auditor | Lead Product Designer | Senior Settlement & Treasury Associate - Misan by Bamboo	https://bamboo.teamtailor.com/jobs/7910584-senior-it-infrastructure-auditor	board name "Bamboo" ≠ maison
Bamboo Cay	teamtailor	{"origin":"https://bamboo.teamtailor.com"}	Bamboo	3	Senior IT Infrastructure Auditor | Lead Product Designer | Senior Settlement & Treasury Associate - Misan by Bamboo	https://bamboo.teamtailor.com/jobs/7910584-senior-it-infrastructure-auditor	board name "Bamboo" ≠ maison
Bamboo Trading Company	teamtailor	{"origin":"https://bamboo.teamtailor.com"}	Bamboo	3	Senior IT Infrastructure Auditor | Lead Product Designer | Senior Settlement & Treasury Associate - Misan by Bamboo	https://bamboo.teamtailor.com/jobs/7910584-senior-it-infrastructure-auditor	board name "Bamboo" ≠ maison
Alfa Sko	recruitee	{"subdomain":"alfa"}	Customizable ATS & hiring software Tellent Recruitee	1	Senior Marketer (Sample)	https://alfa.recruitee.com/o/senior-marketer-sample-london	demo/sandbox board (titles look like samples)
bebe	personio	{"subdomain":"bebe","host":"bebe.jobs.personio.de"}	Skip Intro Gesellschaft für Medienproduktionen mbH	1	Mediengestalter:in - Bild und Ton	https://bebe.jobs.personio.de/job/1333362	board name "Skip Intro Gesellschaft für Medienproduktionen mbH" ≠ maison
Bébé Lune Studio	personio	{"subdomain":"bebe","host":"bebe.jobs.personio.de"}	Skip Intro Gesellschaft für Medienproduktionen mbH	1	Mediengestalter:in - Bild und Ton	https://bebe.jobs.personio.de/job/1333362	board name "Skip Intro Gesellschaft für Medienproduktionen mbH" ≠ maison
Bebe Stores	personio	{"subdomain":"bebe","host":"bebe.jobs.personio.de"}	Skip Intro Gesellschaft für Medienproduktionen mbH	1	Mediengestalter:in - Bild und Ton	https://bebe.jobs.personio.de/job/1333362	board name "Skip Intro Gesellschaft für Medienproduktionen mbH" ≠ maison
Bentley	personio	{"subdomain":"bentley","host":"bentley.jobs.personio.de"}		10	Ausbildung zum Industriekaufmann (m/w/d) | Ausbildung zum Industriemechaniker (m/w/d) | Gruppenleiter Produktion -  Stent Production (m/w/d)	https://bentley.jobs.personio.de/job/916224	no board name to compare
Bespoke Post	wttj	{"slug":"bespoke"}	Bespoke	8	Développeur Web FullStack Expérimenté F/H -CDI-ROUSSET | Consultant SEO F/H-Alternance-LILLE | Comptable Général (F/H) -CDI-ROUSSET/AIX	https://www.welcometothejungle.com/fr/companies/bespoke/jobs/developpeur-web-fullstack-f-h-cdi-rousset_rousset	board name "Bespoke" ≠ maison
Best Company	personio	{"subdomain":"best","host":"best.jobs.personio.de"}		6	Bewerberpool | Fahrer/in | Initiativbewerbung (Festanstellung)	https://best.jobs.personio.de/job/2771501	no board name to compare
Best&Less	personio	{"subdomain":"best","host":"best.jobs.personio.de"}		6	Bewerberpool | Fahrer/in | Initiativbewerbung (Festanstellung)	https://best.jobs.personio.de/job/2771501	no board name to compare
Best Earth Goods	personio	{"subdomain":"best","host":"best.jobs.personio.de"}		6	Bewerberpool | Fahrer/in | Initiativbewerbung (Festanstellung)	https://best.jobs.personio.de/job/2771501	no board name to compare
Bettina Bensinger	wttj	{"slug":"bettina"}	Bettina	7	Assistant(e) de collection H/F Septembre 2026 | Stage Communication et RH (H/F) | Gestionnaire Paie et Ressources Humaines	https://www.welcometothejungle.com/fr/companies/bettina/jobs/assistant-de-collection_monaco_BETTI_kGW1eJz	board name "Bettina" ≠ maison
Bettina Vermillon	wttj	{"slug":"bettina"}	Bettina	7	Assistant(e) de collection H/F Septembre 2026 | Stage Communication et RH (H/F) | Gestionnaire Paie et Ressources Humaines	https://www.welcometothejungle.com/fr/companies/bettina/jobs/assistant-de-collection_monaco_BETTI_kGW1eJz	board name "Bettina" ≠ maison
Beyond Good	greenhouse	{"board":"beyond"}	Beyond	4	Business Development Representative | Customer Success Manager - Spanish & French Speaking | People Operations Generalist	https://www.beyondpricing.com/about/careers?gh_jid=4716418005#jobs	board name "Beyond" ≠ maison
Beyond Retro	greenhouse	{"board":"beyond"}	Beyond	4	Business Development Representative | Customer Success Manager - Spanish & French Speaking | People Operations Generalist	https://www.beyondpricing.com/about/careers?gh_jid=4716418005#jobs	board name "Beyond" ≠ maison
Beyond Yoga	greenhouse	{"board":"beyond"}	Beyond	4	Business Development Representative | Customer Success Manager - Spanish & French Speaking | People Operations Generalist	https://www.beyondpricing.com/about/careers?gh_jid=4716418005#jobs	board name "Beyond" ≠ maison
Birch Babe	personio	{"subdomain":"birch","host":"birch.jobs.personio.de"}		3	General Application | SEO Marketing Manager | Social Media (Working Student)	https://birch.jobs.personio.de/job/1533068	no board name to compare
Birch Beauty	personio	{"subdomain":"birch","host":"birch.jobs.personio.de"}		3	General Application | SEO Marketing Manager | Social Media (Working Student)	https://birch.jobs.personio.de/job/1533068	no board name to compare
Birkenstock	recruitee	{"subdomain":"birkenstock"}		1	Senior Marketer (Sample)	https://birkenstock.recruitee.com/o/senior-marketer-sample-london	demo/sandbox board (titles look like samples)
Blend Bunny Cosmetics	greenhouse	{"board":"blend"}	Blend	9	Financial Reporting & Technical Accounting Lead | Partnerships Manager | Premier Support	https://job-boards.greenhouse.io/blend/jobs/6148697004	board name "Blend" ≠ maison
Bleu Cerise	wttj	{"slug":"bleu"}	Bleu	17	Ingénieur(e) Senior Opération M365, Entra ID | Administrateur(trice) Applicatif Métier | Ingénieur(e) Azure Infrastructure	https://www.welcometothejungle.com/fr/companies/bleu/jobs/ingenieur-senior-operation-m365-entra-id_bagneux_BLEU_x0xwrmp	board name "Bleu" ≠ maison
Bleu Jean Beauty Co	wttj	{"slug":"bleu"}	Bleu	17	Ingénieur(e) Senior Opération M365, Entra ID | Administrateur(trice) Applicatif Métier | Ingénieur(e) Azure Infrastructure	https://www.welcometothejungle.com/fr/companies/bleu/jobs/ingenieur-senior-operation-m365-entra-id_bagneux_BLEU_x0xwrmp	board name "Bleu" ≠ maison
Bliss	recruitee	{"subdomain":"bliss"}	homepage	6	Senior Associate | Agile Consultant | Procesverbeteraar	https://bliss.recruitee.com/o/senior-associate	board name "homepage" ≠ maison
Bloom Cosmetics	smartrecruiters-whitelabel	{"company":"bloom"}	Bloom	2	Project Manager for MSME Accelerator and Training Support Program (mid-level to senior position) | Community Engagement Lead “Weaver” Position	https://jobs.smartrecruiters.com/bloom/743999719068426	board name "Bloom" ≠ maison
Branch Basics	greenhouse	{"board":"branch"}	Branch	8	Cloud Operations Engineer | Enterprise Account Executive, Marketplaces | Enterprise Engineer	https://job-boards.greenhouse.io/branch/jobs/7902638003	board name "Branch" ≠ maison
Brave Planet	greenhouse	{"board":"brave"}	Brave	15	AI Security Researcher/Research Engineer | AI Systems Researcher/Engineer | BDR/SDR - Brave Search API	https://job-boards.greenhouse.io/brave/jobs/8165845	board name "Brave" ≠ maison
Brave Soles	greenhouse	{"board":"brave"}	Brave	15	AI Security Researcher/Research Engineer | AI Systems Researcher/Engineer | BDR/SDR - Brave Search API	https://job-boards.greenhouse.io/brave/jobs/8165845	board name "Brave" ≠ maison
Brave Soul	greenhouse	{"board":"brave"}	Brave	15	AI Security Researcher/Research Engineer | AI Systems Researcher/Engineer | BDR/SDR - Brave Search API	https://job-boards.greenhouse.io/brave/jobs/8165845	board name "Brave" ≠ maison
BROADWAY NYC FASHION	greenhouse	{"board":"broadway"}	Broadway Veterinary Clinic	4	DVM Student Externship/Preceptorship Program - Broadway Veterinary Clinic | Veterinarian | Veterinary Assistant	https://boards.greenhouse.io/broadway/jobs/5040356002?gh_jid=5040356002	board name "Broadway Veterinary Clinic" ≠ maison
Brothers We Stand	teamtailor	{"origin":"https://brothers.teamtailor.com"}	Brothers	10	Assistant Store Manager till BROTHERS -ALLUM PARTILLE | Butikssäljare extra vid behov | Assistant Store Manager till BROTHERS Gallerian, Stockholm	https://brothers.teamtailor.com/jobs/8009477-assistant-store-manager-till-brothers-allum-partille	board name "Brothers" ≠ maison
Apm	personio	{"subdomain":"apm","host":"apm.jobs.personio.de"}		2	Initiativbewerbung (Festanstellung) | SEO Marketing Manager	https://apm.jobs.personio.de/job/141407	no board name to compare
Bruce Field	teamtailor	{"origin":"https://bruce.teamtailor.com"}	Bruce Studios	4	Partner Coordinator to Bruce Studios | Fullstack Developer to Bruce Studios | B2B Sales Executive to Bruce Studios	https://bruce.teamtailor.com/jobs/8246049-partner-coordinator-to-bruce-studios	board name "Bruce Studios" ≠ maison
Buddy & Hope	teamtailor	{"origin":"https://buddy.teamtailor.com"}	Buddy AB	1	Teknisk säljare inom IoT	https://buddy.teamtailor.com/jobs/5007179-teknisk-saljare-inom-iot	board name "Buddy AB" ≠ maison
Buff City Soap	personio	{"subdomain":"buff","host":"buff.jobs.personio.de"}	Original BUFF, S.A.	4	BUFF® RespectAbility Program | Sales Assistant | Self-Proposal	https://buff.jobs.personio.de/job/1497679	board name "Original BUFF, S.A." ≠ maison
Buff Experts	personio	{"subdomain":"buff","host":"buff.jobs.personio.de"}	Original BUFF, S.A.	4	BUFF® RespectAbility Program | Sales Assistant | Self-Proposal	https://buff.jobs.personio.de/job/1497679	board name "Original BUFF, S.A." ≠ maison
Burnt	greenhouse	{"board":"burnt"}	XION	8	Cult Leader | Developer Relations Engineer (DevRel) - APAC | Ecosystem Growth	https://job-boards.greenhouse.io/burnt/jobs/4023066008	board name "XION" ≠ maison
Burt's Bees	teamtailor	{"origin":"https://burt.teamtailor.com"}	Burt Intelligence	3	Solutions Engineer (Junior) Philippines | QA Engineer (Mid-level) Philippines | Software Engineer (Mid-level) (Manila, Philippines)	https://burt.teamtailor.com/jobs/8198798-solutions-engineer-junior-philippines	board name "Burt Intelligence" ≠ maison
Burt's Bees Baby	teamtailor	{"origin":"https://burt.teamtailor.com"}	Burt Intelligence	3	Solutions Engineer (Junior) Philippines | QA Engineer (Mid-level) Philippines | Software Engineer (Mid-level) (Manila, Philippines)	https://burt.teamtailor.com/jobs/8198798-solutions-engineer-junior-philippines	board name "Burt Intelligence" ≠ maison
Butter	teamtailor	{"origin":"https://butter.teamtailor.com"}	All Gravy	23	Engineering Team Lead, Learning | Senior Product Designer | Senior Product Designer	https://butter.teamtailor.com/jobs/8308636-engineering-team-lead-learning	board name "All Gravy" ≠ maison
Butter & Me	teamtailor	{"origin":"https://butter.teamtailor.com"}	All Gravy	23	Engineering Team Lead, Learning | Senior Product Designer | Senior Product Designer	https://butter.teamtailor.com/jobs/8308636-engineering-team-lead-learning	board name "All Gravy" ≠ maison
Butter'd Bodycare	teamtailor	{"origin":"https://butter.teamtailor.com"}	All Gravy	23	Engineering Team Lead, Learning | Senior Product Designer | Senior Product Designer	https://butter.teamtailor.com/jobs/8308636-engineering-team-lead-learning	board name "All Gravy" ≠ maison
Cala de la Cruz	personio	{"subdomain":"cala","host":"cala.jobs.personio.de"}		2	SEO Marketing Manager | Social Media (Estudiante en practicas)	https://cala.jobs.personio.de/job/2746807	no board name to compare
CALM Skin Care	greenhouse	{"board":"calm"}	Calm.com	1	Senior Product Designer	https://job-boards.greenhouse.io/calm/jobs/8748033002	board name "Calm.com" ≠ maison
Calzedonia	wttj	{"slug":"calzedonia"}	ONIVERSE	107	Conseiller(e) de Vente Calzedonia - CDD 35h - Menton | Conseiller(e) de Vente Calzedonia - CDI 21h - Noisy-le-Grand - CC Arcades | Conseiller(e) de Vente Calzedonia - CDI 35h - Lyon République	https://www.welcometothejungle.com/fr/companies/calzedonia/jobs/conseiller-de-vente-calzedonia-cdd-35h-menton_menton_ONIVE_q75bYxV	board name "ONIVERSE" ≠ maison
CAMP DAVID	greenhouse	{"board":"camp"}	CAMP	35	Actors/Performers for a Bluey x CAMP Immersive Production | Actors/Performers for a Bluey x CAMP Immersive Production | Actors/Performers for a Bluey x CAMP Production	https://job-boards.greenhouse.io/camp/jobs/8723373002	board name "CAMP" ≠ maison
Camp Cove Swim	greenhouse	{"board":"camp"}	CAMP	35	Actors/Performers for a Bluey x CAMP Immersive Production | Actors/Performers for a Bluey x CAMP Immersive Production | Actors/Performers for a Bluey x CAMP Production	https://job-boards.greenhouse.io/camp/jobs/8723373002	board name "CAMP" ≠ maison
Camp High	greenhouse	{"board":"camp"}	CAMP	35	Actors/Performers for a Bluey x CAMP Immersive Production | Actors/Performers for a Bluey x CAMP Immersive Production | Actors/Performers for a Bluey x CAMP Production	https://job-boards.greenhouse.io/camp/jobs/8723373002	board name "CAMP" ≠ maison
Carla Ferreri	teamtailor	{"origin":"https://carla.teamtailor.com"}	Carla	12	Spontanansökan - Produktion (Kungsängen) | Säljare | Säljchef	https://carla.teamtailor.com/jobs/8211906-spontanansokan-produktion-kungsangen	board name "Carla" ≠ maison
Carla Zampatti Pty Ltd	teamtailor	{"origin":"https://carla.teamtailor.com"}	Carla	12	Spontanansökan - Produktion (Kungsängen) | Säljare | Säljchef	https://carla.teamtailor.com/jobs/8211906-spontanansokan-produktion-kungsangen	board name "Carla" ≠ maison
Casa Amuk	greenhouse	{"board":"casa"}	Casa	1	DevSecOps Engineer	https://job-boards.greenhouse.io/casa/jobs/5175872007	board name "Casa" ≠ maison
CASA FLINE	greenhouse	{"board":"casa"}	Casa	1	DevSecOps Engineer	https://job-boards.greenhouse.io/casa/jobs/5175872007	board name "Casa" ≠ maison
Casa Das Peles	greenhouse	{"board":"casa"}	Casa	1	DevSecOps Engineer	https://job-boards.greenhouse.io/casa/jobs/5175872007	board name "Casa" ≠ maison
Casa Raki	greenhouse	{"board":"casa"}	Casa	1	DevSecOps Engineer	https://job-boards.greenhouse.io/casa/jobs/5175872007	board name "Casa" ≠ maison
Casa Hair Care	greenhouse	{"board":"casa"}	Casa	1	DevSecOps Engineer	https://job-boards.greenhouse.io/casa/jobs/5175872007	board name "Casa" ≠ maison
Atlas Rose	personio	{"subdomain":"atlas","host":"atlas.jobs.personio.de"}	Atlas Bildungs Center e.V.	10	Integrationshelfer // Springertätigkeit // Honorarbasis | Kitaassistenz (m,w,d) | Kitaassistenz (m,w,d)	https://atlas.jobs.personio.de/job/2336343	board name "Atlas Bildungs Center e.V." ≠ maison
Charles Clinkard	greenhouse	{"board":"charles"}	charles	3	Business Development Representative (German Speaker) (m/f/d) | Initiative Applications (m/f/d) | (Senior) Customer Success Manager (m/f/d) - Parental Leave Cover (Fixed Term)	https://job-boards.eu.greenhouse.io/charles/jobs/4690310101	board name "charles" ≠ maison
Charles Colby	greenhouse	{"board":"charles"}	charles	3	Business Development Representative (German Speaker) (m/f/d) | Initiative Applications (m/f/d) | (Senior) Customer Success Manager (m/f/d) - Parental Leave Cover (Fixed Term)	https://job-boards.eu.greenhouse.io/charles/jobs/4690310101	board name "charles" ≠ maison
Charles Tyrwhitt	greenhouse	{"board":"charles"}	charles	3	Business Development Representative (German Speaker) (m/f/d) | Initiative Applications (m/f/d) | (Senior) Customer Success Manager (m/f/d) - Parental Leave Cover (Fixed Term)	https://job-boards.eu.greenhouse.io/charles/jobs/4690310101	board name "charles" ≠ maison
Charlotte Bio	personio	{"subdomain":"charlotte","host":"charlotte.jobs.personio.de"}	Charlotte Bayern	4	SEO Marketing Manager | SEO Marketing Manager | Social Media (Working Student)	https://charlotte.jobs.personio.de/job/501628	board name "Charlotte Bayern" ≠ maison
Charlotte Grace	personio	{"subdomain":"charlotte","host":"charlotte.jobs.personio.de"}	Charlotte Bayern	4	SEO Marketing Manager | SEO Marketing Manager | Social Media (Working Student)	https://charlotte.jobs.personio.de/job/501628	board name "Charlotte Bayern" ≠ maison
Charlotte Knowles	personio	{"subdomain":"charlotte","host":"charlotte.jobs.personio.de"}	Charlotte Bayern	4	SEO Marketing Manager | SEO Marketing Manager | Social Media (Working Student)	https://charlotte.jobs.personio.de/job/501628	board name "Charlotte Bayern" ≠ maison
Charlotte Russe	personio	{"subdomain":"charlotte","host":"charlotte.jobs.personio.de"}	Charlotte Bayern	4	SEO Marketing Manager | SEO Marketing Manager | Social Media (Working Student)	https://charlotte.jobs.personio.de/job/501628	board name "Charlotte Bayern" ≠ maison
Charlotte Tilbury Beauty	personio	{"subdomain":"charlotte","host":"charlotte.jobs.personio.de"}	Charlotte Bayern	4	SEO Marketing Manager | SEO Marketing Manager | Social Media (Working Student)	https://charlotte.jobs.personio.de/job/501628	board name "Charlotte Bayern" ≠ maison
Cie Malibu	greenhouse	{"board":"cie"}	Cie	4	Marketing Coordinator | Product Designer (UX/UI) - Contract | Technical Project Manager - Contract	https://job-boards.greenhouse.io/cie/jobs/4701257006	board name "Cie" ≠ maison
Circus NY	personio	{"subdomain":"circus","host":"circus.jobs.personio.de"}	Circus SE	10	(Senior) Financial Accountant / Bilanzbuchhalter:in (f/m/d) | Field Operations Associate (f/m/d) | Field Operations Associate (f/m/d)	https://circus.jobs.personio.de/job/2726425	board name "Circus SE" ≠ maison
Clara's New York	greenhouse	{"board":"clara"}	Clara 	117	Account Executive - Bill Pay (Ejecutivo de Ventas - Cuentas por Pagar) - Mexico City (Hybrid) | Account Executive - Clara Contabilidad (Ejecutivo de Cuenta - Clara Contabilidad) - Mexico City (Hybrid) | Account Executive - Clara Global (Ejecutivo de Cuenta - Clara Global) - Mexico City (Hybrid)	https://job-boards.greenhouse.io/clara/jobs/5144766007	board name "Clara " ≠ maison
Clear Beauty	greenhouse	{"board":"clear"}	CLEAR - Corporate	32	Business Development Representative, Healthcare | Corporate Memberships Intern (Fall 2026) | Customer Success Director - Healthcare (C1 - B2B)	https://job-boards.greenhouse.io/clear/jobs/8154616	board name "CLEAR - Corporate" ≠ maison
Clear Conscience	greenhouse	{"board":"clear"}	CLEAR - Corporate	32	Business Development Representative, Healthcare | Corporate Memberships Intern (Fall 2026) | Customer Success Director - Healthcare (C1 - B2B)	https://job-boards.greenhouse.io/clear/jobs/8154616	board name "CLEAR - Corporate" ≠ maison
Clear Label Skincare	greenhouse	{"board":"clear"}	CLEAR - Corporate	32	Business Development Representative, Healthcare | Corporate Memberships Intern (Fall 2026) | Customer Success Director - Healthcare (C1 - B2B)	https://job-boards.greenhouse.io/clear/jobs/8154616	board name "CLEAR - Corporate" ≠ maison
Clear Visage	greenhouse	{"board":"clear"}	CLEAR - Corporate	32	Business Development Representative, Healthcare | Corporate Memberships Intern (Fall 2026) | Customer Success Director - Healthcare (C1 - B2B)	https://job-boards.greenhouse.io/clear/jobs/8154616	board name "CLEAR - Corporate" ≠ maison
Bag-all	recruitee	{"subdomain":"bag"}	Homepage	4	Ausbildung zum Fachinformatiker*in für Anwendungsentwicklung (ab 2027) | Werkstudent*in im Bereich ERP-Softwareentwicklung | Praxissemester in der Softwareentwicklung (m/w/d)	https://talents.brockhaus-ag.careers/o/ausbildung-zum-fachinformatikerin-fur-anwendungsentwicklung-ab-2027-2028	board name "Homepage" ≠ maison
BAG AFFAIR	recruitee	{"subdomain":"bag"}	Homepage	4	Ausbildung zum Fachinformatiker*in für Anwendungsentwicklung (ab 2027) | Werkstudent*in im Bereich ERP-Softwareentwicklung | Praxissemester in der Softwareentwicklung (m/w/d)	https://talents.brockhaus-ag.careers/o/ausbildung-zum-fachinformatikerin-fur-anwendungsentwicklung-ab-2027-2028	board name "Homepage" ≠ maison
Cocoon Kapas	greenhouse	{"board":"cocoon"}	Cocoon	2	Engineering Manager | Software Engineer	https://job-boards.greenhouse.io/cocoon/jobs/5821001004	board name "Cocoon" ≠ maison
Columbia	wttj	{"slug":"columbia"}	Columbia Sportswear Company	4	Consumer Care Specialist – Backline (CDD) | Spécialiste Douanes & Fiscalité | Comptable Senior - Europe & Distributeurs Internationaux	https://www.welcometothejungle.com/fr/companies/columbia/jobs/consumer-care-specialist-backline-cdd_schiltigheim	doublon orthographe — validé sous « Columbia Sportswear »
Banner Day	teamtailor	{"origin":"https://banner.teamtailor.com"}	Banner	2	Office Manager | Night Shift VNA-Reach Driver	https://banner.teamtailor.com/jobs/8264507-office-manager	board name "Banner" ≠ maison
Cotton On Group	smartrecruiters-whitelabel	{"company":"cottonon"}	Cotton On	3	Flagship Store Manager | Sales Associate | Flagship Store Manager	https://jobs.smartrecruiters.com/cottonon/743999671133359	doublon orthographe — validé sous « Cotton On »
Cove Suncare	teamtailor	{"origin":"https://cove.teamtailor.com"}	cove	1	Cove HR Manager	https://cove.teamtailor.com/jobs/8293988-cove-hr-manager	board name "cove" ≠ maison
Credo	personio	{"subdomain":"credo","host":"credo.jobs.personio.de"}	Trabajos en Demo Datos	2	SEO Marketing Manager | Social Media (Estudiante en practicas)	https://credo.jobs.personio.de/job/1456653	board name "Trabajos en Demo Datos" ≠ maison
CTS	greenhouse	{"board":"cts"}	CTS Cloud Trading Solutions LTD	2	Cyber Security Officer / Information Security Officer | Dealer	https://job-boards.eu.greenhouse.io/cts/jobs/4861227101	board name "CTS Cloud Trading Solutions LTD" ≠ maison
Current State	greenhouse	{"board":"current"}	Current	7	Business Development Lead, Digital Agency  | Lead Engineer (Drupal / Web Platforms) | Producer, Client Experience & Growth (Contract) 	https://job-boards.greenhouse.io/current/jobs/8686054002	board name "Current" ≠ maison
Current/Elliott	greenhouse	{"board":"current"}	Current	7	Business Development Lead, Digital Agency  | Lead Engineer (Drupal / Web Platforms) | Producer, Client Experience & Growth (Contract) 	https://job-boards.greenhouse.io/current/jobs/8686054002	board name "Current" ≠ maison
Dabble & Dollop	teamtailor	{"origin":"https://dabble.teamtailor.com"}	Dabble	7	Product Manager(Core) | 12 Month Fixed Term Contract | Chief Technology Officer (CTO) | Technical Product Manager	https://dabble.teamtailor.com/jobs/8312728-product-manager-core-12-month-fixed-term-contract	board name "Dabble" ≠ maison
Dash Hemp	teamtailor	{"origin":"https://dash.teamtailor.com"}	Dash	1	UX Designer	https://dash.teamtailor.com/jobs/8242410-ux-designer	board name "Dash" ≠ maison
David & Sons Fine Jewelers	greenhouse	{"board":"david"}	DAVID	8	Account Director | Account Executive | Creative Editor/AI	https://job-boards.greenhouse.io/david/jobs/4716283005	board name "DAVID" ≠ maison
David Deyong	greenhouse	{"board":"david"}	DAVID	8	Account Director | Account Executive | Creative Editor/AI	https://job-boards.greenhouse.io/david/jobs/4716283005	board name "DAVID" ≠ maison
David Jones Limited	greenhouse	{"board":"david"}	DAVID	8	Account Director | Account Executive | Creative Editor/AI	https://job-boards.greenhouse.io/david/jobs/4716283005	board name "DAVID" ≠ maison
David Koma	greenhouse	{"board":"david"}	DAVID	8	Account Director | Account Executive | Creative Editor/AI	https://job-boards.greenhouse.io/david/jobs/4716283005	board name "DAVID" ≠ maison
David Morris	greenhouse	{"board":"david"}	DAVID	8	Account Director | Account Executive | Creative Editor/AI	https://job-boards.greenhouse.io/david/jobs/4716283005	board name "DAVID" ≠ maison
David Yurman	greenhouse	{"board":"david"}	DAVID	8	Account Director | Account Executive | Creative Editor/AI	https://job-boards.greenhouse.io/david/jobs/4716283005	board name "DAVID" ≠ maison
David Gandy Well Wear	greenhouse	{"board":"david"}	DAVID	8	Account Director | Account Executive | Creative Editor/AI	https://job-boards.greenhouse.io/david/jobs/4716283005	board name "DAVID" ≠ maison
David's Bridal	greenhouse	{"board":"david"}	DAVID	8	Account Director | Account Executive | Creative Editor/AI	https://job-boards.greenhouse.io/david/jobs/4716283005	board name "DAVID" ≠ maison
Betty & Co	personio	{"subdomain":"betty","host":"betty.jobs.personio.de"}		3	General Application | SEO Marketing Manager | Social Media (Working Student)	https://betty.jobs.personio.de/job/1319543	no board name to compare
Betty and Biddy	personio	{"subdomain":"betty","host":"betty.jobs.personio.de"}		3	General Application | SEO Marketing Manager | Social Media (Working Student)	https://betty.jobs.personio.de/job/1319543	no board name to compare
Betty Barclay	personio	{"subdomain":"betty","host":"betty.jobs.personio.de"}		3	General Application | SEO Marketing Manager | Social Media (Working Student)	https://betty.jobs.personio.de/job/1319543	no board name to compare
Dillard's	greenhouse	{"board":"dillards"}	Dillards	4	Application & Web Security Specialist | Night Shift Technical Support Analyst | Technology Training Program	https://job-boards.greenhouse.io/dillards/jobs/4320107007	board name "Dillards" ≠ maison
DIM	greenhouse	{"board":"dim"}	DIM	43	Account specialist e-commerce (H/F) | Acheteur Indirect (H/F) | ADJOINT(E) MAGASIN H/F VILLEFONTAINE	https://job-boards.greenhouse.io/dim/jobs/8050647	doublon orthographe — validé sous « Dim »
Donna Carolina	recruitee	{"subdomain":"donna"}	Homepage	5	AI Data Analyst | Senior Back-end Developer | Enterprise Account Executive	https://careers.askdonna.com/o/ai-data-analyst	board name "Homepage" ≠ maison
Donna Dura	recruitee	{"subdomain":"donna"}	Homepage	5	AI Data Analyst | Senior Back-end Developer | Enterprise Account Executive	https://careers.askdonna.com/o/ai-data-analyst	board name "Homepage" ≠ maison
Donna Karan	recruitee	{"subdomain":"donna"}	Homepage	5	AI Data Analyst | Senior Back-end Developer | Enterprise Account Executive	https://careers.askdonna.com/o/ai-data-analyst	board name "Homepage" ≠ maison
Donna Sport	recruitee	{"subdomain":"donna"}	Homepage	5	AI Data Analyst | Senior Back-end Developer | Enterprise Account Executive	https://careers.askdonna.com/o/ai-data-analyst	board name "Homepage" ≠ maison
Dots On Tots	greenhouse	{"board":"dots"}	Dots	1	General Inquiries 	https://job-boards.greenhouse.io/dots/jobs/93350	board name "Dots" ≠ maison
Draeger Paris	recruitee	{"subdomain":"draegerparis"}	Homepage	6	Responsable de Secteur H/F | Responsable de Secteur H/F | Conseiller(ère) de vente H/F - CDD 35H	https://draegerparis.recruitee.com/o/responsable-de-secteur-hf-35	board name "Homepage" ≠ maison
Dutch Dandies	lever	{"site":"dutch"}	Dutch	13	Contract Virtual Care Veterinary Technician – Telemedicine | Director of Customer Experience | Lead Data/Analytics Engineer	https://jobs.lever.co/dutch/dd00d86f-b444-4f82-8b86-2e2386d4de22	board name "Dutch" ≠ maison
Dutch Dream Denim	lever	{"site":"dutch"}	Dutch	13	Contract Virtual Care Veterinary Technician – Telemedicine | Director of Customer Experience | Lead Data/Analytics Engineer	https://jobs.lever.co/dutch/dd00d86f-b444-4f82-8b86-2e2386d4de22	board name "Dutch" ≠ maison
Dutch Label Shop	lever	{"site":"dutch"}	Dutch	13	Contract Virtual Care Veterinary Technician – Telemedicine | Director of Customer Experience | Lead Data/Analytics Engineer	https://jobs.lever.co/dutch/dd00d86f-b444-4f82-8b86-2e2386d4de22	board name "Dutch" ≠ maison
Dyad Fragrance	personio	{"subdomain":"dyad","host":"dyad.jobs.personio.de"}		3	General Application | SEO Marketing Manager | Social Media (Working Student)	https://dyad.jobs.personio.de/job/2733093	no board name to compare
E.Leclerc	teamtailor	{"origin":"https://eleclerc.teamtailor.com"}	E.Leclerc Commission VFM	10	Boulanger H/F | Employé libre service | Test hôte de caisse (AT)	https://eleclerc.teamtailor.com/jobs/3504058-boulanger-h-f	board name "E.Leclerc Commission VFM" ≠ maison
Earnest Mom	greenhouse	{"board":"earnest"}	Earnest	9	Collections Manager  | Director of Collections Strategy | Growth Marketing Manager	https://app.careerpuck.com/job-board/earnest/job/8167670?gh_jid=8167670	board name "Earnest" ≠ maison
EARNEST SEWN	greenhouse	{"board":"earnest"}	Earnest	9	Collections Manager  | Director of Collections Strategy | Growth Marketing Manager	https://app.careerpuck.com/job-board/earnest/job/8167670?gh_jid=8167670	board name "Earnest" ≠ maison
Eco Lips	teamtailor	{"origin":"https://eco.teamtailor.com"}	TuoLavoro	60	Operatore Call Center Tecnologie Idriche | Assistente Clienti e Vendite | Responsabile relazioni commerciali - Soluzioni acqua domestica	https://eco.teamtailor.com/jobs/8313538-operatore-call-center-tecnologie-idriche	board name "TuoLavoro" ≠ maison
Eco Intimates	teamtailor	{"origin":"https://eco.teamtailor.com"}	TuoLavoro	60	Operatore Call Center Tecnologie Idriche | Assistente Clienti e Vendite | Responsabile relazioni commerciali - Soluzioni acqua domestica	https://eco.teamtailor.com/jobs/8313538-operatore-call-center-tecnologie-idriche	board name "TuoLavoro" ≠ maison
Eco Tee Co	teamtailor	{"origin":"https://eco.teamtailor.com"}	TuoLavoro	60	Operatore Call Center Tecnologie Idriche | Assistente Clienti e Vendite | Responsabile relazioni commerciali - Soluzioni acqua domestica	https://eco.teamtailor.com/jobs/8313538-operatore-call-center-tecnologie-idriche	board name "TuoLavoro" ≠ maison
Blue & Yellow	lever	{"site":"blue"}	BlueCloud Services, Inc.	10	#5 Senior Data Engineer- Costa Rica, LATAM | #706 Snowflake Engagement Manager | AI/ML Architect - Talent Pipeline	https://jobs.lever.co/blue/cae65436-a504-4d91-a8fa-d3502fbd1242	board name "BlueCloud Services, Inc." ≠ maison
BLUE BIRD	lever	{"site":"blue"}	BlueCloud Services, Inc.	10	#5 Senior Data Engineer- Costa Rica, LATAM | #706 Snowflake Engagement Manager | AI/ML Architect - Talent Pipeline	https://jobs.lever.co/blue/cae65436-a504-4d91-a8fa-d3502fbd1242	board name "BlueCloud Services, Inc." ≠ maison
Blue Blanket	lever	{"site":"blue"}	BlueCloud Services, Inc.	10	#5 Senior Data Engineer- Costa Rica, LATAM | #706 Snowflake Engagement Manager | AI/ML Architect - Talent Pipeline	https://jobs.lever.co/blue/cae65436-a504-4d91-a8fa-d3502fbd1242	board name "BlueCloud Services, Inc." ≠ maison
Blue Blue Japan	lever	{"site":"blue"}	BlueCloud Services, Inc.	10	#5 Senior Data Engineer- Costa Rica, LATAM | #706 Snowflake Engagement Manager | AI/ML Architect - Talent Pipeline	https://jobs.lever.co/blue/cae65436-a504-4d91-a8fa-d3502fbd1242	board name "BlueCloud Services, Inc." ≠ maison
Blue By Betsey Johnson	lever	{"site":"blue"}	BlueCloud Services, Inc.	10	#5 Senior Data Engineer- Costa Rica, LATAM | #706 Snowflake Engagement Manager | AI/ML Architect - Talent Pipeline	https://jobs.lever.co/blue/cae65436-a504-4d91-a8fa-d3502fbd1242	board name "BlueCloud Services, Inc." ≠ maison
BLUE CROSS	lever	{"site":"blue"}	BlueCloud Services, Inc.	10	#5 Senior Data Engineer- Costa Rica, LATAM | #706 Snowflake Engagement Manager | AI/ML Architect - Talent Pipeline	https://jobs.lever.co/blue/cae65436-a504-4d91-a8fa-d3502fbd1242	board name "BlueCloud Services, Inc." ≠ maison
Blue Fire Co.	lever	{"site":"blue"}	BlueCloud Services, Inc.	10	#5 Senior Data Engineer- Costa Rica, LATAM | #706 Snowflake Engagement Manager | AI/ML Architect - Talent Pipeline	https://jobs.lever.co/blue/cae65436-a504-4d91-a8fa-d3502fbd1242	board name "BlueCloud Services, Inc." ≠ maison
Blue de Gênes	lever	{"site":"blue"}	BlueCloud Services, Inc.	10	#5 Senior Data Engineer- Costa Rica, LATAM | #706 Snowflake Engagement Manager | AI/ML Architect - Talent Pipeline	https://jobs.lever.co/blue/cae65436-a504-4d91-a8fa-d3502fbd1242	board name "BlueCloud Services, Inc." ≠ maison
Blue Fire Pear	lever	{"site":"blue"}	BlueCloud Services, Inc.	10	#5 Senior Data Engineer- Costa Rica, LATAM | #706 Snowflake Engagement Manager | AI/ML Architect - Talent Pipeline	https://jobs.lever.co/blue/cae65436-a504-4d91-a8fa-d3502fbd1242	board name "BlueCloud Services, Inc." ≠ maison
BLUE ERDOS	lever	{"site":"blue"}	BlueCloud Services, Inc.	10	#5 Senior Data Engineer- Costa Rica, LATAM | #706 Snowflake Engagement Manager | AI/ML Architect - Talent Pipeline	https://jobs.lever.co/blue/cae65436-a504-4d91-a8fa-d3502fbd1242	board name "BlueCloud Services, Inc." ≠ maison
Blue Inc	lever	{"site":"blue"}	BlueCloud Services, Inc.	10	#5 Senior Data Engineer- Costa Rica, LATAM | #706 Snowflake Engagement Manager | AI/ML Architect - Talent Pipeline	https://jobs.lever.co/blue/cae65436-a504-4d91-a8fa-d3502fbd1242	board name "BlueCloud Services, Inc." ≠ maison
Blue Illusion	lever	{"site":"blue"}	BlueCloud Services, Inc.	10	#5 Senior Data Engineer- Costa Rica, LATAM | #706 Snowflake Engagement Manager | AI/ML Architect - Talent Pipeline	https://jobs.lever.co/blue/cae65436-a504-4d91-a8fa-d3502fbd1242	board name "BlueCloud Services, Inc." ≠ maison
Blue Lake CBD	lever	{"site":"blue"}	BlueCloud Services, Inc.	10	#5 Senior Data Engineer- Costa Rica, LATAM | #706 Snowflake Engagement Manager | AI/ML Architect - Talent Pipeline	https://jobs.lever.co/blue/cae65436-a504-4d91-a8fa-d3502fbd1242	board name "BlueCloud Services, Inc." ≠ maison
Blue LOOP Originals	lever	{"site":"blue"}	BlueCloud Services, Inc.	10	#5 Senior Data Engineer- Costa Rica, LATAM | #706 Snowflake Engagement Manager | AI/ML Architect - Talent Pipeline	https://jobs.lever.co/blue/cae65436-a504-4d91-a8fa-d3502fbd1242	board name "BlueCloud Services, Inc." ≠ maison
Blue Industry	lever	{"site":"blue"}	BlueCloud Services, Inc.	10	#5 Senior Data Engineer- Costa Rica, LATAM | #706 Snowflake Engagement Manager | AI/ML Architect - Talent Pipeline	https://jobs.lever.co/blue/cae65436-a504-4d91-a8fa-d3502fbd1242	board name "BlueCloud Services, Inc." ≠ maison
Blue Nude	lever	{"site":"blue"}	BlueCloud Services, Inc.	10	#5 Senior Data Engineer- Costa Rica, LATAM | #706 Snowflake Engagement Manager | AI/ML Architect - Talent Pipeline	https://jobs.lever.co/blue/cae65436-a504-4d91-a8fa-d3502fbd1242	board name "BlueCloud Services, Inc." ≠ maison
Blue Nile	lever	{"site":"blue"}	BlueCloud Services, Inc.	10	#5 Senior Data Engineer- Costa Rica, LATAM | #706 Snowflake Engagement Manager | AI/ML Architect - Talent Pipeline	https://jobs.lever.co/blue/cae65436-a504-4d91-a8fa-d3502fbd1242	board name "BlueCloud Services, Inc." ≠ maison
Blue Of A Kind	lever	{"site":"blue"}	BlueCloud Services, Inc.	10	#5 Senior Data Engineer- Costa Rica, LATAM | #706 Snowflake Engagement Manager | AI/ML Architect - Talent Pipeline	https://jobs.lever.co/blue/cae65436-a504-4d91-a8fa-d3502fbd1242	board name "BlueCloud Services, Inc." ≠ maison
Blue Planet Eco-Eyewear	lever	{"site":"blue"}	BlueCloud Services, Inc.	10	#5 Senior Data Engineer- Costa Rica, LATAM | #706 Snowflake Engagement Manager | AI/ML Architect - Talent Pipeline	https://jobs.lever.co/blue/cae65436-a504-4d91-a8fa-d3502fbd1242	board name "BlueCloud Services, Inc." ≠ maison
Blue Rebel	lever	{"site":"blue"}	BlueCloud Services, Inc.	10	#5 Senior Data Engineer- Costa Rica, LATAM | #706 Snowflake Engagement Manager | AI/ML Architect - Talent Pipeline	https://jobs.lever.co/blue/cae65436-a504-4d91-a8fa-d3502fbd1242	board name "BlueCloud Services, Inc." ≠ maison
Blue Ridge Stitches	lever	{"site":"blue"}	BlueCloud Services, Inc.	10	#5 Senior Data Engineer- Costa Rica, LATAM | #706 Snowflake Engagement Manager | AI/ML Architect - Talent Pipeline	https://jobs.lever.co/blue/cae65436-a504-4d91-a8fa-d3502fbd1242	board name "BlueCloud Services, Inc." ≠ maison
BLUE SEVEN	lever	{"site":"blue"}	BlueCloud Services, Inc.	10	#5 Senior Data Engineer- Costa Rica, LATAM | #706 Snowflake Engagement Manager | AI/ML Architect - Talent Pipeline	https://jobs.lever.co/blue/cae65436-a504-4d91-a8fa-d3502fbd1242	board name "BlueCloud Services, Inc." ≠ maison
BLUE STANDARD	lever	{"site":"blue"}	BlueCloud Services, Inc.	10	#5 Senior Data Engineer- Costa Rica, LATAM | #706 Snowflake Engagement Manager | AI/ML Architect - Talent Pipeline	https://jobs.lever.co/blue/cae65436-a504-4d91-a8fa-d3502fbd1242	board name "BlueCloud Services, Inc." ≠ maison
Blue Tribe	lever	{"site":"blue"}	BlueCloud Services, Inc.	10	#5 Senior Data Engineer- Costa Rica, LATAM | #706 Snowflake Engagement Manager | AI/ML Architect - Talent Pipeline	https://jobs.lever.co/blue/cae65436-a504-4d91-a8fa-d3502fbd1242	board name "BlueCloud Services, Inc." ≠ maison
Blue Vanilla	lever	{"site":"blue"}	BlueCloud Services, Inc.	10	#5 Senior Data Engineer- Costa Rica, LATAM | #706 Snowflake Engagement Manager | AI/ML Architect - Talent Pipeline	https://jobs.lever.co/blue/cae65436-a504-4d91-a8fa-d3502fbd1242	board name "BlueCloud Services, Inc." ≠ maison
Blue Crane	lever	{"site":"blue"}	BlueCloud Services, Inc.	10	#5 Senior Data Engineer- Costa Rica, LATAM | #706 Snowflake Engagement Manager | AI/ML Architect - Talent Pipeline	https://jobs.lever.co/blue/cae65436-a504-4d91-a8fa-d3502fbd1242	board name "BlueCloud Services, Inc." ≠ maison
Blue Tomato	lever	{"site":"blue"}	BlueCloud Services, Inc.	10	#5 Senior Data Engineer- Costa Rica, LATAM | #706 Snowflake Engagement Manager | AI/ML Architect - Talent Pipeline	https://jobs.lever.co/blue/cae65436-a504-4d91-a8fa-d3502fbd1242	board name "BlueCloud Services, Inc." ≠ maison
Blue Water Girls	lever	{"site":"blue"}	BlueCloud Services, Inc.	10	#5 Senior Data Engineer- Costa Rica, LATAM | #706 Snowflake Engagement Manager | AI/ML Architect - Talent Pipeline	https://jobs.lever.co/blue/cae65436-a504-4d91-a8fa-d3502fbd1242	board name "BlueCloud Services, Inc." ≠ maison
Blue Water Spa	lever	{"site":"blue"}	BlueCloud Services, Inc.	10	#5 Senior Data Engineer- Costa Rica, LATAM | #706 Snowflake Engagement Manager | AI/ML Architect - Talent Pipeline	https://jobs.lever.co/blue/cae65436-a504-4d91-a8fa-d3502fbd1242	board name "BlueCloud Services, Inc." ≠ maison
Eleven Everything	recruitee	{"subdomain":"eleven"}	Homepage	1	Consulting Application	https://eleven.recruitee.com/o/eleven-consulting-group	board name "Homepage" ≠ maison
Eleven James	recruitee	{"subdomain":"eleven"}	Homepage	1	Consulting Application	https://eleven.recruitee.com/o/eleven-consulting-group	board name "Homepage" ≠ maison
Eleven Six	recruitee	{"subdomain":"eleven"}	Homepage	1	Consulting Application	https://eleven.recruitee.com/o/eleven-consulting-group	board name "Homepage" ≠ maison
Eleven W/shes	recruitee	{"subdomain":"eleven"}	Homepage	1	Consulting Application	https://eleven.recruitee.com/o/eleven-consulting-group	board name "Homepage" ≠ maison
Elite Jewelers	greenhouse	{"board":"elite"}	Elite Physical Therapy, Inc. 	12	Physical Therapist | Physical Therapist | Physical Therapist	https://job-boards.greenhouse.io/elite/jobs/5098501007	board name "Elite Physical Therapy, Inc. " ≠ maison
Ember Wellness	recruitee	{"subdomain":"ember"}	Homepage	22	Intercity Bus and Coach Driver - Kirkcaldy | Learning and Development Specialist - Driver Development | PSV Mechanic - Livingston	https://ember.recruitee.com/o/intercity-bus-and-coach-driver-kirkcaldy	board name "Homepage" ≠ maison
Enable the Label	lever	{"site":"enable"}	Enable	2	Project Manager | Project Manager	https://jobs.lever.co/enable/4ecb9452-de46-4794-b08c-c37216c81121	board name "Enable" ≠ maison
Equinox Fragrance	smartrecruiters-whitelabel	{"company":"equinox"}	Equinox	717	Membership Sales Advisor, Glendale | Key Holder, Bethesda | Maintenance Associates, W 76th Street	https://jobs.smartrecruiters.com/equinox/744000147093669	board name "Equinox" ≠ maison
Espace Montagne	lever	{"site":"espace"}	E Space	144	5G Core REQUIRED - Senior Software Integration and Test Engineer | 5G Core System Engineering Lead | Accounting Manager	https://jobs.lever.co/espace/6667b6d1-d1c4-4c8f-9a34-37766dcfab62	board name "E Space" ≠ maison
Essential Parfums	greenhouse	{"board":"essential"}	Essential Anesthesia Management	96	Accounts Payable Coordinator | Anesthesia Office Manager | Anesthesiologist - $550(K) with 8 Weeks Off- Gramercy Outpatient Surgery Center- Houston, TX	https://job-boards.greenhouse.io/essential/jobs/5200910007	board name "Essential Anesthesia Management" ≠ maison
ESW Beauty	greenhouse	{"board":"esw"}	ESW	4	Senior Client Success Manager | Senior Enterprise Account Executive | Senior Product Marketing Manager	https://job-boards.greenhouse.io/esw/jobs/8759111002	board name "ESW" ≠ maison
Eternal Perfume Oils	lever	{"site":"eternal"}		4	Performance Team - Open Interest - NYC | Performance Team - Open Interest - SF | Performance Technician - Open Interest - NYC	https://jobs.lever.co/eternal/69e24776-7d20-4051-a03f-51a41aad53fa	no board name to compare
Eternal Leather Goods	lever	{"site":"eternal"}		4	Performance Team - Open Interest - NYC | Performance Team - Open Interest - SF | Performance Technician - Open Interest - NYC	https://jobs.lever.co/eternal/69e24776-7d20-4051-a03f-51a41aad53fa	no board name to compare
Euro-Dan	recruitee	{"subdomain":"euro"}		1	Senior Marketer (Sample)	https://euro.recruitee.com/o/senior-marketer-sample-london	demo/sandbox board (titles look like samples)
Euro-Star	recruitee	{"subdomain":"euro"}		1	Senior Marketer (Sample)	https://euro.recruitee.com/o/senior-marketer-sample-london	demo/sandbox board (titles look like samples)
Eve in Paradise	greenhouse	{"board":"eve"}	Eve	36	AI Search & Content Growth Marketer | Commercial Account Executive, Central | Commercial Account Executive, East	https://job-boards.greenhouse.io/eve/jobs/4355010009	board name "Eve" ≠ maison
Eve Lavoie	greenhouse	{"board":"eve"}	Eve	36	AI Search & Content Growth Marketer | Commercial Account Executive, Central | Commercial Account Executive, East	https://job-boards.greenhouse.io/eve/jobs/4355010009	board name "Eve" ≠ maison
EVER Skincare	greenhouse	{"board":"ever"}	Ever	31	Assistant Controller | Assistant Reconditioning Manager | Automotive Detailer 	https://job-boards.greenhouse.io/ever/jobs/5350762008	board name "Ever" ≠ maison
Evolution BIG SIZE	smartrecruiters-whitelabel	{"company":"evolution"}	Evolution	300	Product Delivery Manager | Cilvēkresursu OPS biznesa partneris(-e)/ HR Business Partner for Operations | Practicante administrativo	https://jobs.smartrecruiters.com/evolution/744000147231231	board name "Evolution" ≠ maison
Extreme Intimo	wttj	{"slug":"extreme"}	Extreme Agency	11	Assistant social media manager F/H | Assistant chef de projet - PLV/PRINT | Assistant consultant en influence pole Travel	https://www.welcometothejungle.com/fr/companies/extreme/jobs/assistant-e-chef-de-projet-en-social-media_clichy	board name "Extreme Agency" ≠ maison
Extreme Cashmere	wttj	{"slug":"extreme"}	Extreme Agency	11	Assistant social media manager F/H | Assistant chef de projet - PLV/PRINT | Assistant consultant en influence pole Travel	https://www.welcometothejungle.com/fr/companies/extreme/jobs/assistant-e-chef-de-projet-en-social-media_clichy	board name "Extreme Agency" ≠ maison
EXTREME POP	wttj	{"slug":"extreme"}	Extreme Agency	11	Assistant social media manager F/H | Assistant chef de projet - PLV/PRINT | Assistant consultant en influence pole Travel	https://www.welcometothejungle.com/fr/companies/extreme/jobs/assistant-e-chef-de-projet-en-social-media_clichy	board name "Extreme Agency" ≠ maison
Farfetch	lever	{"site":"farfetch"}		61	Associate Account Manager | Associate Project Manager - Privacy | B2B Operations Specialist	https://jobs.lever.co/farfetch/054a48bf-03d9-4a8e-9c54-d3895efeb4e4	no board name to compare
Fifteen Twenty	wttj	{"slug":"fifteen"}	Fifteen	4	Stage city manager H/F | Stagiaire Chargé·e de missions QVCT & Projets RH (H/F) | Support Administratif du service Clients F/H — CDI	https://www.welcometothejungle.com/fr/companies/fifteen/jobs/stage-customer-success-manager-h-f_issy-les-moulineaux	board name "Fifteen" ≠ maison
Figaret Paris	wttj	{"slug":"figaret"}	Figaret	2	Alternance - Assistant(e) Responsable comptable (H/F)  | Assistant(e) Coodrinateur(trice) Retail (H/F)	https://www.welcometothejungle.com/fr/companies/figaret/jobs/alternance-assistant-responsable-comptable_paris	board name "Figaret" ≠ maison
Figure 1 Beauty	greenhouse	{"board":"figure"}	Figure Lending	11	Customer Success Associate | Director, Digital Assets FinOps | Director of Treasury & Financial Operations	https://job-boards.greenhouse.io/figure/jobs/8651103002	board name "Figure Lending" ≠ maison
Filippa K	teamtailor	{"origin":"https://filippak.teamtailor.com"}		5	Senior Product Developer – Heavy Wovens (parental leave cover) | CLIENT ADVISOR FILIPPA K Stockholm | CLIENT ADVISOR FILIPPA K Amsterdam	https://filippak.teamtailor.com/jobs/8285869-senior-product-developer-heavy-wovens-parental-leave-cover	no board name to compare
Fleet Feet	greenhouse	{"board":"fleet"}	Fleet Data Centers	46	Commissioning Senior Manager - Electrical | Commissioning Senior Manager - Mechanical | Corporate Paralegal-Office of the General Counsel	https://job-boards.greenhouse.io/fleet/jobs/4336702009	board name "Fleet Data Centers" ≠ maison
Flip*Flop	greenhouse	{"board":"flip"}	Flip	12	Content & Social Manager | Customer Success Manager | Customer Success Manager	https://job-boards.greenhouse.io/flip/jobs/5365808008	board name "Flip" ≠ maison
Flow	personio	{"subdomain":"flow","host":"flow.jobs.personio.de"}	FLOW media Berlin GmbH	3	Praktikant:in Produktion (d/w/m) | Praktikant:in Redaktion (d/w/m) | Talentpool (Initiativbewerbung)	https://flow.jobs.personio.de/job/1523279	board name "FLOW media Berlin GmbH" ≠ maison
Fluency Beauty	greenhouse	{"board":"fluency"}	Fluency	5	Manager, Product Design | Principal Product Manager, Paid Search and AI Search Advertising | Principal Software Engineer, DSP Integrations	https://www.fluency.inc/careers?gh_jid=4311107009	board name "Fluency" ≠ maison
Fortis Uhren	teamtailor	{"origin":"https://fortis.teamtailor.com"}	Fortis	4	Säljare på distans | Mötesbokare B2B | Säljare | K-utbildning	https://fortis.teamtailor.com/jobs/7654663-saljare-pa-distans	board name "Fortis" ≠ maison
Frame Denim	wttj	{"slug":"frame"}	Frame	3	Consultant(e) senior en Stratégie et Management | Consultant(e) en Stratégie et Management (stage de fin d'études) | Consultant(e) junior en Stratégie et Management	https://www.welcometothejungle.com/fr/companies/frame/jobs/consultant-senior_paris	board name "Frame" ≠ maison
G-Form	personio	{"subdomain":"gform","host":"gform.jobs.personio.de"}	GFORM	4	Haustechniker (m/w/d) für den Raum Chemnitz/Dresden/Leipzig | Project Manager Transaction & Debt Gewerbeimmobilien (w/m/d) | Real Estate Manager - End-to-End Property Management (m/w/d)  Teil- oder Vollzeit (35 -40 Stunden/Woche) | Hybrid | Berlin / Frankfurt / Leipzig	https://gform.jobs.personio.de/job/2715810	board name "GFORM" ≠ maison
Gainer Beauty LLC	teamtailor	{"origin":"https://gainer.teamtailor.com"}	Gainer Oy	1	Varainhankkija	https://gainer.teamtailor.com/jobs/8232181-varainhankkija	board name "Gainer Oy" ≠ maison
Gate G1 One	lever	{"site":"gate"}	Gate	19	AI Agent 产品专家（C 端金融） | Business Development Manager | KYC产品经理	https://jobs.lever.co/gate/95959c87-5902-49f3-af6e-bed398271fad	board name "Gate" ≠ maison
General Óptica	greenhouse	{"board":"general"}	General Interest 	1	Career Opportunities 	https://job-boards.greenhouse.io/general/jobs/7182645002	board name "General Interest " ≠ maison
General Pants Co.	greenhouse	{"board":"general"}	General Interest 	1	Career Opportunities 	https://job-boards.greenhouse.io/general/jobs/7182645002	board name "General Interest " ≠ maison
General Sleep	greenhouse	{"board":"general"}	General Interest 	1	Career Opportunities 	https://job-boards.greenhouse.io/general/jobs/7182645002	board name "General Interest " ≠ maison
Genesis Footwear	lever	{"site":"genesis"}	Genesis Global	5	Automation Quality Engineer | Senior Application Support Analyst (C1 - Night Shift) | Senior Business Analyst(Capital Market)	https://jobs.lever.co/genesis/1dee97e1-ac4a-40dd-b628-76d0c4da1a81	board name "Genesis Global" ≠ maison
Genuine Myself	personio	{"subdomain":"genuine","host":"genuine.jobs.personio.de"}	Genuine Beauty GmbH	4	Creator Manager TikTok Shop - DACH (m/f/d) | Creator Manager TikTok Shop - NL (m/f/d) | Finance & Operations Manager (m/f/d)	https://genuine.jobs.personio.de/job/2742655	board name "Genuine Beauty GmbH" ≠ maison
Georges Rech	teamtailor	{"origin":"https://georges.teamtailor.com"}	Georges	11	Chef d'équipe production H/F | Chef d'équipe livraison H/F | Opérateur de Production H/F	https://georges.teamtailor.com/jobs/8297011-chef-d-equipe-production-h-f	board name "Georges" ≠ maison
Glide Sculpt	greenhouse	{"board":"glide"}	Glide	1	Mystery Flavor	https://job-boards.greenhouse.io/glide/jobs/4020741007	board name "Glide" ≠ maison
GLITTER FASHION	teamtailor	{"origin":"https://glitter.teamtailor.com"}	Glitter	32	Vi søker 80% butikksjef til Glitter Strandtorvet | Vi søker ekstrahjelp til Glitter Magasinet | Vi søker 50% butikkselger til Glitter Halden	https://glitter.teamtailor.com/jobs/8312430-vi-soker-80-butikksjef-til-glitter-strandtorvet	board name "Glitter" ≠ maison
Globe-Trotter	teamtailor	{"origin":"https://globetrotter.teamtailor.com"}	Globetrotter	31	Stellvertretende Teamleitung im Verkauf (w/m/d) | Stellvertretende Filialleitung / Deputy City Store Manager (w/m/d) | City Store Manager (w/m/d) für unsere Neueröffnung in Berlin	https://globetrotter.teamtailor.com/jobs/8065264-stellvertretende-teamleitung-im-verkauf-w-m-d	board name "Globetrotter" ≠ maison
Globetrotter Ausrüstung	teamtailor	{"origin":"https://globetrotter.teamtailor.com"}	Globetrotter	31	Stellvertretende Teamleitung im Verkauf (w/m/d) | Stellvertretende Filialleitung / Deputy City Store Manager (w/m/d) | City Store Manager (w/m/d) für unsere Neueröffnung in Berlin	https://globetrotter.teamtailor.com/jobs/8065264-stellvertretende-teamleitung-im-verkauf-w-m-d	board name "Globetrotter" ≠ maison
Glorious Gangsta	personio	{"subdomain":"glorious","host":"glorious.jobs.personio.de"}	Küstenjunge GmbH	17	Empfangsmitarbeiter (m/w/d) in einem Tattoo- & Piercingstudio (Bonn) | Empfangsmitarbeiter (m/w/d) in einem Tattoo- & Piercingstudio (Dresden) | Empfangsmitarbeiter (m/w/d) in einem Tattoo- & Piercingstudio (Magdeburg)	https://glorious.jobs.personio.de/job/1438376	board name "Küstenjunge GmbH" ≠ maison
Goal Five	greenhouse	{"board":"goal"}	GOAL	5	Country Director  | Digital Content Specialist  | Finance Business Partner- Programmes & Funding	https://www.goalglobal.org/careers?gh_jid=7408675	board name "GOAL" ≠ maison
Golf Galaxy	greenhouse	{"board":"golf"}	GOLF.com // GOLF Magazine	1	Director of Partnerships	https://job-boards.greenhouse.io/golf/jobs/4707030006	board name "GOLF.com // GOLF Magazine" ≠ maison
Golf Partner	greenhouse	{"board":"golf"}	GOLF.com // GOLF Magazine	1	Director of Partnerships	https://job-boards.greenhouse.io/golf/jobs/4707030006	board name "GOLF.com // GOLF Magazine" ≠ maison
Golf Town	greenhouse	{"board":"golf"}	GOLF.com // GOLF Magazine	1	Director of Partnerships	https://job-boards.greenhouse.io/golf/jobs/4707030006	board name "GOLF.com // GOLF Magazine" ≠ maison
Golf・Do	greenhouse	{"board":"golf"}	GOLF.com // GOLF Magazine	1	Director of Partnerships	https://job-boards.greenhouse.io/golf/jobs/4707030006	board name "GOLF.com // GOLF Magazine" ≠ maison
Goodwin's Skin Soother	greenhouse	{"board":"goodwin"}	Goodwin	3	Aviation Operations Coordinator | Bookkeeper | Senior Manager, Accounts Receivable and Revenue Control	https://job-boards.greenhouse.io/goodwin/jobs/5135420007	board name "Goodwin" ≠ maison
Goody's	greenhouse	{"board":"goody"}	Goody Garage Doors	3	Customer Service Representative | Garage Door Technician | General Application	https://job-boards.greenhouse.io/goody/jobs/4384277009	board name "Goody Garage Doors" ≠ maison
GRAIN DE MALICE	teamtailor	{"origin":"https://grain.teamtailor.com"}	Grain	14	Pastry Cook | Sales Coordinator | Key Account Manager (Enterprise)	https://grain.teamtailor.com/jobs/7905905-pastry-cook	board name "Grain" ≠ maison
Grand Frank	lever	{"site":"grand"}	Grand Games	9	3D Marketing Artist | Game Developer | Growth Specialist	https://jobs.lever.co/grand/f4facce6-b7d5-44de-9819-f9017cc43397	board name "Grand Games" ≠ maison
Grand Optics	lever	{"site":"grand"}	Grand Games	9	3D Marketing Artist | Game Developer | Growth Specialist	https://jobs.lever.co/grand/f4facce6-b7d5-44de-9819-f9017cc43397	board name "Grand Games" ≠ maison
Grand Seiko	lever	{"site":"grand"}	Grand Games	9	3D Marketing Artist | Game Developer | Growth Specialist	https://jobs.lever.co/grand/f4facce6-b7d5-44de-9819-f9017cc43397	board name "Grand Games" ≠ maison
Grand Step	lever	{"site":"grand"}	Grand Games	9	3D Marketing Artist | Game Developer | Growth Specialist	https://jobs.lever.co/grand/f4facce6-b7d5-44de-9819-f9017cc43397	board name "Grand Games" ≠ maison
Grand Step Shoes	lever	{"site":"grand"}	Grand Games	9	3D Marketing Artist | Game Developer | Growth Specialist	https://jobs.lever.co/grand/f4facce6-b7d5-44de-9819-f9017cc43397	board name "Grand Games" ≠ maison
Grey Belly	greenhouse	{"board":"grey"}	GREY 	2	Account Executive | Art Director	https://job-boards.greenhouse.io/grey/jobs/4723087005	board name "GREY " ≠ maison
Grey Gardens	greenhouse	{"board":"grey"}	GREY 	2	Account Executive | Art Director	https://job-boards.greenhouse.io/grey/jobs/4723087005	board name "GREY " ≠ maison
HAN KJØBENHAVN	recruitee	{"subdomain":"han"}	Customizable ATS & hiring software Tellent Recruitee	1	Senior Marketer (Muster)	https://han.recruitee.com/o/senior-marketer-stichprobe-london	board name "Customizable ATS & hiring software Tellent Recruitee" ≠ maison
Chance of Sunny	wttj	{"slug":"chance"}	Chance	2	Stage - Chargé·e de projets Education | Senior Product Designer	https://www.welcometothejungle.com/fr/companies/chance/jobs/stage-charge-e-de-projets-education_paris	board name "Chance" ≠ maison
HARIS COTTON	smartrecruiters-whitelabel	{"company":"haris"}	Haris	1	admin warehouse	https://jobs.smartrecruiters.com/haris/743999705977444	board name "Haris" ≠ maison
Hazel & Folk	greenhouse	{"board":"hazel"}	Hazel Health	17	California-Licensed Child & Adolescent Therapist (Virtual, School-Based, Part-Time) | Colorado-Licensed Child & Adolescent Therapist (Virtual, School-Based, Part-Time) | Florida-Licensed Child & Adolescent Therapist (Virtual, School-Based, Part-Time)   	https://job-boards.greenhouse.io/hazel/jobs/7638442003	board name "Hazel Health" ≠ maison
Hemmerle	personio	{"subdomain":"hemmerle","host":"hemmerle.jobs.personio.de"}		3	Initiativbewerbung (Festanstellung) | SEO Marketing Manager | Social Media (Werkstudent)	https://hemmerle.jobs.personio.de/job/1034119	no board name to compare
Hive & Colony	greenhouse	{"board":"hive"}	Hive	11	Account Manager - Germany (f/m/d) | C2 German Required | (Junior) Account Manager - Germany (f/m/d) | C2 German Required | Junior Sales Development Representative - Deutschsprachig (f/m/d)	https://job-boards.eu.greenhouse.io/hive/jobs/4940573101	board name "Hive" ≠ maison
Hoff	personio	{"subdomain":"hoff","host":"hoff.jobs.personio.de"}		2	Social Media Stagiair | Speculatieve toepassing	https://hoff.jobs.personio.de/job/2713366	no board name to compare
Honor The House Beauty	greenhouse	{"board":"honor"}	Honor	12	Business Development Advisor | Client Care Advisor  | Client Care Advisor 	https://boards.greenhouse.io/honor/jobs/8777116002?gh_jid=8777116002	board name "Honor" ≠ maison
Hook and Rope	greenhouse	{"board":"hook"}	Hook	6	Associate Design Director | Join our Freelance Community | Join our Full-time Community	https://job-boards.greenhouse.io/hook/jobs/8402409002	board name "Hook" ≠ maison
HUBER	personio	{"subdomain":"huber","host":"huber.jobs.personio.de"}	Huber Parking Deutschland GmbH	13	Ausbildung zum Bautechnischen Konstrukteur (m/w/d) | Bauleitung (m/w/d) | BIM-Konstrukteur (m/w/d) - Schwerpunkt Schal- und Bewehrungsplanung	https://huber.jobs.personio.de/job/2736923	board name "Huber Parking Deutschland GmbH" ≠ maison
Huber Shop	personio	{"subdomain":"huber","host":"huber.jobs.personio.de"}	Huber Parking Deutschland GmbH	13	Ausbildung zum Bautechnischen Konstrukteur (m/w/d) | Bauleitung (m/w/d) | BIM-Konstrukteur (m/w/d) - Schwerpunkt Schal- und Bewehrungsplanung	https://huber.jobs.personio.de/job/2736923	board name "Huber Parking Deutschland GmbH" ≠ maison
Hug & Clau	smartrecruiters-whitelabel	{"company":"hug"}	Hôpitaux Universitaires de Genève	45	Médecin adjoint ou médecin adjointe au service de gastroentérologie et d’hépatologie - 100% | Diététicien ou Diététicienne responsable de secteur - 100% | Infirmier ou Infirmière – Service de médecine tropicale et humanitaire (SMTH) - 100%	https://jobs.smartrecruiters.com/hug/744000147009829	board name "Hôpitaux Universitaires de Genève" ≠ maison
Clark's Botanicals	personio	{"subdomain":"clark","host":"clark.jobs.personio.de"}	CLARK Holding SE	3	(Senior) CRM Manager (m/w/d) | Sales Consultant (m/w/d) | Sales Consultant (m/w/d)	https://clark.jobs.personio.de/job/2415353	board name "CLARK Holding SE" ≠ maison
Hush	lever	{"site":"hush"}	HUSH	11	Architectural Designer | Creative Director | Design Director	https://jobs.lever.co/hush/33691840-09fa-4f00-a46b-1715402f4ddd	INDÉCIDABLE/FAUX POSITIF — titres = studio de design NYC (architectural designer) — ni la marque mode UK ni la skincare : faux positif probable pour les 2
Hush & Hush	lever	{"site":"hush"}	HUSH	11	Architectural Designer | Creative Director | Design Director	https://jobs.lever.co/hush/33691840-09fa-4f00-a46b-1715402f4ddd	INDÉCIDABLE/FAUX POSITIF — idem — faux positif probable
Hush Puppies	lever	{"site":"hush"}	HUSH	11	Architectural Designer | Creative Director | Design Director	https://jobs.lever.co/hush/33691840-09fa-4f00-a46b-1715402f4ddd	board name "HUSH" ≠ maison
HUSHD	smartrecruiters-whitelabel	{"company":"hushd"}	Hush'D	1	Dispatch Rider	https://jobs.smartrecruiters.com/hushd/743999734309421	board name "Hush'D" ≠ maison
Hustle Butter	teamtailor	{"origin":"https://hustle.teamtailor.com"}	Hustle	7	Design Director | Client Account Manager | Performance Marketer (Expression of Interest)	https://hustle.teamtailor.com/jobs/8271958-design-director	board name "Hustle" ≠ maison
Icon Brand	recruitee	{"subdomain":"icon"}	Customizable ATS & hiring software Tellent Recruitee	2	Vendsys, Nayax (VM), Inobram | Siedos; Breton, EOX,  Fundação Copel, True Work	https://icon.recruitee.com/o/vendsys-nayax-vm-inobram	board name "Customizable ATS & hiring software Tellent Recruitee" ≠ maison
Icon Eyewear	recruitee	{"subdomain":"icon"}	Customizable ATS & hiring software Tellent Recruitee	2	Vendsys, Nayax (VM), Inobram | Siedos; Breton, EOX,  Fundação Copel, True Work	https://icon.recruitee.com/o/vendsys-nayax-vm-inobram	board name "Customizable ATS & hiring software Tellent Recruitee" ≠ maison
igi natur	smartrecruiters-whitelabel	{"company":"igi"}	IGI	4	AV Commissioning Specialist/AV Field Engineer | Account Manager | Sales Engineer	https://jobs.smartrecruiters.com/igi/744000141979789	board name "IGI" ≠ maison
Cloud9	greenhouse	{"board":"cloud9"}	Cloud 9	9	Retail Assistant Store Manager | Retail Store Supervisor | Store Manager	https://job-boards.greenhouse.io/cloud9/jobs/8635286002	board name "Cloud 9" ≠ maison
IN VIVO	wttj	{"slug":"invivo"}	InVivo	2	Architecte/Ingénieur Cybersécurité F/H | Project Manager Officer – PMO Cybersécurité F/H	https://www.welcometothejungle.com/fr/companies/invivo/jobs/architecte-ingenieur-cybersecurite-f-h	board name "InVivo" ≠ maison
Indigo Sun	greenhouse	{"board":"indigo"}	Indigo	2	AVP, Facilities Underwriting | Future Opportunities	https://job-boards.greenhouse.io/indigo/jobs/5193160007	board name "Indigo" ≠ maison
iNDiViDUALS Studio	smartrecruiters-whitelabel	{"company":"individuals"}	Individuals	3	Php Developer | Android Developer | Dot Net Developer	https://jobs.smartrecruiters.com/individuals/743999700070287	board name "Individuals" ≠ maison
iNO	greenhouse	{"board":"ino"}	Innovative Air	3	Account Manager | Bid Coordinator | Territory Sales Manager	https://job-boards.greenhouse.io/ino/jobs/5372283008	board name "Innovative Air" ≠ maison
Inspired Sense	personio	{"subdomain":"inspired","host":"inspired.jobs.personio.de"}	Reprise Media	1	Junior Digital Marketing Specialist	https://inspired.jobs.personio.de/job/2592957	board name "Reprise Media" ≠ maison
Codex Labs Corporation	personio	{"subdomain":"codex","host":"codex.jobs.personio.de"}		1	Senior Executive Assistant	https://codex.jobs.personio.de/job/2608804	no board name to compare
Codex Labs	personio	{"subdomain":"codex","host":"codex.jobs.personio.de"}		1	Senior Executive Assistant	https://codex.jobs.personio.de/job/2608804	no board name to compare
IRIS	greenhouse	{"board":"iris"}	Iris North America	2	Associate Creative Director, Copywriter | Wanna Talk?  Apply Here!	https://job-boards.greenhouse.io/iris/jobs/7767193	board name "Iris North America" ≠ maison
Iris Janvier	greenhouse	{"board":"iris"}	Iris North America	2	Associate Creative Director, Copywriter | Wanna Talk?  Apply Here!	https://job-boards.greenhouse.io/iris/jobs/7767193	board name "Iris North America" ≠ maison
Iris Lingerie	greenhouse	{"board":"iris"}	Iris North America	2	Associate Creative Director, Copywriter | Wanna Talk?  Apply Here!	https://job-boards.greenhouse.io/iris/jobs/7767193	board name "Iris North America" ≠ maison
Iris&Romeo	greenhouse	{"board":"iris"}	Iris North America	2	Associate Creative Director, Copywriter | Wanna Talk?  Apply Here!	https://job-boards.greenhouse.io/iris/jobs/7767193	board name "Iris North America" ≠ maison
Isa Boulder	greenhouse	{"board":"isa"}	Innovative Signal Analysis	10	Program Controls Analyst | Software Engineer | Software Engineer	https://job-boards.greenhouse.io/isa/jobs/4297476009	board name "Innovative Signal Analysis" ≠ maison
Ĭsa Knox	greenhouse	{"board":"isa"}	Innovative Signal Analysis	10	Program Controls Analyst | Software Engineer | Software Engineer	https://job-boards.greenhouse.io/isa/jobs/4297476009	board name "Innovative Signal Analysis" ≠ maison
Isaac Reina	greenhouse	{"board":"isaac"}	isaac	1	Sr Software Engineer - Backend 	https://job-boards.greenhouse.io/isaac/jobs/5534311004	board name "isaac" ≠ maison
ITS'DEMO	greenhouse	{"board":"its"}	Intelligent Technical Solutions	25	Alignment Engineer (Remote) | Centralized Services Engineer (International) | Client Account Manager (International)	https://job-boards.greenhouse.io/its/jobs/7814917003	board name "Intelligent Technical Solutions" ≠ maison
Community Clothing	greenhouse	{"board":"community"}	Rome Community Partners	1	Copy of Implementation Specialist - San Diego	https://job-boards.greenhouse.io/community/jobs/4983369007	board name "Rome Community Partners" ≠ maison
JAEGER	recruitee	{"subdomain":"jaeger"}	Homepage	10	Maschinen- und Anlagenführer Beschichten (m/w/d) | Elektriker / Elektroniker Instandhaltung Betriebstechnik - 3-Schicht - unbefristet (m/w/d) | Verfahrensmechaniker/Anlagenführer Beschichtung/Extrusion in der Kunststoff- & Kautschuktechnik (w/m/d)	https://jobs.jaeger-ttc.com/o/maschinen-und-anlagenfuhrer-beschichten-mwd	INDÉCIDABLE/FAUX POSITIF — titres = industriel du revetement (Beschichten) — pas la maison Jaeger : faux positif
Jaeger-LeCoultre	recruitee	{"subdomain":"jaeger"}	Homepage	10	Maschinen- und Anlagenführer Beschichten (m/w/d) | Elektriker / Elektroniker Instandhaltung Betriebstechnik - 3-Schicht - unbefristet (m/w/d) | Verfahrensmechaniker/Anlagenführer Beschichtung/Extrusion in der Kunststoff- & Kautschuktechnik (w/m/d)	https://jobs.jaeger-ttc.com/o/maschinen-und-anlagenfuhrer-beschichten-mwd	board name "Homepage" ≠ maison
Jaguar Watches	personio	{"subdomain":"jaguar","host":"jaguar.jobs.personio.de"}		3	General Application | SEO Marketing Manager | Social Media (Working Student)	https://jaguar.jobs.personio.de/job/1792527	no board name to compare
Japan TKY	greenhouse	{"board":"japan"}	Mirakl - Japan	3	Open Application Japan | Senior Account Executive | Solution Consultant	https://job-boards.greenhouse.io/japan/jobs/4655923004	board name "Mirakl - Japan" ≠ maison
Jay Jays	greenhouse	{"board":"jay"}	Jay	2	Engineering | Founding Partner, Trusts & Estates	https://job-boards.greenhouse.io/jay/jobs/5170456007	board name "Jay" ≠ maison
COSMOS COMFORT	personio	{"subdomain":"cosmos","host":"cosmos.jobs.personio.de"}		3	Initiativbewerbung (Festanstellung) | SEO Marketing Manager | Social Media (Werkstudent)	https://cosmos.jobs.personio.de/job/2446196	no board name to compare
Johnson	personio	{"subdomain":"johnson","host":"johnson.jobs.personio.de"}		3	Initiativbewerbung (Festanstellung) | SEO Marketing Manager | Social Media (Werkstudent)	https://johnson.jobs.personio.de/job/1328955	no board name to compare
Johnson Fitness & Wellness	personio	{"subdomain":"johnson","host":"johnson.jobs.personio.de"}		3	Initiativbewerbung (Festanstellung) | SEO Marketing Manager | Social Media (Werkstudent)	https://johnson.jobs.personio.de/job/1328955	no board name to compare
Johnson's Baby	personio	{"subdomain":"johnson","host":"johnson.jobs.personio.de"}		3	Initiativbewerbung (Festanstellung) | SEO Marketing Manager | Social Media (Werkstudent)	https://johnson.jobs.personio.de/job/1328955	no board name to compare
Jonak-Paris	wttj	{"slug":"jonak"}	Jonak	17	Conseiller de vente (H/F) CDI 8h - Annecy | Conseiller de vente (H/F) CDI 21h - Annecy | Image & Production Project Coordinator (H/F)	https://www.welcometothejungle.com/fr/companies/jonak/jobs/conseiller-de-vente-h-f-cdi-8h-annecy_annecy	board name "Jonak" ≠ maison
Jonathan Cohen	personio	{"subdomain":"jonathan","host":"jonathan.jobs.personio.de"}		3	General Application | SEO Marketing Manager | Social Media (Working Student)	https://jonathan.jobs.personio.de/job/1781672	no board name to compare
Jonathan Simkhai	personio	{"subdomain":"jonathan","host":"jonathan.jobs.personio.de"}		3	General Application | SEO Marketing Manager | Social Media (Working Student)	https://jonathan.jobs.personio.de/job/1781672	no board name to compare
Josh Rosebrook	personio	{"subdomain":"josh","host":"josh.jobs.personio.de"}		3	General Application | SEO Marketing Manager | Social Media (Working Student)	https://josh.jobs.personio.de/job/1587184	no board name to compare
JOSH V	personio	{"subdomain":"josh","host":"josh.jobs.personio.de"}		3	General Application | SEO Marketing Manager | Social Media (Working Student)	https://josh.jobs.personio.de/job/1587184	no board name to compare
Jost	recruitee	{"subdomain":"jost"}	Homepage	18	HR Officer | Quality & Food Safety Coordinator | Formateur Transport – Turc	https://jost.recruitee.com/o/hr-officer-1	board name "Homepage" ≠ maison
Joya Diseño	greenhouse	{"board":"joya"}	Joya	193	Aide à domicile | AIDE A DOMICILE CDI  H/F | Aide a domicile H/F	https://job-boards.greenhouse.io/joya/jobs/7793633003	board name "Joya" ≠ maison
Jupe by Jackie	lever	{"site":"jupe"}		2	🍭👾 UX/UI DIGITAL PRODUCT DESIGNER | 🏗 Manufacturing Process Engineer	https://jobs.lever.co/jupe/d7c3888f-09bf-40d3-9ab2-7066ea16cbe6	no board name to compare
Kaiko	personio	{"subdomain":"kaiko","host":"kaiko.jobs.personio.de"}		3	General Application | SEO Marketing Manager | Social Media (Working Student)	https://kaiko.jobs.personio.de/job/1436787	no board name to compare
Cycle Gear	personio	{"subdomain":"cycle","host":"cycle.jobs.personio.de"}	CYCLE Netherlands BV	13	Bike Mechanic (f/m/d) - Amsterdam | Bike Mechanic (f/m/d) - Brabant | Bike Mechanic (f/m/d) - Central	https://cycle.jobs.personio.de/job/2562328	board name "CYCLE Netherlands BV" ≠ maison
Kate Garey	personio	{"subdomain":"kate","host":"kate.jobs.personio.de"}		3	General Application | SEO Marketing Manager | Social Media (Working Student)	https://kate.jobs.personio.de/job/2766202	no board name to compare
Kate Lee	personio	{"subdomain":"kate","host":"kate.jobs.personio.de"}		3	General Application | SEO Marketing Manager | Social Media (Working Student)	https://kate.jobs.personio.de/job/2766202	no board name to compare
Kate Sheridan	personio	{"subdomain":"kate","host":"kate.jobs.personio.de"}		3	General Application | SEO Marketing Manager | Social Media (Working Student)	https://kate.jobs.personio.de/job/2766202	no board name to compare
Kate Spade	personio	{"subdomain":"kate","host":"kate.jobs.personio.de"}		3	General Application | SEO Marketing Manager | Social Media (Working Student)	https://kate.jobs.personio.de/job/2766202	no board name to compare
Kate Spade New York	personio	{"subdomain":"kate","host":"kate.jobs.personio.de"}		3	General Application | SEO Marketing Manager | Social Media (Working Student)	https://kate.jobs.personio.de/job/2766202	no board name to compare
Kate Sylvester	personio	{"subdomain":"kate","host":"kate.jobs.personio.de"}		3	General Application | SEO Marketing Manager | Social Media (Working Student)	https://kate.jobs.personio.de/job/2766202	no board name to compare
Kate Quinn	personio	{"subdomain":"kate","host":"kate.jobs.personio.de"}		3	General Application | SEO Marketing Manager | Social Media (Working Student)	https://kate.jobs.personio.de/job/2766202	no board name to compare
Kate's Magik	personio	{"subdomain":"kate","host":"kate.jobs.personio.de"}		3	General Application | SEO Marketing Manager | Social Media (Working Student)	https://kate.jobs.personio.de/job/2766202	no board name to compare
KATE BARTON	personio	{"subdomain":"kate","host":"kate.jobs.personio.de"}		3	General Application | SEO Marketing Manager | Social Media (Working Student)	https://kate.jobs.personio.de/job/2766202	no board name to compare
KEEN	greenhouse	{"board":"keen"}	Keen Advisor Questionnaire 	1	Keen Advisor 	https://job-boards.greenhouse.io/keen/jobs/5819317004	board name "Keen Advisor Questionnaire " ≠ maison
Kent & Curwen	personio	{"subdomain":"kent","host":"kent.jobs.personio.de"}	KENT Deutschland GmbH	13	Head of Sales (m/w/d) Deutschland | Initiativbewerbungen | Key Account Manager (m/w/d) - bundesweit	https://kent.jobs.personio.de/job/2021408	board name "KENT Deutschland GmbH" ≠ maison
Kevin Jewelers	personio	{"subdomain":"kevin","host":"kevin.jobs.personio.de"}		3	General Application | SEO Marketing Manager | Social Media (Working Student)	https://kevin.jobs.personio.de/job/2013560	no board name to compare
Kevin O'Brien Studio	personio	{"subdomain":"kevin","host":"kevin.jobs.personio.de"}		3	General Application | SEO Marketing Manager | Social Media (Working Student)	https://kevin.jobs.personio.de/job/2013560	no board name to compare
KIKS TYO	recruitee	{"subdomain":"kiks"}	Homepage	2	IT Support Medewerker | Sales Consultant B2B	https://kiks.recruitee.com/o/it-support-medewerker	board name "Homepage" ≠ maison
Daniel	personio	{"subdomain":"daniel","host":"daniel.jobs.personio.de"}		3	General Application | SEO Marketing Manager | Social Media (Working Student)	https://daniel.jobs.personio.de/job/1506766	no board name to compare
Daniel & Bob	personio	{"subdomain":"daniel","host":"daniel.jobs.personio.de"}		3	General Application | SEO Marketing Manager | Social Media (Working Student)	https://daniel.jobs.personio.de/job/1506766	no board name to compare
DANIEL ESSA	personio	{"subdomain":"daniel","host":"daniel.jobs.personio.de"}		3	General Application | SEO Marketing Manager | Social Media (Working Student)	https://daniel.jobs.personio.de/job/1506766	no board name to compare
Daniel Hechter	personio	{"subdomain":"daniel","host":"daniel.jobs.personio.de"}		3	General Application | SEO Marketing Manager | Social Media (Working Student)	https://daniel.jobs.personio.de/job/1506766	no board name to compare
DANIEL PATRICK	personio	{"subdomain":"daniel","host":"daniel.jobs.personio.de"}		3	General Application | SEO Marketing Manager | Social Media (Working Student)	https://daniel.jobs.personio.de/job/1506766	no board name to compare
Daniel Wellington	personio	{"subdomain":"daniel","host":"daniel.jobs.personio.de"}		3	General Application | SEO Marketing Manager | Social Media (Working Student)	https://daniel.jobs.personio.de/job/1506766	no board name to compare
Daniel's Jewelers	personio	{"subdomain":"daniel","host":"daniel.jobs.personio.de"}		3	General Application | SEO Marketing Manager | Social Media (Working Student)	https://daniel.jobs.personio.de/job/1506766	no board name to compare
Kleinigkeit	personio	{"subdomain":"kleinigkeit","host":"kleinigkeit.jobs.personio.de"}		3	Initiativbewerbung (Festanstellung) | SEO Marketing Manager | Social Media (Werkstudent)	https://kleinigkeit.jobs.personio.de/job/1431628	no board name to compare
Kleos + Klea	teamtailor	{"origin":"https://kleos.teamtailor.com"}	Kleos	6	Chief Technology Officer (CTO) | GTM Operations Manager | Business Development Manager (UAE)	https://kleos.teamtailor.com/jobs/8170966-chief-technology-officer-cto	board name "Kleos" ≠ maison
Knit-ted Essentials	greenhouse	{"board":"knit"}	Knit	14	Director of Growth Marketing | Director of Research Operations | Enterprise Sales Development Representative	https://job-boards.greenhouse.io/knit/jobs/4355304009	board name "Knit" ≠ maison
Known Supply	greenhouse	{"board":"known"}	Known	18	Associate Director, Media Operations | Creative Director (Social) | Data Scientist, Media Consultant	https://job-boards.greenhouse.io/known/jobs/8728825002	board name "Known" ≠ maison
Kohl's	recruitee	{"subdomain":"kohl"}	Stellenangebote & Ausbildung der Kohl Unternehmensgruppe	8	Reinigungskraft (m/w/d) | Disponent/in (m/w/d) | Kraftfahrer/in für internen Werksverkehr (m/w/d)	https://jobs.kohl-gmbh.de/o/reinigungskraft2	board name "Stellenangebote & Ausbildung der Kohl Unternehmensgruppe" ≠ maison
L'Occitane Group	teamtailor	{"origin":"https://loccitanegroup.teamtailor.com"}	L'Occitane en Provence	26	Key Holder Beauty Host | CDD - Conseiller.e de Vente | CDD - Conseiller.e de Vente	https://loccitanegroup.teamtailor.com/jobs/8307686-key-holder-beauty-host	board name "L'Occitane en Provence" ≠ maison
Lagos	recruitee	{"subdomain":"lagos"}	Customizable ATS & hiring software Tellent Recruitee	1	Senior Marketer (Sample)	https://lagos.recruitee.com/o/senior-marketer-sample-london	demo/sandbox board (titles look like samples)
Lao Feng Xiang	personio	{"subdomain":"lao","host":"lao.jobs.personio.de"}	LAO Ingenieurgesellschaft mbH	6	Initiativbewerbung (m/w/d) | Sachbearbeiter Recherche & Netzbetreiberdaten (m/w/d) | Sales Manager (m/w/d)	https://lao.jobs.personio.de/job/2371935	board name "LAO Ingenieurgesellschaft mbH" ≠ maison
Diana Madison Beauty	personio	{"subdomain":"diana","host":"diana.jobs.personio.de"}	DIANA Electronic-Systeme GmbH	2	Initiativbewerbung | Mitarbeiter operativer Einkauf (m/w/d) in Teilzeit	https://diana.jobs.personio.de/job/2553312	board name "DIANA Electronic-Systeme GmbH" ≠ maison
Lemon Jelly	teamtailor	{"origin":"https://lemon.teamtailor.com"}	Aphiniti	6	PR Account Manager | Social Media Manager | Account Executive PR	https://lemon.teamtailor.com/jobs/5512703-pr-account-manager	board name "Aphiniti" ≠ maison
DNA Amsterdam	greenhouse	{"board":"dna"}	DNA	1	Trainee Public Relations - Healthcare Communications (w/m/d)	https://job-boards.greenhouse.io/dna/jobs/8460178002	board name "DNA" ≠ maison
Dom Tower	personio	{"subdomain":"dom","host":"dom.jobs.personio.de"}		3	General Application | SEO Marketing Manager | Social Media (Working Student)	https://dom.jobs.personio.de/job/2023736	no board name to compare
Dom Mody Skorska	personio	{"subdomain":"dom","host":"dom.jobs.personio.de"}		3	General Application | SEO Marketing Manager | Social Media (Working Student)	https://dom.jobs.personio.de/job/2023736	no board name to compare
Life Elements	lever	{"site":"life"}	Life.Church	56	AI Solutions Manager | Associate Community Pastor | Associate Host Team Pastor	https://jobs.lever.co/life/b6b38530-2d55-48b1-993b-708311cc94a9	board name "Life.Church" ≠ maison
Life Less Ordinary	lever	{"site":"life"}	Life.Church	56	AI Solutions Manager | Associate Community Pastor | Associate Host Team Pastor	https://jobs.lever.co/life/b6b38530-2d55-48b1-993b-708311cc94a9	board name "Life.Church" ≠ maison
Life Style Sports	lever	{"site":"life"}	Life.Church	56	AI Solutions Manager | Associate Community Pastor | Associate Host Team Pastor	https://jobs.lever.co/life/b6b38530-2d55-48b1-993b-708311cc94a9	board name "Life.Church" ≠ maison
Lifted Beauty	greenhouse	{"board":"lifted"}	Lifted	5	Commercial Account Manager | Customer Success Manager | Enterprise Account Manager	https://job-boards.greenhouse.io/lifted/jobs/5771080003	board name "Lifted" ≠ maison
Loavies	recruitee	{"subdomain":"loavies"}	My custom page title	4	Fashion Stylist | Customer Care medewerker (Flex) | Merchandise Planner	https://loavies.recruitee.com/o/fashion-stylist-4	board name "My custom page title" ≠ maison
London Fog	greenhouse	{"board":"london"}	Aimé Leon Dore EU	3	Barista | Concierge Associate  | Sales Associate	https://job-boards.greenhouse.io/london/jobs/5019478004	board name "Aimé Leon Dore EU" ≠ maison
London Jewelers	greenhouse	{"board":"london"}	Aimé Leon Dore EU	3	Barista | Concierge Associate  | Sales Associate	https://job-boards.greenhouse.io/london/jobs/5019478004	board name "Aimé Leon Dore EU" ≠ maison
Loop Swim	personio	{"subdomain":"loop","host":"loop.jobs.personio.de"}		6	Bewerberpool | Fahrer/in | Initiativbewerbung (Festanstellung)	https://loop.jobs.personio.de/job/2764714	no board name to compare
LOOP WHEELER	personio	{"subdomain":"loop","host":"loop.jobs.personio.de"}		6	Bewerberpool | Fahrer/in | Initiativbewerbung (Festanstellung)	https://loop.jobs.personio.de/job/2764714	no board name to compare
Loop.a life	personio	{"subdomain":"loop","host":"loop.jobs.personio.de"}		6	Bewerberpool | Fahrer/in | Initiativbewerbung (Festanstellung)	https://loop.jobs.personio.de/job/2764714	no board name to compare
Loqi	personio	{"subdomain":"loqi","host":"loqi.jobs.personio.de"}		3	SEO Marketing Manager | Social Media (Working Student) | Unsolicited Application	https://loqi.jobs.personio.de/job/358627	no board name to compare
Lore & Heart	wttj	{"slug":"lore"}	LORÉ	1	Engineering manager H/F	https://www.welcometothejungle.com/fr/companies/lore/jobs/engineering-manager	board name "LORÉ" ≠ maison
Eastern Mountain Sports	recruitee	{"subdomain":"eastern"}	Customizable ATS & hiring software Tellent Recruitee	2	HR | Senior Marketer (Sample)	https://eastern.recruitee.com/o/o2e47993w2	demo/sandbox board (titles look like samples)
Luciano Gelisio	personio	{"subdomain":"luciano","host":"luciano.jobs.personio.de"}		3	General Application | SEO Marketing Manager | Social Media (Working Student)	https://luciano.jobs.personio.de/job/1558412	no board name to compare
Luminous Being	personio	{"subdomain":"luminous","host":"luminous.jobs.personio.de"}	Luminous Cards GmbH	9	Accountant / Buchhalter (m/w/d) | Back Office Assistant (m/w/d) | Initiativbewerbung (Festanstellung)	https://luminous.jobs.personio.de/job/2766325	board name "Luminous Cards GmbH" ≠ maison
Lush	greenhouse	{"board":"lush"}	Lush Handmade Cosmetics	147	Accounts Payable Administrative Support | Ambassadeur Saisonnier - Galeries d'Anjou | Ambassadeur Saisonnier - Montreal Eaton Centre	https://job-boards.greenhouse.io/lush/jobs/8148669	board name "Lush Handmade Cosmetics" ≠ maison
Lush Lapel	greenhouse	{"board":"lush"}	Lush Handmade Cosmetics	147	Accounts Payable Administrative Support | Ambassadeur Saisonnier - Galeries d'Anjou | Ambassadeur Saisonnier - Montreal Eaton Centre	https://job-boards.greenhouse.io/lush/jobs/8148669	board name "Lush Handmade Cosmetics" ≠ maison
mad penguin skin care	wttj	{"slug":"mad"}	MADNETWORK	2	Learning Project Manager Assistant MAD Academy (Internship) - à partir de janvier 2027 | Consultant(e) Junior MAD Strategy (stage) - à partir de Janvier 2027	https://www.welcometothejungle.com/fr/companies/mad/jobs/learning-project-manager-assistant-mad-academy-internship-a-partir-de-janvier-2027_paris	board name "MADNETWORK" ≠ maison
MADE BY SOCIETY	teamtailor	{"origin":"https://made.teamtailor.com"}	MADE	170	Commerciale attivo/a sul campo | Operatore/trice servizio clienti settore energia | Addetto/a assistenza clienti per settore abbigliamento	https://made.teamtailor.com/jobs/8313031-commerciale-attivo-a-sul-campo	board name "MADE" ≠ maison
Made in Sens	teamtailor	{"origin":"https://made.teamtailor.com"}	MADE	170	Commerciale attivo/a sul campo | Operatore/trice servizio clienti settore energia | Addetto/a assistenza clienti per settore abbigliamento	https://made.teamtailor.com/jobs/8313031-commerciale-attivo-a-sul-campo	board name "MADE" ≠ maison
Made Simple Skin Care	teamtailor	{"origin":"https://made.teamtailor.com"}	MADE	170	Commerciale attivo/a sul campo | Operatore/trice servizio clienti settore energia | Addetto/a assistenza clienti per settore abbigliamento	https://made.teamtailor.com/jobs/8313031-commerciale-attivo-a-sul-campo	board name "MADE" ≠ maison
Magnolia Park	greenhouse	{"board":"magnolia"}	Magnolia	16	Accounting & Finance - Financial Planning & Analyst Manager | Commercial Kitchen - Production Associate | Ecommerce - Conversion Rate Optimization Specialist 	https://job-boards.greenhouse.io/magnolia/jobs/5408891008	board name "Magnolia" ≠ maison
Make & Mary®	greenhouse	{"board":"make"}	Make	16	Account Manager | Account Manager | Account Manager - Spain & LATAM	https://www.make.com/en/careers-detail?gh_jid=7778598003	board name "Make" ≠ maison
Make An Impact	greenhouse	{"board":"make"}	Make	16	Account Manager | Account Manager | Account Manager - Spain & LATAM	https://www.make.com/en/careers-detail?gh_jid=7778598003	board name "Make" ≠ maison
Make My Lemonade	greenhouse	{"board":"make"}	Make	16	Account Manager | Account Manager | Account Manager - Spain & LATAM	https://www.make.com/en/careers-detail?gh_jid=7778598003	board name "Make" ≠ maison
Make the Dot	greenhouse	{"board":"make"}	Make	16	Account Manager | Account Manager | Account Manager - Spain & LATAM	https://www.make.com/en/careers-detail?gh_jid=7778598003	board name "Make" ≠ maison
Make Up For Ever	greenhouse	{"board":"make"}	Make	16	Account Manager | Account Manager | Account Manager - Spain & LATAM	https://www.make.com/en/careers-detail?gh_jid=7778598003	board name "Make" ≠ maison
Make-up Art Cosmetics	greenhouse	{"board":"make"}	Make	16	Account Manager | Account Manager | Account Manager - Spain & LATAM	https://www.make.com/en/careers-detail?gh_jid=7778598003	board name "Make" ≠ maison
Maki Sandals	wttj	{"slug":"maki"}	MakiPeople	7	Customer Care Operations Intern (EN & FR Speaker) | IT Workplace Intern (Final year) | Senior Business Psychologist	https://www.welcometothejungle.com/fr/companies/maki/jobs/customer-care-operations-intern-en-fr-speaker_paris_MAKIP_j7aN4g6	board name "MakiPeople" ≠ maison
manière de voir	smartrecruiters-whitelabel	{"company":"maniere"}	Maniere	1	Associate Designer	https://jobs.smartrecruiters.com/maniere/743999699826559	board name "Maniere" ≠ maison
Mantis World	greenhouse	{"board":"mantis"}	Mantis	6	 Acquisition, Production and Development Coordinator  | Acquisition, Production and Development Coordinator |  Acquisition, Production and Development Coordinator (TEST)	https://job-boards.greenhouse.io/mantis/jobs/4670399007	board name "Mantis" ≠ maison
Marmot	personio	{"subdomain":"marmot","host":"marmot.jobs.personio.de"}		3	General Application | SEO Marketing Manager | Social Media (Working Student)	https://marmot.jobs.personio.de/job/1702085	no board name to compare
Märta Larsson	personio	{"subdomain":"marta","host":"marta.jobs.personio.de"}	marta ambulante Pflegedienste GmbH	25	(Junior) Account Manager (m/w/d) für Markteintritt | (Junior) Account Manager (m/w/d) im Pflegesektor | (Junior) Account Manager (m/w/d) im Pflegesektor	https://marta.jobs.personio.de/job/2773328	board name "marta ambulante Pflegedienste GmbH" ≠ maison
EMIN + PAUL	personio	{"subdomain":"emin","host":"emin.jobs.personio.de"}		3	General Application | SEO Marketing Manager | Social Media (Working Student)	https://emin.jobs.personio.de/job/2023814	no board name to compare
MAS Holdings	greenhouse	{"board":"mas"}	Midwest Applied Solutions	6	Associate Sales Engineer | Commercial HVAC VRF Service Technician | HVAC Commercial Service Technician	https://job-boards.greenhouse.io/mas/jobs/5139946008	board name "Midwest Applied Solutions" ≠ maison
Massimo Dutti	recruitee	{"subdomain":"massimodutti"}	homepage	2	Senior UX/UI Lead | Head of Womenswear E-commerce	https://massimodutti.recruitee.com/o/senior-uxui-lead	board name "homepage" ≠ maison
mat star	teamtailor	{"origin":"https://mat.teamtailor.com"}	MAT Group	6	Warehouse Supervisor仓库主管 | Supply Chain Manager | Sales & Customer Operations Specialist	https://mat.teamtailor.com/jobs/5416037-warehouse-supervisor	board name "MAT Group" ≠ maison
Match point linen	teamtailor	{"origin":"https://match.teamtailor.com"}	MATCH	21	10% Butikkselger MATCH Manglerud | 10% Butikkselger MATCH  Kvadrat | 10% Butikkselger MATCH Sandnessjøen	https://match.teamtailor.com/jobs/8278702-10-butikkselger-match-manglerud	board name "MATCH" ≠ maison
Matt & Nat	recruitee	{"subdomain":"matt"}	homepage	8	Senior Customer Support Agent | Buying & Category manager | Stagiair Creative Content - september '26 - januari '27	https://matt.recruitee.com/o/senior-customer-support-agent	board name "homepage" ≠ maison
MATT Optik	recruitee	{"subdomain":"matt"}	homepage	8	Senior Customer Support Agent | Buying & Category manager | Stagiair Creative Content - september '26 - januari '27	https://matt.recruitee.com/o/senior-customer-support-agent	board name "homepage" ≠ maison
Max	recruitee	{"subdomain":"max"}	Customizable ATS & hiring software Tellent Recruitee	2	Marketer (Muster) | Senior Marketer (Muster)	https://max.recruitee.com/o/marketer-muster	board name "Customizable ATS & hiring software Tellent Recruitee" ≠ maison
Max Fashion	recruitee	{"subdomain":"max"}	Customizable ATS & hiring software Tellent Recruitee	2	Marketer (Muster) | Senior Marketer (Muster)	https://max.recruitee.com/o/marketer-muster	board name "Customizable ATS & hiring software Tellent Recruitee" ≠ maison
Max et Moi	recruitee	{"subdomain":"max"}	Customizable ATS & hiring software Tellent Recruitee	2	Marketer (Muster) | Senior Marketer (Muster)	https://max.recruitee.com/o/marketer-muster	board name "Customizable ATS & hiring software Tellent Recruitee" ≠ maison
Max Original Leather	recruitee	{"subdomain":"max"}	Customizable ATS & hiring software Tellent Recruitee	2	Marketer (Muster) | Senior Marketer (Muster)	https://max.recruitee.com/o/marketer-muster	board name "Customizable ATS & hiring software Tellent Recruitee" ≠ maison
MAX&Co.	recruitee	{"subdomain":"max"}	Customizable ATS & hiring software Tellent Recruitee	2	Marketer (Muster) | Senior Marketer (Muster)	https://max.recruitee.com/o/marketer-muster	board name "Customizable ATS & hiring software Tellent Recruitee" ≠ maison
Max Mara	recruitee	{"subdomain":"max"}	Customizable ATS & hiring software Tellent Recruitee	2	Marketer (Muster) | Senior Marketer (Muster)	https://max.recruitee.com/o/marketer-muster	board name "Customizable ATS & hiring software Tellent Recruitee" ≠ maison
Maya Chia	lever	{"site":"maya"}	MayaHTT	5	Account Manager | Financial Analyst | Marketing Analyst	https://jobs.lever.co/maya/a07940b9-6aac-4dbc-811a-0169f57be4fb	board name "MayaHTT" ≠ maison
Maya Mari Kids	lever	{"site":"maya"}	MayaHTT	5	Account Manager | Financial Analyst | Marketing Analyst	https://jobs.lever.co/maya/a07940b9-6aac-4dbc-811a-0169f57be4fb	board name "MayaHTT" ≠ maison
Maya's Ideas	lever	{"site":"maya"}	MayaHTT	5	Account Manager | Financial Analyst | Marketing Analyst	https://jobs.lever.co/maya/a07940b9-6aac-4dbc-811a-0169f57be4fb	board name "MayaHTT" ≠ maison
Maya Maya	lever	{"site":"maya"}	MayaHTT	5	Account Manager | Financial Analyst | Marketing Analyst	https://jobs.lever.co/maya/a07940b9-6aac-4dbc-811a-0169f57be4fb	board name "MayaHTT" ≠ maison
Maya Eco	lever	{"site":"maya"}	MayaHTT	5	Account Manager | Financial Analyst | Marketing Analyst	https://jobs.lever.co/maya/a07940b9-6aac-4dbc-811a-0169f57be4fb	board name "MayaHTT" ≠ maison
Maya Magal	lever	{"site":"maya"}	MayaHTT	5	Account Manager | Financial Analyst | Marketing Analyst	https://jobs.lever.co/maya/a07940b9-6aac-4dbc-811a-0169f57be4fb	board name "MayaHTT" ≠ maison
MCS	greenhouse	{"board":"mcs"}	Minnesota Cannabis Services	32	Accounting Manager | Budtender - Retail Associate | Budtender - Retail Associate	https://job-boards.greenhouse.io/mcs/jobs/5227721008	board name "Minnesota Cannabis Services" ≠ maison
Meaningful Beauty ®	recruitee	{"subdomain":"meaningful"}	Customizable ATS & hiring software Tellent Recruitee	1	Senior Marketer (Sample)	https://meaningful.recruitee.com/o/senior-marketer-sample-london	demo/sandbox board (titles look like samples)
Eric Bompard	recruitee	{"subdomain":"ericbompard"}	Customizable ATS & hiring software Tellent Recruitee	1	Marketer Senior (Exemple)	https://ericbompard.recruitee.com/o/marketer-senior-exemple-londres	demo/sandbox board (titles look like samples)
Michel & Amazonka	personio	{"subdomain":"michel","host":"michel.jobs.personio.de"}		3	General Application | SEO Marketing Manager | Social Media (Working Student)	https://michel.jobs.personio.de/job/1903824	no board name to compare
Michel Germain Parfums	personio	{"subdomain":"michel","host":"michel.jobs.personio.de"}		3	General Application | SEO Marketing Manager | Social Media (Working Student)	https://michel.jobs.personio.de/job/1903824	no board name to compare
Mind Games	teamtailor	{"origin":"https://mind.teamtailor.com"}	Mind OSS	2	Technical Project Engineer | Marketing Intern	https://mind.teamtailor.com/jobs/8242367-technical-project-engineer	board name "Mind OSS" ≠ maison
Mirabelle Jewelry	wttj	{"slug":"mirabelle"}	Mirabelle	5	Account Executive / Conseiller commercial F/H | Conseillèr(e) en prêt viager hypothécaire F/H | Analyste Conformité et Middle Office (H/F)	https://www.welcometothejungle.com/fr/companies/mirabelle/jobs/conseiller-en-pret-viager-hypothecaire-f-h_paris	board name "Mirabelle" ≠ maison
Moa	smartrecruiters-whitelabel	{"company":"moa"}	Melissa's Outdoor Adventures	26	Cake Baker | West Side Store - Barista - COLLEGE RECRUITS | Copy of Barista - West Side Store	https://jobs.smartrecruiters.com/moa/743999796034297	board name "Melissa's Outdoor Adventures" ≠ maison
Moo Moo Bath Co	lever	{"site":"moo"}	MOO	14	Account Manager | Head of Information Security | Inbound Phone Representative	https://jobs.lever.co/moo/6ddec3ee-c622-4319-ac99-545fc1a26fb0	board name "MOO" ≠ maison
Moo'ilo	lever	{"site":"moo"}	MOO	14	Account Manager | Head of Information Security | Inbound Phone Representative	https://jobs.lever.co/moo/6ddec3ee-c622-4319-ac99-545fc1a26fb0	board name "MOO" ≠ maison
MOON JUICE	greenhouse	{"board":"moon"}	Moon Creative Lab	7	3D Printing Technician – Production (Contract, Palo Alto) | Design Researcher (Contract, Palo Alto) | Design Researcher (Contract, Tokyo)	https://job-boards.greenhouse.io/moon/jobs/8724224002	board name "Moon Creative Lab" ≠ maison
Moon Boot	greenhouse	{"board":"moon"}	Moon Creative Lab	7	3D Printing Technician – Production (Contract, Palo Alto) | Design Researcher (Contract, Palo Alto) | Design Researcher (Contract, Tokyo)	https://job-boards.greenhouse.io/moon/jobs/8724224002	board name "Moon Creative Lab" ≠ maison
Moon Mother Hemp Company	greenhouse	{"board":"moon"}	Moon Creative Lab	7	3D Printing Technician – Production (Contract, Palo Alto) | Design Researcher (Contract, Palo Alto) | Design Researcher (Contract, Tokyo)	https://job-boards.greenhouse.io/moon/jobs/8724224002	board name "Moon Creative Lab" ≠ maison
Moon Rabbit Acupuncture	greenhouse	{"board":"moon"}	Moon Creative Lab	7	3D Printing Technician – Production (Contract, Palo Alto) | Design Researcher (Contract, Palo Alto) | Design Researcher (Contract, Tokyo)	https://job-boards.greenhouse.io/moon/jobs/8724224002	board name "Moon Creative Lab" ≠ maison
Moon Ridge Company	greenhouse	{"board":"moon"}	Moon Creative Lab	7	3D Printing Technician – Production (Contract, Palo Alto) | Design Researcher (Contract, Palo Alto) | Design Researcher (Contract, Tokyo)	https://job-boards.greenhouse.io/moon/jobs/8724224002	board name "Moon Creative Lab" ≠ maison
Moon Valley Organics	greenhouse	{"board":"moon"}	Moon Creative Lab	7	3D Printing Technician – Production (Contract, Palo Alto) | Design Researcher (Contract, Palo Alto) | Design Researcher (Contract, Tokyo)	https://job-boards.greenhouse.io/moon/jobs/8724224002	board name "Moon Creative Lab" ≠ maison
More Joy	personio	{"subdomain":"more","host":"more.jobs.personio.de"}		3	Initiativbewerbung (Festanstellung) | SEO Marketing Manager | Social Media (Werkstudent)	https://more.jobs.personio.de/job/1977641	no board name to compare
More & More	personio	{"subdomain":"more","host":"more.jobs.personio.de"}		3	Initiativbewerbung (Festanstellung) | SEO Marketing Manager | Social Media (Werkstudent)	https://more.jobs.personio.de/job/1977641	no board name to compare
Morgans Apothecary	greenhouse	{"board":"morgans"}	Morgan's Early Learning Centers	5	Assistant Teacher - Morgan's | GSRP Assistant Teacher - Morgan's | GSRP Lead Teacher - Morgan's	https://job-boards.greenhouse.io/morgans/jobs/7687032003	board name "Morgan's Early Learning Centers" ≠ maison
Mos Mosh	greenhouse	{"board":"mos"}	Michigan Online School	1	School Operations Manager	https://job-boards.greenhouse.io/mos/jobs/7919993003	board name "Michigan Online School" ≠ maison
MOS MOSH Gallery.	greenhouse	{"board":"mos"}	Michigan Online School	1	School Operations Manager	https://job-boards.greenhouse.io/mos/jobs/7919993003	board name "Michigan Online School" ≠ maison
MUDRA	personio	{"subdomain":"mudra","host":"mudra.jobs.personio.de"}		3	Initiativbewerbung (Festanstellung) | SEO Marketing Manager | Social Media (Werkstudent)	https://mudra.jobs.personio.de/job/1653998	no board name to compare
Mulberry Skincare	lever	{"site":"mulberry"}	Mulberry	33	Assistant Manager | Assistant Manager | Assistant Manager	https://jobs.lever.co/mulberry/9c230855-e3e8-4bac-a876-c692d413d41b	board name "Mulberry" ≠ maison
MYMARINI	personio	{"subdomain":"mymarini","host":"mymarini.jobs.personio.de"}		3	Initiativbewerbung (Festanstellung) | SEO Marketing Manager | Social Media (Werkstudent)	https://mymarini.jobs.personio.de/job/1276648	no board name to compare
N°21	smartrecruiters-whitelabel	{"company":"n21"}	N2	1	Canvasser	https://jobs.smartrecruiters.com/n21/95848901	board name "N2" ≠ maison
National Geographic	greenhouse	{"board":"national"}	NATIONAL	6	Associate |  Conseiller(ère), Relations médias, positionnement corporatif et produits (Remplacement de congé de maternité) | Director, Corporate Communications	https://job-boards.greenhouse.io/national/jobs/5179542007	board name "NATIONAL" ≠ maison
National Union of Manufacturers of Aromatic Products	greenhouse	{"board":"national"}	NATIONAL	6	Associate |  Conseiller(ère), Relations médias, positionnement corporatif et produits (Remplacement de congé de maternité) | Director, Corporate Communications	https://job-boards.greenhouse.io/national/jobs/5179542007	board name "NATIONAL" ≠ maison
NAU!	personio	{"subdomain":"nau","host":"nau.jobs.personio.de"}		3	General Application | SEO Marketing Manager | Social Media (Working Student)	https://nau.jobs.personio.de/job/1671180	no board name to compare
Neon Hippie	lever	{"site":"neon"}	Neon Pagamentos	12	Analista de Growth (Business Analytics) - Pleno | Analista de Growth Júnior  - Marketing Acquisition | Afirmativa para PCD's | Analista de Growth Pleno - Cards Acquisition	https://jobs.lever.co/neon/026b745f-bc2a-4661-8d4e-a711987c2f0b	board name "Neon Pagamentos" ≠ maison
Neu Nomads	greenhouse	{"board":"neu"}	Fora (Interview Calendar)	10	Community Hub Volunteer | Director of Data Analytics | Director of Sales	https://job-boards.greenhouse.io/neu/jobs/5059164008	board name "Fora (Interview Calendar)" ≠ maison
New Balance	greenhouse	{"board":"new"}	Sonja Inc.  	1	Performance Marketing Manager (UK  & Ireland)	https://job-boards.greenhouse.io/new/jobs/4649245003	board name "Sonja Inc.  " ≠ maison
New Balance Golf Japan	greenhouse	{"board":"new"}	Sonja Inc.  	1	Performance Marketing Manager (UK  & Ireland)	https://job-boards.greenhouse.io/new/jobs/4649245003	board name "Sonja Inc.  " ≠ maison
New Directions Aromatics	greenhouse	{"board":"new"}	Sonja Inc.  	1	Performance Marketing Manager (UK  & Ireland)	https://job-boards.greenhouse.io/new/jobs/4649245003	board name "Sonja Inc.  " ≠ maison
New Era	greenhouse	{"board":"new"}	Sonja Inc.  	1	Performance Marketing Manager (UK  & Ireland)	https://job-boards.greenhouse.io/new/jobs/4649245003	board name "Sonja Inc.  " ≠ maison
New Girl Order	greenhouse	{"board":"new"}	Sonja Inc.  	1	Performance Marketing Manager (UK  & Ireland)	https://job-boards.greenhouse.io/new/jobs/4649245003	board name "Sonja Inc.  " ≠ maison
New in Town	greenhouse	{"board":"new"}	Sonja Inc.  	1	Performance Marketing Manager (UK  & Ireland)	https://job-boards.greenhouse.io/new/jobs/4649245003	board name "Sonja Inc.  " ≠ maison
New Amsterdam Surf Association	greenhouse	{"board":"new"}	Sonja Inc.  	1	Performance Marketing Manager (UK  & Ireland)	https://job-boards.greenhouse.io/new/jobs/4649245003	board name "Sonja Inc.  " ≠ maison
New Look	greenhouse	{"board":"new"}	Sonja Inc.  	1	Performance Marketing Manager (UK  & Ireland)	https://job-boards.greenhouse.io/new/jobs/4649245003	board name "Sonja Inc.  " ≠ maison
New Man	greenhouse	{"board":"new"}	Sonja Inc.  	1	Performance Marketing Manager (UK  & Ireland)	https://job-boards.greenhouse.io/new/jobs/4649245003	board name "Sonja Inc.  " ≠ maison
New Optimist	greenhouse	{"board":"new"}	Sonja Inc.  	1	Performance Marketing Manager (UK  & Ireland)	https://job-boards.greenhouse.io/new/jobs/4649245003	board name "Sonja Inc.  " ≠ maison
New Ordinary People	greenhouse	{"board":"new"}	Sonja Inc.  	1	Performance Marketing Manager (UK  & Ireland)	https://job-boards.greenhouse.io/new/jobs/4649245003	board name "Sonja Inc.  " ≠ maison
New Standard	greenhouse	{"board":"new"}	Sonja Inc.  	1	Performance Marketing Manager (UK  & Ireland)	https://job-boards.greenhouse.io/new/jobs/4649245003	board name "Sonja Inc.  " ≠ maison
New York & Company	greenhouse	{"board":"new"}	Sonja Inc.  	1	Performance Marketing Manager (UK  & Ireland)	https://job-boards.greenhouse.io/new/jobs/4649245003	board name "Sonja Inc.  " ≠ maison
NEW YORKER	greenhouse	{"board":"new"}	Sonja Inc.  	1	Performance Marketing Manager (UK  & Ireland)	https://job-boards.greenhouse.io/new/jobs/4649245003	board name "Sonja Inc.  " ≠ maison
Newton Running	lever	{"site":"newton"}	Newton	3	An Open Call for Talent | DevOps Engineer - Canada Wide - Remote | Site Reliability Engineer - Canada Wide - Remote	https://jobs.lever.co/newton/9f2f00e2-dabb-486d-b6f9-892fca149167	board name "Newton" ≠ maison
Next	teamtailor	{"origin":"https://next.teamtailor.com"}	Novati	91	Commerciale telefonia e internet | Operatore/trice documentale per trasporti | Addetto/a distribuzione materiale promozionale per e-commerce	https://next.teamtailor.com/jobs/8313030-commerciale-telefonia-e-internet	board name "Novati" ≠ maison
Nice Rice	greenhouse	{"board":"nice"}	NICE	180	Account Executive | Account Executive | Account Executive	https://boards.eu.greenhouse.io/nice/jobs/4768559101?gh_jid=4768559101	board name "NICE" ≠ maison
Nice Things	greenhouse	{"board":"nice"}	NICE	180	Account Executive | Account Executive | Account Executive	https://boards.eu.greenhouse.io/nice/jobs/4768559101?gh_jid=4768559101	board name "NICE" ≠ maison
FIND KAPOOR	greenhouse	{"board":"find"}	FIND Healthcareers	17	Field Medical Assistant (East Valley) | Field Medical Assistant (West Valley) | Field Medical Assistant (West Valley)	https://job-boards.greenhouse.io/find/jobs/4227984004	board name "FIND Healthcareers" ≠ maison
NICO	personio	{"subdomain":"nico","host":"nico.jobs.personio.de"}		3	Initiativbewerbung (Festanstellung) | SEO Marketing Manager | Social Media (Werkstudent)	https://nico.jobs.personio.de/job/2104644	no board name to compare
Finn + Emma	lever	{"site":"finn"}	FINN	27	(Junior) Account Manager (m/w/d) | (Junior) Customer Service Agent (m/w/d) | (Junior) Fleet Coordinator Kfz-Technik & Fahrzeugmanagement (m/w/d)	https://jobs.lever.co/finn/103dc21a-1894-4cfc-a514-efa86f6c021c	board name "FINN" ≠ maison
Finn Flare	lever	{"site":"finn"}	FINN	27	(Junior) Account Manager (m/w/d) | (Junior) Customer Service Agent (m/w/d) | (Junior) Fleet Coordinator Kfz-Technik & Fahrzeugmanagement (m/w/d)	https://jobs.lever.co/finn/103dc21a-1894-4cfc-a514-efa86f6c021c	board name "FINN" ≠ maison
First Hand	greenhouse	{"board":"firsthand"}	firsthand Health	15	Consultation-Liaison Psychiatric Nurse Practitioner | Nurse Practitioner | Peer Counselor (CORE Guide)	https://job-boards.greenhouse.io/firsthand/jobs/4388517009	board name "firsthand Health" ≠ maison
NIS	personio	{"subdomain":"nis","host":"nis.jobs.personio.de"}		6	Business Developer PV (m/w/d) | Initiativbewerbung (m/w/d) | Servicetechniker für Flachdacharbeiten (m/w/d)	https://nis.jobs.personio.de/job/2677870	no board name to compare
Five Fellas	teamtailor	{"origin":"https://five.teamtailor.com"}	fiver	228	Addetto/a corner per negozio alimentare | Addetto/a gestione ordini per distribuzione | Addetto/a Informazioni per Attività Commerciale	https://five.teamtailor.com/jobs/8314632-addetto-a-corner-per-negozio-alimentare	board name "fiver" ≠ maison
FIVE CM	teamtailor	{"origin":"https://five.teamtailor.com"}	fiver	228	Addetto/a corner per negozio alimentare | Addetto/a gestione ordini per distribuzione | Addetto/a Informazioni per Attività Commerciale	https://five.teamtailor.com/jobs/8314632-addetto-a-corner-per-negozio-alimentare	board name "fiver" ≠ maison
Five Petals	teamtailor	{"origin":"https://five.teamtailor.com"}	fiver	228	Addetto/a corner per negozio alimentare | Addetto/a gestione ordini per distribuzione | Addetto/a Informazioni per Attività Commerciale	https://five.teamtailor.com/jobs/8314632-addetto-a-corner-per-negozio-alimentare	board name "fiver" ≠ maison
Five Forty The Label	teamtailor	{"origin":"https://five.teamtailor.com"}	fiver	228	Addetto/a corner per negozio alimentare | Addetto/a gestione ordini per distribuzione | Addetto/a Informazioni per Attività Commerciale	https://five.teamtailor.com/jobs/8314632-addetto-a-corner-per-negozio-alimentare	board name "fiver" ≠ maison
Flamingo Estate	greenhouse	{"board":"flamingo"}	Flamingo	13	Customer Supply Chain Manager | Director, Internal Controls & Risk Management | Executive Business Partner	https://job-boards.greenhouse.io/flamingo/jobs/8067083	board name "Flamingo" ≠ maison
Nº21	smartrecruiters-whitelabel	{"company":"no21"}	No	1	Autocad	https://jobs.smartrecruiters.com/no21/743999678248350	board name "No" ≠ maison
NOAH	greenhouse	{"board":"noah"}	North Oatlands Animal Hospital	6	DVM Student Externship/Preceptorship Program — North Oatlands Animal Hospital (Theriogenology and reproductive services focus) | Kennel Assistant  | Reproductive Veterinary Assistant	https://boards.greenhouse.io/noah/jobs/7789780002?gh_jid=7789780002	board name "North Oatlands Animal Hospital" ≠ maison
Noah & Sisi	greenhouse	{"board":"noah"}	North Oatlands Animal Hospital	6	DVM Student Externship/Preceptorship Program — North Oatlands Animal Hospital (Theriogenology and reproductive services focus) | Kennel Assistant  | Reproductive Veterinary Assistant	https://boards.greenhouse.io/noah/jobs/7789780002?gh_jid=7789780002	board name "North Oatlands Animal Hospital" ≠ maison
Noah NYC	greenhouse	{"board":"noah"}	North Oatlands Animal Hospital	6	DVM Student Externship/Preceptorship Program — North Oatlands Animal Hospital (Theriogenology and reproductive services focus) | Kennel Assistant  | Reproductive Veterinary Assistant	https://boards.greenhouse.io/noah/jobs/7789780002?gh_jid=7789780002	board name "North Oatlands Animal Hospital" ≠ maison
Nobody Denim	lever	{"site":"nobody"}	NOBODY	2	Senior Director, Social Activation | Senior Social Insights Analyst	https://jobs.lever.co/nobody/8d8a79ac-d346-4ae3-9c8e-c630497c20cb	board name "NOBODY" ≠ maison
Nobody's Child	lever	{"site":"nobody"}	NOBODY	2	Senior Director, Social Activation | Senior Social Insights Analyst	https://jobs.lever.co/nobody/8d8a79ac-d346-4ae3-9c8e-c630497c20cb	board name "NOBODY" ≠ maison
Florence Given	lever	{"site":"florence"}	Florence Health	14	Certified Medical Assistant | Front Office - Primary Care | Front Office Receptionist	https://jobs.lever.co/florence/ab4e71d1-f2f0-4b80-a776-53f7b962bc09	board name "Florence Health" ≠ maison
Florence Leather Market	lever	{"site":"florence"}	Florence Health	14	Certified Medical Assistant | Front Office - Primary Care | Front Office Receptionist	https://jobs.lever.co/florence/ab4e71d1-f2f0-4b80-a776-53f7b962bc09	board name "Florence Health" ≠ maison
Nothing New	greenhouse	{"board":"nothing"}	Nothing	11	Account Manager, North America Carrier — 3–6 Month Consultancy | Director of Business Development | Founding US Talent Partner	https://careers.nothing.tech/?gh_jid=4890242101	board name "Nothing" ≠ maison
Nursing Queen	greenhouse	{"board":"nursing"}	WellPower - Nursing	2	Psychiatric Medical Provider - PMHNP | Psychiatric Nurse I (LPN) or II (RN) - Saturday 7:00am - 7:30pm	https://job-boards.greenhouse.io/nursing/jobs/7496155003	board name "WellPower - Nursing" ≠ maison
NZA New Zealand Auckland	personio	{"subdomain":"nza","host":"nza.jobs.personio.de"}		3	General Application | SEO Marketing Manager | Social Media (Working Student)	https://nza.jobs.personio.de/job/2565443	no board name to compare
O My Bag	recruitee	{"subdomain":"omybag"}	Join our team	2	Account Manager (Dutch or German) | Store Champion (24-40 hours)	https://omybag.recruitee.com/o/account-manager-dutch-or-german	board name "Join our team" ≠ maison
Oasis	greenhouse	{"board":"oasis"}	Oasis Physical Therapy	19	 Physical Therapist | Physical Therapist | Physical Therapist	https://job-boards.greenhouse.io/oasis/jobs/5229421007	board name "Oasis Physical Therapy" ≠ maison
Fox Factor	greenhouse	{"board":"fox"}	Fox Creek Veterinary Hospital - Wildwood	6	DVM Student Externship/Preceptorship Program - Fox Creek Veterinary Hospital | Lead Veterinary Technician | Overnight Veterinary Technician	https://job-boards.greenhouse.io/fox/jobs/5040378002	board name "Fox Creek Veterinary Hospital - Wildwood" ≠ maison
Fox Racing	greenhouse	{"board":"fox"}	Fox Creek Veterinary Hospital - Wildwood	6	DVM Student Externship/Preceptorship Program - Fox Creek Veterinary Hospital | Lead Veterinary Technician | Overnight Veterinary Technician	https://job-boards.greenhouse.io/fox/jobs/5040378002	board name "Fox Creek Veterinary Hospital - Wildwood" ≠ maison
Fox's	greenhouse	{"board":"fox"}	Fox Creek Veterinary Hospital - Wildwood	6	DVM Student Externship/Preceptorship Program - Fox Creek Veterinary Hospital | Lead Veterinary Technician | Overnight Veterinary Technician	https://job-boards.greenhouse.io/fox/jobs/5040378002	board name "Fox Creek Veterinary Hospital - Wildwood" ≠ maison
Fox-Wizel Ltd.	greenhouse	{"board":"fox"}	Fox Creek Veterinary Hospital - Wildwood	6	DVM Student Externship/Preceptorship Program - Fox Creek Veterinary Hospital | Lead Veterinary Technician | Overnight Veterinary Technician	https://job-boards.greenhouse.io/fox/jobs/5040378002	board name "Fox Creek Veterinary Hospital - Wildwood" ≠ maison
Okanagan Lavender & Herb Farm	lever	{"site":"okanagan"}	Okanagan College	41	Business Partner - Financial Services | Career Hub Team Lead | Central Stores Attendant - On Call	https://jobs.lever.co/okanagan/0f1db995-13be-4520-a622-05d9a95c8d11	board name "Okanagan College" ≠ maison
Free Lance	recruitee	{"subdomain":"freelance"}	Customizable ATS & hiring software Tellent Recruitee	1	Senior Marketer (Sample)	https://freelance.recruitee.com/o/senior-marketer-sample-london	demo/sandbox board (titles look like samples)
Oliver Bonas	greenhouse	{"board":"oliver"}	OLIVER Agency	37	Account Director - 12m FTC | Account Director / Directeur de Clientèle (H/F) | Account Manager	https://job-boards.greenhouse.io/oliver/jobs/8043168	board name "OLIVER Agency" ≠ maison
Oliver Cabell	greenhouse	{"board":"oliver"}	OLIVER Agency	37	Account Director - 12m FTC | Account Director / Directeur de Clientèle (H/F) | Account Manager	https://job-boards.greenhouse.io/oliver/jobs/8043168	board name "OLIVER Agency" ≠ maison
Oliver Designs	greenhouse	{"board":"oliver"}	OLIVER Agency	37	Account Director - 12m FTC | Account Director / Directeur de Clientèle (H/F) | Account Manager	https://job-boards.greenhouse.io/oliver/jobs/8043168	board name "OLIVER Agency" ≠ maison
Oliver J. Woods	greenhouse	{"board":"oliver"}	OLIVER Agency	37	Account Director - 12m FTC | Account Director / Directeur de Clientèle (H/F) | Account Manager	https://job-boards.greenhouse.io/oliver/jobs/8043168	board name "OLIVER Agency" ≠ maison
Oliver Grant	greenhouse	{"board":"oliver"}	OLIVER Agency	37	Account Director - 12m FTC | Account Director / Directeur de Clientèle (H/F) | Account Manager	https://job-boards.greenhouse.io/oliver/jobs/8043168	board name "OLIVER Agency" ≠ maison
Oliver Peoples	greenhouse	{"board":"oliver"}	OLIVER Agency	37	Account Director - 12m FTC | Account Director / Directeur de Clientèle (H/F) | Account Manager	https://job-boards.greenhouse.io/oliver/jobs/8043168	board name "OLIVER Agency" ≠ maison
Oliver Sweeney	greenhouse	{"board":"oliver"}	OLIVER Agency	37	Account Director - 12m FTC | Account Director / Directeur de Clientèle (H/F) | Account Manager	https://job-boards.greenhouse.io/oliver/jobs/8043168	board name "OLIVER Agency" ≠ maison
Oliver Spencer	greenhouse	{"board":"oliver"}	OLIVER Agency	37	Account Director - 12m FTC | Account Director / Directeur de Clientèle (H/F) | Account Manager	https://job-boards.greenhouse.io/oliver/jobs/8043168	board name "OLIVER Agency" ≠ maison
Oliver Logan	greenhouse	{"board":"oliver"}	OLIVER Agency	37	Account Director - 12m FTC | Account Director / Directeur de Clientèle (H/F) | Account Manager	https://job-boards.greenhouse.io/oliver/jobs/8043168	board name "OLIVER Agency" ≠ maison
Olly Lingerie	greenhouse	{"board":"olly"}	OLLY	12	Associate Customer Business Manager - Costco | Director of Brand Strategy & Business Growth | Director of Contract Manufacturing	https://job-boards.greenhouse.io/olly/jobs/4722372005	board name "OLLY" ≠ maison
On Running	greenhouse	{"board":"onrunning"}	On	304	Agentic AI Platform Engineer | Area Lead, Oceania | Area Lead, South Europe 	https://boards.greenhouse.io/onrunning/jobs/8071276?gh_jid=8071276	board name "On" ≠ maison
Fresh Cuts Clothing	personio	{"subdomain":"fresh","host":"fresh.jobs.personio.de"}		3	General Application | SEO Marketing Manager | Social Media (Working Student)	https://fresh.jobs.personio.de/job/2101011	no board name to compare
Fresh Soul	personio	{"subdomain":"fresh","host":"fresh.jobs.personio.de"}		3	General Application | SEO Marketing Manager | Social Media (Working Student)	https://fresh.jobs.personio.de/job/2101011	no board name to compare
Fresh Wave	personio	{"subdomain":"fresh","host":"fresh.jobs.personio.de"}		3	General Application | SEO Marketing Manager | Social Media (Working Student)	https://fresh.jobs.personio.de/job/2101011	no board name to compare
Open End	wttj	{"slug":"open"}	Open	139	Ingénieur systèmes Linux H/F | Administrateur systèmes Linux H/F | Product Owner expérimenté en Banque	https://www.welcometothejungle.com/fr/companies/open/jobs/ingenieur-systemes-linux-h-f_tours_OPEN_YKDN68l	board name "Open" ≠ maison
FRNCH PARIS	wttj	{"slug":"frnch"}	FRNCH	1	Assistant(e) produit/production 	https://www.welcometothejungle.com/fr/companies/frnch/jobs/assistant-produit-production_paris	board name "FRNCH" ≠ maison
Optima	wttj	{"slug":"optima"}	SOFY	3	[CDI] H/F Senior Product Manager – Sofy | 🇪🇸 Sales Development Representative B2B  | 🇪🇸 CDI - Account Executive	https://www.welcometothejungle.com/fr/companies/optima/jobs/product-operations-manager-chef-de-projet-digital-sofy	board name "SOFY" ≠ maison
Opus	recruitee	{"subdomain":"opus"}	Offres d&#x27;emploi à Tahiti, Moorea et Raiatea (Polynésie Française) Opus RH Tahiti	21	Category Manager H/F | Développeur Web H/F | Directeur H/F	https://opus.recruitee.com/o/category-manager-hf-6	board name "Offres d&#x27;emploi à Tahiti, Moorea et Raiatea (Polynésie Française) Opus RH Tahiti" ≠ maison
Ora Juice Skincare	greenhouse	{"board":"ora"}	Ora	1	Regulatory Writer I	https://www.oraclinical.com/job-openings/?gh_jid=4692640006	board name "Ora" ≠ maison
Orchard Moon	greenhouse	{"board":"orchard"}	Orchard	25	Associate Market Manager | Brokerage Team Leader  | Brokerage Team Leader 	https://job-boards.greenhouse.io/orchard/jobs/8769049002	board name "Orchard" ≠ maison
Orca Bay	greenhouse	{"board":"orca"}	ORCA Service Technologies	2	Business Development Manager - Software Sales | IT Support Apprentice	https://job-boards.eu.greenhouse.io/orca/jobs/4902476101	board name "ORCA Service Technologies" ≠ maison
Oris	wttj	{"slug":"oris"}	ORIS	2	Senior AI ML Engineer M/F (RQTH) - Permanent contract | QA Test Automation Engineer M/F (Open RQTH) - permanent contract	https://www.welcometothejungle.com/fr/companies/oris/jobs/senior-ai-ml-engineer-m-f-rqth-permanent-contract_lyon_ORIS_AJZgkkR	demo/sandbox board (titles look like samples)
Oscar De La Renta	greenhouse	{"board":"oscar"}	Oscar Health	266	1099 Nurse Practioner or Physician Assistant - Virtual Urgent Care (Bilingual - Spanish) | 1099 Physician - APP Supervision | Analytics Engineer I	http://www.hioscar.com/careers/7619750?gh_jid=7619750	board name "Oscar Health" ≠ maison
Oscar Deen	greenhouse	{"board":"oscar"}	Oscar Health	266	1099 Nurse Practioner or Physician Assistant - Virtual Urgent Care (Bilingual - Spanish) | 1099 Physician - APP Supervision | Analytics Engineer I	http://www.hioscar.com/careers/7619750?gh_jid=7619750	board name "Oscar Health" ≠ maison
Oscar Jacobson	greenhouse	{"board":"oscar"}	Oscar Health	266	1099 Nurse Practioner or Physician Assistant - Virtual Urgent Care (Bilingual - Spanish) | 1099 Physician - APP Supervision | Analytics Engineer I	http://www.hioscar.com/careers/7619750?gh_jid=7619750	board name "Oscar Health" ≠ maison
Oscar Magnuson	greenhouse	{"board":"oscar"}	Oscar Health	266	1099 Nurse Practioner or Physician Assistant - Virtual Urgent Care (Bilingual - Spanish) | 1099 Physician - APP Supervision | Analytics Engineer I	http://www.hioscar.com/careers/7619750?gh_jid=7619750	board name "Oscar Health" ≠ maison
Oscar Wylee	greenhouse	{"board":"oscar"}	Oscar Health	266	1099 Nurse Practioner or Physician Assistant - Virtual Urgent Care (Bilingual - Spanish) | 1099 Physician - APP Supervision | Analytics Engineer I	http://www.hioscar.com/careers/7619750?gh_jid=7619750	board name "Oscar Health" ≠ maison
Osmosis Beauty	greenhouse	{"board":"osmosis"}	Osmosis	7	Clinical Content Editor - PGY-1/Medical Students | Elsevier Clinical Content Reviewer, Specialty Specific (Part-Time, Fixed Term Contract) | Elsevier Clinical Content Reviewer, Specialty Specific (Part-Time, Fixed Term Contract). International (UK, AUS, NZ) Applicants Only	https://job-boards.greenhouse.io/osmosis/jobs/7494485003	board name "Osmosis" ≠ maison
Osprey	personio	{"subdomain":"osprey","host":"osprey.jobs.personio.de"}		3	General Application | SEO Marketing Manager | Social Media (Working Student)	https://osprey.jobs.personio.de/job/2686090	no board name to compare
OUTDOOR PRODUCTS Asia	smartrecruiters-whitelabel	{"company":"outdoor"}	outdoor	1	Event Manager (m/w/d) 40 - 50%, Beginn nach Vereinbarung	https://jobs.smartrecruiters.com/outdoor/744000146420064	board name "outdoor" ≠ maison
Outdoor Voices	smartrecruiters-whitelabel	{"company":"outdoor"}	outdoor	1	Event Manager (m/w/d) 40 - 50%, Beginn nach Vereinbarung	https://jobs.smartrecruiters.com/outdoor/744000146420064	board name "outdoor" ≠ maison
Outdoor Warehouse	smartrecruiters-whitelabel	{"company":"outdoor"}	outdoor	1	Event Manager (m/w/d) 40 - 50%, Beginn nach Vereinbarung	https://jobs.smartrecruiters.com/outdoor/744000146420064	board name "outdoor" ≠ maison
OUTERSPACE LUXURY	greenhouse	{"board":"outerspace"}	Outerspace	8	Client Operations Manager | Fulfillment Center Inventory and Replenishment Lead | Fulfillment Center Inventory Control and Warehouse Supervisor	https://job-boards.greenhouse.io/outerspace/jobs/5037105004	board name "Outerspace" ≠ maison
Pair Eyewear	personio	{"subdomain":"pair","host":"pair.jobs.personio.de"}	PAIR Finance GmbH	11	(Senior) Legal Counsel (m/w/d) für den Bereich Commercial | Business Development Manager (m/w/d) | Customer Service Representative (f/m/d) - Sweden	https://pair.jobs.personio.de/job/2772667	board name "PAIR Finance GmbH" ≠ maison
Palm Angels	teamtailor	{"origin":"https://palm.teamtailor.com"}	Palm	1	Business Development Representative (Corporate/Enterprise)	https://palm.teamtailor.com/jobs/8198094-business-development-representative-corporate-enterprise	board name "Palm" ≠ maison
Palm Beach Tan	teamtailor	{"origin":"https://palm.teamtailor.com"}	Palm	1	Business Development Representative (Corporate/Enterprise)	https://palm.teamtailor.com/jobs/8198094-business-development-representative-corporate-enterprise	board name "Palm" ≠ maison
Papa Bear Care	greenhouse	{"board":"papa"}	Papa	7	General Manager, Consumer | Physician Partner  | Senior Backend Engineer (Community) 	https://job-boards.greenhouse.io/papa/jobs/5208733007	board name "Papa" ≠ maison
Par Moi	teamtailor	{"origin":"https://par.teamtailor.com"}	par group	13	Addetto/a gestione clienti junior | Impiegato/a commerciale settore energia | Impiegato/a di Segreteria	https://par.teamtailor.com/jobs/8307980-addetto-a-gestione-clienti-junior	board name "par group" ≠ maison
Peachy Sunday	greenhouse	{"board":"peachy"}	Peachy	2	Aesthetic Injector (Nurse Practitioner) | Front Desk Coordinator	https://boards.greenhouse.io/peachy/jobs/4698980006?gh_jid=4698980006	board name "Peachy" ≠ maison
PEAK	greenhouse	{"board":"peak"}	Peak Physical Therapy - Upstream	46	Clinic Director - Physical Therapist | Clinic Director - Physical Therapist | Clinic Director - Physical Therapist	https://job-boards.greenhouse.io/peak/jobs/5208198007	board name "Peak Physical Therapy - Upstream" ≠ maison
Peak Performance	greenhouse	{"board":"peak"}	Peak Physical Therapy - Upstream	46	Clinic Director - Physical Therapist | Clinic Director - Physical Therapist | Clinic Director - Physical Therapist	https://job-boards.greenhouse.io/peak/jobs/5208198007	board name "Peak Physical Therapy - Upstream" ≠ maison
Penelope Chilvers	teamtailor	{"origin":"https://penelope.teamtailor.com"}	Pénélope Welcome	167	Hôte(sse) volant(e) véhiculé(e) | Hôte(sse) d’accueil - secteur production | Hôte(sse) d’accueil - [secteur d’activité bailleur social	https://penelope.teamtailor.com/jobs/8316227-hote-sse-volant-e-vehicule-e	board name "Pénélope Welcome" ≠ maison
PEP	greenhouse	{"board":"pep"}	Pep	6	Account Executive | Account Executive | Account Executive	https://job-boards.greenhouse.io/pep/jobs/8658850002	INDÉCIDABLE/FAUX POSITIF — board "Pep" titres tech sales — pas Pep&Co (retail UK) : faux positif probable pour les 2
Pep&Co	greenhouse	{"board":"pep"}	Pep	6	Account Executive | Account Executive | Account Executive	https://job-boards.greenhouse.io/pep/jobs/8658850002	INDÉCIDABLE/FAUX POSITIF — idem
GFG Jewellery by Nilufer	smartrecruiters-whitelabel	{"company":"gfg"}	gfg	1	fff	https://jobs.smartrecruiters.com/gfg/743999675834056	board name "gfg" ≠ maison
PETA + JAIN	personio	{"subdomain":"peta","host":"peta.jobs.personio.de"}	PETA Deutschland e.V.	1	Initiativbewerbung (Festanstellung)	https://peta.jobs.personio.de/job/102148	board name "PETA Deutschland e.V." ≠ maison
Gigi Fratelli	personio	{"subdomain":"gigi","host":"gigi.jobs.personio.de"}		3	General Application | SEO Marketing Manager | Social Media (Working Student)	https://gigi.jobs.personio.de/job/1935763	no board name to compare
GIGI MODA	personio	{"subdomain":"gigi","host":"gigi.jobs.personio.de"}		3	General Application | SEO Marketing Manager | Social Media (Working Student)	https://gigi.jobs.personio.de/job/1935763	no board name to compare
GIGI BURRIS	personio	{"subdomain":"gigi","host":"gigi.jobs.personio.de"}		3	General Application | SEO Marketing Manager | Social Media (Working Student)	https://gigi.jobs.personio.de/job/1935763	no board name to compare
Pine Cashmere	greenhouse	{"board":"pine"}	Pine	4	Licensed Real Estate Agent | Licensed Real Estate Agent (Calgary) | Mortgage Specialist 	https://job-boards.greenhouse.io/pine/jobs/5385175008	board name "Pine" ≠ maison
Pink Power Makeup	recruitee	{"subdomain":"pink"}	homepage	14	HR/ Office | Financieel Medewerker (24u) | HR Manager	https://pink.recruitee.com/o/hr-office	board name "homepage" ≠ maison
Pink Root Products	recruitee	{"subdomain":"pink"}	homepage	14	HR/ Office | Financieel Medewerker (24u) | HR Manager	https://pink.recruitee.com/o/hr-office	board name "homepage" ≠ maison
Pink Woman	recruitee	{"subdomain":"pink"}	homepage	14	HR/ Office | Financieel Medewerker (24u) | HR Manager	https://pink.recruitee.com/o/hr-office	board name "homepage" ≠ maison
PINK-latte	recruitee	{"subdomain":"pink"}	homepage	14	HR/ Office | Financieel Medewerker (24u) | HR Manager	https://pink.recruitee.com/o/hr-office	board name "homepage" ≠ maison
Pink Vanilla	recruitee	{"subdomain":"pink"}	homepage	14	HR/ Office | Financieel Medewerker (24u) | HR Manager	https://pink.recruitee.com/o/hr-office	board name "homepage" ≠ maison
Plume Impression	lever	{"site":"plume"}	Plume	2	Don't see what you're looking for? | Product Owner	https://jobs.lever.co/plume/9a7a920b-8c84-4c2e-b0d7-e738d12cd564	board name "Plume" ≠ maison
POD Original	wttj	{"slug":"pod"}	POD	4	Chef de projet Data & Change | Data Product Owner  | Consultant Digital & Adoption	https://www.welcometothejungle.com/fr/companies/pod/jobs/chef-de-projet-data-change_paris	board name "POD" ≠ maison
Polaroid	recruitee	{"subdomain":"polaroid"}	Homepage	15	Validation Architecture Engineer | Elektroniker*in (m/w/d) | Program Manager	https://polaroid.recruitee.com/o/validation-architecture-engineer	board name "Homepage" ≠ maison
Polaroid Corporation	recruitee	{"subdomain":"polaroid"}	Homepage	15	Validation Architecture Engineer | Elektroniker*in (m/w/d) | Program Manager	https://polaroid.recruitee.com/o/validation-architecture-engineer	board name "Homepage" ≠ maison
Polaroid Eyewear	recruitee	{"subdomain":"polaroid"}	Homepage	15	Validation Architecture Engineer | Elektroniker*in (m/w/d) | Program Manager	https://polaroid.recruitee.com/o/validation-architecture-engineer	board name "Homepage" ≠ maison
Pom d'api	teamtailor	{"origin":"https://pom.teamtailor.com"}	YOSH	114	Food and Beverage Coordinator - Female Only | Private Chef | Nanny - French Speaker	https://pom.teamtailor.com/jobs/8306461-food-and-beverage-coordinator-female-only	board name "YOSH" ≠ maison
POM Amsterdam	teamtailor	{"origin":"https://pom.teamtailor.com"}	YOSH	114	Food and Beverage Coordinator - Female Only | Private Chef | Nanny - French Speaker	https://pom.teamtailor.com/jobs/8306461-food-and-beverage-coordinator-female-only	board name "YOSH" ≠ maison
Glow Jar Beauty	personio	{"subdomain":"glow","host":"glow.jobs.personio.de"}		3	Initiativbewerbung (Festanstellung) | SEO Marketing Manager | Social Media (Werkstudent)	https://glow.jobs.personio.de/job/1878507	no board name to compare
Glow Natural Wellness	personio	{"subdomain":"glow","host":"glow.jobs.personio.de"}		3	Initiativbewerbung (Festanstellung) | SEO Marketing Manager | Social Media (Werkstudent)	https://glow.jobs.personio.de/job/1878507	no board name to compare
Glow Recipe	personio	{"subdomain":"glow","host":"glow.jobs.personio.de"}		3	Initiativbewerbung (Festanstellung) | SEO Marketing Manager | Social Media (Werkstudent)	https://glow.jobs.personio.de/job/1878507	no board name to compare
Google Merchandise Store	recruitee	{"subdomain":"google"}	Customizable ATS & hiring software Tellent Recruitee	1	Senior Marketer (Sample)	https://google.recruitee.com/o/senior-marketer-sample-london	demo/sandbox board (titles look like samples)
Prophet Skincare	greenhouse	{"board":"prophet"}	Prophet	21	Associate  | Associate, AI Foundry & Digital Growth | Associate - DACH	https://job-boards.greenhouse.io/prophet/jobs/4658318005	board name "Prophet" ≠ maison
Prose Beauty	wttj	{"slug":"prose"}	Prose	4	IT Support & Security Assistant (M/F) - APPRENTICESHIP | Assistant Chef de Produit (Stage, Janv. 2027) | Senior Full-stack Engineer	https://www.welcometothejungle.com/fr/companies/prose/jobs/it-support-security-assistant-m-f-apprenticeship_paris	board name "Prose" ≠ maison
PROTECTIVE Sports	lever	{"site":"protective"}	Protective	31	Associate Counsel | Commercial Real Estate Legal Assistant (Hybrid Birmingham, Alabama) | Counsel- Mortgage Loans (Hybrid Birmingham, AL)	https://jobs.lever.co/protective/0f0e7920-834a-4873-87ff-4750f18c5b88	board name "Protective" ≠ maison
Grace & Stella	teamtailor	{"origin":"https://grace.teamtailor.com"}	Grace	3	Vi söker djur till våra produktioner - registrera ditt djur till vår modellbank för djur! | Vi söker modeller och statister till våra produktioner - registrera dig i vår modellbank | First Step - (praktik)	https://grace.teamtailor.com/jobs/7547738-vi-soker-djur-till-vara-produktioner-registrera-ditt-djur-till-var-modellbank-for-djur	board name "Grace" ≠ maison
Public Desire	greenhouse	{"board":"public"}	Public	4	Active Trader Sales: Options Lead | Lifecycle Marketing Lead | Senior Product Manager	https://job-boards.greenhouse.io/public/jobs/7982150003	board name "Public" ≠ maison
Public Myth	greenhouse	{"board":"public"}	Public	4	Active Trader Sales: Options Lead | Lifecycle Marketing Lead | Senior Product Manager	https://job-boards.greenhouse.io/public/jobs/7982150003	board name "Public" ≠ maison
Public Habit	greenhouse	{"board":"public"}	Public	4	Active Trader Sales: Options Lead | Lifecycle Marketing Lead | Senior Product Manager	https://job-boards.greenhouse.io/public/jobs/7982150003	board name "Public" ≠ maison
Public School	greenhouse	{"board":"public"}	Public	4	Active Trader Sales: Options Lead | Lifecycle Marketing Lead | Senior Product Manager	https://job-boards.greenhouse.io/public/jobs/7982150003	board name "Public" ≠ maison
PURPLE PHOENIX NAIL SUPPLY	personio	{"subdomain":"purple","host":"purple.jobs.personio.de"}		3	SEO Marketing Manager | Social Media (Working Student) | Unsolicited Application	https://purple.jobs.personio.de/job/289919	no board name to compare
Purple Prairie Botanicals	personio	{"subdomain":"purple","host":"purple.jobs.personio.de"}		3	SEO Marketing Manager | Social Media (Working Student) | Unsolicited Application	https://purple.jobs.personio.de/job/289919	no board name to compare
GRO	personio	{"subdomain":"gro","host":"gro.jobs.personio.de"}	Geriatrische Rehabilitation Oberbayern - Bruckmühl GmbH	13	Ergotherapeut (m/w/d) | Ergotherapeut mit attraktiver Starterprämie (m/w/d) - für die mobile geriatrische Rehabilitation - selbstbestimmt arbeiten, flexible Arbeitszeiten | Examinierte Pflegekräfte (m/w/d) mit attraktiver Starterprämie	https://gro.jobs.personio.de/job/2576782	board name "Geriatrische Rehabilitation Oberbayern - Bruckmühl GmbH" ≠ maison
Grow Fragrance	personio	{"subdomain":"grow","host":"grow.jobs.personio.de"}		3	Initiativbewerbung (Festanstellung) | SEO Marketing Manager | Social Media (Werkstudent)	https://grow.jobs.personio.de/job/1458676	no board name to compare
Grow From Nature	personio	{"subdomain":"grow","host":"grow.jobs.personio.de"}		3	Initiativbewerbung (Festanstellung) | SEO Marketing Manager | Social Media (Werkstudent)	https://grow.jobs.personio.de/job/1458676	no board name to compare
Radiant Beauty	wttj	{"slug":"radiant"}	Radiant	1	Ingénieur(e) Conception Mécanique — Héliostats, Outillages & Receveur	https://www.welcometothejungle.com/fr/companies/radiant/jobs/ingenieur-conception-mecanique-heliostats-outillages-receveur_paris	board name "Radiant" ≠ maison
Raven + Lily	greenhouse	{"board":"raven"}	Raven	4	Blackbird - Senior Manager, Patient Recruitment & Insights | Raven StealthCo - Associate Scientist, In Vitro Pharmacology and Assay Development | Raven StealthCo - Principal Scientist, Analytical Chemistry	https://job-boards.greenhouse.io/raven/jobs/5374684008	board name "Raven" ≠ maison
Reco	recruitee	{"subdomain":"reco"}	Vacatures	24	Monteur Camerasystemen | Afstudeeropdracht HBO – Digitale Bouwplaats & AI | Monteur Bouwplaatsbeveiliging	https://werkenbij.reco.eu/o/monteur-camerasystemen	board name "Vacatures" ≠ maison
Relay Jeans	lever	{"site":"relay"}		3	Frontend Developer (React, TypeScript) | Lead Frontend Developer (React, TypeScript) | Senior Frontend Developer (React, TypeScript)	https://jobs.lever.co/relay/298f0f7a-d493-49fa-935d-89a76ef09665	no board name to compare
Renegade Fashion Outlet	lever	{"site":"renegade"}	Renegade	3	Business Development Lead | Revenue Operations | Software Engineer	https://jobs.lever.co/renegade/c286527a-fa39-4891-8da4-a8a0aacc5be0	board name "Renegade" ≠ maison
Reset	wttj	{"slug":"reset"}	(RE)SET	3	Stage - Consultant(e) Transition Environnementale et Economique H/F | Alternance - Head Of Growth | Consultant(e) Senior Transition Environnementale et Economique H/F	https://www.welcometothejungle.com/fr/companies/reset/jobs/stage-consultant-transition-environnementale-et-economique-h-f_paris	board name "(RE)SET" ≠ maison
Retro Jeans	lever	{"site":"retro"}	Retro	8	Cytogenetics Technologist | Director, Regulatory Affairs CMC - Cell Therapy & Novel Therapeutics | Open Application	https://jobs.lever.co/retro/c0031c5c-b122-4119-a276-0c5f9528e29a	board name "Retro" ≠ maison
Retro Luxe Resin	lever	{"site":"retro"}	Retro	8	Cytogenetics Technologist | Director, Regulatory Affairs CMC - Cell Therapy & Novel Therapeutics | Open Application	https://jobs.lever.co/retro/c0031c5c-b122-4119-a276-0c5f9528e29a	board name "Retro" ≠ maison
Revel Nail	greenhouse	{"board":"revel"}	Revel	1	Real Estate Manager 	https://job-boards.greenhouse.io/revel/jobs/5811037004	board name "Revel" ≠ maison
Revel Rey	greenhouse	{"board":"revel"}	Revel	1	Real Estate Manager 	https://job-boards.greenhouse.io/revel/jobs/5811037004	board name "Revel" ≠ maison
Richter	personio	{"subdomain":"richter","host":"richter.jobs.personio.de"}	Mutter AG	5	Bewerberpool | Initiativbewerbung (Festanstellung) | Junior IT-Sicherheitsberater	https://richter.jobs.personio.de/job/1996033	board name "Mutter AG" ≠ maison
Harmony	lever	{"site":"harmony"}		9	Blockchain Engineer | Community Manager | Marketing Lead	https://jobs.lever.co/harmony/e6d9d9d8-ec2a-4691-9efe-9810ca25a99e	no board name to compare
Harmony Handcrafted	lever	{"site":"harmony"}		9	Blockchain Engineer | Community Manager | Marketing Lead	https://jobs.lever.co/harmony/e6d9d9d8-ec2a-4691-9efe-9810ca25a99e	no board name to compare
Right-on	teamtailor	{"origin":"https://right.teamtailor.com"}	TuoLavoro	3	Commerciale Settore Energia – Anche come Seconda Attività | Addetto/a Informazione e Consulenza – Soluzioni per il Trattamento dell’Acqua | Commerciale – Trattamento Acqua	https://right.teamtailor.com/jobs/8309587-commerciale-settore-energia-anche-come-seconda-attivita	board name "TuoLavoro" ≠ maison
Rise of Andes	lever	{"site":"rise"}	RISE	25	Account Manager | Account Manager | Account Manager (Korean)	https://jobs.lever.co/rise/21255d58-0c73-4221-ac28-9ab5735d6808	board name "RISE" ≠ maison
Robert Graham	recruitee	{"subdomain":"robert"}	Customizable ATS & hiring software Tellent Recruitee	1	Senior Marketer (Sample)	https://robert.recruitee.com/o/senior-marketer-sample-london	demo/sandbox board (titles look like samples)
Roberts Wood	smartrecruiters-whitelabel	{"company":"roberts"}	Roberts 	1	My First Job	https://jobs.smartrecruiters.com/roberts/901975	board name "Roberts " ≠ maison
Roller Rabbit	greenhouse	{"board":"roller"}	ROLLER	18	Account Executive - Mid-Market and Enterprise (German-speaking) | Business Development Representative  | Business Development Representative - AMER 	https://job-boards.greenhouse.io/roller/jobs/4951411007	board name "ROLLER" ≠ maison
ROSE BUD	greenhouse	{"board":"rosebud"}	Rosebud Hotel Organization	14	Backend Engineer | Copy of Customer Success Manager |    Customer Success Manager	https://job-boards.greenhouse.io/rosebud/jobs/4640838003	board name "Rosebud Hotel Organization" ≠ maison
Sabrina Zeng	personio	{"subdomain":"sabrina","host":"sabrina.jobs.personio.de"}		3	General Application | SEO Marketing Manager | Social Media (Working Student)	https://sabrina.jobs.personio.de/job/848062	no board name to compare
Samson Sur Mesure	personio	{"subdomain":"samson","host":"samson.jobs.personio.de"}	Samson & Partner	1	Initiativbewerbung (m/w/d)	https://samson.jobs.personio.de/job/1169941	board name "Samson & Partner" ≠ maison
Hive & Colony	lever	{"site":"hive"}	Hive	76	Account Executive | Account Executive | Accounting Clerk	https://jobs.lever.co/hive/366ff84b-4572-4fed-b16b-d15397de79c8	board name "Hive" ≠ maison
Holy Shit	personio	{"subdomain":"holy","host":"holy.jobs.personio.de"}	HOLY Softdrinks GmbH	39	(Jr.) Influencer Marketing Manager (Youtube & Twitch) - Poland (m/f/d) | (Jr.) Operations Systems Analyst (m/f/d) | (Sr.) Commercial Analyst (m/f/d)	https://holy.jobs.personio.de/job/2750295	board name "HOLY Softdrinks GmbH" ≠ maison
Holy Skin	personio	{"subdomain":"holy","host":"holy.jobs.personio.de"}	HOLY Softdrinks GmbH	39	(Jr.) Influencer Marketing Manager (Youtube & Twitch) - Poland (m/f/d) | (Jr.) Operations Systems Analyst (m/f/d) | (Sr.) Commercial Analyst (m/f/d)	https://holy.jobs.personio.de/job/2750295	board name "HOLY Softdrinks GmbH" ≠ maison
Scotch & Soda	greenhouse	{"board":"scotch"}	Scotch	2	Business Development Representative | Point of Sale (POS) Installation Technician	https://job-boards.greenhouse.io/scotch/jobs/5366565008	board name "Scotch" ≠ maison
Seek Collective	smartrecruiters-whitelabel	{"company":"seek"}	SEEK	40	Project Assistant | Senior Product Designer - Flex Hiring | HCM Systems Specialist (Workday)	https://jobs.smartrecruiters.com/seek/744000146889819	board name "SEEK" ≠ maison
Seek Dry Goods	smartrecruiters-whitelabel	{"company":"seek"}	SEEK	40	Project Assistant | Senior Product Designer - Flex Hiring | HCM Systems Specialist (Workday)	https://jobs.smartrecruiters.com/seek/744000146889819	board name "SEEK" ≠ maison
Seed Heritage	greenhouse	{"board":"seed"}	Seed	5	Head of Influencer | Senior ERP Manager | Senior Manager, Product Marketing	https://job-boards.greenhouse.io/seed/jobs/7809685003	board name "Seed" ≠ maison
Horizon Athletic	lever	{"site":"horizon"}	Horizon Robotics	1	Research Scientist	https://jobs.lever.co/horizon/81ef015f-fdbf-4b7e-ac6e-1e066b6d1828	board name "Horizon Robotics" ≠ maison
House of Afangaro	teamtailor	{"origin":"https://house.teamtailor.com"}	TuoLavoro	105	Consulente informativo prodotti per il comfort | Junior Commercial Manager - Sistemi Benessere Persona | Responsabile Sviluppo Vendite Servizi Dedicati	https://house.teamtailor.com/jobs/8313530-consulente-informativo-prodotti-per-il-comfort	board name "TuoLavoro" ≠ maison
HOUSE OF ARTISTS	teamtailor	{"origin":"https://house.teamtailor.com"}	TuoLavoro	105	Consulente informativo prodotti per il comfort | Junior Commercial Manager - Sistemi Benessere Persona | Responsabile Sviluppo Vendite Servizi Dedicati	https://house.teamtailor.com/jobs/8313530-consulente-informativo-prodotti-per-il-comfort	board name "TuoLavoro" ≠ maison
HOUSE OF BERGISCH	teamtailor	{"origin":"https://house.teamtailor.com"}	TuoLavoro	105	Consulente informativo prodotti per il comfort | Junior Commercial Manager - Sistemi Benessere Persona | Responsabile Sviluppo Vendite Servizi Dedicati	https://house.teamtailor.com/jobs/8313530-consulente-informativo-prodotti-per-il-comfort	board name "TuoLavoro" ≠ maison
House of CB	teamtailor	{"origin":"https://house.teamtailor.com"}	TuoLavoro	105	Consulente informativo prodotti per il comfort | Junior Commercial Manager - Sistemi Benessere Persona | Responsabile Sviluppo Vendite Servizi Dedicati	https://house.teamtailor.com/jobs/8313530-consulente-informativo-prodotti-per-il-comfort	board name "TuoLavoro" ≠ maison
House of Dagmar	teamtailor	{"origin":"https://house.teamtailor.com"}	TuoLavoro	105	Consulente informativo prodotti per il comfort | Junior Commercial Manager - Sistemi Benessere Persona | Responsabile Sviluppo Vendite Servizi Dedicati	https://house.teamtailor.com/jobs/8313530-consulente-informativo-prodotti-per-il-comfort	board name "TuoLavoro" ≠ maison
House of Elysia	teamtailor	{"origin":"https://house.teamtailor.com"}	TuoLavoro	105	Consulente informativo prodotti per il comfort | Junior Commercial Manager - Sistemi Benessere Persona | Responsabile Sviluppo Vendite Servizi Dedicati	https://house.teamtailor.com/jobs/8313530-consulente-informativo-prodotti-per-il-comfort	board name "TuoLavoro" ≠ maison
House of Emanuel Ungaro	teamtailor	{"origin":"https://house.teamtailor.com"}	TuoLavoro	105	Consulente informativo prodotti per il comfort | Junior Commercial Manager - Sistemi Benessere Persona | Responsabile Sviluppo Vendite Servizi Dedicati	https://house.teamtailor.com/jobs/8313530-consulente-informativo-prodotti-per-il-comfort	board name "TuoLavoro" ≠ maison
House of Falguni	teamtailor	{"origin":"https://house.teamtailor.com"}	TuoLavoro	105	Consulente informativo prodotti per il comfort | Junior Commercial Manager - Sistemi Benessere Persona | Responsabile Sviluppo Vendite Servizi Dedicati	https://house.teamtailor.com/jobs/8313530-consulente-informativo-prodotti-per-il-comfort	board name "TuoLavoro" ≠ maison
House of Fraser	teamtailor	{"origin":"https://house.teamtailor.com"}	TuoLavoro	105	Consulente informativo prodotti per il comfort | Junior Commercial Manager - Sistemi Benessere Persona | Responsabile Sviluppo Vendite Servizi Dedicati	https://house.teamtailor.com/jobs/8313530-consulente-informativo-prodotti-per-il-comfort	board name "TuoLavoro" ≠ maison
House of Hatters	teamtailor	{"origin":"https://house.teamtailor.com"}	TuoLavoro	105	Consulente informativo prodotti per il comfort | Junior Commercial Manager - Sistemi Benessere Persona | Responsabile Sviluppo Vendite Servizi Dedicati	https://house.teamtailor.com/jobs/8313530-consulente-informativo-prodotti-per-il-comfort	board name "TuoLavoro" ≠ maison
House of Gravity	teamtailor	{"origin":"https://house.teamtailor.com"}	TuoLavoro	105	Consulente informativo prodotti per il comfort | Junior Commercial Manager - Sistemi Benessere Persona | Responsabile Sviluppo Vendite Servizi Dedicati	https://house.teamtailor.com/jobs/8313530-consulente-informativo-prodotti-per-il-comfort	board name "TuoLavoro" ≠ maison
House of Holland	teamtailor	{"origin":"https://house.teamtailor.com"}	TuoLavoro	105	Consulente informativo prodotti per il comfort | Junior Commercial Manager - Sistemi Benessere Persona | Responsabile Sviluppo Vendite Servizi Dedicati	https://house.teamtailor.com/jobs/8313530-consulente-informativo-prodotti-per-il-comfort	board name "TuoLavoro" ≠ maison
House of Hoops	teamtailor	{"origin":"https://house.teamtailor.com"}	TuoLavoro	105	Consulente informativo prodotti per il comfort | Junior Commercial Manager - Sistemi Benessere Persona | Responsabile Sviluppo Vendite Servizi Dedicati	https://house.teamtailor.com/jobs/8313530-consulente-informativo-prodotti-per-il-comfort	board name "TuoLavoro" ≠ maison
House	teamtailor	{"origin":"https://house.teamtailor.com"}	TuoLavoro	105	Consulente informativo prodotti per il comfort | Junior Commercial Manager - Sistemi Benessere Persona | Responsabile Sviluppo Vendite Servizi Dedicati	https://house.teamtailor.com/jobs/8313530-consulente-informativo-prodotti-per-il-comfort	board name "TuoLavoro" ≠ maison
House of Jamie	teamtailor	{"origin":"https://house.teamtailor.com"}	TuoLavoro	105	Consulente informativo prodotti per il comfort | Junior Commercial Manager - Sistemi Benessere Persona | Responsabile Sviluppo Vendite Servizi Dedicati	https://house.teamtailor.com/jobs/8313530-consulente-informativo-prodotti-per-il-comfort	board name "TuoLavoro" ≠ maison
House of Lashes	teamtailor	{"origin":"https://house.teamtailor.com"}	TuoLavoro	105	Consulente informativo prodotti per il comfort | Junior Commercial Manager - Sistemi Benessere Persona | Responsabile Sviluppo Vendite Servizi Dedicati	https://house.teamtailor.com/jobs/8313530-consulente-informativo-prodotti-per-il-comfort	board name "TuoLavoro" ≠ maison
House of James	teamtailor	{"origin":"https://house.teamtailor.com"}	TuoLavoro	105	Consulente informativo prodotti per il comfort | Junior Commercial Manager - Sistemi Benessere Persona | Responsabile Sviluppo Vendite Servizi Dedicati	https://house.teamtailor.com/jobs/8313530-consulente-informativo-prodotti-per-il-comfort	board name "TuoLavoro" ≠ maison
House of Mahina	teamtailor	{"origin":"https://house.teamtailor.com"}	TuoLavoro	105	Consulente informativo prodotti per il comfort | Junior Commercial Manager - Sistemi Benessere Persona | Responsabile Sviluppo Vendite Servizi Dedicati	https://house.teamtailor.com/jobs/8313530-consulente-informativo-prodotti-per-il-comfort	board name "TuoLavoro" ≠ maison
House of Mammoth	teamtailor	{"origin":"https://house.teamtailor.com"}	TuoLavoro	105	Consulente informativo prodotti per il comfort | Junior Commercial Manager - Sistemi Benessere Persona | Responsabile Sviluppo Vendite Servizi Dedicati	https://house.teamtailor.com/jobs/8313530-consulente-informativo-prodotti-per-il-comfort	board name "TuoLavoro" ≠ maison
House of Potentia	teamtailor	{"origin":"https://house.teamtailor.com"}	TuoLavoro	105	Consulente informativo prodotti per il comfort | Junior Commercial Manager - Sistemi Benessere Persona | Responsabile Sviluppo Vendite Servizi Dedicati	https://house.teamtailor.com/jobs/8313530-consulente-informativo-prodotti-per-il-comfort	board name "TuoLavoro" ≠ maison
House of Hounds	teamtailor	{"origin":"https://house.teamtailor.com"}	TuoLavoro	105	Consulente informativo prodotti per il comfort | Junior Commercial Manager - Sistemi Benessere Persona | Responsabile Sviluppo Vendite Servizi Dedicati	https://house.teamtailor.com/jobs/8313530-consulente-informativo-prodotti-per-il-comfort	board name "TuoLavoro" ≠ maison
House of Saki	teamtailor	{"origin":"https://house.teamtailor.com"}	TuoLavoro	105	Consulente informativo prodotti per il comfort | Junior Commercial Manager - Sistemi Benessere Persona | Responsabile Sviluppo Vendite Servizi Dedicati	https://house.teamtailor.com/jobs/8313530-consulente-informativo-prodotti-per-il-comfort	board name "TuoLavoro" ≠ maison
House of Sunny	teamtailor	{"origin":"https://house.teamtailor.com"}	TuoLavoro	105	Consulente informativo prodotti per il comfort | Junior Commercial Manager - Sistemi Benessere Persona | Responsabile Sviluppo Vendite Servizi Dedicati	https://house.teamtailor.com/jobs/8313530-consulente-informativo-prodotti-per-il-comfort	board name "TuoLavoro" ≠ maison
House of Quadri	teamtailor	{"origin":"https://house.teamtailor.com"}	TuoLavoro	105	Consulente informativo prodotti per il comfort | Junior Commercial Manager - Sistemi Benessere Persona | Responsabile Sviluppo Vendite Servizi Dedicati	https://house.teamtailor.com/jobs/8313530-consulente-informativo-prodotti-per-il-comfort	board name "TuoLavoro" ≠ maison
House of Turkmen	teamtailor	{"origin":"https://house.teamtailor.com"}	TuoLavoro	105	Consulente informativo prodotti per il comfort | Junior Commercial Manager - Sistemi Benessere Persona | Responsabile Sviluppo Vendite Servizi Dedicati	https://house.teamtailor.com/jobs/8313530-consulente-informativo-prodotti-per-il-comfort	board name "TuoLavoro" ≠ maison
House Of Tweed	teamtailor	{"origin":"https://house.teamtailor.com"}	TuoLavoro	105	Consulente informativo prodotti per il comfort | Junior Commercial Manager - Sistemi Benessere Persona | Responsabile Sviluppo Vendite Servizi Dedicati	https://house.teamtailor.com/jobs/8313530-consulente-informativo-prodotti-per-il-comfort	board name "TuoLavoro" ≠ maison
House of Useless	teamtailor	{"origin":"https://house.teamtailor.com"}	TuoLavoro	105	Consulente informativo prodotti per il comfort | Junior Commercial Manager - Sistemi Benessere Persona | Responsabile Sviluppo Vendite Servizi Dedicati	https://house.teamtailor.com/jobs/8313530-consulente-informativo-prodotti-per-il-comfort	board name "TuoLavoro" ≠ maison
SEVEN BY SEVEN	teamtailor	{"origin":"https://seven.teamtailor.com"}	Baar	172	Addetto/a assistenza clienti per settore benessere | Addetto/a Gestione Clienti e Informazioni Prodotti | Business Development Manager	https://seven.teamtailor.com/jobs/8313832-addetto-a-assistenza-clienti-per-settore-benessere	board name "Baar" ≠ maison
SEVEN haircare	teamtailor	{"origin":"https://seven.teamtailor.com"}	Baar	172	Addetto/a assistenza clienti per settore benessere | Addetto/a Gestione Clienti e Informazioni Prodotti | Business Development Manager	https://seven.teamtailor.com/jobs/8313832-addetto-a-assistenza-clienti-per-settore-benessere	board name "Baar" ≠ maison
Shinola Detroit	greenhouse	{"board":"shinola"}	Shinola	9	Controller | Cycle Count Associate  | Director of Ecommerce	https://job-boards.greenhouse.io/shinola/jobs/8225450002	board name "Shinola" ≠ maison
Shine Cosmetics	wttj	{"slug":"shine"}	Shine	9	Senior AI Engineer - AI-native SDLC Platform | VP Engineering, ERP | Staff Platform Engineer - Azure	https://www.welcometothejungle.com/fr/companies/shine/jobs/senior-ai-engineer-ai-native-sdlc-platform	board name "Shine" ≠ maison
Humana People to People	teamtailor	{"origin":"https://humana.teamtailor.com"}	Humana	18	Ohjaaja (sairaanhoitaja) Nuorisokoti Satama | Yksikön päällikkö (perhevapaan sijaisuus), Humana Wilhelmiina | Ohjaaja (osa-aikainen, työaika 50 %), Matarin nuorisokoti	https://humana.teamtailor.com/jobs/8281155-ohjaaja-sairaanhoitaja-nuorisokoti-satama	board name "Humana" ≠ maison
SIA ARNIKA	smartrecruiters-whitelabel	{"company":"sia"}	Sia	580	Consultant Data Engineer | Machine learning Engineer | Senior Data Science Consultant	https://jobs.smartrecruiters.com/sia/744000147226085	board name "Sia" ≠ maison
Side Step	wttj	{"slug":"side"}	Side	2	Vendeur / Préparateur en boucherie - CDI - (H/F) | Développeur Back-End (Golang) - CDI - Remote / Paris	https://www.welcometothejungle.com/fr/companies/side/jobs/vendeur-preparateur-en-boucherie-cdi-h-f_conflans-sainte-honorine	board name "Side" ≠ maison
Siebel	recruitee	{"subdomain":"siebel"}	Homepage	22	Verkoopmedewerker Roosendaal Outlet | Verkoopmedewerker Bataviastad - weekendhulp en flexibel doordeweeks | Verkoopmedewerker Utrecht Hoog Catharijne	https://werken-bij.siebeljuweliers.nl/o/verkoopmedewerker-roosendaal-outlet-3	doublon orthographe — validé sous « Siebel Juweliers »
Silhouette	lever	{"site":"silhouette"}	DNAM Brands	43	Ad Manager | Amazon Operations Manager | Apparel Designer	https://jobs.lever.co/silhouette/c29777f7-5bac-414a-849d-b9412b44ff4b	board name "DNAM Brands" ≠ maison
Silverado Boots	greenhouse	{"board":"silverado"}	Silverado	121	Apply for future Hospice Clinical Liaison (RN) | Apply for future Hospice Clinical Liaison (RN) | Caregiver - PRN (Multiple Shifts)	https://job-boards.greenhouse.io/silverado/jobs/5209596007	board name "Silverado" ≠ maison
SLATE + SALT	lever	{"site":"slate"}	Slate	3	Associate, Podcaster Success—U.S. Only | Client Success Manager | Software Engineer	https://jobs.lever.co/slate/86ebcba7-fc6e-4161-b8e7-ba4141e3b7d2	board name "Slate" ≠ maison
Smart Angel	smartrecruiters-whitelabel	{"company":"smart"}	Smart	1	Product Manager, Intern	https://jobs.smartrecruiters.com/smart/254759	board name "Smart" ≠ maison
SONIA CARRASCO	personio	{"subdomain":"sonia","host":"sonia.jobs.personio.de"}	Sonia Solutions S.à r.l.	4	Founders Associate (all) | Machine Learning Werkstudent:in/ Praktikant:in (all) | Machine Learning Werkstudent:in/ Praktikant:in (all)	https://sonia.jobs.personio.de/job/2767296	board name "Sonia Solutions S.à r.l." ≠ maison
Sonia Rykiel	personio	{"subdomain":"sonia","host":"sonia.jobs.personio.de"}	Sonia Solutions S.à r.l.	4	Founders Associate (all) | Machine Learning Werkstudent:in/ Praktikant:in (all) | Machine Learning Werkstudent:in/ Praktikant:in (all)	https://sonia.jobs.personio.de/job/2767296	board name "Sonia Solutions S.à r.l." ≠ maison
Source for Sports	lever	{"site":"source"}	Source	3	Candidature spontanée | Designer Produit Senior | Freelance	https://jobs.lever.co/source/78eb4b50-9ea3-4dfe-a40e-3c0afdee7774	board name "Source" ≠ maison
SOUTHPOLE	teamtailor	{"origin":"https://southpole.teamtailor.com"}	South Pole	16	(Senior) Specialist, Carbon Projects Risk | Lead, KYC, Risk Governance and ERM | Lead, Voluntary market governance (Multiple Locations)	https://southpole.teamtailor.com/jobs/8266167-senior-specialist-carbon-projects-risk	board name "South Pole" ≠ maison
Sphinx Fragrances	wttj	{"slug":"sphinx"}	Sphinx	1	CDD de remplacement - Administration des ventes et Facturation F/H 	https://www.welcometothejungle.com/fr/companies/sphinx/jobs/cdd-de-remplacement-administration-des-ventes-et-facturation-f-h_montaigu-vendee	board name "Sphinx" ≠ maison
Sports Authority	personio	{"subdomain":"sports","host":"sports.jobs.personio.de"}		3	General Application | SEO Marketing Manager | Social Media (Working Student)	https://sports.jobs.personio.de/job/1823201	no board name to compare
Sports Depo	personio	{"subdomain":"sports","host":"sports.jobs.personio.de"}		3	General Application | SEO Marketing Manager | Social Media (Working Student)	https://sports.jobs.personio.de/job/1823201	no board name to compare
Sports Direct	personio	{"subdomain":"sports","host":"sports.jobs.personio.de"}		3	General Application | SEO Marketing Manager | Social Media (Working Student)	https://sports.jobs.personio.de/job/1823201	no board name to compare
Sports Research / SR Natural	personio	{"subdomain":"sports","host":"sports.jobs.personio.de"}		3	General Application | SEO Marketing Manager | Social Media (Working Student)	https://sports.jobs.personio.de/job/1823201	no board name to compare
Star Child	greenhouse	{"board":"starchild"}	Starchild	4	AI-Native Growth Specialist | AI Operations & Research Intern (Florianópolis) | Business Development Manager	https://job-boards.greenhouse.io/starchild/jobs/5313889008	board name "Starchild" ≠ maison
Starface World Incorporated	personio	{"subdomain":"starface","host":"starface.jobs.personio.de"}	STARFACE GmbH	9	Initiativbewerbung Festanstellung | Initiativbewerbung Werkstudent (all geneders) / Praktikum / Abschlussarbeit | IT-Support Engineer 1st Level (all genders)	https://starface.jobs.personio.de/job/84518	board name "STARFACE GmbH" ≠ maison
Intersport Elverys	teamtailor	{"origin":"https://intersport.teamtailor.com"}	Intersport Sverige	6	Butikssäljare Intersport - Göteborg Högsbo 421 | Säljledare Personlig - Intersport Linköping Gränden | Butikssäljare Intersport Stockholm Barkarby	https://intersport.teamtailor.com/jobs/8267568-butikssaljare-intersport-goteborg-hogsbo-421	board name "Intersport Sverige" ≠ maison
Sterling Jewelers	greenhouse	{"board":"sterling"}	Sterling Brands	2	Creative Director | Would you like to become a part of the team at Sterling?	https://www.sterlingbrands.com/careers?gh_jid=7731843	board name "Sterling Brands" ≠ maison
Sterling King	greenhouse	{"board":"sterling"}	Sterling Brands	2	Creative Director | Would you like to become a part of the team at Sterling?	https://www.sterlingbrands.com/careers?gh_jid=7731843	board name "Sterling Brands" ≠ maison
Steve Madden	recruitee	{"subdomain":"stevemadden"}	Customizable ATS & hiring software Tellent Recruitee	1	Sales Associate	https://stevemadden.recruitee.com/o/sales-associate	board name "Customizable ATS & hiring software Tellent Recruitee" ≠ maison
Stone Fox Swim	greenhouse	{"board":"stone"}	Stone - Linkedin	428	Account Executive - Farming Operação (Híbrido/SP) | Agente Fit - Vendedor(a) Externo Júnior (6 horas) | Poços de  Caldas/MG |  Agente Stone - Consultor (a) Comercial Externo | Alfenas/MG	https://job-boards.greenhouse.io/stone/jobs/7777648003	board name "Stone - Linkedin" ≠ maison
Stone Island	greenhouse	{"board":"stone"}	Stone - Linkedin	428	Account Executive - Farming Operação (Híbrido/SP) | Agente Fit - Vendedor(a) Externo Júnior (6 horas) | Poços de  Caldas/MG |  Agente Stone - Consultor (a) Comercial Externo | Alfenas/MG	https://job-boards.greenhouse.io/stone/jobs/7777648003	board name "Stone - Linkedin" ≠ maison
Summer Fridays	greenhouse	{"board":"summer"}	Summer	1	Additional Roles (Resume Drop)	https://job-boards.greenhouse.io/summer/jobs/4077755003	board name "Summer" ≠ maison
SUMMER HOURS	greenhouse	{"board":"summer"}	Summer	1	Additional Roles (Resume Drop)	https://job-boards.greenhouse.io/summer/jobs/4077755003	board name "Summer" ≠ maison
Summum	personio	{"subdomain":"summum","host":"summum.jobs.personio.de"}	Banen bij Summum	6	Recruiter | Senior Graphic / Digital Designer | Verkoopmedewerker Amstelveen	https://summum.jobs.personio.de/job/2536751	board name "Banen bij Summum" ≠ maison
Summum Woman	personio	{"subdomain":"summum","host":"summum.jobs.personio.de"}	Banen bij Summum	6	Recruiter | Senior Graphic / Digital Designer | Verkoopmedewerker Amstelveen	https://summum.jobs.personio.de/job/2536751	board name "Banen bij Summum" ≠ maison
Sunset Design Outlet	greenhouse	{"board":"sunset"}	Sunset Magazine	2	Account Executive | Editor, Content innovation	https://job-boards.greenhouse.io/sunset/jobs/6450471	board name "Sunset Magazine" ≠ maison
Super Deodorant	lever	{"site":"super"}	Super	2	Authorization Specialist | Service Delivery Specialist	https://jobs.lever.co/super/28978f50-cf60-4a85-8221-68407cc2a9dc	board name "Super" ≠ maison
Super Jimat	greenhouse	{"board":"super"}	Super Technologies	191	AI Accelerator -  Commercial | AI Automation Engineer | AI Automation Engineer	https://job-boards.eu.greenhouse.io/super/jobs/4918820101	board name "Super Technologies" ≠ maison
Super Nail	greenhouse	{"board":"super"}	Super Technologies	191	AI Accelerator -  Commercial | AI Automation Engineer | AI Automation Engineer	https://job-boards.eu.greenhouse.io/super/jobs/4918820101	board name "Super Technologies" ≠ maison
Super normal people	greenhouse	{"board":"super"}	Super Technologies	191	AI Accelerator -  Commercial | AI Automation Engineer | AI Automation Engineer	https://job-boards.eu.greenhouse.io/super/jobs/4918820101	board name "Super Technologies" ≠ maison
Super Sports Xebio	greenhouse	{"board":"super"}	Super Technologies	191	AI Accelerator -  Commercial | AI Automation Engineer | AI Automation Engineer	https://job-boards.eu.greenhouse.io/super/jobs/4918820101	board name "Super Technologies" ≠ maison
Sweet Bee Magic	teamtailor	{"origin":"https://sweet.teamtailor.com"}	Smart	124	Addetto/a Controllo Qualità - Settore Artigianato Ceramiche | Addetto/a Tecnico - Settore Artigianato Ceramiche | Addetto/a Servizio Clienti - Settore Artigianato Ceramiche	https://sweet.teamtailor.com/jobs/8316007-addetto-a-controllo-qualita-settore-artigianato-ceramiche	board name "Smart" ≠ maison
Sweet Bee Ultra Beauty	teamtailor	{"origin":"https://sweet.teamtailor.com"}	Smart	124	Addetto/a Controllo Qualità - Settore Artigianato Ceramiche | Addetto/a Tecnico - Settore Artigianato Ceramiche | Addetto/a Servizio Clienti - Settore Artigianato Ceramiche	https://sweet.teamtailor.com/jobs/8316007-addetto-a-controllo-qualita-settore-artigianato-ceramiche	board name "Smart" ≠ maison
sweet deluxe	teamtailor	{"origin":"https://sweet.teamtailor.com"}	Smart	124	Addetto/a Controllo Qualità - Settore Artigianato Ceramiche | Addetto/a Tecnico - Settore Artigianato Ceramiche | Addetto/a Servizio Clienti - Settore Artigianato Ceramiche	https://sweet.teamtailor.com/jobs/8316007-addetto-a-controllo-qualita-settore-artigianato-ceramiche	board name "Smart" ≠ maison
Sweet Earth	teamtailor	{"origin":"https://sweet.teamtailor.com"}	Smart	124	Addetto/a Controllo Qualità - Settore Artigianato Ceramiche | Addetto/a Tecnico - Settore Artigianato Ceramiche | Addetto/a Servizio Clienti - Settore Artigianato Ceramiche	https://sweet.teamtailor.com/jobs/8316007-addetto-a-controllo-qualita-settore-artigianato-ceramiche	board name "Smart" ≠ maison
Sweet Gisele	teamtailor	{"origin":"https://sweet.teamtailor.com"}	Smart	124	Addetto/a Controllo Qualità - Settore Artigianato Ceramiche | Addetto/a Tecnico - Settore Artigianato Ceramiche | Addetto/a Servizio Clienti - Settore Artigianato Ceramiche	https://sweet.teamtailor.com/jobs/8316007-addetto-a-controllo-qualita-settore-artigianato-ceramiche	board name "Smart" ≠ maison
Sweet July Skin	teamtailor	{"origin":"https://sweet.teamtailor.com"}	Smart	124	Addetto/a Controllo Qualità - Settore Artigianato Ceramiche | Addetto/a Tecnico - Settore Artigianato Ceramiche | Addetto/a Servizio Clienti - Settore Artigianato Ceramiche	https://sweet.teamtailor.com/jobs/8316007-addetto-a-controllo-qualita-settore-artigianato-ceramiche	board name "Smart" ≠ maison
Sweet LeiLani Cosmetics	teamtailor	{"origin":"https://sweet.teamtailor.com"}	Smart	124	Addetto/a Controllo Qualità - Settore Artigianato Ceramiche | Addetto/a Tecnico - Settore Artigianato Ceramiche | Addetto/a Servizio Clienti - Settore Artigianato Ceramiche	https://sweet.teamtailor.com/jobs/8316007-addetto-a-controllo-qualita-settore-artigianato-ceramiche	board name "Smart" ≠ maison
Sweet Lemon	teamtailor	{"origin":"https://sweet.teamtailor.com"}	Smart	124	Addetto/a Controllo Qualità - Settore Artigianato Ceramiche | Addetto/a Tecnico - Settore Artigianato Ceramiche | Addetto/a Servizio Clienti - Settore Artigianato Ceramiche	https://sweet.teamtailor.com/jobs/8316007-addetto-a-controllo-qualita-settore-artigianato-ceramiche	board name "Smart" ≠ maison
Sweet Mana	teamtailor	{"origin":"https://sweet.teamtailor.com"}	Smart	124	Addetto/a Controllo Qualità - Settore Artigianato Ceramiche | Addetto/a Tecnico - Settore Artigianato Ceramiche | Addetto/a Servizio Clienti - Settore Artigianato Ceramiche	https://sweet.teamtailor.com/jobs/8316007-addetto-a-controllo-qualita-settore-artigianato-ceramiche	board name "Smart" ≠ maison
Sweet Pants	teamtailor	{"origin":"https://sweet.teamtailor.com"}	Smart	124	Addetto/a Controllo Qualità - Settore Artigianato Ceramiche | Addetto/a Tecnico - Settore Artigianato Ceramiche | Addetto/a Servizio Clienti - Settore Artigianato Ceramiche	https://sweet.teamtailor.com/jobs/8316007-addetto-a-controllo-qualita-settore-artigianato-ceramiche	board name "Smart" ≠ maison
Sweet Skins	teamtailor	{"origin":"https://sweet.teamtailor.com"}	Smart	124	Addetto/a Controllo Qualità - Settore Artigianato Ceramiche | Addetto/a Tecnico - Settore Artigianato Ceramiche | Addetto/a Servizio Clienti - Settore Artigianato Ceramiche	https://sweet.teamtailor.com/jobs/8316007-addetto-a-controllo-qualita-settore-artigianato-ceramiche	board name "Smart" ≠ maison
Sweet Sktbs	teamtailor	{"origin":"https://sweet.teamtailor.com"}	Smart	124	Addetto/a Controllo Qualità - Settore Artigianato Ceramiche | Addetto/a Tecnico - Settore Artigianato Ceramiche | Addetto/a Servizio Clienti - Settore Artigianato Ceramiche	https://sweet.teamtailor.com/jobs/8316007-addetto-a-controllo-qualita-settore-artigianato-ceramiche	board name "Smart" ≠ maison
Sweet Chemistry	teamtailor	{"origin":"https://sweet.teamtailor.com"}	Smart	124	Addetto/a Controllo Qualità - Settore Artigianato Ceramiche | Addetto/a Tecnico - Settore Artigianato Ceramiche | Addetto/a Servizio Clienti - Settore Artigianato Ceramiche	https://sweet.teamtailor.com/jobs/8316007-addetto-a-controllo-qualita-settore-artigianato-ceramiche	board name "Smart" ≠ maison
Sweet Tooth by Sabrina Carpenter	teamtailor	{"origin":"https://sweet.teamtailor.com"}	Smart	124	Addetto/a Controllo Qualità - Settore Artigianato Ceramiche | Addetto/a Tecnico - Settore Artigianato Ceramiche | Addetto/a Servizio Clienti - Settore Artigianato Ceramiche	https://sweet.teamtailor.com/jobs/8316007-addetto-a-controllo-qualita-settore-artigianato-ceramiche	board name "Smart" ≠ maison
Synergy Therm	recruitee	{"subdomain":"synergy"}	Homepage	4	Assistant Property Manager, Commercial Offices | Property Manager, Commercial Offices | Building Maintenance Technician	https://synergy.recruitee.com/o/assistant-property-manager-commercial-offices	board name "Homepage" ≠ maison
Tamara Mellon	greenhouse	{"board":"tamara"}	Tamara	33	AML Transaction Monitoring Ops - Builders Program - (Emirati National) | Application Support Engineer  | Associate Accountant - Builders Program - (Emirati National)	https://job-boards.eu.greenhouse.io/tamara/jobs/4849504101	board name "Tamara" ≠ maison
Tamara's Sugar	greenhouse	{"board":"tamara"}	Tamara	33	AML Transaction Monitoring Ops - Builders Program - (Emirati National) | Application Support Engineer  | Associate Accountant - Builders Program - (Emirati National)	https://job-boards.eu.greenhouse.io/tamara/jobs/4849504101	board name "Tamara" ≠ maison
JAKO-O	personio	{"subdomain":"jako","host":"jako.jobs.personio.de"}	JAKO AG	20	Ausbildung Fachinformatiker (m/w/d) System- oder Anwendungsentwicklung | Ausbildung Fachlagerist/-kraft (m/w/d) Lagerlogistik | Ausbildung Kaufmann (m/w/d) E-Commerce	https://jako.jobs.personio.de/job/1280438	doublon orthographe — validé sous « Jako — board JAKO AG = equipementier, pas JAKO-O »
Jess & Tilly	personio	{"subdomain":"jess","host":"jess.jobs.personio.de"}	Mutter AG	5	Bewerberpool | Initiativbewerbung (Festanstellung) | Junior IT-Sicherheitsberater	https://jess.jobs.personio.de/job/2207698	board name "Mutter AG" ≠ maison
THEA WITH LOVE	greenhouse	{"board":"thea"}	Théa	1	Théa Executive Chef	https://job-boards.greenhouse.io/thea/jobs/4328375009	board name "Théa" ≠ maison
Thrive Causemetics®	greenhouse	{"board":"thrive"}	THRIVE	3	Join Our Talent Community! | Principal UX Designer | Senior UX Researcher & Strategist	https://job-boards.greenhouse.io/thrive/jobs/4765726004	board name "THRIVE" ≠ maison
Toast Society	greenhouse	{"board":"toast"}	Toast	309	Android Software Engineer | Bilingual Strategic Cuisines Account Executive (Mandarin ) - Los Angeles, CA  | Bilingual Strategic Cuisines Account Executive (Mandarin) - Toronto	https://careers.toasttab.com/jobs?gh_jid=8038744	board name "Toast" ≠ maison
Todd Shelton	personio	{"subdomain":"todd","host":"todd.jobs.personio.de"}	TODD Architects	3	ARCHITECT - DUBLIN | ARCHITECTURAL TECHNOLOGIST - BELFAST | ARCHITECTURAL TECHNOLOGIST - MANCHESTER	https://todd.jobs.personio.de/job/1761414	board name "TODD Architects" ≠ maison
Tomorrow Denim	greenhouse	{"board":"tomorrow"}	Tomorrow.io	22	AI First - Senior Full Stack Engineer | Assembly Integration & Test Lead | Aviation Meteorologist (Future Talent Pipeline)	https://boards.greenhouse.io/tomorrow/jobs/7802524003?gh_jid=7802524003	board name "Tomorrow.io" ≠ maison
Tradition by WEIS	smartrecruiters-whitelabel	{"company":"tradition"}	Tradition	3	Junior Broker | Junior Italian Broker-Competitive Package | Junior Italian Broker-FULL TIME	https://jobs.smartrecruiters.com/tradition/94234489	board name "Tradition" ≠ maison
Transmission	recruitee	{"subdomain":"transmission"}	Customizable ATS & hiring software Tellent Recruitee	5	Biddable Manager | Paid Social Media Supervisor | Associate Director, Paid Search	https://transmission.recruitee.com/o/biddable-manager-paid-search-social-programmatic	board name "Customizable ATS & hiring software Tellent Recruitee" ≠ maison
Trixie Cosmetics	personio	{"subdomain":"trixie","host":"trixie.jobs.personio.de"}		2	Initiativbewerbung (Festanstellung) | Social Media (Werkstudent)	https://trixie.jobs.personio.de/job/2271600	no board name to compare
Juice Beauty	teamtailor	{"origin":"https://juice.teamtailor.com"}	JUICE	4	Senior New Business Executive | Senior New Business Executive | Paid Media Implementation Specialist	https://juice.teamtailor.com/jobs/8288133-senior-new-business-executive	board name "JUICE" ≠ maison
Two Blooms & Co	teamtailor	{"origin":"https://two.teamtailor.com"}	Two	5	Senior Customer Support Specialist | Senior Customer Support Specialist – Swedish Speaking | Senior Account Executive	https://two.teamtailor.com/jobs/8230638-senior-customer-support-specialist	board name "Two" ≠ maison
Two Little Beans & Co	teamtailor	{"origin":"https://two.teamtailor.com"}	Two	5	Senior Customer Support Specialist | Senior Customer Support Specialist – Swedish Speaking | Senior Account Executive	https://two.teamtailor.com/jobs/8230638-senior-customer-support-specialist	board name "Two" ≠ maison
Two Lumps of Sugar	teamtailor	{"origin":"https://two.teamtailor.com"}	Two	5	Senior Customer Support Specialist | Senior Customer Support Specialist – Swedish Speaking | Senior Account Executive	https://two.teamtailor.com/jobs/8230638-senior-customer-support-specialist	board name "Two" ≠ maison
Two Peas Organics	teamtailor	{"origin":"https://two.teamtailor.com"}	Two	5	Senior Customer Support Specialist | Senior Customer Support Specialist – Swedish Speaking | Senior Account Executive	https://two.teamtailor.com/jobs/8230638-senior-customer-support-specialist	board name "Two" ≠ maison
Two Sisters Spa	teamtailor	{"origin":"https://two.teamtailor.com"}	Two	5	Senior Customer Support Specialist | Senior Customer Support Specialist – Swedish Speaking | Senior Account Executive	https://two.teamtailor.com/jobs/8230638-senior-customer-support-specialist	board name "Two" ≠ maison
Two Sparrow Australia	teamtailor	{"origin":"https://two.teamtailor.com"}	Two	5	Senior Customer Support Specialist | Senior Customer Support Specialist – Swedish Speaking | Senior Account Executive	https://two.teamtailor.com/jobs/8230638-senior-customer-support-specialist	board name "Two" ≠ maison
Two Way	teamtailor	{"origin":"https://two.teamtailor.com"}	Two	5	Senior Customer Support Specialist | Senior Customer Support Specialist – Swedish Speaking | Senior Account Executive	https://two.teamtailor.com/jobs/8230638-senior-customer-support-specialist	board name "Two" ≠ maison
TWO WOMEN TWO MEN	teamtailor	{"origin":"https://two.teamtailor.com"}	Two	5	Senior Customer Support Specialist | Senior Customer Support Specialist – Swedish Speaking | Senior Account Executive	https://two.teamtailor.com/jobs/8230638-senior-customer-support-specialist	board name "Two" ≠ maison
Two-Bi Studiolabwork	teamtailor	{"origin":"https://two.teamtailor.com"}	Two	5	Senior Customer Support Specialist | Senior Customer Support Specialist – Swedish Speaking | Senior Account Executive	https://two.teamtailor.com/jobs/8230638-senior-customer-support-specialist	board name "Two" ≠ maison
UNIQUE 21	personio	{"subdomain":"unique","host":"unique.jobs.personio.de"}	unique land use GmbH	3	Consultant – Land-Use & Climate Mitigation Specialist | Employee Position - initiative application - Angestellte/r initiativ Bewerbung *(m/w/d) | Internship - Pflichtpraktikum *(m/w/d)	https://unique.jobs.personio.de/job/2772300	board name "unique land use GmbH" ≠ maison
Upfront Cosmetics	recruitee	{"subdomain":"upfront"}	Homepage	23	Head of Brand Activations | Assistant Controller | Influencer Marketeer	https://upfront.recruitee.com/o/head-of-brand-activations	board name "Homepage" ≠ maison
V.I.M.	greenhouse	{"board":"vim"}	Vim	2	Director Strategic Accounts  | Technical Support Team Lead 	https://job-boards.greenhouse.io/vim/jobs/8121267	board name "Vim" ≠ maison
Ventana	greenhouse	{"board":"ventana"}	Ventana by Buckner	7	Certified Nurse Aide (CNA) - Full Time, Skilled Nursing | Cook- Resident Services  | Culinary Server 	https://careers.bucknerretirement.org/open-positions-at-ventana-by-buckner/?gh_jid=7799765003	board name "Ventana by Buckner" ≠ maison
Veritas	recruitee	{"subdomain":"veritas"}	homepage	1	Avoin hakemus - Öppen ansökan	https://veritas.recruitee.com/o/avoin-hakemus-oppen-ansokan	board name "homepage" ≠ maison
Veritas Bespoke	recruitee	{"subdomain":"veritas"}	homepage	1	Avoin hakemus - Öppen ansökan	https://veritas.recruitee.com/o/avoin-hakemus-oppen-ansokan	board name "homepage" ≠ maison
Karl Kani	teamtailor	{"origin":"https://karl.teamtailor.com"}	N Kraft Bemanning	23	Markarbetare | Dumperchaufför | Lastbilschaufför	https://karl.teamtailor.com/jobs/5570637-markarbetare	board name "N Kraft Bemanning" ≠ maison
Karl Lagerfeld	teamtailor	{"origin":"https://karl.teamtailor.com"}	N Kraft Bemanning	23	Markarbetare | Dumperchaufför | Lastbilschaufför	https://karl.teamtailor.com/jobs/5570637-markarbetare	board name "N Kraft Bemanning" ≠ maison
Karl Marc John	teamtailor	{"origin":"https://karl.teamtailor.com"}	N Kraft Bemanning	23	Markarbetare | Dumperchaufför | Lastbilschaufför	https://karl.teamtailor.com/jobs/5570637-markarbetare	board name "N Kraft Bemanning" ≠ maison
KARL LAGERFELD	teamtailor	{"origin":"https://karl.teamtailor.com"}	N Kraft Bemanning	23	Markarbetare | Dumperchaufför | Lastbilschaufför	https://karl.teamtailor.com/jobs/5570637-markarbetare	board name "N Kraft Bemanning" ≠ maison
Karl Rieker	teamtailor	{"origin":"https://karl.teamtailor.com"}	N Kraft Bemanning	23	Markarbetare | Dumperchaufför | Lastbilschaufför	https://karl.teamtailor.com/jobs/5570637-markarbetare	board name "N Kraft Bemanning" ≠ maison
Via Appia	greenhouse	{"board":"via"}	Via	153	Account Director | Account Director, Central US (Remote) | Account Executive, Western Europe 	https://job-boards.greenhouse.io/via/jobs/8700271002	board name "Via" ≠ maison
Via di Gioia	greenhouse	{"board":"via"}	Via	153	Account Director | Account Director, Central US (Remote) | Account Executive, Western Europe 	https://job-boards.greenhouse.io/via/jobs/8700271002	board name "Via" ≠ maison
VIA VAI	greenhouse	{"board":"via"}	Via	153	Account Director | Account Director, Central US (Remote) | Account Executive, Western Europe 	https://job-boards.greenhouse.io/via/jobs/8700271002	board name "Via" ≠ maison
VIA APPIA DUE	greenhouse	{"board":"via"}	Via	153	Account Director | Account Director, Central US (Remote) | Account Executive, Western Europe 	https://job-boards.greenhouse.io/via/jobs/8700271002	board name "Via" ≠ maison
Vialis	recruitee	{"subdomain":"vialis"}	Homepage	65	Werkvoorbereider elektrotechniek Tunnels | Accountmanager Paneelbouw | Operationeel Inkoper	https://vialis.recruitee.com/o/werkvoorbereider-elektrotechniek-tunnels-1	board name "Homepage" ≠ maison
Victoria	personio	{"subdomain":"victoria","host":"victoria.jobs.personio.de"}		3	General Application | SEO Marketing Manager | Social Media (Working Student)	https://victoria.jobs.personio.de/job/1762115	no board name to compare
VICTORIA (LUGGAGE)	personio	{"subdomain":"victoria","host":"victoria.jobs.personio.de"}		3	General Application | SEO Marketing Manager | Social Media (Working Student)	https://victoria.jobs.personio.de/job/1762115	no board name to compare
Victoria Slavinskaia	personio	{"subdomain":"victoria","host":"victoria.jobs.personio.de"}		3	General Application | SEO Marketing Manager | Social Media (Working Student)	https://victoria.jobs.personio.de/job/1762115	no board name to compare
Victoria Beckham	personio	{"subdomain":"victoria","host":"victoria.jobs.personio.de"}		3	General Application | SEO Marketing Manager | Social Media (Working Student)	https://victoria.jobs.personio.de/job/1762115	no board name to compare
Victoria's Secret	personio	{"subdomain":"victoria","host":"victoria.jobs.personio.de"}		3	General Application | SEO Marketing Manager | Social Media (Working Student)	https://victoria.jobs.personio.de/job/1762115	no board name to compare
Victory Lab	greenhouse	{"board":"victory"}	Victory Creative Group	1	Brand Story Designer	https://job-boards.greenhouse.io/victory/jobs/4071216009	board name "Victory Creative Group" ≠ maison
Village Leathers	greenhouse	{"board":"village"}	The Village Learning Center	2	Assistant Teacher - The Village | Lead Teacher - The Village	https://job-boards.greenhouse.io/village/jobs/7798832003	board name "The Village Learning Center" ≠ maison
village thrive	greenhouse	{"board":"village"}	The Village Learning Center	2	Assistant Teacher - The Village | Lead Teacher - The Village	https://job-boards.greenhouse.io/village/jobs/7798832003	board name "The Village Learning Center" ≠ maison
Vuori	greenhouse	{"board":"vuori"}	Archrival Agents | Vuori	3	Vuori Campus Brand Manager - Arizona State University | Vuori Campus Brand Manager - University of Florida | Vuori Campus Brand Manager - University of Texas at Austin	https://job-boards.greenhouse.io/vuori/jobs/8092401	board name "Archrival Agents | Vuori" ≠ maison
Water Air Industry	personio	{"subdomain":"water","host":"water.jobs.personio.de"}	water operations GmbH	7	Initiativbewerbung (Festanstellung) | Security Analyst 1st Lvl (m/w/d) | Security Analyst 2nd Lvl (m/w/d)	https://water.jobs.personio.de/job/1817754	board name "water operations GmbH" ≠ maison
Water Works	personio	{"subdomain":"water","host":"water.jobs.personio.de"}	water operations GmbH	7	Initiativbewerbung (Festanstellung) | Security Analyst 1st Lvl (m/w/d) | Security Analyst 2nd Lvl (m/w/d)	https://water.jobs.personio.de/job/1817754	board name "water operations GmbH" ≠ maison
Key Largo	teamtailor	{"origin":"https://key.teamtailor.com"}	TuoLavoro	43	Sales Manager nell'assistenza alle scelte | Addetto selezione e formazione personale vendita al dettaglio | Direttore Commerciale - Fornitura Articoli quotidiani	https://key.teamtailor.com/jobs/8313548-sales-manager-nell-assistenza-alle-scelte	board name "TuoLavoro" ≠ maison
Weekday	recruitee	{"subdomain":"weekday"}	Customizable ATS & hiring software Tellent Recruitee	1	Key Account Manager	https://weekday.recruitee.com/o/key-account-manager	board name "Customizable ATS & hiring software Tellent Recruitee" ≠ maison
WHITE bIRD	personio	{"subdomain":"white-bird","host":"white-bird.jobs.personio.de"}		1	Initiativbewerbung (Festanstellung)	https://white-bird.jobs.personio.de/job/2000877	no board name to compare
Kiwi Glow	personio	{"subdomain":"kiwi","host":"kiwi.jobs.personio.de"}	KIWI.KI GmbH	2	4 Tage Woche als Elektro-Profi für Gewerbekunden (d/w/m) | Initiativbewerbung bei KIWI – Werde Teil unseres Teams!	https://kiwi.jobs.personio.de/job/2678260	board name "KIWI.KI GmbH" ≠ maison
XOXO	teamtailor	{"origin":"https://xoxo.teamtailor.com"}	XOXO Gossip Girl	9	Customer Success Manager ✨ | Marketing Intern 💫 | Customer Success Manager ✨	https://xoxo.teamtailor.com/jobs/7459063-customer-success-manager	board name "XOXO Gossip Girl" ≠ maison
Yaya	recruitee	{"subdomain":"yaya"}	Homepage	25	Area Visual Merchandiser (w/m/d) für Rheinland-Pfalz, Hessen (Teilzeit bis 32 h) | Area Visual Merchandiser (w/m/d) für Baden-Württemberg (Vollzeit) | YAYA Heidelberg Werkstudent (m/w/d)	https://jobs.yaya.eu/o/area-visual-merchandiser-wmd-fur-rheinland-pfalz-hessen-teilzeit-bis-32-h	doublon orthographe — validé sous « YAYA »
Yaya Maria's	recruitee	{"subdomain":"yaya"}	Homepage	25	Area Visual Merchandiser (w/m/d) für Rheinland-Pfalz, Hessen (Teilzeit bis 32 h) | Area Visual Merchandiser (w/m/d) für Baden-Württemberg (Vollzeit) | YAYA Heidelberg Werkstudent (m/w/d)	https://jobs.yaya.eu/o/area-visual-merchandiser-wmd-fur-rheinland-pfalz-hessen-teilzeit-bis-32-h	board name "Homepage" ≠ maison
YES DAY	greenhouse	{"board":"yes"}	Yes LLC	5	Business Development Representative | Director of Operations - Electrical  | Journeyman Electrician	https://cjyes.com/job-list/?gh_jid=5376812008	board name "Yes LLC" ≠ maison
Yes Friends	greenhouse	{"board":"yes"}	Yes LLC	5	Business Development Representative | Director of Operations - Electrical  | Journeyman Electrician	https://cjyes.com/job-list/?gh_jid=5376812008	board name "Yes LLC" ≠ maison
YES I AM	greenhouse	{"board":"yes"}	Yes LLC	5	Business Development Representative | Director of Operations - Electrical  | Journeyman Electrician	https://cjyes.com/job-list/?gh_jid=5376812008	board name "Yes LLC" ≠ maison
Yes Studio	greenhouse	{"board":"yes"}	Yes LLC	5	Business Development Representative | Director of Operations - Electrical  | Journeyman Electrician	https://cjyes.com/job-list/?gh_jid=5376812008	board name "Yes LLC" ≠ maison
YES ZEE	greenhouse	{"board":"yes"}	Yes LLC	5	Business Development Representative | Director of Operations - Electrical  | Journeyman Electrician	https://cjyes.com/job-list/?gh_jid=5376812008	board name "Yes LLC" ≠ maison
Yes! Cosmetics	greenhouse	{"board":"yes"}	Yes LLC	5	Business Development Representative | Director of Operations - Electrical  | Journeyman Electrician	https://cjyes.com/job-list/?gh_jid=5376812008	board name "Yes LLC" ≠ maison
YSE Beauty	wttj	{"slug":"yse"}	Ysé	11	Conseiller.ère de vente - CDI - 35h - Aix-en-Provence | Conseiller.ère de vente (H/F) - CDI - 24h - Aix | Responsable de Boutique (H/F) - CDI - Annecy	https://www.welcometothejungle.com/fr/companies/yse/jobs/conseiller-ere-de-vente-cdi-35h-aix-en-provence_aix-en-provence	board name "Ysé" ≠ maison
Ysé Lingerie	wttj	{"slug":"yse"}	Ysé	11	Conseiller.ère de vente - CDI - 35h - Aix-en-Provence | Conseiller.ère de vente (H/F) - CDI - 24h - Aix | Responsable de Boutique (H/F) - CDI - Annecy	https://www.welcometothejungle.com/fr/companies/yse/jobs/conseiller-ere-de-vente-cdi-35h-aix-en-provence_aix-en-provence	board name "Ysé" ≠ maison
Zara	recruitee	{"subdomain":"zara"}	Homepage	10	COMPRADOR/A TEJIDOS ZARA MAN | TÉCNICO/A DE TEJIDOS ZARA BASIC MUJER | COMPRAS ZARA KIDS	https://zara.recruitee.com/o/compradora-tejidos-zara-man	board name "Homepage" ≠ maison
zero	recruitee	{"subdomain":"zero"}	homepage	23	Quality Specialist (m/w/d) | Modeberaterin / Verkäuferin in Teilzeit (m/w/d) | Minijob Aushilfe Verkauf & Modeberatung (m/w/d)	https://zero.recruitee.com/o/quality-specialist-mwd	board name "homepage" ≠ maison
zero waste daniel	recruitee	{"subdomain":"zero"}	homepage	23	Quality Specialist (m/w/d) | Modeberaterin / Verkäuferin in Teilzeit (m/w/d) | Minijob Aushilfe Verkauf & Modeberatung (m/w/d)	https://zero.recruitee.com/o/quality-specialist-mwd	board name "homepage" ≠ maison
Zero%	recruitee	{"subdomain":"zero"}	homepage	23	Quality Specialist (m/w/d) | Modeberaterin / Verkäuferin in Teilzeit (m/w/d) | Minijob Aushilfe Verkauf & Modeberatung (m/w/d)	https://zero.recruitee.com/o/quality-specialist-mwd	board name "homepage" ≠ maison
Zoey Naturals	teamtailor	{"origin":"https://zoey.teamtailor.com"}	Zoey	7	Interim HR Operations & Payroll Lead - Banking & Financial Services | HR Business Partner till NTEX i Helsingborg | Global Compensation & Benefits Specialist till Rusta	https://zoey.teamtailor.com/jobs/8293175-interim-hr-operations-payroll-lead-banking-financial-services	board name "Zoey" ≠ maison
Zola Africa	greenhouse	{"board":"zola"}	Zola	5	Category Manager | Product Manager | Senior Business Associate	https://www.zola.com/about/jobs?gh_jid=8638685002	board name "Zola" ≠ maison
Lakmé Cosmetics	teamtailor	{"origin":"https://lakme.teamtailor.com"}	Lakmé Inspired Haircare	4	Inside Sales & Sales Support España | Operario/Operaria de Almacén | Product Tester - Peluquero / Peluquera	https://lakme.teamtailor.com/jobs/8149289-inside-sales-sales-support-espana	board name "Lakmé Inspired Haircare" ≠ maison
Lille Vinkel Sko	recruitee	{"subdomain":"lille"}	Customizable ATS & hiring software Tellent Recruitee	1	g2	https://aucoursera.recruitee.com/o/wwfyr75125	board name "Customizable ATS & hiring software Tellent Recruitee" ≠ maison
Lindex Group	teamtailor	{"origin":"https://lindex.teamtailor.com"}	Lindex	7	Store Sales Manager | Store Sales Manager | Visual Merchandiser	https://lindex.teamtailor.com/jobs/2122798-store-sales-manager	doublon orthographe — validé sous « Lindex »
Loft design by	teamtailor	{"origin":"https://loft.teamtailor.com"}	Loft	64	Analista de Pré-Vendas | Inbound | SDR | Analista de Suporte ao Cliente | CRM | Analista Operação Automação Senior	https://loft.teamtailor.com/jobs/8316497-analista-de-pre-vendas-inbound-sdr	board name "Loft" ≠ maison
Look Sharpish	recruitee	{"subdomain":"look"}	LOOK Cycle Offres d&#x27;emploi et Carrières dans le Cyclisme	7	Conseiller Client Premium (H/F) | Peintre industriel H/F | Candidature Spontanée	https://career.lookcycle.com/o/conseiller-client-premium-hf	board name "LOOK Cycle Offres d&#x27;emploi et Carrières dans le Cyclisme" ≠ maison
Mighty Good Basics	greenhouse	{"board":"mighty"}	Mighty	1	Senior AI Software Engineer	https://job-boards.greenhouse.io/mighty/jobs/5783098004	board name "Mighty" ≠ maison
MiN NEW YORK	recruitee	{"subdomain":"min"}	Customizable ATS & hiring software Tellent Recruitee	2	HR admin | Senior Marketer (Sample)	https://min.recruitee.com/o/hr-admin-1	demo/sandbox board (titles look like samples)
Mindful Botanicals	personio	{"subdomain":"mindful","host":"mindful.jobs.personio.de"}		3	General Application | SEO Marketing Manager | Social Media (Working Student)	https://mindful.jobs.personio.de/job/1824322	no board name to compare
MOB Beauty	teamtailor	{"origin":"https://mob.teamtailor.com"}	Mob	1	In-App Video Editor - 3 month FTC	https://mob.teamtailor.com/jobs/8259206-in-app-video-editor-3-month-ftc	board name "Mob" ≠ maison
Multiopticas	teamtailor	{"origin":"https://multiopticas.teamtailor.com"}	Multiópticas	86	Director/a  Óptica Madrid | Óptico en Jaén | Óptico en Oviedo, Asturias	https://multiopticas.teamtailor.com/jobs/7971285-director-a-optica-madrid	doublon orthographe — validé sous « Multiópticas »
NAPA 1850	teamtailor	{"origin":"https://napa.teamtailor.com"}	NAPA	1	Cybersecurity & Datacom Specialist	https://napa.teamtailor.com/jobs/8030987-cybersecurity-datacom-specialist	board name "NAPA" ≠ maison
Nordisk	personio	{"subdomain":"nordisk","host":"nordisk.jobs.personio.de"}		3	General Application | SEO Marketing Manager | Social Media (Working Student)	https://nordisk.jobs.personio.de/job/2775750	no board name to compare
NORR	teamtailor	{"origin":"https://norr.teamtailor.com"}	Svensk Markservice AB	9	Lagbas för projekt och arbetsledning | Lagbas för projekt och arbetsledning | Förare Åkgräsklippare i Umeå	https://norr.teamtailor.com/jobs/8222280-lagbas-for-projekt-och-arbetsledning	board name "Svensk Markservice AB" ≠ maison
Norrøna	teamtailor	{"origin":"https://norr.teamtailor.com"}	Svensk Markservice AB	9	Lagbas för projekt och arbetsledning | Lagbas för projekt och arbetsledning | Förare Åkgräsklippare i Umeå	https://norr.teamtailor.com/jobs/8222280-lagbas-for-projekt-och-arbetsledning	board name "Svensk Markservice AB" ≠ maison
Oliver Grant	wttj	{"slug":"oliver"}	OLIVER	4	Community Manager (H/F) | Influencer Manager (H/F) | Account Director / Directeur de Clientèle (H/F)	https://www.welcometothejungle.com/fr/companies/oliver/jobs/community-manager-h-f_paris	board name "OLIVER" ≠ maison
Oliver Logan	wttj	{"slug":"oliver"}	OLIVER	4	Community Manager (H/F) | Influencer Manager (H/F) | Account Director / Directeur de Clientèle (H/F)	https://www.welcometothejungle.com/fr/companies/oliver/jobs/community-manager-h-f_paris	board name "OLIVER" ≠ maison
Oliver Sweeney	wttj	{"slug":"oliver"}	OLIVER	4	Community Manager (H/F) | Influencer Manager (H/F) | Account Director / Directeur de Clientèle (H/F)	https://www.welcometothejungle.com/fr/companies/oliver/jobs/community-manager-h-f_paris	board name "OLIVER" ≠ maison
Oliver Cabell	wttj	{"slug":"oliver"}	OLIVER	4	Community Manager (H/F) | Influencer Manager (H/F) | Account Director / Directeur de Clientèle (H/F)	https://www.welcometothejungle.com/fr/companies/oliver/jobs/community-manager-h-f_paris	board name "OLIVER" ≠ maison
Open End	personio	{"subdomain":"open","host":"open.jobs.personio.de"}		10	Buying Assistant | Buying Assistant (Production Team) | Enterprise Account Manager	https://open.jobs.personio.de/job/2759933	no board name to compare
Patrick McDowell	personio	{"subdomain":"patrick","host":"patrick.jobs.personio.de"}		3	General Application | SEO Marketing Manager | Social Media (Working Student)	https://patrick.jobs.personio.de/job/1667090	no board name to compare
Patrick Smith Botanicals	personio	{"subdomain":"patrick","host":"patrick.jobs.personio.de"}		3	General Application | SEO Marketing Manager | Social Media (Working Student)	https://patrick.jobs.personio.de/job/1667090	no board name to compare
PAULA CANOVAS DEL VAS	recruitee	{"subdomain":"paula"}	Customizable ATS & hiring software Tellent Recruitee	1	Senior Marketer (Sample)	https://paula.recruitee.com/o/senior-marketer-sample-london	demo/sandbox board (titles look like samples)
Paula Knorr	recruitee	{"subdomain":"paula"}	Customizable ATS & hiring software Tellent Recruitee	1	Senior Marketer (Sample)	https://paula.recruitee.com/o/senior-marketer-sample-london	demo/sandbox board (titles look like samples)
Paula's Choice	recruitee	{"subdomain":"paula"}	Customizable ATS & hiring software Tellent Recruitee	1	Senior Marketer (Sample)	https://paula.recruitee.com/o/senior-marketer-sample-london	demo/sandbox board (titles look like samples)
PETERSON STOOP	recruitee	{"subdomain":"peterson"}	homepage	21	Medewerker Goederenontvangst- HUB Den Helder | Senior Sales Executive | Global Tax Compliance Expert	https://peterson.recruitee.com/o/medewerker-goederenontvangst-hub-den-helder	board name "homepage" ≠ maison
Poppy & Peonies	recruitee	{"subdomain":"poppy"}	Homepage	3	Jr. Finance Analyst | Automotive Maintenance Technician / Mechanic - Poppy Mobility NV | Automotive Technician / Mechanic (Electronics & Diagnostics) - Poppy Mobility NV	https://jobs.poppy.be/o/jr-finance-analyst	board name "Homepage" ≠ maison
Poppy Barley	recruitee	{"subdomain":"poppy"}	Homepage	3	Jr. Finance Analyst | Automotive Maintenance Technician / Mechanic - Poppy Mobility NV | Automotive Technician / Mechanic (Electronics & Diagnostics) - Poppy Mobility NV	https://jobs.poppy.be/o/jr-finance-analyst	board name "Homepage" ≠ maison
Poppy & Pout	recruitee	{"subdomain":"poppy"}	Homepage	3	Jr. Finance Analyst | Automotive Maintenance Technician / Mechanic - Poppy Mobility NV | Automotive Technician / Mechanic (Electronics & Diagnostics) - Poppy Mobility NV	https://jobs.poppy.be/o/jr-finance-analyst	board name "Homepage" ≠ maison
Poppy Field	recruitee	{"subdomain":"poppy"}	Homepage	3	Jr. Finance Analyst | Automotive Maintenance Technician / Mechanic - Poppy Mobility NV | Automotive Technician / Mechanic (Electronics & Diagnostics) - Poppy Mobility NV	https://jobs.poppy.be/o/jr-finance-analyst	board name "Homepage" ≠ maison
Poppy Silk	recruitee	{"subdomain":"poppy"}	Homepage	3	Jr. Finance Analyst | Automotive Maintenance Technician / Mechanic - Poppy Mobility NV | Automotive Technician / Mechanic (Electronics & Diagnostics) - Poppy Mobility NV	https://jobs.poppy.be/o/jr-finance-analyst	board name "Homepage" ≠ maison
Porter Blue	lever	{"site":"porter"}	Porter Cares, Inc.	28	1099 Nurse Practitioner (Hampden County) | 1099 Nurse Practitioner (Hampshire County) | 1099 Nurse Practitioner (Worcester, MA)	https://jobs.lever.co/porter/9ced817b-b1a3-4e48-91e0-46994e2e66a8	board name "Porter Cares, Inc." ≠ maison
Porter Yoshida & Co.	lever	{"site":"porter"}	Porter Cares, Inc.	28	1099 Nurse Practitioner (Hampden County) | 1099 Nurse Practitioner (Hampshire County) | 1099 Nurse Practitioner (Worcester, MA)	https://jobs.lever.co/porter/9ced817b-b1a3-4e48-91e0-46994e2e66a8	board name "Porter Cares, Inc." ≠ maison
Porter-Yoshida&Co	lever	{"site":"porter"}	Porter Cares, Inc.	28	1099 Nurse Practitioner (Hampden County) | 1099 Nurse Practitioner (Hampshire County) | 1099 Nurse Practitioner (Worcester, MA)	https://jobs.lever.co/porter/9ced817b-b1a3-4e48-91e0-46994e2e66a8	board name "Porter Cares, Inc." ≠ maison
Power Fashion	teamtailor	{"origin":"https://power.teamtailor.com"}	Power Danmark	48	Click & Collect medarbejder | Sælger på deltid  i POWER | Support medarbejder deltid 10 timer	https://power.teamtailor.com/jobs/8315168-click-collect-medarbejder	board name "Power Danmark" ≠ maison
Property Of...	recruitee	{"subdomain":"property"}	Homepage	8	Assistenz Immobilienverwaltung (m/w/d) | Assistenz WEG-Verwaltung (m/w/d) | Immobilienverwalter / WEG-Verwalter (m/w/d) | Neubiberg bei München | 1 Tag Homeoffice | Unbefristet	https://trp.recruitee.com/o/assistenz-immobilienverwaltung-mwd	board name "Homepage" ≠ maison
Avani	greenhouse	{"board":"avani"}	Avani Media				board name adds business-domain word "media" — likely a different company
Code	personio	{"subdomain":"code","host":"code.jobs.personio.de"}	CODE Education GmbH				board name adds business-domain word "education" — likely a different company
NIA	personio	{"subdomain":"nia","host":"nia.jobs.personio.de"}	Nia Health GmbH				board name adds business-domain word "health" — likely a different company
Florence	lever	{"site":"florence"}	Florence Health				board name adds business-domain word "health" — likely a different company
Saylor	greenhouse	{"board":"saylor"}	Saylor Agency				board name adds business-domain word "agency" — likely a different company
Solera	greenhouse	{"board":"solera"}	Solera Health				board name adds business-domain word "health" — likely a different company
Supreme	greenhouse	{"board":"supreme"}	Supreme HVAC				board name adds business-domain word "hvac" — likely a different company
TCM	personio	{"subdomain":"tcm","host":"tcm.jobs.personio.de"}	TCM Systems GmbH				board name adds business-domain word "systems" — likely a different company
