nom	site	bucket	detail
altered apparel	https://www.alteredapparelltd.com/	dns-dead	NXDOMAIN @1.1.1.1+8.8.8.8
allthingsfi	https://www.allthingsfi.com.au/	dns-dead	NXDOMAIN @1.1.1.1+8.8.8.8
27kids	https://27kids.com.vn/	dns-dead	NXDOMAIN @1.1.1.1+8.8.8.8
allylikes	https://www.allylikes.com/	dns-dead	NXDOMAIN @1.1.1.1+8.8.8.8
amávia	https://www.amavia.com.br/	dns-dead	NXDOMAIN @1.1.1.1+8.8.8.8
alternative apparel	https://www.alternativeapparel.com/	net-error	ENOTFOUND
allkind	https://allkind.co.uk/	net-error	ENOTFOUND
alpenglow	https://shopalpenglowapparel.com/	net-error	ENOTFOUND
0&1	https://en.0and1.de/	net-error	ENOTFOUND
1017 alyx 9sm	https://www.alyxstudio.com/	net-error	ENOTFOUND
05 studio	https://www.the05studio.com/	net-error	ENOTFOUND
a better mistake	https://shop.abettermistake.com/collections/shop-collection	net-error	ENOTFOUND
amari amari	https://amariamari.co.uk/	net-error	ENOTFOUND
allen schwartz	https://www.allenschwartz.com/	net-error	ENOTFOUND
amirante antica sartoria napoletana	https://www.anticasartorianapoletana.it/sell-online	http-dead	404
andreādamo	https://andreaadamo.it/	net-error	ENOTFOUND
alpe women shoes	https://www.alpeteam.com/	net-error	ENOTFOUND
99podshop	https://99podshop.co/	dns-dead	NXDOMAIN @1.1.1.1+8.8.8.8
281z	https://281z.store/	dns-flaky	timeout/servfail on both
a perfect jane	https://aperfectjane.com/	dns-flaky	timeout/servfail on both
angel's paris	https://www.angels-paris.com/	dns-dead	NXDOMAIN @1.1.1.1+8.8.8.8
ank	https://www.ankjewellery.art/	http-dead	404
annaut	https://annaut.com/	dns-dead	NXDOMAIN @1.1.1.1+8.8.8.8
a.d.s.r	https://www.adsrfoundation.com/top/	net-error	ENOTFOUND
aatise	https://www.aatise.com/	alive	200
adhoc	https://www.adhocformovingpeople.com/	tls-error	CERT_HAS_EXPIRED
alternative	https://www.alternativeapparel.com/	net-error	ENOTFOUND
am jewelry	https://angelomoretti.be/	net-error	ENOTFOUND
ammehoela	https://www.ammehoela-kids.nl/	net-error	ENOTFOUND
anita bilardi	https://www.anitabilardi.com/en/	net-error	ENOTFOUND
alster vandel	https://alstervandel.com/	net-error	ENOTFOUND
and less	https://www.shopandless.com/	tls-error	CERT_HAS_EXPIRED
88 rue du rhone	http://88rdr.com/	dns-dead	NXDOMAIN @1.1.1.1+8.8.8.8
anse	https://anselinen.com/	dns-dead	NXDOMAIN @1.1.1.1+8.8.8.8
à la garçonne	https://alagarconne.com.br/en	net-error	ENOTFOUND
4you	https://www.4you.de/	net-error	ENOTFOUND
arpenteur	https://www.arpenteur.fr/en/	http-dead	404
apple valley natural soap	https://applevalleynaturalsoap.com/	http-dead	404
amber goes green	http://ambergoesgreen.ca/accessories-collection/	net-error	ENOTFOUND
another sunday	https://anothersunday.com/	alive	200
arnsdorf	https://arnsdorf.com.au/	http-dead	404
5lakes&mt	https://5lakesmt.com/	dns-flaky	timeout/servfail on both
american golf	https://www.americangolf.co.uk/	net-error	ENOTFOUND
anecdote	https://www.anecdote.nl/	dns-dead	NXDOMAIN @1.1.1.1+8.8.8.8
ana sousa	https://www.temperaturaanasousa.com/	blocked	503
acure	http://www.acure.com/	alive	200
a.b.c.l.	https://www.abclgarments.com/	net-error	ENOTFOUND
arcopedico	https://arcopedico.com/en/spring-2021/	net-error	ENOTFOUND
audelia's collection	http://audeliascollection.com/	net-error	ENOTFOUND
adelaide c. ecoage	https://store.adelaidecarta.com/	dns-dead	NXDOMAIN @1.1.1.1+8.8.8.8
aspinal of london	https://www.aspinaloflondon.com/	blocked	403
anyeluz	https://www.anyeluz.com/	alive	200
athison	https://athison.com/en-us	alive	200
aeron	https://aeron.com/	alive	200
adriatica	https://adriaticawatches.ch/	alive	200
asquith london	https://www.asquithlondon.com/	alive	200
a2z beauty	https://www.michaelgiordanointl.com/home	net-error	ENOTFOUND
anchors-n-asteroids	https://www.anchors-n-asteroids.com/	net-error	ENOTFOUND
ayani	https://ayani.co/?oid=375&affid=1&source_id=GoY-rating&sub1=brandpage	alive	200
aure	https://www.aurestudio.com/	tls-error	ERR_SSL_TLSV1_ALERT_INTERNAL_ERROR
b.l.a.h.	https://www.nomoreblah.com/shop/	tls-error	ERR_TLS_CERT_ALTNAME_INVALID
articles of society	https://articlesofsociety.com/	net-error	ENOTFOUND
aaron esh	https://aaronesh.com/	net-error	ENOTFOUND
andrea lucy designs	https://andrealucydesigns.com.au/	net-error	ENOTFOUND
aznar innova s.a.	https://www.aznarinnova.com/en/	net-error	ENOTFOUND
atelier reservé	https://shop.reserveboys.com/	alive	200
artelusa	https://artelusa.pt/	net-error	ENOTFOUND
anaconda	https://www.anacondastores.com/	net-error	ENOTFOUND
az factory	https://www.azfactory.com/	net-error	ENOTFOUND
aubercy	https://www.aubercy.com/	alive	200
atelje dr jewelry	https://www.atelje-dr.si/	alive	200
aw lab	https://en.aw-lab.com/	alive	200
atwater	https://www.atwaterskin.com/	alive	200
aroma prodigy	http://www.aromaprodigy.com/	net-error	ENOTFOUND
badgley mischka	https://www.badgleymischka.com/	alive	200
avatim	https://www.avatim.com.br/	blocked	403
aramore skincare	http://aramoreskincare.com/	alive	200
arivastreetwear	https://arivastreetwear.com/	net-error	ENOTFOUND
backstage make-up	https://backstage-makeup.de/	net-error	ENOTFOUND
accessoire diffusion	https://www.accessoire-diffusion.com/	net-error	ENOTFOUND
armani jeans	https://www.armani.com/ru/armanijeans	net-error	ENOTFOUND
ascention parfums	http://ascentionbeautyco.com/	net-error	ENOTFOUND
australian	https://www.australian.nl/	alive	200
awdis ecologie	https://ecologiebyawdis.com/	tls-error	ERR_TLS_CERT_ALTNAME_INVALID
aob products	http://www.aobproducts.ca/	net-error	ENOTFOUND
at.p.co	https://www.atpco.it/	tls-error	ERR_SSL_SSL/TLS_ALERT_HANDSHAKE_FAILURE
absolutely bear	https://www.absolutelybear.com/	net-error	ENOTFOUND
aiste anaite	https://www.aisteanaite.com/en/	net-error	ENOTFOUND
awave awake	https://www.awaveawake.com/	net-error	ENOTFOUND
akuna swimwear	https://www.akunaswimwear.com.au/	dns-dead	NXDOMAIN @1.1.1.1+8.8.8.8
abun	http://abun-global.com/	alive	200
astley clarke	https://www.astleyclarke.com/	net-error	ENOTFOUND
atlantic blankets	https://www.atlanticblankets.com/	alive	200
affix works	https://affix-works.com/	alive	200
ballantyne cashmere spa	https://www.ballantyne.it/	net-error	ENOTFOUND
auli skin	https://www.auliskin.com/	net-error	ENOTFOUND
avarcas menorquinas	https://www.avarcas.com/	alive	200
adriana degreas	https://shop.adrianadegreas.com/	net-error	ENOTFOUND
babybear	https://babybear.lk/	net-error	ENOTFOUND
arthur knight	https://arthurknight.com/	net-error	ENOTFOUND
afflecks	https://www.afflecks.com/	net-error	ENOTFOUND
aethera	https://www.aethera.com.au/	net-error	ENOTFOUND
ashanti naturals	https://ashantinaturals.com/	alive	200
airtox	https://airtox.dk/	alive	200
arsène et les pipelettes	https://www.arseneetlespipelettes.com/	alive	200
arboré.	https://www.arbore-studios.de/	alive	200
as we are now	https://aswearenow.co/?oid=389&affid=1&source_id=GoY-rating&sub1=brandpage	alive	200
adya designs	https://adyadesigns.in/	net-error	ENOTFOUND
baby bum	https://www.sunbum.com/pages/baby-bum	alive	200
aemmi	https://www.ae-mmi.com/	net-error	ENOTFOUND
aizea	https://www.aizea-paris.com/	net-error	ENOTFOUND
agnès b.	https://agnesb.fr/	blocked	403
arizona love	https://www.arizonalove.store/	alive	200
ayurveda sutra co	https://www.ayurvedasutra.co/	net-error	ENOTFOUND
age of innocence	https://www.age-of-innocence.com/	net-error	ENOTFOUND
au vieux campeur	https://www.auvieuxcampeur.fr/	net-error	ENOTFOUND
atzen superior to organic® skin care	https://atzen.com/	alive	200
agolde	https://agolde.com/	net-error	ENOTFOUND
aurelia	https://shopforaurelia.com/	net-error	ENOTFOUND
atm	https://atmcollection.com/	net-error	ENOTFOUND
auralee	https://auralee.jp/	net-error	ENOTFOUND
aware hair	https://awarehair.com/	net-error	ENOTFOUND
balenciaga	https://www.balenciaga.com/	net-error	ENOTFOUND
atmosea	https://atmosea.com.au/	alive	200
ak custom jewelers	https://akjewelers.com/	net-error	ENOTFOUND
azizi	https://www.soraya-azizi.com/	net-error	ENOTFOUND
atp atelier	https://atpatelier.com/	alive	200
airpaq	https://www.airpaq.de/	net-error	ENOTFOUND
aerie	https://www.ae.com/	alive	200
agua bendita	https://www.aguabendita.com.co/	net-error	ENOTFOUND
barker	https://eu.barkershoes.com/	alive	200
akça holding company	http://www.akcaholding.com/	alive	200
artichoke	https://artichokebags.com/	net-error	ENOTFOUND
adam lippes	https://adamlippes.com/	alive	200
armata di mare	https://www.armatadimare.com/	tls-error	CERT_HAS_EXPIRED
banjanan	https://banjanan.com/	alive	200
b sides	https://bsidesjeans.com/	alive	200
babymel	http://www.babymel.com/	net-error	ENOTFOUND
babycare	https://www.babycarestores.in/	alive	200
aster & oak	https://www.asterandoak.com.au/?oid=352&affid=1&source_id=GoY-rating&sub1=brandpage	alive	200
aussie disposals	https://www.aussiedisposals.com.au/	alive	200
aspesi	https://www.aspesi.com/	net-error	ENOTFOUND
abyl	https://aybl.com/	net-error	ENOTFOUND
azulu	https://azulu.com/en/home/	http-dead	404
badawii beachwear	https://badawiibeachwear.com/	alive	200
azure	http://www.azureskincare.com/	net-error	ENOTFOUND
adidas	https://www.adidas.com/	net-error	ENOTFOUND
apranga  ab	http://www.apranga.lt/	alive	200
baileys	https://www.baileys.nl/	net-error	ENOTFOUND
aro	https://aroshoes.com/	net-error	ENOTFOUND
adish	http://www.adishstudios.com/en/home/a/main/	alive	200
autumn adeigbo	https://autumnadeigbo.com/	net-error	ENOTFOUND
aristocrazy	https://www.aristocrazy.com/	net-error	ENOTFOUND
baiia	https://www.baiia.com.au/	alive	200
avail	http://www.shimamura.gr.jp/avail/	alive	200
aiir professional	https://aiirprofessional.com/	net-error	ENOTFOUND
adriana iglesias	https://adrianaiglesias.com/	net-error	ENOTFOUND
barney cools	https://barneycools.com/	net-error	ENOTFOUND
aday	https://www.thisisaday.com/	http-dead	423
beiersdorf	https://www.beiersdorf.com/	net-error	ENOTFOUND
ahlvar gallery	https://ahlvar.com/	net-error	ENOTFOUND
against all odds	https://www.againstallodds.shop/	net-error	ENOTFOUND
agonswim	http://www.agonswim.com/	alive	200
ashuhari	https://www.ashuhari.shop/	alive	200
artlove	https://www.artlove.fr/	net-error	ENOTFOUND
aventura	https://aventuraclothing.com/	net-error	ENOTFOUND
baby-g	https://www.baby-g.com/	blocked	403
athari wear	https://athariwear.com/	net-error	ENOTFOUND
arioseyears	https://arioseyears.com/	net-error	ENOTFOUND
avesso	https://www.avesso.com/	net-error	ENOTFOUND
after label	https://www.afterlabel.com/	net-error	ENOTFOUND
aisle5	http://www.aisle5skin.com/	net-error	ENOTFOUND
artida oud	https://www.artidaoud.com/	alive	200
adolfo dominguez	https://www.adolfodominguez.com/	alive	200
aspen glow	http://aspenglowco.com/	alive	200
backes & strauss	https://www.backesandstrauss.com/	net-error	ENOTFOUND
aveda	https://www.aveda.ca/	net-error	ENOTFOUND
bal	https://baloriginal.com/	alive	200
baggage factory	https://www.baggagefactory.co.uk/	net-error	ENOTFOUND
asportuguesas	https://asportuguesas.shoes/	alive	200
aetrex	https://www.aetrex.com/	alive	200
armani exchange	https://www.armaniexchange.com/	tls-error	CERT_HAS_EXPIRED
balr.	https://www.balr.com/	alive	200
alala	https://alalastyle.com/	alive	200
b.yellowtail	https://byellowtail.com/	alive	200
b. belt	https://www.b-belt.fashion/	tls-error	ERR_SSL_TLSV1_ALERT_INTERNAL_ERROR
aubrie	https://aubrie.com.au/	net-error	ENOTFOUND
axess wallets	https://www.axesswallets.com/	alive	200
bali lash	http://www.balilash.com/	net-error	ENOTFOUND
baje studio	https://bajestudio.com/	alive	200
bamba	https://www.bambaswim.com/	alive	200
arquiste	https://arquiste.com/	net-error	ENOTFOUND
arzukara	https://www.arzukara.com/	net-error	ENOTFOUND
asceno	https://www.asceno.com/	alive	200
basile	https://www.basileitalia.com/fashion/il-marchio-basile/	net-error	ENOTFOUND
alcott	https://www.alcott.eu/	net-error	ENOTFOUND
agave healing oil	http://www.agaveoil.com/	net-error	ENOTFOUND
aktivoptik	https://www.aktivoptik.de/	net-error	ENOTFOUND
atmosphere	https://www.atmosphere.ca/en.html	net-error	ENOTFOUND
babo botanicals	http://www.babobotanicals.com/	alive	200
arctic bay	https://arctic-bay.ca/	net-error	ENOTFOUND
be a 10	http://www.bea10.com/	net-error	ENOTFOUND
ayeya	https://ayeya.com/	tls-error	CERT_HAS_EXPIRED
atelier rebul	https://www.atelierrebul.com.tr/	net-error	ENOTFOUND
alaffia	http://www.alaffia.com/	alive	200
asuyama	https://asuyama.com/	alive	200
baleno	https://www.baleno.com/	alive	200
bardot	https://www.bardot.com/	net-error	ENOTFOUND
bb sheep	https://www.bbsheep.com/	net-error	ENOTFOUND
babystyling	https://www.babystyling.com/	net-error	ENOTFOUND
akro	https://akrofragrances.com/	net-error	ENOTFOUND
adia	https://www.adiafashion.dk/	net-error	ENOTFOUND
ashara jewels	https://asharajewels.com/	alive	200
akris	http://www.akris.ch/	net-error	ENOTFOUND
baggins	https://bagginsbags.com/	dns-dead	NXDOMAIN @1.1.1.1+8.8.8.8
base london	https://www.baselondon.com/	net-error	ENOTFOUND
alexandre vauthier	https://www.alexandrevauthier.com/en/	http-dead	402
aevor	https://www.aevor.com/	alive	200
barbella co.	http://barbellaco.com/	net-error	ENOTFOUND
bape	https://int.bape.com/	net-error	ENOTFOUND
balm n calm	https://balmncalm.com/	net-error	ENOTFOUND
aviation88	https://www.aviation88.co.uk/	http-dead	404
åhléns	https://www.ahlens.se/	alive	200
agatha	https://www.agatha.fr/	alive	200
atelier de famille	https://www.atelierdefamille.fr/	alive	200
be-with	https://bewithclothing.com/	alive	200
army and air force exchange service	https://www.shopmyexchange.com/	alive	200
bassike	https://intl.bassike.com/	dns-flaky	timeout/servfail on both
barnyardstorm	https://www.adastria.co.jp/brands/barnyardstorm/	dns-flaky	timeout/servfail on both
atunas	https://www.atunas.com.tw/	dns-flaky	timeout/servfail on both
afends	https://afends.com/?oid=46&affid=1&source_id=GoY-rating&sub1=brandpage	alive	200
baserange	https://www.baserange.net/	alive	200
avon products inc.	https://my.avon.ru/	net-error	UND_ERR_CONNECT_TIMEOUT
aigner	https://www.aignermunich.de/	net-error	ENOTFOUND
balm baby	http://www.taylorsnatural.com/	net-error	ENOTFOUND
basic rights	https://www.basicrights.com/	net-error	ENOTFOUND
belt fashion	https://beltfashion.nl/	net-error	ENOTFOUND
alexandra svendsen	https://www.alexandrasvendsen.de/	alive	200
avirex japan	https://www.avirex-usa.com/	net-error	ENOTFOUND
attesa	https://www.attesa.it/	net-error	ENOTFOUND
babyone	https://www.babyone.de/	net-error	ENOTFOUND
baldessarini	https://www.baldessarini.com/	alive	200
beatrice valenzuela	https://beatricevalenzuela.com/	net-error	ENOTFOUND
baiwuxi	https://weibo.com/baiwuxi	alive	200
avia	http://www.avia.com/	net-error	ENOTFOUND
batsheva	https://www.batsheva.com/	net-error	ENOTFOUND
billykirk	https://www.billykirk.com/	net-error	ENOTFOUND
bampidano	https://www.bampidano.com/	tls-error	ERR_TLS_CERT_ALTNAME_INVALID
banks journal	https://banksjournal.com/	net-error	ENOTFOUND
b.bld llc	https://bbld.fun/	alive	200
alan red	http://www.alanred.com/	alive	200
aevi wellness	http://aeviwellness.com/	net-error	ENOTFOUND
bayankala	http://www.bayankala.com/	net-error	ENOTFOUND
bannedla	https://ruinmylife.la/	net-error	ENOTFOUND
beauregard	https://beauregard.ch/	net-error	ENOTFOUND
akola	https://akola.co/	net-error	ENOTFOUND
aiayu	https://aiayu.com/	net-error	ENOTFOUND
bella bliss	https://klarandco.com/	net-error	ENOTFOUND
babymocs	https://babymocs.com/	alive	200
befree	https://befree.ru/	net-error	ENOTFOUND
bally	http://www.bally.eu/	alive	200
bertoni	https://www.bertoni.com/	tls-error	ERR_TLS_CERT_ALTNAME_INVALID
alexander wang	https://www.alexanderwang.com/	alive	200
bedhead pajamas	https://bedheadpjs.com/	net-error	ENOTFOUND
belair	https://www.belair-paris.fr/	net-error	ENOTFOUND
bean pole international	http://www.beanpole.com/	alive	200
bathsheba	https://bathshebarituals.com/	net-error	ENOTFOUND
barbarossa moratti	https://www.barbarossamoratti.com/	net-error	ENOTFOUND
barocco tribal	https://www.baroccotribal.com/	net-error	ENOTFOUND
abbot kinney apothecary	https://abbotkinneyapothecary.com/	net-error	ENOTFOUND
afriek	https://afriek.com/	alive	200
article22	https://article22.com/?oid=52&affid=1&source_id=GoY-rating&sub1=brandpage	net-error	ENOTFOUND
athleta inc	https://athleta.gap.com/	alive	200
alessandro zavetti	https://www.zavetti.com/	alive	200
aoyama tailor	https://www.y-aoyama.jp/	alive	200
après studio	https://apresstudio.com.au/	net-error	ENOTFOUND
bask in the sun	https://www.baskinthesun.fr/	net-error	ENOTFOUND
be pure dutch	https://bepure-dutch.com/	net-error	ENOTFOUND
aya sacred wear	https://aya.eco/	alive	200
akubra hats	https://akubra.com.au/	alive	200
basler	https://www.basler-fashion.com/	net-error	ENOTFOUND
be camaïeu	http://www.camaieu.com/	blocked	403
al ambra	https://alambraperfumes.com/	net-error	ENOTFOUND
alex de pase	http://www.alexdepase.eu/	net-error	ENOTFOUND
avec les filles	https://aveclesfilles.com/	alive	200
beton ciré	https://betonxcire.com/	alive	200
bear naked pickleball	http://bearnakedpickleball.com/	alive	200
bared footwear	https://baredfootwear.pxf.io/R0Z47g	net-error	ENOTFOUND
badimyon	https://www.badimyon.com/	net-error	ENOTFOUND
afroblonde	https://afroblonde.com.au/	net-error	ENOTFOUND
alexandria professional	http://www.alexandriaprofessional.com/	net-error	ENOTFOUND
bcf	https://www.bcf.com.au/	net-error	ENOTFOUND
becci boo's custom shoes	https://beccibooscustomshoes.com/	net-error	ENOTFOUND
ayten gasson	https://www.aytengasson.com/	net-error	ENOTFOUND
biologist-mood	https://biologist-mood.fr/	alive	200
aimer	https://aimeronline.com/	net-error	ENOTFOUND
beaumont organic	https://beaumontorganic.com/	net-error	ENOTFOUND
alejandra alonso rojas	https://www.alejandraalonsorojas.com/	net-error	ENOTFOUND
baliene	https://baliene.com/	alive	200
atmos pink	https://www.atmos-pink.com/	net-error	ENOTFOUND
bearpaw	https://www.bearpaw.com/	net-error	ENOTFOUND
bi-mart	http://www.bimart.com/	net-error	ENOTFOUND
agella beauty	https://www.agellabeauty.com/	net-error	ENOTFOUND
beautitionary	http://beautitionary.com/	alive	200
belair paris	https://www.belair-paris.fr/	net-error	ENOTFOUND
bibi lou	https://www.bibilou.es/	net-error	ENOTFOUND
beldona	https://www.beldona.com/	net-error	ENOTFOUND
ahirain	https://www.ahirain.com/	net-error	ENOTFOUND
aurlex tees	https://www.aurlextees.com/	http-dead	423
aeonia by delavie sciences	http://www.delaviesciences.com/	alive	200
bata	https://www.bata.in/	net-error	ENOTFOUND
benfica official store	https://www.slbenfica.pt/	net-error	ENOTFOUND
auricoste	http://www.auricoste.fr/	net-error	ENOTFOUND
billini	https://www.billini.com/	net-error	ENOTFOUND
bernie mev new york	https://www.berniemev.eu/	net-error	ENOTFOUND
bellfield	https://www.bellfieldclothing.com/	net-error	ENOTFOUND
alighieri	https://www.alighieri.com/	net-error	ENOTFOUND
bathu	https://www.bathu.co.za/	net-error	ENOTFOUND
bambu earth	https://bambuearth.com/	net-error	ENOTFOUND
bonprix	https://bonprix.com/	net-error	ENOTFOUND
authentic	http://www.authentichemp.com/	net-error	ENOTFOUND
auromère	https://www.auromere.com/	net-error	ENOTFOUND
aldridges	https://www.englishmadebelts.co.uk/	alive	200
awg-modecenter	https://www.awg-mode.de/	net-error	ENOTFOUND
bexley	https://www.bexley.fr/	net-error	ENOTFOUND
benibeca	http://www.benibeca.com/	net-error	ENOTFOUND
alida pure	http://www.alidapurebodycare.com/	net-error	ENOTFOUND
alcina	https://www.alcina.de/	net-error	ENOTFOUND
belwest	https://belwest.ru/	alive	200
alder	https://www.alderapparel.com/	net-error	ENOTFOUND
alghabra parfums	https://alghabra-parfums.com/	net-error	ENOTFOUND
audimas  ab	https://www.audimas.lt/	net-error	ENOTFOUND
berner kühl	https://bernerkuhl.com/	net-error	ENOTFOUND
bielenda group	https://bielenda.pl/	net-error	ENOTFOUND
bellabeautebar llc	https://bellabeautebar.com/	net-error	ENOTFOUND
black pepper clothing	https://www.blackpepper.com.au/	net-error	ENOTFOUND
beauty formulation ltd	https://www.beautyformulation.com/	alive	200
b-well	https://www.karl-rieker-online-shop.de/	net-error	ENOTFOUND
bisgaard	https://www.bisgaardshoes.com/	alive	200
beams	https://www.beams.co.jp/	net-error	ENOTFOUND
beaverbrooks	https://www.beaverbrooks.co.uk/	alive	200
billieblush	https://www.kidsaround.com/	alive	200
benlai	http://www.benlaishop.com/	alive	200
beckett simonon	https://www.beckettsimonon.com/	net-error	ENOTFOUND
berkner	https://berkner.pl/en/	net-error	ENOTFOUND
bellabu bear	https://bellabubear.com/	net-error	ENOTFOUND
avavav	https://avavav.com/	alive	200
arei outdoor gear	https://areioutdoorgear.co.id/	net-error	ENOTFOUND
alinari-firenze	https://www.alinarifirenze.com/	net-error	ENOTFOUND
bergstein	https://www.bergsteinfootwear.com/	net-error	ENOTFOUND
baby phat	https://babyphat.com/	net-error	ENOTFOUND
alexandra mor	https://www.alexandramor.com/	alive	200
bdk parfums	https://bdkparfums.com/	net-error	ENOTFOUND
bess	https://www.b-e-s-s.com/	net-error	ENOTFOUND
bav tailor	https://bavtailor.com/	net-error	ENOTFOUND
berwich	http://www.berwich.com/	alive	200
bilboa	https://bilboa.com.au/	alive	200
benyamin apoo	https://benyaminapoo.com/	net-error	ENOTFOUND
bbp	http://bbpbx.shop-pro.jp/	net-error	ENOTFOUND
bealls	https://www.beallsinc.com/	alive	200
birdhichand ghanshyamdas	http://www.birdhichand.com/	alive	200
beneunder	https://shop.beneunder.com/	net-error	ENOTFOUND
biofor campus	https://campus.biofor.hu/	alive	200
blom fashion	https://blomfashion.com/	alive	200
ascension swim	https://ascensionswim.com/	net-error	ENOTFOUND
bandi vamos	https://www.bandi.cz/	net-error	ENOTFOUND
bāeo	http://www.baeo.com/	net-error	ENOTFOUND
athleta	https://www.athleta.com/	net-error	ENOTFOUND
bed|stü	https://www.bedstu.com/	net-error	ENOTFOUND
better & better	http://www.betterandbetter.com/	alive	200
akyn	https://www.akyn.com/?oid=364&affid=1&source_id=GoY-rating&sub1=brandpage	net-error	ENOTFOUND
barks & beauty aesthetics	https://barksandbeautyaesthetics.com/	alive	200
bleusalt	https://bleusalt.com/	alive	200
alex mill	https://www.alexmill.com/	alive	200
billabong	http://www.billabongbiz.com/	net-error	ENOTFOUND
boathouse	https://www.shoptheboathouse.com/	alive	200
beau ties	https://www.beautiesltd.com/	net-error	ENOTFOUND
bethany williams	http://www.bethany-williams.com/	net-error	ENOTFOUND
biodermal	https://www.biodermal.nl/	alive	200
bcbgmaxazria	https://bcbg.com/	alive	200
bench	https://www.bench.co.uk/	net-error	ENOTFOUND
blackmilk clothing	https://blackmilkclothing.com/	alive	200
bissú cosméticos	https://bissu.com/	alive	200
bailey nelson	https://baileynelson.com/	net-error	ENOTFOUND
blukey	https://www.blukey.it/	net-error	ENOTFOUND
better botanicals	http://www.betterbotanicals.com/	net-error	ENOTFOUND
beaumont	https://www.beaumont.eu/	net-error	ENOTFOUND
artuyt	https://artuyt.com/	net-error	ENOTFOUND
baodao optical	http://www.baodao.com.cn/	net-error	ENOTFOUND
aki choklat studio	http://www.akichoklat.com/	http-dead	404
bela beauty college	https://belabeautycollege.com/	net-error	ENOTFOUND
bedat & co	http://www.bedat.com/	alive	200
bee factor natural cosmetics	https://beefactor.gr/	alive	200
beyou geraldine alasio	https://www.beyou-geraldinealasio.com/	alive	200
algo bonito	https://algo-bonito.com/	net-error	ENOTFOUND
blackstone footwear	https://www.blackstonefootwear.com/	net-error	ENOTFOUND
bikinikloset	https://www.bikinikloset.com/	net-error	ENOTFOUND
avirex	https://www.avirex.com/	alive	200
bonobo	https://bonobos.com/	net-error	ENOTFOUND
alegria b.	https://alegriab.com/	net-error	UND_ERR_CONNECT_TIMEOUT
autumn cashmere	https://www.autumncashmere.com/	blocked	403
ader error	https://adererror.com/	net-error	ENOTFOUND
bohemian mama	https://www.bohemianmama.com/?_vsrefdom=adwords%3Futm_source%3DGoodOnYou+App	net-error	ENOTFOUND
black white beige	https://www.blackwhitebeige.com/	alive	200
bazargan global llp	https://www.bazarganglobal.com/	dns-dead	NXDOMAIN @1.1.1.1+8.8.8.8
bolso	https://www.bolsobags.com/	dns-dead	NXDOMAIN @1.1.1.1+8.8.8.8
black orchid denim	https://blackorchiddenim.com/	alive	200
big lots	https://www.biglots.com/	net-error	ENOTFOUND
billionaire	https://www.billionaire.com/uk/home	net-error	redirect count exceeded
bcakes llc	http://www.bcakesllc.com/	net-error	ENOTFOUND
big w	https://www.bigw.com/	net-error	ENOTFOUND
aiifos	https://www.aiifos.com/	alive	200
beachlife	https://beachlife.com/en/	alive	200
bella freud	https://bellafreud.com/	net-error	ENOTFOUND
brams paris	https://www.bramsparis.com/	alive	200
blenzo	https://www.blenzoshoes.com/	net-error	ENOTFOUND
bepon	https://www.bepon.sk/	net-error	ENOTFOUND
admire my skin	https://www.admiremyskin.com/	alive	200
beekind	https://www.gilchristsoames.com/collections/beekind.html	net-error	ENOTFOUND
bhumi	https://bhumi.com.au/?oid=260&affid=1&source_id=GoY-rating&sub1=brandpage	net-error	ENOTFOUND
bossini	https://www.bossini.com/	net-error	ENOTFOUND
bottega veneta	https://www.bottegaveneta.com/	alive	200
berenice	https://www.berenice.net/	alive	200
beatrice .b	https://www.beatriceb.it/	net-error	ENOTFOUND
berghen	https://www.berghen.com/	net-error	ENOTFOUND
bates	https://www.batesfootwear.com/	net-error	ENOTFOUND
alex m. lynch	https://www.alexmlynch.com/	tls-error	ERR_SSL_SSL/TLS_ALERT_HANDSHAKE_FAILURE
beauty by earth	https://beautybyearth.com/	alive	200
ben bridge jeweler	https://www.benbridge.com/	alive	200
berdoues	https://berdoues.com/	net-error	ENOTFOUND
baeblu	http://www.baeblu.com/	net-error	ENOTFOUND
aexae	https://www.aexae.com/	net-error	ENOTFOUND
behno	https://behno.com/	net-error	ENOTFOUND
bulldog natural skincare	http://www.bulldogskincare.com/	net-error	ENOTFOUND
bite	https://bitestudios.com/	http-dead	402
biosilk	https://biosilk.com/	net-error	ENOTFOUND
bhima jewellers	https://www.bhima.in/	net-error	ENOTFOUND
bask suncare	http://www.basksuncare.com/	alive	200
bastet noir	https://bastetnoir.myshopify.com/?oid=39&affid=1&source_id=GoY-rating&sub1=brandpage	alive	200
bogs	https://www.bogsfootwear.com/	net-error	ENOTFOUND
all about audrey	https://allaboutaudrey.co.uk/	net-error	ENOTFOUND
body soup for the soul	http://www.bodysoupforthesoul.com/	net-error	ENOTFOUND
bijoux cailloux	https://bijouxcailloux.fr/	net-error	ENOTFOUND
batoner	https://www.batoner.com/	net-error	ENOTFOUND
binda italia	http://www.bindagroup.com/	net-error	ENOTFOUND
belnu	https://belnu.com/	net-error	ENOTFOUND
befeni	https://www.befeni.com/	net-error	ENOTFOUND
blfd	https://blfdclothing.com/	http-dead	404
bob's stores	https://www.bobstores.com/v	http-dead	404
b nosy	https://www.b-nosy.com/	net-error	ENOTFOUND
belchou's	https://www.belchous.com/	net-error	ENOTFOUND
be bare	https://naisture.com/pages/bebareus	net-error	ENOTFOUND
blood brother	https://www.blood-brother.com/	net-error	ENOTFOUND
blufin	http://www.blufin.it/#/en/	net-error	ENOTFOUND
bleue burnham	https://bleueburnham.com/	net-error	ENOTFOUND
basefield	https://www.basefield.de/	net-error	ENOTFOUND
bella beauty	https://klarandco.com/	net-error	ENOTFOUND
blake seven	https://www.blake-seven.com/	tls-error	ERR_TLS_CERT_ALTNAME_INVALID
black iris	https://shopblackiris.com/	net-error	ENOTFOUND
bloomings	https://www.bloomings.eu/	net-error	ENOTFOUND
balibaris	https://www.balibaris.com/	net-error	ENOTFOUND
berghaus	https://int.berghaus.com/	net-error	ENOTFOUND
alchemist	https://www.alchemist-fashion.com/	alive	200
black velvet circus	https://www.blackvelvetcircus.com/	alive	200
berlin skin	http://www.berlinskin.com/	alive	200
bravado designs	https://www.bravadodesigns.com/	alive	200
beecos	http://beecosbeauty.com/	net-error	ENOTFOUND
betsey johnson	https://betseyjohnson.com/	alive	200
booda organics	http://www.boodaorganics.com/	alive	200
bl'eau	http://www.bleaubeauty.com/	net-error	ENOTFOUND
bijou brigitte	https://www.bijou-brigitte.com/	net-error	ENOTFOUND
bobux	https://www.bobux.eu/	net-error	UND_ERR_CONNECT_TIMEOUT
baabuk	https://www.baabuk.com/	net-error	ENOTFOUND
back beat co.	https://backbeat.co/	tls-error	CERT_HAS_EXPIRED
boohoo group	https://www.boohoo.com/	net-error	ENOTFOUND
biankina	https://biankina.com/	net-error	ENOTFOUND
blackhorse lane ateliers	https://blackhorselane.com/	alive	200
baabushka	https://www.baabushka.com/	alive	200
bioderma	https://www.bioderma.jp/	alive	200
botana	https://botanabedding.com/	alive	200
begley's	http://begleysbest.com/	alive	200
bimba y lola	https://www.bimbaylola.com/	net-error	ENOTFOUND
bram's fruit	https://bramsfruit.com/	net-error	ENOTFOUND
bricktown	https://www.bricktownworld.com/	net-error	ENOTFOUND
bickley + mitchell	https://bickleyandmitchell.com/	net-error	ENOTFOUND
bloomshell	https://bloomshell.co/	net-error	ENOTFOUND
blazoer	http://www.blazoer.com/	alive	200
big bazaar - ffb	https://shop.bigbazaar.com/	net-error	ENOTFOUND
azmera skin care	http://www.azmera-skin.com/	net-error	ENOTFOUND
brihans natural products	https://brihansnatural.com/	net-error	ENOTFOUND
bernstock speirs	https://bernstockspeirs.com/	net-error	ENOTFOUND
carlijnq	https://carlijnq.nl/	http-dead	404
belle	https://www.belleintl.com/	net-error	ENOTFOUND
akiseo	https://akiseohats.com/	alive	200
briglia blu	https://www.briglia1949.com/	net-error	ENOTFOUND
beetles gel polish	https://www.beetlesgel.com/	alive	200
alife and kickin	https://www.alifeandkickin.com/	net-error	ENOTFOUND
björn borg footwear	https://www.bjornborg.com/	net-error	ENOTFOUND
bizz x siss	https://bizzxsiss.com/	dns-dead	NXDOMAIN @1.1.1.1+8.8.8.8
brow art 23	https://browart23.com/	net-error	ENOTFOUND
beira	https://beira.scot/	alive	200
buccellati holding italia	https://www.buccellati.com/	alive	200
buddica	https://www.buddica.com/	net-error	ENOTFOUND
castro	https://www.castro.com/	alive	200
by walid	https://www.bywalid.co.uk/	dns-dead	NXDOMAIN @1.1.1.1+8.8.8.8
black fashion	https://www.blackfashionbrand.com/nl/	net-error	ENOTFOUND
aleem yusuf	https://aleemyusuf.com/	tls-error	ERR_SSL_WRONG_VERSION_NUMBER
böhmer schuhe	https://www.boehmer-schuhe-ludwigsburg.de/	alive	200
agent p	https://www.agentpnyc.com/	net-error	ENOTFOUND
boody	https://boodywear.co.za/	alive	200
bentalls	http://www.bentalls.co.uk/	alive	200
black & brown	https://www.black-brown.com/	alive	200
alfonsi	https://www.alfonsimilano.com/	tls-error	ERR_TLS_CERT_ALTNAME_INVALID
better rich	https://www.better-rich.com/	alive	200
brandit	https://www.brandit-wear.com/	net-error	ENOTFOUND
breeze	https://www.fo-kids.co.jp/shop/breeze/	alive	200
bonne suits	https://bonnelife.com/	net-error	ENOTFOUND
bluebuck	https://bluebuck.net/?oid=267&affid=1&source_id=GoY-rating&sub1=brandpage	alive	200
biotechbeauty	https://biotechbeautyus.com/	net-error	ENOTFOUND
blackstone	https://www.blackstonefootwear.com/en/	net-error	ENOTFOUND
bershka	https://www.bershka.com/	net-error	ENOTFOUND
bellaire	http://bellaire.nl/	net-error	ENOTFOUND
busnel	https://www.busnel.com/	net-error	ENOTFOUND
blush	http://mattercompany.com/	alive	200
beth richards	https://www.bethrichards.com/	alive	200
borneo paris	https://www.borneo-paris.com/?oid=362&affid=1&source_id=GoY-rating&sub1=brandpage	net-error	ENOTFOUND
bukuro	https://www.mybukuro.com/	alive	200
brbl	https://www.brbl.net/	net-error	ENOTFOUND
bf moda fashion	https://bfmodafashion.com/	net-error	ENOTFOUND
brow bandit	http://browbandit.com/	net-error	ENOTFOUND
breastflower	https://www.breastflower.com/	net-error	ENOTFOUND
berkelmans	https://www.berkelmans.nl/	net-error	ENOTFOUND
benetton	http://www.benetton.com/	net-error	ENOTFOUND
blume	http://blume.com/	net-error	ENOTFOUND
bejou	https://bejou.co/	alive	200
belk	https://www.belk.com/	alive	200
belly's candle co.	http://www.bellyscandleco.com/	net-error	ENOTFOUND
billion dollar beauty	http://billiondollarbeauty.com/	net-error	ENOTFOUND
bella vida santa barbara	http://www.bellavidasb.com/	alive	200
blanche cph	https://blanchecph.com/	net-error	ENOTFOUND
british knights	https://www.britishknights.com/	alive	200
bonobos	https://bonobos.com/	net-error	ENOTFOUND
bring	https://bring.org/	net-error	ENOTFOUND
body b beautiful	http://www.bodybbeautiful.com/	alive	200
brenda zaro	https://www.brendazaro.com/	alive	200
black moon cosmetics	http://www.blackmooncosmetics.com/	alive	200
boho and bowie	https://bohoandbowie.com/	alive	200
blipers	http://www.blipers.it/	net-error	ENOTFOUND
beyond pure	http://beyondpure.ca/	net-error	ENOTFOUND
bora bora	https://www.bora-bora.es/	dns-dead	NXDOMAIN @1.1.1.1+8.8.8.8
blooh	https://www.blooh.co/	net-error	ENOTFOUND
boomba	https://getboomba.com/	net-error	ENOTFOUND
boldwill	https://www.boldwill.com/?oid=266&affid=1&source_id=GoY-rating&sub1=brandpage	alive	200
besson shoes	https://www.besson-shoes.com/	net-error	ENOTFOUND
by parra	https://www.byparra.us/	alive	200
balsais	https://balsais.com/	net-error	ENOTFOUND
before	https://beforecompany.com/	alive	200
billebeino	https://www.billebeino.com/	alive	200
bruno magli	https://www.brunomagli.com/	alive	200
aldo martins	https://www.aldomartins.com/	net-error	ENOTFOUND
bodymed formulations	https://www.bodymedproducts.com/pages/bodymed-formulations	alive	200
bella | ha	https://bellaha.com/	alive	200
baume et mercier	https://www.baume-et-mercier.com/	net-error	ENOTFOUND
california naturals	http://thecalifornianaturals.com/	alive	200
breil	https://www.breil.com/	alive	200
casely-hayford	https://casely-hayford.com/	alive	200
black yak	http://www.blackyak.com/	net-error	ENOTFOUND
bobo global	https://boboglobal.com/	net-error	ENOTFOUND
brilleland	https://www.brilleland.no/	alive	200
boho aromatic	http://www.bohoaromatic.com/	net-error	ENOTFOUND
beverly hills md	http://beverlyhillsmd.com/	net-error	ENOTFOUND
bohemian dream	https://bohemiandream.in/	net-error	ENOTFOUND
barone	https://www.baronefirenze.com/	net-error	ENOTFOUND
bourrienne paris	https://www.bourrienne.com/	net-error	ENOTFOUND
buffout	https://buffout.life/	net-error	ENOTFOUND
burberry	https://uk.burberry.com/	alive	200
calzeat	https://www.calzeat.com/	net-error	ENOTFOUND
british passport	https://britishpassport.it/en	net-error	ENOTFOUND
bronx	https://bronxshoes.com/en/	net-error	ENOTFOUND
boux avenue	https://www.bouxavenue.com/	net-error	ENOTFOUND
beauty pie	https://www.beautypie.com/	alive	200
brunnaco	https://www.brunnaco.com/	net-error	ENOTFOUND
bootlegger	https://www.bootlegger.com/	net-error	ENOTFOUND
bbase	https://bbase.com.hk/	alive	200
braun büffel	https://www.braun-bueffel.com/	net-error	ENOTFOUND
calzaturificio marino fabiani	https://marinofabiani.com/azienda/	alive	200
björn borg	https://bjornborg.com/	net-error	ENOTFOUND
bn3th	https://www.bn3th.com/	alive	200
blijdesteijn	http://blijdesteijn.nl/	net-error	ENOTFOUND
bitte kai rand	https://www.bittekairand.com/	net-error	ENOTFOUND
boyzz only	http://www.boyzzonly.com/	net-error	ENOTFOUND
buddha to buddha	https://www.buddhatobuddha.com/	net-error	ENOTFOUND
bugatti	https://www.bugatti-fashion.com/	net-error	ENOTFOUND
bewildher fitwear	https://www.bewildher.com/	net-error	ENOTFOUND
brunocenere	https://brunocenere.com/	net-error	ENOTFOUND
beth & jeni	https://www.bethyjeni.com/	net-error	ENOTFOUND
blueport	https://www.blueport.de/	alive	200
by the way  your hair looks fabulous	http://www.thebtwco.com/	net-error	ENOTFOUND
boni-moriya	http://boni-moriya.com/	dns-dead	NXDOMAIN @1.1.1.1+8.8.8.8
british vintage boxing	https://www.britishvintageboxing.com/	alive	200
back to earth	https://backtoearthskin.com/en-ca	net-error	ENOTFOUND
casas bahia	https://www.casasbahia.com.br/	alive	200
bio follicle vegan plant derived hair products	http://www.biofollicle.com/	alive	200
akoiaswim	https://akoiaswim.com/	net-error	ENOTFOUND
black and gold	https://www.blackandgoldofficial.com/	net-error	ENOTFOUND
brand black	https://brandblack.com/	net-error	ENOTFOUND
biofor hungary	https://biofor.hu/	alive	200
accurist	https://www.accurist.co.uk/	net-error	ENOTFOUND
briggs&riley	https://www.briggs-riley.com/	alive	200
bonne gueule	https://www.bonnegueule.fr/	net-error	ENOTFOUND
bushman	https://bushman.cz/	net-error	ENOTFOUND
beales	https://www.beales.co.uk/	alive	200
bohempia	https://bohempia.com/	net-error	ENOTFOUND
brantano footwear	http://www.brantano.com/	alive	200
beneshty	https://beneshty.com/	net-error	ENOTFOUND
byza	https://byza.com/	net-error	ENOTFOUND
carolina herrera	https://www.carolinaherrera.com/	alive	200
burgeon outdoor	https://www.burgeonoutdoor.com/	net-error	ENOTFOUND
calliope by megan moroney	https://fragrancebymeganmoroney.com/	net-error	ENOTFOUND
bluejeans and sunbeams	https://bluejeansandsunbeams.com/	dns-dead	NXDOMAIN @1.1.1.1+8.8.8.8
bushy	https://www.bushyunderwear.com/	alive	200
caftanii	http://caftanii.it/	net-error	ENOTFOUND
bloch	https://eu.blochworld.com/	net-error	ENOTFOUND
bode	https://www.bodenewyork.com/	net-error	ENOTFOUND
alicia audrey	https://aliciaaudreycollection.com/	net-error	ENOTFOUND
becksöndergaard	https://www.becksondergaard.com/	alive	200
bretter und stoff	https://www.bretterundstoff.com/	net-error	ENOTFOUND
bonton	https://www.bonton.fr/	alive	200
boston proper	https://www.bostonproper.com/	net-error	ENOTFOUND
cape horn	https://www.capehorn.it/	net-error	ENOTFOUND
byniumaal	https://byniumaalshop.com/en/	tls-error	CERT_HAS_EXPIRED
cajoy	https://www.cajoy.com/	net-error	ENOTFOUND
catherine rowe designs	https://www.catherinerowedesigns.com/	net-error	ENOTFOUND
cassels	https://cassels.se/	net-error	ENOTFOUND
boston	https://www.bostonwear.com/es/	net-error	ENOTFOUND
christy dawn	https://christydawn.com/?oid=64&affid=1&source_id=GoY-rating&sub1=brandpage	net-error	ENOTFOUND
bisous skateboards	https://bisousskateboards.com/	net-error	ENOTFOUND
carmela	https://www.carmelashoes.com/	net-error	ENOTFOUND
california biology	https://californiabiology.com/	alive	200
by pariah	https://bypariah.com/	alive	200
boob	https://www.boobdesign.com/	net-error	ENOTFOUND
cachicci	https://www.cachicci.com/	dns-dead	NXDOMAIN @1.1.1.1+8.8.8.8
benedetta bruzziches	https://benedettabruzziches.com/	net-error	ENOTFOUND
charm diamond centres	https://charmdiamondcentres.com/	net-error	ENOTFOUND
boemos	http://www.boemos.it/	net-error	ENOTFOUND
champagne in the morning	https://champagneinthemorning.com/	dns-dead	NXDOMAIN @1.1.1.1+8.8.8.8
bon'a parte	https://www.bonaparteshop.com/	alive	200
caftari	https://caftari.com/	net-error	ENOTFOUND
beppi	https://www.beppi.pt/	net-error	ENOTFOUND
buttah	https://www.buttahskin.com/	net-error	ENOTFOUND
bombers original	https://www.bombers-original.com/	net-error	ENOTFOUND
brandtex	https://www.brandtex.dk/	net-error	ENOTFOUND
burrows & co	https://burrowsandco.com.au/	net-error	ENOTFOUND
born rich	https://www.bornrichclothing.com/	http-dead	423
bull & berry	https://www.bullandberry.de/	net-error	ENOTFOUND
bogdar	https://bogdar.com/	net-error	ENOTFOUND
china gold	https://www.chnau99999.com/	dns-flaky	timeout/servfail on both
bovet fleurier	https://bovet.com/	alive	200
carlton london	https://carltonlondon.co.in/	net-error	ENOTFOUND
blake brown	https://blakebrownbeauty.com/	net-error	ENOTFOUND
chevalier d’éon	https://www.chevalierdeonheritage.com/	net-error	ENOTFOUND
bréal	https://www.breal.net/	net-error	ENOTFOUND
cardani	https://www.headcovers.com/cardani/	blocked	403
better world fashion	https://betterworldfashion.com/	http-dead	402
caes	https://www.caes-store.com/	net-error	ENOTFOUND
cannasmack	https://cannasmack.com/	net-error	ENOTFOUND
boka fragrance	https://bokafragrance.com/	alive	200
canivro	https://www.canivro.com/	net-error	ENOTFOUND
bond no. 9	https://www.bondno9.com/	net-error	ENOTFOUND
burju	https://burjushoes.com/	alive	200
camel	https://www.camel.com.cn/	net-error	ENOTFOUND
canali	https://www.canali.com/	net-error	ENOTFOUND
cg – club of gents	https://www.cg.fashion/	net-error	ENOTFOUND
bondi leather	https://www.bondileather.com.au/	dns-dead	NXDOMAIN @1.1.1.1+8.8.8.8
cad-b makeup and skincare	http://cad-b.com/	net-error	ENOTFOUND
carolglass	http://www.eyecare-health.com/	alive	200
buffalo london	https://www.buffalo-boots.com/en-gb/buffalo-london	net-error	ENOTFOUND
brighty&co	https://brightyandco.com/en/	net-error	ENOTFOUND
brotege	http://www.brotege.com/	net-error	ENOTFOUND
boboli	https://www.boboli.ie/	alive	200
cape clasp	https://www.capeclasp.com/	alive	200
bedi	https://bedistudios.com/?oid=233&affid=1&source_id=GoY-rating&sub1=brandpage	net-error	ENOTFOUND
brandon maxwell	https://www.brandonmaxwellonline.com/	alive	200
body details	https://www.bodydetails.com/	alive	200
chums japan	https://www.chums.jp/	net-error	ENOTFOUND
british fashion council	http://www.britishfashioncouncil.co.uk/	alive	200
blakely	https://eu.blakelyclothing.com/	alive	200
big bud press	https://bigbudpress.com/	net-error	ENOTFOUND
clodi	https://clodi.pl/	net-error	ENOTFOUND
boragio	https://www.boragio.nl/	net-error	ENOTFOUND
buffalo exchange	https://www.buffaloexchange.com/	net-error	ENOTFOUND
cam cam	https://camcamcopenhagen.com/	net-error	ENOTFOUND
carpe	http://www.mycarpe.com/	net-error	ENOTFOUND
brador	http://www.bradorshop.it/	net-error	ENOTFOUND
camicissima	https://www.camicissima.it/	net-error	ENOTFOUND
bullboxer	https://www.bullboxer.com/	net-error	ENOTFOUND
blueberry	https://www.bluebeery.eu/	net-error	ENOTFOUND
catherine colebrook	https://www.catherinecolebrook.com/	alive	200
bretelle&braces	https://www.bretelleitaliane.com/	net-error	ENOTFOUND
bolzr	https://www.bolzr.store/	net-error	ENOTFOUND
bobo choses	https://www.bobochoses.com/	net-error	ENOTFOUND
c4n	http://crazy4new.com/en/	alive	200
céméle paris	https://www.cemele.fr/	dns-dead	NXDOMAIN @1.1.1.1+8.8.8.8
carpatree	https://carpatree.com/	net-error	ENOTFOUND
caraline skincare	https://www.caralineskin.com/	net-error	ENOTFOUND
bunnies jr	https://www.bunnies.nl/	net-error	ENOTFOUND
better not younger	http://www.better-notyounger.com/	net-error	ENOTFOUND
cero & etage	https://www.cero-etage.dk/	net-error	ENOTFOUND
borsheim's fine jewelry	http://www.borsheims.com/	net-error	ENOTFOUND
brighthouse	https://www.brighthouse.co.uk/	net-error	ENOTFOUND
c.l. seifert	https://clseifert.com/	net-error	ENOTFOUND
body drench	http://www.bodydrench.com/index.html	net-error	ENOTFOUND
callaghan	https://www.callaghan.es/	net-error	ENOTFOUND
carlucce inc.	http://www.carlucce.com/	alive	200
charming charlie	https://charmingcharlie.com/	net-error	ENOTFOUND
classics77	https://www.classics77.com/	tls-error	ERR_SSL_SSL/TLS_ALERT_HANDSHAKE_FAILURE
cara mila	https://cara-mila.com/	alive	200
búho	https://buhobcn.com/en/	net-error	ENOTFOUND
caboo paper products	https://cabooproducts.com/	net-error	ENOTFOUND
calvin klein collection	http://explore.calvinklein.com/en_US/explore	dns-dead	NXDOMAIN @1.1.1.1+8.8.8.8
capelli new york	https://www.capellinewyork.de/	net-error	ENOTFOUND
cécile canj	https://cecilecanj.com/	net-error	ENOTFOUND
blaumax	https://www.blaumax.com/	alive	200
charmed aroma	https://ca.charmedaroma.com/	net-error	ENOTFOUND
bellapierre cosmetics	http://www.bellapierre.com/	net-error	redirect count exceeded
bons baisers	https://www.bonsbaisers.paris/	alive	200
by malene birger	https://www.bymalenebirger.com/	net-error	ENOTFOUND
black by moussy	https://www.ec-store.net/sws/r/rBLK/	alive	200
btartboxnails	http://btartboxnails.com/	net-error	ENOTFOUND
brickell men's products	https://www.brickellmensproducts.com/	net-error	ENOTFOUND
charlie mae swimwear	https://www.charliemae.com.au/	net-error	ENOTFOUND
blissful organix	http://www.blissfulorganix.com/	alive	200
browluxe®	https://browluxe.ca/	alive	200
cashmere couture	https://simonebruns.com/	net-error	ENOTFOUND
burban	https://www.burban.gr/	net-error	ENOTFOUND
bracha	https://brachadesign.com/	alive	200
ccdk copenhagen	https://ccdk.dk/	net-error	ENOTFOUND
buffalo industries	https://www.buffaloindustries.com/	net-error	ENOTFOUND
cep	https://www.cepsports.net/	alive	200
caridei glove factory	https://www.caridei.it/	alive	200
btartbox	http://btartboxnails.com/	net-error	ENOTFOUND
boomine	https://boomine-rgawdxe.gamma.site/	alive	200
carolyn rowan	https://carolynrowancollection.com/	alive	200
city chic	https://www.citychic.com/	net-error	ENOTFOUND
charriol	https://www.charriol.com/	alive	200
care by me	https://carebymeusa.com/	net-error	ENOTFOUND
bloome*	http://bloome.com/	net-error	ENOTFOUND
cabbeen	https://www.ir.cabbeen.com/	net-error	ENOTFOUND
cache cache	https://www.cache-cache.fr/	net-error	ENOTFOUND
biotechusa	https://shop.biotechusa.com/	alive	200
cadini	https://www.cadini.com/	net-error	ENOTFOUND
c7skates	https://c7skates.com/	alive	200
bigger than beauty skincare®	https://thrivecausemetics.com/pages/bigger-than-beauty-skincare	alive	200
camel active	https://www.camelactive.de/	net-error	ENOTFOUND
bloomingdale's	https://www.bloomingdales.com/	net-error	ENOTFOUND
charles j wahba	https://www.boydsmadisonave.com/collections/charles-wahba	net-error	ENOTFOUND
city shirt co	https://cityshirt.co/	net-error	ENOTFOUND
clane	https://clane-design.com/	net-error	ENOTFOUND
citrus on main	http://citrusonmain.com/	dns-dead	NXDOMAIN @1.1.1.1+8.8.8.8
camps & camps	https://www.campsencamps.nl/	net-error	ENOTFOUND
cabana	http://cabanacomfort.com/	net-error	ENOTFOUND
buga	https://www.buga.cz/	alive	200
buffalo	https://www.buffalo.de/	net-error	ENOTFOUND
castle soap company	https://castlesoapcompany.com/	net-error	ENOTFOUND
born living yoga	https://bornlivingyoga.com/	alive	200
caravana	https://www.caravana.land/	net-error	ENOTFOUND
car shoe	http://www.carshoe.com/	net-error	ENOTFOUND
cake maternity	https://www.cakematernity.com/	net-error	ENOTFOUND
carat*	https://www.caratlondon.com/	net-error	ENOTFOUND
capuccino	https://capuccino-fashion.de/	alive	200
cocojojo	http://www.cocojojo.com/	net-error	ENOTFOUND
bucherer	https://www.bucherer.com/	net-error	ENOTFOUND
candy cottons store	https://candycottonstore.com/	alive	200
clean glow co.	https://cleanglowcompany.com/	net-error	ENOTFOUND
club l' avenir	https://www.clublavenir.com/	alive	200
capital world group	https://capitalworldgroup.com/	alive	200
calliope	https://www.calliope.style/	net-error	ENOTFOUND
bontoni	http://www.bontoni.com/	net-error	ENOTFOUND
castafiore	https://castafiore.fr/	alive	200
cavallaro napoli	https://www.cavallaronapoli.com/	alive	200
bosanova	https://www.bosanova.es/en/	net-error	ENOTFOUND
cavallo	https://www.cavallo.info/	net-error	ENOTFOUND
clean rebellion	https://cleanrebellion.com/	net-error	ENOTFOUND
castle baths exotic earth	http://www.castlebaths.com/	blocked	403
c.c. filson	http://www.filson.com/	alive	200
by billie	https://bybillie.com.au/	net-error	ENOTFOUND
clubman	http://clubman.com/	alive	200
boyd's of texas	https://boydsoftexas.com/	alive	200
castori	https://www.castorishoes.com/	net-error	ENOTFOUND
citychamp watch & jewellery	http://www.citychampwatchjewellery.com/	net-error	ENOTFOUND
carolina torres	https://bycarolinatorres.com/	dns-dead	NXDOMAIN @1.1.1.1+8.8.8.8
casio	https://www.casio.co.jp/	alive	200
bundgaard	https://bundgaard-schuhe.de/	net-error	ENOTFOUND
cl	https://selflovebycl.ca/	net-error	ENOTFOUND
cat footwear	https://www.catfootwear.nl/	net-error	ENOTFOUND
british indigo	https://www.verweij.com/	alive	200
blackberrys	https://blackberrys.com/	net-error	ENOTFOUND
botanicary skincare	https://botanicary.com/	net-error	ENOTFOUND
byrd	https://byrdhair.com/?srsltid=AfmBOop3mhglDx5oOnFAdj0tOZnG9ifMB-KLH-ZuXzQIXyrP4tZxLRi3	net-error	ENOTFOUND
cal & gary's	http://calgarycoop.com/	net-error	ENOTFOUND
bromen	https://bromenfashion.com/	http-dead	402
boho yaşam	https://bohoyasam.com/en	alive	200
cecil mcbee	http://www.j-im.jp/	net-error	ENOTFOUND
buzz skincare co	http://buzzskincareco.com/	net-error	ENOTFOUND
chasers	https://www.chsrs.nl/	net-error	ENOTFOUND
centro comercial plaza valera	http://vamosalplaza.com/	dns-dead	NXDOMAIN @1.1.1.1+8.8.8.8
calle del mar	https://www.calledelmar.us/	net-error	ENOTFOUND
brisk	https://www.briskshirts.com/	alive	200
brooksfield	https://www.brooksfield.com/	alive	200
catwalk junkie	https://catwalkjunkie.com/	alive	200
christopher kane	https://www.christopherkane.com/	dns-flaky	timeout/servfail on both
chiara ferragni	https://www.chiaraferragnicollection.com/	http-dead	404
botticelli	https://botticelli.es/	net-error	ENOTFOUND
capaf	https://www.capaffirenze.com/	alive	200
cellini	https://www.celliniluggage.co.za/	alive	200
chinese laundry	https://www.chineselaundry.com/	net-error	ENOTFOUND
brew city botanicals	http://www.bcbotanicals.com/	alive	200
borges & scott	https://borgesandscott.com/	net-error	ENOTFOUND
chaco	https://www.chacos.com/	alive	200
candy x paints	http://www.candyxpaints.com/	net-error	ENOTFOUND
cellbone	https://www.cellbone.com/	net-error	ENOTFOUND
bioclarity	http://bioclarity.com/	net-error	ENOTFOUND
charli	https://www.charli.com/	alive	200
carmen sol	https://carmensol.com/	net-error	ENOTFOUND
capri holdings	https://www.capriholdings.com/	blocked	403
celine	https://www.celine.com/	blocked	403
chnge	https://chnge.com/	net-error	ENOTFOUND
careeon	http://careeon.com/	net-error	ENOTFOUND
cheeta teamwear pty ltd	https://cheetateamwear.com.au/	net-error	ENOTFOUND
bon clic bon genre	https://www.bon-clic-bon-genre.us/	net-error	ENOTFOUND
botanical republic	https://www.botanicalrepublic.com/	alive	200
blushlips	http://www.blushlips.com/	alive	200
carlance	https://www.carlance.fr/	net-error	ENOTFOUND
crossfixe	http://skinourishment.com/	net-error	ENOTFOUND
church's	https://www.church-footwear.com/	net-error	ENOTFOUND
casselini	https://www.casselini.com/	net-error	ENOTFOUND
camomilla milano	http://www.camomilla.it/	net-error	ENOTFOUND
blackout	https://www.blackout.ch/	net-error	ENOTFOUND
cleanboss	http://shopcleanboss.com/	alive	200
breathe	https://breathelifestyle.co.uk/	alive	200
création gross gmbh & co. kg	https://creationgross.com/	net-error	ENOTFOUND
cinnao	https://www.cinnao.com/	net-error	ENOTFOUND
companion denim	https://www.companiondenim.com/	net-error	UNABLE_TO_VERIFY_LEAF_SIGNATURE
brownie	https://www.browniespain.com/es	net-error	ENOTFOUND
clean beauty by joy	https://cleanbeautybyjoy.com/	net-error	ENOTFOUND
bro fitwear	https://www.brofitwear.com.br/	net-error	ENOTFOUND
café leather	https://cafeleather.com/	alive	200
capsule	https://capsulestudio.net/	net-error	ENOTFOUND
chet lo	https://www.chetlo.com/	net-error	ENOTFOUND
buzz	https://www.buzzsneakers.ro/	net-error	ENOTFOUND
cefinn	https://www.cefinn.com/	net-error	ENOTFOUND
cee cee's closet	https://www.ceeceesclosetnyc.com/	net-error	ENOTFOUND
birdbath	http://birdbathbodytreats.com/	net-error	ENOTFOUND
céla by celine tadrissi	http://www.thisiscela.com/	net-error	ENOTFOUND
bungert	https://www.bungert-online.de/	net-error	ENOTFOUND
calista tools	http://calistatools.com/	alive	200
buti	http://www.butipelletterie.com/	alive	200
cossac	https://cossac.co/?oid=200&affid=1&source_id=GoY-rating&sub1=brandpage	alive	200
carter's	https://www.carters.com/	net-error	ENOTFOUND
chong hing jewelers	https://chpremier.com/	alive	200
claesen's	https://www.claesens.com/	net-error	ENOTFOUND
brora	https://www.broraonline.com/	net-error	ENOTFOUND
buki akomolafe	https://www.bukiakomolafe.com/	alive	200
bnsm	https://www.bnsm.de/	net-error	ENOTFOUND
breva soap co.	https://brevasoap.com/	net-error	ENOTFOUND
chiccheria brand	http://chiccheriabrand.com/	net-error	ENOTFOUND
camila klein	https://www.camilaklein.com.br/	alive	200
caalloverprint	https://www.caalloverprint.com/	dns-dead	NXDOMAIN @1.1.1.1+8.8.8.8
chi chi london	https://www.chichiclothing.com/	alive	200
chufy	https://chufy.com/	net-error	ENOTFOUND
christian philip	https://christianphilip.com/	net-error	ENOTFOUND
costco	https://www.costco.ca/	net-error	ENOTFOUND
colette schilde	https://coletteschilde.be/	net-error	ENOTFOUND
boda skins	https://bodaskins.eu.com/	alive	200
coolcat	https://www.coolcat.nl/	net-error	ENOTFOUND
clayton	https://www.claytonitalia.com/eu/	http-dead	404
cashmirino	https://www.cashmirino.com/	net-error	ENOTFOUND
challo	http://challobeauty.com/	net-error	ENOTFOUND
command cosmetics	http://www.commandcosmetics.com/	alive	200
bree	https://bree.com/	net-error	ENOTFOUND
chuda skincare	http://www.chudaskincare.com/	net-error	ENOTFOUND
catarina mina	https://www.catarinamina.com/	net-error	ENOTFOUND
caalo	https://store.caalo.studio/	alive	200
cibadol	http://cibadol.com/	alive	200
burkely	https://www.burkely.nl/	net-error	ENOTFOUND
colchester rubber co	https://www.colchesters.com/	net-error	ENOTFOUND
black colour	https://www.blackcolour.dk/	alive	200
catherines	https://www.catherines.com/	net-error	ENOTFOUND
canon quartz	https://canonquartz.com/	alive	200
chanel	https://www.chanel.com/	blocked	403
chevignon	https://www.chevignon.fr/	net-error	ENOTFOUND
chillouts	https://www.chillouts.de/	alive	200
chick lane	https://chick-lane.com/	dns-dead	NXDOMAIN @1.1.1.1+8.8.8.8
caripro	http://www.smilebrilliant.com/	alive	200
coconutacha	https://coconutacha.com/	net-error	ENOTFOUND
carolina cosmetics	http://www.carolinacosmetics.com/	net-error	ENOTFOUND
cfcl	https://www.cfcl.jp/	alive	200
carl gross	https://carlgross.com/	net-error	ENOTFOUND
copa	https://www.copafootball.com/	alive	200
blende	https://www.blendebeauty.com/	alive	200
caterpillar	https://catworkwear.com/	net-error	ENOTFOUND
chloé	https://www.chloe.com/	net-error	ENOTFOUND
collectors club	https://collectorsclub.cc/	alive	200
cloverpost	https://www.cloverpost.com/	net-error	ENOTFOUND
celestino	https://www.celestino.gr/	alive	200
classic sheepskins	https://classicsheepskins.co.uk/	dns-dead	NXDOMAIN @1.1.1.1+8.8.8.8
colorsmith	http://www.colorsmith.co/	alive	200
carmin	https://carmin.pk/	net-error	ENOTFOUND
clumpy's	https://www.clumpys.com/	net-error	UND_ERR_CONNECT_TIMEOUT
ciciban	https://ciciban.rs/	net-error	ENOTFOUND
carolina bucci	https://carolinabucci.com/	alive	200
christopher john rogers	https://christopherjohnrogers.com/	alive	200
cbdistillery	https://www.thecbdistillery.com/	net-error	ENOTFOUND
cks	https://www.cks-fashion.com/	net-error	ENOTFOUND
cobraeleven	https://www.cobraeleven.com/	net-error	ENOTFOUND
chantal thomass	https://chantelle.com/fr/univers-chantal-thomass	http-dead	404
crismot	http://www.crismot.com/	alive	200
bybba	https://bybba.com/	net-error	ENOTFOUND
cofucu	https://cofucu.com/	alive	200
chaser brand	https://www.chaserbrand.com/	net-error	ENOTFOUND
cascade theatre	http://www.cascadetheatre.org/	net-error	ENOTFOUND
circle sportswear	https://en.circlesportswear.com/	net-error	ENOTFOUND
country line	https://www.country-line.de/	net-error	ENOTFOUND
brochu walker	https://www.brochuwalker.com/	net-error	ENOTFOUND
bumama	https://bumama.com/	alive	200
cacharel	http://cacharel.com/	net-error	ENOTFOUND
d4 love	https://www.d4-love.nl/	alive	200
caldera + lab	http://www.calderalab.com/	net-error	ENOTFOUND
chpo	https://chpobrand.com/	blocked	403
clio goldbrenner	https://www.cliogoldbrenner.com/	alive	200
calvin klein	https://www.ck.com/	net-error	ENOTFOUND
claudia sträter	https://www.claudiastrater.com/	net-error	ENOTFOUND
cipo & baxx	https://www.cipoandbaxx.com/	net-error	ENOTFOUND
communion botanicals	https://www.communionbotanicals.ca/	alive	200
concreted	https://concreted.com/	net-error	ENOTFOUND
clean kiss	http://cleankisslifestyle.com/	alive	200
canussa	https://www.canussa.com/	net-error	ENOTFOUND
cavu beauty	http://cavubeauty.com/	dns-dead	NXDOMAIN @1.1.1.1+8.8.8.8
cloth & co.	https://clothandco.co/	alive	200
christina krämer	https://www.christinakraemer.com/	net-error	ENOTFOUND
charlie constantinou	https://charlieconstantinou.com/	net-error	ENOTFOUND
constantin weisz	https://en.constantinweisz.de/	alive	200
buckle	https://www.buckle.com/	net-error	ENOTFOUND
comptoir des cotonniers	https://www.comptoirdescotonniers.eu/	net-error	ENOTFOUND
crepe erase	http://www.bodyfirm.com/	net-error	ENOTFOUND
crying center	https://www.cryingcentertw.com/	net-error	ENOTFOUND
ciso	https://www.ciso.dk/	net-error	ENOTFOUND
chelsea bravo	https://www.chelseabravo.com/	alive	200
brunotti	https://www.brunotti.com/	alive	200
bruuns bazaar	https://www.bruunsbazaar.com/	alive	200
demylee	https://demylee.com/	alive	200
clay and olive skincare	https://clayandoliveskincare.com/	net-error	ENOTFOUND
dakota501	https://dakota501.com/	net-error	ENOTFOUND
dangerfield	https://dangerfield.com.au/	alive	200
cosmo crew	https://www.cosmocrewkids.com/	alive	200
braqeez	https://www.braqeez.nl/	alive	200
chiquelle	https://www.chiquelle.com/splash-page.html?v=3%3Futm_source%3DGoodOnYou+App	net-error	ENOTFOUND
contrapposto	http://contrapposto.com/	alive	200
chic le frique	https://chiclefrique.us/	tls-error	CERT_HAS_EXPIRED
come on	https://comeonworld.com/	alive	200
coppel	https://www.coppel.com/	net-error	ENOTFOUND
calamar	https://www.calamar-menswear.com/	net-error	ENOTFOUND
catimini	https://www.catimini.fr/	net-error	ENOTFOUND
curie	http://www.curiebod.com/	net-error	ENOTFOUND
club knit	https://www.club-knit.com/	dns-dead	NXDOMAIN @1.1.1.1+8.8.8.8
celtic & co	https://www.celticandco.com/au	net-error	redirect count exceeded
christian audette	https://christianaudette.com/	net-error	ENOTFOUND
decantx	https://www.decantx.com/	net-error	ENOTFOUND
catarina martins	https://www.catarinamartins.com/	alive	200
cinque	https://www.cinque.de/	net-error	ENOTFOUND
cottonique	https://cottonique.com/?oid=369&affid=1&source_id=GoY-rating&sub1=brandpage	alive	200
coral sun	http://coralsun.net/	alive	200
carhartt	https://www.carhartt.com/	net-error	ENOTFOUND
co'couture	https://www.cocouture.dk/	net-error	ENOTFOUND
cultural roots	https://www.culturalroots.co.uk/	dns-dead	NXDOMAIN @1.1.1.1+8.8.8.8
cocoa by cece	https://cocoabycece.com/	net-error	ENOTFOUND
club 24	http://club24fashion.com/	alive	200
cottonworld	https://cottonworld.net/	net-error	ENOTFOUND
corteiz	https://www.crtz.xyz/	alive	200
crooked chaps	http://crookedchaps.com/	net-error	ENOTFOUND
cav empt	https://www.cavempt.com/	alive	200
carducci	https://carducci.bg/	net-error	ENOTFOUND
clover & ide	http://cloverandide.com/	net-error	ENOTFOUND
camouflage	https://camouflage-couture.com/	net-error	ENOTFOUND
coen	https://www.coen.co.jp/	blocked	403
cordera	https://cordera.es/	alive	200
camilla pihl	https://camillapihl.com/	net-error	ENOTFOUND
coperni	https://us.coperniparis.com/	net-error	ENOTFOUND
bogart man	https://www.bogartman.com/	alive	200
crtfd	https://feature.com/collections/crtfd	net-error	ENOTFOUND
cus	http://cus.cat/	alive	200
colcci	https://www.colcci.com.br/	alive	200
carpasus	https://carpasus.com/	alive	200
custo barcelona	http://www.custobarcelona.com/	alive	200
cyroline	https://www.cyroline.de/	alive	200
celtic fusion	https://celticfusiondesign.com/	net-error	ENOTFOUND
conquista	http://www.conquista-fashion.com/	net-error	ENOTFOUND
delicatelove	https://www.delicatelove.com/	alive	200
club of comfort	https://www.club-of-comfort.de/	net-error	ENOTFOUND
cocodot affection	https://www.cocodotaffection.com/	http-dead	404
demoulin bros. and co.	https://demoulin.com/	net-error	ENOTFOUND
cosmosophie	https://cosmosophie.com/	net-error	ENOTFOUND
citi trends	https://www.cititrends.com/	net-error	ENOTFOUND
cklass	https://cklass.com/	net-error	ENOTFOUND
cezanne hair	http://cezanne-hair.com/	net-error	ENOTFOUND
bivouac outdoor	https://www.bivouac.co.nz/	alive	200
cover fx	https://www.coverfx.com/	alive	200
claudio ferrici	https://www.claudio-ferrici.com/	alive	200
carriwell	https://www.carriwell.com/	net-error	ENOTFOUND
chika kisada	http://www.chikakisada.com/	net-error	ENOTFOUND
clamp	https://www.clamp.pt/	net-error	ENOTFOUND
chaumet	https://www.chaumet.com/fr	net-error	ENOTFOUND
campo marzio	https://www.campomarzio.it/	blocked	403
chaser	https://chaserbrand.com/	net-error	ENOTFOUND
cofur denmark	https://www.cofur.dk/	net-error	UND_ERR_CONNECT_TIMEOUT
common ground®	http://www.organicsbuddy.com/	net-error	ENOTFOUND
common projects	http://www.commonprojects.com/	alive	200
cosabella	https://www.cosabella.com/	net-error	ENOTFOUND
chantal temam	https://www.chantaltemam.com/	net-error	ENOTFOUND
café du cycliste	https://www.cafeducycliste.com/en_us/	net-error	ENOTFOUND
cramers van asten	https://www.cramersvanasten.nl/	net-error	ENOTFOUND
costa da morte # death coast	https://dthcst.com/	net-error	ENOTFOUND
caley cosmetics	https://www.caleycosmetics.com/	net-error	ENOTFOUND
chylak	https://chylak.com/us/en	net-error	ENOTFOUND
celyfos	https://www.celyfos.com/	net-error	ENOTFOUND
cero nine	https://cero-nine.com/	net-error	ENOTFOUND
cq couture	https://www.cqcouture.com/	alive	200
cashmere in love	https://www.cashmereinlove.com/	alive	200
commando	https://www.wearcommando.com/	net-error	ENOTFOUND
chimi	https://www.chimieyewear.com/	net-error	ENOTFOUND
dolores haze	https://doloreshaze.com/	net-error	ENOTFOUND
cocoshnik	https://store.world.co.jp/s/brand/cocoshnik/	net-error	ENOTFOUND
chaussexpo	https://www.chaussexpo.fr/	tls-error	ERR_SSL_TLSV1_UNRECOGNIZED_NAME
buni body care	http://www.bunibody.com/	alive	200
cdlp	https://cdlp.com/	alive	200
cqp	https://c-qp.com/	net-error	ENOTFOUND
charlee swim	https://www.charleeswim.com.au/	alive	200
cosmette skincare	http://www.cosmetteskincare.com/	net-error	ENOTFOUND
covergirl	http://www.covergirl.com/	net-error	ENOTFOUND
collegium	https://ourcollegium.com/	alive	200
clic! shoes	https://www.clic-shoes.com/	net-error	ENOTFOUND
d-mara	https://dmara.es/	net-error	ENOTFOUND
coclico	https://coclico.com/	alive	200
björk and berries	https://bjorkandberries.com/	net-error	ENOTFOUND
carry	https://carry.pl/	alive	200
christine lingerie	https://christinelingerie.com/	net-error	ENOTFOUND
celford	https://celford.com/	net-error	ENOTFOUND
cobblestone living	https://cobblestone-living.com/	net-error	ENOTFOUND
clemedy	https://www.clemedy.com/	dns-dead	NXDOMAIN @1.1.1.1+8.8.8.8
chiushui	http://www.qsyr.com/	net-error	ENOTFOUND
chiban	https://www.chibanleather.com/	net-error	ENOTFOUND
coin	https://www.coin.it/	net-error	ENOTFOUND
claudio lugli	https://claudioluglishirts.com/	alive	200
change lingerie	https://www.change.com/	net-error	redirect count exceeded
ciaopanic	https://www.palcloset.jp/ciaopanic/	http-dead	405
daydream society	https://daydreamsociety.com/	net-error	ENOTFOUND
cheaney	https://www.cheaney.co.uk/	alive	200
distretto12	https://www.distretto12.com/	net-error	ENOTFOUND
courtney sykes molecular anti-aging	http://www.courtneysykes.com/	net-error	ENOTFOUND
cat workwear	https://catwwr.com/	net-error	ENOTFOUND
cerave	http://www.cerave.com/	alive	200
dawei	https://www.daweistudio.com/	net-error	ENOTFOUND
comtessa	https://www.comtessa-shop.cz/	alive	200
campomaggi	https://www.campomaggi.com/	alive	200
charles & keith	https://www.charleskeith.com/	alive	200
des sen	https://des-sen.com/	http-dead	404
dancing leopard	https://www.dancingleopard.co.uk/	net-error	ENOTFOUND
dachstein	https://luhta.com/fi/en/c/dachstein	net-error	ENOTFOUND
cross colours	https://www.crosscolours.com/	net-error	ENOTFOUND
chow sang sang	https://www.chowsangsang.com/	alive	200
daimaru umeda	https://www.daimaru.co.jp/umedamise/	net-error	ENOTFOUND
boxfresh	https://www.boxfresh.com/	net-error	UND_ERR_CONNECT_TIMEOUT
ciganka - artforms from nature	https://cigankaartforms.com/	alive	200
clean beauty collective	https://www.cleanbeauty.com/	net-error	ENOTFOUND
collina strada	https://www.collinastrada.com/	alive	200
dechase	https://www.dechase.world/	http-dead	402
caviar	https://caviar.global/	alive	200
caroline biss	https://carolinebiss.com/	net-error	ENOTFOUND
carter + jane	http://www.carterandjane.com/	alive	200
cork culture	https://corkculture.us/	net-error	ENOTFOUND
corpus	http://corpusnaturals.com/	alive	200
deabused	https://www.deabused.com/	net-error	ENOTFOUND
danavi	http://danavi.com/	alive	200
costume national	http://www.costumenational.com/	net-error	ENOTFOUND
chumbak	https://www.chumbak.com/	net-error	ENOTFOUND
devred 1902	https://www.devred.com/	net-error	ENOTFOUND
cyberoptix	https://www.cyberoptix.com/	net-error	ENOTFOUND
copdi	http://www.copdibeauty.com/	net-error	ENOTFOUND
billion	https://billiongroup.com.my/	timeout	
calapo biotic products	https://www.calapo.com/	net-error	ENOTFOUND
courreges	https://www.courreges.com/	net-error	ENOTFOUND
cole haan	https://www.colehaan.com/	alive	200
chloé stora	https://www.chloestora.com/	net-error	ENOTFOUND
clean + easy	http://cleanandeasyspa.com/	net-error	ENOTFOUND
cp shades	https://cpshades.com/	net-error	ENOTFOUND
coton doux	https://cotondoux.com/	net-error	ENOTFOUND
bucherer group	https://www.bucherer.com/	net-error	ENOTFOUND
cloudy	https://cloudy-tokyo.com/	net-error	ENOTFOUND
claudie pierlot	https://fr.claudiepierlot.com/	net-error	ENOTFOUND
daily brat	https://dailybrat.com/	net-error	ENOTFOUND
cirrus parfum	https://cirrusparfum.com/	alive	200
co exist	http://co-exist.com/	net-error	ENOTFOUND
d.lissome	http://d-lissome.com/	dns-flaky	timeout/servfail on both
dress in love	https://www.dressinlove.shop/	dns-dead	NXDOMAIN @1.1.1.1+8.8.8.8
dante6	https://www.dante6.com/	alive	200
cult of individuality	https://cultofindividuality.com/	alive	200
cdm bedrijfskleding	https://www.cdm-bedrijfskleding.nl/	net-error	ENOTFOUND
bretanna witch hazel products	http://www.bretanna.com/	alive	200
caprice	https://www.caprice.de/	net-error	ENOTFOUND
composerx	https://composerx.com/	net-error	ENOTFOUND
desigual	https://www.desigual.com/	alive	200
cus sustainable clothing	https://www.cus.cat/	alive	200
dick pearce & friends	https://dickpearce.com/	net-error	ENOTFOUND
chi chi	https://www.chichiwholesale.com/	net-error	ENOTFOUND
curatrix	https://shopcuratrix.com/	net-error	ENOTFOUND
d'sign apparel	https://www.dsignapparel.com/	dns-dead	NXDOMAIN @1.1.1.1+8.8.8.8
dovita milano	https://dovitabridal.com/	alive	200
deeasjer	https://deeasjer.com/	dns-dead	NXDOMAIN @1.1.1.1+8.8.8.8
coohem	https://www.coohem.jp/en/	alive	200
districenter	https://www.districenter.fr/	alive	200
design letters	https://designletters.dk/	net-error	ENOTFOUND
converse japan	https://converse.co.jp/	alive	200
cog	https://cog-store.com/?oid=248&affid=1&source_id=GoY-rating&sub1=brandpage	alive	200
crate 61 organics	http://www.crate61.com/	net-error	ENOTFOUND
charleston shoe co.	http://charlestonshoeco.com/	net-error	ENOTFOUND
cosmic wonder	https://www.cosmicwonder.com/ja/	alive	200
dabao	https://www.dabao.com/	alive	200
cute stuff	https://www.cutestuff.de/	alive	200
corinne	https://www.corinnecollection.com/	alive	200
cloud haircare	http://cloudhaircare.com/	net-error	ENOTFOUND
crinolino	https://crinolino.gr/	net-error	ENOTFOUND
damiani	http://www.damiani.com/it	net-error	ENOTFOUND
closshi	https://www.shimamura.gr.jp/shimamura/	alive	200
cybèle	https://www.cybele-lingerie.de/	alive	200
chut! intimates	https://www.chut-intimates.com/	tls-error	CERT_HAS_EXPIRED
coup de chance	https://store.world.co.jp/s/brand/coup-de-chance/	net-error	ENOTFOUND
dominique healy	https://dominiquehealy.com/	alive	200
cuisse de grenouille	https://www.cuissedegrenouille.com/	net-error	ENOTFOUND
cotton on kids	https://cottonon.com/AU/cottononkids	net-error	ENOTFOUND
clarks	https://clarks.in/	alive	200
chicor	https://chicor.com/main	net-error	ENOTFOUND
cedar & sage	http://uppercanadasoap.com/	net-error	ENOTFOUND
cerruti 1881	https://www.cerruti.com/	net-error	ENOTFOUND
cappellificio fiorentino	http://www.cappellificiofiorentino.it/?lang=en%3Futm_source%3DGoodOnYou+App	dns-dead	NXDOMAIN @1.1.1.1+8.8.8.8
club champion	https://clubchampion.com/	blocked	403
castle baths anna	http://www.castlebaths.com/	blocked	403
chelsea peers	https://www.chelseapeersnyc.com/	net-error	ENOTFOUND
coco d'este	https://www.cocodeste.com/	net-error	ENOTFOUND
d'zzit	https://www.dazzle-fashion.com/	net-error	ENOTFOUND
casual friday	https://www.casual-friday.eu/	alive	200
coco shop	https://cocoshopwi.com/	net-error	ENOTFOUND
da beauty with jacalyn rae	https://donnysangel.com/pages/da-beauty-with-jacalyn-rae	net-error	ENOTFOUND
café coton	https://www.cafecoton.fr/	net-error	ECONNREFUSED
budgy smuggler	https://budgysmuggler.com.au/	alive	200
colorado threads	https://coloradothreads.com/	net-error	ENOTFOUND
cerruti	https://www.cerruti.com/	net-error	ENOTFOUND
dressterior	https://store.world.co.jp/s/brand/dressterior/	net-error	ENOTFOUND
chatelles	https://www.mychatelles.com/	alive	200
denina mártin collection	https://shop.deninamartin.com/	net-error	ENOTFOUND
comma	https://www.comma-store.eu/	net-error	ENOTFOUND
desmond & dempsey	https://desmondanddempsey.com/	net-error	ENOTFOUND
cia do terno	https://www.ciadoterno.com.br/	net-error	ENOTFOUND
dakine	https://www.dakine.com/	alive	200
cultureopolis	https://cultureopolis.com/	net-error	ENOTFOUND
corrente	https://www.akarshoes.com/	alive	200
dame perfumery	https://dameperfumery.com/	alive	200
danskin	https://www.danskin.com/	net-error	ENOTFOUND
dana rebecca designs	https://www.danarebeccadesigns.com/	alive	200
ch!iii	https://chiiiibag.com/	net-error	ENOTFOUND
claudia firenze	https://claudiafirenze.com/	net-error	ENOTFOUND
butcher of blue	https://www.butcherofblue.com/	net-error	ENOTFOUND
doughnut	https://www.doughnutofficial.co.uk/	net-error	ENOTFOUND
earth creations	https://www.earthcreations.net/	dns-flaky	timeout/servfail on both
bosa bodrum sandals	https://www.bodrumsandals.com/	http-dead	402
dj dutchjeans	https://www.vangenniptextiles.com/	net-error	ENOTFOUND
chow tai fook	https://www.chowtaifook.com/	alive	200
chancechance	http://chancechance.co.kr/index.html	alive	200
colours & beauty	https://coloursandbeauty.it/	net-error	ENOTFOUND
corkhouse	https://corkhouse.com/	net-error	ENOTFOUND
claire's	https://www.claires.com/us/	net-error	ENOTFOUND
chambre	https://www.shimamura.gr.jp/chambre/	alive	200
dawn denim	https://www.dawndenim.com/	net-error	ENOTFOUND
dharma bums	https://www.dharmabums.com.au/	net-error	ENOTFOUND
dermatouch	https://homespacollection.com/	net-error	ENOTFOUND
conbipel	https://www.conbipel.com/	alive	200
christine valmy inc.	https://www.christinevalmy.com/	net-error	ENOTFOUND
erbaviva	http://www.erbaviva.com/	alive	200
delvene cockatoo-collins	https://cockatoocollins.com/	alive	200
devane beauty	http://devanebeauty.com/	net-error	ENOTFOUND
canadian tire	https://www.canadiantire.ca/	net-error	ENOTFOUND
doctor optic	https://doctoroptic.cz/	alive	200
colors of california	https://www.colorsofcalifornia.it/	net-error	ENOTFOUND
depalma workwear	https://depalmaworkwear.se/	alive	200
crickit	http://www.crickit.de/	net-error	ENOTFOUND
cubavera	https://www.cubavera.com/	net-error	ENOTFOUND
demellier	https://www.demellierlondon.com/	net-error	ENOTFOUND
de la terre skincare	http://www.delaterreskincare.com/	alive	200
citizens humanity	https://www.citizensofhumanity.com/	net-error	ENOTFOUND
champs sports	https://www.champssports.com/	alive	200
costes	https://www.costesfashion.com/	net-error	ENOTFOUND
cashmere junkies	https://cashmerejunkies.com/	net-error	ENOTFOUND
bylima	https://bylima.nl/	net-error	ENOTFOUND
cohen's fashion optical	https://www.cohensfashionoptical.com/	net-error	ENOTFOUND
cardon	https://cardon.com.ar/	net-error	ENOTFOUND
coalatree	https://coalatree.com/	net-error	ENOTFOUND
constance (shoes brand)	https://www.constance.com.br/	net-error	ENOTFOUND
cocokind	https://www.cocokind.com/	alive	200
d’amante	https://www.kronoshop.com/en	net-error	ENOTFOUND
cutler & gross	https://www.cutlerandgross.com/	net-error	ENOTFOUND
eit swim	https://eitswim.com/think-eco/	alive	200
cristina castañer	https://www.cristinacastaner.com/	alive	200
davi nails	https://davinails.com/	alive	200
davidoff	http://davidoff.com/age-gate	net-error	ENOTFOUND
claq	https://claq.it/	alive	200
comfy copenhagen	https://www.comfycopenhagen.com/	net-error	ENOTFOUND
dear  klairs	https://www.klairs.com/	net-error	ENOTFOUND
club voltaire	https://www.fashionhouse-donnamaria.nl/	net-error	ENOTFOUND
curology	http://www.curology.com/	net-error	ENOTFOUND
designs by olivia grey	http://www.designsbyoliviagrey.com/	alive	200
coccinelle	https://www.coccinelle.com/	alive	200
dockers by gerli	https://www.dockersbygerli.de/	alive	200
denham the jeanmaker	https://www.denhamthejeanmaker.com/	net-error	ENOTFOUND
cinema club	https://www.honeys-onlineshop.com/shop/b/b02/	alive	200
daybird	https://daybird.co/	net-error	ENOTFOUND
davids	http://davids-usa.com/	alive	200
envie de fraise	https://www.enviedefraise.com/	blocked	403
dēawy	http://www.deawy.com/	alive	200
drivemebikini	https://www.drivemebikini.com/	net-error	ENOTFOUND
dermalogica	http://www.dermalogica.com/	alive	200
edward armah	https://www.edwardarmah.com/	net-error	ENOTFOUND
conscious the label	https://www.consciousthelabel.com/	net-error	ENOTFOUND
cooph	https://store.cooph.com/	net-error	ENOTFOUND
chi	https://chi.com/	alive	200
elcove	https://elcove.co/	net-error	ENOTFOUND
coogi	http://www.coogi.com/	net-error	ENOTFOUND
duno	https://www.d-duno.it/	alive	200
castart	https://www.castartclothing.com/	net-error	ENOTFOUND
danish endurance	https://danishendurance.com/	net-error	ENOTFOUND
elkie + co.	https://elkieco.com/	net-error	ENOTFOUND
davida cashmere	https://www.davida.se/	net-error	ENOTFOUND
cosmic drifters	https://cosmicdrifters.com/	alive	200
cloe cassandro	https://www.cloecassandro.com/	http-dead	404
delma	https://www.delma.ch/	net-error	ENOTFOUND
draper james	https://draperjames.com/	net-error	ENOTFOUND
duret paris	https://www.duret-paris.com/	net-error	ENOTFOUND
doré	https://wearedore.com/	net-error	ENOTFOUND
dr. sheffield's original toothpaste	https://www.drsheffieldsnaturals.com/	alive	200
chris cayne	https://www.chriscayne.com/	net-error	ENOTFOUND
circle creations	https://circlecreations.net/	alive	200
daiwa pier39	https://daiwapier39.jp/	net-error	ENOTFOUND
cayler & sons	https://www.caylerandsons.com/	net-error	ENOTFOUND
carnival glam hub	https://www.carnivalglamhub.com/	net-error	ENOTFOUND
brown angel pain butter	https://thebrownangel.com/	alive	200
diega	https://www.diega.fr/	net-error	ENOTFOUND
desavery	http://www.desavery.co/	net-error	ENOTFOUND
donders 1860	https://donders1860.com/	alive	200
dr. bronner's	https://www.drbronner.com/	alive	200
delpozo	https://www.delpozo.com/en/	net-error	ENOTFOUND
darily	https://darily-underwear.pl/	dns-flaky	timeout/servfail on both
engbers	https://www.engbers.com/	net-error	ENOTFOUND
carando	https://www.carando.es/	dns-dead	NXDOMAIN @1.1.1.1+8.8.8.8
doris streich	https://www.dorisstreich.de/	alive	200
dauphinette	https://www.dauphinette.com/	alive	200
deiji studios	https://deijistudios.com/	alive	200
corneliani	https://www.corneliani.com/	net-error	ENOTFOUND
eberhard & co.	http://www.eberhard-co-watches.ch/en/	net-error	ENOTFOUND
cyell	https://www.cyell.com/	alive	200
emilio adani	https://www.emilioadani.com/	alive	200
derdiedas	https://www.derdiedas.de/	alive	200
chemist confessions inc.	http://www.chemistconfessions.com/	net-error	ENOTFOUND
diemonde	https://diemonde.com/	alive	200
cuup	https://shopcuup.com/	http-dead	433
dariadéh	https://dariadeh.com/	alive	200
cream-clothing	https://www.cream-clothing.com/	alive	200
ecko unltd	https://www.ecko.com/	net-error	ENOTFOUND
dyspnea	https://dyspnea.com.au/	alive	200
česká oční optika holding	https://www.orangeoptik.cz/	net-error	ENOTFOUND
diamanti per tutti	https://www.diamantipertutti.com/	net-error	ENOTFOUND
clearspf	http://www.clearspf.com/	net-error	ENOTFOUND
de la vali	https://delavali.com/	net-error	ENOTFOUND
couper et coudre	https://couperetcoudre.com/collections/bags	net-error	ENOTFOUND
devred	https://www.devred.com/	net-error	ENOTFOUND
ck calvin klein	http://www.ck.com/ck/watchesjewelry.aspx	net-error	ENOTFOUND
destination maternity	https://www.destinationmaternity.com/	net-error	ENOTFOUND
clae	https://www.clae.com/	alive	200
davut kültür studios	https://www.davutkulturstudios.com/	net-error	ENOTFOUND
đak	https://www.djaksport.ba/	blocked	403
erdos	https://en.erdos.cn/	net-error	ENOTFOUND
delvaux createur	http://www.delvaux.com/	alive	200
deichmann	https://www.deichmann.com/	alive	200
darn good yarn	https://www.darngoodyarn.com/	alive	200
elsewhere	https://www.elsewherefashion.com/	net-error	ENOTFOUND
crime london	https://www.crimelondon.com/	net-error	ENOTFOUND
desti saint	https://destisaint.com/	net-error	ENOTFOUND
e. gluck corporation	http://www.armitron.com/	alive	200
dndgel	https://dndgel.com/	alive	200
castelijn& beerens	https://www.castelijnenbeerens.com/	net-error	ENOTFOUND
de prati	http://www.deprati.com.ec/	net-error	ENOTFOUND
chorus supernatural	http://www.chorussupernatural.com/	net-error	ENOTFOUND
defacto	https://www.defacto.com.tr/	alive	200
culture	https://www.culture-fashion.com/	alive	200
digel	https://www.digel.de/	net-error	ENOTFOUND
derek lam 10 crosby	https://www.dereklam.com/	alive	200
ca'shott	https://www.cashott.com/	net-error	ENOTFOUND
earth kiss	http://www.loveearthkiss.com/	net-error	ENOTFOUND
ceceba	https://www.ceceba.com/	net-error	ENOTFOUND
crazy rumors	http://crazyrumors.com/	net-error	ENOTFOUND
briju	https://www.briju.pl/	net-error	ENOTFOUND
cuplé	https://www.cuple.com/	net-error	ENOTFOUND
caryl baker visage	https://carylbakervisage.com/	alive	200
cpl1953	http://www.centropel.com/	net-error	ENOTFOUND
eiger	https://eigeradventure.com/	net-error	ENOTFOUND
comme ca	https://www.fivefoxes.co.jp/brand/comme-ca-men.html	net-error	ENOTFOUND
clements ribeiro	https://www.clementsribeiro.com/	http-dead	402
dharmacrafts	https://dharmacrafts.com/	net-error	ENOTFOUND
cult+king	https://cultandking.com/	alive	200
cliganic	https://www.cliganic.com/	alive	200
cilveti	https://www.joyeriacilveti.com/	net-error	ENOTFOUND
chipmunks	https://www.chipmunksfootwear.co.uk/	net-error	ENOTFOUND
dose of colors	http://doseofcolors.com/	net-error	ENOTFOUND
dedoles	https://www.dedoles.sk/	net-error	ENOTFOUND
edie parker	https://edie-parker.com/	net-error	ENOTFOUND
dr.hc	https://drhc-cosmetics.com/	alive	200
ecopeaco.	https://ecopeaco.com/	alive	200
duty free americas	https://dutyfreeamericas.com/	blocked	403
dome beauty	http://www.domebeauty.com/	net-error	ENOTFOUND
descente	https://www.descente.com/	alive	200
chateau de suz	http://chateaudesuz.com/	alive	200
converse	https://www.converse.com/	alive	200
devons jewelers	https://www.devonsjewelers.com/	net-error	ENOTFOUND
dirts	https://www.dirts.eu/	alive	200
cos	https://www.cos.com/	blocked	403
dale of norway	https://www.daleofnorway.com/	alive	200
ctwlk.	https://www.ctwlk.eu/	alive	200
cup of joe (coj) denim	https://www.cojdenim.com/	net-error	ENOTFOUND
classic all blacks	https://blacks-legend.com/	alive	200
coco & kandy	https://cocoandkandy.com/?oid=292&affid=1&source_id=GoY-rating&sub1=brandpage	net-error	ENOTFOUND
dear kate	https://www.dearkates.com/	net-error	ENOTFOUND
dynafit	https://www.dynafit.com/	net-error	ENOTFOUND
buildabagg	https://buildabagg.com/	http-dead	402
colorphlex	https://colorphlex.com/shop/	net-error	ENOTFOUND
by garment makers	https://www.bygarmentmakers.com/	alive	200
cécile jeffrey	https://www.cecilejeffrey.com/	alive	200
edmonds.love	https://edmonds.love/	alive	200
due.	https://duefashion.com/	net-error	ENOTFOUND
danefae	https://www.danefae.dk/	net-error	ENOTFOUND
dfg 1924	https://dfg1924.it/	alive	200
dobell	https://www.dobell.com/	alive	200
ecmile	https://ecmile.shop/	net-error	ENOTFOUND
earth and body wise	http://www.earthbodywise.com/	net-error	ENOTFOUND
cactus plant flea market	https://cactusplantfleamarket.com/	alive	200
calton brown	https://www.caltonbrown.store/	http-dead	402
doc & glo	http://www.docandglo.com/	net-error	ENOTFOUND
claudia li	https://claudia-li.com/	alive	200
dolce vita	https://www.dolcevita.com/	net-error	ENOTFOUND
chella	http://www.chella.com/	net-error	ENOTFOUND
contém1g	http://www.contem1g.com.br/	net-error	ENOTFOUND
dermatologist's choice skincare	http://www.dermchoice.com/	net-error	ENOTFOUND
daquini	https://daquini.com/	net-error	ENOTFOUND
dionis goat milk skincare	https://www.dionisgmskincare.com/	net-error	ENOTFOUND
cycleur de luxe	https://www.cycleurdeluxe.com/	alive	200
carson's	http://www.carsons.com/	alive	200
daimaru shinsaibashi	https://www.daimaru.co.jp/shinsaibashi/	net-error	ENOTFOUND
consenso	https://www.consensobrand.it/	alive	200
de osu	https://www.deosushoes.com/	alive	200
dora larsen	https://doralarsen.com/	net-error	ENOTFOUND
coût de la liberté	https://coutdelaliberte.com/	alive	200
colours & sons	https://www.coloursandsons.com/	alive	200
calzoleria tescana	https://calzoleriatoscana.com/en/	net-error	ENOTFOUND
deux visions	https://deux-visions.com/	net-error	ENOTFOUND
couch	https://www.couchguitarstraps.com/	alive	307
continent clothing	https://continentclothing.com/	alive	200
decadent	https://www.decadentcopenhagen.com/	alive	200
clmx	http://www.intagram.com/	net-error	ENOTFOUND
coco verdure	http://cocoverdure.com/	net-error	ENOTFOUND
elizabeth mott	http://elizabethmott.com/	net-error	ENOTFOUND
dea kudibal	https://www.deakudibal.dk/	net-error	ENOTFOUND
f.a.st by nisim	http://fasthaircare.com/	net-error	ENOTFOUND
e5 mode	https://www.e5.be/	net-error	ENOTFOUND
catherine andré	https://www.catherineandre.com/	alive	200
buttertea	https://buttertea.shop/	net-error	ENOTFOUND
drm-lnd	https://drm-lnd.com/	net-error	ENOTFOUND
coachtopia	https://japan.coach.com/shop/coachtopia	net-error	ENOTFOUND
crushed aftercare inc.	http://www.crushedaftercare.com/	net-error	ENOTFOUND
corsia	https://www.corsiaitalia.com/	net-error	ECONNRESET
dreaming in luna	https://dreaminginluna.com/	dns-dead	NXDOMAIN @1.1.1.1+8.8.8.8
carl f. bucherer	http://www.carl-f-bucherer.com/	alive	200
d'annam	https://dannam.co/	net-error	ENOTFOUND
counter	http://www.counter.com/	net-error	ENOTFOUND
cotton club	https://www.cottonclub.nl/	net-error	ENOTFOUND
curlstate	http://curlstatehair.com/	net-error	ENOTFOUND
dreamers & drifters	https://dreamersanddrifters.com.au/	net-error	ENOTFOUND
consigned	https://www.consigned.co.uk/	net-error	ENOTFOUND
eptm.	https://eptmusa.com/	net-error	ENOTFOUND
duca del cosma	https://www.ducadelcosma.com/	alive	200
comazo	https://www.comazo.de/	alive	200
donnay	https://www.donnay.nl/	net-error	ENOTFOUND
earth divas	https://www.earthdivas.com/	alive	200
cwtch	https://www.urban-research.jp/products/list.php?brand=cwtch	alive	200
desert dyes	https://desertdyes.com/	net-error	ENOTFOUND
cue	https://www.cue.cc/	net-error	ENOTFOUND
carel	https://www.carel.fr/	net-error	ENOTFOUND
dref_by_d	https://drefbyd.com.au/	http-dead	404
castle baths tre'yours	http://www.castlebaths.com/	blocked	403
escada	https://www.escada.com/	alive	200
creed	https://www.creedfragrance.com/	alive	200
ella boutique	https://www.ellaboutique.pl/	alive	200
cresci e perdi	https://crescieperdi.com/	net-error	ENOTFOUND
chantall	https://www.chantallonline.com/	alive	200
bossini.x	https://www.bossinix.cn/	dns-dead	NXDOMAIN @1.1.1.1+8.8.8.8
dannijo	https://dannijo.com/	alive	200
corem	https://thecorem.com/	net-error	ENOTFOUND
dare fashion	https://darefashionusa.com/	net-error	ENOTFOUND
contradictions in ilk	https://www.ilkperfume.com/	net-error	ENOTFOUND
espectone	https://espectone.com/	alive	200
cornelia webb	https://corneliawebb.com/	alive	200
eleventy	https://www.eleventymilano.it/	net-error	ENOTFOUND
daily sports	https://www.dailysports.com/	net-error	ENOTFOUND
collection genesis	https://www.collectiongenesis.com/	net-error	ENOTFOUND
creenstone	https://www.creenstone.com/	net-error	ENOTFOUND
din sko	https://feetfirst.se/dinsko	net-error	ENOTFOUND
famecoco	http://www.famecoco.com/	net-error	UND_ERR_CONNECT_TIMEOUT
duna	https://duna.ua/	alive	200
designer brands	https://www.dsw.com/	net-error	ENOTFOUND
feratt	https://feratt.cz/	net-error	ENOTFOUND
dunham's sports	https://www.dunhamssports.com/	blocked	403
edge of ember	https://edgeofember.com/	net-error	ENOTFOUND
dulce nail sprinkles	http://www.dulcenailsprinkles.com/	net-error	ENOTFOUND
eleanna katsira	https://eleannakatsira.com/eshop/	alive	200
elmas phil	https://www.elmasphil.it/	net-error	ENOTFOUND
etnies	https://etnies.com/	net-error	ENOTFOUND
d’etoiles casiopé	https://www.detoilescasiope.com/	net-error	ENOTFOUND
damat	https://damat.ps/	dns-dead	NXDOMAIN @1.1.1.1+8.8.8.8
elais oils	http://www.elaisoils.com/	dns-dead	NXDOMAIN @1.1.1.1+8.8.8.8
cortefiel	https://cortefiel.com/	net-error	ENOTFOUND
dasmarca hats	https://www.dasmarca.co.uk/	net-error	ENOTFOUND
dreffa	http://www.dreffa.com/	timeout	
elomi	https://www.elomilingerie.com/	alive	200
custommade	https://www.custommade.dk/	alive	200
dr. lift	https://homespacollection.com/	net-error	ENOTFOUND
el palacio de hierro	http://www.elpalaciodehierro.com/	net-error	ENOTFOUND
cotton on body	https://cottonon.com/AU/cottononbody	alive	200
element brooklyn	https://www.elementbrooklyn.com/	net-error	ENOTFOUND
dr. scholl's	https://www.drscholls.com/	alive	200
curl cardio	http://curlcardio.com/	net-error	ENOTFOUND
claudia dean world	https://claudiadeanworld.com/	net-error	ENOTFOUND
d/luca los angeles	https://www.d-luca.com/	dns-dead	NXDOMAIN @1.1.1.1+8.8.8.8
cyrillus	https://www.cyrillus.fr/	net-error	ENOTFOUND
earthdye	https://www.earthdye.com/	net-error	ENOTFOUND
ekonika	https://ekonika.ru/	blocked	401
cholewiński	https://cholewinski.com/	net-error	ENOTFOUND
dai moda	https://shopdai.daimoda.com/	alive	200
diane higgins skincare	http://dianehiggins.com/	net-error	ENOTFOUND
charli cohen	https://charli-cohen.com/	alive	200
discovery clothing company	https://www.discoveryclothing.com/	alive	200
cross jeans	https://www.crossjeans.de/	net-error	ENOTFOUND
dare to roam	https://daretoroam.com/	net-error	ENOTFOUND
dolce crudo	https://chasehaul.com/collections/dolce-crudo	alive	200
faherty	https://fahertybrand.com/	alive	200
fashion for two	https://www.fashionfortwo.shop/el/	dns-dead	NXDOMAIN @1.1.1.1+8.8.8.8
dressmann	https://dressmann.com/	blocked	403
dogo	https://www.dogostore.com/	net-error	ENOTFOUND
duer	https://shopduer.com/	net-error	ENOTFOUND
edgars	https://edgars.co.za/	net-error	ENOTFOUND
einstein newton	https://www.einstein-newton.de/	alive	200
eliurpi	https://www.eliurpi.com/	net-error	ENOTFOUND
costume privé paris	https://www.costume-prive-paris.com/	net-error	ENOTFOUND
deuter	https://www.deuter.com/	net-error	ENOTFOUND
dollcake skincare	http://www.dollcakeskincare.com/	net-error	ENOTFOUND
christine laure	https://www.christine-laure.fr/	net-error	ENOTFOUND
e.l.v. denim	https://elvdenim.com/?oid=269&affid=1&source_id=GoY-rating&sub1=brandpage	net-error	ENOTFOUND
dosé lab	https://doselab.ch/	net-error	ENOTFOUND
dealbodies	https://dealbodies.com/	net-error	ENOTFOUND
dwell and slumber	https://dwellandslumber.com/	net-error	ENOTFOUND
deinde	http://deinde.com/	net-error	ENOTFOUND
decoy since 1981	https://www.crossplus.jp/shop/decoy/	blocked	403
evolved by nature	https://skincare.evolvedbynature.com/	alive	200
em’z blendz soap co.	http://emzblendz.com/	net-error	ENOTFOUND
designers remix	https://designersremix.com/	net-error	ENOTFOUND
evén	https://even-online.com/	alive	200
dinh van	https://www.dinhvan.com/	net-error	ENOTFOUND
ewers	https://www.ewers-struempfe.de/	alive	200
doppelgänger	https://www.doppelganger.it/	net-error	ENOTFOUND
dk company	http://www.dkcompany.dk/	net-error	ENOTFOUND
cocosolis	https://cocosolis.com/de/	net-error	ENOTFOUND
equipment	https://www.equipmentfr.com/	alive	200
eau de mélisse des carmes	https://eaudemelisse.com/	net-error	ENOTFOUND
devotion twins	https://www.devotion.gr/	alive	200
circles and cycles	http://www.circlesandcyclesalchemy.com/	net-error	ENOTFOUND
deadsoxy	https://deadsoxy.com/	alive	200
canopy verde	https://www.canopyverde.com/	net-error	ENOTFOUND
earthley wellness	http://www.earthley.com/	net-error	ENOTFOUND
dr. denim	https://www.drdenim.com/	alive	200
deni cler milano	https://denicler.eu/	net-error	ENOTFOUND
denoir cosmetics	http://denoircosmetics.com/	net-error	ENOTFOUND
dr. eddie's facial fortress	https://facialfortress.com/	net-error	ENOTFOUND
eberjey	https://eberjey.com/	alive	200
elvine	http://www.elvine.se/	net-error	ENOTFOUND
elodie's naturals	https://elodiesnaturals.com/	alive	200
django & juliette	https://www.djangoandjuliette.com.au/	net-error	ENOTFOUND
each other	https://www.each-other.com/en/	net-error	ENOTFOUND
feners	https://feners.com/	alive	200
ebel	http://www.ebel.com/	blocked	403
cycleing	https://cycleing.stores.jp/	net-error	ENOTFOUND
evisu	https://www.evisu.com/	net-error	ENOTFOUND
ecoright	https://www.ecoright.com/	net-error	ENOTFOUND
émoi émoi	https://en.emoi-emoi.com/	net-error	ENOTFOUND
dockers	https://www.dockers.com/	net-error	ENOTFOUND
cleverman	https://becleverman.com/	alive	200
eight & bob	https://usa.eightandbob.com/	alive	200
casas	https://www.casasclub.com/en	alive	200
fina garcia	https://finagarcia.com/	net-error	ENOTFOUND
demeter fragrance library	http://www.demeterfragrance.com/	net-error	ENOTFOUND
double dutchess	https://www.doubledutchesspolish.com/	net-error	ENOTFOUND
desal	https://desal.in/	net-error	ENOTFOUND
emerica	http://emerica.com/	net-error	ENOTFOUND
fokus očná optika	https://fokusoptika.sk/	net-error	ENOTFOUND
damanci®	https://damanci.com/	net-error	ENOTFOUND
elisabetta franchi	https://www.elisabettafranchi.com/	alive	200
craghoppers	https://www.craghoppers.com/	net-error	ENOTFOUND
developer boutique	https://developerboutique.com/	dns-dead	NXDOMAIN @1.1.1.1+8.8.8.8
coulange	https://coulange1918.com/	net-error	ENOTFOUND
cue jewelry	https://cuejewelry.com/	dns-dead	NXDOMAIN @1.1.1.1+8.8.8.8
edited	https://www.edited.de/	alive	200
didriksons	https://www.didriksons.com/	net-error	ENOTFOUND
coq en pâte	http://www.coqenpate.com/	net-error	ENOTFOUND
east 29th	http://www.east29th.com/	net-error	ENOTFOUND
dunnock and hinny	http://www.dunnockandhinny.com/	blocked	401
fayettechill	https://www.fayettechill.com/	net-error	ENOTFOUND
dl1961	https://www.dl1961.com/	net-error	ENOTFOUND
etq	https://www.etq-amsterdam.com/	net-error	ENOTFOUND
era watch company	https://www.edox.ch/	net-error	ENOTFOUND
emling	https://www.emling.fr/en/	net-error	ENOTFOUND
elina organics	https://elinaorganics.com/	alive	200
dbe jewels	https://www.dbejewels.com/	http-dead	402
eisenberg paris	http://www.eisenberg.com/	net-error	ENOTFOUND
fob paris	https://www.fob-paris.com/	net-error	ENOTFOUND
e’serdiv	https://eserdiv.com/	alive	200
facetory	https://www.facetory.com/	alive	200
demonia	https://demoniacult.com/	net-error	ENOTFOUND
dr. eddie's happy cappy	https://happycappyshampoo.com/	net-error	ENOTFOUND
dr. sylma	http://www.drsylma.com/	alive	200
comunitymade	https://comunitymade.com/	net-error	ENOTFOUND
dk active	https://www.dkactive.com/?oid=32&affid=1&source_id=GoY-rating&sub1=brandpage	alive	200
cognomen	https://cognomen.jp/	net-error	ENOTFOUND
ecozz	https://www.ecozz.com/	net-error	ENOTFOUND
control corrective skincare systems	http://www.controlcorrective.com/	net-error	ENOTFOUND
donni.	https://shopdonni.com/	net-error	ENOTFOUND
dunhill	https://www.dunhill.com/	alive	200
fomin soap	http://fominsoap.com/	net-error	ENOTFOUND
equestrian stockholm	https://equestrianstockholm.com/	net-error	ENOTFOUND
el ganso	https://www.elganso.com/	net-error	ENOTFOUND
eurthlin	https://eurthlin.com/	dns-dead	NXDOMAIN @1.1.1.1+8.8.8.8
eby	https://shop.join-eby.com/	net-error	ENOTFOUND
fulton	https://walkfulton.com/	net-error	ENOTFOUND
ebbe	https://www.ebbekids.com/	net-error	ENOTFOUND
esprit	https://www.esprit.de/	dns-dead	NXDOMAIN @1.1.1.1+8.8.8.8
dibs	http://www.dibsbeauty.com/	net-error	ENOTFOUND
emoi	https://emoi.fashion/	net-error	ENOTFOUND
esby apparel	https://www.esbyapparel.com/	net-error	ENOTFOUND
ethical earth store	https://ethicalearthstore.com/	alive	200
fiorucci	https://www.fiorucci.com/	net-error	ENOTFOUND
derrick	https://derrick.london/	dns-dead	NXDOMAIN @1.1.1.1+8.8.8.8
fathers & sons	https://www.fatherandsons.fr/	net-error	ENOTFOUND
eah chanie	https://www.aliexpress.com/i/3256808284482327.html?gatewayAdapt=4itemAdapt%3Futm_source%3DGoodOnYou+App	net-error	ENOTFOUND
elena rosenberg	http://www.elenarosenberg.com/	tls-error	ERR_TLS_CERT_ALTNAME_INVALID
ep soak by san francisco salt co	https://epsoak.com/	net-error	ENOTFOUND
ergobag	https://www.ergobag.de/	net-error	ENOTFOUND
d'urban	https://www.d-urban.com/	net-error	ENOTFOUND
editions de parfums frédéric malle	https://www.fredericmalle.com/	net-error	ENOTFOUND
dr. idriss	https://www.dridriss.com/	alive	200
elfs	https://www.elfs.hr/	net-error	ENOTFOUND
el vaquero	https://www.elvaquero.it/	alive	200
closure london	https://www.closurelondon.com/	alive	200
des petits hauts	https://www.despetitshauts.com/	net-error	ENOTFOUND
evan kinori	https://www.evankinori.com/shop	net-error	ENOTFOUND
dr. alkaitis organics  llc	http://alkaitis.com/	alive	200
eli 1957	https://eli1957.com/	alive	200
fairy tales hair care	http://fairytaleshaircare.com/	net-error	ENOTFOUND
factorie	https://www.factorie.com.au/	net-error	ENOTFOUND
by rosie jane	http://www.byrosiejane.com/	alive	200
finny rute	http://www.finnyrute.co/	alive	200
ella k parfums	https://www.ellakparfums.com/	net-error	ENOTFOUND
dwrs label	http://www.dwrslabel.com/	net-error	ENOTFOUND
father & sons	http://www.fatherandsons.fr/	net-error	ENOTFOUND
collection of style	https://cos.com/	blocked	403
dorsu	https://shopdorsu.com/?oid=69&affid=1&source_id=GoY-rating&sub1=brandpage	alive	200
everneat	https://everneat.co/	alive	200
esas nyc	http://www.esasnyc.com/	net-error	ENOTFOUND
esthetic health	https://www.esthetichealth.be/	dns-dead	NXDOMAIN @1.1.1.1+8.8.8.8
domiamia	https://domiamia.com/	http-dead	402
fur	http://furyou.com/	net-error	ENOTFOUND
decadent copenhagen	https://www.decadentcopenhagen.dk/	net-error	ENOTFOUND
ellastiek	https://ellastiek.com/	alive	200
dick's house of sport	https://www.dickssportinggoods.com/s/houseofsport	net-error	ENOTFOUND
donsje	https://www.donsje.com/	net-error	ENOTFOUND
cotopaxi	https://www.cotopaxi.com/	alive	200
dr.kong	https://www.dr-kong.com.hk/	net-error	ENOTFOUND
frankie and coco pdx	https://frankieandcocopdx.com/	alive	200
comme des garçons	https://www.comme-des-garcons.com/	net-error	ENOTFOUND
earth mama organics	https://earthmamaorganics.com/	net-error	ENOTFOUND
elena miro	https://www.elenamiro.com/	net-error	ENOTFOUND
elvira collections	https://elvira-collections.com/	alive	200
crafsto	https://crafsto.jp/	net-error	ENOTFOUND
costo	https://www.costo.fi/	alive	200
dimples	https://www.dimples.co.nz/	alive	200
erly	http://itserly.com/	alive	200
dior	https://www.dior.com/	blocked	403
flo	https://www.flo.com.tr/	alive	200
eyebrow plus	https://www.eyebrowplus.com/	alive	200
clothing junction	https://clothingjunction.co.za/	net-error	ENOTFOUND
eco-dent international	http://www.eco-dent.com/	alive	200
falla finland	https://fallafinland.com/	net-error	ENOTFOUND
eyd - humanitarian clothing	https://www.eyd-clothing.com/	alive	200
doshi	https://doshi.shop/	alive	200
cvlcha	https://www.cvlcha.com/	alive	200
fly3	https://www.fly3.it/	net-error	ENOTFOUND
dylan's tees	https://dylanstees.com/	net-error	ENOTFOUND
charol	https://charol.jp/shop/default.aspx	dns-dead	NXDOMAIN @1.1.1.1+8.8.8.8
forét	https://www.foretstudio.dk/	alive	200
dolly beauty	https://dollybeauty.com/	net-error	ENOTFOUND
dub	https://www.dubapparels.com/	net-error	ENOTFOUND
elements of freedom	https://www.elementsoffreedom.nl/	http-dead	402
exisport	https://www.exisport.com/	blocked	403
eos	http://www.evolutionofsmooth.com/	net-error	ENOTFOUND
elvang denmark	https://www.elvangdenmark.dk/	net-error	ENOTFOUND
citizens of humanity	https://www.citizensofhumanity.com/	alive	200
erke	https://en.erke.com/	net-error	ENOTFOUND
crash baggage	https://crashbaggage.com/en/	net-error	ENOTFOUND
ego	https://ego.co.uk/	net-error	ENOTFOUND
dodo's	https://www.dodos.co.za/	net-error	ENOTFOUND
dorvene	https://dorvene.com/	dns-flaky	timeout/servfail on both
elegantees	https://elegantees.com/	alive	200
franco tucci	https://tuccitime.com/	net-error	ENOTFOUND
esme	https://weareesme.com/	alive	200
de puta madre 69	http://deputamadreshop.com/	blocked	403
dranella	https://www.dranella.com/en-en	net-error	ENOTFOUND
finsk	http://finsk.com/	net-error	ENOTFOUND
dstld	https://www.dstld.com/	net-error	ENOTFOUND
enlighten clothing co	https://enlightenclothingcompany.com/	alive	200
ezze wear	https://www.ezzewearstore.ca/	net-error	ENOTFOUND
expressions parfumées	https://www.epparfums.com/en/	net-error	ENOTFOUND
ganor dominic	https://ganordominic.com/	net-error	ENOTFOUND
dew e dew e	https://dewedewe.com/	alive	200
faith	https://www.faith.se/	alive	200
era department stores	https://era.com.cy/	net-error	ENOTFOUND
doctor cutillas	https://www.doctorcutillas.com/	net-error	ENOTFOUND
cyma watches	http://www.cyma.ch/	net-error	ENOTFOUND
essentials everything	http://www.essentialseverything.com/	alive	200
epøkhe	https://www.epokhe.co/	net-error	ENOTFOUND
floral spell	http://floralspell.co/	net-error	ENOTFOUND
g.i.g.a. dx	https://www.killtec.de/	alive	200
emon	https://www.underwear.com.tw/	alive	200
essen	https://essenthelabel.com/?oid=319&affid=1&source_id=GoY-rating&sub1=brandpage	net-error	ENOTFOUND
garcia	https://b2b.wearegarcia.com/	net-error	ENOTFOUND
eagle creek	https://www.eaglecreek.com/homepage.html	net-error	ENOTFOUND
critter mountain wear	https://crittermountaingear.com/	tls-error	ERR_TLS_CERT_ALTNAME_INVALID
culya	https://culya.com/	net-error	ENOTFOUND
esthetic center	https://www.esthetic-center.com/	alive	200
ermanno scervino	https://www.ermannoscervino.com/	net-error	ENOTFOUND
ekn footwear	https://www.eknfootwear.com/	alive	200
cvrd fashion	https://www.cvrdcollection.com/	alive	200
fassbender	https://myfassbender.com/	net-error	ENOTFOUND
fashion brand company	https://www.fashionbrandcompany.com/	net-error	ENOTFOUND
gabbiano denim	https://www.gabbianodenim.com/	alive	200
capezio	https://www.capezio.com/	net-error	ENOTFOUND
dphue	https://www.dphue.com/	alive	200
emily van den bergh	https://yours-emily.de/	net-error	ENOTFOUND
emily week	https://ew.baycrews.co.jp/	alive	200
dion lee	https://global.dionlee.com/	dns-flaky	timeout/servfail on both
gas bijoux	https://www.gasbijoux.com/	net-error	ENOTFOUND
evaluna shoes	https://www.evalunashoes.com/	net-error	ENOTFOUND
dr. martens	https://www.drmartens.com/	net-error	ENOTFOUND
everist	https://helloeverist.com/	net-error	ENOTFOUND
enviroscent	http://enviroscent.com/	net-error	ENOTFOUND
farm rio	https://www.farmrio.com/	net-error	ENOTFOUND
fratelli rossetti	https://www.fratellirossetti.com/	net-error	ENOTFOUND
everpress	https://everpress.com/	alive	200
crunchi	http://www.crunchi.com/	alive	200
eating the goober	https://www.eatingthegoober.com/	net-error	ENOTFOUND
dermophil indien	http://www.dermophil.fr/	net-error	ENOTFOUND
ética	https://eticadenim.com/	net-error	ENOTFOUND
femkit	https://www.femkit.de/	net-error	ENOTFOUND
doctor hopiola	https://drhopiola.com/	alive	200
f_wd	https://www.fwd-react.com/	tls-error	ERR_TLS_CERT_ALTNAME_INVALID
ftc cashmere	https://shop.ftc-cashmere.com/	net-error	ENOTFOUND
greater than beauty	https://greaterthanbeauty.co/	net-error	ENOTFOUND
colloseum	https://colloseumfashion.com/	net-error	ENOTFOUND
envy	https://klarandco.com/	net-error	ENOTFOUND
feller	https://www.feller.clothing/	net-error	ENOTFOUND
democratique socks	https://www.democratiquesocks.com/	net-error	ENOTFOUND
chilli beans	https://loja.chillibeans.com.br/	net-error	ENOTFOUND
cordwainer	https://www.cordwainer.es/	net-error	ENOTFOUND
furla	https://www.furla.com/	net-error	ENOTFOUND
cotton candy	https://www.cottoncandy-fashion.de/	net-error	ENOTFOUND
ed. pinaud	http://ed-pinaud.com/	net-error	ENOTFOUND
emily & noah	https://www.emilyundnoah.com/	net-error	ENOTFOUND
dr. sorbie	https://www.drsorbie.co.il/	net-error	ENOTFOUND
everymood	https://everymood.com/	net-error	ENOTFOUND
diamond supply co.	https://www.diamondsupplyco.com/	net-error	ENOTFOUND
ellesse	https://www.ellesse.com/	net-error	ENOTFOUND
grupo famsa	https://www.famsa.com/	net-error	ENOTFOUND
copenhagen studios	https://www.copenhagenstudios.com/	net-error	ENOTFOUND
fazbulous	https://www.fazbulous.com/	tls-error	ERR_TLS_CERT_ALTNAME_INVALID
fiorella rubino	https://www.fiorellarubino.com/	alive	200
frederic m	https://www.fredericm.com/fr-fr/catalog/parfums	alive	200
duke + dexter	https://dukeanddexter.com/	net-error	ENOTFOUND
eau de juice	http://www.luxebrands.com/	net-error	ENOTFOUND
flavia aranha	https://www.flaviaaranha.com/	dns-flaky	timeout/servfail on both
frankie4	https://frankie4.com/	alive	200
ellyla	https://ellyla.com/	net-error	ENOTFOUND
elsien gringhuis	https://www.elsiengringhuis.com/	alive	200
felisi	https://www.felisibagsandbelts.it/	net-error	ENOTFOUND
delikate rayne	https://www.delikaterayne.com/	net-error	ENOTFOUND
fitshop	https://www.fitshop.de/	alive	200
finncomfort	https://www.finncomfort.de/	alive	200
fairma ethical design	https://fairma.pl/en/	http-dead	404
fae	https://www.fae.house/	net-error	ENOTFOUND
emanate essentials	https://emanateessentials.com/	net-error	ENOTFOUND
el nuevo mundo	https://elnuevomundo.com/	alive	200
compagnia italiana	https://www.compagniaitaliana.it/	net-error	ENOTFOUND
einrlloris	http://einrlloris.com/	dns-dead	NXDOMAIN @1.1.1.1+8.8.8.8
erl	https://erl.store/	net-error	ENOTFOUND
ettitude	https://www.ettitude.com.au/?oid=33&affid=1&source_id=GoY-rating&sub1=brandpage	alive	200
estelí	http://www.estelibody.com/	alive	200
f. hinds	https://www.fhinds.co.uk/	net-error	ENOTFOUND
ericeira surf & skate	https://ericeirasurfskate.pt/pt/en/	net-error	ENOTFOUND
forvert	https://www.forvert.com/	tls-error	CERT_HAS_EXPIRED
flexi	https://www.flexi.com.mx/	net-error	ENOTFOUND
fernando jorge	https://www.fernandojorge.co.uk/	net-error	ENOTFOUND
dollylocks	https://www.dollylocks.com/	net-error	ENOTFOUND
enruini	https://mp.weixin.qq.com/s?__biz=MjM5ODA1MDAyMA==&mid=2670367025&idx=3&sn=0bd77ced073acf4bf5148c7c56347dbf&chksm=bdfed77896224d8a106fca48d7f135beb0b5c58c781fa4c6346f31e52df9afecd070d8882250&scene=27	alive	200
european culture	https://www.european-culture.it/	net-error	ENOTFOUND
fast-fix jewelry and watch repair	https://fastfix.com/	alive	200
fraenck	https://fraenck.com/	net-error	ENOTFOUND
damselfly	https://www.damselflyorganicclothing.com/	net-error	ENOTFOUND
funk since 1776	https://www.funk-since-1776.com/	alive	200
goat organic apparel	https://goatorganicapparel.com/	net-error	ENOTFOUND
centauro	https://centauro.com.br/	net-error	ENOTFOUND
emma jonnz beauty	https://www.emmajonnzbeauty.com/	dns-dead	NXDOMAIN @1.1.1.1+8.8.8.8
familyshoes	https://www.familyshoes.com.tw/	net-error	ENOTFOUND
citron vert	https://citron-vert.fr/	net-error	ENOTFOUND
daily paper	https://www.dailypaperclothing.com/	net-error	ENOTFOUND
emilio pucci	https://www.emiliopucci.com/en-us/	dns-flaky	timeout/servfail on both
cynxla	https://www.cynxla.com/	dns-dead	NXDOMAIN @1.1.1.1+8.8.8.8
doucal's	https://www.doucals.com/	alive	200
delacourte paris	https://delacourte.com/	net-error	ENOTFOUND
f. king golf	https://www.fkinggolf.com/	alive	200
filmus13	https://filmus13.com/	alive	200
ellegemz	https://ellegemz.com/	tls-error	ERR_SSL_SSL/TLS_ALERT_HANDSHAKE_FAILURE
fin & vince	https://finandvince.com/	net-error	ENOTFOUND
elefanten	https://www.elefanten.de/	net-error	ENOTFOUND
dxl men's apparel	https://www.dxl.com/	alive	200
doops designs	https://www.doopsdesigns.com/	net-error	ENOTFOUND
dl sport	https://www.dlsport.it/	net-error	ENOTFOUND
dansk copenhagen	https://www.danskcopenhagen.dk/	dns-flaky	timeout/servfail on both
embrogo	https://embrogobrand.com/	net-error	ENOTFOUND
gant	https://tr.gant.com/	dns-dead	NXDOMAIN @1.1.1.1+8.8.8.8
deckers x lab	https://deckersxlab.com/	net-error	ENOTFOUND
frisur	https://www.frisurclothing.com/	net-error	ENOTFOUND
escora	https://www.escora-dessous.de/	net-error	UND_ERR_CONNECT_TIMEOUT
fann retail	https://www.fann.cz/	net-error	ENOTFOUND
emmi	https://emmi.jp/	net-error	ENOTFOUND
formless beauty	https://formlessbeauty.com/	net-error	ENOTFOUND
gill marine	https://www.gillmarine.com/	alive	200
form and fold	https://formandfold.com/	net-error	ENOTFOUND
country road	https://www.countryroad.com/	net-error	ENOTFOUND
frett	https://frett.life/	alive	200
darby mack	https://www.darbymack.com/	dns-dead	NXDOMAIN @1.1.1.1+8.8.8.8
eloquii	https://www.eloquii.com/	net-error	ENOTFOUND
do.no.ma	https://donomaworld.com/	dns-dead	NXDOMAIN @1.1.1.1+8.8.8.8
eileen west	https://www.eileenwest.com/	net-error	ENOTFOUND
gore® wear	https://www.gorewear.com/	net-error	ENOTFOUND
daisy blue naturals	https://daisybluenaturals.com/	net-error	ENOTFOUND
ellen tracy	https://ellentracy.com/	net-error	ENOTFOUND
diane von furstenberg	https://www.dvf.com/	alive	200
dehiya beauty	https://dehiyabeauty.com/	alive	200
danier	https://danier.com/	alive	200
faithfull the brand	https://www.faithfullthebrand.com/	net-error	ENOTFOUND
dreaming green boutique inc	https://www.dreaminggreenboutique.ca/	alive	200
goldsign	https://goldsigndenim.com/	net-error	ENOTFOUND
e. tautz	https://etautz.com/	net-error	ENOTFOUND
dreimaster	https://www.drei-master.de/	net-error	ENOTFOUND
hard night good morning	http://www.hardnightgoodmorning.com/	net-error	ENOTFOUND
gilda tonelli	https://gildatonelli.it/	net-error	ENOTFOUND
dress like flo	https://www.flo.nl/	net-error	ENOTFOUND
daikokuya	http://www.mmjp.or.jp/daikokuya/	dns-flaky	timeout/servfail on both
etnia barcelona	https://www.etniabarcelona.com/us/en	net-error	ENOTFOUND
georgespaul	https://georgespaul.fr/	net-error	ENOTFOUND
fleur du mal	https://www.fleurdumal.com/	net-error	ENOTFOUND
flowers for friends	https://www.flowers-for-friends.com/	net-error	ENOTFOUND
footnanny	http://www.footnanny.com/	alive	200
éxito	https://www.exito.com/	net-error	ENOTFOUND
fortify	http://www.fortifyskincare.com/	net-error	ENOTFOUND
dissona	http://www.dissona.com/	net-error	ENOTFOUND
first resort by ramola bachchan	https://www.firstresort.in/	net-error	ENOTFOUND
dodo	https://www.dodojewels.com/	net-error	ENOTFOUND
de bonne facture	https://debonnefacture.fr/	net-error	ENOTFOUND
footaction	https://www.footaction.com/	alive	200
e'mar	https://www.emaritaly.com/	net-error	ENOTFOUND
fifthcraftystreet	https://www.fifthcraftystreet.com/	net-error	ENOTFOUND
en vogue sculptured nail systems	https://www.envoguenails.com/	net-error	ENOTFOUND
fable & mane	https://fableandmane.com/	net-error	ENOTFOUND
dimattia & shockly	https://www.dimattia.eu/	tls-error	ERR_SSL_WRONG_VERSION_NUMBER
earth music and ecology	https://stripe-club.com/brand/earth1999/	net-error	ENOTFOUND
elias rumelis	https://elias-rumelis.com/	net-error	ENOTFOUND
esp	https://esp-oslo.no/	net-error	ENOTFOUND
fornarina	https://www.fornarina.com/	alive	200
fenty beauty	https://www.fentybeauty.com/	net-error	ENOTFOUND
elizabeth and james	https://elizabethandjames.us/	alive	200
craig green	https://craig-green.com/	net-error	ENOTFOUND
elle couture	https://ellecouture.shop/	alive	200
glamsquad	https://glamsquad.com/	net-error	ENOTFOUND
eudoxie	https://eudoxie.shop/	net-error	ENOTFOUND
fat moose	https://fatmoosebrand.com/	net-error	ENOTFOUND
elendeek	https://elendeek.com/	net-error	ENOTFOUND
esther perbandt	https://www.estherperbandt.com/	alive	200
epsoak naturals collection	http://www.epsoak.com/	net-error	ENOTFOUND
daheim love	https://www.daheim.love/	alive	200
esotte	https://www.esotte.com/	alive	200
decus beauty	http://decusbeauty.com/	net-error	ENOTFOUND
eva franco	http://www.evafranco.com/	net-error	ENOTFOUND
flower mountain	http://www.flowermountain.com/	net-error	ENOTFOUND
eleven44	https://eleven44.com/	net-error	ENOTFOUND
deux mains	https://deuxmains.com/	alive	200
eivy	https://www.eivyclothing.com/	net-error	ENOTFOUND
elie tahari	https://www.elietahari.com/	net-error	ENOTFOUND
gentiluomo	https://gentiluomo.com/	net-error	ENOTFOUND
franceschetti	https://www.franceschetti.it/	net-error	ENOTFOUND
de siershop	https://www.desiershop.nl/	net-error	ENOTFOUND
george	https://direct.asda.com/george	http-dead	425
ensulo	https://ensulo.jp/	net-error	ENOTFOUND
fruitsfamily	https://fruitsfamily.com/	alive	200
foreva	http://www.foreva.pt/	net-error	ENOTFOUND
emma hyacinth	https://emmahyacinth.com/	alive	200
fuzzi	https://www.fuzzi.com/en/	net-error	ENOTFOUND
elevated	http://www.taylorsnatural.com/	net-error	ENOTFOUND
divine beauty brand	https://divinebeautybrand.com/	net-error	ENOTFOUND
être cécile	https://etrececile.com/	net-error	ENOTFOUND
eurosko	https://www.eurosko.no/	net-error	ENOTFOUND
ez flow	http://ezflow.com/	net-error	ENOTFOUND
freitag	https://www.freitag.ch/	net-error	ENOTFOUND
emilia george	https://emiliageorgeofficial.com/	net-error	ENOTFOUND
denirobootco	https://denirobootco.it/	net-error	ENOTFOUND
enamel	https://enamel.dk/	net-error	ENOTFOUND
cosmoparis	https://www.cosmoparis.com/	net-error	ENOTFOUND
early majority	https://www.earlymajority.com/	net-error	ENOTFOUND
gigue	https://www.gigue.com/	net-error	ENOTFOUND
georg jensen	https://www.georgjensen.com/	net-error	ENOTFOUND
ella baché	http://www.ellabache.com/	net-error	ENOTFOUND
ethyst® skincare	http://ethyst.com/	net-error	ENOTFOUND
do good surf club	https://www.dogoodsurfclub.com/?oid=386&affid=1&source_id=GoY-rating&sub1=brandpage	net-error	ENOTFOUND
gloria!gloria!	https://www.gloria-gloria.com/	net-error	ENOTFOUND
gramicci	https://www.gramicci.com/	net-error	ENOTFOUND
erin snow	https://erinsnow.com/	net-error	ENOTFOUND
go outdoors express	https://www.gooutdoors.co.uk/	alive	200
everyday oil	https://everydayoil.com/	alive	200
feben	https://feben.co/shop	dns-flaky	timeout/servfail on both
genial day	https://www.genialday.com/	net-error	ENOTFOUND
em & may	https://www.emandmay.com/	alive	200
forman mills	https://formanmills.com/	net-error	ENOTFOUND
feel	http://www.thisisfeel.com/	alive	200
ecco	https://nl.ecco.com/	net-error	ENOTFOUND
eastermia	https://www.eastermia.com/	net-error	ENOTFOUND
edie grim	https://ediegrim.com/	alive	200
fondation qualité fleurier	http://www.qualite-fleurier.ch/	alive	200
flatlist	https://www.flatlisteyewear.com/	alive	200
eroke	https://www.eroke.it/	tls-error	ERR_SSL_SSL/TLS_ALERT_HANDSHAKE_FAILURE
gang de paris	https://gangdeparis.com/	alive	200
fashionpower	https://www.fashionpower.eu/	alive	200
earthly body	http://earthlybody.com/	net-error	ENOTFOUND
galiente	https://www.galiente.com/	net-error	ENOTFOUND
diopta	https://diopta.rs/	net-error	ENOTFOUND
frank dandy	https://frankdandy.com/	alive	200
essentiel elements treatment	https://www.gilchristsoames.com/collections/essentiel-elements.html	http-dead	404
freebird	https://www.freebirdicons.com/	alive	200
edenly	https://www.edenly.com/	alive	200
dime beauty	https://dimebeautyco.com/	net-error	ENOTFOUND
cruyff	https://www.cruyff.com/	alive	200
eko-banz	https://ekobanz.com/	net-error	ENOTFOUND
gabor	https://www.gabor.de/	net-error	ENOTFOUND
develab	https://www.develab.com/	net-error	ENOTFOUND
fly london	https://www.flylondon.com/	net-error	ENOTFOUND
és skateboarding	http://esskateboarding.com/	net-error	ENOTFOUND
fabrizio viti	https://fabrizioviti.com/	tls-error	CERT_HAS_EXPIRED
golden head	https://www.goldenhead.de/	net-error	ENOTFOUND
firma schröder	https://www.schrodermodestoffen.nl/	net-error	ENOTFOUND
g.h. bass & co.	http://ghbass.com/	net-error	ENOTFOUND
enza costa	https://www.enzacosta.com/	net-error	ENOTFOUND
dazz cleaning tablets	https://www.dazzcleaner.com/	alive	200
ghanda	https://ghanda.com/	alive	200
frogs and dogs	http://frogsanddogs.nl/	net-error	ENOTFOUND
footnotes	https://www.footnotes.nl/	net-error	ENOTFOUND
el yoga mola	https://elyogamola.com/	net-error	ENOTFOUND
heather	https://www.dot-st.com/heather/	net-error	ENOTFOUND
four wild arrows co.	https://fourwildarrowsco.com/	dns-dead	NXDOMAIN @1.1.1.1+8.8.8.8
farago the label	http://www.faragothelabel.com/	net-error	ENOTFOUND
ethletic	http://ethletic.com/en/about/ethletic/	net-error	ENOTFOUND
dr. loretta	http://www.drloretta.com/	net-error	ENOTFOUND
giomila	https://giomila.com/en/	net-error	ENOTFOUND
deep steep	https://www.deepsteep.com/	net-error	ENOTFOUND
djula	https://www.djula.fr/en/	net-error	ENOTFOUND
gold toe brands	https://www.goldtoe.com/	alive	200
galleria department store	http://www.hanwhagalleria.co.kr/	net-error	ENOTFOUND
faith connexion	https://faithconnexion.com/	net-error	ENOTFOUND
east 42nd	https://www.east42nd.com/	tls-error	ERR_SSL_SSL/TLS_ALERT_HANDSHAKE_FAILURE
fate naturals	http://www.fatenaturals.com/	net-error	ENOTFOUND
dr. amy wechsler	https://spotlessclinics.com/	net-error	ENOTFOUND
faro	https://faro-shop.com/	net-error	ENOTFOUND
gretail	https://www.sam73.cz/	net-error	ENOTFOUND
elena velez	https://www.elenavelez.com/	alive	200
g.h. bass & co	https://ghbass-eu.com/	alive	200
esica	https://esica.shop/	net-error	ENOTFOUND
form & thread	https://formandthread.com/	alive	200
finnmark	https://www.finnmark-clothing.com/	net-error	ENOTFOUND
falcotto	https://www.falcotto.com/	alive	200
fiora muse	https://fioramuse.com/	alive	200
gr10k	https://gr10k.com/	alive	200
departure	https://www.shopdeparture.com/	alive	200
gazel	https://www.gazel.it/	tls-error	ERR_SSL_SSL/TLS_ALERT_HANDSHAKE_FAILURE
fanatics	https://www.fashion-fanatics.com/	tls-error	CERT_HAS_EXPIRED
gabriela hearst	http://www.gabrielahearst.com/	net-error	ENOTFOUND
eva mann	https://eva-mann.com/	net-error	ENOTFOUND
flowfold	https://www.flowfold.com/	alive	200
donguimogam	https://hairofkorean.com/	net-error	ENOTFOUND
good citizens eyewear	https://www.goodcitizens.com.au/?oid=313&affid=1&source_id=GoY-rating&sub1=brandpage	net-error	ENOTFOUND
fly flot	https://www.flyflot.com/	tls-error	CERT_HAS_EXPIRED
goodbaby	https://www.goodbaby.com/en	net-error	ENOTFOUND
freenote cloth	https://www.freenotecloth.com/	tls-error	ERR_SSL_SSL/TLS_ALERT_HANDSHAKE_FAILURE
ferreira signature line	https://ferreirasignatureline.com/	net-error	ENOTFOUND
gretchen	http://www.mygretchen.com/	alive	200
edeniste	https://www.edeniste.com/	alive	200
elliott footwear	https://www.elliottfootwear.com/	alive	200
fashionholic	https://fashionholic.pl/	net-error	ENOTFOUND
eifini	https://www.eifini.com/	net-error	ECONNREFUSED
denise roobol	https://deniseroobol.com/	alive	200
fazarts	https://shop.fazarts.com/	dns-dead	NXDOMAIN @1.1.1.1+8.8.8.8
elonai	https://elonai.us/	net-error	ENOTFOUND
hackett	https://www.hackett.com/uk/en_gb/	net-error	ENOTFOUND
gadea	https://www.gadeashoes.com/	alive	200
graine de pastel	https://grainedepastel.com/	net-error	ENOTFOUND
frédérique constant	https://frederiqueconstant.com/	blocked	403
foodtextile	https://foodtextile.jp/	net-error	ENOTFOUND
filmore	https://www.filmorebrand.com/	net-error	ENOTFOUND
dooney & bourke	https://www.dooney.com/	net-error	ENOTFOUND
good guys don't wear leather	https://goodguysdontwearleather.com/	alive	200
dr. liv skincare ag	https://drliv.com/	alive	200
extraaf	https://www.extraaf.com/	net-error	ENOTFOUND
eyllekskincare	http://www.eyllekskincare.com/	alive	200
dulis	https://dulisshoes.com/	net-error	ENOTFOUND
guest in residence	https://guestinresidence.com/	net-error	ENOTFOUND
fos amsterdam	https://fosamsterdam.nl/	net-error	ENOTFOUND
far eastern department stores	http://www.feds.com.tw/	net-error	ENOTFOUND
finkid	https://www.finkid.de/	net-error	ENOTFOUND
florsheim	https://www.florsheim.eu/	net-error	ECONNREFUSED
fabio rusconi	https://www.fabiorusconi.it/	net-error	ENOTFOUND
eileen & eva	https://eileenandeva.com/	alive	200
eleanor bowmer	https://www.eleanorbowmer.co.uk/	net-error	ENOTFOUND
gertrude+gaston	https://www.gertrude-gaston.com/	net-error	ENOTFOUND
enweis	https://www.enweis.cn/	net-error	ENOTFOUND
forest rhapsody skincare	http://www.forestrhapsodyskincare.com/	alive	200
estate cosmetics	https://estatecosmetics.com/	alive	200
european wax center	https://waxcenter.com/	alive	200
fashion market	https://it.fashion-market.it/	alive	200
face atelier	https://www.faceatelier.com/	net-error	ENOTFOUND
fiveunits	https://www.fiveunits.com/	net-error	ENOTFOUND
fownes brothers	http://www.fownesbrothers.com/	net-error	ENOTFOUND
glashütte original	http://www.glashuette-original.com/	alive	200
glase	https://glase.fr/	alive	200
gang	https://www.gang-fashion.com/	alive	200
frankie morello	http://www.frankiemorello.com/	net-error	ENOTFOUND
dsg disgusto	http://www.dsgdisgusto.com/	net-error	ENOTFOUND
haggar clothing	http://www.haggar.com/	alive	200
foster craft corner	https://www.fostercraftcorner.com/	dns-dead	NXDOMAIN @1.1.1.1+8.8.8.8
dvs shoes	https://www.dvsshoes.com/	alive	200
fetico	https://shop.fetico.jp/	alive	200
episode	https://episode.eu/	net-error	ENOTFOUND
gemlux jewels	https://gemluxjewels.com/	alive	200
fred mello	https://www.fredmello.it/	net-error	ENOTFOUND
ethniks	https://www.ethniks.fr/	net-error	ENOTFOUND
flonatix	http://flonatix.com/	alive	200
inglot cosmetics	https://inglot.pl/	net-error	ENOTFOUND
hessnatur	https://www.hessnatur.com/de/	alive	200
dollop & dew	https://www.dollopanddew.com/	alive	200
colchik	https://www.colchik.com/	alive	200
earthbound trading company	https://www.earthboundtrading.com/	net-error	ENOTFOUND
ecochoices	https://ecochoices.com/	net-error	ENOTFOUND
fitz & huxley	https://www.fitzandhuxley.com/	net-error	ENOTFOUND
hiamond	https://www.hiamond.com/	dns-dead	NXDOMAIN @1.1.1.1+8.8.8.8
evans	https://www.evans.co.uk/	net-error	ENOTFOUND
dr. eddie's dermal defense	https://dermaldefense.com/	alive	200
ginoble	https://www.ginoble.com/	net-error	ENOTFOUND
froddo	https://www.froddo.com/	alive	200
grimey	https://www.grimeywear.com/	net-error	ENOTFOUND
fruit of the loom	https://www.fruit.com/	net-error	ENOTFOUND
guinot	https://www.guinot.com/	alive	200
ecoalf	https://ecoalf.com/	net-error	ENOTFOUND
enfant terrible	https://www.enfantterrible.de/	alive	200
falke	https://www.falke.com/	alive	200
garment project	https://www.garmentproject.com/	net-error	ENOTFOUND
fohly scalp solutions	http://fohlywellness.com/	alive	200
forge men	https://try-forge.com/	net-error	ENOTFOUND
earl of east	https://www.earlofeast.com/	alive	200
edwin usa	https://edwin-usa.com/	net-error	ENOTFOUND
groupe zannier	http://www.kidilizgroup.com/en/	net-error	ENOTFOUND
estéya intimate	https://esteyaintimate.com/	dns-dead	NXDOMAIN @1.1.1.1+8.8.8.8
emma's emporium	https://www.emmasemporium.org/	alive	200
dabidabi	https://dabidabi.de/	alive	200
fujii daimaru	https://www.fujiidaimaru.co.jp/	net-error	ENOTFOUND
french connection	https://eu.frenchconnection.com/	net-error	ENOTFOUND
fray italy	http://www.frayitaly.com/	alive	200
flax	http://www.flaxdesigns.com/	net-error	ENOTFOUND
feetje	https://www.feetje-baby.nl/	tls-error	ERR_TLS_CERT_ALTNAME_INVALID
isetan urawa store	https://www.mistore.jp/store/urawa.html	alive	200
good.clean.goop	https://goodcleangoop.com/	alive	200
dunnes stores	https://www.dunnesstores.com/	net-error	ENOTFOUND
fzotic	https://fzotic.com/	net-error	ENOTFOUND
gog atelier	https://www.gogatelier.com/	dns-flaky	timeout/servfail on both
eye for three	https://eyeforthree.com/	alive	200
gabbiano	https://www.gabbianodenim.com/	alive	200
elliker	http://www.elliker.co.uk/	net-error	ENOTFOUND
giordano	https://www.giordano.com/	alive	200
fransa	https://www.fransa.com/	net-error	ENOTFOUND
fg s.r.l.s.	https://www.fgitalianleatherbags.com/en/	net-error	ENOTFOUND
emily and fin	https://emilyandfin.co.uk/	net-error	ENOTFOUND
g-star raw	https://www.g-star.com/	net-error	ENOTFOUND
ecoology	http://www.ecoology.es/en/	alive	200
emanuele bicocchi	https://www.emanuelebicocchi.it/?lang=en%3Futm_source%3DGoodOnYou+App	net-error	ENOTFOUND
gio	https://giostockings.com/	net-error	ENOTFOUND
ferrany london	https://ferranylondon.com/	net-error	ENOTFOUND
feather and coco	http://featherandcoco.com/	net-error	ENOTFOUND
fleurs de bagne	https://www.fleursdebagne.com/	net-error	ENOTFOUND
freada	https://www.daytona-park.com/brand/freada/?sex=men%3Futm_source%3DGoodOnYou+App	alive	200
epicuren discovery	https://epicuren.com/	net-error	ENOTFOUND
havana postale	https://havanapostale.com/	alive	200
eauso vert	https://eauso.com/	net-error	ENOTFOUND
himalaya clothing	https://www.himalayaclothing.com/	net-error	ENOTFOUND
galen leather	https://www.galenleather.com/	alive	200
costamani	https://www.costamani.dk/	net-error	ENOTFOUND
durea	https://www.durea.nl/	net-error	ENOTFOUND
europtica	https://europtica.com.ar/	alive	200
ecoable	https://ecoable.net/	alive	200
floto	https://www.floto.com/	alive	200
galamaar	https://galamaar.com/	net-error	ENOTFOUND
fritz berger	https://www.fritz-berger.de/	alive	200
fynch-hatton	https://fynch-hatton.com/	net-error	ENOTFOUND
else	https://elselingerie.com/	alive	200
gaastra international sportswear	https://www.gaastrastore.com/	net-error	ENOTFOUND
freck beauty	http://www.freckbeauty.com/	alive	200
henriette steffensen	https://hscph.com/	alive	200
envii	https://www.envii.com/	alive	200
digital game technology	https://digitalgametechnology.com/	alive	200
il gufo	https://www.ilgufo.com/	net-error	ENOTFOUND
fumarel	https://fumarel.shop/es/	http-dead	404
freckles skincare	https://itsfreckles.com/	net-error	ENOTFOUND
i.am+	https://www.iam-clothing.com/	net-error	ENOTFOUND
ginny & jude designs	https://www.ginnyandjude.com/	net-error	ENOTFOUND
gcds	https://gcds.it/	net-error	ENOTFOUND
fejn	https://www.fejn.com/en	net-error	ENOTFOUND
hanni	http://heyhanni.com/	alive	200
hund hund	https://www.hundhund.com/	net-error	ENOTFOUND
furrer jacot	https://www.furrer-jacot.com/	net-error	ENOTFOUND
ground zero clothing	https://www.groundzeroclothing.com/	net-error	ENOTFOUND
finsbury	http://www.finsbury-shoes.com/	alive	200
curvy kate	https://www.curvykate.com/	net-error	ENOTFOUND
grateful body botanical skin care	http://gratefulbody.com/	alive	200
gelly bae	http://www.gellybae.com/	net-error	ENOTFOUND
evil goods	https://evilgoods.com/	alive	200
eczema honey	http://eczemahoneyco.com/	net-error	ENOTFOUND
imps&elfs	https://www.noppies.com/en-uk/imps-elfs/	http-dead	404
herbaceous hair and skin	http://herbaceoushairandskin.com/	dns-dead	NXDOMAIN @1.1.1.1+8.8.8.8
golden goose	https://www.goldengoose.com/	net-error	ENOTFOUND
giovanni	http://www.giovannicosmetics.com/	net-error	ENOTFOUND
flora mirabilis	http://www.floramirabilis.com/	net-error	ENOTFOUND
eoe eyewear	https://www.eoe-eyewear.com/sv/	alive	200
fenella smith	https://fenellasmith.com/	net-error	ENOTFOUND
grunt	https://www.grunt.dk/	net-error	ENOTFOUND
florèz fashion	https://www.florez.nl/	alive	200
fifth house	https://www.fifthhouse.nl/en/	http-dead	404
dresden	https://dresden.vision/	net-error	ENOTFOUND
herbal clinic	https://herbalclinic.ca/	net-error	ENOTFOUND
hawke	https://www.hawke.cc/	net-error	ENOTFOUND
goldpaw	https://goldpawseries.com/	net-error	ENOTFOUND
f-one	http://www.f-one.co.jp/	alive	200
gieschen jewelers	https://www.gieschenjewelers.com/	dns-dead	NXDOMAIN @1.1.1.1+8.8.8.8
donne da sogno	https://www.donnedasogno.it/	net-error	ENOTFOUND
faberlic	https://faberlic.com/	net-error	ENOTFOUND
eckhaus latta	https://eckhauslatta.com/	net-error	ENOTFOUND
hawes & curtis	https://www.hawesandcurtis.com/	net-error	ENOTFOUND
free fly	https://freeflyapparel.com/	net-error	ENOTFOUND
gloria jeans	http://www.gloria-jeans.ru/	net-error	ENOTFOUND
eiji	https://eiji-o.jp/	alive	200
dick's sporting goods	https://www.dickssportinggoods.com/	net-error	ENOTFOUND
hanoveriancrochetco	http://hanoveriancrochetco.com/	net-error	ENOTFOUND
dries van noten	https://www.driesvannoten.com/	net-error	ENOTFOUND
finisterre	https://finisterre.com/	alive	200
greenpoint	http://www.greenpointfashion.com/	net-error	ENOTFOUND
hat attack	https://hatattack.com/	alive	200
guerlain	https://www.guerlain.com/	alive	200
gloria coelho	https://www.gloriacoelho.com.br/	alive	200
figue	https://figue.com/	net-error	ENOTFOUND
for horses	https://forhorses.it/	net-error	ENOTFOUND
earthyskin	http://earthyskin.com/	net-error	ENOTFOUND
gaastra	https://www.gaastrastore.com/	net-error	ENOTFOUND
howlin'	https://howlinknitwear.com/	net-error	ENOTFOUND
goldmark jeweller	https://www.goldmark.co.nz/	net-error	ENOTFOUND
hispanitas	https://www.hispanitas.com/	net-error	ENOTFOUND
gladfolk	https://wearegladfolk.com/	net-error	ENOTFOUND
groceries apparel	https://groceriesapparel.com/	alive	200
erfurt luxury	https://www.erfurtluxury.com/	net-error	ENOTFOUND
hot magic	https://www.gunze.jp/store/r/r5295/	net-error	ENOTFOUND
flâner	https://flanerfragrances.com/	net-error	ENOTFOUND
exoh	http://exoh.co/	net-error	ENOTFOUND
hnst	https://www.letsbehonest.eu/	alive	200
fun2wear	https://casabashop.com/collections/fun2wear	alive	200
gabor shoes	https://www.gabor.de/	net-error	ENOTFOUND
fracomina	https://en.fracomina.com/	net-error	ENOTFOUND
eight saints	https://eightsaintsskincare.com/	net-error	ENOTFOUND
ikka	https://www.cox-online.co.jp/brand/ikka/	alive	200
gerald online	http://www.geraldonline.com/	dns-dead	NXDOMAIN @1.1.1.1+8.8.8.8
evarae	https://evarae.com/	http-dead	402
ginger & smart	https://www.gingerandsmart.com/	dns-flaky	timeout/servfail on both
hi lo the label	https://hilothelabel.com/	net-error	ENOTFOUND
greenjama	https://greenjama.com/	alive	200
histoires de parfums	https://www.histoiresdeparfums.com/	alive	200
gustav	https://www.gustav-denmark.com/	net-error	ENOTFOUND
frances valentine	https://francesvalentine.com/	net-error	ENOTFOUND
flo&sue	https://luxedesigners.com/collections/flo-sue	alive	200
goldbergh	https://www.goldbergh.com/	net-error	ENOTFOUND
elleme	https://elleme.com/	net-error	ENOTFOUND
gung ho design	http://www.gung-ho-design.com/	net-error	ENOTFOUND
emma	https://www.emmafootwear.nl/	alive	200
firn handcrafted	https://www.firnhandcrafted.com/	alive	200
flx activewear	https://www.flxactivewear.com/	dns-dead	NXDOMAIN @1.1.1.1+8.8.8.8
half magic beauty	https://halfmagicbeauty.com/	alive	200
fm2050	https://fm2050.com/	net-error	ENOTFOUND
ic group	http://da.icgroup.net/	dns-dead	NXDOMAIN @1.1.1.1+8.8.8.8
hank player	https://www.hankplayer.com/	net-error	ENOTFOUND
gravel	https://gravel1957.com/	net-error	ENOTFOUND
fur deluxe	https://www.furdeluxe.store/shop	http-dead	404
diverge	https://www.diverge-sneakers.com/	net-error	ENOTFOUND
fair harbor	https://www.fairharborclothing.com/	blocked	403
elli	https://www.ellieclothing.com/	net-error	ENOTFOUND
florena	http://www.beiersdorf.de/karriere/bereiche-und-teams/unsere-tochtergesellschaften/beiersdorf-manufacturing-waldheim	alive	200
ilja	https://www.ilja.nl/	net-error	ENOTFOUND
fashion fusion	https://www.fashionfusion.co.za/	dns-flaky	timeout/servfail on both
erve shop	https://www.erve.shop/	net-error	ENOTFOUND
ernest jones	https://www.ernestjones.co.uk/	net-error	ENOTFOUND
egochef	https://www.egochef.it/	alive	200
drumohr	http://www.drumohr.com/	net-error	ENOTFOUND
etude house	https://www.etudehouse.com/	server-error	502
franklin & marshall	http://www.franklinandmarshall.com/	net-error	ENOTFOUND
guy cotten brand	https://www.guycotten.com/	alive	200
grayeagleleather	https://grayeagleleather.com/	net-error	ENOTFOUND
femmes du sud	https://www.femmesdusud.nl/en/	http-dead	404
ewoke	https://ewokestudio.com/	alive	200
hommeface	https://hommeface.com/	alive	200
gritti	https://www.grittifragrances.com/	alive	200
gazzarrini	https://www.gazzarrini.com/	alive	200
glass onion	https://glass-onion.com/	net-error	ENOTFOUND
haro eyewear	https://www.haroeyewear.com/	net-error	ENOTFOUND
gardenia	https://www.gardeniacopenhagen.com/	net-error	ENOTFOUND
èvoque beauty	https://evoquecares.com/	net-error	ENOTFOUND
foot locker kids	https://www.kidsfootlocker.com/	net-error	ENOTFOUND
damsel in a dress	https://www.damselinadress.com/	alive	200
jansen amsterdam	https://www.jansen-amsterdam.com/	alive	200
helly hansen	https://www.hellyhansen.com/	blocked	403
harris wilson	https://www.harriswilson.fr/	tls-error	ERR_SSL_SSL/TLS_ALERT_HANDSHAKE_FAILURE
goldie lux skin	http://goldieluxskin.com/	net-error	ENOTFOUND
gofuturewithlove	https://gofuturewithlove.de/	dns-dead	NXDOMAIN @1.1.1.1+8.8.8.8
giambattista valli	https://www.giambattistavalli.com/	net-error	ENOTFOUND
gin amber beauty	https://ginamber.com/	alive	200
gioseppo	https://www.gioseppo.com/	net-error	ENOTFOUND
hudson	https://www.hudson-shop.com/	net-error	ENOTFOUND
foolhardy	http://foolhardy.shop-pro.jp/	http-dead	404
g1920	https://www.g1920.de/	net-error	ENOTFOUND
hallyu	https://masque.bar/collections/hallyu.html	net-error	ENOTFOUND
ella+mila	https://www.ellamila.com/	net-error	ENOTFOUND
desires	https://www.desires.dk/	net-error	ENOTFOUND
global work	https://www.globalwork.jp/	net-error	ENOTFOUND
gratefully threaded	https://www.gratefullythreaded.com/	net-error	ENOTFOUND
good medicine beauty lab	http://www.goodmedicinebeautylab.com/	net-error	ENOTFOUND
hibbett sports	https://www.hibbett.com/	blocked	403
gowipe	https://gowipe.co/	net-error	ENOTFOUND
feel confident	https://feelconfident.com/	net-error	ENOTFOUND
gardeur	https://www.atelier-gardeur.de/	net-error	ENOTFOUND
fokus optik	https://fokusoptik.cz/	alive	200
hamilton perkins collection	https://hamiltonperkins.com/collections/shop-bags	net-error	ENOTFOUND
hikesity	https://hikesity.com/	net-error	ENOTFOUND
gondolina	https://gondolinaofficial.com/	net-error	ENOTFOUND
forever care	https://forevercare.plus/	net-error	ENOTFOUND
greendigo	https://greendigo.com/	http-dead	404
enter the e	https://enterthee.jp/	alive	200
farmacy beauty	http://farmacybeauty.com/	net-error	ENOTFOUND
giorgio 1958	https://www.giorgio1958.com/	net-error	ENOTFOUND
gleamin	http://gleamin.com/	alive	200
earth tempo	http://www.guestsupply.com/	blocked	403
elle polish	http://www.ellepolish.com/	net-error	ENOTFOUND
gloow	https://gloow.nl/	alive	200
hopaal	https://hopaal.com/	net-error	ENOTFOUND
hopeshow	http://www.hopeshow.com/main.php	net-error	UND_ERR_CONNECT_TIMEOUT
goodspread	http://www.goodspreadsuncare.com/	net-error	ENOTFOUND
fabula nebulae	http://www.fabulanebulae.com/	net-error	ENOTFOUND
humble baby goods	https://www.humblebabygoods.com/	alive	200
honeylove	https://www.honeylove.com/	alive	200
divoký býk	https://www.divokybyk.cz/	net-error	ENOTFOUND
esthétique brin de beauté	https://www.esthetiquebrindebeaute.com/	alive	200
gina laura	https://www.gina-laura.com/	net-error	ENOTFOUND
harvest & mill	https://www.harvestandmill.com/?oid=88&affid=1&source_id=GoY-rating&sub1=brandpage	net-error	ENOTFOUND
gum	http://www.gum.ru/	net-error	ENOTFOUND
havan	https://www.havan.com.br/	net-error	ENOTFOUND
fera libens	https://feralibens.com/	blocked	403
hawkers estafadores	https://www.hawkersco.com/	net-error	ENOTFOUND
essentiel by adele	https://www.essentielbyadele.com/	net-error	ENOTFOUND
hublot	http://www.hublot.com/	alive	200
happy squad	http://happysquad.ca/	net-error	ENOTFOUND
harunobumurata	https://harunobumurata.com/	net-error	ENOTFOUND
fellows united	https://fellows.nl/	net-error	ENOTFOUND
glamorous	http://www.glamorous.com/	alive	200
époque évolution	https://epoqueevolution.com/	net-error	ENOTFOUND
gracious may	https://www.graciousmay.com/	net-error	ENOTFOUND
forces of nature	http://www.forcesofnaturemedicine.com/	alive	200
ivy copenhagen	https://ivycopenhagen.com/	alive	200
goldwin	https://www.goldwin-sports.com/eu/	net-error	ENOTFOUND
forgotten skincare	http://forgottenskincare.com/	alive	200
helmut lang	https://www.helmutlang.com/	net-error	ENOTFOUND
essentiel element spa	http://hoteliers.gilchristsoames.com/our-products/classic/essentiel-elements-spa/	net-error	ENOTFOUND
gerard darel	https://www.gerarddarel.com/fr_fr/	net-error	ENOTFOUND
études	https://www.etudes-studio.com/	alive	200
frank wright	https://www.frankwrightshoes.com/	alive	200
glisten cosmetics	https://www.glistencosmetics.com/	net-error	ENOTFOUND
jack wolfskin	https://www.jack-wolfskin.de/	alive	200
friendly soap	https://friendlysoap.co.uk/	net-error	ENOTFOUND
harbour 2nd	https://www.harbour2ndshop.de/	net-error	ENOTFOUND
gu zhi	https://guzhimy.com/	dns-dead	NXDOMAIN @1.1.1.1+8.8.8.8
genrage	https://genrage.com/	net-error	ENOTFOUND
esembly	https://esemblybaby.com/	net-error	ENOTFOUND
haboob	https://hellohaboob.com/	tls-error	ERR_TLS_CERT_ALTNAME_INVALID
foufou	https://the-museum-foufou.com/	alive	200
frankies bikinis	https://frankiesbikinis.com/	alive	200
hope & ivy	https://www.hopeandivy.co.uk/	net-error	ENOTFOUND
garçonne	https://garconne.com.au/	net-error	ENOTFOUND
fus-fá-yo	https://www.fusfayo.com/	net-error	ENOTFOUND
guayaberas y mas boutique	https://www.guayaberasymas.com/	alive	200
fusilli	http://fusillihair.com/	net-error	ENOTFOUND
harris scarfe	http://www.harrisscarfe.com.au/	net-error	ENOTFOUND
fraiche	https://fraiche.com.mx/	net-error	ENOTFOUND
indosole	https://www.indosoleeurope.com/	net-error	ENOTFOUND
g|fashion	https://gfashion.com/	dns-flaky	timeout/servfail on both
erlich textil	https://erlich-textil.de/	net-error	ENOTFOUND
identity lingerie	https://identitylingerie.com/	alive	200
forever and a day intimates	https://foreverandaday.com.au/	alive	200
fred segal	https://www.fredsegal.com/	alive	200
emily carter london	https://www.emily-carter.co.uk/	net-error	ENOTFOUND
harlem soul	https://www.harlemsoul.de/	alive	200
inland grove	https://inlandgrove.com/	alive	200
iota	http://iotabody.com/	alive	200
gagliardi	https://gagliardi.eu/	alive	200
gypphy	https://gypphy-shop.com/	alive	200
engineered garments	https://www.engineeredgarments.com/	alive	200
high vibe aromatics	https://www.highvibearomatics.com/	dns-dead	NXDOMAIN @1.1.1.1+8.8.8.8
hikari underwear	https://hikariunderwear.shop-pro.jp/	net-error	ENOTFOUND
good organics	https://www.amazon.com/stores/GoodOrganics/page/3514A607-3CD6-41C1-8646-B6A9089B92D3?lp_asin=B0DBPLGXQH&ref_=ast_bln	alive	200
first base	https://thisisfirstbase.com/	net-error	ENOTFOUND
indee	https://indeecollection.com/	alive	200
ginanni	https://ginannishoes.com/	alive	200
gently radiant skin	https://www.gentlyradiantskin.com/	net-error	ENOTFOUND
icebug	https://icebug.com/	blocked	429
karrimor japan	https://www.karrimor.com/	alive	200
herno	https://www.herno.it/	tls-error	CERT_HAS_EXPIRED
foundling	https://www.foundling.com.au/	alive	200
gandys	https://www.gandyslondon.com/	net-error	UND_ERR_CONNECT_TIMEOUT
finery	https://www.finerylondon.com/	net-error	ENOTFOUND
expresso	http://www.expresso.nl/	blocked	403
erin draper	https://erindraper.com/	net-error	ENOTFOUND
florida fanatic	https://floridafanatic.com/	alive	200
guapapeaks	https://www.guapaco.com/	alive	200
free birdees	https://freebirdees.com/	http-dead	402
h's	http://dop.hopeshow.com/	dns-dead	NXDOMAIN @1.1.1.1+8.8.8.8
human woman	http://www.humanwoman.net/	alive	200
dr. arsy	http://drarsy.com/	alive	200
fila	https://www.fila.eu/	net-error	UND_ERR_CONNECT_TIMEOUT
inkspoon	https://inkspoon.org/	alive	200
flamingos' life	https://www.en.flamingoslife.com/	alive	200
jelmoli	http://www.jelmoli.ch/	alive	200
hiatus retail chain	https://www.hiatus.lt/	alive	200
hoka one one	https://www.hokaoneone.eu/	net-error	ENOTFOUND
j.cat beauty	http://www.jcatbeauty.com/	net-error	ENOTFOUND
hamilton and hare	https://www.hamiltonandhare.com/	net-error	ENOTFOUND
feelori	https://feelori.com/	net-error	ENOTFOUND
fr2	https://fr2.tokyo/	alive	200
hego's milano	https://hegos.eu/	alive	200
fred meyer jewelers	https://www.fredmeyerjewelers.com/	alive	200
fluco	https://www.fluco.de/	net-error	ENOTFOUND
högl	https://hoegl.com/at	net-error	ENOTFOUND
harry winston  inc.	https://www.harrywinston.com/	alive	200
gemstone organic	http://www.gemstoneorganic.com/	net-error	ENOTFOUND
erich fend	http://www.fendfashion.com/	net-error	ENOTFOUND
grandma's natural remedies  inc.	https://www.grandmasnaturalremedies.net/	alive	200
g point	https://gpoint.bg/	net-error	ENOTFOUND
heretic	https://hereticparfum.com/	net-error	ENOTFOUND
etro	https://www.etro.com/	alive	200
immigrant apparel	https://www.immigrantapparel.com/	alive	200
duren	http://www.duren.jp/	net-error	ENOTFOUND
hanro	https://www.hanro.com/	net-error	ENOTFOUND
good alchemy	http://www.goodalchemyhandmade.com/	blocked	403
geggamoja	https://www.geggamoja.com/	net-error	ENOTFOUND
henné organics	https://henneorganics.com/	net-error	ENOTFOUND
goosecraft	https://www.goosecraft.com/	net-error	ENOTFOUND
honestly phresh	http://www.honestlyphresh.com/	net-error	ENOTFOUND
frammy land	https://frammy.land/	net-error	ENOTFOUND
genabelle	https://genabelle.jp/	net-error	ENOTFOUND
happiness is...	https://happinessisinc.com/	net-error	ENOTFOUND
foreo	https://www.foreo.com/	alive	200
gossard	https://www.gossard.com/	net-error	ENOTFOUND
hengst footwear	https://www.hengstfootwear.com/	dns-dead	NXDOMAIN @1.1.1.1+8.8.8.8
izutsuya	https://www.izutsuya.co.jp/	net-error	ENOTFOUND
famous	https://www.urban-classics.net/	net-error	ENOTFOUND
free label	https://freelabel.com/	net-error	ENOTFOUND
fragonard perfumes	https://www.fragonard.com/	net-error	ENOTFOUND
grahams jewellers	https://www.grahams.com.au/	alive	200
grounded people	https://groundedpeople.com/	http-dead	404
iq uv	https://iq-uv.com/en/	alive	200
indilisi	https://indilisi.com/?oid=346&affid=1&source_id=GoY-rating&sub1=brandpage	net-error	ENOTFOUND
finger in the nose	https://www.fingerinthenose.com/	alive	200
glamlite	http://www.glamlite.com/	alive	200
good weather skin	http://goodweatherskin.com/	alive	200
heybode	http://www.heybode.com/	net-error	ENOTFOUND
hills hats	https://hillshats.co.nz/	alive	200
hellenic duty free shops	https://www.dutyfreeshops.gr/	net-error	ENOTFOUND
hoya paris	http://hoya-paris.com/	dns-dead	NXDOMAIN @1.1.1.1+8.8.8.8
glamazon beauty	https://glamazonbeauty.com/	net-error	ENOTFOUND
hiso	https://www.hiso.ca/	net-error	ENOTFOUND
g-lab	https://g-lab.com/	alive	200
head	https://www.head.com/	net-error	ENOTFOUND
gilly hicks	https://www.hollisterco.com/shop/eu/gilly-hicks	blocked	403
hastha katha	https://hasthakatha.com/	alive	200
equivalenza	https://equivalenza.com/	net-error	ENOTFOUND
elder-beerman	http://www.elder-beerman.com/	net-error	ENOTFOUND
jim rickey	https://www.jimrickey.com/	net-error	ENOTFOUND
koral	https://koral.com/	net-error	ENOTFOUND
golbary	https://www.golbary.co.il/	net-error	ENOTFOUND
guterstoff	https://guterstoff.com/	alive	200
jacq	https://jacqny.com/	net-error	ENOTFOUND
fiyta	http://www.fiytagroup.com/	net-error	ENOTFOUND
hylo athletics	https://hyloathletics.com/	net-error	ENOTFOUND
giannico	https://giannicoofficial.com/	dns-dead	NXDOMAIN @1.1.1.1+8.8.8.8
greyder	https://www.greyder.com.tr/	alive	200
g-shock	https://www.g-shock.eu/	net-error	ENOTFOUND
great plains	https://www.greatplains.co.uk/	net-error	ENOTFOUND
grupo elektra	https://www.elektra.com.mx/	net-error	ENOTFOUND
fritzi aus preußen	https://www.fritziauspreussen.de/	net-error	ENOTFOUND
kinky octopus	https://www.kinkyoctopus.com/	net-error	ENOTFOUND
everyday yoga	https://www.everydayyoga.com/	net-error	ENOTFOUND
hearth and homestead llc	http://hearthandhomesteadstore.com/	net-error	ENOTFOUND
iro	https://www.iroparis.com/	alive	200
heelys  inc.	http://www.heelys.com/	alive	200
hartford	https://www.hartford.fr/	net-error	ENOTFOUND
emera cbd haircare	http://www.emerahaircare.com/	net-error	ENOTFOUND
gelato pique	https://gelatopique.com/	blocked	403
giulia	https://giulia-shoes.com/	net-error	ENOTFOUND
jos. a. bank clothiers	https://www.josbank.com/	net-error	ENOTFOUND
hansen garments	https://www.hansengarments.com/	net-error	ENOTFOUND
givenchy	http://www.givenchy.com/	net-error	ENOTFOUND
high society	https://www.highsocietyfashion.de/	net-error	ENOTFOUND
go om yourself	https://www.goomyourself.com/	alive	200
foempies	https://www.foempies.be/	blocked	403
head sports	https://www.head.com/	net-error	ENOTFOUND
great many	http://www.greatmany.com/	alive	200
gary mash	https://www.garymash.com/	alive	200
goldwelt	https://www.goldwelt.com/	dns-dead	NXDOMAIN @1.1.1.1+8.8.8.8
green girl basics	http://www.greengirlbasics.com/	net-error	ENOTFOUND
hoia homespa	https://hoiahomespa.com/	net-error	ENOTFOUND
emel	https://emel.com.pl/	alive	200
helene galwas	https://www.helenegalwas.com/	net-error	ENOTFOUND
kanako sakai	https://kanakosakai.com/	net-error	ENOTFOUND
fydelity	https://www.fydelitybags.com/	net-error	ENOTFOUND
julien brandt	https://julienbrandt.ch/	net-error	ENOTFOUND
hello bello	http://www.hellobello.com/	net-error	ENOTFOUND
facil blanco	https://www.facilblanco.com/	net-error	ENOTFOUND
gunas	https://gunasthebrand.com/	net-error	ENOTFOUND
gigasports	https://www.gigasports.com.hk/	net-error	ENOTFOUND
gerke my pants	https://www.gerke-mypants.de/	net-error	ENOTFOUND
glacé spa clay	http://www.glacespaclay.com/	net-error	UND_ERR_CONNECT_TIMEOUT
graceful district	https://www.gracefuldistrict.com/	alive	200
igor	https://www.igordobranic.com/	net-error	ENOTFOUND
henrik vibskov	https://www.henrikvibskov.com/	http-dead	404
greenpacha	https://www.greenpacha.com/	alive	200
fête impériale	https://en.feteimperiale.fr/	net-error	ENOTFOUND
freak's store	https://www.daytona-park.com/shop/freaks_store?%3Futm_source=GoodOnYou+App	alive	200
k by kaia	https://kbykaia.com/	dns-dead	NXDOMAIN @1.1.1.1+8.8.8.8
fabindia	http://www.fabindia.com/	alive	200
ibex	https://ibex.com/	net-error	ENOTFOUND
havlíkova přírodní apotéka	https://havlikovaapoteka.cz/	net-error	ENOTFOUND
icad universe	https://icad.inescopsolutions.com/	net-error	ENOTFOUND
frescobol carioca	https://www.frescobolcarioca.com/	net-error	ENOTFOUND
heron preston	https://www.heronpreston.com/	net-error	ENOTFOUND
gym + coffee	https://gympluscoffee.com/	net-error	ENOTFOUND
hereness	https://hereness.jp/	net-error	ENOTFOUND
douglas	http://www.douglas.eu/	net-error	ECONNRESET
i pekar	https://ildipekar.com/	net-error	ENOTFOUND
kantjeboord	https://www.kantjeboord.com/	net-error	ENOTFOUND
just bubbly	http://www.justbubbly.com/	alive	200
glassworks	https://glassworkslondon.com/	net-error	ENOTFOUND
john elliott	https://www.johnelliott.com/	net-error	ENOTFOUND
impacto activewear sustentável	https://www.useimpacto.com.br/	tls-error	ERR_TLS_CERT_ALTNAME_INVALID
indivi	https://store.world.co.jp/s/brand/indivi/	blocked	403
hope stockholm	https://www.hope-sthlm.com/	net-error	ENOTFOUND
ilag	https://ilagilag.com/	net-error	ENOTFOUND
highbrow hippie	https://highbrowhippie.com/collections/highbrow-hippie-haircare-and-wellness?gad_source=1	net-error	ENOTFOUND
grandvision	https://www.grandvision.it/	net-error	ENOTFOUND
heart's desire clothing	https://heartsdesireclothing.com/	alive	200
it’real	http://itreal2012.com/stores.html	net-error	ENOTFOUND
halsduk by esmee	https://www.halsdukbyesmee.nl/	net-error	ENOTFOUND
gwyllem	https://gwyllem.com.au/	net-error	ENOTFOUND
hxtn supply	https://www.hxtnsupply.com/	net-error	ENOTFOUND
glacial	https://www.glacialbottle.com/	net-error	ENOTFOUND
glycine watch sa	http://www.glycine-watch.ch/	alive	200
harlow	https://www.harlowstore.com/	net-error	ENOTFOUND
human made	https://humanmade.jp/	net-error	ENOTFOUND
hoodlum fang	https://www.hoodlumfang.com/	dns-dead	NXDOMAIN @1.1.1.1+8.8.8.8
instantfigure	https://instantfigure.com/	net-error	ENOTFOUND
la new international	https://www.lanew.com.tw/	alive	200
gauchere	http://gauchere.com/	alive	200
ilovemixtapes	https://ilovemixtapesshop.gambiocloud.com/	http-dead	404
howies	http://www.howies.co.uk/	net-error	ENOTFOUND
hofleverancier kattenburg	http://www.falconsportswear.com/	net-error	ENOTFOUND
hardy amies	http://www.hardyamies.com/	http-dead	404
hemper	https://hemper.eu/	net-error	ENOTFOUND
frank daniel	https://www.frankdaniel.it/	net-error	ENOTFOUND
fazura beauty	https://www.fazbulous.com/fazurabeauty	tls-error	ERR_TLS_CERT_ALTNAME_INVALID
hara the label	https://harathelabel.com/	net-error	ENOTFOUND
hamilton watch company	http://www.hamiltonwatch.com/	alive	200
international clothiers	https://www.internationalclothiers.com/	alive	200
johshuya	http://www.johshuya.co.jp/	net-error	ENOTFOUND
glassons	https://www.glassons.com/	alive	200
harvest label	https://www.harvestlabel.jp/	net-error	ENOTFOUND
holistic body care llc	http://www.holisticbodycare.com/	net-error	ENOTFOUND
golden equation	https://www.goldenequation.co.uk/	tls-error	ERR_SSL_SSL/TLS_ALERT_HANDSHAKE_FAILURE
jasmil	https://jasmil.com/	alive	200
heligrae	https://heligrae.com/	net-error	ENOTFOUND
hill & friends	https://www.hillandfriends.com/	net-error	ENOTFOUND
germanier	https://kevingermanier.com/	net-error	ENOTFOUND
icing on the face	http://www.apeelaesthetics.com/	alive	200
frassaï	https://frassai.com/	alive	200
huppy	http://behuppy.com/	net-error	ENOTFOUND
law of the sea	https://www.lawofthesea.com/	net-error	ENOTFOUND
fueguia 1833	https://fueguia.com/	net-error	ENOTFOUND
first honey	https://firsthoney.com/	net-error	ENOTFOUND
hangowear	https://www.hangowear.de/	net-error	ENOTFOUND
fablerune	http://fablerune.com/	alive	200
kempa	https://www.kempa-sports.com/	net-error	ENOTFOUND
hanes	https://www.hanes.com/	net-error	ENOTFOUND
inch wormalley	https://www.inchwormalley.com/	http-dead	402
goodsociety	https://www.goodsociety.org/	net-error	ENOTFOUND
gattinoni	http://www.gattinoni.com/	net-error	ENOTFOUND
hare	https://www.dot-st.com/hare/	net-error	ENOTFOUND
fount society	https://www.fountsociety.com/	net-error	ENOTFOUND
gomaye	http://gomaye.com/	http-dead	404
flair	https://www.flair-paris.fr/	alive	200
harwell godfrey	https://www.harwellgodfrey.com/	net-error	ENOTFOUND
hanesbrands	http://www.hanes.com/	net-error	ENOTFOUND
endurelash	http://endurelash.com/	net-error	ENOTFOUND
ggvv	https://m.dianping.com/ugcdetail/268512932?sceneType=0&bizType=29&msource=baiduappugc%3Futm_source%3DGoodOnYou+App	alive	200
hemant and nandita	https://www.hemantandnandita.com/	alive	200
eurocosmesi	https://www.eurocosmesi.com/	alive	200
gallery department	https://gallerydept.com/	alive	200
hyke	https://hyke.jp/	alive	200
jott	https://justoverthetop.com/	net-error	ENOTFOUND
groundtruth	https://www.groundtruth.global/?oid=84&affid=1&source_id=GoY-rating&sub1=brandpage	net-error	ENOTFOUND
hermine hold	https://herminehold.com/	net-error	ENOTFOUND
fusakle	https://www.fusakle.sk/	alive	200
freaks of nature	https://freaksofnature.com/	net-error	ENOTFOUND
hunza g	https://www.hunzag.com/	net-error	ENOTFOUND
ivanhoe of sweden	https://ivanhoe.se/en	net-error	ENOTFOUND
gratis	http://www.gratis.com/	alive	200
hot like me	http://www.hotlikeme.com/	alive	200
havaianas	https://havaianas.com.br/	net-error	ENOTFOUND
g+n	https://www.gplusn.com/	alive	200
jovoy	https://www.jovoyparis.com/en/	net-error	ENOTFOUND
guldfynd	https://www.guldfynd.se/	net-error	ENOTFOUND
laboratoires expanscience	http://www.expanscience.com/	net-error	ENOTFOUND
hummer	http://www.luxebrands.com/	net-error	ENOTFOUND
hasuna	https://hasuna.com/	net-error	ENOTFOUND
fil noir	https://www.fil-noir.com/	net-error	ENOTFOUND
jade swim	https://jadeswim.com/	net-error	ENOTFOUND
herin.cye	https://www.baroque-global.com/jp/brand/herin.cye	alive	200
izia	https://iziaclothing.com/	net-error	ENOTFOUND
hollyghost	https://hollyghost.fr/fr/	alive	200
good morning universe	https://www.goodmorninguniverse.shop/de	dns-flaky	timeout/servfail on both
holifrog	http://www.holifrog.com/	net-error	ENOTFOUND
girlfriend	https://www.podrygka.ru/	net-error	ENOTFOUND
karoline vitto	https://karolinevitto.com/	net-error	ENOTFOUND
gaofan	https://guvet.com/	net-error	ENOTFOUND
etiko	https://etiko.com.au/?oid=76&affid=1&source_id=GoY-rating&sub1=brandpage	dns-flaky	timeout/servfail on both
joaillerie guerin	https://www.joaillerieguerin.com/	blocked	403
handētizer	https://handetizer.com/	net-error	ENOTFOUND
hanowa	http://www.hanowa.ch/	net-error	ENOTFOUND
hackett london	https://www.hackett.com/intl/home	net-error	ENOTFOUND
giorgia streetwear	https://giorgiamode.de/	net-error	ENOTFOUND
james perse	https://www.jamesperse.com/	net-error	ENOTFOUND
janin handbags	https://janinhandbags.com/	dns-dead	NXDOMAIN @1.1.1.1+8.8.8.8
kubenz	https://kubenz.pl/	alive	200
james avery artisan jewelry	https://www.jamesavery.com/	http-dead	406
hally hair	http://hallyhair.com/	net-error	ENOTFOUND
gymvibez	https://gymvibez.co.uk/	net-error	ENOTFOUND
hechter paris	https://www.daniel-hechter.fr/	net-error	ENOTFOUND
i.am.gia	https://iamgia.com/	alive	200
farai london	https://farailondon.com/	net-error	ENOTFOUND
ikuko	https://www.ikuko.co.jp/#collection?utm_source=GoodOnYou%20App&utm_medium=Referral	net-error	ENOTFOUND
good for nothing	https://www.gfnclothing.com/	alive	200
hööks hästsport	https://www.hooks.se/	net-error	ENOTFOUND
hvman chosen to prevail	https://hvmanchosentoprevail.com/	net-error	ENOTFOUND
linen + lace	https://www.linenlacehandmade.ca/	dns-dead	NXDOMAIN @1.1.1.1+8.8.8.8
glosslab  llc	http://glosslab.com/	alive	200
individni	https://individni.ru/	net-error	ENOTFOUND
herve leger	https://www.herveleger.com/	net-error	ENOTFOUND
ici paris	https://www.iciparis.ge/	blocked	403
gibson london	https://www.gibsonlondon.com/	net-error	ENOTFOUND
herd tallow	https://herdtallow.com/products/herd-tallow-beef-tallow-moisturizer-2oz	net-error	ENOTFOUND
johnston & murphy	https://www.johnstonmurphy.com/	net-error	ENOTFOUND
invidia	https://invidia1973.com/	alive	200
jimmy key	https://www.jimmykey.com/	alive	200
french farmacie	http://frenchfarmacie.com/	alive	200
halada	https://www.halada.cz/	alive	200
kolber	https://www.kolbergeneve.ch/	dns-dead	NXDOMAIN @1.1.1.1+8.8.8.8
juul & belle	https://juulbelle.com/	net-error	ENOTFOUND
goldenlife	https://www.goldenlife.com.tw/	alive	200
innate organic body	http://www.innateorganicbody.com/	net-error	ENOTFOUND
gen see	http://genseebeauty.com/	net-error	ENOTFOUND
freedom	https://freedomlanzarote.jimdo.com/	tls-error	ERR_SSL_SSL/TLS_ALERT_HANDSHAKE_FAILURE
giyi	https://www.giyiworld.com/en/	net-error	ENOTFOUND
hypothesis	https://www.hypothesis.bio/	net-error	ENOTFOUND
j.c. rags	https://jcrags.com/	net-error	ENOTFOUND
izac	https://izac.fr/	alive	200
hemen biarritz	https://www.hemen-biarritz.com/	net-error	ENOTFOUND
jilly designs	https://www.jillydesigns.com/	net-error	ENOTFOUND
hervis	https://www.hervis.de/	alive	200
fub	https://www.fub.dk/en/home/	net-error	ENOTFOUND
kraemer-gruppe	https://juweliere-kraemer.de/	net-error	ENOTFOUND
hilde soliani	https://hildesoliani.com/	net-error	ENOTFOUND
inno	https://www.inno.be/nl/home	net-error	ENOTFOUND
goophone	https://www.goophoneshops.com/	net-error	ENOTFOUND
kickers	https://www.kickers.co.uk/	alive	200
glowe	https://www.glowecollection.com/	alive	200
fubu	http://www.fblegacy.com/	net-error	UND_ERR_CONNECT_TIMEOUT
goorin bros	https://www.goorin.com/	net-error	ENOTFOUND
freeman t. porter	https://freemantporter.com/	alive	200
hanae mori	https://www.hanae-mori.com/	net-error	ENOTFOUND
houdini	https://houdinisportswear.com/	net-error	ENOTFOUND
grove co	https://www.grove.co/catalog/?category=grove-collaborative	http-dead	404
juliemay	https://au.juliemay-lingerie.com/	http-dead	409
hybrid green label	https://hybridgreenlabel.com/	net-error	ENOTFOUND
juste elles	https://juste-elles.com/	net-error	ENOTFOUND
klimatsakis	https://klimatsakis-sandals.gr/en/	blocked	403
f426	http://www.f426.net/page/contact/contact.php#?utm_source=GoodOnYou%20App&utm_medium=Referral	net-error	ENOTFOUND
italia independent group	http://www.italiaindependentgroup.com/	net-error	ENOTFOUND
ka-sha	https://www.ka-sha.com/	alive	200
hunting season	https://www.hunting-season.com/	net-error	ENOTFOUND
kiniki	https://www.kiniki.com/	net-error	ENOTFOUND
insystemout	https://insystemout.com/	net-error	ENOTFOUND
humble brands	http://www.humblebrands.com/	net-error	ENOTFOUND
hiruna designs	http://www.hirunadesigns.com/	net-error	ENOTFOUND
italia independent	http://www.italiaindependent.com/	net-error	ENOTFOUND
hesper fox	https://hesperfox.com/	net-error	ENOTFOUND
jenette skin care	https://www.jenetteskincare.com/	alive	200
hobbs london	https://www.hobbs.com/	net-error	ENOTFOUND
inglot bangladesh	https://inglotbangladesh.com/	net-error	ENOTFOUND
girlfriend collective	https://www.girlfriend.com/	net-error	ENOTFOUND
impulso	https://www.impulso.cloud/	net-error	ENOTFOUND
hope	https://grupohope.com.br/	net-error	ENOTFOUND
jon josef	https://www.jonjosef.com/	alive	200
in the style	https://www.inthestyle.com/	net-error	ENOTFOUND
hytest	https://www.hytest.com/	net-error	ENOTFOUND
laura elizabeth jewelry	https://www.lauraelizabethjewelry.com/	net-error	ENOTFOUND
justine clenquet	https://www.justineclenquet.com/	net-error	ENOTFOUND
herdentier	https://www.herden-tier.com/	http-dead	404
isane in the rain	https://insaneintherain.com/	http-dead	404
gotji beauty	http://gotjibeauty.com/	net-error	ENOTFOUND
four roses	https://fourroses.be/	alive	200
grandma's olde fashioned soap and candles	http://www.grandmasoldefashionedsoapandcandles.com/	dns-dead	NXDOMAIN @1.1.1.1+8.8.8.8
fdr	https://fannyderuyter.com/	dns-dead	NXDOMAIN @1.1.1.1+8.8.8.8
jacques lemans	https://www.jacques-lemans.com/	net-error	ENOTFOUND
heilan home	http://www.hla.com.cn/	net-error	ENOTFOUND
joop!	https://joop.com/lt/en/	net-error	ENOTFOUND
la ligne	https://lalignenyc.com/	net-error	ENOTFOUND
harrods	https://www.harrods.com/	net-error	ENOTFOUND
juan-jo gallery	https://juan-jo.com/	alive	200
iredale cosmetics  inc.	http://www.janeiredale.com/	net-error	ENOTFOUND
hear me raw	http://hearmeraw.com/	net-error	ENOTFOUND
huffer	http://www.huffer.co.nz/	net-error	ENOTFOUND
guananan london	https://www.guananan.co.uk/	net-error	ENOTFOUND
jones	https://www.jones-fashion.com/	net-error	ENOTFOUND
harvey norman	https://harveynorman.com.au/	net-error	ENOTFOUND
hummel fashion	https://www.hummelfashion.com/	net-error	ENOTFOUND
greenburry	https://www.greenburry.de/	net-error	ENOTFOUND
jasper hearts wren	http://www.jasperheartswren.com/	net-error	ENOTFOUND
espilane	https://www.espilane.com/	net-error	ENOTFOUND
heralbony	https://store.heralbony.jp/collections/wear	net-error	ENOTFOUND
kalamargam	https://kalamargam.com/	net-error	ENOTFOUND
huele museum	https://www.huelemuseum.com/	alive	200
lerora	https://lerora.nl/	net-error	ENOTFOUND
guacamole	https://www.guacamole.jp/	net-error	ENOTFOUND
giorgio & mario	https://www.giorgio.fr/	alive	200
fisch	https://fischswim.com/	net-error	ENOTFOUND
hafendieb	https://www.hafendieb.de/	net-error	ENOTFOUND
görtz	https://www.goertz.de/	alive	200
julietè skin rituals	https://julieteskin.com/	net-error	ENOTFOUND
kired	https://www.kired.it/	alive	200
issey miyake	https://us.isseymiyake.com/	alive	200
goldsmiths	https://www.goldsmiths.co.uk/	alive	200
jag	https://www	dns-dead	NXDOMAIN @1.1.1.1+8.8.8.8
kérastase	https://www.kerastase.fr/	net-error	ENOTFOUND
i too fashion	https://itoofashion.com/	alive	200
junior league	https://juniorleague.se/	tls-error	ERR_TLS_CERT_ALTNAME_INVALID
jeffrey campbell	https://jeffreycampbellshoes.com/	net-error	ENOTFOUND
henna color lab®	http://hennacolorlab.com/	net-error	ENOTFOUND
gaia.love	https://gaialoveskincare.com/	http-dead	402
impossible kicks	https://impossiblekicks.com/	tls-error	CERT_HAS_EXPIRED
ina kent	https://www.inakent.com/	net-error	ENOTFOUND
fred & ginger	https://www.fredginger.com/	net-error	ENOTFOUND
gressa inc	http://www.gressaskin.com/	net-error	ENOTFOUND
huella	https://www.huellabeauty.com/	net-error	ENOTFOUND
legends	https://www.legends.dk/	alive	200
laborélle – maison de beauté clinique	https://laborelle.shop/	net-error	ENOTFOUND
hul le kes	https://hullekes.com/	net-error	ENOTFOUND
harry ritchie's	https://harryritchies.com/	net-error	ENOTFOUND
junarose	http://junarose.com/	alive	200
holiday the label	https://holidaythelabel.com/	net-error	ENOTFOUND
jollity & co.	https://shopjollity.co/	alive	200
jessica simpson	https://jessicasimpson.com/	net-error	ENOTFOUND
ivko woman	https://ivko.com/	net-error	ENOTFOUND
journal standard	https://journal-standard.jp/	alive	200
jostar online	https://jostaronline.com/	net-error	ENOTFOUND
haruyama	http://www.haruyama.co.jp/	net-error	ENOTFOUND
july twenty	https://julytwenty.com/	dns-dead	NXDOMAIN @1.1.1.1+8.8.8.8
iles formula	http://ilesformula.com/	alive	200
jungkraut	https://jungkraut.ch/	alive	200
jack london	https://shop.jacklondon.com.au/	net-error	ENOTFOUND
intimissimi	https://world.intimissimi.com/	alive	200
j.o. milano	http://www.jomilano.it/	net-error	ENOTFOUND
harem pants	https://www.harempants.com/	net-error	ENOTFOUND
isleñas	https://lasislenas.com/	net-error	ENOTFOUND
hask	https://haskbeauty.com/	net-error	ENOTFOUND
jaffic	https://www.jaffic.com/	tls-error	CERT_HAS_EXPIRED
helzberg diamonds	https://www.helzberg.com/	alive	200
haflinger	https://www.haflinger.com/	net-error	ENOTFOUND
hipanema	https://hipanema.com/	net-error	ENOTFOUND
gtoclothing	https://www.gtoclothing.com/	net-error	ENOTFOUND
happy horse	https://www.happy-horse.eu/	alive	200
gosha rubchinskiy	http://gosharubchinskiy.com/	net-error	ENOTFOUND
homie	https://homie.com.au/	net-error	ENOTFOUND
gudi home	https://gudihome.pl/	net-error	ENOTFOUND
lorenzi	https://lorenzishoes.it/	net-error	ENOTFOUND
jeanerica	https://jeanerica.com/	net-error	ENOTFOUND
krochet kids	https://www.krochetkids.org/	net-error	ENOTFOUND
luke 1977	https://www.luke1977.com/	net-error	ENOTFOUND
junya watanabe	http://www.comme-des-garcons.com/	alive	200
laline	https://laline.ca/	net-error	ENOTFOUND
hatley	https://www.hatley.com/	net-error	ENOTFOUND
heliot emil	https://heliotemil.com/collections/view-all	net-error	ENOTFOUND
hirume	https://www.hirume.jp/	net-error	ENOTFOUND
isabee	https://isabee.co.uk/	net-error	ENOTFOUND
heart and soul	https://www.heartandsoulstyle.it/	alive	200
hirmer	http://www.hirmer.de/	net-error	ENOTFOUND
fastfish	http://www.fastfish.com/contact.html	net-error	ENOTFOUND
jivanas	https://www.jivanas.com/	net-error	ENOTFOUND
kaos	https://www.itskaos.com/	net-error	ENOTFOUND
kerosene	https://www.houseofkerosene.com/	net-error	ENOTFOUND
katherine parr	http://www.katherineparr.com/	net-error	ENOTFOUND
gorg	https://gorgstore.com/	net-error	ENOTFOUND
heavy tools	https://www.heavytools.sk/	net-error	ENOTFOUND
green bee botanicals	https://greenbeebotanicals.com/	net-error	ENOTFOUND
harri	https://harri.london/	dns-dead	NXDOMAIN @1.1.1.1+8.8.8.8
j. mclaughlin	https://www.jmclaughlin.com/	net-error	ENOTFOUND
initio	https://initioparfums.com/	net-error	ENOTFOUND
kienzle uhren	http://www.kienzle1822.com/	net-error	ENOTFOUND
hakodate marui imai	https://www.maruiimai.mistore.jp/hakodate.html	net-error	ENOTFOUND
jockey	https://jockey.eu/	net-error	ENOTFOUND
frapp	https://www.via-appia-mode.com/	net-error	ENOTFOUND
hylamide	https://hylamide.com/	dns-flaky	timeout/servfail on both
gsus	https://www.g-sus.com/us/	tls-error	ERR_TLS_CERT_ALTNAME_INVALID
ikazz	https://ikazz.com/	dns-dead	NXDOMAIN @1.1.1.1+8.8.8.8
kappa	https://www.kappa-shop.de/	net-error	ENOTFOUND
gunda hafner	https://www.gundahafner.com/	net-error	ENOTFOUND
hattric	https://www.hattric.de/	net-error	ENOTFOUND
kultivate	https://www.kultivate.com/	alive	200
hedgren	https://hedgren.com/	net-error	ENOTFOUND
gino rossi	https://www.gino-rossi.com/	net-error	ENOTFOUND
kamik	https://www.kamik.com/	net-error	ENOTFOUND
l'envers	https://www.lenversfashion.com/	alive	200
jack59	https://www.jack59.ca/	net-error	ENOTFOUND
le salty	https://lesaltylabel.com.au/	net-error	ENOTFOUND
fun	http://www.fun-official.com/	dns-dead	NXDOMAIN @1.1.1.1+8.8.8.8
jeunesse global	https://jeunesseglobal.com/	blocked	403
kefi essentials	http://kefiessentials.com/	net-error	ENOTFOUND
kask	https://www.kask.com/	net-error	ENOTFOUND
humble chic	https://www.humblechic.com/	net-error	ENOTFOUND
jetlag	https://www.shopjetlag.com/	net-error	ENOTFOUND
joyn	https://www.joynbags.com/	net-error	ENOTFOUND
excesskin	http://www.shyneeknobs.com/	alive	200
kapok knot	https://kapok-knot.com/	alive	200
kirk's	http://www.kirkssoap.com/	alive	200
k+k schuh-center	https://www.k-und-k-schuhcenter.de/	net-error	ENOTFOUND
inside	https://inside-shops.com/en/inside-us	alive	200
kd new york	https://kdnewyork.com/	alive	200
isla ibiza	https://www.islaibizabonita.com/	net-error	ENOTFOUND
jumperfabriken	https://www.jumperfabriken.se/	net-error	ENOTFOUND
kiss the frog	https://kissthefrogstudio.com/	net-error	ENOTFOUND
magnlens	https://magnlens.com/	http-dead	404
katkim	https://katkimfinejewelry.com/	net-error	ENOTFOUND
jack & jones	https://www.jackjones.in/	alive	200
haupt shirts	https://www.haupt.fashion/	net-error	ENOTFOUND
gazur	https://gazur.de/en	net-error	ENOTFOUND
jazmine beauty	https://jazminebeauty.com/	net-error	ENOTFOUND
jacksons	http://www.jacksonsofreading.co.uk/	alive	200
ladress	https://www.ladress.com/en/home/	alive	200
jantzen	https://jantzen.com/	net-error	ENOTFOUND
healthy hoohoo®	http://healthyhoohoo.com/	net-error	ENOTFOUND
inoue	https://www.inouedp.co.jp/	net-error	ENOTFOUND
ixxxi men	https://watchit11.com/ixxxi-men	net-error	ENOTFOUND
ivylee copenhagen	https://ivyleecopenhagen.com/	alive	200
jb greek	http://www.justbubbly.com/	alive	200
hooké	https://hooke.ca/	net-error	ENOTFOUND
jenny sibthorp	https://www.jennysibthorp.com/	net-error	ENOTFOUND
gabe's	https://www.gabesstores.com/	alive	200
judas sinned	https://judassinnedclothing.com/	net-error	ENOTFOUND
ina style	https://www.ina-style.de/	server-error	500
ingrosso italy	http://ingrossoitaly.com/	net-error	ENOTFOUND
ibana	https://www.ibana.nl/	net-error	ENOTFOUND
koröshi	https://www.koroshishop.com/	net-error	ENOTFOUND
h2o	https://h2o-sportswear.com/	alive	200
hot lava	https://www.hotlava.nl/	net-error	ENOTFOUND
hardy brothers	https://www.hardybrothers.com.au/	alive	200
hot tools	https://www.hottools.com/	alive	200
inked by dani	http://www.inkedbydani.com/	alive	200
lancerto	https://www.lancerto.com/	net-error	ENOTFOUND
joanna vargas	http://www.joannavargas.com/	net-error	ENOTFOUND
fratelli russo	https://www.fratellirusso.it/	tls-error	CERT_HAS_EXPIRED
kabak	https://www.kabak.com.pl/	net-error	ENOTFOUND
jacquemus	https://www.jacquemus.fr/	net-error	ENOTFOUND
heidemann	https://heideman.de/	net-error	ENOTFOUND
jaggad	https://www.jaggad.com/	net-error	ENOTFOUND
just bite me	https://justbiteme.com/	net-error	ENOTFOUND
la petite boite à bijoux	https://lapetiteboiteabijoux.com/	net-error	ENOTFOUND
herbivore botanicals	http://www.herbivorebotanicals.com/	alive	200
lewis leathers	http://www.lewisleathers.com/	net-error	ENOTFOUND
folk	https://www.folkclothing.com/	net-error	ENOTFOUND
h samuel	https://www.hsamuel.co.uk/	net-error	ENOTFOUND
hestra	https://hestragloves.com/	alive	200
lady alamo	https://www.ladyalamo.com/	alive	200
ichi	https://www.ichi.biz/	net-error	ENOTFOUND
il makiage	https://www.ilmakiage.com/	alive	200
latelita	https://www.latelita.com/	net-error	ENOTFOUND
iridescent earth	http://www.iridescentearth.com/	net-error	ENOTFOUND
jax & bard shoes	https://jaxandbard.shoes/	alive	200
il granchio sport	https://ilgranchio.com/en/sport	net-error	ENOTFOUND
hoopers	http://www.hoopersstores.com/	net-error	ENOTFOUND
hay life	https://haylifeclothing.com/	net-error	ENOTFOUND
jeffree star cosmetics	https://jeffreestarcosmetics.com/	net-error	ENOTFOUND
huna skin inc	https://www.hunaskin.com/	alive	200
inis meáin	https://inismeain.ie/	net-error	ENOTFOUND
kari	https://kari.com/ru/	net-error	ENOTFOUND
hanson skincare	http://hansonskincare.com/	net-error	ENOTFOUND
johnny urban	https://www.johnny-urban.de/	net-error	ENOTFOUND
frilliance	http://www.frilliance.com/	net-error	ENOTFOUND
lazarini	https://lazarini.eu/	net-error	ENOTFOUND
kimkris beauty	http://kimkrisbeauty.com/	net-error	ENOTFOUND
furfur	https://furfurfur.jp/	net-error	ENOTFOUND
jecca blac	https://jeccablac.com/	net-error	ENOTFOUND
greg lauren	https://www.greglauren.com/	net-error	ENOTFOUND
jimmy choo	https://jimmychoo.com/	net-error	ENOTFOUND
juwelier milena wilmsen	https://www.schmuck-shop.at/	alive	200
fiamme	https://www.fiammefootwear.com/	net-error	ENOTFOUND
karine augis	https://karineaugis.com/	net-error	ENOTFOUND
gray matters	https://www.graymattersnyc.com/	alive	200
ingugu	https://www.ingugu.com/	net-error	ENOTFOUND
i.n.c international concepts	https://www.macys.com/shop/womens-clothing/inc-international-concepts-womens-apparel	net-error	ENOTFOUND
isabel lennse	https://isabellennse.com/	net-error	ENOTFOUND
kuwaii	https://kuwaii.com.au/	net-error	ENOTFOUND
herth	https://byherth.com/?oid=228&affid=1&source_id=GoY-rating&sub1=brandpage	net-error	ENOTFOUND
hunkydory	https://hunkydory.com/nl/	dns-flaky	timeout/servfail on both
just cavalli	https://www.justcavalli.com/	alive	200
just peachy	https://www.justpeachybasics.com/	alive	200
hilary macmillan	https://www.hilarymacmillan.com/	net-error	ENOTFOUND
inaska swimwear	https://www.inaska-swimwear.com/	net-error	ENOTFOUND
hellmuth	https://www.hellmuth-studios.com/	tls-error	ERR_SSL_SSL/TLS_ALERT_HANDSHAKE_FAILURE
indochino	https://www.indochino.com/	net-error	ENOTFOUND
john varvatos	https://www.johnvarvatos.com/	net-error	ENOTFOUND
just female	https://www.justfemale.dk/	tls-error	CERT_HAS_EXPIRED
glamnetic	https://www.glamnetic.com/	alive	200
jacob cohën	https://www.jacobcohen.com/en-gb/	alive	200
louis vuitton	https://louisvuitton.com/	alive	200
kala fashion	https://www.kalafashion.de/	net-error	ENOTFOUND
kari gran	http://www.karigran.com/	alive	200
helena lane skincare	http://www.helenalane.com/	net-error	ENOTFOUND
ipanema	http://www.ipanema-slippers.nl/	net-error	ENOTFOUND
granelito	https://granelito.com/	net-error	ENOTFOUND
katy perry	https://www.katyperrycollections.com/	net-error	ENOTFOUND
johann maria farina gegenüber dem jülichs-platz	http://www.farina1709.com/	net-error	ENOTFOUND
mary kay	https://www.marykay.ca/	net-error	ENOTFOUND
just bee queen	https://justbeequeen.com/	net-error	ENOTFOUND
ivy & elder	https://ivyandelder.com/	net-error	ENOTFOUND
hering	https://ciahering.com.br/	alive	200
kaft	https://www.kaft.com/	net-error	ENOTFOUND
kiton	https://kiton.com/	net-error	ENOTFOUND
lise watier	https://watier.com/	alive	200
hotsquash	https://www.hotsquash.com/	net-error	ENOTFOUND
kiddie	https://www.kiddie.pk/	net-error	ENOTFOUND
langerchen	https://langerchen.com/	alive	200
hēdoïne	https://www.hedoine.com/	net-error	ENOTFOUND
fatima mohsin	https://www.fatimamohsin.com/	net-error	ENOTFOUND
junk plastic rehab	https://junkplasticrehab.com/	net-error	ENOTFOUND
ibd	http://ibdbeauty.com/	alive	200
jnby	https://jnbyplus.com/	alive	200
joostricot	https://joostricot.com/	net-error	ENOTFOUND
lacalifornienne	https://www.lacalifornienne.com/	alive	200
m+	https://shop.mplus.org.hk/en/style-apparel/	net-error	ENOTFOUND
ines de la fressange	https://en.inesdelafressange.fr/	net-error	ENOTFOUND
id.eight	https://www.id-eight.com/	alive	200
horus x	https://horus-x.com/	net-error	ENOTFOUND
hemptopia	https://www.hemptopia.com/	net-error	ENOTFOUND
kokomo	https://www.kokomo-jewellery.com/	alive	200
isima	http://www.isima.com/	net-error	ENOTFOUND
kastlfel	https://kastlfel.com/	net-error	ENOTFOUND
iwataya	http://www.i.iwataya-mitsukoshi.co.jp/	net-error	ENOTFOUND
j&joy	https://jandjoy.com/	net-error	ENOTFOUND
jacky luxury	https://www.jackyluxury.com/	net-error	ENOTFOUND
i luv it	http://www.iluvit.ca/	alive	200
judydoll	https://judydoll.com/	net-error	ENOTFOUND
ioka skin+science	http://www.iokaskinscience.com/	net-error	ENOTFOUND
maerz	https://www.maerz.de/	net-error	ENOTFOUND
krete	http://www.krete.club/	net-error	ENOTFOUND
jyoti - fair works	https://jyoti-fairworks.org/en?oid=9&affid=1&source_id=GoY-rating&sub1=brandpage	alive	200
la seine & moi	https://www.laseinetmoi.com/	alive	200
imogen's imagination	https://imogensimagination.co.uk/	net-error	ENOTFOUND
kmoni cosmetics llc	http://www.kmonicosmetics.com/	net-error	ENOTFOUND
inmoda pellicceria	https://inmodapellicceria.it/en/	net-error	ENOTFOUND
jolly clothing	https://www.jollyclothing.com/	net-error	ENOTFOUND
groisil and co.	https://www.groisilandco.com/	net-error	ENOTFOUND
it's essential	https://www.itsessential.shop/	net-error	ENOTFOUND
jack in a bag	https://www.jackinabag.eu/	net-error	ENOTFOUND
gessica albu	https://www.gessicaalbu.com/	net-error	ENOTFOUND
kobe lettuce	https://www.lettuce.co.jp/?from=header%3Futm_source%3DGoodOnYou+App	alive	200
lendava	https://www.shoplendava.com/	net-error	ENOTFOUND
high springs leather	https://www.highspringsleather.com/	dns-dead	NXDOMAIN @1.1.1.1+8.8.8.8
limelife by alcone	http://www.limelifebyalcone.com/	net-error	ENOTFOUND
kazna asker	https://kaznaasker.com/	alive	200
lamoda	https://www.lamoda.co.uk/	net-error	ENOTFOUND
j.ploenes	https://www.jploenes.de/	net-error	ENOTFOUND
koyal beauty	https://koyalbeauty.com/	net-error	ENOTFOUND
holding court	https://holdingcourtinc.com/?_ef_transaction_id=&oid=378&affid=1	net-error	ENOTFOUND
kamoa	https://www.kamoa.at/	alive	200
jette	https://www.jette.com/	alive	200
good juju body & home	http://www.hellogoodjuju.com/	alive	200
in corio	https://www.incorio.com/	net-error	ENOTFOUND
fretz men	https://www.fretz-men.ch/	tls-error	CERT_HAS_EXPIRED
kascha-c	https://www.kascha-c.com/	net-error	ENOTFOUND
j-scent	https://j-scent-global.com/	net-error	ENOTFOUND
hunter	https://www.hunterboots.com/	net-error	ENOTFOUND
kash	http://www.kash.it/	net-error	ENOTFOUND
leisure lab	https://theleisurelab.com/	net-error	ENOTFOUND
kanna shoes	https://www.kannashoes.com/es/	net-error	ENOTFOUND
inuikii	https://www.inuikii.com/	alive	200
hotter	https://www.hotter.com/	net-error	ENOTFOUND
hey honey	http://www.heyhoney.com/	net-error	ENOTFOUND
kut from the kloth	https://kutfromthekloth.com/	net-error	ENOTFOUND
hoka	https://www.hoka.com/	blocked	403
lauren brooke cosmetiques	http://www.laurenbrookeco.com/	alive	200
graff diamonds	https://www.graff.com/	net-error	redirect count exceeded
grainular	http://getgrainular.com/	net-error	ENOTFOUND
kartel	https://www.kartelwatches.com/	alive	200
johanna ortiz	https://www.johannaortiz.com/	alive	200
jones road beauty	http://jonesroadbeauty.com/	net-error	ENOTFOUND
kamilla purshie	https://purshie.company.site/	http-dead	404
ianalana	https://www.ianalana.com/	dns-dead	NXDOMAIN @1.1.1.1+8.8.8.8
landmark	https://www.landmark.com.ph/	net-error	ENOTFOUND
inouitoosh	https://www.inouitoosh.com/	net-error	ENOTFOUND
isabelle varin	https://www.isabellevarin.com/	tls-error	ERR_TLS_CERT_ALTNAME_INVALID
kotoden kawaramachi building	http://www.tenmaya.co.jp/takamatsu/	blocked	403
kampos	https://kampos.com/?oid=172&affid=1&source_id=GoY-rating&sub1=brandpage	net-error	ENOTFOUND
florame	http://www.florame.com/	net-error	ENOTFOUND
isbjörn of sweden	https://www.isbjornofsweden.com/en	net-error	ENOTFOUND
kavu	https://www.kavu.com/	net-error	ENOTFOUND
isolda	https://www.isoldabrasil.com.br/	net-error	ENOTFOUND
kangaroos	https://www.kangaroos.com/	net-error	ENOTFOUND
jeuneora	http://jeuneora.com/	net-error	ENOTFOUND
lasève	http://www.laseve.ca/	net-error	ENOTFOUND
kendall + kylie	https://kendall-kylie.com/	alive	200
jemimasara	http://www.jemimasara.co.uk/	alive	200
l'aventura	https://www.laventuraperfumes.com/	net-error	ENOTFOUND
hnp	https://www.inspiredbeauty.com/	net-error	ENOTFOUND
itp beauty	https://itpbeauty.com/	net-error	ENOTFOUND
manuele ficano	https://www.manuele-ficano.com/	net-error	ENOTFOUND
jean perret	http://www.jeanperret.ch/	net-error	ENOTFOUND
hunter original	https://www.hunterboots.com/	net-error	ENOTFOUND
ivy oak	https://ivy-oak.com/	net-error	ENOTFOUND
infanteenie beenie	https://www.infanteeniebeenie.com/	dns-dead	NXDOMAIN @1.1.1.1+8.8.8.8
homebody	https://homebody.co.uk/	net-error	ENOTFOUND
humanrace	https://www.humanrace.com/	alive	200
jutelaune	https://www.jutelaune.com/	alive	200
honeybee gardens	http://www.honeybeegardens.com/	alive	200
klenoty aurum	https://www.klenotyaurum.cz/	net-error	ENOTFOUND
konaka	https://www.konaka-jp.com/	net-error	ENOTFOUND
khadi & co	https://khadiandco.com/	http-dead	402
jadu beauty	https://jadubeauty.com/	net-error	ENOTFOUND
jeanasis	https://www.dot-st.com/jeanasis/	alive	200
lez a lez	https://www.lezalez.com/	net-error	ENOTFOUND
lavinia	https://lavinia.net.cn/	net-error	ENOTFOUND
gildan	https://www.gildan.com/	blocked	403
izayla	https://www.izayla.us/	net-error	ENOTFOUND
kappahl	https://www.kappahl.se/	alive	200
kai	https://kaifragrance.com/	net-error	ENOTFOUND
klier hair group	https://klierhairgroup.de/	alive	200
luxxxxe	https://www.luxxxxe.com/	net-error	ENOTFOUND
hiroshima mitsukoshi	https://www.mitsukoshi.mistore.jp/hiroshima.html	net-error	ENOTFOUND
jack henry	https://jackhenry.co/	net-error	ENOTFOUND
jlo beauty	https://www.jlobeauty.com/	net-error	ENOTFOUND
les deux	https://lesdeux.com/	net-error	ENOTFOUND
karen millen	https://www.karenmillen.com/	alive	200
hanalei	http://www.hanaleicompany.com/	alive	200
icing	https://www.icing.com/	net-error	ENOTFOUND
hanky panky	https://www.hankypanky.com/	net-error	ENOTFOUND
kijinokanosei	https://kijinokanosei.com/	alive	200
linen wedding dress	https://www.linenweddingdress.com/	alive	200
jillian boustred	https://jillianboustred.com/	net-error	ENOTFOUND
jacques levine	https://www.jacqueslevine.com/	net-error	ENOTFOUND
kichykids clothing	https://www.kichykidsclothing.com/	alive	200
lola cruz	https://www.lolacruz.com/	net-error	ENOTFOUND
le-go bekleidungswerke gmbh & co kg	http://www.le-gobw.de/	net-error	ENOTFOUND
kingsley heath	https://kingsleyheath.co.za/	alive	200
kultural vibez	https://kulturalvibez.com/	alive	200
janie and jack	https://www.janieandjack.com/	alive	200
julia leifert	https://julialeifert.com/	alive	200
lafuma	https://www.lafuma.com/	alive	200
josip tumapa design	https://josiptumapa.com/	net-error	ENOTFOUND
john miller	https://www.johnmillershirts.com/	alive	200
ici paris xl	https://www.iciparisxl.lu/	net-error	ENOTFOUND
josephine & joe	https://www.josephineandjoe.com/	http-dead	404
lfdl	https://www.lfdl.it/en/	net-error	ENOTFOUND
ken shoe fashion	https://kenshoefashion.be/be-nl/home	net-error	ENOTFOUND
inmindseye	https://inmindseye.com.au/	net-error	ENOTFOUND
komrads	https://www.komrads.world/	net-error	ENOTFOUND
home~pourri	https://www.pourri.com/	net-error	ENOTFOUND
lazo	https://lazostore.in/	alive	200
junona	https://junona.bg/	net-error	ENOTFOUND
jo malone	https://www.jomalone.ru/	alive	200
little farmyard	http://www.littlefarmyard.etsy.com/	net-error	ENOTFOUND
hust & claire	https://www.hustandclaire.com/	net-error	ENOTFOUND
jean louis mahé	https://jeanlouismahe.com/	net-error	ENOTFOUND
lancy	http://www.lancygroup.com/	net-error	ENOTFOUND
lady taty	https://ladytaty.ch/	net-error	ENOTFOUND
laura biagiotti	https://www.laurabiagiotti.it/	net-error	ENOTFOUND
gussi	http://gussihair.com/	net-error	ENOTFOUND
lovlife	https://weibo.com/u/6045039559	net-error	ENOTFOUND
krisa	https://www.krisastyle.com/	net-error	ENOTFOUND
la feny	https://www.lafeny.at/	net-error	ENOTFOUND
lahive	https://shoplahive.com/	alive	200
guess	https://www.guess.com/	net-error	ENOTFOUND
kjaer weis	https://kjaerweis.com/	net-error	ENOTFOUND
john craig	https://johncraig.co.za/	net-error	ENOTFOUND
hernest project	https://www.hernestproject.com/	net-error	ENOTFOUND
kalaurie	https://kalaurie.com.au/?oid=300&affid=1&source_id=GoY-rating&sub1=brandpage	net-error	ENOTFOUND
lala adore cosmetics	http://lala-adore.com/	dns-dead	NXDOMAIN @1.1.1.1+8.8.8.8
leila hafzi	https://www.leilahafzi.com/	alive	200
ivi ryo corporation	http://www.ivi.com.ph/	net-error	ENOTFOUND
ji won choi	https://jiwchoi.com/	dns-flaky	timeout/servfail on both
hot soles	https://www.hotsoleslondon.com/	dns-dead	NXDOMAIN @1.1.1.1+8.8.8.8
jan hilmer	https://www.janhilmer.com/	net-error	ENOTFOUND
izabel camille	https://www.izabelcamille.dk/	alive	200
jumper maybach	https://jumpermaybach.com/	alive	200
hale and hush	https://www.haleandhush.com/	net-error	ENOTFOUND
les boutons	https://www.lesboutons.com/	net-error	ENOTFOUND
labfresh	https://labfresh.co.uk/	net-error	ENOTFOUND
hempmania	https://www.hempmania.com/	net-error	ENOTFOUND
lana	https://www.lana-organic.de/	net-error	ENOTFOUND
leatherlly	https://leatherlly.com/	net-error	ENOTFOUND
jamido	https://jamido.by/en/	net-error	ENOTFOUND
jbs	https://www.jbs.dk/	alive	200
mame kurogouchi	https://www.mamekurogouchi.com/	net-error	ENOTFOUND
ilysm	https://ilysm.com/	net-error	ENOTFOUND
kind lips	https://kindlips.com/	alive	200
kindri los angeles	http://www.kindri.com/	net-error	ENOTFOUND
indigenous	https://indigenous.com/	alive	200
justine tabak	https://www.justinetabak.co.uk/	net-error	ENOTFOUND
jane carr	http://jane-carr.com/	alive	200
inh hair	https://inhhair.com/	net-error	ENOTFOUND
levetem	http://levetem.com/	net-error	ENOTFOUND
la methode	https://lamethode.it/	alive	200
jane kønig	https://janekoenig.com/	net-error	ENOTFOUND
kinship	http://www.lovekinship.com/	net-error	ENOTFOUND
kyra	https://kyra.eu/	http-dead	404
ln|knits	https://www.lnknits.com/	net-error	ENOTFOUND
lenslace	https://lenslace.com/	net-error	ENOTFOUND
infinitealoe	https://www.infinitealoe.com/	net-error	ENOTFOUND
kyboe	http://www.kyboe.com/	dns-flaky	timeout/servfail on both
lévans	http://levansbeauty.com/	alive	200
kleider bauer	https://kleiderbauer.at/	net-error	ENOTFOUND
katla	https://katla.com/?oid=229&affid=1&source_id=GoY-rating&sub1=brandpage	net-error	ENOTFOUND
heidi soto designer	https://www.heidisotodesigner.com/	net-error	ENOTFOUND
jensen	https://jensenwomen.dk/	net-error	ENOTFOUND
leaf people skin care	http://www.leafpeople.com/	net-error	ENOTFOUND
mac-house	https://gyet.co.jp/	net-error	ENOTFOUND
inov-8	https://www.inov-8.com/	net-error	ENOTFOUND
lalabobo	http://www.lalabobo.com/	alive	200
joseph	https://www.joseph-fashion.com/	net-error	ENOTFOUND
lascana	https://www.lascana.de/	net-error	ENOTFOUND
julep beauty	https://www.julep.com/	alive	200
ilé olomu	https://ileolomu.com/	alive	200
lieblingsstück	https://www.lieblingsstueck.com/	net-error	ENOTFOUND
jack wills	http://www.jackwills.com/	net-error	ENOTFOUND
killah	http://www.killah.it/	net-error	UND_ERR_CONNECT_TIMEOUT
henry rose	https://henryrose.com/	net-error	ENOTFOUND
il bisonte	https://www.ilbisonte.com/en-world	net-error	ENOTFOUND
karhu	https://us.karhu.com/	alive	200
kunoka	https://www.kunoka.com/	net-error	ENOTFOUND
janegee	http://janegee.com/	alive	200
leaf shave company	https://leafshave.com/	alive	200
leggings park	https://www.leggingspark.com/	dns-flaky	timeout/servfail on both
kaneea	https://kaneea.com/	alive	200
le biscuit	http://lebiscuit.com.br/	net-error	ENOTFOUND
lice queen	http://licequeenproducts.com/	net-error	ENOTFOUND
lilac limited crochet	https://www.lilaclimited.com/	http-dead	404
mazine	https://mazine.de/	net-error	ENOTFOUND
kyraani	http://kyraani.com/	net-error	ENOTFOUND
kayrose	https://getkayrose.com/	net-error	ENOTFOUND
k-swiss	https://www.kswiss.nl/	alive	200
kilted suds	http://www.kiltedsuds.com/	net-error	ENOTFOUND
juniper & pine organics	http://www.juniperandpineorganics.com/	net-error	ENOTFOUND
maison pyramide	https://maisonpyramide.com/	net-error	ENOTFOUND
le temps des cerises	https://www.letempsdescerises.com/	alive	200
hartjes	https://www.hartjes.at/	alive	200
idi clothing	https://idiclothing.com/	alive	200
lorpen	https://www.lorpen.com/	alive	200
maria black	https://www.maria-black.com/	alive	200
josephine & co amsterdam	https://www.josephineco.com/	net-error	ENOTFOUND
inyati	https://www.inyati.de/	net-error	ENOTFOUND
kenneth cole productions	http://www.kennethcole.com/	alive	200
kiğılı	https://www.kigili.com/	alive	200
liberty shoes	https://www.libertyshoesonline.com/	net-error	ENOTFOUND
laboratoire uspalla	https://laboratoire-uspalla.fr/	net-error	ENOTFOUND
kitx	https://kitx.com.au/	alive	200
lillelam	https://lillelam.com/	alive	200
jia jia	https://jiajiajewelry.com/	net-error	ENOTFOUND
jolyn	https://jolyn.com/	net-error	ENOTFOUND
kinlò	http://kinlo.com/	alive	200
k-3	https://k-3.com/	net-error	ENOTFOUND
hozen	https://hozencollection.com/	alive	200
lies mertens	https://liesmertens.be/	net-error	ENOTFOUND
les tricots de léa	https://www.lestricotsdelea.com/	net-error	ENOTFOUND
karmaloop.com	http://www.karmaloop.com/	alive	200
hodo	https://www.hongdou.com/en/industry/nz.html	net-error	UND_ERR_CONNECT_TIMEOUT
ipsy	https://www.ipsy.com/	net-error	ENOTFOUND
jetset	https://jetset.ch/	net-error	ENOTFOUND
kasurekids	https://kasurekids.jp/?oid=396&affid=1&source_id=GoY-rating&sub1=brandpage	net-error	ENOTFOUND
k-boxing	http://www.k-boxing.com/	net-error	UNABLE_TO_VERIFY_LEAF_SIGNATURE
jarod-pi	https://www.jarod-pi.com/	alive	200
kazani	http://www.kazanihair.com/	net-error	ENOTFOUND
leabags	https://www.leabags.com/	net-error	ENOTFOUND
k and q empire	https://kandqempire.com/	net-error	ENOTFOUND
have a look	https://www.havealookshop.de/	net-error	ENOTFOUND
jovani fashion	https://www.jovani.com/	net-error	ENOTFOUND
homeplus	http://www.homeplus.co.kr/	dns-flaky	timeout/servfail on both
label noir	https://www.labelnoirdesign.com/en/about	net-error	ENOTFOUND
kunert	https://www.kunert.de/	alive	200
junior kids	http://juniorkids.ca/	alive	200
little moon essentials	https://www.littlemoonessentials.com/	net-error	ENOTFOUND
iro iro	https://iroirozerowaste.com/?oid=339&affid=1&source_id=GoY-rating&sub1=brandpage	alive	200
it's the balm diggity	https://www.thebalmdiggity.net/	net-error	ENOTFOUND
ivan troy	https://ivantroy.com/	net-error	ENOTFOUND
knot	https://www.knotkids.com/	net-error	ENOTFOUND
john hardy	https://www.johnhardy.com/	net-error	ENOTFOUND
karma kameleon	https://www.karmakameleon.com.au/	alive	200
jyano hair care	http://www.jyanohaircare.com/	net-error	ENOTFOUND
matix	http://www.matixclothing.com/	net-error	ENOTFOUND
kangol	https://www.kangol.com/	net-error	ENOTFOUND
kerbholz	https://en.kerbholz.com/	dns-dead	NXDOMAIN @1.1.1.1+8.8.8.8
j.press	https://www.jpress.jp/	net-error	ENOTFOUND
lo neel	https://www.loneel.fr/	net-error	ENOTFOUND
george richards big & tall menswear	https://www.georgerichards.ca/	net-error	ENOTFOUND
jusglitty	http://jusglitty.jp/	net-error	ENOTFOUND
iceberg	https://www.iceberg.com/	net-error	ENOTFOUND
lxmi	http://www.lxmi.com/	net-error	ENOTFOUND
linenfox	https://linenfoxclothes.com/	alive	200
jabeenz	https://jabeenz.co.uk/	net-error	ENOTFOUND
lekko aesthetics	http://www.lekkoaesthetics.com/	net-error	ENOTFOUND
karo kauer	https://karokauer.com/	net-error	ENOTFOUND
inti knitwear	https://www.intiknitwear.com/	net-error	ENOTFOUND
idexe	https://idexe.com/	net-error	ENOTFOUND
kujten	https://en.kujten.com/	net-error	ENOTFOUND
little mistress	https://www.little-mistress.co.uk/	net-error	ENOTFOUND
les coyotes de paris	https://www.lescoyotesdeparis.com/	alive	200
lavigne natural skincare	http://www.lavignenaturals.com/	net-error	ENOTFOUND
macarena	https://www.macarenashoes.com/	alive	200
holden	https://holdenouterwear.com/	net-error	ENOTFOUND
maison alfa	https://www.maisonalfa.com/	alive	200
kiki de montparnasse	https://kikidm.com/	alive	200
ishkar	https://www.ishkar.com/	net-error	ENOTFOUND
lc waikiki	https://corporate.lcwaikiki.com/	net-error	UNABLE_TO_VERIFY_LEAF_SIGNATURE
hundred pieces	http://hundredpieces.com/	net-error	ENOTFOUND
lerinn beauty	https://lerinnbeauty.com/	alive	200
komono	https://www.komono.com/	alive	200
kyte baby	https://kytebaby.com/	net-error	ENOTFOUND
keefirivunts	https://keefirivunts.ee/	net-error	ENOTFOUND
keeyahri	https://www.keeyahri.com/	net-error	ENOTFOUND
l'autre chose	https://www.lautrechose.com/	http-dead	444
kotohayokozawa	https://kotohayokozawa.com/	net-error	ENOTFOUND
karin rom	https://karinrom.com/	net-error	ENOTFOUND
kickclusive	https://kickclusivenj.com/	net-error	ENOTFOUND
kings & queens	https://www.kingsandqueensclothier.shop/	alive	200
kagure - かぐれ	https://media.urban-research.jp/brand/kagure/	net-error	ENOTFOUND
karin & stefan	https://www.karinundstefan.at/	blocked	403
kmart	https://www.kmart.com/	alive	200
magnethik	https://magnethik.com/	net-error	ENOTFOUND
jordan samuel skin	https://jordansamuelskin.com/	alive	200
jose saenz	https://grupojosesaenz.com/	net-error	ENOTFOUND
keep	https://www.keepout.com.tr/	net-error	ENOTFOUND
leya.me	https://leya.me/	net-error	ENOTFOUND
just sports	https://www.shopjustsports.com/	net-error	ENOTFOUND
lisa yang	https://lisa-yang.com/	alive	200
leju london	https://www.lejudesigns.com/	alive	200
kalenji	https://www.kalenji.fr/	net-error	ENOTFOUND
local luxe swim	https://localluxeswim.com/	dns-dead	NXDOMAIN @1.1.1.1+8.8.8.8
hylton	https://hyltongoods.com/	tls-error	CERT_HAS_EXPIRED
la palma eco-beachwear	https://www.lapalmaecobw.com/	net-error	ENOTFOUND
jack bunny!!	http://jack-bunny.net/	net-error	ENOTFOUND
jewel tree london	https://www.jeweltreelondon.com/	net-error	ENOTFOUND
light mountain	http://www.light-mountain-hair-color.com/	alive	200
jeanswest	https://www.jeanswest.co.nz/	net-error	ENOTFOUND
knowledgecotton apparel	https://knowledgecottonapparel.com/	alive	200
laura lombardi	https://www.lauralombardi.com/	alive	200
jubilee couture	https://www.jubileecouture.com/	dns-dead	NXDOMAIN @1.1.1.1+8.8.8.8
la bottega di brunella	https://www.brunellapositano.it/	net-error	ENOTFOUND
linen connections	https://linenconnections.com.au/	net-error	ENOTFOUND
laurence delvallez	https://www.laurencedelvallez.be/	net-error	ENOTFOUND
lorna jane	https://www.lornajane.com.au/	net-error	ENOTFOUND
kudos	https://kudoskudos.co/	net-error	ENOTFOUND
jet	https://www.jetonline.co.za/	net-error	ENOTFOUND
kids foot locker	https://www.kidsfootlocker.com/	net-error	ENOTFOUND
icke berlin	https://www.icke-berlin.de/	net-error	ENOTFOUND
interparfums usa llc	https://www.interparfumsinc.com/	alive	200
live unlimited london	https://www.liveunlimitedlondon.com/	net-error	ENOTFOUND
lola ramona	https://www.lolaramona.com/	net-error	ENOTFOUND
lana baby	https://www.lana-organic.de/	net-error	ENOTFOUND
ixxxi jewelry	https://www.ixxxi-jewelry.com/	net-error	ENOTFOUND
la botte gardiane	https://www.labottegardiane.com/#?utm_source=GoodOnYou%20App&utm_medium=Referral	alive	200
louche	https://www.louchelondon.com/	alive	200
loved01	https://loved01.com/	alive	200
kant-garage	https://stilwerk.com/de/microsite/willkommen-in-berlin	net-error	ENOTFOUND
jb martin	http://www.jbmartin.fr/	net-error	ENOTFOUND
le club original	https://www.lecluboriginal.com/	net-error	ENOTFOUND
l.t. piver	http://www.piver.com/	alive	200
l'urv	https://www.lurv.com.au/	net-error	ENOTFOUND
kreizi beauty	http://kreizibeauty.com/	alive	200
jenest	http://www.jenest.com/	net-error	ENOTFOUND
lapuan kankurit	https://www.lapuankankurit.fi/	net-error	ENOTFOUND
lily lemon	http://www.instagram.co	net-error	ENOTFOUND
kincloch anderson	https://www.kinlochanderson.com/	alive	200
john john	https://www.johnjohndenim.com.br/	net-error	ENOTFOUND
j brand	https://www.jbrandjeans.com/	net-error	ENOTFOUND
kat maconie	https://katmaconie.com/	net-error	ENOTFOUND
isla in bloom	https://www.islainbloom.com.au/	net-error	ENOTFOUND
juwelier willer	https://willer.de/	alive	200
jude stuecker	https://www.judestuecker.com/	net-error	ENOTFOUND
khujo	https://www.khujo.com/	alive	200
jeroboam paris	https://jeroboamparis.com/	net-error	ENOTFOUND
la martina shoes	https://www.lamartina.com/	net-error	ENOTFOUND
l*space	https://www.lspace.com/	net-error	ENOTFOUND
la strada	https://lastradashoes.com/	net-error	ENOTFOUND
lovjoi	https://www.lovjoi.com/	net-error	ENOTFOUND
laccio	https://laccio.nl/	alive	200
luca-kayz	https://luca-kayz.de/	tls-error	ERR_SSL_TLSV1_ALERT_INTERNAL_ERROR
laura bellariva	https://shop.laurabellariva.com/	net-error	ENOTFOUND
leos	https://www.leos-jeans.de/	net-error	ENOTFOUND
ivey abitz	https://iveyabitz.com/	net-error	ENOTFOUND
mister tee	https://www.urban-classics.net/	net-error	ENOTFOUND
le babe	https://www.lebabe.it/	alive	200
kazartt	https://kazartt.com/	net-error	ENOTFOUND
leem	https://www.leem.com/int	alive	200
lipora	http://www.liporaskin.com/	net-error	ENOTFOUND
luca	https://www.lucajackets.com/	net-error	ENOTFOUND
kunogigi	https://www.kunogigi.com/	alive	200
keer	http://www.keerworld.com/#/	net-error	ENOTFOUND
la petite mort	https://la-pm.com/	net-error	ENOTFOUND
jane	https://www.janeatelier.com/	net-error	ENOTFOUND
lands' end	https://www.landsend.com/	alive	200
le fix	https://www.le-fix.com/	alive	200
lavard	https://www.lavard.pl/	net-error	ENOTFOUND
kailas	https://kailasgear.com/	net-error	ENOTFOUND
joyya	https://joyya.com/en-au?oid=329&affid=1&source_id=GoY-rating&sub1=brandpage	net-error	ENOTFOUND
harris horology	https://harrishorology.com/	net-error	ENOTFOUND
kettner	https://www.kettner.com/	alive	200
kurt geiger	https://www.kurtgeiger.com/	blocked	403
louis philippe	http://www.louisphilippe.com/	net-error	ENOTFOUND
liebeskind berlin	https://www.liebeskind-berlin.com/	alive	200
inhabited art	https://inhabitedart.com/	alive	200
kat the label	https://www.katthelabel.com/	net-error	ENOTFOUND
luna & rose	https://lalunarose.com/	net-error	ENOTFOUND
la milanesa	https://www.lamilanesa.it/	alive	200
leysen	https://www.leysen.eu/en/	net-error	ENOTFOUND
messika	https://www.messika.com/	alive	200
legendary whitetails	https://www.deergear.com/	net-error	ENOTFOUND
it's a 10 haircare	http://www.itsa10haircare.com/	alive	200
lana organic	https://www.lana-organic.de/	net-error	ENOTFOUND
maria mcmanus	https://mariamcmanus.com/	net-error	ENOTFOUND
klo organic beauty	https://klobeauty.com/	net-error	ENOTFOUND
kering eyewear	https://www.keringeyewear.com/	alive	200
le château	http://www.lechateau.com/	net-error	ENOTFOUND
korali	https://www.korali-handmade.com/	alive	200
juli dans jewels	https://julidansjewels.nl/	net-error	ENOTFOUND
love is art	http://www.loveisartkit.com/	net-error	ENOTFOUND
louisa ballou	https://www.louisaballou.com/	tls-error	ERR_TLS_CERT_ALTNAME_INVALID
minuit sur terre	https://minuitsurterre.com/	net-error	ENOTFOUND
lucy	https://lucy.bg/	alive	200
kapdaa	https://kapdaa.com/	net-error	ENOTFOUND
industry of all nations	http://www.industryofallnations.com/	net-error	ENOTFOUND
kwaidan editions	https://kwaidaneditions.com/	net-error	ENOTFOUND
lipsy limited	https://www.next.co.uk/lipsy	blocked	403
lusso cloud	https://lussocloud.com/	net-error	ENOTFOUND
mango	https://www.mango.com/	net-error	ENOTFOUND
jordan	https://www.nike.com/us/en_us/c/jorda	http-dead	404
lullilu	https://www.lullilu.com/	alive	200
lime crime	http://www.limecrime.com/	net-error	ENOTFOUND
lagogo	http://www.lagogo.cn/	alive	200
kimoa	https://kimoa.com/	alive	200
just over the top	https://jott.com/	net-error	ENOTFOUND
kiko ouriversarias	https://www.ourivesariakiko.com/en/	net-error	ENOTFOUND
hannoush jewelers	https://www.hannoush.com/	blocked	403
lanefortyfive	https://lanefortyfive.com/	net-error	ENOTFOUND
luiza barcelos	https://www.luizabarcelos.com.br/	net-error	ENOTFOUND
mayer's markenschuhe	https://www.mayers-markenschuhe.de/	alive	200
luxuar fashion	https://www.luxuar-shop.com/	alive	200
ksubi	https://www.ksubi.com/eu	net-error	ENOTFOUND
lojas colombo	https://www.colombo.com.br/	net-error	ENOTFOUND
ilc	https://www.ilc-shoes.com/	net-error	ENOTFOUND
liz claiborne	https://www.jcpenney.com/	net-error	ENOTFOUND
la relaxed	https://www.larelaxed.com/	alive	200
locaite labs	https://www.locaitelabs.com/	net-error	ENOTFOUND
i.code	https://www.ikks.com/en/i.code/	net-error	ENOTFOUND
mackage	https://www.mackage.com/	net-error	ENOTFOUND
k-way	https://www.k-way.fr/	net-error	ENOTFOUND
matsuzakaya	https://www.matsuzakaya.co.jp/	net-error	ENOTFOUND
intimo	https://www.intimo.com.au/	alive	200
lazamani	https://www.lazamani.nl/	net-error	ENOTFOUND
maison catanzaro	https://maisoncatanzaro.com/	net-error	ENOTFOUND
let her	https://lether.shop/	tls-error	ERR_TLS_CERT_ALTNAME_INVALID
kolors by k ®	http://www.kolorsbyk.com/	alive	200
j'aton couture	http://www.jatoncouture.com/	net-error	ENOTFOUND
lolavie	http://www.lolavie.com/	net-error	ENOTFOUND
loupe organics	https://loupeorganics.com/	net-error	ENOTFOUND
lorde + belle	https://lordeandbelle.com/	alive	200
laurence dacade	https://www.laurence-dacade.com/	net-error	ENOTFOUND
laidback london	https://www.laidbacklondon.com/	net-error	ENOTFOUND
kaltur	https://www.kaltur.com/	net-error	ENOTFOUND
lindbergh	https://www.lindberghfashion.com/sv-se	net-error	ENOTFOUND
meridian	https://www.meridiangrooming.com/	net-error	ENOTFOUND
kitikate	https://www.kitikate.eu/	net-error	ENOTFOUND
krass optik	https://www.krass-optik.com/	net-error	ENOTFOUND
jōb cosmetics hawai'i	http://cosmeticshawaii.com/	net-error	ENOTFOUND
laquan smith	https://laquansmith.com/	net-error	ENOTFOUND
ito uroko	http://www.uroko-web.com/	dns-flaky	timeout/servfail on both
luna	https://www.fashion-luna.com/	net-error	redirect count exceeded
la fábrica de nikis	https://www.lafabricadenikis.com/	alive	200
kotofey	https://kotofey.ru/	net-error	ENOTFOUND
jcc	https://www.jcc.de/	alive	200
li parie	https://liparie.pl/	alive	200
m.gemi	https://mgemi.com/	alive	200
jakke	https://jakke.co.uk/	net-error	ENOTFOUND
lanvin	https://www.lanvin.com/	net-error	ENOTFOUND
lolina	https://lolinashop.com/	alive	200
lé buns	https://lebuns.com.au/	net-error	ENOTFOUND
l. s. ayres	https://web.archive.org/*/www.lsayres.com	net-error	ENOTFOUND
julius marlow	https://juliusmarlow.com.au/	net-error	ENOTFOUND
lauren manoogian	https://laurenmanoogian.com/	alive	200
long john	https://long-john.nl/	net-error	ENOTFOUND
liars & lovers	https://www.liarsandlovers.com/	dns-flaky	timeout/servfail on both
kaenon polarized	https://kaenon.com/	net-error	ENOTFOUND
lebes	https://www.lebes.com.br/	alive	200
la stupenderia	https://www.lastupenderia.com/en/	net-error	ENOTFOUND
les girls les boys	https://www.lesgirlslesboys.com/	net-error	ENOTFOUND
li-ning	https://en.lining.com/	blocked	403
lilian	https://www.lilianschoenen.nl/	tls-error	ERR_TLS_CERT_ALTNAME_INVALID
knwls	https://knwls.com/	net-error	ENOTFOUND
lotus moon skin care	http://www.lotusmoonskincare.com/	alive	200
jones bootmaker	https://www.jonesbootmaker.com/	alive	200
loulou studio	https://louloustudio.fr/en/	net-error	ENOTFOUND
jaz	http://jazwatch.com/	net-error	ENOTFOUND
hibar	http://www.hellohibar.com/	net-error	ENOTFOUND
mimikri	https://www.mimikri-design.com/	alive	200
hoodies	https://www.hoodies.co.il/	alive	200
jns	https://jnsonline.ru/	net-error	ENOTFOUND
milkweed baby	https://www.milkweedbaby.com/	alive	200
madness	https://www.madness-online.com/	net-error	ENOTFOUND
liebre style	https://www.liebrestyle.com/	net-error	ENOTFOUND
lamborghini	https://www.lamborghini.it/	net-error	ENOTFOUND
malone souliers	https://malonesouliers.com/	net-error	ENOTFOUND
malhia kent	https://www.malhia.fr/	net-error	ENOTFOUND
lakeyo	https://lakeyo.com/	net-error	ENOTFOUND
just b different	https://www.just-b-different.com/	alive	200
liv bergen	https://en.livbergen.de/	net-error	ENOTFOUND
lamel	https://lamelcosmetics.com/	net-error	ENOTFOUND
le chemiseur®	https://www.lechemiseur.fr/	net-error	ENOTFOUND
lorna murray	https://lornamurray.com.au/	net-error	ENOTFOUND
leatherstrata	https://leatherstrata.com/	alive	200
michi	https://michiny.com/	alive	200
kings of indigo	https://www.kingsofindigo.com/	net-error	ENOTFOUND
le modeste	https://www.lemodeste.fr/	blocked	403
maria aguyé	https://mariaaguye.com/	dns-dead	NXDOMAIN @1.1.1.1+8.8.8.8
la maison simons	https://www.simons.ca/en	net-error	ENOTFOUND
longlivethequeen	https://www.longlivethequeen.com/	net-error	ENOTFOUND
juicy couture	http://shop.davidjones.com.au/webapp/wcs/stores/servlet/SearchDisplay?searchTermScope=&searchType=1000&filterTerm=&maxPrice=&showResultsPage=true&langId=-1&beginIndex=0&sType=SimpleSearch&metaData=&fromBrandDirectory=1&pageSize=21&manufacturer=&resultCatEntryType=&catalogId=10051&pageView=image&searchTerm=&facet=mfName_ntk_cs%253AJuicy%2BCouture&minPrice=&categoryId=&storeId=10051&facetLabel=Juicy+Couture%3Futm_source%3DGoodOnYou+App	net-error	ENOTFOUND
lapin house	https://www.lapinhouse.com/	net-error	ENOTFOUND
livy	https://int.li-vy.com/	net-error	ENOTFOUND
ktg fashion house	http://officialktgfashionhouse.com/	alive	200
liverpool	http://www.liverpooljeans.com/	alive	200
lola	https://mylola.com/	alive	200
libbi nails	http://liberation-nails.com/	net-error	ENOTFOUND
lizush	https://lizush.com/	alive	200
king louie	https://www.kinglouie.eu/	alive	200
karma and luck	https://www.karmaandluck.com/	alive	200
lardini	https://www.lardini.com/	alive	200
jil sander	https://www.jilsander.com/	net-error	ENOTFOUND
lilixir	http://lilixir.com/	net-error	ENOTFOUND
love brand & co	https://lovebrand.com/	net-error	ENOTFOUND
leiser handelsgesellschaft	https://www.leiser.de/	alive	200
moda in pelle	https://www.modainpelle.com/	alive	200
maicazz	https://www.maicazz.nl/	tls-error	ERR_SSL_TLSV1_UNRECOGNIZED_NAME
klitmøller collective	https://www.klitmollercollective.dk/	net-error	ENOTFOUND
joslin	https://joslinstudio.com/	http-dead	402
macron	https://www.macron.com/	net-error	ENOTFOUND
mih jeans	http://www.mih-jeans.com/	alive	200
marionnaud	https://www.marionnaud.fr/	net-error	ENOTFOUND
lionel the label	https://lionelthelabel.com.au/	net-error	ENOTFOUND
liberty woman	https://www.liberty-woman.com/	alive	200
natalie therése	https://www.natalietherese.com/	alive	200
honey cake tiger	https://honeycaketiger.com/	alive	200
mancera	https://manceraparfums.us/	net-error	ENOTFOUND
lanidor	https://www.lanidor.com/	blocked	403
le silo bleu	http://lesilobleu.com/	net-error	ENOTFOUND
lily brown	https://lily-brw.com/	net-error	UND_ERR_CONNECT_TIMEOUT
keedo	https://keedo.co.za/	net-error	ENOTFOUND
hudson london	https://www.hudsonshoes.com/	net-error	ENOTFOUND
maxmila	https://maxmilaparis.com/	net-error	ENOTFOUND
lojas riachuelo	http://www.riachuelo.com.br/	net-error	ENOTFOUND
monni	https://desizomonni.com/	net-error	ENOTFOUND
kookaï	https://www.kookai.com/	net-error	ENOTFOUND
maison les énervés	https://maisonlesenerves.com/	alive	200
lords of harlech	https://lordsofharlech.com/	net-error	ENOTFOUND
koleha	https://koleha.com/	net-error	ENOTFOUND
la queue du chat	https://www.laqueueduchat.com/	blocked	403
lilly be organic	http://www.lillybe.com/	net-error	ENOTFOUND
mp massimo piombo	https://www.mpmassimopiombo.com/	dns-dead	NXDOMAIN @1.1.1.1+8.8.8.8
maison yusif	https://maisonyusif.com/	alive	200
jose real	https://joserealshoes.com/	net-error	ENOTFOUND
mac mode	https://mac-jeans.com/	alive	200
lecurve	https://www.lecurve.store/	alive	200
laura vita	https://lauravita.com/	net-error	ENOTFOUND
l’intervalle	https://lintervalle.eu/	net-error	ENOTFOUND
lou lingerie	https://www.lou-lingerie.fr/	net-error	ENOTFOUND
maison birks	https://www.birks.com/	alive	200
leotude	https://leotude.com/	dns-flaky	timeout/servfail on both
helen kaminski	https://www.helenkaminski.com/	net-error	ENOTFOUND
mipacha	https://www.mipacha.com/en/	alive	200
miidii	https://miidii-cn.com/	net-error	ECONNRESET
lakole	https://www.dot-st.com/lakole/	alive	200
leader	https://www.lojasleader.com.br/	dns-dead	NXDOMAIN @1.1.1.1+8.8.8.8
juwelier rubin	https://juwelier-rubin.de/	alive	200
les hommes	https://www.leshommes.com/it	http-dead	404
monaco ducks	https://www.monacoducks.com/	net-error	ENOTFOUND
manufaktura	https://manufaktura.cz/	net-error	ENOTFOUND
jacaru australia	https://www.jacaru.com/	net-error	ENOTFOUND
liebeskind	https://int.liebeskind-berlin.com/	alive	200
loveu organics	https://loveuorganics.com/	alive	200
maria la rosa	https://www.marialarosa.it/en	net-error	ENOTFOUND
leo lin	https://leolinofficial.com.au/	net-error	ENOTFOUND
lingadore	https://www.lingadore.nl/	net-error	ENOTFOUND
kylie minogue parfums	https://kylieminogueparfums.com/?country=US	net-error	ENOTFOUND
little indians	https://www.little-indians.com/	tls-error	ERR_TLS_CERT_ALTNAME_INVALID
love lolita	https://lovelolita.com/	net-error	ENOTFOUND
herbitual	https://myherbitual.com/	net-error	ENOTFOUND
jamie makeup	http://www.jamiemakeup.com/	alive	200
kibra	https://kibraofficial.com/	alive	200
m (+) plus design	https://mplus.berlin/	alive	200
local heroes	https://localheroesstore.com/en/	net-error	ENOTFOUND
lovechild	https://www.lovechild1979.com/	net-error	ENOTFOUND
modelinia	http://www.modelinia.com/	http-dead	404
kronstadt	https://www.kronstadt.dk/	net-error	ENOTFOUND
ksenia schnaider	https://www.kseniaschnaider.com/	alive	200
mainland skate & surf	https://mainlandskateandsurf.com/	alive	200
love who you are	http://bellebeauty.com/	net-error	ENOTFOUND
matahari department store	https://www.matahari.com/	net-error	ENOTFOUND
luisa spagnoli	https://www.luisaspagnoli.com/	net-error	ENOTFOUND
joe boxer	https://www.joeboxer.com/	alive	200
lusquinos	https://lusquinos.com/	dns-dead	NXDOMAIN @1.1.1.1+8.8.8.8
les tien	https://lestien.com/	net-error	ENOTFOUND
little bird revival	https://littlebirdrevival.com/	alive	200
joseff of hollywood	https://www.joseff-hollywood.com/	alive	200
minti	https://www.iloveminti.com/	net-error	ENOTFOUND
kiku boutique	http://www.kikuboutique.co.uk/	alive	200
mineral fusion	http://www.mineralfusion.com/	net-error	ENOTFOUND
little liffner	https://www.littleliffner.com/	alive	200
hv.polo	https://hv-polo.com/	alive	200
lolly's laundry	https://lollyslaundry.com/	net-error	ENOTFOUND
lamik beauty	https://lamikbeauty.com/	net-error	ENOTFOUND
l.credi	https://lcredi-munich.de/	net-error	ENOTFOUND
leona edmiston	https://www.leonaedmiston.com/	alive	200
kusaga athletic	https://www.kusagaathletic.com/	http-dead	402
mae & ivy	https://www.maeandivy.com/	net-error	ENOTFOUND
louisa bracq	https://www.louisabracq.com/	net-error	ENOTFOUND
lotus garden botanicals	http://www.lgbotanicals.com/	net-error	ENOTFOUND
lovett sundries	https://lovettsundries.com/	alive	200
lyle & scott scotland	https://lyleandscott.com/	alive	200
labucq	https://labucq.com/	net-error	ENOTFOUND
luxoptica	https://luxoptica.ua/	net-error	ENOTFOUND
kleckerliese	https://kleckerliese.com/	tls-error	ERR_TLS_CERT_ALTNAME_INVALID
lewanowicz	https://www.lewanowicz.com/	alive	200
kalishka's store	https://www.kalishka.com/	alive	200
mees	https://meesdesign.nl/	tls-error	ERR_TLS_CERT_ALTNAME_INVALID
libertydoll	https://sfw-official.jp/	dns-flaky	timeout/servfail on both
l'afshar	https://www.lafshar.com/	net-error	ENOTFOUND
just junkies	https://www.justjunkies.eu/	dns-dead	NXDOMAIN @1.1.1.1+8.8.8.8
linné botanicals	https://linnebotanicals.com/	net-error	ENOTFOUND
needles	https://needles.jp/	alive	200
mirth	https://mirthcaftans.com/	net-error	ENOTFOUND
karko	https://www.2karko.com/	http-dead	404
laseraway	https://www.laseraway.com/	net-error	ENOTFOUND
lulualways	http://lulualways.com/	net-error	ENOTFOUND
miss etam	https://www.missetam.nl/	alive	200
karmavore	https://karmavorebrand.com/	net-error	ENOTFOUND
kari kids	https://kari.com/	net-error	ENOTFOUND
jw anderson	https://www.jwanderson.com/	net-error	ENOTFOUND
lara mode	https://www.laramode.nl/	alive	200
locally grown clothing co.	https://locallygrownclothing.com/	dns-flaky	timeout/servfail on both
lalotti	https://www.lalotti.be/	alive	200
melasana soap	https://melaniekaufman.com/	alive	200
maison tahité	https://maisontahite.com/	net-error	ENOTFOUND
khu khu	https://khukhu.com/	net-error	ENOTFOUND
kontatto	https://www.kontatto.co/	alive	200
louxnyx	http://www.louxnyx.com/	alive	200
krwn	https://www.krwn.co/	alive	200
mizuno corporation	https://corp.mizuno.com/en	net-error	ENOTFOUND
mámbino organics	http://www.mambinoorganics.com/	net-error	ENOTFOUND
mac jeans	https://www.mac-jeans.com/	net-error	ENOTFOUND
martina spetlova	http://www.martinaspetlova.com/	alive	200
james lock & co. ltd	https://www.lockhatters.co.uk/	net-error	ENOTFOUND
la martina	https://www.lamartina.com/	net-error	ENOTFOUND
little legends	https://www.littlelegends.nl/	net-error	ENOTFOUND
liviana conti	https://www.livianaconti.com/	alive	200
mia contessa	https://www.miacontessa.com/	alive	200
ll precious creations	https://www.llpreciouscreations.com/	alive	200
leslii	http://leslii.de/	alive	200
kessler	https://www.ottokessler.com/	net-error	ENOTFOUND
lunavit	https://www.lunavit.com/	net-error	ENOTFOUND
luxzuz // one two	https://luxzuz.com/	net-error	ENOTFOUND
kūlson	https://www.kulson.de/	net-error	ENOTFOUND
lafayette homme	https://haussmann.galerieslafayette.com/en/mens-fashion/	alive	200
lollipops	https://www.lollipops.fr/	net-error	ENOTFOUND
mojave desert skin shield	https://mojavedesertskinshield.com/	net-error	ENOTFOUND
mandee	https://www.mandee.com/	tls-error	ERR_SSL_SSL/TLS_ALERT_HANDSHAKE_FAILURE
la machine cycle club	https://lamachine.cc/	alive	200
loding	https://www.loding.fr/en/	net-error	ENOTFOUND
masumi headwear	https://www.masumiheadwear.com/	net-error	ENOTFOUND
loevenich	https://loevenich-fashion.de/	net-error	ENOTFOUND
longines	https://www.longines.com/	alive	200
lemowe	http://lemowe.co.kr/	alive	200
malo	https://malo.it/	net-error	ENOTFOUND
maravilha natural	https://maravilhanatural.com.br/	alive	200
les vides anges perfumes	https://www.videsanges.com/	net-error	ENOTFOUND
mandarina duck	https://www.mandarinaduck.com/	net-error	ENOTFOUND
lusana	https://lusana.online/	alive	200
jugaad14	https://jugaad14.tokyo/pages/about	alive	200
kaes.	https://kaes.pl/	alive	200
miaydi	https://miaydi.com/	http-dead	402
khasto	https://www.khasto.com/en/	alive	200
laurence tavernier	https://www.laurencetavernier.fr/	net-error	ENOTFOUND
lola jeans	http://www.lola-jeans.com/	net-error	ENOTFOUND
killtec	https://www.killtec.de/	alive	200
lando studio	https://landostudio.com/	net-error	ENOTFOUND
kjus	https://www.kjus.com/	alive	200
jo malone london	https://www.jomalone.com/	net-error	ENOTFOUND
maxfaber	https://www.maxfaber.de/	net-error	ENOTFOUND
nicholas k	https://nicholask.com/	alive	200
mesolyft micro-needling skincare	http://www.mesolyft.com/	net-error	ENOTFOUND
michael kors	https://www.michaelkors.com/	alive	200
milkbarn	https://milkbarnkids.com/	alive	200
ledûb	https://www.ledub.com/	net-error	ENOTFOUND
lamarque	https://www.lamarquecollection.com/	net-error	ENOTFOUND
maureen	https://boutiquemaureen.com/	alive	200
loulou lollipop	https://louloulollipop.com/	net-error	ENOTFOUND
lidea	https://www.lidea.de/	net-error	ENOTFOUND
lily	https://www.lily-collection.com/	net-error	ENOTFOUND
j.d.v	http://www.jdvfashion.com/index2.html	net-error	ENOTFOUND
losano	https://losano.com/	net-error	ENOTFOUND
maison aida	https://aidaoze.com/	dns-dead	NXDOMAIN @1.1.1.1+8.8.8.8
maison michel	https://www.michel-paris.com/	net-error	ENOTFOUND
lott.	https://www.lottgioielli.com/	alive	200
lenox and sixteenth	https://lenoxandsixteenth.com/	net-error	ENOTFOUND
k m by l a n g e	https://www.kmbylange.com/	alive	200
love affair	https://www.love-affair.com/	alive	200
la portegna	https://www.laportegna.com/	net-error	ENOTFOUND
magic flying boots	https://www.magicflyingboots.co.uk/	net-error	ENOTFOUND
laflare	https://laflareusa.com/	alive	200
konges sløjd	https://kongessloejd.com/	net-error	ENOTFOUND
laboratoires longévité	https://www.thesimpleplan.co/	net-error	ENOTFOUND
nakedskin essentials	http://www.nakedskinessentials.com/	net-error	ENOTFOUND
mason garments	https://www.masongarments.com/	net-error	ENOTFOUND
laflore paris	https://lafloreparis.com/	alive	200
marie originals	https://marieoriginals.com/	net-error	ENOTFOUND
maurice malone	https://mauricemaloneusa.com/	alive	200
mukzin	https://shop.mukzin.com/	net-error	ENOTFOUND
marc-antoine barrois	https://marcantoinebarrois.com/	net-error	ENOTFOUND
meridaskin	http://www.meridaskin.com/	net-error	ENOTFOUND
myeyedr.	https://www.myeyedr.com/	blocked	403
lenny neimeyer	https://lennyniemeyer.com/landing-lennyniemeyer.html	http-dead	404
jennifer chamandi	https://www.jenniferchamandi.com/	alive	200
lylou the label	https://lylouthelabel.com/	alive	200
nakd. thai crystal deodorant	https://vasarii.com/	alive	200
jaded london	https://jadedldn.com/	net-error	ENOTFOUND
manic panic	https://manic-panic.info/	net-error	ENOTFOUND
natacha marro	https://www.natachamarro.com/	alive	200
lost ink	https://www.lost-ink.co.uk/	net-error	ENOTFOUND
liv metta	https://www.livmetta.com/	net-error	ENOTFOUND
malelions	https://www.malelions.com/	alive	200
message factory	https://messagefcty.com/	alive	200
macy's backstage	https://www.macysbackstage.com/	net-error	ENOTFOUND
lolo carolo	https://lolocarolo.com/	server-error	520
mania	https://maniafashionclothing.com/	alive	200
lotte department store	http://store.lotteshopping.com/	net-error	ENOTFOUND
kalaika	https://www.kalaika.berlin/	net-error	ENOTFOUND
leguano	https://www.leguano.eu/	alive	200
maria contigiani	https://www.mariacontigiani.it/en/	net-error	ENOTFOUND
isona linen	https://isonalinen.com/	net-error	ENOTFOUND
joyce&girls	https://www.joyceandgirls.com/	net-error	ENOTFOUND
miles culture	https://www.milesculture.com/	http-dead	402
missha	https://missha.com/	alive	200
masterpeace	http://masterpeace.ru/	net-error	ENOTFOUND
ldnr	https://www.lndr.uk/	net-error	ENOTFOUND
marble berriez	https://marbleberriez.nl/	alive	200
louembrace	https://louembrace.com/	net-error	ENOTFOUND
lois	https://loisjeanstore.com/	alive	200
majorica	http://www.majorica.com/es	net-error	ENOTFOUND
inlight organic skincare	http://www.hugyourskin.com/	net-error	ENOTFOUND
marina volpe	https://marinavolpe.com/	dns-flaky	timeout/servfail on both
mixeri	https://www.mixeri.com/	net-error	ENOTFOUND
livsn	https://www.livsndesigns.com/	alive	200
kipling	https://www.kipling.com/	net-error	ENOTFOUND
icepeak	https://www.icepeak.fi/	net-error	ENOTFOUND
lorreti	https://lorreti.com/	alive	200
markaware	https://markaware.jp/	net-error	ENOTFOUND
massi milano	https://massimilano.at/	tls-error	ERR_SSL_TLSV1_ALERT_INTERNAL_ERROR
lounge nine	https://www.loungenine.com/en-en	dns-dead	NXDOMAIN @1.1.1.1+8.8.8.8
licia florio	https://www.liciaflorio.com/	net-error	ENOTFOUND
kokolu	https://kokolu.eco/	net-error	ENOTFOUND
marloweville	https://www.marloweville.com/	net-error	ENOTFOUND
maiden lane	https://www.maidenlane.nl/	alive	200
laulhère	https://www.laulhere-france.com/	alive	200
kmart australia	https://www.kmart.co.nz/	blocked	403
kashmiria fashion	https://www.kashmiriafashion.it/	net-error	ENOTFOUND
logo	https://www.logoofficial.com/	alive	200
me+em	https://www.meandem.com/	alive	200
me%	https://www.dot-st.com/lowrysfarm/?dispNo=001044%3Futm_source%3DGoodOnYou+App	server-error	500
megan & co herbal apothecary and clinic	http://meganandco.com/	net-error	ENOTFOUND
lovely bird	https://www.shoplovelybird.com/	net-error	ENOTFOUND
iphoria design	https://www.iphoria.com/	net-error	ENOTFOUND
leonhard heyden	https://www.leonhard-heyden.com/	net-error	ENOTFOUND
lisette l montreal	https://lisettel.com/	alive	200
macian	https://maciancollection.com/	alive	200
maison amiir	https://maisonamiir.com/	http-dead	402
kids worldwide	https://kidsworldwide.shop/	alive	200
manuela conti	https://www.manuelaconti.com/	blocked	403
mayo chix	http://www.mayochix.hu/	alive	200
luxiny  luxurious bath & body	http://www.luxiny.com/	net-error	ENOTFOUND
lozza	https://www.lozzaocchiali.com/	net-error	ENOTFOUND
nature's alchemy	http://www.naturesalchemy.com/	alive	200
lunescape	https://lunescape.com/	net-error	ENOTFOUND
miss chase	https://misschase.com/	net-error	ENOTFOUND
moost wanted	https://www.moostwanted.com/	alive	200
lemondose	https://www.lemondose.com/	dns-dead	NXDOMAIN @1.1.1.1+8.8.8.8
noppies	https://www.noppies.com/	alive	200
marpple corporation	https://www.marpplecorp.com/	net-error	ENOTFOUND
meliora cleaning products	https://meliorameansbetter.com/?gad_source=1	net-error	ENOTFOUND
momsrack	https://momsrack.com/	dns-dead	NXDOMAIN @1.1.1.1+8.8.8.8
la boucle	https://laboucle.com/	net-error	ENOTFOUND
lucardi	https://www.lucardi.nl/	net-error	ENOTFOUND
milliana	https://www.millianna.com/	net-error	ENOTFOUND
leland francis	http://www.lelandfrancis.com/	alive	200
longevity london	https://longevity-london.com/	net-error	ENOTFOUND
naf naf	https://www.nafnaf.es/	tls-error	ERR_TLS_CERT_ALTNAME_INVALID
lonely kids club	https://www.lonelykidsclub.com/	net-error	ENOTFOUND
matinique	https://www.matinique.com/	net-error	ENOTFOUND
kow hoo	http://kowhoo.com.hk/	net-error	ENOTFOUND
nanga shoes	https://www.nanga.at/	net-error	ENOTFOUND
mks eco hair care	http://www.mkseco.com/	net-error	ENOTFOUND
kenny parker label	https://www.kennyparker.com.au/	alive	200
madison reed	https://www.madison-reed.com/	alive	200
lola jeanine boutique	https://lolajeannine.com/	dns-dead	NXDOMAIN @1.1.1.1+8.8.8.8
lemaire	https://eu.lemaire.fr/	dns-flaky	timeout/servfail on both
mavohair	https://mavohair.me/	alive	200
jubel	https://www.jubel.nl/	net-error	ENOTFOUND
lil paolo	https://www.laura-jo.com/en/brands/lil-paolo/	alive	200
matières fécales	https://www.matieresfecales.com/	net-error	ENOTFOUND
lua accessories	https://www.lua-accessories.com/	net-error	ENOTFOUND
la doublej	https://www.ladoublej.com/	alive	200
matona	https://www.matona.at/en/	net-error	ENOTFOUND
lissac	https://www.lissac.fr/	net-error	ENOTFOUND
modum	https://www.modum.by/	alive	200
montiek	http://www.montiek.com/	dns-dead	NXDOMAIN @1.1.1.1+8.8.8.8
maiyo	https://maiyo.co.uk/	net-error	ENOTFOUND
mondraghi	https://www.mondraghi.com/	net-error	ENOTFOUND
lyndsey clark boutique	http://www.lyndseyclarkboutique.co.uk/	net-error	ENOTFOUND
okko	https://okko.ch/	net-error	ENOTFOUND
konplott	https://www.konplott.com/	net-error	ENOTFOUND
moonbow skin	https://www.moonbowskin.com/	alive	200
ludovic de saint sernin	https://ludovicdesaintsernin.com/	alive	200
miss diva	http://missdiva.co.uk/	alive	200
maium	https://www.maium.nl/	net-error	ENOTFOUND
marville	https://marvilleofficial.it/	alive	200
loren stewart	https://www.lorenstewart.com/	net-error	ENOTFOUND
love ur curls	http://loveurcurls.com/	net-error	ENOTFOUND
mart visser	https://www.martvisser.nl/	net-error	ENOTFOUND
mezea	https://www.brelery.com/	blocked	503
lugz	https://lugz.com/	alive	200
masami	http://www.lovemasami.com/	alive	200
lost property of london	http://lostpropertyoflondon.com/	net-error	ENOTFOUND
laura geller	https://www.laurageller.com/	alive	200
khrisjoy	https://www.khrisjoy.com/	net-error	ENOTFOUND
merchcode	https://www.urban-classics.net/	blocked	401
nost	https://nostshoes.se/	server-error	500
orbasics	https://orbasics.com/?_ef_transaction_id=&oid=379&affid=1	net-error	ENOTFOUND
memoize london	https://www.memoizeperfume.com/	net-error	ENOTFOUND
lecomte	https://www.lecomtefashion.de/	tls-error	ERR_SSL_TLSV1_ALERT_INTERNAL_ERROR
metisse	https://www.metisse.it/	net-error	ENOTFOUND
marshall columbia	https://marshallcolumbia.com/	net-error	ENOTFOUND
martina pipková loudová	http://www.martinapipkovaloudova.cz/	alive	200
m. carya	https://mcarya.com/	alive	200
maylyn & co.	http://www.maylynandco.com/	net-error	ENOTFOUND
nine west	https://ninewest.com/	net-error	ENOTFOUND
kaene	https://kaene.jp/pages/kaene	net-error	ENOTFOUND
les tricots	https://lestricotsdo.be/	net-error	ENOTFOUND
liefling	https://mouwlengte7.com/collections/liefling-overhemden/	alive	200
michele & hoven	https://www.micheleandhoven.com/	net-error	ENOTFOUND
mary katrantzou	https://www.marykatrantzou.com/	net-error	ENOTFOUND
marianamalni	http://www.marianamalni.com/	alive	200
mackintosh	https://www.mackintosh.com/	alive	200
liël clothing	https://www.lielclothing.com/	net-error	ENOTFOUND
louelle	https://www.louelle.co/	net-error	ENOTFOUND
lilly pulitzer	https://www.lillypulitzer.com/	net-error	ENOTFOUND
le monde gourmand	https://www.gourmandbeauty.com/	alive	200
maui jim	https://www.mauijim.com/	net-error	ENOTFOUND
momoni	https://www.momoni.it/	net-error	ENOTFOUND
lilac natural beauty	http://lilacnaturalbeauty.com/	net-error	ENOTFOUND
nonsolosport	https://www.nonsolosport.it/	net-error	ENOTFOUND
ochnik	https://ochnik.com/	net-error	ENOTFOUND
kylie cosmetics	https://www.kyliecosmetics.com/	net-error	ENOTFOUND
mitsui	https://www.999k.com.tw/	blocked	403
magpie goose	https://magpiegoose.com/	alive	200
limit	https://www.limitwatches.co.uk/	net-error	ENOTFOUND
massimo romolini	https://www.massimoromolini.com/	http-dead	404
lagoped	https://lagoped.com/en	alive	200
levete room	https://www.leveteroom.com/	net-error	ENOTFOUND
living kitzbühel	https://www.livingkitzbuehelshop.de/	net-error	ENOTFOUND
marques ' almeida	https://www.marquesalmeida.com/	alive	200
nuance	http://www.thenuancegroup.com/	net-error	ENOTFOUND
manna kadar beauty	http://www.mannakadarcosmetics.com/	alive	200
lorenzoni	https://www.lorenzoni.cloud/	net-error	ECONNREFUSED
lynnsophie	https://www.lynnsophie.com/	net-error	ENOTFOUND
ira fahrenheit	https://www.irafahrenheit.com/	net-error	ENOTFOUND
liis	https://liisfragrances.com/	net-error	ENOTFOUND
magic in mohmaya	https://magicinmohmaya.com/	net-error	ENOTFOUND
milan laser hair removal	https://milanlaser.com/	net-error	ENOTFOUND
mally	https://mally.com/	http-dead	418
minus	https://en.minus.dk/	net-error	ENOTFOUND
minitmute	https://jp.minitmute.com/category/home/117/	http-dead	404
miracle oil	http://www.hempseedbodycare.com/	net-error	ENOTFOUND
laloras	https://laloras.com/	http-dead	404
oak rock designs	https://www.oakrockdesigns.com/	http-dead	402
marcell von berlin	https://marcellvonberlin.com/	dns-dead	NXDOMAIN @1.1.1.1+8.8.8.8
miribel naturals	https://www.miribelnaturals.com/	net-error	ENOTFOUND
nour boutique	https://nourboutique.co.uk/	net-error	ENOTFOUND
manduka	https://eu.manduka.com/	net-error	ENOTFOUND
just the goods	http://justthegoods.net/	net-error	ENOTFOUND
loup charmant	https://loupcharmant.com/	net-error	ENOTFOUND
kusum	https://kusumcosmetics.com/	net-error	ENOTFOUND
mikimoto	http://www.mikimoto.com/jp	alive	200
morrocco method int'l	https://www.morroccomethod.com/	net-error	ENOTFOUND
just cool by awdis	https://justcoolbyawdis.com/	net-error	ENOTFOUND
mama;licious	https://www.mamalicious.com/	alive	200
kzeniya	https://www.kzeniya.com/	net-error	ENOTFOUND
korkoshi	https://www.korkoshi.com/	dns-dead	NXDOMAIN @1.1.1.1+8.8.8.8
ln pro	https://ln-pro.com/	net-error	ENOTFOUND
lipsy london	https://www.next.co.uk/lipsy	blocked	403
maison breeze	https://www.maisonbreeze.com/	net-error	ENOTFOUND
mr. lacy	https://www.mr-lacy.com/	net-error	ENOTFOUND
mimisol	http://mimisol.com/	net-error	ENOTFOUND
ngm	http://www.ngm-mobile.com/	net-error	ENOTFOUND
mae & george home fragrances	https://maegeorgehomefragrances.com/	net-error	ENOTFOUND
mr price fashion	http://www.mrp.com/	net-error	ENOTFOUND
liberitae	https://liberitae.com/en/	net-error	ENOTFOUND
lotus silver	https://lotus-watches.com/	net-error	ENOTFOUND
ltb jeans	https://www.ltbjeans.com/	net-error	ENOTFOUND
m+rc noir	https://mrcnoir.com/	alive	200
lab pal zileri	https://www.labpalzileri.com/	net-error	ENOTFOUND
mara beauty  llc	http://www.themarabeauty.com/	net-error	ENOTFOUND
mastoor	https://mastoor.co/	net-error	ENOTFOUND
lonely	https://lonelylabel.com/	net-error	ENOTFOUND
laneway the label	https://lanewaythelabel.com/	alive	200
meistersinger gmbh & co. kg	http://www.meistersinger.de/	alive	200
mennace	https://www.mennace.com/	tls-error	ERR_TLS_CERT_ALTNAME_INVALID
kolon sport	https://www.kolonsport.com/	alive	200
malin+goetz	https://www.malinandgoetz.com/	alive	200
lamarque collection	https://www.lamarquecollection.com/	net-error	ENOTFOUND
mephisto	https://mephistousa.com/	net-error	ENOTFOUND
olivia wendel	https://www.oliviawendel.com/	alive	200
live bearded	https://livebearded.com/	net-error	ENOTFOUND
nicowa	https://www.nicowa.com/	alive	200
malvi & co.	https://malvi.net/	alive	200
manou	http://www.manoucollections.com/	alive	200
madam glam	http://www.madamglam.com/	alive	200
malwee	https://www.malwee.com.br/	alive	200
modcloth	https://www.modcloth.com/	alive	200
jem	https://www.jem-paris.com/	net-error	ENOTFOUND
maison rabih kayrouz	https://www.maisonrabihkayrouz.com/	net-error	ENOTFOUND
marco atelier	https://www.marco-trevisan.com/	alive	200
maripé	https://www.maripe.com/	net-error	ENOTFOUND
mikii	http://mikiiskin.com/	net-error	ENOTFOUND
le col	https://lecol.cc/	alive	200
outerknown llc	https://www.outerknown.com/	blocked	403
miraculum	https://miraculum.pl/	net-error	ENOTFOUND
milavitsa	https://www.milavitsa.com/	alive	200
marc cain	https://www.marc-cain.com/	alive	200
narciso rodriguez	http://www.narcisorodriguez.com/	net-error	ENOTFOUND
ndx / index	https://www.index.shop/	net-error	ENOTFOUND
martha medeiros	http://www.marthamedeiroslabel.com/	net-error	ENOTFOUND
mine line	http://www.mine-line.com/	net-error	ENOTFOUND
mansur gavriel	https://www.mansurgavriel.com/pages/about-us	net-error	ENOTFOUND
le gramme	https://legramme.com/?lang=en%3Futm_source%3DGoodOnYou+App	net-error	ENOTFOUND
maska	https://maska.se/	net-error	ENOTFOUND
love2wait	https://www.love2wait.com/	net-error	ENOTFOUND
limited sports	https://www.limited-sports.com/	net-error	ENOTFOUND
motivi	https://www.motivi.com/	net-error	ENOTFOUND
nanadecor	https://www.nanadecor.com/	alive	200
muji / 無印良品	http://www.muji.com/	alive	200
level 99 jeans	https://level99jeans.com/	alive	200
meyer broeken	https://www.meyerbroeken.nl/	net-error	ENOTFOUND
laurie	https://www.laurie-shop.eu/	alive	200
mctrek	https://mctrek.de/	net-error	ENOTFOUND
mirasa design	https://mirasadesign.com/	alive	200
na hoku	https://www.nahoku.com/	alive	200
lolaliza	https://www.lolaliza.com/	net-error	ENOTFOUND
nalani naturals	http://www.nalanibotanics.com/	alive	200
le coq sportif	https://www.lecoqsportif.com/	alive	200
macson	https://www.macson.es/	net-error	ENOTFOUND
ladoni kind beauty	https://www.ladonibeauty.ca/	alive	200
live the process	https://livetheprocess.com/	blocked	403
manebí	https://manebi.com/	alive	200
mark's	https://www.marks.com/	alive	200
mochi	https://store.mochishoes.com/	alive	200
le chameau	https://www.lechameau.com/	net-error	ENOTFOUND
never fully dressed	https://www.neverfullydressed.co.uk/	alive	200
marchesa notte bridesmaids	https://www.marchesa.com/	net-error	ENOTFOUND
matin	https://www.matinstudio.com/	alive	200
munich	https://www.munichsports.com/es/	net-error	ENOTFOUND
marshalls	https://www.marshalls.ca/	alive	200
misako	https://www.misako.com/	alive	200
kule	https://www.kule.com/	alive	200
liska	https://www.liska.co.at/	net-error	ENOTFOUND
mud jeans	https://www.mudjeans.eu/	alive	200
morton essentials	http://www.mortonessentials.com/	net-error	ENOTFOUND
lily & marigold botanical skincare	http://www.lilyandmarigold.ca/	net-error	ENOTFOUND
londre bodywear	https://londrebodywear.com/	alive	200
maurizio baldassari	https://mauriziobaldassari.com/en	net-error	ENOTFOUND
lowes menswear	http://lowes.com.au/	net-error	ENOTFOUND
masha apparel	https://www.mashaapparel.com/	net-error	ENOTFOUND
monsoon blooms	https://www.monsoonblooms.com/	net-error	ENOTFOUND
mister zimi	https://misterzimi.com/	net-error	ENOTFOUND
marita moreno	https://maritamoreno.com/	net-error	ENOTFOUND
maypol	https://www.maypol.es/	net-error	ENOTFOUND
myst enterprise ltd.	https://www.mystenterprise.com/	alive	200
nyata	https://nyata.com.au/	dns-dead	NXDOMAIN @1.1.1.1+8.8.8.8
lys beauty	http://www.lysbeauty.com/	alive	200
lloyd men's belts	https://www.lloyd-belts.de/	net-error	ENOTFOUND
lares	https://calzadoslares.com/	net-error	ENOTFOUND
pc jeweller	https://www.pcjeweller.com/	alive	200
kitri	https://kitristudio.com/	alive	200
mercuryduo	https://brand.mercuryduo.com/	net-error	ENOTFOUND
manuela henriques	https://www.manuelahenriques.com.br/	dns-dead	NXDOMAIN @1.1.1.1+8.8.8.8
makalu	https://makalu.com.pl/	alive	200
l'eau de vie pure skin preparations	http://www.leaudevieskin.com/	alive	200
lisa tibaldi	https://lisatibalditerramia.com/	net-error	ENOTFOUND
maison marais	https://www.maisonmarais.com/	alive	200
merino kids	https://www.merinokids.co.nz/	alive	200
lola's bag	https://lolasbag.com/	alive	200
liu jo	https://www.liujo.com/gb/	alive	200
mywalit	https://www.mywalit.com/	net-error	ENOTFOUND
melt the lady	https://www.meltthelady.jp/	dns-dead	NXDOMAIN @1.1.1.1+8.8.8.8
lior gabriel	https://liorgabriel.com/	alive	200
levi's	https://www.levi.com/	blocked	403
mintedleaf	https://www.directcbdonline.com/brand/mintedleaf/	net-error	ENOTFOUND
lé bent	https://www.lebent.com.au/	alive	200
nili lotan	https://www.nililotan.com/	alive	200
mimi a la mode hollywood	https://mimi-a-la-mode-2.myshopify.com/	net-error	ENOTFOUND
n.d.c. made by hand	https://www.ndcmadebyhand.com/	alive	200
millstone farm & organics inc.	http://www.millstoneorganics.com/	net-error	ENOTFOUND
lavair	https://lavairbrand.com/	net-error	ENOTFOUND
marc orian	https://www.marc-orian.com/	alive	200
maria tash	https://www.mariatash.com/	net-error	ENOTFOUND
marinepool	https://www.marinepool.de/	net-error	ENOTFOUND
laperle beauty	https://shop-laurettelaperle.com/	net-error	ENOTFOUND
mami.x	https://mamix.nl/	net-error	ENOTFOUND
meemoza	https://meemoza.ca/	alive	200
luna nectar	http://www.lunanectar.com/	net-error	ENOTFOUND
melissa joy manning	https://melissajoymanning.com/?oid=237&affid=1&source_id=GoY-rating&sub1=brandpage	alive	200
maison rebatchi	https://www.rebatchi.com/en/	alive	200
l.l.bean	https://www.llbean.com/	net-error	ENOTFOUND
newline	https://www.newlinesport.com/	net-error	redirect count exceeded
matcha paris	https://en.matchaparis.com/	net-error	ENOTFOUND
leaf fine jewelry	https://www.leaf-schmuck.de/	net-error	ENOTFOUND
miomojo	https://www.miomojo.com/	net-error	ENOTFOUND
nala care	https://nalacare.com/	net-error	ENOTFOUND
mussofi	https://mussofi.com/	net-error	ENOTFOUND
manitobah mukluks	https://www.manitobah.ca/	net-error	ENOTFOUND
lefties	https://www.lefties.com/	alive	200
maurices	https://www.maurices.com/	alive	200
lulu copenhagen	https://www.lulucopenhagen.com/	net-error	ENOTFOUND
mappin & webb	https://www.mappinandwebb.com/	net-error	ENOTFOUND
moss copenhagen	https://www.mosscopenhagen.com/	net-error	ENOTFOUND
mc2 saint barth	https://www.mc2saintbarth.com/eu/en_eu/	net-error	ENOTFOUND
mey	https://www.mey.com/	net-error	ENOTFOUND
maximo	https://www.maximo-strickmoden.de/	net-error	ENOTFOUND
lousy livin underwear	https://www.lousylivin.com/	net-error	ENOTFOUND
lily & lionel	https://www.lilyandlionel.com/	dns-dead	NXDOMAIN @1.1.1.1+8.8.8.8
modern age skin	https://modernageskin.com/	alive	200
moheda toffeln	https://www.mohedatoffeln.com/	dns-dead	NXDOMAIN @1.1.1.1+8.8.8.8
mister jackson	https://misterjacksonshoes.com/	net-error	ENOTFOUND
lotte duty free	https://lottedutyfree.com.au/	net-error	ENOTFOUND
one  all  every	https://www.oneallevery.com/	alive	200
nonnative	https://nonnative.com/	net-error	ENOTFOUND
mightly	https://www.mightly.com/?oid=301&affid=&source_id=GoY-rating&sub1=brandpage	net-error	ENOTFOUND
monique	https://monique.store/	net-error	ENOTFOUND
montale	https://montaleparfums.com/en/	net-error	ENOTFOUND
optimist	https://optimist.ge/	dns-flaky	timeout/servfail on both
ljc designs	https://ljc-designs.com/	alive	200
little seed farm	http://www.littleseedfarm.com/	net-error	ENOTFOUND
mania jeans	https://maniajeans.com/	net-error	ENOTFOUND
my soul	https://www.mysoul.dk/	alive	200
leodis leather	https://www.ianatkinson.net/leather/	alive	200
marmar copenhagen	https://marmarcopenhagen.com/	net-error	ENOTFOUND
lost pattern	https://lostpattern.com/	alive	200
lourdes new york	https://lourdes.nyc/	dns-dead	NXDOMAIN @1.1.1.1+8.8.8.8
lisa kott	https://www.lisakott.com/	net-error	ENOTFOUND
niki heat	https://www.nikiheat.com/	tls-error	CERT_HAS_EXPIRED
kids around	https://uk.kidsaround.com/	net-error	ENOTFOUND
mimar™	http://www.mimarskin.com/	net-error	ENOTFOUND
kdlr beauty labs	https://shop.kdlrbeautylabs.com/	net-error	ENOTFOUND
me mother earth	https://memotherearthbrand.com/	alive	200
pablosky	https://pablosky.com/	alive	200
mediceuticals	https://mediceuticalsusa.com/	net-error	ENOTFOUND
manimekala	https://www.manimekala.com/	net-error	ENOTFOUND
maritime naturals	https://maritimenaturals.com/	alive	200
mila beach	https://www.mila-beach.com/	net-error	ENOTFOUND
miriam tirinzoni	http://www.miriamtirinzoni.it/	net-error	ENOTFOUND
modell's	https://www.modells.com/	alive	200
molinard	https://molinard.com/	alive	200
masai	https://www.masai.net/	net-error	ENOTFOUND
luar	https://luar.world/	net-error	ENOTFOUND
matter outdoors	http://www.mattercompany.com/	net-error	ENOTFOUND
merry people	https://merrypeople.com/	alive	200
meinekette	https://www.meinekette.com/	net-error	ENOTFOUND
masapera	https://masapera.com/	tls-error	CERT_HAS_EXPIRED
lancaster	https://www.lancaster.com/	net-error	ENOTFOUND
linda farrow	https://int.lindafarrow.com/	alive	200
magnet america	https://magnetamerica.com/	net-error	ENOTFOUND
kintetsu department store	https://www.d-kintetsu.co.jp/	net-error	ENOTFOUND
paris georgia	https://www.parisgeorgiastore.com/	net-error	ENOTFOUND
luxbyaura	https://luxbyaura.com/	alive	200
mila owen	https://milaowen.com/	alive	200
mbt / masai barefoot technology	https://mbtshop.jp/	alive	200
mou	https://www.mou-online.com/	net-error	ENOTFOUND
maison labiche	https://www.maisonlabiche.com/	net-error	ENOTFOUND
mecre	https://mecre.jp/	dns-dead	NXDOMAIN @1.1.1.1+8.8.8.8
matsuzakaya nagoya	https://www.matsuzakaya.co.jp/nagoya/	net-error	ENOTFOUND
lib joie	https://libjoie.com/	http-dead	404
monies	https://monies.com/	alive	200
my little belleville	https://www.mylittlebelleville.com/	alive	200
lijia baby	https://www.lijiababy.com.cn/#/home	alive	200
mibo	http://www.abarcasmenorquinas.com/	net-error	ENOTFOUND
lovery	https://www.lovery.com/	net-error	ENOTFOUND
monessa	https://www.monessa.de/	net-error	ENOTFOUND
lisette l	https://lisettel.com/	alive	200
martan	https://www.martan-official.com/	net-error	ENOTFOUND
marsèll	https://www.marsell.it/	net-error	ENOTFOUND
paul green	https://www.paul-green.com/	net-error	ENOTFOUND
most prominent co.	https://mostprominent.co/	alive	200
nanushka	https://www.nanushka.com/	alive	200
meindl	https://www.meindl-fashions.de/	net-error	ENOTFOUND
neococo	https://neococo.com/?oid=230&affid=1&source_id=GoY-rating&sub1=brandpage	net-error	ENOTFOUND
lifestride	https://www.lifestride.com/	blocked	403
my favourite piece	https://www.myfavoritepiece.com/	net-error	ENOTFOUND
moda marieclaire	https://www.modamarieclaire.com/	server-error	500
malabar gold and diamonds	https://www.malabargoldanddiamonds.com/	alive	200
mermaid&wild	https://mermaidandwild.com/	dns-dead	NXDOMAIN @1.1.1.1+8.8.8.8
matthew bruch	https://matthewbruch.com/	net-error	ENOTFOUND
natalija	https://www.natalijathelabel.com.au/	dns-flaky	timeout/servfail on both
montado	https://www.montado.pt/en/home	net-error	ENOTFOUND
newbie	https://newbiestore.com/	net-error	ENOTFOUND
mauboussin	https://www.mauboussin.fr/	alive	200
mcoptic	https://www.mcoptic.ch/	net-error	ENOTFOUND
maska organics	http://www.maskaorganics.com/	net-error	ENOTFOUND
krojay	https://krojay.com/	net-error	ENOTFOUND
northern reflections	https://www.northernreflections.com/	net-error	ENOTFOUND
milestone	http://www.milestone.style/	net-error	ENOTFOUND
mym	https://mymitalia.it/	dns-dead	NXDOMAIN @1.1.1.1+8.8.8.8
maurice lacroix	http://www.mauricelacroix.com/	net-error	redirect count exceeded
nulogica	https://nulogicaskincare.com/	alive	200
penshoppe	https://www.penshoppe.com/	net-error	ENOTFOUND
louis erard	http://montres-louiserard.ch/	alive	200
nick ricardo collection	https://www.nickricardocollection.com/	http-dead	404
plu laboratories	https://www.plulaboratories.com/	alive	200
mini rodini	https://www.minirodini.com/	alive	200
poplinen	https://www.poplinen.co/?oid=277&affid=1&source_id=GoY-rating&sub1=brandpage	alive	200
natics	https://naticscare.com/	net-error	ENOTFOUND
louloudi skincare	https://louloudiskincare.com/	http-dead	404
lemonhead.la	http://www.getlemonhead.com/	net-error	ENOTFOUND
olow	https://www.olow.fr/	alive	200
nobodinoz	https://www.nobodinoz.com/en/new.html#page=1?utm_source=GoodOnYou%20App&utm_medium=Referral	net-error	ENOTFOUND
lucki store	https://shop.sincerelylucki.com/	http-dead	404
nordblanc	https://www.nordblanc-obchod.cz/en/	net-error	ENOTFOUND
milano couture	https://mconline.co.uk/	net-error	ENOTFOUND
miik	https://www.miik.ca/	net-error	ENOTFOUND
levi's kids footwear	https://www.levi.com/	net-error	ENOTFOUND
love republic	https://loverepublic.ru/	alive	200
moe kim textile studio	https://www.m-k-t-s.nl/	alive	200
ninety percent	https://click.linksynergy.com/deeplink?id=Fluhu2U*BdY&mid=45032&murl=https%3A%2F%2Fninetypercent.com	net-error	ENOTFOUND
madame gabriela	http://madamegabrielabeauty.com/	net-error	ENOTFOUND
maruti	https://www.marutifootwear.com/	alive	200
moss botanicals	http://www.mossbotanicals.com/	net-error	ENOTFOUND
momotaro jeans	https://www.denimlabo.com/c/momotarojeans	net-error	ENOTFOUND
morton mac	https://mortonmac.com.au/	net-error	ENOTFOUND
muji	https://ryohin-keikaku.jp/	net-error	ENOTFOUND
metalgienchi	https://metalgienchi.com/	dns-dead	NXDOMAIN @1.1.1.1+8.8.8.8
meislahn	https://meislahn.de/	alive	200
louve	https://louveboutique.fr/	net-error	ENOTFOUND
mina and the moon	https://www.minaandthemoon.com/	net-error	ENOTFOUND
miss chase a+	https://chasehaul.com/collections/miss-chase-aplus	net-error	ENOTFOUND
mmb by hand	https://mmbbyhand.com/	alive	200
matsuda	https://www.matsuda.com/	net-error	ENOTFOUND
mini a ture	https://miniature.com/	net-error	ENOTFOUND
muse apothecary	http://musebath.com/	net-error	ENOTFOUND
mother	https://www.motherdenim.com/	net-error	ENOTFOUND
martin asbjørn	https://www.martinasbjorn.com/	net-error	ENOTFOUND
noserider surf club	https://noseridersurf.com/	net-error	ENOTFOUND
miraculum s.a.	https://miraculum.pl/	net-error	ENOTFOUND
miumax gifts	https://www.miumax.com/	dns-dead	NXDOMAIN @1.1.1.1+8.8.8.8
people of leisure	https://peopleofleisure.co/	net-error	ENOTFOUND
midas	https://www.midasshoes.com.au/	alive	200
lua skincare	https://luaskincare.com/	net-error	ENOTFOUND
nicholas daley	http://www.nicholasdaley.net/	net-error	ENOTFOUND
marc enzo	https://marc-enzo.com/	alive	200
luxe & nature™	https://www.luxeandnature.us/	net-error	ENOTFOUND
linen boutique	http://www.linenboutique.eu/	alive	200
lola arnao beauty	https://www.lolaarnao.com/shop-D6P7P	net-error	ENOTFOUND
nina von c.	https://www.ninavonc.de/	alive	200
lumisha	https://www.lumisha.de/	alive	200
loveshackfancy	https://loveshackfancy.com/	net-error	ENOTFOUND
native shoes	https://www.nativeshoes.com/	blocked	403
nature's skin and body food	https://naturesskinandbody.com/	net-error	ENOTFOUND
norvell	http://www.norvelltanning.com/	alive	200
modallica	https://www.modallica.com/	net-error	ENOTFOUND
miaou	https://www.miaou.com/	net-error	ENOTFOUND
m.d. blend	https://mdblend.com/	alive	200
po-zu	https://po-zu.com/	net-error	ENOTFOUND
mon col anvers	https://www.moncol.be/	alive	200
marjana von berlepsch	https://www.marjanavonberlepsch.com/	net-error	ENOTFOUND
louis and mia	https://www.louis-and-mia.de/	net-error	ENOTFOUND
magenta threads	https://magentathreads.com/	net-error	ENOTFOUND
mansa musu	http://www.mansamusubeautyandcosmetics.com/	alive	200
marcelo burlon county of milan	https://www.marceloburlon.eu/	dns-flaky	timeout/servfail on both
nensi dojaka	https://nensidojaka.com/	net-error	ENOTFOUND
lvir	https://lvirdtla.com/	net-error	ENOTFOUND
marco aldany	https://www.marcoaldany.com/	alive	200
luca vanucci	https://lucavanucci.co.uk/	net-error	ENOTFOUND
miiow	http://www.miiow.com.cn/	alive	200
noctu	https://www.noctu.co.uk/	net-error	ENOTFOUND
nümph	https://www.numph.com/	alive	200
melin	https://melin.com/	net-error	ENOTFOUND
olgana paris	https://olganaparis.com/	net-error	ENOTFOUND
ofotért	https://www.ofotert.hu/	net-error	ENOTFOUND
michalsky	http://www.michalsky.com/	net-error	ENOTFOUND
pittarello	https://www.pittarello.com/	alive	200
oxbow	https://www.oxbowshop.com/	alive	200
megane drug	https://www.meganedrug.com/	net-error	ENOTFOUND
monica hansen beachwear	https://monicahansenbeachwear.com/	net-error	ENOTFOUND
lititz watch technicum	http://www.lititzwatchtechnicum.org/	net-error	ENOTFOUND
panos emporio	https://www.panos.com/	net-error	ENOTFOUND
juliette has a gun	https://us.juliettehasagun.com/	net-error	ENOTFOUND
moso morrow	https://shop.mosomorrow.com/	alive	200
master bunny edition	http://masterbunnyedition.net/	net-error	ENOTFOUND
mei apothecary	http://meiapothecary.com/	alive	200
nonna lietta	https://www.nonnalietta.com/	net-error	ENOTFOUND
mishka nyc	http://mishkanyc.com/	net-error	ENOTFOUND
musier paris	https://musier-paris.com/	net-error	ENOTFOUND
nomads clothing	https://www.nomadsclothing.com/	alive	200
old south	https://www.oldsouthapparel.com/	net-error	ENOTFOUND
naainaai	https://naainaai.co.uk/	alive	200
mitalee	http://www.ov-fs.com/	net-error	ENOTFOUND
marco masi	https://marcomasi.it/	net-error	ENOTFOUND
miumosa	http://www.miumosa.com/	net-error	ENOTFOUND
mondaine	https://mondaine.com.au/	alive	200
percy & nell	https://www.percyandnell.com/	net-error	ENOTFOUND
nowadays	https://www.nowadays.com/	net-error	ENOTFOUND
mozz bags	https://mozzbags.nl/	alive	200
msgr	https://msgr-jpn.com/	alive	200
lenose	https://lenose.com/	net-error	ENOTFOUND
marylia scott cosmetics	https://maryliascottcosmetics.com/	net-error	ENOTFOUND
mary allan skin care	http://www.maryallan.com/	alive	200
nour hammour	https://nour-hammour.com/	net-error	ENOTFOUND
mcgregor	https://nl.mcgregornewyork.com/	net-error	ENOTFOUND
lord & taylor	https://www.lordandtaylor.com/	net-error	ENOTFOUND
mineral & co.	https://mineralandcompany.com/	alive	200
nitro	https://gear.nitro.com/	net-error	ENOTFOUND
ojai wild	https://ojaiwild.com/	alive	200
night streak	https://nightstreak.com/	net-error	ENOTFOUND
marigold life	https://www.marigoldbub.com/	net-error	ENOTFOUND
loints of holland	https://www.lointsofholland.com/	net-error	ENOTFOUND
mabli	https://www.mabli.co.uk/	net-error	ENOTFOUND
miracles & more	https://www.miraclesmore.com/	net-error	ENOTFOUND
mr. b's soulful tees	https://www.mrbssoulfultees.co.uk/	net-error	ENOTFOUND
miss pompom	https://misspompom.com/	alive	200
mika & milo	https://mika-milo.com/	alive	200
mountain girl essentials	http://www.mountaingirlessentials.com/	net-error	ENOTFOUND
monarque	https://monarque.us/	alive	200
majestic	https://www.majesticathletic.com/	net-error	ENOTFOUND
muebles américa	https://www.mueblesamerica.mx/	alive	200
mcm	https://www.mcmworldwide.com/	blocked	403
marhen.j	https://en.marhenj.com/	net-error	ENOTFOUND
montbell	https://www.montbell.jp/	net-error	ENOTFOUND
meitetsu department store head store	https://www.e-meitetsu.com/mds/	net-error	ENOTFOUND
office shoes	https://www.officeshoescee.com/	alive	200
lucky clown	https://luckyclownco.com/	net-error	ENOTFOUND
ninette	http://ninettebeauty.com/	alive	200
olga joan	https://olgajoan.co/	alive	200
our pocket hero	https://ourpockethero.com/	alive	200
mystic moods	https://www.mysticmoods.co.uk/	net-error	ENOTFOUND
ojar	https://ojarofficial.com/	net-error	ENOTFOUND
magiclinen	https://magiclinen.com/	net-error	ENOTFOUND
neirami	https://www.neirami.it/	alive	200
lovetrust	https://lovetrustbrand.com/?oid=244&affid=1&source_id=GoY-rating&sub1=brandpage	alive	200
loud + proud	https://www.loud-proud.com/	alive	200
nicki colombo	https://www.nickicolombo.com/en/	net-error	ENOTFOUND
mofan	http://www.mofan.com/	net-error	ENOTFOUND
monter skin	https://monterskin.com/	net-error	ENOTFOUND
kultajousi	https://www.kultajousi.fi/fi/	net-error	ENOTFOUND
msgm	https://www.msgm.it/	net-error	ENOTFOUND
little david	https://www.littledavid.be/	net-error	ENOTFOUND
onlē	https://onlepro.com/	net-error	ENOTFOUND
makeup by mario	http://makeupbymario.com/	net-error	ENOTFOUND
naiwbe natural as i wanna be	https://naiwbe.com/	net-error	ENOTFOUND
paule ka	https://pauleka.com/eu/	net-error	ENOTFOUND
marine serre	https://marineserre.com/	net-error	ENOTFOUND
nui organics	https://nuiorganics.com/?oid=253&affid=1&source_id=GoY-rating&sub1=brandpage	net-error	ENOTFOUND
parfümerie becker	https://parfuemerie-becker.de/	net-error	ENOTFOUND
nat’v basics	https://natvbasics.com/?oid=108&affid=1&source_id=GoY-rating&sub1=brandpage	alive	200
naot	https://www.tevanaot.co.il/	net-error	ENOTFOUND
naked wardrobe	http://www.nakedwardrobe.com/	alive	200
özmen ökçe	https://ozmenokce.com/	alive	200
larsson & jennings	https://www.larssonjennings.com/	net-error	ENOTFOUND
lakelle	https://lakelle.com/	net-error	ENOTFOUND
mēnos skin	https://menosskin.com/	alive	200
michèle	https://www.michele.de/	alive	200
marni	https://www.marni.com/	alive	200
my eyelab	https://www.myeyelab.com/	net-error	ENOTFOUND
otazu	https://rodrigootazu.com/	tls-error	ERR_TLS_CERT_ALTNAME_INVALID
oregon soap company	http://www.oregonsoapcompany.com/	net-error	ENOTFOUND
paloma wool	https://palomawool.com/eu_en/	net-error	ENOTFOUND
rallier	https://rallier.com/	net-error	ENOTFOUND
maharishi	https://www.maharishistore.com/	alive	200
maison francis kurkdjian	https://www.franciskurkdjian.com/	net-error	ENOTFOUND
persona	https://persona-chertanovo.ru/	net-error	ENOTFOUND
nature republic	https://www.naturerepublic.com/	net-error	ENOTFOUND
paparesta accessories	https://www.paparestadesign.com/	dns-dead	NXDOMAIN @1.1.1.1+8.8.8.8
naked & famous denim	https://www.nakedandfamousdenim.com/	net-error	ENOTFOUND
moment.amsterdam	https://moment-amsterdam.com/	alive	200
lola rey	https://lolarey.es/	alive	200
melanbrand skin	http://www.melanbrandskin.com/	alive	200
lotta from stockholm	https://www.lottafromstockholm.co.uk/	server-error	526
lord veshine	http://limei2016.com.cn/	alive	200
ningbo shanshan co. ltd.	http://www.ssgf.net/	net-error	ENOTFOUND
north - menswear	https://www.northmenswear.com/	http-dead	421
native nature	https://wearenativenature.com/	net-error	ENOTFOUND
nué studio	https://www.nue-studio.com/	net-error	ENOTFOUND
nisha manufacturing	https://www.nishamanufacturing.com/	net-error	ENOTFOUND
lulu guinness	http://www.luluguinness.com/	net-error	ENOTFOUND
nu.	https://nu-inc.co.jp/	net-error	ENOTFOUND
mascotte	https://mascotte.ru/	net-error	ENOTFOUND
pangaia	https://pangaia.com/?oid=311&affid=1&source_id=GoY-rating&sub1=brandpage	net-error	ENOTFOUND
oceanus	https://oceanusswimwear.com/	net-error	ENOTFOUND
mustang	https://www.mustang-jeans.com/	net-error	ENOTFOUND
leselles	https://www.leselles.be/	net-error	ENOTFOUND
naughty cat apparel	https://naughtycatapparel.com/	tls-error	CERT_HAS_EXPIRED
lico	https://www.lico-sport.com/	blocked	403
maison blanche	https://www.maisonblanche.swiss/?oid=355&affid=1&source_id=GoY-rating&sub1=brandpage	alive	200
philippe model	https://www.philippemodel.com/	alive	200
nocturne	https://shopnocturne.com/	net-error	ENOTFOUND
ned dutch fashion design	https://www.nedinternational.nl/	net-error	ENOTFOUND
korean skincare pakistan	https://korean-skincare.pk/	alive	200
natan	https://www.natan.be/	alive	200
omibia	https://www.omibia.com/	net-error	ENOTFOUND
orovivo	https://www.orovivo.de/	net-error	ENOTFOUND
montelle intimates	https://montelleintimates.com/	alive	200
longhom®	http://www.organicsbuddy.com/	net-error	ENOTFOUND
mavic	https://www.mavic.com/en-us	alive	200
primitive tribal craft	https://www.primitivetribalcraft.com/	alive	200
nanami	https://www.nanami.nl/	net-error	ENOTFOUND
nordbrandt	https://nordbrandtshoes.se/	server-error	500
m_	https://www.moussy.ne.jp/m_/	net-error	ENOTFOUND
mumutane	https://mumutane.myshopify.com/	net-error	ENOTFOUND
message	https://message.dk/	alive	200
norma kamali	https://www.normakamali.com/	alive	200
my petite coco	http://www.mypetitecoco.ca/	alive	200
luna bel clothing	https://www.lunabelclothing.com/	dns-dead	NXDOMAIN @1.1.1.1+8.8.8.8
nautica japan	https://nautica.jp/	net-error	ENOTFOUND
mitsukoshi	https://mitsukoshi.mistore.jp/store/	alive	200
parle moi de parfum	https://parlemoideparfum.com/	alive	200
mr. big & tall	https://www.mrbigandtall.ca/	net-error	ENOTFOUND
natalyia nova	https://nataliyanova.com/	alive	200
nene	https://studionene.com/	net-error	ENOTFOUND
mori	https://babymori.com/	net-error	ENOTFOUND
milano italy	https://www.milano-italy.de/	alive	200
lâcher prise	https://lacherpriseapparel.com/?oid=259&affid=1&source_id=GoY-rating&sub1=brandpage	net-error	ENOTFOUND
minimum fashion	https://minimumfashion.nl/collections/minimum-sale?page=10%3Futm_source%3DGoodOnYou+App	net-error	ENOTFOUND
masha popova	https://mashapopova.com/	dns-dead	NXDOMAIN @1.1.1.1+8.8.8.8
modern earth skincare	https://www.modernearthskincare.com/	alive	200
ngali	https://ngali.com.au/	alive	200
mi. o milanoptics	https://www.milanoptics.it/	net-error	ENOTFOUND
pure intox	http://pureintox.com/	net-error	ENOTFOUND
marcmarcs	https://www.marcmarcs.com/	net-error	ENOTFOUND
monc	https://www.monclondon.com/	alive	200
ocean & oak	http://www.ocean-oak.com/	alive	200
nature's sugar	https://naturessugarwax.com/	net-error	ENOTFOUND
nobrand	https://www.nobrand.pt/	net-error	ENOTFOUND
modern eternity	https://www.moderneternity.com/	net-error	ENOTFOUND
paglieri	http://paglieri.it/	net-error	ENOTFOUND
native youth	https://www.native-youth.com/	alive	200
leyt	https://leytworld.com/	net-error	ENOTFOUND
lei wai beauty	http://www.hileiwai.com/	net-error	ENOTFOUND
martine rose	https://martine-rose.com/	net-error	ENOTFOUND
littleoddforest	https://www.littleoddforest.com/	alive	200
minnie rose	https://www.minnierose.com/	net-error	ENOTFOUND
munjoi	https://munjoi.com/	net-error	ENOTFOUND
plato's closet	https://www.platoscloset.com/	net-error	ENOTFOUND
maqu	https://www.bymaqu.com/	alive	200
monica ann beauty	http://monicaannbeauty.com/	net-error	ENOTFOUND
live tinted	http://livetinted.com/	net-error	ENOTFOUND
myskinbuddy	http://myskinbuddy.com/	alive	200
melanie lyne	https://www.melanielyne.com/	alive	200
nina nest	https://www.ninanest.com/	alive	200
lumiyoo	http://www.lumiyoo.com/	net-error	ENOTFOUND
navy exchange	https://mynavyexchange.com/	net-error	ENOTFOUND
monsoon	https://uk.monsoon.co.uk/	net-error	ENOTFOUND
opticris	https://www.opticris.ro/	alive	200
milkfed.	https://milkfed.jp/	net-error	ENOTFOUND
one compass beauty	http://www.onecompassbeauty.com/	net-error	ENOTFOUND
manhattan portage	https://www.manhattanportage.com/	alive	200
milk makeup	https://www.milkmakeup.com/	net-error	ENOTFOUND
nat-2	https://nat-2.eu/eco/	alive	200
natasha tonic	https://natashatonic.com/?oid=284&affid=1&source_id=GoY-rating&sub1=brandpage	alive	200
nadell	https://nadell.jp/	net-error	ENOTFOUND
neonail	https://www.neonail.pl/	net-error	ENOTFOUND
nin & laur	https://www.ninlaur.com/	net-error	ENOTFOUND
onself clothing	https://onself.lk/	net-error	ENOTFOUND
juva haircare	https://juvahaircare.com/	net-error	ENOTFOUND
loho	https://loho88.com/	net-error	ENOTFOUND
lawless beauty	http://www.lawlessbeauty.com/	net-error	ENOTFOUND
marocafella	https://marocafella.com/	alive	200
philine of san francisco	https://philinesf.com/collections	alive	200
melik shoes	https://www.melikshoes.com/	alive	200
people tree	https://www.peopletree.co.uk/	net-error	ENOTFOUND
oblique creations	https://www.obliquecreations.eu/	net-error	ENOTFOUND
minotaur	https://minotaur.co.jp/	alive	200
olymp	https://www.olymp.com/	blocked	403
nette	https://nettenyc.com/	alive	200
monday swimwear	https://mondayswimwear.com/	net-error	ENOTFOUND
notafictionalmum	https://shopnotafictionalmum.com/	tls-error	ERR_SSL_SSL/TLS_ALERT_HANDSHAKE_FAILURE
momi skincare	http://www.momiskin.com/	http-dead	404
norba	https://norba.clothing/en/	http-dead	404
mmx germany 2010	https://www.mmxgermany.com/	alive	200
pasithea	http://pasitheabrand.com/	alive	200
nanso	https://nanso.com/	net-error	ENOTFOUND
midheaven denim	https://www.midheavendenim.com/	alive	200
olympia	https://www.olympia.de/	net-error	ENOTFOUND
natures collection	https://naturescollection.eu/	net-error	ENOTFOUND
miller harris	https://us.millerharris.com/	alive	200
relace	https://www.relace.nl/	tls-error	CERT_HAS_EXPIRED
menbur	https://www.menbur.com/	net-error	ENOTFOUND
minx	https://www.minx-mode.com/en/official-website.html	net-error	ENOTFOUND
motherhouse	https://www.mother-house.jp/	net-error	ENOTFOUND
ōshadi	http://oshadi.in/	net-error	ENOTFOUND
nicki minaj fragrances	https://nickiminajfragrance.com/	net-error	ENOTFOUND
mpg sport	https://mpgsport.com/	net-error	ENOTFOUND
nassani inc.	http://www.nassani.ca/	alive	200
moaconcept	https://moaconcept.com/	alive	200
na’ali skincare	https://naaliskincare.com/	alive	200
morxiva	https://bouttye.com/en/3_morxiva-shoes	net-error	ENOTFOUND
livin' kolor cosmetics	https://www.livinkolor.com/	net-error	ENOTFOUND
oksana fine art and design	https://oksanajohnson.shop/	alive	200
nuur cosmetics	https://nuurcosmetics.com/	net-error	ENOTFOUND
one farm by waayb	http://www.onefarm.com/	net-error	ENOTFOUND
lottusse	https://www.lottusse.com/	net-error	ENOTFOUND
offbeat sweetie	https://offbeatsweetie.com/	net-error	ENOTFOUND
oodji	http://www.oodji.com/	net-error	ENOTFOUND
nuez acres	https://nuezacres.ca/	net-error	ENOTFOUND
mymo	https://mymoshop.de/	net-error	ENOTFOUND
o0u	https://o0u.com/	alive	200
my vegan world	https://myveganworld.nl/	alive	200
n+ (nitori)	https://www.nplus-netshop.jp/	net-error	ENOTFOUND
parfums quartana	https://six-scents.com/	alive	200
nous sommes labels	https://www.noussommeslabels.com/	alive	200
nature essence aroma	http://www.natureessencearoma.com/	alive	200
luva huva	https://luvahuva.co.uk/	alive	200
palazzo watches & gems	https://palazzowatches.com/	alive	200
obey clothing	https://obeyclothing.eu/	net-error	ENOTFOUND
pascucci	https://pasc.it/	net-error	ENOTFOUND
officine creative	https://www.officinecreative.store/	alive	200
pippa small	https://www.pippasmall.com/	net-error	ENOTFOUND
nike vision	https://www.nikevision.com/	net-error	ENOTFOUND
noproblem	https://noproblemfashion.com/	net-error	ENOTFOUND
mp denmark	http://mpdenmark.espresso4.dk/	net-error	UND_ERR_CONNECT_TIMEOUT
organic zoo	https://organic-zoo.com/	net-error	ENOTFOUND
molly goddard	https://mollygoddard.com/	alive	200
orslow	http://orslow.jp/	net-error	ENOTFOUND
offon	https://offonclothing.com/	net-error	ENOTFOUND
redpoint	https://www.redpoint-sportswear.com/	net-error	ENOTFOUND
malion vintage	https://malion-vintage.com/	alive	200
mooncastle	https://moon-castle.jp/	alive	200
prosa	https://productosprosacolombia.com/	alive	200
nodal	https://www.nodal.jp/	alive	200
noor fares	http://noorfares.com/	net-error	ENOTFOUND
nary	https://www.naryresort.com/	alive	200
mondaystyle	https://monday-style.com/	dns-dead	NXDOMAIN @1.1.1.1+8.8.8.8
liilu	https://www.liilu.de/	net-error	ENOTFOUND
okie dokie	https://www.jcpenney.com/	alive	200
old navy	https://oldnavy.gap.com/	net-error	ENOTFOUND
mantas ezcaray	https://www.mantasezcaray.com/	alive	200
of an origin	https://www.ofanorigin.com/	alive	200
núnoo	https://nunoo.eu/	alive	200
moroccan beauty secrets	http://www.moroccanbeautysecrets.com/	alive	200
nicola santarelli	https://www.nicolasantarelli1915.com/	net-error	ENOTFOUND
padini	https://corporate.padini.com/	net-error	ENOTFOUND
monoprix	https://www.monoprix.qa/	net-error	ENOTFOUND
mundo de uñas	https://mundodeunas.com.mx/	net-error	ENOTFOUND
muzungu sisters	https://muzungusisters.com/	alive	200
mizzen	https://shimatabiyachts.com/collections/mizzen	net-error	ENOTFOUND
kenari	https://kenari.ge/	alive	200
narces	https://narces.com/	alive	200
neosens	https://www.neosens.com/	net-error	ENOTFOUND
novesta	https://www.novesta.sk/	net-error	redirect count exceeded
opticalia	https://www.opticalia.com/	alive	200
pieszak	https://www.pieszakdenmark.com/	net-error	ENOTFOUND
monsuri	https://www.monsuri.com/	net-error	ENOTFOUND
nest new york	https://www.nestnewyork.com/	net-error	ENOTFOUND
maniform	https://www.maniform.cn/	alive	200
olivia latinovich	https://olivialatinovich.com/	alive	200
mr. loutre	http://www.mrloutre.com/	net-error	ENOTFOUND
oakwood	https://www.oakwood.fr/	alive	200
native nectar botanicals	http://www.nativenectarbotanicals.com/	net-error	ENOTFOUND
organic crew	https://organiccrew.com.au/	net-error	ENOTFOUND
nono	https://nono-kidswear.nl/	net-error	ENOTFOUND
mi bolsa	https://mibolsalondon.com/	net-error	ENOTFOUND
mela vastra	https://melavastra.com/	net-error	ENOTFOUND
les bougies de charroux	https://www.bougies-charroux.com/	alive	200
monnalisa	https://www.monnalisa.eu/	net-error	UND_ERR_CONNECT_TIMEOUT
outland	https://www.outland-wear.fr/	net-error	ENOTFOUND
olmsted outerwear	https://www.olmstedouterwear.com/	net-error	ENOTFOUND
louis copeland and sons	https://www.louiscopeland.com/	net-error	ENOTFOUND
ognx	https://ognx.com/	net-error	ENOTFOUND
morgan lane	https://www.morgan-lane.com/	net-error	ENOTFOUND
orly international inc.	http://www.orlybeauty.com/	net-error	ENOTFOUND
mama benz	https://mamabenz.com/	net-error	ENOTFOUND
organic signatures	https://organicsignatures.com/	alive	200
kijima takayuki	http://www.kijimatakayuki.com/	net-error	ENOTFOUND
organic daisy	https://organicdaisy.ca/	net-error	ENOTFOUND
norden	https://www.nordenproject.com/	tls-error	ERR_SSL_SSL/TLS_ALERT_HANDSHAKE_FAILURE
nina rein	https://ninarein.com/	http-dead	409
mk exclusive	http://www.mkexclusive.co.uk/	dns-dead	NXDOMAIN @1.1.1.1+8.8.8.8
nathan-baume	https://www.nathan-baume.be/	alive	200
mountain hardwear	https://www.mountainhardwear.com/	alive	200
om organics	http://www.omorganicscanada.com/	alive	200
maria maleta	https://www.mariamaleta.com/	dns-dead	NXDOMAIN @1.1.1.1+8.8.8.8
morari perfumes	https://morariperfumes.com/	alive	200
rios1931	https://rios1931.com/	net-error	ENOTFOUND
outland denim	https://www.outlanddenim.com/?oid=121&affid=1&source_id=GoY-rating&sub1=brandpage	alive	200
mixik skin	http://www.mixikskin.com/	net-error	ENOTFOUND
patagonia	https://eu.patagonia.com/	alive	200
morphe 2	https://www.morphe.com/collections/morphe-2	http-dead	404
radà	https://www.rada.it/	net-error	ENOTFOUND
moody me	https://ihascupquake.com/pages/moody-me	net-error	ENOTFOUND
oak & acorn	https://shop-oakacorn.com/	net-error	ENOTFOUND
myrrhia fine knitwear	https://myrrhia.storenvy.com/	alive	200
nué notes	https://www.nuenotes.com/	net-error	ENOTFOUND
nfuse	https://nfusemagnesium.com/	net-error	ENOTFOUND
miladys	https://www.miladys.com/	alive	200
nordgreen	https://www.nordgreen.com/	alive	200
meomari	https://meomari.com/	net-error	ENOTFOUND
mountain research	https://mountainresearch.jp/	net-error	ENOTFOUND
orto parisi	https://ortoparisi.com/	net-error	ENOTFOUND
reinders	https://www.reinders-jm.com/	net-error	ENOTFOUND
pretty one	https://prettyone.pl/	tls-error	DEPTH_ZERO_SELF_SIGNED_CERT
naturana	https://www.naturana.com/	net-error	ENOTFOUND
needle and thread	https://www.needleandthread.com/	alive	200
perky peach	https://perkypeach.com/	net-error	ENOTFOUND
nioulargo	https://nioulargo.com/	net-error	ENOTFOUND
matsuya	https://www.matsuya.com/	net-error	ENOTFOUND
miyé	https://www.miye.care/	alive	200
nagano	https://www.ospig.com/nagano	tls-error	ERR_TLS_CERT_ALTNAME_INVALID
odakyu department store shinjuku store	https://www.odakyu-dept.co.jp/shinjuku/index.html	alive	200
paul hewitt	https://www.paul-hewitt.com/	net-error	ENOTFOUND
materiel	https://materieltbilisi.com/	net-error	ENOTFOUND
natura siberica	http://www.naturasiberica.ru/	net-error	UNABLE_TO_VERIFY_LEAF_SIGNATURE
oetori	http://oetori.com/	net-error	ENOTFOUND
omega fashion	https://omegafashion.shop/	dns-dead	NXDOMAIN @1.1.1.1+8.8.8.8
olive young	https://www.oliveyoung.co.kr/	blocked	403
nashe beauty	http://www.nashebeauty.com/	net-error	ENOTFOUND
my brand	https://www.my-brand.com/	net-error	ENOTFOUND
noyoco	https://www.noyoco.com/	alive	200
madre luna	https://madre-luna.com/	alive	200
maison hēroïne	https://maisonheroine.com/	alive	200
margon metamorfosi	https://metamorfosimilano.com/	net-error	ENOTFOUND
nurme	https://nurme.eu/	alive	200
nove	https://www.nove.store/	net-error	ENOTFOUND
mlouye	https://www.mlouye.com/	alive	200
qet botanicals	http://www.qetbotanicals.com/	net-error	ENOTFOUND
nadira bag	https://nadirabag.com/	net-error	ENOTFOUND
mykke hofmann	https://www.mykkehofmann.com/	net-error	ENOTFOUND
no 8 galway	https://no8.ie/	dns-dead	NXDOMAIN @1.1.1.1+8.8.8.8
rayne refillery	http://raynerefillery.com/	net-error	ENOTFOUND
nomasvello	https://www.nomasvello.it/	alive	200
pasquale bruni	https://www.pasqualebruni.com/	net-error	ENOTFOUND
mayamiko	https://www.mayamiko.com/	net-error	ENOTFOUND
mucho gusto	https://muchogusto.nl/	net-error	ENOTFOUND
my salon suite	https://www.mysalonsuite.com/	alive	200
quriox	https://quriox.in/	alive	200
paola davoli	http://www.paoladavoli.info/	alive	200
our legacy	https://www.ourlegacy.se/	net-error	ENOTFOUND
marivie	https://www.marivie.com/	net-error	ENOTFOUND
lovelux	https://loveluxlondon.com/	net-error	ENOTFOUND
one432	https://www.one432.com/	alive	200
miesrohe	https://miesrohe.jp/	net-error	ENOTFOUND
minimadeia	https://minimadeia.com/	net-error	ENOTFOUND
nails frs	https://nailsfrs.fr/	net-error	ENOTFOUND
odakyu department store	https://www.odakyu-dept.co.jp/	alive	200
perfection	https://beautyconcernsusa.net/	alive	200
ordinary truffle	https://www.ordinarytruffle.de/	tls-error	ERR_SSL_TLSV1_ALERT_INTERNAL_ERROR
nestwell	https://nestwell.jp/	net-error	UND_ERR_CONNECT_TIMEOUT
noda	https://www.noda4you.com/	net-error	ENOTFOUND
oeuf	https://oeufnyc.com/	net-error	ENOTFOUND
rirandture	http://rirandture.jp/	alive	200
merit	http://www.meritbeauty.com/	net-error	ENOTFOUND
optiplaza	https://www.optiplaza.ro/	blocked	403
osier	http://www.osier.com/	net-error	ENOTFOUND
pink moon	https://pinkmoon.co/	dns-dead	NXDOMAIN @1.1.1.1+8.8.8.8
rianna + nina	https://riannaandnina.com/	net-error	ENOTFOUND
number one shoes	https://www.numberoneshoes.co.nz/	alive	200
nappy curls	https://www.nappycurlshair.com/	alive	200
manaco	http://www.manaco.com.bo/	net-error	ENOTFOUND
munthe	https://www.munthe.com/	alive	200
reef	https://www.reef.com/	net-error	ENOTFOUND
pada works	https://www.padaworks.com/	net-error	ENOTFOUND
noesa	https://noesa.co.id/	net-error	ENOTFOUND
ministry of supply	https://www.ministryofsupply.com/	net-error	ENOTFOUND
niko and …	https://www.nikoand.jp/	net-error	ENOTFOUND
m.rena	https://www.shopmrena.com/	http-dead	402
l'estrange london	https://lestrangelondon.com/	alive	200
navahoo & marikoo	https://www.navahoo.com/	alive	200
oil divine	https://oildivine.com/	alive	200
pinky club	https://www.pinkyclub.sk/	alive	200
no makeup makeup	http://www.nomakeupmakeup.online/	alive	200
moxxie	http://moxxiesoap.com/	alive	200
plage	https://plage.baycrews.co.jp/	alive	200
piping hot	https://www.pipinghot.com.au/	http-dead	404
naima	https://www.naima.it/	net-error	ENOTFOUND
neiwai	https://neiwai.life/	alive	200
nagnata	https://nagnata.com/	alive	200
michael aram	https://michaelaram.com/	alive	200
ocean born	http://oceanbornlifestyle.com/	http-dead	409
marilyn	https://e-marilyn.eu/	alive	200
noé & zoë	https://www.noe-zoe.com/	net-error	ENOTFOUND
maluo	https://www.maluo.nl/	net-error	ENOTFOUND
prabal gurung	https://prabalgurung.com/	alive	200
polyn	http://polyn.co/	alive	200
oblekt	https://oblekt.jp/	net-error	UND_ERR_CONNECT_TIMEOUT
paapii design	https://www.paapiidesign.com/en	alive	200
oshin love	https://www.oshinlove.com/	alive	200
nikben	https://www.nikben.com/	net-error	ENOTFOUND
olvi's	https://www.olvis-lace.com/	alive	200
nudnik	https://nudniklife.com/	alive	200
oxford shop	https://www.oxfordshop.com.au/	alive	200
orphelia	https://orphelia.eu/	alive	200
nomasei	https://us.nomasei.com/	blocked	403
olga	https://olgaintimates.com/	alive	200
nicci boutiques	https://www.nicci.co.za/	alive	200
naked & famous	https://www.nakedandfamousdenim.com/	net-error	ENOTFOUND
ondura durable goods	https://www.ondura.de/	alive	200
opening ceremony	https://www.openingceremony.com/	dns-dead	NXDOMAIN @1.1.1.1+8.8.8.8
noe(no one else)	https://nooneelse.co.kr/	dns-dead	NXDOMAIN @1.1.1.1+8.8.8.8
mido	http://www.mido.ch/	net-error	ENOTFOUND
marlot paris	https://www.marlot-paris.com/fr/	dns-flaky	timeout/servfail on both
lulipa london	https://www.lulipashoes.co.uk/	dns-dead	NXDOMAIN @1.1.1.1+8.8.8.8
nakery beauty	https://nakerybeauty.com/	alive	200
och!	https://www.ochstore.pl/en/	net-error	ENOTFOUND
nae vegan shoes	https://www.nae-vegan.com/	net-error	ENOTFOUND
ottoman hands	https://www.ottomanhands.com/	alive	200
ozeano vision	https://ozeanovision.com/	net-error	ENOTFOUND
morotai	https://morotai.de/	net-error	ENOTFOUND
paume	http://mypaume.com/	alive	200
occidente	https://www.occidente.fr/	alive	200
nood	https://shopnood.com/	http-dead	402
pagonis greek sandals	https://greek-sandals.com/	blocked	403
repossi	https://repossi.com/	alive	200
pepe moll	https://pepemoll.es/	alive	200
kosmatology	http://www.kosmatology.com/	alive	200
meadowlark	https://meadowlarkjewellery.co.uk/	alive	200
matalan	https://www.matalan.co.uk/	net-error	ENOTFOUND
peserico	https://eu.peserico.com/	alive	200
mrz	https://www.mrz-official.com/	net-error	ENOTFOUND
opera campi	https://www.operacampi.com/?oid=68&affid=1&source_id=GoY-rating&sub1=brandpage	net-error	ENOTFOUND
moscot	http://www.moscot.com/	net-error	ENOTFOUND
omaura	https://omauraskin.com/	net-error	ENOTFOUND
livy lingerie	https://int.li-vy.com/	net-error	ENOTFOUND
natpure clinical skin care	http://www.naturepure.com/	net-error	ENOTFOUND
meryll rogge	https://meryllrogge.com/	net-error	ENOTFOUND
pierre hardy	https://www.pierrehardy.com/	net-error	ENOTFOUND
original weekend	https://originalweekend.com/	alive	200
pink house mustique	https://www.pinkhousemustique.com/	net-error	ENOTFOUND
nuda	https://nuda.ca/	net-error	ENOTFOUND
meundies	https://www.meundies.com/	blocked	429
neca 7	https://www.neca7.co.il/	net-error	ENOTFOUND
onygo	https://www.onygo.com/de	dns-dead	NXDOMAIN @1.1.1.1+8.8.8.8
paspaley	http://www.paspaleypearls.com/english/index.htm	http-dead	404
pro-organic ug	https://www.lana-organic.de/	alive	200
robin's jean	https://robinsjean.com/	net-error	ENOTFOUND
kaporal	https://www.kaporal.com/	net-error	ENOTFOUND
pierre robert	https://pierrerobert.no/	net-error	ENOTFOUND
piccoliny	https://piccolinyshop.com/	net-error	ENOTFOUND
nu-in	https://nu-in.com/	alive	200
niceaces	https://niceaces.com/	net-error	ENOTFOUND
norman hartnell ltd	http://www.normanhartnell.com/	net-error	ENOTFOUND
plasma records	http://plasmarecords.com/	net-error	ENOTFOUND
pantaloons	https://www.pantaloons.com/	alive	200
meleg perfumes	https://www.melegperfumes.com/	alive	200
petty pout	http://pettypout.com/	net-error	ENOTFOUND
nesavaali	https://www.nesavaali.com/	net-error	ENOTFOUND
park & fifth clothing co	https://parkandfifthco.com/	net-error	ENOTFOUND
nēvo® multi-scent natural deodorant	http://nevonaturals.com/	alive	200
obsidien's boutique	http://www.obsidien.com/	net-error	ENOTFOUND
off the pitch	https://www.off-the-pitch.com/	alive	200
maven women	https://www.mavenwomen.com/	blocked	403
ponche	https://www.melikshoes.com/collectie/ponche	http-dead	404
régime des fleurs	https://regimedesfleurs.com/	net-error	ENOTFOUND
pitod	https://pitod.com/	alive	200
noani	https://noanifashion.de/	net-error	ENOTFOUND
prince & bond	https://www.princeandbond.com/	alive	200
palmrothin kenkätehdas	https://palmroth.com/	alive	200
moliin	https://www.moliin.com/	net-error	ENOTFOUND
nightshift wax company	http://nightshiftwaxcompany.com/	net-error	ENOTFOUND
ps fashion	https://www.psfashion.com/	alive	200
pauline dujancourt	https://paulinedujancourt.com/	alive	200
olaf hussein	https://olafhussein.com/	alive	200
nordiq moose	https://nordiqmoose.com/	tls-error	ERR_TLS_CERT_ALTNAME_INVALID
qoss	https://www.qoss.nl/	net-error	ENOTFOUND
mineral silk	https://mineralsilk.com/	alive	200
ögon design	https://www.ogondesigns.com/en	alive	200
sandströms	https://www.sandstroms.nu/	alive	200
milk made skin	https://www.milkmadeskin.com/	net-error	ENOTFOUND
legit	https://www.legit.co.za/	alive	200
plein sport	https://www.pleinsport.com/	net-error	redirect count exceeded
les bains selv rituel inc.	http://selvrituel.com/	alive	200
milano	https://milano.com/	net-error	ENOTFOUND
princess goes hollywood	https://www.princess-goes-hollywood.com/	dns-flaky	timeout/servfail on both
onitsuka tiger	https://www.onitsukatiger.com/	net-error	ENOTFOUND
onia	https://onia.com/	net-error	ENOTFOUND
motif beauty	http://motifskincare.com/	alive	200
nutmeg & apple handmade llc	https://nutmegandapple.etsy.com/	net-error	ENOTFOUND
muya	https://muya.shop/	tls-error	CERT_HAS_EXPIRED
obey	https://obeyclothing.co.uk/	blocked	403
miniluxe  inc.	https://miniluxe.com/	alive	200
mystic select	http://www.mysticselect.com/	dns-dead	NXDOMAIN @1.1.1.1+8.8.8.8
not just pajama	https://www.notjustpajama.com/	alive	200
penoora's	https://penoora.com/	net-error	ENOTFOUND
monkee genes	https://monkeegenes.com/	net-error	ENOTFOUND
original sprout	https://originalsprout.com/	alive	200
nanaka	http://www.nanaka.co/	alive	200
monk & anna	https://www.monkandanna.com/	alive	200
mes demoiselles paris	https://www.mesdemoisellesparis.com/	alive	200
niessing manufaktur	https://niessing.com/	net-error	ENOTFOUND
ola botanicals™	https://shop.mercola.com/category/1777/1/leaping-bunny-certified	alive	200
pitka leather	https://pitkaleather.com/	net-error	ENOTFOUND
pebby forevee	https://pebbyforevee.com/	alive	200
novum crafts	https://indianheaddress.com/	net-error	ENOTFOUND
pennyblack	https://pennyblack.com/	net-error	ENOTFOUND
pour moi skincare	https://www.pourmoiskincare.com/	net-error	ENOTFOUND
o boticário	https://www.boticario.com/	net-error	ENOTFOUND
novo	https://www.novoshoes.co.nz/	alive	200
old spice	http://oldspice.com/	net-error	ENOTFOUND
pepper pout	http://pepperpoutbeauty.com/	net-error	ENOTFOUND
minori	http://www.minoribeauty.com/	net-error	ENOTFOUND
penhaligon's	http://www.penhaligons.com/	net-error	ENOTFOUND
pace	https://pacecompany.com.br/	net-error	ENOTFOUND
milla amsterdam	https://www.millaamsterdam.com/	net-error	ECONNREFUSED
pedigo firenze	https://www.pedigofirenze.com/en/	net-error	ENOTFOUND
perryco	https://www.perrycoshoes.com/	net-error	ENOTFOUND
phi.denim	https://www.phi-denim.com/	http-dead	404
morleys stores ltd	http://www.morleys.co.uk/	net-error	ENOTFOUND
pretty eccentric	https://www.prettyeccentric.co.uk/	alive	200
pablo	https://pablo.fr/	net-error	ENOTFOUND
off-white	https://www.off---white.com/	net-error	ENOTFOUND
panerai	https://www.panerai.com/	alive	200
mimi prober	https://www.mimiprober.com/	alive	200
mmlg	https://en.87mm.co.kr/	net-error	ENOTFOUND
phildar	http://www.phildar.fr/	alive	200
norse projects	https://www.norseprojects.com/	net-error	ENOTFOUND
paris perfume company	http://www.parisperfumecompany.com/	net-error	ENOTFOUND
o bag	https://www.obag.eu/	net-error	ENOTFOUND
nisolo	https://projectboundincdbanisolo.pxf.io/L0gV7V	net-error	ENOTFOUND
pikes peak apothecary	https://www.pikespeakapothecary.com/?srsltid=AfmBOopcNkEqDTZPnLbIv5XvZkxveEu5Gb_YYygodYZhpaZufSPegkCA	net-error	ENOTFOUND
montec	https://www.montecwear.com/	net-error	ENOTFOUND
michelle marie boutique	https://michellemarieboutique.com/	net-error	ENOTFOUND
old bull lee	http://www.oldbullshorts.com/	net-error	ENOTFOUND
mip & toad	http://mipandtoad.com/	net-error	ENOTFOUND
odel	http://www.odel.lk/	net-error	ENOTFOUND
mister spex	https://www.misterspex.de/	alive	200
no label	https://www.nolabel.com/	net-error	ENOTFOUND
mclc	https://shopmclc.com/	alive	200
not ours	https://thenotours.com/	net-error	ENOTFOUND
marumitsu	http://www.e-marumitsu.com/	dns-dead	NXDOMAIN @1.1.1.1+8.8.8.8
mars nails	https://www.marsnails.com/	net-error	ENOTFOUND
nulastin  inc.	https://nulastin.com/	net-error	ENOTFOUND
old khaki	https://www.oldkhaki.co.za/	alive	200
pionier workwear	https://www.pionier-workwear.com/	alive	200
mollagara since 1895	https://mollagaraofficial.com/	net-error	ENOTFOUND
olive des olive	https://www.olivedesolive-ec.jp/	net-error	ENOTFOUND
mobile monster pty ltd	https://mobilemonster.com.au/	alive	200
patavinity	http://www.patavinity.com/	dns-flaky	timeout/servfail on both
nail tek	http://nailtek.com/	alive	200
milk and skin	http://www.jolune.com/	alive	200
nicolaï parfumeur-créateur	https://pnicolai.com/	alive	200
neiman marcus	https://www.neimanmarcus.com/	net-error	ENOTFOUND
organic cube	http://www.myorganiccube.com/	net-error	ENOTFOUND
sears hometown stores	http://www.searshometownstores.com/	net-error	ENOTFOUND
pq	https://pqswim.com/	net-error	ENOTFOUND
otero	https://oteromenswear.com/	net-error	ENOTFOUND
payless shoesource	https://www.payless.com/	net-error	ENOTFOUND
pandora	https://pandora.net/	net-error	ENOTFOUND
opticlasa	https://opticlasa.com/	alive	200
naturallyg4u (good for you)	https://naturallyg4u.com/	net-error	ENOTFOUND
ondas organics	http://ondasorganics.com/	net-error	ENOTFOUND
object	https://www.objectci.com/	alive	200
mjus	https://www.mjus-shoes.com/	net-error	ENOTFOUND
muse copenhagen	https://www.copenhagenmuse.com/	net-error	ENOTFOUND
not!ce hair co.	https://noticehairco.com/	net-error	ENOTFOUND
öffen	https://offen-gallery.com/	alive	200
mom aid	http://www.momaid.com/	net-error	ENOTFOUND
nuria	http://nuriabeauty.com/	net-error	ENOTFOUND
monsieur brunold	https://www.monsieurbrunold.com/	net-error	ENOTFOUND
mieke dierckx	https://miekedierckx.be/	net-error	ENOTFOUND
plexida	https://plexidaknitwear.com/	alive	200
portspure	http://www.portspure.com/	net-error	ENOTFOUND
maati maati	https://www.maati-maati.com/	net-error	ENOTFOUND
óticas carol	https://www.oticascarol.com.br/	alive	200
phoebe english	https://www.phoebeenglish.com/	net-error	ENOTFOUND
norlha	https://www.norlha.com/	alive	200
oriflame cosmetics	https://id.oriflame.com/	alive	200
ozeta	https://www.ozeta.sk/	net-error	ENOTFOUND
powder design	https://www.powder-uk.com/	alive	200
pureseoul	https://pureseoul.co.uk/	net-error	ENOTFOUND
octavia morgan los angeles	http://www.octaviamorgan.com/	alive	200
october	https://www.october.es/	alive	200
pop trading company	https://poptradingcompany.com/	alive	200
mono concept store	https://www.mono-concept.com/	net-error	ENOTFOUND
palava	https://palava.co/	net-error	ENOTFOUND
oa non-fashion	https://oanonfashion.com/	net-error	ENOTFOUND
lazy oaf	https://www.lazyoaf.com/	alive	200
no ka 'oi	https://shopnokaoi.com/	net-error	ENOTFOUND
prep u products	http://www.prepuproducts.com/	net-error	ENOTFOUND
monfrère	https://www.monfrerefashion.com/	alive	200
norton	https://www.nortoncaps.com/	alive	200
princessknobs nail polish	http://www.shyneeknobs.com/	alive	200
punto belle	https://www.puntobelle.co.uk/	tls-error	UNABLE_TO_GET_ISSUER_CERT_LOCALLY
melton	http://mpdenmark.espresso4.dk/brands/melton	net-error	UND_ERR_CONNECT_TIMEOUT
nashtn	https://nash.tn/	net-error	ENOTFOUND
mr mittens	https://www.ilovemrmittens.com/	net-error	ENOTFOUND
qeelin	https://www.qeelin.com/	alive	200
mise au green	https://www.mise-au-green.com/	net-error	ENOTFOUND
le tricot perugia	https://www.letricotperugia.com/	alive	200
nodaleto	https://www.nodaleto.com/	net-error	ENOTFOUND
les eaux primordiales	https://www.leseauxprimordiales.com/	alive	200
pick 'n pay clothing	https://www.picknpayclothing.co.za/	net-error	ENOTFOUND
nixnut	https://nixnut.nl/	net-error	ENOTFOUND
reflekt	https://reflektskincare.com/	net-error	ENOTFOUND
petit main	https://www.narumiya-online.jp/shop/brand/18/	net-error	ENOTFOUND
moonstar	https://www.moonstar.co.jp/	net-error	ENOTFOUND
pramika uniform	https://www.pramikauniform.com/	alive	200
pirin-tex	https://www.pirintex.com/	net-error	ENOTFOUND
okaidi	https://www.okaidi.fr/	net-error	ENOTFOUND
pierrewax	https://pierrewax.hu/	alive	200
pallet life story	https://palletlifestory.com/	net-error	ENOTFOUND
nourishus naturals	https://nourishusnaturals.com/	net-error	ENOTFOUND
pearly gates	http://www.pearlygates.net/	net-error	ENOTFOUND
setchu	https://www.laesetchu.com/	net-error	ENOTFOUND
sandali shop	https://www.sandalishop.it/	alive	200
obbi good label	https://obbigoodlabel.com/	net-error	ENOTFOUND
pro wrestling tees	https://www.prowrestlingtees.com/	blocked	403
olympic orchids perfumes	https://orchidscents.com/	net-error	ENOTFOUND
pletzsch	https://pletzsch.de/	alive	200
rare beauty	https://www.rarebeauty.com/	alive	200
rami al ali	https://www.ramialali.com/	net-error	ENOTFOUND
my sheen skin	https://mysheenskin.com/	net-error	ENOTFOUND
pnina rosenblum ltd.	https://www.rosenblum.co.il/	alive	200
nagie	https://nagi-e.com/	dns-dead	NXDOMAIN @1.1.1.1+8.8.8.8
nvlx labs	https://www.nvlxlabs.com/	alive	200
paul & joe sister	https://www.paulandjoe.com/paul-and-joe-sister.html	net-error	ENOTFOUND
qualerex beauty	https://www.qualerexbeauty.com/	alive	200
nira rubens	https://www.nirarubens.com/	net-error	ENOTFOUND
rh45	https://www.rh45.com/	net-error	ENOTFOUND
nash and jones	http://nashandjones.com/	net-error	ENOTFOUND
pave	https://pave.com.tr/	net-error	ENOTFOUND
pavo couture	https://www.pavocouture.nl/	net-error	ENOTFOUND
omar effendi	https://omareffendi.com.eg/	alive	200
rolla's	https://rollasjeans.com/us	alive	200
mugambo fashion	https://www.mugambofashion.com/	dns-dead	NXDOMAIN @1.1.1.1+8.8.8.8
pure culture beauty	http://pureculturebeauty.com/	alive	200
moralfibre	https://moralfibre-fabrics.com/	net-error	ENOTFOUND
petit nord copenhagen	http://www.petitnord.com/	net-error	ENOTFOUND
pressed pretty	https://pressedpretty.net/collections/rts-tshirts	net-error	ENOTFOUND
mouawad	http://www.mouawad.com/	net-error	redirect count exceeded
privé revaux	https://eu.priverevaux.com/	http-dead	404
nubikk	https://www.nubikk.com/	alive	200
ps poelman	https://www.poelman.shoes/	net-error	ENOTFOUND
on trend shirts	https://ontrendshirts.com/	net-error	ENOTFOUND
perverze	https://perverze.jp/	alive	200
my rina	https://www.myrinaworld.com/	http-dead	402
ouroboros	https://ouroboroslimitededitions.com/password	alive	200
parfum d’empire	https://parfumdempire.com/	alive	200
nikka place	https://nikkaplace.com/	net-error	ENOTFOUND
organic threads	https://www.organicthreads.net/	http-dead	404
pavement shoes	https://www.pavement.dk/	net-error	ENOTFOUND
part2 by junko shimada	https://www.crossplus.jp/shop/junkoshimada/	blocked	403
nizhoni	https://nizhoni.es/	net-error	ENOTFOUND
palmarosa shop maroc	https://www.palmarosashop.com/	alive	200
quiksilver	https://www.quiksilver.fr/	alive	200
pp berlin	https://shopp.berlin/	alive	200
md glam	http://www.mdglam.com/	net-error	ENOTFOUND
neem	https://neemlondon.com/?oid=199&affid=1&source_id=GoY-rating&sub1=brandpage	net-error	ENOTFOUND
pecegueiro & f.os	https://www.pecegueiro.com/	net-error	ENOTFOUND
nuvolari	https://www.nuvolari.biz/	net-error	ENOTFOUND
samurai aloha	https://www.samurai-aloha.com/	net-error	ENOTFOUND
printify	https://printify.com/	alive	200
rg	https://rgtheshop.com/	net-error	ENOTFOUND
re:designed	https://www.redesigned.nu/	net-error	UND_ERR_CONNECT_TIMEOUT
polish me unbothered	https://polishmeunbothered.com/	net-error	ENOTFOUND
oakley	https://au.oakley.com/	blocked	403
mother science	http://www.motherscience.com/	alive	200
plant therapy	http://www.planttherapy.com/	alive	200
magosisters	https://magosisters.gr/	alive	200
picture	https://www.picture-organic-clothing.com/	alive	200
rainbow shops	https://www.rainbowshops.com/	net-error	ENOTFOUND
neeman's	https://neemans.com/	net-error	ENOTFOUND
mouth watchers	http://www.mouthwatchers.com/	net-error	ENOTFOUND
pearle studio	https://www.pearlestudio.nl/	dns-dead	NXDOMAIN @1.1.1.1+8.8.8.8
nexusvii.	https://www.nexusvii.jp/	net-error	ENOTFOUND
perennial soaps	http://www.perennialsoaps.com/	alive	200
retrouvai	https://www.retrouvai.com/	net-error	ENOTFOUND
russell & bromley	https://www.russellandbromley.co.uk/	blocked	403
reer3	https://reer3.com/?oid=209&affid=1&source_id=GoY-rating&sub1=brandpage	net-error	ENOTFOUND
redgreen	https://redgreen.dk/	alive	200
misha vaidya	https://mishavaidya.com/	alive	200
non	https://non.eco/?oid=261&affid=1&source_id=GoY-rating&sub1=brandpage	alive	200
old order	https://old-order.com/	alive	200
poilei	https://www.poilei.com/	dns-dead	NXDOMAIN @1.1.1.1+8.8.8.8
nicole alex	https://www.shopnicolealex.com/	net-error	ENOTFOUND
rio grande	https://riogrande.com/	net-error	ENOTFOUND
notch	https://tokyodesignchannel.com/c/notch	net-error	ENOTFOUND
myomy	https://www.myomy.nl/	net-error	ENOTFOUND
ollie skincare	https://ollieskincare.com/	net-error	ENOTFOUND
melanin haircare	https://melaninhaircare.com/	net-error	ENOTFOUND
paracas	http://paracas.co/	alive	200
msch	https://www.mosscopenhagen.com/	net-error	ENOTFOUND
parfums lubin	http://www.lubin.eu/	alive	200
petrodvorets watch factory	http://www.raketa.com/	net-error	ENOTFOUND
roger dubuis	https://www.rogerdubuis.com/	net-error	ENOTFOUND
naturally drenched	https://www.naturallydrenched.com/	alive	200
olive	https://www.oliveclothing.com/	net-error	ENOTFOUND
not basics	https://pantee.co.uk/?oid=212&affid=1&source_id=GoY-rating&sub1=brandpage	alive	200
nomads	https://www.nomadsclothing.com/	net-error	ENOTFOUND
pj pan	https://www.pjpan.co.uk/	net-error	ENOTFOUND
relaxsan	https://www.relaxsan.it/en/	alive	200
rage age	https://rageage.com/	net-error	ENOTFOUND
pwt group	https://www.pwt-group.com/	net-error	ENOTFOUND
naomi goodsir	https://www.naomigoodsir.com/fr/home	alive	200
non commun	https://noncommun.com/	alive	200
nps	https://us.nps-solovair.com/	net-error	ENOTFOUND
native atlas	http://nativeatlas.com/	net-error	ENOTFOUND
reina olga	https://reinaolga.com/en-eu	net-error	ENOTFOUND
organsk®	https://organsk.com/	alive	200
munay brand	https://munaybrand.com/	dns-dead	NXDOMAIN @1.1.1.1+8.8.8.8
one kind clothing	https://wearonekind.com/	net-error	ENOTFOUND
nicky diamonds	https://www.westfield.com/fr/france/rennesalma/boutiques/NICKY%20DIAMONDS/66162	net-error	ENOTFOUND
oo&vv	http://www.ov-fs.com/	net-error	ENOTFOUND
orcanta	https://www.orcanta.fr/	net-error	ECONNREFUSED
ocean pacific	https://www.oceanpacific.com/	net-error	ENOTFOUND
raging bull	https://www.ragingbull.co.uk/	net-error	ENOTFOUND
petrifun store	https://www.petrifun.fi/	net-error	ENOTFOUND
repetto	https://www.repetto.fr/	net-error	ENOTFOUND
metro shoes	https://www.metroshoes.com/	net-error	ENOTFOUND
nuebiome	http://nuebiome.com/	net-error	ENOTFOUND
seksy	https://www.sekonda.co.uk/	net-error	ENOTFOUND
simple	https://www.simplethebrand.com/	net-error	ENOTFOUND
poplooks	https://www.poplooks.com/	net-error	ENOTFOUND
rose and myla	https://roseandmyla.com/	net-error	ENOTFOUND
result headwear	https://www.resultheadwear.com/	net-error	ENOTFOUND
original moxie	http://www.originalmoxie.com/	net-error	ENOTFOUND
runaway bicycle	https://runawaybicycle.in/	alive	200
redhead revolution	https://redheadrevolution.us/	alive	200
rocky rosa	https://www.rocky-rosa.com/	net-error	ENOTFOUND
miss selfridge	https://www.asos.com/miss-selfridge/	net-error	ENOTFOUND
outrgs	https://www.outrgs.com/	net-error	ENOTFOUND
naturalmente	https://www.naturalmente-fashion.de/	net-error	ENOTFOUND
lola prusac	https://www.lolaprusac.com/	alive	200
mint velvet	https://www.mintvelvet.co.uk/	alive	200
oxalis apothecary	http://www.oxalisapothecary.com/	alive	200
re;code	https://www.kolonmall.com/RECODE/List/133020162325	net-error	ENOTFOUND
pinko	https://www.pinko.com/	alive	200
nydj	https://www.nydj.com/	alive	200
redora jewels	https://redorajewels.com/	alive	200
mazador	https://mazador.com/	alive	200
naim josefi	https://www.naimjosefi.com/	net-error	ENOTFOUND
pampora leather	https://www.pamporaleather.com/	net-error	ENOTFOUND
la perline skincare	http://laperlineskincare.com/	net-error	ENOTFOUND
passioni	https://www.passionmode.de/	net-error	ENOTFOUND
minkpink	https://www.minkpinkworld.com/	net-error	ECONNREFUSED
miss fiorentina	https://missfiorentina.com/	dns-dead	NXDOMAIN @1.1.1.1+8.8.8.8
pacomartinez	https://www.pacomartinez.com/	net-error	ENOTFOUND
plain & supple organic skincare	http://plainandsupple.com/	alive	200
noni	https://www.noni-mode.de/	net-error	ENOTFOUND
primor	https://www.primor.eu/	net-error	ENOTFOUND
mater soap llc	http://www.matersoap.com/	alive	200
peter england	https://www.peterengland.com/	net-error	ENOTFOUND
qrxlabs	https://qrxlabs.com/	net-error	ENOTFOUND
nassifmd skincare	http://www.nassifmdskincare.com/	alive	200
reimi botanicals	http://www.reimibotanicals.com/	alive	200
pan club	https://panclubrussia.ru/	net-error	ENOTFOUND
neil barrett	https://www.neilbarrett.com/	alive	200
printemps haussmann	https://www.printemps.com/fr/fr/printemps-paris-haussmann	net-error	ENOTFOUND
people’s republic of cashmere	https://www.peoplesrepublicofcashmere.com/	net-error	ENOTFOUND
rachel zoe	https://shoprachelzoe.com/	alive	200
loumi skincare	https://www.loumiskincare.com/	net-error	ENOTFOUND
peter jr.	https://www.peterjrcollections.com/	alive	200
r+co bleu	http://www.randcobleu.com/	net-error	ENOTFOUND
passion lilie	https://passionlilie.com/?oid=273&affid=1&source_id=GoY-rating&sub1=brandpage	alive	200
nihombashi mitsukoshi main store	https://www.mistore.jp/store/nihombashi.html	net-error	ENOTFOUND
neyi	https://neyi-lingerie.com/pages/aboutus	alive	200
pilgrim clothing	https://www.pilgrimclothing.com.au/	net-error	ENOTFOUND
rituel de fille	http://www.ritueldefille.com/	net-error	ENOTFOUND
queen kerosin	https://www.kingkerosin.com/	alive	200
maxtara	https://www.maxtara.cz/	net-error	ENOTFOUND
purusha people	https://purushapeople.com/?oid=274&affid=1&source_id=GoY-rating&sub1=brandpage	alive	200
philip hog	https://philiphog.com/	net-error	ENOTFOUND
prairie linens studio inc.	https://www.prairielinensstudio.com/	dns-dead	NXDOMAIN @1.1.1.1+8.8.8.8
papaya & bamboo	https://www.papayaandbamboo.com/	tls-error	CERT_HAS_EXPIRED
one spirit vibes	https://www.onespiritvibes.com/	net-error	ENOTFOUND
parmigiani fleurier	http://www.parmigiani.ch/	blocked	403
mimaami organics	http://mimaamiorganics.com/	net-error	ENOTFOUND
pours studios	https://www.pours-studios.com/	net-error	ENOTFOUND
pamm	https://pammpamm.store/	net-error	ENOTFOUND
nokwal	https://nokwal.com/	net-error	ENOTFOUND
parise	https://www.pariseofficial.com/	net-error	ENOTFOUND
olive & fig apothecary	http://www.oliveandfigapothecary.com/	alive	200
pepe jeans	https://www.pepejeans.com/en_gb/	alive	200
proraso	https://proraso-usa.com/	net-error	ENOTFOUND
pure chemistry	http://www.cosmeticospure.com/	dns-dead	NXDOMAIN @1.1.1.1+8.8.8.8
rosso35	https://www.rosso35.com/en/hompage/	http-dead	404
nile clothing	https://www.nile.ch/	net-error	ENOTFOUND
rue saint-patrick	https://www.ruesaintpatrick.com/	alive	200
orihica	https://www.orihica.com/	net-error	ENOTFOUND
réalisation par	https://realisationpar.com/	net-error	ENOTFOUND
moresque	https://www.moresqueparfumshop.com/	alive	200
ohana organics	http://www.ohanaorganics.com/	net-error	ENOTFOUND
pig & hen	https://www.pighen.com/	alive	200
pura botanicals inc.	http://www.purabotanicals.ca/	net-error	ENOTFOUND
sallie sahne	https://www.sallie-sahne.de/en/official-website.html	net-error	ENOTFOUND
rossario george	https://rossariogeorge.com/	net-error	ENOTFOUND
plasticity	https://plasticity.co.jp/	alive	200
shoe carnival	https://www.shoecarnival.com/	net-error	ENOTFOUND
retinol by robanda	https://retinolbyrobanda.com/	alive	200
rye tender	https://ryetender-homepage.com/	dns-dead	NXDOMAIN @1.1.1.1+8.8.8.8
messy weekend	https://messyweekend.com/	net-error	ENOTFOUND
rose & born	https://roseborn.com/	net-error	ENOTFOUND
original marines	https://www.originalmarines.com/	net-error	ENOTFOUND
poème clothing	https://www.poemeclothing.com/	net-error	ENOTFOUND
menique	https://menique.com/	alive	200
pause	https://pausejeans-online.com/	blocked	403
rino & pelle	https://rino-pelle.com/	alive	200
petite maison kids	https://petitemaisonkids.com/	net-error	ENOTFOUND
pearl street swim	https://pearlstreetswim.com/	net-error	ENOTFOUND
paul lebeau	https://www.paullebeau.fr/	net-error	ENOTFOUND
one’sterrace	https://store.world.co.jp/s/brand/onesterrace/	blocked	403
paul frank	http://www.paulfrank.com/	net-error	ENOTFOUND
olistic the label	https://www.olisticthelabel.com/	net-error	ENOTFOUND
noire line	https://noireline.com/	dns-dead	NXDOMAIN @1.1.1.1+8.8.8.8
landia skincare	http://www.landiaskincare.com/	alive	200
rebel green	http://rebelgreen.com/	alive	200
puroleo	https://puroleo.ca/	net-error	ENOTFOUND
organic cotton mart	https://www.organiccottonmart.com/	alive	200
megan wilson jewelry	https://meganwilsonco.com/	http-dead	404
norie	http://norieshop.com/	net-error	ENOTFOUND
mikaine	https://en.mikaine.com/	net-error	ENOTFOUND
lathered artisan	https://www.latheredartisan.com/	alive	200
medovy.shop	https://www.medovy.shop/	alive	200
nxtstop	https://thenxtstop.com/	alive	200
ravescoutr	https://ravescoutr.com/	net-error	ENOTFOUND
performance clothing	http://performance.clothingrange.co.uk/	net-error	ENOTFOUND
nonat	https://nihanonat.com/	net-error	ENOTFOUND
oamc	http://oamc.com/	net-error	ENOTFOUND
ron dorff	https://www.rondorff.com/	net-error	ENOTFOUND
óticas diniz	https://www.oticasdiniz.com.br/	net-error	ENOTFOUND
première peau	https://premierepeau.com/	net-error	ENOTFOUND
overose	https://www.overose.com/	net-error	ENOTFOUND
one piece store	https://onepiece.store/?doing_wp_cron=1654729284.8748979568481445312500%3Futm_source%3DGoodOnYou+App	net-error	ENOTFOUND
red kap	https://redkap.com/	net-error	ENOTFOUND
ria menorca	https://www.ria.es/	alive	200
people pleaser co.	https://peoplepleaserco.com/	net-error	ENOTFOUND
rubysparrowdesign	https://www.rubysparrowdesign.com/	tls-error	UNABLE_TO_GET_ISSUER_CERT_LOCALLY
paloma barceló	https://www.palomabarcelo.com/	alive	200
only-m.	https://www.only-m.com/	net-error	ENOTFOUND
other	https://otheruk.com/	net-error	ENOTFOUND
queen of the court	https://queenofthecourtbrand.com/	net-error	ENOTFOUND
pharmadrops	https://pharmadrops.dk/	net-error	ENOTFOUND
sal parasuco	https://www.salparasuco.com/	alive	200
recolution	http://www.recolution.de/	net-error	ENOTFOUND
selim mouzzanar	https://www.selimmouzannar.com/	net-error	ENOTFOUND
polished prints	https://polished-prints.com/	net-error	ENOTFOUND
portuguese flannel	https://www.portugueseflannel.com/	alive	200
notre-v	https://www.omoda.nl/notre-v/	net-error	ENOTFOUND
perlie	https://www.perlie.nl/	net-error	ENOTFOUND
reno-obuv	https://www.reno-obuv.cz/	dns-dead	NXDOMAIN @1.1.1.1+8.8.8.8
schuhkay	https://www.schuhkay.de/	net-error	ENOTFOUND
revlon	http://www.revlon.com/	alive	200
pierre-louis mascia	http://pierrelouismascia.com/	net-error	ENOTFOUND
rachel moayer skin	http://rachelmoayerskin.com/	net-error	ENOTFOUND
pierre lannier	http://www.pierre-lannier.fr/	tls-error	CERT_HAS_EXPIRED
rōz hair	https://rozhair.com/collections/all	alive	200
perfumy.pl	https://perfumy.pl/	alive	200
satori stylez	https://satoristylez.com/	dns-dead	NXDOMAIN @1.1.1.1+8.8.8.8
miista	https://miista.com/	blocked	429
refrigiwear	https://www.refrigiwear.it/	tls-error	CERT_HAS_EXPIRED
seajure	https://www.seajure.com/	alive	200
plan c	https://www.plan-c.com/	net-error	ENOTFOUND
pharmagel	http://www.pharmagel.net/	alive	200
oy	https://oysurf.com/eu/en/	net-error	ENOTFOUND
nudea	https://www.nudea.com/?oid=290&affid=1&source_id=GoY-rating&sub1=brandpage	net-error	ENOTFOUND
sea me happy	https://www.seamehappy.be/	net-error	ENOTFOUND
pisamonas	https://www.pisamonas.co.uk/	net-error	ENOTFOUND
recovo	https://recovo.co/#	net-error	ENOTFOUND
ovv	http://www.ovvworld.com/PC/index.html	dns-dead	NXDOMAIN @1.1.1.1+8.8.8.8
rocio canvas	https://www.rociocanvas.com.br/	dns-flaky	timeout/servfail on both
otto kern	https://www.ottokern.com/	net-error	ENOTFOUND
repipi armario	https://www.dot-st.com/repipiarmario/	alive	200
re.draft	https://www.redraft-clothing.com/	net-error	ENOTFOUND
percival	https://www.percivalclo.com/	net-error	ENOTFOUND
maryan mehlhorn	https://www.maryanmehlhorn.com/	net-error	ENOTFOUND
parfums caron	https://www.parfumscaron.com/	net-error	ENOTFOUND
saloni	https://saloniworld.com/	alive	200
royle eleven	https://royleeleven.com/	server-error	500
petite oh	https://www.petitoh.com/	net-error	ENOTFOUND
rave review	https://www.rave-review.com/	net-error	ENOTFOUND
pheona's jewelers	https://pheonasjewelers.com/	net-error	ENOTFOUND
princess highway	https://www.princesshighway.com.au/	net-error	ENOTFOUND
philosophy di lorenzo serafini	https://www.philosophyofficial.com/	net-error	ENOTFOUND
palladium	https://www.palladiumboots.com/	net-error	ENOTFOUND
rosco emmit body & home	https://www.roscoemmit.ca/	alive	200
paraboot shops	https://www.paraboot.com/boutiques/	alive	200
pèpè	https://www.pepechildrenshoes.com/	net-error	ENOTFOUND
parafina	https://parafina.eco/	alive	200
pataugas	https://www.pataugas.com/	tls-error	ERR_SSL_TLSV1_UNRECOGNIZED_NAME
nene glamour	https://www.neneglamour.com/	http-dead	423
nomad design co	https://nomaddesignco.net/	alive	200
naturalizer	https://www.naturalizer.com/	blocked	403
pan tu nie stał	https://pantuniestal.com/	net-error	ENOTFOUND
purexis	https://purexisbeauty.com/	alive	200
ölend	https://www.olend.net/	alive	200
pur schoen	https://purschoen.de/	net-error	ENOTFOUND
macowens	https://www.macowens.com.ar/	alive	200
nubyen	https://nubyen.com/	net-error	ENOTFOUND
romance was born	https://www.romancewasborn.com/	alive	200
pioneer jeans	https://www.pioneer-jeans.com/	net-error	ENOTFOUND
perlato	https://perlato.com/	net-error	ENOTFOUND
p.e nation	https://pe-nation.com/	net-error	ENOTFOUND
sahajan	http://www.sahajan.com/	net-error	ENOTFOUND
rei	https://www.rei.com/	alive	200
pure soul organics	http://puresoulorganics.com/	alive	200
paul smith eyewear	https://www.paulsmith.com/eu/eyewear	alive	200
misbhv	https://misbhv.com/	net-error	ENOTFOUND
river island	https://us.riverisland.com/	net-error	ENOTFOUND
rubirosa	http://rubirosa.com/	net-error	ENOTFOUND
omora	https://www.omorabeautylab.com/	alive	200
ocean rodeo	http://www.dutchmint.eu/	dns-dead	NXDOMAIN @1.1.1.1+8.8.8.8
polo ralph lauren	https://www.ralphlauren.com/	net-error	ENOTFOUND
piu brand	https://www.piubrand.com/	alive	200
pajar	https://www.pajar.com/	net-error	ENOTFOUND
parissa	http://parissa.com/	alive	200
monique péan	https://www.moniquepean.com/0	net-error	ENOTFOUND
playlife	http://www.playlife.com/	net-error	ENOTFOUND
plain units	https://www.plainunits.com/	net-error	ENOTFOUND
lowrys farm	https://www.dot-st.com/lowrysfarm/	alive	200
sport 2000	https://sport2000.at/	net-error	ENOTFOUND
ports 1961	https://ports1961.com/	net-error	ENOTFOUND
sem per lei	https://semperlei.com/	net-error	ENOTFOUND
pelli	https://pellibags.com.au/	net-error	ENOTFOUND
results by nature®	https://resultsbynature.com/	net-error	ENOTFOUND
shaun leane	https://shaunleane.com/	net-error	ENOTFOUND
pequignet	https://pequignet.com/	net-error	ENOTFOUND
oha vital organic skincare	http://ohaskin.com/	net-error	ENOTFOUND
origin memory	https://weibo.com/u/7461494749	net-error	ENOTFOUND
oceania legends	https://oceania-legends.com/	net-error	ENOTFOUND
ogee	https://ogee.com/	blocked	403
preggo leggings	https://www.preggoleggings.com/	alive	200
pamela mann	https://www.pamelamann.co.uk/	alive	200
saks potts	https://sakspotts.com/	alive	200
panamuna project	https://www.panamunaproject.com.au/	net-error	ENOTFOUND
petit kouraj	https://www.petitkouraj.com/	net-error	ENOTFOUND
shaklee	http://www.shaklee.com/	net-error	ENOTFOUND
powerv	https://powervskin.com/	alive	200
pirouette	https://pirouetteperfume.com/	net-error	ENOTFOUND
sanctuarie	https://sanctuarie.com/	net-error	ENOTFOUND
progressive crawlers	https://www.progressivecrawlers.com/	dns-dead	NXDOMAIN @1.1.1.1+8.8.8.8
palmer//harding	https://www.palmerharding.com/	alive	200
scabal	https://scabal.com/	net-error	ENOTFOUND
residus	https://residusofficial.com/	alive	200
rohnisch	https://www.rohnisch.com/	alive	200
pinky&dianne	http://www.pinkyanddianne.com/	net-error	ENOTFOUND
riaz dan	https://www.riaz-dan.de/	alive	200
ramidus	https://www.ramidustokyo.com/en	net-error	ENOTFOUND
motherhood maternity	https://www.motherhood.com/	net-error	ENOTFOUND
ray swimwear	https://rayswimwear.com/	tls-error	CERT_HAS_EXPIRED
regal nails	https://regalnails.com/	net-error	ENOTFOUND
saavy naturals	http://www.saavynaturals.com/	net-error	ENOTFOUND
nurst llc	https://royalfamilyfarming.com/	net-error	ENOTFOUND
nukus	https://nukus.nl/	net-error	ENOTFOUND
parker clay	https://www.parkerclay.com/	net-error	ENOTFOUND
rare by circle	https://rarebycircle.com/	alive	200
ra cosmetics	http://www.racosmetics.com/	alive	200
nagev	https://www.nagev.fr/	alive	200
reguladora	https://www.reguladora.pt/	alive	200
riversol skincare	http://www.riversol.com/	alive	200
rare carat	https://www.rarecarat.com/	alive	200
prettylittlething	https://www.prettylittlething.com/	net-error	ENOTFOUND
sebago	https://www.sebago.fr/	net-error	ENOTFOUND
modanisa	http://www.modanisa.com/	net-error	ENOTFOUND
pistola	https://www.pistoladenim.com/	alive	200
raffaello rossi	https://raffaello-rossi.de/	net-error	ENOTFOUND
saniderm tattoo care	http://saniderm.com/	net-error	ENOTFOUND
preston lane	http://onprestonlane.com/	alive	200
s4 jackets	https://s4-jackets.com/	tls-error	ERR_TLS_CERT_ALTNAME_INVALID
scallywings	https://scallywings.com/	http-dead	402
rosa clará	https://www.rosaclara.es/	alive	200
moumout	https://www.moumout.com/	net-error	ENOTFOUND
primavera	https://primavera-bags.com/	net-error	ENOTFOUND
pure h.tico	https://www.pureshirt.com/	alive	200
pintta	https://www.pintta.com/	net-error	ENOTFOUND
räthel & wolf	https://rathelwolf.com/	net-error	ENOTFOUND
pierotucci	https://www.pierotucci.com/en	alive	200
sacoor blue	https://www.sacoorblue.com/rs/en	alive	200
savannah morrow the label	https://savannahmorrow.com/	net-error	ENOTFOUND
rockupy	https://rockupy.com/	net-error	ENOTFOUND
pride to be	https://www.pridetobe.de/	net-error	ENOTFOUND
school rag	https://www.school-rag.com/	alive	200
rive droite	https://www.rivedroite-paris.com/en	alive	200
renna deluxe	https://renna-deluxe.de/	net-error	ENOTFOUND
pyne & smith clothiers	https://www.pyneandsmith.com/	net-error	ENOTFOUND
saiid kobeisy	https://saiid-kobeisy.com/	net-error	ENOTFOUND
nominou	https://nomidesigns.ca/	net-error	ENOTFOUND
phase eight	https://www.phase-eight.com/	alive	200
liz earle	http://us.lizearle.com/	alive	200
prosac alwaysmile	https://www.prosacalwaysmile.com/	net-error	ENOTFOUND
suboo	https://suboo.com.au/	alive	200
plaine products	https://www.plaineproducts.com/	net-error	ENOTFOUND
peninsula swimwear	https://peninsulaswimwear.com/	net-error	ENOTFOUND
princesse nomade	https://www.princessenomade.com/	net-error	ENOTFOUND
roote	http://www.rooteofficial.com/	net-error	ENOTFOUND
rally	https://www.rallyskin.com/	alive	200
sand snow linen	https://www.sandsnowlinen.com/	alive	200
regalys	https://www.regalys.shop/	net-error	ENOTFOUND
orient watch company	https://aion.orologiorient.it/	net-error	ENOTFOUND
remonte	https://www.remonte.com/	net-error	ENOTFOUND
polis casfino	https://www.poliscasfino.com/	http-dead	423
pechoin	http://www.pechoin.com/	net-error	ENOTFOUND
sanre organic skinfood	http://www.sanreorganic.com/	alive	200
osoi	http://osoi.co.kr/	net-error	ENOTFOUND
pregnidos	https://pregnidos.com/	net-error	ENOTFOUND
playshoes	https://playshoes.de/	net-error	ENOTFOUND
relax shop	https://www.relaxworld.cz/en/	net-error	ENOTFOUND
oth paris	https://www.oth-paris.com/	net-error	ENOTFOUND
prim stargazer	https://primstargazer.ca/	dns-dead	NXDOMAIN @1.1.1.1+8.8.8.8
redmax	https://www.redmaxsportswear.com/	net-error	ENOTFOUND
pleatsmama	https://en.pleatsmama.com/	net-error	ENOTFOUND
sage larock	http://www.sagelarock.com/	net-error	ENOTFOUND
red-rag boys & girls	https://www.red-rag.com/	alive	200
pigmentarium	https://www.pigmentarium.com/en	net-error	ENOTFOUND
pyer moss	https://www.pyermoss.com/	net-error	ENOTFOUND
onurth skincare	http://onurth.com/	net-error	ENOTFOUND
paul & shark	https://www.paulandshark.com/uk_en/	alive	200
office	https://www.office.co.uk/	blocked	403
red wing shoes	https://www.redwingshoes.com/	blocked	403
pelagic	https://pelagicgear.com/	alive	200
panafrica	https://www.panafrica-store.com/en/	alive	200
old linen mill	https://oldlinenmill.com/	server-error	500
saint steve	https://saintsteve.nl/	net-error	ENOTFOUND
prai beauty	https://praibeauty.com/	net-error	ENOTFOUND
rifò	https://rifo-lab.com/	net-error	ENOTFOUND
nerium international	https://www.nerium.com/	dns-dead	NXDOMAIN @1.1.1.1+8.8.8.8
poster girl	https://www.poster-girl.com/	net-error	ENOTFOUND
palmers	https://www.palmers.at/	net-error	ENOTFOUND
octobre editions	https://www.octobre-editions.com/	net-error	ENOTFOUND
pro keds	https://www.prokeds.com/	net-error	ENOTFOUND
rarámuri	https://raramuri.co/	alive	200
rnb jewellery	https://rnbjewellery.ca/	net-error	ENOTFOUND
mr & mrs italy	https://www.mmi.it/	dns-dead	NXDOMAIN @1.1.1.1+8.8.8.8
samsoe samsoe	https://www.samsoe.com/	net-error	ENOTFOUND
studio clique	https://studio-clique.com/	alive	200
piquadro	https://www.piquadro.com/gb/	alive	200
seaire	http://www.seaireskin.com/	net-error	ENOTFOUND
select	https://www.selectfashion.co.uk/	net-error	ENOTFOUND
sandwich	https://sandwichfashion.nl/	net-error	ENOTFOUND
rivieras	https://rivieras.com/	alive	200
nayko naturals	https://naykonaturals.com/	net-error	ENOTFOUND
serge lutens	https://sergelutens.com/	alive	200
saint tropez	https://www.sainttropez.com/	net-error	ENOTFOUND
podyh	https://podyh.com/	alive	200
perfumania	https://www.perfumania.com/	net-error	ENOTFOUND
passport to organics	http://www.passporttoorganics.com/	alive	200
princess polly	https://us.princesspolly.com/	net-error	ENOTFOUND
simkha biocosmetics	https://abonnement.simkhabiocosmetiques.ca/	net-error	ENOTFOUND
pearl & moss botanicals	https://pearlandmossbotanicals.ca/	alive	200
noosa active	https://noosaactive.com.au/	dns-dead	NXDOMAIN @1.1.1.1+8.8.8.8
reprime	https://www.artisanbyreprime.com/	net-error	ENOTFOUND
proclaim	https://www.wearproclaim.com/?oid=173&affid=1&source_id=GoY-rating&sub1=brandpage	alive	200
people of earth	http://peopleofearth.co/	alive	200
oxmox	https://www.oxmox.de/	net-error	ENOTFOUND
play it again sports	https://www.playitagainsports.com/	net-error	ENOTFOUND
plain people	https://www.plainpeople.jp/	alive	200
risy&jerfs	https://www.risy-jerfs.com/	net-error	ENOTFOUND
rūpahaus	https://www.rupahaus.com/?oid=351&affid=1&source_id=GoY-rating&sub1=brandpage	alive	200
sasquatchfabrix	https://sasquatchfabrix.com/	net-error	ENOTFOUND
oyu botanica	https://www.oyubotanica.com/	net-error	ENOTFOUND
restore hyper wellness	https://www.restore.com/	alive	200
natura	https://www.naturaselection.com/	net-error	ENOTFOUND
matri	https://www.matri.com.br/	net-error	ENOTFOUND
sundance catalog	https://www.sundancecatalog.com/	net-error	UND_ERR_CONNECT_TIMEOUT
polo blue	https://www.poloralphlauren.com/	net-error	ENOTFOUND
poolday-paris	https://poolday-paris.com/	alive	200
olderbrother	https://olderbrother.us/	alive	200
simmons bilt	https://www.simmonsbilt.com/	net-error	ENOTFOUND
reflect	https://store.world.co.jp/s/brand/reflect/	blocked	403
omoda	https://www.omoda.be/	alive	200
represent	https://eu.representclo.com/	net-error	ENOTFOUND
pray	https://www.prayforusclothing.com/	net-error	ENOTFOUND
reebok	https://www.reebok.com/	alive	200
ouai	https://theouai.com/	net-error	ENOTFOUND
purificacion garcia	https://purificaciongarcia.com/	alive	200
shanghai tang	https://www.shanghaitang.com/	net-error	ENOTFOUND
sa fab	https://handblockprintsbagru.com/	alive	200
origin mexico	https://originmexico.com/	net-error	ENOTFOUND
otthie	https://otthie.com/	dns-dead	NXDOMAIN @1.1.1.1+8.8.8.8
roseanna	https://roseanna.fr/	net-error	ENOTFOUND
positive outlook clothing	https://www.positiveoutlookclothing.com/	net-error	ENOTFOUND
rogue	https://rogueperfumery.com/	net-error	ENOTFOUND
smush	https://www.letssmush.com/	alive	200
pristine	https://www.pristine-official.jp/	net-error	ENOTFOUND
simplysiti	https://www.simplysiti.com.my/	net-error	ENOTFOUND
shoe city	https://www.shoecity.co.za/	alive	200
siemes schuhcenter	https://www.siemes.de/	tls-error	ERR_SSL_TLSV1_ALERT_INTERNAL_ERROR
nina ricci	https://www.ninaricci.com/	alive	200
room shop vintage	https://roomshopvintage.com/	net-error	ENOTFOUND
nomadic state of mind	https://www.nomadicstateofmind.com/	alive	200
naked and thriving	https://www.nakedandthriving.com/	net-error	ENOTFOUND
polyn baby	http://skinourishment.com/	tls-error	CERT_HAS_EXPIRED
schiesser	https://www.schiesser.com/	net-error	ENOTFOUND
naturesupplycompany	https://www.naturesupplyco.com/	alive	200
saga cosmetics	https://www.sagacosmetics.com/	net-error	ENETUNREACH
quay australia	https://www.quayaustralia.eu/	blocked	403
shynee knobs nail polish	http://www.shyneeknobs.com/	net-error	ENOTFOUND
scat	https://scat-jewelry.com/	alive	200
poupette st barth	https://www.poupettestbarth.com/	alive	200
shoo·la ·rue	https://store.world.co.jp/s/brand/shoo-la-rue/	blocked	403
roberto sarto	https://www.robertosarto.nl/	net-error	ENOTFOUND
purity woods	https://puritywoods.com/	net-error	ENOTFOUND
nina yuun	https://www.ninayuun.com/	net-error	ENOTFOUND
persol	https://persol.com/	net-error	ENOTFOUND
raymond group	http://www.raymond.in/	net-error	UND_ERR_CONNECT_TIMEOUT
pear concept	http://www.pearconcept.com/	alive	200
richard mille	http://www.richardmille.com/	alive	200
r.e.m. beauty	https://rembeauty.com/	net-error	ENOTFOUND
pragnell	https://www.pragnell.co.uk/	alive	200
rvlt	https://www.rvlt.com/	net-error	ENOTFOUND
rené caovilla	https://www.renecaovilla.com/	alive	200
sarar	https://sarar.com/	alive	200
pampered bee	http://pamperedbee.com/	alive	200
omdl coastal	https://www.omdlcoastal.com/#/?utm_source=GoodOnYou%20App&utm_medium=Referral	tls-error	ERR_SSL_SSL/TLS_ALERT_HANDSHAKE_FAILURE
rage	https://ragesa.co.za/	net-error	ENOTFOUND
purely lush	https://www.purelylush.com/	net-error	ENOTFOUND
paraphrase perfume	https://libertinefragrance.com/	net-error	ENOTFOUND
scottsdale superstar	https://scottsdalesuperstar.com/	net-error	ENOTFOUND
sashaskvo	https://skvoshop.ru/	alive	200
natalie perry	https://natalieperryjewellery.com/	net-error	ENOTFOUND
nicholas	https://nicholasthelabel.com/	net-error	ENOTFOUND
night addict	https://nightaddict.com/	tls-error	ERR_SSL_SSL/TLS_ALERT_HANDSHAKE_FAILURE
paris miki	https://www.paris-miki.co.jp/	alive	200
noblem skincare	http://www.shopnoblem.com/	net-error	ENOTFOUND
puna noni naturals	http://www.punanoni.com/	net-error	ENOTFOUND
occeanne	http://www.occeanne.com/	alive	200
reno	https://www.reno.de/	net-error	ENOTFOUND
quazi design	https://quazidesign.com/	net-error	ENOTFOUND
pretty vacant	https://www.vacantclothing.co.uk/	dns-flaky	timeout/servfail on both
rcma	http://www.rcmamakeup.net/	alive	200
sizeer	https://sklep.sizeer.com/	net-error	ENOTFOUND
seidenfelt	https://www.seidenfelt.de/	net-error	ENOTFOUND
piferi	https://www.piferi.com/	dns-dead	NXDOMAIN @1.1.1.1+8.8.8.8
renuar	https://www.renuar.co.il/he	net-error	ENOTFOUND
pretty cute	https://prettycute.co.uk/	net-error	ENOTFOUND
mosaert	http://www.mosaert.com/	net-error	ENOTFOUND
swolit	https://swolit.co.uk/	net-error	ENOTFOUND
petite m.	https://www.petitem.com/	alive	200
optical express	https://www.opticalexpress.co.uk/	net-error	ENOTFOUND
roja beauty	http://rojabeauty.com/	net-error	ENOTFOUND
paul smith	https://www.paulsmith.com/	alive	200
shoewear	https://upshoewear.nl/	net-error	ENOTFOUND
mahogany	https://www.mahogany.com.br/	alive	200
nui ami	https://www.nuiami.com/	net-error	ENOTFOUND
perlita peaches	https://www.perlitapeaches.com/	net-error	ENOTFOUND
querol	https://www.querol.net/	net-error	ENOTFOUND
rosec jewels	https://www.rosecjewels.com/	net-error	ENOTFOUND
roark	https://eu.roarkrevival.com/	net-error	ENOTFOUND
robinson department store	https://www.robinson.co.th/	net-error	ENOTFOUND
rageblue	https://www.dot-st.com/rageblue/	alive	200
sisters point	https://www.sisterspoint.com/	net-error	ENOTFOUND
schiaparelli	https://www.schiaparelli.com/en	alive	200
partow	https://partow.us/	net-error	ENOTFOUND
pelle p	https://www.pellepetterson.com/en-us/	net-error	ENOTFOUND
signet jewelers limited	https://www.signetjewelers.com/	net-error	ENOTFOUND
plantkos	http://www.plantkosskincare.com/	net-error	ENOTFOUND
port zienna	https://www.portzienna.com/	alive	200
same skincare	http://sameskincare.com/	alive	200
oh!zuza	https://ohzuza.com/	alive	200
perfect image llc	https://perfectimage.com/	alive	200
rus	https://www.rusthebrand.com/	alive	200
sanmarine	https://sanmarine.us/	dns-dead	NXDOMAIN @1.1.1.1+8.8.8.8
santicler	https://santicler.com/?oid=246&affid=1&source_id=GoY-rating&sub1=brandpage	alive	200
saddlers union	https://www.saddlersunion.com/	net-error	ENOTFOUND
pietro brunelli	https://pietrobrunelli.com/	net-error	ENOTFOUND
prénatal  netherlands	https://www.prenatal.nl/	alive	200
raw threads	https://rawthreads.com/	net-error	ENOTFOUND
roamer	http://www.roamer.ch/	net-error	ENOTFOUND
prima moda	https://www.primamoda.com.pl/	net-error	ENOTFOUND
palladio beauty	https://www.palladiobeauty.com/	net-error	ENOTFOUND
sense organics	https://www.sense-organics.com/	alive	200
smith & soul	https://www.smith-soul.de/	net-error	ENOTFOUND
rj bodywear	https://www.rjbodywear.com/	alive	200
sistie	https://sistie.dk/	net-error	UND_ERR_CONNECT_TIMEOUT
site for sore eyes	https://www.siteforsoreeyes.com/	blocked	503
solar	https://www.solar.com.pl/	alive	200
popana	https://popana.com/	http-dead	404
piera ceresa	https://pieraceresa.com.au/	alive	200
lululemon	https://www.lululemon.com/	net-error	ENOTFOUND
ranavat	http://www.ranavat.com/	net-error	ENOTFOUND
ozolabs  llc	http://www.ozolabs.com/	net-error	ENOTFOUND
pig  chicken & cow	http://pigchickencow.com/	alive	200
real deal brazil	https://realdealbrazil.com/	net-error	ENOTFOUND
pratima skincare	https://www.pratimaskincare.com/	alive	200
sahara rose	http://www.sahararose.com/	net-error	ENOTFOUND
rye beauty	https://ryebeauty.com/	alive	200
parkhurst	https://parkhurst.ca/	net-error	ENOTFOUND
ross & snow	https://ross-snow.com/	dns-flaky	timeout/servfail on both
re49	https://www.re49.it/	alive	200
setup	http://setupclothing.com/	alive	200
miracle of denim	https://www.miracleofdenim.com/	alive	200
rinascimento	https://www.rinascimento.com/	net-error	ENOTFOUND
puur ingrid	http://www.puuringrid.com/	alive	200
sofia cardoni	https://sofiacardoni.com/	alive	200
one more story	https://www.one-more-story.com/	tls-error	ERR_SSL_TLSV1_ALERT_INTERNAL_ERROR
semina	http://www.shopsemina.com/	net-error	ENOTFOUND
r13	https://www.r13denim.com/	alive	200
pvh corp.	https://www.pvh.com/	net-error	ENOTFOUND
september care studio	https://septembercarestudio.com/	net-error	ENOTFOUND
reflect studio	https://www.reflectstudio.com/	alive	200
sinners attire	https://www.sinnersattire.com/	alive	200
sock harbor	https://sockharbor.com/	net-error	ENOTFOUND
rokit vintage	https://www.rokit.co.uk/	alive	200
not shy	https://www.notshy.fr/	net-error	ENOTFOUND
shinsegae centum city	https://www.shinsegae.com/store/main.do?storeCd=SC00008	net-error	ENOTFOUND
schott japan	https://schott-nyc.jp/	net-error	ENOTFOUND
sometime soon	https://www.sometimesoon.com/	net-error	redirect count exceeded
tara and i	https://taraandi.com/	alive	200
skin ceremony	http://example.com/	net-error	ENOTFOUND
schmoove	https://www.schmoove.fr/	alive	200
piedro	https://www.piedro.com/	net-error	ENOTFOUND
ralph lauren	https://www.ralphlauren.com/	net-error	ENOTFOUND
sagrada bioskincare	https://sagradabioskincare.com/	alive	200
mehran	http://www.mehran.it/	net-error	ENOTFOUND
puffin gear	https://puffingear.com/	net-error	ENOTFOUND
satisfy	https://satisfyrunning.com/	net-error	ENOTFOUND
rumpl	https://www.rumpl.com/	alive	200
skincare junkie	http://www.skincarejunkie.com/	net-error	ENOTFOUND
peter millar	https://www.petermillar.com/	blocked	403
sabila skincare	https://sabilaskincare.com/	alive	200
sounder	https://soundergolf.com/	net-error	ENOTFOUND
nobell’	https://nobell-fashion.com/	net-error	ENOTFOUND
rack room shoes	https://www.rackroomshoes.com/	net-error	ENOTFOUND
réuni	https://reuni.com/	net-error	ENOTFOUND
see by chloé	https://www.chloe.com/us	net-error	ENOTFOUND
ra attire	https://raattire.com/	alive	200
sacred weaves	https://www.sacredweaves.com/	alive	200
oakouture	https://www.oakouture.com/	dns-dead	NXDOMAIN @1.1.1.1+8.8.8.8
peckham rye	https://peckhamrye.com/	net-error	ENOTFOUND
real fruit body	http://realfruitbody.com/	net-error	ENOTFOUND
schott nyc europe	https://www.schott-store.com/	net-error	ENOTFOUND
regen4d	https://regenskinusa.com/	net-error	ENOTFOUND
samuel hubbard	https://www.samuelhubbard.com/	net-error	ENOTFOUND
seenaya	http://seenaya.com/	net-error	ENOTFOUND
reiko	https://www.reikojeans.com/	net-error	ENOTFOUND
primitive house farm	http://primitivehousefarm.me/	net-error	ENOTFOUND
polarn o. pyret	https://www.polarnopyret.com/	alive	200
studio courtenay	https://studiocourtenay.com/	server-error	526
rowan grey	https://www.rowangrey.net/	net-error	ENOTFOUND
refresh skin therapy llc	https://www.refreshskintherapy.com/	net-error	ENOTFOUND
snap	https://www.snapclimbing.com/	alive	200
red is bad	https://www.redisbad.pl/	dns-flaky	timeout/servfail on both
ralf ringer	https://ralf.ru/	net-error	ENOTFOUND
splendid	https://www.splendid.com/	alive	200
relier81	https://relier81.stores.jp/	net-error	ENOTFOUND
petite studio	https://www.petitestudionyc.com/	net-error	ENOTFOUND
septwolves	http://www.septwolves.com/	alive	200
moskva	http://www.unimoscow.ru/	net-error	ENOTFOUND
senreve	https://www.senreve.com/	net-error	ENOTFOUND
ofra cosmetics	https://www.ofracosmetics.com/	net-error	ENOTFOUND
redemption	https://www.redemption.com/	alive	200
sleeper	https://the-sleeper.com/en	net-error	ENOTFOUND
spalding	https://www.spalding.com/	net-error	ENOTFOUND
roberto coin	https://robertocoin.com/	alive	200
rupert and buckley	http://www.rupertandbuckley.com/	tls-error	ERR_SSL_SSL/TLS_ALERT_HANDSHAKE_FAILURE
silent wave indigo	https://www.silentwaveindigo.com/	alive	200
romeo hunte	https://www.romeohunte.com/	net-error	ENOTFOUND
satya organic	https://satya.ca/	alive	200
rpnzl	http://rpnzlbeauty.com/	net-error	ENOTFOUND
penfield	http://penfield.com/	net-error	ENOTFOUND
rosemira organics	http://rosemira.com/	net-error	ENOTFOUND
sappo hill soapworks	http://www.sappohill.com/	alive	200
shahini fakhourie	https://shahinifakhourie.com/	net-error	ENOTFOUND
preen by thornton bregazzi	https://preenbythorntonbregazzi.com/	net-error	ENOTFOUND
silknsoak	http://www.silknsoak.com/	net-error	ENOTFOUND
raw color	https://www.rawcolor.nl/	alive	200
retrosuperfuture	https://retrosuperfuture.com/	net-error	ENOTFOUND
matteau	https://int.matteau-store.com/	alive	200
rossimoda	https://rossimoda.com/	net-error	ENOTFOUND
progetto quid	https://shop.progettoquid.com/	net-error	ENOTFOUND
seibu department stores	https://www.seibu.jp/	dns-dead	NXDOMAIN @1.1.1.1+8.8.8.8
ragwear	https://www.ragwear.com/	alive	200
robe di kappa	https://www.robedikappa.com/	net-error	ENOTFOUND
squishmallows fragrances	https://shop.jazwares.com/collections/squishmallows-fragrances	net-error	ENOTFOUND
outback ranch	https://outback-ranch21.square.site/	net-error	ENOTFOUND
rodan & fields	https://www.rodanandfields.com/	blocked	403
pit bull	https://pitbullstore.eu/	net-error	ENOTFOUND
the book club	https://tbceyewear.com/	net-error	ENOTFOUND
sandali siniscalchi	https://sandalisiniscalchi.com/	alive	200
studio 8 by phase eight	https://www.phase-eight.com/plus-size/	alive	200
qurc. amsterdam	https://www.qurc-amsterdam.com/	net-error	ENOTFOUND
sunday saint-tropez	https://sunday-saint-tropez.com/en/	net-error	ENOTFOUND
solluna by kimberly snyder	http://www.mysolluna.com/	alive	200
smith & canova	https://www.smithandcanova.co.uk/	net-error	ENOTFOUND
rené lezard	http://www.rene-lezard.com/	alive	200
spagnolo	https://www.spagnolo.es/	net-error	ENOTFOUND
reusch	http://www.reusch.com/	alive	200
piper & skye	https://www.piperandskye.com/	net-error	ENOTFOUND
soft gallery	https://www.softgallery.dk/	alive	200
mistervinas	https://mistervinas.com/	dns-dead	NXDOMAIN @1.1.1.1+8.8.8.8
rumisu	https://international.rumisu.com/	net-error	ENOTFOUND
rooted beauty	https://www.grove.co/rootedbeauty	net-error	ENOTFOUND
slater menswear	https://www.slaters.co.uk/	blocked	403
rains	https://www.rains.dk/	alive	200
sustain	https://www.sustain.nl/	tls-error	ERR_TLS_CERT_ALTNAME_INVALID
plantéa skincare	https://www.planteaskin.com/	net-error	ENOTFOUND
noonday collection	http://www.noondaycollection.com/	net-error	ENOTFOUND
pure atlanta	https://www.pureatlanta.com/	alive	200
spanx	https://www.spanx.com/	alive	200
piticas	https://piticas.com.br/	net-error	ECONNREFUSED
rielli	https://riellibrand.com/	net-error	ENOTFOUND
rivet utility	https://rivetutility.com/	http-dead	404
shinzone	https://shinzone.com/	net-error	ENOTFOUND
princess jewellery	https://princessjewellery.cz/	alive	200
plus ultra	https://liveplusultra.com/	net-error	ENOTFOUND
nouvelle compagnie des détergents et du savon de marseille	https://savon-de-marseille.com/	alive	200
rebecca vallance	https://www.rebeccavallance.com/	net-error	ENOTFOUND
pyrrha jewelry	http://www.pyrrha.com/	alive	200
shakti shanti	https://shaktishantiyogawear.com/	net-error	ENOTFOUND
suldn	https://suldn.com/	alive	200
one plane jane	https://oneplanejane.com/	net-error	UND_ERR_CONNECT_TIMEOUT
rive gauche	http://www.rivegauche.ru/	blocked	503
rocksbox	https://www.rocksbox.com/	net-error	ENOTFOUND
shoreditch ski club	https://shoreditchskiclub.com/	net-error	ENOTFOUND
riva mode	https://www.rivafashion.com/en/	alive	200
seasalt	https://www.seasaltcornwall.com/	alive	200
removery	https://removery.com/	net-error	ENOTFOUND
sly	https://sly.jp/	net-error	ENOTFOUND
soeder	https://en.soeder.ch/	tls-error	ERR_SSL_SSL/TLS_ALERT_HANDSHAKE_FAILURE
pound cake	https://poundcakecosmetics.com/	alive	200
schuhpark	https://www.schuhpark.de/	alive	200
terstal	https://www.terstal.nl/	alive	200
nothomme blue	https://nothomme.com/	net-error	ENOTFOUND
re-bello	https://www.re-bello.com/en/	http-dead	402
stenströms	https://stenstroms.com/en	http-dead	404
still nordic	https://www.stillnordic.com/	net-error	ENOTFOUND
sacred valley	https://sacredvalley.store/	dns-dead	NXDOMAIN @1.1.1.1+8.8.8.8
ripa ripa	https://riparipa.com/	net-error	ENOTFOUND
qubz	https://www.qubzclothing.com/	http-dead	404
rael	https://www.getrael.com/	alive	200
phosis	http://phosis.com/	net-error	ENOTFOUND
softhyphen	https://www.softhyphen.tokyo/	net-error	ENOTFOUND
raspberryplum	https://raspberryplum.com/	http-dead	402
sara battaglia	https://www.sarabattaglia.com/	net-error	ENOTFOUND
olove® skin	http://onelovebodysoul.com/	net-error	ENOTFOUND
riu paris	https://www.riuparis.fr/	alive	200
studio ditte	https://www.studioditte.nl/	net-error	ENOTFOUND
s.t. dupont	http://www.st-dupont.com/	alive	200
sprinjene natural toothpaste	http://www.sprinjene.com/	net-error	ENOTFOUND
prairie potions	http://www.prairiepotions.ca/	net-error	ENOTFOUND
protest	https://www.protest.eu/en/gb/	blocked	403
sea kind	http://www.sea-kind.com/	net-error	ENOTFOUND
spooge	https://spoogespf.com/	net-error	ENOTFOUND
pye shirts	http://www.pyeshirts.com/	net-error	ENOTFOUND
river woods	https://www.riverwoods.net/en/	alive	200
neo noir	https://www.neonoir.com/	net-error	ENOTFOUND
second female	https://www.secondfemale.dk/	net-error	ENOTFOUND
rip curl	https://www.ripcurl.com/	net-error	ENOTFOUND
orangeshine	https://www.orangeshine.com/	net-error	ENOTFOUND
rock point	https://www.rockpoint.cz/	net-error	ENOTFOUND
phenix	https://phenix.jp/en/	net-error	ENOTFOUND
swiss	https://www.swiss.com.pl/	alive	200
paul taylor	https://www.paultaylor.it/en/	alive	200
sinéad o’dwyer	https://sineadodwyer.com/	net-error	ENOTFOUND
tiger prints	https://www.tigerprints.co.uk/	net-error	ENOTFOUND
stein mart	https://www.steinmart.com/	alive	200
restorative botanicals	https://www.restorativebotanicals.com/	net-error	ENOTFOUND
qiaodan	https://www.qiaodan.com/	alive	200
shihara	https://www.shihara.com/	net-error	ENOTFOUND
pedal mafia	https://pedalmafia.cc/	net-error	ENOTFOUND
stevenson overall co.	https://soc-la.com/	alive	200
rich & hanc	https://www.richandhanc.com/	net-error	ENOTFOUND
softandwet	https://www.softandwetundies.com/	dns-dead	NXDOMAIN @1.1.1.1+8.8.8.8
ræburn	https://www.christopherraeburn.co.uk/	net-error	ENOTFOUND
saie beauty	http://saiehello.com/	net-error	ENOTFOUND
scye	https://scye.co.jp/	net-error	ENOTFOUND
simply9 designs	https://www.simply9designs.com/	dns-dead	NXDOMAIN @1.1.1.1+8.8.8.8
skin reserve	https://www.skinreserve.com/	alive	200
onelogy	https://onelogy.com/	net-error	ENOTFOUND
sun diego	https://sundiego.com/	net-error	ENOTFOUND
t7berlin	https://www.t7berlin.com/	alive	200
sheep inc	https://sheepinc.com/	alive	200
samo	https://www.samoshoes.com/	server-error	500
rialto jewelry	https://www.rialtojewelry.com/	net-error	ENOTFOUND
poya	https://www.poyaorganics.com/	net-error	ENOTFOUND
the society shop	https://www.thesocietyshop.com/	net-error	ENOTFOUND
rapha	https://www.rapha.cc/	alive	200
the not ok club	https://thenotokclub.com/	net-error	ENOTFOUND
superstainable	http://www.superstainable.com/	dns-dead	NXDOMAIN @1.1.1.1+8.8.8.8
serena uziyel	https://www.serenauziyel.us/	net-error	ENOTFOUND
relevant	https://thirteenlune.com/	net-error	ENOTFOUND
sachin & babi	https://www.sachinandbabi.com/	alive	200
opull'ence	https://www.opullence.com/	alive	200
solstice kids	https://www.solsticekids.com/	net-error	ENOTFOUND
religion	https://religionclothing.com/	net-error	ENOTFOUND
samantha pleet	https://samanthapleet.com/	alive	200
poshe	http://poshe.com/	alive	200
sarah sue design	https://www.sarahsuedesign.com/	alive	200
slvrlake	https://slvrlake-denim.com/	alive	200
oysho	https://www.oysho.com/	alive	200
sleeping with jacques	https://www.sleepingwithjacques.com/	alive	200
secrid	https://www.secrid.com/	net-error	ENOTFOUND
rvca	https://www.rvca.com/	net-error	ENOTFOUND
saucony	https://www.saucony.com/	net-error	ENOTFOUND
regarde le ciel	https://www.regardeleciel.com/	net-error	ENOTFOUND
raymar cosmetics	https://raymarcosmetics.com/	alive	200
sienna alexander	http://www.siennaalexander.com/	alive	200
schmückstück	https://www.schmueckstueck.de/	alive	200
pacsun	https://www.pacsun.com/	net-error	ENOTFOUND
okaïdi	https://okaidi.ge/	net-error	ENOTFOUND
opaque. clip	https://store.world.co.jp/s/brand/opaque-clip/	net-error	ENOTFOUND
purse king	https://purseking.com/	net-error	ENOTFOUND
suntegrity skincare	http://www.suntegrityskincare.com/	net-error	ENOTFOUND
sun bum	https://www.sunbum.com/	net-error	ENOTFOUND
safal kids	https://safalkids.ee/	net-error	ENOTFOUND
monala	https://monalashop.com/	alive	200
rachel k	http://www.rachelkcosmetics.com/	net-error	ENOTFOUND
triumph	https://triumph.com/	net-error	ENOTFOUND
sealand	https://sealandgear.com/	alive	200
sandra adrubau	https://sandraadrubau.com/	net-error	ENOTFOUND
parfums de marly	https://parfums-de-marly.com/	net-error	ENOTFOUND
snow+rock	https://www.snowandrock.com/	alive	200
tchai walla	https://tchaiwalla.fr/	dns-dead	NXDOMAIN @1.1.1.1+8.8.8.8
simonetta ravizza	https://www.simonettaravizza.com/	net-error	ENOTFOUND
soloptical	https://soloptical.net/	alive	200
redrew	https://www.redrewclothing.com/	net-error	ENOTFOUND
spitz	https://www.spitz.co.za/	net-error	ENOTFOUND
saje natural wellness	http://saje.com/	net-error	ENOTFOUND
save the queen	https://www.savethequeen.it/en/	http-dead	404
silver palace	https://shopsilverpalace.com/	tls-error	ERR_SSL_TLSV1_ALERT_INTERNAL_ERROR
st. claire natúrals	https://stclairenaturaljelly.com/	net-error	ENOTFOUND
pinalli	https://www.pinalli.it/	alive	200
reed	https://reedsportswear.com/collections/hides	net-error	ENOTFOUND
saba	https://www.saba.com.au/	alive	200
róhe	https://roheframes.com/	alive	200
scalpers	https://scalperscompany.com/	net-error	ENOTFOUND
ruby tuesday	http://www.rubytuesday.nl/	alive	200
rosalita mcgee	https://www.rosalitamcgee.com/shop/es/en/	http-dead	404
ramraj cotton	https://ramrajcotton.in/	net-error	ENOTFOUND
save the duck	https://www.savetheduck.it/	net-error	ENOTFOUND
ryłko	https://www.rylko.com/	net-error	ENOTFOUND
playtex	https://www.playtex.co.uk/	net-error	ENOTFOUND
twilfit	https://www.twilfit.se/	net-error	ENOTFOUND
rosetta getty	https://rosettagetty.com/	alive	200
rossi beauty	https://rossibeauty.com.ar/	alive	200
sacred rituel	http://www.sacredrituel.com/	alive	200
ripndip	https://ripndipclothing.com/	alive	200
sweaty betty	https://www.sweatybetty.com/	net-error	ENOTFOUND
stüssy	https://www.stussy.com/	alive	200
studio pough luxe	http://www.studiopough.com/	alive	200
pure magnolia	https://puremagnolia.ca/	net-error	ENOTFOUND
rouje	https://www.rouje.com/	net-error	ENOTFOUND
pyrrha	https://pyrrha.com/	alive	200
on parle de vous	https://www.onparledevous.fr/	net-error	ECONNREFUSED
starlight bags	https://www.starlightbags.com/	dns-flaky	timeout/servfail on both
solavida	http://solavida.com/	alive	200
tailored & originals	https://www.tailoredoriginals.com/en-en	net-error	ENOTFOUND
the smash society	https://thesmashsociety.com/	alive	200
tillys	https://www.tillys.com/	net-error	ENOTFOUND
müsli	https://www.greencottongroup.com/	alive	200
refresh botanicals	https://refreshbotanicals.com/	net-error	ENOTFOUND
re:sin	https://www.re-sin.com/	net-error	ENOTFOUND
meyba	https://www.meyba.com/en_GB/meyba-lifestyle.html	net-error	ENOTFOUND
toni lopez	https://tonilopezplata.com/	net-error	ENOTFOUND
sigikid	https://www.sigikid.de/	net-error	ENOTFOUND
tekkie town	https://tekkietown.co.za/	net-error	ENOTFOUND
sarni oro	https://www.sarnioro.it/	alive	200
saalt	https://saalt.com/	alive	200
ratio et motus	https://www.ratioetmotus.com/	net-error	ENOTFOUND
reistor	https://reistor.in/	net-error	ENOTFOUND
ponara	http://ponara.world/	net-error	ENOTFOUND
taïla	http://www.tailaskincare.com/	alive	200
salt & stone	https://www.saltandstone.com/	alive	200
salitaire	https://salitaire.com/	net-error	ENOTFOUND
soke	http://sokebeauty.com/	net-error	ENOTFOUND
rossi	https://rossi-fashion.com/	alive	200
schuback parfümerien	https://www.schuback-parfuemerien.de/	net-error	ENOTFOUND
scamp & dude	https://scampanddude.com/	alive	200
number (n)ine	https://n-nine.com/	net-error	ENOTFOUND
stephanie chehade	https://stephaniechehade.com.au/	alive	200
sepehr maghsoudi	https://sepehrmaghsoudi.com/	alive	200
pas normal studios	https://pasnormalstudios.com/	net-error	ENOTFOUND
santoni	https://www.santonishoes.com/it/	alive	200
nebbia	https://nebbia.fitness/	alive	200
sojanya	https://sojanya.com/	net-error	ENOTFOUND
pro 4	https://www.pro4.nl/	tls-error	DEPTH_ZERO_SELF_SIGNED_CERT
rowan	https://forrowan.com/	net-error	ENOTFOUND
sunday routine	http://www.sundayroutineskin.com/	net-error	ENOTFOUND
shekou	https://shekouwoman.com/	net-error	ENOTFOUND
refan	https://www.refan.bg/	net-error	ENOTFOUND
sorin	https://sorin.design/	alive	200
the middle daughter	https://themiddledaughter.co.uk/	net-error	ENOTFOUND
simmi	http://www.simmishoes.com/	net-error	ENOTFOUND
simple plan	https://simpleplanskincare.com/	net-error	ENOTFOUND
rick owens	https://www.rickowens.eu/	alive	200
reykjavik raincoats	https://www.reykjavikraincoats.com/	net-error	ENOTFOUND
ternua workwear	https://www.ternuagroup.com/en/workwear/	net-error	ENOTFOUND
seductive	https://seductive-pants.com/	alive	200
rubicon	https://www.rubicon-fashion.de/	net-error	ENOTFOUND
shirtmaster	https://shirtmaster.com/	net-error	ENOTFOUND
senjo color gmbh	https://senjo-color.de/	tls-error	ERR_SSL_TLSV1_ALERT_INTERNAL_ERROR
shop the flux	https://shoptheflux.com/	net-error	ENOTFOUND
sisters + seekers	https://www.sistersandseekers.com/	alive	200
roovia	https://roovia.com/	net-error	ENOTFOUND
psylo	https://psylofashion.com/	alive	200
sundara nails	https://sundaranails.com/	alive	200
sonela beauty	http://www.sonelabeauty.com/	alive	200
tsl	https://eshop.tslj.com/	net-error	UNABLE_TO_VERIFY_LEAF_SIGNATURE
roberto geissini	https://www.robertogeissini.de/	net-error	ENOTFOUND
san marina	https://sanmarina.fr/	net-error	ENOTFOUND
solit!	https://solit-japan.com/	alive	200
solvaderm	https://www.solvadermstore.com/	net-error	ENOTFOUND
renzo costa	https://www.renzocosta.com/	net-error	ENOTFOUND
takedown sportswear	https://takedownshop.com/	alive	200
tag socks	https://tagsocks.com/	alive	200
the leather store	https://www.theleatherstoreuk.com/	net-error	ENOTFOUND
skechers	https://www.skechers.com/	net-error	ENOTFOUND
the golden secrets	https://www.thegoldensecrets.com/	net-error	ENOTFOUND
spa organica	http://www.spa-organica.com/	alive	200
robeez	https://robeez.com/	net-error	ENOTFOUND
studio jux	https://studiojux.com/	dns-flaky	timeout/servfail on both
sievin jalkine	https://www.sievi.com/	net-error	ENOTFOUND
simple mama company	https://www.simplemamaco.com/	tls-error	ERR_SSL_SSL/TLS_ALERT_HANDSHAKE_FAILURE
modepark röther	https://www.modepark.de/	net-error	ENOTFOUND
reserva	https://www.usereserva.com/	alive	200
s u l t a n	https://www.sultan.si/shoes	dns-dead	NXDOMAIN @1.1.1.1+8.8.8.8
simmer clothing	http://simmerclothing.squarespace.com/	net-error	ENOTFOUND
sperry	https://www.sperry.com/	net-error	ENOTFOUND
september	https://www.septembertheline.com/	alive	200
styelle swim	https://www.styelleswim.com.au/	dns-dead	NXDOMAIN @1.1.1.1+8.8.8.8
pro optik	https://www.prooptik.de/	net-error	ENOTFOUND
smiths city	https://smithscity.co.nz/	alive	200
sydney brown	https://www.sydney-brown.com/	net-error	ENOTFOUND
smitten	https://www.smitten.de/	net-error	ENOTFOUND
skinbiosis plus	https://skinbiosisplus.com/	alive	200
timesie	https://timesie.com/	blocked	403
stoney creek	https://www.stoneycreek.co.nz/	alive	200
tbalance	https://www.tbalance.co.uk/	dns-dead	NXDOMAIN @1.1.1.1+8.8.8.8
ruhe	https://ruhestore.co.uk/	net-error	ENOTFOUND
runnings	https://www.runnings.com/	net-error	ENOTFOUND
sdress	https://sdress.com/	net-error	ENOTFOUND
sijo	https://sijohome.com/	alive	200
vatira	http://getvatira.com/	alive	200
shoesme	https://www.shoesme.nl/	blocked	403
thisisneverthat	https://thisisneverthat.com/	net-error	ENOTFOUND
ronda	http://www.ronda.ch/	alive	200
nourish organics	https://www.nourishorganic.com/	alive	200
spinster sisters co.	http://www.spinstersistersco.com/	net-error	ENOTFOUND
tati	https://www.tati.fr/	tls-error	CERT_HAS_EXPIRED
tomo & edie	https://tomoandedie.com/	alive	200
thebesttailor	https://www.thebesttailor.com/	dns-dead	NXDOMAIN @1.1.1.1+8.8.8.8
pig and hen	https://www.pigandhen.nl/	net-error	ENOTFOUND
the organic tshirt	https://www.theorganictshirt.com.au/	alive	200
shoe sensation	https://www.shoesensation.com/	net-error	ENOTFOUND
sanborns	https://www.sanborns.com.mx/	alive	200
sjolie	https://www.sjoliespraytan.com/	net-error	ENOTFOUND
rthvi	http://rthvi.com/	net-error	ENOTFOUND
sasta	https://sasta.fi/	net-error	ENOTFOUND
state & liberty clothing	https://stateandliberty.com/	net-error	ENOTFOUND
toscane	https://www.toscane-boutique.fr/	net-error	ENOTFOUND
sea ranch	https://www.searanch.dk/	alive	200
sabinna	https://www.sabinna.com/	alive	200
serge pariente	https://www.sergepariente.com/	net-error	ENOTFOUND
stefeno hats	https://stefenohats.com/	net-error	ENOTFOUND
thompson tee	https://thompsontee.com/	net-error	ENOTFOUND
seen	https://helloseen.com/index.html	net-error	ENOTFOUND
pixie	https://itspixie.com/	net-error	ENOTFOUND
solerebels	https://www.solerebels.com/	net-error	ENOTFOUND
titan tallow	https://titantallow.com/	net-error	ENOTFOUND
masala tee	http://www.masalateeboutique.com/	alive	200
sashapure	https://sashapurebeauty.com/	net-error	ENOTFOUND
natventure	https://natventure-store.com/	net-error	ENOTFOUND
ripley s.a.	http://www.ripley.com/	net-error	ENOTFOUND
salzen	https://www.salzen.com/	net-error	ENOTFOUND
scent fill	https://scentfill.com/	alive	200
petra design	https://www.petra.design/	tls-error	ERR_SSL_SSL/TLS_ALERT_HANDSHAKE_FAILURE
scofieldtacoma	https://www.etsy.com/shop/scofieldtacoma	blocked	403
sinar (clothing)	http://sinar.ru/	alive	200
studs	https://studs.com/	net-error	ENOTFOUND
studio ar	https://studio-ar.nl/	net-error	ENOTFOUND
vintique custom design	https://www.vintiquecustomdesign.com/	net-error	ENOTFOUND
organique by himalaya	http://himalayausa.com/	alive	200
purifect by symphony beauty	http://www.symphonybeauty.com/	alive	200
sheertex	https://www.sheertex.com/	net-error	ENOTFOUND
sofie schnoor	https://www.sofieschnoor.com/	net-error	ENOTFOUND
soapymania  inc.	http://soapymania.com/	alive	200
simplified skin	https://simplifiedskin.com/	alive	200
quotrell	https://quotrell.com/	net-error	ENOTFOUND
three graces	https://threegraceslondon.com/	alive	200
siglo xxi	https://www.joyeriasigloxxi.com/	alive	200
sistine	https://sistinesistine.com/	net-error	ENOTFOUND
sister	https://sisterthebrand.com/	net-error	ENOTFOUND
recover brands	https://recoverbrands.com/	alive	200
sprinter	https://www.sprintersports.com/	net-error	ENOTFOUND
recycledbags.co	https://www.recycledbags.co/	net-error	ENOTFOUND
siawear	https://siawear.com/	net-error	ENOTFOUND
polly wales	https://pollywales.com/	net-error	ENOTFOUND
sydney evan	https://sydneyevan.com/	net-error	ENOTFOUND
tervolina	https://tervolina.ru/	alive	200
tanuki denim	https://www.tanukijapan.com/	net-error	ENOTFOUND
saint laurent	https://www.ysl.com/	blocked	403
saki sweden	https://www.saki.se/	net-error	ENOTFOUND
t.h. baker	https://www.thbaker.co.uk/	net-error	ENOTFOUND
oky	https://us.okyofficial.com/	http-dead	404
the andamane	https://theandamane.com/	alive	200
tutu du monde	https://tutudumonde.me.uk/	net-error	ENOTFOUND
salt way botanicals	https://www.salt-way.com/	net-error	ENOTFOUND
scarpe&scarpe	https://scarpescarpe.it/	tls-error	ERR_TLS_CERT_ALTNAME_INVALID
scrubs & beyond	https://www.scrubsandbeyond.com/	net-error	ENOTFOUND
piʻi botanicals	http://piibotanicals.com/	net-error	ENOTFOUND
story mfg.	https://www.storymfg.com/	net-error	ENOTFOUND
shaina mote	https://shainamote.com/	net-error	ENOTFOUND
the library	https://www.the-lib.jp/brands/brands-women/brands-women-thelibrary/?sz=12%3Futm_source%3DGoodOnYou+App	net-error	ENOTFOUND
studio italy	https://www.studioitaly.de/	http-dead	404
south beach	https://www.southbeachofficial.com/	alive	200
tales of anyday	https://talesofanyday.com/	net-error	ENOTFOUND
semsons tech	https://www.semsonstech.com/	net-error	ENOTFOUND
prai beauty llc	http://www.praibeauty.com/	alive	200
sarvin	https://sarvin.co.uk/	alive	200
outhorn	https://us.outhorn.com/	alive	200
thinx	https://www.shethinx.com/	blocked	403
peppercorn	https://peppercorn-fashion.com/	net-error	ECONNREFUSED
rag & bone	https://www.rag-bone.com/	net-error	ENOTFOUND
rentrayage	https://rentrayage.com/	net-error	ENOTFOUND
tread & butter	https://treadandbutter.com/	http-dead	423
paddock's	https://www.paddocks-jeans.de/	http-dead	400
sleevey wonders	https://sleeveywonders.com/	alive	200
rototo	https://www.rototo.jp/collections/all	alive	200
ragyard	https://www.ragyard.com/	alive	200
saola shoes	https://www.saolashoes.com/	alive	200
satori wheels	https://www.satoriwheels.org/	http-dead	404
shakti.ism	https://shaktiism.com/	alive	200
solidus	https://www.solidus.info/	alive	200
philipp plein	https://www.plein.com/	net-error	redirect count exceeded
the ethical silk company	https://www.theethicalsilkco.com/?oid=136&affid=1&source_id=GoY-rating&sub1=brandpage	net-error	ENOTFOUND
sunski	https://www.sunski.com/	alive	200
schmidt's	http://schmidts.com/	net-error	ENOTFOUND
sproet & sprout	https://sproet-sprout.com/nl/	http-dead	404
target corporation	https://www.target.com/	alive	200
tendance parfums	https://www.tendance-parfums.com/	alive	200
schneiders	https://www.schneiders.com/	net-error	ENOTFOUND
skall studio	https://skallstudio.com/	alive	200
santos by monica	https://www.santosbymonica.com/	net-error	ENOTFOUND
merc	https://www.merc.com/	alive	200
rta	https://rtabrand.com/	net-error	ENOTFOUND
şahinler holding	http://www.sahinlerholding.com.tr/	alive	200
renew vintage	https://renewvintage.com/	net-error	ENOTFOUND
ted louise	https://tedlouise.com/	net-error	ENOTFOUND
the statement by sandra claire inc.	http://www.thestatementskincare.com/	net-error	ENOTFOUND
scarpa	https://www.scarpa.com/	alive	200
sneaky steve	https://www.sneakysteve.com/	alive	200
skin	https://skinworldwide.com/	net-error	ENOTFOUND
snö of sweden	https://www.snoofsweden.com/	alive	200
stroili	https://www.stroilioro.com/	net-error	ENOTFOUND
stadium	https://www.stadium.se/	alive	200
scotta 1985	https://scotta1985.com/	alive	200
roys of wroxham	http://www.roys.co.uk/	blocked	403
the fable	https://www.thefable.com.au/	alive	200
standard issue	https://www.standardissue.co.nz/	net-error	ENOTFOUND
sara sabella ischia	https://www.sarasabellaischia.com/	alive	200
tetiana k	https://www.tetianak.com/	blocked	403
sulwhasoo	https://www.sulwhasoo.com/kr/ko/	alive	200
stefan cooke	https://www.stefancooke.co.uk/	alive	200
soldini	https://calzaturificiosoldini.com/	alive	200
shkoura	https://shkoura.com/collections	net-error	ENOTFOUND
stieglitz	https://stieglitz.nl/	alive	200
seamsfriendly	https://seamsfriendly.com/?oid=278&affid=1&source_id=GoY-rating&sub1=brandpage	alive	200
santoro milan	https://santoromilan.com/	alive	200
seven7 jeans	https://seven7jeans.com/	net-error	ENOTFOUND
tos gallery design	https://www.tosgallery.nl/	net-error	ENOTFOUND
seis cosmetics	https://www.seiscosmetics.com/	alive	200
sherida's closet	https://sheridascloset.com/	alive	200
spica organics	https://spicaorganics.com/	alive	200
sakurano departmentstore	https://sakurano-dept.jp/	alive	200
rare london	https://www.rarelondon.com/	net-error	ENOTFOUND
root journey	http://rootjourney.com/	net-error	ENOTFOUND
solid & striped	https://www.solidandstriped.com/	alive	200
state of disarray	https://stateofdisarray.co.uk/	alive	200
reverie	http://gmreverie.com/	net-error	ENOTFOUND
sofie & jane	http://www.sofiejane.sk/	net-error	ENOTFOUND
stanton optical	https://www.stantonoptical.com/	alive	200
terracotta skincare	https://terracottaskincare.com/	alive	200
solvil et titus	http://www.solvil-et-titus.com/hk/en/	http-dead	404
sol bar	https://soleau-store.com/?_atid=IJAAAYO7AjoehFrL5f6KpPzqjIzSxu	alive	200
the potion studio	https://thepotionstudio.com/	net-error	ENOTFOUND
sekonda	http://www.sekonda.co.uk/	net-error	ENOTFOUND
trillion skincare	http://www.trillionskincare.com/	net-error	ENOTFOUND
the turkish towel company	https://turkishtowelcompany.com/product-category/towels/organic/	alive	200
sweer	https://www.swear.com.tw/	alive	200
the pearl source	https://www.thepearlsource.com/	alive	200
spa de soleil	http://spadesoleil.com/	alive	200
the shop tk	https://store.world.co.jp/s/brand/the-shop-tk/	net-error	ENOTFOUND
runners need	https://www.runnersneed.com/	alive	200
trilipiderm	https://trilipiderm.com/	net-error	ENOTFOUND
shoe4you	https://www.shoe4you.de/	net-error	ENOTFOUND
scout	https://scout-schoolbag.com/	net-error	ENOTFOUND
softclox	https://www.softclox.com/	net-error	ENOTFOUND
solmar	https://solmar-shop.pl/ua/	http-dead	404
susan's soaps & more	https://www.susansoaps.com/	alive	200
the beauty standard	https://klarandco.com/	net-error	ENOTFOUND
rodeo queen fine art	https://www.rodeoqueenfineart.com/	dns-dead	NXDOMAIN @1.1.1.1+8.8.8.8
vic matie	https://www.vicmatie.com/	alive	200
peony	https://www.peonyswimwear.com/	alive	200
three four time	https://threefourtime.jp/	net-error	ENOTFOUND
rkt hair care	https://rkthaircare.com/	net-error	ENOTFOUND
vakrata	https://vakrata.com/	dns-dead	NXDOMAIN @1.1.1.1+8.8.8.8
studio subtl	https://studiosubtl.com/	net-error	ENOTFOUND
tandhem neurocosmetics	https://tandhemneurocosmetics.com/	alive	200
rebels refinery	http://rebelsrefinery.com/	alive	200
the arrivals	https://thearrivals.com/	dns-dead	NXDOMAIN @1.1.1.1+8.8.8.8
sapopa	https://www.sapopa.com/	alive	200
spearmintlove	https://spearmintlove.com/	alive	200
sequoia	http://www.sequoiaparis.com/	net-error	ENOTFOUND
sass & bide	https://www.sassandbide.com/	net-error	ENOTFOUND
sport vision	https://www.sportvision.group/	alive	200
wells	https://wells.pt/	alive	200
scott barnes cosmetics	https://scottbarnes.com/	net-error	ENOTFOUND
so-le studio	https://so-le-studio.com/	net-error	ENOTFOUND
supermaggie	https://www.supermaggie.com/	alive	200
truskin naturals	http://truskin.com/	net-error	ENOTFOUND
studio anneloes	https://www.studioanneloes.nl/	net-error	ENOTFOUND
suzanne kalan	https://suzannekalan.com/	net-error	ENOTFOUND
signature cosmetics & fragrances	https://www.signaturecosmetics.co.za/	alive	200
sol angeles	https://www.sol-angeles.com/	alive	200
urban originals	https://uo.com.au/	net-error	ENOTFOUND
reign italia	https://www.reign.it/	net-error	ENOTFOUND
sacai	https://www.sacai.jp/	net-error	ENOTFOUND
spirit of kings	https://thespiritofkings.com/	net-error	ENOTFOUND
oberpollinger	https://www.oberpollinger.de/	net-error	UNABLE_TO_VERIFY_LEAF_SIGNATURE
shay & blue	https://www.shayandblue.com/	net-error	ENOTFOUND
sleepy jones	https://sleepyjonestyle.shop-pro.jp/	net-error	ENOTFOUND
ulanka	https://www.ulanka.com/	net-error	ENOTFOUND
shiwi	https://shiwi.com/	alive	200
the knotty ones	https://www.theknottyones.com/?oid=344&affid=1&source_id=GoY-rating&sub1=brandpage	alive	200
suit	https://www.suit.dk/	tls-error	ERR_SSL_SSL/TLS_ALERT_HANDSHAKE_FAILURE
the garment	https://thegarmentcopenhagen.com/	net-error	ENOTFOUND
stetson	https://scentbeauty.com/collections/stetson	net-error	ENOTFOUND
sōma sportswear	https://www.somasportswear.com/	net-error	ENOTFOUND
staccato	https://staccato.com.hk/	alive	200
sir.	https://sirthelabel.com/	net-error	ENOTFOUND
tin marin	https://tinmarinbrand.com/	net-error	ENOTFOUND
sh skincare	https://www.etsy.com/shop/StyleHouseHawaii?listing_id=951122520&from_page=listing	blocked	403
saints & sinners haircare	https://www.realsaintsandsinners.com/	net-error	ENOTFOUND
swear	https://www.swear-london.com/	net-error	ENOTFOUND
sand copenhagen	http://www.sandcopenhagen.com/	net-error	ENOTFOUND
saavi	https://saavilife.com/	tls-error	CERT_HAS_EXPIRED
scandinavian edition	https://www.scandinavianedition.com/	alive	200
sporty & rich	https://sportyandrich.com/	alive	200
snezhnaya koroleva	https://snowqueen.ru/	net-error	ENOTFOUND
shamballa jewels	https://www.shamballajewels.com/	net-error	ENOTFOUND
siacera	https://siacera.com/	alive	200
rockport	https://www.rockport.com/	alive	200
underground threads	https://undergroundthreads.com/	alive	200
urban industry	https://www.urbanindustry.co.uk/	alive	200
universal works	https://universalworks.co.uk/	alive	200
sockmate	https://sockmate.store/	net-error	ENOTFOUND
stefan brandt	https://stefanbrandt.com/	net-error	ENOTFOUND
skin aesthetics	https://klarandco.com/	net-error	ENOTFOUND
the sting	https://www.thesting.com/	net-error	ENOTFOUND
rudolf wöhrl ag	https://www.woehrl.de/	alive	200
sportmax	https://us.sportmax.com/	net-error	ENOTFOUND
three flowers	https://aiibeauty.com/	net-error	ENOTFOUND
tentree	https://www.tentree.com/?oid=134&affid=1&source_id=GoY-rating&sub1=brandpage	alive	200
shycloset	https://shycloset.com/	net-error	ENOTFOUND
stutterheim	https://stutterheim.com/	net-error	ENOTFOUND
spingle	https://www.spingle.jp/	net-error	ENOTFOUND
soule footwear	https://www.soule.in/	net-error	ENOTFOUND
stayreal	http://tw.istayreal.com/	alive	200
studio pia	https://www.studiopia.co.uk/	net-error	ENOTFOUND
underprotection	https://underprotection.eu/	net-error	ENOTFOUND
suelle	https://suelleboutique.com/	alive	200
rené rofé	https://www.renerofe.com/	net-error	ENOTFOUND
sister jane	https://sisterjane.com/	net-error	ENOTFOUND
swords rebel	https://www.swordsrebel.shop/	dns-dead	NXDOMAIN @1.1.1.1+8.8.8.8
ssōne	https://ssone.com/	dns-dead	NXDOMAIN @1.1.1.1+8.8.8.8
spitzbub	https://www.spitzbub.shop/	net-error	ENOTFOUND
td by true decadence	https://www.truedecadence.com/	alive	200
sarlini	https://www.sarlini.com/	net-error	ENOTFOUND
take haven	http://takehaven.com/	alive	200
truly lifestyle brand	http://www.trulylifestylebrand.com/	alive	200
skoringen	https://www.skoringen.no/	net-error	ENOTFOUND
root	https://root1887.shop/	alive	200
sportmaster	https://www.sportmaster.ru/	net-error	ENOTFOUND
soap distillery	http://www.soapdistillery.com/	alive	200
tatifurs	https://tatifurs.com/	alive	200
tanning shop	https://thetanningshop.co.uk/	alive	200
themoirè	https://www.the-moire.com/	alive	200
takko fashion	https://www.takko.com/	alive	200
tacori	http://www.tacori.com/	alive	200
skinners technologies	https://skinners.cc/	net-error	ENOTFOUND
tokyu department store  kichijoji	https://www.tokyu-dept.co.jp/kichijouji/index.html	net-error	ENOTFOUND
running room	https://www.runningroom.com/	net-error	ENOTFOUND
sou・sou	https://www.sousou.co.jp/	alive	200
unknown	https://unknownlondon.com/	net-error	ENOTFOUND
sportisimo	https://www.sportisimo.cz/	blocked	403
thistlescotch	http://tthistlesscotch.com/	http-dead	409
sapil	https://sapil.com/	alive	200
threaded pear	https://threadedpear.com/	net-error	ENOTFOUND
seabass	http://seabass-official.com/	net-error	ENOTFOUND
windsor	https://www.windsor.de/	net-error	ENOTFOUND
teluris	https://teluris.co/	net-error	ENOTFOUND
secndnture	https://secndnture.com/	net-error	ENOTFOUND
pop my way	https://popmyway.co.uk/?oid=14&affid=1&source_id=GoY-rating&sub1=brandpage	net-error	ENOTFOUND
underblue	https://www.underblue.net/	net-error	ENOTFOUND
re/done	https://shopredone.com/	alive	200
watson & wolfe	https://www.watsonwolfe.com/	alive	200
vitasana	https://thevitasana.com/	alive	200
silmäasema	https://www.silmaasema.fi/	net-error	ENOTFOUND
solara suncare  inc.	http://www.solarasuncare.com/	alive	200
studio 88	https://www.studio-88.co.za/	net-error	ENOTFOUND
sockwell	https://www.sockwellusa.com/	tls-error	CERT_HAS_EXPIRED
sorevna	http://www.sorevna.com/	alive	200
sogo	http://www.sogo-gogo.com/	dns-dead	NXDOMAIN @1.1.1.1+8.8.8.8
svea clothing	https://www.sveasvea.com/	net-error	ENOTFOUND
sans arcidet	https://sans-arcidet.fr/	net-error	ENOTFOUND
stokke	https://www.stokke.com/	net-error	ENOTFOUND
the ragged priest	https://theraggedpriest.com/	net-error	ENOTFOUND
snipes	https://www.snipes.fr/	net-error	ENOTFOUND
stella nova	https://www.stella-nova.dk/	net-error	ENOTFOUND
simetrie	https://simetrie.com.au/	alive	200
scentuals	http://www.scentuals.com/	net-error	ENOTFOUND
to be hawaii	http://www.tobehawaii.com/	alive	200
sweatblock	https://sweatblock.com/	alive	200
soft surroundings	https://www.softsurroundings.com/	alive	200
thakoon	https://thakoon.com/	tls-error	CERT_HAS_EXPIRED
thin lizzy	https://www.thinlizzy.co.nz/	net-error	ENOTFOUND
tru virtu	https://www.truvirtu.com/	alive	200
pure heart essentials	https://pureheartessentials.com/	alive	200
s.oliver	https://www.soliver.eu/	net-error	ENOTFOUND
smileactives	http://smileactives.com/	net-error	ENOTFOUND
stylethics	https://stylethicsto.com/	net-error	ENOTFOUND
sister organics	https://www.sisterorganics.co.uk/	alive	200
palmes	https://palmes.co/	net-error	ENOTFOUND
state of escape	https://www.stateofescape.com/	net-error	ENOTFOUND
showpo	https://www.showpo.com/us/	alive	200
sans complexe lingerie	https://www.sanscomplexe.com/	alive	200
sidas	https://www.sidas.com/	net-error	ENOTFOUND
trapstar	https://uk.trapstarlondon.com/	alive	200
shoppers world	http://www.shoppersworldusa.com/	net-error	ENOTFOUND
skoki	https://www.skokico.com/	dns-dead	NXDOMAIN @1.1.1.1+8.8.8.8
the kaatn trail	https://thekaatntrail.com/	net-error	ENOTFOUND
shilton	https://www.shilton.fr/	net-error	ENOTFOUND
toni pons	https://tonipons.nl/	alive	200
uyn sports	https://uynsports.com/	net-error	ENOTFOUND
vhues beauty	https://vhues.ca/	net-error	ENOTFOUND
ourside	https://www.ourside.nyc/	net-error	ENOTFOUND
saint club	http://thesaint.club/	alive	200
solito scarfs	https://www.solito.eu/	net-error	ENOTFOUND
supply & demand	https://www.supplyanddemand.co.uk/	net-error	ENOTFOUND
revolve	http://www.revolveclothing.com.au/	net-error	ENOTFOUND
rosantica	https://www.rosantica.com/	alive	200
typo	https://www.typo.com/	net-error	ENOTFOUND
sock atomica	https://sockatomica.com/en-fr	alive	200
superbloom	https://www.grove.co/beauty/story/superbloom/	net-error	ENOTFOUND
the vintage store	https://thevintagestore.uk/	net-error	ENOTFOUND
treehut	https://treehut.co/	alive	200
the hub	https://hub.co.za/	net-error	ENOTFOUND
rieker	https://www.rieker.com/	net-error	ENOTFOUND
vanacci	https://vanacci.com/	net-error	ENOTFOUND
vanina	https://vanina.me/	net-error	ENOTFOUND
tobias & the bear	https://www.tobiasandthebear.com/	http-dead	402
skipper bar	https://www.skipperbar.co.za/	http-dead	406
soapply	https://soapplybox.com/	alive	200
sobagni	https://sobagni.jp/	blocked	403
upwear	https://upwearapparel.com/shop-now/	http-dead	404
tree of life	https://www.treeoflife.com.au/	net-error	ENOTFOUND
st95	https://st95.com/	net-error	ENOTFOUND
xxzxx	http://www.xxzxxvip.com/	net-error	UND_ERR_SOCKET
the victorian garden organic skincare company	http://www.thevictoriangarden.co.za/	net-error	ENOTFOUND
uptown studio designs	https://uptownstudiodesign.com/	dns-dead	NXDOMAIN @1.1.1.1+8.8.8.8
sorella organics	https://sorellaorganics.com.au/?oid=27&affid=1&source_id=GoY-rating&sub1=brandpage	net-error	ENOTFOUND
the bar	https://the--bar.com/	net-error	ENOTFOUND
totémica	https://totemicabeauty.com/	net-error	ENOTFOUND
smrk	http://www.smrkwrld.com/	net-error	ENOTFOUND
thyli	https://thyli.com/	net-error	ENOTFOUND
tindi	https://maureentindi.com/	tls-error	CERT_HAS_EXPIRED
taifun	https://www.gerryweber.com/en-eu/brands/taifun/	http-dead	404
sylhouette parfums	https://sylhouetteparfums.com/	net-error	ENOTFOUND
swiat zlota	https://swiatzlotasklep.pl/	blocked	503
sundry	https://sundryclothing.com/	net-error	ENOTFOUND
seventy + mochi	https://www.seventymochi.com/	net-error	ENOTFOUND
riani	https://www.riani.com/	net-error	ENOTFOUND
uchino	https://uchino.shop/	net-error	ENOTFOUND
sirens & starlight	https://www.sirensandstarlight.com/	net-error	ENOTFOUND
spooq	https://www.spooqthelabel.com/	alive	200
taygra shoes	https://www.taygra.shoes/	alive	200
unfrosen	https://www.unfrosen.com/	net-error	ENOTFOUND
sub_urban riot	https://www.suburbanriot.com/	alive	200
tom ford	https://www.tomford.com/	alive	200
sorbino	https://www.sorbino.com/en/	net-error	ENOTFOUND
stighlorgan	https://www.stighlorgan.com/	net-error	ENOTFOUND
terre bleue	https://www.terrebleue.be/	net-error	ENOTFOUND
triple2	https://triple2.de/	net-error	ENOTFOUND
uncs	https://www.uncs.eu/en/	net-error	ENOTFOUND
snif	https://snif.co/	net-error	ENOTFOUND
scuola nautica italiana	https://www.scuolanauticaitaliana.com/	alive	200
siksilk	https://siksilk.com/	alive	200
swiss military hanowa	https://swissmilitary.ch/	net-error	ENOTFOUND
the perfume garden	https://www.perfumegarden.co.za/	alive	200
takeo kikuchi	https://store.world.co.jp/s/brand/takeo-kikuchi/	net-error	ENOTFOUND
square-up	https://www.square-up.fr/	alive	200
sita murt	https://www.sitamurt.com/	net-error	ENOTFOUND
standard procedure	https://standardprocedure.com/	net-error	ENOTFOUND
sportscene	https://www.sportscene.co.za/	net-error	ENOTFOUND
skylar body	https://skylarbody.com/	net-error	ENOTFOUND
namacheko	https://www.namacheko.com/	net-error	ENOTFOUND
socksss	https://www.socksss.com/	net-error	ENOTFOUND
natalys	https://www.natalys.com/	alive	200
skims	https://skims.com/	alive	200
top to bottom	https://ttbfashion.com/	net-error	ENOTFOUND
the shirtmakers	http://www.theshirtmakers.com/	net-error	ENOTFOUND
taka-q	https://online.taka-q.jp/shop/brand/taka-q/	net-error	ENOTFOUND
tresse paris	https://www.tresseparis.com/	net-error	ENOTFOUND
sinner	https://www.sinner.eu/	alive	200
smitten merino	https://www.smittenmerino.com/	alive	200
shimamura	https://www.shimamura.gr.jp/	alive	200
sophie & eve	https://www.figure8moms.com/d/sophie-and-eve	alive	200
the linen company	https://www.thelinen.co/	net-error	ENOTFOUND
technomarine	https://www.technomarine.com/	alive	200
stella cadente	http://www.stella-cadente.com/	net-error	ENOTFOUND
queen mum	https://www.noppies.com/en-uk/queen-mum/	http-dead	404
sumigi	https://shop.sumi-gi.com/	net-error	ENOTFOUND
sevenoneseven	https://www.seven-one-seven.com/	alive	200
tattoo numbing cream co.	https://tattoonumbingcream.com/	net-error	ENOTFOUND
reigning champ	https://reigningchamp.com/	alive	200
sukkhacitta	https://www.sukkhacitta.com/?oid=275&affid=1&source_id=GoY-rating&sub1=brandpage	alive	200
sardine clothing company	https://sardineclothing.com/	alive	200
sandra smith	https://shopsandrasmith.com/	net-error	ENOTFOUND
rini	https://heyrini.com/	alive	200
status anxiety	https://www.statusanxiety.com.au/	net-error	ENOTFOUND
seventy two changes	http://www.truthandpride.com/	dns-flaky	timeout/servfail on both
uno due	https://www.unodue.nl/	tls-error	ERR_SSL_TLSV1_UNRECOGNIZED_NAME
zanone	https://www.farfetch.com/uk/shopping/women/zanone/items.aspx	alive	200
strenesse	http://www.strenesse.com/	net-error	ENOTFOUND
smashed lemon	https://www.smashed-lemon.com/	alive	200
spendless shoes	https://www.spendless.co.nz/	net-error	ENOTFOUND
still meadow farm soaps and sundries	https://www.squareup.com/store/still-meadow-farm-soaps-and-sundries	net-error	ENOTFOUND
stylenanda	http://www.stylenanda.com/	net-error	ENOTFOUND
vacheron constantin	https://www.vacheron-constantin.com/	alive	200
suri frey	https://www.surifrey.com/	net-error	ENOTFOUND
thread domain	https://threaddomain.com/	alive	200
true nature skincare	https://www.symphonybeauty.com/true-nature-skincare/	alive	200
somebody	http://www.shopsomebody.com/	alive	200
soko	https://www.shopsoko.com/	net-error	ENOTFOUND
von zipper	https://us.vonzipper.com/	net-error	ENOTFOUND
xti	https://xti.es/	net-error	ENOTFOUND
sabina musáyev	https://sabinamusayev.com/	alive	200
spinns	https://www.spinns.jp/	net-error	ENOTFOUND
teenmix	https://www.teenmix.com.cn/	alive	200
sarelly beauty	https://sarelly.com/	alive	200
up & running	https://www.upandrunning.co.uk/	alive	200
switer	https://www.switer.com.tw/	alive	200
topvalu	https://www.topvalu.net/items/category/200000000/	http-dead	404
soul flower	https://www.soul-flower.com/	alive	200
the handmade soap company	http://www.thehandmadesoapcompany.ie/	alive	200
street shoes	https://www.street-shoes.com/	net-error	ENOTFOUND
stunning lure	https://stun-l.com/	net-error	ENOTFOUND
unit 1	https://unit1gear.com/	net-error	ENOTFOUND
spiral bags	https://www.spiraluk.com/	net-error	ENOTFOUND
the white stripes tailors and shirtmakers	https://whitestripes-tailoring.com/	alive	200
seegarn	https://seegarn.de/	alive	200
tokio inkarami	http://www.wikidata.org/.well-known/genid/ffbf3c0e54c07fbcce1bc8cba8cd3bc0	net-error	ENOTFOUND
thousand fell	https://www.thousandfell.com/	alive	200
soshe beauty	http://soshebeauty.com/	net-error	ENOTFOUND
the bubble collection	https://www.thebubblecollection.com/	net-error	ENOTFOUND
tie rack	https://www.draegerparis.com/pages/accueil-tie-rack	net-error	ENOTFOUND
sela	https://sela.ru/	net-error	ENOTFOUND
saddler	https://www.saddler.com/	alive	200
songshanmiandian	http://ssmd.cn/	alive	200
vyalure	http://vyalure.com/	alive	200
the suss edit	https://thesussedit.com/	net-error	ENOTFOUND
the q collection	https://carolynquan.com/clothing/	http-dead	404
vargu	https://www.vargu.com/	net-error	ENOTFOUND
snowe	https://snowehome.com/	net-error	ENOTFOUND
tanaka	https://www.tanakanytyo.com/	net-error	ENOTFOUND
texture clothing company	https://textureclothing.in/	alive	200
trendy	https://www.maquillajetrendyshop.com/	net-error	ENOTFOUND
sportscheck	https://www.sportscheck.com/	net-error	ENOTFOUND
valani	https://www.valani.com/	alive	200
spectra fine jewelry	https://www.spectrafinejewelry.com/	net-error	ENOTFOUND
whitney bowe	http://drwhitneybowe.com/	net-error	ENOTFOUND
the korner	https://www.thekorner.fr/	net-error	ENOTFOUND
top secret	https://topsecret.pl/	net-error	ENOTFOUND
turtledove	https://www.turtledovelondon.com/	dns-dead	NXDOMAIN @1.1.1.1+8.8.8.8
wilson	https://www.wilson.com/	blocked	403
tuikauri	https://tuikauri.com/	net-error	ENOTFOUND
summersalt	https://www.summersalt.com/	alive	200
tim van steenbergen	https://timvansteenbergen.com/	net-error	ENOTFOUND
sugarbird	https://sugarbird.com/	alive	200
oetzi	http://oetzi.com.cn/	net-error	ENOTFOUND
reprise	https://www.repriseactivewear.com/	net-error	ENOTFOUND
terminal x	https://www.terminalx.com/	alive	200
souldaze	http://www.souldazecollection.com/	net-error	ENOTFOUND
tamga designs	https://www.tamgadesigns.com/	http-dead	402
tzoma	https://www.tzoma.com/	alive	200
spartoo	https://www.spartoo.net/	alive	200
six gldn	http://www.sixgldn.com/	alive	200
wondergloss	http://www.wondergloss.com/	net-error	ENOTFOUND
the good tee	https://www.thegoodtee.com/	http-dead	404
woman within	https://www.womanwithin.com/	http-dead	433
ultraceuticals	https://www.ultraceuticals.com.au/	net-error	ENOTFOUND
sophie bille brahe	https://sophiebillebrahe.com/	net-error	ENOTFOUND
stitches	https://urban-planet.com/pages/stitches	http-dead	404
the hooded hare	https://thehoodedhare.com/	alive	200
tzol'skin	https://tzolskin.com/	alive	200
west49	http://www.west49.com/	net-error	ENOTFOUND
shirin nyc	https://www.shirinnyc.com/	net-error	ENOTFOUND
timberland	https://www.timberland.de/	net-error	ENOTFOUND
viable vegans	https://www.viablevegans.com/	net-error	ENOTFOUND
the spotted quoll studio	https://thespottedquoll.com.au/	net-error	ENOTFOUND
tretorn	https://www.tretorn.com/	net-error	ENOTFOUND
t.m. lewin	https://tmlewin.co.uk/	net-error	ENOTFOUND
uncommon beauty	https://uncommonjames.com/pages/beauty	alive	200
the quartermaster	https://www.thequartermaster.it/	net-error	ENOTFOUND
style fashion	https://stylefashion.co.za/	net-error	ENOTFOUND
uyn	http://uynsports.com/	net-error	ENOTFOUND
tricoci skin	http://tricoci.com/	net-error	ENOTFOUND
vera wang	https://www.verawang.com/	net-error	ENOTFOUND
three floor	https://www.threefloor.com/	net-error	ECONNRESET
the sclpt co	https://thesclptco.com/	alive	200
utrano	https://www.utrano.com/	net-error	ENOTFOUND
we rock.	https://www.werock.store/	dns-dead	NXDOMAIN @1.1.1.1+8.8.8.8
studio eva d.	https://www.studioevad.com/	net-error	ENOTFOUND
robel	https://www.robel.sk/	net-error	ENOTFOUND
tlczm	https://www.houseoftlczm.com/	dns-dead	NXDOMAIN @1.1.1.1+8.8.8.8
toswim	http://www.toswim.com/	alive	200
tredy fashion	https://www.tredy-fashion.de/	alive	200
tamaris	https://www.tamaris.com/	net-error	ENOTFOUND
shielded beauty	https://shieldedbeauty.com/	alive	200
the unbranded brand	https://theunbrandedbrand.com/	net-error	ENOTFOUND
the sleep shirt	https://www.thesleepshirt.com/	net-error	ENOTFOUND
tonsure	https://www.tonsure.eu/	net-error	ENOTFOUND
solluni	http://www.solluni.com/	net-error	ENOTFOUND
tommy hilfiger	https://www.tommy.com/	net-error	ENOTFOUND
storm & marie	https://www.stormandmarie.com/	net-error	ENOTFOUND
rjsebastian	https://www.rjsebastian.net/	dns-dead	NXDOMAIN @1.1.1.1+8.8.8.8
tanner goods	https://www.tannergoods.com/	alive	200
tuscany leather	https://www.tuscanyleather.it/en/	alive	200
walveey	https://www.walveey.com/	dns-dead	NXDOMAIN @1.1.1.1+8.8.8.8
po:dl	https://podl.co.kr/	net-error	ENOTFOUND
the utilikilts company	https://www.utilikilts.com/	blocked	403
timex group usa	https://www.timex.com/	net-error	ENOTFOUND
sük workwear	https://sukworkwear.com.au/	alive	200
the elder statesman	https://elder-statesman.com/	net-error	ENOTFOUND
stephieann	https://www.stephieanndesign.com/	alive	200
thor steinar	http://www.thorsteinar.de/	alive	200
toni brattin hair fabulous	http://tonibrattin.com/	net-error	ENOTFOUND
spa sense	https://www.amazon.com/Spa-Sense-Plant-Derived-Eucalyptus-Shower/dp/B08N838H88/ref=sr_1_1?crid=2X7GON60DJSV8&keywords=spa+sense&qid=1647470886&sprefix=spa+se%2Caps%2C168&sr=8-1	net-error	ENOTFOUND
sorelle fontana	http://www.sorellefontana.com/	net-error	ENOTFOUND
vertmax design	https://vertmaxdesign.com/	dns-dead	NXDOMAIN @1.1.1.1+8.8.8.8
tivoli	https://www.tivoliclothing.com/	net-error	ENOTFOUND
sigotto uomo	https://www.sigotto.com/	net-error	ENOTFOUND
qmbeautique	https://www.qmbeautique.ca/	net-error	ENOTFOUND
think!	https://www.thinkshoes.com/	net-error	ENOTFOUND
tilt beauty	https://tiltbeauty.com/	net-error	ENOTFOUND
xo facecare	http://www.xotreatmentroom.com/	alive	200
thought	https://www.wearethought.com/	net-error	ENOTFOUND
silq rose	https://silqrose.com/	net-error	ENOTFOUND
wander beauty	https://www.wanderbeauty.com/	alive	200
wahts	https://www.wahts.com/	net-error	ENOTFOUND
the glade	https://theglade.com.au/?oid=306&affid=&source_id=GoY-rating&sub1=brandpage	net-error	ENOTFOUND
sporting life	https://www.sportinglife.ca/	net-error	ENOTFOUND
tenerita	https://www.tenerita.com/shop/default.aspx	alive	200
rodo	https://uk.rodo.it/	tls-error	ERR_SSL_SSL/TLS_ALERT_HANDSHAKE_FAILURE
tibi	http://www.tibi.com/	net-error	ENOTFOUND
sunflower	https://www.hellosunflower.com/	net-error	ENOTFOUND
studio noos	http://www.studionoos.com/	net-error	ENOTFOUND
vintner's daughter	http://www.vintnersdaughter.com/	net-error	ENOTFOUND
three peaks clothing	https://www.threepeaksclothing.com/	dns-dead	NXDOMAIN @1.1.1.1+8.8.8.8
wolverine	https://www.wolverine.com/	alive	200
tarte  inc.	http://tartecosmetics.com/	alive	200
takahiromiyashita the soloist	https://the-soloist.net/	alive	200
yanga	http://www.yanga.com/	net-error	ENOTFOUND
twinlife	https://www.twinlife.com/	net-error	ENOTFOUND
wesc	https://www.wesc.uk/	net-error	ENOTFOUND
silou	https://siloulondon.com/	http-dead	402
ultimate direction	https://ultimatedirection.com/	alive	200
the blue suit	https://www.thebluesuit.ch/	server-error	530
timex	https://www.timex.com/	net-error	ENOTFOUND
simone rocha	https://simonerocha.com/	net-error	ENOTFOUND
sugarbearpro	https://sugarbearpro.com/	net-error	ENOTFOUND
smashbox	https://www.smashbox.com/	net-error	ENOTFOUND
swofcare	https://www.swofcare.com/	alive	200
suzusan	https://suzusan-shibori.com/	net-error	ENOTFOUND
skin by regen	http://www.regenrus.com/	alive	200
tonno panna	https://tonno-panna.de/	net-error	ENOTFOUND
pop bag usa	https://popbagusa.com/	net-error	ENOTFOUND
trvl drss	https://www.zenggi.com/trvldrss	alive	200
yoi	https://drhc-cosmetics.com/pages/yoi	net-error	ENOTFOUND
tatuum	https://www.tatuum.com/	blocked	403
withblack	https://www.withblack.com/	alive	200
the crafty bird	https://www.thecraftybird.co.uk/	net-error	ENOTFOUND
vercelli	https://www.lvdishop.com/	dns-dead	NXDOMAIN @1.1.1.1+8.8.8.8
remain	https://www.remainbirgerchristensen.com/	timeout	
ulta beauty	https://www.ulta.com/	alive	200
ulvang	https://www.ulvang.com/	blocked	503
ulook	http://www.ulookcosmetics.com/	net-error	ENOTFOUND
wildflower aftercare	https://wildfloweraftercare.com/	alive	200
switch2pure	https://mdblend.com/	net-error	ENOTFOUND
seche	http://seche.com/	alive	200
street called madison	https://www.streetcalledmadison.com/	net-error	ENOTFOUND
wibes	https://wibes-store.com/	alive	200
unisa europa	https://www.unisa-europa.com/	alive	200
thialh	http://www.thialh.com/	net-error	ENOTFOUND
studio r330	https://r330.jp/	net-error	ENOTFOUND
urlazh	https://urlazhny.com/	net-error	ENOTFOUND
that good good shea	https://thatgoodgoodshea.com/	alive	200
walking on a cloud	https://www.walkingonacloud.com/	blocked	403
usedlux	https://www.ebay.co.uk/str/UsedLux	alive	200
unfair athletics	https://www.unfairathletics.com/	alive	200
walk heart espadrilles	https://walkheart.org/	tls-error	ERR_TLS_CERT_ALTNAME_INVALID
wasted paris	https://wasted.fr/en/	alive	200
team sportia	https://www.teamsportia.se/	net-error	ENOTFOUND
prakti	https://praktibeauty.com/	net-error	ENOTFOUND
voodoo makeup	http://voodoomakeup.com/	net-error	ENOTFOUND
von&zu	https://von-zu.de/	alive	200
wal & pai	https://walandpaifootwear.com/	dns-dead	NXDOMAIN @1.1.1.1+8.8.8.8
tali and tasi	https://www.tasitravels.com/?oid=133&affid=1&source_id=GoY-rating&sub1=brandpage	dns-dead	NXDOMAIN @1.1.1.1+8.8.8.8
wolford	https://www.wolford.com/	net-error	ENOTFOUND
stefano branchini	https://www.branchinishoes.com/	net-error	ENOTFOUND
woolf outdoor	https://woolf.store/	alive	200
selfast	https://shop.selfast.co.za/	net-error	ENOTFOUND
teen fashion	https://teenfashionstore.com/	net-error	ENOTFOUND
traki	https://home.traki.com/	net-error	ENOTFOUND
tartine et chocolat	https://www.tartine-et-chocolat.com/	net-error	ENOTFOUND
terrevera	https://terrevera.com/	alive	200
tennen	https://tennengood.com/	net-error	ENOTFOUND
the social studio	https://www.thesocialstudio.org/	net-error	ENOTFOUND
the bar a soap company  llc	http://thebarsoapco.com/	alive	200
prime shoes	https://www.prime-shoes.com/	alive	200
yeshua skin cosmetics	https://www.yeshuaskin.ca/yeshua-skin-cosmetics	net-error	ENOTFOUND
top3 shoes	https://www.top3shoes.com/	net-error	ENOTFOUND
waterlust	https://waterlust.com/	net-error	ENOTFOUND
rhone	https://www.rhone.com/	blocked	403
specsavers	https://www.specsavers.nl/	blocked	403
talbots	https://www.talbots.com/	net-error	ENOTFOUND
ul:kin	https://ulkin.co.kr/	net-error	ENOTFOUND
sagebrush surf bags	https://sagebrushbags.com/	net-error	ENOTFOUND
sportspower	https://www.sportspower.com.au/	alive	200
tally weijl	https://www.tally-weijl.com/	alive	200
triangl	https://triangl.com/	net-error	ENOTFOUND
the gift label	https://www.lyn-n.com/	net-error	ENOTFOUND
therapina	http://therapina.com/	net-error	ENOTFOUND
usaflex	https://www.usaflex.com.br/	alive	200
rs sports	https://rs-sports.com/global/	net-error	ENOTFOUND
the fragrance world	https://thefragranceworld.co.uk/	blocked	403
viscata	https://www.viscata.com/	alive	200
stems	https://stems.luxury/	net-error	ENOTFOUND
prymora	https://www.prymora.com/	alive	200
unreal fur	https://www.unrealfur.com/	alive	200
tresor	https://tresorjewelspk.com/	http-dead	402
tif tiffy denmark	https://tiftiffy.com/	http-dead	404
touché privé	https://toucheprive.com/	net-error	ENOTFOUND
småfolk	https://www.smafolk.dk/	net-error	ENOTFOUND
terra dea	https://www.terradea.com.au/	http-dead	404
strange & twisted	https://www.strangeandtwisted.com/	alive	200
true body	http://www.thhcp.com/	net-error	ENOTFOUND
syncs.earth	https://syncs-earth.com/en	alive	200
state of change	https://stateofchangeparfum.com/	alive	200
zepter cabinet	https://www.zeptercabinet.com/	net-error	ENOTFOUND
trebius valens	http://www.trebiusvalens.com/	net-error	ENOTFOUND
tuhkana swimwear	http://www.tuhkana.com/	alive	200
trophycatch supply	https://trophycatch.supply/	http-dead	423
soso swim	https://www.sososwim.com/	alive	200
the forest clothing	https://theforestclothing.com/	alive	200
sum of all	http://www.sumofall.com/	alive	200
pour les femmes	https://plfdreams.com/	net-error	ENOTFOUND
the manchester shop	https://www.themanchestershop.co.uk/	alive	200
the original muck boot company	https://muckbootcompany.co.uk/	net-error	ENOTFOUND
tike studio	https://www.tikestudio.com/he/home	dns-dead	NXDOMAIN @1.1.1.1+8.8.8.8
phlur	https://phlur.com/	blocked	403
uncle studios	https://unclexstudios.com/	net-error	ENOTFOUND
trands	http://www.trands.com/	net-error	ENOTFOUND
tolu coker	https://tolucoker.com/	http-dead	404
umbrella ink merch	https://www.ebay.com.au/str/umbrellainkmerch	http-dead	410
souliers martinez	http://www.souliersmartinez.com/	net-error	ENOTFOUND
tweak'd by nature	https://www.tweak-d.com/	net-error	ENOTFOUND
under armour	https://www.underarmour.com/	http-dead	418
rapisardi	https://www.nrrapisardi.it/	net-error	ECONNRESET
twisted tailor	https://www.twistedtailor.com/	alive	200
taschendieb wien	https://www.taschendieb-wien.com/	alive	200
terns	http://terns.com/	net-error	ENOTFOUND
tommy bahama	https://www.tommybahama.com/	net-error	ENOTFOUND
sound fragrances	https://www.soundfragrances.com/	net-error	ENOTFOUND
svitanak	https://svitanak.by/	net-error	ENOTFOUND
stance	https://www.stance.com/	net-error	ENOTFOUND
the shoe company	https://www.theshoecompany.ca/	net-error	ENOTFOUND
thalé blanc	https://thaleblanc.com/	net-error	ENOTFOUND
tiny twig	https://tinytwig.com.au/	net-error	ENOTFOUND
teddy smith	https://www.teddy-smith.com/	net-error	ENOTFOUND
tanishq	https://www.tanishq.co.in/	blocked	403
xandres	https://www.xandres.com/	alive	200
the fragrance shop	https://www.thefragranceshop.co.uk/	net-error	ENOTFOUND
ungrid	https://ungrid.jp/	net-error	ENOTFOUND
volcom	https://www.volcom.com/	alive	200
tag heuer	https://www.tagheuer.com/	net-error	ENOTFOUND
vita grace	https://vitagrace.co.uk/	net-error	ENOTFOUND
sustain by kat	https://sustainbykat.com/?oid=263&affid=1&source_id=GoY-rating&sub1=brandpage	net-error	ENOTFOUND
versed	http://www.versedskin.com/	net-error	ENOTFOUND
silken favours	https://silkenfavours.com/	net-error	ENOTFOUND
tanni	http://www.tanni.com/	dns-dead	NXDOMAIN @1.1.1.1+8.8.8.8
suzy shier	https://suzyshier.com/	alive	200
pertini	https://www.pertini.es/	net-error	ENOTFOUND
yd.	https://www.yd.com.au/nz	alive	200
the creative bag company	https://thecreativebagcompany.com/	dns-dead	NXDOMAIN @1.1.1.1+8.8.8.8
tropic skincare	http://www.tropicskincare.com/	alive	200
the recycled planet	https://therecycledplanetco.com/	net-error	ENOTFOUND
terra thread	https://www.terrathread.com/	net-error	ENOTFOUND
wa:it	https://www.waitbotanicamente.com/	net-error	ENOTFOUND
yoak	https://store.yoaktokyo.com/	alive	200
unaloe	https://www.unaloe.it/	alive	200
world hair and skin	http://world.ca/	net-error	ENOTFOUND
skiny	https://www.skiny.com/	alive	200
true tribe	https://truetribe.paris/	alive	200
ultras sportswear	https://ultras.com/	alive	200
saint e	https://saint-e.world/	dns-dead	NXDOMAIN @1.1.1.1+8.8.8.8
vestal watches	http://www.vestalwatch.com/	alive	200
vishes design gmbh	https://shop.vishes.de/	net-error	ENOTFOUND
unravel project	https://www.bentavernitiunravelproject.com/	dns-flaky	timeout/servfail on both
venezia	https://www.venezia.pl/	blocked	403
vostok europe	http://www.vostok-europe.com/	alive	200
tiferet aromatherapy	http://www.tiferetonline.com/	net-error	ENOTFOUND
una pluma	https://unapluma.com/	alive	200
spiritualshirt	https://www.spiritualshirt.com/	net-error	ECONNRESET
the hour glass limited	http://www.thehourglass.com/	alive	200
theory	https://www.theory.com/	net-error	ENOTFOUND
top charoen	https://www.topcharoen.co.th/	net-error	UNABLE_TO_VERIFY_LEAF_SIGNATURE
yoé & co. inc	https://yoeandco.com/	alive	200
victorvictoria	https://victorvictoria.com/	alive	200
verdura	http://www.verdura.com/	net-error	ENOTFOUND
valet studio	https://www.valetstudio.com/	http-dead	402
valmano	https://www.valmano.de/	net-error	ENOTFOUND
william k. park	https://www.williamkpark.com/	net-error	ENOTFOUND
synoptik	https://www.synoptik.dk/	alive	200
waxon	https://shopwaxon.com/	alive	200
vibram fivefingers	https://vibram.com/	net-error	UNABLE_TO_VERIFY_LEAF_SIGNATURE
violet botanical skincare llc	http://www.violetbody.net/	net-error	ENOTFOUND
zoriana	https://www.zoriana.es/	dns-dead	NXDOMAIN @1.1.1.1+8.8.8.8
smiles for miles	https://www.smilesformiles-oralhealth.com/	net-error	ENOTFOUND
rosemunde	https://www.rosemunde.com/	alive	200
spoolies	https://spoolies.com/	alive	200
vanguard	https://www.vanguard-clothing.com/	net-error	ENOTFOUND
roselin joyeros	https://roselin.es/	net-error	ENOTFOUND
stylein	https://stylein.com/	net-error	ENOTFOUND
ukiyo	https://www.ukiyo-co.com/	net-error	ENOTFOUND
zou xou	https://www.zouxou.com/	net-error	ENOTFOUND
trades of brit	http://tradesofbrit.com/	net-error	ENOTFOUND
usha clothing	http://www.usha.de/	net-error	ENOTFOUND
the dessy group	https://dessy.com/	alive	200
viori	https://viori.com/	net-error	ENOTFOUND
true wipes	https://www.thhcp.com/	net-error	ENOTFOUND
studio clip	https://www.adastria.co.jp/brands/studioclip/	alive	200
wellness matters most	http://wellnessmattersmost.com/	alive	200
théla	https://thela.eco/?oid=217&affid=1&source_id=GoY-rating&sub1=brandpage	alive	200
shoe show	https://www.shoeshow.com/	blocked	403
vinevida	https://www.vinevida.com/	alive	200
saul nash	https://www.saulnash.co.uk/	alive	200
tenson	http://tenson.com/	net-error	ENOTFOUND
wendy buiter	http://wendybuiter.com/	net-error	ENOTFOUND
unless collective	https://unlesscollective.com/	alive	200
velvet & sweet pea's purrfumery	http://purrfumery.com/	net-error	ENOTFOUND
svala	https://svala.co/?oid=130&affid=1&source_id=GoY-rating&sub1=brandpage	net-error	ENOTFOUND
symbology	https://symbologyclothing.com/	alive	200
styland	https://www.stylandstore.com/	alive	200
teva	https://www.teva-eu.com/	blocked	403
vered organic botanicals	http://www.veredbotanicals.com/	net-error	ENOTFOUND
walmart	https://www.walmart.com/	net-error	ENOTFOUND
velveteen	https://velveteenclothing.com/	net-error	ENOTFOUND
swedish stockings	https://swedishstockings.com/	alive	200
yourturn	https://www.your-turn.com/en	net-error	ENOTFOUND
zatik naturals	http://www.zatiknatural.com/	net-error	ENOTFOUND
sun68	https://www.sun68.com/	net-error	ENOTFOUND
yves rocher	https://www.yves-rocher.be/	alive	200
tommy john	https://tommyjohn.com/	net-error	ENOTFOUND
onetrail	https://onetrailgear.com/	dns-dead	NXDOMAIN @1.1.1.1+8.8.8.8
tove	https://tove-studio.com/	net-error	ENOTFOUND
tumble 'n dry	https://tumblendry.com/	alive	200
vitkac	https://www.vitkac.com/pl	net-error	ENOTFOUND
the leather expert shop	https://theleatherexpertshop.com/	dns-dead	NXDOMAIN @1.1.1.1+8.8.8.8
vizio makeup academy	https://makeuponlineschool.com/	alive	200
salewa	https://www.salewa.com/	net-error	ENOTFOUND
zettia	https://zettia.es/	net-error	ENOTFOUND
zoe karssen	https://zoekarssen.com/	dns-flaky	timeout/servfail on both
tom tailor	https://www.tom-tailor.de/	alive	200
weekend max mara	https://www.weekendmaxmara.com/	net-error	ENOTFOUND
tribe australia	https://www.tribeaustralia.com.au/	alive	200
swildens	https://www.swildens.fr/	net-error	ENOTFOUND
taeve africa	https://www.taeveafrica.com/	dns-dead	NXDOMAIN @1.1.1.1+8.8.8.8
the english hatter	https://www.english-hatter.nl/	net-error	ENOTFOUND
wrstbhvr	https://www.worst-behavior.com/	net-error	ENOTFOUND
torpedo7	https://www.torpedo7.co.nz/	alive	200
zjoos	https://zjoos.dk/	alive	200
yese studio	https://yesestudio.com/	net-error	ENOTFOUND
symbiome	http://www.symbiome.com/	alive	200
untouched world	https://www.untouchedworld.com/en-eu?oid=334&affid=1&source_id=GoY-rating&sub1=	net-error	ENOTFOUND
solstice sunglasses	https://solsticesunglasses.com/	net-error	ENOTFOUND
work world	https://www.workworld.com/	alive	200
trophy clothing	https://www.trophy-clothing.com/	net-error	ENOTFOUND
valley apparel l.l.c.	http://valleyapparel.net/	net-error	ENOTFOUND
winning nails	https://aiibeauty.com/	alive	200
vyom london	https://vyom.london/	dns-dead	NXDOMAIN @1.1.1.1+8.8.8.8
zeigskin	http://www.zeigskin.com/	alive	200
yanuk	https://www.yanuk.jp/?gad_source=1%3Futm_source%3DGoodOnYou+App	alive	200
thirtytwo	http://thirtytwo.com/	alive	200
urbancoolab	https://urbancoolab.com/	net-error	ENOTFOUND
y/project	https://www.yproject.fr/	net-error	ENOTFOUND
zizo	https://www.zi-zo.com/	tls-error	CERT_HAS_EXPIRED
viyella	https://www.viyella-online.co.uk/	net-error	ENOTFOUND
veshh-eon	https://veshheon.in/	net-error	ENOTFOUND
we	https://www.wefashion.com/	alive	200
true heart products	https://www.thhcp.com/	net-error	ENOTFOUND
warrior shanghai	https://warrior-shanghai.com/	net-error	ENOTFOUND
shu	https://shuclothes.com/	net-error	ENOTFOUND
yuliawave	https://yuliawave.com/	alive	200
shola branson	https://sholabranson.com/	net-error	ENOTFOUND
sona cosmetics	https://sonacosmetics.ca/	alive	200
veldskoen	https://www.veldskoenshoes.com/	net-error	ENOTFOUND
supermom	https://www.noppies.com/nl-nl/supermom/	alive	200
uma raquel davidowicz	https://www.umaraqueldavidowicz.com/	blocked	403
voile blanche	https://www.voileblanche.com/	blocked	403
walls	http://www.walls.com/	net-error	ENOTFOUND
the dust	https://www.the-dust.com/	alive	200
swatch	https://www.swatch.com/	alive	200
zuri	https://www.shopzuri.com/	alive	200
upcyclelino	https://upcyclelino.com/	net-error	ENOTFOUND
ten little	https://tenlittle.com/	net-error	ENOTFOUND
we are knitters	https://www.weareknitters.com/	net-error	ENOTFOUND
triola	https://triola.cz/	alive	200
smaak amsterdam	https://www.smaakamsterdam.nl/	alive	200
wsly	https://www.bandier.com/collections/wsly	net-error	ENOTFOUND
wholesome culture	https://www.wholesomeculture.com/	net-error	ENOTFOUND
suza	https://fashion-suza.com/	dns-dead	NXDOMAIN @1.1.1.1+8.8.8.8
the amateur weather observers	https://www.amateurweatherobservers.com/	net-error	ENOTFOUND
zwillingsherz	https://zwillingsherz.com/	alive	200
zapshop	https://zapshop.es/	alive	200
tumi	https://www.tumi.com/	net-error	ENOTFOUND
units	http://www.beautylish.com/b/units	alive	200
sanrio	https://www.sanrio.com/	net-error	ENOTFOUND
we are we wear	http://wearewewear.com/	net-error	ENOTFOUND
why red	https://whyred.com/	net-error	ENOTFOUND
stevie may	https://www.steviemay.com.au/	net-error	ENOTFOUND
the range	https://www.therangenyc.com/	alive	200
this is unfolded	https://thisisunfolded.com/	alive	200
true botanicals	http://truebotanicals.com/	net-error	ENOTFOUND
wildflo studio	https://www.wildflostudio.com/?oid=251&affid=1&source_id=GoY-rating&sub1=brandpage	net-error	ENOTFOUND
waldläufer	https://xn--waldlufer-z2a.de/	net-error	ENOTFOUND
vollebak	https://www.vollebak.com/	net-error	ENOTFOUND
torannce	https://www.torannce.com/	alive	200
trespass	https://www.trespass.com/	net-error	ENOTFOUND
yitty	https://yitty.fabletics.com/	net-error	ENOTFOUND
warriors of the divine	https://warriorsdivine.com/	net-error	ENOTFOUND
zeus sport	https://www.zeusport.it/	alive	200
untitled collective	https://untitledcollective.net/	net-error	ENOTFOUND
turtledove london	https://www.turtledovelondon.com/	dns-dead	NXDOMAIN @1.1.1.1+8.8.8.8
zema	https://www.zema.com/	alive	200
tatinbags	https://www.tatinbags.com/shop/en/	net-error	ENOTFOUND
think big little people	https://www.thinkbiglittlepeople.com/	dns-dead	NXDOMAIN @1.1.1.1+8.8.8.8
universal overall	https://universaloverall.jp/	alive	200
tukuy	https://tukuybrand.com/	alive	200
sbe beauty	https://skinbyella.com/	net-error	ENOTFOUND
the upside	https://www.theupside.com/	net-error	ENOTFOUND
sungold botanicals	https://www.sgborganics.com/	net-error	ENOTFOUND
unseen footwear	https://www.unseenfootwear.com/	alive	200
true beauty lashes  inc.	https://inspiretruebeauty.com/	net-error	ENOTFOUND
zaylore studio	https://www.zaylorestudio.in/	alive	200
wuf kids	https://www.wufkids.com/	net-error	ENOTFOUND
valentino by mario valentino	https://www.mariovalentino.it/	alive	200
xtian de medici	https://www.xtianmedici.com/	net-error	ENOTFOUND
tikau	https://tikau.com/	net-error	ENOTFOUND
swarovski	https://www.swarovski.com/	alive	200
trust fund beauty	http://www.trustfundbeauty.com/	net-error	ENOTFOUND
velocio	https://velocio.cc/	net-error	ENOTFOUND
vegan luxe esthetics skincare	http://veganluxebrands.com/	alive	200
snurk	https://www.snurkamsterdam.com/	net-error	ENOTFOUND
wal g.	https://www.walg.co.uk/	alive	200
skatie	https://www.skatie.es/	alive	200
unbelts	https://unbelts.com/?oid=312&affid=1&source_id=GoY-rating&sub1=brandpage	alive	200
yuvita linens	https://yuvitalinens.com/	dns-dead	NXDOMAIN @1.1.1.1+8.8.8.8
vanessa wu	https://www.vanessawu.fr/	alive	200
vans	https://www.vans.com/	alive	200
xlarge	https://xlarge.jp/	alive	200
rýdl	https://www.prsteny.cz/	alive	200
u-mask	https://u-maskstore.eu/	net-error	ENOTFOUND
vicomte a.	https://www.vicomte-a.com/	net-error	ENOTFOUND
the inoue brothers...	https://www.theinouebrothers.net/	net-error	ENOTFOUND
yanawara	https://www.yanawara.com/	alive	200
roler	https://roler.com.au/	net-error	ENOTFOUND
roccoban berlin	https://roccoban.com/	dns-dead	NXDOMAIN @1.1.1.1+8.8.8.8
velvet heartbeat	https://velvetheartbeat.com/	net-error	ENOTFOUND
volcano	https://volcano.pl/	alive	200
yanbal	http://www.yanbal.com/	alive	200
the women's locker	https://www.thewomenslocker.com/	http-dead	402
yueyaer	http://www.yueyaer.com.cn/	dns-flaky	timeout/servfail on both
synsam	https://www.synsam.se/	net-error	ENOTFOUND
wildling	https://www.wildling.shoes/	alive	200
tog24	https://www.tog24.com/	net-error	ENOTFOUND
viguera	https://www.alpargatasviguera.com/	net-error	ENOTFOUND
sylvia toledano	https://www.sylviatoledano.com/	net-error	ENOTFOUND
vietopia	https://vietopiathebrand.com/	alive	200
torrain	https://torrain.org/?oid=257&affid=1&source_id=GoY-rating&sub1=brandpage	net-error	ENOTFOUND
woven wildly	https://wovenwildly.com/en/home/	alive	200
sally b's skin yummies	http://www.sallybskinyummies.com/	net-error	ENOTFOUND
sierra trading post	https://www.sierra.com/	alive	200
suave	https://www.suaveshoes.com/	http-dead	404
yuzefi	https://yuzefi.com/	alive	200
wallace cotton	https://www.wallacecotton.com/	alive	200
switcher	http://www.switcher.ch/	net-error	ENOTFOUND
verbenas	https://www.verbenas.com/	net-error	ENOTFOUND
suitsuit	https://www.suitsuit.com/	alive	200
unisa	https://www.unisa-europa.com/	alive	200
vfiles	https://www.vfiles.com/	net-error	ENOTFOUND
shoeby	https://www.shoeby.nl/	alive	200
tu lizé	https://tulize.it/en/	alive	200
the hundreds	https://thehundreds.com/	net-error	ENOTFOUND
yoek	https://www.yoek.com/	net-error	ENOTFOUND
sundew sewing co	https://sundewsewing.com/	net-error	ENOTFOUND
winners	https://www.winners.ca/	alive	200
tsau	https://tsaustore.com/	dns-dead	NXDOMAIN @1.1.1.1+8.8.8.8
stulpenkult	https://www.stulpenkult.de/	net-error	ECONNRESET
sift	http://www.withsift.com/	net-error	ENOTFOUND
threadoire	https://threadoire.com/	dns-dead	NXDOMAIN @1.1.1.1+8.8.8.8
wittchen	https://www.wittchen.com/	alive	200
strauss	https://www.strauss.com/cz/cs	net-error	ENOTFOUND
walk london	https://eu.walklondonshoes.com/	tls-error	ERR_SSL_SSL/TLS_ALERT_HANDSHAKE_FAILURE
tutti rouge	https://www.tuttirouge.com/	net-error	ENOTFOUND
whitney linen	https://whitneylinen.com/	net-error	ENOTFOUND
urban outfitters	https://www.urbanoutfitters.com/	net-error	ENOTFOUND
sellenes	https://sellenes.com/	alive	200
zattura	https://zattura.com/	net-error	ENOTFOUND
ulysse nardin	http://www.ulysse-nardin.ch/	net-error	ENOTFOUND
untold stories	https://www.untoldstories.no/	alive	200
topaz boutique swim	http://www.topazluxe.com/	net-error	ENOTFOUND
to112	http://www.to112.com/	net-error	ENOTFOUND
yru	https://yrushoes.com/	alive	200
wild clouds	https://wildclouds.com/?oid=359&affid=1&source_id=GoY-rating&sub1=brandpage	net-error	ENOTFOUND
yvette libby n'guyen	https://yvettelibby.com/	net-error	ENOTFOUND
sylvie eder	https://www.girlsbestfriends.de/	net-error	UND_ERR_CONNECT_TIMEOUT
thtc	https://thtc.com/?oid=348&affid=1&source_id=GoY-rating&sub1=brandpage	net-error	ENOTFOUND
x-bionic	https://www.x-bionic.com/	net-error	ENOTFOUND
the new originals	https://www.theneworiginals.eu/	net-error	ENOTFOUND
spangeltangel	https://www.spangeltangelshop.de/de/	http-dead	404
skurk kids	https://www.skurk.nl/	dns-dead	NXDOMAIN @1.1.1.1+8.8.8.8
supa naturals	https://supanaturals.com/	alive	200
studio ebn	https://studioebn.com/	alive	200
sheglam	https://www.sheglam.com/	net-error	ENOTFOUND
vrai	https://www.vrai.com/	alive	200
youngblood mineral cosmetics	http://ybskin.com/	net-error	ENOTFOUND
vilet	https://www.viletfashion.com/	net-error	ENOTFOUND
wewood	https://www.we-wood.com/	server-error	526
us blanks	https://usblanks.net/	net-error	ENOTFOUND
wild things  japan	https://www.wildthings.jp/	net-error	ENOTFOUND
woolrich	https://www.woolrich.com/	alive	200
volanlı	https://volanli.com/	net-error	ENOTFOUND
youkeshu	https://www.yesstyle.com/en/youkeshu/list.html/bpt.299_bid.327728	http-dead	404
the pro shop	https://www.theproshop.co.za/	net-error	ENOTFOUND
wolf brothers	https://wolfbrothers.men/	net-error	ENOTFOUND
tulita	https://www.tulita.co/en-us	alive	200
rut & circle	https://www.rutandcircle.com/	net-error	ENOTFOUND
uncle sam	https://www.unclesamshop.com/de/	tls-error	ERR_SSL_TLSV1_ALERT_INTERNAL_ERROR
tam fashion	https://www.tam-fashion.com/	alive	200
u/ti	http://www.u-ti.com/	http-dead	404
sullen clothing	https://sullenclothing.com/	alive	200
supernatural	https://supernatural.com/	http-dead	423
sol sana	https://www.sol-sana.com/	net-error	ENOTFOUND
waterfall glen soap company	http://www.waterfallglensoap.com/	net-error	ENOTFOUND
shadetwin.app	https://shadetwin.app/	blocked	429
sportler	https://www.sportler.com/	alive	200
zag bijoux	https://corry-van-gruijthuijsen.nl/	tls-error	DEPTH_ZERO_SELF_SIGNED_CERT
tenshoppe	https://tenshoppe.com/	alive	200
uvr berlin	https://www.uvr-connected.de/	net-error	ENOTFOUND
zoff	https://www.zoff.co.jp/	net-error	ENOTFOUND
the east order	https://www.theeastorder.com.au/	dns-flaky	timeout/servfail on both
we are hah	https://www.wearehah.com/	http-dead	402
yoro naturals	https://yoronaturals.com/	net-error	ENOTFOUND
visvim	https://visvim.tv/	net-error	ENOTFOUND
under the canopy	https://underthecanopy.com/	net-error	ENOTFOUND
zeybra	http://zeybra.com/	net-error	ENOTFOUND
trendsplant	https://trendsplant.com/	net-error	ENOTFOUND
wild veil	https://wildveilperfume.com/	alive	200
xq	https://xq-footwear.nl/	net-error	ENOTFOUND
well people	http://www.wellpeople.com/	net-error	ENOTFOUND
v perfumes	https://www.vperfumes.com/	alive	200
veronica gautschi	https://www.veronicagautschi.com/	tls-error	ERR_TLS_CERT_ALTNAME_INVALID
the attico	https://www.theattico.com/	net-error	ENOTFOUND
zone 365	https://www.amazon.com/stores/ZONE-365/page/2E5D810F-FBBD-458E-AE96-9C48A1497535?ref_=ast_bln&store_ref=bl_ast_dp_brandLogo_sto	net-error	ENOTFOUND
yours	https://drhc-cosmetics.com/	alive	200
velvet by graham&spencer	https://www.velvet-tees.com/	net-error	ENOTFOUND
simple happy	http://simplehappyskin.com/	alive	200
woody's	http://woodysgrooming.com/	net-error	ENOTFOUND
wólczanka	https://wolczanka.pl/	net-error	ENOTFOUND
von ruz	https://www.vonruz.com/	net-error	ENOTFOUND
serpent and the swan	https://serpentandtheswan.com/	net-error	ENOTFOUND
zadig & voltaire	https://zadigetvoltaire.com/	net-error	ENOTFOUND
uninfluenced	https://www.uninfluenced.shop/	net-error	ENOTFOUND
tredy	https://www.tredy-fashion.de/	alive	200
ur&penn	https://uropenn.se/	alive	200
tricoci collection	https://www.tricoci.com/	alive	200
tremblepierre	https://www.tremblepierre.com/	net-error	ECONNREFUSED
wendy malinovsky	https://en.wendymalinovsky.com/	net-error	ENOTFOUND
xios	http://www.xiosamerica.com/	dns-dead	NXDOMAIN @1.1.1.1+8.8.8.8
wormland	https://www.wormland.de/	dns-dead	NXDOMAIN @1.1.1.1+8.8.8.8
yawoni	https://www.yawoni.com/	net-error	ENOTFOUND
threesixfive	https://www.three-six-five.co.uk/	alive	200
wrdmrk	https://wrdmrk.com/	net-error	ENOTFOUND
zadig&voltaire	https://www.zadig-et-voltaire.com/	net-error	ENOTFOUND
ub2	https://urbanbabybonnets.com/	alive	200
vexed generation	http://vexed.co.uk/	net-error	ENOTFOUND
world duty free	https://worlddutyfree.com/	net-error	ENOTFOUND
upim	https://www.upim.com/	net-error	ENOTFOUND
огgапiсаliьrа	http://www.somelove.com/	dns-dead	NXDOMAIN @1.1.1.1+8.8.8.8
vaude	https://www.vaude.com/	net-error	ENOTFOUND
twins & trackstyle	https://www.twins-trackstyle.nl/	tls-error	ERR_TLS_CERT_ALTNAME_INVALID
o.c.t. mami	http://www.octmami.com/	net-error	UND_ERR_CONNECT_TIMEOUT
younman	https://www.youngman.com.tw/	net-error	ENOTFOUND
victus sports	https://victussports.com/	net-error	ENOTFOUND
xirü	http://www.xiruskincare.com/	net-error	ENOTFOUND
yves renard	https://yvesrenard.be/	alive	200
venroy	https://www.venroy.com.au/	net-error	ENOTFOUND
ydence	https://ydence.com/	net-error	ENOTFOUND
vineyard vines	https://www.vineyardvines.com/	alive	200
the british bag company	https://www.thebritishbagcompany.com/	alive	200
yöli & otis	https://www.yoliandotis.com/	alive	200
wolven	https://wolventhreads.com/	net-error	ENOTFOUND
sunglass hut	https://www.sunglasshut.com/	net-error	ENOTFOUND
seamingly possible	https://seaminglypossible.co.uk/	alive	200
ziener	https://ziener.com/en/	net-error	ENOTFOUND
ucon acrobatics	https://ucon-acrobatics.com/	net-error	ENOTFOUND
realher	https://www.realher.com/	net-error	ENOTFOUND
viu eyewear	https://shopviu.com/	net-error	ENOTFOUND
tendam	http://www.tendam.es/	alive	200
triangle fragrance	http://trianglefragrance.com/	alive	200
we are kindred	https://wearekindred.com.au/	net-error	ENOTFOUND
京和晒綿紗 / kyowazarashi mensha	https://www.daitoushingu.com/kyowazarashi/	alive	200
virginskin	https://virginskinbeauty.com/	net-error	ENOTFOUND
terre de cuir	https://www.terre-de-cuir.com/	net-error	ENOTFOUND
van gils	https://www.vangils.eu/	tls-error	ERR_SSL_SSL/TLS_ALERT_HANDSHAKE_FAILURE
the moonrise project	https://www.diamondbrandgear.com/the-moonrise-project/	net-error	ENOTFOUND
sessions	http://www.sessions.com/	net-error	ENOTFOUND
wolvis	https://www.wolvis.be/shop/p/olive-beanie	net-error	ENOTFOUND
sylth virago	https://www.sylthvirago.com/	alive	200
whispering willow	http://whisperingwillow.com/	net-error	ENOTFOUND
wonder jeans	https://wonderjeans.nl/	net-error	ENOTFOUND
u.mi-1	https://www.umi1.co.uk/	alive	200
variety hour	https://varietyhourstudio.com/	alive	200
sparkz copenhagen	https://www.sparkz.dk/	net-error	UND_ERR_CONNECT_TIMEOUT
the simple folk	https://thesimplefolk.co/	net-error	ENOTFOUND
tiba + marl	https://www.tibaandmarl.com/	alive	200
wajd fragrances	https://wajdfragrances.com/	alive	200
the vampires wife	https://thevampireswife.com/	net-error	ENOTFOUND
vidorreta	https://www.calzadosvidorreta.com/	net-error	UND_ERR_CONNECT_TIMEOUT
truworths	https://www.truworths.co.za/	net-error	ENOTFOUND
workman	https://www.workman.jp/	dns-dead	NXDOMAIN @1.1.1.1+8.8.8.8
yishion kids	https://yishion.sg/	net-error	ENOTFOUND
vsp	https://vspparis.com/	net-error	ENOTFOUND
shea natural	https://back2africa.com/collections/all-shea-natural	net-error	ENOTFOUND
vfl bochum fanshop	https://www.merchandising-onlineshop.com/vflbochum1848/	net-error	ENOTFOUND
vostok watches	https://vostokinc.com/	net-error	ENOTFOUND
titicaca	https://www.titicaca-online.jp/	alive	200
zoë	https://zoeforthegirlies.com/	alive	200
thokkthokk	https://www.thokkthokkmarket.com/en/	net-error	ENOTFOUND
valliani jewelers	https://www.vallianijewelers.com/	net-error	ENOTFOUND
spot fade	http://www.bodyfirm.com/	net-error	ENOTFOUND
van harper	https://vanharper.com/	net-error	ENOTFOUND
winter hill jewelry	https://www.winterhill3d.com/	net-error	ENOTFOUND
tomshot	https://www.tomshot.com/	net-error	ENOTFOUND
visionworks of america	https://www.visionworks.com/	blocked	403
the edinburgh woollen mill	https://www.ewm.co.uk/	net-error	ENOTFOUND
vieri	https://vieri.com/	net-error	ENOTFOUND
yamamay	https://www.yamamay.com/	net-error	ENOTFOUND
werq	https://www.wearwerq.com/	tls-error	ERR_SSL_SSL/TLS_ALERT_HANDSHAKE_FAILURE
taproot threads	https://www.taprootthreads.com/	net-error	ENOTFOUND
urban classics	https://urbanclassics.com.au/	alive	200
yarra trail	https://www.yarratrail.com.au/	alive	200
wiesmade	https://wiesmade.com/	alive	200
vivicho	https://vivicho.com/	alive	200
romain gauthier	http://www.montres-rg.com/	alive	200
v.gan	https://vgan-life.com/	net-error	ENOTFOUND
tiforganics	http://www.tiforganics.com/	net-error	ENOTFOUND
vaincourt paris	https://www.vaincourt.com/	alive	200
seasalt cornwall	https://www.seasaltcornwall.co.uk/	net-error	ENOTFOUND
uncl	https://www.shopuncl.com/	net-error	ENOTFOUND
urban decay	https://urbandecay.com/	blocked	403
topman	https://www.topman.com/	alive	200
yume	https://yumelabel.com/	net-error	ENOTFOUND
zoso	https://www.fashion-allover.nl/	alive	200
skin2.0	https://klarandco.com/	alive	200
uskees	https://uskees.com/	net-error	ENOTFOUND
tween brands	https://www.shopjustice.com/	net-error	ENOTFOUND
kalina	http://www.kalina.org/	net-error	UND_ERR_CONNECT_TIMEOUT
zimba	https://shopzimba.com/	net-error	ENOTFOUND
waiwai rio	https://waiwairio.com/	net-error	ENOTFOUND
colin's jeans	https://www.colins.ru/	net-error	UND_ERR_CONNECT_TIMEOUT
tracksmith	https://www.tracksmith.com/	net-error	ENOTFOUND
truelle cosmetics	http://www.truellecosmetics.com/	net-error	ENOTFOUND
umòja shoes	https://umoja-shoes.com/	dns-flaky	timeout/servfail on both
virus international	https://eu.virusintl.com/	dns-dead	NXDOMAIN @1.1.1.1+8.8.8.8
flynow	https://flynowofficial.com/main/about.php	net-error	ENOTFOUND
june79	https://june79nyc.com/	net-error	ENOTFOUND
welden bags	https://www.weldenbags.com/	net-error	ENOTFOUND
walbusch	https://www.walbusch.de/	net-error	ENOTFOUND
vessi	https://vessi.com/	net-error	ENOTFOUND
trendyol	https://www.trendyol.com/	net-error	ENOTFOUND
xpluswear	https://www.xpluswear.com/	blocked	403
wardrobe.nyc	https://www.wardrobe.nyc/	net-error	ENOTFOUND
the north face japan	https://www.goldwin.co.jp/tnf/	alive	200
tavrovska	https://tavrovska.com/	alive	200
zen diamond	https://www.zen-diamond.de/	net-error	ENOTFOUND
recman	https://www.recman.pl/	net-error	ENOTFOUND
wellnesse	http://www.wellnesse.com/	alive	200
zoolmates	https://zoolmates.com/	net-error	ENOTFOUND
tru alchemy	http://www.trualchemyskin.com/	net-error	ENOTFOUND
zancan	https://italy.zancangioielli.com/	net-error	ENOTFOUND
wycon cosmetics	https://www.wyconcosmetics.com/	net-error	ENOTFOUND
sage and veda	http://www.sageandveda.com/	dns-dead	NXDOMAIN @1.1.1.1+8.8.8.8
stockholm (surfboard) club	https://stockholmsurfboardclub.com/	alive	200
true decadence	https://www.truedecadence.com/	alive	200
sunsuelle	https://www.sunsuelle.com/	net-error	ENOTFOUND
westward bound	https://www.westwardbound.com/	net-error	ENOTFOUND
derier	https://www.derier.com.cn/	net-error	UND_ERR_CONNECT_TIMEOUT
sneaky fox	http://mpdenmark.espresso4.dk/brands/sneakyfox	net-error	UND_ERR_CONNECT_TIMEOUT
troubadour	https://www.troubadourgoods.com/	net-error	ENOTFOUND
west activewear	https://westactivewear.com/	dns-dead	NXDOMAIN @1.1.1.1+8.8.8.8
weird fish	https://www.weirdfish.co.uk/	alive	200
the eastern loom	https://www.theeasternloom.com/	net-error	ENOTFOUND
surface deep	https://surfacedeep.com/	net-error	ENOTFOUND
winds of change	https://windsofchangeshop.com/	net-error	ENOTFOUND
vihe	http://www.vihe.com.br/	http-dead	409
wellfit	http://wellfitskincare.com/	net-error	ENOTFOUND
vera mont	https://www.veramont.com/	net-error	UND_ERR_CONNECT_TIMEOUT
esseutesse	https://www.esseutesse.it/	net-error	UND_ERR_CONNECT_TIMEOUT
veka	https://allwear.co.za/	alive	200
warrior	http://www.warriorshoes.com/	net-error	ENOTFOUND
the terra tribe	https://www.theterratribe.in/	net-error	ENOTFOUND
wat? apparel	https://www.watapparel.de/	net-error	ENOTFOUND
walkiddy	https://walkiddy.de/	alive	200
wuxly movement	https://wuxly.com/?oid=205&affid=1&source_id=GoY-rating&sub1=brandpage	net-error	ENOTFOUND
warehouse	https://www.warehouse.co.uk/	net-error	ENOTFOUND
wild things	https://www.wildthings.jp/	net-error	ENOTFOUND
touch body works	http://www.evoketouch.com/	net-error	UND_ERR_CONNECT_TIMEOUT
radyan corporation	https://radyan.net/	net-error	ENOTFOUND
valecuatro	https://www.valecuatro.com/en/	alive	200
danaë trans-missie	https://www.trans-missie.nl/	net-error	ENOTFOUND
studio amelia	https://studioamelia.co/	net-error	ENOTFOUND
tiger mist	https://www.tigermist.com/	net-error	ENOTFOUND
unfeigned	https://unfeignedgear.com/	alive	200
the ten spot	https://thetenspot.com/	net-error	ENOTFOUND
van heusen	https://www.vanheusen.com/	net-error	ENOTFOUND
sonavi	https://sonavi.fr/	net-error	ENOTFOUND
vivara	https://www.vivara.com.br/	alive	200
birgitte herskind	https://birgitteherskind.shop/	net-error	UND_ERR_CONNECT_TIMEOUT
freemans	http://www.freemans.com/	net-error	ENOTFOUND
discount universe	https://discountuniverse.com.au/	net-error	ENOTFOUND
tauko	https://www.taukodesign.fi/	net-error	ENOTFOUND
vegamour llc	http://www.vegamour.com/	net-error	ENOTFOUND
stila	http://stilacosmetics.com/	net-error	ENOTFOUND
zhejiang aokang shoes co.  ltd.	https://www.aokang.com/	dns-flaky	timeout/servfail on both
sky organics	https://skyorganics.com/	alive	200
unpaste	http://unpaste.us/	net-error	ENOTFOUND
tradehome shoes	https://tradehome.com/	alive	200
yellowpelota	https://www.yellowpelota.com/	dns-dead	NXDOMAIN @1.1.1.1+8.8.8.8
smitten organic	https://www.smittenorganic.com/	net-error	ENOTFOUND
threadheads	https://threadheads.com/	net-error	ENOTFOUND
youngor group	http://www.youngor.com/	alive	200
therma kōta	https://thermakota.com/	net-error	ENOTFOUND
breco's	https://www.brecos1975.com/	net-error	ENOTFOUND
vovk	https://vovk.com/	net-error	ENOTFOUND
the winsome apothecary	https://www.thewinsomeapothecary.com/	net-error	ENOTFOUND
young elite	https://youngelite.co/	net-error	ENOTFOUND
trvl by zenggi	https://www.trvldrss.com/	alive	200
zalie	https://zalie.com.au/	tls-error	CERT_HAS_EXPIRED
atuko	https://www.atukostudio.com/	net-error	UND_ERR_CONNECT_TIMEOUT
fujisaki	http://www.fujisaki.co.jp/	net-error	ENOTFOUND
valery joseph hair care inc.	http://valeryjoseph.com/	net-error	ENOTFOUND
time road	https://timeroadshop.com/pt-PT	blocked	429
yest	https://www.yest.com/	net-error	ENOTFOUND
articles de paris	https://www.articlesdeparis.com/	net-error	ENOTFOUND
vermont	https://www.vermont.cz/	net-error	ENOTFOUND
wakayama kintetsu department store	http://www.w-kintetsu.co.jp/	dns-dead	NXDOMAIN @1.1.1.1+8.8.8.8
villaro	https://villaro.pl/	blocked	403
zalando	https://www.zalando.de/	alive	200
voltage sport	https://voltagesport.com/	net-error	ENOTFOUND
the warehouse	https://thewarehouse.co.nz/	net-error	ENOTFOUND
wknd apparel	https://wknd-apparel.com/	net-error	ENOTFOUND
xabarwan	https://xabarwan.com/	net-error	ENOTFOUND
absorba	https://www.absorba.com/	net-error	UND_ERR_CONNECT_TIMEOUT
ysabel mora	https://fr.ysabelmora.com/	server-error	500
tiradia	https://tiradia.com/	net-error	ENOTFOUND
yamato international	http://www.yamatointr.co.jp/	net-error	ENOTFOUND
teemill	https://teemill.com/	net-error	ENOTFOUND
solsoller	http://solsoller.com/	net-error	ENOTFOUND
vingino	https://www.vingino.com/en/	alive	200
thecaityperry	https://justjohnsonscreations.com/	dns-dead	NXDOMAIN @1.1.1.1+8.8.8.8
zusa	https://zusa.com/	alive	200
vibe harsløf	https://www.vibeharsloef.dk/	net-error	ENOTFOUND
wibra	https://www.wibra.eu/	net-error	ENOTFOUND
wolf & shepherd	https://wolfandshepherd.com/	net-error	ENOTFOUND
william dunst	http://williamdunst.com/	alive	200
vintalia	https://vintaliabags.com/	dns-dead	NXDOMAIN @1.1.1.1+8.8.8.8
titan tone skincare	https://titantoneskincare.com/	alive	200
wama underwear	https://www.wamaunderwear.com/	net-error	ENOTFOUND
sans beast	https://sansbeast.com/?oid=198&affid=1&source_id=GoY-rating&sub1=brandpage	net-error	ENOTFOUND
zemna	https://www.zemna.eu/	net-error	ENOTFOUND
the sneaker factory	https://www.thesneakerfactory.co.za/	net-error	ENOTFOUND
vince camuto	https://www.vincecamuto.com/	net-error	ENOTFOUND
saint ape	https://shop.saint-ape.com/	net-error	UND_ERR_CONNECT_TIMEOUT
trafic	https://trafic.com/	net-error	ENOTFOUND
tilley	https://www.tilley.com/	net-error	ENOTFOUND
vasky	https://www.vasky.cz/	net-error	ENOTFOUND
yu stepanel	https://www.yu-stepanel.com/	net-error	ENOTFOUND
zebra	https://www.yayzebra.com/	net-error	ENOTFOUND
ziggy zoog	https://ziggyzoog.com/	http-dead	402
vanilia	https://vanilia.com/	net-error	ENOTFOUND
utu	https://www.utu-sun.com/	net-error	ENOTFOUND
winky lux	https://winkylux.com/	alive	200
sprayground	https://sprayground.com/	net-error	ENOTFOUND
wildcraft	http://www.wildcraftcare.com/	net-error	ENOTFOUND
xocoi	https://xocoi.net/	dns-dead	NXDOMAIN @1.1.1.1+8.8.8.8
warren james	https://www.warrenjames.co.uk/	net-error	ENOTFOUND
vg sara x	http://vgsarax.ca/	net-error	ENOTFOUND
up-fuse	https://upfuse.net/?oid=203&affid=&source_id=GoY-rating&sub1=brandpage	alive	200
ulla johnson	https://ullajohnson.com/	alive	200
wearable verbiage	https://www.redbubble.com/people/WearableVerbiag/shop	net-error	ENOTFOUND
wemoto	https://wemotoclothing.com/en/	net-error	ENOTFOUND
pretty frank	http://pretty-frank.com/	timeout	
houtbrox	http://www.houtbrox.nl/	net-error	UND_ERR_CONNECT_TIMEOUT
toread	https://www.toread.com.cn/	net-error	ENOTFOUND
upnature	https://www.amazon.com/stores/UpNature/page/62191A06-D192-4166-BC74-39B30C0DC77E	alive	200
siena d	https://www.siena-d.com/	net-error	UND_ERR_CONNECT_TIMEOUT
unhidden	https://unhiddenclothing.com/	net-error	ENOTFOUND
zuzabartshopoutlet	http://zuzabart.com/	dns-dead	NXDOMAIN @1.1.1.1+8.8.8.8
universal genève	http://www.universal.ch/	alive	200
woodrow	https://woodrowstudio.com/	net-error	ENOTFOUND
marks & spencer	https://marksandspencer.ru/	net-error	ENOTFOUND
daniele	https://www.danielecarlotta.com/	net-error	ENOTFOUND
sarah chofakian	https://www.sarahchofakian.com.br/	net-error	ENOTFOUND
little hedonist	https://www.littlehedonist.nl/	net-error	ENOTFOUND
waidzeit	https://waidzeitdesign.com/	net-error	ENOTFOUND
amendi	https://www.amendi.com/	net-error	UND_ERR_CONNECT_TIMEOUT
3pommes	https://www.3pommes.com/	net-error	ENOTFOUND
yess	https://www.yessbelgium.be/	net-error	ENOTFOUND
betmar	https://www.betmarhats.com/	net-error	ENOTFOUND
seelight paris	https://seelight.paris/	net-error	ENOTFOUND
ultra diamonds	http://www.ultradiamonds.com/	net-error	ENOTFOUND
tvoe	https://tvoe.ru/	alive	200
velvet eyewear	https://velveteyewear.com/	alive	200
krystall-soamas	https://www.krystall-soamas.com/	net-error	ENOTFOUND
sephirah seven candle collective	https://sephirahseven.com/	net-error	ENOTFOUND
zielinski & rozen	https://zielinskiandrozen.com/	net-error	ENOTFOUND
宝島染工 / takarajima senkou	https://takarajimasenkou.com/	alive	200
signature innovation group	https://signatureinnovationgroup.com/	alive	200
umbro	https://www.umbro.com/	alive	200
zapatos vas	https://www.zapatosvas.com/marcas/vas	blocked	403
s threads boutique	https://sthreads.boutique/	net-error	ENOTFOUND
gian marco venturi	https://gmv-gianmarcoventuri.it/	net-error	ENOTFOUND
w.kleinberg	https://www.wkleinberg.com/	net-error	ENOTFOUND
shadetwin	https://shadetwin.app/	blocked	429
vyayama	https://www.vyayama.com/	net-error	ENOTFOUND
xuly bët	https://xulybet.com/	net-error	ENOTFOUND
vitos 1925	https://www.vitos1925.com/	net-error	ENOTFOUND
ara	http://www.shoebuy.com/ara-shoes.htm	net-error	ENOTFOUND
zense sportswear	https://www.zense-sportswear.com/	server-error	500
cbi laboratories	http://www.cbiskincare.com/	net-error	ENOTFOUND
tsuruya department store	http://www.tsuruya-dept.co.jp/	net-error	ENOTFOUND
roscomar	https://roscomar.com/	net-error	ENOTFOUND
zolotyi vik	https://zolotiyvik.ua/	net-error	ENOTFOUND
wolf and zephyr	https://wolfandzephyr.com/	http-dead	404
tinchens	https://www.tinchens.net/	alive	200
actree	http://www.actree.co.jp/en/	net-error	ENOTFOUND
the bare home	http://www.thebarehome.ca/	net-error	ENOTFOUND
woodbird	https://woodbird.eu/	alive	200
w6yz	https://www.w6yz.com/	net-error	ENOTFOUND
warrior / huili	https://www.warriorshoes.com/home/index.aspx	net-error	ENOTFOUND
winter water factory	https://www.winterwaterfactory.com/	alive	200
the good patch	https://thegoodpatch.com/	alive	200
trip1	https://tanmarukyoto.thebase.in/	alive	200
zawadee	https://www.zawadee.com/	http-dead	402
zuska art	https://www.zuskaart.com/	dns-dead	NXDOMAIN @1.1.1.1+8.8.8.8
vulé skin	https://vuleskin.com/	net-error	ENOTFOUND
the mr.crossbow co.	https://mrcrossbow.com/	net-error	ENOTFOUND
think	https://gothink.com/	alive	200
unmade	https://www.unmade.dk/	dns-dead	NXDOMAIN @1.1.1.1+8.8.8.8
william tell leather co	https://www.williamtellleather.com/	tls-error	ERR_SSL_SSL/TLS_ALERT_HANDSHAKE_FAILURE
ten cate	https://ltencate.com/nl/	net-error	ENOTFOUND
tessa koops	https://www.tessakoops.com/	net-error	ENOTFOUND
weill	https://www.weill.com/	alive	200
ziggy denim	https://www.ziggydenim.com/	alive	200
stacy adams	http://www.stacyadams.com/shop/index.html	net-error	ENOTFOUND
metissier	https://www.metissier.com/	net-error	ENOTFOUND
thursday boot company	https://thursdayboots.com/	net-error	ENOTFOUND
wild roman inc.	http://wildroman.com/	net-error	ENOTFOUND
paperthinks	https://paperthinks.us/	net-error	UND_ERR_CONNECT_TIMEOUT
sergio valente	http://www.svjeans.com/	net-error	UND_ERR_CONNECT_TIMEOUT
weat	https://www.weeatavocadotoast.com/	net-error	ENOTFOUND
joshua tree mug company	https://joshuatreemugco.com/	timeout	
blueberry jam store	https://www.blueberryjam.de/	net-error	ENOTFOUND
yves enzo	https://www.yvesenzo.fr/	net-error	ENOTFOUND
trueprodigy	https://trueprodigy.de/	alive	200
rrrrrrrrr	https://merci-saga.com/	net-error	UND_ERR_CONNECT_TIMEOUT
zeha berlin	https://www.zeha-berlin.de/	net-error	ENOTFOUND
zinzi	https://www.zinzi.com/	net-error	ENOTFOUND
ferruccio vecchi	https://ferrucciovecchi.com/	net-error	ENOTFOUND
uniform destination	https://www.uniformdestination.com/	net-error	ENOTFOUND
bogner	https://en.bogner.com/	net-error	UND_ERR_CONNECT_TIMEOUT
zerocentcinq	https://0-105.com/en/	net-error	ENOTFOUND
ascena retail group	https://www.ascenaretail.com/	net-error	ENOTFOUND
zumo	https://www.zumo-international.com/	net-error	ENOTFOUND
wolfskin tech lab	https://www.jack-wolfskin.de/	net-error	ENOTFOUND
starbars	https://www.starbars.com/	alive	200
vekem	https://www.vekem.com/gomlek	tls-error	ERR_TLS_CERT_ALTNAME_INVALID
zillertaler trachtenwelt	https://trachtenwelt.com/	net-error	ENOTFOUND
stefford	https://steffordonline.com/	net-error	ENOTFOUND
sarah's bag	https://sarahsbag.com/	alive	200
tramontana	https://www.tramontana.eu/	alive	200
true touch collections llc	https://mytruetouch.net/	net-error	ENOTFOUND
uncle harry's natural products	https://www.uncleharrys.com/	alive	200
wonderblush	http://www.wonderblush.com/	alive	200
watch depot	https://www.watchdepot.com.au/	net-error	ENOTFOUND
unichel	https://unichel.ru/	alive	200
sixth june	https://www.sixthjune.com/	alive	200
zerra & co.	http://www.zerraco.com/	net-error	ENOTFOUND
worth & worth	https://hatshop.com/	alive	200
xpooos	https://www.xpooos.com/	net-error	ENOTFOUND
werner christ	https://www.wernerchrist.com/	net-error	ENOTFOUND
tian	https://www.tian-watches.com/	alive	200
wasted atelier	https://wastedatelier.be/	server-error	526
suburbia	http://www.suburbia.com.mx/	net-error	redirect count exceeded
3i	https://3i-store.com/	net-error	UND_ERR_CONNECT_TIMEOUT
with sense	https://merci-saga.com/c/all_brand/WITHSENSE	net-error	UND_ERR_CONNECT_TIMEOUT
edition	https://www.edition.com/edition/zh	net-error	UND_ERR_CONNECT_TIMEOUT
seafolly	https://www.seafolly.com.au/	net-error	ENOTFOUND
ara ag	https://www.about.ara-shoes.de/	net-error	UND_ERR_CONNECT_TIMEOUT
